Tiempo (min),I pulso (mA),I bias (mA),Vinst 1 (V),Rinst 1 (Ohm),Rrem 1 (Ohm),Vbias 1 (V),Vinst 2 (V),Rinst 2 (Ohm),Rrem 2 (Ohm),Vbias 2 (V),Ancho pulso (s),Periodo (s),Vcc (V),Vrange,NPLC,Ch2?,N bias
0.0284,1e-05,1e-05,0.0153208,1532080.0,1554080.0,0.0155408,nan,nan,nan,nan,0.1,1.0,20.0,10 V,1.0,False,1
0.0709,-4e-05,1e-05,-0.0582148,1455370.0,1378110.0,0.0137811,nan,nan,nan,nan,0.1,1.0,20.0,10 V,1.0,False,1
0.1134,-9e-05,1e-05,-0.1246787,1385318.8888888888,1516690.0,0.0151669,nan,nan,nan,nan,0.1,1.0,20.0,10 V,1.0,False,1
0.1560,-0.00014000000000000001,1e-05,-0.1776912,1269222.857142857,1516690.0,0.0151669,nan,nan,nan,nan,0.1,1.0,20.0,10 V,1.0,False,1
0.1984,-0.00019,1e-05,-0.2352024,1237907.3684210526,1507890.0,0.0150789,nan,nan,nan,nan,0.1,1.0,20.0,10 V,1.0,False,1
0.2410,-0.00024,1e-05,-0.287225,1196770.8333333333,1633269.9999999998,0.0163327,nan,nan,nan,nan,0.1,1.0,20.0,10 V,1.0,False,1
0.2834,-0.00029,1e-05,-0.3296681,1136786.551724138,1490290.0,0.0149029,nan,nan,nan,nan,0.1,1.0,20.0,10 V,1.0,False,1
0.3259,-0.0003,1e-05,-0.3365531,1121843.6666666667,1591480.0,0.0159148,nan,nan,nan,nan,0.1,1.0,20.0,10 V,1.0,False,1
0.3685,-0.00024999999999999995,1e-05,-0.2871701,1148680.4000000001,1351710.0,0.0135171,nan,nan,nan,nan,0.1,1.0,20.0,10 V,1.0,False,1
0.4109,-0.00019999999999999996,1e-05,-0.2433302,1216651.0000000002,1517790.0,0.0151779,nan,nan,nan,nan,0.1,1.0,20.0,10 V,1.0,False,1
0.4534,-0.00014999999999999996,1e-05,-0.1893276,1262184.0000000005,1519990.0,0.0151999,nan,nan,nan,nan,0.1,1.0,20.0,10 V,1.0,False,1
0.4958,-9.999999999999996e-05,1e-05,-0.1401095,1401095.0000000005,1548580.0,0.0154858,nan,nan,nan,nan,0.1,1.0,20.0,10 V,1.0,False,1
0.5382,-4.999999999999996e-05,1e-05,-0.0732937,1465874.0000000012,1473790.0,0.0147379,nan,nan,nan,nan,0.1,1.0,20.0,10 V,1.0,False,1
0.5805,1e-05,1e-05,0.0151999,1519990.0,1609070.0,0.0160907,nan,nan,nan,nan,0.1,1.0,20.0,10 V,1.0,False,1
0.6230,6e-05,1e-05,0.0861509,1435848.3333333333,1615670.0,0.0161567,nan,nan,nan,nan,0.1,1.0,20.0,10 V,1.0,False,1
0.6654,0.00011,1e-05,0.1374917,1249924.5454545454,1569479.9999999998,0.0156948,nan,nan,nan,nan,0.1,1.0,20.0,10 V,1.0,False,1
0.7078,0.00016,1e-05,0.1917581,1198488.125,1546380.0,0.0154638,nan,nan,nan,nan,0.1,1.0,20.0,10 V,1.0,False,1
0.7503,0.00021,1e-05,0.2279212,1085339.0476190476,1642070.0,0.0164207,nan,nan,nan,nan,0.1,1.0,20.0,10 V,1.0,False,1
0.7928,0.00026000000000000003,1e-05,0.2459366,945909.9999999999,1364910.0,0.0136491,nan,nan,nan,nan,0.1,1.0,20.0,10 V,1.0,False,1
0.8352,0.0003,1e-05,0.278723,929076.6666666667,1448500.0,0.014485,nan,nan,nan,nan,0.1,1.0,20.0,10 V,1.0,False,1
0.8776,0.00024999999999999995,1e-05,0.2450348,980139.2000000002,1488090.0,0.0148809,nan,nan,nan,nan,0.1,1.0,20.0,10 V,1.0,False,1
0.9200,0.00019999999999999996,1e-05,0.2140411,1070205.5000000002,1546380.0,0.0154638,nan,nan,nan,nan,0.1,1.0,20.0,10 V,1.0,False,1
0.9624,0.00014999999999999996,1e-05,0.1731047,1154031.3333333335,1456200.0,0.014562,nan,nan,nan,nan,0.1,1.0,20.0,10 V,1.0,False,1
1.0048,9.999999999999996e-05,1e-05,0.1265042,1265042.0000000005,1353910.0,0.0135391,nan,nan,nan,nan,0.1,1.0,20.0,10 V,1.0,False,1
1.0472,4.999999999999996e-05,1e-05,0.0729088,1458176.000000001,818290.0,0.0081829,nan,nan,nan,nan,0.1,1.0,20.0,10 V,1.0,False,1
1.0896,-1e-05,1e-05,-0.0127252,1272520.0,1538680.0,0.0153868,nan,nan,nan,nan,0.1,1.0,20.0,10 V,1.0,False,1
1.1321,-6e-05,1e-05,-0.092838,1547299.9999999998,1456200.0,0.014562,nan,nan,nan,nan,0.1,1.0,20.0,10 V,1.0,False,1
1.1746,-0.00011,1e-05,-0.1676167,1523788.1818181819,1491390.0,0.0149139,nan,nan,nan,nan,0.1,1.0,20.0,10 V,1.0,False,1
1.2171,-0.00016,1e-05,-0.2266016,1416260.0,1481490.0,0.0148149,nan,nan,nan,nan,0.1,1.0,20.0,10 V,1.0,False,1
1.2596,-0.00021,1e-05,-0.265943,1266395.238095238,1513390.0,0.0151339,nan,nan,nan,nan,0.1,1.0,20.0,10 V,1.0,False,1
1.3020,-0.00026000000000000003,1e-05,-0.3259946,1253825.3846153845,1647570.0,0.0164757,nan,nan,nan,nan,0.1,1.0,20.0,10 V,1.0,False,1
1.3445,-0.0003,1e-05,-0.3487504,1162501.3333333335,1213130.0,0.0121313,nan,nan,nan,nan,0.1,1.0,20.0,10 V,1.0,False,1
1.3869,-0.00024999999999999995,1e-05,-0.2814619,1125847.6000000003,1548580.0,0.0154858,nan,nan,nan,nan,0.1,1.0,20.0,10 V,1.0,False,1
1.4293,-0.00019999999999999996,1e-05,-0.2691326,1345663.0000000002,1519990.0,0.0151999,nan,nan,nan,nan,0.1,1.0,20.0,10 V,1.0,False,1
1.4718,-0.00014999999999999996,1e-05,-0.186336,1242240.0000000002,1512290.0,0.0151229,nan,nan,nan,nan,0.1,1.0,20.0,10 V,1.0,False,1
1.5143,-9.999999999999996e-05,1e-05,-0.1492712,1492712.0000000005,1513390.0,0.0151339,nan,nan,nan,nan,0.1,1.0,20.0,10 V,1.0,False,1
1.5568,-4.999999999999996e-05,1e-05,-0.0807397,1614794.0000000012,1469390.0,0.0146939,nan,nan,nan,nan,0.1,1.0,20.0,10 V,1.0,False,1
1.5992,1e-05,1e-05,0.0148809,1488090.0,1469390.0,0.0146939,nan,nan,nan,nan,0.1,1.0,20.0,10 V,1.0,False,1
1.6416,6e-05,1e-05,0.0821915,1369858.3333333333,1489190.0,0.0148919,nan,nan,nan,nan,0.1,1.0,20.0,10 V,1.0,False,1
1.6840,0.00011,1e-05,0.1361169,1237426.3636363638,1472690.0,0.0147269,nan,nan,nan,nan,0.1,1.0,20.0,10 V,1.0,False,1
1.7265,0.00016,1e-05,0.1818924,1136827.5,1197730.0,0.0119773,nan,nan,nan,nan,0.1,1.0,20.0,10 V,1.0,False,1
1.7690,0.00021,1e-05,0.1974223,940106.1904761904,1149340.0,0.0114934,nan,nan,nan,nan,0.1,1.0,20.0,10 V,1.0,False,1
1.8115,0.00026000000000000003,1e-05,0.2272503,874039.6153846151,1237330.0,0.0123733,nan,nan,nan,nan,0.1,1.0,20.0,10 V,1.0,False,1
1.8539,0.0003,1e-05,0.2923501,974500.3333333334,1482590.0,0.0148259,nan,nan,nan,nan,0.1,1.0,20.0,10 V,1.0,False,1
1.8963,0.00024999999999999995,1e-05,0.2559782,1023912.8000000002,1470490.0,0.0147049,nan,nan,nan,nan,0.1,1.0,20.0,10 V,1.0,False,1
1.9387,0.00019999999999999996,1e-05,0.1952446,976223.0000000001,1230730.0,0.0123073,nan,nan,nan,nan,0.1,1.0,20.0,10 V,1.0,False,1
1.9808,0.00014999999999999996,1e-05,0.1604125,1069416.666666667,1264820.0,0.0126482,nan,nan,nan,nan,0.1,1.0,20.0,10 V,1.0,False,1
2.0233,9.999999999999996e-05,1e-05,0.1133941,1133941.0000000002,1298920.0,0.0129892,nan,nan,nan,nan,0.1,1.0,20.0,10 V,1.0,False,1
2.0658,4.999999999999996e-05,1e-05,0.0631641,1263282.000000001,1528790.0,0.0152879,nan,nan,nan,nan,0.1,1.0,20.0,10 V,1.0,False,1
2.1082,-1e-05,1e-05,-0.0152109,1521090.0,1491390.0,0.0149139,nan,nan,nan,nan,0.1,1.0,20.0,10 V,1.0,False,1
2.1507,-6e-05,1e-05,-0.0825104,1375173.333333333,1336310.0,0.0133631,nan,nan,nan,nan,0.1,1.0,20.0,10 V,1.0,False,1
2.1931,-0.00011,1e-05,-0.1619414,1472194.5454545454,1534280.0,0.0153428,nan,nan,nan,nan,0.1,1.0,20.0,10 V,1.0,False,1
2.2357,-0.00016,1e-05,-0.1897455,1185909.375,1356110.0,0.0135611,nan,nan,nan,nan,0.1,1.0,20.0,10 V,1.0,False,1
2.2782,-0.00021,1e-05,-0.1757225,836773.8095238096,813889.9999999999,0.0081389,nan,nan,nan,nan,0.1,1.0,20.0,10 V,1.0,False,1
2.3206,-0.00026000000000000003,1e-05,-0.2186387,840918.0769230768,1374810.0,0.0137481,nan,nan,nan,nan,0.1,1.0,20.0,10 V,1.0,False,1
2.3632,-0.0003,1e-05,-0.2243469,747823.0,1363810.0,0.0136381,nan,nan,nan,nan,0.1,1.0,20.0,10 V,1.0,False,1
2.4056,-0.00024999999999999995,1e-05,-0.2962438,1184975.2000000004,1308820.0,0.0130882,nan,nan,nan,nan,0.1,1.0,20.0,10 V,1.0,False,1
2.4482,-0.00019999999999999996,1e-05,-0.2279104,1139552.0000000002,792990.0,0.0079299,nan,nan,nan,nan,0.1,1.0,20.0,10 V,1.0,False,1
2.4907,-0.00014999999999999996,1e-05,-0.1265594,843729.3333333335,788589.9999999999,0.0078859,nan,nan,nan,nan,0.1,1.0,20.0,10 V,1.0,False,1
2.5331,-9.999999999999996e-05,1e-05,-0.0865248,865248.0000000002,821580.0,0.0082158,nan,nan,nan,nan,0.1,1.0,20.0,10 V,1.0,False,1
2.5756,-4.999999999999996e-05,1e-05,-0.0433339,866678.0000000007,820480.0,0.0082048,nan,nan,nan,nan,0.1,1.0,20.0,10 V,1.0,False,1
2.6179,1e-05,1e-05,0.0076329,763290.0,818290.0,0.0081829,nan,nan,nan,nan,0.1,1.0,20.0,10 V,1.0,False,1
2.6602,6e-05,1e-05,0.0467324,778873.3333333333,792990.0,0.0079299,nan,nan,nan,nan,0.1,1.0,20.0,10 V,1.0,False,1
2.7026,0.00011,1e-05,0.0814986,740896.3636363636,894170.0,0.0089417,nan,nan,nan,nan,0.1,1.0,20.0,10 V,1.0,False,1
2.7450,0.00016,1e-05,0.1116453,697783.125,863380.0,0.0086338,nan,nan,nan,nan,0.1,1.0,20.0,10 V,1.0,False,1
2.7874,0.00021,1e-05,0.1558261,742029.0476190476,900770.0,0.0090077,nan,nan,nan,nan,0.1,1.0,20.0,10 V,1.0,False,1
2.8297,0.00026000000000000003,1e-05,0.1861269,715872.6923076923,869980.0,0.0086998,nan,nan,nan,nan,0.1,1.0,20.0,10 V,1.0,False,1
2.8720,0.0003,1e-05,0.2095866,698622.0000000001,776490.0,0.0077649,nan,nan,nan,nan,0.1,1.0,20.0,10 V,1.0,False,1
2.9143,0.00024999999999999995,1e-05,0.1814855,725942.0000000001,872180.0,0.0087218,nan,nan,nan,nan,0.1,1.0,20.0,10 V,1.0,False,1
2.9567,0.00019999999999999996,1e-05,0.156717,783585.0000000001,1237330.0,0.0123733,nan,nan,nan,nan,0.1,1.0,20.0,10 V,1.0,False,1
2.9991,0.00014999999999999996,1e-05,0.1589497,1059664.666666667,1248320.0,0.0124832,nan,nan,nan,nan,0.1,1.0,20.0,10 V,1.0,False,1
3.0416,9.999999999999996e-05,1e-05,0.0771542,771542.0000000003,785289.9999999999,0.0078529,nan,nan,nan,nan,0.1,1.0,20.0,10 V,1.0,False,1
3.0841,4.999999999999996e-05,1e-05,0.0395394,790788.0000000006,806190.0,0.0080619,nan,nan,nan,nan,0.1,1.0,20.0,10 V,1.0,False,1
3.1266,-1e-05,1e-05,-0.0082928,829279.9999999999,768790.0,0.0076879,nan,nan,nan,nan,0.1,1.0,20.0,10 V,1.0,False,1
3.1690,-6e-05,1e-05,-0.049999,833316.6666666666,802890.0,0.0080289,nan,nan,nan,nan,0.1,1.0,20.0,10 V,1.0,False,1
3.2115,-0.00011,1e-05,-0.0916611,833282.7272727272,788589.9999999999,0.0078859,nan,nan,nan,nan,0.1,1.0,20.0,10 V,1.0,False,1
3.2539,-0.00016,1e-05,-0.1333565,833478.1249999999,762190.0,0.0076219,nan,nan,nan,nan,0.1,1.0,20.0,10 V,1.0,False,1
3.2964,-0.00021,1e-05,-0.1730169,823890.0,739100.0,0.007391,nan,nan,nan,nan,0.1,1.0,20.0,10 V,1.0,False,1
3.3388,-0.00026000000000000003,1e-05,-0.2125125,817355.769230769,787490.0,0.0078749,nan,nan,nan,nan,0.1,1.0,20.0,10 V,1.0,False,1
3.3811,-0.0003,1e-05,-0.2398987,799662.3333333334,765490.0,0.0076549,nan,nan,nan,nan,0.1,1.0,20.0,10 V,1.0,False,1
3.4236,-0.00024999999999999995,1e-05,-0.2034168,813667.2000000002,761090.0,0.0076109,nan,nan,nan,nan,0.1,1.0,20.0,10 V,1.0,False,1
3.4661,-0.00019999999999999996,1e-05,-0.1631623,815811.5000000002,767690.0,0.0076769,nan,nan,nan,nan,0.1,1.0,20.0,10 V,1.0,False,1
3.5085,-0.00014999999999999996,1e-05,-0.1244257,829504.6666666669,940369.9999999999,0.0094037,nan,nan,nan,nan,0.1,1.0,20.0,10 V,1.0,False,1
3.5509,-9.999999999999996e-05,1e-05,-0.136711,1367110.0000000005,775390.0,0.0077539,nan,nan,nan,nan,0.1,1.0,20.0,10 V,1.0,False,1
3.5934,-4.999999999999996e-05,1e-05,-0.0421791,843582.0000000006,761090.0,0.0076109,nan,nan,nan,nan,0.1,1.0,20.0,10 V,1.0,False,1
3.6358,1e-05,1e-05,0.0079739,797390.0000000001,766590.0,0.0076659,nan,nan,nan,nan,0.1,1.0,20.0,10 V,1.0,False,1
3.6783,6e-05,1e-05,0.0484042,806736.6666666666,817189.9999999999,0.0081719,nan,nan,nan,nan,0.1,1.0,20.0,10 V,1.0,False,1
3.7207,0.00011,1e-05,0.0858649,780589.9999999999,806190.0,0.0080619,nan,nan,nan,nan,0.1,1.0,20.0,10 V,1.0,False,1
3.7631,0.00016,1e-05,0.1169796,731122.5,801790.0,0.0080179,nan,nan,nan,nan,0.1,1.0,20.0,10 V,1.0,False,1
3.8056,0.00021,1e-05,0.1465544,697878.0952380953,778690.0,0.0077869,nan,nan,nan,nan,0.1,1.0,20.0,10 V,1.0,False,1
3.8480,0.00026000000000000003,1e-05,0.1765582,679069.9999999999,787490.0,0.0078749,nan,nan,nan,nan,0.1,1.0,20.0,10 V,1.0,False,1
3.8905,0.0003,1e-05,0.1986541,662180.3333333334,790790.0,0.0079079,nan,nan,nan,nan,0.1,1.0,20.0,10 V,1.0,False,1
3.9329,0.00024999999999999995,1e-05,0.1713779,685511.6000000002,765490.0,0.0076549,nan,nan,nan,nan,0.1,1.0,20.0,10 V,1.0,False,1
3.9754,0.00019999999999999996,1e-05,0.14243,712150.0000000001,1195530.0,0.0119553,nan,nan,nan,nan,0.1,1.0,20.0,10 V,1.0,False,1
4.0179,0.00014999999999999996,1e-05,0.106828,712186.6666666669,788589.9999999999,0.0078859,nan,nan,nan,nan,0.1,1.0,20.0,10 V,1.0,False,1
4.0603,9.999999999999996e-05,1e-05,0.0763513,763513.0000000002,769890.0,0.0076989,nan,nan,nan,nan,0.1,1.0,20.0,10 V,1.0,False,1
4.1027,4.999999999999996e-05,1e-05,0.0380767,761534.0000000005,764390.0,0.0076439,nan,nan,nan,nan,0.1,1.0,20.0,10 V,1.0,False,1
4.1452,-1e-05,1e-05,-0.0085788,857879.9999999999,788589.9999999999,0.0078859,nan,nan,nan,nan,0.1,1.0,20.0,10 V,1.0,False,1
4.1876,-6e-05,1e-05,-0.0531995,886658.3333333331,867779.9999999999,0.0086778,nan,nan,nan,nan,0.1,1.0,20.0,10 V,1.0,False,1
4.2301,-0.00011,1e-05,-0.0956096,869178.1818181818,769890.0,0.0076989,nan,nan,nan,nan,0.1,1.0,20.0,10 V,1.0,False,1
4.2726,-0.00016,1e-05,-0.1481714,926071.25,856780.0,0.0085678,nan,nan,nan,nan,0.1,1.0,20.0,10 V,1.0,False,1
4.3150,-0.00021,1e-05,-0.1783401,849238.5714285715,841380.0000000001,0.0084138,nan,nan,nan,nan,0.1,1.0,20.0,10 V,1.0,False,1
4.3575,-0.00026000000000000003,1e-05,-0.2145803,825308.846153846,786390.0,0.0078639,nan,nan,nan,nan,0.1,1.0,20.0,10 V,1.0,False,1
4.3999,-0.0003,1e-05,-0.2440121,813373.6666666667,906270.0,0.0090627,nan,nan,nan,nan,0.1,1.0,20.0,10 V,1.0,False,1
4.4424,-0.00024999999999999995,1e-05,-0.1986983,794793.2000000002,790790.0,0.0079079,nan,nan,nan,nan,0.1,1.0,20.0,10 V,1.0,False,1
4.4849,-0.00019999999999999996,1e-05,-0.1711252,855626.0000000002,787490.0,0.0078749,nan,nan,nan,nan,0.1,1.0,20.0,10 V,1.0,False,1
4.5273,-0.00014999999999999996,1e-05,-0.1277143,851428.6666666669,825979.9999999999,0.0082598,nan,nan,nan,nan,0.1,1.0,20.0,10 V,1.0,False,1
4.5700,-9.999999999999996e-05,1e-05,-0.0778581,778581.0000000002,725900.0,0.007259,nan,nan,nan,nan,0.1,1.0,20.0,10 V,1.0,False,1
4.6124,-4.999999999999996e-05,1e-05,-0.0404083,808166.0000000006,780890.0,0.0078089,nan,nan,nan,nan,0.1,1.0,20.0,10 V,1.0,False,1
4.6548,1e-05,1e-05,0.0074899,748990.0,759990.0,0.0075999,nan,nan,nan,nan,0.1,1.0,20.0,10 V,1.0,False,1
4.6973,6e-05,1e-05,0.0452476,754126.6666666665,798490.0,0.0079849,nan,nan,nan,nan,0.1,1.0,20.0,10 V,1.0,False,1
4.7397,0.00011,1e-05,0.0767252,697501.8181818181,770990.0,0.0077099,nan,nan,nan,nan,0.1,1.0,20.0,10 V,1.0,False,1
4.7822,0.00016,1e-05,0.1118433,699020.625,747890.0,0.0074789,nan,nan,nan,nan,0.1,1.0,20.0,10 V,1.0,False,1
4.8247,0.00021,1e-05,0.1445747,688450.9523809524,808390.0,0.0080839,nan,nan,nan,nan,0.1,1.0,20.0,10 V,1.0,False,1
4.8669,0.00026000000000000003,1e-05,0.1724558,663291.5384615383,745700.0,0.007457,nan,nan,nan,nan,0.1,1.0,20.0,10 V,1.0,False,1
4.9091,0.0003,1e-05,0.1866328,622109.3333333334,753390.0,0.0075339,nan,nan,nan,nan,0.1,1.0,20.0,10 V,1.0,False,1
4.9515,0.00024999999999999995,1e-05,0.1672975,669190.0000000001,743500.0,0.007435,nan,nan,nan,nan,0.1,1.0,20.0,10 V,1.0,False,1
4.9939,0.00019999999999999996,1e-05,0.1325974,662987.0000000001,754490.0,0.0075449,nan,nan,nan,nan,0.1,1.0,20.0,10 V,1.0,False,1
5.0364,0.00014999999999999996,1e-05,0.1092696,728464.0000000001,721500.0,0.007215,nan,nan,nan,nan,0.1,1.0,20.0,10 V,1.0,False,1
5.0787,9.999999999999996e-05,1e-05,0.0762743,762743.0000000002,763290.0,0.0076329,nan,nan,nan,nan,0.1,1.0,20.0,10 V,1.0,False,1
5.1212,4.999999999999996e-05,1e-05,0.0374827,749654.0000000006,754490.0,0.0075449,nan,nan,nan,nan,0.1,1.0,20.0,10 V,1.0,False,1
5.1637,-1e-05,1e-05,-0.0080399,803990.0000000001,803990.0000000001,0.0080399,nan,nan,nan,nan,0.1,1.0,20.0,10 V,1.0,False,1
5.2062,-6e-05,1e-05,-0.050164,836066.6666666665,739100.0,0.007391,nan,nan,nan,nan,0.1,1.0,20.0,10 V,1.0,False,1
5.2487,-0.00011,1e-05,-0.0909462,826783.6363636364,727000.0,0.00727,nan,nan,nan,nan,0.1,1.0,20.0,10 V,1.0,False,1
5.2911,-0.00016,1e-05,-0.1324986,828116.25,745700.0,0.007457,nan,nan,nan,nan,0.1,1.0,20.0,10 V,1.0,False,1
5.3336,-0.00021,1e-05,-0.1672317,796341.4285714286,759990.0,0.0075999,nan,nan,nan,nan,0.1,1.0,20.0,10 V,1.0,False,1
5.3760,-0.00026000000000000003,1e-05,-0.2034498,782499.2307692305,744600.0,0.007446,nan,nan,nan,nan,0.1,1.0,20.0,10 V,1.0,False,1
5.4185,-0.0003,1e-05,-0.2278224,759408.0000000001,773190.0,0.0077319,nan,nan,nan,nan,0.1,1.0,20.0,10 V,1.0,False,1
5.4610,-0.00024999999999999995,1e-05,-0.1963226,785290.4000000003,751190.0,0.0075119,nan,nan,nan,nan,0.1,1.0,20.0,10 V,1.0,False,1
5.5034,-0.00019999999999999996,1e-05,-0.2187707,1093853.5000000002,1164740.0,0.0116474,nan,nan,nan,nan,0.1,1.0,20.0,10 V,1.0,False,1
5.5459,-0.00014999999999999996,1e-05,-0.1754256,1169504.0000000002,1144940.0,0.0114494,nan,nan,nan,nan,0.1,1.0,20.0,10 V,1.0,False,1
5.5883,-9.999999999999996e-05,1e-05,-0.1189925,1189925.0000000005,1169140.0,0.0116914,nan,nan,nan,nan,0.1,1.0,20.0,10 V,1.0,False,1
5.6307,-4.999999999999996e-05,1e-05,-0.0625702,1251404.000000001,1254920.0,0.0125492,nan,nan,nan,nan,0.1,1.0,20.0,10 V,1.0,False,1
5.6731,1e-05,1e-05,0.0114274,1142740.0,1226330.0,0.0122633,nan,nan,nan,nan,0.1,1.0,20.0,10 V,1.0,False,1
5.7157,6e-05,1e-05,0.0680804,1134673.3333333333,1291220.0,0.0129122,nan,nan,nan,nan,0.1,1.0,20.0,10 V,1.0,False,1
5.7581,0.00011,1e-05,0.1194982,1086347.2727272727,1188930.0,0.0118893,nan,nan,nan,nan,0.1,1.0,20.0,10 V,1.0,False,1
5.8005,0.00016,1e-05,0.1524496,952809.9999999999,1260420.0,0.0126042,nan,nan,nan,nan,0.1,1.0,20.0,10 V,1.0,False,1
5.8430,0.00021,1e-05,0.1874797,892760.4761904762,1309920.0,0.0130992,nan,nan,nan,nan,0.1,1.0,20.0,10 V,1.0,False,1
5.8854,0.00026000000000000003,1e-05,0.2156139,829284.2307692306,1294520.0,0.0129452,nan,nan,nan,nan,0.1,1.0,20.0,10 V,1.0,False,1
5.9277,0.0003,1e-05,0.2400305,800101.6666666667,1275820.0,0.0127582,nan,nan,nan,nan,0.1,1.0,20.0,10 V,1.0,False,1
5.9702,0.00024999999999999995,1e-05,0.2112915,845166.0000000002,1173540.0,0.0117354,nan,nan,nan,nan,0.1,1.0,20.0,10 V,1.0,False,1
6.0126,0.00019999999999999996,1e-05,0.1806386,903193.0000000002,1196630.0,0.0119663,nan,nan,nan,nan,0.1,1.0,20.0,10 V,1.0,False,1
6.0550,0.00014999999999999996,1e-05,0.1503709,1002472.6666666669,1139440.0,0.0113944,nan,nan,nan,nan,0.1,1.0,20.0,10 V,1.0,False,1
6.0974,9.999999999999996e-05,1e-05,0.1077849,1077849.0000000005,1161440.0,0.0116144,nan,nan,nan,nan,0.1,1.0,20.0,10 V,1.0,False,1
6.1398,4.999999999999996e-05,1e-05,0.05706,1141200.0000000007,1122940.0,0.0112294,nan,nan,nan,nan,0.1,1.0,20.0,10 V,1.0,False,1
6.1822,-1e-05,1e-05,-0.0138471,1384710.0,1273620.0,0.0127362,nan,nan,nan,nan,0.1,1.0,20.0,10 V,1.0,False,1
6.2246,-6e-05,1e-05,-0.0826314,1377189.9999999998,1202130.0,0.0120213,nan,nan,nan,nan,0.1,1.0,20.0,10 V,1.0,False,1
6.2670,-0.00011,1e-05,-0.1309588,1190534.5454545452,1263720.0,0.0126372,nan,nan,nan,nan,0.1,1.0,20.0,10 V,1.0,False,1
6.3094,-0.00016,1e-05,-0.1811997,1132498.125,1243930.0,0.0124393,nan,nan,nan,nan,0.1,1.0,20.0,10 V,1.0,False,1
6.3519,-0.00021,1e-05,-0.2250948,1071880.0,1054750.0,0.0105475,nan,nan,nan,nan,0.1,1.0,20.0,10 V,1.0,False,1
6.3944,-0.00026000000000000003,1e-05,-0.2407786,926071.5384615383,1180130.0,0.0118013,nan,nan,nan,nan,0.1,1.0,20.0,10 V,1.0,False,1
6.4369,-0.0003,1e-05,-0.2740049,913349.6666666667,1108640.0,0.0110864,nan,nan,nan,nan,0.1,1.0,20.0,10 V,1.0,False,1
6.4794,-0.00024999999999999995,1e-05,-0.230704,922816.0000000002,1183430.0,0.0118343,nan,nan,nan,nan,0.1,1.0,20.0,10 V,1.0,False,1
6.5219,-0.00019999999999999996,1e-05,-0.2241709,1120854.5000000002,1187830.0,0.0118783,nan,nan,nan,nan,0.1,1.0,20.0,10 V,1.0,False,1
6.5644,-0.00014999999999999996,1e-05,-0.1771303,1180868.666666667,1210930.0,0.0121093,nan,nan,nan,nan,0.1,1.0,20.0,10 V,1.0,False,1
6.6069,-9.999999999999996e-05,1e-05,-0.1291441,1291441.0000000005,1287920.0,0.0128792,nan,nan,nan,nan,0.1,1.0,20.0,10 V,1.0,False,1
6.6495,-4.999999999999996e-05,1e-05,-0.0664637,1329274.000000001,1232930.0,0.0123293,nan,nan,nan,nan,0.1,1.0,20.0,10 V,1.0,False,1
6.6919,1e-05,1e-05,0.0122853,1228530.0,1198830.0,0.0119883,nan,nan,nan,nan,0.1,1.0,20.0,10 V,1.0,False,1
6.7343,6e-05,1e-05,0.0698732,1164553.333333333,1358310.0,0.0135831,nan,nan,nan,nan,0.1,1.0,20.0,10 V,1.0,False,1
6.7767,0.00011,1e-05,0.1187063,1079148.1818181819,1275820.0,0.0127582,nan,nan,nan,nan,0.1,1.0,20.0,10 V,1.0,False,1
6.8190,0.00016,1e-05,0.1625242,1015776.25,1283520.0,0.0128352,nan,nan,nan,nan,0.1,1.0,20.0,10 V,1.0,False,1
6.8614,0.00021,1e-05,0.1886895,898521.4285714286,1304420.0,0.0130442,nan,nan,nan,nan,0.1,1.0,20.0,10 V,1.0,False,1
6.9039,0.00026000000000000003,1e-05,0.2230599,857922.6923076921,1248320.0,0.0124832,nan,nan,nan,nan,0.1,1.0,20.0,10 V,1.0,False,1
6.9461,0.0003,1e-05,0.2422192,807397.3333333334,1280220.0,0.0128022,nan,nan,nan,nan,0.1,1.0,20.0,10 V,1.0,False,1
6.9885,0.00024999999999999995,1e-05,0.214987,859948.0000000002,1306620.0,0.0130662,nan,nan,nan,nan,0.1,1.0,20.0,10 V,1.0,False,1
7.0309,0.00019999999999999996,1e-05,0.1817055,908527.5000000001,1225230.0,0.0122523,nan,nan,nan,nan,0.1,1.0,20.0,10 V,1.0,False,1
7.0734,0.00014999999999999996,1e-05,0.1485121,990080.666666667,1126240.0,0.0112624,nan,nan,nan,nan,0.1,1.0,20.0,10 V,1.0,False,1
7.1158,9.999999999999996e-05,1e-05,0.1049583,1049583.0000000005,1207630.0,0.0120763,nan,nan,nan,nan,0.1,1.0,20.0,10 V,1.0,False,1
7.1582,4.999999999999996e-05,1e-05,0.0582918,1165836.0000000007,1198830.0,0.0119883,nan,nan,nan,nan,0.1,1.0,20.0,10 V,1.0,False,1
7.2008,-1e-05,1e-05,-0.0128242,1282420.0,1118540.0,0.0111854,nan,nan,nan,nan,0.1,1.0,20.0,10 V,1.0,False,1
7.2432,-6e-05,1e-05,-0.0747675,1246124.9999999998,1091050.0,0.0109105,nan,nan,nan,nan,0.1,1.0,20.0,10 V,1.0,False,1
7.2856,-0.00011,1e-05,-0.1303429,1184935.4545454546,1173540.0,0.0117354,nan,nan,nan,nan,0.1,1.0,20.0,10 V,1.0,False,1
7.3280,-0.00016,1e-05,-0.1820246,1137653.75,1212030.0,0.0121203,nan,nan,nan,nan,0.1,1.0,20.0,10 V,1.0,False,1
7.3705,-0.00021,1e-05,-0.2246988,1069994.2857142857,1169140.0,0.0116914,nan,nan,nan,nan,0.1,1.0,20.0,10 V,1.0,False,1
7.4130,-0.00026000000000000003,1e-05,-0.2640953,1015751.1538461535,1121840.0,0.0112184,nan,nan,nan,nan,0.1,1.0,20.0,10 V,1.0,False,1
7.4555,-0.0003,1e-05,-0.3038987,1012995.6666666667,1240630.0,0.0124063,nan,nan,nan,nan,0.1,1.0,20.0,10 V,1.0,False,1
7.4980,-0.00024999999999999995,1e-05,-0.2619066,1047626.4000000003,1150440.0,0.0115044,nan,nan,nan,nan,0.1,1.0,20.0,10 V,1.0,False,1
7.5404,-0.00019999999999999996,1e-05,-0.2219822,1109911.0000000002,1201030.0,0.0120103,nan,nan,nan,nan,0.1,1.0,20.0,10 V,1.0,False,1
7.5829,-0.00014999999999999996,1e-05,-0.1744577,1163051.3333333335,1201030.0,0.0120103,nan,nan,nan,nan,0.1,1.0,20.0,10 V,1.0,False,1
7.6253,-9.999999999999996e-05,1e-05,-0.1237988,1237988.0000000005,1176830.0,0.0117683,nan,nan,nan,nan,0.1,1.0,20.0,10 V,1.0,False,1
7.6678,-4.999999999999996e-05,1e-05,-0.064066,1281320.000000001,1132840.0,0.0113284,nan,nan,nan,nan,0.1,1.0,20.0,10 V,1.0,False,1
7.7103,1e-05,1e-05,0.0121203,1212030.0,1282420.0,0.0128242,nan,nan,nan,nan,0.1,1.0,20.0,10 V,1.0,False,1
7.7527,6e-05,1e-05,0.0694882,1158136.6666666665,1262620.0,0.0126262,nan,nan,nan,nan,0.1,1.0,20.0,10 V,1.0,False,1
7.7951,0.00011,1e-05,0.1143729,1039753.6363636364,1285720.0,0.0128572,nan,nan,nan,nan,0.1,1.0,20.0,10 V,1.0,False,1
7.8375,0.00016,1e-05,0.1546823,966764.375,1215330.0,0.0121533,nan,nan,nan,nan,0.1,1.0,20.0,10 V,1.0,False,1
7.8800,0.00021,1e-05,0.1863358,887313.3333333333,1172440.0,0.0117244,nan,nan,nan,nan,0.1,1.0,20.0,10 V,1.0,False,1
7.9223,0.00026000000000000003,1e-05,0.2176596,837152.3076923075,1227430.0,0.0122743,nan,nan,nan,nan,0.1,1.0,20.0,10 V,1.0,False,1
7.9647,0.0003,1e-05,0.2386007,795335.6666666667,1201030.0,0.0120103,nan,nan,nan,nan,0.1,1.0,20.0,10 V,1.0,False,1
8.0072,0.00024999999999999995,1e-05,0.2107196,842878.4000000003,1264820.0,0.0126482,nan,nan,nan,nan,0.1,1.0,20.0,10 V,1.0,False,1
8.0496,0.00019999999999999996,1e-05,0.1807266,903633.0000000001,1223030.0,0.0122303,nan,nan,nan,nan,0.1,1.0,20.0,10 V,1.0,False,1
8.0921,0.00014999999999999996,1e-05,0.1462135,974756.6666666669,1151540.0,0.0115154,nan,nan,nan,nan,0.1,1.0,20.0,10 V,1.0,False,1
8.1345,9.999999999999996e-05,1e-05,0.106751,1067510.0000000002,1231830.0,0.0123183,nan,nan,nan,nan,0.1,1.0,20.0,10 V,1.0,False,1
8.1770,4.999999999999996e-05,1e-05,0.0585668,1171336.000000001,1205430.0,0.0120543,nan,nan,nan,nan,0.1,1.0,20.0,10 V,1.0,False,1
8.2195,-1e-05,1e-05,-0.0123183,1231830.0,1202130.0,0.0120213,nan,nan,nan,nan,0.1,1.0,20.0,10 V,1.0,False,1
8.2621,-6e-05,1e-05,-0.0721279,1202131.6666666665,1162540.0,0.0116254,nan,nan,nan,nan,0.1,1.0,20.0,10 V,1.0,False,1
8.3046,-0.00011,1e-05,-0.1334115,1212831.8181818181,1220830.0,0.0122083,nan,nan,nan,nan,0.1,1.0,20.0,10 V,1.0,False,1
8.3471,-0.00016,1e-05,-0.1823766,1139853.75,1202130.0,0.0120213,nan,nan,nan,nan,0.1,1.0,20.0,10 V,1.0,False,1
8.3895,-0.00021,1e-05,-0.2245559,1069313.8095238095,1124040.0,0.0112404,nan,nan,nan,nan,0.1,1.0,20.0,10 V,1.0,False,1
8.4320,-0.00026000000000000003,1e-05,-0.2641723,1016047.3076923076,1221930.0,0.0122193,nan,nan,nan,nan,0.1,1.0,20.0,10 V,1.0,False,1
8.4746,-0.0003,1e-05,-0.2940771,980257.0,1126240.0,0.0112624,nan,nan,nan,nan,0.1,1.0,20.0,10 V,1.0,False,1
8.5171,-0.00024999999999999995,1e-05,-0.2595639,1038255.6000000003,1232930.0,0.0123293,nan,nan,nan,nan,0.1,1.0,20.0,10 V,1.0,False,1
8.5595,-0.00019999999999999996,1e-05,-0.2204534,1102267.0000000002,1228530.0,0.0122853,nan,nan,nan,nan,0.1,1.0,20.0,10 V,1.0,False,1
8.6019,-0.00014999999999999996,1e-05,-0.1787361,1191574.0000000002,1148240.0,0.0114824,nan,nan,nan,nan,0.1,1.0,20.0,10 V,1.0,False,1
8.6443,-9.999999999999996e-05,1e-05,-0.1256246,1256246.0000000005,1237330.0,0.0123733,nan,nan,nan,nan,0.1,1.0,20.0,10 V,1.0,False,1
8.6868,-4.999999999999996e-05,1e-05,-0.0672116,1344232.000000001,1306620.0,0.0130662,nan,nan,nan,nan,0.1,1.0,20.0,10 V,1.0,False,1
8.7293,1e-05,1e-05,0.0124503,1245030.0,1214230.0,0.0121423,nan,nan,nan,nan,0.1,1.0,20.0,10 V,1.0,False,1
8.7717,6e-05,1e-05,0.0703351,1172251.6666666665,1256020.0,0.0125602,nan,nan,nan,nan,0.1,1.0,20.0,10 V,1.0,False,1
8.8141,0.00011,1e-05,0.1157807,1052551.8181818181,1256020.0,0.0125602,nan,nan,nan,nan,0.1,1.0,20.0,10 V,1.0,False,1
8.8565,0.00016,1e-05,0.1583448,989655.0,1285720.0,0.0128572,nan,nan,nan,nan,0.1,1.0,20.0,10 V,1.0,False,1
8.8989,0.00021,1e-05,0.1890304,900144.7619047619,1329710.0,0.0132971,nan,nan,nan,nan,0.1,1.0,20.0,10 V,1.0,False,1
8.9413,0.00026000000000000003,1e-05,0.2192324,843201.5384615383,1223030.0,0.0122303,nan,nan,nan,nan,0.1,1.0,20.0,10 V,1.0,False,1
8.9834,0.0003,1e-05,0.243231,810770.0,1160340.0,0.0116034,nan,nan,nan,nan,0.1,1.0,20.0,10 V,1.0,False,1
9.0258,0.00024999999999999995,1e-05,0.2128423,851369.2000000003,1223030.0,0.0122303,nan,nan,nan,nan,0.1,1.0,20.0,10 V,1.0,False,1
9.0683,0.00019999999999999996,1e-05,0.1838062,919031.0000000002,1292320.0,0.0129232,nan,nan,nan,nan,0.1,1.0,20.0,10 V,1.0,False,1
9.1107,0.00014999999999999996,1e-05,0.1482482,988321.3333333335,1207630.0,0.0120763,nan,nan,nan,nan,0.1,1.0,20.0,10 V,1.0,False,1
9.1532,9.999999999999996e-05,1e-05,0.1086207,1086207.0000000002,1165840.0,0.0116584,nan,nan,nan,nan,0.1,1.0,20.0,10 V,1.0,False,1
9.1956,4.999999999999996e-05,1e-05,0.0610084,1220168.0000000007,1183430.0,0.0118343,nan,nan,nan,nan,0.1,1.0,20.0,10 V,1.0,False,1
9.2380,-1e-05,1e-05,-0.0129672,1296720.0,1254920.0,0.0125492,nan,nan,nan,nan,0.1,1.0,20.0,10 V,1.0,False,1
9.2805,-6e-05,1e-05,-0.0764063,1273438.333333333,1129540.0,0.0112954,nan,nan,nan,nan,0.1,1.0,20.0,10 V,1.0,False,1
9.3230,-0.00011,1e-05,-0.1343023,1220930.0,1258220.0,0.0125822,nan,nan,nan,nan,0.1,1.0,20.0,10 V,1.0,False,1
9.3655,-0.00016,1e-05,-0.179308,1120675.0,1184530.0,0.0118453,nan,nan,nan,nan,0.1,1.0,20.0,10 V,1.0,False,1
9.4080,-0.00021,1e-05,-0.2241929,1067585.238095238,1171340.0,0.0117134,nan,nan,nan,nan,0.1,1.0,20.0,10 V,1.0,False,1
9.4505,-0.00026000000000000003,1e-05,-0.2585411,994388.846153846,1137240.0,0.0113724,nan,nan,nan,nan,0.1,1.0,20.0,10 V,1.0,False,1
9.4929,-0.0003,1e-05,-0.2866641,955547.0,1209830.0,0.0120983,nan,nan,nan,nan,0.1,1.0,20.0,10 V,1.0,False,1
9.5354,-0.00024999999999999995,1e-05,-0.2536688,1014675.2000000004,1217530.0,0.0121753,nan,nan,nan,nan,0.1,1.0,20.0,10 V,1.0,False,1
9.5778,-0.00019999999999999996,1e-05,-0.216725,1083625.0000000002,1111940.0,0.0111194,nan,nan,nan,nan,0.1,1.0,20.0,10 V,1.0,False,1
9.6203,-0.00014999999999999996,1e-05,-0.1753816,1169210.666666667,1197730.0,0.0119773,nan,nan,nan,nan,0.1,1.0,20.0,10 V,1.0,False,1
9.6628,-9.999999999999996e-05,1e-05,-0.122545,1225450.0000000005,1171340.0,0.0117134,nan,nan,nan,nan,0.1,1.0,20.0,10 V,1.0,False,1
9.7053,-4.999999999999996e-05,1e-05,-0.0636481,1272962.000000001,1196630.0,0.0119663,nan,nan,nan,nan,0.1,1.0,20.0,10 V,1.0,False,1
9.7478,1e-05,1e-05,0.0119883,1198830.0,1171340.0,0.0117134,nan,nan,nan,nan,0.1,1.0,20.0,10 V,1.0,False,1
9.7901,6e-05,1e-05,0.0691143,1151905.0,1146040.0,0.0114604,nan,nan,nan,nan,0.1,1.0,20.0,10 V,1.0,False,1
9.8322,0.00011,1e-05,0.1109634,1008758.1818181818,1248320.0,0.0124832,nan,nan,nan,nan,0.1,1.0,20.0,10 V,1.0,False,1
9.8534,0.00011,1e-05,0.1109634,1008758.1818181818,1202130.0,0.0120213,nan,nan,nan,nan,0.1,1.0,20.0,10 V,1.0,False,1
9.8746,0.00011,1e-05,0.1109634,1008758.1818181818,1254920.0,0.0125492,nan,nan,nan,nan,0.1,1.0,20.0,10 V,1.0,False,1
9.8958,0.00011,1e-05,0.1109634,1008758.1818181818,1225230.0,0.0122523,nan,nan,nan,nan,0.1,1.0,20.0,10 V,1.0,False,1
9.9171,0.00011,1e-05,0.1109634,1008758.1818181818,1221930.0,0.0122193,nan,nan,nan,nan,0.1,1.0,20.0,10 V,1.0,False,1
9.9383,0.00011,1e-05,0.1109634,1008758.1818181818,1317610.0,0.0131761,nan,nan,nan,nan,0.1,1.0,20.0,10 V,1.0,False,1
9.9595,0.00011,1e-05,0.1109634,1008758.1818181818,1280220.0,0.0128022,nan,nan,nan,nan,0.1,1.0,20.0,10 V,1.0,False,1
9.9808,0.00011,1e-05,0.1109634,1008758.1818181818,1240630.0,0.0124063,nan,nan,nan,nan,0.1,1.0,20.0,10 V,1.0,False,1
10.0020,0.00011,1e-05,0.1109634,1008758.1818181818,1261520.0,0.0126152,nan,nan,nan,nan,0.1,1.0,20.0,10 V,1.0,False,1
10.0233,0.00011,1e-05,0.1109634,1008758.1818181818,1275820.0,0.0127582,nan,nan,nan,nan,0.1,1.0,20.0,10 V,1.0,False,1
10.0446,0.00011,1e-05,0.1109634,1008758.1818181818,1239530.0,0.0123953,nan,nan,nan,nan,0.1,1.0,20.0,10 V,1.0,False,1
10.0659,0.00011,1e-05,0.1109634,1008758.1818181818,1217530.0,0.0121753,nan,nan,nan,nan,0.1,1.0,20.0,10 V,1.0,False,1
10.0871,0.00011,1e-05,0.1109634,1008758.1818181818,1133940.0,0.0113394,nan,nan,nan,nan,0.1,1.0,20.0,10 V,1.0,False,1
10.1084,0.00011,1e-05,0.1109634,1008758.1818181818,1216430.0,0.0121643,nan,nan,nan,nan,0.1,1.0,20.0,10 V,1.0,False,1
10.1296,0.00011,1e-05,0.1109634,1008758.1818181818,1275820.0,0.0127582,nan,nan,nan,nan,0.1,1.0,20.0,10 V,1.0,False,1
10.1509,0.00011,1e-05,0.1109634,1008758.1818181818,1278020.0,0.0127802,nan,nan,nan,nan,0.1,1.0,20.0,10 V,1.0,False,1
10.1721,0.00011,1e-05,0.1109634,1008758.1818181818,1172440.0,0.0117244,nan,nan,nan,nan,0.1,1.0,20.0,10 V,1.0,False,1
10.1933,0.00011,1e-05,0.1109634,1008758.1818181818,1217530.0,0.0121753,nan,nan,nan,nan,0.1,1.0,20.0,10 V,1.0,False,1
10.2147,0.00011,1e-05,0.1109634,1008758.1818181818,1217530.0,0.0121753,nan,nan,nan,nan,0.1,1.0,20.0,10 V,1.0,False,1
10.2359,0.00011,1e-05,0.1109634,1008758.1818181818,1267020.0,0.0126702,nan,nan,nan,nan,0.1,1.0,20.0,10 V,1.0,False,1
10.2572,0.00011,1e-05,0.1109634,1008758.1818181818,1272520.0,0.0127252,nan,nan,nan,nan,0.1,1.0,20.0,10 V,1.0,False,1
10.2784,0.00011,1e-05,0.1109634,1008758.1818181818,1173540.0,0.0117354,nan,nan,nan,nan,0.1,1.0,20.0,10 V,1.0,False,1
10.2997,0.00011,1e-05,0.1109634,1008758.1818181818,1169140.0,0.0116914,nan,nan,nan,nan,0.1,1.0,20.0,10 V,1.0,False,1
10.3209,0.00011,1e-05,0.1109634,1008758.1818181818,1218630.0,0.0121863,nan,nan,nan,nan,0.1,1.0,20.0,10 V,1.0,False,1
10.3422,0.00011,1e-05,0.1109634,1008758.1818181818,1317610.0,0.0131761,nan,nan,nan,nan,0.1,1.0,20.0,10 V,1.0,False,1
10.3634,0.00011,1e-05,0.1109634,1008758.1818181818,1203230.0,0.0120323,nan,nan,nan,nan,0.1,1.0,20.0,10 V,1.0,False,1
10.3847,0.00011,1e-05,0.1109634,1008758.1818181818,1040450.0,0.0104045,nan,nan,nan,nan,0.1,1.0,20.0,10 V,1.0,False,1
10.4059,0.00011,1e-05,0.1109634,1008758.1818181818,1031660.0,0.0103166,nan,nan,nan,nan,0.1,1.0,20.0,10 V,1.0,False,1
10.4271,0.00011,1e-05,0.1109634,1008758.1818181818,1099850.0,0.0109985,nan,nan,nan,nan,0.1,1.0,20.0,10 V,1.0,False,1
10.4483,0.00011,1e-05,0.1109634,1008758.1818181818,1047050.0,0.0104705,nan,nan,nan,nan,0.1,1.0,20.0,10 V,1.0,False,1
10.4696,0.00011,1e-05,0.1109634,1008758.1818181818,1074550.0,0.0107455,nan,nan,nan,nan,0.1,1.0,20.0,10 V,1.0,False,1
10.4908,0.00011,1e-05,0.1109634,1008758.1818181818,1150440.0,0.0115044,nan,nan,nan,nan,0.1,1.0,20.0,10 V,1.0,False,1
10.5121,0.00011,1e-05,0.1109634,1008758.1818181818,1267020.0,0.0126702,nan,nan,nan,nan,0.1,1.0,20.0,10 V,1.0,False,1
10.5334,0.00011,1e-05,0.1109634,1008758.1818181818,1265920.0,0.0126592,nan,nan,nan,nan,0.1,1.0,20.0,10 V,1.0,False,1
10.5547,0.00011,1e-05,0.1109634,1008758.1818181818,1262620.0,0.0126262,nan,nan,nan,nan,0.1,1.0,20.0,10 V,1.0,False,1
10.5759,0.00011,1e-05,0.1109634,1008758.1818181818,1174630.0,0.0117463,nan,nan,nan,nan,0.1,1.0,20.0,10 V,1.0,False,1
10.5972,0.00011,1e-05,0.1109634,1008758.1818181818,1285720.0,0.0128572,nan,nan,nan,nan,0.1,1.0,20.0,10 V,1.0,False,1
10.6184,0.00011,1e-05,0.1109634,1008758.1818181818,1271420.0,0.0127142,nan,nan,nan,nan,0.1,1.0,20.0,10 V,1.0,False,1
10.6397,0.00011,1e-05,0.1109634,1008758.1818181818,1265920.0,0.0126592,nan,nan,nan,nan,0.1,1.0,20.0,10 V,1.0,False,1
10.6610,0.00011,1e-05,0.1109634,1008758.1818181818,1162540.0,0.0116254,nan,nan,nan,nan,0.1,1.0,20.0,10 V,1.0,False,1
10.6822,0.00011,1e-05,0.1109634,1008758.1818181818,1231830.0,0.0123183,nan,nan,nan,nan,0.1,1.0,20.0,10 V,1.0,False,1
10.7035,0.00011,1e-05,0.1109634,1008758.1818181818,1241730.0,0.0124173,nan,nan,nan,nan,0.1,1.0,20.0,10 V,1.0,False,1
10.7248,0.00011,1e-05,0.1109634,1008758.1818181818,1315420.0,0.0131542,nan,nan,nan,nan,0.1,1.0,20.0,10 V,1.0,False,1
10.7460,0.00011,1e-05,0.1109634,1008758.1818181818,1273620.0,0.0127362,nan,nan,nan,nan,0.1,1.0,20.0,10 V,1.0,False,1
10.7672,0.00011,1e-05,0.1109634,1008758.1818181818,1224130.0,0.0122413,nan,nan,nan,nan,0.1,1.0,20.0,10 V,1.0,False,1
10.7884,0.00011,1e-05,0.1109634,1008758.1818181818,1282420.0,0.0128242,nan,nan,nan,nan,0.1,1.0,20.0,10 V,1.0,False,1
10.8096,0.00011,1e-05,0.1109634,1008758.1818181818,1160340.0,0.0116034,nan,nan,nan,nan,0.1,1.0,20.0,10 V,1.0,False,1
10.8308,0.00011,1e-05,0.1109634,1008758.1818181818,1263720.0,0.0126372,nan,nan,nan,nan,0.1,1.0,20.0,10 V,1.0,False,1
10.8520,0.00011,1e-05,0.1109634,1008758.1818181818,1157040.0,0.0115704,nan,nan,nan,nan,0.1,1.0,20.0,10 V,1.0,False,1
10.8731,0.00011,1e-05,0.1109634,1008758.1818181818,1289020.0,0.0128902,nan,nan,nan,nan,0.1,1.0,20.0,10 V,1.0,False,1
10.8943,0.00011,1e-05,0.1109634,1008758.1818181818,1138340.0,0.0113834,nan,nan,nan,nan,0.1,1.0,20.0,10 V,1.0,False,1
10.9156,0.00011,1e-05,0.1109634,1008758.1818181818,1237330.0,0.0123733,nan,nan,nan,nan,0.1,1.0,20.0,10 V,1.0,False,1
10.9369,0.00011,1e-05,0.1109634,1008758.1818181818,1270320.0,0.0127032,nan,nan,nan,nan,0.1,1.0,20.0,10 V,1.0,False,1
10.9581,0.00011,1e-05,0.1109634,1008758.1818181818,1238430.0,0.0123843,nan,nan,nan,nan,0.1,1.0,20.0,10 V,1.0,False,1
10.9793,0.00011,1e-05,0.1109634,1008758.1818181818,1150440.0,0.0115044,nan,nan,nan,nan,0.1,1.0,20.0,10 V,1.0,False,1
11.0006,0.00011,1e-05,0.1109634,1008758.1818181818,1253820.0,0.0125382,nan,nan,nan,nan,0.1,1.0,20.0,10 V,1.0,False,1
11.0218,0.00011,1e-05,0.1109634,1008758.1818181818,1263720.0,0.0126372,nan,nan,nan,nan,0.1,1.0,20.0,10 V,1.0,False,1
11.0431,0.00011,1e-05,0.1109634,1008758.1818181818,1249420.0,0.0124942,nan,nan,nan,nan,0.1,1.0,20.0,10 V,1.0,False,1
11.0644,0.00011,1e-05,0.1109634,1008758.1818181818,1172440.0,0.0117244,nan,nan,nan,nan,0.1,1.0,20.0,10 V,1.0,False,1
11.0857,0.00011,1e-05,0.1109634,1008758.1818181818,1221930.0,0.0122193,nan,nan,nan,nan,0.1,1.0,20.0,10 V,1.0,False,1
11.1070,0.00011,1e-05,0.1109634,1008758.1818181818,1300020.0,0.0130002,nan,nan,nan,nan,0.1,1.0,20.0,10 V,1.0,False,1
11.1282,0.00011,1e-05,0.1109634,1008758.1818181818,1259320.0,0.0125932,nan,nan,nan,nan,0.1,1.0,20.0,10 V,1.0,False,1
11.1495,0.00011,1e-05,0.1109634,1008758.1818181818,1195530.0,0.0119553,nan,nan,nan,nan,0.1,1.0,20.0,10 V,1.0,False,1
11.1706,0.00011,1e-05,0.1109634,1008758.1818181818,1356110.0,0.0135611,nan,nan,nan,nan,0.1,1.0,20.0,10 V,1.0,False,1
11.1919,0.00011,1e-05,0.1109634,1008758.1818181818,1168040.0,0.0116804,nan,nan,nan,nan,0.1,1.0,20.0,10 V,1.0,False,1
11.2130,0.00011,1e-05,0.1109634,1008758.1818181818,1317610.0,0.0131761,nan,nan,nan,nan,0.1,1.0,20.0,10 V,1.0,False,1
11.2342,0.00011,1e-05,0.1109634,1008758.1818181818,1252720.0,0.0125272,nan,nan,nan,nan,0.1,1.0,20.0,10 V,1.0,False,1
11.2554,0.00011,1e-05,0.1109634,1008758.1818181818,1230730.0,0.0123073,nan,nan,nan,nan,0.1,1.0,20.0,10 V,1.0,False,1
11.2767,0.00011,1e-05,0.1109634,1008758.1818181818,1220830.0,0.0122083,nan,nan,nan,nan,0.1,1.0,20.0,10 V,1.0,False,1
11.2979,0.00011,1e-05,0.1109634,1008758.1818181818,1272520.0,0.0127252,nan,nan,nan,nan,0.1,1.0,20.0,10 V,1.0,False,1
11.3192,0.00011,1e-05,0.1109634,1008758.1818181818,1172440.0,0.0117244,nan,nan,nan,nan,0.1,1.0,20.0,10 V,1.0,False,1
11.3404,0.00011,1e-05,0.1109634,1008758.1818181818,1296720.0,0.0129672,nan,nan,nan,nan,0.1,1.0,20.0,10 V,1.0,False,1
11.3616,0.00011,1e-05,0.1109634,1008758.1818181818,1367110.0,0.0136711,nan,nan,nan,nan,0.1,1.0,20.0,10 V,1.0,False,1
11.3829,0.00011,1e-05,0.1109634,1008758.1818181818,1291220.0,0.0129122,nan,nan,nan,nan,0.1,1.0,20.0,10 V,1.0,False,1
11.4042,0.00011,1e-05,0.1109634,1008758.1818181818,1132840.0,0.0113284,nan,nan,nan,nan,0.1,1.0,20.0,10 V,1.0,False,1
11.4254,0.00011,1e-05,0.1109634,1008758.1818181818,1206530.0,0.0120653,nan,nan,nan,nan,0.1,1.0,20.0,10 V,1.0,False,1
11.4467,0.00011,1e-05,0.1109634,1008758.1818181818,1226330.0,0.0122633,nan,nan,nan,nan,0.1,1.0,20.0,10 V,1.0,False,1
11.4679,0.00011,1e-05,0.1109634,1008758.1818181818,1322010.0,0.0132201,nan,nan,nan,nan,0.1,1.0,20.0,10 V,1.0,False,1
11.4892,0.00011,1e-05,0.1109634,1008758.1818181818,1207630.0,0.0120763,nan,nan,nan,nan,0.1,1.0,20.0,10 V,1.0,False,1
11.5104,0.00011,1e-05,0.1109634,1008758.1818181818,1147140.0,0.0114714,nan,nan,nan,nan,0.1,1.0,20.0,10 V,1.0,False,1
11.5316,0.00011,1e-05,0.1109634,1008758.1818181818,1216430.0,0.0121643,nan,nan,nan,nan,0.1,1.0,20.0,10 V,1.0,False,1
11.5529,0.00011,1e-05,0.1109634,1008758.1818181818,1319810.0,0.0131981,nan,nan,nan,nan,0.1,1.0,20.0,10 V,1.0,False,1
11.5742,0.00011,1e-05,0.1109634,1008758.1818181818,1289020.0,0.0128902,nan,nan,nan,nan,0.1,1.0,20.0,10 V,1.0,False,1
11.5956,0.00011,1e-05,0.1109634,1008758.1818181818,1273620.0,0.0127362,nan,nan,nan,nan,0.1,1.0,20.0,10 V,1.0,False,1
11.6169,0.00011,1e-05,0.1109634,1008758.1818181818,1314320.0,0.0131432,nan,nan,nan,nan,0.1,1.0,20.0,10 V,1.0,False,1
11.6382,0.00011,1e-05,0.1109634,1008758.1818181818,1254920.0,0.0125492,nan,nan,nan,nan,0.1,1.0,20.0,10 V,1.0,False,1
11.6594,0.00011,1e-05,0.1109634,1008758.1818181818,1257120.0,0.0125712,nan,nan,nan,nan,0.1,1.0,20.0,10 V,1.0,False,1
11.6807,0.00011,1e-05,0.1109634,1008758.1818181818,1164740.0,0.0116474,nan,nan,nan,nan,0.1,1.0,20.0,10 V,1.0,False,1
11.7020,0.00011,1e-05,0.1109634,1008758.1818181818,1232930.0,0.0123293,nan,nan,nan,nan,0.1,1.0,20.0,10 V,1.0,False,1
11.7233,0.00011,1e-05,0.1109634,1008758.1818181818,1210930.0,0.0121093,nan,nan,nan,nan,0.1,1.0,20.0,10 V,1.0,False,1
11.7446,0.00011,1e-05,0.1109634,1008758.1818181818,1064650.0,0.0106465,nan,nan,nan,nan,0.1,1.0,20.0,10 V,1.0,False,1
11.7659,0.00011,1e-05,0.1109634,1008758.1818181818,1055850.0,0.0105585,nan,nan,nan,nan,0.1,1.0,20.0,10 V,1.0,False,1
11.7871,0.00011,1e-05,0.1109634,1008758.1818181818,1126240.0,0.0112624,nan,nan,nan,nan,0.1,1.0,20.0,10 V,1.0,False,1
11.8084,0.00011,1e-05,0.1109634,1008758.1818181818,1220830.0,0.0122083,nan,nan,nan,nan,0.1,1.0,20.0,10 V,1.0,False,1
11.8297,0.00011,1e-05,0.1109634,1008758.1818181818,1099850.0,0.0109985,nan,nan,nan,nan,0.1,1.0,20.0,10 V,1.0,False,1
11.8508,0.00011,1e-05,0.1109634,1008758.1818181818,1060250.0,0.0106025,nan,nan,nan,nan,0.1,1.0,20.0,10 V,1.0,False,1
11.8719,0.00011,1e-05,0.1109634,1008758.1818181818,1208730.0,0.0120873,nan,nan,nan,nan,0.1,1.0,20.0,10 V,1.0,False,1
11.8930,0.00011,1e-05,0.1109634,1008758.1818181818,1191130.0,0.0119113,nan,nan,nan,nan,0.1,1.0,20.0,10 V,1.0,False,1
11.9142,0.00011,1e-05,0.1109634,1008758.1818181818,1044849.9999999999,0.0104485,nan,nan,nan,nan,0.1,1.0,20.0,10 V,1.0,False,1
11.9354,0.00011,1e-05,0.1109634,1008758.1818181818,1202130.0,0.0120213,nan,nan,nan,nan,0.1,1.0,20.0,10 V,1.0,False,1
11.9566,0.00011,1e-05,0.1109634,1008758.1818181818,1274720.0,0.0127472,nan,nan,nan,nan,0.1,1.0,20.0,10 V,1.0,False,1
11.9779,0.00011,1e-05,0.1109634,1008758.1818181818,1201030.0,0.0120103,nan,nan,nan,nan,0.1,1.0,20.0,10 V,1.0,False,1
11.9992,0.00011,1e-05,0.1109634,1008758.1818181818,1034949.9999999999,0.0103495,nan,nan,nan,nan,0.1,1.0,20.0,10 V,1.0,False,1
12.0204,0.00011,1e-05,0.1109634,1008758.1818181818,1238430.0,0.0123843,nan,nan,nan,nan,0.1,1.0,20.0,10 V,1.0,False,1
12.0416,0.00011,1e-05,0.1109634,1008758.1818181818,1227430.0,0.0122743,nan,nan,nan,nan,0.1,1.0,20.0,10 V,1.0,False,1
12.0627,0.00011,1e-05,0.1109634,1008758.1818181818,1221930.0,0.0122193,nan,nan,nan,nan,0.1,1.0,20.0,10 V,1.0,False,1
12.0840,0.00011,1e-05,0.1109634,1008758.1818181818,1278020.0,0.0127802,nan,nan,nan,nan,0.1,1.0,20.0,10 V,1.0,False,1
12.1053,0.00011,1e-05,0.1109634,1008758.1818181818,1253820.0,0.0125382,nan,nan,nan,nan,0.1,1.0,20.0,10 V,1.0,False,1
12.1266,0.00011,1e-05,0.1109634,1008758.1818181818,1262620.0,0.0126262,nan,nan,nan,nan,0.1,1.0,20.0,10 V,1.0,False,1
12.1478,0.00011,1e-05,0.1109634,1008758.1818181818,1250520.0,0.0125052,nan,nan,nan,nan,0.1,1.0,20.0,10 V,1.0,False,1
12.1690,0.00011,1e-05,0.1109634,1008758.1818181818,1215330.0,0.0121533,nan,nan,nan,nan,0.1,1.0,20.0,10 V,1.0,False,1
12.1902,0.00011,1e-05,0.1109634,1008758.1818181818,1235130.0,0.0123513,nan,nan,nan,nan,0.1,1.0,20.0,10 V,1.0,False,1
12.2115,0.00011,1e-05,0.1109634,1008758.1818181818,1246120.0,0.0124612,nan,nan,nan,nan,0.1,1.0,20.0,10 V,1.0,False,1
12.2328,0.00011,1e-05,0.1109634,1008758.1818181818,1267020.0,0.0126702,nan,nan,nan,nan,0.1,1.0,20.0,10 V,1.0,False,1
12.2540,0.00011,1e-05,0.1109634,1008758.1818181818,1146040.0,0.0114604,nan,nan,nan,nan,0.1,1.0,20.0,10 V,1.0,False,1
12.2753,0.00011,1e-05,0.1109634,1008758.1818181818,1208730.0,0.0120873,nan,nan,nan,nan,0.1,1.0,20.0,10 V,1.0,False,1
12.2965,0.00011,1e-05,0.1109634,1008758.1818181818,1256020.0,0.0125602,nan,nan,nan,nan,0.1,1.0,20.0,10 V,1.0,False,1
12.3178,0.00011,1e-05,0.1109634,1008758.1818181818,1281320.0,0.0128132,nan,nan,nan,nan,0.1,1.0,20.0,10 V,1.0,False,1
12.3391,0.00011,1e-05,0.1109634,1008758.1818181818,1287920.0,0.0128792,nan,nan,nan,nan,0.1,1.0,20.0,10 V,1.0,False,1
12.3603,0.00011,1e-05,0.1109634,1008758.1818181818,1169140.0,0.0116914,nan,nan,nan,nan,0.1,1.0,20.0,10 V,1.0,False,1
12.3815,0.00011,1e-05,0.1109634,1008758.1818181818,1213130.0,0.0121313,nan,nan,nan,nan,0.1,1.0,20.0,10 V,1.0,False,1
12.4028,0.00011,1e-05,0.1109634,1008758.1818181818,1265920.0,0.0126592,nan,nan,nan,nan,0.1,1.0,20.0,10 V,1.0,False,1
12.4240,0.00011,1e-05,0.1109634,1008758.1818181818,1227430.0,0.0122743,nan,nan,nan,nan,0.1,1.0,20.0,10 V,1.0,False,1
12.4452,0.00011,1e-05,0.1109634,1008758.1818181818,1171340.0,0.0117134,nan,nan,nan,nan,0.1,1.0,20.0,10 V,1.0,False,1
12.4664,0.00011,1e-05,0.1109634,1008758.1818181818,1281320.0,0.0128132,nan,nan,nan,nan,0.1,1.0,20.0,10 V,1.0,False,1
12.4877,0.00011,1e-05,0.1109634,1008758.1818181818,1260420.0,0.0126042,nan,nan,nan,nan,0.1,1.0,20.0,10 V,1.0,False,1
12.5089,0.00011,1e-05,0.1109634,1008758.1818181818,1257120.0,0.0125712,nan,nan,nan,nan,0.1,1.0,20.0,10 V,1.0,False,1
12.5302,0.00011,1e-05,0.1109634,1008758.1818181818,1136140.0,0.0113614,nan,nan,nan,nan,0.1,1.0,20.0,10 V,1.0,False,1
12.5514,0.00011,1e-05,0.1109634,1008758.1818181818,1216430.0,0.0121643,nan,nan,nan,nan,0.1,1.0,20.0,10 V,1.0,False,1
12.5726,0.00011,1e-05,0.1109634,1008758.1818181818,1247220.0,0.0124722,nan,nan,nan,nan,0.1,1.0,20.0,10 V,1.0,False,1
12.5940,0.00011,1e-05,0.1109634,1008758.1818181818,1230730.0,0.0123073,nan,nan,nan,nan,0.1,1.0,20.0,10 V,1.0,False,1
12.6152,0.00011,1e-05,0.1109634,1008758.1818181818,1242830.0,0.0124283,nan,nan,nan,nan,0.1,1.0,20.0,10 V,1.0,False,1
12.6365,0.00011,1e-05,0.1109634,1008758.1818181818,1162540.0,0.0116254,nan,nan,nan,nan,0.1,1.0,20.0,10 V,1.0,False,1
12.6578,0.00011,1e-05,0.1109634,1008758.1818181818,1158140.0,0.0115814,nan,nan,nan,nan,0.1,1.0,20.0,10 V,1.0,False,1
12.6792,0.00011,1e-05,0.1109634,1008758.1818181818,1208730.0,0.0120873,nan,nan,nan,nan,0.1,1.0,20.0,10 V,1.0,False,1
12.7004,0.00011,1e-05,0.1109634,1008758.1818181818,1166940.0,0.0116694,nan,nan,nan,nan,0.1,1.0,20.0,10 V,1.0,False,1
12.7217,0.00011,1e-05,0.1109634,1008758.1818181818,1225230.0,0.0122523,nan,nan,nan,nan,0.1,1.0,20.0,10 V,1.0,False,1
12.7429,0.00011,1e-05,0.1109634,1008758.1818181818,1283520.0,0.0128352,nan,nan,nan,nan,0.1,1.0,20.0,10 V,1.0,False,1
12.7641,0.00011,1e-05,0.1109634,1008758.1818181818,1273620.0,0.0127362,nan,nan,nan,nan,0.1,1.0,20.0,10 V,1.0,False,1
12.7852,0.00011,1e-05,0.1109634,1008758.1818181818,1284620.0,0.0128462,nan,nan,nan,nan,0.1,1.0,20.0,10 V,1.0,False,1
12.8064,0.00011,1e-05,0.1109634,1008758.1818181818,1226330.0,0.0122633,nan,nan,nan,nan,0.1,1.0,20.0,10 V,1.0,False,1
12.8275,0.00011,1e-05,0.1109634,1008758.1818181818,1290120.0,0.0129012,nan,nan,nan,nan,0.1,1.0,20.0,10 V,1.0,False,1
27.4326,0.00011,1e-05,0.1109634,1008758.1818181818,8504010.0,0.0850401,nan,nan,nan,nan,0.1,1.0,20.0,10 V,1.0,False,1
27.4537,0.00011,1e-05,0.1109634,1008758.1818181818,7639530.0,0.0763953,nan,nan,nan,nan,0.1,1.0,20.0,10 V,1.0,False,1
27.4746,0.00011,1e-05,0.1109634,1008758.1818181818,7714319.999999999,0.0771432,nan,nan,nan,nan,0.1,1.0,20.0,10 V,1.0,False,1
27.4957,0.00011,1e-05,0.1109634,1008758.1818181818,7576840.0,0.0757684,nan,nan,nan,nan,0.1,1.0,20.0,10 V,1.0,False,1
27.5169,0.00011,1e-05,0.1109634,1008758.1818181818,7881489.999999999,0.0788149,nan,nan,nan,nan,0.1,1.0,20.0,10 V,1.0,False,1
27.5379,0.00011,1e-05,0.1109634,1008758.1818181818,7955180.0,0.0795518,nan,nan,nan,nan,0.1,1.0,20.0,10 V,1.0,False,1
27.5590,0.00011,1e-05,0.1109634,1008758.1818181818,7366770.0,0.0736677,nan,nan,nan,nan,0.1,1.0,20.0,10 V,1.0,False,1
27.5801,0.00011,1e-05,0.1109634,1008758.1818181818,7746210.0,0.0774621,nan,nan,nan,nan,0.1,1.0,20.0,10 V,1.0,False,1
27.6012,0.00011,1e-05,0.1109634,1008758.1818181818,8060770.0,0.0806077,nan,nan,nan,nan,0.1,1.0,20.0,10 V,1.0,False,1
27.6224,0.00011,1e-05,0.1109634,1008758.1818181818,7586730.0,0.0758673,nan,nan,nan,nan,0.1,1.0,20.0,10 V,1.0,False,1
27.6436,0.00011,1e-05,0.1109634,1008758.1818181818,7922190.0,0.0792219,nan,nan,nan,nan,0.1,1.0,20.0,10 V,1.0,False,1
27.6649,0.00011,1e-05,0.1109634,1008758.1818181818,8004680.0,0.0800468,nan,nan,nan,nan,0.1,1.0,20.0,10 V,1.0,False,1
27.6862,0.00011,1e-05,0.1109634,1008758.1818181818,7741810.0,0.0774181,nan,nan,nan,nan,0.1,1.0,20.0,10 V,1.0,False,1
27.7074,0.00011,1e-05,0.1109634,1008758.1818181818,7760509.999999999,0.0776051,nan,nan,nan,nan,0.1,1.0,20.0,10 V,1.0,False,1
27.7287,0.00011,1e-05,0.1109634,1008758.1818181818,7532840.0,0.0753284,nan,nan,nan,nan,0.1,1.0,20.0,10 V,1.0,False,1
27.7500,0.00011,1e-05,0.1109634,1008758.1818181818,7704419.999999999,0.0770442,nan,nan,nan,nan,0.1,1.0,20.0,10 V,1.0,False,1
27.7712,0.00011,1e-05,0.1109634,1008758.1818181818,7881489.999999999,0.0788149,nan,nan,nan,nan,0.1,1.0,20.0,10 V,1.0,False,1
27.7925,0.00011,1e-05,0.1109634,1008758.1818181818,8017870.0,0.0801787,nan,nan,nan,nan,0.1,1.0,20.0,10 V,1.0,False,1
27.8137,0.00011,1e-05,0.1109634,1008758.1818181818,7934289.999999999,0.0793429,nan,nan,nan,nan,0.1,1.0,20.0,10 V,1.0,False,1
27.8350,0.00011,1e-05,0.1109634,1008758.1818181818,7573539.999999999,0.0757354,nan,nan,nan,nan,0.1,1.0,20.0,10 V,1.0,False,1
27.8563,0.00011,1e-05,0.1109634,1008758.1818181818,7719819.999999999,0.0771982,nan,nan,nan,nan,0.1,1.0,20.0,10 V,1.0,False,1
27.8775,0.00011,1e-05,0.1109634,1008758.1818181818,7911190.0,0.0791119,nan,nan,nan,nan,0.1,1.0,20.0,10 V,1.0,False,1
27.8988,0.00011,1e-05,0.1109634,1008758.1818181818,7780310.0,0.0778031,nan,nan,nan,nan,0.1,1.0,20.0,10 V,1.0,False,1
27.9201,0.00011,1e-05,0.1109634,1008758.1818181818,7947480.0,0.0794748,nan,nan,nan,nan,0.1,1.0,20.0,10 V,1.0,False,1
27.9413,0.00011,1e-05,0.1109634,1008758.1818181818,7867190.0,0.0786719,nan,nan,nan,nan,0.1,1.0,20.0,10 V,1.0,False,1
27.9626,0.00011,1e-05,0.1109634,1008758.1818181818,7944180.000000001,0.0794418,nan,nan,nan,nan,0.1,1.0,20.0,10 V,1.0,False,1
27.9838,0.00011,1e-05,0.1109634,1008758.1818181818,7565840.0,0.0756584,nan,nan,nan,nan,0.1,1.0,20.0,10 V,1.0,False,1
28.0050,0.00011,1e-05,0.1109634,1008758.1818181818,7520739.999999999,0.0752074,nan,nan,nan,nan,0.1,1.0,20.0,10 V,1.0,False,1
28.0264,0.00011,1e-05,0.1109634,1008758.1818181818,7428360.0,0.0742836,nan,nan,nan,nan,0.1,1.0,20.0,10 V,1.0,False,1
28.0477,0.00011,1e-05,0.1109634,1008758.1818181818,7676919.999999999,0.0767692,nan,nan,nan,nan,0.1,1.0,20.0,10 V,1.0,False,1
28.0689,0.00011,1e-05,0.1109634,1008758.1818181818,7930990.0,0.0793099,nan,nan,nan,nan,0.1,1.0,20.0,10 V,1.0,False,1
28.0901,0.00011,1e-05,0.1109634,1008758.1818181818,7442650.000000001,0.0744265,nan,nan,nan,nan,0.1,1.0,20.0,10 V,1.0,False,1
28.1113,0.00011,1e-05,0.1109634,1008758.1818181818,7494349.999999999,0.0749435,nan,nan,nan,nan,0.1,1.0,20.0,10 V,1.0,False,1
28.1325,0.00011,1e-05,0.1109634,1008758.1818181818,7669220.0,0.0766922,nan,nan,nan,nan,0.1,1.0,20.0,10 V,1.0,False,1
28.1537,0.00011,1e-05,0.1109634,1008758.1818181818,7451450.0,0.0745145,nan,nan,nan,nan,0.1,1.0,20.0,10 V,1.0,False,1
28.1750,0.00011,1e-05,0.1109634,1008758.1818181818,7673620.0,0.0767362,nan,nan,nan,nan,0.1,1.0,20.0,10 V,1.0,False,1
28.1962,0.00011,1e-05,0.1109634,1008758.1818181818,7663720.0,0.0766372,nan,nan,nan,nan,0.1,1.0,20.0,10 V,1.0,False,1
28.2175,0.00011,1e-05,0.1109634,1008758.1818181818,7445950.0,0.0744595,nan,nan,nan,nan,0.1,1.0,20.0,10 V,1.0,False,1
28.2387,0.00011,1e-05,0.1109634,1008758.1818181818,7342569.999999999,0.0734257,nan,nan,nan,nan,0.1,1.0,20.0,10 V,1.0,False,1
28.2600,0.00011,1e-05,0.1109634,1008758.1818181818,7784710.0,0.0778471,nan,nan,nan,nan,0.1,1.0,20.0,10 V,1.0,False,1
28.2813,0.00011,1e-05,0.1109634,1008758.1818181818,7735209.999999999,0.0773521,nan,nan,nan,nan,0.1,1.0,20.0,10 V,1.0,False,1
28.3026,0.00011,1e-05,0.1109634,1008758.1818181818,7608729.999999999,0.0760873,nan,nan,nan,nan,0.1,1.0,20.0,10 V,1.0,False,1
28.3239,0.00011,1e-05,0.1109634,1008758.1818181818,7706620.0,0.0770662,nan,nan,nan,nan,0.1,1.0,20.0,10 V,1.0,False,1
28.3451,0.00011,1e-05,0.1109634,1008758.1818181818,7464650.0,0.0746465,nan,nan,nan,nan,0.1,1.0,20.0,10 V,1.0,False,1
28.3663,0.00011,1e-05,0.1109634,1008758.1818181818,7659320.0,0.0765932,nan,nan,nan,nan,0.1,1.0,20.0,10 V,1.0,False,1
28.3876,0.00011,1e-05,0.1109634,1008758.1818181818,7759410.0,0.0775941,nan,nan,nan,nan,0.1,1.0,20.0,10 V,1.0,False,1
28.4088,0.00011,1e-05,0.1109634,1008758.1818181818,7455850.0,0.0745585,nan,nan,nan,nan,0.1,1.0,20.0,10 V,1.0,False,1
28.4300,0.00011,1e-05,0.1109634,1008758.1818181818,7696720.0,0.0769672,nan,nan,nan,nan,0.1,1.0,20.0,10 V,1.0,False,1
28.4512,0.00011,1e-05,0.1109634,1008758.1818181818,7641729.999999999,0.0764173,nan,nan,nan,nan,0.1,1.0,20.0,10 V,1.0,False,1
28.4725,0.00011,1e-05,0.1109634,1008758.1818181818,7444850.0,0.0744485,nan,nan,nan,nan,0.1,1.0,20.0,10 V,1.0,False,1
28.4938,0.00011,1e-05,0.1109634,1008758.1818181818,7375560.0,0.0737556,nan,nan,nan,nan,0.1,1.0,20.0,10 V,1.0,False,1
28.5150,0.00011,1e-05,0.1109634,1008758.1818181818,7467949.999999999,0.0746795,nan,nan,nan,nan,0.1,1.0,20.0,10 V,1.0,False,1
28.5362,0.00011,1e-05,0.1109634,1008758.1818181818,7722020.0,0.0772202,nan,nan,nan,nan,0.1,1.0,20.0,10 V,1.0,False,1
28.5574,0.00011,1e-05,0.1109634,1008758.1818181818,7242480.0,0.0724248,nan,nan,nan,nan,0.1,1.0,20.0,10 V,1.0,False,1
28.5786,0.00011,1e-05,0.1109634,1008758.1818181818,8090459.999999999,0.0809046,nan,nan,nan,nan,0.1,1.0,20.0,10 V,1.0,False,1
28.5999,0.00011,1e-05,0.1109634,1008758.1818181818,7425060.0,0.0742506,nan,nan,nan,nan,0.1,1.0,20.0,10 V,1.0,False,1
28.6212,0.00011,1e-05,0.1109634,1008758.1818181818,7324970.0,0.0732497,nan,nan,nan,nan,0.1,1.0,20.0,10 V,1.0,False,1
28.6424,0.00011,1e-05,0.1109634,1008758.1818181818,7272180.0,0.0727218,nan,nan,nan,nan,0.1,1.0,20.0,10 V,1.0,False,1
28.6637,0.00011,1e-05,0.1109634,1008758.1818181818,7727510.0,0.0772751,nan,nan,nan,nan,0.1,1.0,20.0,10 V,1.0,False,1
28.6849,0.00011,1e-05,0.1109634,1008758.1818181818,8064069.999999999,0.0806407,nan,nan,nan,nan,0.1,1.0,20.0,10 V,1.0,False,1
28.7061,0.00011,1e-05,0.1109634,1008758.1818181818,7652720.0,0.0765272,nan,nan,nan,nan,0.1,1.0,20.0,10 V,1.0,False,1
28.7274,0.00011,1e-05,0.1109634,1008758.1818181818,7720920.0,0.0772092,nan,nan,nan,nan,0.1,1.0,20.0,10 V,1.0,False,1
28.7488,0.00011,1e-05,0.1109634,1008758.1818181818,7568039.999999999,0.0756804,nan,nan,nan,nan,0.1,1.0,20.0,10 V,1.0,False,1
28.7700,0.00011,1e-05,0.1109634,1008758.1818181818,7874889.999999999,0.0787489,nan,nan,nan,nan,0.1,1.0,20.0,10 V,1.0,False,1
28.7913,0.00011,1e-05,0.1109634,1008758.1818181818,7804500.0,0.078045,nan,nan,nan,nan,0.1,1.0,20.0,10 V,1.0,False,1
28.8125,0.00011,1e-05,0.1109634,1008758.1818181818,7423960.0,0.0742396,nan,nan,nan,nan,0.1,1.0,20.0,10 V,1.0,False,1
28.8338,0.00011,1e-05,0.1109634,1008758.1818181818,7350270.0,0.0735027,nan,nan,nan,nan,0.1,1.0,20.0,10 V,1.0,False,1
28.8549,0.00011,1e-05,0.1109634,1008758.1818181818,7951880.0,0.0795188,nan,nan,nan,nan,0.1,1.0,20.0,10 V,1.0,False,1
28.8762,0.00011,1e-05,0.1109634,1008758.1818181818,7425060.0,0.0742506,nan,nan,nan,nan,0.1,1.0,20.0,10 V,1.0,False,1
28.8974,0.00011,1e-05,0.1109634,1008758.1818181818,7409660.0,0.0740966,nan,nan,nan,nan,0.1,1.0,20.0,10 V,1.0,False,1
28.9186,0.00011,1e-05,0.1109634,1008758.1818181818,7485550.0,0.0748555,nan,nan,nan,nan,0.1,1.0,20.0,10 V,1.0,False,1
28.9397,0.00011,1e-05,0.1109634,1008758.1818181818,7321669.999999999,0.0732167,nan,nan,nan,nan,0.1,1.0,20.0,10 V,1.0,False,1
31.3053,0.00021,1e-05,0.1752604,834573.3333333334,1131740.0,0.0113174,nan,nan,nan,nan,0.1,1.0,20.0,10 V,1.0,False,1
31.3477,0.00026000000000000003,1e-05,0.2052092,789266.1538461538,1106440.0,0.0110644,nan,nan,nan,nan,0.1,1.0,20.0,10 V,1.0,False,1
31.3901,0.0003,1e-05,0.2236538,745512.6666666667,1052550.0,0.0105255,nan,nan,nan,nan,0.1,1.0,20.0,10 V,1.0,False,1
31.4325,0.00024999999999999995,1e-05,0.1978072,791228.8000000002,1115240.0,0.0111524,nan,nan,nan,nan,0.1,1.0,20.0,10 V,1.0,False,1
31.4750,0.00019999999999999996,1e-05,0.1628761,814380.5000000001,1139440.0,0.0113944,nan,nan,nan,nan,0.1,1.0,20.0,10 V,1.0,False,1
31.5175,0.00014999999999999996,1e-05,0.1305297,870198.0000000002,1012960.0,0.0101296,nan,nan,nan,nan,0.1,1.0,20.0,10 V,1.0,False,1
31.5599,9.999999999999996e-05,1e-05,0.0942458,942458.0000000003,1121840.0,0.0112184,nan,nan,nan,nan,0.1,1.0,20.0,10 V,1.0,False,1
31.6023,4.999999999999996e-05,1e-05,0.049658,993160.0000000007,1092150.0,0.0109215,nan,nan,nan,nan,0.1,1.0,20.0,10 V,1.0,False,1
31.6448,-1e-05,1e-05,-0.0092167,921669.9999999999,1041549.9999999999,0.0104155,nan,nan,nan,nan,0.1,1.0,20.0,10 V,1.0,False,1
31.6871,-6e-05,1e-05,-0.0573679,956131.6666666665,1027260.0,0.0102726,nan,nan,nan,nan,0.1,1.0,20.0,10 V,1.0,False,1
31.9415,-0.00011,1e-05,-0.1779772,1617974.5454545454,3853860.0,0.0385386,nan,nan,nan,nan,0.1,1.0,20.0,10 V,1.0,False,1
31.9839,-0.00016,1e-05,-0.2173189,1358243.125,3136760.0,0.0313676,nan,nan,nan,nan,0.1,1.0,20.0,10 V,1.0,False,1
32.0264,-0.00021,1e-05,-0.2621266,1248221.9047619046,3223650.0,0.0322365,nan,nan,nan,nan,0.1,1.0,20.0,10 V,1.0,False,1
32.0687,-0.00026000000000000003,1e-05,-0.2934612,1128696.9230769228,3197250.0,0.0319725,nan,nan,nan,nan,0.1,1.0,20.0,10 V,1.0,False,1
32.1112,-0.0003,1e-05,-0.3119606,1039868.6666666666,3064170.0,0.0306417,nan,nan,nan,nan,0.1,1.0,20.0,10 V,1.0,False,1
32.1536,-0.00024999999999999995,1e-05,-0.2772714,1109085.6000000003,4099119.9999999995,0.0409912,nan,nan,nan,nan,0.1,1.0,20.0,10 V,1.0,False,1
32.1960,-0.00019999999999999996,1e-05,-0.2471907,1235953.5000000002,3264340.0,0.0326434,nan,nan,nan,nan,0.1,1.0,20.0,10 V,1.0,False,1
32.2385,-0.00014999999999999996,1e-05,-0.2154161,1436107.3333333337,3005880.0,0.0300588,nan,nan,nan,nan,0.1,1.0,20.0,10 V,1.0,False,1
32.2810,-9.999999999999996e-05,1e-05,-0.1639212,1639212.0000000005,3090570.0,0.0309057,nan,nan,nan,nan,0.1,1.0,20.0,10 V,1.0,False,1
32.3235,-4.999999999999996e-05,1e-05,-0.1032867,2065734.0000000014,3010280.0,0.0301028,nan,nan,nan,nan,0.1,1.0,20.0,10 V,1.0,False,1
32.3661,1e-05,1e-05,0.0421461,4214610.0,4249800.0,0.042498,nan,nan,nan,nan,0.1,1.0,20.0,10 V,1.0,False,1
32.4086,6e-05,1e-05,0.1699371,2832284.9999999995,4024330.0,0.0402433,nan,nan,nan,nan,0.1,1.0,20.0,10 V,1.0,False,1
32.4510,0.00011,1e-05,0.2268323,2062111.818181818,4220110.0,0.0422011,nan,nan,nan,nan,0.1,1.0,20.0,10 V,1.0,False,1
32.4935,0.00016,1e-05,0.2756105,1722565.6249999998,3742770.0,0.0374277,nan,nan,nan,nan,0.1,1.0,20.0,10 V,1.0,False,1
32.5359,0.00021,1e-05,0.3171626,1510298.0952380954,3017980.0,0.0301798,nan,nan,nan,nan,0.1,1.0,20.0,10 V,1.0,False,1
32.5783,0.00026000000000000003,1e-05,0.3184495,1224805.769230769,4301500.0,0.043015,nan,nan,nan,nan,0.1,1.0,20.0,10 V,1.0,False,1
32.6207,0.0003,1e-05,0.3603316,1201105.3333333333,2889290.0,0.0288929,nan,nan,nan,nan,0.1,1.0,20.0,10 V,1.0,False,1
32.6631,0.00024999999999999995,1e-05,0.3341992,1336796.8000000003,3598690.0,0.0359869,nan,nan,nan,nan,0.1,1.0,20.0,10 V,1.0,False,1
32.7055,0.00019999999999999996,1e-05,0.2868509,1434254.5000000005,3397420.0,0.0339742,nan,nan,nan,nan,0.1,1.0,20.0,10 V,1.0,False,1
32.7479,0.00014999999999999996,1e-05,0.2627423,1751615.3333333337,3471110.0,0.0347111,nan,nan,nan,nan,0.1,1.0,20.0,10 V,1.0,False,1
32.7904,9.999999999999996e-05,1e-05,0.2135682,2135682.000000001,3570099.9999999995,0.035701,nan,nan,nan,nan,0.1,1.0,20.0,10 V,1.0,False,1
32.8328,4.999999999999996e-05,1e-05,0.1197622,2395244.000000002,3030070.0,0.0303007,nan,nan,nan,nan,0.1,1.0,20.0,10 V,1.0,False,1
32.8753,-1e-05,1e-05,-0.0250435,2504350.0,2844200.0,0.028442,nan,nan,nan,nan,0.1,1.0,20.0,10 V,1.0,False,1
32.9177,-6e-05,1e-05,-0.1235568,2059279.9999999995,2977280.0,0.0297728,nan,nan,nan,nan,0.1,1.0,20.0,10 V,1.0,False,1
32.9601,-0.00011,1e-05,-0.1812987,1648170.0,3175250.0,0.0317525,nan,nan,nan,nan,0.1,1.0,20.0,10 V,1.0,False,1
33.0026,-0.00016,1e-05,-0.2243029,1401893.125,3068570.0,0.0306857,nan,nan,nan,nan,0.1,1.0,20.0,10 V,1.0,False,1
33.0451,-0.00021,1e-05,-0.2587061,1231933.8095238095,2988280.0,0.0298828,nan,nan,nan,nan,0.1,1.0,20.0,10 V,1.0,False,1
33.0876,-0.00026000000000000003,1e-05,-0.2894907,1113425.769230769,2773810.0,0.0277381,nan,nan,nan,nan,0.1,1.0,20.0,10 V,1.0,False,1
33.1302,-0.0003,1e-05,-0.3065603,1021867.6666666667,2879400.0,0.028794,nan,nan,nan,nan,0.1,1.0,20.0,10 V,1.0,False,1
33.1724,-0.00024999999999999995,1e-05,-0.2790422,1116168.8000000003,3037770.0,0.0303777,nan,nan,nan,nan,0.1,1.0,20.0,10 V,1.0,False,1
33.2149,-0.00019999999999999996,1e-05,-0.2514801,1257400.5000000002,3044370.0,0.0304437,nan,nan,nan,nan,0.1,1.0,20.0,10 V,1.0,False,1
33.2573,-0.00014999999999999996,1e-05,-0.2157241,1438160.666666667,3041070.0,0.0304107,nan,nan,nan,nan,0.1,1.0,20.0,10 V,1.0,False,1
33.2997,-9.999999999999996e-05,1e-05,-0.1710922,1710922.0000000005,2959680.0,0.0295968,nan,nan,nan,nan,0.1,1.0,20.0,10 V,1.0,False,1
33.3423,-4.999999999999996e-05,1e-05,-0.1107326,2214652.0000000014,3080670.0,0.0308067,nan,nan,nan,nan,0.1,1.0,20.0,10 V,1.0,False,1
33.3846,1e-05,1e-05,0.0297948,2979480.0,3046570.0,0.0304657,nan,nan,nan,nan,0.1,1.0,20.0,10 V,1.0,False,1
33.4269,6e-05,1e-05,0.1374917,2291528.333333333,3173050.0,0.0317305,nan,nan,nan,nan,0.1,1.0,20.0,10 V,1.0,False,1
33.4694,0.00011,1e-05,0.1960915,1782650.0,3069670.0,0.0306967,nan,nan,nan,nan,0.1,1.0,20.0,10 V,1.0,False,1
33.5118,0.00016,1e-05,0.2325075,1453171.875,2812300.0,0.028123,nan,nan,nan,nan,0.1,1.0,20.0,10 V,1.0,False,1
33.5542,0.00021,1e-05,0.2766223,1317249.0476190476,3159859.9999999995,0.0315986,nan,nan,nan,nan,0.1,1.0,20.0,10 V,1.0,False,1
33.5967,0.00026000000000000003,1e-05,0.2989382,1149762.3076923075,2994880.0,0.0299488,nan,nan,nan,nan,0.1,1.0,20.0,10 V,1.0,False,1
33.6391,0.0003,1e-05,0.3175476,1058492.0,2540640.0,0.0254064,nan,nan,nan,nan,0.1,1.0,20.0,10 V,1.0,False,1
33.6817,0.00024999999999999995,1e-05,0.3447798,1379119.2000000004,3380930.0,0.0338093,nan,nan,nan,nan,0.1,1.0,20.0,10 V,1.0,False,1
33.7241,0.00019999999999999996,1e-05,0.2950557,1475278.5000000002,3424920.0,0.0342492,nan,nan,nan,nan,0.1,1.0,20.0,10 V,1.0,False,1
33.7665,0.00014999999999999996,1e-05,0.2175056,1450037.3333333337,2978380.0,0.0297838,nan,nan,nan,nan,0.1,1.0,20.0,10 V,1.0,False,1
33.8089,9.999999999999996e-05,1e-05,0.2001609,2001609.0000000007,4214610.0,0.0421461,nan,nan,nan,nan,0.1,1.0,20.0,10 V,1.0,False,1
33.8514,4.999999999999996e-05,1e-05,0.1036934,2073868.0000000016,2761710.0,0.0276171,nan,nan,nan,nan,0.1,1.0,20.0,10 V,1.0,False,1
33.8939,-1e-05,1e-05,-0.0248125,2481250.0,3154359.9999999995,0.0315436,nan,nan,nan,nan,0.1,1.0,20.0,10 V,1.0,False,1
33.9361,-6e-05,1e-05,-0.1118765,1864608.3333333333,2866200.0,0.028662,nan,nan,nan,nan,0.1,1.0,20.0,10 V,1.0,False,1
33.9786,-0.00011,1e-05,-0.2084431,1894937.2727272725,4302600.0,0.043026,nan,nan,nan,nan,0.1,1.0,20.0,10 V,1.0,False,1
34.0211,-0.00016,1e-05,-0.2113247,1320779.375,3241240.0,0.0324124,nan,nan,nan,nan,0.1,1.0,20.0,10 V,1.0,False,1
34.0637,-0.00021,1e-05,-0.2455519,1169294.761904762,2604430.0,0.0260443,nan,nan,nan,nan,0.1,1.0,20.0,10 V,1.0,False,1
34.1061,-0.00026000000000000003,1e-05,-0.2795261,1075100.3846153845,3393020.0,0.0339302,nan,nan,nan,nan,0.1,1.0,20.0,10 V,1.0,False,1
34.1489,-0.0003,1e-05,-0.3100248,1033416.0,2947590.0,0.0294759,nan,nan,nan,nan,0.1,1.0,20.0,10 V,1.0,False,1
34.1913,-0.00024999999999999995,1e-05,-0.2780963,1112385.2000000004,2648430.0,0.0264843,nan,nan,nan,nan,0.1,1.0,20.0,10 V,1.0,False,1
34.2338,-0.00019999999999999996,1e-05,-0.2398217,1199108.5000000002,2871700.0,0.028717,nan,nan,nan,nan,0.1,1.0,20.0,10 V,1.0,False,1
34.2763,-0.00014999999999999996,1e-05,-0.2097849,1398566.0000000002,3710879.9999999995,0.0371088,nan,nan,nan,nan,0.1,1.0,20.0,10 V,1.0,False,1
34.3188,-9.999999999999996e-05,1e-05,-0.1664508,1664508.0000000007,4029830.0,0.0402983,nan,nan,nan,nan,0.1,1.0,20.0,10 V,1.0,False,1
34.3613,-4.999999999999996e-05,1e-05,-0.1325866,2651732.000000002,2767210.0,0.0276721,nan,nan,nan,nan,0.1,1.0,20.0,10 V,1.0,False,1
34.4038,1e-05,1e-05,0.0292119,2921190.0,3134560.0,0.0313456,nan,nan,nan,nan,0.1,1.0,20.0,10 V,1.0,False,1
34.4460,6e-05,1e-05,0.1401973,2336621.6666666665,2910190.0,0.0291019,nan,nan,nan,nan,0.1,1.0,20.0,10 V,1.0,False,1
34.4884,0.00011,1e-05,0.2008208,1825643.6363636362,4032030.0000000005,0.0403203,nan,nan,nan,nan,0.1,1.0,20.0,10 V,1.0,False,1
34.5308,0.00016,1e-05,0.2777112,1735695.0,3893449.9999999995,0.0389345,nan,nan,nan,nan,0.1,1.0,20.0,10 V,1.0,False,1
34.5732,0.00021,1e-05,0.3224749,1535594.761904762,3791170.0,0.0379117,nan,nan,nan,nan,0.1,1.0,20.0,10 V,1.0,False,1
34.6156,0.00026000000000000003,1e-05,0.3555692,1367573.8461538458,3650390.0,0.0365039,nan,nan,nan,nan,0.1,1.0,20.0,10 V,1.0,False,1
34.6579,0.0003,1e-05,0.3770052,1256684.0,3872560.0,0.0387256,nan,nan,nan,nan,0.1,1.0,20.0,10 V,1.0,False,1
34.7004,0.00024999999999999995,1e-05,0.3197803,1279121.2000000004,3116960.0,0.0311696,nan,nan,nan,nan,0.1,1.0,20.0,10 V,1.0,False,1
34.7427,0.00019999999999999996,1e-05,0.2888746,1444373.0000000002,2917890.0,0.0291789,nan,nan,nan,nan,0.1,1.0,20.0,10 V,1.0,False,1
34.7851,0.00014999999999999996,1e-05,0.2741257,1827504.6666666672,3963839.9999999995,0.0396384,nan,nan,nan,nan,0.1,1.0,20.0,10 V,1.0,False,1
34.8276,9.999999999999996e-05,1e-05,0.2195953,2195953.0000000005,4012240.0,0.0401224,nan,nan,nan,nan,0.1,1.0,20.0,10 V,1.0,False,1
34.8700,4.999999999999996e-05,1e-05,0.149502,2990040.000000002,4033130.0,0.0403313,nan,nan,nan,nan,0.1,1.0,20.0,10 V,1.0,False,1
34.9125,-1e-05,1e-05,-0.0362949,3629489.9999999995,3792269.9999999995,0.0379227,nan,nan,nan,nan,0.1,1.0,20.0,10 V,1.0,False,1
34.9549,-6e-05,1e-05,-0.1496232,2493720.0,4117819.9999999995,0.0411782,nan,nan,nan,nan,0.1,1.0,20.0,10 V,1.0,False,1
34.9975,-0.00011,1e-05,-0.1679466,1526787.2727272727,3934150.0,0.0393415,nan,nan,nan,nan,0.1,1.0,20.0,10 V,1.0,False,1
35.0399,-0.00016,1e-05,-0.2133154,1333221.25,3154359.9999999995,0.0315436,nan,nan,nan,nan,0.1,1.0,20.0,10 V,1.0,False,1
35.0824,-0.00021,1e-05,-0.2481145,1181497.619047619,3881350.0,0.0388135,nan,nan,nan,nan,0.1,1.0,20.0,10 V,1.0,False,1
35.1249,-0.00026000000000000003,1e-05,-0.2768425,1064778.846153846,2957480.0,0.0295748,nan,nan,nan,nan,0.1,1.0,20.0,10 V,1.0,False,1
35.1675,-0.0003,1e-05,-0.2971127,990375.6666666667,3003680.0,0.0300368,nan,nan,nan,nan,0.1,1.0,20.0,10 V,1.0,False,1
35.2099,-0.00024999999999999995,1e-05,-0.2780083,1112033.2000000002,3027870.0,0.0302787,nan,nan,nan,nan,0.1,1.0,20.0,10 V,1.0,False,1
35.2524,-0.00019999999999999996,1e-05,-0.2353783,1176891.5000000002,2947590.0,0.0294759,nan,nan,nan,nan,0.1,1.0,20.0,10 V,1.0,False,1
35.2949,-0.00014999999999999996,1e-05,-0.2076952,1384634.666666667,3080670.0,0.0308067,nan,nan,nan,nan,0.1,1.0,20.0,10 V,1.0,False,1
35.3374,-9.999999999999996e-05,1e-05,-0.1628763,1628763.0000000005,3025670.0,0.0302567,nan,nan,nan,nan,0.1,1.0,20.0,10 V,1.0,False,1
35.3798,-4.999999999999996e-05,1e-05,-0.0999542,1999084.0000000016,3168650.0,0.0316865,nan,nan,nan,nan,0.1,1.0,20.0,10 V,1.0,False,1
35.4223,1e-05,1e-05,0.0420141,4201410.0,3145560.0,0.0314556,nan,nan,nan,nan,0.1,1.0,20.0,10 V,1.0,False,1
35.4647,6e-05,1e-05,0.171136,2852266.6666666665,3692179.9999999995,0.0369218,nan,nan,nan,nan,0.1,1.0,20.0,10 V,1.0,False,1
35.5071,0.00011,1e-05,0.2371819,2156199.090909091,2892590.0,0.0289259,nan,nan,nan,nan,0.1,1.0,20.0,10 V,1.0,False,1
35.5496,0.00016,1e-05,0.2857071,1785669.375,3141159.9999999995,0.0314116,nan,nan,nan,nan,0.1,1.0,20.0,10 V,1.0,False,1
35.5920,0.00021,1e-05,0.3011819,1434199.5238095238,3025670.0,0.0302567,nan,nan,nan,nan,0.1,1.0,20.0,10 V,1.0,False,1
35.6344,0.00026000000000000003,1e-05,0.3078799,1184153.4615384613,3141159.9999999995,0.0314116,nan,nan,nan,nan,0.1,1.0,20.0,10 V,1.0,False,1
35.6768,0.0003,1e-05,0.378974,1263246.6666666667,2937690.0,0.0293769,nan,nan,nan,nan,0.1,1.0,20.0,10 V,1.0,False,1
35.7192,0.00024999999999999995,1e-05,0.3495311,1398124.4000000004,4169510.0,0.0416951,nan,nan,nan,nan,0.1,1.0,20.0,10 V,1.0,False,1
35.7617,0.00019999999999999996,1e-05,0.2709581,1354790.5000000002,3032270.0,0.0303227,nan,nan,nan,nan,0.1,1.0,20.0,10 V,1.0,False,1
35.8041,0.00014999999999999996,1e-05,0.2318036,1545357.3333333337,2923390.0,0.0292339,nan,nan,nan,nan,0.1,1.0,20.0,10 V,1.0,False,1
35.8465,9.999999999999996e-05,1e-05,0.2216301,2216301.0000000005,3098260.0,0.0309826,nan,nan,nan,nan,0.1,1.0,20.0,10 V,1.0,False,1
35.8890,4.999999999999996e-05,1e-05,0.1237986,2475972.000000002,3058670.0,0.0305867,nan,nan,nan,nan,0.1,1.0,20.0,10 V,1.0,False,1
35.9316,-1e-05,1e-05,-0.0255164,2551640.0,3013580.0,0.0301358,nan,nan,nan,nan,0.1,1.0,20.0,10 V,1.0,False,1
35.9741,-6e-05,1e-05,-0.1158579,1930964.9999999998,3023480.0,0.0302348,nan,nan,nan,nan,0.1,1.0,20.0,10 V,1.0,False,1
36.0166,-0.00011,1e-05,-0.1798249,1634771.8181818181,3204950.0,0.0320495,nan,nan,nan,nan,0.1,1.0,20.0,10 V,1.0,False,1
36.0592,-0.00016,1e-05,-0.2040547,1275341.875,2807910.0,0.0280791,nan,nan,nan,nan,0.1,1.0,20.0,10 V,1.0,False,1
36.1017,-0.00021,1e-05,-0.2430223,1157249.0476190476,2851900.0,0.028519,nan,nan,nan,nan,0.1,1.0,20.0,10 V,1.0,False,1
36.1443,-0.00026000000000000003,1e-05,-0.273081,1050311.5384615383,2549440.0,0.0254944,nan,nan,nan,nan,0.1,1.0,20.0,10 V,1.0,False,1
36.1867,-0.0003,1e-05,-0.2988504,996168.0000000001,2319570.0,0.0231957,nan,nan,nan,nan,0.1,1.0,20.0,10 V,1.0,False,1
36.2290,-0.00024999999999999995,1e-05,-0.2720692,1088276.8000000003,2582440.0,0.0258244,nan,nan,nan,nan,0.1,1.0,20.0,10 V,1.0,False,1
36.2714,-0.00019999999999999996,1e-05,-0.2533278,1266639.0000000002,2761710.0,0.0276171,nan,nan,nan,nan,0.1,1.0,20.0,10 V,1.0,False,1
36.3139,-0.00014999999999999996,1e-05,-0.2215093,1476728.666666667,3144460.0000000005,0.0314446,nan,nan,nan,nan,0.1,1.0,20.0,10 V,1.0,False,1
36.3564,-9.999999999999996e-05,1e-05,-0.1701353,1701353.0000000005,2933290.0,0.0293329,nan,nan,nan,nan,0.1,1.0,20.0,10 V,1.0,False,1
36.3989,-4.999999999999996e-05,1e-05,-0.1052224,2104448.0000000014,2747410.0,0.0274741,nan,nan,nan,nan,0.1,1.0,20.0,10 V,1.0,False,1
36.4411,1e-05,1e-05,0.028827,2882700.0,2890390.0,0.0289039,nan,nan,nan,nan,0.1,1.0,20.0,10 V,1.0,False,1
36.4836,6e-05,1e-05,0.1172985,1954974.9999999998,2604430.0,0.0260443,nan,nan,nan,nan,0.1,1.0,20.0,10 V,1.0,False,1
36.5260,0.00011,1e-05,0.1926269,1751153.6363636362,2867300.0,0.028673,nan,nan,nan,nan,0.1,1.0,20.0,10 V,1.0,False,1
36.5684,0.00016,1e-05,0.2829354,1768346.25,4458770.0,0.0445877,nan,nan,nan,nan,0.1,1.0,20.0,10 V,1.0,False,1
36.6108,0.00021,1e-05,0.3239377,1542560.4761904762,4445580.0,0.0444558,nan,nan,nan,nan,0.1,1.0,20.0,10 V,1.0,False,1
36.6533,0.00026000000000000003,1e-05,0.3208691,1234111.923076923,30811090.0,0.3081109,nan,nan,nan,nan,0.1,1.0,20.0,10 V,1.0,False,1
36.6957,0.0003,1e-05,1.017952,3393173.3333333335,37897400.0,0.378974,nan,nan,nan,nan,0.1,1.0,20.0,10 V,1.0,False,1
36.7382,0.00024999999999999995,1e-05,1.4294159,5717663.6000000015,70132820.0,0.7013282,nan,nan,nan,nan,0.1,1.0,20.0,10 V,1.0,False,1
36.7807,0.00019999999999999996,1e-05,1.2645928,6322964.000000001,59985610.0,0.5998561,nan,nan,nan,nan,0.1,1.0,20.0,10 V,1.0,False,1
36.8232,0.00014999999999999996,1e-05,1.2769331,8512887.333333334,107771780.0,1.0777178,nan,nan,nan,nan,0.1,1.0,20.0,10 V,1.0,False,1
36.8656,9.999999999999996e-05,1e-05,1.3527784,13527784.000000006,105654580.0,1.0565458,nan,nan,nan,nan,0.1,1.0,20.0,10 V,1.0,False,1
36.9078,4.999999999999996e-05,1e-05,1.5351441,30702882.00000002,54784440.0,0.5478444,nan,nan,nan,nan,0.1,1.0,20.0,10 V,1.0,False,1
36.9499,-1e-05,1e-05,0.0236027,-2360270.0,27783219.999999996,0.2778322,nan,nan,nan,nan,0.1,1.0,20.0,10 V,1.0,False,1
36.9919,-6e-05,1e-05,-0.6874811,11458018.33333333,14841309.999999998,0.1484131,nan,nan,nan,nan,0.1,1.0,20.0,10 V,1.0,False,1
37.0339,-0.00011,1e-05,-0.7329047,6662769.999999999,13170650.0,0.1317065,nan,nan,nan,nan,0.1,1.0,20.0,10 V,1.0,False,1
37.0760,-0.00016,1e-05,-0.7445961,4653725.625,8335729.999999999,0.0833573,nan,nan,nan,nan,0.1,1.0,20.0,10 V,1.0,False,1
37.1180,-0.00021,1e-05,-0.7555725,3597964.2857142854,9640150.0,0.0964015,nan,nan,nan,nan,0.1,1.0,20.0,10 V,1.0,False,1
37.1601,-0.00026000000000000003,1e-05,-0.7868302,3026269.9999999995,10038290.0,0.1003829,nan,nan,nan,nan,0.1,1.0,20.0,10 V,1.0,False,1
37.2022,-0.0003,1e-05,-0.795156,2650520.0,12049910.0,0.1204991,nan,nan,nan,nan,0.1,1.0,20.0,10 V,1.0,False,1
37.2444,-0.00024999999999999995,1e-05,-0.7772505,3109002.0000000005,11402100.0,0.114021,nan,nan,nan,nan,0.1,1.0,20.0,10 V,1.0,False,1
37.2867,-0.00019999999999999996,1e-05,-0.759202,3796010.000000001,14255100.0,0.142551,nan,nan,nan,nan,0.1,1.0,20.0,10 V,1.0,False,1
37.3289,-0.00014999999999999996,1e-05,-0.7462349,4974899.333333335,13459910.0,0.1345991,nan,nan,nan,nan,0.1,1.0,20.0,10 V,1.0,False,1
37.3711,-9.999999999999996e-05,1e-05,-0.7230391,7230391.000000003,10985260.0,0.1098526,nan,nan,nan,nan,0.1,1.0,20.0,10 V,1.0,False,1
37.4134,-4.999999999999996e-05,1e-05,-0.6864473,13728946.00000001,10027290.0,0.1002729,nan,nan,nan,nan,0.1,1.0,20.0,10 V,1.0,False,1
37.4558,1e-05,1e-05,0.4165887,41658870.0,63493049.99999999,0.6349305,nan,nan,nan,nan,0.1,1.0,20.0,10 V,1.0,False,1
37.4981,6e-05,1e-05,1.385631,23093849.999999996,99387640.0,0.9938764,nan,nan,nan,nan,0.1,1.0,20.0,10 V,1.0,False,1
37.5406,0.00011,1e-05,0.9182729,8347935.454545453,120017460.0,1.2001746,nan,nan,nan,nan,0.1,1.0,20.0,10 V,1.0,False,1
37.5829,0.00016,1e-05,1.6848774,10530483.75,82924020.0,0.8292402,nan,nan,nan,nan,0.1,1.0,20.0,10 V,1.0,False,1
37.6251,0.00021,1e-05,1.7070173,8128653.80952381,88792820.0,0.8879282,nan,nan,nan,nan,0.1,1.0,20.0,10 V,1.0,False,1
37.6674,0.00026000000000000003,1e-05,1.3843662,5324485.384615384,44912230.0,0.4491223,nan,nan,nan,nan,0.1,1.0,20.0,10 V,1.0,False,1
37.7096,0.0003,1e-05,1.6554564,5518188.0,79037170.0,0.7903717,nan,nan,nan,nan,0.1,1.0,20.0,10 V,1.0,False,1
37.7518,0.00024999999999999995,1e-05,1.6927193,6770877.200000002,53596610.0,0.5359661,nan,nan,nan,nan,0.1,1.0,20.0,10 V,1.0,False,1
37.7941,0.00019999999999999996,1e-05,1.7014631,8507315.500000002,83659820.0,0.8365982,nan,nan,nan,nan,0.1,1.0,20.0,10 V,1.0,False,1
37.8363,0.00014999999999999996,1e-05,1.780421,11869473.333333336,109430350.0,1.0943035,nan,nan,nan,nan,0.1,1.0,20.0,10 V,1.0,False,1
37.8785,9.999999999999996e-05,1e-05,1.7945103,17945103.000000007,107842170.0,1.0784217,nan,nan,nan,nan,0.1,1.0,20.0,10 V,1.0,False,1
37.9208,4.999999999999996e-05,1e-05,1.5886848,31773696.000000022,87231030.0,0.8723103,nan,nan,nan,nan,0.1,1.0,20.0,10 V,1.0,False,1
37.9631,-1e-05,1e-05,0.2501711,-25017109.999999996,48694600.0,0.486946,nan,nan,nan,nan,0.1,1.0,20.0,10 V,1.0,False,1
38.0056,-6e-05,1e-05,-0.6762957,11271595.0,6119540.0,0.0611954,nan,nan,nan,nan,0.1,1.0,20.0,10 V,1.0,False,1
38.0481,-0.00011,1e-05,-0.730859,6644172.7272727275,7257880.0,0.0725788,nan,nan,nan,nan,0.1,1.0,20.0,10 V,1.0,False,1
38.0906,-0.00016,1e-05,-0.7275705,4547315.625,7987080.0,0.0798708,nan,nan,nan,nan,0.1,1.0,20.0,10 V,1.0,False,1
38.1330,-0.00021,1e-05,-0.7748748,3689880.0,5583920.0,0.0558392,nan,nan,nan,nan,0.1,1.0,20.0,10 V,1.0,False,1
38.1755,-0.00026000000000000003,1e-05,-0.7742809,2978003.461538461,10691600.0,0.106916,nan,nan,nan,nan,0.1,1.0,20.0,10 V,1.0,False,1
38.2179,-0.0003,1e-05,-0.8038228,2679409.3333333335,2855200.0,0.028552,nan,nan,nan,nan,0.1,1.0,20.0,10 V,1.0,False,1
38.2602,-0.00024999999999999995,1e-05,-0.8108068,3243227.200000001,-346450.0,-0.0034645,nan,nan,nan,nan,0.1,1.0,20.0,10 V,1.0,False,1
38.3027,-0.00019999999999999996,1e-05,-0.7853124,3926562.000000001,3143360.0,0.0314336,nan,nan,nan,nan,0.1,1.0,20.0,10 V,1.0,False,1
38.3452,-0.00014999999999999996,1e-05,-0.7656471,5104314.000000001,3632790.0000000005,0.0363279,nan,nan,nan,nan,0.1,1.0,20.0,10 V,1.0,False,1
38.3876,-9.999999999999996e-05,1e-05,-0.7374471,7374471.000000003,1274720.0,0.0127472,nan,nan,nan,nan,0.1,1.0,20.0,10 V,1.0,False,1
38.4300,-4.999999999999996e-05,1e-05,-0.7153182,14306364.000000011,2848600.0,0.028486,nan,nan,nan,nan,0.1,1.0,20.0,10 V,1.0,False,1
38.4724,1e-05,1e-05,0.3745526,37455260.0,71431730.0,0.7143173,nan,nan,nan,nan,0.1,1.0,20.0,10 V,1.0,False,1
38.5148,6e-05,1e-05,1.8304532,30507553.33333333,138310140.0,1.3831014,nan,nan,nan,nan,0.1,1.0,20.0,10 V,1.0,False,1
38.5573,0.00011,1e-05,2.0565598,18695998.18181818,116897199.99999999,1.168972,nan,nan,nan,nan,0.1,1.0,20.0,10 V,1.0,False,1
38.5997,0.00016,1e-05,1.5597697,9748560.625,86405050.0,0.8640505,nan,nan,nan,nan,0.1,1.0,20.0,10 V,1.0,False,1
38.6420,0.00021,1e-05,0.5110656,2433645.714285714,7320570.0,0.0732057,nan,nan,nan,nan,0.1,1.0,20.0,10 V,1.0,False,1
38.6844,0.00026000000000000003,1e-05,0.5703803,2193770.384615384,7159989.999999999,0.0715999,nan,nan,nan,nan,0.1,1.0,20.0,10 V,1.0,False,1
38.7268,0.0003,1e-05,1.9767767,6589255.666666667,55305770.0,0.5530577,nan,nan,nan,nan,0.1,1.0,20.0,10 V,1.0,False,1
38.7692,0.00024999999999999995,1e-05,1.7889671,7155868.400000002,64934950.0,0.6493495,nan,nan,nan,nan,0.1,1.0,20.0,10 V,1.0,False,1
38.8115,0.00019999999999999996,1e-05,1.6401576,8200788.000000002,62386580.0,0.6238658,nan,nan,nan,nan,0.1,1.0,20.0,10 V,1.0,False,1
38.8540,0.00014999999999999996,1e-05,1.58742,10582800.000000002,65120820.0,0.6512082,nan,nan,nan,nan,0.1,1.0,20.0,10 V,1.0,False,1
38.8964,9.999999999999996e-05,1e-05,1.4736848,14736848.000000006,65206610.0,0.6520661,nan,nan,nan,nan,0.1,1.0,20.0,10 V,1.0,False,1
38.9389,4.999999999999996e-05,1e-05,1.4161627,28323254.000000022,76667000.0,0.76667,nan,nan,nan,nan,0.1,1.0,20.0,10 V,1.0,False,1
38.9814,-1e-05,1e-05,0.1186953,-11869530.0,36462100.0,0.364621,nan,nan,nan,nan,0.1,1.0,20.0,10 V,1.0,False,1
39.0239,-6e-05,1e-05,-0.702274,11704566.666666664,4970200.0,0.049702,nan,nan,nan,nan,0.1,1.0,20.0,10 V,1.0,False,1
39.0664,-0.00011,1e-05,-0.7384919,6713562.727272727,4709540.0,0.0470954,nan,nan,nan,nan,0.1,1.0,20.0,10 V,1.0,False,1
39.1089,-0.00016,1e-05,-0.7572333,4732708.125,5395840.0,0.0539584,nan,nan,nan,nan,0.1,1.0,20.0,10 V,1.0,False,1
39.1514,-0.00021,1e-05,-0.8042517,3829770.0,4697440.0,0.0469744,nan,nan,nan,nan,0.1,1.0,20.0,10 V,1.0,False,1
39.1939,-0.00026000000000000003,1e-05,-0.8179008,3145772.307692307,2944290.0,0.0294429,nan,nan,nan,nan,0.1,1.0,20.0,10 V,1.0,False,1
39.2364,-0.0003,1e-05,-0.7891288,2630429.3333333335,2003920.0,0.0200392,nan,nan,nan,nan,0.1,1.0,20.0,10 V,1.0,False,1
39.2789,-0.00024999999999999995,1e-05,-0.8239389,3295755.600000001,656610.0,0.0065661,nan,nan,nan,nan,0.1,1.0,20.0,10 V,1.0,False,1
39.3214,-0.00019999999999999996,1e-05,-0.8050986,4025493.000000001,607110.0,0.0060711,nan,nan,nan,nan,0.1,1.0,20.0,10 V,1.0,False,1
39.3639,-0.00014999999999999996,1e-05,-0.787963,5253086.666666668,-679700.0,-0.006797,nan,nan,nan,nan,0.1,1.0,20.0,10 V,1.0,False,1
39.4063,-9.999999999999996e-05,1e-05,-0.7581572,7581572.000000002,-754490.0,-0.0075449,nan,nan,nan,nan,0.1,1.0,20.0,10 V,1.0,False,1
39.4488,-4.999999999999996e-05,1e-05,-0.7286703,14573406.00000001,-2133700.0,-0.021337,nan,nan,nan,nan,0.1,1.0,20.0,10 V,1.0,False,1
39.4912,1e-05,1e-05,0.34302,34302000.0,67969420.0,0.6796942,nan,nan,nan,nan,0.1,1.0,20.0,10 V,1.0,False,1
39.5336,6e-05,1e-05,2.4822447,41370744.99999999,177726440.0,1.7772644,nan,nan,nan,nan,0.1,1.0,20.0,10 V,1.0,False,1
39.5760,0.00011,1e-05,2.3962696,21784269.09090909,168170980.0,1.6817098,nan,nan,nan,nan,0.1,1.0,20.0,10 V,1.0,False,1
39.6185,0.00016,1e-05,2.4679687,15424804.375,165409260.0,1.6540926,nan,nan,nan,nan,0.1,1.0,20.0,10 V,1.0,False,1
39.6608,0.00021,1e-05,2.3165968,11031413.333333334,148371530.0,1.4837153,nan,nan,nan,nan,0.1,1.0,20.0,10 V,1.0,False,1
39.7032,0.00026000000000000003,1e-05,2.2685995,8725382.69230769,108656050.0,1.0865605,nan,nan,nan,nan,0.1,1.0,20.0,10 V,1.0,False,1
39.7455,0.0003,1e-05,2.4530218,8176739.333333334,96787600.0,0.967876,nan,nan,nan,nan,0.1,1.0,20.0,10 V,1.0,False,1
39.7878,0.00024999999999999995,1e-05,2.3484154,9393661.600000001,100307110.00000001,1.0030711,nan,nan,nan,nan,0.1,1.0,20.0,10 V,1.0,False,1
39.8302,0.00019999999999999996,1e-05,2.0114771,10057385.500000002,97763170.0,0.9776317,nan,nan,nan,nan,0.1,1.0,20.0,10 V,1.0,False,1
39.8726,0.00014999999999999996,1e-05,2.1690851,14460567.333333338,104343539.99999999,1.0434354,nan,nan,nan,nan,0.1,1.0,20.0,10 V,1.0,False,1
39.9150,9.999999999999996e-05,1e-05,2.0664254,20664254.000000007,113559170.0,1.1355917,nan,nan,nan,nan,0.1,1.0,20.0,10 V,1.0,False,1
39.9575,4.999999999999996e-05,1e-05,1.8511413,37022826.00000003,131856230.0,1.3185623,nan,nan,nan,nan,0.1,1.0,20.0,10 V,1.0,False,1
40.0000,-1e-05,1e-05,0.7556385,-75563850.0,96284970.0,0.9628497,nan,nan,nan,nan,0.1,1.0,20.0,10 V,1.0,False,1
40.0425,-6e-05,1e-05,-0.6572354,10953923.333333332,4232210.0,0.0423221,nan,nan,nan,nan,0.1,1.0,20.0,10 V,1.0,False,1
40.0850,-0.00011,1e-05,-0.6572354,5974867.2727272725,4467570.0,0.0446757,nan,nan,nan,nan,0.1,1.0,20.0,10 V,1.0,False,1
40.1275,-0.00016,1e-05,-0.7056506,4410316.25,2824400.0,0.028244,nan,nan,nan,nan,0.1,1.0,20.0,10 V,1.0,False,1
40.1700,-0.00021,1e-05,-0.7605768,3621794.285714286,3295140.0,0.0329514,nan,nan,nan,nan,0.1,1.0,20.0,10 V,1.0,False,1
40.2125,-0.00026000000000000003,1e-05,-0.7803081,3001184.999999999,3336929.9999999995,0.0333693,nan,nan,nan,nan,0.1,1.0,20.0,10 V,1.0,False,1
40.2551,-0.0003,1e-05,-0.8041307,2680435.6666666665,3302840.0,0.0330284,nan,nan,nan,nan,0.1,1.0,20.0,10 V,1.0,False,1
40.2976,-0.00024999999999999995,1e-05,-0.8064844,3225937.6000000006,829279.9999999999,0.0082928,nan,nan,nan,nan,0.1,1.0,20.0,10 V,1.0,False,1
40.3400,-0.00019999999999999996,1e-05,-0.7837726,3918863.000000001,1396800.0,0.013968,nan,nan,nan,nan,0.1,1.0,20.0,10 V,1.0,False,1
40.3825,-0.00014999999999999996,1e-05,-0.7773055,5182036.666666668,434440.0,0.0043444,nan,nan,nan,nan,0.1,1.0,20.0,10 V,1.0,False,1
40.4250,-9.999999999999996e-05,1e-05,-0.7531969,7531969.000000002,-172680.0,-0.0017268,nan,nan,nan,nan,0.1,1.0,20.0,10 V,1.0,False,1
40.4675,-4.999999999999996e-05,1e-05,-0.7395038,14790076.000000011,-1572780.0,-0.0157278,nan,nan,nan,nan,0.1,1.0,20.0,10 V,1.0,False,1
40.5099,1e-05,1e-05,0.3439549,34395490.0,67500890.0,0.6750089,nan,nan,nan,nan,0.1,1.0,20.0,10 V,1.0,False,1
40.5523,6e-05,1e-05,2.1591205,35985341.666666664,161224350.0,1.6122435,nan,nan,nan,nan,0.1,1.0,20.0,10 V,1.0,False,1
40.5947,0.00011,1e-05,2.1526094,19569176.36363636,110424609.99999999,1.1042461,nan,nan,nan,nan,0.1,1.0,20.0,10 V,1.0,False,1
40.6371,0.00016,1e-05,2.3393746,14621091.25,125760849.99999999,1.2576085,nan,nan,nan,nan,0.1,1.0,20.0,10 V,1.0,False,1
40.6796,0.00021,1e-05,2.6031509,12395956.666666668,136515190.0,1.3651519,nan,nan,nan,nan,0.1,1.0,20.0,10 V,1.0,False,1
40.7220,0.00026000000000000003,1e-05,2.4579931,9453819.615384614,125645370.0,1.2564537,nan,nan,nan,nan,0.1,1.0,20.0,10 V,1.0,False,1
40.7644,0.0003,1e-05,2.2009146,7336382.0,106696130.0,1.0669613,nan,nan,nan,nan,0.1,1.0,20.0,10 V,1.0,False,1
40.8069,0.00024999999999999995,1e-05,2.2353402,8941360.800000003,115266130.00000001,1.1526613,nan,nan,nan,nan,0.1,1.0,20.0,10 V,1.0,False,1
40.8494,0.00019999999999999996,1e-05,2.3465236,11732618.000000002,127189580.0,1.2718958,nan,nan,nan,nan,0.1,1.0,20.0,10 V,1.0,False,1
40.8918,0.00014999999999999996,1e-05,2.3184996,15456664.000000004,127460140.00000001,1.2746014,nan,nan,nan,nan,0.1,1.0,20.0,10 V,1.0,False,1
40.9342,9.999999999999996e-05,1e-05,2.531122,25311220.000000007,145100580.0,1.4510058,nan,nan,nan,nan,0.1,1.0,20.0,10 V,1.0,False,1
40.9767,4.999999999999996e-05,1e-05,2.3976115,47952230.00000004,170502660.0,1.7050266,nan,nan,nan,nan,0.1,1.0,20.0,10 V,1.0,False,1
41.0193,-1e-05,1e-05,1.0982299,-109822990.0,129685129.99999999,1.2968513,nan,nan,nan,nan,0.1,1.0,20.0,10 V,1.0,False,1
41.0617,-6e-05,1e-05,-0.5865372,9775619.999999998,4948200.0,0.049482,nan,nan,nan,nan,0.1,1.0,20.0,10 V,1.0,False,1
41.1040,-0.00011,1e-05,-0.6701146,6091950.909090909,3633890.0,0.0363389,nan,nan,nan,nan,0.1,1.0,20.0,10 V,1.0,False,1
41.1464,-0.00016,1e-05,-0.7144933,4465583.125,2747410.0,0.0274741,nan,nan,nan,nan,0.1,1.0,20.0,10 V,1.0,False,1
41.1888,-0.00021,1e-05,-0.744915,3547214.2857142854,2032509.9999999998,0.0203251,nan,nan,nan,nan,0.1,1.0,20.0,10 V,1.0,False,1
41.2313,-0.00026000000000000003,1e-05,-0.7791972,2996912.307692307,3424920.0,0.0342492,nan,nan,nan,nan,0.1,1.0,20.0,10 V,1.0,False,1
41.2737,-0.0003,1e-05,-0.7984665,2661555.0,4557760.0,0.0455776,nan,nan,nan,nan,0.1,1.0,20.0,10 V,1.0,False,1
41.3162,-0.00024999999999999995,1e-05,-0.7885129,3154051.6000000006,7999180.0,0.0799918,nan,nan,nan,nan,0.1,1.0,20.0,10 V,1.0,False,1
41.3587,-0.00019999999999999996,1e-05,-0.7861373,3930686.500000001,-689600.0,-0.006896,nan,nan,nan,nan,0.1,1.0,20.0,10 V,1.0,False,1
41.4012,-0.00014999999999999996,1e-05,-0.7626446,5084297.333333335,7961780.0,0.0796178,nan,nan,nan,nan,0.1,1.0,20.0,10 V,1.0,False,1
41.4436,-9.999999999999996e-05,1e-05,-0.7505683,7505683.000000002,6511090.0,0.0651109,nan,nan,nan,nan,0.1,1.0,20.0,10 V,1.0,False,1
41.4861,-4.999999999999996e-05,1e-05,-0.7200035,14400070.000000011,4673240.0,0.0467324,nan,nan,nan,nan,0.1,1.0,20.0,10 V,1.0,False,1
41.5285,1e-05,1e-05,0.4075039,40750390.0,71449330.0,0.7144933,nan,nan,nan,nan,0.1,1.0,20.0,10 V,1.0,False,1
41.5708,6e-05,1e-05,2.1391363,35652271.666666664,154672550.0,1.5467255,nan,nan,nan,nan,0.1,1.0,20.0,10 V,1.0,False,1
41.6130,0.00011,1e-05,2.458334,22348490.909090906,138217750.0,1.3821775,nan,nan,nan,nan,0.1,1.0,20.0,10 V,1.0,False,1
41.6343,0.00011,1e-05,2.458334,22348490.909090906,149799130.0,1.4979913,nan,nan,nan,nan,0.1,1.0,20.0,10 V,1.0,False,1
41.6554,0.00011,1e-05,2.458334,22348490.909090906,163402040.0,1.6340204,nan,nan,nan,nan,0.1,1.0,20.0,10 V,1.0,False,1
41.6766,0.00011,1e-05,2.458334,22348490.909090906,180051540.0,1.8005154,nan,nan,nan,nan,0.1,1.0,20.0,10 V,1.0,False,1
41.6976,0.00011,1e-05,2.458334,22348490.909090906,183446770.0,1.8344677,nan,nan,nan,nan,0.1,1.0,20.0,10 V,1.0,False,1
41.7188,0.00011,1e-05,2.458334,22348490.909090906,189991950.0,1.8999195,nan,nan,nan,nan,0.1,1.0,20.0,10 V,1.0,False,1
41.7399,0.00011,1e-05,2.458334,22348490.909090906,187729570.0,1.8772957,nan,nan,nan,nan,0.1,1.0,20.0,10 V,1.0,False,1
41.7609,0.00011,1e-05,2.458334,22348490.909090906,184096780.0,1.8409678,nan,nan,nan,nan,0.1,1.0,20.0,10 V,1.0,False,1
41.7821,0.00011,1e-05,2.458334,22348490.909090906,187375420.0,1.8737542,nan,nan,nan,nan,0.1,1.0,20.0,10 V,1.0,False,1
41.8033,0.00011,1e-05,2.458334,22348490.909090906,181832190.0,1.8183219,nan,nan,nan,nan,0.1,1.0,20.0,10 V,1.0,False,1
41.8245,0.00011,1e-05,2.458334,22348490.909090906,181384560.0,1.8138456,nan,nan,nan,nan,0.1,1.0,20.0,10 V,1.0,False,1
41.8457,0.00011,1e-05,2.458334,22348490.909090906,178233470.0,1.7823347,nan,nan,nan,nan,0.1,1.0,20.0,10 V,1.0,False,1
41.8670,0.00011,1e-05,2.458334,22348490.909090906,179945960.0,1.7994596,nan,nan,nan,nan,0.1,1.0,20.0,10 V,1.0,False,1
41.8882,0.00011,1e-05,2.458334,22348490.909090906,179848070.0,1.7984807,nan,nan,nan,nan,0.1,1.0,20.0,10 V,1.0,False,1
41.9094,0.00011,1e-05,2.458334,22348490.909090906,168289770.0,1.6828977,nan,nan,nan,nan,0.1,1.0,20.0,10 V,1.0,False,1
41.9306,0.00011,1e-05,2.458334,22348490.909090906,167384580.0,1.6738458,nan,nan,nan,nan,0.1,1.0,20.0,10 V,1.0,False,1
41.9518,0.00011,1e-05,2.458334,22348490.909090906,159512990.0,1.5951299,nan,nan,nan,nan,0.1,1.0,20.0,10 V,1.0,False,1
41.9730,0.00011,1e-05,2.458334,22348490.909090906,171988550.0,1.7198855,nan,nan,nan,nan,0.1,1.0,20.0,10 V,1.0,False,1
41.9942,0.00011,1e-05,2.458334,22348490.909090906,182293030.0,1.8229303,nan,nan,nan,nan,0.1,1.0,20.0,10 V,1.0,False,1
42.0155,0.00011,1e-05,2.458334,22348490.909090906,188910800.0,1.889108,nan,nan,nan,nan,0.1,1.0,20.0,10 V,1.0,False,1
42.0367,0.00011,1e-05,2.458334,22348490.909090906,189096669.99999997,1.8909667,nan,nan,nan,nan,0.1,1.0,20.0,10 V,1.0,False,1
42.0579,0.00011,1e-05,2.458334,22348490.909090906,184520220.0,1.8452022,nan,nan,nan,nan,0.1,1.0,20.0,10 V,1.0,False,1
42.0791,0.00011,1e-05,2.458334,22348490.909090906,191410750.0,1.9141075,nan,nan,nan,nan,0.1,1.0,20.0,10 V,1.0,False,1
42.1003,0.00011,1e-05,2.458334,22348490.909090906,194030580.0,1.9403058,nan,nan,nan,nan,0.1,1.0,20.0,10 V,1.0,False,1
42.1215,0.00011,1e-05,2.458334,22348490.909090906,189708190.0,1.8970819,nan,nan,nan,nan,0.1,1.0,20.0,10 V,1.0,False,1
42.1427,0.00011,1e-05,2.458334,22348490.909090906,181593530.0,1.8159353,nan,nan,nan,nan,0.1,1.0,20.0,10 V,1.0,False,1
42.1639,0.00011,1e-05,2.458334,22348490.909090906,178187280.0,1.7818728,nan,nan,nan,nan,0.1,1.0,20.0,10 V,1.0,False,1
42.1852,0.00011,1e-05,2.458334,22348490.909090906,181190980.0,1.8119098,nan,nan,nan,nan,0.1,1.0,20.0,10 V,1.0,False,1
42.2064,0.00011,1e-05,2.458334,22348490.909090906,168503140.0,1.6850314,nan,nan,nan,nan,0.1,1.0,20.0,10 V,1.0,False,1
42.2276,0.00011,1e-05,2.458334,22348490.909090906,166555300.0,1.665553,nan,nan,nan,nan,0.1,1.0,20.0,10 V,1.0,False,1
42.2489,0.00011,1e-05,2.458334,22348490.909090906,156183740.0,1.5618374,nan,nan,nan,nan,0.1,1.0,20.0,10 V,1.0,False,1
42.2701,0.00011,1e-05,2.458334,22348490.909090906,148067980.0,1.4806798,nan,nan,nan,nan,0.1,1.0,20.0,10 V,1.0,False,1
42.2913,0.00011,1e-05,2.458334,22348490.909090906,153255950.0,1.5325595,nan,nan,nan,nan,0.1,1.0,20.0,10 V,1.0,False,1
42.3125,0.00011,1e-05,2.458334,22348490.909090906,155071790.0,1.5507179,nan,nan,nan,nan,0.1,1.0,20.0,10 V,1.0,False,1
42.3337,0.00011,1e-05,2.458334,22348490.909090906,161676390.0,1.6167639,nan,nan,nan,nan,0.1,1.0,20.0,10 V,1.0,False,1
42.3548,0.00011,1e-05,2.458334,22348490.909090906,161177060.0,1.6117706,nan,nan,nan,nan,0.1,1.0,20.0,10 V,1.0,False,1
42.3761,0.00011,1e-05,2.458334,22348490.909090906,162912610.0,1.6291261,nan,nan,nan,nan,0.1,1.0,20.0,10 V,1.0,False,1
42.3973,0.00011,1e-05,2.458334,22348490.909090906,164957220.0,1.6495722,nan,nan,nan,nan,0.1,1.0,20.0,10 V,1.0,False,1
42.4185,0.00011,1e-05,2.458334,22348490.909090906,161178160.0,1.6117816,nan,nan,nan,nan,0.1,1.0,20.0,10 V,1.0,False,1
42.4397,0.00011,1e-05,2.458334,22348490.909090906,166086770.0,1.6608677,nan,nan,nan,nan,0.1,1.0,20.0,10 V,1.0,False,1
42.4609,0.00011,1e-05,2.458334,22348490.909090906,183838310.0,1.8383831,nan,nan,nan,nan,0.1,1.0,20.0,10 V,1.0,False,1
42.4822,0.00011,1e-05,2.458334,22348490.909090906,187389710.0,1.8738971,nan,nan,nan,nan,0.1,1.0,20.0,10 V,1.0,False,1
42.5034,0.00011,1e-05,2.458334,22348490.909090906,192288420.0,1.9228842,nan,nan,nan,nan,0.1,1.0,20.0,10 V,1.0,False,1
42.5246,0.00011,1e-05,2.458334,22348490.909090906,194362730.0,1.9436273,nan,nan,nan,nan,0.1,1.0,20.0,10 V,1.0,False,1
42.5459,0.00011,1e-05,2.458334,22348490.909090906,185956610.0,1.8595661,nan,nan,nan,nan,0.1,1.0,20.0,10 V,1.0,False,1
42.5671,0.00011,1e-05,2.458334,22348490.909090906,182354620.0,1.8235462,nan,nan,nan,nan,0.1,1.0,20.0,10 V,1.0,False,1
42.5883,0.00011,1e-05,2.458334,22348490.909090906,188349880.0,1.8834988,nan,nan,nan,nan,0.1,1.0,20.0,10 V,1.0,False,1
42.6095,0.00011,1e-05,2.458334,22348490.909090906,190838830.0,1.9083883,nan,nan,nan,nan,0.1,1.0,20.0,10 V,1.0,False,1
42.6307,0.00011,1e-05,2.458334,22348490.909090906,189853370.0,1.8985337,nan,nan,nan,nan,0.1,1.0,20.0,10 V,1.0,False,1
42.6520,0.00011,1e-05,2.458334,22348490.909090906,187700970.0,1.8770097,nan,nan,nan,nan,0.1,1.0,20.0,10 V,1.0,False,1
42.6733,0.00011,1e-05,2.458334,22348490.909090906,189616900.0,1.896169,nan,nan,nan,nan,0.1,1.0,20.0,10 V,1.0,False,1
42.6945,0.00011,1e-05,2.458334,22348490.909090906,197893240.0,1.9789324,nan,nan,nan,nan,0.1,1.0,20.0,10 V,1.0,False,1
42.7157,0.00011,1e-05,2.458334,22348490.909090906,197886640.0,1.9788664,nan,nan,nan,nan,0.1,1.0,20.0,10 V,1.0,False,1
42.7369,0.00011,1e-05,2.458334,22348490.909090906,195084230.0,1.9508423,nan,nan,nan,nan,0.1,1.0,20.0,10 V,1.0,False,1
42.7581,0.00011,1e-05,2.458334,22348490.909090906,193986590.0,1.9398659,nan,nan,nan,nan,0.1,1.0,20.0,10 V,1.0,False,1
42.7793,0.00011,1e-05,2.458334,22348490.909090906,190964210.0,1.9096421,nan,nan,nan,nan,0.1,1.0,20.0,10 V,1.0,False,1
42.8005,0.00011,1e-05,2.458334,22348490.909090906,186031400.0,1.860314,nan,nan,nan,nan,0.1,1.0,20.0,10 V,1.0,False,1
42.8217,0.00011,1e-05,2.458334,22348490.909090906,172837630.0,1.7283763,nan,nan,nan,nan,0.1,1.0,20.0,10 V,1.0,False,1
42.8429,0.00011,1e-05,2.458334,22348490.909090906,157193400.0,1.571934,nan,nan,nan,nan,0.1,1.0,20.0,10 V,1.0,False,1
42.8641,0.00011,1e-05,2.458334,22348490.909090906,144548460.0,1.4454846,nan,nan,nan,nan,0.1,1.0,20.0,10 V,1.0,False,1
42.8854,0.00011,1e-05,2.458334,22348490.909090906,153647490.0,1.5364749,nan,nan,nan,nan,0.1,1.0,20.0,10 V,1.0,False,1
42.9065,0.00011,1e-05,2.458334,22348490.909090906,161926050.0,1.6192605,nan,nan,nan,nan,0.1,1.0,20.0,10 V,1.0,False,1
42.9277,0.00011,1e-05,2.458334,22348490.909090906,166257240.0,1.6625724,nan,nan,nan,nan,0.1,1.0,20.0,10 V,1.0,False,1
42.9489,0.00011,1e-05,2.458334,22348490.909090906,170714930.0,1.7071493,nan,nan,nan,nan,0.1,1.0,20.0,10 V,1.0,False,1
42.9701,0.00011,1e-05,2.458334,22348490.909090906,166689480.0,1.6668948,nan,nan,nan,nan,0.1,1.0,20.0,10 V,1.0,False,1
42.9914,0.00011,1e-05,2.458334,22348490.909090906,160023320.0,1.6002332,nan,nan,nan,nan,0.1,1.0,20.0,10 V,1.0,False,1
43.0126,0.00011,1e-05,2.458334,22348490.909090906,159103850.0,1.5910385,nan,nan,nan,nan,0.1,1.0,20.0,10 V,1.0,False,1
43.0339,0.00011,1e-05,2.458334,22348490.909090906,161415720.0,1.6141572,nan,nan,nan,nan,0.1,1.0,20.0,10 V,1.0,False,1
43.0551,0.00011,1e-05,2.458334,22348490.909090906,150906680.0,1.5090668,nan,nan,nan,nan,0.1,1.0,20.0,10 V,1.0,False,1
43.0764,0.00011,1e-05,2.458334,22348490.909090906,140579120.0,1.4057912,nan,nan,nan,nan,0.1,1.0,20.0,10 V,1.0,False,1
43.0976,0.00011,1e-05,2.458334,22348490.909090906,128424710.0,1.2842471,nan,nan,nan,nan,0.1,1.0,20.0,10 V,1.0,False,1
43.1189,0.00011,1e-05,2.458334,22348490.909090906,123106920.0,1.2310692,nan,nan,nan,nan,0.1,1.0,20.0,10 V,1.0,False,1
43.1401,0.00011,1e-05,2.458334,22348490.909090906,122613090.0,1.2261309,nan,nan,nan,nan,0.1,1.0,20.0,10 V,1.0,False,1
43.1613,0.00011,1e-05,2.458334,22348490.909090906,121211890.00000001,1.2121189,nan,nan,nan,nan,0.1,1.0,20.0,10 V,1.0,False,1
43.1825,0.00011,1e-05,2.458334,22348490.909090906,123257599.99999999,1.232576,nan,nan,nan,nan,0.1,1.0,20.0,10 V,1.0,False,1
43.2038,0.00011,1e-05,2.458334,22348490.909090906,140317360.0,1.4031736,nan,nan,nan,nan,0.1,1.0,20.0,10 V,1.0,False,1
43.2251,0.00011,1e-05,2.458334,22348490.909090906,164094950.0,1.6409495,nan,nan,nan,nan,0.1,1.0,20.0,10 V,1.0,False,1
43.2463,0.00011,1e-05,2.458334,22348490.909090906,175719220.0,1.7571922,nan,nan,nan,nan,0.1,1.0,20.0,10 V,1.0,False,1
43.2675,0.00011,1e-05,2.458334,22348490.909090906,176699190.0,1.7669919,nan,nan,nan,nan,0.1,1.0,20.0,10 V,1.0,False,1
43.2887,0.00011,1e-05,2.458334,22348490.909090906,182650480.0,1.8265048,nan,nan,nan,nan,0.1,1.0,20.0,10 V,1.0,False,1
43.3100,0.00011,1e-05,2.458334,22348490.909090906,175673030.0,1.7567303,nan,nan,nan,nan,0.1,1.0,20.0,10 V,1.0,False,1
43.3312,0.00011,1e-05,2.458334,22348490.909090906,178399580.0,1.7839958,nan,nan,nan,nan,0.1,1.0,20.0,10 V,1.0,False,1
43.3525,0.00011,1e-05,2.458334,22348490.909090906,182031270.0,1.8203127,nan,nan,nan,nan,0.1,1.0,20.0,10 V,1.0,False,1
43.3737,0.00011,1e-05,2.458334,22348490.909090906,181855290.0,1.8185529,nan,nan,nan,nan,0.1,1.0,20.0,10 V,1.0,False,1
43.3949,0.00011,1e-05,2.458334,22348490.909090906,183047520.0,1.8304752,nan,nan,nan,nan,0.1,1.0,20.0,10 V,1.0,False,1
43.4162,0.00011,1e-05,2.458334,22348490.909090906,189822570.0,1.8982257,nan,nan,nan,nan,0.1,1.0,20.0,10 V,1.0,False,1
43.4374,0.00011,1e-05,2.458334,22348490.909090906,185162530.0,1.8516253,nan,nan,nan,nan,0.1,1.0,20.0,10 V,1.0,False,1
43.4587,0.00011,1e-05,2.458334,22348490.909090906,180576170.0,1.8057617,nan,nan,nan,nan,0.1,1.0,20.0,10 V,1.0,False,1
43.4799,0.00011,1e-05,2.458334,22348490.909090906,183627140.0,1.8362714,nan,nan,nan,nan,0.1,1.0,20.0,10 V,1.0,False,1
43.5011,0.00011,1e-05,2.458334,22348490.909090906,182044460.0,1.8204446,nan,nan,nan,nan,0.1,1.0,20.0,10 V,1.0,False,1
43.5223,0.00011,1e-05,2.458334,22348490.909090906,185627760.0,1.8562776,nan,nan,nan,nan,0.1,1.0,20.0,10 V,1.0,False,1
43.5436,0.00011,1e-05,2.458334,22348490.909090906,191896880.0,1.9189688,nan,nan,nan,nan,0.1,1.0,20.0,10 V,1.0,False,1
43.5648,0.00011,1e-05,2.458334,22348490.909090906,186894780.0,1.8689478,nan,nan,nan,nan,0.1,1.0,20.0,10 V,1.0,False,1
43.5860,0.00011,1e-05,2.458334,22348490.909090906,181749710.0,1.8174971,nan,nan,nan,nan,0.1,1.0,20.0,10 V,1.0,False,1
43.6072,0.00011,1e-05,2.458334,22348490.909090906,176604600.0,1.766046,nan,nan,nan,nan,0.1,1.0,20.0,10 V,1.0,False,1
43.6284,0.00011,1e-05,2.458334,22348490.909090906,176671690.0,1.7667169,nan,nan,nan,nan,0.1,1.0,20.0,10 V,1.0,False,1
43.6496,0.00011,1e-05,2.458334,22348490.909090906,180603670.0,1.8060367,nan,nan,nan,nan,0.1,1.0,20.0,10 V,1.0,False,1
43.6708,0.00011,1e-05,2.458334,22348490.909090906,188161800.0,1.881618,nan,nan,nan,nan,0.1,1.0,20.0,10 V,1.0,False,1
43.6922,0.00011,1e-05,2.458334,22348490.909090906,195748540.0,1.9574854,nan,nan,nan,nan,0.1,1.0,20.0,10 V,1.0,False,1
43.7134,0.00011,1e-05,2.458334,22348490.909090906,193618140.0,1.9361814,nan,nan,nan,nan,0.1,1.0,20.0,10 V,1.0,False,1
43.7347,0.00011,1e-05,2.458334,22348490.909090906,201209300.0,2.012093,nan,nan,nan,nan,0.1,1.0,20.0,10 V,1.0,False,1
43.7559,0.00011,1e-05,2.458334,22348490.909090906,204871790.00000003,2.0487179,nan,nan,nan,nan,0.1,1.0,20.0,10 V,1.0,False,1
43.7770,0.00011,1e-05,2.458334,22348490.909090906,198787410.0,1.9878741,nan,nan,nan,nan,0.1,1.0,20.0,10 V,1.0,False,1
43.7981,0.00011,1e-05,2.458334,22348490.909090906,181877290.0,1.8187729,nan,nan,nan,nan,0.1,1.0,20.0,10 V,1.0,False,1
43.8191,0.00011,1e-05,2.458334,22348490.909090906,180858830.0,1.8085883,nan,nan,nan,nan,0.1,1.0,20.0,10 V,1.0,False,1
43.8403,0.00011,1e-05,2.458334,22348490.909090906,177614260.0,1.7761426,nan,nan,nan,nan,0.1,1.0,20.0,10 V,1.0,False,1
43.8615,0.00011,1e-05,2.458334,22348490.909090906,175855600.0,1.758556,nan,nan,nan,nan,0.1,1.0,20.0,10 V,1.0,False,1
43.8828,0.00011,1e-05,2.458334,22348490.909090906,184469620.0,1.8446962,nan,nan,nan,nan,0.1,1.0,20.0,10 V,1.0,False,1
43.9041,0.00011,1e-05,2.458334,22348490.909090906,188109010.0,1.8810901,nan,nan,nan,nan,0.1,1.0,20.0,10 V,1.0,False,1
43.9253,0.00011,1e-05,2.458334,22348490.909090906,188426870.0,1.8842687,nan,nan,nan,nan,0.1,1.0,20.0,10 V,1.0,False,1
43.9465,0.00011,1e-05,2.458334,22348490.909090906,178998990.0,1.7899899,nan,nan,nan,nan,0.1,1.0,20.0,10 V,1.0,False,1
43.9677,0.00011,1e-05,2.458334,22348490.909090906,171490320.0,1.7149032,nan,nan,nan,nan,0.1,1.0,20.0,10 V,1.0,False,1
43.9889,0.00011,1e-05,2.458334,22348490.909090906,171174660.0,1.7117466,nan,nan,nan,nan,0.1,1.0,20.0,10 V,1.0,False,1
44.0101,0.00011,1e-05,2.458334,22348490.909090906,168256770.0,1.6825677,nan,nan,nan,nan,0.1,1.0,20.0,10 V,1.0,False,1
44.0314,0.00011,1e-05,2.458334,22348490.909090906,169337920.0,1.6933792,nan,nan,nan,nan,0.1,1.0,20.0,10 V,1.0,False,1
44.0526,0.00011,1e-05,2.458334,22348490.909090906,174135450.0,1.7413545,nan,nan,nan,nan,0.1,1.0,20.0,10 V,1.0,False,1
44.0738,0.00011,1e-05,2.458334,22348490.909090906,172658350.0,1.7265835,nan,nan,nan,nan,0.1,1.0,20.0,10 V,1.0,False,1
44.0951,0.00011,1e-05,2.458334,22348490.909090906,170996490.0,1.7099649,nan,nan,nan,nan,0.1,1.0,20.0,10 V,1.0,False,1
44.1163,0.00011,1e-05,2.458334,22348490.909090906,169720670.0,1.6972067,nan,nan,nan,nan,0.1,1.0,20.0,10 V,1.0,False,1
44.1375,0.00011,1e-05,2.458334,22348490.909090906,172998210.0,1.7299821,nan,nan,nan,nan,0.1,1.0,20.0,10 V,1.0,False,1
44.1587,0.00011,1e-05,2.458334,22348490.909090906,171848870.0,1.7184887,nan,nan,nan,nan,0.1,1.0,20.0,10 V,1.0,False,1
44.1800,0.00011,1e-05,2.458334,22348490.909090906,173669110.0,1.7366911,nan,nan,nan,nan,0.1,1.0,20.0,10 V,1.0,False,1
44.2012,0.00011,1e-05,2.458334,22348490.909090906,156489490.0,1.5648949,nan,nan,nan,nan,0.1,1.0,20.0,10 V,1.0,False,1
44.2224,0.00011,1e-05,2.458334,22348490.909090906,150691110.0,1.5069111,nan,nan,nan,nan,0.1,1.0,20.0,10 V,1.0,False,1
44.2436,0.00011,1e-05,2.458334,22348490.909090906,142394960.0,1.4239496,nan,nan,nan,nan,0.1,1.0,20.0,10 V,1.0,False,1
44.2648,0.00011,1e-05,2.458334,22348490.909090906,143968840.0,1.4396884,nan,nan,nan,nan,0.1,1.0,20.0,10 V,1.0,False,1
44.2860,0.00011,1e-05,2.458334,22348490.909090906,145871580.0,1.4587158,nan,nan,nan,nan,0.1,1.0,20.0,10 V,1.0,False,1
44.3073,0.00011,1e-05,2.458334,22348490.909090906,145550420.0,1.4555042,nan,nan,nan,nan,0.1,1.0,20.0,10 V,1.0,False,1
44.3286,0.00011,1e-05,2.458334,22348490.909090906,150234670.0,1.5023467,nan,nan,nan,nan,0.1,1.0,20.0,10 V,1.0,False,1
44.3498,0.00011,1e-05,2.458334,22348490.909090906,152477260.0,1.5247726,nan,nan,nan,nan,0.1,1.0,20.0,10 V,1.0,False,1
44.3711,0.00011,1e-05,2.458334,22348490.909090906,153724480.0,1.5372448,nan,nan,nan,nan,0.1,1.0,20.0,10 V,1.0,False,1
44.3923,0.00011,1e-05,2.458334,22348490.909090906,153949950.0,1.5394995,nan,nan,nan,nan,0.1,1.0,20.0,10 V,1.0,False,1
44.4135,0.00011,1e-05,2.458334,22348490.909090906,153248250.0,1.5324825,nan,nan,nan,nan,0.1,1.0,20.0,10 V,1.0,False,1
44.4347,0.00011,1e-05,2.458334,22348490.909090906,158104090.0,1.5810409,nan,nan,nan,nan,0.1,1.0,20.0,10 V,1.0,False,1
44.4560,0.00011,1e-05,2.458334,22348490.909090906,165418060.0,1.6541806,nan,nan,nan,nan,0.1,1.0,20.0,10 V,1.0,False,1
44.4772,0.00011,1e-05,2.458334,22348490.909090906,165932790.0,1.6593279,nan,nan,nan,nan,0.1,1.0,20.0,10 V,1.0,False,1
44.4984,0.00011,1e-05,2.458334,22348490.909090906,166985340.0,1.6698534,nan,nan,nan,nan,0.1,1.0,20.0,10 V,1.0,False,1
44.5197,0.00011,1e-05,2.458334,22348490.909090906,162347290.0,1.6234729,nan,nan,nan,nan,0.1,1.0,20.0,10 V,1.0,False,1
44.5409,0.00011,1e-05,2.458334,22348490.909090906,161041770.0,1.6104177,nan,nan,nan,nan,0.1,1.0,20.0,10 V,1.0,False,1
44.5621,0.00011,1e-05,2.458334,22348490.909090906,162177920.0,1.6217792,nan,nan,nan,nan,0.1,1.0,20.0,10 V,1.0,False,1
44.5834,0.00011,1e-05,2.458334,22348490.909090906,163162280.0,1.6316228,nan,nan,nan,nan,0.1,1.0,20.0,10 V,1.0,False,1
44.6046,0.00011,1e-05,2.458334,22348490.909090906,164963820.0,1.6496382,nan,nan,nan,nan,0.1,1.0,20.0,10 V,1.0,False,1
44.6258,0.00011,1e-05,2.458334,22348490.909090906,165487350.0,1.6548735,nan,nan,nan,nan,0.1,1.0,20.0,10 V,1.0,False,1
44.6471,0.00011,1e-05,2.458334,22348490.909090906,169243330.0,1.6924333,nan,nan,nan,nan,0.1,1.0,20.0,10 V,1.0,False,1
44.6684,0.00011,1e-05,2.458334,22348490.909090906,176914750.0,1.7691475,nan,nan,nan,nan,0.1,1.0,20.0,10 V,1.0,False,1
44.6896,0.00011,1e-05,2.458334,22348490.909090906,176235050.0,1.7623505,nan,nan,nan,nan,0.1,1.0,20.0,10 V,1.0,False,1
44.7109,0.00011,1e-05,2.458334,22348490.909090906,164940730.0,1.6494073,nan,nan,nan,nan,0.1,1.0,20.0,10 V,1.0,False,1
44.7321,0.00011,1e-05,2.458334,22348490.909090906,166955640.0,1.6695564,nan,nan,nan,nan,0.1,1.0,20.0,10 V,1.0,False,1
44.7534,0.00011,1e-05,2.458334,22348490.909090906,158441740.0,1.5844174,nan,nan,nan,nan,0.1,1.0,20.0,10 V,1.0,False,1
44.7746,0.00011,1e-05,2.458334,22348490.909090906,160911990.0,1.6091199,nan,nan,nan,nan,0.1,1.0,20.0,10 V,1.0,False,1
44.7958,0.00011,1e-05,2.458334,22348490.909090906,161966740.0,1.6196674,nan,nan,nan,nan,0.1,1.0,20.0,10 V,1.0,False,1
44.8171,0.00011,1e-05,2.458334,22348490.909090906,168161080.0,1.6816108,nan,nan,nan,nan,0.1,1.0,20.0,10 V,1.0,False,1
44.8384,0.00011,1e-05,2.458334,22348490.909090906,177800130.0,1.7780013,nan,nan,nan,nan,0.1,1.0,20.0,10 V,1.0,False,1
44.8596,0.00011,1e-05,2.458334,22348490.909090906,180850030.0,1.8085003,nan,nan,nan,nan,0.1,1.0,20.0,10 V,1.0,False,1
44.8808,0.00011,1e-05,2.458334,22348490.909090906,177165520.0,1.7716552,nan,nan,nan,nan,0.1,1.0,20.0,10 V,1.0,False,1
44.9020,0.00011,1e-05,2.458334,22348490.909090906,176175660.0,1.7617566,nan,nan,nan,nan,0.1,1.0,20.0,10 V,1.0,False,1
44.9233,0.00011,1e-05,2.458334,22348490.909090906,180359500.0,1.803595,nan,nan,nan,nan,0.1,1.0,20.0,10 V,1.0,False,1
44.9445,0.00011,1e-05,2.458334,22348490.909090906,185436390.0,1.8543639,nan,nan,nan,nan,0.1,1.0,20.0,10 V,1.0,False,1
44.9657,0.00011,1e-05,2.458334,22348490.909090906,183965890.0,1.8396589,nan,nan,nan,nan,0.1,1.0,20.0,10 V,1.0,False,1
44.9870,0.00011,1e-05,2.458334,22348490.909090906,182100560.0,1.8210056,nan,nan,nan,nan,0.1,1.0,20.0,10 V,1.0,False,1
45.0082,0.00011,1e-05,2.458334,22348490.909090906,181547330.0,1.8154733,nan,nan,nan,nan,0.1,1.0,20.0,10 V,1.0,False,1
45.0294,0.00011,1e-05,2.458334,22348490.909090906,181439550.0,1.8143955,nan,nan,nan,nan,0.1,1.0,20.0,10 V,1.0,False,1
45.0506,0.00011,1e-05,2.458334,22348490.909090906,176614500.0,1.766145,nan,nan,nan,nan,0.1,1.0,20.0,10 V,1.0,False,1
45.0719,0.00011,1e-05,2.458334,22348490.909090906,175378270.0,1.7537827,nan,nan,nan,nan,0.1,1.0,20.0,10 V,1.0,False,1
45.0931,0.00011,1e-05,2.458334,22348490.909090906,174947130.0,1.7494713,nan,nan,nan,nan,0.1,1.0,20.0,10 V,1.0,False,1
45.1141,0.00011,1e-05,2.458334,22348490.909090906,173303960.0,1.7330396,nan,nan,nan,nan,0.1,1.0,20.0,10 V,1.0,False,1
45.1354,0.00011,1e-05,2.458334,22348490.909090906,168441550.0,1.6844155,nan,nan,nan,nan,0.1,1.0,20.0,10 V,1.0,False,1
45.1566,0.00011,1e-05,2.458334,22348490.909090906,165491750.0,1.6549175,nan,nan,nan,nan,0.1,1.0,20.0,10 V,1.0,False,1
45.1779,0.00011,1e-05,2.458334,22348490.909090906,176576000.0,1.76576,nan,nan,nan,nan,0.1,1.0,20.0,10 V,1.0,False,1
45.1990,0.00011,1e-05,2.458334,22348490.909090906,184598310.0,1.8459831,nan,nan,nan,nan,0.1,1.0,20.0,10 V,1.0,False,1
45.2202,0.00011,1e-05,2.458334,22348490.909090906,189774180.0,1.8977418,nan,nan,nan,nan,0.1,1.0,20.0,10 V,1.0,False,1
45.2415,0.00011,1e-05,2.458334,22348490.909090906,198473960.0,1.9847396,nan,nan,nan,nan,0.1,1.0,20.0,10 V,1.0,False,1
45.2627,0.00011,1e-05,2.458334,22348490.909090906,200433910.0,2.0043391,nan,nan,nan,nan,0.1,1.0,20.0,10 V,1.0,False,1
45.2840,0.00011,1e-05,2.458334,22348490.909090906,196366650.0,1.9636665,nan,nan,nan,nan,0.1,1.0,20.0,10 V,1.0,False,1
45.3051,0.00011,1e-05,2.458334,22348490.909090906,180101040.0,1.8010104,nan,nan,nan,nan,0.1,1.0,20.0,10 V,1.0,False,1
45.3264,0.00011,1e-05,2.458334,22348490.909090906,172838730.0,1.7283873,nan,nan,nan,nan,0.1,1.0,20.0,10 V,1.0,False,1
45.3476,0.00011,1e-05,2.458334,22348490.909090906,165878900.0,1.658789,nan,nan,nan,nan,0.1,1.0,20.0,10 V,1.0,False,1
45.3688,0.00011,1e-05,2.458334,22348490.909090906,164500790.0,1.6450079,nan,nan,nan,nan,0.1,1.0,20.0,10 V,1.0,False,1
45.3901,0.00011,1e-05,2.458334,22348490.909090906,164942930.0,1.6494293,nan,nan,nan,nan,0.1,1.0,20.0,10 V,1.0,False,1
45.4113,0.00011,1e-05,2.458334,22348490.909090906,158638610.0,1.5863861,nan,nan,nan,nan,0.1,1.0,20.0,10 V,1.0,False,1
45.4326,0.00011,1e-05,2.458334,22348490.909090906,157324300.0,1.573243,nan,nan,nan,nan,0.1,1.0,20.0,10 V,1.0,False,1
45.4538,0.00011,1e-05,2.458334,22348490.909090906,157318800.0,1.573188,nan,nan,nan,nan,0.1,1.0,20.0,10 V,1.0,False,1
45.4750,0.00011,1e-05,2.458334,22348490.909090906,157753240.0,1.5775324,nan,nan,nan,nan,0.1,1.0,20.0,10 V,1.0,False,1
45.4962,0.00011,1e-05,2.458334,22348490.909090906,158638610.0,1.5863861,nan,nan,nan,nan,0.1,1.0,20.0,10 V,1.0,False,1
45.5175,0.00011,1e-05,2.458334,22348490.909090906,163429540.0,1.6342954,nan,nan,nan,nan,0.1,1.0,20.0,10 V,1.0,False,1
45.5387,0.00011,1e-05,2.458334,22348490.909090906,165694120.0,1.6569412,nan,nan,nan,nan,0.1,1.0,20.0,10 V,1.0,False,1
45.5600,0.00011,1e-05,2.458334,22348490.909090906,168068700.0,1.680687,nan,nan,nan,nan,0.1,1.0,20.0,10 V,1.0,False,1
45.5812,0.00011,1e-05,2.458334,22348490.909090906,171692690.0,1.7169269,nan,nan,nan,nan,0.1,1.0,20.0,10 V,1.0,False,1
45.6024,0.00011,1e-05,2.458334,22348490.909090906,177421780.0,1.7742178,nan,nan,nan,nan,0.1,1.0,20.0,10 V,1.0,False,1
45.6237,0.00011,1e-05,2.458334,22348490.909090906,176076670.0,1.7607667,nan,nan,nan,nan,0.1,1.0,20.0,10 V,1.0,False,1
45.6449,0.00011,1e-05,2.458334,22348490.909090906,181537440.0,1.8153744,nan,nan,nan,nan,0.1,1.0,20.0,10 V,1.0,False,1
45.6661,0.00011,1e-05,2.458334,22348490.909090906,184732490.0,1.8473249,nan,nan,nan,nan,0.1,1.0,20.0,10 V,1.0,False,1
45.6873,0.00011,1e-05,2.458334,22348490.909090906,182998030.0,1.8299803,nan,nan,nan,nan,0.1,1.0,20.0,10 V,1.0,False,1
45.7087,0.00011,1e-05,2.458334,22348490.909090906,184136370.0,1.8413637,nan,nan,nan,nan,0.1,1.0,20.0,10 V,1.0,False,1
45.7299,0.00011,1e-05,2.458334,22348490.909090906,187328120.0,1.8732812,nan,nan,nan,nan,0.1,1.0,20.0,10 V,1.0,False,1
45.7512,0.00011,1e-05,2.458334,22348490.909090906,185468280.0,1.8546828,nan,nan,nan,nan,0.1,1.0,20.0,10 V,1.0,False,1
45.7724,0.00011,1e-05,2.458334,22348490.909090906,182782460.0,1.8278246,nan,nan,nan,nan,0.1,1.0,20.0,10 V,1.0,False,1
45.7937,0.00011,1e-05,2.458334,22348490.909090906,185592570.0,1.8559257,nan,nan,nan,nan,0.1,1.0,20.0,10 V,1.0,False,1
45.8147,0.00011,1e-05,2.458334,22348490.909090906,189945750.0,1.8994575,nan,nan,nan,nan,0.1,1.0,20.0,10 V,1.0,False,1
45.8359,0.00011,1e-05,2.458334,22348490.909090906,183924100.0,1.839241,nan,nan,nan,nan,0.1,1.0,20.0,10 V,1.0,False,1
45.8571,0.00011,1e-05,2.458334,22348490.909090906,176178960.0,1.7617896,nan,nan,nan,nan,0.1,1.0,20.0,10 V,1.0,False,1
45.8782,0.00011,1e-05,2.458334,22348490.909090906,176703580.0,1.7670358,nan,nan,nan,nan,0.1,1.0,20.0,10 V,1.0,False,1
45.8994,0.00011,1e-05,2.458334,22348490.909090906,173990270.0,1.7399027,nan,nan,nan,nan,0.1,1.0,20.0,10 V,1.0,False,1
45.9206,0.00011,1e-05,2.458334,22348490.909090906,171001990.0,1.7100199,nan,nan,nan,nan,0.1,1.0,20.0,10 V,1.0,False,1
45.9418,0.00011,1e-05,2.458334,22348490.909090906,171678390.0,1.7167839,nan,nan,nan,nan,0.1,1.0,20.0,10 V,1.0,False,1
45.9631,0.00011,1e-05,2.458334,22348490.909090906,179331150.0,1.7933115,nan,nan,nan,nan,0.1,1.0,20.0,10 V,1.0,False,1
45.9842,0.00011,1e-05,2.458334,22348490.909090906,187609680.0,1.8760968,nan,nan,nan,nan,0.1,1.0,20.0,10 V,1.0,False,1
46.0055,0.00011,1e-05,2.458334,22348490.909090906,193207900.0,1.932079,nan,nan,nan,nan,0.1,1.0,20.0,10 V,1.0,False,1
46.0267,0.00011,1e-05,2.458334,22348490.909090906,185580470.0,1.8558047,nan,nan,nan,nan,0.1,1.0,20.0,10 V,1.0,False,1
46.0480,0.00011,1e-05,2.458334,22348490.909090906,187027860.0,1.8702786,nan,nan,nan,nan,0.1,1.0,20.0,10 V,1.0,False,1
46.0692,0.00011,1e-05,2.458334,22348490.909090906,189872060.0,1.8987206,nan,nan,nan,nan,0.1,1.0,20.0,10 V,1.0,False,1
46.0905,0.00011,1e-05,2.458334,22348490.909090906,190680450.0,1.9068045,nan,nan,nan,nan,0.1,1.0,20.0,10 V,1.0,False,1
46.1117,0.00011,1e-05,2.458334,22348490.909090906,193184800.0,1.931848,nan,nan,nan,nan,0.1,1.0,20.0,10 V,1.0,False,1
46.1330,0.00011,1e-05,2.458334,22348490.909090906,191859490.0,1.9185949,nan,nan,nan,nan,0.1,1.0,20.0,10 V,1.0,False,1
46.1543,0.00011,1e-05,2.458334,22348490.909090906,195074330.0,1.9507433,nan,nan,nan,nan,0.1,1.0,20.0,10 V,1.0,False,1
46.1754,0.00011,1e-05,2.458334,22348490.909090906,198445360.0,1.9844536,nan,nan,nan,nan,0.1,1.0,20.0,10 V,1.0,False,1
46.1967,0.00011,1e-05,2.458334,22348490.909090906,200872750.0,2.0087275,nan,nan,nan,nan,0.1,1.0,20.0,10 V,1.0,False,1
46.2179,0.00011,1e-05,2.458334,22348490.909090906,202275050.0,2.0227505,nan,nan,nan,nan,0.1,1.0,20.0,10 V,1.0,False,1
46.2391,0.00011,1e-05,2.458334,22348490.909090906,200898049.99999997,2.0089805,nan,nan,nan,nan,0.1,1.0,20.0,10 V,1.0,False,1
46.2604,0.00011,1e-05,2.458334,22348490.909090906,190821230.0,1.9082123,nan,nan,nan,nan,0.1,1.0,20.0,10 V,1.0,False,1
46.2816,0.00011,1e-05,2.458334,22348490.909090906,182329320.0,1.8232932,nan,nan,nan,nan,0.1,1.0,20.0,10 V,1.0,False,1
46.3029,0.00011,1e-05,2.458334,22348490.909090906,181742010.0,1.8174201,nan,nan,nan,nan,0.1,1.0,20.0,10 V,1.0,False,1
46.3242,0.00011,1e-05,2.458334,22348490.909090906,189908360.0,1.8990836,nan,nan,nan,nan,0.1,1.0,20.0,10 V,1.0,False,1
46.3454,0.00011,1e-05,2.458334,22348490.909090906,192629380.0,1.9262938,nan,nan,nan,nan,0.1,1.0,20.0,10 V,1.0,False,1
46.3667,0.00011,1e-05,2.458334,22348490.909090906,193078110.0,1.9307811,nan,nan,nan,nan,0.1,1.0,20.0,10 V,1.0,False,1
46.3880,0.00011,1e-05,2.458334,22348490.909090906,189340840.0,1.8934084,nan,nan,nan,nan,0.1,1.0,20.0,10 V,1.0,False,1
46.4092,0.00011,1e-05,2.458334,22348490.909090906,186861790.0,1.8686179,nan,nan,nan,nan,0.1,1.0,20.0,10 V,1.0,False,1
46.4304,0.00011,1e-05,2.458334,22348490.909090906,188311380.0,1.8831138,nan,nan,nan,nan,0.1,1.0,20.0,10 V,1.0,False,1
46.4516,0.00011,1e-05,2.458334,22348490.909090906,191903480.0,1.9190348,nan,nan,nan,nan,0.1,1.0,20.0,10 V,1.0,False,1
46.4727,0.00011,1e-05,2.458334,22348490.909090906,194027280.0,1.9402728,nan,nan,nan,nan,0.1,1.0,20.0,10 V,1.0,False,1
46.4938,0.00011,1e-05,2.458334,22348490.909090906,195395490.0,1.9539549,nan,nan,nan,nan,0.1,1.0,20.0,10 V,1.0,False,1
46.5149,0.00011,1e-05,2.458334,22348490.909090906,196264370.0,1.9626437,nan,nan,nan,nan,0.1,1.0,20.0,10 V,1.0,False,1
46.5360,0.00011,1e-05,2.458334,22348490.909090906,201590949.99999997,2.0159095,nan,nan,nan,nan,0.1,1.0,20.0,10 V,1.0,False,1
46.5572,0.00011,1e-05,2.458334,22348490.909090906,209008310.00000003,2.0900831,nan,nan,nan,nan,0.1,1.0,20.0,10 V,1.0,False,1
