Tiempo (min),I pulso (mA),I bias (mA),Vinst 1 (V),Rinst 1 (Ohm),Rrem 1 (Ohm),Vbias 1 (V),Vinst 2 (V),Rinst 2 (Ohm),Rrem 2 (Ohm),Vbias 2 (V),Ancho pulso (s),Periodo (s),Vcc (V),Vrange,NPLC,Ch2?,N bias
0.0285,1e-05,1e-05,0.0017378,173780.0,171580.0,0.0017158,nan,nan,nan,nan,0.1,1.0,20.0,10 V,1.0,False,1
0.0708,-4e-05,1e-05,-0.0066541,166352.5,170480.0,0.0017048,nan,nan,nan,nan,0.1,1.0,20.0,10 V,1.0,False,1
0.1129,-9e-05,1e-05,-0.0150349,167054.44444444444,174880.0,0.0017488,nan,nan,nan,nan,0.1,1.0,20.0,10 V,1.0,False,1
0.1550,-0.00014000000000000001,1e-05,-0.0234267,167333.57142857142,171580.0,0.0017158,nan,nan,nan,nan,0.1,1.0,20.0,10 V,1.0,False,1
0.1973,-0.00019,1e-05,-0.0318625,167697.36842105264,174880.0,0.0017488,nan,nan,nan,nan,0.1,1.0,20.0,10 V,1.0,False,1
0.2395,-0.00024,1e-05,-0.0402433,167680.41666666666,170480.0,0.0017048,nan,nan,nan,nan,0.1,1.0,20.0,10 V,1.0,False,1
0.2818,-0.00029,1e-05,-0.0486682,167821.3793103448,174880.0,0.0017488,nan,nan,nan,nan,0.1,1.0,20.0,10 V,1.0,False,1
0.3240,-0.0003,1e-05,-0.0503289,167763.00000000003,173780.0,0.0017378,nan,nan,nan,nan,0.1,1.0,20.0,10 V,1.0,False,1
0.3662,-0.00024999999999999995,1e-05,-0.0419261,167704.40000000005,170480.0,0.0017048,nan,nan,nan,nan,0.1,1.0,20.0,10 V,1.0,False,1
0.4087,-0.00019999999999999996,1e-05,-0.0335563,167781.50000000003,173780.0,0.0017378,nan,nan,nan,nan,0.1,1.0,20.0,10 V,1.0,False,1
0.4512,-0.00014999999999999996,1e-05,-0.0251425,167616.66666666672,171580.0,0.0017158,nan,nan,nan,nan,0.1,1.0,20.0,10 V,1.0,False,1
0.4936,-9.999999999999996e-05,1e-05,-0.0167177,167177.00000000003,171580.0,0.0017158,nan,nan,nan,nan,0.1,1.0,20.0,10 V,1.0,False,1
0.5361,-4.999999999999996e-05,1e-05,-0.0083038,166076.00000000012,175980.0,0.0017598,nan,nan,nan,nan,0.1,1.0,20.0,10 V,1.0,False,1
0.5785,1e-05,1e-05,0.0017378,173780.0,171580.0,0.0017158,nan,nan,nan,nan,0.1,1.0,20.0,10 V,1.0,False,1
0.6209,6e-05,1e-05,0.0101406,169009.99999999997,171580.0,0.0017158,nan,nan,nan,nan,0.1,1.0,20.0,10 V,1.0,False,1
0.6631,0.00011,1e-05,0.0185434,168576.36363636365,172680.0,0.0017268,nan,nan,nan,nan,0.1,1.0,20.0,10 V,1.0,False,1
0.7055,0.00016,1e-05,0.0270012,168757.5,174880.0,0.0017488,nan,nan,nan,nan,0.1,1.0,20.0,10 V,1.0,False,1
0.7478,0.00021,1e-05,0.035382,168485.71428571426,172680.0,0.0017268,nan,nan,nan,nan,0.1,1.0,20.0,10 V,1.0,False,1
0.7900,0.00026000000000000003,1e-05,0.0437739,168361.15384615381,170480.0,0.0017048,nan,nan,nan,nan,0.1,1.0,20.0,10 V,1.0,False,1
0.8321,0.0003,1e-05,0.0505049,168349.66666666666,172680.0,0.0017268,nan,nan,nan,nan,0.1,1.0,20.0,10 V,1.0,False,1
0.8743,0.00024999999999999995,1e-05,0.0421021,168408.40000000005,174880.0,0.0017488,nan,nan,nan,nan,0.1,1.0,20.0,10 V,1.0,False,1
0.9167,0.00019999999999999996,1e-05,0.0337433,168716.5,173780.0,0.0017378,nan,nan,nan,nan,0.1,1.0,20.0,10 V,1.0,False,1
0.9590,0.00014999999999999996,1e-05,0.0252964,168642.66666666672,171580.0,0.0017158,nan,nan,nan,nan,0.1,1.0,20.0,10 V,1.0,False,1
1.0013,9.999999999999996e-05,1e-05,0.0168606,168606.00000000006,170480.0,0.0017048,nan,nan,nan,nan,0.1,1.0,20.0,10 V,1.0,False,1
1.0435,4.999999999999996e-05,1e-05,0.0084578,169156.00000000012,172680.0,0.0017268,nan,nan,nan,nan,0.1,1.0,20.0,10 V,1.0,False,1
1.0859,-1e-05,1e-05,-0.0015838,158380.0,171580.0,0.0017158,nan,nan,nan,nan,0.1,1.0,20.0,10 V,1.0,False,1
1.1285,-6e-05,1e-05,-0.0100196,166993.3333333333,171580.0,0.0017158,nan,nan,nan,nan,0.1,1.0,20.0,10 V,1.0,False,1
1.1710,-0.00011,1e-05,-0.0184224,167476.36363636362,173780.0,0.0017378,nan,nan,nan,nan,0.1,1.0,20.0,10 V,1.0,False,1
1.2134,-0.00016,1e-05,-0.0268692,167932.5,171580.0,0.0017158,nan,nan,nan,nan,0.1,1.0,20.0,10 V,1.0,False,1
1.2560,-0.00021,1e-05,-0.035283,168014.2857142857,170480.0,0.0017048,nan,nan,nan,nan,0.1,1.0,20.0,10 V,1.0,False,1
1.2984,-0.00026000000000000003,1e-05,-0.0436969,168064.99999999994,174880.0,0.0017488,nan,nan,nan,nan,0.1,1.0,20.0,10 V,1.0,False,1
1.3409,-0.0003,1e-05,-0.0504499,168166.33333333334,171580.0,0.0017158,nan,nan,nan,nan,0.1,1.0,20.0,10 V,1.0,False,1
1.3834,-0.00024999999999999995,1e-05,-0.0420141,168056.40000000005,174880.0,0.0017488,nan,nan,nan,nan,0.1,1.0,20.0,10 V,1.0,False,1
1.4259,-0.00019999999999999996,1e-05,-0.0336223,168111.50000000003,171580.0,0.0017158,nan,nan,nan,nan,0.1,1.0,20.0,10 V,1.0,False,1
1.4684,-0.00014999999999999996,1e-05,-0.0251975,167983.33333333337,173780.0,0.0017378,nan,nan,nan,nan,0.1,1.0,20.0,10 V,1.0,False,1
1.5109,-9.999999999999996e-05,1e-05,-0.0167396,167396.00000000006,172680.0,0.0017268,nan,nan,nan,nan,0.1,1.0,20.0,10 V,1.0,False,1
1.5535,-4.999999999999996e-05,1e-05,-0.0083368,166736.00000000012,172680.0,0.0017268,nan,nan,nan,nan,0.1,1.0,20.0,10 V,1.0,False,1
1.5959,1e-05,1e-05,0.0017048,170480.0,174880.0,0.0017488,nan,nan,nan,nan,0.1,1.0,20.0,10 V,1.0,False,1
1.6383,6e-05,1e-05,0.0101406,169009.99999999997,173780.0,0.0017378,nan,nan,nan,nan,0.1,1.0,20.0,10 V,1.0,False,1
1.6806,0.00011,1e-05,0.0185654,168776.36363636362,173780.0,0.0017378,nan,nan,nan,nan,0.1,1.0,20.0,10 V,1.0,False,1
1.7230,0.00016,1e-05,0.0270232,168895.0,172680.0,0.0017268,nan,nan,nan,nan,0.1,1.0,20.0,10 V,1.0,False,1
1.7654,0.00021,1e-05,0.035459,168852.38095238095,172680.0,0.0017268,nan,nan,nan,nan,0.1,1.0,20.0,10 V,1.0,False,1
1.8078,0.00026000000000000003,1e-05,0.0438948,168826.15384615381,172680.0,0.0017268,nan,nan,nan,nan,0.1,1.0,20.0,10 V,1.0,False,1
1.8502,0.0003,1e-05,0.0506259,168753.0,173780.0,0.0017378,nan,nan,nan,nan,0.1,1.0,20.0,10 V,1.0,False,1
1.8926,0.00024999999999999995,1e-05,0.0421901,168760.40000000005,177080.0,0.0017708,nan,nan,nan,nan,0.1,1.0,20.0,10 V,1.0,False,1
1.9350,0.00019999999999999996,1e-05,0.0338312,169156.00000000003,177080.0,0.0017708,nan,nan,nan,nan,0.1,1.0,20.0,10 V,1.0,False,1
1.9773,0.00014999999999999996,1e-05,0.0252964,168642.66666666672,175980.0,0.0017598,nan,nan,nan,nan,0.1,1.0,20.0,10 V,1.0,False,1
2.0197,9.999999999999996e-05,1e-05,0.0169156,169156.00000000006,171580.0,0.0017158,nan,nan,nan,nan,0.1,1.0,20.0,10 V,1.0,False,1
2.0621,4.999999999999996e-05,1e-05,0.0084578,169156.00000000012,174880.0,0.0017488,nan,nan,nan,nan,0.1,1.0,20.0,10 V,1.0,False,1
2.1046,-1e-05,1e-05,-0.0015948,159480.0,171580.0,0.0017158,nan,nan,nan,nan,0.1,1.0,20.0,10 V,1.0,False,1
2.1471,-6e-05,1e-05,-0.0100526,167543.3333333333,172680.0,0.0017268,nan,nan,nan,nan,0.1,1.0,20.0,10 V,1.0,False,1
2.1895,-0.00011,1e-05,-0.0184774,167976.36363636365,175980.0,0.0017598,nan,nan,nan,nan,0.1,1.0,20.0,10 V,1.0,False,1
2.2320,-0.00016,1e-05,-0.0269462,168413.75,173780.0,0.0017378,nan,nan,nan,nan,0.1,1.0,20.0,10 V,1.0,False,1
2.2744,-0.00021,1e-05,-0.035371,168433.33333333334,175980.0,0.0017598,nan,nan,nan,nan,0.1,1.0,20.0,10 V,1.0,False,1
2.3170,-0.00026000000000000003,1e-05,-0.0438398,168614.61538461535,173780.0,0.0017378,nan,nan,nan,nan,0.1,1.0,20.0,10 V,1.0,False,1
2.3595,-0.0003,1e-05,-0.0506039,168679.6666666667,171580.0,0.0017158,nan,nan,nan,nan,0.1,1.0,20.0,10 V,1.0,False,1
2.4020,-0.00024999999999999995,1e-05,-0.0421681,168672.40000000005,173780.0,0.0017378,nan,nan,nan,nan,0.1,1.0,20.0,10 V,1.0,False,1
2.4445,-0.00019999999999999996,1e-05,-0.0337213,168606.50000000003,173780.0,0.0017378,nan,nan,nan,nan,0.1,1.0,20.0,10 V,1.0,False,1
2.4869,-0.00014999999999999996,1e-05,-0.0252525,168350.00000000003,172680.0,0.0017268,nan,nan,nan,nan,0.1,1.0,20.0,10 V,1.0,False,1
2.5294,-9.999999999999996e-05,1e-05,-0.0168276,168276.00000000006,172680.0,0.0017268,nan,nan,nan,nan,0.1,1.0,20.0,10 V,1.0,False,1
2.5717,-4.999999999999996e-05,1e-05,-0.0083588,167176.00000000012,173780.0,0.0017378,nan,nan,nan,nan,0.1,1.0,20.0,10 V,1.0,False,1
2.6142,1e-05,1e-05,0.0017378,173780.0,170480.0,0.0017048,nan,nan,nan,nan,0.1,1.0,20.0,10 V,1.0,False,1
2.6566,6e-05,1e-05,0.0102176,170293.3333333333,173780.0,0.0017378,nan,nan,nan,nan,0.1,1.0,20.0,10 V,1.0,False,1
2.6992,0.00011,1e-05,0.0186204,169276.36363636362,173780.0,0.0017378,nan,nan,nan,nan,0.1,1.0,20.0,10 V,1.0,False,1
2.7415,0.00016,1e-05,0.0271442,169651.25,174880.0,0.0017488,nan,nan,nan,nan,0.1,1.0,20.0,10 V,1.0,False,1
2.7840,0.00021,1e-05,0.035547,169271.42857142858,174880.0,0.0017488,nan,nan,nan,nan,0.1,1.0,20.0,10 V,1.0,False,1
2.8264,0.00026000000000000003,1e-05,0.0440488,169418.4615384615,174880.0,0.0017488,nan,nan,nan,nan,0.1,1.0,20.0,10 V,1.0,False,1
2.8689,0.0003,1e-05,0.0507579,169193.0,175980.0,0.0017598,nan,nan,nan,nan,0.1,1.0,20.0,10 V,1.0,False,1
2.9113,0.00024999999999999995,1e-05,0.0423111,169244.40000000002,172680.0,0.0017268,nan,nan,nan,nan,0.1,1.0,20.0,10 V,1.0,False,1
2.9537,0.00019999999999999996,1e-05,0.0338752,169376.00000000003,172680.0,0.0017268,nan,nan,nan,nan,0.1,1.0,20.0,10 V,1.0,False,1
2.9961,0.00014999999999999996,1e-05,0.0253404,168936.00000000003,172680.0,0.0017268,nan,nan,nan,nan,0.1,1.0,20.0,10 V,1.0,False,1
3.0384,9.999999999999996e-05,1e-05,0.0169376,169376.00000000006,177080.0,0.0017708,nan,nan,nan,nan,0.1,1.0,20.0,10 V,1.0,False,1
3.0806,4.999999999999996e-05,1e-05,0.0085018,170036.00000000012,171580.0,0.0017158,nan,nan,nan,nan,0.1,1.0,20.0,10 V,1.0,False,1
3.1231,-1e-05,1e-05,-0.0016168,161680.0,171580.0,0.0017158,nan,nan,nan,nan,0.1,1.0,20.0,10 V,1.0,False,1
3.1656,-6e-05,1e-05,-0.0100306,167176.66666666666,173780.0,0.0017378,nan,nan,nan,nan,0.1,1.0,20.0,10 V,1.0,False,1
3.2078,-0.00011,1e-05,-0.0184994,168176.36363636362,172680.0,0.0017268,nan,nan,nan,nan,0.1,1.0,20.0,10 V,1.0,False,1
3.2502,-0.00016,1e-05,-0.0269682,168551.25,174880.0,0.0017488,nan,nan,nan,nan,0.1,1.0,20.0,10 V,1.0,False,1
3.2926,-0.00021,1e-05,-0.035448,168800.0,173780.0,0.0017378,nan,nan,nan,nan,0.1,1.0,20.0,10 V,1.0,False,1
3.3351,-0.00026000000000000003,1e-05,-0.0438178,168529.99999999994,174880.0,0.0017488,nan,nan,nan,nan,0.1,1.0,20.0,10 V,1.0,False,1
3.3776,-0.0003,1e-05,-0.0505819,168606.33333333334,173780.0,0.0017378,nan,nan,nan,nan,0.1,1.0,20.0,10 V,1.0,False,1
3.4201,-0.00024999999999999995,1e-05,-0.0421681,168672.40000000005,173780.0,0.0017378,nan,nan,nan,nan,0.1,1.0,20.0,10 V,1.0,False,1
3.4626,-0.00019999999999999996,1e-05,-0.0337213,168606.50000000003,173780.0,0.0017378,nan,nan,nan,nan,0.1,1.0,20.0,10 V,1.0,False,1
3.5050,-0.00014999999999999996,1e-05,-0.0252854,168569.33333333337,172680.0,0.0017268,nan,nan,nan,nan,0.1,1.0,20.0,10 V,1.0,False,1
3.5475,-9.999999999999996e-05,1e-05,-0.0167836,167836.00000000006,172680.0,0.0017268,nan,nan,nan,nan,0.1,1.0,20.0,10 V,1.0,False,1
3.5899,-4.999999999999996e-05,1e-05,-0.0083588,167176.00000000012,173780.0,0.0017378,nan,nan,nan,nan,0.1,1.0,20.0,10 V,1.0,False,1
3.6324,1e-05,1e-05,0.0017268,172680.0,174880.0,0.0017488,nan,nan,nan,nan,0.1,1.0,20.0,10 V,1.0,False,1
3.6747,6e-05,1e-05,0.0101736,169559.99999999997,169380.0,0.0016938,nan,nan,nan,nan,0.1,1.0,20.0,10 V,1.0,False,1
3.7173,0.00011,1e-05,0.0186424,169476.36363636362,171580.0,0.0017158,nan,nan,nan,nan,0.1,1.0,20.0,10 V,1.0,False,1
3.7597,0.00016,1e-05,0.0271222,169513.75,173780.0,0.0017378,nan,nan,nan,nan,0.1,1.0,20.0,10 V,1.0,False,1
3.8021,0.00021,1e-05,0.035547,169271.42857142858,173780.0,0.0017378,nan,nan,nan,nan,0.1,1.0,20.0,10 V,1.0,False,1
3.8445,0.00026000000000000003,1e-05,0.0440048,169249.23076923072,178170.0,0.0017817,nan,nan,nan,nan,0.1,1.0,20.0,10 V,1.0,False,1
3.8869,0.0003,1e-05,0.0507799,169266.33333333334,174880.0,0.0017488,nan,nan,nan,nan,0.1,1.0,20.0,10 V,1.0,False,1
3.9292,0.00024999999999999995,1e-05,0.0423331,169332.40000000002,174880.0,0.0017488,nan,nan,nan,nan,0.1,1.0,20.0,10 V,1.0,False,1
3.9716,0.00019999999999999996,1e-05,0.0339192,169596.0,169380.0,0.0016938,nan,nan,nan,nan,0.1,1.0,20.0,10 V,1.0,False,1
4.0140,0.00014999999999999996,1e-05,0.0253844,169229.33333333337,172680.0,0.0017268,nan,nan,nan,nan,0.1,1.0,20.0,10 V,1.0,False,1
4.0562,9.999999999999996e-05,1e-05,0.0169376,169376.00000000006,169380.0,0.0016938,nan,nan,nan,nan,0.1,1.0,20.0,10 V,1.0,False,1
4.0986,4.999999999999996e-05,1e-05,0.0085018,170036.00000000012,170480.0,0.0017048,nan,nan,nan,nan,0.1,1.0,20.0,10 V,1.0,False,1
4.1411,-1e-05,1e-05,-0.0016278,162780.0,171580.0,0.0017158,nan,nan,nan,nan,0.1,1.0,20.0,10 V,1.0,False,1
4.1837,-6e-05,1e-05,-0.0100746,167909.99999999997,174880.0,0.0017488,nan,nan,nan,nan,0.1,1.0,20.0,10 V,1.0,False,1
4.2262,-0.00011,1e-05,-0.0184994,168176.36363636362,174880.0,0.0017488,nan,nan,nan,nan,0.1,1.0,20.0,10 V,1.0,False,1
4.2687,-0.00016,1e-05,-0.0270012,168757.5,171580.0,0.0017158,nan,nan,nan,nan,0.1,1.0,20.0,10 V,1.0,False,1
4.3112,-0.00021,1e-05,-0.035426,168695.23809523808,173780.0,0.0017378,nan,nan,nan,nan,0.1,1.0,20.0,10 V,1.0,False,1
4.3537,-0.00026000000000000003,1e-05,-0.0439278,168953.0769230769,172680.0,0.0017268,nan,nan,nan,nan,0.1,1.0,20.0,10 V,1.0,False,1
4.3961,-0.0003,1e-05,-0.0506699,168899.66666666666,171580.0,0.0017158,nan,nan,nan,nan,0.1,1.0,20.0,10 V,1.0,False,1
4.4385,-0.00024999999999999995,1e-05,-0.0422341,168936.40000000002,173780.0,0.0017378,nan,nan,nan,nan,0.1,1.0,20.0,10 V,1.0,False,1
4.4811,-0.00019999999999999996,1e-05,-0.0337873,168936.50000000003,178170.0,0.0017817,nan,nan,nan,nan,0.1,1.0,20.0,10 V,1.0,False,1
4.5236,-0.00014999999999999996,1e-05,-0.0252964,168642.66666666672,174880.0,0.0017488,nan,nan,nan,nan,0.1,1.0,20.0,10 V,1.0,False,1
4.5662,-9.999999999999996e-05,1e-05,-0.0168276,168276.00000000006,173780.0,0.0017378,nan,nan,nan,nan,0.1,1.0,20.0,10 V,1.0,False,1
4.6086,-4.999999999999996e-05,1e-05,-0.0083478,166956.00000000015,173780.0,0.0017378,nan,nan,nan,nan,0.1,1.0,20.0,10 V,1.0,False,1
4.6510,1e-05,1e-05,0.0017158,171580.0,173780.0,0.0017378,nan,nan,nan,nan,0.1,1.0,20.0,10 V,1.0,False,1
4.6935,6e-05,1e-05,0.0101956,169926.66666666666,172680.0,0.0017268,nan,nan,nan,nan,0.1,1.0,20.0,10 V,1.0,False,1
4.7359,0.00011,1e-05,0.0186424,169476.36363636362,172680.0,0.0017268,nan,nan,nan,nan,0.1,1.0,20.0,10 V,1.0,False,1
4.7783,0.00016,1e-05,0.0271772,169857.5,174880.0,0.0017488,nan,nan,nan,nan,0.1,1.0,20.0,10 V,1.0,False,1
4.8208,0.00021,1e-05,0.035635,169690.47619047618,170480.0,0.0017048,nan,nan,nan,nan,0.1,1.0,20.0,10 V,1.0,False,1
4.8631,0.00026000000000000003,1e-05,0.0441258,169714.61538461535,172680.0,0.0017268,nan,nan,nan,nan,0.1,1.0,20.0,10 V,1.0,False,1
4.9055,0.0003,1e-05,0.0509338,169779.33333333334,173780.0,0.0017378,nan,nan,nan,nan,0.1,1.0,20.0,10 V,1.0,False,1
4.9480,0.00024999999999999995,1e-05,0.042399,169596.00000000003,175980.0,0.0017598,nan,nan,nan,nan,0.1,1.0,20.0,10 V,1.0,False,1
4.9904,0.00019999999999999996,1e-05,0.0339302,169651.00000000003,173780.0,0.0017378,nan,nan,nan,nan,0.1,1.0,20.0,10 V,1.0,False,1
5.0327,0.00014999999999999996,1e-05,0.0254284,169522.66666666672,174880.0,0.0017488,nan,nan,nan,nan,0.1,1.0,20.0,10 V,1.0,False,1
5.0751,9.999999999999996e-05,1e-05,0.0169706,169706.00000000003,171580.0,0.0017158,nan,nan,nan,nan,0.1,1.0,20.0,10 V,1.0,False,1
5.1175,4.999999999999996e-05,1e-05,0.0085128,170256.00000000012,172680.0,0.0017268,nan,nan,nan,nan,0.1,1.0,20.0,10 V,1.0,False,1
5.1599,-1e-05,1e-05,-0.0015948,159480.0,170480.0,0.0017048,nan,nan,nan,nan,0.1,1.0,20.0,10 V,1.0,False,1
5.2024,-6e-05,1e-05,-0.0100306,167176.66666666666,175980.0,0.0017598,nan,nan,nan,nan,0.1,1.0,20.0,10 V,1.0,False,1
5.2449,-0.00011,1e-05,-0.0185544,168676.36363636362,175980.0,0.0017598,nan,nan,nan,nan,0.1,1.0,20.0,10 V,1.0,False,1
5.2871,-0.00016,1e-05,-0.0270562,169101.25,178170.0,0.0017817,nan,nan,nan,nan,0.1,1.0,20.0,10 V,1.0,False,1
5.3296,-0.00021,1e-05,-0.035525,169166.66666666666,171580.0,0.0017158,nan,nan,nan,nan,0.1,1.0,20.0,10 V,1.0,False,1
5.3721,-0.00026000000000000003,1e-05,-0.0439608,169079.99999999997,177080.0,0.0017708,nan,nan,nan,nan,0.1,1.0,20.0,10 V,1.0,False,1
5.4146,-0.0003,1e-05,-0.0507689,169229.66666666666,175980.0,0.0017598,nan,nan,nan,nan,0.1,1.0,20.0,10 V,1.0,False,1
5.4571,-0.00024999999999999995,1e-05,-0.0422781,169112.40000000005,173780.0,0.0017378,nan,nan,nan,nan,0.1,1.0,20.0,10 V,1.0,False,1
5.4995,-0.00019999999999999996,1e-05,-0.0338312,169156.00000000003,173780.0,0.0017378,nan,nan,nan,nan,0.1,1.0,20.0,10 V,1.0,False,1
5.5420,-0.00014999999999999996,1e-05,-0.0253404,168936.00000000003,170480.0,0.0017048,nan,nan,nan,nan,0.1,1.0,20.0,10 V,1.0,False,1
5.5844,-9.999999999999996e-05,1e-05,-0.0168606,168606.00000000006,172680.0,0.0017268,nan,nan,nan,nan,0.1,1.0,20.0,10 V,1.0,False,1
5.6269,-4.999999999999996e-05,1e-05,-0.0084028,168056.00000000012,173780.0,0.0017378,nan,nan,nan,nan,0.1,1.0,20.0,10 V,1.0,False,1
5.6693,1e-05,1e-05,0.0017158,171580.0,175980.0,0.0017598,nan,nan,nan,nan,0.1,1.0,20.0,10 V,1.0,False,1
5.7118,6e-05,1e-05,0.0102066,170109.99999999997,177080.0,0.0017708,nan,nan,nan,nan,0.1,1.0,20.0,10 V,1.0,False,1
5.7543,0.00011,1e-05,0.0186864,169876.36363636362,170480.0,0.0017048,nan,nan,nan,nan,0.1,1.0,20.0,10 V,1.0,False,1
5.7967,0.00016,1e-05,0.0272322,170201.25,174880.0,0.0017488,nan,nan,nan,nan,0.1,1.0,20.0,10 V,1.0,False,1
5.8391,0.00021,1e-05,0.03569,169952.38095238095,173780.0,0.0017378,nan,nan,nan,nan,0.1,1.0,20.0,10 V,1.0,False,1
5.8814,0.00026000000000000003,1e-05,0.0441808,169926.15384615381,174880.0,0.0017488,nan,nan,nan,nan,0.1,1.0,20.0,10 V,1.0,False,1
5.9238,0.0003,1e-05,0.0509778,169926.0,170480.0,0.0017048,nan,nan,nan,nan,0.1,1.0,20.0,10 V,1.0,False,1
5.9662,0.00024999999999999995,1e-05,0.04252,170080.00000000006,172680.0,0.0017268,nan,nan,nan,nan,0.1,1.0,20.0,10 V,1.0,False,1
6.0085,0.00019999999999999996,1e-05,0.0340182,170091.00000000003,177080.0,0.0017708,nan,nan,nan,nan,0.1,1.0,20.0,10 V,1.0,False,1
6.0509,0.00014999999999999996,1e-05,0.0255054,170036.00000000006,177080.0,0.0017708,nan,nan,nan,nan,0.1,1.0,20.0,10 V,1.0,False,1
6.0934,9.999999999999996e-05,1e-05,0.0170696,170696.00000000006,174880.0,0.0017488,nan,nan,nan,nan,0.1,1.0,20.0,10 V,1.0,False,1
6.1358,4.999999999999996e-05,1e-05,0.0085348,170696.00000000012,175980.0,0.0017598,nan,nan,nan,nan,0.1,1.0,20.0,10 V,1.0,False,1
6.1782,-1e-05,1e-05,-0.0016168,161680.0,173780.0,0.0017378,nan,nan,nan,nan,0.1,1.0,20.0,10 V,1.0,False,1
6.2207,-6e-05,1e-05,-0.0100746,167909.99999999997,174880.0,0.0017488,nan,nan,nan,nan,0.1,1.0,20.0,10 V,1.0,False,1
6.2632,-0.00011,1e-05,-0.0185874,168976.36363636362,173780.0,0.0017378,nan,nan,nan,nan,0.1,1.0,20.0,10 V,1.0,False,1
6.3056,-0.00016,1e-05,-0.0271112,169445.0,175980.0,0.0017598,nan,nan,nan,nan,0.1,1.0,20.0,10 V,1.0,False,1
6.3480,-0.00021,1e-05,-0.03558,169428.57142857142,173780.0,0.0017378,nan,nan,nan,nan,0.1,1.0,20.0,10 V,1.0,False,1
6.3903,-0.00026000000000000003,1e-05,-0.0440928,169587.69230769228,174880.0,0.0017488,nan,nan,nan,nan,0.1,1.0,20.0,10 V,1.0,False,1
6.4327,-0.0003,1e-05,-0.0508679,169559.6666666667,174880.0,0.0017488,nan,nan,nan,nan,0.1,1.0,20.0,10 V,1.0,False,1
6.4752,-0.00024999999999999995,1e-05,-0.042355,169420.00000000003,172680.0,0.0017268,nan,nan,nan,nan,0.1,1.0,20.0,10 V,1.0,False,1
6.5177,-0.00019999999999999996,1e-05,-0.0338972,169486.00000000003,172680.0,0.0017268,nan,nan,nan,nan,0.1,1.0,20.0,10 V,1.0,False,1
6.5602,-0.00014999999999999996,1e-05,-0.0253734,169156.00000000003,172680.0,0.0017268,nan,nan,nan,nan,0.1,1.0,20.0,10 V,1.0,False,1
6.6027,-9.999999999999996e-05,1e-05,-0.0168936,168936.00000000006,171580.0,0.0017158,nan,nan,nan,nan,0.1,1.0,20.0,10 V,1.0,False,1
6.6451,-4.999999999999996e-05,1e-05,-0.0084028,168056.00000000012,175980.0,0.0017598,nan,nan,nan,nan,0.1,1.0,20.0,10 V,1.0,False,1
6.6876,1e-05,1e-05,0.0017268,172680.0,173780.0,0.0017378,nan,nan,nan,nan,0.1,1.0,20.0,10 V,1.0,False,1
6.7300,6e-05,1e-05,0.0102726,171209.99999999997,174880.0,0.0017488,nan,nan,nan,nan,0.1,1.0,20.0,10 V,1.0,False,1
6.7724,0.00011,1e-05,0.0187304,170276.36363636365,172680.0,0.0017268,nan,nan,nan,nan,0.1,1.0,20.0,10 V,1.0,False,1
6.8149,0.00016,1e-05,0.0272872,170545.0,177080.0,0.0017708,nan,nan,nan,nan,0.1,1.0,20.0,10 V,1.0,False,1
6.8573,0.00021,1e-05,0.035767,170319.04761904763,172680.0,0.0017268,nan,nan,nan,nan,0.1,1.0,20.0,10 V,1.0,False,1
6.8997,0.00026000000000000003,1e-05,0.0442688,170264.61538461535,173780.0,0.0017378,nan,nan,nan,nan,0.1,1.0,20.0,10 V,1.0,False,1
6.9420,0.0003,1e-05,0.0510768,170256.0,172680.0,0.0017268,nan,nan,nan,nan,0.1,1.0,20.0,10 V,1.0,False,1
6.9844,0.00024999999999999995,1e-05,0.042608,170432.00000000006,174880.0,0.0017488,nan,nan,nan,nan,0.1,1.0,20.0,10 V,1.0,False,1
7.0269,0.00019999999999999996,1e-05,0.0341172,170586.00000000003,175980.0,0.0017598,nan,nan,nan,nan,0.1,1.0,20.0,10 V,1.0,False,1
7.0693,0.00014999999999999996,1e-05,0.0255164,170109.33333333337,174880.0,0.0017488,nan,nan,nan,nan,0.1,1.0,20.0,10 V,1.0,False,1
7.1117,9.999999999999996e-05,1e-05,0.0170366,170366.00000000003,174880.0,0.0017488,nan,nan,nan,nan,0.1,1.0,20.0,10 V,1.0,False,1
7.1541,4.999999999999996e-05,1e-05,0.0085348,170696.00000000012,174880.0,0.0017488,nan,nan,nan,nan,0.1,1.0,20.0,10 V,1.0,False,1
7.1966,-1e-05,1e-05,-0.0016168,161680.0,177080.0,0.0017708,nan,nan,nan,nan,0.1,1.0,20.0,10 V,1.0,False,1
7.2390,-6e-05,1e-05,-0.0101296,168826.66666666666,175980.0,0.0017598,nan,nan,nan,nan,0.1,1.0,20.0,10 V,1.0,False,1
7.2815,-0.00011,1e-05,-0.0186534,169576.36363636365,173780.0,0.0017378,nan,nan,nan,nan,0.1,1.0,20.0,10 V,1.0,False,1
7.3240,-0.00016,1e-05,-0.0271552,169720.0,174880.0,0.0017488,nan,nan,nan,nan,0.1,1.0,20.0,10 V,1.0,False,1
7.3666,-0.00021,1e-05,-0.035657,169795.2380952381,172680.0,0.0017268,nan,nan,nan,nan,0.1,1.0,20.0,10 V,1.0,False,1
7.4090,-0.00026000000000000003,1e-05,-0.0441808,169926.15384615381,177080.0,0.0017708,nan,nan,nan,nan,0.1,1.0,20.0,10 V,1.0,False,1
7.4514,-0.0003,1e-05,-0.0509668,169889.33333333334,178170.0,0.0017817,nan,nan,nan,nan,0.1,1.0,20.0,10 V,1.0,False,1
7.4939,-0.00024999999999999995,1e-05,-0.042465,169860.00000000006,172680.0,0.0017268,nan,nan,nan,nan,0.1,1.0,20.0,10 V,1.0,False,1
7.5363,-0.00019999999999999996,1e-05,-0.0339852,169926.00000000003,173780.0,0.0017378,nan,nan,nan,nan,0.1,1.0,20.0,10 V,1.0,False,1
7.5789,-0.00014999999999999996,1e-05,-0.0254504,169669.33333333337,174880.0,0.0017488,nan,nan,nan,nan,0.1,1.0,20.0,10 V,1.0,False,1
7.6213,-9.999999999999996e-05,1e-05,-0.0169486,169486.00000000006,174880.0,0.0017488,nan,nan,nan,nan,0.1,1.0,20.0,10 V,1.0,False,1
7.6637,-4.999999999999996e-05,1e-05,-0.0084138,168276.00000000015,174880.0,0.0017488,nan,nan,nan,nan,0.1,1.0,20.0,10 V,1.0,False,1
7.7062,1e-05,1e-05,0.0017488,174880.0,175980.0,0.0017598,nan,nan,nan,nan,0.1,1.0,20.0,10 V,1.0,False,1
7.7487,6e-05,1e-05,0.0102616,171026.66666666663,173780.0,0.0017378,nan,nan,nan,nan,0.1,1.0,20.0,10 V,1.0,False,1
7.7911,0.00011,1e-05,0.0187304,170276.36363636365,178170.0,0.0017817,nan,nan,nan,nan,0.1,1.0,20.0,10 V,1.0,False,1
7.8333,0.00016,1e-05,0.0272982,170613.75,173780.0,0.0017378,nan,nan,nan,nan,0.1,1.0,20.0,10 V,1.0,False,1
7.8756,0.00021,1e-05,0.035822,170580.95238095237,172680.0,0.0017268,nan,nan,nan,nan,0.1,1.0,20.0,10 V,1.0,False,1
7.8969,0.00021,1e-05,0.035822,170580.95238095237,170480.0,0.0017048,nan,nan,nan,nan,0.1,1.0,20.0,10 V,1.0,False,1
7.9181,0.00021,1e-05,0.035822,170580.95238095237,173780.0,0.0017378,nan,nan,nan,nan,0.1,1.0,20.0,10 V,1.0,False,1
7.9395,0.00021,1e-05,0.035822,170580.95238095237,174880.0,0.0017488,nan,nan,nan,nan,0.1,1.0,20.0,10 V,1.0,False,1
7.9607,0.00021,1e-05,0.035822,170580.95238095237,177080.0,0.0017708,nan,nan,nan,nan,0.1,1.0,20.0,10 V,1.0,False,1
7.9820,0.00021,1e-05,0.035822,170580.95238095237,175980.0,0.0017598,nan,nan,nan,nan,0.1,1.0,20.0,10 V,1.0,False,1
8.0033,0.00021,1e-05,0.035822,170580.95238095237,174880.0,0.0017488,nan,nan,nan,nan,0.1,1.0,20.0,10 V,1.0,False,1
8.0246,0.00021,1e-05,0.035822,170580.95238095237,177080.0,0.0017708,nan,nan,nan,nan,0.1,1.0,20.0,10 V,1.0,False,1
8.0458,0.00021,1e-05,0.035822,170580.95238095237,173780.0,0.0017378,nan,nan,nan,nan,0.1,1.0,20.0,10 V,1.0,False,1
8.0670,0.00021,1e-05,0.035822,170580.95238095237,173780.0,0.0017378,nan,nan,nan,nan,0.1,1.0,20.0,10 V,1.0,False,1
8.0883,0.00021,1e-05,0.035822,170580.95238095237,172680.0,0.0017268,nan,nan,nan,nan,0.1,1.0,20.0,10 V,1.0,False,1
8.1095,0.00021,1e-05,0.035822,170580.95238095237,173780.0,0.0017378,nan,nan,nan,nan,0.1,1.0,20.0,10 V,1.0,False,1
8.1308,0.00021,1e-05,0.035822,170580.95238095237,172680.0,0.0017268,nan,nan,nan,nan,0.1,1.0,20.0,10 V,1.0,False,1
8.1520,0.00021,1e-05,0.035822,170580.95238095237,177080.0,0.0017708,nan,nan,nan,nan,0.1,1.0,20.0,10 V,1.0,False,1
8.1732,0.00021,1e-05,0.035822,170580.95238095237,173780.0,0.0017378,nan,nan,nan,nan,0.1,1.0,20.0,10 V,1.0,False,1
8.1944,0.00021,1e-05,0.035822,170580.95238095237,173780.0,0.0017378,nan,nan,nan,nan,0.1,1.0,20.0,10 V,1.0,False,1
8.2157,0.00021,1e-05,0.035822,170580.95238095237,178170.0,0.0017817,nan,nan,nan,nan,0.1,1.0,20.0,10 V,1.0,False,1
8.2369,0.00021,1e-05,0.035822,170580.95238095237,173780.0,0.0017378,nan,nan,nan,nan,0.1,1.0,20.0,10 V,1.0,False,1
8.2581,0.00021,1e-05,0.035822,170580.95238095237,175980.0,0.0017598,nan,nan,nan,nan,0.1,1.0,20.0,10 V,1.0,False,1
8.2793,0.00021,1e-05,0.035822,170580.95238095237,179270.0,0.0017927,nan,nan,nan,nan,0.1,1.0,20.0,10 V,1.0,False,1
8.3006,0.00021,1e-05,0.035822,170580.95238095237,174880.0,0.0017488,nan,nan,nan,nan,0.1,1.0,20.0,10 V,1.0,False,1
8.3218,0.00021,1e-05,0.035822,170580.95238095237,170480.0,0.0017048,nan,nan,nan,nan,0.1,1.0,20.0,10 V,1.0,False,1
8.3430,0.00021,1e-05,0.035822,170580.95238095237,177080.0,0.0017708,nan,nan,nan,nan,0.1,1.0,20.0,10 V,1.0,False,1
8.3643,0.00021,1e-05,0.035822,170580.95238095237,172680.0,0.0017268,nan,nan,nan,nan,0.1,1.0,20.0,10 V,1.0,False,1
8.3854,0.00021,1e-05,0.035822,170580.95238095237,175980.0,0.0017598,nan,nan,nan,nan,0.1,1.0,20.0,10 V,1.0,False,1
8.4067,0.00021,1e-05,0.035822,170580.95238095237,177080.0,0.0017708,nan,nan,nan,nan,0.1,1.0,20.0,10 V,1.0,False,1
8.4279,0.00021,1e-05,0.035822,170580.95238095237,173780.0,0.0017378,nan,nan,nan,nan,0.1,1.0,20.0,10 V,1.0,False,1
8.4492,0.00021,1e-05,0.035822,170580.95238095237,175980.0,0.0017598,nan,nan,nan,nan,0.1,1.0,20.0,10 V,1.0,False,1
8.4704,0.00021,1e-05,0.035822,170580.95238095237,172680.0,0.0017268,nan,nan,nan,nan,0.1,1.0,20.0,10 V,1.0,False,1
8.4916,0.00021,1e-05,0.035822,170580.95238095237,173780.0,0.0017378,nan,nan,nan,nan,0.1,1.0,20.0,10 V,1.0,False,1
8.5129,0.00021,1e-05,0.035822,170580.95238095237,171580.0,0.0017158,nan,nan,nan,nan,0.1,1.0,20.0,10 V,1.0,False,1
8.5343,0.00021,1e-05,0.035822,170580.95238095237,173780.0,0.0017378,nan,nan,nan,nan,0.1,1.0,20.0,10 V,1.0,False,1
8.5556,0.00021,1e-05,0.035822,170580.95238095237,177080.0,0.0017708,nan,nan,nan,nan,0.1,1.0,20.0,10 V,1.0,False,1
8.5769,0.00021,1e-05,0.035822,170580.95238095237,172680.0,0.0017268,nan,nan,nan,nan,0.1,1.0,20.0,10 V,1.0,False,1
8.5981,0.00021,1e-05,0.035822,170580.95238095237,171580.0,0.0017158,nan,nan,nan,nan,0.1,1.0,20.0,10 V,1.0,False,1
8.6194,0.00021,1e-05,0.035822,170580.95238095237,177080.0,0.0017708,nan,nan,nan,nan,0.1,1.0,20.0,10 V,1.0,False,1
8.6406,0.00021,1e-05,0.035822,170580.95238095237,174880.0,0.0017488,nan,nan,nan,nan,0.1,1.0,20.0,10 V,1.0,False,1
8.6618,0.00021,1e-05,0.035822,170580.95238095237,172680.0,0.0017268,nan,nan,nan,nan,0.1,1.0,20.0,10 V,1.0,False,1
8.6830,0.00021,1e-05,0.035822,170580.95238095237,173780.0,0.0017378,nan,nan,nan,nan,0.1,1.0,20.0,10 V,1.0,False,1
8.7042,0.00021,1e-05,0.035822,170580.95238095237,172680.0,0.0017268,nan,nan,nan,nan,0.1,1.0,20.0,10 V,1.0,False,1
8.7254,0.00021,1e-05,0.035822,170580.95238095237,172680.0,0.0017268,nan,nan,nan,nan,0.1,1.0,20.0,10 V,1.0,False,1
8.7466,0.00021,1e-05,0.035822,170580.95238095237,175980.0,0.0017598,nan,nan,nan,nan,0.1,1.0,20.0,10 V,1.0,False,1
8.7679,0.00021,1e-05,0.035822,170580.95238095237,177080.0,0.0017708,nan,nan,nan,nan,0.1,1.0,20.0,10 V,1.0,False,1
8.7891,0.00021,1e-05,0.035822,170580.95238095237,170480.0,0.0017048,nan,nan,nan,nan,0.1,1.0,20.0,10 V,1.0,False,1
8.8102,0.00021,1e-05,0.035822,170580.95238095237,175980.0,0.0017598,nan,nan,nan,nan,0.1,1.0,20.0,10 V,1.0,False,1
8.8315,0.00021,1e-05,0.035822,170580.95238095237,173780.0,0.0017378,nan,nan,nan,nan,0.1,1.0,20.0,10 V,1.0,False,1
8.8528,0.00021,1e-05,0.035822,170580.95238095237,177080.0,0.0017708,nan,nan,nan,nan,0.1,1.0,20.0,10 V,1.0,False,1
8.8741,0.00021,1e-05,0.035822,170580.95238095237,172680.0,0.0017268,nan,nan,nan,nan,0.1,1.0,20.0,10 V,1.0,False,1
8.8953,0.00021,1e-05,0.035822,170580.95238095237,177080.0,0.0017708,nan,nan,nan,nan,0.1,1.0,20.0,10 V,1.0,False,1
8.9165,0.00021,1e-05,0.035822,170580.95238095237,172680.0,0.0017268,nan,nan,nan,nan,0.1,1.0,20.0,10 V,1.0,False,1
8.9378,0.00021,1e-05,0.035822,170580.95238095237,177080.0,0.0017708,nan,nan,nan,nan,0.1,1.0,20.0,10 V,1.0,False,1
8.9591,0.00021,1e-05,0.035822,170580.95238095237,174880.0,0.0017488,nan,nan,nan,nan,0.1,1.0,20.0,10 V,1.0,False,1
8.9804,0.00021,1e-05,0.035822,170580.95238095237,172680.0,0.0017268,nan,nan,nan,nan,0.1,1.0,20.0,10 V,1.0,False,1
9.0017,0.00021,1e-05,0.035822,170580.95238095237,173780.0,0.0017378,nan,nan,nan,nan,0.1,1.0,20.0,10 V,1.0,False,1
9.0229,0.00021,1e-05,0.035822,170580.95238095237,177080.0,0.0017708,nan,nan,nan,nan,0.1,1.0,20.0,10 V,1.0,False,1
9.0443,0.00021,1e-05,0.035822,170580.95238095237,173780.0,0.0017378,nan,nan,nan,nan,0.1,1.0,20.0,10 V,1.0,False,1
9.0655,0.00021,1e-05,0.035822,170580.95238095237,173780.0,0.0017378,nan,nan,nan,nan,0.1,1.0,20.0,10 V,1.0,False,1
9.0868,0.00021,1e-05,0.035822,170580.95238095237,178170.0,0.0017817,nan,nan,nan,nan,0.1,1.0,20.0,10 V,1.0,False,1
9.1080,0.00021,1e-05,0.035822,170580.95238095237,172680.0,0.0017268,nan,nan,nan,nan,0.1,1.0,20.0,10 V,1.0,False,1
9.1293,0.00021,1e-05,0.035822,170580.95238095237,172680.0,0.0017268,nan,nan,nan,nan,0.1,1.0,20.0,10 V,1.0,False,1
9.1506,0.00021,1e-05,0.035822,170580.95238095237,171580.0,0.0017158,nan,nan,nan,nan,0.1,1.0,20.0,10 V,1.0,False,1
9.1719,0.00021,1e-05,0.035822,170580.95238095237,173780.0,0.0017378,nan,nan,nan,nan,0.1,1.0,20.0,10 V,1.0,False,1
9.1932,0.00021,1e-05,0.035822,170580.95238095237,173780.0,0.0017378,nan,nan,nan,nan,0.1,1.0,20.0,10 V,1.0,False,1
9.2144,0.00021,1e-05,0.035822,170580.95238095237,170480.0,0.0017048,nan,nan,nan,nan,0.1,1.0,20.0,10 V,1.0,False,1
9.2356,0.00021,1e-05,0.035822,170580.95238095237,172680.0,0.0017268,nan,nan,nan,nan,0.1,1.0,20.0,10 V,1.0,False,1
9.2569,0.00021,1e-05,0.035822,170580.95238095237,171580.0,0.0017158,nan,nan,nan,nan,0.1,1.0,20.0,10 V,1.0,False,1
9.2781,0.00021,1e-05,0.035822,170580.95238095237,178170.0,0.0017817,nan,nan,nan,nan,0.1,1.0,20.0,10 V,1.0,False,1
9.2994,0.00021,1e-05,0.035822,170580.95238095237,174880.0,0.0017488,nan,nan,nan,nan,0.1,1.0,20.0,10 V,1.0,False,1
9.3205,0.00021,1e-05,0.035822,170580.95238095237,177080.0,0.0017708,nan,nan,nan,nan,0.1,1.0,20.0,10 V,1.0,False,1
9.3418,0.00021,1e-05,0.035822,170580.95238095237,179270.0,0.0017927,nan,nan,nan,nan,0.1,1.0,20.0,10 V,1.0,False,1
9.3630,0.00021,1e-05,0.035822,170580.95238095237,174880.0,0.0017488,nan,nan,nan,nan,0.1,1.0,20.0,10 V,1.0,False,1
9.3843,0.00021,1e-05,0.035822,170580.95238095237,178170.0,0.0017817,nan,nan,nan,nan,0.1,1.0,20.0,10 V,1.0,False,1
9.4054,0.00021,1e-05,0.035822,170580.95238095237,174880.0,0.0017488,nan,nan,nan,nan,0.1,1.0,20.0,10 V,1.0,False,1
9.4267,0.00021,1e-05,0.035822,170580.95238095237,177080.0,0.0017708,nan,nan,nan,nan,0.1,1.0,20.0,10 V,1.0,False,1
9.4479,0.00021,1e-05,0.035822,170580.95238095237,175980.0,0.0017598,nan,nan,nan,nan,0.1,1.0,20.0,10 V,1.0,False,1
9.4692,0.00021,1e-05,0.035822,170580.95238095237,177080.0,0.0017708,nan,nan,nan,nan,0.1,1.0,20.0,10 V,1.0,False,1
9.4904,0.00021,1e-05,0.035822,170580.95238095237,173780.0,0.0017378,nan,nan,nan,nan,0.1,1.0,20.0,10 V,1.0,False,1
9.5116,0.00021,1e-05,0.035822,170580.95238095237,174880.0,0.0017488,nan,nan,nan,nan,0.1,1.0,20.0,10 V,1.0,False,1
9.5328,0.00021,1e-05,0.035822,170580.95238095237,173780.0,0.0017378,nan,nan,nan,nan,0.1,1.0,20.0,10 V,1.0,False,1
9.5541,0.00021,1e-05,0.035822,170580.95238095237,174880.0,0.0017488,nan,nan,nan,nan,0.1,1.0,20.0,10 V,1.0,False,1
9.5753,0.00021,1e-05,0.035822,170580.95238095237,175980.0,0.0017598,nan,nan,nan,nan,0.1,1.0,20.0,10 V,1.0,False,1
9.5966,0.00021,1e-05,0.035822,170580.95238095237,177080.0,0.0017708,nan,nan,nan,nan,0.1,1.0,20.0,10 V,1.0,False,1
9.6177,0.00021,1e-05,0.035822,170580.95238095237,179270.0,0.0017927,nan,nan,nan,nan,0.1,1.0,20.0,10 V,1.0,False,1
9.6390,0.00021,1e-05,0.035822,170580.95238095237,174880.0,0.0017488,nan,nan,nan,nan,0.1,1.0,20.0,10 V,1.0,False,1
9.6602,0.00021,1e-05,0.035822,170580.95238095237,175980.0,0.0017598,nan,nan,nan,nan,0.1,1.0,20.0,10 V,1.0,False,1
9.6814,0.00021,1e-05,0.035822,170580.95238095237,174880.0,0.0017488,nan,nan,nan,nan,0.1,1.0,20.0,10 V,1.0,False,1
9.7026,0.00021,1e-05,0.035822,170580.95238095237,174880.0,0.0017488,nan,nan,nan,nan,0.1,1.0,20.0,10 V,1.0,False,1
9.7238,0.00021,1e-05,0.035822,170580.95238095237,173780.0,0.0017378,nan,nan,nan,nan,0.1,1.0,20.0,10 V,1.0,False,1
9.7452,0.00021,1e-05,0.035822,170580.95238095237,174880.0,0.0017488,nan,nan,nan,nan,0.1,1.0,20.0,10 V,1.0,False,1
9.7664,0.00021,1e-05,0.035822,170580.95238095237,177080.0,0.0017708,nan,nan,nan,nan,0.1,1.0,20.0,10 V,1.0,False,1
9.7876,0.00021,1e-05,0.035822,170580.95238095237,173780.0,0.0017378,nan,nan,nan,nan,0.1,1.0,20.0,10 V,1.0,False,1
9.8089,0.00021,1e-05,0.035822,170580.95238095237,171580.0,0.0017158,nan,nan,nan,nan,0.1,1.0,20.0,10 V,1.0,False,1
9.8302,0.00021,1e-05,0.035822,170580.95238095237,174880.0,0.0017488,nan,nan,nan,nan,0.1,1.0,20.0,10 V,1.0,False,1
9.8515,0.00021,1e-05,0.035822,170580.95238095237,173780.0,0.0017378,nan,nan,nan,nan,0.1,1.0,20.0,10 V,1.0,False,1
9.8725,0.00021,1e-05,0.035822,170580.95238095237,174880.0,0.0017488,nan,nan,nan,nan,0.1,1.0,20.0,10 V,1.0,False,1
9.8937,0.00021,1e-05,0.035822,170580.95238095237,173780.0,0.0017378,nan,nan,nan,nan,0.1,1.0,20.0,10 V,1.0,False,1
9.9149,0.00021,1e-05,0.035822,170580.95238095237,175980.0,0.0017598,nan,nan,nan,nan,0.1,1.0,20.0,10 V,1.0,False,1
9.9361,0.00021,1e-05,0.035822,170580.95238095237,175980.0,0.0017598,nan,nan,nan,nan,0.1,1.0,20.0,10 V,1.0,False,1
9.9574,0.00021,1e-05,0.035822,170580.95238095237,171580.0,0.0017158,nan,nan,nan,nan,0.1,1.0,20.0,10 V,1.0,False,1
9.9787,0.00021,1e-05,0.035822,170580.95238095237,174880.0,0.0017488,nan,nan,nan,nan,0.1,1.0,20.0,10 V,1.0,False,1
9.9999,0.00021,1e-05,0.035822,170580.95238095237,174880.0,0.0017488,nan,nan,nan,nan,0.1,1.0,20.0,10 V,1.0,False,1
10.0211,0.00021,1e-05,0.035822,170580.95238095237,175980.0,0.0017598,nan,nan,nan,nan,0.1,1.0,20.0,10 V,1.0,False,1
10.0424,0.00021,1e-05,0.035822,170580.95238095237,174880.0,0.0017488,nan,nan,nan,nan,0.1,1.0,20.0,10 V,1.0,False,1
10.0635,0.00021,1e-05,0.035822,170580.95238095237,178170.0,0.0017817,nan,nan,nan,nan,0.1,1.0,20.0,10 V,1.0,False,1
10.0848,0.00021,1e-05,0.035822,170580.95238095237,175980.0,0.0017598,nan,nan,nan,nan,0.1,1.0,20.0,10 V,1.0,False,1
10.1060,0.00021,1e-05,0.035822,170580.95238095237,173780.0,0.0017378,nan,nan,nan,nan,0.1,1.0,20.0,10 V,1.0,False,1
10.1273,0.00021,1e-05,0.035822,170580.95238095237,173780.0,0.0017378,nan,nan,nan,nan,0.1,1.0,20.0,10 V,1.0,False,1
10.1485,0.00021,1e-05,0.035822,170580.95238095237,177080.0,0.0017708,nan,nan,nan,nan,0.1,1.0,20.0,10 V,1.0,False,1
10.1697,0.00021,1e-05,0.035822,170580.95238095237,173780.0,0.0017378,nan,nan,nan,nan,0.1,1.0,20.0,10 V,1.0,False,1
10.1910,0.00021,1e-05,0.035822,170580.95238095237,174880.0,0.0017488,nan,nan,nan,nan,0.1,1.0,20.0,10 V,1.0,False,1
10.2123,0.00021,1e-05,0.035822,170580.95238095237,178170.0,0.0017817,nan,nan,nan,nan,0.1,1.0,20.0,10 V,1.0,False,1
10.2335,0.00021,1e-05,0.035822,170580.95238095237,173780.0,0.0017378,nan,nan,nan,nan,0.1,1.0,20.0,10 V,1.0,False,1
10.2547,0.00021,1e-05,0.035822,170580.95238095237,175980.0,0.0017598,nan,nan,nan,nan,0.1,1.0,20.0,10 V,1.0,False,1
10.2759,0.00021,1e-05,0.035822,170580.95238095237,175980.0,0.0017598,nan,nan,nan,nan,0.1,1.0,20.0,10 V,1.0,False,1
10.2972,0.00021,1e-05,0.035822,170580.95238095237,172680.0,0.0017268,nan,nan,nan,nan,0.1,1.0,20.0,10 V,1.0,False,1
10.3185,0.00021,1e-05,0.035822,170580.95238095237,173780.0,0.0017378,nan,nan,nan,nan,0.1,1.0,20.0,10 V,1.0,False,1
10.3398,0.00021,1e-05,0.035822,170580.95238095237,170480.0,0.0017048,nan,nan,nan,nan,0.1,1.0,20.0,10 V,1.0,False,1
10.3609,0.00021,1e-05,0.035822,170580.95238095237,178170.0,0.0017817,nan,nan,nan,nan,0.1,1.0,20.0,10 V,1.0,False,1
10.3823,0.00021,1e-05,0.035822,170580.95238095237,173780.0,0.0017378,nan,nan,nan,nan,0.1,1.0,20.0,10 V,1.0,False,1
10.4035,0.00021,1e-05,0.035822,170580.95238095237,175980.0,0.0017598,nan,nan,nan,nan,0.1,1.0,20.0,10 V,1.0,False,1
10.4248,0.00021,1e-05,0.035822,170580.95238095237,175980.0,0.0017598,nan,nan,nan,nan,0.1,1.0,20.0,10 V,1.0,False,1
10.4460,0.00021,1e-05,0.035822,170580.95238095237,175980.0,0.0017598,nan,nan,nan,nan,0.1,1.0,20.0,10 V,1.0,False,1
10.4672,0.00021,1e-05,0.035822,170580.95238095237,164980.0,0.0016498,nan,nan,nan,nan,0.1,1.0,20.0,10 V,1.0,False,1
10.4884,0.00021,1e-05,0.035822,170580.95238095237,173780.0,0.0017378,nan,nan,nan,nan,0.1,1.0,20.0,10 V,1.0,False,1
10.5096,0.00021,1e-05,0.035822,170580.95238095237,170480.0,0.0017048,nan,nan,nan,nan,0.1,1.0,20.0,10 V,1.0,False,1
10.5309,0.00021,1e-05,0.035822,170580.95238095237,173780.0,0.0017378,nan,nan,nan,nan,0.1,1.0,20.0,10 V,1.0,False,1
10.5522,0.00021,1e-05,0.035822,170580.95238095237,175980.0,0.0017598,nan,nan,nan,nan,0.1,1.0,20.0,10 V,1.0,False,1
10.5735,0.00021,1e-05,0.035822,170580.95238095237,173780.0,0.0017378,nan,nan,nan,nan,0.1,1.0,20.0,10 V,1.0,False,1
10.5947,0.00021,1e-05,0.035822,170580.95238095237,173780.0,0.0017378,nan,nan,nan,nan,0.1,1.0,20.0,10 V,1.0,False,1
10.6159,0.00021,1e-05,0.035822,170580.95238095237,177080.0,0.0017708,nan,nan,nan,nan,0.1,1.0,20.0,10 V,1.0,False,1
10.6372,0.00021,1e-05,0.035822,170580.95238095237,177080.0,0.0017708,nan,nan,nan,nan,0.1,1.0,20.0,10 V,1.0,False,1
10.6585,0.00021,1e-05,0.035822,170580.95238095237,173780.0,0.0017378,nan,nan,nan,nan,0.1,1.0,20.0,10 V,1.0,False,1
10.6797,0.00021,1e-05,0.035822,170580.95238095237,173780.0,0.0017378,nan,nan,nan,nan,0.1,1.0,20.0,10 V,1.0,False,1
10.7010,0.00021,1e-05,0.035822,170580.95238095237,173780.0,0.0017378,nan,nan,nan,nan,0.1,1.0,20.0,10 V,1.0,False,1
10.7223,0.00021,1e-05,0.035822,170580.95238095237,175980.0,0.0017598,nan,nan,nan,nan,0.1,1.0,20.0,10 V,1.0,False,1
10.7436,0.00021,1e-05,0.035822,170580.95238095237,179270.0,0.0017927,nan,nan,nan,nan,0.1,1.0,20.0,10 V,1.0,False,1
10.7648,0.00021,1e-05,0.035822,170580.95238095237,177080.0,0.0017708,nan,nan,nan,nan,0.1,1.0,20.0,10 V,1.0,False,1
10.7862,0.00021,1e-05,0.035822,170580.95238095237,179270.0,0.0017927,nan,nan,nan,nan,0.1,1.0,20.0,10 V,1.0,False,1
10.8074,0.00021,1e-05,0.035822,170580.95238095237,177080.0,0.0017708,nan,nan,nan,nan,0.1,1.0,20.0,10 V,1.0,False,1
10.8286,0.00021,1e-05,0.035822,170580.95238095237,174880.0,0.0017488,nan,nan,nan,nan,0.1,1.0,20.0,10 V,1.0,False,1
10.8497,0.00021,1e-05,0.035822,170580.95238095237,173780.0,0.0017378,nan,nan,nan,nan,0.1,1.0,20.0,10 V,1.0,False,1
10.8709,0.00021,1e-05,0.035822,170580.95238095237,174880.0,0.0017488,nan,nan,nan,nan,0.1,1.0,20.0,10 V,1.0,False,1
10.8922,0.00021,1e-05,0.035822,170580.95238095237,178170.0,0.0017817,nan,nan,nan,nan,0.1,1.0,20.0,10 V,1.0,False,1
10.9134,0.00021,1e-05,0.035822,170580.95238095237,182570.0,0.0018257,nan,nan,nan,nan,0.1,1.0,20.0,10 V,1.0,False,1
10.9346,0.00021,1e-05,0.035822,170580.95238095237,177080.0,0.0017708,nan,nan,nan,nan,0.1,1.0,20.0,10 V,1.0,False,1
10.9558,0.00021,1e-05,0.035822,170580.95238095237,178170.0,0.0017817,nan,nan,nan,nan,0.1,1.0,20.0,10 V,1.0,False,1
10.9771,0.00021,1e-05,0.035822,170580.95238095237,177080.0,0.0017708,nan,nan,nan,nan,0.1,1.0,20.0,10 V,1.0,False,1
10.9983,0.00021,1e-05,0.035822,170580.95238095237,175980.0,0.0017598,nan,nan,nan,nan,0.1,1.0,20.0,10 V,1.0,False,1
11.0196,0.00021,1e-05,0.035822,170580.95238095237,174880.0,0.0017488,nan,nan,nan,nan,0.1,1.0,20.0,10 V,1.0,False,1
11.0408,0.00021,1e-05,0.035822,170580.95238095237,173780.0,0.0017378,nan,nan,nan,nan,0.1,1.0,20.0,10 V,1.0,False,1
11.0621,0.00021,1e-05,0.035822,170580.95238095237,175980.0,0.0017598,nan,nan,nan,nan,0.1,1.0,20.0,10 V,1.0,False,1
11.0833,0.00021,1e-05,0.035822,170580.95238095237,175980.0,0.0017598,nan,nan,nan,nan,0.1,1.0,20.0,10 V,1.0,False,1
11.1046,0.00021,1e-05,0.035822,170580.95238095237,175980.0,0.0017598,nan,nan,nan,nan,0.1,1.0,20.0,10 V,1.0,False,1
11.1259,0.00021,1e-05,0.035822,170580.95238095237,173780.0,0.0017378,nan,nan,nan,nan,0.1,1.0,20.0,10 V,1.0,False,1
11.1472,0.00021,1e-05,0.035822,170580.95238095237,175980.0,0.0017598,nan,nan,nan,nan,0.1,1.0,20.0,10 V,1.0,False,1
11.1685,0.00021,1e-05,0.035822,170580.95238095237,173780.0,0.0017378,nan,nan,nan,nan,0.1,1.0,20.0,10 V,1.0,False,1
11.1897,0.00021,1e-05,0.035822,170580.95238095237,175980.0,0.0017598,nan,nan,nan,nan,0.1,1.0,20.0,10 V,1.0,False,1
11.2110,0.00021,1e-05,0.035822,170580.95238095237,173780.0,0.0017378,nan,nan,nan,nan,0.1,1.0,20.0,10 V,1.0,False,1
11.2323,0.00021,1e-05,0.035822,170580.95238095237,175980.0,0.0017598,nan,nan,nan,nan,0.1,1.0,20.0,10 V,1.0,False,1
11.2535,0.00021,1e-05,0.035822,170580.95238095237,174880.0,0.0017488,nan,nan,nan,nan,0.1,1.0,20.0,10 V,1.0,False,1
11.2748,0.00021,1e-05,0.035822,170580.95238095237,173780.0,0.0017378,nan,nan,nan,nan,0.1,1.0,20.0,10 V,1.0,False,1
11.2961,0.00021,1e-05,0.035822,170580.95238095237,174880.0,0.0017488,nan,nan,nan,nan,0.1,1.0,20.0,10 V,1.0,False,1
11.3174,0.00021,1e-05,0.035822,170580.95238095237,172680.0,0.0017268,nan,nan,nan,nan,0.1,1.0,20.0,10 V,1.0,False,1
11.3387,0.00021,1e-05,0.035822,170580.95238095237,171580.0,0.0017158,nan,nan,nan,nan,0.1,1.0,20.0,10 V,1.0,False,1
11.3599,0.00021,1e-05,0.035822,170580.95238095237,175980.0,0.0017598,nan,nan,nan,nan,0.1,1.0,20.0,10 V,1.0,False,1
11.3812,0.00021,1e-05,0.035822,170580.95238095237,175980.0,0.0017598,nan,nan,nan,nan,0.1,1.0,20.0,10 V,1.0,False,1
11.4024,0.00021,1e-05,0.035822,170580.95238095237,170480.0,0.0017048,nan,nan,nan,nan,0.1,1.0,20.0,10 V,1.0,False,1
11.4236,0.00021,1e-05,0.035822,170580.95238095237,174880.0,0.0017488,nan,nan,nan,nan,0.1,1.0,20.0,10 V,1.0,False,1
11.4448,0.00021,1e-05,0.035822,170580.95238095237,174880.0,0.0017488,nan,nan,nan,nan,0.1,1.0,20.0,10 V,1.0,False,1
11.4660,0.00021,1e-05,0.035822,170580.95238095237,174880.0,0.0017488,nan,nan,nan,nan,0.1,1.0,20.0,10 V,1.0,False,1
11.4872,0.00021,1e-05,0.035822,170580.95238095237,173780.0,0.0017378,nan,nan,nan,nan,0.1,1.0,20.0,10 V,1.0,False,1
11.5085,0.00021,1e-05,0.035822,170580.95238095237,174880.0,0.0017488,nan,nan,nan,nan,0.1,1.0,20.0,10 V,1.0,False,1
11.5296,0.00021,1e-05,0.035822,170580.95238095237,174880.0,0.0017488,nan,nan,nan,nan,0.1,1.0,20.0,10 V,1.0,False,1
11.5509,0.00021,1e-05,0.035822,170580.95238095237,177080.0,0.0017708,nan,nan,nan,nan,0.1,1.0,20.0,10 V,1.0,False,1
11.5720,0.00021,1e-05,0.035822,170580.95238095237,177080.0,0.0017708,nan,nan,nan,nan,0.1,1.0,20.0,10 V,1.0,False,1
11.5933,0.00021,1e-05,0.035822,170580.95238095237,174880.0,0.0017488,nan,nan,nan,nan,0.1,1.0,20.0,10 V,1.0,False,1
11.6145,0.00021,1e-05,0.035822,170580.95238095237,171580.0,0.0017158,nan,nan,nan,nan,0.1,1.0,20.0,10 V,1.0,False,1
11.6358,0.00021,1e-05,0.035822,170580.95238095237,175980.0,0.0017598,nan,nan,nan,nan,0.1,1.0,20.0,10 V,1.0,False,1
11.6571,0.00021,1e-05,0.035822,170580.95238095237,174880.0,0.0017488,nan,nan,nan,nan,0.1,1.0,20.0,10 V,1.0,False,1
11.6783,0.00021,1e-05,0.035822,170580.95238095237,177080.0,0.0017708,nan,nan,nan,nan,0.1,1.0,20.0,10 V,1.0,False,1
11.6995,0.00021,1e-05,0.035822,170580.95238095237,173780.0,0.0017378,nan,nan,nan,nan,0.1,1.0,20.0,10 V,1.0,False,1
11.7207,0.00021,1e-05,0.035822,170580.95238095237,174880.0,0.0017488,nan,nan,nan,nan,0.1,1.0,20.0,10 V,1.0,False,1
11.7420,0.00021,1e-05,0.035822,170580.95238095237,174880.0,0.0017488,nan,nan,nan,nan,0.1,1.0,20.0,10 V,1.0,False,1
11.7632,0.00021,1e-05,0.035822,170580.95238095237,172680.0,0.0017268,nan,nan,nan,nan,0.1,1.0,20.0,10 V,1.0,False,1
11.7845,0.00021,1e-05,0.035822,170580.95238095237,173780.0,0.0017378,nan,nan,nan,nan,0.1,1.0,20.0,10 V,1.0,False,1
11.8057,0.00021,1e-05,0.035822,170580.95238095237,178170.0,0.0017817,nan,nan,nan,nan,0.1,1.0,20.0,10 V,1.0,False,1
11.8270,0.00021,1e-05,0.035822,170580.95238095237,177080.0,0.0017708,nan,nan,nan,nan,0.1,1.0,20.0,10 V,1.0,False,1
11.8482,0.00021,1e-05,0.035822,170580.95238095237,173780.0,0.0017378,nan,nan,nan,nan,0.1,1.0,20.0,10 V,1.0,False,1
11.8695,0.00021,1e-05,0.035822,170580.95238095237,172680.0,0.0017268,nan,nan,nan,nan,0.1,1.0,20.0,10 V,1.0,False,1
11.8907,0.00021,1e-05,0.035822,170580.95238095237,179270.0,0.0017927,nan,nan,nan,nan,0.1,1.0,20.0,10 V,1.0,False,1
11.9119,0.00021,1e-05,0.035822,170580.95238095237,174880.0,0.0017488,nan,nan,nan,nan,0.1,1.0,20.0,10 V,1.0,False,1
11.9332,0.00021,1e-05,0.035822,170580.95238095237,177080.0,0.0017708,nan,nan,nan,nan,0.1,1.0,20.0,10 V,1.0,False,1
11.9544,0.00021,1e-05,0.035822,170580.95238095237,177080.0,0.0017708,nan,nan,nan,nan,0.1,1.0,20.0,10 V,1.0,False,1
11.9756,0.00021,1e-05,0.035822,170580.95238095237,174880.0,0.0017488,nan,nan,nan,nan,0.1,1.0,20.0,10 V,1.0,False,1
11.9968,0.00021,1e-05,0.035822,170580.95238095237,174880.0,0.0017488,nan,nan,nan,nan,0.1,1.0,20.0,10 V,1.0,False,1
12.0181,0.00021,1e-05,0.035822,170580.95238095237,174880.0,0.0017488,nan,nan,nan,nan,0.1,1.0,20.0,10 V,1.0,False,1
12.0393,0.00021,1e-05,0.035822,170580.95238095237,173780.0,0.0017378,nan,nan,nan,nan,0.1,1.0,20.0,10 V,1.0,False,1
12.0604,0.00021,1e-05,0.035822,170580.95238095237,175980.0,0.0017598,nan,nan,nan,nan,0.1,1.0,20.0,10 V,1.0,False,1
12.0816,0.00021,1e-05,0.035822,170580.95238095237,175980.0,0.0017598,nan,nan,nan,nan,0.1,1.0,20.0,10 V,1.0,False,1
12.1028,0.00021,1e-05,0.035822,170580.95238095237,174880.0,0.0017488,nan,nan,nan,nan,0.1,1.0,20.0,10 V,1.0,False,1
12.1241,0.00021,1e-05,0.035822,170580.95238095237,173780.0,0.0017378,nan,nan,nan,nan,0.1,1.0,20.0,10 V,1.0,False,1
12.1454,0.00021,1e-05,0.035822,170580.95238095237,174880.0,0.0017488,nan,nan,nan,nan,0.1,1.0,20.0,10 V,1.0,False,1
12.1667,0.00021,1e-05,0.035822,170580.95238095237,177080.0,0.0017708,nan,nan,nan,nan,0.1,1.0,20.0,10 V,1.0,False,1
12.1880,0.00021,1e-05,0.035822,170580.95238095237,174880.0,0.0017488,nan,nan,nan,nan,0.1,1.0,20.0,10 V,1.0,False,1
12.2093,0.00021,1e-05,0.035822,170580.95238095237,174880.0,0.0017488,nan,nan,nan,nan,0.1,1.0,20.0,10 V,1.0,False,1
12.2305,0.00021,1e-05,0.035822,170580.95238095237,175980.0,0.0017598,nan,nan,nan,nan,0.1,1.0,20.0,10 V,1.0,False,1
12.2518,0.00021,1e-05,0.035822,170580.95238095237,173780.0,0.0017378,nan,nan,nan,nan,0.1,1.0,20.0,10 V,1.0,False,1
12.2730,0.00021,1e-05,0.035822,170580.95238095237,177080.0,0.0017708,nan,nan,nan,nan,0.1,1.0,20.0,10 V,1.0,False,1
12.2942,0.00021,1e-05,0.035822,170580.95238095237,174880.0,0.0017488,nan,nan,nan,nan,0.1,1.0,20.0,10 V,1.0,False,1
12.3155,0.00021,1e-05,0.035822,170580.95238095237,172680.0,0.0017268,nan,nan,nan,nan,0.1,1.0,20.0,10 V,1.0,False,1
12.3369,0.00021,1e-05,0.035822,170580.95238095237,175980.0,0.0017598,nan,nan,nan,nan,0.1,1.0,20.0,10 V,1.0,False,1
12.3582,0.00021,1e-05,0.035822,170580.95238095237,172680.0,0.0017268,nan,nan,nan,nan,0.1,1.0,20.0,10 V,1.0,False,1
12.3795,0.00021,1e-05,0.035822,170580.95238095237,177080.0,0.0017708,nan,nan,nan,nan,0.1,1.0,20.0,10 V,1.0,False,1
12.4007,0.00021,1e-05,0.035822,170580.95238095237,178170.0,0.0017817,nan,nan,nan,nan,0.1,1.0,20.0,10 V,1.0,False,1
12.4219,0.00021,1e-05,0.035822,170580.95238095237,173780.0,0.0017378,nan,nan,nan,nan,0.1,1.0,20.0,10 V,1.0,False,1
12.4431,0.00021,1e-05,0.035822,170580.95238095237,175980.0,0.0017598,nan,nan,nan,nan,0.1,1.0,20.0,10 V,1.0,False,1
12.4644,0.00021,1e-05,0.035822,170580.95238095237,174880.0,0.0017488,nan,nan,nan,nan,0.1,1.0,20.0,10 V,1.0,False,1
12.4856,0.00021,1e-05,0.035822,170580.95238095237,175980.0,0.0017598,nan,nan,nan,nan,0.1,1.0,20.0,10 V,1.0,False,1
12.5069,0.00021,1e-05,0.035822,170580.95238095237,173780.0,0.0017378,nan,nan,nan,nan,0.1,1.0,20.0,10 V,1.0,False,1
12.5281,0.00021,1e-05,0.035822,170580.95238095237,175980.0,0.0017598,nan,nan,nan,nan,0.1,1.0,20.0,10 V,1.0,False,1
12.5494,0.00021,1e-05,0.035822,170580.95238095237,175980.0,0.0017598,nan,nan,nan,nan,0.1,1.0,20.0,10 V,1.0,False,1
12.5706,0.00021,1e-05,0.035822,170580.95238095237,174880.0,0.0017488,nan,nan,nan,nan,0.1,1.0,20.0,10 V,1.0,False,1
12.5919,0.00021,1e-05,0.035822,170580.95238095237,174880.0,0.0017488,nan,nan,nan,nan,0.1,1.0,20.0,10 V,1.0,False,1
12.6131,0.00021,1e-05,0.035822,170580.95238095237,172680.0,0.0017268,nan,nan,nan,nan,0.1,1.0,20.0,10 V,1.0,False,1
12.6343,0.00021,1e-05,0.035822,170580.95238095237,175980.0,0.0017598,nan,nan,nan,nan,0.1,1.0,20.0,10 V,1.0,False,1
12.6555,0.00021,1e-05,0.035822,170580.95238095237,174880.0,0.0017488,nan,nan,nan,nan,0.1,1.0,20.0,10 V,1.0,False,1
12.6767,0.00021,1e-05,0.035822,170580.95238095237,175980.0,0.0017598,nan,nan,nan,nan,0.1,1.0,20.0,10 V,1.0,False,1
12.6980,0.00021,1e-05,0.035822,170580.95238095237,178170.0,0.0017817,nan,nan,nan,nan,0.1,1.0,20.0,10 V,1.0,False,1
12.7192,0.00021,1e-05,0.035822,170580.95238095237,174880.0,0.0017488,nan,nan,nan,nan,0.1,1.0,20.0,10 V,1.0,False,1
12.7404,0.00021,1e-05,0.035822,170580.95238095237,174880.0,0.0017488,nan,nan,nan,nan,0.1,1.0,20.0,10 V,1.0,False,1
12.7616,0.00021,1e-05,0.035822,170580.95238095237,172680.0,0.0017268,nan,nan,nan,nan,0.1,1.0,20.0,10 V,1.0,False,1
12.7829,0.00021,1e-05,0.035822,170580.95238095237,174880.0,0.0017488,nan,nan,nan,nan,0.1,1.0,20.0,10 V,1.0,False,1
12.8042,0.00021,1e-05,0.035822,170580.95238095237,173780.0,0.0017378,nan,nan,nan,nan,0.1,1.0,20.0,10 V,1.0,False,1
12.8254,0.00021,1e-05,0.035822,170580.95238095237,177080.0,0.0017708,nan,nan,nan,nan,0.1,1.0,20.0,10 V,1.0,False,1
12.8467,0.00021,1e-05,0.035822,170580.95238095237,173780.0,0.0017378,nan,nan,nan,nan,0.1,1.0,20.0,10 V,1.0,False,1
12.8679,0.00021,1e-05,0.035822,170580.95238095237,174880.0,0.0017488,nan,nan,nan,nan,0.1,1.0,20.0,10 V,1.0,False,1
12.8891,0.00021,1e-05,0.035822,170580.95238095237,173780.0,0.0017378,nan,nan,nan,nan,0.1,1.0,20.0,10 V,1.0,False,1
12.9104,0.00021,1e-05,0.035822,170580.95238095237,174880.0,0.0017488,nan,nan,nan,nan,0.1,1.0,20.0,10 V,1.0,False,1
12.9316,0.00021,1e-05,0.035822,170580.95238095237,173780.0,0.0017378,nan,nan,nan,nan,0.1,1.0,20.0,10 V,1.0,False,1
12.9529,0.00021,1e-05,0.035822,170580.95238095237,177080.0,0.0017708,nan,nan,nan,nan,0.1,1.0,20.0,10 V,1.0,False,1
12.9742,0.00021,1e-05,0.035822,170580.95238095237,177080.0,0.0017708,nan,nan,nan,nan,0.1,1.0,20.0,10 V,1.0,False,1
12.9954,0.00021,1e-05,0.035822,170580.95238095237,174880.0,0.0017488,nan,nan,nan,nan,0.1,1.0,20.0,10 V,1.0,False,1
13.0165,0.00021,1e-05,0.035822,170580.95238095237,175980.0,0.0017598,nan,nan,nan,nan,0.1,1.0,20.0,10 V,1.0,False,1
13.0377,0.00021,1e-05,0.035822,170580.95238095237,173780.0,0.0017378,nan,nan,nan,nan,0.1,1.0,20.0,10 V,1.0,False,1
13.0587,0.00021,1e-05,0.035822,170580.95238095237,174880.0,0.0017488,nan,nan,nan,nan,0.1,1.0,20.0,10 V,1.0,False,1
13.0798,0.00021,1e-05,0.035822,170580.95238095237,174880.0,0.0017488,nan,nan,nan,nan,0.1,1.0,20.0,10 V,1.0,False,1
13.1010,0.00021,1e-05,0.035822,170580.95238095237,173780.0,0.0017378,nan,nan,nan,nan,0.1,1.0,20.0,10 V,1.0,False,1
13.1222,0.00021,1e-05,0.035822,170580.95238095237,173780.0,0.0017378,nan,nan,nan,nan,0.1,1.0,20.0,10 V,1.0,False,1
13.1435,0.00021,1e-05,0.035822,170580.95238095237,178170.0,0.0017817,nan,nan,nan,nan,0.1,1.0,20.0,10 V,1.0,False,1
13.1648,0.00021,1e-05,0.035822,170580.95238095237,177080.0,0.0017708,nan,nan,nan,nan,0.1,1.0,20.0,10 V,1.0,False,1
13.1861,0.00021,1e-05,0.035822,170580.95238095237,175980.0,0.0017598,nan,nan,nan,nan,0.1,1.0,20.0,10 V,1.0,False,1
13.2074,0.00021,1e-05,0.035822,170580.95238095237,178170.0,0.0017817,nan,nan,nan,nan,0.1,1.0,20.0,10 V,1.0,False,1
13.2287,0.00021,1e-05,0.035822,170580.95238095237,174880.0,0.0017488,nan,nan,nan,nan,0.1,1.0,20.0,10 V,1.0,False,1
13.2500,0.00021,1e-05,0.035822,170580.95238095237,174880.0,0.0017488,nan,nan,nan,nan,0.1,1.0,20.0,10 V,1.0,False,1
13.2713,0.00021,1e-05,0.035822,170580.95238095237,175980.0,0.0017598,nan,nan,nan,nan,0.1,1.0,20.0,10 V,1.0,False,1
13.2924,0.00021,1e-05,0.035822,170580.95238095237,175980.0,0.0017598,nan,nan,nan,nan,0.1,1.0,20.0,10 V,1.0,False,1
13.3136,0.00021,1e-05,0.035822,170580.95238095237,178170.0,0.0017817,nan,nan,nan,nan,0.1,1.0,20.0,10 V,1.0,False,1
13.3349,0.00021,1e-05,0.035822,170580.95238095237,174880.0,0.0017488,nan,nan,nan,nan,0.1,1.0,20.0,10 V,1.0,False,1
13.3562,0.00021,1e-05,0.035822,170580.95238095237,175980.0,0.0017598,nan,nan,nan,nan,0.1,1.0,20.0,10 V,1.0,False,1
13.3775,0.00021,1e-05,0.035822,170580.95238095237,178170.0,0.0017817,nan,nan,nan,nan,0.1,1.0,20.0,10 V,1.0,False,1
13.3988,0.00021,1e-05,0.035822,170580.95238095237,177080.0,0.0017708,nan,nan,nan,nan,0.1,1.0,20.0,10 V,1.0,False,1
13.4200,0.00021,1e-05,0.035822,170580.95238095237,173780.0,0.0017378,nan,nan,nan,nan,0.1,1.0,20.0,10 V,1.0,False,1
13.4413,0.00021,1e-05,0.035822,170580.95238095237,174880.0,0.0017488,nan,nan,nan,nan,0.1,1.0,20.0,10 V,1.0,False,1
13.4626,0.00021,1e-05,0.035822,170580.95238095237,175980.0,0.0017598,nan,nan,nan,nan,0.1,1.0,20.0,10 V,1.0,False,1
13.4838,0.00021,1e-05,0.035822,170580.95238095237,180370.0,0.0018037,nan,nan,nan,nan,0.1,1.0,20.0,10 V,1.0,False,1
13.5050,0.00021,1e-05,0.035822,170580.95238095237,177080.0,0.0017708,nan,nan,nan,nan,0.1,1.0,20.0,10 V,1.0,False,1
13.5262,0.00021,1e-05,0.035822,170580.95238095237,174880.0,0.0017488,nan,nan,nan,nan,0.1,1.0,20.0,10 V,1.0,False,1
13.5474,0.00021,1e-05,0.035822,170580.95238095237,179270.0,0.0017927,nan,nan,nan,nan,0.1,1.0,20.0,10 V,1.0,False,1
13.5687,0.00021,1e-05,0.035822,170580.95238095237,175980.0,0.0017598,nan,nan,nan,nan,0.1,1.0,20.0,10 V,1.0,False,1
13.5900,0.00021,1e-05,0.035822,170580.95238095237,173780.0,0.0017378,nan,nan,nan,nan,0.1,1.0,20.0,10 V,1.0,False,1
13.6112,0.00021,1e-05,0.035822,170580.95238095237,175980.0,0.0017598,nan,nan,nan,nan,0.1,1.0,20.0,10 V,1.0,False,1
13.6325,0.00021,1e-05,0.035822,170580.95238095237,173780.0,0.0017378,nan,nan,nan,nan,0.1,1.0,20.0,10 V,1.0,False,1
13.6537,0.00021,1e-05,0.035822,170580.95238095237,177080.0,0.0017708,nan,nan,nan,nan,0.1,1.0,20.0,10 V,1.0,False,1
13.6749,0.00021,1e-05,0.035822,170580.95238095237,175980.0,0.0017598,nan,nan,nan,nan,0.1,1.0,20.0,10 V,1.0,False,1
13.6962,0.00021,1e-05,0.035822,170580.95238095237,178170.0,0.0017817,nan,nan,nan,nan,0.1,1.0,20.0,10 V,1.0,False,1
13.7175,0.00021,1e-05,0.035822,170580.95238095237,178170.0,0.0017817,nan,nan,nan,nan,0.1,1.0,20.0,10 V,1.0,False,1
13.7388,0.00021,1e-05,0.035822,170580.95238095237,174880.0,0.0017488,nan,nan,nan,nan,0.1,1.0,20.0,10 V,1.0,False,1
13.7600,0.00021,1e-05,0.035822,170580.95238095237,175980.0,0.0017598,nan,nan,nan,nan,0.1,1.0,20.0,10 V,1.0,False,1
13.7812,0.00021,1e-05,0.035822,170580.95238095237,175980.0,0.0017598,nan,nan,nan,nan,0.1,1.0,20.0,10 V,1.0,False,1
13.8025,0.00021,1e-05,0.035822,170580.95238095237,174880.0,0.0017488,nan,nan,nan,nan,0.1,1.0,20.0,10 V,1.0,False,1
13.8238,0.00021,1e-05,0.035822,170580.95238095237,178170.0,0.0017817,nan,nan,nan,nan,0.1,1.0,20.0,10 V,1.0,False,1
13.8451,0.00021,1e-05,0.035822,170580.95238095237,178170.0,0.0017817,nan,nan,nan,nan,0.1,1.0,20.0,10 V,1.0,False,1
13.8663,0.00021,1e-05,0.035822,170580.95238095237,177080.0,0.0017708,nan,nan,nan,nan,0.1,1.0,20.0,10 V,1.0,False,1
13.8876,0.00021,1e-05,0.035822,170580.95238095237,179270.0,0.0017927,nan,nan,nan,nan,0.1,1.0,20.0,10 V,1.0,False,1
13.9089,0.00021,1e-05,0.035822,170580.95238095237,175980.0,0.0017598,nan,nan,nan,nan,0.1,1.0,20.0,10 V,1.0,False,1
13.9301,0.00021,1e-05,0.035822,170580.95238095237,173780.0,0.0017378,nan,nan,nan,nan,0.1,1.0,20.0,10 V,1.0,False,1
13.9514,0.00021,1e-05,0.035822,170580.95238095237,174880.0,0.0017488,nan,nan,nan,nan,0.1,1.0,20.0,10 V,1.0,False,1
13.9727,0.00021,1e-05,0.035822,170580.95238095237,177080.0,0.0017708,nan,nan,nan,nan,0.1,1.0,20.0,10 V,1.0,False,1
13.9940,0.00021,1e-05,0.035822,170580.95238095237,173780.0,0.0017378,nan,nan,nan,nan,0.1,1.0,20.0,10 V,1.0,False,1
14.0152,0.00021,1e-05,0.035822,170580.95238095237,178170.0,0.0017817,nan,nan,nan,nan,0.1,1.0,20.0,10 V,1.0,False,1
14.0365,0.00021,1e-05,0.035822,170580.95238095237,174880.0,0.0017488,nan,nan,nan,nan,0.1,1.0,20.0,10 V,1.0,False,1
14.0577,0.00021,1e-05,0.035822,170580.95238095237,171580.0,0.0017158,nan,nan,nan,nan,0.1,1.0,20.0,10 V,1.0,False,1
14.0790,0.00021,1e-05,0.035822,170580.95238095237,171580.0,0.0017158,nan,nan,nan,nan,0.1,1.0,20.0,10 V,1.0,False,1
14.1002,0.00021,1e-05,0.035822,170580.95238095237,175980.0,0.0017598,nan,nan,nan,nan,0.1,1.0,20.0,10 V,1.0,False,1
14.1214,0.00021,1e-05,0.035822,170580.95238095237,179270.0,0.0017927,nan,nan,nan,nan,0.1,1.0,20.0,10 V,1.0,False,1
14.1427,0.00021,1e-05,0.035822,170580.95238095237,177080.0,0.0017708,nan,nan,nan,nan,0.1,1.0,20.0,10 V,1.0,False,1
14.1639,0.00021,1e-05,0.035822,170580.95238095237,174880.0,0.0017488,nan,nan,nan,nan,0.1,1.0,20.0,10 V,1.0,False,1
14.1852,0.00021,1e-05,0.035822,170580.95238095237,173780.0,0.0017378,nan,nan,nan,nan,0.1,1.0,20.0,10 V,1.0,False,1
14.2065,0.00021,1e-05,0.035822,170580.95238095237,177080.0,0.0017708,nan,nan,nan,nan,0.1,1.0,20.0,10 V,1.0,False,1
14.2277,0.00021,1e-05,0.035822,170580.95238095237,174880.0,0.0017488,nan,nan,nan,nan,0.1,1.0,20.0,10 V,1.0,False,1
14.2491,0.00021,1e-05,0.035822,170580.95238095237,174880.0,0.0017488,nan,nan,nan,nan,0.1,1.0,20.0,10 V,1.0,False,1
14.2703,0.00021,1e-05,0.035822,170580.95238095237,178170.0,0.0017817,nan,nan,nan,nan,0.1,1.0,20.0,10 V,1.0,False,1
14.2916,0.00021,1e-05,0.035822,170580.95238095237,175980.0,0.0017598,nan,nan,nan,nan,0.1,1.0,20.0,10 V,1.0,False,1
14.3129,0.00021,1e-05,0.035822,170580.95238095237,175980.0,0.0017598,nan,nan,nan,nan,0.1,1.0,20.0,10 V,1.0,False,1
14.3342,0.00021,1e-05,0.035822,170580.95238095237,179270.0,0.0017927,nan,nan,nan,nan,0.1,1.0,20.0,10 V,1.0,False,1
14.3555,0.00021,1e-05,0.035822,170580.95238095237,174880.0,0.0017488,nan,nan,nan,nan,0.1,1.0,20.0,10 V,1.0,False,1
14.3767,0.00021,1e-05,0.035822,170580.95238095237,175980.0,0.0017598,nan,nan,nan,nan,0.1,1.0,20.0,10 V,1.0,False,1
14.3980,0.00021,1e-05,0.035822,170580.95238095237,180370.0,0.0018037,nan,nan,nan,nan,0.1,1.0,20.0,10 V,1.0,False,1
14.4192,0.00021,1e-05,0.035822,170580.95238095237,175980.0,0.0017598,nan,nan,nan,nan,0.1,1.0,20.0,10 V,1.0,False,1
14.4404,0.00021,1e-05,0.035822,170580.95238095237,178170.0,0.0017817,nan,nan,nan,nan,0.1,1.0,20.0,10 V,1.0,False,1
14.4616,0.00021,1e-05,0.035822,170580.95238095237,179270.0,0.0017927,nan,nan,nan,nan,0.1,1.0,20.0,10 V,1.0,False,1
14.4829,0.00021,1e-05,0.035822,170580.95238095237,174880.0,0.0017488,nan,nan,nan,nan,0.1,1.0,20.0,10 V,1.0,False,1
14.5041,0.00021,1e-05,0.035822,170580.95238095237,174880.0,0.0017488,nan,nan,nan,nan,0.1,1.0,20.0,10 V,1.0,False,1
14.5253,0.00021,1e-05,0.035822,170580.95238095237,177080.0,0.0017708,nan,nan,nan,nan,0.1,1.0,20.0,10 V,1.0,False,1
14.5466,0.00021,1e-05,0.035822,170580.95238095237,171580.0,0.0017158,nan,nan,nan,nan,0.1,1.0,20.0,10 V,1.0,False,1
14.5678,0.00021,1e-05,0.035822,170580.95238095237,175980.0,0.0017598,nan,nan,nan,nan,0.1,1.0,20.0,10 V,1.0,False,1
14.5890,0.00021,1e-05,0.035822,170580.95238095237,180370.0,0.0018037,nan,nan,nan,nan,0.1,1.0,20.0,10 V,1.0,False,1
14.6103,0.00021,1e-05,0.035822,170580.95238095237,177080.0,0.0017708,nan,nan,nan,nan,0.1,1.0,20.0,10 V,1.0,False,1
14.6315,0.00021,1e-05,0.035822,170580.95238095237,177080.0,0.0017708,nan,nan,nan,nan,0.1,1.0,20.0,10 V,1.0,False,1
14.6527,0.00021,1e-05,0.035822,170580.95238095237,175980.0,0.0017598,nan,nan,nan,nan,0.1,1.0,20.0,10 V,1.0,False,1
14.6739,0.00021,1e-05,0.035822,170580.95238095237,177080.0,0.0017708,nan,nan,nan,nan,0.1,1.0,20.0,10 V,1.0,False,1
14.6952,0.00021,1e-05,0.035822,170580.95238095237,177080.0,0.0017708,nan,nan,nan,nan,0.1,1.0,20.0,10 V,1.0,False,1
14.7164,0.00021,1e-05,0.035822,170580.95238095237,177080.0,0.0017708,nan,nan,nan,nan,0.1,1.0,20.0,10 V,1.0,False,1
14.7376,0.00021,1e-05,0.035822,170580.95238095237,175980.0,0.0017598,nan,nan,nan,nan,0.1,1.0,20.0,10 V,1.0,False,1
14.7588,0.00021,1e-05,0.035822,170580.95238095237,177080.0,0.0017708,nan,nan,nan,nan,0.1,1.0,20.0,10 V,1.0,False,1
14.7800,0.00021,1e-05,0.035822,170580.95238095237,175980.0,0.0017598,nan,nan,nan,nan,0.1,1.0,20.0,10 V,1.0,False,1
14.8012,0.00021,1e-05,0.035822,170580.95238095237,178170.0,0.0017817,nan,nan,nan,nan,0.1,1.0,20.0,10 V,1.0,False,1
14.8224,0.00021,1e-05,0.035822,170580.95238095237,177080.0,0.0017708,nan,nan,nan,nan,0.1,1.0,20.0,10 V,1.0,False,1
14.8437,0.00021,1e-05,0.035822,170580.95238095237,177080.0,0.0017708,nan,nan,nan,nan,0.1,1.0,20.0,10 V,1.0,False,1
14.8649,0.00021,1e-05,0.035822,170580.95238095237,178170.0,0.0017817,nan,nan,nan,nan,0.1,1.0,20.0,10 V,1.0,False,1
14.8862,0.00021,1e-05,0.035822,170580.95238095237,177080.0,0.0017708,nan,nan,nan,nan,0.1,1.0,20.0,10 V,1.0,False,1
14.9074,0.00021,1e-05,0.035822,170580.95238095237,177080.0,0.0017708,nan,nan,nan,nan,0.1,1.0,20.0,10 V,1.0,False,1
14.9286,0.00021,1e-05,0.035822,170580.95238095237,178170.0,0.0017817,nan,nan,nan,nan,0.1,1.0,20.0,10 V,1.0,False,1
14.9499,0.00021,1e-05,0.035822,170580.95238095237,172680.0,0.0017268,nan,nan,nan,nan,0.1,1.0,20.0,10 V,1.0,False,1
14.9711,0.00021,1e-05,0.035822,170580.95238095237,174880.0,0.0017488,nan,nan,nan,nan,0.1,1.0,20.0,10 V,1.0,False,1
14.9923,0.00021,1e-05,0.035822,170580.95238095237,175980.0,0.0017598,nan,nan,nan,nan,0.1,1.0,20.0,10 V,1.0,False,1
15.0136,0.00021,1e-05,0.035822,170580.95238095237,174880.0,0.0017488,nan,nan,nan,nan,0.1,1.0,20.0,10 V,1.0,False,1
15.0347,0.00021,1e-05,0.035822,170580.95238095237,175980.0,0.0017598,nan,nan,nan,nan,0.1,1.0,20.0,10 V,1.0,False,1
15.0559,0.00021,1e-05,0.035822,170580.95238095237,175980.0,0.0017598,nan,nan,nan,nan,0.1,1.0,20.0,10 V,1.0,False,1
15.0771,0.00021,1e-05,0.035822,170580.95238095237,175980.0,0.0017598,nan,nan,nan,nan,0.1,1.0,20.0,10 V,1.0,False,1
15.0983,0.00021,1e-05,0.035822,170580.95238095237,178170.0,0.0017817,nan,nan,nan,nan,0.1,1.0,20.0,10 V,1.0,False,1
15.1193,0.00021,1e-05,0.035822,170580.95238095237,180370.0,0.0018037,nan,nan,nan,nan,0.1,1.0,20.0,10 V,1.0,False,1
15.1405,0.00021,1e-05,0.035822,170580.95238095237,174880.0,0.0017488,nan,nan,nan,nan,0.1,1.0,20.0,10 V,1.0,False,1
15.1618,0.00021,1e-05,0.035822,170580.95238095237,174880.0,0.0017488,nan,nan,nan,nan,0.1,1.0,20.0,10 V,1.0,False,1
15.1831,0.00021,1e-05,0.035822,170580.95238095237,174880.0,0.0017488,nan,nan,nan,nan,0.1,1.0,20.0,10 V,1.0,False,1
15.2043,0.00021,1e-05,0.035822,170580.95238095237,174880.0,0.0017488,nan,nan,nan,nan,0.1,1.0,20.0,10 V,1.0,False,1
15.2256,0.00021,1e-05,0.035822,170580.95238095237,177080.0,0.0017708,nan,nan,nan,nan,0.1,1.0,20.0,10 V,1.0,False,1
15.2469,0.00021,1e-05,0.035822,170580.95238095237,177080.0,0.0017708,nan,nan,nan,nan,0.1,1.0,20.0,10 V,1.0,False,1
15.2681,0.00021,1e-05,0.035822,170580.95238095237,174880.0,0.0017488,nan,nan,nan,nan,0.1,1.0,20.0,10 V,1.0,False,1
15.2894,0.00021,1e-05,0.035822,170580.95238095237,174880.0,0.0017488,nan,nan,nan,nan,0.1,1.0,20.0,10 V,1.0,False,1
15.3106,0.00021,1e-05,0.035822,170580.95238095237,177080.0,0.0017708,nan,nan,nan,nan,0.1,1.0,20.0,10 V,1.0,False,1
15.3318,0.00021,1e-05,0.035822,170580.95238095237,177080.0,0.0017708,nan,nan,nan,nan,0.1,1.0,20.0,10 V,1.0,False,1
15.3530,0.00021,1e-05,0.035822,170580.95238095237,175980.0,0.0017598,nan,nan,nan,nan,0.1,1.0,20.0,10 V,1.0,False,1
15.3742,0.00021,1e-05,0.035822,170580.95238095237,175980.0,0.0017598,nan,nan,nan,nan,0.1,1.0,20.0,10 V,1.0,False,1
15.3954,0.00021,1e-05,0.035822,170580.95238095237,175980.0,0.0017598,nan,nan,nan,nan,0.1,1.0,20.0,10 V,1.0,False,1
15.4166,0.00021,1e-05,0.035822,170580.95238095237,174880.0,0.0017488,nan,nan,nan,nan,0.1,1.0,20.0,10 V,1.0,False,1
15.4379,0.00021,1e-05,0.035822,170580.95238095237,173780.0,0.0017378,nan,nan,nan,nan,0.1,1.0,20.0,10 V,1.0,False,1
15.4592,0.00021,1e-05,0.035822,170580.95238095237,174880.0,0.0017488,nan,nan,nan,nan,0.1,1.0,20.0,10 V,1.0,False,1
15.4804,0.00021,1e-05,0.035822,170580.95238095237,178170.0,0.0017817,nan,nan,nan,nan,0.1,1.0,20.0,10 V,1.0,False,1
15.5016,0.00021,1e-05,0.035822,170580.95238095237,174880.0,0.0017488,nan,nan,nan,nan,0.1,1.0,20.0,10 V,1.0,False,1
15.5228,0.00021,1e-05,0.035822,170580.95238095237,178170.0,0.0017817,nan,nan,nan,nan,0.1,1.0,20.0,10 V,1.0,False,1
15.5441,0.00021,1e-05,0.035822,170580.95238095237,174880.0,0.0017488,nan,nan,nan,nan,0.1,1.0,20.0,10 V,1.0,False,1
15.5652,0.00021,1e-05,0.035822,170580.95238095237,178170.0,0.0017817,nan,nan,nan,nan,0.1,1.0,20.0,10 V,1.0,False,1
15.5865,0.00021,1e-05,0.035822,170580.95238095237,182570.0,0.0018257,nan,nan,nan,nan,0.1,1.0,20.0,10 V,1.0,False,1
15.6077,0.00021,1e-05,0.035822,170580.95238095237,174880.0,0.0017488,nan,nan,nan,nan,0.1,1.0,20.0,10 V,1.0,False,1
15.6290,0.00021,1e-05,0.035822,170580.95238095237,174880.0,0.0017488,nan,nan,nan,nan,0.1,1.0,20.0,10 V,1.0,False,1
15.6502,0.00021,1e-05,0.035822,170580.95238095237,173780.0,0.0017378,nan,nan,nan,nan,0.1,1.0,20.0,10 V,1.0,False,1
15.6715,0.00021,1e-05,0.035822,170580.95238095237,177080.0,0.0017708,nan,nan,nan,nan,0.1,1.0,20.0,10 V,1.0,False,1
15.6928,0.00021,1e-05,0.035822,170580.95238095237,179270.0,0.0017927,nan,nan,nan,nan,0.1,1.0,20.0,10 V,1.0,False,1
15.7140,0.00021,1e-05,0.035822,170580.95238095237,171580.0,0.0017158,nan,nan,nan,nan,0.1,1.0,20.0,10 V,1.0,False,1
15.7352,0.00021,1e-05,0.035822,170580.95238095237,177080.0,0.0017708,nan,nan,nan,nan,0.1,1.0,20.0,10 V,1.0,False,1
15.7565,0.00021,1e-05,0.035822,170580.95238095237,179270.0,0.0017927,nan,nan,nan,nan,0.1,1.0,20.0,10 V,1.0,False,1
15.7778,0.00021,1e-05,0.035822,170580.95238095237,178170.0,0.0017817,nan,nan,nan,nan,0.1,1.0,20.0,10 V,1.0,False,1
15.7991,0.00021,1e-05,0.035822,170580.95238095237,179270.0,0.0017927,nan,nan,nan,nan,0.1,1.0,20.0,10 V,1.0,False,1
15.8203,0.00021,1e-05,0.035822,170580.95238095237,179270.0,0.0017927,nan,nan,nan,nan,0.1,1.0,20.0,10 V,1.0,False,1
15.8416,0.00021,1e-05,0.035822,170580.95238095237,175980.0,0.0017598,nan,nan,nan,nan,0.1,1.0,20.0,10 V,1.0,False,1
15.8628,0.00021,1e-05,0.035822,170580.95238095237,175980.0,0.0017598,nan,nan,nan,nan,0.1,1.0,20.0,10 V,1.0,False,1
15.8841,0.00021,1e-05,0.035822,170580.95238095237,174880.0,0.0017488,nan,nan,nan,nan,0.1,1.0,20.0,10 V,1.0,False,1
15.9054,0.00021,1e-05,0.035822,170580.95238095237,174880.0,0.0017488,nan,nan,nan,nan,0.1,1.0,20.0,10 V,1.0,False,1
15.9266,0.00021,1e-05,0.035822,170580.95238095237,175980.0,0.0017598,nan,nan,nan,nan,0.1,1.0,20.0,10 V,1.0,False,1
15.9478,0.00021,1e-05,0.035822,170580.95238095237,178170.0,0.0017817,nan,nan,nan,nan,0.1,1.0,20.0,10 V,1.0,False,1
15.9691,0.00021,1e-05,0.035822,170580.95238095237,175980.0,0.0017598,nan,nan,nan,nan,0.1,1.0,20.0,10 V,1.0,False,1
15.9902,0.00021,1e-05,0.035822,170580.95238095237,175980.0,0.0017598,nan,nan,nan,nan,0.1,1.0,20.0,10 V,1.0,False,1
16.0115,0.00021,1e-05,0.035822,170580.95238095237,177080.0,0.0017708,nan,nan,nan,nan,0.1,1.0,20.0,10 V,1.0,False,1
16.0327,0.00021,1e-05,0.035822,170580.95238095237,177080.0,0.0017708,nan,nan,nan,nan,0.1,1.0,20.0,10 V,1.0,False,1
16.0539,0.00021,1e-05,0.035822,170580.95238095237,173780.0,0.0017378,nan,nan,nan,nan,0.1,1.0,20.0,10 V,1.0,False,1
16.0752,0.00021,1e-05,0.035822,170580.95238095237,175980.0,0.0017598,nan,nan,nan,nan,0.1,1.0,20.0,10 V,1.0,False,1
16.0964,0.00021,1e-05,0.035822,170580.95238095237,174880.0,0.0017488,nan,nan,nan,nan,0.1,1.0,20.0,10 V,1.0,False,1
16.1176,0.00021,1e-05,0.035822,170580.95238095237,178170.0,0.0017817,nan,nan,nan,nan,0.1,1.0,20.0,10 V,1.0,False,1
16.1388,0.00021,1e-05,0.035822,170580.95238095237,178170.0,0.0017817,nan,nan,nan,nan,0.1,1.0,20.0,10 V,1.0,False,1
16.1601,0.00021,1e-05,0.035822,170580.95238095237,179270.0,0.0017927,nan,nan,nan,nan,0.1,1.0,20.0,10 V,1.0,False,1
16.1814,0.00021,1e-05,0.035822,170580.95238095237,175980.0,0.0017598,nan,nan,nan,nan,0.1,1.0,20.0,10 V,1.0,False,1
16.2026,0.00021,1e-05,0.035822,170580.95238095237,178170.0,0.0017817,nan,nan,nan,nan,0.1,1.0,20.0,10 V,1.0,False,1
16.2239,0.00021,1e-05,0.035822,170580.95238095237,175980.0,0.0017598,nan,nan,nan,nan,0.1,1.0,20.0,10 V,1.0,False,1
16.2452,0.00021,1e-05,0.035822,170580.95238095237,175980.0,0.0017598,nan,nan,nan,nan,0.1,1.0,20.0,10 V,1.0,False,1
16.2664,0.00021,1e-05,0.035822,170580.95238095237,178170.0,0.0017817,nan,nan,nan,nan,0.1,1.0,20.0,10 V,1.0,False,1
16.2876,0.00021,1e-05,0.035822,170580.95238095237,177080.0,0.0017708,nan,nan,nan,nan,0.1,1.0,20.0,10 V,1.0,False,1
16.3088,0.00021,1e-05,0.035822,170580.95238095237,172680.0,0.0017268,nan,nan,nan,nan,0.1,1.0,20.0,10 V,1.0,False,1
16.3300,0.00021,1e-05,0.035822,170580.95238095237,179270.0,0.0017927,nan,nan,nan,nan,0.1,1.0,20.0,10 V,1.0,False,1
16.3513,0.00021,1e-05,0.035822,170580.95238095237,175980.0,0.0017598,nan,nan,nan,nan,0.1,1.0,20.0,10 V,1.0,False,1
16.3726,0.00021,1e-05,0.035822,170580.95238095237,175980.0,0.0017598,nan,nan,nan,nan,0.1,1.0,20.0,10 V,1.0,False,1
16.3938,0.00021,1e-05,0.035822,170580.95238095237,171580.0,0.0017158,nan,nan,nan,nan,0.1,1.0,20.0,10 V,1.0,False,1
16.4151,0.00021,1e-05,0.035822,170580.95238095237,178170.0,0.0017817,nan,nan,nan,nan,0.1,1.0,20.0,10 V,1.0,False,1
16.4363,0.00021,1e-05,0.035822,170580.95238095237,174880.0,0.0017488,nan,nan,nan,nan,0.1,1.0,20.0,10 V,1.0,False,1
16.4575,0.00021,1e-05,0.035822,170580.95238095237,175980.0,0.0017598,nan,nan,nan,nan,0.1,1.0,20.0,10 V,1.0,False,1
16.4787,0.00021,1e-05,0.035822,170580.95238095237,179270.0,0.0017927,nan,nan,nan,nan,0.1,1.0,20.0,10 V,1.0,False,1
16.5000,0.00021,1e-05,0.035822,170580.95238095237,178170.0,0.0017817,nan,nan,nan,nan,0.1,1.0,20.0,10 V,1.0,False,1
16.5212,0.00021,1e-05,0.035822,170580.95238095237,177080.0,0.0017708,nan,nan,nan,nan,0.1,1.0,20.0,10 V,1.0,False,1
16.5425,0.00021,1e-05,0.035822,170580.95238095237,174880.0,0.0017488,nan,nan,nan,nan,0.1,1.0,20.0,10 V,1.0,False,1
16.5638,0.00021,1e-05,0.035822,170580.95238095237,178170.0,0.0017817,nan,nan,nan,nan,0.1,1.0,20.0,10 V,1.0,False,1
16.5851,0.00021,1e-05,0.035822,170580.95238095237,177080.0,0.0017708,nan,nan,nan,nan,0.1,1.0,20.0,10 V,1.0,False,1
16.6064,0.00021,1e-05,0.035822,170580.95238095237,174880.0,0.0017488,nan,nan,nan,nan,0.1,1.0,20.0,10 V,1.0,False,1
16.6276,0.00021,1e-05,0.035822,170580.95238095237,177080.0,0.0017708,nan,nan,nan,nan,0.1,1.0,20.0,10 V,1.0,False,1
16.6490,0.00021,1e-05,0.035822,170580.95238095237,174880.0,0.0017488,nan,nan,nan,nan,0.1,1.0,20.0,10 V,1.0,False,1
16.6702,0.00021,1e-05,0.035822,170580.95238095237,180370.0,0.0018037,nan,nan,nan,nan,0.1,1.0,20.0,10 V,1.0,False,1
16.6914,0.00021,1e-05,0.035822,170580.95238095237,178170.0,0.0017817,nan,nan,nan,nan,0.1,1.0,20.0,10 V,1.0,False,1
16.7126,0.00021,1e-05,0.035822,170580.95238095237,177080.0,0.0017708,nan,nan,nan,nan,0.1,1.0,20.0,10 V,1.0,False,1
16.7339,0.00021,1e-05,0.035822,170580.95238095237,178170.0,0.0017817,nan,nan,nan,nan,0.1,1.0,20.0,10 V,1.0,False,1
16.7551,0.00021,1e-05,0.035822,170580.95238095237,175980.0,0.0017598,nan,nan,nan,nan,0.1,1.0,20.0,10 V,1.0,False,1
16.7764,0.00021,1e-05,0.035822,170580.95238095237,177080.0,0.0017708,nan,nan,nan,nan,0.1,1.0,20.0,10 V,1.0,False,1
16.7976,0.00021,1e-05,0.035822,170580.95238095237,177080.0,0.0017708,nan,nan,nan,nan,0.1,1.0,20.0,10 V,1.0,False,1
16.8188,0.00021,1e-05,0.035822,170580.95238095237,180370.0,0.0018037,nan,nan,nan,nan,0.1,1.0,20.0,10 V,1.0,False,1
16.8402,0.00021,1e-05,0.035822,170580.95238095237,178170.0,0.0017817,nan,nan,nan,nan,0.1,1.0,20.0,10 V,1.0,False,1
16.8614,0.00021,1e-05,0.035822,170580.95238095237,177080.0,0.0017708,nan,nan,nan,nan,0.1,1.0,20.0,10 V,1.0,False,1
16.8827,0.00021,1e-05,0.035822,170580.95238095237,177080.0,0.0017708,nan,nan,nan,nan,0.1,1.0,20.0,10 V,1.0,False,1
16.9039,0.00021,1e-05,0.035822,170580.95238095237,175980.0,0.0017598,nan,nan,nan,nan,0.1,1.0,20.0,10 V,1.0,False,1
16.9251,0.00021,1e-05,0.035822,170580.95238095237,177080.0,0.0017708,nan,nan,nan,nan,0.1,1.0,20.0,10 V,1.0,False,1
16.9463,0.00021,1e-05,0.035822,170580.95238095237,178170.0,0.0017817,nan,nan,nan,nan,0.1,1.0,20.0,10 V,1.0,False,1
16.9675,0.00021,1e-05,0.035822,170580.95238095237,175980.0,0.0017598,nan,nan,nan,nan,0.1,1.0,20.0,10 V,1.0,False,1
16.9888,0.00021,1e-05,0.035822,170580.95238095237,175980.0,0.0017598,nan,nan,nan,nan,0.1,1.0,20.0,10 V,1.0,False,1
17.0100,0.00021,1e-05,0.035822,170580.95238095237,178170.0,0.0017817,nan,nan,nan,nan,0.1,1.0,20.0,10 V,1.0,False,1
17.0313,0.00021,1e-05,0.035822,170580.95238095237,173780.0,0.0017378,nan,nan,nan,nan,0.1,1.0,20.0,10 V,1.0,False,1
17.0525,0.00021,1e-05,0.035822,170580.95238095237,178170.0,0.0017817,nan,nan,nan,nan,0.1,1.0,20.0,10 V,1.0,False,1
17.0738,0.00021,1e-05,0.035822,170580.95238095237,180370.0,0.0018037,nan,nan,nan,nan,0.1,1.0,20.0,10 V,1.0,False,1
17.0950,0.00021,1e-05,0.035822,170580.95238095237,179270.0,0.0017927,nan,nan,nan,nan,0.1,1.0,20.0,10 V,1.0,False,1
17.1163,0.00021,1e-05,0.035822,170580.95238095237,175980.0,0.0017598,nan,nan,nan,nan,0.1,1.0,20.0,10 V,1.0,False,1
17.1375,0.00021,1e-05,0.035822,170580.95238095237,177080.0,0.0017708,nan,nan,nan,nan,0.1,1.0,20.0,10 V,1.0,False,1
17.1587,0.00021,1e-05,0.035822,170580.95238095237,179270.0,0.0017927,nan,nan,nan,nan,0.1,1.0,20.0,10 V,1.0,False,1
17.1799,0.00021,1e-05,0.035822,170580.95238095237,175980.0,0.0017598,nan,nan,nan,nan,0.1,1.0,20.0,10 V,1.0,False,1
17.2011,0.00021,1e-05,0.035822,170580.95238095237,178170.0,0.0017817,nan,nan,nan,nan,0.1,1.0,20.0,10 V,1.0,False,1
17.2223,0.00021,1e-05,0.035822,170580.95238095237,175980.0,0.0017598,nan,nan,nan,nan,0.1,1.0,20.0,10 V,1.0,False,1
17.2435,0.00021,1e-05,0.035822,170580.95238095237,173780.0,0.0017378,nan,nan,nan,nan,0.1,1.0,20.0,10 V,1.0,False,1
17.2648,0.00021,1e-05,0.035822,170580.95238095237,175980.0,0.0017598,nan,nan,nan,nan,0.1,1.0,20.0,10 V,1.0,False,1
17.2860,0.00021,1e-05,0.035822,170580.95238095237,179270.0,0.0017927,nan,nan,nan,nan,0.1,1.0,20.0,10 V,1.0,False,1
17.3072,0.00021,1e-05,0.035822,170580.95238095237,175980.0,0.0017598,nan,nan,nan,nan,0.1,1.0,20.0,10 V,1.0,False,1
17.3283,0.00021,1e-05,0.035822,170580.95238095237,174880.0,0.0017488,nan,nan,nan,nan,0.1,1.0,20.0,10 V,1.0,False,1
17.3496,0.00021,1e-05,0.035822,170580.95238095237,180370.0,0.0018037,nan,nan,nan,nan,0.1,1.0,20.0,10 V,1.0,False,1
17.3709,0.00021,1e-05,0.035822,170580.95238095237,178170.0,0.0017817,nan,nan,nan,nan,0.1,1.0,20.0,10 V,1.0,False,1
17.3922,0.00021,1e-05,0.035822,170580.95238095237,175980.0,0.0017598,nan,nan,nan,nan,0.1,1.0,20.0,10 V,1.0,False,1
17.4134,0.00021,1e-05,0.035822,170580.95238095237,174880.0,0.0017488,nan,nan,nan,nan,0.1,1.0,20.0,10 V,1.0,False,1
17.4347,0.00021,1e-05,0.035822,170580.95238095237,177080.0,0.0017708,nan,nan,nan,nan,0.1,1.0,20.0,10 V,1.0,False,1
17.4558,0.00021,1e-05,0.035822,170580.95238095237,177080.0,0.0017708,nan,nan,nan,nan,0.1,1.0,20.0,10 V,1.0,False,1
17.4770,0.00021,1e-05,0.035822,170580.95238095237,173780.0,0.0017378,nan,nan,nan,nan,0.1,1.0,20.0,10 V,1.0,False,1
17.4982,0.00021,1e-05,0.035822,170580.95238095237,179270.0,0.0017927,nan,nan,nan,nan,0.1,1.0,20.0,10 V,1.0,False,1
17.5194,0.00021,1e-05,0.035822,170580.95238095237,178170.0,0.0017817,nan,nan,nan,nan,0.1,1.0,20.0,10 V,1.0,False,1
17.5407,0.00021,1e-05,0.035822,170580.95238095237,177080.0,0.0017708,nan,nan,nan,nan,0.1,1.0,20.0,10 V,1.0,False,1
17.5619,0.00021,1e-05,0.035822,170580.95238095237,180370.0,0.0018037,nan,nan,nan,nan,0.1,1.0,20.0,10 V,1.0,False,1
17.5831,0.00021,1e-05,0.035822,170580.95238095237,175980.0,0.0017598,nan,nan,nan,nan,0.1,1.0,20.0,10 V,1.0,False,1
17.6044,0.00021,1e-05,0.035822,170580.95238095237,177080.0,0.0017708,nan,nan,nan,nan,0.1,1.0,20.0,10 V,1.0,False,1
17.6256,0.00021,1e-05,0.035822,170580.95238095237,175980.0,0.0017598,nan,nan,nan,nan,0.1,1.0,20.0,10 V,1.0,False,1
17.6468,0.00021,1e-05,0.035822,170580.95238095237,177080.0,0.0017708,nan,nan,nan,nan,0.1,1.0,20.0,10 V,1.0,False,1
17.6681,0.00021,1e-05,0.035822,170580.95238095237,175980.0,0.0017598,nan,nan,nan,nan,0.1,1.0,20.0,10 V,1.0,False,1
17.6893,0.00021,1e-05,0.035822,170580.95238095237,177080.0,0.0017708,nan,nan,nan,nan,0.1,1.0,20.0,10 V,1.0,False,1
17.7105,0.00021,1e-05,0.035822,170580.95238095237,177080.0,0.0017708,nan,nan,nan,nan,0.1,1.0,20.0,10 V,1.0,False,1
17.7317,0.00021,1e-05,0.035822,170580.95238095237,177080.0,0.0017708,nan,nan,nan,nan,0.1,1.0,20.0,10 V,1.0,False,1
17.7529,0.00021,1e-05,0.035822,170580.95238095237,177080.0,0.0017708,nan,nan,nan,nan,0.1,1.0,20.0,10 V,1.0,False,1
17.7741,0.00021,1e-05,0.035822,170580.95238095237,175980.0,0.0017598,nan,nan,nan,nan,0.1,1.0,20.0,10 V,1.0,False,1
17.7953,0.00021,1e-05,0.035822,170580.95238095237,178170.0,0.0017817,nan,nan,nan,nan,0.1,1.0,20.0,10 V,1.0,False,1
17.8166,0.00021,1e-05,0.035822,170580.95238095237,175980.0,0.0017598,nan,nan,nan,nan,0.1,1.0,20.0,10 V,1.0,False,1
17.8378,0.00021,1e-05,0.035822,170580.95238095237,174880.0,0.0017488,nan,nan,nan,nan,0.1,1.0,20.0,10 V,1.0,False,1
17.8590,0.00021,1e-05,0.035822,170580.95238095237,177080.0,0.0017708,nan,nan,nan,nan,0.1,1.0,20.0,10 V,1.0,False,1
17.8802,0.00021,1e-05,0.035822,170580.95238095237,178170.0,0.0017817,nan,nan,nan,nan,0.1,1.0,20.0,10 V,1.0,False,1
17.9014,0.00021,1e-05,0.035822,170580.95238095237,181470.0,0.0018147,nan,nan,nan,nan,0.1,1.0,20.0,10 V,1.0,False,1
17.9226,0.00021,1e-05,0.035822,170580.95238095237,174880.0,0.0017488,nan,nan,nan,nan,0.1,1.0,20.0,10 V,1.0,False,1
17.9438,0.00021,1e-05,0.035822,170580.95238095237,179270.0,0.0017927,nan,nan,nan,nan,0.1,1.0,20.0,10 V,1.0,False,1
17.9650,0.00021,1e-05,0.035822,170580.95238095237,177080.0,0.0017708,nan,nan,nan,nan,0.1,1.0,20.0,10 V,1.0,False,1
17.9863,0.00021,1e-05,0.035822,170580.95238095237,177080.0,0.0017708,nan,nan,nan,nan,0.1,1.0,20.0,10 V,1.0,False,1
18.0075,0.00021,1e-05,0.035822,170580.95238095237,179270.0,0.0017927,nan,nan,nan,nan,0.1,1.0,20.0,10 V,1.0,False,1
18.0287,0.00021,1e-05,0.035822,170580.95238095237,177080.0,0.0017708,nan,nan,nan,nan,0.1,1.0,20.0,10 V,1.0,False,1
18.0499,0.00021,1e-05,0.035822,170580.95238095237,180370.0,0.0018037,nan,nan,nan,nan,0.1,1.0,20.0,10 V,1.0,False,1
18.0711,0.00021,1e-05,0.035822,170580.95238095237,175980.0,0.0017598,nan,nan,nan,nan,0.1,1.0,20.0,10 V,1.0,False,1
18.0923,0.00021,1e-05,0.035822,170580.95238095237,177080.0,0.0017708,nan,nan,nan,nan,0.1,1.0,20.0,10 V,1.0,False,1
18.1134,0.00021,1e-05,0.035822,170580.95238095237,177080.0,0.0017708,nan,nan,nan,nan,0.1,1.0,20.0,10 V,1.0,False,1
18.1347,0.00021,1e-05,0.035822,170580.95238095237,172680.0,0.0017268,nan,nan,nan,nan,0.1,1.0,20.0,10 V,1.0,False,1
18.1559,0.00021,1e-05,0.035822,170580.95238095237,178170.0,0.0017817,nan,nan,nan,nan,0.1,1.0,20.0,10 V,1.0,False,1
18.1771,0.00021,1e-05,0.035822,170580.95238095237,177080.0,0.0017708,nan,nan,nan,nan,0.1,1.0,20.0,10 V,1.0,False,1
18.1984,0.00021,1e-05,0.035822,170580.95238095237,177080.0,0.0017708,nan,nan,nan,nan,0.1,1.0,20.0,10 V,1.0,False,1
18.2197,0.00021,1e-05,0.035822,170580.95238095237,177080.0,0.0017708,nan,nan,nan,nan,0.1,1.0,20.0,10 V,1.0,False,1
18.2410,0.00021,1e-05,0.035822,170580.95238095237,178170.0,0.0017817,nan,nan,nan,nan,0.1,1.0,20.0,10 V,1.0,False,1
18.2621,0.00021,1e-05,0.035822,170580.95238095237,177080.0,0.0017708,nan,nan,nan,nan,0.1,1.0,20.0,10 V,1.0,False,1
18.2833,0.00021,1e-05,0.035822,170580.95238095237,175980.0,0.0017598,nan,nan,nan,nan,0.1,1.0,20.0,10 V,1.0,False,1
18.3045,0.00021,1e-05,0.035822,170580.95238095237,177080.0,0.0017708,nan,nan,nan,nan,0.1,1.0,20.0,10 V,1.0,False,1
18.3258,0.00021,1e-05,0.035822,170580.95238095237,174880.0,0.0017488,nan,nan,nan,nan,0.1,1.0,20.0,10 V,1.0,False,1
18.3471,0.00021,1e-05,0.035822,170580.95238095237,178170.0,0.0017817,nan,nan,nan,nan,0.1,1.0,20.0,10 V,1.0,False,1
18.3683,0.00021,1e-05,0.035822,170580.95238095237,178170.0,0.0017817,nan,nan,nan,nan,0.1,1.0,20.0,10 V,1.0,False,1
18.3895,0.00021,1e-05,0.035822,170580.95238095237,177080.0,0.0017708,nan,nan,nan,nan,0.1,1.0,20.0,10 V,1.0,False,1
18.4107,0.00021,1e-05,0.035822,170580.95238095237,180370.0,0.0018037,nan,nan,nan,nan,0.1,1.0,20.0,10 V,1.0,False,1
18.4319,0.00021,1e-05,0.035822,170580.95238095237,175980.0,0.0017598,nan,nan,nan,nan,0.1,1.0,20.0,10 V,1.0,False,1
18.4531,0.00021,1e-05,0.035822,170580.95238095237,177080.0,0.0017708,nan,nan,nan,nan,0.1,1.0,20.0,10 V,1.0,False,1
18.4743,0.00021,1e-05,0.035822,170580.95238095237,177080.0,0.0017708,nan,nan,nan,nan,0.1,1.0,20.0,10 V,1.0,False,1
18.4955,0.00021,1e-05,0.035822,170580.95238095237,177080.0,0.0017708,nan,nan,nan,nan,0.1,1.0,20.0,10 V,1.0,False,1
18.5168,0.00021,1e-05,0.035822,170580.95238095237,175980.0,0.0017598,nan,nan,nan,nan,0.1,1.0,20.0,10 V,1.0,False,1
18.5379,0.00021,1e-05,0.035822,170580.95238095237,179270.0,0.0017927,nan,nan,nan,nan,0.1,1.0,20.0,10 V,1.0,False,1
18.5592,0.00021,1e-05,0.035822,170580.95238095237,180370.0,0.0018037,nan,nan,nan,nan,0.1,1.0,20.0,10 V,1.0,False,1
18.5804,0.00021,1e-05,0.035822,170580.95238095237,175980.0,0.0017598,nan,nan,nan,nan,0.1,1.0,20.0,10 V,1.0,False,1
18.6017,0.00021,1e-05,0.035822,170580.95238095237,178170.0,0.0017817,nan,nan,nan,nan,0.1,1.0,20.0,10 V,1.0,False,1
18.6229,0.00021,1e-05,0.035822,170580.95238095237,181470.0,0.0018147,nan,nan,nan,nan,0.1,1.0,20.0,10 V,1.0,False,1
18.6442,0.00021,1e-05,0.035822,170580.95238095237,180370.0,0.0018037,nan,nan,nan,nan,0.1,1.0,20.0,10 V,1.0,False,1
18.6654,0.00021,1e-05,0.035822,170580.95238095237,179270.0,0.0017927,nan,nan,nan,nan,0.1,1.0,20.0,10 V,1.0,False,1
18.6867,0.00021,1e-05,0.035822,170580.95238095237,177080.0,0.0017708,nan,nan,nan,nan,0.1,1.0,20.0,10 V,1.0,False,1
18.7079,0.00021,1e-05,0.035822,170580.95238095237,177080.0,0.0017708,nan,nan,nan,nan,0.1,1.0,20.0,10 V,1.0,False,1
18.7291,0.00021,1e-05,0.035822,170580.95238095237,178170.0,0.0017817,nan,nan,nan,nan,0.1,1.0,20.0,10 V,1.0,False,1
18.7503,0.00021,1e-05,0.035822,170580.95238095237,177080.0,0.0017708,nan,nan,nan,nan,0.1,1.0,20.0,10 V,1.0,False,1
18.7715,0.00021,1e-05,0.035822,170580.95238095237,175980.0,0.0017598,nan,nan,nan,nan,0.1,1.0,20.0,10 V,1.0,False,1
18.7927,0.00021,1e-05,0.035822,170580.95238095237,178170.0,0.0017817,nan,nan,nan,nan,0.1,1.0,20.0,10 V,1.0,False,1
18.8138,0.00021,1e-05,0.035822,170580.95238095237,178170.0,0.0017817,nan,nan,nan,nan,0.1,1.0,20.0,10 V,1.0,False,1
18.8349,0.00021,1e-05,0.035822,170580.95238095237,178170.0,0.0017817,nan,nan,nan,nan,0.1,1.0,20.0,10 V,1.0,False,1
18.8561,0.00021,1e-05,0.035822,170580.95238095237,177080.0,0.0017708,nan,nan,nan,nan,0.1,1.0,20.0,10 V,1.0,False,1
18.8773,0.00021,1e-05,0.035822,170580.95238095237,178170.0,0.0017817,nan,nan,nan,nan,0.1,1.0,20.0,10 V,1.0,False,1
18.8985,0.00021,1e-05,0.035822,170580.95238095237,179270.0,0.0017927,nan,nan,nan,nan,0.1,1.0,20.0,10 V,1.0,False,1
18.9197,0.00021,1e-05,0.035822,170580.95238095237,175980.0,0.0017598,nan,nan,nan,nan,0.1,1.0,20.0,10 V,1.0,False,1
18.9410,0.00021,1e-05,0.035822,170580.95238095237,180370.0,0.0018037,nan,nan,nan,nan,0.1,1.0,20.0,10 V,1.0,False,1
18.9622,0.00021,1e-05,0.035822,170580.95238095237,178170.0,0.0017817,nan,nan,nan,nan,0.1,1.0,20.0,10 V,1.0,False,1
18.9832,0.00021,1e-05,0.035822,170580.95238095237,177080.0,0.0017708,nan,nan,nan,nan,0.1,1.0,20.0,10 V,1.0,False,1
19.0044,0.00021,1e-05,0.035822,170580.95238095237,178170.0,0.0017817,nan,nan,nan,nan,0.1,1.0,20.0,10 V,1.0,False,1
19.0469,0.00026000000000000003,1e-05,0.0452146,173902.30769230766,177080.0,0.0017708,nan,nan,nan,nan,0.1,1.0,20.0,10 V,1.0,False,1
19.0891,0.0003,1e-05,0.0521767,173922.33333333334,177080.0,0.0017708,nan,nan,nan,nan,0.1,1.0,20.0,10 V,1.0,False,1
19.1314,0.00024999999999999995,1e-05,0.0434879,173951.60000000006,179270.0,0.0017927,nan,nan,nan,nan,0.1,1.0,20.0,10 V,1.0,False,1
19.1738,0.00019999999999999996,1e-05,0.0347881,173940.50000000003,180370.0,0.0018037,nan,nan,nan,nan,0.1,1.0,20.0,10 V,1.0,False,1
19.2162,0.00014999999999999996,1e-05,0.0261103,174068.66666666672,175980.0,0.0017598,nan,nan,nan,nan,0.1,1.0,20.0,10 V,1.0,False,1
19.2586,9.999999999999996e-05,1e-05,0.0174106,174106.00000000003,177080.0,0.0017708,nan,nan,nan,nan,0.1,1.0,20.0,10 V,1.0,False,1
19.3010,4.999999999999996e-05,1e-05,0.0086778,173556.00000000012,179270.0,0.0017927,nan,nan,nan,nan,0.1,1.0,20.0,10 V,1.0,False,1
19.3435,-1e-05,1e-05,-0.0016608,166080.0,177080.0,0.0017708,nan,nan,nan,nan,0.1,1.0,20.0,10 V,1.0,False,1
19.3859,-6e-05,1e-05,-0.0103605,172674.99999999997,179270.0,0.0017927,nan,nan,nan,nan,0.1,1.0,20.0,10 V,1.0,False,1
19.4284,-0.00011,1e-05,-0.0190163,172875.45454545453,181470.0,0.0018147,nan,nan,nan,nan,0.1,1.0,20.0,10 V,1.0,False,1
19.4707,-0.00016,1e-05,-0.0277931,173706.875,180370.0,0.0018037,nan,nan,nan,nan,0.1,1.0,20.0,10 V,1.0,False,1
19.5133,-0.00021,1e-05,-0.0364269,173461.42857142855,174880.0,0.0017488,nan,nan,nan,nan,0.1,1.0,20.0,10 V,1.0,False,1
19.5558,-0.00026000000000000003,1e-05,-0.0451267,173564.23076923072,175980.0,0.0017598,nan,nan,nan,nan,0.1,1.0,20.0,10 V,1.0,False,1
19.5982,-0.0003,1e-05,-0.0520557,173519.00000000003,174880.0,0.0017488,nan,nan,nan,nan,0.1,1.0,20.0,10 V,1.0,False,1
19.6406,-0.00024999999999999995,1e-05,-0.0434109,173643.60000000006,181470.0,0.0018147,nan,nan,nan,nan,0.1,1.0,20.0,10 V,1.0,False,1
19.6831,-0.00019999999999999996,1e-05,-0.0347001,173500.50000000003,175980.0,0.0017598,nan,nan,nan,nan,0.1,1.0,20.0,10 V,1.0,False,1
19.7255,-0.00014999999999999996,1e-05,-0.0259893,173262.00000000003,179270.0,0.0017927,nan,nan,nan,nan,0.1,1.0,20.0,10 V,1.0,False,1
19.7679,-9.999999999999996e-05,1e-05,-0.0173116,173116.00000000006,175980.0,0.0017598,nan,nan,nan,nan,0.1,1.0,20.0,10 V,1.0,False,1
19.8104,-4.999999999999996e-05,1e-05,-0.0086228,172456.00000000012,175980.0,0.0017598,nan,nan,nan,nan,0.1,1.0,20.0,10 V,1.0,False,1
19.8529,1e-05,1e-05,0.0017708,177080.0,180370.0,0.0018037,nan,nan,nan,nan,0.1,1.0,20.0,10 V,1.0,False,1
19.8953,6e-05,1e-05,0.0104595,174324.99999999997,179270.0,0.0017927,nan,nan,nan,nan,0.1,1.0,20.0,10 V,1.0,False,1
19.9377,0.00011,1e-05,0.0191593,174175.45454545453,177080.0,0.0017708,nan,nan,nan,nan,0.1,1.0,20.0,10 V,1.0,False,1
19.9802,0.00016,1e-05,0.0279031,174394.375,174880.0,0.0017488,nan,nan,nan,nan,0.1,1.0,20.0,10 V,1.0,False,1
20.0226,0.00021,1e-05,0.0365699,174142.38095238098,177080.0,0.0017708,nan,nan,nan,nan,0.1,1.0,20.0,10 V,1.0,False,1
20.0650,0.00026000000000000003,1e-05,0.0452916,174198.4615384615,178170.0,0.0017817,nan,nan,nan,nan,0.1,1.0,20.0,10 V,1.0,False,1
20.1074,0.0003,1e-05,0.0522537,174179.0,172680.0,0.0017268,nan,nan,nan,nan,0.1,1.0,20.0,10 V,1.0,False,1
20.1498,0.00024999999999999995,1e-05,0.0435759,174303.60000000003,178170.0,0.0017817,nan,nan,nan,nan,0.1,1.0,20.0,10 V,1.0,False,1
20.1922,0.00019999999999999996,1e-05,0.0348761,174380.50000000003,174880.0,0.0017488,nan,nan,nan,nan,0.1,1.0,20.0,10 V,1.0,False,1
20.2346,0.00014999999999999996,1e-05,0.0261103,174068.66666666672,177080.0,0.0017708,nan,nan,nan,nan,0.1,1.0,20.0,10 V,1.0,False,1
20.2769,9.999999999999996e-05,1e-05,0.0174435,174435.00000000006,178170.0,0.0017817,nan,nan,nan,nan,0.1,1.0,20.0,10 V,1.0,False,1
20.3192,4.999999999999996e-05,1e-05,0.0087548,175096.00000000012,179270.0,0.0017927,nan,nan,nan,nan,0.1,1.0,20.0,10 V,1.0,False,1
20.3617,-1e-05,1e-05,-0.0016388,163880.0,177080.0,0.0017708,nan,nan,nan,nan,0.1,1.0,20.0,10 V,1.0,False,1
20.4042,-6e-05,1e-05,-0.0103275,172124.99999999997,177080.0,0.0017708,nan,nan,nan,nan,0.1,1.0,20.0,10 V,1.0,False,1
20.4467,-0.00011,1e-05,-0.0190383,173075.45454545456,175980.0,0.0017598,nan,nan,nan,nan,0.1,1.0,20.0,10 V,1.0,False,1
20.4891,-0.00016,1e-05,-0.0278261,173913.125,179270.0,0.0017927,nan,nan,nan,nan,0.1,1.0,20.0,10 V,1.0,False,1
20.5315,-0.00021,1e-05,-0.0364929,173775.7142857143,177080.0,0.0017708,nan,nan,nan,nan,0.1,1.0,20.0,10 V,1.0,False,1
20.5740,-0.00026000000000000003,1e-05,-0.0452036,173859.99999999994,178170.0,0.0017817,nan,nan,nan,nan,0.1,1.0,20.0,10 V,1.0,False,1
20.6164,-0.0003,1e-05,-0.0520997,173665.66666666666,177080.0,0.0017708,nan,nan,nan,nan,0.1,1.0,20.0,10 V,1.0,False,1
20.6589,-0.00024999999999999995,1e-05,-0.0434109,173643.60000000006,179270.0,0.0017927,nan,nan,nan,nan,0.1,1.0,20.0,10 V,1.0,False,1
20.7014,-0.00019999999999999996,1e-05,-0.0347551,173775.50000000003,178170.0,0.0017817,nan,nan,nan,nan,0.1,1.0,20.0,10 V,1.0,False,1
20.7438,-0.00014999999999999996,1e-05,-0.0260443,173628.66666666672,182570.0,0.0018257,nan,nan,nan,nan,0.1,1.0,20.0,10 V,1.0,False,1
20.7862,-9.999999999999996e-05,1e-05,-0.0173446,173446.00000000006,180370.0,0.0018037,nan,nan,nan,nan,0.1,1.0,20.0,10 V,1.0,False,1
20.8287,-4.999999999999996e-05,1e-05,-0.0086118,172236.00000000012,178170.0,0.0017817,nan,nan,nan,nan,0.1,1.0,20.0,10 V,1.0,False,1
20.8711,1e-05,1e-05,0.0017708,177080.0,178170.0,0.0017817,nan,nan,nan,nan,0.1,1.0,20.0,10 V,1.0,False,1
20.9135,6e-05,1e-05,0.0104815,174691.66666666663,179270.0,0.0017927,nan,nan,nan,nan,0.1,1.0,20.0,10 V,1.0,False,1
20.9560,0.00011,1e-05,0.0192033,174575.45454545453,180370.0,0.0018037,nan,nan,nan,nan,0.1,1.0,20.0,10 V,1.0,False,1
20.9984,0.00016,1e-05,0.0279141,174463.125,178170.0,0.0017817,nan,nan,nan,nan,0.1,1.0,20.0,10 V,1.0,False,1
21.0408,0.00021,1e-05,0.0366469,174509.04761904763,174880.0,0.0017488,nan,nan,nan,nan,0.1,1.0,20.0,10 V,1.0,False,1
21.0833,0.00026000000000000003,1e-05,0.0453686,174494.61538461535,177080.0,0.0017708,nan,nan,nan,nan,0.1,1.0,20.0,10 V,1.0,False,1
21.1254,0.0003,1e-05,0.0523306,174435.33333333334,173780.0,0.0017378,nan,nan,nan,nan,0.1,1.0,20.0,10 V,1.0,False,1
21.1678,0.00024999999999999995,1e-05,0.0436639,174655.60000000003,175980.0,0.0017598,nan,nan,nan,nan,0.1,1.0,20.0,10 V,1.0,False,1
21.2102,0.00019999999999999996,1e-05,0.0348981,174490.50000000003,177080.0,0.0017708,nan,nan,nan,nan,0.1,1.0,20.0,10 V,1.0,False,1
21.2527,0.00014999999999999996,1e-05,0.0261873,174582.00000000003,180370.0,0.0018037,nan,nan,nan,nan,0.1,1.0,20.0,10 V,1.0,False,1
21.2951,9.999999999999996e-05,1e-05,0.0174545,174545.00000000006,180370.0,0.0018037,nan,nan,nan,nan,0.1,1.0,20.0,10 V,1.0,False,1
21.3375,4.999999999999996e-05,1e-05,0.0087548,175096.00000000012,178170.0,0.0017817,nan,nan,nan,nan,0.1,1.0,20.0,10 V,1.0,False,1
21.3800,-1e-05,1e-05,-0.0016168,161680.0,179270.0,0.0017927,nan,nan,nan,nan,0.1,1.0,20.0,10 V,1.0,False,1
21.4225,-6e-05,1e-05,-0.0103825,173041.66666666663,175980.0,0.0017598,nan,nan,nan,nan,0.1,1.0,20.0,10 V,1.0,False,1
21.4650,-0.00011,1e-05,-0.0190713,173375.45454545453,178170.0,0.0017817,nan,nan,nan,nan,0.1,1.0,20.0,10 V,1.0,False,1
21.5074,-0.00016,1e-05,-0.0278151,173844.375,177080.0,0.0017708,nan,nan,nan,nan,0.1,1.0,20.0,10 V,1.0,False,1
21.5498,-0.00021,1e-05,-0.0365369,173985.23809523808,174880.0,0.0017488,nan,nan,nan,nan,0.1,1.0,20.0,10 V,1.0,False,1
21.5924,-0.00026000000000000003,1e-05,-0.0452806,174156.15384615381,178170.0,0.0017817,nan,nan,nan,nan,0.1,1.0,20.0,10 V,1.0,False,1
21.6348,-0.0003,1e-05,-0.0522537,174179.0,177080.0,0.0017708,nan,nan,nan,nan,0.1,1.0,20.0,10 V,1.0,False,1
21.6773,-0.00024999999999999995,1e-05,-0.0435539,174215.60000000003,180370.0,0.0018037,nan,nan,nan,nan,0.1,1.0,20.0,10 V,1.0,False,1
21.7198,-0.00019999999999999996,1e-05,-0.0348321,174160.50000000003,179270.0,0.0017927,nan,nan,nan,nan,0.1,1.0,20.0,10 V,1.0,False,1
21.7622,-0.00014999999999999996,1e-05,-0.0260883,173922.00000000003,178170.0,0.0017817,nan,nan,nan,nan,0.1,1.0,20.0,10 V,1.0,False,1
21.8045,-9.999999999999996e-05,1e-05,-0.0173776,173776.00000000006,177080.0,0.0017708,nan,nan,nan,nan,0.1,1.0,20.0,10 V,1.0,False,1
21.8469,-4.999999999999996e-05,1e-05,-0.0086338,172676.00000000015,178170.0,0.0017817,nan,nan,nan,nan,0.1,1.0,20.0,10 V,1.0,False,1
21.8892,1e-05,1e-05,0.0018147,181470.0,177080.0,0.0017708,nan,nan,nan,nan,0.1,1.0,20.0,10 V,1.0,False,1
21.9317,6e-05,1e-05,0.0105365,175608.3333333333,181470.0,0.0018147,nan,nan,nan,nan,0.1,1.0,20.0,10 V,1.0,False,1
21.9740,0.00011,1e-05,0.0192253,174775.45454545453,179270.0,0.0017927,nan,nan,nan,nan,0.1,1.0,20.0,10 V,1.0,False,1
22.0164,0.00016,1e-05,0.0280021,175013.125,177080.0,0.0017708,nan,nan,nan,nan,0.1,1.0,20.0,10 V,1.0,False,1
22.0587,0.00021,1e-05,0.0367458,174980.0,175980.0,0.0017598,nan,nan,nan,nan,0.1,1.0,20.0,10 V,1.0,False,1
22.1011,0.00026000000000000003,1e-05,0.0454566,174833.07692307688,177080.0,0.0017708,nan,nan,nan,nan,0.1,1.0,20.0,10 V,1.0,False,1
22.1435,0.0003,1e-05,0.0525176,175058.66666666666,179270.0,0.0017927,nan,nan,nan,nan,0.1,1.0,20.0,10 V,1.0,False,1
22.1859,0.00024999999999999995,1e-05,0.0437299,174919.60000000006,178170.0,0.0017817,nan,nan,nan,nan,0.1,1.0,20.0,10 V,1.0,False,1
22.2283,0.00019999999999999996,1e-05,0.0350191,175095.50000000003,177080.0,0.0017708,nan,nan,nan,nan,0.1,1.0,20.0,10 V,1.0,False,1
22.2708,0.00014999999999999996,1e-05,0.0262203,174802.00000000003,178170.0,0.0017817,nan,nan,nan,nan,0.1,1.0,20.0,10 V,1.0,False,1
22.3132,9.999999999999996e-05,1e-05,0.0174875,174875.00000000006,178170.0,0.0017817,nan,nan,nan,nan,0.1,1.0,20.0,10 V,1.0,False,1
22.3557,4.999999999999996e-05,1e-05,0.0087548,175096.00000000012,180370.0,0.0018037,nan,nan,nan,nan,0.1,1.0,20.0,10 V,1.0,False,1
22.3981,-1e-05,1e-05,-0.0016718,167180.0,178170.0,0.0017817,nan,nan,nan,nan,0.1,1.0,20.0,10 V,1.0,False,1
22.4406,-6e-05,1e-05,-0.0104155,173591.66666666663,177080.0,0.0017708,nan,nan,nan,nan,0.1,1.0,20.0,10 V,1.0,False,1
22.4831,-0.00011,1e-05,-0.0191153,173775.45454545456,180370.0,0.0018037,nan,nan,nan,nan,0.1,1.0,20.0,10 V,1.0,False,1
22.5256,-0.00016,1e-05,-0.0279251,174531.875,180370.0,0.0018037,nan,nan,nan,nan,0.1,1.0,20.0,10 V,1.0,False,1
22.5680,-0.00021,1e-05,-0.0366139,174351.90476190476,177080.0,0.0017708,nan,nan,nan,nan,0.1,1.0,20.0,10 V,1.0,False,1
22.6105,-0.00026000000000000003,1e-05,-0.0453026,174240.7692307692,175980.0,0.0017598,nan,nan,nan,nan,0.1,1.0,20.0,10 V,1.0,False,1
22.6529,-0.0003,1e-05,-0.0523087,174362.33333333334,179270.0,0.0017927,nan,nan,nan,nan,0.1,1.0,20.0,10 V,1.0,False,1
22.6953,-0.00024999999999999995,1e-05,-0.0436199,174479.60000000006,179270.0,0.0017927,nan,nan,nan,nan,0.1,1.0,20.0,10 V,1.0,False,1
22.7378,-0.00019999999999999996,1e-05,-0.0348871,174435.50000000003,179270.0,0.0017927,nan,nan,nan,nan,0.1,1.0,20.0,10 V,1.0,False,1
22.7803,-0.00014999999999999996,1e-05,-0.0261213,174142.00000000003,178170.0,0.0017817,nan,nan,nan,nan,0.1,1.0,20.0,10 V,1.0,False,1
22.8228,-9.999999999999996e-05,1e-05,-0.0173556,173556.00000000003,179270.0,0.0017927,nan,nan,nan,nan,0.1,1.0,20.0,10 V,1.0,False,1
22.8653,-4.999999999999996e-05,1e-05,-0.0086558,173116.00000000012,178170.0,0.0017817,nan,nan,nan,nan,0.1,1.0,20.0,10 V,1.0,False,1
22.9077,1e-05,1e-05,0.0017708,177080.0,177080.0,0.0017708,nan,nan,nan,nan,0.1,1.0,20.0,10 V,1.0,False,1
22.9501,6e-05,1e-05,0.0105145,175241.66666666663,179270.0,0.0017927,nan,nan,nan,nan,0.1,1.0,20.0,10 V,1.0,False,1
22.9925,0.00011,1e-05,0.0192913,175375.45454545453,174880.0,0.0017488,nan,nan,nan,nan,0.1,1.0,20.0,10 V,1.0,False,1
23.0349,0.00016,1e-05,0.028134,175837.5,177080.0,0.0017708,nan,nan,nan,nan,0.1,1.0,20.0,10 V,1.0,False,1
23.0773,0.00021,1e-05,0.0368008,175241.90476190476,178170.0,0.0017817,nan,nan,nan,nan,0.1,1.0,20.0,10 V,1.0,False,1
23.1196,0.00026000000000000003,1e-05,0.0455006,175002.30769230766,183670.0,0.0018367,nan,nan,nan,nan,0.1,1.0,20.0,10 V,1.0,False,1
23.1618,0.0003,1e-05,0.0525616,175205.33333333334,178170.0,0.0017817,nan,nan,nan,nan,0.1,1.0,20.0,10 V,1.0,False,1
23.2042,0.00024999999999999995,1e-05,0.0437848,175139.20000000004,180370.0,0.0018037,nan,nan,nan,nan,0.1,1.0,20.0,10 V,1.0,False,1
23.2466,0.00019999999999999996,1e-05,0.0350411,175205.50000000003,179270.0,0.0017927,nan,nan,nan,nan,0.1,1.0,20.0,10 V,1.0,False,1
23.2890,0.00014999999999999996,1e-05,0.0262643,175095.33333333337,178170.0,0.0017817,nan,nan,nan,nan,0.1,1.0,20.0,10 V,1.0,False,1
23.3314,9.999999999999996e-05,1e-05,0.0175095,175095.00000000006,181470.0,0.0018147,nan,nan,nan,nan,0.1,1.0,20.0,10 V,1.0,False,1
23.3738,4.999999999999996e-05,1e-05,0.0087548,175096.00000000012,178170.0,0.0017817,nan,nan,nan,nan,0.1,1.0,20.0,10 V,1.0,False,1
23.4162,-1e-05,1e-05,-0.0016718,167180.0,179270.0,0.0017927,nan,nan,nan,nan,0.1,1.0,20.0,10 V,1.0,False,1
23.4588,-6e-05,1e-05,-0.0104045,173408.3333333333,180370.0,0.0018037,nan,nan,nan,nan,0.1,1.0,20.0,10 V,1.0,False,1
23.5011,-0.00011,1e-05,-0.0191483,174075.45454545453,180370.0,0.0018037,nan,nan,nan,nan,0.1,1.0,20.0,10 V,1.0,False,1
23.5436,-0.00016,1e-05,-0.0279361,174600.625,177080.0,0.0017708,nan,nan,nan,nan,0.1,1.0,20.0,10 V,1.0,False,1
23.5859,-0.00021,1e-05,-0.0367018,174770.47619047618,178170.0,0.0017817,nan,nan,nan,nan,0.1,1.0,20.0,10 V,1.0,False,1
23.6284,-0.00026000000000000003,1e-05,-0.0454346,174748.4615384615,179270.0,0.0017927,nan,nan,nan,nan,0.1,1.0,20.0,10 V,1.0,False,1
23.6707,-0.0003,1e-05,-0.0524076,174692.0,179270.0,0.0017927,nan,nan,nan,nan,0.1,1.0,20.0,10 V,1.0,False,1
23.7132,-0.00024999999999999995,1e-05,-0.0436859,174743.60000000003,179270.0,0.0017927,nan,nan,nan,nan,0.1,1.0,20.0,10 V,1.0,False,1
23.7556,-0.00019999999999999996,1e-05,-0.0349421,174710.50000000003,179270.0,0.0017927,nan,nan,nan,nan,0.1,1.0,20.0,10 V,1.0,False,1
23.7980,-0.00014999999999999996,1e-05,-0.0261653,174435.33333333337,179270.0,0.0017927,nan,nan,nan,nan,0.1,1.0,20.0,10 V,1.0,False,1
23.8404,-9.999999999999996e-05,1e-05,-0.0174216,174216.00000000003,178170.0,0.0017817,nan,nan,nan,nan,0.1,1.0,20.0,10 V,1.0,False,1
23.8829,-4.999999999999996e-05,1e-05,-0.0086448,172896.00000000012,180370.0,0.0018037,nan,nan,nan,nan,0.1,1.0,20.0,10 V,1.0,False,1
23.9253,1e-05,1e-05,0.0017708,177080.0,177080.0,0.0017708,nan,nan,nan,nan,0.1,1.0,20.0,10 V,1.0,False,1
23.9676,6e-05,1e-05,0.0105035,175058.3333333333,181470.0,0.0018147,nan,nan,nan,nan,0.1,1.0,20.0,10 V,1.0,False,1
24.0100,0.00011,1e-05,0.0192803,175275.45454545453,178170.0,0.0017817,nan,nan,nan,nan,0.1,1.0,20.0,10 V,1.0,False,1
24.0524,0.00016,1e-05,0.0280681,175425.625,178170.0,0.0017817,nan,nan,nan,nan,0.1,1.0,20.0,10 V,1.0,False,1
24.0948,0.00021,1e-05,0.0368448,175451.42857142855,180370.0,0.0018037,nan,nan,nan,nan,0.1,1.0,20.0,10 V,1.0,False,1
24.1372,0.00026000000000000003,1e-05,0.0456216,175467.69230769225,177080.0,0.0017708,nan,nan,nan,nan,0.1,1.0,20.0,10 V,1.0,False,1
24.1796,0.00031000000000000005,1e-05,0.0543324,175265.80645161288,178170.0,0.0017817,nan,nan,nan,nan,0.1,1.0,20.0,10 V,1.0,False,1
24.2220,0.0003600000000000001,1e-05,0.0631311,175364.1666666666,178170.0,0.0017817,nan,nan,nan,nan,0.1,1.0,20.0,10 V,1.0,False,1
24.2644,0.0004100000000000001,1e-05,0.0719299,175438.78048780485,180370.0,0.0018037,nan,nan,nan,nan,0.1,1.0,20.0,10 V,1.0,False,1
24.3068,0.0004600000000000001,1e-05,0.0805857,175186.30434782602,180370.0,0.0018037,nan,nan,nan,nan,0.1,1.0,20.0,10 V,1.0,False,1
24.3493,0.0005100000000000001,1e-05,0.0894394,175371.37254901955,177080.0,0.0017708,nan,nan,nan,nan,0.1,1.0,20.0,10 V,1.0,False,1
24.3915,0.0005600000000000002,1e-05,0.0982272,175405.71428571423,180370.0,0.0018037,nan,nan,nan,nan,0.1,1.0,20.0,10 V,1.0,False,1
24.4336,0.0006100000000000002,1e-05,0.106993,175398.36065573766,182570.0,0.0018257,nan,nan,nan,nan,0.1,1.0,20.0,10 V,1.0,False,1
24.4760,0.0006600000000000002,1e-05,0.1156707,175258.6363636363,181470.0,0.0018147,nan,nan,nan,nan,0.1,1.0,20.0,10 V,1.0,False,1
24.5183,0.0007100000000000002,1e-05,0.1244695,175309.15492957737,181470.0,0.0018147,nan,nan,nan,nan,0.1,1.0,20.0,10 V,1.0,False,1
24.5607,0.0007600000000000003,1e-05,0.1332573,175338.55263157887,182570.0,0.0018257,nan,nan,nan,nan,0.1,1.0,20.0,10 V,1.0,False,1
24.6031,0.0008100000000000003,1e-05,0.142001,175309.8765432098,180370.0,0.0018037,nan,nan,nan,nan,0.1,1.0,20.0,10 V,1.0,False,1
24.6456,0.0008600000000000003,1e-05,0.1507668,175310.23255813948,185870.0,0.0018587,nan,nan,nan,nan,0.1,1.0,20.0,10 V,1.0,False,1
24.6879,0.0009100000000000003,1e-05,0.1595106,175286.37362637356,180370.0,0.0018037,nan,nan,nan,nan,0.1,1.0,20.0,10 V,1.0,False,1
24.7304,0.0009600000000000003,1e-05,0.1682984,175310.83333333326,179270.0,0.0017927,nan,nan,nan,nan,0.1,1.0,20.0,10 V,1.0,False,1
24.7729,0.001,1e-05,0.1752384,175238.4,180370.0,0.0018037,nan,nan,nan,nan,0.1,1.0,20.0,10 V,1.0,False,1
24.8154,0.00095,1e-05,0.1664946,175257.4736842105,179270.0,0.0017927,nan,nan,nan,nan,0.1,1.0,20.0,10 V,1.0,False,1
24.8577,0.0009,1e-05,0.1577288,175254.22222222222,179270.0,0.0017927,nan,nan,nan,nan,0.1,1.0,20.0,10 V,1.0,False,1
24.9001,0.00085,1e-05,0.1489631,175250.70588235292,179270.0,0.0017927,nan,nan,nan,nan,0.1,1.0,20.0,10 V,1.0,False,1
24.9425,0.0007999999999999999,1e-05,0.1402633,175329.12500000003,181470.0,0.0018147,nan,nan,nan,nan,0.1,1.0,20.0,10 V,1.0,False,1
24.9850,0.0007499999999999999,1e-05,0.1314755,175300.6666666667,180370.0,0.0018037,nan,nan,nan,nan,0.1,1.0,20.0,10 V,1.0,False,1
25.0274,0.0006999999999999999,1e-05,0.1227538,175362.57142857145,180370.0,0.0018037,nan,nan,nan,nan,0.1,1.0,20.0,10 V,1.0,False,1
25.0698,0.0006499999999999999,1e-05,0.113966,175332.30769230772,180370.0,0.0018037,nan,nan,nan,nan,0.1,1.0,20.0,10 V,1.0,False,1
25.1121,0.0005999999999999998,1e-05,0.1052772,175462.00000000003,180370.0,0.0018037,nan,nan,nan,nan,0.1,1.0,20.0,10 V,1.0,False,1
25.1543,0.0005499999999999998,1e-05,0.0964894,175435.2727272728,179270.0,0.0017927,nan,nan,nan,nan,0.1,1.0,20.0,10 V,1.0,False,1
25.1965,0.0004999999999999998,1e-05,0.0877897,175579.40000000008,181470.0,0.0018147,nan,nan,nan,nan,0.1,1.0,20.0,10 V,1.0,False,1
25.2389,0.00044999999999999977,1e-05,0.0789689,175486.44444444453,181470.0,0.0018147,nan,nan,nan,nan,0.1,1.0,20.0,10 V,1.0,False,1
25.2812,0.00039999999999999975,1e-05,0.0702251,175562.7500000001,177080.0,0.0017708,nan,nan,nan,nan,0.1,1.0,20.0,10 V,1.0,False,1
25.3236,0.0003499999999999997,1e-05,0.0614154,175472.57142857157,180370.0,0.0018037,nan,nan,nan,nan,0.1,1.0,20.0,10 V,1.0,False,1
25.3659,0.0002999999999999997,1e-05,0.0526716,175572.00000000015,179270.0,0.0017927,nan,nan,nan,nan,0.1,1.0,20.0,10 V,1.0,False,1
25.4083,0.0002499999999999997,1e-05,0.0438728,175491.20000000024,179270.0,0.0017927,nan,nan,nan,nan,0.1,1.0,20.0,10 V,1.0,False,1
25.4507,0.00019999999999999968,1e-05,0.0351401,175700.50000000026,178170.0,0.0017817,nan,nan,nan,nan,0.1,1.0,20.0,10 V,1.0,False,1
25.4932,0.0001499999999999997,1e-05,0.0263193,175462.00000000035,182570.0,0.0018257,nan,nan,nan,nan,0.1,1.0,20.0,10 V,1.0,False,1
25.5356,9.999999999999969e-05,1e-05,0.0175755,175755.00000000055,178170.0,0.0017817,nan,nan,nan,nan,0.1,1.0,20.0,10 V,1.0,False,1
25.5780,4.999999999999969e-05,1e-05,0.0087988,175976.0000000011,180370.0,0.0018037,nan,nan,nan,nan,0.1,1.0,20.0,10 V,1.0,False,1
25.6205,-1e-05,1e-05,-0.0016388,163880.0,181470.0,0.0018147,nan,nan,nan,nan,0.1,1.0,20.0,10 V,1.0,False,1
25.6630,-6e-05,1e-05,-0.0104265,173774.99999999997,179270.0,0.0017927,nan,nan,nan,nan,0.1,1.0,20.0,10 V,1.0,False,1
25.7055,-0.00011,1e-05,-0.0192033,174575.45454545453,179270.0,0.0017927,nan,nan,nan,nan,0.1,1.0,20.0,10 V,1.0,False,1
25.7479,-0.00016,1e-05,-0.0279911,174944.375,177080.0,0.0017708,nan,nan,nan,nan,0.1,1.0,20.0,10 V,1.0,False,1
25.7904,-0.00021,1e-05,-0.0367678,175084.76190476192,178170.0,0.0017817,nan,nan,nan,nan,0.1,1.0,20.0,10 V,1.0,False,1
25.8328,-0.00026000000000000003,1e-05,-0.0455336,175129.23076923072,179270.0,0.0017927,nan,nan,nan,nan,0.1,1.0,20.0,10 V,1.0,False,1
25.8753,-0.00031000000000000005,1e-05,-0.0542994,175159.35483870964,179270.0,0.0017927,nan,nan,nan,nan,0.1,1.0,20.0,10 V,1.0,False,1
25.9177,-0.0003600000000000001,1e-05,-0.0630761,175211.38888888882,179270.0,0.0017927,nan,nan,nan,nan,0.1,1.0,20.0,10 V,1.0,False,1
25.9602,-0.0004100000000000001,1e-05,-0.0718309,175197.3170731707,182570.0,0.0018257,nan,nan,nan,nan,0.1,1.0,20.0,10 V,1.0,False,1
26.0026,-0.0004600000000000001,1e-05,-0.0805967,175210.21739130426,177080.0,0.0017708,nan,nan,nan,nan,0.1,1.0,20.0,10 V,1.0,False,1
26.0451,-0.0005100000000000001,1e-05,-0.0893294,175155.68627450973,180370.0,0.0018037,nan,nan,nan,nan,0.1,1.0,20.0,10 V,1.0,False,1
26.0876,-0.0005600000000000002,1e-05,-0.0981172,175209.28571428568,179270.0,0.0017927,nan,nan,nan,nan,0.1,1.0,20.0,10 V,1.0,False,1
26.1300,-0.0006100000000000002,1e-05,-0.1068282,175128.19672131143,178170.0,0.0017817,nan,nan,nan,nan,0.1,1.0,20.0,10 V,1.0,False,1
26.1725,-0.0006600000000000002,1e-05,-0.115572,175109.09090909082,179270.0,0.0017927,nan,nan,nan,nan,0.1,1.0,20.0,10 V,1.0,False,1
26.2149,-0.0007100000000000002,1e-05,-0.1242937,175061.54929577457,177080.0,0.0017708,nan,nan,nan,nan,0.1,1.0,20.0,10 V,1.0,False,1
26.2574,-0.0007600000000000003,1e-05,-0.1330705,175092.7631578947,181470.0,0.0018147,nan,nan,nan,nan,0.1,1.0,20.0,10 V,1.0,False,1
26.2999,-0.0008100000000000003,1e-05,-0.1418363,175106.5432098765,181470.0,0.0018147,nan,nan,nan,nan,0.1,1.0,20.0,10 V,1.0,False,1
26.3423,-0.0008600000000000003,1e-05,-0.150547,175054.6511627906,178170.0,0.0017817,nan,nan,nan,nan,0.1,1.0,20.0,10 V,1.0,False,1
26.3848,-0.0009100000000000003,1e-05,-0.1592468,174996.48351648342,179270.0,0.0017927,nan,nan,nan,nan,0.1,1.0,20.0,10 V,1.0,False,1
26.4273,-0.0009600000000000003,1e-05,-0.1680236,175024.58333333326,180370.0,0.0018037,nan,nan,nan,nan,0.1,1.0,20.0,10 V,1.0,False,1
26.4697,-0.001,1e-05,-0.1749746,174974.6,181470.0,0.0018147,nan,nan,nan,nan,0.1,1.0,20.0,10 V,1.0,False,1
26.5122,-0.00095,1e-05,-0.1662858,175037.68421052632,172680.0,0.0017268,nan,nan,nan,nan,0.1,1.0,20.0,10 V,1.0,False,1
26.5546,-0.0009,1e-05,-0.1576301,175144.55555555556,180370.0,0.0018037,nan,nan,nan,nan,0.1,1.0,20.0,10 V,1.0,False,1
26.5971,-0.00085,1e-05,-0.1488973,175173.29411764708,177080.0,0.0017708,nan,nan,nan,nan,0.1,1.0,20.0,10 V,1.0,False,1
26.6395,-0.0007999999999999999,1e-05,-0.1402085,175260.62500000003,179270.0,0.0017927,nan,nan,nan,nan,0.1,1.0,20.0,10 V,1.0,False,1
26.6818,-0.0007499999999999999,1e-05,-0.1314317,175242.2666666667,179270.0,0.0017927,nan,nan,nan,nan,0.1,1.0,20.0,10 V,1.0,False,1
26.7242,-0.0006999999999999999,1e-05,-0.12271,175300.00000000003,181470.0,0.0018147,nan,nan,nan,nan,0.1,1.0,20.0,10 V,1.0,False,1
26.7667,-0.0006499999999999999,1e-05,-0.1140102,175400.30769230772,179270.0,0.0017927,nan,nan,nan,nan,0.1,1.0,20.0,10 V,1.0,False,1
26.8088,-0.0005999999999999998,1e-05,-0.1052774,175462.33333333337,180370.0,0.0018037,nan,nan,nan,nan,0.1,1.0,20.0,10 V,1.0,False,1
26.8511,-0.0005499999999999998,1e-05,-0.0965664,175575.2727272728,182570.0,0.0018257,nan,nan,nan,nan,0.1,1.0,20.0,10 V,1.0,False,1
26.8935,-0.0004999999999999998,1e-05,-0.0877677,175535.40000000008,181470.0,0.0018147,nan,nan,nan,nan,0.1,1.0,20.0,10 V,1.0,False,1
26.9358,-0.00044999999999999977,1e-05,-0.0790129,175584.2222222223,180370.0,0.0018037,nan,nan,nan,nan,0.1,1.0,20.0,10 V,1.0,False,1
26.9782,-0.00039999999999999975,1e-05,-0.0702251,175562.7500000001,181470.0,0.0018147,nan,nan,nan,nan,0.1,1.0,20.0,10 V,1.0,False,1
27.0207,-0.0003499999999999997,1e-05,-0.0615913,175975.14285714302,179270.0,0.0017927,nan,nan,nan,nan,0.1,1.0,20.0,10 V,1.0,False,1
27.0632,-0.0002999999999999997,1e-05,-0.0527926,175975.33333333352,174880.0,0.0017488,nan,nan,nan,nan,0.1,1.0,20.0,10 V,1.0,False,1
27.1057,-0.0002499999999999997,1e-05,-0.0439058,175623.20000000024,180370.0,0.0018037,nan,nan,nan,nan,0.1,1.0,20.0,10 V,1.0,False,1
27.1481,-0.00019999999999999968,1e-05,-0.0350851,175425.50000000026,180370.0,0.0018037,nan,nan,nan,nan,0.1,1.0,20.0,10 V,1.0,False,1
27.1904,-0.0001499999999999997,1e-05,-0.0262863,175242.00000000035,179270.0,0.0017927,nan,nan,nan,nan,0.1,1.0,20.0,10 V,1.0,False,1
27.2329,-9.999999999999969e-05,1e-05,-0.0175205,175205.00000000055,179270.0,0.0017927,nan,nan,nan,nan,0.1,1.0,20.0,10 V,1.0,False,1
27.2754,-4.999999999999969e-05,1e-05,-0.0086998,173996.00000000108,179270.0,0.0017927,nan,nan,nan,nan,0.1,1.0,20.0,10 V,1.0,False,1
27.3178,1e-05,1e-05,0.0017927,179270.0,181470.0,0.0018147,nan,nan,nan,nan,0.1,1.0,20.0,10 V,1.0,False,1
27.3603,6e-05,1e-05,0.0105695,176158.3333333333,180370.0,0.0018037,nan,nan,nan,nan,0.1,1.0,20.0,10 V,1.0,False,1
27.4027,0.00011,1e-05,0.0193903,176275.45454545453,178170.0,0.0017817,nan,nan,nan,nan,0.1,1.0,20.0,10 V,1.0,False,1
27.4451,0.00016,1e-05,0.028189,176181.25,179270.0,0.0017927,nan,nan,nan,nan,0.1,1.0,20.0,10 V,1.0,False,1
27.4875,0.00021,1e-05,0.0370098,176237.14285714287,180370.0,0.0018037,nan,nan,nan,nan,0.1,1.0,20.0,10 V,1.0,False,1
27.5300,0.00026000000000000003,1e-05,0.0458526,176356.15384615381,179270.0,0.0017927,nan,nan,nan,nan,0.1,1.0,20.0,10 V,1.0,False,1
27.5724,0.00031000000000000005,1e-05,0.0546293,176223.54838709673,180370.0,0.0018037,nan,nan,nan,nan,0.1,1.0,20.0,10 V,1.0,False,1
27.6149,0.0003600000000000001,1e-05,0.0634611,176280.8333333333,178170.0,0.0017817,nan,nan,nan,nan,0.1,1.0,20.0,10 V,1.0,False,1
27.6573,0.0004100000000000001,1e-05,0.0722379,176189.99999999994,179270.0,0.0017927,nan,nan,nan,nan,0.1,1.0,20.0,10 V,1.0,False,1
27.6997,0.0004600000000000001,1e-05,0.0810256,176142.60869565213,179270.0,0.0017927,nan,nan,nan,nan,0.1,1.0,20.0,10 V,1.0,False,1
27.7420,0.0005100000000000001,1e-05,0.0898464,176169.41176470582,181470.0,0.0018147,nan,nan,nan,nan,0.1,1.0,20.0,10 V,1.0,False,1
27.7844,0.0005600000000000002,1e-05,0.0986671,176191.24999999994,179270.0,0.0017927,nan,nan,nan,nan,0.1,1.0,20.0,10 V,1.0,False,1
27.8270,0.0006100000000000002,1e-05,0.1075099,176245.737704918,179270.0,0.0017927,nan,nan,nan,nan,0.1,1.0,20.0,10 V,1.0,False,1
27.8694,0.0006600000000000002,1e-05,0.1162977,176208.6363636363,178170.0,0.0017817,nan,nan,nan,nan,0.1,1.0,20.0,10 V,1.0,False,1
27.9117,0.0007100000000000002,1e-05,0.1251074,176207.60563380274,180370.0,0.0018037,nan,nan,nan,nan,0.1,1.0,20.0,10 V,1.0,False,1
27.9541,0.0007600000000000003,1e-05,0.1338732,176148.94736842098,182570.0,0.0018257,nan,nan,nan,nan,0.1,1.0,20.0,10 V,1.0,False,1
27.9965,0.0008100000000000003,1e-05,0.142705,176179.01234567896,181470.0,0.0018147,nan,nan,nan,nan,0.1,1.0,20.0,10 V,1.0,False,1
28.0390,0.0008600000000000003,1e-05,0.1515367,176205.465116279,180370.0,0.0018037,nan,nan,nan,nan,0.1,1.0,20.0,10 V,1.0,False,1
28.0814,0.0009100000000000003,1e-05,0.1602695,176120.3296703296,185870.0,0.0018587,nan,nan,nan,nan,0.1,1.0,20.0,10 V,1.0,False,1
28.1237,0.0009600000000000003,1e-05,0.1690792,176124.16666666663,181470.0,0.0018147,nan,nan,nan,nan,0.1,1.0,20.0,10 V,1.0,False,1
28.1662,0.001,1e-05,0.1760743,176074.3,179270.0,0.0017927,nan,nan,nan,nan,0.1,1.0,20.0,10 V,1.0,False,1
28.2085,0.00095,1e-05,0.1673085,176114.2105263158,180370.0,0.0018037,nan,nan,nan,nan,0.1,1.0,20.0,10 V,1.0,False,1
28.2509,0.0009,1e-05,0.1585867,176207.44444444444,182570.0,0.0018257,nan,nan,nan,nan,0.1,1.0,20.0,10 V,1.0,False,1
28.2933,0.00085,1e-05,0.149766,176195.29411764708,186970.0,0.0018697,nan,nan,nan,nan,0.1,1.0,20.0,10 V,1.0,False,1
28.3356,0.0007999999999999999,1e-05,0.1409892,176236.50000000003,180370.0,0.0018037,nan,nan,nan,nan,0.1,1.0,20.0,10 V,1.0,False,1
28.3780,0.0007499999999999999,1e-05,0.1321354,176180.53333333333,182570.0,0.0018257,nan,nan,nan,nan,0.1,1.0,20.0,10 V,1.0,False,1
28.4204,0.0006999999999999999,1e-05,0.1234027,176289.57142857148,182570.0,0.0018257,nan,nan,nan,nan,0.1,1.0,20.0,10 V,1.0,False,1
28.4628,0.0006499999999999999,1e-05,0.1145709,176262.9230769231,181470.0,0.0018147,nan,nan,nan,nan,0.1,1.0,20.0,10 V,1.0,False,1
28.5051,0.0005999999999999998,1e-05,0.1058271,176378.50000000003,178170.0,0.0017817,nan,nan,nan,nan,0.1,1.0,20.0,10 V,1.0,False,1
28.5475,0.0005499999999999998,1e-05,0.0970174,176395.2727272728,180370.0,0.0018037,nan,nan,nan,nan,0.1,1.0,20.0,10 V,1.0,False,1
28.5899,0.0004999999999999998,1e-05,0.0882076,176415.20000000007,183670.0,0.0018367,nan,nan,nan,nan,0.1,1.0,20.0,10 V,1.0,False,1
28.6322,0.00044999999999999977,1e-05,0.0793758,176390.66666666674,183670.0,0.0018367,nan,nan,nan,nan,0.1,1.0,20.0,10 V,1.0,False,1
28.6746,0.00039999999999999975,1e-05,0.0705881,176470.25000000012,181470.0,0.0018147,nan,nan,nan,nan,0.1,1.0,20.0,10 V,1.0,False,1
28.7170,0.0003499999999999997,1e-05,0.0617343,176383.71428571444,181470.0,0.0018147,nan,nan,nan,nan,0.1,1.0,20.0,10 V,1.0,False,1
28.7594,0.0002999999999999997,1e-05,0.0529356,176452.00000000017,177080.0,0.0017708,nan,nan,nan,nan,0.1,1.0,20.0,10 V,1.0,False,1
28.8017,0.0002499999999999997,1e-05,0.0441148,176459.20000000024,190270.0,0.0019027,nan,nan,nan,nan,0.1,1.0,20.0,10 V,1.0,False,1
28.8441,0.00019999999999999968,1e-05,0.035316,176580.00000000026,182570.0,0.0018257,nan,nan,nan,nan,0.1,1.0,20.0,10 V,1.0,False,1
28.8862,0.0001499999999999997,1e-05,0.0264623,176415.3333333337,185870.0,0.0018587,nan,nan,nan,nan,0.1,1.0,20.0,10 V,1.0,False,1
28.9285,9.999999999999969e-05,1e-05,0.0176525,176525.00000000055,181470.0,0.0018147,nan,nan,nan,nan,0.1,1.0,20.0,10 V,1.0,False,1
28.9708,4.999999999999969e-05,1e-05,0.0088758,177516.00000000108,181470.0,0.0018147,nan,nan,nan,nan,0.1,1.0,20.0,10 V,1.0,False,1
29.0133,-1e-05,1e-05,-0.0016278,162780.0,179270.0,0.0017927,nan,nan,nan,nan,0.1,1.0,20.0,10 V,1.0,False,1
29.0558,-6e-05,1e-05,-0.0104925,174874.99999999997,179270.0,0.0017927,nan,nan,nan,nan,0.1,1.0,20.0,10 V,1.0,False,1
29.0982,-0.00011,1e-05,-0.0193023,175475.45454545456,184770.0,0.0018477,nan,nan,nan,nan,0.1,1.0,20.0,10 V,1.0,False,1
29.1407,-0.00016,1e-05,-0.028145,175906.25,178170.0,0.0017817,nan,nan,nan,nan,0.1,1.0,20.0,10 V,1.0,False,1
29.1832,-0.00021,1e-05,-0.0369438,175922.85714285713,181470.0,0.0018147,nan,nan,nan,nan,0.1,1.0,20.0,10 V,1.0,False,1
29.2256,-0.00026000000000000003,1e-05,-0.0457646,176017.69230769228,181470.0,0.0018147,nan,nan,nan,nan,0.1,1.0,20.0,10 V,1.0,False,1
29.2680,-0.00031000000000000005,1e-05,-0.0545743,176046.12903225803,181470.0,0.0018147,nan,nan,nan,nan,0.1,1.0,20.0,10 V,1.0,False,1
29.3105,-0.0003600000000000001,1e-05,-0.0634061,176128.05555555553,174880.0,0.0017488,nan,nan,nan,nan,0.1,1.0,20.0,10 V,1.0,False,1
29.3529,-0.0004100000000000001,1e-05,-0.0721609,176002.19512195117,179270.0,0.0017927,nan,nan,nan,nan,0.1,1.0,20.0,10 V,1.0,False,1
29.3954,-0.0004600000000000001,1e-05,-0.0809816,176046.95652173908,182570.0,0.0018257,nan,nan,nan,nan,0.1,1.0,20.0,10 V,1.0,False,1
29.4379,-0.0005100000000000001,1e-05,-0.0897914,176061.5686274509,177080.0,0.0017708,nan,nan,nan,nan,0.1,1.0,20.0,10 V,1.0,False,1
29.4804,-0.0005600000000000002,1e-05,-0.0985794,176034.6428571428,181470.0,0.0018147,nan,nan,nan,nan,0.1,1.0,20.0,10 V,1.0,False,1
29.5229,-0.0006100000000000002,1e-05,-0.1073341,175957.5409836065,178170.0,0.0017817,nan,nan,nan,nan,0.1,1.0,20.0,10 V,1.0,False,1
29.5654,-0.0006600000000000002,1e-05,-0.1161219,175942.27272727265,182570.0,0.0018257,nan,nan,nan,nan,0.1,1.0,20.0,10 V,1.0,False,1
29.6079,-0.0007100000000000002,1e-05,-0.1248767,175882.67605633795,180370.0,0.0018037,nan,nan,nan,nan,0.1,1.0,20.0,10 V,1.0,False,1
29.6504,-0.0007600000000000003,1e-05,-0.1336424,175845.26315789466,175980.0,0.0017598,nan,nan,nan,nan,0.1,1.0,20.0,10 V,1.0,False,1
29.6928,-0.0008100000000000003,1e-05,-0.1424412,175853.33333333326,179270.0,0.0017927,nan,nan,nan,nan,0.1,1.0,20.0,10 V,1.0,False,1
29.7354,-0.0008600000000000003,1e-05,-0.151229,175847.67441860458,178170.0,0.0017817,nan,nan,nan,nan,0.1,1.0,20.0,10 V,1.0,False,1
29.7778,-0.0009100000000000003,1e-05,-0.1599617,175782.08791208785,178170.0,0.0017817,nan,nan,nan,nan,0.1,1.0,20.0,10 V,1.0,False,1
29.8203,-0.0009600000000000003,1e-05,-0.1687275,175757.81249999994,180370.0,0.0018037,nan,nan,nan,nan,0.1,1.0,20.0,10 V,1.0,False,1
29.8627,-0.001,1e-05,-0.1757555,175755.50000000003,177080.0,0.0017708,nan,nan,nan,nan,0.1,1.0,20.0,10 V,1.0,False,1
29.9053,-0.00095,1e-05,-0.1670337,175824.94736842107,180370.0,0.0018037,nan,nan,nan,nan,0.1,1.0,20.0,10 V,1.0,False,1
29.9477,-0.0009,1e-05,-0.158345,175938.8888888889,179270.0,0.0017927,nan,nan,nan,nan,0.1,1.0,20.0,10 V,1.0,False,1
29.9902,-0.00085,1e-05,-0.1495902,175988.4705882353,178170.0,0.0017817,nan,nan,nan,nan,0.1,1.0,20.0,10 V,1.0,False,1
30.0327,-0.0007999999999999999,1e-05,-0.1408354,176044.25,178170.0,0.0017817,nan,nan,nan,nan,0.1,1.0,20.0,10 V,1.0,False,1
30.0751,-0.0007499999999999999,1e-05,-0.1319377,175916.93333333335,177080.0,0.0017708,nan,nan,nan,nan,0.1,1.0,20.0,10 V,1.0,False,1
30.1176,-0.0006999999999999999,1e-05,-0.1232159,176022.71428571432,177080.0,0.0017708,nan,nan,nan,nan,0.1,1.0,20.0,10 V,1.0,False,1
30.1600,-0.0006499999999999999,1e-05,-0.1144611,176094.00000000003,180370.0,0.0018037,nan,nan,nan,nan,0.1,1.0,20.0,10 V,1.0,False,1
30.2024,-0.0005999999999999998,1e-05,-0.1057173,176195.50000000003,177080.0,0.0017708,nan,nan,nan,nan,0.1,1.0,20.0,10 V,1.0,False,1
30.2449,-0.0005499999999999998,1e-05,-0.0968634,176115.2727272728,179270.0,0.0017927,nan,nan,nan,nan,0.1,1.0,20.0,10 V,1.0,False,1
30.2873,-0.0004999999999999998,1e-05,-0.0881306,176261.2000000001,178170.0,0.0017817,nan,nan,nan,nan,0.1,1.0,20.0,10 V,1.0,False,1
30.3298,-0.00044999999999999977,1e-05,-0.0792879,176195.3333333334,177080.0,0.0017708,nan,nan,nan,nan,0.1,1.0,20.0,10 V,1.0,False,1
30.3722,-0.00039999999999999975,1e-05,-0.0705111,176277.7500000001,178170.0,0.0017817,nan,nan,nan,nan,0.1,1.0,20.0,10 V,1.0,False,1
30.4146,-0.0003499999999999997,1e-05,-0.0617453,176415.14285714302,179270.0,0.0017927,nan,nan,nan,nan,0.1,1.0,20.0,10 V,1.0,False,1
30.4570,-0.0002999999999999997,1e-05,-0.0528806,176268.66666666683,175980.0,0.0017598,nan,nan,nan,nan,0.1,1.0,20.0,10 V,1.0,False,1
30.4994,-0.0002499999999999997,1e-05,-0.0440818,176327.20000000022,179270.0,0.0017927,nan,nan,nan,nan,0.1,1.0,20.0,10 V,1.0,False,1
30.5418,-0.00019999999999999968,1e-05,-0.035305,176525.0000000003,178170.0,0.0017817,nan,nan,nan,nan,0.1,1.0,20.0,10 V,1.0,False,1
30.5843,-0.0001499999999999997,1e-05,-0.0264183,176122.00000000035,181470.0,0.0018147,nan,nan,nan,nan,0.1,1.0,20.0,10 V,1.0,False,1
30.6267,-9.999999999999969e-05,1e-05,-0.0175865,175865.00000000055,182570.0,0.0018257,nan,nan,nan,nan,0.1,1.0,20.0,10 V,1.0,False,1
30.6692,-4.999999999999969e-05,1e-05,-0.0087328,174656.00000000108,181470.0,0.0018147,nan,nan,nan,nan,0.1,1.0,20.0,10 V,1.0,False,1
30.7115,1e-05,1e-05,0.0018257,182570.0,181470.0,0.0018147,nan,nan,nan,nan,0.1,1.0,20.0,10 V,1.0,False,1
30.7540,6e-05,1e-05,0.0106575,177624.99999999997,178170.0,0.0017817,nan,nan,nan,nan,0.1,1.0,20.0,10 V,1.0,False,1
30.7964,0.00011,1e-05,0.0194893,177175.45454545456,182570.0,0.0018257,nan,nan,nan,nan,0.1,1.0,20.0,10 V,1.0,False,1
30.8388,0.00016,1e-05,0.028332,177075.0,183670.0,0.0018367,nan,nan,nan,nan,0.1,1.0,20.0,10 V,1.0,False,1
30.8811,0.00021,1e-05,0.0371638,176970.47619047618,175980.0,0.0017598,nan,nan,nan,nan,0.1,1.0,20.0,10 V,1.0,False,1
30.9233,0.00026000000000000003,1e-05,0.0460175,176990.3846153846,181470.0,0.0018147,nan,nan,nan,nan,0.1,1.0,20.0,10 V,1.0,False,1
30.9656,0.00031000000000000005,1e-05,0.0548823,177039.67741935482,179270.0,0.0017927,nan,nan,nan,nan,0.1,1.0,20.0,10 V,1.0,False,1
31.0079,0.0003600000000000001,1e-05,0.063736,177044.4444444444,181470.0,0.0018147,nan,nan,nan,nan,0.1,1.0,20.0,10 V,1.0,False,1
31.0503,0.0004100000000000001,1e-05,0.0725788,177021.4634146341,180370.0,0.0018037,nan,nan,nan,nan,0.1,1.0,20.0,10 V,1.0,False,1
31.0927,0.0004600000000000001,1e-05,0.0813666,176883.91304347818,183670.0,0.0018367,nan,nan,nan,nan,0.1,1.0,20.0,10 V,1.0,False,1
31.1351,0.0005100000000000001,1e-05,0.0902753,177010.39215686268,179270.0,0.0017927,nan,nan,nan,nan,0.1,1.0,20.0,10 V,1.0,False,1
31.1776,0.0005600000000000002,1e-05,0.0991071,176976.96428571426,182570.0,0.0018257,nan,nan,nan,nan,0.1,1.0,20.0,10 V,1.0,False,1
31.2200,0.0006100000000000002,1e-05,0.1079388,176948.85245901634,182570.0,0.0018257,nan,nan,nan,nan,0.1,1.0,20.0,10 V,1.0,False,1
31.2623,0.0006600000000000002,1e-05,0.1167046,176825.15151515146,184770.0,0.0018477,nan,nan,nan,nan,0.1,1.0,20.0,10 V,1.0,False,1
31.3048,0.0007100000000000002,1e-05,0.1256244,176935.77464788724,180370.0,0.0018037,nan,nan,nan,nan,0.1,1.0,20.0,10 V,1.0,False,1
31.3472,0.0007600000000000003,1e-05,0.1344341,176886.97368421048,186970.0,0.0018697,nan,nan,nan,nan,0.1,1.0,20.0,10 V,1.0,False,1
31.3896,0.0008100000000000003,1e-05,0.1436398,177333.08641975303,183670.0,0.0018367,nan,nan,nan,nan,0.1,1.0,20.0,10 V,1.0,False,1
31.4321,0.0008600000000000003,1e-05,0.1522296,177011.1627906976,180370.0,0.0018037,nan,nan,nan,nan,0.1,1.0,20.0,10 V,1.0,False,1
31.4744,0.0009100000000000003,1e-05,0.1609624,176881.75824175816,180370.0,0.0018037,nan,nan,nan,nan,0.1,1.0,20.0,10 V,1.0,False,1
31.5168,0.0009600000000000003,1e-05,0.1697611,176834.4791666666,182570.0,0.0018257,nan,nan,nan,nan,0.1,1.0,20.0,10 V,1.0,False,1
31.5592,0.001,1e-05,0.1768222,176822.2,179270.0,0.0017927,nan,nan,nan,nan,0.1,1.0,20.0,10 V,1.0,False,1
31.6016,0.00095,1e-05,0.1680014,176843.57894736843,181470.0,0.0018147,nan,nan,nan,nan,0.1,1.0,20.0,10 V,1.0,False,1
31.6441,0.0009,1e-05,0.1591586,176842.8888888889,183670.0,0.0018367,nan,nan,nan,nan,0.1,1.0,20.0,10 V,1.0,False,1
31.6865,0.00085,1e-05,0.1503929,176932.82352941175,183670.0,0.0018367,nan,nan,nan,nan,0.1,1.0,20.0,10 V,1.0,False,1
31.7289,0.0007999999999999999,1e-05,0.1415831,176978.875,181470.0,0.0018147,nan,nan,nan,nan,0.1,1.0,20.0,10 V,1.0,False,1
31.7714,0.0007499999999999999,1e-05,0.1326964,176928.53333333335,178170.0,0.0017817,nan,nan,nan,nan,0.1,1.0,20.0,10 V,1.0,False,1
31.8138,0.0006999999999999999,1e-05,0.1239306,177043.71428571432,180370.0,0.0018037,nan,nan,nan,nan,0.1,1.0,20.0,10 V,1.0,False,1
31.8562,0.0006499999999999999,1e-05,0.1150548,177007.38461538462,179270.0,0.0017927,nan,nan,nan,nan,0.1,1.0,20.0,10 V,1.0,False,1
31.8986,0.0005999999999999998,1e-05,0.1062781,177130.16666666672,180370.0,0.0018037,nan,nan,nan,nan,0.1,1.0,20.0,10 V,1.0,False,1
31.9410,0.0005499999999999998,1e-05,0.0973913,177075.09090909097,180370.0,0.0018037,nan,nan,nan,nan,0.1,1.0,20.0,10 V,1.0,False,1
31.9835,0.0004999999999999998,1e-05,0.0885816,177163.20000000007,179270.0,0.0017927,nan,nan,nan,nan,0.1,1.0,20.0,10 V,1.0,False,1
32.0258,0.00044999999999999977,1e-05,0.0796508,177001.77777777787,181470.0,0.0018147,nan,nan,nan,nan,0.1,1.0,20.0,10 V,1.0,False,1
32.0682,0.00039999999999999975,1e-05,0.070896,177240.00000000012,185870.0,0.0018587,nan,nan,nan,nan,0.1,1.0,20.0,10 V,1.0,False,1
32.1107,0.0003499999999999997,1e-05,0.0620203,177200.85714285728,179270.0,0.0017927,nan,nan,nan,nan,0.1,1.0,20.0,10 V,1.0,False,1
32.1530,0.0002999999999999997,1e-05,0.0531445,177148.3333333335,179270.0,0.0017927,nan,nan,nan,nan,0.1,1.0,20.0,10 V,1.0,False,1
32.1955,0.0002499999999999997,1e-05,0.0442798,177119.20000000024,180370.0,0.0018037,nan,nan,nan,nan,0.1,1.0,20.0,10 V,1.0,False,1
32.2379,0.00019999999999999968,1e-05,0.035514,177570.00000000026,180370.0,0.0018037,nan,nan,nan,nan,0.1,1.0,20.0,10 V,1.0,False,1
32.2803,0.0001499999999999997,1e-05,0.0265833,177222.00000000035,181470.0,0.0018147,nan,nan,nan,nan,0.1,1.0,20.0,10 V,1.0,False,1
32.3227,9.999999999999969e-05,1e-05,0.0177295,177295.00000000052,179270.0,0.0017927,nan,nan,nan,nan,0.1,1.0,20.0,10 V,1.0,False,1
32.3652,4.999999999999969e-05,1e-05,0.0088868,177736.0000000011,179270.0,0.0017927,nan,nan,nan,nan,0.1,1.0,20.0,10 V,1.0,False,1
32.4076,-1e-05,1e-05,-0.0016938,169380.0,178170.0,0.0017817,nan,nan,nan,nan,0.1,1.0,20.0,10 V,1.0,False,1
32.4501,-6e-05,1e-05,-0.0105475,175791.66666666663,182570.0,0.0018257,nan,nan,nan,nan,0.1,1.0,20.0,10 V,1.0,False,1
32.4926,-0.00011,1e-05,-0.0194123,176475.45454545453,179270.0,0.0017927,nan,nan,nan,nan,0.1,1.0,20.0,10 V,1.0,False,1
32.5351,-0.00016,1e-05,-0.028233,176456.25,182570.0,0.0018257,nan,nan,nan,nan,0.1,1.0,20.0,10 V,1.0,False,1
32.5776,-0.00021,1e-05,-0.0370868,176603.80952380953,183670.0,0.0018367,nan,nan,nan,nan,0.1,1.0,20.0,10 V,1.0,False,1
32.6201,-0.00026000000000000003,1e-05,-0.0459515,176736.5384615384,180370.0,0.0018037,nan,nan,nan,nan,0.1,1.0,20.0,10 V,1.0,False,1
32.6626,-0.00031000000000000005,1e-05,-0.0547833,176720.32258064512,179270.0,0.0017927,nan,nan,nan,nan,0.1,1.0,20.0,10 V,1.0,False,1
32.7051,-0.0003600000000000001,1e-05,-0.0636591,176830.83333333328,179270.0,0.0017927,nan,nan,nan,nan,0.1,1.0,20.0,10 V,1.0,False,1
32.7476,-0.0004100000000000001,1e-05,-0.0724468,176699.51219512193,181470.0,0.0018147,nan,nan,nan,nan,0.1,1.0,20.0,10 V,1.0,False,1
32.7901,-0.0004600000000000001,1e-05,-0.0813006,176740.43478260865,180370.0,0.0018037,nan,nan,nan,nan,0.1,1.0,20.0,10 V,1.0,False,1
32.8327,-0.0005100000000000001,1e-05,-0.0901873,176837.84313725482,182570.0,0.0018257,nan,nan,nan,nan,0.1,1.0,20.0,10 V,1.0,False,1
32.8752,-0.0005600000000000002,1e-05,-0.0990193,176820.17857142852,180370.0,0.0018037,nan,nan,nan,nan,0.1,1.0,20.0,10 V,1.0,False,1
32.9178,-0.0006100000000000002,1e-05,-0.1078291,176769.01639344255,180370.0,0.0018037,nan,nan,nan,nan,0.1,1.0,20.0,10 V,1.0,False,1
32.9602,-0.0006600000000000002,1e-05,-0.1166278,176708.7878787878,179270.0,0.0017927,nan,nan,nan,nan,0.1,1.0,20.0,10 V,1.0,False,1
33.0026,-0.0007100000000000002,1e-05,-0.1254486,176688.16901408441,181470.0,0.0018147,nan,nan,nan,nan,0.1,1.0,20.0,10 V,1.0,False,1
33.0451,-0.0007600000000000003,1e-05,-0.1342803,176684.60526315783,182570.0,0.0018257,nan,nan,nan,nan,0.1,1.0,20.0,10 V,1.0,False,1
33.0876,-0.0008100000000000003,1e-05,-0.1431011,176668.02469135798,180370.0,0.0018037,nan,nan,nan,nan,0.1,1.0,20.0,10 V,1.0,False,1
33.1298,-0.0008600000000000003,1e-05,-0.1518999,176627.79069767435,181470.0,0.0018147,nan,nan,nan,nan,0.1,1.0,20.0,10 V,1.0,False,1
33.3192,-0.0009600000000000003,1e-05,-0.1695194,176582.70833333326,178170.0,0.0017817,nan,nan,nan,nan,0.1,1.0,20.0,10 V,1.0,False,1
33.3618,-0.001,1e-05,-0.1765474,176547.4,179270.0,0.0017927,nan,nan,nan,nan,0.1,1.0,20.0,10 V,1.0,False,1
33.4042,-0.00095,1e-05,-0.1678036,176635.36842105264,181470.0,0.0018147,nan,nan,nan,nan,0.1,1.0,20.0,10 V,1.0,False,1
33.4466,-0.0009,1e-05,-0.1589829,176647.6666666667,179270.0,0.0017927,nan,nan,nan,nan,0.1,1.0,20.0,10 V,1.0,False,1
33.4891,-0.00085,1e-05,-0.1502061,176713.05882352943,180370.0,0.0018037,nan,nan,nan,nan,0.1,1.0,20.0,10 V,1.0,False,1
33.5316,-0.0007999999999999999,1e-05,-0.1414293,176786.62500000003,180370.0,0.0018037,nan,nan,nan,nan,0.1,1.0,20.0,10 V,1.0,False,1
33.5740,-0.0007499999999999999,1e-05,-0.1325426,176723.4666666667,179270.0,0.0017927,nan,nan,nan,nan,0.1,1.0,20.0,10 V,1.0,False,1
33.6166,-0.0006999999999999999,1e-05,-0.1238098,176871.1428571429,183670.0,0.0018367,nan,nan,nan,nan,0.1,1.0,20.0,10 V,1.0,False,1
33.6591,-0.0006499999999999999,1e-05,-0.114967,176872.30769230772,178170.0,0.0017817,nan,nan,nan,nan,0.1,1.0,20.0,10 V,1.0,False,1
33.7014,-0.0005999999999999998,1e-05,-0.1061683,176947.1666666667,178170.0,0.0017817,nan,nan,nan,nan,0.1,1.0,20.0,10 V,1.0,False,1
33.7440,-0.0005499999999999998,1e-05,-0.0973363,176975.09090909097,182570.0,0.0018257,nan,nan,nan,nan,0.1,1.0,20.0,10 V,1.0,False,1
33.7864,-0.0004999999999999998,1e-05,-0.0885376,177075.20000000007,181470.0,0.0018147,nan,nan,nan,nan,0.1,1.0,20.0,10 V,1.0,False,1
33.8288,-0.00044999999999999977,1e-05,-0.0796838,177075.1111111112,180370.0,0.0018037,nan,nan,nan,nan,0.1,1.0,20.0,10 V,1.0,False,1
33.8713,-0.00039999999999999975,1e-05,-0.0708081,177020.2500000001,180370.0,0.0018037,nan,nan,nan,nan,0.1,1.0,20.0,10 V,1.0,False,1
33.9137,-0.0003499999999999997,1e-05,-0.0619763,177075.142857143,183670.0,0.0018367,nan,nan,nan,nan,0.1,1.0,20.0,10 V,1.0,False,1
33.9560,-0.0002999999999999997,1e-05,-0.0531115,177038.3333333335,179270.0,0.0017927,nan,nan,nan,nan,0.1,1.0,20.0,10 V,1.0,False,1
33.9982,-0.0002499999999999997,1e-05,-0.0442688,177075.20000000022,182570.0,0.0018257,nan,nan,nan,nan,0.1,1.0,20.0,10 V,1.0,False,1
34.0406,-0.00019999999999999968,1e-05,-0.035404,177020.00000000026,181470.0,0.0018147,nan,nan,nan,nan,0.1,1.0,20.0,10 V,1.0,False,1
34.0830,-0.0001499999999999997,1e-05,-0.0265283,176855.3333333337,182570.0,0.0018257,nan,nan,nan,nan,0.1,1.0,20.0,10 V,1.0,False,1
34.1254,-9.999999999999969e-05,1e-05,-0.0176525,176525.00000000055,177080.0,0.0017708,nan,nan,nan,nan,0.1,1.0,20.0,10 V,1.0,False,1
34.1679,-4.999999999999969e-05,1e-05,-0.0087768,175536.00000000108,179270.0,0.0017927,nan,nan,nan,nan,0.1,1.0,20.0,10 V,1.0,False,1
34.2102,1e-05,1e-05,0.0018037,180370.0,179270.0,0.0017927,nan,nan,nan,nan,0.1,1.0,20.0,10 V,1.0,False,1
34.2525,6e-05,1e-05,0.0106685,177808.33333333328,179270.0,0.0017927,nan,nan,nan,nan,0.1,1.0,20.0,10 V,1.0,False,1
34.2948,0.00011,0.0001,0.0195663,177875.45454545453,177735.0,0.0177735,nan,nan,nan,nan,0.1,1.0,20.0,10 V,1.0,False,1
34.3371,0.00016,0.0001,0.028453,177831.25,177954.99999999997,0.0177955,nan,nan,nan,nan,0.1,1.0,20.0,10 V,1.0,False,1
34.3796,0.00021,0.0001,0.0373068,177651.42857142858,177735.0,0.0177735,nan,nan,nan,nan,0.1,1.0,20.0,10 V,1.0,False,1
34.4220,0.00026000000000000003,0.0001,0.0461715,177582.69230769225,177625.0,0.0177625,nan,nan,nan,nan,0.1,1.0,20.0,10 V,1.0,False,1
34.4644,0.00031000000000000005,0.0001,0.0550803,177678.38709677415,177845.0,0.0177845,nan,nan,nan,nan,0.1,1.0,20.0,10 V,1.0,False,1
34.5069,0.0003600000000000001,0.0001,0.063956,177655.5555555555,177954.99999999997,0.0177955,nan,nan,nan,nan,0.1,1.0,20.0,10 V,1.0,False,1
34.5493,0.0004100000000000001,0.0001,0.0728428,177665.3658536585,178064.99999999997,0.0178065,nan,nan,nan,nan,0.1,1.0,20.0,10 V,1.0,False,1
34.5916,0.0004600000000000001,0.0001,0.0817075,177624.99999999994,177845.0,0.0177845,nan,nan,nan,nan,0.1,1.0,20.0,10 V,1.0,False,1
34.6340,0.0005100000000000001,0.0001,0.0906163,177679.01960784307,177294.99999999997,0.0177295,nan,nan,nan,nan,0.1,1.0,20.0,10 V,1.0,False,1
34.6764,0.0005600000000000002,0.0001,0.099536,177742.8571428571,177845.0,0.0177845,nan,nan,nan,nan,0.1,1.0,20.0,10 V,1.0,False,1
34.7186,0.0006100000000000002,0.0001,0.1084338,177760.3278688524,178064.99999999997,0.0178065,nan,nan,nan,nan,0.1,1.0,20.0,10 V,1.0,False,1
34.7610,0.0006600000000000002,0.0001,0.1172655,177674.9999999999,177954.99999999997,0.0177955,nan,nan,nan,nan,0.1,1.0,20.0,10 V,1.0,False,1
34.8034,0.0007100000000000002,0.0001,0.1261303,177648.30985915486,177514.99999999997,0.0177515,nan,nan,nan,nan,0.1,1.0,20.0,10 V,1.0,False,1
34.8459,0.0007600000000000003,0.0001,0.134962,177581.57894736837,178174.99999999997,0.0178175,nan,nan,nan,nan,0.1,1.0,20.0,10 V,1.0,False,1
34.8883,0.0008100000000000003,0.0001,0.1438928,177645.43209876536,177845.0,0.0177845,nan,nan,nan,nan,0.1,1.0,20.0,10 V,1.0,False,1
34.9307,0.0008600000000000003,0.0001,0.1527025,177561.04651162782,177954.99999999997,0.0177955,nan,nan,nan,nan,0.1,1.0,20.0,10 V,1.0,False,1
34.9730,0.0009100000000000003,0.0001,0.1615343,177510.2197802197,177845.0,0.0177845,nan,nan,nan,nan,0.1,1.0,20.0,10 V,1.0,False,1
35.0155,0.0009600000000000003,0.0001,0.1704651,177567.81249999994,178064.99999999997,0.0178065,nan,nan,nan,nan,0.1,1.0,20.0,10 V,1.0,False,1
35.0578,0.0010100000000000003,0.0001,0.1793078,177532.47524752468,177954.99999999997,0.0177955,nan,nan,nan,nan,0.1,1.0,20.0,10 V,1.0,False,1
35.1002,0.0010600000000000002,0.0001,0.1881726,177521.32075471693,177954.99999999997,0.0177955,nan,nan,nan,nan,0.1,1.0,20.0,10 V,1.0,False,1
35.1427,0.00111,0.0001,0.1969163,177402.07207207204,177954.99999999997,0.0177955,nan,nan,nan,nan,0.1,1.0,20.0,10 V,1.0,False,1
35.1851,0.00116,0.0001,0.2058471,177454.39655172412,177845.0,0.0177845,nan,nan,nan,nan,0.1,1.0,20.0,10 V,1.0,False,1
35.2274,0.00121,0.0001,0.2145691,177329.83471074383,178395.0,0.0178395,nan,nan,nan,nan,0.1,1.0,20.0,10 V,1.0,False,1
35.2695,0.0012599999999999998,0.0001,0.2234888,177372.06349206352,178174.99999999997,0.0178175,nan,nan,nan,nan,0.1,1.0,20.0,10 V,1.0,False,1
35.3117,0.0013099999999999997,0.0001,0.2323866,177394.3511450382,178174.99999999997,0.0178175,nan,nan,nan,nan,0.1,1.0,20.0,10 V,1.0,False,1
35.3541,0.0013599999999999997,0.0001,0.2412073,177358.30882352946,178504.99999999997,0.0178505,nan,nan,nan,nan,0.1,1.0,20.0,10 V,1.0,False,1
35.3965,0.0014099999999999996,0.0001,0.2500501,177340.49645390076,178064.99999999997,0.0178065,nan,nan,nan,nan,0.1,1.0,20.0,10 V,1.0,False,1
35.4389,0.0014599999999999995,0.0001,0.2588378,177286.1643835617,178174.99999999997,0.0178175,nan,nan,nan,nan,0.1,1.0,20.0,10 V,1.0,False,1
35.4813,0.0015099999999999994,0.0001,0.2676696,177264.63576158945,178064.99999999997,0.0178065,nan,nan,nan,nan,0.1,1.0,20.0,10 V,1.0,False,1
35.5237,0.0015599999999999993,0.0001,0.2765563,177279.67948717956,177954.99999999997,0.0177955,nan,nan,nan,nan,0.1,1.0,20.0,10 V,1.0,False,1
35.5661,0.0016099999999999992,0.0001,0.2852231,177157.2049689442,178285.0,0.0178285,nan,nan,nan,nan,0.1,1.0,20.0,10 V,1.0,False,1
35.6085,0.0016599999999999991,0.0001,0.2940219,177121.6265060242,178285.0,0.0178285,nan,nan,nan,nan,0.1,1.0,20.0,10 V,1.0,False,1
35.6509,0.001709999999999999,0.0001,0.3026667,176998.0701754387,178174.99999999997,0.0178175,nan,nan,nan,nan,0.1,1.0,20.0,10 V,1.0,False,1
35.6933,0.001759999999999999,0.0001,0.3115864,177037.72727272735,178285.0,0.0178285,nan,nan,nan,nan,0.1,1.0,20.0,10 V,1.0,False,1
35.7357,0.001809999999999999,0.0001,0.3203082,176965.85635359125,177954.99999999997,0.0177955,nan,nan,nan,nan,0.1,1.0,20.0,10 V,1.0,False,1
35.7782,0.0018599999999999988,0.0001,0.329052,176909.67741935494,178395.0,0.0178395,nan,nan,nan,nan,0.1,1.0,20.0,10 V,1.0,False,1
35.8206,0.0019099999999999987,0.0001,0.3377737,176844.8691099478,178064.99999999997,0.0178065,nan,nan,nan,nan,0.1,1.0,20.0,10 V,1.0,False,1
35.8629,0.0019599999999999986,0.0001,0.3465835,176828.31632653074,178395.0,0.0178395,nan,nan,nan,nan,0.1,1.0,20.0,10 V,1.0,False,1
35.9050,0.0020099999999999988,0.0001,0.3552833,176757.8606965175,178174.99999999997,0.0178175,nan,nan,nan,nan,0.1,1.0,20.0,10 V,1.0,False,1
35.9470,0.002059999999999999,0.0001,0.3639171,176658.78640776707,178174.99999999997,0.0178175,nan,nan,nan,nan,0.1,1.0,20.0,10 V,1.0,False,1
35.9892,0.002109999999999999,0.0001,0.3725289,176553.98104265408,178724.99999999997,0.0178725,nan,nan,nan,nan,0.1,1.0,20.0,10 V,1.0,False,1
36.0316,0.002159999999999999,0.0001,0.3813936,176571.11111111118,178504.99999999997,0.0178505,nan,nan,nan,nan,0.1,1.0,20.0,10 V,1.0,False,1
36.0739,0.0022099999999999993,0.0001,0.3899834,176463.076923077,178285.0,0.0178285,nan,nan,nan,nan,0.1,1.0,20.0,10 V,1.0,False,1
36.1162,0.0022599999999999994,0.0001,0.3988042,176462.03539823013,178064.99999999997,0.0178065,nan,nan,nan,nan,0.1,1.0,20.0,10 V,1.0,False,1
36.1586,0.0023099999999999996,0.0001,0.4075039,176408.61471861476,178174.99999999997,0.0178175,nan,nan,nan,nan,0.1,1.0,20.0,10 V,1.0,False,1
36.2010,0.0023599999999999997,0.0001,0.4161817,176348.1779661017,178504.99999999997,0.0178505,nan,nan,nan,nan,0.1,1.0,20.0,10 V,1.0,False,1
36.2433,0.00241,0.0001,0.4249807,176340.53941908714,178395.0,0.0178395,nan,nan,nan,nan,0.1,1.0,20.0,10 V,1.0,False,1
36.2857,0.00246,0.0001,0.4336365,176274.99999999997,178724.99999999997,0.0178725,nan,nan,nan,nan,0.1,1.0,20.0,10 V,1.0,False,1
36.3281,0.00251,0.0001,0.4423912,176251.47410358564,178395.0,0.0178395,nan,nan,nan,nan,0.1,1.0,20.0,10 V,1.0,False,1
36.3705,0.00256,0.0001,0.451003,176173.046875,178395.0,0.0178395,nan,nan,nan,nan,0.1,1.0,20.0,10 V,1.0,False,1
36.4128,0.0026100000000000003,0.0001,0.4596918,176127.12643678157,178395.0,0.0178395,nan,nan,nan,nan,0.1,1.0,20.0,10 V,1.0,False,1
36.4552,0.0026600000000000005,0.0001,0.4683916,176087.06766917292,178504.99999999997,0.0178505,nan,nan,nan,nan,0.1,1.0,20.0,10 V,1.0,False,1
36.4975,0.0027100000000000006,0.0001,0.4769484,175995.71955719552,178395.0,0.0178395,nan,nan,nan,nan,0.1,1.0,20.0,10 V,1.0,False,1
36.5400,0.0027600000000000007,0.0001,0.4855712,175931.5942028985,178614.99999999997,0.0178615,nan,nan,nan,nan,0.1,1.0,20.0,10 V,1.0,False,1
36.5824,0.002810000000000001,0.0001,0.494249,175889.3238434163,178174.99999999997,0.0178175,nan,nan,nan,nan,0.1,1.0,20.0,10 V,1.0,False,1
36.6246,0.002860000000000001,0.0001,0.5029157,175844.65034965027,178285.0,0.0178285,nan,nan,nan,nan,0.1,1.0,20.0,10 V,1.0,False,1
36.6671,0.002910000000000001,0.0001,0.5115715,175797.76632302397,178504.99999999997,0.0178505,nan,nan,nan,nan,0.1,1.0,20.0,10 V,1.0,False,1
36.7093,0.0029600000000000013,0.0001,0.5201283,175719.02027027018,178834.99999999997,0.0178835,nan,nan,nan,nan,0.1,1.0,20.0,10 V,1.0,False,1
36.7515,0.0030100000000000014,0.0001,0.5286301,175624.61794019927,178504.99999999997,0.0178505,nan,nan,nan,nan,0.1,1.0,20.0,10 V,1.0,False,1
36.7937,0.0030600000000000015,0.0001,0.5373849,175615.98039215678,178395.0,0.0178395,nan,nan,nan,nan,0.1,1.0,20.0,10 V,1.0,False,1
36.8361,0.0031100000000000017,0.0001,0.5459087,175533.34405144685,178724.99999999997,0.0178725,nan,nan,nan,nan,0.1,1.0,20.0,10 V,1.0,False,1
36.8783,0.0031600000000000018,0.0001,0.5546085,175509.01898734164,178504.99999999997,0.0178505,nan,nan,nan,nan,0.1,1.0,20.0,10 V,1.0,False,1
36.9207,0.003210000000000002,0.0001,0.5632093,175454.61059190021,178724.99999999997,0.0178725,nan,nan,nan,nan,0.1,1.0,20.0,10 V,1.0,False,1
36.9630,0.003260000000000002,0.0001,0.5715351,175317.5153374232,178504.99999999997,0.0178505,nan,nan,nan,nan,0.1,1.0,20.0,10 V,1.0,False,1
37.0054,0.003310000000000002,0.0001,0.5801579,175274.29003021136,178504.99999999997,0.0178505,nan,nan,nan,nan,0.1,1.0,20.0,10 V,1.0,False,1
37.0478,0.0033600000000000023,0.0001,0.5888357,175248.7202380951,178724.99999999997,0.0178725,nan,nan,nan,nan,0.1,1.0,20.0,10 V,1.0,False,1
37.0902,0.0034100000000000024,0.0001,0.5974255,175198.0938416421,178834.99999999997,0.0178835,nan,nan,nan,nan,0.1,1.0,20.0,10 V,1.0,False,1
37.1326,0.0034600000000000026,0.0001,0.6057623,175075.80924855478,178945.0,0.0178945,nan,nan,nan,nan,0.1,1.0,20.0,10 V,1.0,False,1
37.1750,0.0035100000000000027,0.0001,0.6145171,175076.09686609675,178945.0,0.0178945,nan,nan,nan,nan,0.1,1.0,20.0,10 V,1.0,False,1
37.2174,0.003560000000000003,0.0001,0.6231069,175030.02808988752,178614.99999999997,0.0178615,nan,nan,nan,nan,0.1,1.0,20.0,10 V,1.0,False,1
37.2598,0.003610000000000003,0.0001,0.631499,174930.47091412728,178504.99999999997,0.0178505,nan,nan,nan,nan,0.1,1.0,20.0,10 V,1.0,False,1
37.3023,0.003660000000000003,0.0001,0.6400118,174866.61202185779,178945.0,0.0178945,nan,nan,nan,nan,0.1,1.0,20.0,10 V,1.0,False,1
37.3447,0.0037100000000000032,0.0001,0.6483156,174748.1401617249,178724.99999999997,0.0178725,nan,nan,nan,nan,0.1,1.0,20.0,10 V,1.0,False,1
37.3871,0.0037600000000000034,0.0001,0.6569274,174714.73404255306,178614.99999999997,0.0178615,nan,nan,nan,nan,0.1,1.0,20.0,10 V,1.0,False,1
37.4295,0.0038100000000000035,0.0001,0.6654072,174647.55905511792,179055.0,0.0179055,nan,nan,nan,nan,0.1,1.0,20.0,10 V,1.0,False,1
37.4719,0.0038600000000000036,0.0001,0.674085,174633.419689119,178945.0,0.0178945,nan,nan,nan,nan,0.1,1.0,20.0,10 V,1.0,False,1
37.5143,0.003910000000000004,0.0001,0.6823998,174526.80306905354,179055.0,0.0179055,nan,nan,nan,nan,0.1,1.0,20.0,10 V,1.0,False,1
37.5566,0.0039600000000000034,0.0001,0.6909126,174472.87878787864,178724.99999999997,0.0178725,nan,nan,nan,nan,0.1,1.0,20.0,10 V,1.0,False,1
37.5989,0.004010000000000003,0.0001,0.6992935,174387.4064837904,178834.99999999997,0.0178835,nan,nan,nan,nan,0.1,1.0,20.0,10 V,1.0,False,1
37.6412,0.004060000000000003,0.0001,0.7078722,174352.75862068954,178834.99999999997,0.0178835,nan,nan,nan,nan,0.1,1.0,20.0,10 V,1.0,False,1
37.6835,0.0041100000000000025,0.0001,0.7161981,174257.4452554743,178834.99999999997,0.0178835,nan,nan,nan,nan,0.1,1.0,20.0,10 V,1.0,False,1
37.7259,0.004160000000000002,0.0001,0.7247659,174222.5721153845,178945.0,0.0178945,nan,nan,nan,nan,0.1,1.0,20.0,10 V,1.0,False,1
37.7682,0.004210000000000002,0.0001,0.7331137,174136.2707838479,179164.99999999997,0.0179165,nan,nan,nan,nan,0.1,1.0,20.0,10 V,1.0,False,1
37.8106,0.004260000000000002,0.0001,0.7414835,174057.15962441306,178724.99999999997,0.0178725,nan,nan,nan,nan,0.1,1.0,20.0,10 V,1.0,False,1
37.8529,0.004310000000000001,0.0001,0.7499413,174000.3016241299,178614.99999999997,0.0178615,nan,nan,nan,nan,0.1,1.0,20.0,10 V,1.0,False,1
37.8951,0.004360000000000001,0.0001,0.7583332,173929.63302752288,178945.0,0.0178945,nan,nan,nan,nan,0.1,1.0,20.0,10 V,1.0,False,1
37.9374,0.004410000000000001,0.0001,0.766747,173865.53287981855,179384.99999999997,0.0179385,nan,nan,nan,nan,0.1,1.0,20.0,10 V,1.0,False,1
37.9798,0.00446,0.0001,0.7751278,173795.47085201793,179274.99999999997,0.0179275,nan,nan,nan,nan,0.1,1.0,20.0,10 V,1.0,False,1
38.0222,0.00451,0.0001,0.7835636,173739.15742793793,179384.99999999997,0.0179385,nan,nan,nan,nan,0.1,1.0,20.0,10 V,1.0,False,1
38.0646,0.00456,0.0001,0.7919004,173662.36842105264,178945.0,0.0178945,nan,nan,nan,nan,0.1,1.0,20.0,10 V,1.0,False,1
38.1069,0.0046099999999999995,0.0001,0.8003033,173601.5835140998,179055.0,0.0179055,nan,nan,nan,nan,0.1,1.0,20.0,10 V,1.0,False,1
38.1492,0.004659999999999999,0.0001,0.8087831,173558.6051502146,179055.0,0.0179055,nan,nan,nan,nan,0.1,1.0,20.0,10 V,1.0,False,1
38.1916,0.004709999999999999,0.0001,0.8169659,173453.4819532909,178834.99999999997,0.0178835,nan,nan,nan,nan,0.1,1.0,20.0,10 V,1.0,False,1
38.2339,0.004759999999999999,0.0001,0.8251818,173357.52100840342,179164.99999999997,0.0179165,nan,nan,nan,nan,0.1,1.0,20.0,10 V,1.0,False,1
38.2762,0.004809999999999998,0.0001,0.8336616,173318.41995842004,179164.99999999997,0.0179165,nan,nan,nan,nan,0.1,1.0,20.0,10 V,1.0,False,1
38.3185,0.004859999999999998,0.0001,0.8419436,173239.42386831282,178834.99999999997,0.0178835,nan,nan,nan,nan,0.1,1.0,20.0,10 V,1.0,False,1
38.3609,0.004909999999999998,0.0001,0.8502364,173164.2362525459,179164.99999999997,0.0179165,nan,nan,nan,nan,0.1,1.0,20.0,10 V,1.0,False,1
38.4033,0.004959999999999997,0.0001,0.8586393,173112.76209677427,179164.99999999997,0.0179165,nan,nan,nan,nan,0.1,1.0,20.0,10 V,1.0,False,1
38.4458,0.005009999999999997,0.0001,0.8669981,173053.512974052,178945.0,0.0178945,nan,nan,nan,nan,0.1,1.0,20.0,10 V,1.0,False,1
38.4881,0.005059999999999997,0.0001,0.8753899,173001.95652173922,179164.99999999997,0.0179165,nan,nan,nan,nan,0.1,1.0,20.0,10 V,1.0,False,1
38.5305,0.0051099999999999965,0.0001,0.8835618,172908.3757338553,179055.0,0.0179055,nan,nan,nan,nan,0.1,1.0,20.0,10 V,1.0,False,1
38.5726,0.005159999999999996,0.0001,0.8923825,172942.34496124042,179164.99999999997,0.0179165,nan,nan,nan,nan,0.1,1.0,20.0,10 V,1.0,False,1
38.6150,0.005209999999999996,0.0001,0.9005544,172851.1324376201,179164.99999999997,0.0179165,nan,nan,nan,nan,0.1,1.0,20.0,10 V,1.0,False,1
38.6575,0.005259999999999996,0.0001,0.9090672,172826.46387832714,179274.99999999997,0.0179275,nan,nan,nan,nan,0.1,1.0,20.0,10 V,1.0,False,1
38.6999,0.005309999999999995,0.0001,0.917404,172769.1148775896,179274.99999999997,0.0179275,nan,nan,nan,nan,0.1,1.0,20.0,10 V,1.0,False,1
38.7422,0.005359999999999995,0.0001,0.9254659,172661.54850746284,179164.99999999997,0.0179165,nan,nan,nan,nan,0.1,1.0,20.0,10 V,1.0,False,1
38.7847,0.005409999999999995,0.0001,0.9337807,172602.71719038833,179384.99999999997,0.0179385,nan,nan,nan,nan,0.1,1.0,20.0,10 V,1.0,False,1
38.8271,0.005459999999999994,0.0001,0.9419856,172524.83516483533,179384.99999999997,0.0179385,nan,nan,nan,nan,0.1,1.0,20.0,10 V,1.0,False,1
38.8696,0.005509999999999994,0.0001,0.9499925,172412.43194192398,179164.99999999997,0.0179165,nan,nan,nan,nan,0.1,1.0,20.0,10 V,1.0,False,1
38.9119,0.005559999999999994,0.0001,0.9586703,172422.7158273383,179384.99999999997,0.0179385,nan,nan,nan,nan,0.1,1.0,20.0,10 V,1.0,False,1
38.9543,0.0056099999999999935,0.0001,0.9666442,172307.3440285207,179384.99999999997,0.0179385,nan,nan,nan,nan,0.1,1.0,20.0,10 V,1.0,False,1
38.9966,0.005659999999999993,0.0001,0.974849,172234.80565371044,179495.0,0.0179495,nan,nan,nan,nan,0.1,1.0,20.0,10 V,1.0,False,1
39.0389,0.005709999999999993,0.0001,0.9835048,172242.5218914188,179495.0,0.0179495,nan,nan,nan,nan,0.1,1.0,20.0,10 V,1.0,False,1
39.0813,0.0057599999999999926,0.0001,0.9913687,172112.621527778,179384.99999999997,0.0179385,nan,nan,nan,nan,0.1,1.0,20.0,10 V,1.0,False,1
39.1238,0.005809999999999992,0.0001,0.9995186,172034.18244406217,178945.0,0.0178945,nan,nan,nan,nan,0.1,1.0,20.0,10 V,1.0,False,1
39.1660,0.005859999999999992,0.0001,1.0073715,171906.39931740638,179055.0,0.0179055,nan,nan,nan,nan,0.1,1.0,20.0,10 V,1.0,False,1
39.2084,0.005909999999999992,0.0001,1.0156753,171857.07275803748,179164.99999999997,0.0179165,nan,nan,nan,nan,0.1,1.0,20.0,10 V,1.0,False,1
39.2506,0.005959999999999991,0.0001,1.0239791,171808.5738255036,179384.99999999997,0.0179385,nan,nan,nan,nan,0.1,1.0,20.0,10 V,1.0,False,1
39.2927,0.006009999999999991,0.0001,1.032415,171782.86189683885,179934.99999999997,0.0179935,nan,nan,nan,nan,0.1,1.0,20.0,10 V,1.0,False,1
39.3351,0.006059999999999991,0.0001,1.0402239,171654.10891089134,179274.99999999997,0.0179275,nan,nan,nan,nan,0.1,1.0,20.0,10 V,1.0,False,1
39.3775,0.0061099999999999904,0.0001,1.0486489,171628.2978723407,179274.99999999997,0.0179275,nan,nan,nan,nan,0.1,1.0,20.0,10 V,1.0,False,1
39.4198,0.00615999999999999,0.0001,1.0568097,171560.0162337665,179274.99999999997,0.0179275,nan,nan,nan,nan,0.1,1.0,20.0,10 V,1.0,False,1
39.4621,0.00620999999999999,0.0001,1.0646626,171443.2528180357,178945.0,0.0178945,nan,nan,nan,nan,0.1,1.0,20.0,10 V,1.0,False,1
39.5045,0.0062599999999999895,0.0001,1.0731204,171424.9840255594,178945.0,0.0178945,nan,nan,nan,nan,0.1,1.0,20.0,10 V,1.0,False,1
39.5469,0.006309999999999989,0.0001,1.0810393,171321.6006339147,179384.99999999997,0.0179385,nan,nan,nan,nan,0.1,1.0,20.0,10 V,1.0,False,1
39.5894,0.006359999999999989,0.0001,1.0897061,171337.4371069185,179384.99999999997,0.0179385,nan,nan,nan,nan,0.1,1.0,20.0,10 V,1.0,False,1
39.6318,0.006409999999999989,0.0001,1.097867,171274.10296411885,179384.99999999997,0.0179385,nan,nan,nan,nan,0.1,1.0,20.0,10 V,1.0,False,1
39.6742,0.006459999999999988,0.0001,1.1065117,171286.64086687338,179384.99999999997,0.0179385,nan,nan,nan,nan,0.1,1.0,20.0,10 V,1.0,False,1
39.7166,0.006509999999999988,0.0001,1.1144086,171184.11674347188,179384.99999999997,0.0179385,nan,nan,nan,nan,0.1,1.0,20.0,10 V,1.0,False,1
39.7590,0.006559999999999988,0.0001,1.1228115,171160.28963414667,179715.0,0.0179715,nan,nan,nan,nan,0.1,1.0,20.0,10 V,1.0,False,1
39.8014,0.006609999999999987,0.0001,1.1308073,171075.23449319246,179495.0,0.0179495,nan,nan,nan,nan,0.1,1.0,20.0,10 V,1.0,False,1
39.8439,0.006659999999999987,0.0001,1.1392321,171055.8708708712,179495.0,0.0179495,nan,nan,nan,nan,0.1,1.0,20.0,10 V,1.0,False,1
39.8863,0.006709999999999987,0.0001,1.147327,170987.63040238485,179715.0,0.0179715,nan,nan,nan,nan,0.1,1.0,20.0,10 V,1.0,False,1
39.9287,0.0067599999999999865,0.0001,1.1556308,170951.30177514825,179495.0,0.0179495,nan,nan,nan,nan,0.1,1.0,20.0,10 V,1.0,False,1
39.9712,0.006809999999999986,0.0001,1.1636597,170875.13950073454,179605.0,0.0179605,nan,nan,nan,nan,0.1,1.0,20.0,10 V,1.0,False,1
40.0136,0.006859999999999986,0.0001,1.1719196,170833.76093294498,179384.99999999997,0.0179385,nan,nan,nan,nan,0.1,1.0,20.0,10 V,1.0,False,1
40.0560,0.006909999999999986,0.0001,1.1799704,170762.7206946458,179605.0,0.0179605,nan,nan,nan,nan,0.1,1.0,20.0,10 V,1.0,False,1
40.0984,0.006959999999999985,0.0001,1.1878233,170664.26724137968,179824.99999999997,0.0179825,nan,nan,nan,nan,0.1,1.0,20.0,10 V,1.0,False,1
40.1409,0.007009999999999985,0.0001,1.1959732,170609.58630527853,179715.0,0.0179715,nan,nan,nan,nan,0.1,1.0,20.0,10 V,1.0,False,1
40.1833,0.007059999999999985,0.0001,1.204046,170544.75920679924,179824.99999999997,0.0179825,nan,nan,nan,nan,0.1,1.0,20.0,10 V,1.0,False,1
40.2258,0.007109999999999984,0.0001,1.2119869,170462.29254571066,179824.99999999997,0.0179825,nan,nan,nan,nan,0.1,1.0,20.0,10 V,1.0,False,1
40.2681,0.007159999999999984,0.0001,1.2200158,170393.26815642498,179495.0,0.0179495,nan,nan,nan,nan,0.1,1.0,20.0,10 V,1.0,False,1
40.3105,0.007209999999999984,0.0001,1.2280117,170320.62413314875,179715.0,0.0179715,nan,nan,nan,nan,0.1,1.0,20.0,10 V,1.0,False,1
40.3530,0.0072599999999999835,0.0001,1.2359306,170238.37465564779,179495.0,0.0179495,nan,nan,nan,nan,0.1,1.0,20.0,10 V,1.0,False,1
40.3954,0.007309999999999983,0.0001,1.2444324,170236.990424077,179495.0,0.0179495,nan,nan,nan,nan,0.1,1.0,20.0,10 V,1.0,False,1
40.4378,0.007359999999999983,0.0001,1.2525052,170177.33695652214,179715.0,0.0179715,nan,nan,nan,nan,0.1,1.0,20.0,10 V,1.0,False,1
40.4802,0.007409999999999983,0.0001,1.2606114,170122.9959514174,179824.99999999997,0.0179825,nan,nan,nan,nan,0.1,1.0,20.0,10 V,1.0,False,1
40.5225,0.007459999999999982,0.0001,1.2684643,170035.428954424,179824.99999999997,0.0179825,nan,nan,nan,nan,0.1,1.0,20.0,10 V,1.0,False,1
40.5649,0.007509999999999982,0.0001,1.2768561,170020.78561917483,179824.99999999997,0.0179825,nan,nan,nan,nan,0.1,1.0,20.0,10 V,1.0,False,1
40.6073,0.007559999999999982,0.0001,1.284885,169958.33333333375,179934.99999999997,0.0179935,nan,nan,nan,nan,0.1,1.0,20.0,10 V,1.0,False,1
40.6497,0.007609999999999981,0.0001,1.2930238,169911.14323258912,179605.0,0.0179605,nan,nan,nan,nan,0.1,1.0,20.0,10 V,1.0,False,1
40.6921,0.007659999999999981,0.0001,1.3011077,169857.40208877326,180265.0,0.0180265,nan,nan,nan,nan,0.1,1.0,20.0,10 V,1.0,False,1
40.7346,0.007709999999999981,0.0001,1.3091696,169801.50453955945,179605.0,0.0179605,nan,nan,nan,nan,0.1,1.0,20.0,10 V,1.0,False,1
40.7768,0.0077599999999999805,0.0001,1.3169895,169715.14175257777,179824.99999999997,0.0179825,nan,nan,nan,nan,0.1,1.0,20.0,10 V,1.0,False,1
40.8193,0.00780999999999998,0.0001,1.3252933,169691.84379001323,180155.0,0.0180155,nan,nan,nan,nan,0.1,1.0,20.0,10 V,1.0,False,1
40.8618,0.00785999999999998,0.0001,1.3328492,169573.68956743044,179605.0,0.0179605,nan,nan,nan,nan,0.1,1.0,20.0,10 V,1.0,False,1
40.9042,0.00790999999999998,0.0001,1.3412741,169566.89001264263,180044.99999999997,0.0180045,nan,nan,nan,nan,0.1,1.0,20.0,10 V,1.0,False,1
40.9465,0.00795999999999998,0.0001,1.348808,169448.2412060306,180484.99999999997,0.0180485,nan,nan,nan,nan,0.1,1.0,20.0,10 V,1.0,False,1
40.9890,0.008009999999999979,0.0001,1.3573868,169461.5230961303,179934.99999999997,0.0179935,nan,nan,nan,nan,0.1,1.0,20.0,10 V,1.0,False,1
41.0313,0.008059999999999979,0.0001,1.3654049,169405.0744416878,179824.99999999997,0.0179825,nan,nan,nan,nan,0.1,1.0,20.0,10 V,1.0,False,1
41.0733,0.008109999999999978,0.0001,1.3732358,169326.23921085126,179715.0,0.0179715,nan,nan,nan,nan,0.1,1.0,20.0,10 V,1.0,False,1
41.1156,0.008159999999999978,0.0001,1.3813416,169282.0588235299,179495.0,0.0179495,nan,nan,nan,nan,0.1,1.0,20.0,10 V,1.0,False,1
41.1580,0.008209999999999978,0.0001,1.3898544,169287.99025578608,179824.99999999997,0.0179825,nan,nan,nan,nan,0.1,1.0,20.0,10 V,1.0,False,1
41.2004,0.008259999999999977,0.0001,1.3976303,169204.63680387457,179934.99999999997,0.0179935,nan,nan,nan,nan,0.1,1.0,20.0,10 V,1.0,False,1
41.2428,0.008309999999999977,0.0001,1.4055052,169134.19975932656,179934.99999999997,0.0179935,nan,nan,nan,nan,0.1,1.0,20.0,10 V,1.0,False,1
41.2853,0.008359999999999977,0.0001,1.4139521,169133.02631578993,180375.0,0.0180375,nan,nan,nan,nan,0.1,1.0,20.0,10 V,1.0,False,1
41.3277,0.008409999999999977,0.0001,1.421442,169018.07372176027,180265.0,0.0180265,nan,nan,nan,nan,0.1,1.0,20.0,10 V,1.0,False,1
41.3701,0.008459999999999976,0.0001,1.4293829,168957.78959810923,180155.0,0.0180155,nan,nan,nan,nan,0.1,1.0,20.0,10 V,1.0,False,1
41.4125,0.008509999999999976,0.0001,1.4374447,168912.4206815516,180155.0,0.0180155,nan,nan,nan,nan,0.1,1.0,20.0,10 V,1.0,False,1
41.4549,0.008559999999999976,0.0001,1.4452207,168834.1939252341,180044.99999999997,0.0180045,nan,nan,nan,nan,0.1,1.0,20.0,10 V,1.0,False,1
41.4974,0.008609999999999975,0.0001,1.4535355,168819.45412311316,180375.0,0.0180375,nan,nan,nan,nan,0.1,1.0,20.0,10 V,1.0,False,1
41.5398,0.008659999999999975,0.0001,1.4618393,168803.6143187072,180155.0,0.0180155,nan,nan,nan,nan,0.1,1.0,20.0,10 V,1.0,False,1
41.5821,0.008709999999999975,0.0001,1.4696703,168733.6739380028,180265.0,0.0180265,nan,nan,nan,nan,0.1,1.0,20.0,10 V,1.0,False,1
41.6246,0.008759999999999974,0.0001,1.4771383,168623.09360730642,180375.0,0.0180375,nan,nan,nan,nan,0.1,1.0,20.0,10 V,1.0,False,1
41.6670,0.008809999999999974,0.0001,1.4851671,168577.42338252033,180044.99999999997,0.0180045,nan,nan,nan,nan,0.1,1.0,20.0,10 V,1.0,False,1
41.7093,0.008859999999999974,0.0001,1.493108,168522.34762979732,180044.99999999997,0.0180045,nan,nan,nan,nan,0.1,1.0,20.0,10 V,1.0,False,1
41.7516,0.008909999999999973,0.0001,1.5015218,168520.96520763237,179934.99999999997,0.0179935,nan,nan,nan,nan,0.1,1.0,20.0,10 V,1.0,False,1
41.7940,0.008959999999999973,0.0001,1.5091108,168427.54464285763,180155.0,0.0180155,nan,nan,nan,nan,0.1,1.0,20.0,10 V,1.0,False,1
41.8364,0.009009999999999973,0.0001,1.5174146,168414.4950055499,180155.0,0.0180155,nan,nan,nan,nan,0.1,1.0,20.0,10 V,1.0,False,1
41.8788,0.009059999999999973,0.0001,1.5253445,168360.32008830074,180375.0,0.0180375,nan,nan,nan,nan,0.1,1.0,20.0,10 V,1.0,False,1
41.9213,0.009109999999999972,0.0001,1.5326695,168240.34028540115,179934.99999999997,0.0179935,nan,nan,nan,nan,0.1,1.0,20.0,10 V,1.0,False,1
41.9637,0.009159999999999972,0.0001,1.5409623,168227.32532751144,180044.99999999997,0.0180045,nan,nan,nan,nan,0.1,1.0,20.0,10 V,1.0,False,1
42.0062,0.009209999999999972,0.0001,1.5493321,168222.81216069544,180265.0,0.0180265,nan,nan,nan,nan,0.1,1.0,20.0,10 V,1.0,False,1
42.0486,0.009259999999999971,0.0001,1.5569981,168142.3434125275,179824.99999999997,0.0179825,nan,nan,nan,nan,0.1,1.0,20.0,10 V,1.0,False,1
42.0910,0.009309999999999971,0.0001,1.564609,168056.82062298653,180044.99999999997,0.0180045,nan,nan,nan,nan,0.1,1.0,20.0,10 V,1.0,False,1
42.1334,0.00935999999999997,0.0001,1.5726159,168014.51923076974,180815.0,0.0180815,nan,nan,nan,nan,0.1,1.0,20.0,10 V,1.0,False,1
42.1760,0.00940999999999997,0.0001,1.580436,167952.8161530292,179934.99999999997,0.0179935,nan,nan,nan,nan,0.1,1.0,20.0,10 V,1.0,False,1
42.2184,0.00945999999999997,0.0001,1.5877279,167835.93023255866,180265.0,0.0180265,nan,nan,nan,nan,0.1,1.0,20.0,10 V,1.0,False,1
42.2608,0.00950999999999997,0.0001,1.5958778,167810.49421661464,179934.99999999997,0.0179935,nan,nan,nan,nan,0.1,1.0,20.0,10 V,1.0,False,1
42.3031,0.00955999999999997,0.0001,1.6038957,167771.5167364022,180155.0,0.0180155,nan,nan,nan,nan,0.1,1.0,20.0,10 V,1.0,False,1
42.3454,0.00960999999999997,0.0001,1.6114626,167686.01456815872,179934.99999999997,0.0179935,nan,nan,nan,nan,0.1,1.0,20.0,10 V,1.0,False,1
42.3878,0.009659999999999969,0.0001,1.6192055,167619.61697722622,180484.99999999997,0.0180485,nan,nan,nan,nan,0.1,1.0,20.0,10 V,1.0,False,1
42.4303,0.009709999999999969,0.0001,1.6272234,167582.22451081415,180265.0,0.0180265,nan,nan,nan,nan,0.1,1.0,20.0,10 V,1.0,False,1
42.4727,0.009759999999999968,0.0001,1.6353842,167559.85655737758,180155.0,0.0180155,nan,nan,nan,nan,0.1,1.0,20.0,10 V,1.0,False,1
42.5151,0.009809999999999968,0.0001,1.6433911,167522.02854230432,180484.99999999997,0.0180485,nan,nan,nan,nan,0.1,1.0,20.0,10 V,1.0,False,1
42.5573,0.009859999999999968,0.0001,1.651464,167491.27789046708,180484.99999999997,0.0180485,nan,nan,nan,nan,0.1,1.0,20.0,10 V,1.0,False,1
42.5994,0.009909999999999967,0.0001,1.6588769,167394.23814329016,180044.99999999997,0.0180045,nan,nan,nan,nan,0.1,1.0,20.0,10 V,1.0,False,1
42.6415,0.009959999999999967,0.0001,1.6672028,167389.8393574303,180375.0,0.0180375,nan,nan,nan,nan,0.1,1.0,20.0,10 V,1.0,False,1
42.6836,0.01,0.0001,1.6735709,167357.09,180265.0,0.0180265,nan,nan,nan,nan,0.1,1.0,20.0,10 V,1.0,False,1
42.7260,0.00995,0.0001,1.6659489,167432.05025125627,180155.0,0.0180155,nan,nan,nan,nan,0.1,1.0,20.0,10 V,1.0,False,1
42.7684,0.0099,0.0001,1.6579311,167467.78787878787,180265.0,0.0180265,nan,nan,nan,nan,0.1,1.0,20.0,10 V,1.0,False,1
42.8108,0.009850000000000001,0.0001,1.6506061,167574.2233502538,179934.99999999997,0.0179935,nan,nan,nan,nan,0.1,1.0,20.0,10 V,1.0,False,1
42.8532,0.009800000000000001,0.0001,1.6428192,167634.61224489793,180484.99999999997,0.0180485,nan,nan,nan,nan,0.1,1.0,20.0,10 V,1.0,False,1
42.8955,0.009750000000000002,0.0001,1.6350433,167696.74871794868,180044.99999999997,0.0180045,nan,nan,nan,nan,0.1,1.0,20.0,10 V,1.0,False,1
42.9379,0.009700000000000002,0.0001,1.6273884,167771.99999999997,180375.0,0.0180375,nan,nan,nan,nan,0.1,1.0,20.0,10 V,1.0,False,1
42.9803,0.009650000000000002,0.0001,1.6197884,167853.72020725385,180265.0,0.0180265,nan,nan,nan,nan,0.1,1.0,20.0,10 V,1.0,False,1
43.0228,0.009600000000000003,0.0001,1.6120565,167922.55208333328,179934.99999999997,0.0179935,nan,nan,nan,nan,0.1,1.0,20.0,10 V,1.0,False,1
43.0652,0.009550000000000003,0.0001,1.6041706,167975.97905759155,180265.0,0.0180265,nan,nan,nan,nan,0.1,1.0,20.0,10 V,1.0,False,1
43.1076,0.009500000000000003,0.0001,1.5963177,168033.4421052631,180375.0,0.0180375,nan,nan,nan,nan,0.1,1.0,20.0,10 V,1.0,False,1
43.1500,0.009450000000000004,0.0001,1.5888938,168136.91005290995,180375.0,0.0180375,nan,nan,nan,nan,0.1,1.0,20.0,10 V,1.0,False,1
43.1924,0.009400000000000004,0.0001,1.5807329,168163.07446808502,180484.99999999997,0.0180485,nan,nan,nan,nan,0.1,1.0,20.0,10 V,1.0,False,1
43.2348,0.009350000000000004,0.0001,1.5731,168245.98930481277,179934.99999999997,0.0179935,nan,nan,nan,nan,0.1,1.0,20.0,10 V,1.0,False,1
43.2773,0.009300000000000004,0.0001,1.5654449,168327.40860215045,180375.0,0.0180375,nan,nan,nan,nan,0.1,1.0,20.0,10 V,1.0,False,1
43.3197,0.009250000000000005,0.0001,1.55768,168397.83783783775,180265.0,0.0180265,nan,nan,nan,nan,0.1,1.0,20.0,10 V,1.0,False,1
43.3622,0.009200000000000005,0.0001,1.5496951,168445.11956521732,180375.0,0.0180375,nan,nan,nan,nan,0.1,1.0,20.0,10 V,1.0,False,1
43.4046,0.009150000000000005,0.0001,1.5422381,168550.6120218578,180265.0,0.0180265,nan,nan,nan,nan,0.1,1.0,20.0,10 V,1.0,False,1
43.4470,0.009100000000000006,0.0001,1.5341213,168584.75824175813,180484.99999999997,0.0180485,nan,nan,nan,nan,0.1,1.0,20.0,10 V,1.0,False,1
43.4896,0.009050000000000006,0.0001,1.5271482,168745.65745856342,180265.0,0.0180265,nan,nan,nan,nan,0.1,1.0,20.0,10 V,1.0,False,1
43.5320,0.009000000000000006,0.0001,1.5191964,168799.59999999986,180044.99999999997,0.0180045,nan,nan,nan,nan,0.1,1.0,20.0,10 V,1.0,False,1
43.5744,0.008950000000000007,0.0001,1.5111455,168843.07262569817,180484.99999999997,0.0180485,nan,nan,nan,nan,0.1,1.0,20.0,10 V,1.0,False,1
43.6169,0.008900000000000007,0.0001,1.5033256,168912.98876404483,180704.99999999997,0.0180705,nan,nan,nan,nan,0.1,1.0,20.0,10 V,1.0,False,1
43.6593,0.008850000000000007,0.0001,1.4956487,168999.8531073445,180484.99999999997,0.0180485,nan,nan,nan,nan,0.1,1.0,20.0,10 V,1.0,False,1
43.7016,0.008800000000000007,0.0001,1.4877298,169060.2045454544,180375.0,0.0180375,nan,nan,nan,nan,0.1,1.0,20.0,10 V,1.0,False,1
43.7440,0.008750000000000008,0.0001,1.4799209,169133.817142857,180594.99999999997,0.0180595,nan,nan,nan,nan,0.1,1.0,20.0,10 V,1.0,False,1
43.7864,0.008700000000000008,0.0001,1.472178,169215.86206896536,180265.0,0.0180265,nan,nan,nan,nan,0.1,1.0,20.0,10 V,1.0,False,1
43.8286,0.008650000000000008,0.0001,1.464171,169268.32369942177,180704.99999999997,0.0180705,nan,nan,nan,nan,0.1,1.0,20.0,10 V,1.0,False,1
43.8711,0.008600000000000009,0.0001,1.4565161,169362.33720930215,180044.99999999997,0.0180045,nan,nan,nan,nan,0.1,1.0,20.0,10 V,1.0,False,1
43.9135,0.008550000000000009,0.0001,1.4483992,169403.4152046782,180375.0,0.0180375,nan,nan,nan,nan,0.1,1.0,20.0,10 V,1.0,False,1
43.9559,0.00850000000000001,0.0001,1.4411182,169543.31764705863,180375.0,0.0180375,nan,nan,nan,nan,0.1,1.0,20.0,10 V,1.0,False,1
43.9982,0.00845000000000001,0.0001,1.4331664,169605.49112426012,180484.99999999997,0.0180485,nan,nan,nan,nan,0.1,1.0,20.0,10 V,1.0,False,1
44.0407,0.00840000000000001,0.0001,1.4250385,169647.4404761903,180044.99999999997,0.0180045,nan,nan,nan,nan,0.1,1.0,20.0,10 V,1.0,False,1
44.0830,0.00835000000000001,0.0001,1.4171636,169720.19161676627,180594.99999999997,0.0180595,nan,nan,nan,nan,0.1,1.0,20.0,10 V,1.0,False,1
44.1254,0.00830000000000001,0.0001,1.4093987,169807.0722891564,180704.99999999997,0.0180705,nan,nan,nan,nan,0.1,1.0,20.0,10 V,1.0,False,1
44.1678,0.00825000000000001,0.0001,1.4009079,169807.01818181796,180704.99999999997,0.0180705,nan,nan,nan,nan,0.1,1.0,20.0,10 V,1.0,False,1
44.2101,0.008200000000000011,0.0001,1.3935499,169945.1097560973,180375.0,0.0180375,nan,nan,nan,nan,0.1,1.0,20.0,10 V,1.0,False,1
44.2525,0.008150000000000011,0.0001,1.386005,170061.9631901838,180594.99999999997,0.0180595,nan,nan,nan,nan,0.1,1.0,20.0,10 V,1.0,False,1
44.2949,0.008100000000000012,0.0001,1.3777451,170091.98765432075,180484.99999999997,0.0180485,nan,nan,nan,nan,0.1,1.0,20.0,10 V,1.0,False,1
44.3373,0.008050000000000012,0.0001,1.3696613,170144.26086956495,180594.99999999997,0.0180595,nan,nan,nan,nan,0.1,1.0,20.0,10 V,1.0,False,1
44.3797,0.008000000000000012,0.0001,1.3618742,170234.2749999997,180704.99999999997,0.0180705,nan,nan,nan,nan,0.1,1.0,20.0,10 V,1.0,False,1
44.4220,0.007950000000000013,0.0001,1.3537573,170283.937106918,180484.99999999997,0.0180485,nan,nan,nan,nan,0.1,1.0,20.0,10 V,1.0,False,1
44.4645,0.007900000000000013,0.0001,1.3460584,170387.13924050605,180484.99999999997,0.0180485,nan,nan,nan,nan,0.1,1.0,20.0,10 V,1.0,False,1
44.5069,0.007850000000000013,0.0001,1.3379305,170437.00636942647,180594.99999999997,0.0180595,nan,nan,nan,nan,0.1,1.0,20.0,10 V,1.0,False,1
44.5493,0.0078000000000000135,0.0001,1.3299237,170503.03846153815,180704.99999999997,0.0180705,nan,nan,nan,nan,0.1,1.0,20.0,10 V,1.0,False,1
44.5918,0.007750000000000014,0.0001,1.3220708,170589.780645161,180704.99999999997,0.0180705,nan,nan,nan,nan,0.1,1.0,20.0,10 V,1.0,False,1
44.6342,0.007700000000000014,0.0001,1.3144818,170711.92207792177,180375.0,0.0180375,nan,nan,nan,nan,0.1,1.0,20.0,10 V,1.0,False,1
44.6764,0.007650000000000014,0.0001,1.306288,170756.6013071892,180375.0,0.0180375,nan,nan,nan,nan,0.1,1.0,20.0,10 V,1.0,False,1
44.7188,0.007600000000000015,0.0001,1.2980391,170794.61842105232,180704.99999999997,0.0180705,nan,nan,nan,nan,0.1,1.0,20.0,10 V,1.0,False,1
44.7612,0.007550000000000015,0.0001,1.2900983,170873.9470198672,180484.99999999997,0.0180485,nan,nan,nan,nan,0.1,1.0,20.0,10 V,1.0,False,1
44.8034,0.007500000000000015,0.0001,1.2820804,170944.05333333297,180815.0,0.0180815,nan,nan,nan,nan,0.1,1.0,20.0,10 V,1.0,False,1
44.8457,0.007450000000000016,0.0001,1.2739635,171001.81208053656,180265.0,0.0180265,nan,nan,nan,nan,0.1,1.0,20.0,10 V,1.0,False,1
44.8881,0.007400000000000016,0.0001,1.2661216,171097.51351351314,180265.0,0.0180265,nan,nan,nan,nan,0.1,1.0,20.0,10 V,1.0,False,1
44.9304,0.007350000000000016,0.0001,1.2582684,171192.97959183637,180484.99999999997,0.0180485,nan,nan,nan,nan,0.1,1.0,20.0,10 V,1.0,False,1
44.9728,0.0073000000000000165,0.0001,1.2503275,171277.739726027,180704.99999999997,0.0180705,nan,nan,nan,nan,0.1,1.0,20.0,10 V,1.0,False,1
45.0152,0.007250000000000017,0.0001,1.2423427,171357.61379310305,180704.99999999997,0.0180705,nan,nan,nan,nan,0.1,1.0,20.0,10 V,1.0,False,1
45.0575,0.007200000000000017,0.0001,1.2340278,171392.7499999996,180594.99999999997,0.0180595,nan,nan,nan,nan,0.1,1.0,20.0,10 V,1.0,False,1
45.0999,0.0071500000000000175,0.0001,1.2262849,171508.3776223772,180594.99999999997,0.0180595,nan,nan,nan,nan,0.1,1.0,20.0,10 V,1.0,False,1
45.1423,0.007100000000000018,0.0001,1.2179261,171538.88732394323,180704.99999999997,0.0180705,nan,nan,nan,nan,0.1,1.0,20.0,10 V,1.0,False,1
45.1846,0.007050000000000018,0.0001,1.2097982,171602.58156028326,180265.0,0.0180265,nan,nan,nan,nan,0.1,1.0,20.0,10 V,1.0,False,1
45.2270,0.007000000000000018,0.0001,1.2016374,171662.48571428529,180484.99999999997,0.0180485,nan,nan,nan,nan,0.1,1.0,20.0,10 V,1.0,False,1
45.2693,0.006950000000000019,0.0001,1.1933775,171708.9928057549,180704.99999999997,0.0180705,nan,nan,nan,nan,0.1,1.0,20.0,10 V,1.0,False,1
45.3117,0.006900000000000019,0.0001,1.1855136,171813.5652173908,180484.99999999997,0.0180485,nan,nan,nan,nan,0.1,1.0,20.0,10 V,1.0,False,1
45.3541,0.006850000000000019,0.0001,1.1772758,171865.08029197034,180594.99999999997,0.0180595,nan,nan,nan,nan,0.1,1.0,20.0,10 V,1.0,False,1
45.3966,0.00680000000000002,0.0001,1.169016,171914.11764705833,180594.99999999997,0.0180595,nan,nan,nan,nan,0.1,1.0,20.0,10 V,1.0,False,1
45.4390,0.00675000000000002,0.0001,1.161284,172042.07407407355,180594.99999999997,0.0180595,nan,nan,nan,nan,0.1,1.0,20.0,10 V,1.0,False,1
45.4814,0.00670000000000002,0.0001,1.1533872,172147.34328358158,180375.0,0.0180375,nan,nan,nan,nan,0.1,1.0,20.0,10 V,1.0,False,1
45.5237,0.0066500000000000205,0.0001,1.1454243,172244.2556390972,180594.99999999997,0.0180595,nan,nan,nan,nan,0.1,1.0,20.0,10 V,1.0,False,1
45.5661,0.006600000000000021,0.0001,1.1370435,172279.31818181765,180815.0,0.0180815,nan,nan,nan,nan,0.1,1.0,20.0,10 V,1.0,False,1
45.6084,0.006550000000000021,0.0001,1.1283767,172271.2519083964,180925.0,0.0180925,nan,nan,nan,nan,0.1,1.0,20.0,10 V,1.0,False,1
45.6508,0.006500000000000021,0.0001,1.1213487,172515.18461538403,181584.0,0.0181584,nan,nan,nan,nan,0.1,1.0,20.0,10 V,1.0,False,1
45.6933,0.006450000000000022,0.0001,1.1130448,172565.08527131722,180925.0,0.0180925,nan,nan,nan,nan,0.1,1.0,20.0,10 V,1.0,False,1
45.7357,0.006400000000000022,0.0001,1.104895,172639.84374999942,180594.99999999997,0.0180595,nan,nan,nan,nan,0.1,1.0,20.0,10 V,1.0,False,1
45.7781,0.006350000000000022,0.0001,1.0960852,172611.84251968446,180815.0,0.0180815,nan,nan,nan,nan,0.1,1.0,20.0,10 V,1.0,False,1
45.8205,0.006300000000000023,0.0001,1.0881113,172716.07936507874,180594.99999999997,0.0180595,nan,nan,nan,nan,0.1,1.0,20.0,10 V,1.0,False,1
45.8628,0.006250000000000023,0.0001,1.0799835,172797.35999999935,180594.99999999997,0.0180595,nan,nan,nan,nan,0.1,1.0,20.0,10 V,1.0,False,1
45.9053,0.006200000000000023,0.0001,1.0718886,172885.25806451548,180704.99999999997,0.0180705,nan,nan,nan,nan,0.1,1.0,20.0,10 V,1.0,False,1
45.9477,0.0061500000000000235,0.0001,1.0635958,172942.4065040644,180484.99999999997,0.0180485,nan,nan,nan,nan,0.1,1.0,20.0,10 V,1.0,False,1
45.9900,0.006100000000000024,0.0001,1.055215,172986.06557376983,180375.0,0.0180375,nan,nan,nan,nan,0.1,1.0,20.0,10 V,1.0,False,1
46.0324,0.006050000000000024,0.0001,1.0471529,173083.12396694144,180265.0,0.0180265,nan,nan,nan,nan,0.1,1.0,20.0,10 V,1.0,False,1
46.0748,0.006000000000000024,0.0001,1.039003,173167.16666666593,180704.99999999997,0.0180705,nan,nan,nan,nan,0.1,1.0,20.0,10 V,1.0,False,1
46.1172,0.005950000000000025,0.0001,1.0306882,173224.90756302446,180815.0,0.0180815,nan,nan,nan,nan,0.1,1.0,20.0,10 V,1.0,False,1
46.1596,0.005900000000000025,0.0001,1.0226043,173322.76271186367,180704.99999999997,0.0180705,nan,nan,nan,nan,0.1,1.0,20.0,10 V,1.0,False,1
46.2019,0.005850000000000025,0.0001,1.0144875,173416.6666666659,180484.99999999997,0.0180485,nan,nan,nan,nan,0.1,1.0,20.0,10 V,1.0,False,1
46.2443,0.005800000000000026,0.0001,1.0061396,173472.34482758545,180594.99999999997,0.0180595,nan,nan,nan,nan,0.1,1.0,20.0,10 V,1.0,False,1
46.2867,0.005750000000000026,0.0001,0.9978688,173542.3999999992,180815.0,0.0180815,nan,nan,nan,nan,0.1,1.0,20.0,10 V,1.0,False,1
46.3290,0.005700000000000026,0.0001,0.989664,173625.26315789393,180704.99999999997,0.0180705,nan,nan,nan,nan,0.1,1.0,20.0,10 V,1.0,False,1
46.3714,0.0056500000000000265,0.0001,0.9813491,173690.10619468946,180815.0,0.0180815,nan,nan,nan,nan,0.1,1.0,20.0,10 V,1.0,False,1
46.4138,0.005600000000000027,0.0001,0.9732543,173795.4107142849,180704.99999999997,0.0180705,nan,nan,nan,nan,0.1,1.0,20.0,10 V,1.0,False,1
46.4562,0.005550000000000027,0.0001,0.9649174,173858.99099099013,180704.99999999997,0.0180705,nan,nan,nan,nan,0.1,1.0,20.0,10 V,1.0,False,1
46.4986,0.0055000000000000274,0.0001,0.9564486,173899.74545454458,180375.0,0.0180375,nan,nan,nan,nan,0.1,1.0,20.0,10 V,1.0,False,1
46.5410,0.005450000000000028,0.0001,0.9480898,173961.4311926597,180594.99999999997,0.0180595,nan,nan,nan,nan,0.1,1.0,20.0,10 V,1.0,False,1
46.5832,0.005400000000000028,0.0001,0.9398629,174048.68518518427,180594.99999999997,0.0180595,nan,nan,nan,nan,0.1,1.0,20.0,10 V,1.0,False,1
46.6255,0.005350000000000028,0.0001,0.931845,174176.63551401778,180265.0,0.0180265,nan,nan,nan,nan,0.1,1.0,20.0,10 V,1.0,False,1
46.6679,0.005300000000000029,0.0001,0.9233542,174217.7735849047,181035.0,0.0181035,nan,nan,nan,nan,0.1,1.0,20.0,10 V,1.0,False,1
46.7103,0.005250000000000029,0.0001,0.9148524,174257.59999999902,180704.99999999997,0.0180705,nan,nan,nan,nan,0.1,1.0,20.0,10 V,1.0,False,1
46.7526,0.005200000000000029,0.0001,0.9067245,174370.0961538452,180925.0,0.0180925,nan,nan,nan,nan,0.1,1.0,20.0,10 V,1.0,False,1
46.7948,0.0051500000000000296,0.0001,0.8983217,174431.39805825142,180815.0,0.0180815,nan,nan,nan,nan,0.1,1.0,20.0,10 V,1.0,False,1
46.8371,0.00510000000000003,0.0001,0.8898749,174485.2745098029,180925.0,0.0180925,nan,nan,nan,nan,0.1,1.0,20.0,10 V,1.0,False,1
46.8795,0.00505000000000003,0.0001,0.8814061,174535.86138613755,180815.0,0.0180815,nan,nan,nan,nan,0.1,1.0,20.0,10 V,1.0,False,1
46.9220,0.0050000000000000305,0.0001,0.8728163,174563.25999999893,180704.99999999997,0.0180705,nan,nan,nan,nan,0.1,1.0,20.0,10 V,1.0,False,1
46.9645,0.004950000000000031,0.0001,0.8644904,174644.52525252418,180704.99999999997,0.0180705,nan,nan,nan,nan,0.1,1.0,20.0,10 V,1.0,False,1
47.0069,0.004900000000000031,0.0001,0.8564066,174776.85714285605,181254.99999999997,0.0181255,nan,nan,nan,nan,0.1,1.0,20.0,10 V,1.0,False,1
47.0493,0.004850000000000031,0.0001,0.8482017,174886.9484536071,180704.99999999997,0.0180705,nan,nan,nan,nan,0.1,1.0,20.0,10 V,1.0,False,1
47.0917,0.004800000000000032,0.0001,0.8395679,174909.97916666552,180594.99999999997,0.0180595,nan,nan,nan,nan,0.1,1.0,20.0,10 V,1.0,False,1
47.1341,0.004750000000000032,0.0001,0.8311209,174972.8210526304,180594.99999999997,0.0180595,nan,nan,nan,nan,0.1,1.0,20.0,10 V,1.0,False,1
47.1765,0.004700000000000032,0.0001,0.8227291,175048.74468084986,181035.0,0.0181035,nan,nan,nan,nan,0.1,1.0,20.0,10 V,1.0,False,1
47.2189,0.004650000000000033,0.0001,0.8143043,175119.20430107403,180704.99999999997,0.0180705,nan,nan,nan,nan,0.1,1.0,20.0,10 V,1.0,False,1
47.2614,0.004600000000000033,0.0001,0.8060225,175222.2826086944,180815.0,0.0180815,nan,nan,nan,nan,0.1,1.0,20.0,10 V,1.0,False,1
47.3037,0.004550000000000033,0.0001,0.7976636,175310.68131868003,180815.0,0.0180815,nan,nan,nan,nan,0.1,1.0,20.0,10 V,1.0,False,1
47.3461,0.0045000000000000335,0.0001,0.7892058,175379.06666666534,180815.0,0.0180815,nan,nan,nan,nan,0.1,1.0,20.0,10 V,1.0,False,1
47.3884,0.004450000000000034,0.0001,0.78088,175478.65168539193,180704.99999999997,0.0180705,nan,nan,nan,nan,0.1,1.0,20.0,10 V,1.0,False,1
47.4308,0.004400000000000034,0.0001,0.7723012,175522.99999999863,180925.0,0.0180925,nan,nan,nan,nan,0.1,1.0,20.0,10 V,1.0,False,1
47.4732,0.004350000000000034,0.0001,0.7638324,175593.6551724124,180594.99999999997,0.0180595,nan,nan,nan,nan,0.1,1.0,20.0,10 V,1.0,False,1
47.5156,0.004300000000000035,0.0001,0.7554296,175681.30232557998,180484.99999999997,0.0180485,nan,nan,nan,nan,0.1,1.0,20.0,10 V,1.0,False,1
47.5580,0.004250000000000035,0.0001,0.7470048,175765.83529411623,180815.0,0.0180815,nan,nan,nan,nan,0.1,1.0,20.0,10 V,1.0,False,1
47.6004,0.004200000000000035,0.0001,0.738305,175786.90476190328,180704.99999999997,0.0180705,nan,nan,nan,nan,0.1,1.0,20.0,10 V,1.0,False,1
47.6429,0.004150000000000036,0.0001,0.7298582,175869.44578313103,181035.0,0.0181035,nan,nan,nan,nan,0.1,1.0,20.0,10 V,1.0,False,1
47.6854,0.004100000000000036,0.0001,0.7215103,175978.12195121797,180594.99999999997,0.0180595,nan,nan,nan,nan,0.1,1.0,20.0,10 V,1.0,False,1
47.7279,0.004050000000000036,0.0001,0.7130525,176062.34567901076,181364.99999999997,0.0181365,nan,nan,nan,nan,0.1,1.0,20.0,10 V,1.0,False,1
47.7703,0.0040000000000000365,0.0001,0.7045397,176134.9249999984,180925.0,0.0180925,nan,nan,nan,nan,0.1,1.0,20.0,10 V,1.0,False,1
47.8128,0.003950000000000037,0.0001,0.6961699,176245.54430379582,180815.0,0.0180815,nan,nan,nan,nan,0.1,1.0,20.0,10 V,1.0,False,1
47.8552,0.0039000000000000367,0.0001,0.6873161,176234.89743589578,181035.0,0.0181035,nan,nan,nan,nan,0.1,1.0,20.0,10 V,1.0,False,1
47.8975,0.0038500000000000366,0.0001,0.6790123,176366.8311688295,180925.0,0.0180925,nan,nan,nan,nan,0.1,1.0,20.0,10 V,1.0,False,1
47.9400,0.0038000000000000364,0.0001,0.6704665,176438.55263157724,181035.0,0.0181035,nan,nan,nan,nan,0.1,1.0,20.0,10 V,1.0,False,1
47.9825,0.0037500000000000363,0.0001,0.6619977,176532.71999999828,180925.0,0.0180925,nan,nan,nan,nan,0.1,1.0,20.0,10 V,1.0,False,1
48.0249,0.003700000000000036,0.0001,0.6534849,176617.54054053882,180704.99999999997,0.0180705,nan,nan,nan,nan,0.1,1.0,20.0,10 V,1.0,False,1
48.0672,0.003650000000000036,0.0001,0.6447851,176653.45205479278,180925.0,0.0180925,nan,nan,nan,nan,0.1,1.0,20.0,10 V,1.0,False,1
48.1096,0.003600000000000036,0.0001,0.6363933,176775.9166666649,180815.0,0.0180815,nan,nan,nan,nan,0.1,1.0,20.0,10 V,1.0,False,1
48.1520,0.0035500000000000358,0.0001,0.6276382,176799.4929577447,180815.0,0.0180815,nan,nan,nan,nan,0.1,1.0,20.0,10 V,1.0,False,1
48.1943,0.0035000000000000356,0.0001,0.6188725,176820.7142857125,180925.0,0.0180925,nan,nan,nan,nan,0.1,1.0,20.0,10 V,1.0,False,1
48.2367,0.0034500000000000355,0.0001,0.6106126,176989.15942028802,180815.0,0.0180815,nan,nan,nan,nan,0.1,1.0,20.0,10 V,1.0,False,1
48.2790,0.0034000000000000354,0.0001,0.6016819,176965.2647058805,181144.99999999997,0.0181145,nan,nan,nan,nan,0.1,1.0,20.0,10 V,1.0,False,1
48.3214,0.0033500000000000352,0.0001,0.5931361,177055.5522388041,180704.99999999997,0.0180705,nan,nan,nan,nan,0.1,1.0,20.0,10 V,1.0,False,1
48.3637,0.003300000000000035,0.0001,0.5845793,177145.24242424054,180704.99999999997,0.0180705,nan,nan,nan,nan,0.1,1.0,20.0,10 V,1.0,False,1
48.4060,0.003250000000000035,0.0001,0.5760005,177230.92307692117,180925.0,0.0180925,nan,nan,nan,nan,0.1,1.0,20.0,10 V,1.0,False,1
48.4485,0.003200000000000035,0.0001,0.5672457,177264.28124999805,180925.0,0.0180925,nan,nan,nan,nan,0.1,1.0,20.0,10 V,1.0,False,1
48.4909,0.0031500000000000347,0.0001,0.5587439,177379.0158730139,180925.0,0.0180925,nan,nan,nan,nan,0.1,1.0,20.0,10 V,1.0,False,1
48.5334,0.0031000000000000346,0.0001,0.5503301,177525.83870967544,180704.99999999997,0.0180705,nan,nan,nan,nan,0.1,1.0,20.0,10 V,1.0,False,1
48.5759,0.0030500000000000345,0.0001,0.5415313,177551.24590163736,180704.99999999997,0.0180705,nan,nan,nan,nan,0.1,1.0,20.0,10 V,1.0,False,1
48.6182,0.0030000000000000343,0.0001,0.5326886,177562.86666666463,180704.99999999997,0.0180705,nan,nan,nan,nan,0.1,1.0,20.0,10 V,1.0,False,1
48.6606,0.002950000000000034,0.0001,0.5243627,177750.06779660808,180925.0,0.0180925,nan,nan,nan,nan,0.1,1.0,20.0,10 V,1.0,False,1
48.7029,0.002900000000000034,0.0001,0.515575,177784.4827586186,180815.0,0.0180815,nan,nan,nan,nan,0.1,1.0,20.0,10 V,1.0,False,1
48.7453,0.002850000000000034,0.0001,0.5068642,177847.0877192961,180925.0,0.0180925,nan,nan,nan,nan,0.1,1.0,20.0,10 V,1.0,False,1
48.7877,0.002800000000000034,0.0001,0.4982964,177962.99999999785,180704.99999999997,0.0180705,nan,nan,nan,nan,0.1,1.0,20.0,10 V,1.0,False,1
48.8301,0.0027500000000000337,0.0001,0.4894976,177999.12727272508,181144.99999999997,0.0181145,nan,nan,nan,nan,0.1,1.0,20.0,10 V,1.0,False,1
48.8723,0.0027000000000000335,0.0001,0.4807099,178040.7037037015,180815.0,0.0180815,nan,nan,nan,nan,0.1,1.0,20.0,10 V,1.0,False,1
48.9146,0.0026500000000000334,0.0001,0.4721971,178187.58490565812,181035.0,0.0181035,nan,nan,nan,nan,0.1,1.0,20.0,10 V,1.0,False,1
48.9570,0.0026000000000000333,0.0001,0.4633433,178208.96153845926,181035.0,0.0181035,nan,nan,nan,nan,0.1,1.0,20.0,10 V,1.0,False,1
48.9993,0.002550000000000033,0.0001,0.4545335,178248.43137254668,180925.0,0.0180925,nan,nan,nan,nan,0.1,1.0,20.0,10 V,1.0,False,1
49.0416,0.002500000000000033,0.0001,0.4459218,178368.71999999761,181144.99999999997,0.0181145,nan,nan,nan,nan,0.1,1.0,20.0,10 V,1.0,False,1
49.0840,0.002450000000000033,0.0001,0.437233,178462.44897958945,180925.0,0.0180925,nan,nan,nan,nan,0.1,1.0,20.0,10 V,1.0,False,1
49.1264,0.0024000000000000327,0.0001,0.4284782,178532.58333333087,180484.99999999997,0.0180485,nan,nan,nan,nan,0.1,1.0,20.0,10 V,1.0,False,1
49.1688,0.0023500000000000326,0.0001,0.4196354,178568.25531914647,180925.0,0.0180925,nan,nan,nan,nan,0.1,1.0,20.0,10 V,1.0,False,1
49.2112,0.0023000000000000325,0.0001,0.4109025,178653.26086956268,181144.99999999997,0.0181145,nan,nan,nan,nan,0.1,1.0,20.0,10 V,1.0,False,1
49.2536,0.0022500000000000324,0.0001,0.4020597,178693.19999999745,181035.0,0.0181035,nan,nan,nan,nan,0.1,1.0,20.0,10 V,1.0,False,1
49.2960,0.0022000000000000322,0.0001,0.3933929,178814.9545454519,181144.99999999997,0.0181145,nan,nan,nan,nan,0.1,1.0,20.0,10 V,1.0,False,1
49.3383,0.002150000000000032,0.0001,0.3844842,178829.86046511363,180925.0,0.0180925,nan,nan,nan,nan,0.1,1.0,20.0,10 V,1.0,False,1
49.3807,0.002100000000000032,0.0001,0.3757294,178918.7619047592,180815.0,0.0180815,nan,nan,nan,nan,0.1,1.0,20.0,10 V,1.0,False,1
49.4229,0.002050000000000032,0.0001,0.3669526,179001.26829268015,180925.0,0.0180925,nan,nan,nan,nan,0.1,1.0,20.0,10 V,1.0,False,1
49.4653,0.0020000000000000317,0.0001,0.3580879,179043.94999999716,181144.99999999997,0.0181145,nan,nan,nan,nan,0.1,1.0,20.0,10 V,1.0,False,1
49.5076,0.0019500000000000318,0.0001,0.3492891,179122.6153846125,181035.0,0.0181035,nan,nan,nan,nan,0.1,1.0,20.0,10 V,1.0,False,1
49.5500,0.0019000000000000319,0.0001,0.3404134,179164.947368418,181035.0,0.0181035,nan,nan,nan,nan,0.1,1.0,20.0,10 V,1.0,False,1
49.5924,0.001850000000000032,0.0001,0.3316036,179245.1891891861,180815.0,0.0180815,nan,nan,nan,nan,0.1,1.0,20.0,10 V,1.0,False,1
49.6348,0.001800000000000032,0.0001,0.3227719,179317.72222221902,181364.99999999997,0.0181365,nan,nan,nan,nan,0.1,1.0,20.0,10 V,1.0,False,1
49.6771,0.0017500000000000321,0.0001,0.3139621,179406.914285711,181254.99999999997,0.0181255,nan,nan,nan,nan,0.1,1.0,20.0,10 V,1.0,False,1
49.7194,0.0017000000000000322,0.0001,0.3050423,179436.64705882012,181144.99999999997,0.0181145,nan,nan,nan,nan,0.1,1.0,20.0,10 V,1.0,False,1
49.7618,0.0016500000000000323,0.0001,0.2961226,179468.2424242389,181254.99999999997,0.0181255,nan,nan,nan,nan,0.1,1.0,20.0,10 V,1.0,False,1
49.8042,0.0016000000000000324,0.0001,0.2872358,179522.37499999636,180815.0,0.0180815,nan,nan,nan,nan,0.1,1.0,20.0,10 V,1.0,False,1
49.8466,0.0015500000000000325,0.0001,0.2783931,179608.45161289946,180925.0,0.0180925,nan,nan,nan,nan,0.1,1.0,20.0,10 V,1.0,False,1
49.8890,0.0015000000000000326,0.0001,0.2694733,179648.86666666277,180815.0,0.0180815,nan,nan,nan,nan,0.1,1.0,20.0,10 V,1.0,False,1
49.9314,0.0014500000000000326,0.0001,0.2604986,179654.2068965477,181035.0,0.0181035,nan,nan,nan,nan,0.1,1.0,20.0,10 V,1.0,False,1
49.9739,0.0014000000000000327,0.0001,0.2516888,179777.71428571007,180925.0,0.0180925,nan,nan,nan,nan,0.1,1.0,20.0,10 V,1.0,False,1
50.0162,0.0013500000000000328,0.0001,0.2426701,179755.62962962527,180704.99999999997,0.0180705,nan,nan,nan,nan,0.1,1.0,20.0,10 V,1.0,False,1
50.0586,0.001300000000000033,0.0001,0.2338383,179875.61538461084,180815.0,0.0180815,nan,nan,nan,nan,0.1,1.0,20.0,10 V,1.0,False,1
50.1010,0.001250000000000033,0.0001,0.2248856,179908.47999999527,181035.0,0.0181035,nan,nan,nan,nan,0.1,1.0,20.0,10 V,1.0,False,1
50.1434,0.001200000000000033,0.0001,0.2159329,179944.08333332837,181035.0,0.0181035,nan,nan,nan,nan,0.1,1.0,20.0,10 V,1.0,False,1
50.1859,0.0011500000000000332,0.0001,0.2069799,179982.52173912522,181144.99999999997,0.0181145,nan,nan,nan,nan,0.1,1.0,20.0,10 V,1.0,False,1
50.2282,0.0011000000000000332,0.0001,0.1979722,179974.72727272182,181035.0,0.0181035,nan,nan,nan,nan,0.1,1.0,20.0,10 V,1.0,False,1
50.2707,0.0010500000000000333,0.0001,0.1890414,180039.42857142285,181035.0,0.0181035,nan,nan,nan,nan,0.1,1.0,20.0,10 V,1.0,False,1
50.3130,0.0010000000000000334,0.0001,0.1801217,180121.699999994,181035.0,0.0181035,nan,nan,nan,nan,0.1,1.0,20.0,10 V,1.0,False,1
50.3554,0.0009500000000000334,0.0001,0.171147,180154.73684209894,181144.99999999997,0.0181145,nan,nan,nan,nan,0.1,1.0,20.0,10 V,1.0,False,1
50.3978,0.0009000000000000334,0.0001,0.1621942,180215.7777777711,181035.0,0.0181035,nan,nan,nan,nan,0.1,1.0,20.0,10 V,1.0,False,1
50.4401,0.0008500000000000333,0.0001,0.1532635,180309.99999999293,181364.99999999997,0.0181365,nan,nan,nan,nan,0.1,1.0,20.0,10 V,1.0,False,1
50.4825,0.0008000000000000333,0.0001,0.1442337,180292.1249999925,181144.99999999997,0.0181145,nan,nan,nan,nan,0.1,1.0,20.0,10 V,1.0,False,1
50.5247,0.0007500000000000333,0.0001,0.135215,180286.66666665868,181254.99999999997,0.0181255,nan,nan,nan,nan,0.1,1.0,20.0,10 V,1.0,False,1
50.5671,0.0007000000000000333,0.0001,0.1262073,180296.14285713425,181035.0,0.0181035,nan,nan,nan,nan,0.1,1.0,20.0,10 V,1.0,False,1
50.6096,0.0006500000000000333,0.0001,0.1172545,180391.5384615292,181144.99999999997,0.0181145,nan,nan,nan,nan,0.1,1.0,20.0,10 V,1.0,False,1
50.6519,0.0006000000000000332,0.0001,0.1083238,180539.66666665667,181364.99999999997,0.0181365,nan,nan,nan,nan,0.1,1.0,20.0,10 V,1.0,False,1
50.6942,0.0005500000000000332,0.0001,0.0992501,180454.72727271635,181364.99999999997,0.0181365,nan,nan,nan,nan,0.1,1.0,20.0,10 V,1.0,False,1
50.7366,0.0005000000000000332,0.0001,0.0902973,180594.599999988,181254.99999999997,0.0181255,nan,nan,nan,nan,0.1,1.0,20.0,10 V,1.0,False,1
50.7790,0.00045000000000003316,0.0001,0.0812566,180570.22222220892,181035.0,0.0181035,nan,nan,nan,nan,0.1,1.0,20.0,10 V,1.0,False,1
50.8215,0.00040000000000003314,0.0001,0.0722379,180594.749999985,181035.0,0.0181035,nan,nan,nan,nan,0.1,1.0,20.0,10 V,1.0,False,1
50.8639,0.0003500000000000331,0.0001,0.0632301,180657.42857141147,181035.0,0.0181035,nan,nan,nan,nan,0.1,1.0,20.0,10 V,1.0,False,1
50.9061,0.0003000000000000331,0.0001,0.0542004,180667.99999998006,181144.99999999997,0.0181145,nan,nan,nan,nan,0.1,1.0,20.0,10 V,1.0,False,1
50.9484,0.0002500000000000331,0.0001,0.0451927,180770.7999999761,181475.0,0.0181475,nan,nan,nan,nan,0.1,1.0,20.0,10 V,1.0,False,1
50.9908,0.00020000000000003308,0.0001,0.0361849,180924.49999997008,181364.99999999997,0.0181365,nan,nan,nan,nan,0.1,1.0,20.0,10 V,1.0,False,1
51.0332,0.00015000000000003308,0.0001,0.0271332,180887.9999999601,181144.99999999997,0.0181145,nan,nan,nan,nan,0.1,1.0,20.0,10 V,1.0,False,1
51.0756,0.00010000000000003309,0.0001,0.0181035,181034.99999994013,181254.99999999997,0.0181255,nan,nan,nan,nan,0.1,1.0,20.0,10 V,1.0,False,1
51.1179,5.0000000000033084e-05,0.0001,0.0090957,181913.99999987963,180925.0,0.0180925,nan,nan,nan,nan,0.1,1.0,20.0,10 V,1.0,False,1
51.1602,1e-05,0.0001,0.0019357,193570.0,181364.99999999997,0.0181365,nan,nan,nan,nan,0.1,1.0,20.0,10 V,1.0,False,1
51.2026,-4e-05,0.0001,-0.007094,177350.0,181584.0,0.0181584,nan,nan,nan,nan,0.1,1.0,20.0,10 V,1.0,False,1
51.2451,-9e-05,0.0001,-0.0161017,178907.77777777775,181035.0,0.0181035,nan,nan,nan,nan,0.1,1.0,20.0,10 V,1.0,False,1
51.2875,-0.00014000000000000001,0.0001,-0.0251205,179432.14285714284,181475.0,0.0181475,nan,nan,nan,nan,0.1,1.0,20.0,10 V,1.0,False,1
51.3300,-0.00019,0.0001,-0.0341612,179795.7894736842,181364.99999999997,0.0181365,nan,nan,nan,nan,0.1,1.0,20.0,10 V,1.0,False,1
51.3724,-0.00024,0.0001,-0.0431909,179962.08333333328,181254.99999999997,0.0181255,nan,nan,nan,nan,0.1,1.0,20.0,10 V,1.0,False,1
51.4148,-0.00029,0.0001,-0.0521987,179995.5172413793,181364.99999999997,0.0181365,nan,nan,nan,nan,0.1,1.0,20.0,10 V,1.0,False,1
51.4572,-0.00034,0.0001,-0.0612064,180018.82352941175,181144.99999999997,0.0181145,nan,nan,nan,nan,0.1,1.0,20.0,10 V,1.0,False,1
51.4997,-0.00039000000000000005,0.0001,-0.0702471,180120.76923076922,181144.99999999997,0.0181145,nan,nan,nan,nan,0.1,1.0,20.0,10 V,1.0,False,1
51.5420,-0.00044000000000000007,0.0001,-0.0792109,180024.7727272727,181364.99999999997,0.0181365,nan,nan,nan,nan,0.1,1.0,20.0,10 V,1.0,False,1
51.5845,-0.0004900000000000001,0.0001,-0.0882956,180195.1020408163,181693.99999999997,0.0181694,nan,nan,nan,nan,0.1,1.0,20.0,10 V,1.0,False,1
51.6269,-0.0005400000000000001,0.0001,-0.0972043,180007.96296296292,181144.99999999997,0.0181145,nan,nan,nan,nan,0.1,1.0,20.0,10 V,1.0,False,1
51.6694,-0.0005900000000000001,0.0001,-0.1062783,180132.71186440674,181254.99999999997,0.0181255,nan,nan,nan,nan,0.1,1.0,20.0,10 V,1.0,False,1
51.7119,-0.0006400000000000002,0.0001,-0.115198,179996.87499999994,181035.0,0.0181035,nan,nan,nan,nan,0.1,1.0,20.0,10 V,1.0,False,1
51.7543,-0.0006900000000000002,0.0001,-0.1242277,180040.1449275362,181475.0,0.0181475,nan,nan,nan,nan,0.1,1.0,20.0,10 V,1.0,False,1
51.7966,-0.0007400000000000002,0.0001,-0.1331585,179943.91891891888,181693.99999999997,0.0181694,nan,nan,nan,nan,0.1,1.0,20.0,10 V,1.0,False,1
51.8389,-0.0007900000000000002,0.0001,-0.1421552,179943.29113924046,180925.0,0.0180925,nan,nan,nan,nan,0.1,1.0,20.0,10 V,1.0,False,1
51.8814,-0.0008400000000000003,0.0001,-0.151185,179982.1428571428,181475.0,0.0181475,nan,nan,nan,nan,0.1,1.0,20.0,10 V,1.0,False,1
51.9238,-0.0008900000000000003,0.0001,-0.1600937,179880.56179775277,181475.0,0.0181475,nan,nan,nan,nan,0.1,1.0,20.0,10 V,1.0,False,1
51.9663,-0.0009400000000000003,0.0001,-0.1690794,179871.7021276595,181475.0,0.0181475,nan,nan,nan,nan,0.1,1.0,20.0,10 V,1.0,False,1
52.0088,-0.0009900000000000002,0.0001,-0.1780872,179886.06060606055,181364.99999999997,0.0181365,nan,nan,nan,nan,0.1,1.0,20.0,10 V,1.0,False,1
52.0512,-0.0010400000000000001,0.0001,-0.1870729,179877.7884615384,181475.0,0.0181475,nan,nan,nan,nan,0.1,1.0,20.0,10 V,1.0,False,1
52.0937,-0.00109,0.0001,-0.1959487,179769.44954128438,181144.99999999997,0.0181145,nan,nan,nan,nan,0.1,1.0,20.0,10 V,1.0,False,1
52.1361,-0.00114,0.0001,-0.2050116,179834.73684210528,180925.0,0.0180925,nan,nan,nan,nan,0.1,1.0,20.0,10 V,1.0,False,1
52.1785,-0.0011899999999999999,0.0001,-0.2138654,179718.8235294118,181364.99999999997,0.0181365,nan,nan,nan,nan,0.1,1.0,20.0,10 V,1.0,False,1
52.2210,-0.0012399999999999998,0.0001,-0.2228731,179736.37096774197,181803.99999999997,0.0181804,nan,nan,nan,nan,0.1,1.0,20.0,10 V,1.0,False,1
52.2634,-0.0012899999999999997,0.0001,-0.2317598,179658.7596899225,181364.99999999997,0.0181365,nan,nan,nan,nan,0.1,1.0,20.0,10 V,1.0,False,1
52.3059,-0.0013399999999999996,0.0001,-0.2406686,179603.43283582095,181364.99999999997,0.0181365,nan,nan,nan,nan,0.1,1.0,20.0,10 V,1.0,False,1
52.3484,-0.0013899999999999995,0.0001,-0.2495773,179552.01438848928,181584.0,0.0181584,nan,nan,nan,nan,0.1,1.0,20.0,10 V,1.0,False,1
52.3908,-0.0014399999999999994,0.0001,-0.2585081,179519.51388888896,181584.0,0.0181584,nan,nan,nan,nan,0.1,1.0,20.0,10 V,1.0,False,1
52.4333,-0.0014899999999999994,0.0001,-0.2674718,179511.27516778532,181584.0,0.0181584,nan,nan,nan,nan,0.1,1.0,20.0,10 V,1.0,False,1
52.4756,-0.0015399999999999993,0.0001,-0.2762706,179396.49350649357,181475.0,0.0181475,nan,nan,nan,nan,0.1,1.0,20.0,10 V,1.0,False,1
52.5179,-0.0015899999999999992,0.0001,-0.2851573,179344.21383647807,181035.0,0.0181035,nan,nan,nan,nan,0.1,1.0,20.0,10 V,1.0,False,1
52.5601,-0.001639999999999999,0.0001,-0.2940441,179295.18292682935,181584.0,0.0181584,nan,nan,nan,nan,0.1,1.0,20.0,10 V,1.0,False,1
52.6024,-0.001689999999999999,0.0001,-0.3028648,179209.94082840247,181584.0,0.0181584,nan,nan,nan,nan,0.1,1.0,20.0,10 V,1.0,False,1
52.6449,-0.001739999999999999,0.0001,-0.3117736,179180.22988505758,181803.99999999997,0.0181804,nan,nan,nan,nan,0.1,1.0,20.0,10 V,1.0,False,1
52.6873,-0.0017899999999999988,0.0001,-0.3207923,179213.5754189945,181584.0,0.0181584,nan,nan,nan,nan,0.1,1.0,20.0,10 V,1.0,False,1
52.7298,-0.0018399999999999988,0.0001,-0.3294701,179059.83695652187,181364.99999999997,0.0181365,nan,nan,nan,nan,0.1,1.0,20.0,10 V,1.0,False,1
52.7723,-0.0018899999999999987,0.0001,-0.3383459,179018.99470899484,181584.0,0.0181584,nan,nan,nan,nan,0.1,1.0,20.0,10 V,1.0,False,1
52.8147,-0.0019399999999999986,0.0001,-0.3472546,178997.2164948455,181475.0,0.0181475,nan,nan,nan,nan,0.1,1.0,20.0,10 V,1.0,False,1
52.8571,-0.0019899999999999987,0.0001,-0.3560974,178943.41708542727,181913.99999999997,0.0181914,nan,nan,nan,nan,0.1,1.0,20.0,10 V,1.0,False,1
52.8995,-0.002039999999999999,0.0001,-0.3649071,178876.02941176482,181475.0,0.0181475,nan,nan,nan,nan,0.1,1.0,20.0,10 V,1.0,False,1
52.9419,-0.002089999999999999,0.0001,-0.3738049,178854.01913875606,181144.99999999997,0.0181145,nan,nan,nan,nan,0.1,1.0,20.0,10 V,1.0,False,1
52.9843,-0.002139999999999999,0.0001,-0.3826146,178791.8691588786,181693.99999999997,0.0181694,nan,nan,nan,nan,0.1,1.0,20.0,10 V,1.0,False,1
53.0268,-0.0021899999999999992,0.0001,-0.3914244,178732.60273972608,181803.99999999997,0.0181804,nan,nan,nan,nan,0.1,1.0,20.0,10 V,1.0,False,1
53.0692,-0.0022399999999999994,0.0001,-0.4003442,178725.08928571435,181475.0,0.0181475,nan,nan,nan,nan,0.1,1.0,20.0,10 V,1.0,False,1
53.1116,-0.0022899999999999995,0.0001,-0.4090769,178636.20087336248,181584.0,0.0181584,nan,nan,nan,nan,0.1,1.0,20.0,10 V,1.0,False,1
53.1540,-0.0023399999999999996,0.0001,-0.4178759,178579.4444444445,181584.0,0.0181584,nan,nan,nan,nan,0.1,1.0,20.0,10 V,1.0,False,1
53.1964,-0.0023899999999999998,0.0001,-0.4266087,178497.3640167364,181364.99999999997,0.0181365,nan,nan,nan,nan,0.1,1.0,20.0,10 V,1.0,False,1
53.2388,-0.00244,0.0001,-0.4355394,178499.75409836066,182024.0,0.0182024,nan,nan,nan,nan,0.1,1.0,20.0,10 V,1.0,False,1
53.2812,-0.00249,0.0001,-0.4441292,178365.140562249,181475.0,0.0181475,nan,nan,nan,nan,0.1,1.0,20.0,10 V,1.0,False,1
53.3237,-0.00254,0.0001,-0.452928,178318.11023622044,181475.0,0.0181475,nan,nan,nan,nan,0.1,1.0,20.0,10 V,1.0,False,1
53.3661,-0.0025900000000000003,0.0001,-0.4616717,178251.62162162163,181584.0,0.0181584,nan,nan,nan,nan,0.1,1.0,20.0,10 V,1.0,False,1
53.4086,-0.0026400000000000004,0.0001,-0.4706025,178258.52272727268,181803.99999999997,0.0181804,nan,nan,nan,nan,0.1,1.0,20.0,10 V,1.0,False,1
53.4509,-0.0026900000000000006,0.0001,-0.4791153,178109.77695167283,181693.99999999997,0.0181694,nan,nan,nan,nan,0.1,1.0,20.0,10 V,1.0,False,1
53.4932,-0.0027400000000000007,0.0001,-0.488057,178122.99270072987,181803.99999999997,0.0181804,nan,nan,nan,nan,0.1,1.0,20.0,10 V,1.0,False,1
53.5356,-0.002790000000000001,0.0001,-0.4968118,178068.7455197132,182134.0,0.0182134,nan,nan,nan,nan,0.1,1.0,20.0,10 V,1.0,False,1
53.5780,-0.002840000000000001,0.0001,-0.5053576,177942.81690140837,181364.99999999997,0.0181365,nan,nan,nan,nan,0.1,1.0,20.0,10 V,1.0,False,1
53.6205,-0.002890000000000001,0.0001,-0.5141124,177893.56401384078,181693.99999999997,0.0181694,nan,nan,nan,nan,0.1,1.0,20.0,10 V,1.0,False,1
53.6630,-0.002940000000000001,0.0001,-0.5227902,177819.79591836728,181475.0,0.0181475,nan,nan,nan,nan,0.1,1.0,20.0,10 V,1.0,False,1
53.7054,-0.0029900000000000013,0.0001,-0.5315119,177763.177257525,181913.99999999997,0.0181914,nan,nan,nan,nan,0.1,1.0,20.0,10 V,1.0,False,1
53.7479,-0.0030400000000000015,0.0001,-0.5404537,177780.82236842098,181803.99999999997,0.0181804,nan,nan,nan,nan,0.1,1.0,20.0,10 V,1.0,False,1
53.7903,-0.0030900000000000016,0.0001,-0.5490765,177694.66019417465,181584.0,0.0181584,nan,nan,nan,nan,0.1,1.0,20.0,10 V,1.0,False,1
53.8328,-0.0031400000000000017,0.0001,-0.5577432,177625.2229299362,181584.0,0.0181584,nan,nan,nan,nan,0.1,1.0,20.0,10 V,1.0,False,1
53.8753,-0.003190000000000002,0.0001,-0.566432,177564.89028213156,182024.0,0.0182024,nan,nan,nan,nan,0.1,1.0,20.0,10 V,1.0,False,1
53.9178,-0.003240000000000002,0.0001,-0.5751648,177519.9999999999,181913.99999999997,0.0181914,nan,nan,nan,nan,0.1,1.0,20.0,10 V,1.0,False,1
53.9602,-0.003290000000000002,0.0001,-0.5836446,177399.57446808496,181913.99999999997,0.0181914,nan,nan,nan,nan,0.1,1.0,20.0,10 V,1.0,False,1
54.0027,-0.0033400000000000023,0.0001,-0.5926083,177427.6347305388,181913.99999999997,0.0181914,nan,nan,nan,nan,0.1,1.0,20.0,10 V,1.0,False,1
54.0452,-0.0033900000000000024,0.0001,-0.6012531,177360.79646017688,181803.99999999997,0.0181804,nan,nan,nan,nan,0.1,1.0,20.0,10 V,1.0,False,1
54.0877,-0.0034400000000000025,0.0001,-0.6097879,177263.92441860453,181475.0,0.0181475,nan,nan,nan,nan,0.1,1.0,20.0,10 V,1.0,False,1
54.1301,-0.0034900000000000026,0.0001,-0.6184767,177213.95415472766,182244.0,0.0182244,nan,nan,nan,nan,0.1,1.0,20.0,10 V,1.0,False,1
54.1725,-0.0035400000000000028,0.0001,-0.6272096,177177.8531073445,181803.99999999997,0.0181804,nan,nan,nan,nan,0.1,1.0,20.0,10 V,1.0,False,1
54.2150,-0.003590000000000003,0.0001,-0.6358984,177130.4735376043,181364.99999999997,0.0181365,nan,nan,nan,nan,0.1,1.0,20.0,10 V,1.0,False,1
54.2574,-0.003640000000000003,0.0001,-0.6445102,177063.2417582416,181913.99999999997,0.0181914,nan,nan,nan,nan,0.1,1.0,20.0,10 V,1.0,False,1
54.2998,-0.003690000000000003,0.0001,-0.6532209,177024.6341463413,181693.99999999997,0.0181694,nan,nan,nan,nan,0.1,1.0,20.0,10 V,1.0,False,1
54.3422,-0.0037400000000000033,0.0001,-0.6616347,176907.6737967913,181693.99999999997,0.0181694,nan,nan,nan,nan,0.1,1.0,20.0,10 V,1.0,False,1
54.3844,-0.0037900000000000034,0.0001,-0.6702465,176846.04221635868,181475.0,0.0181475,nan,nan,nan,nan,0.1,1.0,20.0,10 V,1.0,False,1
54.4267,-0.0038400000000000036,0.0001,-0.6790343,176831.84895833314,181913.99999999997,0.0181914,nan,nan,nan,nan,0.1,1.0,20.0,10 V,1.0,False,1
54.4687,-0.0038900000000000037,0.0001,-0.6875361,176744.4987146528,181913.99999999997,0.0181914,nan,nan,nan,nan,0.1,1.0,20.0,10 V,1.0,False,1
54.5108,-0.003940000000000003,0.0001,-0.6962359,176709.61928933993,181803.99999999997,0.0181804,nan,nan,nan,nan,0.1,1.0,20.0,10 V,1.0,False,1
54.5533,-0.003990000000000003,0.0001,-0.7050566,176705.91478696727,181693.99999999997,0.0181694,nan,nan,nan,nan,0.1,1.0,20.0,10 V,1.0,False,1
54.5958,-0.004040000000000003,0.0001,-0.7136134,176636.98019801968,181913.99999999997,0.0181914,nan,nan,nan,nan,0.1,1.0,20.0,10 V,1.0,False,1
54.6382,-0.0040900000000000025,0.0001,-0.7222912,176599.3154034229,182244.0,0.0182244,nan,nan,nan,nan,0.1,1.0,20.0,10 V,1.0,False,1
54.6806,-0.004140000000000002,0.0001,-0.730958,176559.90338164242,182024.0,0.0182024,nan,nan,nan,nan,0.1,1.0,20.0,10 V,1.0,False,1
54.7230,-0.004190000000000002,0.0001,-0.7396028,176516.1813842481,181693.99999999997,0.0181694,nan,nan,nan,nan,0.1,1.0,20.0,10 V,1.0,False,1
54.7654,-0.004240000000000002,0.0001,-0.7482586,176476.0849056603,182134.0,0.0182134,nan,nan,nan,nan,0.1,1.0,20.0,10 V,1.0,False,1
54.8078,-0.004290000000000001,0.0001,-0.7566614,176377.94871794866,181803.99999999997,0.0181804,nan,nan,nan,nan,0.1,1.0,20.0,10 V,1.0,False,1
54.8502,-0.004340000000000001,0.0001,-0.7654272,176365.71428571426,182024.0,0.0182024,nan,nan,nan,nan,0.1,1.0,20.0,10 V,1.0,False,1
54.8927,-0.004390000000000001,0.0001,-0.773885,176283.59908883824,182134.0,0.0182134,nan,nan,nan,nan,0.1,1.0,20.0,10 V,1.0,False,1
54.9351,-0.00444,0.0001,-0.7826727,176277.63513513512,181803.99999999997,0.0181804,nan,nan,nan,nan,0.1,1.0,20.0,10 V,1.0,False,1
54.9775,-0.00449,0.0001,-0.7914165,176262.0267260579,182353.99999999997,0.0182354,nan,nan,nan,nan,0.1,1.0,20.0,10 V,1.0,False,1
55.0199,-0.00454,0.0001,-0.8000613,176224.95594713656,181913.99999999997,0.0181914,nan,nan,nan,nan,0.1,1.0,20.0,10 V,1.0,False,1
55.0624,-0.0045899999999999995,0.0001,-0.8085961,176164.72766884536,182024.0,0.0182024,nan,nan,nan,nan,0.1,1.0,20.0,10 V,1.0,False,1
55.1048,-0.004639999999999999,0.0001,-0.8172079,176122.39224137933,182134.0,0.0182134,nan,nan,nan,nan,0.1,1.0,20.0,10 V,1.0,False,1
55.1473,-0.004689999999999999,0.0001,-0.8256217,176038.74200426444,181254.99999999997,0.0181255,nan,nan,nan,nan,0.1,1.0,20.0,10 V,1.0,False,1
55.1898,-0.0047399999999999986,0.0001,-0.8342777,176007.95358649796,181803.99999999997,0.0181804,nan,nan,nan,nan,0.1,1.0,20.0,10 V,1.0,False,1
55.2323,-0.004789999999999998,0.0001,-0.8426695,175922.6513569938,181693.99999999997,0.0181694,nan,nan,nan,nan,0.1,1.0,20.0,10 V,1.0,False,1
55.2747,-0.004839999999999998,0.0001,-0.8515453,175939.111570248,181584.0,0.0181584,nan,nan,nan,nan,0.1,1.0,20.0,10 V,1.0,False,1
55.3171,-0.004889999999999998,0.0001,-0.8600691,175883.2515337424,181913.99999999997,0.0181914,nan,nan,nan,nan,0.1,1.0,20.0,10 V,1.0,False,1
55.3596,-0.004939999999999997,0.0001,-0.8686699,175844.10931174096,181693.99999999997,0.0181694,nan,nan,nan,nan,0.1,1.0,20.0,10 V,1.0,False,1
55.4020,-0.004989999999999997,0.0001,-0.8773806,175827.7755511023,182573.99999999997,0.0182574,nan,nan,nan,nan,0.1,1.0,20.0,10 V,1.0,False,1
55.4444,-0.005039999999999997,0.0001,-0.8861574,175824.88095238106,182134.0,0.0182134,nan,nan,nan,nan,0.1,1.0,20.0,10 V,1.0,False,1
55.4869,-0.0050899999999999964,0.0001,-0.8947252,175780.98231827124,182134.0,0.0182134,nan,nan,nan,nan,0.1,1.0,20.0,10 V,1.0,False,1
55.5294,-0.005139999999999996,0.0001,-0.90359,175795.7198443581,181584.0,0.0181584,nan,nan,nan,nan,0.1,1.0,20.0,10 V,1.0,False,1
55.5718,-0.005189999999999996,0.0001,-0.9120038,175723.27552986526,181803.99999999997,0.0181804,nan,nan,nan,nan,0.1,1.0,20.0,10 V,1.0,False,1
55.6143,-0.0052399999999999955,0.0001,-0.9206706,175700.49618320627,182024.0,0.0182024,nan,nan,nan,nan,0.1,1.0,20.0,10 V,1.0,False,1
55.6568,-0.005289999999999995,0.0001,-0.9292274,175657.35349716464,182024.0,0.0182024,nan,nan,nan,nan,0.1,1.0,20.0,10 V,1.0,False,1
55.6991,-0.005339999999999995,0.0001,-0.937861,175629.40074906385,182134.0,0.0182134,nan,nan,nan,nan,0.1,1.0,20.0,10 V,1.0,False,1
55.7415,-0.005389999999999995,0.0001,-0.9464068,175585.67717996307,181913.99999999997,0.0181914,nan,nan,nan,nan,0.1,1.0,20.0,10 V,1.0,False,1
55.7836,-0.005439999999999994,0.0001,-0.9549086,175534.66911764722,182134.0,0.0182134,nan,nan,nan,nan,0.1,1.0,20.0,10 V,1.0,False,1
55.8258,-0.005489999999999994,0.0001,-0.9635314,175506.63023679436,181913.99999999997,0.0181914,nan,nan,nan,nan,0.1,1.0,20.0,10 V,1.0,False,1
55.8681,-0.005539999999999994,0.0001,-0.9720002,175451.29963898938,181913.99999999997,0.0181914,nan,nan,nan,nan,0.1,1.0,20.0,10 V,1.0,False,1
55.9106,-0.005589999999999993,0.0001,-0.980975,175487.47763864062,182244.0,0.0182244,nan,nan,nan,nan,0.1,1.0,20.0,10 V,1.0,False,1
55.9530,-0.005639999999999993,0.0001,-0.9897957,175495.6914893619,182024.0,0.0182024,nan,nan,nan,nan,0.1,1.0,20.0,10 V,1.0,False,1
55.9954,-0.005689999999999993,0.0001,-0.9979236,175382.0035149387,181913.99999999997,0.0181914,nan,nan,nan,nan,0.1,1.0,20.0,10 V,1.0,False,1
56.0379,-0.0057399999999999925,0.0001,-1.0063264,175318.18815331036,181913.99999999997,0.0181914,nan,nan,nan,nan,0.1,1.0,20.0,10 V,1.0,False,1
56.0804,-0.005789999999999992,0.0001,-1.0149712,175297.27115716776,182024.0,0.0182024,nan,nan,nan,nan,0.1,1.0,20.0,10 V,1.0,False,1
56.1229,-0.005839999999999992,0.0001,-1.023418,175242.8082191783,182134.0,0.0182134,nan,nan,nan,nan,0.1,1.0,20.0,10 V,1.0,False,1
56.1654,-0.005889999999999992,0.0001,-1.0319858,175209.8132427846,181913.99999999997,0.0181914,nan,nan,nan,nan,0.1,1.0,20.0,10 V,1.0,False,1
56.2079,-0.005939999999999991,0.0001,-1.0407516,175210.70707070734,182024.0,0.0182024,nan,nan,nan,nan,0.1,1.0,20.0,10 V,1.0,False,1
56.2504,-0.005989999999999991,0.0001,-1.0492646,175169.38230384002,182024.0,0.0182024,nan,nan,nan,nan,0.1,1.0,20.0,10 V,1.0,False,1
56.2929,-0.006039999999999991,0.0001,-1.0578104,175134.17218543074,182463.99999999997,0.0182464,nan,nan,nan,nan,0.1,1.0,20.0,10 V,1.0,False,1
56.3353,-0.00608999999999999,0.0001,-1.0662682,175085.09031198715,182463.99999999997,0.0182464,nan,nan,nan,nan,0.1,1.0,20.0,10 V,1.0,False,1
56.3778,-0.00613999999999999,0.0001,-1.074748,175040.39087947912,182134.0,0.0182134,nan,nan,nan,nan,0.1,1.0,20.0,10 V,1.0,False,1
56.4202,-0.00618999999999999,0.0001,-1.0834368,175030.1777059777,182244.0,0.0182244,nan,nan,nan,nan,0.1,1.0,20.0,10 V,1.0,False,1
56.4627,-0.0062399999999999895,0.0001,-1.0921696,175027.1794871798,181584.0,0.0181584,nan,nan,nan,nan,0.1,1.0,20.0,10 V,1.0,False,1
56.5051,-0.006289999999999989,0.0001,-1.1005834,174973.51351351384,182024.0,0.0182024,nan,nan,nan,nan,0.1,1.0,20.0,10 V,1.0,False,1
56.5476,-0.006339999999999989,0.0001,-1.1091952,174951.92429022113,182244.0,0.0182244,nan,nan,nan,nan,0.1,1.0,20.0,10 V,1.0,False,1
56.5900,-0.006389999999999989,0.0001,-1.11784,174935.8372456967,181803.99999999997,0.0181804,nan,nan,nan,nan,0.1,1.0,20.0,10 V,1.0,False,1
56.6325,-0.006439999999999988,0.0001,-1.1262208,174879.00621118044,182134.0,0.0182134,nan,nan,nan,nan,0.1,1.0,20.0,10 V,1.0,False,1
56.6750,-0.006489999999999988,0.0001,-1.1348986,174868.81355932239,182244.0,0.0182244,nan,nan,nan,nan,0.1,1.0,20.0,10 V,1.0,False,1
56.7174,-0.006539999999999988,0.0001,-1.1433674,174826.81957186575,182244.0,0.0182244,nan,nan,nan,nan,0.1,1.0,20.0,10 V,1.0,False,1
56.7599,-0.006589999999999987,0.0001,-1.1520671,174820.50075872566,182353.99999999997,0.0182354,nan,nan,nan,nan,0.1,1.0,20.0,10 V,1.0,False,1
56.8023,-0.006639999999999987,0.0001,-1.1607449,174810.978915663,182684.0,0.0182684,nan,nan,nan,nan,0.1,1.0,20.0,10 V,1.0,False,1
56.8448,-0.006689999999999987,0.0001,-1.1692797,174780.22421524697,182573.99999999997,0.0182574,nan,nan,nan,nan,0.1,1.0,20.0,10 V,1.0,False,1
56.8872,-0.0067399999999999865,0.0001,-1.1780125,174779.3026706235,182244.0,0.0182244,nan,nan,nan,nan,0.1,1.0,20.0,10 V,1.0,False,1
56.9297,-0.006789999999999986,0.0001,-1.1861404,174689.3078055968,182573.99999999997,0.0182574,nan,nan,nan,nan,0.1,1.0,20.0,10 V,1.0,False,1
56.9721,-0.006839999999999986,0.0001,-1.1949281,174697.0906432752,182684.0,0.0182684,nan,nan,nan,nan,0.1,1.0,20.0,10 V,1.0,False,1
57.0144,-0.0068899999999999855,0.0001,-1.2037269,174706.37155297567,182463.99999999997,0.0182464,nan,nan,nan,nan,0.1,1.0,20.0,10 V,1.0,False,1
57.0569,-0.006939999999999985,0.0001,-1.2125476,174718.6743515854,182573.99999999997,0.0182574,nan,nan,nan,nan,0.1,1.0,20.0,10 V,1.0,False,1
57.0993,-0.006989999999999985,0.0001,-1.2207415,174641.13018598035,182244.0,0.0182244,nan,nan,nan,nan,0.1,1.0,20.0,10 V,1.0,False,1
57.1417,-0.007039999999999985,0.0001,-1.2299472,174708.40909090947,182463.99999999997,0.0182464,nan,nan,nan,nan,0.1,1.0,20.0,10 V,1.0,False,1
57.1841,-0.007089999999999984,0.0001,-1.238383,174666.14950634734,182573.99999999997,0.0182574,nan,nan,nan,nan,0.1,1.0,20.0,10 V,1.0,False,1
57.2266,-0.007139999999999984,0.0001,-1.2468628,174630.64425770345,182244.0,0.0182244,nan,nan,nan,nan,0.1,1.0,20.0,10 V,1.0,False,1
57.2690,-0.007189999999999984,0.0001,-1.2553427,174595.64673157202,182573.99999999997,0.0182574,nan,nan,nan,nan,0.1,1.0,20.0,10 V,1.0,False,1
57.3113,-0.007239999999999983,0.0001,-1.2639105,174573.27348066337,182573.99999999997,0.0182574,nan,nan,nan,nan,0.1,1.0,20.0,10 V,1.0,False,1
57.3534,-0.007289999999999983,0.0001,-1.2722584,174521.04252400587,182573.99999999997,0.0182574,nan,nan,nan,nan,0.1,1.0,20.0,10 V,1.0,False,1
57.3955,-0.007339999999999983,0.0001,-1.2807492,174488.99182561348,182463.99999999997,0.0182464,nan,nan,nan,nan,0.1,1.0,20.0,10 V,1.0,False,1
57.4376,-0.0073899999999999825,0.0001,-1.2896689,174515.41271989213,182463.99999999997,0.0182464,nan,nan,nan,nan,0.1,1.0,20.0,10 V,1.0,False,1
57.4796,-0.007439999999999982,0.0001,-1.2978518,174442.44623655957,182684.0,0.0182684,nan,nan,nan,nan,0.1,1.0,20.0,10 V,1.0,False,1
57.5218,-0.007489999999999982,0.0001,-1.3060016,174366.03471295105,182134.0,0.0182134,nan,nan,nan,nan,0.1,1.0,20.0,10 V,1.0,False,1
57.5641,-0.007539999999999982,0.0001,-1.3150533,174410.25198939032,182463.99999999997,0.0182464,nan,nan,nan,nan,0.1,1.0,20.0,10 V,1.0,False,1
57.6066,-0.007589999999999981,0.0001,-1.3235002,174374.20289855116,182573.99999999997,0.0182574,nan,nan,nan,nan,0.1,1.0,20.0,10 V,1.0,False,1
57.6489,-0.007639999999999981,0.0001,-1.331881,174329.97382198996,182684.0,0.0182684,nan,nan,nan,nan,0.1,1.0,20.0,10 V,1.0,False,1
57.6913,-0.007689999999999981,0.0001,-1.3407237,174346.3849154751,182463.99999999997,0.0182464,nan,nan,nan,nan,0.1,1.0,20.0,10 V,1.0,False,1
57.7338,-0.00773999999999998,0.0001,-1.3493575,174335.59431524592,182244.0,0.0182244,nan,nan,nan,nan,0.1,1.0,20.0,10 V,1.0,False,1
57.7763,-0.00778999999999998,0.0001,-1.3576946,174286.8549422341,182573.99999999997,0.0182574,nan,nan,nan,nan,0.1,1.0,20.0,10 V,1.0,False,1
57.8187,-0.00783999999999998,0.0001,-1.3662953,174272.35969387798,182573.99999999997,0.0182574,nan,nan,nan,nan,0.1,1.0,20.0,10 V,1.0,False,1
57.8611,-0.00788999999999998,0.0001,-1.3747092,174234.3726235746,182684.0,0.0182684,nan,nan,nan,nan,0.1,1.0,20.0,10 V,1.0,False,1
57.9035,-0.00793999999999998,0.0001,-1.3837389,174274.42065491228,182244.0,0.0182244,nan,nan,nan,nan,0.1,1.0,20.0,10 V,1.0,False,1
57.9459,-0.00798999999999998,0.0001,-1.3923617,174263.04130162747,182794.0,0.0182794,nan,nan,nan,nan,0.1,1.0,20.0,10 V,1.0,False,1
57.9884,-0.00803999999999998,0.0001,-1.4008415,174234.0174129358,182463.99999999997,0.0182464,nan,nan,nan,nan,0.1,1.0,20.0,10 V,1.0,False,1
58.0308,-0.00808999999999998,0.0001,-1.4092333,174194.47466007457,182134.0,0.0182134,nan,nan,nan,nan,0.1,1.0,20.0,10 V,1.0,False,1
58.0732,-0.008139999999999979,0.0001,-1.4176141,174154.06633906678,182684.0,0.0182684,nan,nan,nan,nan,0.1,1.0,20.0,10 V,1.0,False,1
58.1157,-0.008189999999999979,0.0001,-1.4262589,174146.3858363863,182684.0,0.0182684,nan,nan,nan,nan,0.1,1.0,20.0,10 V,1.0,False,1
58.1581,-0.008239999999999978,0.0001,-1.4352337,174178.84708737908,182684.0,0.0182684,nan,nan,nan,nan,0.1,1.0,20.0,10 V,1.0,False,1
58.2005,-0.008289999999999978,0.0001,-1.4437465,174155.1869722562,183013.99999999997,0.0183014,nan,nan,nan,nan,0.1,1.0,20.0,10 V,1.0,False,1
58.2430,-0.008339999999999978,0.0001,-1.4523253,174139.72422062396,183013.99999999997,0.0183014,nan,nan,nan,nan,0.1,1.0,20.0,10 V,1.0,False,1
58.2854,-0.008389999999999977,0.0001,-1.461256,174166.3885578074,182463.99999999997,0.0182464,nan,nan,nan,nan,0.1,1.0,20.0,10 V,1.0,False,1
58.3277,-0.008439999999999977,0.0001,-1.4696147,174124.96445497678,182794.0,0.0182794,nan,nan,nan,nan,0.1,1.0,20.0,10 V,1.0,False,1
58.3701,-0.008489999999999977,0.0001,-1.4782155,174112.5441696118,182794.0,0.0182794,nan,nan,nan,nan,0.1,1.0,20.0,10 V,1.0,False,1
58.4125,-0.008539999999999976,0.0001,-1.4864644,174059.06323185063,182794.0,0.0182794,nan,nan,nan,nan,0.1,1.0,20.0,10 V,1.0,False,1
58.4550,-0.008589999999999976,0.0001,-1.4945372,173985.70430733456,182794.0,0.0182794,nan,nan,nan,nan,0.1,1.0,20.0,10 V,1.0,False,1
58.4973,-0.008639999999999976,0.0001,-1.50338,174002.31481481527,182463.99999999997,0.0182464,nan,nan,nan,nan,0.1,1.0,20.0,10 V,1.0,False,1
58.5397,-0.008689999999999976,0.0001,-1.5121018,174004.81012658274,182794.0,0.0182794,nan,nan,nan,nan,0.1,1.0,20.0,10 V,1.0,False,1
58.5821,-0.008739999999999975,0.0001,-1.5201196,173926.72768878765,182684.0,0.0182684,nan,nan,nan,nan,0.1,1.0,20.0,10 V,1.0,False,1
58.6245,-0.008789999999999975,0.0001,-1.5286104,173903.3447098981,182684.0,0.0182684,nan,nan,nan,nan,0.1,1.0,20.0,10 V,1.0,False,1
58.6670,-0.008839999999999975,0.0001,-1.5372222,173893.91402714982,183013.99999999997,0.0183014,nan,nan,nan,nan,0.1,1.0,20.0,10 V,1.0,False,1
58.7094,-0.008889999999999974,0.0001,-1.545834,173884.5894263222,182903.99999999997,0.0182904,nan,nan,nan,nan,0.1,1.0,20.0,10 V,1.0,False,1
58.7518,-0.008939999999999974,0.0001,-1.5540609,173832.31543624212,182463.99999999997,0.0182464,nan,nan,nan,nan,0.1,1.0,20.0,10 V,1.0,False,1
58.7943,-0.008989999999999974,0.0001,-1.5628486,173843.00333704168,183123.99999999997,0.0183124,nan,nan,nan,nan,0.1,1.0,20.0,10 V,1.0,False,1
58.8366,-0.009039999999999973,0.0001,-1.5719885,173892.5331858412,183123.99999999997,0.0183124,nan,nan,nan,nan,0.1,1.0,20.0,10 V,1.0,False,1
58.8788,-0.009089999999999973,0.0001,-1.5799734,173814.45544554506,182684.0,0.0182684,nan,nan,nan,nan,0.1,1.0,20.0,10 V,1.0,False,1
58.9212,-0.009139999999999973,0.0001,-1.5889922,173850.35010940972,182024.0,0.0182024,nan,nan,nan,nan,0.1,1.0,20.0,10 V,1.0,False,1
58.9637,-0.009189999999999972,0.0001,-1.597164,173793.68879216592,182684.0,0.0182684,nan,nan,nan,nan,0.1,1.0,20.0,10 V,1.0,False,1
59.0061,-0.009239999999999972,0.0001,-1.6060948,173819.78354978407,182573.99999999997,0.0182574,nan,nan,nan,nan,0.1,1.0,20.0,10 V,1.0,False,1
59.0486,-0.009289999999999972,0.0001,-1.6147615,173817.16899892408,182903.99999999997,0.0182904,nan,nan,nan,nan,0.1,1.0,20.0,10 V,1.0,False,1
59.0911,-0.009339999999999972,0.0001,-1.6231644,173786.33832976499,182684.0,0.0182684,nan,nan,nan,nan,0.1,1.0,20.0,10 V,1.0,False,1
59.1335,-0.009389999999999971,0.0001,-1.6318641,173787.44408945742,182573.99999999997,0.0182574,nan,nan,nan,nan,0.1,1.0,20.0,10 V,1.0,False,1
59.1759,-0.009439999999999971,0.0001,-1.6405749,173789.7139830514,183013.99999999997,0.0183014,nan,nan,nan,nan,0.1,1.0,20.0,10 V,1.0,False,1
59.2184,-0.00948999999999997,0.0001,-1.6495387,173818.61959957905,182794.0,0.0182794,nan,nan,nan,nan,0.1,1.0,20.0,10 V,1.0,False,1
59.2611,-0.00953999999999997,0.0001,-1.6575015,173742.2955974848,182794.0,0.0182794,nan,nan,nan,nan,0.1,1.0,20.0,10 V,1.0,False,1
59.3032,-0.00958999999999997,0.0001,-1.6658934,173711.5119916585,182794.0,0.0182794,nan,nan,nan,nan,0.1,1.0,20.0,10 V,1.0,False,1
60.0669,-0.00963999999999997,0.0001,-1.6698418,173220.10373444034,183673.99999999997,0.0183674,nan,nan,nan,nan,0.1,1.0,20.0,10 V,1.0,False,1
60.1091,-0.00968999999999997,0.0001,-1.6791464,173286.52218782305,183454.0,0.0183454,nan,nan,nan,nan,0.1,1.0,20.0,10 V,1.0,False,1
60.1512,-0.00973999999999997,0.0001,-1.6877032,173275.4825462018,183454.0,0.0183454,nan,nan,nan,nan,0.1,1.0,20.0,10 V,1.0,False,1
60.1936,-0.009789999999999969,0.0001,-1.6966999,173309.48927477072,183233.99999999997,0.0183234,nan,nan,nan,nan,0.1,1.0,20.0,10 V,1.0,False,1
60.2360,-0.009839999999999969,0.0001,-1.7058286,173356.56504065095,183233.99999999997,0.0183234,nan,nan,nan,nan,0.1,1.0,20.0,10 V,1.0,False,1
60.2784,-0.009889999999999968,0.0001,-1.7145724,173364.24671385295,183123.99999999997,0.0183124,nan,nan,nan,nan,0.1,1.0,20.0,10 V,1.0,False,1
60.3208,-0.009939999999999968,0.0001,-1.7235142,173391.77062374304,183013.99999999997,0.0183014,nan,nan,nan,nan,0.1,1.0,20.0,10 V,1.0,False,1
60.3632,-0.009989999999999968,0.0001,-1.7321259,173385.97597597656,183123.99999999997,0.0183124,nan,nan,nan,nan,0.1,1.0,20.0,10 V,1.0,False,1
60.4056,-0.010039999999999967,0.0001,-1.7414086,173447.07171314795,183233.99999999997,0.0183234,nan,nan,nan,nan,0.1,1.0,20.0,10 V,1.0,False,1
60.4480,-0.010089999999999967,0.0001,-1.7497455,173413.8255698717,183123.99999999997,0.0183124,nan,nan,nan,nan,0.1,1.0,20.0,10 V,1.0,False,1
60.4905,-0.010139999999999967,0.0001,-1.7590502,173476.35108481318,182903.99999999997,0.0182904,nan,nan,nan,nan,0.1,1.0,20.0,10 V,1.0,False,1
60.5329,-0.010189999999999966,0.0001,-1.76742,173446.516192346,183454.0,0.0183454,nan,nan,nan,nan,0.1,1.0,20.0,10 V,1.0,False,1
60.5754,-0.010239999999999966,0.0001,-1.7765818,173494.31640625058,183454.0,0.0183454,nan,nan,nan,nan,0.1,1.0,20.0,10 V,1.0,False,1
60.6178,-0.010289999999999966,0.0001,-1.7849076,173460.40816326588,183344.0,0.0183344,nan,nan,nan,nan,0.1,1.0,20.0,10 V,1.0,False,1
60.6602,-0.010339999999999966,0.0001,-1.7942453,173524.6905222443,183563.99999999997,0.0183564,nan,nan,nan,nan,0.1,1.0,20.0,10 V,1.0,False,1
60.7027,-0.010389999999999965,0.0001,-1.8029231,173524.84119345582,183233.99999999997,0.0183234,nan,nan,nan,nan,0.1,1.0,20.0,10 V,1.0,False,1
60.7451,-0.010439999999999965,0.0001,-1.8114909,173514.45402298908,183344.0,0.0183344,nan,nan,nan,nan,0.1,1.0,20.0,10 V,1.0,False,1
60.7875,-0.010489999999999965,0.0001,-1.8200587,173504.16587225985,183454.0,0.0183454,nan,nan,nan,nan,0.1,1.0,20.0,10 V,1.0,False,1
60.8299,-0.010539999999999964,0.0001,-1.8293964,173567.02087286586,183233.99999999997,0.0183234,nan,nan,nan,nan,0.1,1.0,20.0,10 V,1.0,False,1
60.8724,-0.010589999999999964,0.0001,-1.8382171,173580.4627006616,183344.0,0.0183344,nan,nan,nan,nan,0.1,1.0,20.0,10 V,1.0,False,1
60.9149,-0.010639999999999964,0.0001,-1.8471369,173603.09210526373,183454.0,0.0183454,nan,nan,nan,nan,0.1,1.0,20.0,10 V,1.0,False,1
60.9573,-0.010689999999999963,0.0001,-1.8555067,173574.05986903707,183454.0,0.0183454,nan,nan,nan,nan,0.1,1.0,20.0,10 V,1.0,False,1
60.9995,-0.010739999999999963,0.0001,-1.8641185,173567.83054003783,183344.0,0.0183344,nan,nan,nan,nan,0.1,1.0,20.0,10 V,1.0,False,1
61.0419,-0.010789999999999963,0.0001,-1.8728733,173574.91195551495,183454.0,0.0183454,nan,nan,nan,nan,0.1,1.0,20.0,10 V,1.0,False,1
61.0844,-0.010839999999999963,0.0001,-1.8814631,173566.70664206703,183454.0,0.0183454,nan,nan,nan,nan,0.1,1.0,20.0,10 V,1.0,False,1
61.1269,-0.010889999999999962,0.0001,-1.8902838,173579.77961432567,183563.99999999997,0.0183564,nan,nan,nan,nan,0.1,1.0,20.0,10 V,1.0,False,1
61.1694,-0.010939999999999962,0.0001,-1.8990166,173584.6983546624,183563.99999999997,0.0183564,nan,nan,nan,nan,0.1,1.0,20.0,10 V,1.0,False,1
61.2118,-0.010989999999999962,0.0001,-1.9079803,173610.5823475893,183454.0,0.0183454,nan,nan,nan,nan,0.1,1.0,20.0,10 V,1.0,False,1
61.3329,-0.011089999999999961,0.0001,-1.9253909,173615.04959422964,183673.99999999997,0.0183674,nan,nan,nan,nan,0.1,1.0,20.0,10 V,1.0,False,1
61.3753,-0.01113999999999996,0.0001,-1.9343986,173644.3985637349,183783.99999999997,0.0183784,nan,nan,nan,nan,0.1,1.0,20.0,10 V,1.0,False,1
61.4177,-0.01118999999999996,0.0001,-1.9433404,173667.5960679184,183454.0,0.0183454,nan,nan,nan,nan,0.1,1.0,20.0,10 V,1.0,False,1
61.4602,-0.01123999999999996,0.0001,-1.9520731,173671.98398576575,184114.0,0.0184114,nan,nan,nan,nan,0.1,1.0,20.0,10 V,1.0,False,1
61.5026,-0.01128999999999996,0.0001,-1.9611909,173710.4428697969,183783.99999999997,0.0183784,nan,nan,nan,nan,0.1,1.0,20.0,10 V,1.0,False,1
61.5451,-0.01133999999999996,0.0001,-1.9698906,173711.69312169374,184004.0,0.0184004,nan,nan,nan,nan,0.1,1.0,20.0,10 V,1.0,False,1
61.5875,-0.01138999999999996,0.0001,-1.9788544,173736.1194029857,183783.99999999997,0.0183784,nan,nan,nan,nan,0.1,1.0,20.0,10 V,1.0,False,1
61.6300,-0.011439999999999959,0.0001,-1.9875214,173734.38811188872,183454.0,0.0183454,nan,nan,nan,nan,0.1,1.0,20.0,10 V,1.0,False,1
61.6724,-0.011489999999999959,0.0001,-1.9960672,173722.12358572733,183783.99999999997,0.0183784,nan,nan,nan,nan,0.1,1.0,20.0,10 V,1.0,False,1
61.7149,-0.011539999999999958,0.0001,-2.0050089,173744.27209705435,184004.0,0.0184004,nan,nan,nan,nan,0.1,1.0,20.0,10 V,1.0,False,1
62.1134,-0.011589999999999958,0.0001,-2.0088144,173323.0716134605,184223.99999999997,0.0184224,nan,nan,nan,nan,0.1,1.0,20.0,10 V,1.0,False,1
62.1559,-0.011639999999999958,0.0001,-2.0268408,174127.21649484598,184664.0,0.0184664,nan,nan,nan,nan,0.1,1.0,20.0,10 V,1.0,False,1
62.1982,-0.011689999999999957,0.0001,-2.0314052,173772.89991445743,184223.99999999997,0.0184224,nan,nan,nan,nan,0.1,1.0,20.0,10 V,1.0,False,1
62.2406,-0.011739999999999957,0.0001,-2.0383342,173623.01533219824,184223.99999999997,0.0184224,nan,nan,nan,nan,0.1,1.0,20.0,10 V,1.0,False,1
62.2830,-0.011789999999999957,0.0001,-2.0467261,173598.4817642076,184774.0,0.0184774,nan,nan,nan,nan,0.1,1.0,20.0,10 V,1.0,False,1
62.3255,-0.011839999999999956,0.0001,-2.0588903,173892.76182432496,184223.99999999997,0.0184224,nan,nan,nan,nan,0.1,1.0,20.0,10 V,1.0,False,1
62.3679,-0.011889999999999956,0.0001,-2.0644226,173626.7956265776,184114.0,0.0184114,nan,nan,nan,nan,0.1,1.0,20.0,10 V,1.0,False,1
62.4103,-0.011939999999999956,0.0001,-2.0735183,173661.49916247968,184114.0,0.0184114,nan,nan,nan,nan,0.1,1.0,20.0,10 V,1.0,False,1
62.4527,-0.011989999999999956,0.0001,-2.0831749,173742.6939115936,184114.0,0.0184114,nan,nan,nan,nan,0.1,1.0,20.0,10 V,1.0,False,1
62.4951,-0.012039999999999955,0.0001,-2.0917866,173736.4285714292,184004.0,0.0184004,nan,nan,nan,nan,0.1,1.0,20.0,10 V,1.0,False,1
62.5375,-0.012089999999999955,0.0001,-2.1009153,173772.97766749444,184114.0,0.0184114,nan,nan,nan,nan,0.1,1.0,20.0,10 V,1.0,False,1
62.5799,-0.012139999999999955,0.0001,-2.1098241,173791.1120263598,184554.0,0.0184554,nan,nan,nan,nan,0.1,1.0,20.0,10 V,1.0,False,1
62.6224,-0.012189999999999954,0.0001,-2.1185349,173792.85479901626,184114.0,0.0184114,nan,nan,nan,nan,0.1,1.0,20.0,10 V,1.0,False,1
62.6647,-0.012239999999999954,0.0001,-2.1276416,173826.9281045758,184333.99999999997,0.0184334,nan,nan,nan,nan,0.1,1.0,20.0,10 V,1.0,False,1
62.7072,-0.012289999999999954,0.0001,-2.1364403,173835.6631407655,184443.99999999997,0.0184444,nan,nan,nan,nan,0.1,1.0,20.0,10 V,1.0,False,1
62.7495,-0.012339999999999953,0.0001,-2.145745,173885.33225283696,184223.99999999997,0.0184224,nan,nan,nan,nan,0.1,1.0,20.0,10 V,1.0,False,1
62.7920,-0.012389999999999953,0.0001,-2.1550497,173934.60048426216,184664.0,0.0184664,nan,nan,nan,nan,0.1,1.0,20.0,10 V,1.0,False,1
62.8344,-0.012439999999999953,0.0001,-2.1638265,173941.0369774926,184223.99999999997,0.0184224,nan,nan,nan,nan,0.1,1.0,20.0,10 V,1.0,False,1
62.8769,-0.012489999999999953,0.0001,-2.1734172,174012.58606885571,184664.0,0.0184664,nan,nan,nan,nan,0.1,1.0,20.0,10 V,1.0,False,1
62.9194,-0.012539999999999952,0.0001,-2.181831,173989.71291866092,184664.0,0.0184664,nan,nan,nan,nan,0.1,1.0,20.0,10 V,1.0,False,1
62.9618,-0.012589999999999952,0.0001,-2.1913336,174053.5027799848,184554.0,0.0184554,nan,nan,nan,nan,0.1,1.0,20.0,10 V,1.0,False,1
63.0043,-0.012639999999999952,0.0001,-2.2008474,174117.67405063356,184443.99999999997,0.0184444,nan,nan,nan,nan,0.1,1.0,20.0,10 V,1.0,False,1
63.0467,-0.012689999999999951,0.0001,-2.2257259,175392.11189913386,184774.0,0.0184774,nan,nan,nan,nan,0.1,1.0,20.0,10 V,1.0,False,1
63.0891,-0.012739999999999951,0.0001,-2.2212275,174350.66718995356,184774.0,0.0184774,nan,nan,nan,nan,0.1,1.0,20.0,10 V,1.0,False,1
63.1314,-0.01278999999999995,0.0001,-2.2287615,174258.1313526199,184443.99999999997,0.0184444,nan,nan,nan,nan,0.1,1.0,20.0,10 V,1.0,False,1
63.1738,-0.01283999999999995,0.0001,-2.2379012,174291.3707165116,184883.99999999997,0.0184884,nan,nan,nan,nan,0.1,1.0,20.0,10 V,1.0,False,1
63.2163,-0.01288999999999995,0.0001,-2.2469969,174320.93871218065,184883.99999999997,0.0184884,nan,nan,nan,nan,0.1,1.0,20.0,10 V,1.0,False,1
63.2587,-0.01293999999999995,0.0001,-2.2557847,174326.4837712526,184993.99999999997,0.0184994,nan,nan,nan,nan,0.1,1.0,20.0,10 V,1.0,False,1
63.3011,-0.01298999999999995,0.0001,-2.2650564,174369.23787528937,184774.0,0.0184774,nan,nan,nan,nan,0.1,1.0,20.0,10 V,1.0,False,1
63.3435,-0.01303999999999995,0.0001,-2.2735142,174349.24846625834,184664.0,0.0184664,nan,nan,nan,nan,0.1,1.0,20.0,10 V,1.0,False,1
63.3860,-0.013089999999999949,0.0001,-2.2830498,174411.74942704424,184883.99999999997,0.0184884,nan,nan,nan,nan,0.1,1.0,20.0,10 V,1.0,False,1
63.4284,-0.013139999999999949,0.0001,-2.2916286,174400.95890411027,184774.0,0.0184774,nan,nan,nan,nan,0.1,1.0,20.0,10 V,1.0,False,1
63.4708,-0.013189999999999948,0.0001,-2.3010322,174452.78241091804,184774.0,0.0184774,nan,nan,nan,nan,0.1,1.0,20.0,10 V,1.0,False,1
63.5131,-0.013239999999999948,0.0001,-2.3107109,174524.99244713061,185103.99999999997,0.0185104,nan,nan,nan,nan,0.1,1.0,20.0,10 V,1.0,False,1
63.5555,-0.013289999999999948,0.0001,-2.3203235,174591.68547780358,184554.0,0.0184554,nan,nan,nan,nan,0.1,1.0,20.0,10 V,1.0,False,1
63.5979,-0.013339999999999947,0.0001,-2.3284294,174544.93253373384,185103.99999999997,0.0185104,nan,nan,nan,nan,0.1,1.0,20.0,10 V,1.0,False,1
63.6403,-0.013389999999999947,0.0001,-2.338196,174622.55414488493,184993.99999999997,0.0184994,nan,nan,nan,nan,0.1,1.0,20.0,10 V,1.0,False,1
63.6828,-0.013439999999999947,0.0001,-2.3473797,174656.2276785721,185653.99999999997,0.0185654,nan,nan,nan,nan,0.1,1.0,20.0,10 V,1.0,False,1
63.7251,-0.013489999999999946,0.0001,-2.359896,174936.69384729498,185434.0,0.0185434,nan,nan,nan,nan,0.1,1.0,20.0,10 V,1.0,False,1
63.7672,-0.013539999999999946,0.0001,-2.3656811,174717.9542097496,185324.0,0.0185324,nan,nan,nan,nan,0.1,1.0,20.0,10 V,1.0,False,1
63.8094,-0.013589999999999946,0.0001,-2.373578,174656.21780721188,185103.99999999997,0.0185104,nan,nan,nan,nan,0.1,1.0,20.0,10 V,1.0,False,1
63.8518,-0.013639999999999946,0.0001,-2.3828387,174694.91935483943,185214.0,0.0185214,nan,nan,nan,nan,0.1,1.0,20.0,10 V,1.0,False,1
63.8943,-0.013689999999999945,0.0001,-2.3922864,174746.99780862013,185103.99999999997,0.0185104,nan,nan,nan,nan,0.1,1.0,20.0,10 V,1.0,False,1
63.9367,-0.013739999999999945,0.0001,-2.4010852,174751.47016011714,185434.0,0.0185434,nan,nan,nan,nan,0.1,1.0,20.0,10 V,1.0,False,1
63.9791,-0.013789999999999945,0.0001,-2.4107197,174816.51196519288,185324.0,0.0185324,nan,nan,nan,nan,0.1,1.0,20.0,10 V,1.0,False,1
64.0216,-0.013839999999999944,0.0001,-2.4203984,174884.27745664807,185543.99999999997,0.0185544,nan,nan,nan,nan,0.1,1.0,20.0,10 V,1.0,False,1
64.0641,-0.013889999999999944,0.0001,-2.430022,174947.58819294526,185103.99999999997,0.0185104,nan,nan,nan,nan,0.1,1.0,20.0,10 V,1.0,False,1
64.1066,-0.013939999999999944,0.0001,-2.4388208,174951.27690100498,185763.99999999997,0.0185764,nan,nan,nan,nan,0.1,1.0,20.0,10 V,1.0,False,1
64.1489,-0.013989999999999943,0.0001,-2.4484224,175012.32308792064,185874.0,0.0185874,nan,nan,nan,nan,0.1,1.0,20.0,10 V,1.0,False,1
64.1914,-0.014,0.0001,-2.451216,175086.85714285716,185763.99999999997,0.0185764,nan,nan,nan,nan,0.1,1.0,20.0,10 V,1.0,False,1
64.2338,-0.01395,0.0001,-2.443902,175190.1075268817,185763.99999999997,0.0185764,nan,nan,nan,nan,0.1,1.0,20.0,10 V,1.0,False,1
64.2762,-0.013900000000000001,0.0001,-2.437259,175342.37410071943,185874.0,0.0185874,nan,nan,nan,nan,0.1,1.0,20.0,10 V,1.0,False,1
64.3185,-0.013850000000000001,0.0001,-2.429802,175436.96750902524,185763.99999999997,0.0185764,nan,nan,nan,nan,0.1,1.0,20.0,10 V,1.0,False,1
64.3611,-0.013800000000000002,0.0001,-2.4225211,175545.0072463768,185763.99999999997,0.0185764,nan,nan,nan,nan,0.1,1.0,20.0,10 V,1.0,False,1
64.4036,-0.013750000000000002,0.0001,-2.4145252,175601.8327272727,185874.0,0.0185874,nan,nan,nan,nan,0.1,1.0,20.0,10 V,1.0,False,1
64.4460,-0.013700000000000002,0.0001,-2.4069472,175689.5766423357,186094.0,0.0186094,nan,nan,nan,nan,0.1,1.0,20.0,10 V,1.0,False,1
64.4884,-0.013650000000000002,0.0001,-2.3995894,175794.0952380952,185984.0,0.0185984,nan,nan,nan,nan,0.1,1.0,20.0,10 V,1.0,False,1
64.5308,-0.013600000000000003,0.0001,-2.3921434,175892.8970588235,185874.0,0.0185874,nan,nan,nan,nan,0.1,1.0,20.0,10 V,1.0,False,1
64.5732,-0.013550000000000003,0.0001,-2.3842905,175962.3985239852,185984.0,0.0185984,nan,nan,nan,nan,0.1,1.0,20.0,10 V,1.0,False,1
64.6156,-0.013500000000000003,0.0001,-2.3763276,176024.26666666663,186203.99999999997,0.0186204,nan,nan,nan,nan,0.1,1.0,20.0,10 V,1.0,False,1
64.6580,-0.013450000000000004,0.0001,-2.3696956,176185.54646840144,186203.99999999997,0.0186204,nan,nan,nan,nan,0.1,1.0,20.0,10 V,1.0,False,1
64.7004,-0.013400000000000004,0.0001,-2.3616887,176245.4253731343,186313.99999999997,0.0186314,nan,nan,nan,nan,0.1,1.0,20.0,10 V,1.0,False,1
64.7429,-0.013350000000000004,0.0001,-2.3538908,176321.4082397003,186203.99999999997,0.0186204,nan,nan,nan,nan,0.1,1.0,20.0,10 V,1.0,False,1
64.7853,-0.013300000000000005,0.0001,-2.3464998,176428.55639097738,186203.99999999997,0.0186204,nan,nan,nan,nan,0.1,1.0,20.0,10 V,1.0,False,1
64.8278,-0.013250000000000005,0.0001,-2.338526,176492.52830188672,186094.0,0.0186094,nan,nan,nan,nan,0.1,1.0,20.0,10 V,1.0,False,1
64.8702,-0.013200000000000005,0.0001,-2.3306401,176563.64393939386,185874.0,0.0185874,nan,nan,nan,nan,0.1,1.0,20.0,10 V,1.0,False,1
64.9126,-0.013150000000000005,0.0001,-2.3231061,176662.06083650183,186313.99999999997,0.0186314,nan,nan,nan,nan,0.1,1.0,20.0,10 V,1.0,False,1
64.9550,-0.013100000000000006,0.0001,-2.3154732,176753.6793893129,185984.0,0.0185984,nan,nan,nan,nan,0.1,1.0,20.0,10 V,1.0,False,1
64.9974,-0.013050000000000006,0.0001,-2.3077083,176835.88505747117,186423.99999999997,0.0186424,nan,nan,nan,nan,0.1,1.0,20.0,10 V,1.0,False,1
65.0399,-0.013000000000000006,0.0001,-2.2996795,176898.42307692298,186423.99999999997,0.0186424,nan,nan,nan,nan,0.1,1.0,20.0,10 V,1.0,False,1
65.0823,-0.012950000000000007,0.0001,-2.2919146,176981.8223938223,186534.0,0.0186534,nan,nan,nan,nan,0.1,1.0,20.0,10 V,1.0,False,1
65.1248,-0.012900000000000007,0.0001,-2.2837098,177031.76744186037,186534.0,0.0186534,nan,nan,nan,nan,0.1,1.0,20.0,10 V,1.0,False,1
65.1670,-0.012850000000000007,0.0001,-2.2761978,177136.01556420221,186863.99999999997,0.0186864,nan,nan,nan,nan,0.1,1.0,20.0,10 V,1.0,False,1
65.2095,-0.012800000000000008,0.0001,-2.26807,177192.96874999988,186754.0,0.0186754,nan,nan,nan,nan,0.1,1.0,20.0,10 V,1.0,False,1
65.2519,-0.012750000000000008,0.0001,-2.2600961,177262.43921568617,187083.99999999997,0.0187084,nan,nan,nan,nan,0.1,1.0,20.0,10 V,1.0,False,1
65.2942,-0.012700000000000008,0.0001,-2.2521002,177330.7244094487,186973.99999999997,0.0186974,nan,nan,nan,nan,0.1,1.0,20.0,10 V,1.0,False,1
65.3366,-0.012650000000000008,0.0001,-2.2446982,177446.4980237153,186644.0,0.0186644,nan,nan,nan,nan,0.1,1.0,20.0,10 V,1.0,False,1
65.3790,-0.012600000000000009,0.0001,-2.2367684,177521.30158730145,186863.99999999997,0.0186864,nan,nan,nan,nan,0.1,1.0,20.0,10 V,1.0,False,1
65.4215,-0.012550000000000009,0.0001,-2.2281456,177541.48207171302,186973.99999999997,0.0186974,nan,nan,nan,nan,0.1,1.0,20.0,10 V,1.0,False,1
65.4639,-0.01250000000000001,0.0001,-2.2205236,177641.88799999986,186863.99999999997,0.0186864,nan,nan,nan,nan,0.1,1.0,20.0,10 V,1.0,False,1
65.5063,-0.01245000000000001,0.0001,-2.2123518,177698.939759036,187413.99999999997,0.0187414,nan,nan,nan,nan,0.1,1.0,20.0,10 V,1.0,False,1
65.5488,-0.01240000000000001,0.0001,-2.2044219,177775.9596774192,186973.99999999997,0.0186974,nan,nan,nan,nan,0.1,1.0,20.0,10 V,1.0,False,1
65.5912,-0.01235000000000001,0.0001,-2.196602,177862.51012145734,187083.99999999997,0.0187084,nan,nan,nan,nan,0.1,1.0,20.0,10 V,1.0,False,1
65.6336,-0.01230000000000001,0.0001,-2.1931044,178301.17073170719,186863.99999999997,0.0186864,nan,nan,nan,nan,0.1,1.0,20.0,10 V,1.0,False,1
65.6760,-0.012250000000000011,0.0001,-2.1810171,178042.2122448978,187194.0,0.0187194,nan,nan,nan,nan,0.1,1.0,20.0,10 V,1.0,False,1
65.7184,-0.012200000000000011,0.0001,-2.1724823,178072.31967213098,187854.0,0.0187854,nan,nan,nan,nan,0.1,1.0,20.0,10 V,1.0,False,1
65.7608,-0.012150000000000011,0.0001,-2.1644424,178143.4074074072,186644.0,0.0186644,nan,nan,nan,nan,0.1,1.0,20.0,10 V,1.0,False,1
65.8030,-0.012100000000000012,0.0001,-2.1559406,178176.90909090894,187523.99999999997,0.0187524,nan,nan,nan,nan,0.1,1.0,20.0,10 V,1.0,False,1
65.8453,-0.012050000000000012,0.0001,-2.1474168,178208.86307053923,187083.99999999997,0.0187084,nan,nan,nan,nan,0.1,1.0,20.0,10 V,1.0,False,1
65.8877,-0.012000000000000012,0.0001,-2.139146,178262.1666666665,187304.0,0.0187304,nan,nan,nan,nan,0.1,1.0,20.0,10 V,1.0,False,1
65.9299,-0.011950000000000013,0.0001,-2.1311391,178337.9999999998,187523.99999999997,0.0187524,nan,nan,nan,nan,0.1,1.0,20.0,10 V,1.0,False,1
65.9723,-0.011900000000000013,0.0001,-2.1230992,178411.6974789914,186973.99999999997,0.0186974,nan,nan,nan,nan,0.1,1.0,20.0,10 V,1.0,False,1
66.0147,-0.011850000000000013,0.0001,-2.1151473,178493.44303797447,187743.99999999997,0.0187744,nan,nan,nan,nan,0.1,1.0,20.0,10 V,1.0,False,1
66.0571,-0.011800000000000014,0.0001,-2.1083173,178670.95762711842,187633.99999999997,0.0187634,nan,nan,nan,nan,0.1,1.0,20.0,10 V,1.0,False,1
66.0994,-0.011750000000000014,0.0001,-2.0991116,178647.79574468062,187523.99999999997,0.0187524,nan,nan,nan,nan,0.1,1.0,20.0,10 V,1.0,False,1
66.1417,-0.011700000000000014,0.0001,-2.0903349,178661.10256410236,187413.99999999997,0.0187414,nan,nan,nan,nan,0.1,1.0,20.0,10 V,1.0,False,1
66.1842,-0.011650000000000015,0.0001,-2.0817451,178690.5665236049,187523.99999999997,0.0187524,nan,nan,nan,nan,0.1,1.0,20.0,10 V,1.0,False,1
66.2266,-0.011600000000000015,0.0001,-2.0740242,178795.1896551722,187413.99999999997,0.0187414,nan,nan,nan,nan,0.1,1.0,20.0,10 V,1.0,False,1
66.2691,-0.011550000000000015,0.0001,-2.0657204,178850.25108225085,187743.99999999997,0.0187744,nan,nan,nan,nan,0.1,1.0,20.0,10 V,1.0,False,1
66.3115,-0.011500000000000015,0.0001,-2.0573396,178899.09565217368,187523.99999999997,0.0187524,nan,nan,nan,nan,0.1,1.0,20.0,10 V,1.0,False,1
66.3540,-0.011450000000000016,0.0001,-2.0487828,178932.99563318753,187523.99999999997,0.0187524,nan,nan,nan,nan,0.1,1.0,20.0,10 V,1.0,False,1
66.3964,-0.011400000000000016,0.0001,-2.0407429,179012.53508771906,187523.99999999997,0.0187524,nan,nan,nan,nan,0.1,1.0,20.0,10 V,1.0,False,1
66.4389,-0.011350000000000016,0.0001,-2.0319331,179024.94273127726,187743.99999999997,0.0187744,nan,nan,nan,nan,0.1,1.0,20.0,10 V,1.0,False,1
66.4814,-0.011300000000000017,0.0001,-2.0242342,179135.76991150415,187633.99999999997,0.0187634,nan,nan,nan,nan,0.1,1.0,20.0,10 V,1.0,False,1
66.5238,-0.011250000000000017,0.0001,-2.0156444,179168.3911111108,187743.99999999997,0.0187744,nan,nan,nan,nan,0.1,1.0,20.0,10 V,1.0,False,1
66.5662,-0.011200000000000017,0.0001,-2.0071536,179210.14285714258,187633.99999999997,0.0187634,nan,nan,nan,nan,0.1,1.0,20.0,10 V,1.0,False,1
66.6087,-0.011150000000000018,0.0001,-1.9988278,179267.06726457368,187854.0,0.0187854,nan,nan,nan,nan,0.1,1.0,20.0,10 V,1.0,False,1
66.6511,-0.011100000000000018,0.0001,-1.9906779,179340.35135135107,187964.0,0.0187964,nan,nan,nan,nan,0.1,1.0,20.0,10 V,1.0,False,1
66.6936,-0.011050000000000018,0.0001,-1.9820219,179368.49773755626,187854.0,0.0187854,nan,nan,nan,nan,0.1,1.0,20.0,10 V,1.0,False,1
66.7361,-0.011000000000000018,0.0001,-1.9736961,179426.9181818179,187854.0,0.0187854,nan,nan,nan,nan,0.1,1.0,20.0,10 V,1.0,False,1
66.7784,-0.010950000000000019,0.0001,-1.9658322,179528.05479452023,187964.0,0.0187964,nan,nan,nan,nan,0.1,1.0,20.0,10 V,1.0,False,1
66.8209,-0.010900000000000019,0.0001,-1.9572314,179562.51376146756,187854.0,0.0187854,nan,nan,nan,nan,0.1,1.0,20.0,10 V,1.0,False,1
66.8634,-0.01085000000000002,0.0001,-1.9488726,179619.59447004576,187964.0,0.0187964,nan,nan,nan,nan,0.1,1.0,20.0,10 V,1.0,False,1
66.9060,-0.01080000000000002,0.0001,-1.9408217,179705.71296296263,187964.0,0.0187964,nan,nan,nan,nan,0.1,1.0,20.0,10 V,1.0,False,1
66.9484,-0.01075000000000002,0.0001,-1.932122,179732.27906976707,188183.99999999997,0.0188184,nan,nan,nan,nan,0.1,1.0,20.0,10 V,1.0,False,1
66.9908,-0.01070000000000002,0.0001,-1.9235102,179767.3084112146,187964.0,0.0187964,nan,nan,nan,nan,0.1,1.0,20.0,10 V,1.0,False,1
67.0331,-0.01065000000000002,0.0001,-1.9152943,179839.84037558653,188732.99999999997,0.0188733,nan,nan,nan,nan,0.1,1.0,20.0,10 V,1.0,False,1
67.0756,-0.01060000000000002,0.0001,-1.9066495,179872.5943396223,188404.0,0.0188404,nan,nan,nan,nan,0.1,1.0,20.0,10 V,1.0,False,1
67.1181,-0.010550000000000021,0.0001,-1.8980597,179910.87203791432,188293.99999999997,0.0188294,nan,nan,nan,nan,0.1,1.0,20.0,10 V,1.0,False,1
67.1605,-0.010500000000000021,0.0001,-1.8898769,179988.27619047582,188073.99999999997,0.0188074,nan,nan,nan,nan,0.1,1.0,20.0,10 V,1.0,False,1
67.2029,-0.010450000000000022,0.0001,-1.8812981,180028.5263157891,188183.99999999997,0.0188184,nan,nan,nan,nan,0.1,1.0,20.0,10 V,1.0,False,1
67.2453,-0.010400000000000022,0.0001,-1.8727743,180074.45192307653,188183.99999999997,0.0188184,nan,nan,nan,nan,0.1,1.0,20.0,10 V,1.0,False,1
67.2878,-0.010350000000000022,0.0001,-1.8643715,180132.5120772943,188293.99999999997,0.0188294,nan,nan,nan,nan,0.1,1.0,20.0,10 V,1.0,False,1
67.3302,-0.010300000000000023,0.0001,-1.8560126,180195.398058252,188514.0,0.0188514,nan,nan,nan,nan,0.1,1.0,20.0,10 V,1.0,False,1
67.3727,-0.010250000000000023,0.0001,-1.8478298,180276.07804878007,188404.0,0.0188404,nan,nan,nan,nan,0.1,1.0,20.0,10 V,1.0,False,1
67.4152,-0.010200000000000023,0.0001,-1.8388111,180275.59803921526,188404.0,0.0188404,nan,nan,nan,nan,0.1,1.0,20.0,10 V,1.0,False,1
67.4576,-0.010150000000000024,0.0001,-1.8306172,180356.37438423606,188404.0,0.0188404,nan,nan,nan,nan,0.1,1.0,20.0,10 V,1.0,False,1
67.5000,-0.010100000000000024,0.0001,-1.8219284,180388.9504950491,188622.99999999997,0.0188623,nan,nan,nan,nan,0.1,1.0,20.0,10 V,1.0,False,1
67.5424,-0.010050000000000024,0.0001,-1.8134046,180438.26865671598,188293.99999999997,0.0188294,nan,nan,nan,nan,0.1,1.0,20.0,10 V,1.0,False,1
67.5848,-0.010000000000000024,0.0001,-1.8048368,180483.67999999956,188293.99999999997,0.0188294,nan,nan,nan,nan,0.1,1.0,20.0,10 V,1.0,False,1
67.6272,-0.009950000000000025,0.0001,-1.796181,180520.70351758748,188514.0,0.0188514,nan,nan,nan,nan,0.1,1.0,20.0,10 V,1.0,False,1
67.6696,-0.009900000000000025,0.0001,-1.7876462,180570.32323232276,188404.0,0.0188404,nan,nan,nan,nan,0.1,1.0,20.0,10 V,1.0,False,1
67.7120,-0.009850000000000025,0.0001,-1.7792324,180632.73096446652,188183.99999999997,0.0188184,nan,nan,nan,nan,0.1,1.0,20.0,10 V,1.0,False,1
67.7545,-0.009800000000000026,0.0001,-1.7706095,180674.4387755097,188622.99999999997,0.0188623,nan,nan,nan,nan,0.1,1.0,20.0,10 V,1.0,False,1
67.7970,-0.009750000000000026,0.0001,-1.7620857,180726.73846153799,189063.0,0.0189063,nan,nan,nan,nan,0.1,1.0,20.0,10 V,1.0,False,1
67.8393,-0.009700000000000026,0.0001,-1.7535729,180780.71134020571,188514.0,0.0188514,nan,nan,nan,nan,0.1,1.0,20.0,10 V,1.0,False,1
67.8818,-0.009650000000000027,0.0001,-1.7447742,180805.6165803104,188514.0,0.0188514,nan,nan,nan,nan,0.1,1.0,20.0,10 V,1.0,False,1
67.9243,-0.009600000000000027,0.0001,-1.7364593,180881.17708333282,188842.99999999997,0.0188843,nan,nan,nan,nan,0.1,1.0,20.0,10 V,1.0,False,1
67.9666,-0.009550000000000027,0.0001,-1.7281335,180956.38743455446,188732.99999999997,0.0188733,nan,nan,nan,nan,0.1,1.0,20.0,10 V,1.0,False,1
68.0088,-0.009500000000000028,0.0001,-1.7194777,180997.65263157844,188293.99999999997,0.0188294,nan,nan,nan,nan,0.1,1.0,20.0,10 V,1.0,False,1
68.0512,-0.009450000000000028,0.0001,-1.7109319,181050.99470899417,188622.99999999997,0.0188623,nan,nan,nan,nan,0.1,1.0,20.0,10 V,1.0,False,1
68.0936,-0.009400000000000028,0.0001,-1.7022981,181095.54255319093,188622.99999999997,0.0188623,nan,nan,nan,nan,0.1,1.0,20.0,10 V,1.0,False,1
68.1360,-0.009350000000000028,0.0001,-1.6938953,181165.27272727218,188732.99999999997,0.0188733,nan,nan,nan,nan,0.1,1.0,20.0,10 V,1.0,False,1
68.1785,-0.009300000000000029,0.0001,-1.6853275,181218.0107526876,188842.99999999997,0.0188843,nan,nan,nan,nan,0.1,1.0,20.0,10 V,1.0,False,1
68.2208,-0.009250000000000029,0.0001,-1.6764628,181239.22162162102,188514.0,0.0188514,nan,nan,nan,nan,0.1,1.0,20.0,10 V,1.0,False,1
68.2631,-0.00920000000000003,0.0001,-1.6678621,181289.3586956516,188622.99999999997,0.0188623,nan,nan,nan,nan,0.1,1.0,20.0,10 V,1.0,False,1
68.3056,-0.00915000000000003,0.0001,-1.6595912,181376.0874316934,188732.99999999997,0.0188733,nan,nan,nan,nan,0.1,1.0,20.0,10 V,1.0,False,1
68.3480,-0.00910000000000003,0.0001,-1.6510014,181428.72527472468,188953.0,0.0188953,nan,nan,nan,nan,0.1,1.0,20.0,10 V,1.0,False,1
68.3904,-0.00905000000000003,0.0001,-1.6425216,181494.0994475132,189063.0,0.0189063,nan,nan,nan,nan,0.1,1.0,20.0,10 V,1.0,False,1
68.4329,-0.00900000000000003,0.0001,-1.6334369,181492.98888888827,188732.99999999997,0.0188733,nan,nan,nan,nan,0.1,1.0,20.0,10 V,1.0,False,1
68.4753,-0.00895000000000003,0.0001,-1.6248141,181543.47486033457,188953.0,0.0188953,nan,nan,nan,nan,0.1,1.0,20.0,10 V,1.0,False,1
68.5178,-0.008900000000000031,0.0001,-1.6164113,181619.2471910106,188842.99999999997,0.0188843,nan,nan,nan,nan,0.1,1.0,20.0,10 V,1.0,False,1
68.5602,-0.008850000000000031,0.0001,-1.6077005,181661.07344632703,189063.0,0.0189063,nan,nan,nan,nan,0.1,1.0,20.0,10 V,1.0,False,1
68.6027,-0.008800000000000032,0.0001,-1.5991657,181723.37499999933,189063.0,0.0189063,nan,nan,nan,nan,0.1,1.0,20.0,10 V,1.0,False,1
68.6451,-0.008750000000000032,0.0001,-1.5906969,181793.93142857077,188732.99999999997,0.0188733,nan,nan,nan,nan,0.1,1.0,20.0,10 V,1.0,False,1
68.6876,-0.008700000000000032,0.0001,-1.5817112,181805.8850574706,188953.0,0.0188953,nan,nan,nan,nan,0.1,1.0,20.0,10 V,1.0,False,1
68.7301,-0.008650000000000033,0.0001,-1.5733963,181895.52601156,188953.0,0.0188953,nan,nan,nan,nan,0.1,1.0,20.0,10 V,1.0,False,1
68.7725,-0.008600000000000033,0.0001,-1.5647184,181943.9999999993,188732.99999999997,0.0188733,nan,nan,nan,nan,0.1,1.0,20.0,10 V,1.0,False,1
68.8149,-0.008550000000000033,0.0001,-1.5557876,181963.46198830337,189173.0,0.0189173,nan,nan,nan,nan,0.1,1.0,20.0,10 V,1.0,False,1
68.8573,-0.008500000000000034,0.0001,-1.5471098,182012.91764705812,189173.0,0.0189173,nan,nan,nan,nan,0.1,1.0,20.0,10 V,1.0,False,1
68.8996,-0.008450000000000034,0.0001,-1.538542,182075.97633136023,188842.99999999997,0.0188843,nan,nan,nan,nan,0.1,1.0,20.0,10 V,1.0,False,1
68.9421,-0.008400000000000034,0.0001,-1.5296223,182097.8928571421,188842.99999999997,0.0188843,nan,nan,nan,nan,0.1,1.0,20.0,10 V,1.0,False,1
68.9846,-0.008350000000000034,0.0001,-1.5212855,182189.8802395202,189063.0,0.0189063,nan,nan,nan,nan,0.1,1.0,20.0,10 V,1.0,False,1
69.0270,-0.008300000000000035,0.0001,-1.5127727,182261.77108433656,188953.0,0.0188953,nan,nan,nan,nan,0.1,1.0,20.0,10 V,1.0,False,1
69.0695,-0.008250000000000035,0.0001,-1.5038639,182286.53333333257,189173.0,0.0189173,nan,nan,nan,nan,0.1,1.0,20.0,10 V,1.0,False,1
69.1119,-0.008200000000000035,0.0001,-1.4951311,182333.060975609,189282.99999999997,0.0189283,nan,nan,nan,nan,0.1,1.0,20.0,10 V,1.0,False,1
69.1544,-0.008150000000000036,0.0001,-1.4865963,182404.45398772927,189392.99999999997,0.0189393,nan,nan,nan,nan,0.1,1.0,20.0,10 V,1.0,False,1
69.1969,-0.008100000000000036,0.0001,-1.4777756,182441.4320987646,189392.99999999997,0.0189393,nan,nan,nan,nan,0.1,1.0,20.0,10 V,1.0,False,1
69.2393,-0.008050000000000036,0.0001,-1.4689988,182484.32298136564,189063.0,0.0189063,nan,nan,nan,nan,0.1,1.0,20.0,10 V,1.0,False,1
69.2818,-0.008000000000000037,0.0001,-1.4605961,182574.51249999917,189063.0,0.0189063,nan,nan,nan,nan,0.1,1.0,20.0,10 V,1.0,False,1
69.3243,-0.007950000000000037,0.0001,-1.4515224,182581.43396226328,189502.99999999997,0.0189503,nan,nan,nan,nan,0.1,1.0,20.0,10 V,1.0,False,1
69.3664,-0.007900000000000037,0.0001,-1.4431855,182681.70886075863,189282.99999999997,0.0189283,nan,nan,nan,nan,0.1,1.0,20.0,10 V,1.0,False,1
69.4089,-0.007850000000000038,0.0001,-1.4344308,182730.0382165596,189392.99999999997,0.0189393,nan,nan,nan,nan,0.1,1.0,20.0,10 V,1.0,False,1
69.4515,-0.007800000000000038,0.0001,-1.42561,182770.51282051197,190052.99999999997,0.0190053,nan,nan,nan,nan,0.1,1.0,20.0,10 V,1.0,False,1
69.4940,-0.007750000000000038,0.0001,-1.4168882,182824.28387096687,189502.99999999997,0.0189503,nan,nan,nan,nan,0.1,1.0,20.0,10 V,1.0,False,1
69.5364,-0.007700000000000038,0.0001,-1.4081115,182871.62337662248,189392.99999999997,0.0189393,nan,nan,nan,nan,0.1,1.0,20.0,10 V,1.0,False,1
69.5788,-0.007650000000000039,0.0001,-1.3992687,182910.94117646964,189282.99999999997,0.0189283,nan,nan,nan,nan,0.1,1.0,20.0,10 V,1.0,False,1
69.6213,-0.007600000000000039,0.0001,-1.3909429,183018.802631578,189392.99999999997,0.0189393,nan,nan,nan,nan,0.1,1.0,20.0,10 V,1.0,False,1
69.6637,-0.007550000000000039,0.0001,-1.3822321,183077.09933774738,189173.0,0.0189173,nan,nan,nan,nan,0.1,1.0,20.0,10 V,1.0,False,1
69.7062,-0.00750000000000004,0.0001,-1.3730374,183071.65333333236,189502.99999999997,0.0189503,nan,nan,nan,nan,0.1,1.0,20.0,10 V,1.0,False,1
69.7486,-0.00745000000000004,0.0001,-1.3644696,183150.28187919364,189833.0,0.0189833,nan,nan,nan,nan,0.1,1.0,20.0,10 V,1.0,False,1
69.7910,-0.00740000000000004,0.0001,-1.3555936,183188.32432432333,189392.99999999997,0.0189393,nan,nan,nan,nan,0.1,1.0,20.0,10 V,1.0,False,1
69.8334,-0.0073500000000000405,0.0001,-1.3467729,183234.40816326428,189392.99999999997,0.0189393,nan,nan,nan,nan,0.1,1.0,20.0,10 V,1.0,False,1
69.8758,-0.007300000000000041,0.0001,-1.3379191,183276.58904109485,189282.99999999997,0.0189283,nan,nan,nan,nan,0.1,1.0,20.0,10 V,1.0,False,1
69.9182,-0.007250000000000041,0.0001,-1.3294613,183373.97241379204,189723.0,0.0189723,nan,nan,nan,nan,0.1,1.0,20.0,10 V,1.0,False,1
69.9607,-0.0072000000000000414,0.0001,-1.3204756,183399.38888888783,189282.99999999997,0.0189283,nan,nan,nan,nan,0.1,1.0,20.0,10 V,1.0,False,1
70.0031,-0.007150000000000042,0.0001,-1.3115118,183428.2237762227,189723.0,0.0189723,nan,nan,nan,nan,0.1,1.0,20.0,10 V,1.0,False,1
70.0456,-0.007100000000000042,0.0001,-1.303164,183544.2253521116,189833.0,0.0189833,nan,nan,nan,nan,0.1,1.0,20.0,10 V,1.0,False,1
70.0881,-0.007050000000000042,0.0001,-1.2940903,183558.9078014173,189392.99999999997,0.0189393,nan,nan,nan,nan,0.1,1.0,20.0,10 V,1.0,False,1
70.1306,-0.007000000000000043,0.0001,-1.2858085,183686.92857142742,189833.0,0.0189833,nan,nan,nan,nan,0.1,1.0,20.0,10 V,1.0,False,1
70.1730,-0.006950000000000043,0.0001,-1.2764268,183658.5323740996,189502.99999999997,0.0189503,nan,nan,nan,nan,0.1,1.0,20.0,10 V,1.0,False,1
70.2155,-0.006900000000000043,0.0001,-1.267892,183752.4637681148,189613.0,0.0189613,nan,nan,nan,nan,0.1,1.0,20.0,10 V,1.0,False,1
70.2579,-0.0068500000000000436,0.0001,-1.2591262,183814.04379561928,189613.0,0.0189613,nan,nan,nan,nan,0.1,1.0,20.0,10 V,1.0,False,1
70.3003,-0.006800000000000044,0.0001,-1.2501624,183847.41176470468,189723.0,0.0189723,nan,nan,nan,nan,0.1,1.0,20.0,10 V,1.0,False,1
70.3427,-0.006750000000000044,0.0001,-1.2418255,183974.14814814692,189613.0,0.0189613,nan,nan,nan,nan,0.1,1.0,20.0,10 V,1.0,False,1
70.3852,-0.0067000000000000445,0.0001,-1.2325428,183961.6119402973,189502.99999999997,0.0189503,nan,nan,nan,nan,0.1,1.0,20.0,10 V,1.0,False,1
70.4277,-0.006650000000000045,0.0001,-1.2236561,184008.4360902243,189942.99999999997,0.0189943,nan,nan,nan,nan,0.1,1.0,20.0,10 V,1.0,False,1
70.4701,-0.006600000000000045,0.0001,-1.2151103,184107.62121211996,189392.99999999997,0.0189393,nan,nan,nan,nan,0.1,1.0,20.0,10 V,1.0,False,1
70.5126,-0.006550000000000045,0.0001,-1.2059376,184112.6106870216,189723.0,0.0189723,nan,nan,nan,nan,0.1,1.0,20.0,10 V,1.0,False,1
70.5551,-0.006500000000000046,0.0001,-1.1973588,184209.04615384483,189723.0,0.0189723,nan,nan,nan,nan,0.1,1.0,20.0,10 V,1.0,False,1
70.5976,-0.006450000000000046,0.0001,-1.188637,184284.80620154907,189942.99999999997,0.0189943,nan,nan,nan,nan,0.1,1.0,20.0,10 V,1.0,False,1
70.6399,-0.006400000000000046,0.0001,-1.1798492,184351.43749999866,189942.99999999997,0.0189943,nan,nan,nan,nan,0.1,1.0,20.0,10 V,1.0,False,1
70.6823,-0.006350000000000047,0.0001,-1.1710835,184422.5984251955,190052.99999999997,0.0190053,nan,nan,nan,nan,0.1,1.0,20.0,10 V,1.0,False,1
70.7248,-0.006300000000000047,0.0001,-1.1621197,184463.44444444307,190162.99999999997,0.0190163,nan,nan,nan,nan,0.1,1.0,20.0,10 V,1.0,False,1
70.7672,-0.006250000000000047,0.0001,-1.152848,184455.6799999986,189942.99999999997,0.0189943,nan,nan,nan,nan,0.1,1.0,20.0,10 V,1.0,False,1
70.8095,-0.0062000000000000475,0.0001,-1.1440273,184520.53225806312,189942.99999999997,0.0189943,nan,nan,nan,nan,0.1,1.0,20.0,10 V,1.0,False,1
70.8520,-0.006150000000000048,0.0001,-1.1353825,184615.04065040505,190162.99999999997,0.0190163,nan,nan,nan,nan,0.1,1.0,20.0,10 V,1.0,False,1
70.8944,-0.006100000000000048,0.0001,-1.1267157,184707.49180327725,189833.0,0.0189833,nan,nan,nan,nan,0.1,1.0,20.0,10 V,1.0,False,1
70.9368,-0.006050000000000048,0.0001,-1.117719,184746.94214875883,189833.0,0.0189833,nan,nan,nan,nan,0.1,1.0,20.0,10 V,1.0,False,1
70.9791,-0.006000000000000049,0.0001,-1.1089422,184823.6999999985,190052.99999999997,0.0190053,nan,nan,nan,nan,0.1,1.0,20.0,10 V,1.0,False,1
71.0215,-0.005950000000000049,0.0001,-1.0998355,184846.30252100687,189723.0,0.0189723,nan,nan,nan,nan,0.1,1.0,20.0,10 V,1.0,False,1
71.0640,-0.005900000000000049,0.0001,-1.0907838,184878.61016948998,190273.0,0.0190273,nan,nan,nan,nan,0.1,1.0,20.0,10 V,1.0,False,1
71.1064,-0.00585000000000005,0.0001,-1.081963,184950.9401709386,189613.0,0.0189613,nan,nan,nan,nan,0.1,1.0,20.0,10 V,1.0,False,1
71.1489,-0.00580000000000005,0.0001,-1.0730762,185013.1379310329,190052.99999999997,0.0190053,nan,nan,nan,nan,0.1,1.0,20.0,10 V,1.0,False,1
71.1914,-0.00575000000000005,0.0001,-1.0641785,185074.5217391288,189613.0,0.0189613,nan,nan,nan,nan,0.1,1.0,20.0,10 V,1.0,False,1
71.2339,-0.0057000000000000505,0.0001,-1.0553247,185144.68421052466,189942.99999999997,0.0189943,nan,nan,nan,nan,0.1,1.0,20.0,10 V,1.0,False,1
71.2763,-0.005650000000000051,0.0001,-1.046592,185237.52212389212,190162.99999999997,0.0190163,nan,nan,nan,nan,0.1,1.0,20.0,10 V,1.0,False,1
71.3188,-0.005600000000000051,0.0001,-1.037474,185263.21428571257,189942.99999999997,0.0189943,nan,nan,nan,nan,0.1,1.0,20.0,10 V,1.0,False,1
71.3612,-0.005550000000000051,0.0001,-1.0285653,185327.08108107932,190052.99999999997,0.0190053,nan,nan,nan,nan,0.1,1.0,20.0,10 V,1.0,False,1
71.4036,-0.005500000000000052,0.0001,-1.0196236,185386.10909090735,190162.99999999997,0.0190163,nan,nan,nan,nan,0.1,1.0,20.0,10 V,1.0,False,1
71.4460,-0.005450000000000052,0.0001,-1.0106488,185440.14678898905,190162.99999999997,0.0190163,nan,nan,nan,nan,0.1,1.0,20.0,10 V,1.0,False,1
71.4884,-0.005400000000000052,0.0001,-1.0018171,185521.6851851834,190052.99999999997,0.0190053,nan,nan,nan,nan,0.1,1.0,20.0,10 V,1.0,False,1
71.5310,-0.005350000000000053,0.0001,-0.9929303,185594.448598129,190273.0,0.0190273,nan,nan,nan,nan,0.1,1.0,20.0,10 V,1.0,False,1
71.5734,-0.005300000000000053,0.0001,-0.9839556,185651.99999999814,190052.99999999997,0.0190053,nan,nan,nan,nan,0.1,1.0,20.0,10 V,1.0,False,1
71.6157,-0.005250000000000053,0.0001,-0.9751788,185748.342857141,190383.0,0.0190383,nan,nan,nan,nan,0.1,1.0,20.0,10 V,1.0,False,1
71.6581,-0.0052000000000000535,0.0001,-0.9660391,185776.7499999981,190162.99999999997,0.0190163,nan,nan,nan,nan,0.1,1.0,20.0,10 V,1.0,False,1
71.7004,-0.005150000000000054,0.0001,-0.9570863,185841.99999999805,190383.0,0.0190383,nan,nan,nan,nan,0.1,1.0,20.0,10 V,1.0,False,1
71.7429,-0.005100000000000054,0.0001,-0.9477267,185828.76470588037,190273.0,0.0190273,nan,nan,nan,nan,0.1,1.0,20.0,10 V,1.0,False,1
71.7854,-0.0050500000000000544,0.0001,-0.9387849,185897.99999999802,190273.0,0.0190273,nan,nan,nan,nan,0.1,1.0,20.0,10 V,1.0,False,1
71.8279,-0.005000000000000055,0.0001,-0.9299972,185999.43999999797,190493.0,0.0190493,nan,nan,nan,nan,0.1,1.0,20.0,10 V,1.0,False,1
71.8703,-0.004950000000000055,0.0001,-0.9208465,186029.5959595939,190493.0,0.0190493,nan,nan,nan,nan,0.1,1.0,20.0,10 V,1.0,False,1
71.9127,-0.004900000000000055,0.0001,-0.9121248,186147.91836734483,190602.99999999997,0.0190603,nan,nan,nan,nan,0.1,1.0,20.0,10 V,1.0,False,1
71.9552,-0.004850000000000056,0.0001,-0.902897,186164.32989690505,190273.0,0.0190273,nan,nan,nan,nan,0.1,1.0,20.0,10 V,1.0,False,1
71.9977,-0.004800000000000056,0.0001,-0.8941753,186286.52083333116,190273.0,0.0190273,nan,nan,nan,nan,0.1,1.0,20.0,10 V,1.0,False,1
72.0401,-0.004750000000000056,0.0001,-0.8849366,186302.44210526094,190493.0,0.0190493,nan,nan,nan,nan,0.1,1.0,20.0,10 V,1.0,False,1
72.0825,-0.0047000000000000566,0.0001,-0.8759838,186379.53191489135,190602.99999999997,0.0190603,nan,nan,nan,nan,0.1,1.0,20.0,10 V,1.0,False,1
72.1250,-0.004650000000000057,0.0001,-0.8669871,186448.83870967512,190712.99999999997,0.0190713,nan,nan,nan,nan,0.1,1.0,20.0,10 V,1.0,False,1
72.1675,-0.004600000000000057,0.0001,-0.8577924,186476.60869564983,190493.0,0.0190493,nan,nan,nan,nan,0.1,1.0,20.0,10 V,1.0,False,1
72.2100,-0.0045500000000000575,0.0001,-0.8490266,186599.2527472504,191043.0,0.0191043,nan,nan,nan,nan,0.1,1.0,20.0,10 V,1.0,False,1
72.2524,-0.004500000000000058,0.0001,-0.8399529,186656.1999999976,190383.0,0.0190383,nan,nan,nan,nan,0.1,1.0,20.0,10 V,1.0,False,1
72.2948,-0.004450000000000058,0.0001,-0.830824,186702.02247190767,190493.0,0.0190493,nan,nan,nan,nan,0.1,1.0,20.0,10 V,1.0,False,1
72.3373,-0.004400000000000058,0.0001,-0.8216513,186738.93181817932,190712.99999999997,0.0190713,nan,nan,nan,nan,0.1,1.0,20.0,10 V,1.0,False,1
72.3798,-0.004350000000000059,0.0001,-0.8128305,186857.58620689402,190383.0,0.0190383,nan,nan,nan,nan,0.1,1.0,20.0,10 V,1.0,False,1
72.4222,-0.004300000000000059,0.0001,-0.8037678,186922.74418604397,190493.0,0.0190493,nan,nan,nan,nan,0.1,1.0,20.0,10 V,1.0,False,1
72.4647,-0.004250000000000059,0.0001,-0.7946831,186984.2588235268,190602.99999999997,0.0190603,nan,nan,nan,nan,0.1,1.0,20.0,10 V,1.0,False,1
72.5071,-0.00420000000000006,0.0001,-0.7854663,187015.78571428303,190602.99999999997,0.0190603,nan,nan,nan,nan,0.1,1.0,20.0,10 V,1.0,False,1
72.5495,-0.00415000000000006,0.0001,-0.7763926,187082.55421686475,190602.99999999997,0.0190603,nan,nan,nan,nan,0.1,1.0,20.0,10 V,1.0,False,1
72.5919,-0.00410000000000006,0.0001,-0.7674399,187180.46341463138,190602.99999999997,0.0190603,nan,nan,nan,nan,0.1,1.0,20.0,10 V,1.0,False,1
72.6344,-0.0040500000000000605,0.0001,-0.7584871,187280.76543209597,190493.0,0.0190493,nan,nan,nan,nan,0.1,1.0,20.0,10 V,1.0,False,1
72.6767,-0.004000000000000061,0.0001,-0.7492704,187317.59999999715,190822.99999999997,0.0190823,nan,nan,nan,nan,0.1,1.0,20.0,10 V,1.0,False,1
72.7191,-0.003950000000000061,0.0001,-0.7401307,187374.86075949078,191043.0,0.0191043,nan,nan,nan,nan,0.1,1.0,20.0,10 V,1.0,False,1
72.7615,-0.003900000000000061,0.0001,-0.730991,187433.5897435868,190602.99999999997,0.0190603,nan,nan,nan,nan,0.1,1.0,20.0,10 V,1.0,False,1
72.8039,-0.003850000000000061,0.0001,-0.7219943,187530.98701298406,190712.99999999997,0.0190713,nan,nan,nan,nan,0.1,1.0,20.0,10 V,1.0,False,1
72.8463,-0.0038000000000000607,0.0001,-0.7127006,187552.78947368122,190822.99999999997,0.0190823,nan,nan,nan,nan,0.1,1.0,20.0,10 V,1.0,False,1
72.8887,-0.0037500000000000606,0.0001,-0.7037588,187669.0133333303,190602.99999999997,0.0190603,nan,nan,nan,nan,0.1,1.0,20.0,10 V,1.0,False,1
72.9312,-0.0037000000000000604,0.0001,-0.6945201,187708.13513513203,190822.99999999997,0.0190823,nan,nan,nan,nan,0.1,1.0,20.0,10 V,1.0,False,1
72.9735,-0.0036500000000000603,0.0001,-0.6855454,187820.65753424345,190712.99999999997,0.0190713,nan,nan,nan,nan,0.1,1.0,20.0,10 V,1.0,False,1
73.0158,-0.00360000000000006,0.0001,-0.6763837,187884.36111110798,190822.99999999997,0.0190823,nan,nan,nan,nan,0.1,1.0,20.0,10 V,1.0,False,1
73.0582,-0.00355000000000006,0.0001,-0.667189,187940.56338027853,190822.99999999997,0.0190823,nan,nan,nan,nan,0.1,1.0,20.0,10 V,1.0,False,1
73.1008,-0.00350000000000006,0.0001,-0.6580053,188001.51428571108,191043.0,0.0191043,nan,nan,nan,nan,0.1,1.0,20.0,10 V,1.0,False,1
73.1432,-0.00345000000000006,0.0001,-0.6488435,188070.57971014167,190822.99999999997,0.0190823,nan,nan,nan,nan,0.1,1.0,20.0,10 V,1.0,False,1
73.1856,-0.0034000000000000597,0.0001,-0.6397478,188161.1176470555,191043.0,0.0191043,nan,nan,nan,nan,0.1,1.0,20.0,10 V,1.0,False,1
73.2281,-0.0033500000000000595,0.0001,-0.6305091,188211.67164178772,190933.0,0.0190933,nan,nan,nan,nan,0.1,1.0,20.0,10 V,1.0,False,1
73.2706,-0.0033000000000000594,0.0001,-0.6215783,188357.06060605723,191372.99999999997,0.0191373,nan,nan,nan,nan,0.1,1.0,20.0,10 V,1.0,False,1
73.3130,-0.0032500000000000593,0.0001,-0.6123066,188402.03076922733,190602.99999999997,0.0190603,nan,nan,nan,nan,0.1,1.0,20.0,10 V,1.0,False,1
73.3555,-0.003200000000000059,0.0001,-0.6031559,188486.2187499965,191262.99999999997,0.0191263,nan,nan,nan,nan,0.1,1.0,20.0,10 V,1.0,False,1
73.3980,-0.003150000000000059,0.0001,-0.5939282,188548.6349206314,191043.0,0.0191043,nan,nan,nan,nan,0.1,1.0,20.0,10 V,1.0,False,1
73.4405,-0.003100000000000059,0.0001,-0.5847115,188616.61290322224,190602.99999999997,0.0190603,nan,nan,nan,nan,0.1,1.0,20.0,10 V,1.0,False,1
73.4829,-0.0030500000000000587,0.0001,-0.5754947,188686.78688524227,191043.0,0.0191043,nan,nan,nan,nan,0.1,1.0,20.0,10 V,1.0,False,1
73.5252,-0.0030000000000000586,0.0001,-0.566355,188784.99999999633,191262.99999999997,0.0191263,nan,nan,nan,nan,0.1,1.0,20.0,10 V,1.0,False,1
73.5676,-0.0029500000000000585,0.0001,-0.5570943,188845.52542372508,191043.0,0.0191043,nan,nan,nan,nan,0.1,1.0,20.0,10 V,1.0,False,1
73.6101,-0.0029000000000000583,0.0001,-0.5480536,188983.99999999622,191153.0,0.0191153,nan,nan,nan,nan,0.1,1.0,20.0,10 V,1.0,False,1
73.6526,-0.002850000000000058,0.0001,-0.5386829,189011.54385964526,191043.0,0.0191043,nan,nan,nan,nan,0.1,1.0,20.0,10 V,1.0,False,1
73.6950,-0.002800000000000058,0.0001,-0.5294882,189102.92857142462,190822.99999999997,0.0190823,nan,nan,nan,nan,0.1,1.0,20.0,10 V,1.0,False,1
73.7375,-0.002750000000000058,0.0001,-0.5203045,189201.63636363237,191153.0,0.0191153,nan,nan,nan,nan,0.1,1.0,20.0,10 V,1.0,False,1
73.7800,-0.002700000000000058,0.0001,-0.5109558,189242.8888888848,191372.99999999997,0.0191373,nan,nan,nan,nan,0.1,1.0,20.0,10 V,1.0,False,1
73.8225,-0.0026500000000000577,0.0001,-0.5016731,189310.60377358078,191153.0,0.0191153,nan,nan,nan,nan,0.1,1.0,20.0,10 V,1.0,False,1
73.8649,-0.0026000000000000576,0.0001,-0.4923574,189368.23076922656,191043.0,0.0191043,nan,nan,nan,nan,0.1,1.0,20.0,10 V,1.0,False,1
73.9074,-0.0025500000000000574,0.0001,-0.4830527,189432.43137254476,190933.0,0.0190933,nan,nan,nan,nan,0.1,1.0,20.0,10 V,1.0,False,1
73.9498,-0.0025000000000000573,0.0001,-0.473858,189543.19999999565,191372.99999999997,0.0191373,nan,nan,nan,nan,0.1,1.0,20.0,10 V,1.0,False,1
73.9923,-0.002450000000000057,0.0001,-0.4645643,189618.08163264865,190933.0,0.0190933,nan,nan,nan,nan,0.1,1.0,20.0,10 V,1.0,False,1
74.0347,-0.002400000000000057,0.0001,-0.4552706,189696.08333332883,191153.0,0.0191153,nan,nan,nan,nan,0.1,1.0,20.0,10 V,1.0,False,1
74.0771,-0.002350000000000057,0.0001,-0.445911,189749.36170212305,191153.0,0.0191153,nan,nan,nan,nan,0.1,1.0,20.0,10 V,1.0,False,1
74.1196,-0.0023000000000000568,0.0001,-0.4366613,189852.7391304301,191262.99999999997,0.0191263,nan,nan,nan,nan,0.1,1.0,20.0,10 V,1.0,False,1
74.1621,-0.0022500000000000566,0.0001,-0.4272686,189897.15555555077,191262.99999999997,0.0191263,nan,nan,nan,nan,0.1,1.0,20.0,10 V,1.0,False,1
74.2045,-0.0022000000000000565,0.0001,-0.4178979,189953.59090908602,191262.99999999997,0.0191263,nan,nan,nan,nan,0.1,1.0,20.0,10 V,1.0,False,1
74.2470,-0.0021500000000000564,0.0001,-0.408604,190048.37209301826,191593.0,0.0191593,nan,nan,nan,nan,0.1,1.0,20.0,10 V,1.0,False,1
74.2895,-0.0021000000000000562,0.0001,-0.3992113,190100.61904761396,191703.0,0.0191703,nan,nan,nan,nan,0.1,1.0,20.0,10 V,1.0,False,1
74.3318,-0.002050000000000056,0.0001,-0.3898736,190182.2439024338,191593.0,0.0191593,nan,nan,nan,nan,0.1,1.0,20.0,10 V,1.0,False,1
74.3744,-0.002000000000000056,0.0001,-0.3805139,190256.94999999466,191372.99999999997,0.0191373,nan,nan,nan,nan,0.1,1.0,20.0,10 V,1.0,False,1
74.4167,-0.001950000000000056,0.0001,-0.3710113,190262.20512819962,191153.0,0.0191153,nan,nan,nan,nan,0.1,1.0,20.0,10 V,1.0,False,1
74.4591,-0.0019000000000000562,0.0001,-0.3617286,190383.47368420492,191372.99999999997,0.0191373,nan,nan,nan,nan,0.1,1.0,20.0,10 V,1.0,False,1
74.5016,-0.0018500000000000562,0.0001,-0.3523579,190463.72972972394,191153.0,0.0191153,nan,nan,nan,nan,0.1,1.0,20.0,10 V,1.0,False,1
74.5440,-0.0018000000000000563,0.0001,-0.3430092,190560.6666666607,191593.0,0.0191593,nan,nan,nan,nan,0.1,1.0,20.0,10 V,1.0,False,1
74.5865,-0.0017500000000000564,0.0001,-0.3335065,190575.1428571367,191482.99999999997,0.0191483,nan,nan,nan,nan,0.1,1.0,20.0,10 V,1.0,False,1
74.6289,-0.0017000000000000565,0.0001,-0.3240589,190622.88235293483,191153.0,0.0191153,nan,nan,nan,nan,0.1,1.0,20.0,10 V,1.0,False,1
74.6713,-0.0016500000000000566,0.0001,-0.3147212,190740.12121211467,191703.0,0.0191703,nan,nan,nan,nan,0.1,1.0,20.0,10 V,1.0,False,1
74.7138,-0.0016000000000000567,0.0001,-0.3052955,190809.68749999325,191593.0,0.0191593,nan,nan,nan,nan,0.1,1.0,20.0,10 V,1.0,False,1
74.7563,-0.0015500000000000568,0.0001,-0.2958588,190876.64516128332,191482.99999999997,0.0191483,nan,nan,nan,nan,0.1,1.0,20.0,10 V,1.0,False,1
74.7987,-0.0015000000000000568,0.0001,-0.2863782,190918.7999999928,191482.99999999997,0.0191483,nan,nan,nan,nan,0.1,1.0,20.0,10 V,1.0,False,1
74.8412,-0.001450000000000057,0.0001,-0.2769635,191009.31034482006,191262.99999999997,0.0191263,nan,nan,nan,nan,0.1,1.0,20.0,10 V,1.0,False,1
74.8836,-0.001400000000000057,0.0001,-0.2675708,191121.9999999922,191703.0,0.0191703,nan,nan,nan,nan,0.1,1.0,20.0,10 V,1.0,False,1
74.9260,-0.001350000000000057,0.0001,-0.2579802,191096.44444443635,191593.0,0.0191593,nan,nan,nan,nan,0.1,1.0,20.0,10 V,1.0,False,1
74.9684,-0.0013000000000000572,0.0001,-0.2485325,191178.84615383775,191262.99999999997,0.0191263,nan,nan,nan,nan,0.1,1.0,20.0,10 V,1.0,False,1
75.0109,-0.0012500000000000573,0.0001,-0.2389968,191197.43999999124,191703.0,0.0191703,nan,nan,nan,nan,0.1,1.0,20.0,10 V,1.0,False,1
75.0530,-0.0012000000000000574,0.0001,-0.2295601,191300.08333332418,191372.99999999997,0.0191373,nan,nan,nan,nan,0.1,1.0,20.0,10 V,1.0,False,1
75.0954,-0.0011500000000000574,0.0001,-0.2200025,191306.5217391209,191482.99999999997,0.0191483,nan,nan,nan,nan,0.1,1.0,20.0,10 V,1.0,False,1
75.1378,-0.0011000000000000575,0.0001,-0.2105108,191373.45454544452,191703.0,0.0191703,nan,nan,nan,nan,0.1,1.0,20.0,10 V,1.0,False,1
75.1803,-0.0010500000000000576,0.0001,-0.201019,191446.66666665615,191262.99999999997,0.0191263,nan,nan,nan,nan,0.1,1.0,20.0,10 V,1.0,False,1
75.2227,-0.0010000000000000577,0.0001,-0.1914613,191461.29999998893,191812.99999999997,0.0191813,nan,nan,nan,nan,0.1,1.0,20.0,10 V,1.0,False,1
75.2652,-0.0009500000000000577,0.0001,-0.1819476,191523.78947367257,191262.99999999997,0.0191263,nan,nan,nan,nan,0.1,1.0,20.0,10 V,1.0,False,1
75.3078,-0.0009000000000000577,0.0001,-0.172445,191605.55555554325,191922.99999999997,0.0191923,nan,nan,nan,nan,0.1,1.0,20.0,10 V,1.0,False,1
75.3503,-0.0008500000000000576,0.0001,-0.1629533,191709.76470586934,191703.0,0.0191703,nan,nan,nan,nan,0.1,1.0,20.0,10 V,1.0,False,1
75.3928,-0.0008000000000000576,0.0001,-0.1533956,191744.49999998618,191703.0,0.0191703,nan,nan,nan,nan,0.1,1.0,20.0,10 V,1.0,False,1
75.4352,-0.0007500000000000576,0.0001,-0.143838,191783.99999998524,191922.99999999997,0.0191923,nan,nan,nan,nan,0.1,1.0,20.0,10 V,1.0,False,1
75.4776,-0.0007000000000000576,0.0001,-0.1342473,191781.85714284139,191482.99999999997,0.0191483,nan,nan,nan,nan,0.1,1.0,20.0,10 V,1.0,False,1
75.5200,-0.0006500000000000575,0.0001,-0.1246567,191779.53846152147,191703.0,0.0191703,nan,nan,nan,nan,0.1,1.0,20.0,10 V,1.0,False,1
75.5625,-0.0006000000000000575,0.0001,-0.115143,191904.99999998158,191593.0,0.0191593,nan,nan,nan,nan,0.1,1.0,20.0,10 V,1.0,False,1
75.6049,-0.0005500000000000575,0.0001,-0.1055524,191913.45454543448,191703.0,0.0191703,nan,nan,nan,nan,0.1,1.0,20.0,10 V,1.0,False,1
75.6474,-0.0005000000000000575,0.0001,-0.0959285,191856.99999997794,191593.0,0.0191593,nan,nan,nan,nan,0.1,1.0,20.0,10 V,1.0,False,1
75.6898,-0.00045000000000005745,0.0001,-0.0863709,191935.3333333088,191703.0,0.0191703,nan,nan,nan,nan,0.1,1.0,20.0,10 V,1.0,False,1
75.7322,-0.00040000000000005743,0.0001,-0.0768132,192032.99999997244,191812.99999999997,0.0191813,nan,nan,nan,nan,0.1,1.0,20.0,10 V,1.0,False,1
75.7745,-0.0003500000000000574,0.0001,-0.0672226,192064.5714285399,191593.0,0.0191593,nan,nan,nan,nan,0.1,1.0,20.0,10 V,1.0,False,1
75.8169,-0.0003000000000000574,0.0001,-0.0576099,192032.99999996327,191812.99999999997,0.0191813,nan,nan,nan,nan,0.1,1.0,20.0,10 V,1.0,False,1
75.8593,-0.00025000000000005736,0.0001,-0.0480413,192165.19999995592,191922.99999999997,0.0191923,nan,nan,nan,nan,0.1,1.0,20.0,10 V,1.0,False,1
75.9017,-0.00020000000000005736,0.0001,-0.0384506,192252.99999994485,191593.0,0.0191593,nan,nan,nan,nan,0.1,1.0,20.0,10 V,1.0,False,1
75.9441,-0.00015000000000005737,0.0001,-0.028772,191813.33333325994,191922.99999999997,0.0191923,nan,nan,nan,nan,0.1,1.0,20.0,10 V,1.0,False,1
75.9866,-0.00010000000000005737,0.0001,-0.0191923,191922.9999998899,191703.0,0.0191703,nan,nan,nan,nan,0.1,1.0,20.0,10 V,1.0,False,1
76.0290,-5.000000000005737e-05,0.0001,-0.0095687,191373.9999997804,191922.99999999997,0.0191923,nan,nan,nan,nan,0.1,1.0,20.0,10 V,1.0,False,1
76.0715,-1e-05,0.0001,-0.0018697,186970.0,191812.99999999997,0.0191813,nan,nan,nan,nan,0.1,1.0,20.0,10 V,1.0,False,1
76.1139,4e-05,0.0001,0.0076549,191372.5,191922.99999999997,0.0191923,nan,nan,nan,nan,0.1,1.0,20.0,10 V,1.0,False,1
76.1563,9e-05,0.0001,0.0172566,191739.99999999997,191482.99999999997,0.0191483,nan,nan,nan,nan,0.1,1.0,20.0,10 V,1.0,False,1
76.1988,0.00014000000000000001,0.0001,0.0268692,191922.85714285713,192032.99999999997,0.0192033,nan,nan,nan,nan,0.1,1.0,20.0,10 V,1.0,False,1
76.2412,0.00019,0.0001,0.0364709,191952.1052631579,191812.99999999997,0.0191813,nan,nan,nan,nan,0.1,1.0,20.0,10 V,1.0,False,1
76.2837,0.00024,0.0001,0.0461055,192106.24999999997,191482.99999999997,0.0191483,nan,nan,nan,nan,0.1,1.0,20.0,10 V,1.0,False,1
76.3260,0.00029,0.0001,0.0557072,192093.79310344826,191812.99999999997,0.0191813,nan,nan,nan,nan,0.1,1.0,20.0,10 V,1.0,False,1
76.3685,0.00034,0.0001,0.0652978,192052.35294117648,191922.99999999997,0.0191923,nan,nan,nan,nan,0.1,1.0,20.0,10 V,1.0,False,1
76.4108,0.00039000000000000005,0.0001,0.0748995,192049.99999999994,191922.99999999997,0.0191923,nan,nan,nan,nan,0.1,1.0,20.0,10 V,1.0,False,1
76.4531,0.00044000000000000007,0.0001,0.0845121,192072.95454545453,191703.0,0.0191703,nan,nan,nan,nan,0.1,1.0,20.0,10 V,1.0,False,1
76.4956,0.0004900000000000001,0.0001,0.0941358,192113.87755102038,191812.99999999997,0.0191813,nan,nan,nan,nan,0.1,1.0,20.0,10 V,1.0,False,1
76.5380,0.0005400000000000001,0.0001,0.1037264,192085.92592592587,192032.99999999997,0.0192033,nan,nan,nan,nan,0.1,1.0,20.0,10 V,1.0,False,1
76.5804,0.0005900000000000001,0.0001,0.1133391,192100.16949152536,191812.99999999997,0.0191813,nan,nan,nan,nan,0.1,1.0,20.0,10 V,1.0,False,1
76.6227,0.0006400000000000002,0.0001,0.1229187,192060.46874999994,192142.99999999997,0.0192143,nan,nan,nan,nan,0.1,1.0,20.0,10 V,1.0,False,1
76.6651,0.0006900000000000002,0.0001,0.1325204,192058.55072463764,191812.99999999997,0.0191813,nan,nan,nan,nan,0.1,1.0,20.0,10 V,1.0,False,1
76.7075,0.0007400000000000002,0.0001,0.142122,192056.7567567567,192363.0,0.0192363,nan,nan,nan,nan,0.1,1.0,20.0,10 V,1.0,False,1
76.7499,0.0007900000000000002,0.0001,0.1516797,191999.6202531645,192142.99999999997,0.0192143,nan,nan,nan,nan,0.1,1.0,20.0,10 V,1.0,False,1
76.7922,0.0008400000000000003,0.0001,0.1612703,191988.4523809523,191922.99999999997,0.0191923,nan,nan,nan,nan,0.1,1.0,20.0,10 V,1.0,False,1
76.8346,0.0008900000000000003,0.0001,0.170828,191941.57303370783,192142.99999999997,0.0192143,nan,nan,nan,nan,0.1,1.0,20.0,10 V,1.0,False,1
76.8771,0.0009400000000000003,0.0001,0.1804077,191923.08510638293,192142.99999999997,0.0192143,nan,nan,nan,nan,0.1,1.0,20.0,10 V,1.0,False,1
76.9195,0.0009900000000000002,0.0001,0.1899653,191884.14141414137,192032.99999999997,0.0192033,nan,nan,nan,nan,0.1,1.0,20.0,10 V,1.0,False,1
76.9620,0.0010400000000000001,0.0001,0.199567,191891.3461538461,192582.99999999997,0.0192583,nan,nan,nan,nan,0.1,1.0,20.0,10 V,1.0,False,1
77.0044,0.00109,0.0001,0.2090806,191817.06422018347,191922.99999999997,0.0191923,nan,nan,nan,nan,0.1,1.0,20.0,10 V,1.0,False,1
77.0469,0.00114,0.0001,0.2186715,191817.1052631579,192032.99999999997,0.0192033,nan,nan,nan,nan,0.1,1.0,20.0,10 V,1.0,False,1
77.0893,0.0011899999999999999,0.0001,0.2281741,191742.9411764706,192142.99999999997,0.0192143,nan,nan,nan,nan,0.1,1.0,20.0,10 V,1.0,False,1
77.1317,0.0012399999999999998,0.0001,0.2377648,191745.80645161294,192363.0,0.0192363,nan,nan,nan,nan,0.1,1.0,20.0,10 V,1.0,False,1
77.1742,0.0012899999999999997,0.0001,0.2473005,191705.81395348842,192142.99999999997,0.0192143,nan,nan,nan,nan,0.1,1.0,20.0,10 V,1.0,False,1
77.2166,0.0013399999999999996,0.0001,0.2567811,191627.68656716423,192253.0,0.0192253,nan,nan,nan,nan,0.1,1.0,20.0,10 V,1.0,False,1
77.2591,0.0013899999999999995,0.0001,0.2662618,191555.2517985612,192363.0,0.0192363,nan,nan,nan,nan,0.1,1.0,20.0,10 V,1.0,False,1
77.3015,0.0014399999999999994,0.0001,0.2759074,191602.36111111118,192032.99999999997,0.0192033,nan,nan,nan,nan,0.1,1.0,20.0,10 V,1.0,False,1
77.3439,0.0014899999999999994,0.0001,0.2853001,191476.57718120815,192032.99999999997,0.0192033,nan,nan,nan,nan,0.1,1.0,20.0,10 V,1.0,False,1
77.3863,0.0015399999999999993,0.0001,0.2948248,191444.67532467542,192142.99999999997,0.0192143,nan,nan,nan,nan,0.1,1.0,20.0,10 V,1.0,False,1
77.4286,0.0015899999999999992,0.0001,0.3042615,191359.43396226427,192032.99999999997,0.0192033,nan,nan,nan,nan,0.1,1.0,20.0,10 V,1.0,False,1
77.4709,0.001639999999999999,0.0001,0.3137531,191312.86585365864,192363.0,0.0192363,nan,nan,nan,nan,0.1,1.0,20.0,10 V,1.0,False,1
77.5133,0.001689999999999999,0.0001,0.3233878,191353.727810651,191812.99999999997,0.0191813,nan,nan,nan,nan,0.1,1.0,20.0,10 V,1.0,False,1
77.5556,0.001739999999999999,0.0001,0.3327584,191240.45977011506,192142.99999999997,0.0192143,nan,nan,nan,nan,0.1,1.0,20.0,10 V,1.0,False,1
77.5978,0.0017899999999999988,0.0001,0.3423601,191262.62569832415,192582.99999999997,0.0192583,nan,nan,nan,nan,0.1,1.0,20.0,10 V,1.0,False,1
77.6402,0.0018399999999999988,0.0001,0.3516538,191116.19565217406,192253.0,0.0192253,nan,nan,nan,nan,0.1,1.0,20.0,10 V,1.0,False,1
77.6825,0.0018899999999999987,0.0001,0.3611345,191076.45502645517,192363.0,0.0192363,nan,nan,nan,nan,0.1,1.0,20.0,10 V,1.0,False,1
77.7249,0.0019399999999999986,0.0001,0.3705271,190993.35051546403,192253.0,0.0192253,nan,nan,nan,nan,0.1,1.0,20.0,10 V,1.0,False,1
77.7674,0.0019899999999999987,0.0001,0.3800078,190958.6934673368,192363.0,0.0192363,nan,nan,nan,nan,0.1,1.0,20.0,10 V,1.0,False,1
77.8097,0.002039999999999999,0.0001,0.3894115,190887.99019607858,192253.0,0.0192253,nan,nan,nan,nan,0.1,1.0,20.0,10 V,1.0,False,1
77.8521,0.002089999999999999,0.0001,0.3987492,190789.090909091,192032.99999999997,0.0192033,nan,nan,nan,nan,0.1,1.0,20.0,10 V,1.0,False,1
77.8944,0.002139999999999999,0.0001,0.4081529,190725.65420560757,192253.0,0.0192253,nan,nan,nan,nan,0.1,1.0,20.0,10 V,1.0,False,1
77.9368,0.0021899999999999992,0.0001,0.4176225,190695.20547945212,192363.0,0.0192363,nan,nan,nan,nan,0.1,1.0,20.0,10 V,1.0,False,1
77.9792,0.0022399999999999994,0.0001,0.4270704,190656.42857142864,192363.0,0.0192363,nan,nan,nan,nan,0.1,1.0,20.0,10 V,1.0,False,1
78.0217,0.0022899999999999995,0.0001,0.4364631,190595.2401746725,192032.99999999997,0.0192033,nan,nan,nan,nan,0.1,1.0,20.0,10 V,1.0,False,1
78.0641,0.0023399999999999996,0.0001,0.4457348,190484.95726495728,192142.99999999997,0.0192143,nan,nan,nan,nan,0.1,1.0,20.0,10 V,1.0,False,1
78.1065,0.0023899999999999998,0.0001,0.4550615,190402.30125523012,192472.99999999997,0.0192473,nan,nan,nan,nan,0.1,1.0,20.0,10 V,1.0,False,1
78.1488,0.00244,0.0001,0.4644541,190350.04098360657,192802.99999999997,0.0192803,nan,nan,nan,nan,0.1,1.0,20.0,10 V,1.0,False,1
78.1912,0.00249,0.0001,0.4738138,190286.6666666667,192582.99999999997,0.0192583,nan,nan,nan,nan,0.1,1.0,20.0,10 V,1.0,False,1
78.2335,0.00254,0.0001,0.4831295,190208.46456692912,192472.99999999997,0.0192473,nan,nan,nan,nan,0.1,1.0,20.0,10 V,1.0,False,1
78.2757,0.0025900000000000003,0.0001,0.4924012,190116.2934362934,192363.0,0.0192363,nan,nan,nan,nan,0.1,1.0,20.0,10 V,1.0,False,1
78.3181,0.0026400000000000004,0.0001,0.5018049,190077.6136363636,192472.99999999997,0.0192473,nan,nan,nan,nan,0.1,1.0,20.0,10 V,1.0,False,1
78.3605,0.0026900000000000006,0.0001,0.5110766,189991.3011152416,192692.99999999997,0.0192693,nan,nan,nan,nan,0.1,1.0,20.0,10 V,1.0,False,1
78.4029,0.0027400000000000007,0.0001,0.5205353,189976.38686131383,192472.99999999997,0.0192473,nan,nan,nan,nan,0.1,1.0,20.0,10 V,1.0,False,1
78.4453,0.002790000000000001,0.0001,0.529708,189859.49820788525,192472.99999999997,0.0192473,nan,nan,nan,nan,0.1,1.0,20.0,10 V,1.0,False,1
78.4877,0.002840000000000001,0.0001,0.5390127,189793.20422535203,192582.99999999997,0.0192583,nan,nan,nan,nan,0.1,1.0,20.0,10 V,1.0,False,1
78.5301,0.002890000000000001,0.0001,0.5482954,189721.59169550164,192582.99999999997,0.0192583,nan,nan,nan,nan,0.1,1.0,20.0,10 V,1.0,False,1
78.5726,0.002940000000000001,0.0001,0.5576331,189671.12244897953,192472.99999999997,0.0192473,nan,nan,nan,nan,0.1,1.0,20.0,10 V,1.0,False,1
78.6150,0.0029900000000000013,0.0001,0.5667618,189552.4414715718,192802.99999999997,0.0192803,nan,nan,nan,nan,0.1,1.0,20.0,10 V,1.0,False,1
78.6574,0.0030400000000000015,0.0001,0.5760665,189495.55921052623,192253.0,0.0192253,nan,nan,nan,nan,0.1,1.0,20.0,10 V,1.0,False,1
78.6998,0.0030900000000000016,0.0001,0.5853602,189436.95792880247,192363.0,0.0192363,nan,nan,nan,nan,0.1,1.0,20.0,10 V,1.0,False,1
78.7422,0.0031400000000000017,0.0001,0.5945879,189359.20382165594,192253.0,0.0192253,nan,nan,nan,nan,0.1,1.0,20.0,10 V,1.0,False,1
78.7845,0.003190000000000002,0.0001,0.6038376,189290.78369905942,192692.99999999997,0.0192693,nan,nan,nan,nan,0.1,1.0,20.0,10 V,1.0,False,1
78.8269,0.003240000000000002,0.0001,0.6130543,189214.29012345668,192253.0,0.0192253,nan,nan,nan,nan,0.1,1.0,20.0,10 V,1.0,False,1
78.8692,0.003290000000000002,0.0001,0.622161,189106.68693009103,192802.99999999997,0.0192803,nan,nan,nan,nan,0.1,1.0,20.0,10 V,1.0,False,1
78.9116,0.0033400000000000023,0.0001,0.631213,188985.92814371246,191372.99999999997,0.0191373,nan,nan,nan,nan,0.1,1.0,20.0,10 V,1.0,False,1
78.9539,0.0033900000000000024,0.0001,0.6375371,188064.04129793498,191703.0,0.0191703,nan,nan,nan,nan,0.1,1.0,20.0,10 V,1.0,False,1
78.9960,0.0034400000000000025,0.0001,0.6470728,188102.55813953475,191812.99999999997,0.0191813,nan,nan,nan,nan,0.1,1.0,20.0,10 V,1.0,False,1
79.0382,0.0034900000000000026,0.0001,0.6561685,188013.8968481374,191812.99999999997,0.0191813,nan,nan,nan,nan,0.1,1.0,20.0,10 V,1.0,False,1
79.0803,0.0035400000000000028,0.0001,0.6651762,187902.88135593204,191922.99999999997,0.0191923,nan,nan,nan,nan,0.1,1.0,20.0,10 V,1.0,False,1
79.1225,0.003590000000000003,0.0001,0.674041,187755.15320334246,191593.0,0.0191593,nan,nan,nan,nan,0.1,1.0,20.0,10 V,1.0,False,1
79.1648,0.003640000000000003,0.0001,0.6832687,187711.18131868113,192032.99999999997,0.0192033,nan,nan,nan,nan,0.1,1.0,20.0,10 V,1.0,False,1
79.2071,0.003690000000000003,0.0001,0.6923094,187617.7235772356,191482.99999999997,0.0191483,nan,nan,nan,nan,0.1,1.0,20.0,10 V,1.0,False,1
79.2496,0.0037400000000000033,0.0001,0.7013502,187526.7914438501,191593.0,0.0191593,nan,nan,nan,nan,0.1,1.0,20.0,10 V,1.0,False,1
79.2920,0.0037900000000000034,0.0001,0.7105229,187473.06068601564,192142.99999999997,0.0192143,nan,nan,nan,nan,0.1,1.0,20.0,10 V,1.0,False,1
79.3344,0.0038400000000000036,0.0001,0.7196296,187403.54166666648,191262.99999999997,0.0191263,nan,nan,nan,nan,0.1,1.0,20.0,10 V,1.0,False,1
79.3768,0.0038900000000000037,0.0001,0.7286153,187304.70437017977,191812.99999999997,0.0191813,nan,nan,nan,nan,0.1,1.0,20.0,10 V,1.0,False,1
79.4190,0.003940000000000003,0.0001,0.7376561,187222.3604060912,191703.0,0.0191703,nan,nan,nan,nan,0.1,1.0,20.0,10 V,1.0,False,1
79.4615,0.003990000000000003,0.0001,0.7467958,187166.86716791964,191812.99999999997,0.0191813,nan,nan,nan,nan,0.1,1.0,20.0,10 V,1.0,False,1
79.5038,0.004040000000000003,0.0001,0.7560125,187131.80693069292,191922.99999999997,0.0191923,nan,nan,nan,nan,0.1,1.0,20.0,10 V,1.0,False,1
79.5462,0.0040900000000000025,0.0001,0.7650752,187059.9511002444,192032.99999999997,0.0192033,nan,nan,nan,nan,0.1,1.0,20.0,10 V,1.0,False,1
79.5886,0.004140000000000002,0.0001,0.7741709,186997.80193236706,192032.99999999997,0.0192033,nan,nan,nan,nan,0.1,1.0,20.0,10 V,1.0,False,1
79.6311,0.004190000000000002,0.0001,0.7830797,186892.52983293548,192032.99999999997,0.0192033,nan,nan,nan,nan,0.1,1.0,20.0,10 V,1.0,False,1
79.6735,0.004240000000000002,0.0001,0.7920764,186810.47169811314,192032.99999999997,0.0192033,nan,nan,nan,nan,0.1,1.0,20.0,10 V,1.0,False,1
79.7158,0.004290000000000001,0.0001,0.8009302,186697.01631701627,191482.99999999997,0.0191483,nan,nan,nan,nan,0.1,1.0,20.0,10 V,1.0,False,1
79.7582,0.004340000000000001,0.0001,0.8099159,186616.56682027646,191593.0,0.0191593,nan,nan,nan,nan,0.1,1.0,20.0,10 V,1.0,False,1
79.8004,0.004390000000000001,0.0001,0.8188467,186525.44419134394,191703.0,0.0191703,nan,nan,nan,nan,0.1,1.0,20.0,10 V,1.0,False,1
79.8428,0.00444,0.0001,0.8276454,186406.6216216216,192032.99999999997,0.0192033,nan,nan,nan,nan,0.1,1.0,20.0,10 V,1.0,False,1
79.8851,0.00449,0.0001,0.8365542,186314.9665924276,192032.99999999997,0.0192033,nan,nan,nan,nan,0.1,1.0,20.0,10 V,1.0,False,1
79.9276,0.00454,0.0001,0.8457381,186285.92511013217,192142.99999999997,0.0192143,nan,nan,nan,nan,0.1,1.0,20.0,10 V,1.0,False,1
79.9698,0.0045899999999999995,0.0001,0.8545148,186168.80174291943,191922.99999999997,0.0191923,nan,nan,nan,nan,0.1,1.0,20.0,10 V,1.0,False,1
80.0123,0.004639999999999999,0.0001,0.8637096,186144.3103448276,191922.99999999997,0.0191923,nan,nan,nan,nan,0.1,1.0,20.0,10 V,1.0,False,1
80.0546,0.004689999999999999,0.0001,0.8726733,186071.06609808106,191922.99999999997,0.0191923,nan,nan,nan,nan,0.1,1.0,20.0,10 V,1.0,False,1
80.0970,0.0047399999999999986,0.0001,0.881747,186022.57383966248,192253.0,0.0192253,nan,nan,nan,nan,0.1,1.0,20.0,10 V,1.0,False,1
80.1394,0.004789999999999998,0.0001,0.8905458,185917.70354906062,191812.99999999997,0.0191813,nan,nan,nan,nan,0.1,1.0,20.0,10 V,1.0,False,1
80.1819,0.004839999999999998,0.0001,0.8996745,185883.16115702488,192032.99999999997,0.0192033,nan,nan,nan,nan,0.1,1.0,20.0,10 V,1.0,False,1
80.2243,0.004889999999999998,0.0001,0.9084953,185786.35991820047,192363.0,0.0192363,nan,nan,nan,nan,0.1,1.0,20.0,10 V,1.0,False,1
80.2667,0.004939999999999997,0.0001,0.917448,185718.2186234819,192363.0,0.0192363,nan,nan,nan,nan,0.1,1.0,20.0,10 V,1.0,False,1
80.3091,0.004989999999999997,0.0001,0.9262468,185620.6012024049,192253.0,0.0192253,nan,nan,nan,nan,0.1,1.0,20.0,10 V,1.0,False,1
80.3516,0.005039999999999997,0.0001,0.9351225,185540.1785714287,191812.99999999997,0.0191813,nan,nan,nan,nan,0.1,1.0,20.0,10 V,1.0,False,1
80.3940,0.0050899999999999964,0.0001,0.9438664,185435.44204322214,191482.99999999997,0.0191483,nan,nan,nan,nan,0.1,1.0,20.0,10 V,1.0,False,1
80.4364,0.005139999999999996,0.0001,0.9530831,185424.72762645927,191703.0,0.0191703,nan,nan,nan,nan,0.1,1.0,20.0,10 V,1.0,False,1
80.4788,0.005189999999999996,0.0001,0.9619259,185342.17726396932,192142.99999999997,0.0192143,nan,nan,nan,nan,0.1,1.0,20.0,10 V,1.0,False,1
80.5211,0.0052399999999999955,0.0001,0.9706476,185238.0916030536,192142.99999999997,0.0192143,nan,nan,nan,nan,0.1,1.0,20.0,10 V,1.0,False,1
80.5635,0.005289999999999995,0.0001,0.9794134,185144.31001890375,191922.99999999997,0.0191923,nan,nan,nan,nan,0.1,1.0,20.0,10 V,1.0,False,1
80.6059,0.005339999999999995,0.0001,0.9883551,185085.22471910133,191922.99999999997,0.0191923,nan,nan,nan,nan,0.1,1.0,20.0,10 V,1.0,False,1
80.6483,0.005389999999999995,0.0001,0.9973629,185039.4990723564,192032.99999999997,0.0192033,nan,nan,nan,nan,0.1,1.0,20.0,10 V,1.0,False,1
80.6906,0.005439999999999994,0.0001,1.0058537,184899.57720588255,192032.99999999997,0.0192033,nan,nan,nan,nan,0.1,1.0,20.0,10 V,1.0,False,1
80.7330,0.005489999999999994,0.0001,1.0148944,184862.3679417124,192032.99999999997,0.0192033,nan,nan,nan,nan,0.1,1.0,20.0,10 V,1.0,False,1
80.7754,0.005539999999999994,0.0001,1.0234622,184740.46931407964,192032.99999999997,0.0192033,nan,nan,nan,nan,0.1,1.0,20.0,10 V,1.0,False,1
80.8178,0.005589999999999993,0.0001,1.0325249,184709.28443649397,192363.0,0.0192363,nan,nan,nan,nan,0.1,1.0,20.0,10 V,1.0,False,1
80.8602,0.005639999999999993,0.0001,1.0410707,184587.0035460995,192472.99999999997,0.0192473,nan,nan,nan,nan,0.1,1.0,20.0,10 V,1.0,False,1
80.9026,0.005689999999999993,0.0001,1.0501887,184567.43409490358,192142.99999999997,0.0192143,nan,nan,nan,nan,0.1,1.0,20.0,10 V,1.0,False,1
80.9449,0.0057399999999999925,0.0001,1.0588554,184469.58188153332,192253.0,0.0192253,nan,nan,nan,nan,0.1,1.0,20.0,10 V,1.0,False,1
80.9873,0.005789999999999992,0.0001,1.0677862,184419.03281519888,192253.0,0.0192253,nan,nan,nan,nan,0.1,1.0,20.0,10 V,1.0,False,1
81.0297,0.005839999999999992,0.0001,1.076365,184309.075342466,192142.99999999997,0.0192143,nan,nan,nan,nan,0.1,1.0,20.0,10 V,1.0,False,1
81.0722,0.005889999999999992,0.0001,1.0851857,184242.05432937207,191922.99999999997,0.0191923,nan,nan,nan,nan,0.1,1.0,20.0,10 V,1.0,False,1
81.1146,0.005939999999999991,0.0001,1.0939295,184163.21548821576,192142.99999999997,0.0192143,nan,nan,nan,nan,0.1,1.0,20.0,10 V,1.0,False,1
81.1570,0.005989999999999991,0.0001,1.1025523,184065.4924874794,192032.99999999997,0.0192033,nan,nan,nan,nan,0.1,1.0,20.0,10 V,1.0,False,1
81.1994,0.006039999999999991,0.0001,1.1113401,183996.70529801355,192142.99999999997,0.0192143,nan,nan,nan,nan,0.1,1.0,20.0,10 V,1.0,False,1
81.2418,0.00608999999999999,0.0001,1.1200618,183918.193760263,192363.0,0.0192363,nan,nan,nan,nan,0.1,1.0,20.0,10 V,1.0,False,1
81.2843,0.00613999999999999,0.0001,1.1287066,183828.43648208497,192253.0,0.0192253,nan,nan,nan,nan,0.1,1.0,20.0,10 V,1.0,False,1
81.3267,0.00618999999999999,0.0001,1.1375384,183770.3392568662,192253.0,0.0192253,nan,nan,nan,nan,0.1,1.0,20.0,10 V,1.0,False,1
81.3691,0.0062399999999999895,0.0001,1.1461612,183679.67948717982,192142.99999999997,0.0192143,nan,nan,nan,nan,0.1,1.0,20.0,10 V,1.0,False,1
81.4114,0.006289999999999989,0.0001,1.1548829,183606.18441971418,192253.0,0.0192253,nan,nan,nan,nan,0.1,1.0,20.0,10 V,1.0,False,1
81.4537,0.006339999999999989,0.0001,1.1634947,183516.5141955839,191922.99999999997,0.0191923,nan,nan,nan,nan,0.1,1.0,20.0,10 V,1.0,False,1
81.4961,0.006389999999999989,0.0001,1.1723045,183459.23317683916,192253.0,0.0192253,nan,nan,nan,nan,0.1,1.0,20.0,10 V,1.0,False,1
81.5386,0.006439999999999988,0.0001,1.1811583,183409.67391304384,192472.99999999997,0.0192473,nan,nan,nan,nan,0.1,1.0,20.0,10 V,1.0,False,1
81.5809,0.006489999999999988,0.0001,1.1897041,183313.4206471498,192032.99999999997,0.0192033,nan,nan,nan,nan,0.1,1.0,20.0,10 V,1.0,False,1
81.6232,0.006539999999999988,0.0001,1.1984808,183253.94495412876,192253.0,0.0192253,nan,nan,nan,nan,0.1,1.0,20.0,10 V,1.0,False,1
81.6656,0.006589999999999987,0.0001,1.2071916,183185.37177541765,192363.0,0.0192363,nan,nan,nan,nan,0.1,1.0,20.0,10 V,1.0,False,1
81.7081,0.006639999999999987,0.0001,1.2156384,183078.072289157,192253.0,0.0192253,nan,nan,nan,nan,0.1,1.0,20.0,10 V,1.0,False,1
81.7504,0.006689999999999987,0.0001,1.2243052,183005.2615844548,191922.99999999997,0.0191923,nan,nan,nan,nan,0.1,1.0,20.0,10 V,1.0,False,1
81.7926,0.0067399999999999865,0.0001,1.232741,182899.25816023778,192253.0,0.0192253,nan,nan,nan,nan,0.1,1.0,20.0,10 V,1.0,False,1
81.8350,0.006789999999999986,0.0001,1.2414298,182832.07658321096,192472.99999999997,0.0192473,nan,nan,nan,nan,0.1,1.0,20.0,10 V,1.0,False,1
81.8774,0.006839999999999986,0.0001,1.2502396,182783.56725146237,192142.99999999997,0.0192143,nan,nan,nan,nan,0.1,1.0,20.0,10 V,1.0,False,1
81.9198,0.0068899999999999855,0.0001,1.2589066,182715.0362844706,192253.0,0.0192253,nan,nan,nan,nan,0.1,1.0,20.0,10 V,1.0,False,1
81.9621,0.006939999999999985,0.0001,1.2673534,182615.7636887612,192253.0,0.0192253,nan,nan,nan,nan,0.1,1.0,20.0,10 V,1.0,False,1
82.0045,0.006989999999999985,0.0001,1.2758992,182532.07439198895,192472.99999999997,0.0192473,nan,nan,nan,nan,0.1,1.0,20.0,10 V,1.0,False,1
82.0468,0.007039999999999985,0.0001,1.284423,182446.44886363676,192032.99999999997,0.0192033,nan,nan,nan,nan,0.1,1.0,20.0,10 V,1.0,False,1
82.0891,0.007089999999999984,0.0001,1.2929139,182357.39069111465,192363.0,0.0192363,nan,nan,nan,nan,0.1,1.0,20.0,10 V,1.0,False,1
82.1315,0.007139999999999984,0.0001,1.3014597,182277.26890756344,192032.99999999997,0.0192033,nan,nan,nan,nan,0.1,1.0,20.0,10 V,1.0,False,1
82.1738,0.007189999999999984,0.0001,1.3101154,182213.54659248996,192472.99999999997,0.0192473,nan,nan,nan,nan,0.1,1.0,20.0,10 V,1.0,False,1
82.2162,0.007239999999999983,0.0001,1.3188042,182155.27624309435,192253.0,0.0192253,nan,nan,nan,nan,0.1,1.0,20.0,10 V,1.0,False,1
82.2585,0.007289999999999983,0.0001,1.3269761,182026.8998628262,192253.0,0.0192253,nan,nan,nan,nan,0.1,1.0,20.0,10 V,1.0,False,1
82.3009,0.007339999999999983,0.0001,1.3353679,181930.23160762986,192363.0,0.0192363,nan,nan,nan,nan,0.1,1.0,20.0,10 V,1.0,False,1
82.3433,0.0073899999999999825,0.0001,1.3438807,181851.2449255755,192692.99999999997,0.0192693,nan,nan,nan,nan,0.1,1.0,20.0,10 V,1.0,False,1
82.3857,0.007439999999999982,0.0001,1.3522945,181760.01344086064,192142.99999999997,0.0192143,nan,nan,nan,nan,0.1,1.0,20.0,10 V,1.0,False,1
82.4282,0.007489999999999982,0.0001,1.3606643,181664.12550066801,192142.99999999997,0.0192143,nan,nan,nan,nan,0.1,1.0,20.0,10 V,1.0,False,1
82.4705,0.007539999999999982,0.0001,1.3694853,181629.35013262642,192253.0,0.0192253,nan,nan,nan,nan,0.1,1.0,20.0,10 V,1.0,False,1
82.5128,0.007589999999999981,0.0001,1.3778551,181535.58629776066,192253.0,0.0192253,nan,nan,nan,nan,0.1,1.0,20.0,10 V,1.0,False,1
82.5552,0.007639999999999981,0.0001,1.3862799,181450.2486910999,192363.0,0.0192363,nan,nan,nan,nan,0.1,1.0,20.0,10 V,1.0,False,1
82.5975,0.007689999999999981,0.0001,1.3947927,181377.46423927223,192142.99999999997,0.0192143,nan,nan,nan,nan,0.1,1.0,20.0,10 V,1.0,False,1
82.6400,0.00773999999999998,0.0001,1.4031736,181288.57881136995,192253.0,0.0192253,nan,nan,nan,nan,0.1,1.0,20.0,10 V,1.0,False,1
82.6824,0.00778999999999998,0.0001,1.4118623,181240.3465982033,192582.99999999997,0.0192583,nan,nan,nan,nan,0.1,1.0,20.0,10 V,1.0,False,1
82.7249,0.00783999999999998,0.0001,1.4207271,181215.19132653106,192253.0,0.0192253,nan,nan,nan,nan,0.1,1.0,20.0,10 V,1.0,False,1
82.7673,0.00788999999999998,0.0001,1.4290199,181117.85804816266,192363.0,0.0192363,nan,nan,nan,nan,0.1,1.0,20.0,10 V,1.0,False,1
82.8096,0.00793999999999998,0.0001,1.4373348,181024.53400503824,192363.0,0.0192363,nan,nan,nan,nan,0.1,1.0,20.0,10 V,1.0,False,1
82.8521,0.00798999999999998,0.0001,1.4455946,180925.48185231586,192472.99999999997,0.0192473,nan,nan,nan,nan,0.1,1.0,20.0,10 V,1.0,False,1
82.8945,0.00803999999999998,0.0001,1.4546463,180926.1567164184,192582.99999999997,0.0192583,nan,nan,nan,nan,0.1,1.0,20.0,10 V,1.0,False,1
82.9369,0.00808999999999998,0.0001,1.4635661,180910.51915945657,192582.99999999997,0.0192583,nan,nan,nan,nan,0.1,1.0,20.0,10 V,1.0,False,1
82.9794,0.008139999999999979,0.0001,1.471936,180827.51842751887,192363.0,0.0192363,nan,nan,nan,nan,0.1,1.0,20.0,10 V,1.0,False,1
83.0219,0.008189999999999979,0.0001,1.4804268,180760.2930402935,192363.0,0.0192363,nan,nan,nan,nan,0.1,1.0,20.0,10 V,1.0,False,1
83.0642,0.008239999999999978,0.0001,1.4888736,180688.54368932085,192692.99999999997,0.0192693,nan,nan,nan,nan,0.1,1.0,20.0,10 V,1.0,False,1
83.1066,0.008289999999999978,0.0001,1.4969575,180573.88419782917,192472.99999999997,0.0192473,nan,nan,nan,nan,0.1,1.0,20.0,10 V,1.0,False,1
83.1490,0.008339999999999978,0.0001,1.5054043,180504.1127098326,192913.0,0.0192913,nan,nan,nan,nan,0.1,1.0,20.0,10 V,1.0,False,1
83.1914,0.008389999999999977,0.0001,1.5138951,180440.4171632901,192363.0,0.0192363,nan,nan,nan,nan,0.1,1.0,20.0,10 V,1.0,False,1
83.2335,0.008439999999999977,0.0001,1.522111,180344.90521327063,192472.99999999997,0.0192473,nan,nan,nan,nan,0.1,1.0,20.0,10 V,1.0,False,1
83.2759,0.008489999999999977,0.0001,1.5305688,180279.0106007072,192472.99999999997,0.0192473,nan,nan,nan,nan,0.1,1.0,20.0,10 V,1.0,False,1
83.3182,0.008539999999999976,0.0001,1.5389606,180206.159250586,192582.99999999997,0.0192583,nan,nan,nan,nan,0.1,1.0,20.0,10 V,1.0,False,1
83.3605,0.008589999999999976,0.0001,1.5472314,180120.06984866172,192363.0,0.0192363,nan,nan,nan,nan,0.1,1.0,20.0,10 V,1.0,False,1
83.4029,0.008639999999999976,0.0001,1.5556012,180046.43518518566,192472.99999999997,0.0192473,nan,nan,nan,nan,0.1,1.0,20.0,10 V,1.0,False,1
83.4453,0.008689999999999976,0.0001,1.5638391,179958.46950517886,192472.99999999997,0.0192473,nan,nan,nan,nan,0.1,1.0,20.0,10 V,1.0,False,1
83.4877,0.008739999999999975,0.0001,1.5721759,179882.826086957,192472.99999999997,0.0192473,nan,nan,nan,nan,0.1,1.0,20.0,10 V,1.0,False,1
83.5301,0.008789999999999975,0.0001,1.579952,179744.25483504034,192032.99999999997,0.0192033,nan,nan,nan,nan,0.1,1.0,20.0,10 V,1.0,False,1
83.5725,0.008839999999999975,0.0001,1.5889818,179749.07239819056,192253.0,0.0192253,nan,nan,nan,nan,0.1,1.0,20.0,10 V,1.0,False,1
83.6149,0.008889999999999974,0.0001,1.5974836,179694.4431946012,192253.0,0.0192253,nan,nan,nan,nan,0.1,1.0,20.0,10 V,1.0,False,1
83.6573,0.008939999999999974,0.0001,1.6056884,179607.20357941889,192692.99999999997,0.0192693,nan,nan,nan,nan,0.1,1.0,20.0,10 V,1.0,False,1
83.6997,0.008989999999999974,0.0001,1.6141132,179545.40600667463,192363.0,0.0192363,nan,nan,nan,nan,0.1,1.0,20.0,10 V,1.0,False,1
83.7422,0.009039999999999973,0.0001,1.6224391,179473.35176991203,192472.99999999997,0.0192473,nan,nan,nan,nan,0.1,1.0,20.0,10 V,1.0,False,1
83.7846,0.009089999999999973,0.0001,1.6305889,179382.71727172768,192142.99999999997,0.0192143,nan,nan,nan,nan,0.1,1.0,20.0,10 V,1.0,False,1
83.8271,0.009139999999999973,0.0001,1.6390467,179326.77242888455,192472.99999999997,0.0192473,nan,nan,nan,nan,0.1,1.0,20.0,10 V,1.0,False,1
83.8695,0.009189999999999972,0.0001,1.6472516,179243.9173014151,192472.99999999997,0.0192473,nan,nan,nan,nan,0.1,1.0,20.0,10 V,1.0,False,1
83.9119,0.009239999999999972,0.0001,1.6558414,179203.61471861525,192692.99999999997,0.0192693,nan,nan,nan,nan,0.1,1.0,20.0,10 V,1.0,False,1
83.9541,0.009289999999999972,0.0001,1.6639912,179116.3832077508,192363.0,0.0192363,nan,nan,nan,nan,0.1,1.0,20.0,10 V,1.0,False,1
83.9964,0.009339999999999972,0.0001,1.672383,179055.9957173453,192142.99999999997,0.0192143,nan,nan,nan,nan,0.1,1.0,20.0,10 V,1.0,False,1
84.0388,0.009389999999999971,0.0001,1.6809729,179017.34824281206,192363.0,0.0192363,nan,nan,nan,nan,0.1,1.0,20.0,10 V,1.0,False,1
84.0810,0.009439999999999971,0.0001,1.6891118,178931.33474576328,192472.99999999997,0.0192473,nan,nan,nan,nan,0.1,1.0,20.0,10 V,1.0,False,1
84.1234,0.00948999999999997,0.0001,1.6973386,178855.48998946315,192363.0,0.0192363,nan,nan,nan,nan,0.1,1.0,20.0,10 V,1.0,False,1
84.1658,0.00953999999999997,0.0001,1.7057964,178804.65408805085,192363.0,0.0192363,nan,nan,nan,nan,0.1,1.0,20.0,10 V,1.0,False,1
84.2082,0.00958999999999997,0.0001,1.7136603,178692.4191866533,192472.99999999997,0.0192473,nan,nan,nan,nan,0.1,1.0,20.0,10 V,1.0,False,1
84.2506,0.00963999999999997,0.0001,1.7222831,178660.07261410845,192472.99999999997,0.0192473,nan,nan,nan,nan,0.1,1.0,20.0,10 V,1.0,False,1
84.2929,0.00968999999999997,0.0001,1.730598,178596.28482972193,192363.0,0.0192363,nan,nan,nan,nan,0.1,1.0,20.0,10 V,1.0,False,1
84.3352,0.00973999999999997,0.0001,1.7384949,178490.23613963096,192363.0,0.0192363,nan,nan,nan,nan,0.1,1.0,20.0,10 V,1.0,False,1
84.3775,0.009789999999999969,0.0001,1.7473266,178480.7558733407,192142.99999999997,0.0192143,nan,nan,nan,nan,0.1,1.0,20.0,10 V,1.0,False,1
84.4199,0.009839999999999969,0.0001,1.7553885,178393.140243903,192582.99999999997,0.0192583,nan,nan,nan,nan,0.1,1.0,20.0,10 V,1.0,False,1
84.4622,0.009889999999999968,0.0001,1.7636263,178324.19615773569,192692.99999999997,0.0192693,nan,nan,nan,nan,0.1,1.0,20.0,10 V,1.0,False,1
84.5046,0.009939999999999968,0.0001,1.7722381,178293.571428572,192363.0,0.0192363,nan,nan,nan,nan,0.1,1.0,20.0,10 V,1.0,False,1
84.5470,0.009989999999999968,0.0001,1.780366,178214.81481481539,192472.99999999997,0.0192473,nan,nan,nan,nan,0.1,1.0,20.0,10 V,1.0,False,1
84.5894,0.010039999999999967,0.0001,1.7889011,178177.40039840693,192582.99999999997,0.0192583,nan,nan,nan,nan,0.1,1.0,20.0,10 V,1.0,False,1
84.6319,0.010089999999999967,0.0001,1.7969959,178096.71952428203,192472.99999999997,0.0192473,nan,nan,nan,nan,0.1,1.0,20.0,10 V,1.0,False,1
84.6742,0.010139999999999967,0.0001,1.8056187,178068.90532544436,192472.99999999997,0.0192473,nan,nan,nan,nan,0.1,1.0,20.0,10 V,1.0,False,1
84.7167,0.010189999999999966,0.0001,1.8142305,178040.28459273858,192582.99999999997,0.0192583,nan,nan,nan,nan,0.1,1.0,20.0,10 V,1.0,False,1
84.7590,0.010239999999999966,0.0001,1.8223804,177966.83593750058,192692.99999999997,0.0192693,nan,nan,nan,nan,0.1,1.0,20.0,10 V,1.0,False,1
84.8015,0.010289999999999966,0.0001,1.8306402,177904.78134110846,193023.0,0.0193023,nan,nan,nan,nan,0.1,1.0,20.0,10 V,1.0,False,1
84.8439,0.010339999999999966,0.0001,1.8384931,177803.9748549329,192253.0,0.0192253,nan,nan,nan,nan,0.1,1.0,20.0,10 V,1.0,False,1
84.8862,0.010389999999999965,0.0001,1.846687,177736.95861405256,192142.99999999997,0.0192143,nan,nan,nan,nan,0.1,1.0,20.0,10 V,1.0,False,1
84.9286,0.010439999999999965,0.0001,1.8549798,177680.05747126497,192802.99999999997,0.0192803,nan,nan,nan,nan,0.1,1.0,20.0,10 V,1.0,False,1
84.9710,0.010489999999999965,0.0001,1.8631186,177609.01811248867,192582.99999999997,0.0192583,nan,nan,nan,nan,0.1,1.0,20.0,10 V,1.0,False,1
85.0134,0.010539999999999964,0.0001,1.8713235,177544.92409867232,192802.99999999997,0.0192803,nan,nan,nan,nan,0.1,1.0,20.0,10 V,1.0,False,1
85.0557,0.010589999999999964,0.0001,1.8796053,177488.69688385326,192363.0,0.0192363,nan,nan,nan,nan,0.1,1.0,20.0,10 V,1.0,False,1
85.0981,0.010639999999999964,0.0001,1.8880851,177451.60714285774,192582.99999999997,0.0192583,nan,nan,nan,nan,0.1,1.0,20.0,10 V,1.0,False,1
85.1405,0.010689999999999963,0.0001,1.895982,177360.33676333082,192363.0,0.0192363,nan,nan,nan,nan,0.1,1.0,20.0,10 V,1.0,False,1
85.1828,0.010739999999999963,0.0001,1.9044948,177327.262569833,192582.99999999997,0.0192583,nan,nan,nan,nan,0.1,1.0,20.0,10 V,1.0,False,1
85.2252,0.010789999999999963,0.0001,1.9127547,177271.05653382823,192472.99999999997,0.0192473,nan,nan,nan,nan,0.1,1.0,20.0,10 V,1.0,False,1
85.2676,0.010839999999999963,0.0001,1.9209045,177205.2121771224,192582.99999999997,0.0192583,nan,nan,nan,nan,0.1,1.0,20.0,10 V,1.0,False,1
85.3099,0.010889999999999962,0.0001,1.9288894,177124.83011937622,192472.99999999997,0.0192473,nan,nan,nan,nan,0.1,1.0,20.0,10 V,1.0,False,1
85.3524,0.010939999999999962,0.0001,1.9372042,177075.33820841013,192802.99999999997,0.0192803,nan,nan,nan,nan,0.1,1.0,20.0,10 V,1.0,False,1
85.3948,0.010989999999999962,0.0001,1.9453321,177009.29026387684,192363.0,0.0192363,nan,nan,nan,nan,0.1,1.0,20.0,10 V,1.0,False,1
85.4372,0.011039999999999961,0.0001,1.95313,176913.94927536292,192582.99999999997,0.0192583,nan,nan,nan,nan,0.1,1.0,20.0,10 V,1.0,False,1
85.4794,0.011089999999999961,0.0001,1.9616978,176888.89089269674,192472.99999999997,0.0192473,nan,nan,nan,nan,0.1,1.0,20.0,10 V,1.0,False,1
85.5217,0.01113999999999996,0.0001,1.9698037,176822.59425493778,192472.99999999997,0.0192473,nan,nan,nan,nan,0.1,1.0,20.0,10 V,1.0,False,1
85.5639,0.01118999999999996,0.0001,1.9781075,176774.57551385227,192472.99999999997,0.0192473,nan,nan,nan,nan,0.1,1.0,20.0,10 V,1.0,False,1
85.6062,0.01123999999999996,0.0001,1.9862353,176711.3256227764,192692.99999999997,0.0192693,nan,nan,nan,nan,0.1,1.0,20.0,10 V,1.0,False,1
85.6485,0.01128999999999996,0.0001,1.9944185,176653.54295837088,192363.0,0.0192363,nan,nan,nan,nan,0.1,1.0,20.0,10 V,1.0,False,1
85.6909,0.01133999999999996,0.0001,2.0019744,176540.952380953,192472.99999999997,0.0192473,nan,nan,nan,nan,0.1,1.0,20.0,10 V,1.0,False,1
85.7333,0.01138999999999996,0.0001,2.0105422,176518.19139596203,192692.99999999997,0.0192693,nan,nan,nan,nan,0.1,1.0,20.0,10 V,1.0,False,1
85.7756,0.011439999999999959,0.0001,2.0183621,176430.25349650413,192692.99999999997,0.0192693,nan,nan,nan,nan,0.1,1.0,20.0,10 V,1.0,False,1
85.8180,0.011489999999999959,0.0001,2.026633,176382.33246301193,192472.99999999997,0.0192473,nan,nan,nan,nan,0.1,1.0,20.0,10 V,1.0,False,1
85.8604,0.011539999999999958,0.0001,2.0351348,176354.83535528657,192582.99999999997,0.0192583,nan,nan,nan,nan,0.1,1.0,20.0,10 V,1.0,False,1
85.9027,0.011589999999999958,0.0001,2.0439445,176354.14150129483,192913.0,0.0192913,nan,nan,nan,nan,0.1,1.0,20.0,10 V,1.0,False,1
85.9451,0.011639999999999958,0.0001,2.0519734,176286.37457044737,192692.99999999997,0.0192693,nan,nan,nan,nan,0.1,1.0,20.0,10 V,1.0,False,1
85.9874,0.011689999999999957,0.0001,2.0597823,176200.3678357577,192472.99999999997,0.0192473,nan,nan,nan,nan,0.1,1.0,20.0,10 V,1.0,False,1
86.0298,0.011739999999999957,0.0001,2.0681741,176164.7444633737,192142.99999999997,0.0192143,nan,nan,nan,nan,0.1,1.0,20.0,10 V,1.0,False,1
86.0721,0.011789999999999957,0.0001,2.0755871,176046.4037319769,192913.0,0.0192913,nan,nan,nan,nan,0.1,1.0,20.0,10 V,1.0,False,1
86.1145,0.011839999999999956,0.0001,2.083715,175989.44256756824,192363.0,0.0192363,nan,nan,nan,nan,0.1,1.0,20.0,10 V,1.0,False,1
86.1569,0.011889999999999956,0.0001,2.0923487,175975.50042052212,192582.99999999997,0.0192583,nan,nan,nan,nan,0.1,1.0,20.0,10 V,1.0,False,1
86.1992,0.011939999999999956,0.0001,2.1004437,175916.55778894536,192472.99999999997,0.0192473,nan,nan,nan,nan,0.1,1.0,20.0,10 V,1.0,False,1
86.2416,0.011989999999999956,0.0001,2.1082636,175835.16263553023,192363.0,0.0192363,nan,nan,nan,nan,0.1,1.0,20.0,10 V,1.0,False,1
86.2840,0.012039999999999955,0.0001,2.1168864,175821.12956810693,192363.0,0.0192363,nan,nan,nan,nan,0.1,1.0,20.0,10 V,1.0,False,1
86.3264,0.012089999999999955,0.0001,2.1247723,175746.26137303622,192582.99999999997,0.0192583,nan,nan,nan,nan,0.1,1.0,20.0,10 V,1.0,False,1
86.3687,0.012139999999999955,0.0001,2.1329881,175699.18451400395,192472.99999999997,0.0192473,nan,nan,nan,nan,0.1,1.0,20.0,10 V,1.0,False,1
86.4110,0.012189999999999954,0.0001,2.141017,175637.16160787598,192692.99999999997,0.0192693,nan,nan,nan,nan,0.1,1.0,20.0,10 V,1.0,False,1
86.4534,0.012239999999999954,0.0001,2.1490239,175573.84803921633,192582.99999999997,0.0192583,nan,nan,nan,nan,0.1,1.0,20.0,10 V,1.0,False,1
86.4958,0.012289999999999954,0.0001,2.1572507,175528.9422294555,192363.0,0.0192363,nan,nan,nan,nan,0.1,1.0,20.0,10 V,1.0,False,1
86.5382,0.012339999999999953,0.0001,2.1652906,175469.2544570509,192363.0,0.0192363,nan,nan,nan,nan,0.1,1.0,20.0,10 V,1.0,False,1
86.5805,0.012389999999999953,0.0001,2.1734075,175416.2631154163,192692.99999999997,0.0192693,nan,nan,nan,nan,0.1,1.0,20.0,10 V,1.0,False,1
86.6228,0.012439999999999953,0.0001,2.1816893,175376.95337620642,192692.99999999997,0.0192693,nan,nan,nan,nan,0.1,1.0,20.0,10 V,1.0,False,1
86.6651,0.012489999999999953,0.0001,2.1896192,175309.78382706232,192363.0,0.0192363,nan,nan,nan,nan,0.1,1.0,20.0,10 V,1.0,False,1
86.7073,0.012539999999999952,0.0001,2.197989,175278.22966507246,192582.99999999997,0.0192583,nan,nan,nan,nan,0.1,1.0,20.0,10 V,1.0,False,1
86.7497,0.012589999999999952,0.0001,2.2059743,175216.38602065196,192472.99999999997,0.0192473,nan,nan,nan,nan,0.1,1.0,20.0,10 V,1.0,False,1
86.7921,0.012639999999999952,0.0001,2.2142781,175180.22943038042,192913.0,0.0192913,nan,nan,nan,nan,0.1,1.0,20.0,10 V,1.0,False,1
86.8344,0.012689999999999951,0.0001,2.221999,175098.42395587143,192472.99999999997,0.0192473,nan,nan,nan,nan,0.1,1.0,20.0,10 V,1.0,False,1
86.8766,0.012739999999999951,0.0001,2.2297419,175018.98744113097,192142.99999999997,0.0192143,nan,nan,nan,nan,0.1,1.0,20.0,10 V,1.0,False,1
86.9190,0.01278999999999995,0.0001,2.2385957,175027.02892885133,192253.0,0.0192253,nan,nan,nan,nan,0.1,1.0,20.0,10 V,1.0,False,1
86.9614,0.01283999999999995,0.0001,2.2465586,174965.6230529602,192692.99999999997,0.0192693,nan,nan,nan,nan,0.1,1.0,20.0,10 V,1.0,False,1
87.0038,0.01288999999999995,0.0001,2.2547414,174921.7532971302,192692.99999999997,0.0192693,nan,nan,nan,nan,0.1,1.0,20.0,10 V,1.0,False,1
87.0461,0.01293999999999995,0.0001,2.2627043,174861.22874806865,192692.99999999997,0.0192693,nan,nan,nan,nan,0.1,1.0,20.0,10 V,1.0,False,1
87.0885,0.01298999999999995,0.0001,2.2708982,174818.95304080128,192802.99999999997,0.0192803,nan,nan,nan,nan,0.1,1.0,20.0,10 V,1.0,False,1
87.1308,0.01303999999999995,0.0001,2.278993,174769.40184049145,192363.0,0.0192363,nan,nan,nan,nan,0.1,1.0,20.0,10 V,1.0,False,1
87.1732,0.013089999999999949,0.0001,2.2870879,174720.2368220022,192802.99999999997,0.0192803,nan,nan,nan,nan,0.1,1.0,20.0,10 V,1.0,False,1
87.2156,0.013139999999999949,0.0001,2.2949628,174654.70319634772,192582.99999999997,0.0192583,nan,nan,nan,nan,0.1,1.0,20.0,10 V,1.0,False,1
87.2580,0.013189999999999948,0.0001,2.3024637,174561.31159969742,192913.0,0.0192913,nan,nan,nan,nan,0.1,1.0,20.0,10 V,1.0,False,1
87.3004,0.013239999999999948,0.0001,2.3111856,174560.84592145085,190052.99999999997,0.0190053,nan,nan,nan,nan,0.1,1.0,20.0,10 V,1.0,False,1
87.3427,0.013289999999999948,0.0001,2.3191705,174504.92851768315,192692.99999999997,0.0192693,nan,nan,nan,nan,0.1,1.0,20.0,10 V,1.0,False,1
87.3851,0.013339999999999947,0.0001,2.3274193,174469.21289355392,192913.0,0.0192913,nan,nan,nan,nan,0.1,1.0,20.0,10 V,1.0,False,1
87.4274,0.013389999999999947,0.0001,2.3355582,174425.55638536287,193023.0,0.0193023,nan,nan,nan,nan,0.1,1.0,20.0,10 V,1.0,False,1
87.4699,0.013439999999999947,0.0001,2.343895,174396.94940476256,192582.99999999997,0.0192583,nan,nan,nan,nan,0.1,1.0,20.0,10 V,1.0,False,1
87.5123,0.013489999999999946,0.0001,2.3516599,174326.16011860705,192913.0,0.0192913,nan,nan,nan,nan,0.1,1.0,20.0,10 V,1.0,False,1
87.5545,0.013539999999999946,0.0001,2.3596228,174270.51698670673,192582.99999999997,0.0192583,nan,nan,nan,nan,0.1,1.0,20.0,10 V,1.0,False,1
87.5969,0.013589999999999946,0.0001,2.3676297,174218.52097130314,192802.99999999997,0.0192803,nan,nan,nan,nan,0.1,1.0,20.0,10 V,1.0,False,1
87.6393,0.013639999999999946,0.0001,2.3754496,174153.1964809391,192802.99999999997,0.0192803,nan,nan,nan,nan,0.1,1.0,20.0,10 V,1.0,False,1
87.6818,0.013689999999999945,0.0001,2.3836984,174119.67859751714,193242.99999999997,0.0193243,nan,nan,nan,nan,0.1,1.0,20.0,10 V,1.0,False,1
87.7242,0.013739999999999945,0.0001,2.3913753,174044.78165938935,193023.0,0.0193023,nan,nan,nan,nan,0.1,1.0,20.0,10 V,1.0,False,1
87.7666,0.013789999999999945,0.0001,2.3994592,173999.94198694776,193132.99999999997,0.0193133,nan,nan,nan,nan,0.1,1.0,20.0,10 V,1.0,False,1
87.8090,0.013839999999999944,0.0001,2.408291,174009.46531791976,190822.99999999997,0.0190823,nan,nan,nan,nan,0.1,1.0,20.0,10 V,1.0,False,1
87.8513,0.013889999999999944,0.0001,2.415715,173917.56659467312,193132.99999999997,0.0193133,nan,nan,nan,nan,0.1,1.0,20.0,10 V,1.0,False,1
87.8936,0.013939999999999944,0.0001,2.4239529,173884.7130559548,192582.99999999997,0.0192583,nan,nan,nan,nan,0.1,1.0,20.0,10 V,1.0,False,1
87.9360,0.013989999999999943,0.0001,2.4323117,173860.73624017226,192802.99999999997,0.0192803,nan,nan,nan,nan,0.1,1.0,20.0,10 V,1.0,False,1
87.9783,0.014,0.0001,2.4335435,173824.5357142857,192802.99999999997,0.0192803,nan,nan,nan,nan,0.1,1.0,20.0,10 V,1.0,False,1
88.0207,0.01395,0.0001,2.4261745,173919.31899641576,190712.99999999997,0.0190713,nan,nan,nan,nan,0.1,1.0,20.0,10 V,1.0,False,1
88.0630,0.013900000000000001,0.0001,2.4180027,173957.02877697843,192363.0,0.0192363,nan,nan,nan,nan,0.1,1.0,20.0,10 V,1.0,False,1
88.1054,0.013850000000000001,0.0001,2.4103257,174030.73646209386,192692.99999999997,0.0192693,nan,nan,nan,nan,0.1,1.0,20.0,10 V,1.0,False,1
88.1477,0.013800000000000002,0.0001,2.4023078,174080.27536231882,193132.99999999997,0.0193133,nan,nan,nan,nan,0.1,1.0,20.0,10 V,1.0,False,1
88.1900,0.013750000000000002,0.0001,2.3948288,174169.36727272725,192582.99999999997,0.0192583,nan,nan,nan,nan,0.1,1.0,20.0,10 V,1.0,False,1
88.2324,0.013700000000000002,0.0001,2.38658,174202.91970802916,193023.0,0.0193023,nan,nan,nan,nan,0.1,1.0,20.0,10 V,1.0,False,1
88.2748,0.013650000000000002,0.0001,2.3787711,174268.945054945,193352.99999999997,0.0193353,nan,nan,nan,nan,0.1,1.0,20.0,10 V,1.0,False,1
88.3169,0.013600000000000003,0.0001,2.3705443,174304.72794117645,192802.99999999997,0.0192803,nan,nan,nan,nan,0.1,1.0,20.0,10 V,1.0,False,1
88.3591,0.013550000000000003,0.0001,2.3627354,174371.6162361623,192913.0,0.0192913,nan,nan,nan,nan,0.1,1.0,20.0,10 V,1.0,False,1
88.4016,0.013500000000000003,0.0001,2.3552894,174465.88148148145,193023.0,0.0193023,nan,nan,nan,nan,0.1,1.0,20.0,10 V,1.0,False,1
88.4440,0.013450000000000004,0.0001,2.3468976,174490.52788104085,193023.0,0.0193023,nan,nan,nan,nan,0.1,1.0,20.0,10 V,1.0,False,1
88.4863,0.013400000000000004,0.0001,2.3391767,174565.42537313426,192913.0,0.0192913,nan,nan,nan,nan,0.1,1.0,20.0,10 V,1.0,False,1
88.5287,0.013300000000000005,0.0001,2.3232839,174682.9999999999,192913.0,0.0192913,nan,nan,nan,nan,0.1,1.0,20.0,10 V,1.0,False,1
88.5711,0.013200000000000005,0.0001,2.3074351,174805.68939393933,190933.0,0.0190933,nan,nan,nan,nan,0.1,1.0,20.0,10 V,1.0,False,1
88.6134,0.013100000000000006,0.0001,2.2916852,174937.80152671746,193023.0,0.0193023,nan,nan,nan,nan,0.1,1.0,20.0,10 V,1.0,False,1
88.6558,0.013000000000000006,0.0001,2.2762434,175095.64615384606,193023.0,0.0193023,nan,nan,nan,nan,0.1,1.0,20.0,10 V,1.0,False,1
88.6981,0.012900000000000007,0.0001,2.2598117,175179.20155038752,193023.0,0.0193023,nan,nan,nan,nan,0.1,1.0,20.0,10 V,1.0,False,1
88.7405,0.012800000000000008,0.0001,2.243776,175294.99999999988,193023.0,0.0193023,nan,nan,nan,nan,0.1,1.0,20.0,10 V,1.0,False,1
88.7829,0.012700000000000008,0.0001,2.2277732,175415.21259842507,192913.0,0.0192913,nan,nan,nan,nan,0.1,1.0,20.0,10 V,1.0,False,1
88.8253,0.012600000000000009,0.0001,2.2112865,175498.92857142843,193242.99999999997,0.0193243,nan,nan,nan,nan,0.1,1.0,20.0,10 V,1.0,False,1
88.8677,0.01250000000000001,0.0001,2.1955033,175640.26399999988,192802.99999999997,0.0192803,nan,nan,nan,nan,0.1,1.0,20.0,10 V,1.0,False,1
88.9101,0.01240000000000001,0.0001,2.1798745,175796.33064516116,193132.99999999997,0.0193133,nan,nan,nan,nan,0.1,1.0,20.0,10 V,1.0,False,1
88.9524,0.01230000000000001,0.0001,2.1635638,175899.49593495918,193132.99999999997,0.0193133,nan,nan,nan,nan,0.1,1.0,20.0,10 V,1.0,False,1
88.9949,0.012200000000000011,0.0001,2.1475061,176025.09016393428,193023.0,0.0193023,nan,nan,nan,nan,0.1,1.0,20.0,10 V,1.0,False,1
89.0371,0.012100000000000012,0.0001,2.1314373,176151.84297520644,192913.0,0.0192913,nan,nan,nan,nan,0.1,1.0,20.0,10 V,1.0,False,1
89.0793,0.012000000000000012,0.0001,2.1152586,176271.54999999984,193132.99999999997,0.0193133,nan,nan,nan,nan,0.1,1.0,20.0,10 V,1.0,False,1
89.1217,0.011900000000000013,0.0001,2.0992119,176404.3613445376,193242.99999999997,0.0193243,nan,nan,nan,nan,0.1,1.0,20.0,10 V,1.0,False,1
89.1640,0.011800000000000014,0.0001,2.0829891,176524.49999999977,193023.0,0.0193023,nan,nan,nan,nan,0.1,1.0,20.0,10 V,1.0,False,1
89.2063,0.011700000000000014,0.0001,2.0663704,176612.85470085446,193242.99999999997,0.0193243,nan,nan,nan,nan,0.1,1.0,20.0,10 V,1.0,False,1
89.2487,0.011600000000000015,0.0001,2.0501257,176734.97413793084,193242.99999999997,0.0193243,nan,nan,nan,nan,0.1,1.0,20.0,10 V,1.0,False,1
89.2911,0.011500000000000015,0.0001,2.0339689,176866.860869565,192913.0,0.0192913,nan,nan,nan,nan,0.1,1.0,20.0,10 V,1.0,False,1
89.3334,0.011400000000000016,0.0001,2.0178012,177000.10526315766,193132.99999999997,0.0193133,nan,nan,nan,nan,0.1,1.0,20.0,10 V,1.0,False,1
89.3757,0.011300000000000017,0.0001,2.0012155,177098.716814159,193023.0,0.0193023,nan,nan,nan,nan,0.1,1.0,20.0,10 V,1.0,False,1
89.4182,0.011200000000000017,0.0001,1.9849265,177225.58035714258,192802.99999999997,0.0192803,nan,nan,nan,nan,0.1,1.0,20.0,10 V,1.0,False,1
89.4605,0.011100000000000018,0.0001,1.9683519,177328.99999999974,193132.99999999997,0.0193133,nan,nan,nan,nan,0.1,1.0,20.0,10 V,1.0,False,1
89.5029,0.011000000000000018,0.0001,1.9543068,177664.25454545423,193132.99999999997,0.0193133,nan,nan,nan,nan,0.1,1.0,20.0,10 V,1.0,False,1
89.5453,0.010900000000000019,0.0001,1.9367093,177679.75229357765,193023.0,0.0193023,nan,nan,nan,nan,0.1,1.0,20.0,10 V,1.0,False,1
89.5877,0.01080000000000002,0.0001,1.9205526,177828.94444444412,193242.99999999997,0.0193243,nan,nan,nan,nan,0.1,1.0,20.0,10 V,1.0,False,1
89.6301,0.01070000000000002,0.0001,1.9049018,178028.20560747627,193242.99999999997,0.0193243,nan,nan,nan,nan,0.1,1.0,20.0,10 V,1.0,False,1
89.6724,0.01060000000000002,0.0001,1.889218,178228.11320754682,193573.0,0.0193573,nan,nan,nan,nan,0.1,1.0,20.0,10 V,1.0,False,1
89.7149,0.010500000000000021,0.0001,1.8730393,178384.6952380949,193573.0,0.0193573,nan,nan,nan,nan,0.1,1.0,20.0,10 V,1.0,False,1
89.7572,0.010400000000000022,0.0001,1.8556067,178423.72115384578,193132.99999999997,0.0193133,nan,nan,nan,nan,0.1,1.0,20.0,10 V,1.0,False,1
89.7996,0.010300000000000023,0.0001,1.8403848,178678.1359223297,193242.99999999997,0.0193243,nan,nan,nan,nan,0.1,1.0,20.0,10 V,1.0,False,1
89.8420,0.010200000000000023,0.0001,1.8232382,178748.84313725447,193352.99999999997,0.0193353,nan,nan,nan,nan,0.1,1.0,20.0,10 V,1.0,False,1
89.8844,0.010100000000000024,0.0001,1.8052558,178738.19801980158,193463.0,0.0193463,nan,nan,nan,nan,0.1,1.0,20.0,10 V,1.0,False,1
89.9268,0.010000000000000024,0.0001,1.7885491,178854.90999999957,193132.99999999997,0.0193133,nan,nan,nan,nan,0.1,1.0,20.0,10 V,1.0,False,1
89.9692,0.009900000000000025,0.0001,1.7714792,178937.29292929245,193352.99999999997,0.0193353,nan,nan,nan,nan,0.1,1.0,20.0,10 V,1.0,False,1
90.0115,0.009800000000000026,0.0001,1.7550145,179083.11224489746,193132.99999999997,0.0193133,nan,nan,nan,nan,0.1,1.0,20.0,10 V,1.0,False,1
90.0539,0.009700000000000026,0.0001,1.7384289,179219.47422680364,193242.99999999997,0.0193243,nan,nan,nan,nan,0.1,1.0,20.0,10 V,1.0,False,1
90.0963,0.009600000000000027,0.0001,1.7221182,179387.3124999995,193132.99999999997,0.0193133,nan,nan,nan,nan,0.1,1.0,20.0,10 V,1.0,False,1
90.1388,0.009500000000000028,0.0001,1.7055875,179535.52631578894,193023.0,0.0193023,nan,nan,nan,nan,0.1,1.0,20.0,10 V,1.0,False,1
90.1810,0.009400000000000028,0.0001,1.6888478,179664.65957446754,193023.0,0.0193023,nan,nan,nan,nan,0.1,1.0,20.0,10 V,1.0,False,1
90.2234,0.009300000000000029,0.0001,1.6721521,179801.30107526825,192802.99999999997,0.0192803,nan,nan,nan,nan,0.1,1.0,20.0,10 V,1.0,False,1
90.2658,0.00920000000000003,0.0001,1.6556984,179967.21739130377,193352.99999999997,0.0193353,nan,nan,nan,nan,0.1,1.0,20.0,10 V,1.0,False,1
90.3081,0.00910000000000003,0.0001,1.6387498,180082.39560439502,193132.99999999997,0.0193133,nan,nan,nan,nan,0.1,1.0,20.0,10 V,1.0,False,1
90.3505,0.00900000000000003,0.0001,1.6217902,180198.9111111105,193463.0,0.0193463,nan,nan,nan,nan,0.1,1.0,20.0,10 V,1.0,False,1
90.3928,0.008900000000000031,0.0001,1.6050945,180347.69662921285,193023.0,0.0193023,nan,nan,nan,nan,0.1,1.0,20.0,10 V,1.0,False,1
90.4351,0.008800000000000032,0.0001,1.5879809,180452.37499999933,192913.0,0.0192913,nan,nan,nan,nan,0.1,1.0,20.0,10 V,1.0,False,1
90.4775,0.008700000000000032,0.0001,1.5711531,180592.31034482692,193463.0,0.0193463,nan,nan,nan,nan,0.1,1.0,20.0,10 V,1.0,False,1
90.5200,0.008600000000000033,0.0001,1.5542044,180721.44186046443,193242.99999999997,0.0193243,nan,nan,nan,nan,0.1,1.0,20.0,10 V,1.0,False,1
90.5624,0.008500000000000034,0.0001,1.5374978,180882.09411764634,192692.99999999997,0.0192693,nan,nan,nan,nan,0.1,1.0,20.0,10 V,1.0,False,1
90.6048,0.008400000000000034,0.0001,1.5205712,181020.3809523802,193242.99999999997,0.0193243,nan,nan,nan,nan,0.1,1.0,20.0,10 V,1.0,False,1
90.6472,0.008300000000000035,0.0001,1.5039525,181199.0963855414,193242.99999999997,0.0193243,nan,nan,nan,nan,0.1,1.0,20.0,10 V,1.0,False,1
90.6896,0.008200000000000035,0.0001,1.4865969,181292.30487804802,193242.99999999997,0.0193243,nan,nan,nan,nan,0.1,1.0,20.0,10 V,1.0,False,1
90.7320,0.008100000000000036,0.0001,1.4696483,181438.06172839427,193132.99999999997,0.0193133,nan,nan,nan,nan,0.1,1.0,20.0,10 V,1.0,False,1
90.7744,0.008000000000000037,0.0001,1.4527876,181598.44999999917,192913.0,0.0192913,nan,nan,nan,nan,0.1,1.0,20.0,10 V,1.0,False,1
90.8169,0.007900000000000037,0.0001,1.435828,181750.37974683457,192913.0,0.0192913,nan,nan,nan,nan,0.1,1.0,20.0,10 V,1.0,False,1
90.8593,0.007800000000000037,0.0001,1.4185164,181861.07692307603,193132.99999999997,0.0193133,nan,nan,nan,nan,0.1,1.0,20.0,10 V,1.0,False,1
90.9016,0.007700000000000037,0.0001,1.4014908,182011.79220779132,193242.99999999997,0.0193243,nan,nan,nan,nan,0.1,1.0,20.0,10 V,1.0,False,1
90.9439,0.007600000000000036,0.0001,1.3843112,182146.2105263149,193352.99999999997,0.0193353,nan,nan,nan,nan,0.1,1.0,20.0,10 V,1.0,False,1
90.9864,0.007500000000000036,0.0001,1.3671316,182284.21333333245,193132.99999999997,0.0193133,nan,nan,nan,nan,0.1,1.0,20.0,10 V,1.0,False,1
91.0288,0.007400000000000036,0.0001,1.3499298,182422.94594594504,193132.99999999997,0.0193133,nan,nan,nan,nan,0.1,1.0,20.0,10 V,1.0,False,1
91.0712,0.007300000000000036,0.0001,1.3328822,182586.60273972512,193023.0,0.0193023,nan,nan,nan,nan,0.1,1.0,20.0,10 V,1.0,False,1
91.1136,0.007200000000000035,0.0001,1.3156697,182731.90277777688,192913.0,0.0192913,nan,nan,nan,nan,0.1,1.0,20.0,10 V,1.0,False,1
91.1561,0.007100000000000035,0.0001,1.2984461,182879.7323943653,193242.99999999997,0.0193243,nan,nan,nan,nan,0.1,1.0,20.0,10 V,1.0,False,1
91.1985,0.007000000000000035,0.0001,1.2813765,183053.7857142848,193242.99999999997,0.0193243,nan,nan,nan,nan,0.1,1.0,20.0,10 V,1.0,False,1
91.2410,0.006900000000000035,0.0001,1.263735,183149.9999999991,193132.99999999997,0.0193133,nan,nan,nan,nan,0.1,1.0,20.0,10 V,1.0,False,1
91.2833,0.006800000000000034,0.0001,1.2460821,183247.3676470579,193463.0,0.0193463,nan,nan,nan,nan,0.1,1.0,20.0,10 V,1.0,False,1
91.3256,0.006700000000000034,0.0001,1.2288696,183413.3731343274,192802.99999999997,0.0192803,nan,nan,nan,nan,0.1,1.0,20.0,10 V,1.0,False,1
91.3678,0.006600000000000034,0.0001,1.211503,183561.06060605965,193352.99999999997,0.0193353,nan,nan,nan,nan,0.1,1.0,20.0,10 V,1.0,False,1
91.4102,0.0065000000000000335,0.0001,1.1942794,183735.2923076914,193132.99999999997,0.0193133,nan,nan,nan,nan,0.1,1.0,20.0,10 V,1.0,False,1
91.4527,0.006400000000000033,0.0001,1.1769458,183897.781249999,193023.0,0.0193023,nan,nan,nan,nan,0.1,1.0,20.0,10 V,1.0,False,1
91.4951,0.006300000000000033,0.0001,1.1591833,183997.34920634824,193132.99999999997,0.0193133,nan,nan,nan,nan,0.1,1.0,20.0,10 V,1.0,False,1
91.5376,0.006200000000000033,0.0001,1.1420038,184194.1612903216,193132.99999999997,0.0193133,nan,nan,nan,nan,0.1,1.0,20.0,10 V,1.0,False,1
91.5799,0.0061000000000000325,0.0001,1.1242632,184305.44262294983,192692.99999999997,0.0192693,nan,nan,nan,nan,0.1,1.0,20.0,10 V,1.0,False,1
91.6222,0.006000000000000032,0.0001,1.1068857,184480.94999999902,192913.0,0.0192913,nan,nan,nan,nan,0.1,1.0,20.0,10 V,1.0,False,1
91.6647,0.005900000000000032,0.0001,1.0892992,184626.98305084644,193023.0,0.0193023,nan,nan,nan,nan,0.1,1.0,20.0,10 V,1.0,False,1
91.7071,0.005800000000000032,0.0001,1.0717676,184787.51724137831,192913.0,0.0192913,nan,nan,nan,nan,0.1,1.0,20.0,10 V,1.0,False,1
91.7495,0.005700000000000031,0.0001,1.0540711,184924.7543859639,193132.99999999997,0.0193133,nan,nan,nan,nan,0.1,1.0,20.0,10 V,1.0,False,1
91.7918,0.005600000000000031,0.0001,1.0365064,185090.42857142753,193023.0,0.0193023,nan,nan,nan,nan,0.1,1.0,20.0,10 V,1.0,False,1
91.8342,0.005500000000000031,0.0001,1.0189528,185264.14545454443,193242.99999999997,0.0193243,nan,nan,nan,nan,0.1,1.0,20.0,10 V,1.0,False,1
91.8766,0.005400000000000031,0.0001,1.0012783,185421.90740740637,193352.99999999997,0.0193353,nan,nan,nan,nan,0.1,1.0,20.0,10 V,1.0,False,1
91.9190,0.00530000000000003,0.0001,0.9835598,185577.3207547159,193132.99999999997,0.0193133,nan,nan,nan,nan,0.1,1.0,20.0,10 V,1.0,False,1
91.9613,0.00520000000000003,0.0001,0.9659293,185755.63461538355,193132.99999999997,0.0193133,nan,nan,nan,nan,0.1,1.0,20.0,10 V,1.0,False,1
92.0037,0.00510000000000003,0.0001,0.9477159,185826.64705882245,193132.99999999997,0.0193133,nan,nan,nan,nan,0.1,1.0,20.0,10 V,1.0,False,1
92.0461,0.00500000000000003,0.0001,0.9298873,185977.4599999989,193352.99999999997,0.0193353,nan,nan,nan,nan,0.1,1.0,20.0,10 V,1.0,False,1
92.0885,0.004900000000000029,0.0001,0.9122127,186165.85714285602,193352.99999999997,0.0193353,nan,nan,nan,nan,0.1,1.0,20.0,10 V,1.0,False,1
92.1309,0.004800000000000029,0.0001,0.8943293,186318.60416666552,193023.0,0.0193023,nan,nan,nan,nan,0.1,1.0,20.0,10 V,1.0,False,1
92.1734,0.004700000000000029,0.0001,0.8764568,186480.17021276482,192913.0,0.0192913,nan,nan,nan,nan,0.1,1.0,20.0,10 V,1.0,False,1
92.2157,0.0046000000000000285,0.0001,0.8585623,186643.9782608684,193463.0,0.0193463,nan,nan,nan,nan,0.1,1.0,20.0,10 V,1.0,False,1
92.2581,0.004500000000000028,0.0001,0.8405798,186795.51111110995,192913.0,0.0192913,nan,nan,nan,nan,0.1,1.0,20.0,10 V,1.0,False,1
92.3005,0.004400000000000028,0.0001,0.8224761,186926.3863636352,193132.99999999997,0.0193133,nan,nan,nan,nan,0.1,1.0,20.0,10 V,1.0,False,1
92.3429,0.004300000000000028,0.0001,0.8043837,187065.97674418485,193132.99999999997,0.0193133,nan,nan,nan,nan,0.1,1.0,20.0,10 V,1.0,False,1
92.3853,0.0042000000000000275,0.0001,0.7863242,187220.0476190464,193463.0,0.0193463,nan,nan,nan,nan,0.1,1.0,20.0,10 V,1.0,False,1
92.4277,0.004100000000000027,0.0001,0.7681548,187354.82926829142,193023.0,0.0193023,nan,nan,nan,nan,0.1,1.0,20.0,10 V,1.0,False,1
92.4701,0.004000000000000027,0.0001,0.7501943,187548.57499999873,193242.99999999997,0.0193243,nan,nan,nan,nan,0.1,1.0,20.0,10 V,1.0,False,1
92.5124,0.003900000000000027,0.0001,0.7320029,187693.05128204997,193132.99999999997,0.0193133,nan,nan,nan,nan,0.1,1.0,20.0,10 V,1.0,False,1
92.5548,0.0038000000000000273,0.0001,0.7137784,187836.42105263023,192802.99999999997,0.0192803,nan,nan,nan,nan,0.1,1.0,20.0,10 V,1.0,False,1
92.5971,0.0037000000000000275,0.0001,0.69573,188035.13513513372,193132.99999999997,0.0193133,nan,nan,nan,nan,0.1,1.0,20.0,10 V,1.0,False,1
92.6394,0.0036000000000000277,0.0001,0.6774615,188183.74999999857,193132.99999999997,0.0193133,nan,nan,nan,nan,0.1,1.0,20.0,10 V,1.0,False,1
92.6818,0.003500000000000028,0.0001,0.6591051,188315.74285714136,193352.99999999997,0.0193353,nan,nan,nan,nan,0.1,1.0,20.0,10 V,1.0,False,1
92.7242,0.003400000000000028,0.0001,0.6409467,188513.73529411608,192913.0,0.0192913,nan,nan,nan,nan,0.1,1.0,20.0,10 V,1.0,False,1
92.7666,0.003300000000000028,0.0001,0.6225459,188650.2727272711,193023.0,0.0193023,nan,nan,nan,nan,0.1,1.0,20.0,10 V,1.0,False,1
92.8090,0.0032000000000000283,0.0001,0.6041455,188795.46874999834,193023.0,0.0193023,nan,nan,nan,nan,0.1,1.0,20.0,10 V,1.0,False,1
92.8513,0.0031000000000000285,0.0001,0.5858111,188971.3225806434,193023.0,0.0193023,nan,nan,nan,nan,0.1,1.0,20.0,10 V,1.0,False,1
92.8937,0.0030000000000000287,0.0001,0.5674327,189144.2333333315,193023.0,0.0193023,nan,nan,nan,nan,0.1,1.0,20.0,10 V,1.0,False,1
92.9361,0.002900000000000029,0.0001,0.5489553,189294.9310344809,192692.99999999997,0.0192693,nan,nan,nan,nan,0.1,1.0,20.0,10 V,1.0,False,1
92.9784,0.002800000000000029,0.0001,0.5304009,189428.89285714086,192802.99999999997,0.0192803,nan,nan,nan,nan,0.1,1.0,20.0,10 V,1.0,False,1
93.0208,0.002700000000000029,0.0001,0.5117805,189548.33333333128,193242.99999999997,0.0193243,nan,nan,nan,nan,0.1,1.0,20.0,10 V,1.0,False,1
93.0633,0.0026000000000000294,0.0001,0.4932481,189710.80769230556,193242.99999999997,0.0193243,nan,nan,nan,nan,0.1,1.0,20.0,10 V,1.0,False,1
93.1056,0.0025000000000000295,0.0001,0.4745617,189824.67999999775,193352.99999999997,0.0193353,nan,nan,nan,nan,0.1,1.0,20.0,10 V,1.0,False,1
93.1480,0.0024000000000000297,0.0001,0.4559303,189970.95833333096,193352.99999999997,0.0193353,nan,nan,nan,nan,0.1,1.0,20.0,10 V,1.0,False,1
93.1904,0.00230000000000003,0.0001,0.437288,190125.21739130188,193242.99999999997,0.0193243,nan,nan,nan,nan,0.1,1.0,20.0,10 V,1.0,False,1
93.2328,0.00220000000000003,0.0001,0.4186344,190288.36363636103,192913.0,0.0192913,nan,nan,nan,nan,0.1,1.0,20.0,10 V,1.0,False,1
93.2752,0.0021000000000000302,0.0001,0.399882,190419.99999999726,193242.99999999997,0.0193243,nan,nan,nan,nan,0.1,1.0,20.0,10 V,1.0,False,1
93.3176,0.0020000000000000304,0.0001,0.3811407,190570.3499999971,192913.0,0.0192913,nan,nan,nan,nan,0.1,1.0,20.0,10 V,1.0,False,1
93.3600,0.0019000000000000304,0.0001,0.3623553,190713.31578947062,193242.99999999997,0.0193243,nan,nan,nan,nan,0.1,1.0,20.0,10 V,1.0,False,1
93.4024,0.0018000000000000303,0.0001,0.3436029,190890.49999999677,193242.99999999997,0.0193243,nan,nan,nan,nan,0.1,1.0,20.0,10 V,1.0,False,1
93.4448,0.0017000000000000303,0.0001,0.3246306,190959.17647058482,193023.0,0.0193023,nan,nan,nan,nan,0.1,1.0,20.0,10 V,1.0,False,1
93.4872,0.0016000000000000302,0.0001,0.3058122,191132.6249999964,193132.99999999997,0.0193133,nan,nan,nan,nan,0.1,1.0,20.0,10 V,1.0,False,1
93.5294,0.0015000000000000302,0.0001,0.2867629,191175.26666666282,192582.99999999997,0.0192583,nan,nan,nan,nan,0.1,1.0,20.0,10 V,1.0,False,1
93.5718,0.0014000000000000301,0.0001,0.2678126,191294.71428571016,193132.99999999997,0.0193133,nan,nan,nan,nan,0.1,1.0,20.0,10 V,1.0,False,1
93.6142,0.00130000000000003,0.0001,0.2488842,191449.38461538017,193352.99999999997,0.0193353,nan,nan,nan,nan,0.1,1.0,20.0,10 V,1.0,False,1
93.6565,0.00120000000000003,0.0001,0.2298459,191538.2499999952,193132.99999999997,0.0193133,nan,nan,nan,nan,0.1,1.0,20.0,10 V,1.0,False,1
93.6988,0.00110000000000003,0.0001,0.2107526,191593.27272726753,193132.99999999997,0.0193133,nan,nan,nan,nan,0.1,1.0,20.0,10 V,1.0,False,1
93.7412,0.00100000000000003,0.0001,0.1916921,191692.09999999424,193242.99999999997,0.0193243,nan,nan,nan,nan,0.1,1.0,20.0,10 V,1.0,False,1
93.7836,0.0009000000000000299,0.0001,0.1726097,191788.5555555492,192582.99999999997,0.0192583,nan,nan,nan,nan,0.1,1.0,20.0,10 V,1.0,False,1
93.8259,0.0008000000000000299,0.0001,0.1535384,191922.99999999284,193132.99999999997,0.0193133,nan,nan,nan,nan,0.1,1.0,20.0,10 V,1.0,False,1
93.8683,0.0007000000000000298,0.0001,0.1343681,191954.42857142037,192802.99999999997,0.0192803,nan,nan,nan,nan,0.1,1.0,20.0,10 V,1.0,False,1
93.9107,0.0006000000000000298,0.0001,0.1152308,192051.3333333238,193023.0,0.0193023,nan,nan,nan,nan,0.1,1.0,20.0,10 V,1.0,False,1
93.9531,0.0005000000000000297,0.0001,0.0960385,192076.9999999886,193023.0,0.0193023,nan,nan,nan,nan,0.1,1.0,20.0,10 V,1.0,False,1
93.9954,0.0004000000000000297,0.0001,0.0768682,192170.4999999857,193352.99999999997,0.0193353,nan,nan,nan,nan,0.1,1.0,20.0,10 V,1.0,False,1
94.0377,0.00030000000000002974,0.0001,0.0576759,192252.99999998094,193242.99999999997,0.0193243,nan,nan,nan,nan,0.1,1.0,20.0,10 V,1.0,False,1
94.0801,0.00020000000000002974,0.0001,0.0385386,192692.99999997133,192692.99999999997,0.0192693,nan,nan,nan,nan,0.1,1.0,20.0,10 V,1.0,False,1
94.1225,0.00010000000000002974,0.0001,0.0193353,193352.9999999425,193463.0,0.0193463,nan,nan,nan,nan,0.1,1.0,20.0,10 V,1.0,False,1
94.1648,1e-05,0.0001,0.0020897,208969.99999999997,193242.99999999997,0.0193243,nan,nan,nan,nan,0.1,1.0,20.0,10 V,1.0,False,1
94.2073,-9e-05,0.0001,-0.0170806,189784.44444444444,193463.0,0.0193463,nan,nan,nan,nan,0.1,1.0,20.0,10 V,1.0,False,1
94.2498,-0.00019,0.0001,-0.0363059,191083.68421052632,193352.99999999997,0.0193353,nan,nan,nan,nan,0.1,1.0,20.0,10 V,1.0,False,1
94.2922,-0.00029,0.0001,-0.0554432,191183.44827586203,193242.99999999997,0.0193243,nan,nan,nan,nan,0.1,1.0,20.0,10 V,1.0,False,1
94.3347,-0.00039,0.0001,-0.0746245,191344.87179487178,193132.99999999997,0.0193133,nan,nan,nan,nan,0.1,1.0,20.0,10 V,1.0,False,1
94.3772,-0.00049,0.0001,-0.0938168,191462.85714285716,193132.99999999997,0.0193133,nan,nan,nan,nan,0.1,1.0,20.0,10 V,1.0,False,1
94.4195,-0.00059,0.0001,-0.1129213,191392.03389830506,193242.99999999997,0.0193243,nan,nan,nan,nan,0.1,1.0,20.0,10 V,1.0,False,1
94.4620,-0.0006900000000000001,0.0001,-0.1320476,191373.33333333328,193352.99999999997,0.0193353,nan,nan,nan,nan,0.1,1.0,20.0,10 V,1.0,False,1
94.5044,-0.0007900000000000001,0.0001,-0.151119,191289.87341772148,193023.0,0.0193023,nan,nan,nan,nan,0.1,1.0,20.0,10 V,1.0,False,1
94.5469,-0.0008900000000000002,0.0001,-0.1702123,191249.77528089884,193352.99999999997,0.0193353,nan,nan,nan,nan,0.1,1.0,20.0,10 V,1.0,False,1
94.5893,-0.0009900000000000002,0.0001,-0.1892506,191162.22222222216,193573.0,0.0193573,nan,nan,nan,nan,0.1,1.0,20.0,10 V,1.0,False,1
94.6318,-0.0010900000000000003,0.0001,-0.2083661,191161.55963302747,193463.0,0.0193463,nan,nan,nan,nan,0.1,1.0,20.0,10 V,1.0,False,1
94.6742,-0.0011900000000000003,0.0001,-0.2273165,191022.26890756298,193242.99999999997,0.0193243,nan,nan,nan,nan,0.1,1.0,20.0,10 V,1.0,False,1
94.7167,-0.0012900000000000003,0.0001,-0.2463218,190947.13178294568,193132.99999999997,0.0193133,nan,nan,nan,nan,0.1,1.0,20.0,10 V,1.0,False,1
94.7590,-0.0013900000000000004,0.0001,-0.2652061,190795.7553956834,193242.99999999997,0.0193243,nan,nan,nan,nan,0.1,1.0,20.0,10 V,1.0,False,1
94.8015,-0.0014900000000000004,0.0001,-0.2840905,190664.7651006711,193463.0,0.0193463,nan,nan,nan,nan,0.1,1.0,20.0,10 V,1.0,False,1
94.8439,-0.0015900000000000005,0.0001,-0.3029968,190564.02515723265,193352.99999999997,0.0193353,nan,nan,nan,nan,0.1,1.0,20.0,10 V,1.0,False,1
94.8864,-0.0016900000000000005,0.0001,-0.3218922,190468.75739644966,193132.99999999997,0.0193133,nan,nan,nan,nan,0.1,1.0,20.0,10 V,1.0,False,1
94.9288,-0.0017900000000000006,0.0001,-0.3406885,190328.7709497206,193023.0,0.0193023,nan,nan,nan,nan,0.1,1.0,20.0,10 V,1.0,False,1
94.9712,-0.0018900000000000006,0.0001,-0.3595179,190221.11111111104,193242.99999999997,0.0193243,nan,nan,nan,nan,0.1,1.0,20.0,10 V,1.0,False,1
95.0136,-0.0019900000000000004,0.0001,-0.3782153,190057.9396984924,193352.99999999997,0.0193353,nan,nan,nan,nan,0.1,1.0,20.0,10 V,1.0,False,1
95.0560,-0.0020900000000000003,0.0001,-0.3969566,189931.3875598086,193352.99999999997,0.0193353,nan,nan,nan,nan,0.1,1.0,20.0,10 V,1.0,False,1
95.0984,-0.00219,0.0001,-0.4156982,189816.5296803653,193242.99999999997,0.0193243,nan,nan,nan,nan,0.1,1.0,20.0,10 V,1.0,False,1
95.1408,-0.00229,0.0001,-0.4342966,189649.17030567685,193132.99999999997,0.0193133,nan,nan,nan,nan,0.1,1.0,20.0,10 V,1.0,False,1
95.1832,-0.0023899999999999998,0.0001,-0.452928,189509.62343096235,193242.99999999997,0.0193243,nan,nan,nan,nan,0.1,1.0,20.0,10 V,1.0,False,1
95.2256,-0.0024899999999999996,0.0001,-0.4715593,189381.24497991972,193352.99999999997,0.0193353,nan,nan,nan,nan,0.1,1.0,20.0,10 V,1.0,False,1
95.2681,-0.0025899999999999994,0.0001,-0.4901687,189254.32432432438,193242.99999999997,0.0193243,nan,nan,nan,nan,0.1,1.0,20.0,10 V,1.0,False,1
95.3105,-0.0026899999999999992,0.0001,-0.5087671,189132.7509293681,193683.0,0.0193683,nan,nan,nan,nan,0.1,1.0,20.0,10 V,1.0,False,1
95.3530,-0.002789999999999999,0.0001,-0.5273215,189004.12186379934,193792.99999999997,0.0193793,nan,nan,nan,nan,0.1,1.0,20.0,10 V,1.0,False,1
95.3954,-0.002889999999999999,0.0001,-0.5457329,188834.91349480973,193023.0,0.0193023,nan,nan,nan,nan,0.1,1.0,20.0,10 V,1.0,False,1
95.4378,-0.0029899999999999987,0.0001,-0.5642763,188721.17056856194,193352.99999999997,0.0193353,nan,nan,nan,nan,0.1,1.0,20.0,10 V,1.0,False,1
95.4801,-0.0030899999999999986,0.0001,-0.5828087,188611.22977346284,192913.0,0.0192913,nan,nan,nan,nan,0.1,1.0,20.0,10 V,1.0,False,1
95.5226,-0.0031899999999999984,0.0001,-0.6012751,188487.4921630095,193242.99999999997,0.0193243,nan,nan,nan,nan,0.1,1.0,20.0,10 V,1.0,False,1
95.5650,-0.0032899999999999982,0.0001,-0.6195546,188314.46808510646,193132.99999999997,0.0193133,nan,nan,nan,nan,0.1,1.0,20.0,10 V,1.0,False,1
95.6075,-0.003389999999999998,0.0001,-0.638142,188242.4778761063,193023.0,0.0193023,nan,nan,nan,nan,0.1,1.0,20.0,10 V,1.0,False,1
95.6498,-0.003489999999999998,0.0001,-0.6564875,188105.30085959897,193352.99999999997,0.0193353,nan,nan,nan,nan,0.1,1.0,20.0,10 V,1.0,False,1
95.6923,-0.0035899999999999977,0.0001,-0.6748549,187981.86629526474,193023.0,0.0193023,nan,nan,nan,nan,0.1,1.0,20.0,10 V,1.0,False,1
95.7346,-0.0036899999999999975,0.0001,-0.6930573,187820.40650406515,193352.99999999997,0.0193353,nan,nan,nan,nan,0.1,1.0,20.0,10 V,1.0,False,1
95.7771,-0.0037899999999999974,0.0001,-0.7116007,187757.44063324548,193242.99999999997,0.0193243,nan,nan,nan,nan,0.1,1.0,20.0,10 V,1.0,False,1
95.8195,-0.003889999999999997,0.0001,-0.7297812,187604.42159383046,193463.0,0.0193463,nan,nan,nan,nan,0.1,1.0,20.0,10 V,1.0,False,1
95.8617,-0.003989999999999997,0.0001,-0.7481156,187497.6441102758,193573.0,0.0193573,nan,nan,nan,nan,0.1,1.0,20.0,10 V,1.0,False,1
95.9041,-0.004089999999999997,0.0001,-0.766538,187417.60391198058,193132.99999999997,0.0193133,nan,nan,nan,nan,0.1,1.0,20.0,10 V,1.0,False,1
95.9466,-0.0041899999999999975,0.0001,-0.7847295,187286.27684964208,193132.99999999997,0.0193133,nan,nan,nan,nan,0.1,1.0,20.0,10 V,1.0,False,1
95.9891,-0.004289999999999998,0.0001,-0.8031629,187217.4592074593,193352.99999999997,0.0193353,nan,nan,nan,nan,0.1,1.0,20.0,10 V,1.0,False,1
96.0315,-0.004389999999999998,0.0001,-0.8214423,187116.69703872447,193573.0,0.0193573,nan,nan,nan,nan,0.1,1.0,20.0,10 V,1.0,False,1
96.0739,-0.004489999999999998,0.0001,-0.8396229,186998.41870824058,193463.0,0.0193463,nan,nan,nan,nan,0.1,1.0,20.0,10 V,1.0,False,1
96.1164,-0.004589999999999999,0.0001,-0.8576934,186861.30718954257,193132.99999999997,0.0193133,nan,nan,nan,nan,0.1,1.0,20.0,10 V,1.0,False,1
96.1588,-0.004689999999999999,0.0001,-0.8760718,186795.6929637527,193463.0,0.0193463,nan,nan,nan,nan,0.1,1.0,20.0,10 V,1.0,False,1
96.2012,-0.004789999999999999,0.0001,-0.8943732,186716.74321503134,193463.0,0.0193463,nan,nan,nan,nan,0.1,1.0,20.0,10 V,1.0,False,1
96.2436,-0.004889999999999999,0.0001,-0.9124767,186600.55214723927,193242.99999999997,0.0193243,nan,nan,nan,nan,0.1,1.0,20.0,10 V,1.0,False,1
96.2860,-0.00499,0.0001,-0.9307891,186530.88176352708,193023.0,0.0193023,nan,nan,nan,nan,0.1,1.0,20.0,10 V,1.0,False,1
96.3284,-0.00509,0.0001,-0.9489475,186433.6935166994,193463.0,0.0193463,nan,nan,nan,nan,0.1,1.0,20.0,10 V,1.0,False,1
96.3707,-0.00519,0.0001,-0.9674469,186405.95375722542,193463.0,0.0193463,nan,nan,nan,nan,0.1,1.0,20.0,10 V,1.0,False,1
96.4133,-0.00529,0.0001,-0.9856163,186316.8809073724,193242.99999999997,0.0193243,nan,nan,nan,nan,0.1,1.0,20.0,10 V,1.0,False,1
96.4557,-0.005390000000000001,0.0001,-1.0036978,186214.80519480517,193242.99999999997,0.0193243,nan,nan,nan,nan,0.1,1.0,20.0,10 V,1.0,False,1
96.4980,-0.005490000000000001,0.0001,-1.0218122,186122.44080145718,193463.0,0.0193463,nan,nan,nan,nan,0.1,1.0,20.0,10 V,1.0,False,1
96.5404,-0.005590000000000001,0.0001,-1.0400917,186062.91592128796,193573.0,0.0193573,nan,nan,nan,nan,0.1,1.0,20.0,10 V,1.0,False,1
96.5828,-0.0056900000000000015,0.0001,-1.0582723,185988.10193321612,193463.0,0.0193463,nan,nan,nan,nan,0.1,1.0,20.0,10 V,1.0,False,1
96.6251,-0.005790000000000002,0.0001,-1.0763758,185902.55613126073,193242.99999999997,0.0193243,nan,nan,nan,nan,0.1,1.0,20.0,10 V,1.0,False,1
96.6676,-0.005890000000000002,0.0001,-1.0945012,185823.63327674018,193463.0,0.0193463,nan,nan,nan,nan,0.1,1.0,20.0,10 V,1.0,False,1
96.7100,-0.005990000000000002,0.0001,-1.1124617,185719.81636060093,193352.99999999997,0.0193353,nan,nan,nan,nan,0.1,1.0,20.0,10 V,1.0,False,1
96.7524,-0.0060900000000000025,0.0001,-1.1307081,185666.3546798029,193683.0,0.0193683,nan,nan,nan,nan,0.1,1.0,20.0,10 V,1.0,False,1
96.7949,-0.006190000000000003,0.0001,-1.1487016,185573.7641357027,193573.0,0.0193573,nan,nan,nan,nan,0.1,1.0,20.0,10 V,1.0,False,1
96.8373,-0.006290000000000003,0.0001,-1.1667831,185498.108108108,193352.99999999997,0.0193353,nan,nan,nan,nan,0.1,1.0,20.0,10 V,1.0,False,1
96.8798,-0.006390000000000003,0.0001,-1.1850955,185460.95461658834,193463.0,0.0193463,nan,nan,nan,nan,0.1,1.0,20.0,10 V,1.0,False,1
96.9222,-0.006490000000000004,0.0001,-1.203067,185372.4191063173,193463.0,0.0193463,nan,nan,nan,nan,0.1,1.0,20.0,10 V,1.0,False,1
96.9646,-0.006590000000000004,0.0001,-1.2214454,185348.3156297419,193573.0,0.0193573,nan,nan,nan,nan,0.1,1.0,20.0,10 V,1.0,False,1
97.0071,-0.006690000000000004,0.0001,-1.2393619,185255.88938714488,193792.99999999997,0.0193793,nan,nan,nan,nan,0.1,1.0,20.0,10 V,1.0,False,1
97.0496,-0.006790000000000004,0.0001,-1.2576964,185227.74668630326,193792.99999999997,0.0193793,nan,nan,nan,nan,0.1,1.0,20.0,10 V,1.0,False,1
97.0920,-0.006890000000000005,0.0001,-1.2757779,185163.70101596502,193683.0,0.0193683,nan,nan,nan,nan,0.1,1.0,20.0,10 V,1.0,False,1
97.1346,-0.006990000000000005,0.0001,-1.2940133,185123.50500715294,193683.0,0.0193683,nan,nan,nan,nan,0.1,1.0,20.0,10 V,1.0,False,1
97.1770,-0.007090000000000005,0.0001,-1.3118858,185033.25811001397,194012.99999999997,0.0194013,nan,nan,nan,nan,0.1,1.0,20.0,10 V,1.0,False,1
97.2194,-0.007190000000000005,0.0001,-1.3301212,184995.9944367175,193683.0,0.0193683,nan,nan,nan,nan,0.1,1.0,20.0,10 V,1.0,False,1
97.2619,-0.007290000000000006,0.0001,-1.3479937,184909.9725651576,193683.0,0.0193683,nan,nan,nan,nan,0.1,1.0,20.0,10 V,1.0,False,1
97.3044,-0.007390000000000006,0.0001,-1.3658884,184829.28281461418,193352.99999999997,0.0193353,nan,nan,nan,nan,0.1,1.0,20.0,10 V,1.0,False,1
97.3468,-0.007490000000000006,0.0001,-1.3840688,184788.8918558076,193463.0,0.0193463,nan,nan,nan,nan,0.1,1.0,20.0,10 V,1.0,False,1
97.3892,-0.0075900000000000065,0.0001,-1.4022823,184753.92621870866,193683.0,0.0193683,nan,nan,nan,nan,0.1,1.0,20.0,10 V,1.0,False,1
97.4316,-0.007690000000000007,0.0001,-1.4203308,184698.41352405702,193792.99999999997,0.0193793,nan,nan,nan,nan,0.1,1.0,20.0,10 V,1.0,False,1
97.4741,-0.007790000000000007,0.0001,-1.4382032,184621.7201540435,193463.0,0.0193463,nan,nan,nan,nan,0.1,1.0,20.0,10 V,1.0,False,1
97.5165,-0.007890000000000006,0.0001,-1.4563287,184579.04942965767,193792.99999999997,0.0193793,nan,nan,nan,nan,0.1,1.0,20.0,10 V,1.0,False,1
97.5589,-0.007990000000000006,0.0001,-1.4742341,184509.89987484342,194012.99999999997,0.0194013,nan,nan,nan,nan,0.1,1.0,20.0,10 V,1.0,False,1
97.6013,-0.008090000000000005,0.0001,-1.4922166,184451.9901112483,193792.99999999997,0.0193793,nan,nan,nan,nan,0.1,1.0,20.0,10 V,1.0,False,1
97.6437,-0.008190000000000005,0.0001,-1.510287,184406.227106227,193902.99999999997,0.0193903,nan,nan,nan,nan,0.1,1.0,20.0,10 V,1.0,False,1
97.6861,-0.008290000000000004,0.0001,-1.5284235,184369.54161640521,193463.0,0.0193463,nan,nan,nan,nan,0.1,1.0,20.0,10 V,1.0,False,1
97.7285,-0.008390000000000003,0.0001,-1.546296,184302.26460071502,194012.99999999997,0.0194013,nan,nan,nan,nan,0.1,1.0,20.0,10 V,1.0,False,1
97.7709,-0.008490000000000003,0.0001,-1.5641684,184236.56065959946,193242.99999999997,0.0193243,nan,nan,nan,nan,0.1,1.0,20.0,10 V,1.0,False,1
97.8133,-0.008590000000000002,0.0001,-1.5823821,184212.11874272404,194012.99999999997,0.0194013,nan,nan,nan,nan,0.1,1.0,20.0,10 V,1.0,False,1
97.8557,-0.008690000000000002,0.0001,-1.6000676,184127.4568469505,193902.99999999997,0.0193903,nan,nan,nan,nan,0.1,1.0,20.0,10 V,1.0,False,1
97.8982,-0.008790000000000001,0.0001,-1.618413,184119.795221843,193902.99999999997,0.0193903,nan,nan,nan,nan,0.1,1.0,20.0,10 V,1.0,False,1
97.9406,-0.00889,0.0001,-1.6362745,184057.874015748,193573.0,0.0193573,nan,nan,nan,nan,0.1,1.0,20.0,10 V,1.0,False,1
97.9831,-0.00899,0.0001,-1.654323,184018.13125695215,193792.99999999997,0.0193793,nan,nan,nan,nan,0.1,1.0,20.0,10 V,1.0,False,1
98.0256,-0.009089999999999999,0.0001,-1.6724263,183985.29152915292,194123.0,0.0194123,nan,nan,nan,nan,0.1,1.0,20.0,10 V,1.0,False,1
98.0678,-0.009189999999999999,0.0001,-1.6905408,183954.3852013058,193683.0,0.0193683,nan,nan,nan,nan,0.1,1.0,20.0,10 V,1.0,False,1
98.1102,-0.009289999999999998,0.0001,-1.7089962,183960.8396124866,194562.99999999997,0.0194563,nan,nan,nan,nan,0.1,1.0,20.0,10 V,1.0,False,1
98.1525,-0.009389999999999997,0.0001,-1.7268797,183906.25133120344,194012.99999999997,0.0194013,nan,nan,nan,nan,0.1,1.0,20.0,10 V,1.0,False,1
98.1949,-0.009489999999999997,0.0001,-1.7450931,183887.5763962066,194123.0,0.0194123,nan,nan,nan,nan,0.1,1.0,20.0,10 V,1.0,False,1
98.2373,-0.009589999999999996,0.0001,-1.7631526,183853.2429614182,194123.0,0.0194123,nan,nan,nan,nan,0.1,1.0,20.0,10 V,1.0,False,1
98.2798,-0.009689999999999995,0.0001,-1.7813771,183836.64602683188,194343.0,0.0194343,nan,nan,nan,nan,0.1,1.0,20.0,10 V,1.0,False,1
98.3221,-0.009789999999999995,0.0001,-1.7992276,183782.18590398377,194012.99999999997,0.0194013,nan,nan,nan,nan,0.1,1.0,20.0,10 V,1.0,False,1
98.3646,-0.009889999999999994,0.0001,-1.817727,183794.43882709817,194562.99999999997,0.0194563,nan,nan,nan,nan,0.1,1.0,20.0,10 V,1.0,False,1
98.4070,-0.009989999999999994,0.0001,-1.8355445,183738.18818818827,194343.0,0.0194343,nan,nan,nan,nan,0.1,1.0,20.0,10 V,1.0,False,1
98.4494,-0.010089999999999993,0.0001,-1.8539009,183736.46184340943,194233.0,0.0194233,nan,nan,nan,nan,0.1,1.0,20.0,10 V,1.0,False,1
98.4919,-0.010189999999999992,0.0001,-1.8722684,183735.85868498543,194123.0,0.0194123,nan,nan,nan,nan,0.1,1.0,20.0,10 V,1.0,False,1
98.5343,-0.010289999999999992,0.0001,-1.8909657,183767.3177842567,194452.99999999997,0.0194453,nan,nan,nan,nan,0.1,1.0,20.0,10 V,1.0,False,1
98.5767,-0.010389999999999991,0.0001,-1.9088712,183721.96342637166,194452.99999999997,0.0194453,nan,nan,nan,nan,0.1,1.0,20.0,10 V,1.0,False,1
98.6190,-0.01048999999999999,0.0001,-1.9274586,183742.4785510011,194562.99999999997,0.0194563,nan,nan,nan,nan,0.1,1.0,20.0,10 V,1.0,False,1
98.6614,-0.01058999999999999,0.0001,-1.9456061,183721.06704438166,194452.99999999997,0.0194453,nan,nan,nan,nan,0.1,1.0,20.0,10 V,1.0,False,1
98.7039,-0.01068999999999999,0.0001,-1.9639625,183719.59775491132,194343.0,0.0194343,nan,nan,nan,nan,0.1,1.0,20.0,10 V,1.0,False,1
98.7463,-0.010789999999999989,0.0001,-1.9826049,183744.6617238185,194562.99999999997,0.0194563,nan,nan,nan,nan,0.1,1.0,20.0,10 V,1.0,False,1
98.7886,-0.010889999999999988,0.0001,-2.0007965,183727.8696051425,194672.99999999997,0.0194673,nan,nan,nan,nan,0.1,1.0,20.0,10 V,1.0,False,1
98.8311,-0.010989999999999988,0.0001,-2.0193509,183744.3949044588,194672.99999999997,0.0194673,nan,nan,nan,nan,0.1,1.0,20.0,10 V,1.0,False,1
98.8736,-0.011089999999999987,0.0001,-2.0375863,183731.8575293059,194783.0,0.0194783,nan,nan,nan,nan,0.1,1.0,20.0,10 V,1.0,False,1
98.9160,-0.011189999999999986,0.0001,-2.0561847,183751.98391420936,194672.99999999997,0.0194673,nan,nan,nan,nan,0.1,1.0,20.0,10 V,1.0,False,1
98.9584,-0.011289999999999986,0.0001,-2.0744642,183743.50752878675,194452.99999999997,0.0194453,nan,nan,nan,nan,0.1,1.0,20.0,10 V,1.0,False,1
99.0009,-0.011389999999999985,0.0001,-2.0931394,183769.92098331894,195003.0,0.0195003,nan,nan,nan,nan,0.1,1.0,20.0,10 V,1.0,False,1
99.0433,-0.011489999999999985,0.0001,-2.1123537,183842.7937336817,195003.0,0.0195003,nan,nan,nan,nan,0.1,1.0,20.0,10 V,1.0,False,1
99.0857,-0.011589999999999984,0.0001,-2.1309081,183857.47195858526,195222.99999999997,0.0195223,nan,nan,nan,nan,0.1,1.0,20.0,10 V,1.0,False,1
99.1281,-0.011689999999999983,0.0001,-2.1493855,183865.3122326778,195003.0,0.0195003,nan,nan,nan,nan,0.1,1.0,20.0,10 V,1.0,False,1
99.1705,-0.011789999999999983,0.0001,-2.1678189,183869.28753180685,195332.99999999997,0.0195333,nan,nan,nan,nan,0.1,1.0,20.0,10 V,1.0,False,1
99.2129,-0.011889999999999982,0.0001,-2.1864393,183888.92346509697,195222.99999999997,0.0195223,nan,nan,nan,nan,0.1,1.0,20.0,10 V,1.0,False,1
99.2553,-0.011989999999999982,0.0001,-2.2053678,183933.92827356156,195443.0,0.0195443,nan,nan,nan,nan,0.1,1.0,20.0,10 V,1.0,False,1
99.2978,-0.012089999999999981,0.0001,-2.2242081,183970.89330024843,195332.99999999997,0.0195333,nan,nan,nan,nan,0.1,1.0,20.0,10 V,1.0,False,1
99.3402,-0.01218999999999998,0.0001,-2.2428505,183991.01722723574,195553.0,0.0195553,nan,nan,nan,nan,0.1,1.0,20.0,10 V,1.0,False,1
99.3826,-0.01228999999999998,0.0001,-2.2617018,184027.81122864145,195332.99999999997,0.0195333,nan,nan,nan,nan,0.1,1.0,20.0,10 V,1.0,False,1
99.4251,-0.01238999999999998,0.0001,-2.2808942,184091.54156577916,195553.0,0.0195553,nan,nan,nan,nan,0.1,1.0,20.0,10 V,1.0,False,1
99.4676,-0.012489999999999979,0.0001,-2.2997565,184127.82225780655,195662.99999999997,0.0195663,nan,nan,nan,nan,0.1,1.0,20.0,10 V,1.0,False,1
99.5100,-0.012589999999999978,0.0001,-2.3187837,184176.6243050043,195662.99999999997,0.0195663,nan,nan,nan,nan,0.1,1.0,20.0,10 V,1.0,False,1
99.5524,-0.012689999999999977,0.0001,-2.3375911,184207.33648542193,195443.0,0.0195443,nan,nan,nan,nan,0.1,1.0,20.0,10 V,1.0,False,1
99.5948,-0.012789999999999977,0.0001,-2.3563874,184236.7005473029,196321.99999999997,0.0196322,nan,nan,nan,nan,0.1,1.0,20.0,10 V,1.0,False,1
99.6372,-0.012889999999999976,0.0001,-2.3755028,184290.36462373968,196211.99999999997,0.0196212,nan,nan,nan,nan,0.1,1.0,20.0,10 V,1.0,False,1
99.6796,-0.012989999999999976,0.0001,-2.3947611,184354.2032332567,195662.99999999997,0.0195663,nan,nan,nan,nan,0.1,1.0,20.0,10 V,1.0,False,1
99.7220,-0.013089999999999975,0.0001,-2.4138213,184401.93277310958,195881.99999999997,0.0195882,nan,nan,nan,nan,0.1,1.0,20.0,10 V,1.0,False,1
99.7645,-0.013189999999999974,0.0001,-2.4335965,184503.14632297232,196102.0,0.0196102,nan,nan,nan,nan,0.1,1.0,20.0,10 V,1.0,False,1
99.8069,-0.013289999999999974,0.0001,-2.4526788,184550.69977426674,196431.99999999997,0.0196432,nan,nan,nan,nan,0.1,1.0,20.0,10 V,1.0,False,1
99.8493,-0.013389999999999973,0.0001,-2.4719591,184612.33009708775,196102.0,0.0196102,nan,nan,nan,nan,0.1,1.0,20.0,10 V,1.0,False,1
99.8918,-0.013489999999999972,0.0001,-2.4914924,184691.80133432208,196321.99999999997,0.0196322,nan,nan,nan,nan,0.1,1.0,20.0,10 V,1.0,False,1
99.9342,-0.013589999999999972,0.0001,-2.5114438,184800.86828550443,196211.99999999997,0.0196212,nan,nan,nan,nan,0.1,1.0,20.0,10 V,1.0,False,1
99.9766,-0.013689999999999971,0.0001,-2.5307241,184859.32067202375,196321.99999999997,0.0196322,nan,nan,nan,nan,0.1,1.0,20.0,10 V,1.0,False,1
100.0191,-0.01378999999999997,0.0001,-2.5508842,184980.7251631621,196211.99999999997,0.0196212,nan,nan,nan,nan,0.1,1.0,20.0,10 V,1.0,False,1
100.0616,-0.01388999999999997,0.0001,-2.5701535,185036.2491000724,196652.0,0.0196652,nan,nan,nan,nan,0.1,1.0,20.0,10 V,1.0,False,1
100.1040,-0.01398999999999997,0.0001,-2.5895328,185098.84203002186,197312.0,0.0197312,nan,nan,nan,nan,0.1,1.0,20.0,10 V,1.0,False,1
100.1464,-0.014,0.0001,-2.5935252,185251.80000000002,197201.99999999997,0.0197202,nan,nan,nan,nan,0.1,1.0,20.0,10 V,1.0,False,1
100.1889,-0.013900000000000001,0.0001,-2.5788093,185525.8489208633,197091.99999999997,0.0197092,nan,nan,nan,nan,0.1,1.0,20.0,10 V,1.0,False,1
100.2313,-0.013800000000000002,0.0001,-2.5636314,185770.39130434778,197201.99999999997,0.0197202,nan,nan,nan,nan,0.1,1.0,20.0,10 V,1.0,False,1
100.2738,-0.013700000000000002,0.0001,-2.5483216,186008.87591240872,197422.0,0.0197422,nan,nan,nan,nan,0.1,1.0,20.0,10 V,1.0,False,1
100.3162,-0.013600000000000003,0.0001,-2.5324288,186207.99999999994,197312.0,0.0197312,nan,nan,nan,nan,0.1,1.0,20.0,10 V,1.0,False,1
100.3586,-0.013500000000000003,0.0001,-2.516525,186409.25925925924,197531.99999999997,0.0197532,nan,nan,nan,nan,0.1,1.0,20.0,10 V,1.0,False,1
100.4008,-0.013400000000000004,0.0001,-2.5005551,186608.58955223876,197862.0,0.0197862,nan,nan,nan,nan,0.1,1.0,20.0,10 V,1.0,False,1
100.4431,-0.013300000000000005,0.0001,-2.4845303,186806.78947368413,197641.99999999997,0.0197642,nan,nan,nan,nan,0.1,1.0,20.0,10 V,1.0,False,1
100.4854,-0.013200000000000005,0.0001,-2.4681646,186982.1666666666,198301.99999999997,0.0198302,nan,nan,nan,nan,0.1,1.0,20.0,10 V,1.0,False,1
100.5276,-0.013100000000000006,0.0001,-2.4520299,187177.85496183197,197972.0,0.0197972,nan,nan,nan,nan,0.1,1.0,20.0,10 V,1.0,False,1
100.5701,-0.013000000000000006,0.0001,-2.4362471,187403.623076923,198522.0,0.0198522,nan,nan,nan,nan,0.1,1.0,20.0,10 V,1.0,False,1
100.6125,-0.012900000000000007,0.0001,-2.4198814,187587.7054263565,198301.99999999997,0.0198302,nan,nan,nan,nan,0.1,1.0,20.0,10 V,1.0,False,1
100.6550,-0.012800000000000008,0.0001,-2.4032739,187755.77343749988,198522.0,0.0198522,nan,nan,nan,nan,0.1,1.0,20.0,10 V,1.0,False,1
100.6975,-0.012700000000000008,0.0001,-2.3869631,187949.85039370065,198522.0,0.0198522,nan,nan,nan,nan,0.1,1.0,20.0,10 V,1.0,False,1
100.7399,-0.012600000000000009,0.0001,-2.3702345,188113.84920634906,198522.0,0.0198522,nan,nan,nan,nan,0.1,1.0,20.0,10 V,1.0,False,1
100.7824,-0.01250000000000001,0.0001,-2.3531099,188248.79199999987,198411.99999999997,0.0198412,nan,nan,nan,nan,0.1,1.0,20.0,10 V,1.0,False,1
100.8249,-0.01240000000000001,0.0001,-2.3368542,188455.98387096758,198632.0,0.0198632,nan,nan,nan,nan,0.1,1.0,20.0,10 V,1.0,False,1
100.8670,-0.01230000000000001,0.0001,-2.3194656,188574.43902439007,198742.0,0.0198742,nan,nan,nan,nan,0.1,1.0,20.0,10 V,1.0,False,1
100.9094,-0.012200000000000011,0.0001,-2.302924,188764.26229508177,198632.0,0.0198632,nan,nan,nan,nan,0.1,1.0,20.0,10 V,1.0,False,1
100.9517,-0.012100000000000012,0.0001,-2.2857445,188904.50413223123,198742.0,0.0198742,nan,nan,nan,nan,0.1,1.0,20.0,10 V,1.0,False,1
100.9939,-0.012000000000000012,0.0001,-2.2686639,189055.3249999998,198961.99999999997,0.0198962,nan,nan,nan,nan,0.1,1.0,20.0,10 V,1.0,False,1
101.0362,-0.011900000000000013,0.0001,-2.2512863,189183.7226890754,198851.99999999997,0.0198852,nan,nan,nan,nan,0.1,1.0,20.0,10 V,1.0,False,1
101.0784,-0.011800000000000014,0.0001,-2.2343817,189354.38135593198,198742.0,0.0198742,nan,nan,nan,nan,0.1,1.0,20.0,10 V,1.0,False,1
101.1208,-0.011700000000000014,0.0001,-2.2168392,189473.43589743564,199402.0,0.0199402,nan,nan,nan,nan,0.1,1.0,20.0,10 V,1.0,False,1
101.1632,-0.011600000000000015,0.0001,-2.1996376,189623.93103448252,199402.0,0.0199402,nan,nan,nan,nan,0.1,1.0,20.0,10 V,1.0,False,1
101.2056,-0.011500000000000015,0.0001,-2.1824029,189774.16521739107,199511.99999999997,0.0199512,nan,nan,nan,nan,0.1,1.0,20.0,10 V,1.0,False,1
101.2479,-0.011400000000000016,0.0001,-2.1651463,189925.11403508743,199511.99999999997,0.0199512,nan,nan,nan,nan,0.1,1.0,20.0,10 V,1.0,False,1
101.2904,-0.011300000000000017,0.0001,-2.1476038,190053.4336283183,199402.0,0.0199402,nan,nan,nan,nan,0.1,1.0,20.0,10 V,1.0,False,1
101.3328,-0.011200000000000017,0.0001,-2.1299843,190177.1696428568,199511.99999999997,0.0199512,nan,nan,nan,nan,0.1,1.0,20.0,10 V,1.0,False,1
101.3753,-0.011100000000000018,0.0001,-2.1121558,190284.306306306,199402.0,0.0199402,nan,nan,nan,nan,0.1,1.0,20.0,10 V,1.0,False,1
101.4177,-0.011000000000000018,0.0001,-2.0944372,190403.38181818151,199731.99999999997,0.0199732,nan,nan,nan,nan,0.1,1.0,20.0,10 V,1.0,False,1
101.4602,-0.010900000000000019,0.0001,-2.0767958,190531.7247706419,199731.99999999997,0.0199732,nan,nan,nan,nan,0.1,1.0,20.0,10 V,1.0,False,1
101.5025,-0.01080000000000002,0.0001,-2.0588134,190630.87037037002,199952.0,0.0199952,nan,nan,nan,nan,0.1,1.0,20.0,10 V,1.0,False,1
101.5450,-0.01070000000000002,0.0001,-2.0411278,190759.60747663514,199621.99999999997,0.0199622,nan,nan,nan,nan,0.1,1.0,20.0,10 V,1.0,False,1
101.5874,-0.01060000000000002,0.0001,-2.0233873,190885.59433962227,199842.0,0.0199842,nan,nan,nan,nan,0.1,1.0,20.0,10 V,1.0,False,1
101.6298,-0.010500000000000021,0.0001,-2.0054269,190993.0380952377,199731.99999999997,0.0199732,nan,nan,nan,nan,0.1,1.0,20.0,10 V,1.0,False,1
101.6723,-0.010400000000000022,0.0001,-1.9871804,191075.03846153803,199952.0,0.0199952,nan,nan,nan,nan,0.1,1.0,20.0,10 V,1.0,False,1
101.7147,-0.010300000000000023,0.0001,-1.9695827,191221.62135922286,200061.99999999997,0.0200062,nan,nan,nan,nan,0.1,1.0,20.0,10 V,1.0,False,1
101.7571,-0.010200000000000023,0.0001,-1.9511933,191293.46078431327,199952.0,0.0199952,nan,nan,nan,nan,0.1,1.0,20.0,10 V,1.0,False,1
101.7995,-0.010100000000000024,0.0001,-1.9331888,191404.83168316787,199952.0,0.0199952,nan,nan,nan,nan,0.1,1.0,20.0,10 V,1.0,False,1
101.8420,-0.010000000000000024,0.0001,-1.9150633,191506.32999999952,200171.99999999997,0.0200172,nan,nan,nan,nan,0.1,1.0,20.0,10 V,1.0,False,1
101.8845,-0.009900000000000025,0.0001,-1.8971469,191630.9999999995,200061.99999999997,0.0200062,nan,nan,nan,nan,0.1,1.0,20.0,10 V,1.0,False,1
101.9269,-0.009800000000000026,0.0001,-1.8791314,191748.1020408158,200171.99999999997,0.0200172,nan,nan,nan,nan,0.1,1.0,20.0,10 V,1.0,False,1
101.9694,-0.009700000000000026,0.0001,-1.8610609,191861.94845360774,200502.0,0.0200502,nan,nan,nan,nan,0.1,1.0,20.0,10 V,1.0,False,1
102.0118,-0.009600000000000027,0.0001,-1.8427815,191956.40624999948,200391.99999999997,0.0200392,nan,nan,nan,nan,0.1,1.0,20.0,10 V,1.0,False,1
102.0543,-0.009500000000000028,0.0001,-1.8244691,192049.37894736786,200061.99999999997,0.0200062,nan,nan,nan,nan,0.1,1.0,20.0,10 V,1.0,False,1
102.0967,-0.009400000000000028,0.0001,-1.8064976,192180.59574468026,200391.99999999997,0.0200392,nan,nan,nan,nan,0.1,1.0,20.0,10 V,1.0,False,1
102.1392,-0.009300000000000029,0.0001,-1.7883062,192290.98924731123,200391.99999999997,0.0200392,nan,nan,nan,nan,0.1,1.0,20.0,10 V,1.0,False,1
102.1816,-0.00920000000000003,0.0001,-1.7702246,192415.71739130374,200061.99999999997,0.0200062,nan,nan,nan,nan,0.1,1.0,20.0,10 V,1.0,False,1
102.2241,-0.00910000000000003,0.0001,-1.7515382,192476.72527472462,200281.99999999997,0.0200282,nan,nan,nan,nan,0.1,1.0,20.0,10 V,1.0,False,1
102.2666,-0.00900000000000003,0.0001,-1.7333248,192591.6444444438,200281.99999999997,0.0200282,nan,nan,nan,nan,0.1,1.0,20.0,10 V,1.0,False,1
102.3091,-0.008900000000000031,0.0001,-1.7146604,192658.4719101117,200281.99999999997,0.0200282,nan,nan,nan,nan,0.1,1.0,20.0,10 V,1.0,False,1
102.3515,-0.008800000000000032,0.0001,-1.6969309,192833.0568181811,200502.0,0.0200502,nan,nan,nan,nan,0.1,1.0,20.0,10 V,1.0,False,1
102.3939,-0.008700000000000032,0.0001,-1.6785635,192938.33333333264,200502.0,0.0200502,nan,nan,nan,nan,0.1,1.0,20.0,10 V,1.0,False,1
102.4363,-0.008600000000000033,0.0001,-1.6601192,193037.11627906904,200721.99999999997,0.0200722,nan,nan,nan,nan,0.1,1.0,20.0,10 V,1.0,False,1
102.4787,-0.008500000000000034,0.0001,-1.6416198,193131.7411764698,200831.99999999997,0.0200832,nan,nan,nan,nan,0.1,1.0,20.0,10 V,1.0,False,1
102.5211,-0.008400000000000034,0.0001,-1.6230434,193219.45238095158,200612.0,0.0200612,nan,nan,nan,nan,0.1,1.0,20.0,10 V,1.0,False,1
102.5636,-0.008300000000000035,0.0001,-1.604599,193325.18072289074,200502.0,0.0200502,nan,nan,nan,nan,0.1,1.0,20.0,10 V,1.0,False,1
102.6060,-0.008200000000000035,0.0001,-1.5862095,193440.18292682845,200941.99999999997,0.0200942,nan,nan,nan,nan,0.1,1.0,20.0,10 V,1.0,False,1
102.6484,-0.008100000000000036,0.0001,-1.5679521,193574.33333333247,200281.99999999997,0.0200282,nan,nan,nan,nan,0.1,1.0,20.0,10 V,1.0,False,1
102.6907,-0.008000000000000037,0.0001,-1.5492985,193662.3124999991,200502.0,0.0200502,nan,nan,nan,nan,0.1,1.0,20.0,10 V,1.0,False,1
102.7331,-0.007900000000000037,0.0001,-1.5308541,193778.99999999907,200941.99999999997,0.0200942,nan,nan,nan,nan,0.1,1.0,20.0,10 V,1.0,False,1
102.7755,-0.007800000000000037,0.0001,-1.5123657,193893.03846153754,200831.99999999997,0.0200832,nan,nan,nan,nan,0.1,1.0,20.0,10 V,1.0,False,1
102.8179,-0.007700000000000037,0.0001,-1.4939543,194020.03896103805,201601.99999999997,0.0201602,nan,nan,nan,nan,0.1,1.0,20.0,10 V,1.0,False,1
102.8603,-0.007600000000000036,0.0001,-1.4753339,194122.88157894646,200941.99999999997,0.0200942,nan,nan,nan,nan,0.1,1.0,20.0,10 V,1.0,False,1
102.9027,-0.007500000000000036,0.0001,-1.4567466,194232.87999999904,201051.99999999997,0.0201052,nan,nan,nan,nan,0.1,1.0,20.0,10 V,1.0,False,1
102.9452,-0.007400000000000036,0.0001,-1.4380493,194330.98648648555,201272.0,0.0201272,nan,nan,nan,nan,0.1,1.0,20.0,10 V,1.0,False,1
102.9876,-0.007300000000000036,0.0001,-1.4193519,194431.76712328673,201051.99999999997,0.0201052,nan,nan,nan,nan,0.1,1.0,20.0,10 V,1.0,False,1
103.0300,-0.007200000000000035,0.0001,-1.4010395,194588.81944444348,200941.99999999997,0.0200942,nan,nan,nan,nan,0.1,1.0,20.0,10 V,1.0,False,1
103.0724,-0.007100000000000035,0.0001,-1.3822651,194685.22535211168,200831.99999999997,0.0200832,nan,nan,nan,nan,0.1,1.0,20.0,10 V,1.0,False,1
103.1149,-0.007000000000000035,0.0001,-1.3635347,194790.67142857047,200941.99999999997,0.0200942,nan,nan,nan,nan,0.1,1.0,20.0,10 V,1.0,False,1
103.1572,-0.006900000000000035,0.0001,-1.3449691,194923.0579710135,201272.0,0.0201272,nan,nan,nan,nan,0.1,1.0,20.0,10 V,1.0,False,1
103.1996,-0.006800000000000034,0.0001,-1.3264038,195059.38235294019,201162.0,0.0201162,nan,nan,nan,nan,0.1,1.0,20.0,10 V,1.0,False,1
103.2420,-0.006700000000000034,0.0001,-1.3077834,195191.55223880496,201381.99999999997,0.0201382,nan,nan,nan,nan,0.1,1.0,20.0,10 V,1.0,False,1
103.2844,-0.006600000000000034,0.0001,-1.2885471,195234.40909090807,201381.99999999997,0.0201382,nan,nan,nan,nan,0.1,1.0,20.0,10 V,1.0,False,1
103.3269,-0.0065000000000000335,0.0001,-1.2700147,195386.8769230759,201381.99999999997,0.0201382,nan,nan,nan,nan,0.1,1.0,20.0,10 V,1.0,False,1
103.3693,-0.006400000000000033,0.0001,-1.2512732,195511.43749999898,201272.0,0.0201272,nan,nan,nan,nan,0.1,1.0,20.0,10 V,1.0,False,1
103.4118,-0.006300000000000033,0.0001,-1.2326198,195653.9365079355,201381.99999999997,0.0201382,nan,nan,nan,nan,0.1,1.0,20.0,10 V,1.0,False,1
103.4543,-0.006200000000000033,0.0001,-1.2134055,195710.56451612798,201272.0,0.0201272,nan,nan,nan,nan,0.1,1.0,20.0,10 V,1.0,False,1
103.4967,-0.0061000000000000325,0.0001,-1.1949611,195895.26229508093,201381.99999999997,0.0201382,nan,nan,nan,nan,0.1,1.0,20.0,10 V,1.0,False,1
103.5391,-0.006000000000000032,0.0001,-1.1758788,195979.79999999894,201272.0,0.0201272,nan,nan,nan,nan,0.1,1.0,20.0,10 V,1.0,False,1
103.5815,-0.005900000000000032,0.0001,-1.1572804,196149.22033898198,201932.0,0.0201932,nan,nan,nan,nan,0.1,1.0,20.0,10 V,1.0,False,1
103.6240,-0.005800000000000032,0.0001,-1.1381871,196239.1551724127,201491.99999999997,0.0201492,nan,nan,nan,nan,0.1,1.0,20.0,10 V,1.0,False,1
103.6664,-0.005700000000000031,0.0001,-1.1194127,196388.19298245505,201601.99999999997,0.0201602,nan,nan,nan,nan,0.1,1.0,20.0,10 V,1.0,False,1
103.7090,-0.005600000000000031,0.0001,-1.1006384,196542.57142857034,201711.99999999997,0.0201712,nan,nan,nan,nan,0.1,1.0,20.0,10 V,1.0,False,1
103.7514,-0.005500000000000031,0.0001,-1.0814021,196618.56363636252,201491.99999999997,0.0201492,nan,nan,nan,nan,0.1,1.0,20.0,10 V,1.0,False,1
103.7938,-0.005400000000000031,0.0001,-1.0626387,196784.94444444333,201272.0,0.0201272,nan,nan,nan,nan,0.1,1.0,20.0,10 V,1.0,False,1
103.8361,-0.00530000000000003,0.0001,-1.0433364,196855.92452830076,201491.99999999997,0.0201492,nan,nan,nan,nan,0.1,1.0,20.0,10 V,1.0,False,1
103.8785,-0.00520000000000003,0.0001,-1.0246059,197039.59615384505,201381.99999999997,0.0201382,nan,nan,nan,nan,0.1,1.0,20.0,10 V,1.0,False,1
103.9210,-0.00510000000000003,0.0001,-1.0052706,197111.88235294,201491.99999999997,0.0201492,nan,nan,nan,nan,0.1,1.0,20.0,10 V,1.0,False,1
103.9635,-0.00500000000000003,0.0001,-0.9862762,197255.23999999883,202041.99999999997,0.0202042,nan,nan,nan,nan,0.1,1.0,20.0,10 V,1.0,False,1
104.0059,-0.004900000000000029,0.0001,-0.966897,197325.91836734576,201932.0,0.0201932,nan,nan,nan,nan,0.1,1.0,20.0,10 V,1.0,False,1
104.0484,-0.004800000000000029,0.0001,-0.9480236,197504.91666666543,201822.0,0.0201822,nan,nan,nan,nan,0.1,1.0,20.0,10 V,1.0,False,1
104.0909,-0.004700000000000029,0.0001,-0.9289964,197658.8085106371,202041.99999999997,0.0202042,nan,nan,nan,nan,0.1,1.0,20.0,10 V,1.0,False,1
104.1333,-0.0046000000000000285,0.0001,-0.9097381,197769.1521739118,201932.0,0.0201932,nan,nan,nan,nan,0.1,1.0,20.0,10 V,1.0,False,1
104.1756,-0.004500000000000028,0.0001,-0.8904468,197877.06666666543,201932.0,0.0201932,nan,nan,nan,nan,0.1,1.0,20.0,10 V,1.0,False,1
104.2180,-0.004400000000000028,0.0001,-0.8714305,198052.3863636351,201932.0,0.0201932,nan,nan,nan,nan,0.1,1.0,20.0,10 V,1.0,False,1
104.2605,-0.004300000000000028,0.0001,-0.8520952,198161.6744186034,202261.99999999997,0.0202262,nan,nan,nan,nan,0.1,1.0,20.0,10 V,1.0,False,1
104.3030,-0.0042000000000000275,0.0001,-0.8329249,198315.4523809511,201822.0,0.0201822,nan,nan,nan,nan,0.1,1.0,20.0,10 V,1.0,False,1
104.3453,-0.004100000000000027,0.0001,-0.8136444,198449.85365853526,202041.99999999997,0.0202042,nan,nan,nan,nan,0.1,1.0,20.0,10 V,1.0,False,1
104.3877,-0.004000000000000027,0.0001,-0.7943091,198577.27499999866,201932.0,0.0201932,nan,nan,nan,nan,0.1,1.0,20.0,10 V,1.0,False,1
104.4301,-0.003900000000000027,0.0001,-0.7748198,198671.7435897422,202151.99999999997,0.0202152,nan,nan,nan,nan,0.1,1.0,20.0,10 V,1.0,False,1
104.4725,-0.0038000000000000273,0.0001,-0.7555286,198823.31578947225,202151.99999999997,0.0202152,nan,nan,nan,nan,0.1,1.0,20.0,10 V,1.0,False,1
104.5149,-0.0037000000000000275,0.0001,-0.7361823,198968.1891891877,201491.99999999997,0.0201492,nan,nan,nan,nan,0.1,1.0,20.0,10 V,1.0,False,1
104.5573,-0.0036000000000000277,0.0001,-0.716825,199118.05555555402,201932.0,0.0201932,nan,nan,nan,nan,0.1,1.0,20.0,10 V,1.0,False,1
104.5998,-0.003500000000000028,0.0001,-0.6972697,199219.9142857127,202372.0,0.0202372,nan,nan,nan,nan,0.1,1.0,20.0,10 V,1.0,False,1
104.6422,-0.003400000000000028,0.0001,-0.6777255,199331.02941176307,202041.99999999997,0.0202042,nan,nan,nan,nan,0.1,1.0,20.0,10 V,1.0,False,1
104.6846,-0.003300000000000028,0.0001,-0.6583462,199498.8484848468,202151.99999999997,0.0202152,nan,nan,nan,nan,0.1,1.0,20.0,10 V,1.0,False,1
104.7270,-0.0032000000000000283,0.0001,-0.6389229,199663.40624999822,202261.99999999997,0.0202262,nan,nan,nan,nan,0.1,1.0,20.0,10 V,1.0,False,1
104.7694,-0.0031000000000000285,0.0001,-0.6193786,199799.54838709492,202372.0,0.0202372,nan,nan,nan,nan,0.1,1.0,20.0,10 V,1.0,False,1
104.8117,-0.0030000000000000287,0.0001,-0.5998673,199955.76666666474,202261.99999999997,0.0202262,nan,nan,nan,nan,0.1,1.0,20.0,10 V,1.0,False,1
104.8542,-0.002900000000000029,0.0001,-0.5802791,200096.24137930837,202482.0,0.0202482,nan,nan,nan,nan,0.1,1.0,20.0,10 V,1.0,False,1
104.8967,-0.002800000000000029,0.0001,-0.5606908,200246.71428571222,202701.99999999997,0.0202702,nan,nan,nan,nan,0.1,1.0,20.0,10 V,1.0,False,1
104.9392,-0.002700000000000029,0.0001,-0.5410586,200392.0740740719,202151.99999999997,0.0202152,nan,nan,nan,nan,0.1,1.0,20.0,10 V,1.0,False,1
104.9816,-0.0026000000000000294,0.0001,-0.5214373,200552.80769230542,202482.0,0.0202482,nan,nan,nan,nan,0.1,1.0,20.0,10 V,1.0,False,1
105.0239,-0.0025000000000000295,0.0001,-0.5016841,200673.63999999763,202261.99999999997,0.0202262,nan,nan,nan,nan,0.1,1.0,20.0,10 V,1.0,False,1
105.0662,-0.0024000000000000297,0.0001,-0.4820629,200859.54166666415,202372.0,0.0202372,nan,nan,nan,nan,0.1,1.0,20.0,10 V,1.0,False,1
105.1087,-0.00230000000000003,0.0001,-0.4622877,200994.65217391044,202482.0,0.0202482,nan,nan,nan,nan,0.1,1.0,20.0,10 V,1.0,False,1
105.1511,-0.00220000000000003,0.0001,-0.4424904,201131.99999999724,202592.0,0.0202592,nan,nan,nan,nan,0.1,1.0,20.0,10 V,1.0,False,1
105.1936,-0.0021000000000000302,0.0001,-0.4227922,201329.61904761614,202372.0,0.0202372,nan,nan,nan,nan,0.1,1.0,20.0,10 V,1.0,False,1
105.2360,-0.0020000000000000304,0.0001,-0.4029398,201469.89999999694,202592.0,0.0202592,nan,nan,nan,nan,0.1,1.0,20.0,10 V,1.0,False,1
105.2785,-0.0019000000000000304,0.0001,-0.3830876,201625.05263157573,202811.99999999997,0.0202812,nan,nan,nan,nan,0.1,1.0,20.0,10 V,1.0,False,1
105.3209,-0.0018000000000000303,0.0001,-0.3632024,201779.1111111077,202701.99999999997,0.0202702,nan,nan,nan,nan,0.1,1.0,20.0,10 V,1.0,False,1
105.3633,-0.0017000000000000303,0.0001,-0.3432512,201912.4705882317,202372.0,0.0202372,nan,nan,nan,nan,0.1,1.0,20.0,10 V,1.0,False,1
105.4057,-0.0016000000000000302,0.0001,-0.323278,202048.7499999962,202592.0,0.0202592,nan,nan,nan,nan,0.1,1.0,20.0,10 V,1.0,False,1
105.4482,-0.0015000000000000302,0.0001,-0.3032608,202173.8666666626,203141.0,0.0203141,nan,nan,nan,nan,0.1,1.0,20.0,10 V,1.0,False,1
105.4906,-0.0014000000000000301,0.0001,-0.2832546,202324.71428570992,202592.0,0.0202592,nan,nan,nan,nan,0.1,1.0,20.0,10 V,1.0,False,1
105.5331,-0.00130000000000003,0.0001,-0.2632044,202464.92307691838,202592.0,0.0202592,nan,nan,nan,nan,0.1,1.0,20.0,10 V,1.0,False,1
105.5755,-0.00120000000000003,0.0001,-0.2430882,202573.49999999494,202482.0,0.0202482,nan,nan,nan,nan,0.1,1.0,20.0,10 V,1.0,False,1
105.6179,-0.00110000000000003,0.0001,-0.2229501,202681.9090909036,202921.0,0.0202921,nan,nan,nan,nan,0.1,1.0,20.0,10 V,1.0,False,1
105.6603,-0.00100000000000003,0.0001,-0.2028337,202833.69999999393,202921.0,0.0202921,nan,nan,nan,nan,0.1,1.0,20.0,10 V,1.0,False,1
105.7028,-0.0009000000000000299,0.0001,-0.1825745,202860.5555555488,202261.99999999997,0.0202262,nan,nan,nan,nan,0.1,1.0,20.0,10 V,1.0,False,1
105.7452,-0.0008000000000000299,0.0001,-0.1624584,203072.99999999243,202921.0,0.0202921,nan,nan,nan,nan,0.1,1.0,20.0,10 V,1.0,False,1
105.7877,-0.0007000000000000298,0.0001,-0.1421662,203094.57142856278,202921.0,0.0202921,nan,nan,nan,nan,0.1,1.0,20.0,10 V,1.0,False,1
105.8302,-0.0006000000000000298,0.0001,-0.1219291,203215.1666666566,202811.99999999997,0.0202812,nan,nan,nan,nan,0.1,1.0,20.0,10 V,1.0,False,1
105.8726,-0.0005000000000000297,0.0001,-0.1016479,203295.7999999879,202921.0,0.0202921,nan,nan,nan,nan,0.1,1.0,20.0,10 V,1.0,False,1
105.9151,-0.0004000000000000297,0.0001,-0.0813336,203333.9999999849,203141.0,0.0203141,nan,nan,nan,nan,0.1,1.0,20.0,10 V,1.0,False,1
105.9576,-0.00030000000000002974,0.0001,-0.0610084,203361.33333331317,202701.99999999997,0.0202702,nan,nan,nan,nan,0.1,1.0,20.0,10 V,1.0,False,1
105.9999,-0.00020000000000002974,0.0001,-0.0406943,203471.49999996976,202921.0,0.0202921,nan,nan,nan,nan,0.1,1.0,20.0,10 V,1.0,False,1
106.0424,-0.00010000000000002974,0.0001,-0.0203581,203580.99999993943,203031.0,0.0203031,nan,nan,nan,nan,0.1,1.0,20.0,10 V,1.0,False,1
106.0846,-1e-05,0.0001,-0.0020237,202369.99999999997,203360.99999999997,0.0203361,nan,nan,nan,nan,0.1,1.0,20.0,10 V,1.0,False,1
106.1269,9e-05,0.0001,0.0182464,202737.77777777775,203031.0,0.0203031,nan,nan,nan,nan,0.1,1.0,20.0,10 V,1.0,False,1
106.1692,0.00019,0.0001,0.0385826,203066.31578947368,202921.0,0.0202921,nan,nan,nan,nan,0.1,1.0,20.0,10 V,1.0,False,1
106.2116,0.00029,0.0001,0.0589737,203357.58620689652,203031.0,0.0203031,nan,nan,nan,nan,0.1,1.0,20.0,10 V,1.0,False,1
106.2540,0.00039,0.0001,0.0793209,203386.92307692306,203031.0,0.0203031,nan,nan,nan,nan,0.1,1.0,20.0,10 V,1.0,False,1
106.2965,0.00049,0.0001,0.09969,203448.97959183675,203031.0,0.0203031,nan,nan,nan,nan,0.1,1.0,20.0,10 V,1.0,False,1
106.3389,0.00059,0.0001,0.1200041,203396.77966101692,203031.0,0.0203031,nan,nan,nan,nan,0.1,1.0,20.0,10 V,1.0,False,1
106.3813,0.0006900000000000001,0.0001,0.1402413,203248.26086956522,203691.0,0.0203691,nan,nan,nan,nan,0.1,1.0,20.0,10 V,1.0,False,1
106.4237,0.0007900000000000001,0.0001,0.1605884,203276.45569620247,203470.99999999997,0.0203471,nan,nan,nan,nan,0.1,1.0,20.0,10 V,1.0,False,1
106.4661,0.0008900000000000002,0.0001,0.1809356,203298.4269662921,202592.0,0.0202592,nan,nan,nan,nan,0.1,1.0,20.0,10 V,1.0,False,1
106.5085,0.0009900000000000002,0.0001,0.2010738,203104.84848484842,203141.0,0.0203141,nan,nan,nan,nan,0.1,1.0,20.0,10 V,1.0,False,1
106.5509,0.0010900000000000003,0.0001,0.2213111,203037.7064220183,203250.99999999997,0.0203251,nan,nan,nan,nan,0.1,1.0,20.0,10 V,1.0,False,1
106.5933,0.0011900000000000003,0.0001,0.2416033,203027.98319327726,203360.99999999997,0.0203361,nan,nan,nan,nan,0.1,1.0,20.0,10 V,1.0,False,1
106.6358,0.0012900000000000003,0.0001,0.2617964,202942.94573643405,203470.99999999997,0.0203471,nan,nan,nan,nan,0.1,1.0,20.0,10 V,1.0,False,1
106.6781,0.0013900000000000004,0.0001,0.2819456,202838.56115107908,203141.0,0.0203141,nan,nan,nan,nan,0.1,1.0,20.0,10 V,1.0,False,1
106.7206,0.0014900000000000004,0.0001,0.3020398,202711.27516778518,203141.0,0.0203141,nan,nan,nan,nan,0.1,1.0,20.0,10 V,1.0,False,1
106.7630,0.0015900000000000005,0.0001,0.322079,202565.4088050314,203581.0,0.0203581,nan,nan,nan,nan,0.1,1.0,20.0,10 V,1.0,False,1
106.8054,0.0016900000000000005,0.0001,0.3422281,202501.83431952656,203250.99999999997,0.0203251,nan,nan,nan,nan,0.1,1.0,20.0,10 V,1.0,False,1
106.8479,0.0017900000000000006,0.0001,0.3622233,202359.3854748603,203910.99999999997,0.0203911,nan,nan,nan,nan,0.1,1.0,20.0,10 V,1.0,False,1
106.8903,0.0018900000000000006,0.0001,0.3821855,202214.5502645502,203470.99999999997,0.0203471,nan,nan,nan,nan,0.1,1.0,20.0,10 V,1.0,False,1
106.9327,0.0019900000000000004,0.0001,0.4021697,202095.3266331658,203581.0,0.0203581,nan,nan,nan,nan,0.1,1.0,20.0,10 V,1.0,False,1
106.9751,0.0020900000000000003,0.0001,0.4220771,201950.7655502392,203470.99999999997,0.0203471,nan,nan,nan,nan,0.1,1.0,20.0,10 V,1.0,False,1
107.0176,0.00219,0.0001,0.4419513,201804.24657534243,203141.0,0.0203141,nan,nan,nan,nan,0.1,1.0,20.0,10 V,1.0,False,1
107.0599,0.00229,0.0001,0.4618365,201675.327510917,203141.0,0.0203141,nan,nan,nan,nan,0.1,1.0,20.0,10 V,1.0,False,1
107.1023,0.0023899999999999998,0.0001,0.4815677,201492.76150627615,203470.99999999997,0.0203471,nan,nan,nan,nan,0.1,1.0,20.0,10 V,1.0,False,1
107.1447,0.0024899999999999996,0.0001,0.501376,201355.82329317275,203470.99999999997,0.0203471,nan,nan,nan,nan,0.1,1.0,20.0,10 V,1.0,False,1
107.1872,0.0025899999999999994,0.0001,0.5210522,201178.45559845565,203691.0,0.0203691,nan,nan,nan,nan,0.1,1.0,20.0,10 V,1.0,False,1
107.2296,0.0026899999999999992,0.0001,0.5408824,201071.52416356883,203360.99999999997,0.0203361,nan,nan,nan,nan,0.1,1.0,20.0,10 V,1.0,False,1
107.2720,0.002789999999999999,0.0001,0.5603717,200850.0716845879,203360.99999999997,0.0203361,nan,nan,nan,nan,0.1,1.0,20.0,10 V,1.0,False,1
107.3143,0.002889999999999999,0.0001,0.5800259,200701.00346020766,203581.0,0.0203581,nan,nan,nan,nan,0.1,1.0,20.0,10 V,1.0,False,1
107.3568,0.0029899999999999987,0.0001,0.5996362,200547.22408026762,203360.99999999997,0.0203361,nan,nan,nan,nan,0.1,1.0,20.0,10 V,1.0,False,1
107.3991,0.0030899999999999986,0.0001,0.6193014,200421.16504854377,203360.99999999997,0.0203361,nan,nan,nan,nan,0.1,1.0,20.0,10 V,1.0,False,1
107.4415,0.0031899999999999984,0.0001,0.638802,200251.41065830732,203250.99999999997,0.0203251,nan,nan,nan,nan,0.1,1.0,20.0,10 V,1.0,False,1
107.4838,0.0032899999999999982,0.0001,0.6582582,200078.4802431612,203360.99999999997,0.0203361,nan,nan,nan,nan,0.1,1.0,20.0,10 V,1.0,False,1
107.5261,0.003389999999999998,0.0001,0.6778355,199951.4749262538,203470.99999999997,0.0203471,nan,nan,nan,nan,0.1,1.0,20.0,10 V,1.0,False,1
107.5684,0.003489999999999998,0.0001,0.6971818,199765.55873925512,203691.0,0.0203691,nan,nan,nan,nan,0.1,1.0,20.0,10 V,1.0,False,1
107.6108,0.0035899999999999977,0.0001,0.716693,199635.93314763243,203470.99999999997,0.0203471,nan,nan,nan,nan,0.1,1.0,20.0,10 V,1.0,False,1
107.6532,0.0036899999999999975,0.0001,0.7359073,199432.8726287264,203470.99999999997,0.0203471,nan,nan,nan,nan,0.1,1.0,20.0,10 V,1.0,False,1
107.6955,0.0037899999999999974,0.0001,0.7550996,199234.72295514523,203691.0,0.0203691,nan,nan,nan,nan,0.1,1.0,20.0,10 V,1.0,False,1
107.7379,0.003889999999999997,0.0001,0.7744459,199086.34961439602,203581.0,0.0203581,nan,nan,nan,nan,0.1,1.0,20.0,10 V,1.0,False,1
107.7803,0.003989999999999997,0.0001,0.7937592,198937.142857143,203581.0,0.0203581,nan,nan,nan,nan,0.1,1.0,20.0,10 V,1.0,False,1
107.8227,0.004089999999999997,0.0001,0.8129845,198773.71638141823,203910.99999999997,0.0203911,nan,nan,nan,nan,0.1,1.0,20.0,10 V,1.0,False,1
107.8651,0.0041899999999999975,0.0001,0.8322428,198625.96658711226,203581.0,0.0203581,nan,nan,nan,nan,0.1,1.0,20.0,10 V,1.0,False,1
107.9075,0.004289999999999998,0.0001,0.8515123,198487.7156177157,203691.0,0.0203691,nan,nan,nan,nan,0.1,1.0,20.0,10 V,1.0,False,1
107.9499,0.004389999999999998,0.0001,0.8705616,198305.60364464702,203581.0,0.0203581,nan,nan,nan,nan,0.1,1.0,20.0,10 V,1.0,False,1
107.9924,0.004489999999999998,0.0001,0.8896549,198141.40311804015,203691.0,0.0203691,nan,nan,nan,nan,0.1,1.0,20.0,10 V,1.0,False,1
108.0348,0.004589999999999999,0.0001,0.9087372,197981.9607843138,203360.99999999997,0.0203361,nan,nan,nan,nan,0.1,1.0,20.0,10 V,1.0,False,1
108.0773,0.004689999999999999,0.0001,0.9277316,197810.5756929638,203581.0,0.0203581,nan,nan,nan,nan,0.1,1.0,20.0,10 V,1.0,False,1
108.1197,0.004789999999999999,0.0001,0.946814,197664.7181628393,203470.99999999997,0.0203471,nan,nan,nan,nan,0.1,1.0,20.0,10 V,1.0,False,1
108.1621,0.004889999999999999,0.0001,0.9655553,197455.07157464215,203801.0,0.0203801,nan,nan,nan,nan,0.1,1.0,20.0,10 V,1.0,False,1
108.2045,0.00499,0.0001,0.9843847,197271.48296593188,203581.0,0.0203581,nan,nan,nan,nan,0.1,1.0,20.0,10 V,1.0,False,1
108.2469,0.00509,0.0001,1.0031151,197075.65815324165,203581.0,0.0203581,nan,nan,nan,nan,0.1,1.0,20.0,10 V,1.0,False,1
108.2893,0.00519,0.0001,1.0222744,196970.0192678227,203691.0,0.0203691,nan,nan,nan,nan,0.1,1.0,20.0,10 V,1.0,False,1
108.3317,0.00529,0.0001,1.0411147,196808.0718336484,203801.0,0.0203801,nan,nan,nan,nan,0.1,1.0,20.0,10 V,1.0,False,1
108.3740,0.005390000000000001,0.0001,1.0600323,196666.47495361778,203691.0,0.0203691,nan,nan,nan,nan,0.1,1.0,20.0,10 V,1.0,False,1
108.4164,0.005490000000000001,0.0001,1.0786197,196469.8907103825,203470.99999999997,0.0203471,nan,nan,nan,nan,0.1,1.0,20.0,10 V,1.0,False,1
108.4588,0.005590000000000001,0.0001,1.097537,196339.3559928443,203801.0,0.0203801,nan,nan,nan,nan,0.1,1.0,20.0,10 V,1.0,False,1
108.5012,0.0056900000000000015,0.0001,1.1161904,196167.02987697712,203250.99999999997,0.0203251,nan,nan,nan,nan,0.1,1.0,20.0,10 V,1.0,False,1
108.5436,0.005790000000000002,0.0001,1.1349647,196021.53713298784,203691.0,0.0203691,nan,nan,nan,nan,0.1,1.0,20.0,10 V,1.0,False,1
108.5860,0.005890000000000002,0.0001,1.1534861,195838.04753820028,203470.99999999997,0.0203471,nan,nan,nan,nan,0.1,1.0,20.0,10 V,1.0,False,1
108.6284,0.005990000000000002,0.0001,1.1719086,195644.17362270443,204460.99999999997,0.0204461,nan,nan,nan,nan,0.1,1.0,20.0,10 V,1.0,False,1
108.6708,0.0060900000000000025,0.0001,1.1908809,195546.9458128078,203801.0,0.0203801,nan,nan,nan,nan,0.1,1.0,20.0,10 V,1.0,False,1
108.7132,0.006190000000000003,0.0001,1.2092373,195353.36025848135,203910.99999999997,0.0203911,nan,nan,nan,nan,0.1,1.0,20.0,10 V,1.0,False,1
108.7557,0.006290000000000003,0.0001,1.2278467,195206.15262321132,203801.0,0.0203801,nan,nan,nan,nan,0.1,1.0,20.0,10 V,1.0,False,1
108.7981,0.006390000000000003,0.0001,1.2462471,195030.84507042242,203801.0,0.0203801,nan,nan,nan,nan,0.1,1.0,20.0,10 V,1.0,False,1
108.8405,0.006490000000000004,0.0001,1.2648128,194886.409861325,203691.0,0.0203691,nan,nan,nan,nan,0.1,1.0,20.0,10 V,1.0,False,1
108.8829,0.006590000000000004,0.0001,1.2830152,194691.22913505297,203801.0,0.0203801,nan,nan,nan,nan,0.1,1.0,20.0,10 V,1.0,False,1
108.9252,0.006690000000000004,0.0001,1.3015476,194551.2107623317,203691.0,0.0203691,nan,nan,nan,nan,0.1,1.0,20.0,10 V,1.0,False,1
108.9676,0.006790000000000004,0.0001,1.320212,194434.7569955816,203581.0,0.0203581,nan,nan,nan,nan,0.1,1.0,20.0,10 V,1.0,False,1
109.0101,0.006890000000000005,0.0001,1.3382055,194224.31059506515,203691.0,0.0203691,nan,nan,nan,nan,0.1,1.0,20.0,10 V,1.0,False,1
109.0525,0.006990000000000005,0.0001,1.3567489,194098.55507868368,204020.99999999997,0.0204021,nan,nan,nan,nan,0.1,1.0,20.0,10 V,1.0,False,1
109.0949,0.007090000000000005,0.0001,1.3746546,193886.40338504923,203691.0,0.0203691,nan,nan,nan,nan,0.1,1.0,20.0,10 V,1.0,False,1
109.1373,0.007190000000000005,0.0001,1.392978,193738.24756606383,204020.99999999997,0.0204021,nan,nan,nan,nan,0.1,1.0,20.0,10 V,1.0,False,1
109.1797,0.007290000000000006,0.0001,1.4113454,193600.1920438956,203691.0,0.0203691,nan,nan,nan,nan,0.1,1.0,20.0,10 V,1.0,False,1
109.2222,0.007390000000000006,0.0001,1.4292839,193407.83491204312,203691.0,0.0203691,nan,nan,nan,nan,0.1,1.0,20.0,10 V,1.0,False,1
109.2647,0.007490000000000006,0.0001,1.4475523,193264.65954606124,203910.99999999997,0.0203911,nan,nan,nan,nan,0.1,1.0,20.0,10 V,1.0,False,1
109.3071,0.0075900000000000065,0.0001,1.4655898,193094.83530961775,203801.0,0.0203801,nan,nan,nan,nan,0.1,1.0,20.0,10 V,1.0,False,1
109.3495,0.007690000000000007,0.0001,1.4838143,192953.74512353685,203691.0,0.0203691,nan,nan,nan,nan,0.1,1.0,20.0,10 V,1.0,False,1
109.3920,0.007790000000000007,0.0001,1.5020388,192816.2772785621,204130.99999999997,0.0204131,nan,nan,nan,nan,0.1,1.0,20.0,10 V,1.0,False,1
109.4344,0.007890000000000006,0.0001,1.5200542,192655.79214195168,204241.0,0.0204241,nan,nan,nan,nan,0.1,1.0,20.0,10 V,1.0,False,1
109.4767,0.007990000000000006,0.0001,1.5380037,192491.07634543162,204020.99999999997,0.0204021,nan,nan,nan,nan,0.1,1.0,20.0,10 V,1.0,False,1
109.5190,0.008090000000000005,0.0001,1.5557992,192311.39678615562,203910.99999999997,0.0203911,nan,nan,nan,nan,0.1,1.0,20.0,10 V,1.0,False,1
109.5614,0.008190000000000005,0.0001,1.5736059,192137.47252747242,204130.99999999997,0.0204131,nan,nan,nan,nan,0.1,1.0,20.0,10 V,1.0,False,1
109.6038,0.008290000000000004,0.0001,1.5914234,191969.047044632,204020.99999999997,0.0204021,nan,nan,nan,nan,0.1,1.0,20.0,10 V,1.0,False,1
109.6462,0.008390000000000003,0.0001,1.6093289,191815.1251489868,203801.0,0.0203801,nan,nan,nan,nan,0.1,1.0,20.0,10 V,1.0,False,1
109.6886,0.008490000000000003,0.0001,1.6273444,191677.78563015303,203910.99999999997,0.0203911,nan,nan,nan,nan,0.1,1.0,20.0,10 V,1.0,False,1
109.7309,0.008590000000000002,0.0001,1.6450519,191507.78812572753,203910.99999999997,0.0203911,nan,nan,nan,nan,0.1,1.0,20.0,10 V,1.0,False,1
109.7732,0.008690000000000002,0.0001,1.6628694,191354.36133486763,204241.0,0.0204241,nan,nan,nan,nan,0.1,1.0,20.0,10 V,1.0,False,1
109.8156,0.008790000000000001,0.0001,1.680709,191206.9397042093,203360.99999999997,0.0203361,nan,nan,nan,nan,0.1,1.0,20.0,10 V,1.0,False,1
109.8579,0.00889,0.0001,1.6985815,191066.53543307082,203910.99999999997,0.0203911,nan,nan,nan,nan,0.1,1.0,20.0,10 V,1.0,False,1
109.9004,0.00899,0.0001,1.716102,190890.1001112347,203691.0,0.0203691,nan,nan,nan,nan,0.1,1.0,20.0,10 V,1.0,False,1
109.9427,0.009089999999999999,0.0001,1.7341175,190772.00220022004,204570.99999999997,0.0204571,nan,nan,nan,nan,0.1,1.0,20.0,10 V,1.0,False,1
109.9851,0.009189999999999999,0.0001,1.751594,190597.82372143638,204241.0,0.0204241,nan,nan,nan,nan,0.1,1.0,20.0,10 V,1.0,False,1
110.0274,0.009289999999999998,0.0001,1.7688616,190404.90850376754,204241.0,0.0204241,nan,nan,nan,nan,0.1,1.0,20.0,10 V,1.0,False,1
110.0697,0.009389999999999997,0.0001,1.7868114,190288.75399361024,203801.0,0.0203801,nan,nan,nan,nan,0.1,1.0,20.0,10 V,1.0,False,1
110.1122,0.009489999999999997,0.0001,1.8041889,190114.741833509,204020.99999999997,0.0204021,nan,nan,nan,nan,0.1,1.0,20.0,10 V,1.0,False,1
110.1546,0.009589999999999996,0.0001,1.8216765,189955.83941605847,203910.99999999997,0.0203911,nan,nan,nan,nan,0.1,1.0,20.0,10 V,1.0,False,1
110.1971,0.009689999999999995,0.0001,1.8386031,189742.32198142423,204241.0,0.0204241,nan,nan,nan,nan,0.1,1.0,20.0,10 V,1.0,False,1
110.2395,0.009789999999999995,0.0001,1.8566626,189648.8866189991,203910.99999999997,0.0203911,nan,nan,nan,nan,0.1,1.0,20.0,10 V,1.0,False,1
110.2819,0.009889999999999994,0.0001,1.8739411,189478.37209302335,203910.99999999997,0.0203911,nan,nan,nan,nan,0.1,1.0,20.0,10 V,1.0,False,1
110.3243,0.009989999999999994,0.0001,1.8913407,189323.3933933935,204130.99999999997,0.0204131,nan,nan,nan,nan,0.1,1.0,20.0,10 V,1.0,False,1
110.3667,0.010089999999999993,0.0001,1.9083993,189137.69078295355,204241.0,0.0204241,nan,nan,nan,nan,0.1,1.0,20.0,10 V,1.0,False,1
110.4090,0.010189999999999992,0.0001,1.9259418,189003.12070657522,203691.0,0.0203691,nan,nan,nan,nan,0.1,1.0,20.0,10 V,1.0,False,1
110.4514,0.010289999999999992,0.0001,1.9436933,188891.47716229365,204020.99999999997,0.0204021,nan,nan,nan,nan,0.1,1.0,20.0,10 V,1.0,False,1
110.4938,0.010389999999999991,0.0001,1.9610709,188745.99615014452,204130.99999999997,0.0204131,nan,nan,nan,nan,0.1,1.0,20.0,10 V,1.0,False,1
110.5362,0.01048999999999999,0.0001,1.9777555,188537.2259294568,203801.0,0.0203801,nan,nan,nan,nan,0.1,1.0,20.0,10 V,1.0,False,1
110.5785,0.01058999999999999,0.0001,1.9952324,188407.21435316352,204130.99999999997,0.0204131,nan,nan,nan,nan,0.1,1.0,20.0,10 V,1.0,False,1
110.6208,0.01068999999999999,0.0001,2.012423,188252.85313377008,203581.0,0.0203581,nan,nan,nan,nan,0.1,1.0,20.0,10 V,1.0,False,1
110.6631,0.010789999999999989,0.0001,2.0295366,188094.21686747007,203470.99999999997,0.0203471,nan,nan,nan,nan,0.1,1.0,20.0,10 V,1.0,False,1
110.7055,0.010889999999999988,0.0001,2.0463532,187911.22130394875,204351.0,0.0204351,nan,nan,nan,nan,0.1,1.0,20.0,10 V,1.0,False,1
110.7480,0.010989999999999988,0.0001,2.0637638,187785.6050955416,204020.99999999997,0.0204021,nan,nan,nan,nan,0.1,1.0,20.0,10 V,1.0,False,1
110.7904,0.011089999999999987,0.0001,2.0807124,187620.59513074864,203691.0,0.0203691,nan,nan,nan,nan,0.1,1.0,20.0,10 V,1.0,False,1
110.8328,0.011189999999999986,0.0001,2.0979141,187481.15281501366,203910.99999999997,0.0203911,nan,nan,nan,nan,0.1,1.0,20.0,10 V,1.0,False,1
110.8751,0.011289999999999986,0.0001,2.1147417,187311.04517271946,203910.99999999997,0.0203911,nan,nan,nan,nan,0.1,1.0,20.0,10 V,1.0,False,1
110.9175,0.011389999999999985,0.0001,2.1319983,187181.58911325745,204241.0,0.0204241,nan,nan,nan,nan,0.1,1.0,20.0,10 V,1.0,False,1
110.9599,0.011489999999999985,0.0001,2.1489249,187025.6657963449,203581.0,0.0203581,nan,nan,nan,nan,0.1,1.0,20.0,10 V,1.0,False,1
111.0024,0.011589999999999984,0.0001,2.1656865,186858.19672131175,203250.99999999997,0.0203251,nan,nan,nan,nan,0.1,1.0,20.0,10 V,1.0,False,1
111.0448,0.011689999999999983,0.0001,2.1822392,186675.7228400345,203691.0,0.0203691,nan,nan,nan,nan,0.1,1.0,20.0,10 V,1.0,False,1
111.0872,0.011789999999999983,0.0001,2.1988029,186497.27735368983,203581.0,0.0203581,nan,nan,nan,nan,0.1,1.0,20.0,10 V,1.0,False,1
111.1297,0.011889999999999982,0.0001,2.2157519,186354.23885618194,203910.99999999997,0.0203911,nan,nan,nan,nan,0.1,1.0,20.0,10 V,1.0,False,1
111.1722,0.011989999999999982,0.0001,2.2329315,186232.81901584682,203910.99999999997,0.0203911,nan,nan,nan,nan,0.1,1.0,20.0,10 V,1.0,False,1
111.2146,0.012089999999999981,0.0001,2.2495612,186067.92390405323,203691.0,0.0203691,nan,nan,nan,nan,0.1,1.0,20.0,10 V,1.0,False,1
111.2570,0.01218999999999998,0.0001,2.2662568,185911.14027891745,203691.0,0.0203691,nan,nan,nan,nan,0.1,1.0,20.0,10 V,1.0,False,1
111.2993,0.01228999999999998,0.0001,2.2830954,185768.54353132658,203581.0,0.0203581,nan,nan,nan,nan,0.1,1.0,20.0,10 V,1.0,False,1
111.3417,0.01238999999999998,0.0001,2.3000111,185634.4713478615,203801.0,0.0203801,nan,nan,nan,nan,0.1,1.0,20.0,10 V,1.0,False,1
111.3842,0.012489999999999979,0.0001,2.3169048,185500.7846277025,203801.0,0.0203801,nan,nan,nan,nan,0.1,1.0,20.0,10 V,1.0,False,1
111.4266,0.012589999999999978,0.0001,2.3335125,185346.50516282796,203250.99999999997,0.0203251,nan,nan,nan,nan,0.1,1.0,20.0,10 V,1.0,False,1
111.4691,0.012689999999999977,0.0001,2.3504501,185220.654058314,203691.0,0.0203691,nan,nan,nan,nan,0.1,1.0,20.0,10 V,1.0,False,1
111.5115,0.012789999999999977,0.0001,2.3671457,185077.8498827212,203801.0,0.0203801,nan,nan,nan,nan,0.1,1.0,20.0,10 V,1.0,False,1
111.5539,0.012889999999999976,0.0001,2.3838084,184934.70907680405,203581.0,0.0203581,nan,nan,nan,nan,0.1,1.0,20.0,10 V,1.0,False,1
111.5963,0.012989999999999976,0.0001,2.4003281,184782.76366435754,203250.99999999997,0.0203251,nan,nan,nan,nan,0.1,1.0,20.0,10 V,1.0,False,1
111.6386,0.013089999999999975,0.0001,2.4171008,184652.46753246788,203141.0,0.0203141,nan,nan,nan,nan,0.1,1.0,20.0,10 V,1.0,False,1
111.6810,0.013189999999999974,0.0001,2.4331806,184471.61485974258,203250.99999999997,0.0203251,nan,nan,nan,nan,0.1,1.0,20.0,10 V,1.0,False,1
111.7234,0.013289999999999974,0.0001,2.4497992,184334.0255831456,203360.99999999997,0.0203361,nan,nan,nan,nan,0.1,1.0,20.0,10 V,1.0,False,1
111.7657,0.013389999999999973,0.0001,2.4662859,184188.64077669938,203581.0,0.0203581,nan,nan,nan,nan,0.1,1.0,20.0,10 V,1.0,False,1
111.8080,0.013489999999999972,0.0001,2.4821677,184000.57079318052,203031.0,0.0203031,nan,nan,nan,nan,0.1,1.0,20.0,10 V,1.0,False,1
111.8503,0.013589999999999972,0.0001,2.4984674,183846.0191317149,203470.99999999997,0.0203471,nan,nan,nan,nan,0.1,1.0,20.0,10 V,1.0,False,1
111.8927,0.013689999999999971,0.0001,2.51535,183736.3038714394,203470.99999999997,0.0203471,nan,nan,nan,nan,0.1,1.0,20.0,10 V,1.0,False,1
111.9352,0.01378999999999997,0.0001,2.5323868,183639.36185641805,204020.99999999997,0.0204021,nan,nan,nan,nan,0.1,1.0,20.0,10 V,1.0,False,1
111.9775,0.01388999999999997,0.0001,2.5488735,183504.21166306734,203691.0,0.0203691,nan,nan,nan,nan,0.1,1.0,20.0,10 V,1.0,False,1
112.0199,0.01398999999999997,0.0001,2.5644143,183303.38098641927,203581.0,0.0203581,nan,nan,nan,nan,0.1,1.0,20.0,10 V,1.0,False,1
112.0624,0.014089999999999969,0.0001,2.5817809,183234.98225692022,203581.0,0.0203581,nan,nan,nan,nan,0.1,1.0,20.0,10 V,1.0,False,1
112.1047,0.014189999999999968,0.0001,2.5975087,183052.05778717448,203581.0,0.0203581,nan,nan,nan,nan,0.1,1.0,20.0,10 V,1.0,False,1
112.1471,0.014289999999999968,0.0001,2.6136434,182900.1679496155,203581.0,0.0203581,nan,nan,nan,nan,0.1,1.0,20.0,10 V,1.0,False,1
112.1895,0.014389999999999967,0.0001,2.6299322,182761.09798471202,203360.99999999997,0.0203361,nan,nan,nan,nan,0.1,1.0,20.0,10 V,1.0,False,1
112.2318,0.014489999999999966,0.0001,2.64588,182600.41407867539,203470.99999999997,0.0203471,nan,nan,nan,nan,0.1,1.0,20.0,10 V,1.0,False,1
112.2741,0.014589999999999966,0.0001,2.6625756,182493.18711446237,203581.0,0.0203581,nan,nan,nan,nan,0.1,1.0,20.0,10 V,1.0,False,1
112.3165,0.014689999999999965,0.0001,2.6784684,182332.77059224003,203250.99999999997,0.0203251,nan,nan,nan,nan,0.1,1.0,20.0,10 V,1.0,False,1
112.3589,0.014789999999999965,0.0001,2.69523,182233.26572008157,203360.99999999997,0.0203361,nan,nan,nan,nan,0.1,1.0,20.0,10 V,1.0,False,1
112.4013,0.014889999999999964,0.0001,2.7107269,182050.1611820018,203470.99999999997,0.0203471,nan,nan,nan,nan,0.1,1.0,20.0,10 V,1.0,False,1
112.4437,0.014989999999999963,0.0001,2.7268949,181914.26951300912,203250.99999999997,0.0203251,nan,nan,nan,nan,0.1,1.0,20.0,10 V,1.0,False,1
112.4862,0.015089999999999963,0.0001,2.7430076,181776.51424784667,203141.0,0.0203141,nan,nan,nan,nan,0.1,1.0,20.0,10 V,1.0,False,1
112.5286,0.015189999999999962,0.0001,2.7580315,181568.89400921704,202701.99999999997,0.0202702,nan,nan,nan,nan,0.1,1.0,20.0,10 V,1.0,False,1
112.5711,0.015289999999999962,0.0001,2.7740783,181430.8894702425,203250.99999999997,0.0203251,nan,nan,nan,nan,0.1,1.0,20.0,10 V,1.0,False,1
112.6134,0.015389999999999961,0.0001,2.790048,181289.66861598485,203360.99999999997,0.0203361,nan,nan,nan,nan,0.1,1.0,20.0,10 V,1.0,False,1
112.6558,0.01548999999999996,0.0001,2.8058418,181138.91542930968,203141.0,0.0203141,nan,nan,nan,nan,0.1,1.0,20.0,10 V,1.0,False,1
112.6982,0.01558999999999996,0.0001,2.8222515,181029.602309173,202921.0,0.0202921,nan,nan,nan,nan,0.1,1.0,20.0,10 V,1.0,False,1
112.7406,0.01568999999999996,0.0001,2.8370886,180821.4531548762,203031.0,0.0203031,nan,nan,nan,nan,0.1,1.0,20.0,10 V,1.0,False,1
112.7830,0.01578999999999996,0.0001,2.8533773,180707.8720709314,202592.0,0.0202592,nan,nan,nan,nan,0.1,1.0,20.0,10 V,1.0,False,1
112.8254,0.01588999999999996,0.0001,2.8689951,180553.4990560105,202921.0,0.0202921,nan,nan,nan,nan,0.1,1.0,20.0,10 V,1.0,False,1
112.8677,0.01598999999999996,0.0001,2.8846349,180402.432770482,203031.0,0.0203031,nan,nan,nan,nan,0.1,1.0,20.0,10 V,1.0,False,1
112.9100,0.01608999999999996,0.0001,2.9003407,180257.34617775062,202701.99999999997,0.0202702,nan,nan,nan,nan,0.1,1.0,20.0,10 V,1.0,False,1
112.9523,0.016189999999999958,0.0001,2.9164315,180137.83199505912,203031.0,0.0203031,nan,nan,nan,nan,0.1,1.0,20.0,10 V,1.0,False,1
112.9946,0.016289999999999957,0.0001,2.9319613,179985.34683855175,202811.99999999997,0.0202812,nan,nan,nan,nan,0.1,1.0,20.0,10 V,1.0,False,1
113.0369,0.016389999999999957,0.0001,2.9477664,179851.51921903648,203141.0,0.0203141,nan,nan,nan,nan,0.1,1.0,20.0,10 V,1.0,False,1
113.0793,0.016489999999999956,0.0001,2.9631862,179695.94906003686,202372.0,0.0202372,nan,nan,nan,nan,0.1,1.0,20.0,10 V,1.0,False,1
113.1216,0.016589999999999955,0.0001,2.978991,179565.46112115783,202592.0,0.0202592,nan,nan,nan,nan,0.1,1.0,20.0,10 V,1.0,False,1
113.1641,0.016689999999999955,0.0001,2.9953677,179470.80287597413,202811.99999999997,0.0202812,nan,nan,nan,nan,0.1,1.0,20.0,10 V,1.0,False,1
113.2065,0.016789999999999954,0.0001,3.0105235,179304.55628350255,202592.0,0.0202592,nan,nan,nan,nan,0.1,1.0,20.0,10 V,1.0,False,1
113.2489,0.016889999999999954,0.0001,3.0261194,179166.33510953272,202592.0,0.0202592,nan,nan,nan,nan,0.1,1.0,20.0,10 V,1.0,False,1
113.2913,0.016989999999999953,0.0001,3.0421112,179053.04296645132,202701.99999999997,0.0202702,nan,nan,nan,nan,0.1,1.0,20.0,10 V,1.0,False,1
113.3337,0.017089999999999952,0.0001,3.0570361,178878.6483323586,202811.99999999997,0.0202812,nan,nan,nan,nan,0.1,1.0,20.0,10 V,1.0,False,1
113.3761,0.017189999999999952,0.0001,3.0735888,178800.97731239142,202921.0,0.0202921,nan,nan,nan,nan,0.1,1.0,20.0,10 V,1.0,False,1
113.4186,0.01728999999999995,0.0001,3.0888216,178647.86581839266,202372.0,0.0202372,nan,nan,nan,nan,0.1,1.0,20.0,10 V,1.0,False,1
113.4610,0.01738999999999995,0.0001,3.1041865,178504.11155836738,202592.0,0.0202592,nan,nan,nan,nan,0.1,1.0,20.0,10 V,1.0,False,1
113.5035,0.01748999999999995,0.0001,3.1196503,178367.6558033167,202701.99999999997,0.0202702,nan,nan,nan,nan,0.1,1.0,20.0,10 V,1.0,False,1
113.5458,0.01758999999999995,0.0001,3.1350372,178228.3797612285,202701.99999999997,0.0202702,nan,nan,nan,nan,0.1,1.0,20.0,10 V,1.0,False,1
113.5881,0.01768999999999995,0.0001,3.1505011,178095.0310910124,202701.99999999997,0.0202702,nan,nan,nan,nan,0.1,1.0,20.0,10 V,1.0,False,1
113.6306,0.017789999999999948,0.0001,3.1657999,177953.90106801625,202701.99999999997,0.0202702,nan,nan,nan,nan,0.1,1.0,20.0,10 V,1.0,False,1
113.6729,0.017889999999999948,0.0001,3.1814287,177832.79485746278,202701.99999999997,0.0202702,nan,nan,nan,nan,0.1,1.0,20.0,10 V,1.0,False,1
113.7153,0.017989999999999947,0.0001,3.1968266,177700.20011117338,202261.99999999997,0.0202262,nan,nan,nan,nan,0.1,1.0,20.0,10 V,1.0,False,1
113.7576,0.018,0.0001,3.1974645,177636.91666666666,202592.0,0.0202592,nan,nan,nan,nan,0.1,1.0,20.0,10 V,1.0,False,1
113.8000,0.0179,0.0001,3.1805819,177686.13966480448,202261.99999999997,0.0202262,nan,nan,nan,nan,0.1,1.0,20.0,10 V,1.0,False,1
113.8425,0.0178,0.0001,3.1647661,177795.84831460676,202261.99999999997,0.0202262,nan,nan,nan,nan,0.1,1.0,20.0,10 V,1.0,False,1
113.8849,0.0177,0.0001,3.1480484,177855.8418079096,202482.0,0.0202482,nan,nan,nan,nan,0.1,1.0,20.0,10 V,1.0,False,1
113.9273,0.0176,0.0001,3.1316276,177933.38636363635,202482.0,0.0202482,nan,nan,nan,nan,0.1,1.0,20.0,10 V,1.0,False,1
113.9697,0.0175,0.0001,3.1152179,178012.45142857142,202041.99999999997,0.0202042,nan,nan,nan,nan,0.1,1.0,20.0,10 V,1.0,False,1
114.0121,0.017400000000000002,0.0001,3.0981813,178056.3965517241,202261.99999999997,0.0202262,nan,nan,nan,nan,0.1,1.0,20.0,10 V,1.0,False,1
114.0545,0.017300000000000003,0.0001,3.0819366,178146.6242774566,202151.99999999997,0.0202152,nan,nan,nan,nan,0.1,1.0,20.0,10 V,1.0,False,1
114.0969,0.017200000000000003,0.0001,3.0655599,178230.226744186,202372.0,0.0202372,nan,nan,nan,nan,0.1,1.0,20.0,10 V,1.0,False,1
114.1394,0.017100000000000004,0.0001,3.0485453,178277.50292397654,202041.99999999997,0.0202042,nan,nan,nan,nan,0.1,1.0,20.0,10 V,1.0,False,1
114.1817,0.017000000000000005,0.0001,3.0328614,178403.6117647058,202482.0,0.0202482,nan,nan,nan,nan,0.1,1.0,20.0,10 V,1.0,False,1
114.2240,0.016900000000000005,0.0001,3.0160228,178462.88757396446,202482.0,0.0202482,nan,nan,nan,nan,0.1,1.0,20.0,10 V,1.0,False,1
114.2661,0.016800000000000006,0.0001,2.9993051,178530.06547619042,202151.99999999997,0.0202152,nan,nan,nan,nan,0.1,1.0,20.0,10 V,1.0,False,1
114.3083,0.016700000000000007,0.0001,2.9830934,178628.34730538915,202372.0,0.0202372,nan,nan,nan,nan,0.1,1.0,20.0,10 V,1.0,False,1
114.3506,0.016600000000000007,0.0001,2.9664967,178704.62048192765,202261.99999999997,0.0202262,nan,nan,nan,nan,0.1,1.0,20.0,10 V,1.0,False,1
114.3930,0.016500000000000008,0.0001,2.950604,178824.48484848475,202151.99999999997,0.0202152,nan,nan,nan,nan,0.1,1.0,20.0,10 V,1.0,False,1
114.4355,0.01640000000000001,0.0001,2.933864,178894.14634146332,202041.99999999997,0.0202042,nan,nan,nan,nan,0.1,1.0,20.0,10 V,1.0,False,1
114.4780,0.01630000000000001,0.0001,2.9171684,178967.38650306736,202151.99999999997,0.0202152,nan,nan,nan,nan,0.1,1.0,20.0,10 V,1.0,False,1
114.5205,0.01620000000000001,0.0001,2.9012976,179092.44444444432,201822.0,0.0201822,nan,nan,nan,nan,0.1,1.0,20.0,10 V,1.0,False,1
114.5630,0.01610000000000001,0.0001,2.8849759,179191.04968944087,202261.99999999997,0.0202262,nan,nan,nan,nan,0.1,1.0,20.0,10 V,1.0,False,1
114.6053,0.01600000000000001,0.0001,2.8682142,179263.3874999999,202151.99999999997,0.0202152,nan,nan,nan,nan,0.1,1.0,20.0,10 V,1.0,False,1
114.6477,0.01590000000000001,0.0001,2.8522665,179387.83018867913,202592.0,0.0202592,nan,nan,nan,nan,0.1,1.0,20.0,10 V,1.0,False,1
114.6901,0.015800000000000012,0.0001,2.8357578,179478.3417721518,202151.99999999997,0.0202152,nan,nan,nan,nan,0.1,1.0,20.0,10 V,1.0,False,1
114.7325,0.015700000000000013,0.0001,2.8197109,179599.42038216547,202482.0,0.0202482,nan,nan,nan,nan,0.1,1.0,20.0,10 V,1.0,False,1
114.7750,0.015600000000000013,0.0001,2.8034661,179709.36538461523,202482.0,0.0202482,nan,nan,nan,nan,0.1,1.0,20.0,10 V,1.0,False,1
114.8175,0.015500000000000014,0.0001,2.7868805,179798.7419354837,202151.99999999997,0.0202152,nan,nan,nan,nan,0.1,1.0,20.0,10 V,1.0,False,1
114.8599,0.015400000000000014,0.0001,2.7701408,179879.27272727256,202261.99999999997,0.0202262,nan,nan,nan,nan,0.1,1.0,20.0,10 V,1.0,False,1
114.9023,0.015300000000000015,0.0001,2.7541711,180011.18300653578,201932.0,0.0201932,nan,nan,nan,nan,0.1,1.0,20.0,10 V,1.0,False,1
114.9447,0.015200000000000016,0.0001,2.7373214,180086.93421052612,201932.0,0.0201932,nan,nan,nan,nan,0.1,1.0,20.0,10 V,1.0,False,1
114.9870,0.015100000000000016,0.0001,2.7212524,180215.39072847663,202372.0,0.0202372,nan,nan,nan,nan,0.1,1.0,20.0,10 V,1.0,False,1
115.0294,0.015000000000000017,0.0001,2.7049637,180330.91333333313,202041.99999999997,0.0202042,nan,nan,nan,nan,0.1,1.0,20.0,10 V,1.0,False,1
115.0718,0.014900000000000017,0.0001,2.6879161,180397.05369127492,202261.99999999997,0.0202262,nan,nan,nan,nan,0.1,1.0,20.0,10 V,1.0,False,1
115.1142,0.014800000000000018,0.0001,2.6721003,180547.31756756734,202482.0,0.0202482,nan,nan,nan,nan,0.1,1.0,20.0,10 V,1.0,False,1
115.1566,0.014700000000000019,0.0001,2.6556796,180658.47619047595,201932.0,0.0201932,nan,nan,nan,nan,0.1,1.0,20.0,10 V,1.0,False,1
115.1990,0.01460000000000002,0.0001,2.6395999,180794.5136986299,202261.99999999997,0.0202262,nan,nan,nan,nan,0.1,1.0,20.0,10 V,1.0,False,1
115.2413,0.01450000000000002,0.0001,2.6231792,180908.91034482734,202151.99999999997,0.0202152,nan,nan,nan,nan,0.1,1.0,20.0,10 V,1.0,False,1
115.2837,0.01440000000000002,0.0001,2.6069673,181039.39583333305,202261.99999999997,0.0202262,nan,nan,nan,nan,0.1,1.0,20.0,10 V,1.0,False,1
115.3261,0.014300000000000021,0.0001,2.5904257,181148.6503496501,202261.99999999997,0.0202262,nan,nan,nan,nan,0.1,1.0,20.0,10 V,1.0,False,1
115.3684,0.014200000000000022,0.0001,2.5734221,181226.90845070395,202151.99999999997,0.0202152,nan,nan,nan,nan,0.1,1.0,20.0,10 V,1.0,False,1
115.4107,0.014100000000000022,0.0001,2.5576063,181390.51773049618,202261.99999999997,0.0202262,nan,nan,nan,nan,0.1,1.0,20.0,10 V,1.0,False,1
115.4532,0.014000000000000023,0.0001,2.5409766,181498.32857142828,202592.0,0.0202592,nan,nan,nan,nan,0.1,1.0,20.0,10 V,1.0,False,1
115.4956,0.013900000000000023,0.0001,2.5246879,181632.2230215824,202482.0,0.0202482,nan,nan,nan,nan,0.1,1.0,20.0,10 V,1.0,False,1
115.5378,0.013800000000000024,0.0001,2.50819,181752.89855072432,202151.99999999997,0.0202152,nan,nan,nan,nan,0.1,1.0,20.0,10 V,1.0,False,1
115.5802,0.013700000000000025,0.0001,2.4920773,181903.4525547442,202372.0,0.0202372,nan,nan,nan,nan,0.1,1.0,20.0,10 V,1.0,False,1
115.6226,0.013600000000000025,0.0001,2.4753156,182008.49999999965,202372.0,0.0202372,nan,nan,nan,nan,0.1,1.0,20.0,10 V,1.0,False,1
115.6650,0.013500000000000026,0.0001,2.458675,182124.07407407372,202372.0,0.0202372,nan,nan,nan,nan,0.1,1.0,20.0,10 V,1.0,False,1
115.7074,0.013400000000000026,0.0001,2.4421773,182252.03731343246,202592.0,0.0202592,nan,nan,nan,nan,0.1,1.0,20.0,10 V,1.0,False,1
115.7498,0.013300000000000027,0.0001,2.4260756,182411.69924811993,202482.0,0.0202482,nan,nan,nan,nan,0.1,1.0,20.0,10 V,1.0,False,1
115.7921,0.013200000000000028,0.0001,2.4092808,182521.27272727233,202261.99999999997,0.0202262,nan,nan,nan,nan,0.1,1.0,20.0,10 V,1.0,False,1
115.8343,0.013100000000000028,0.0001,2.3927941,182656.03816793853,202482.0,0.0202482,nan,nan,nan,nan,0.1,1.0,20.0,10 V,1.0,False,1
115.8766,0.013000000000000029,0.0001,2.3764724,182805.5692307688,202592.0,0.0202592,nan,nan,nan,nan,0.1,1.0,20.0,10 V,1.0,False,1
115.9189,0.01290000000000003,0.0001,2.3602827,182967.65116279028,202592.0,0.0202592,nan,nan,nan,nan,0.1,1.0,20.0,10 V,1.0,False,1
115.9612,0.012700000000000029,0.0001,2.3263415,183176.4960629917,202261.99999999997,0.0202262,nan,nan,nan,nan,0.1,1.0,20.0,10 V,1.0,False,1
116.0037,0.012500000000000028,0.0001,2.2923011,183384.08799999958,202372.0,0.0202372,nan,nan,nan,nan,0.1,1.0,20.0,10 V,1.0,False,1
116.0461,0.012300000000000028,0.0001,2.2589648,183655.67479674757,202261.99999999997,0.0202262,nan,nan,nan,nan,0.1,1.0,20.0,10 V,1.0,False,1
116.0885,0.012100000000000027,0.0001,2.2251006,183892.61157024754,202151.99999999997,0.0202152,nan,nan,nan,nan,0.1,1.0,20.0,10 V,1.0,False,1
116.1308,0.011900000000000027,0.0001,2.1913459,184146.71428571388,202261.99999999997,0.0202262,nan,nan,nan,nan,0.1,1.0,20.0,10 V,1.0,False,1
116.1732,0.011700000000000026,0.0001,2.1576027,184410.48717948675,202261.99999999997,0.0202262,nan,nan,nan,nan,0.1,1.0,20.0,10 V,1.0,False,1
116.2156,0.011500000000000026,0.0001,2.1239364,184690.12173913,202592.0,0.0202592,nan,nan,nan,nan,0.1,1.0,20.0,10 V,1.0,False,1
116.2579,0.011300000000000025,0.0001,2.0898411,184941.6902654863,202151.99999999997,0.0202152,nan,nan,nan,nan,0.1,1.0,20.0,10 V,1.0,False,1
116.3003,0.011100000000000025,0.0001,2.0554709,185177.55855855814,202261.99999999997,0.0202262,nan,nan,nan,nan,0.1,1.0,20.0,10 V,1.0,False,1
116.3427,0.010900000000000024,0.0001,2.0216287,185470.5229357794,202372.0,0.0202372,nan,nan,nan,nan,0.1,1.0,20.0,10 V,1.0,False,1
116.3850,0.010700000000000024,0.0001,1.9873352,185732.26168224256,202372.0,0.0202372,nan,nan,nan,nan,0.1,1.0,20.0,10 V,1.0,False,1
116.4274,0.010500000000000023,0.0001,1.9527451,185975.7238095234,202372.0,0.0202372,nan,nan,nan,nan,0.1,1.0,20.0,10 V,1.0,False,1
116.4698,0.010300000000000023,0.0001,1.9181439,186227.5631067957,202151.99999999997,0.0202152,nan,nan,nan,nan,0.1,1.0,20.0,10 V,1.0,False,1
116.5122,0.010100000000000022,0.0001,1.8831688,186452.35643564316,202261.99999999997,0.0202262,nan,nan,nan,nan,0.1,1.0,20.0,10 V,1.0,False,1
116.5544,0.009900000000000022,0.0001,1.8485127,186718.45454545412,202372.0,0.0202372,nan,nan,nan,nan,0.1,1.0,20.0,10 V,1.0,False,1
116.5967,0.009700000000000021,0.0001,1.8140545,187015.92783505114,202372.0,0.0202372,nan,nan,nan,nan,0.1,1.0,20.0,10 V,1.0,False,1
116.6391,0.00950000000000002,0.0001,1.7793431,187299.27368421011,202372.0,0.0202372,nan,nan,nan,nan,0.1,1.0,20.0,10 V,1.0,False,1
116.6815,0.00930000000000002,0.0001,1.744687,187600.75268817163,202041.99999999997,0.0202042,nan,nan,nan,nan,0.1,1.0,20.0,10 V,1.0,False,1
116.7239,0.00910000000000002,0.0001,1.7094809,187855.04395604355,202151.99999999997,0.0202152,nan,nan,nan,nan,0.1,1.0,20.0,10 V,1.0,False,1
116.7663,0.008900000000000019,0.0001,1.6741648,188108.4044943816,202151.99999999997,0.0202152,nan,nan,nan,nan,0.1,1.0,20.0,10 V,1.0,False,1
116.8086,0.008700000000000018,0.0001,1.6395966,188459.37931034443,202372.0,0.0202372,nan,nan,nan,nan,0.1,1.0,20.0,10 V,1.0,False,1
116.8510,0.008500000000000018,0.0001,1.6042036,188729.83529411722,202372.0,0.0202372,nan,nan,nan,nan,0.1,1.0,20.0,10 V,1.0,False,1
116.8934,0.008300000000000017,0.0001,1.5686784,188997.39759036107,202372.0,0.0202372,nan,nan,nan,nan,0.1,1.0,20.0,10 V,1.0,False,1
116.9359,0.008100000000000017,0.0001,1.5329114,189248.32098765392,202592.0,0.0202592,nan,nan,nan,nan,0.1,1.0,20.0,10 V,1.0,False,1
116.9781,0.007900000000000016,0.0001,1.4972984,189531.4430379743,202372.0,0.0202372,nan,nan,nan,nan,0.1,1.0,20.0,10 V,1.0,False,1
117.0206,0.007700000000000017,0.0001,1.4616414,189823.55844155804,202372.0,0.0202372,nan,nan,nan,nan,0.1,1.0,20.0,10 V,1.0,False,1
117.0630,0.007500000000000017,0.0001,1.4254784,190063.78666666624,207651.0,0.0207651,nan,nan,nan,nan,0.1,1.0,20.0,10 V,1.0,False,1
117.1055,0.007300000000000017,0.0001,1.4273152,195522.63013698583,206660.99999999997,0.0206661,nan,nan,nan,nan,0.1,1.0,20.0,10 V,1.0,False,1
117.1479,0.007100000000000018,0.0001,1.3881167,195509.3943661967,206881.0,0.0206881,nan,nan,nan,nan,0.1,1.0,20.0,10 V,1.0,False,1
117.1903,0.006900000000000018,0.0001,1.3509417,195788.6521739125,206440.99999999997,0.0206441,nan,nan,nan,nan,0.1,1.0,20.0,10 V,1.0,False,1
117.2328,0.0067000000000000184,0.0001,1.3127221,195928.67164179048,206660.99999999997,0.0206661,nan,nan,nan,nan,0.1,1.0,20.0,10 V,1.0,False,1
117.2752,0.006500000000000019,0.0001,1.2764492,196376.79999999944,206660.99999999997,0.0206661,nan,nan,nan,nan,0.1,1.0,20.0,10 V,1.0,False,1
117.3177,0.006300000000000019,0.0001,1.2370194,196352.28571428513,206331.0,0.0206331,nan,nan,nan,nan,0.1,1.0,20.0,10 V,1.0,False,1
117.3601,0.0061000000000000195,0.0001,1.1991407,196580.4426229502,206440.99999999997,0.0206441,nan,nan,nan,nan,0.1,1.0,20.0,10 V,1.0,False,1
117.4026,0.00590000000000002,0.0001,1.16146,196857.6271186434,206221.0,0.0206221,nan,nan,nan,nan,0.1,1.0,20.0,10 V,1.0,False,1
117.4450,0.00570000000000002,0.0001,1.1237133,197142.68421052562,206331.0,0.0206331,nan,nan,nan,nan,0.1,1.0,20.0,10 V,1.0,False,1
117.4874,0.0055000000000000205,0.0001,1.0859776,197450.472727272,206221.0,0.0206221,nan,nan,nan,nan,0.1,1.0,20.0,10 V,1.0,False,1
117.5300,0.005300000000000021,0.0001,1.0475928,197659.01886792376,206110.99999999997,0.0206111,nan,nan,nan,nan,0.1,1.0,20.0,10 V,1.0,False,1
117.5724,0.005100000000000021,0.0001,1.0097361,197987.47058823446,206331.0,0.0206331,nan,nan,nan,nan,0.1,1.0,20.0,10 V,1.0,False,1
117.6148,0.0049000000000000215,0.0001,0.9709226,198147.46938775422,206440.99999999997,0.0206441,nan,nan,nan,nan,0.1,1.0,20.0,10 V,1.0,False,1
117.6573,0.004700000000000022,0.0001,0.9330438,198519.9574468076,206331.0,0.0206331,nan,nan,nan,nan,0.1,1.0,20.0,10 V,1.0,False,1
117.6996,0.004500000000000022,0.0001,0.8945602,198791.15555555458,205890.99999999997,0.0205891,nan,nan,nan,nan,0.1,1.0,20.0,10 V,1.0,False,1
117.7418,0.0043000000000000226,0.0001,0.8559007,199046.6744186036,205671.0,0.0205671,nan,nan,nan,nan,0.1,1.0,20.0,10 V,1.0,False,1
117.7842,0.004100000000000023,0.0001,0.8173839,199361.9268292672,206000.99999999997,0.0206001,nan,nan,nan,nan,0.1,1.0,20.0,10 V,1.0,False,1
117.8267,0.003900000000000023,0.0001,0.7787023,199667.25641025524,205890.99999999997,0.0205891,nan,nan,nan,nan,0.1,1.0,20.0,10 V,1.0,False,1
117.8691,0.0037000000000000227,0.0001,0.7399547,199987.75675675552,206110.99999999997,0.0206111,nan,nan,nan,nan,0.1,1.0,20.0,10 V,1.0,False,1
117.9115,0.0035000000000000226,0.0001,0.7009872,200282.05714285583,205671.0,0.0205671,nan,nan,nan,nan,0.1,1.0,20.0,10 V,1.0,False,1
117.9539,0.0033000000000000225,0.0001,0.6618657,200565.36363636225,205890.99999999997,0.0205891,nan,nan,nan,nan,0.1,1.0,20.0,10 V,1.0,False,1
117.9963,0.0031000000000000224,0.0001,0.6228319,200913.51612903082,206110.99999999997,0.0206111,nan,nan,nan,nan,0.1,1.0,20.0,10 V,1.0,False,1
118.0387,0.0029000000000000224,0.0001,0.5833584,201158.06896551573,206110.99999999997,0.0206111,nan,nan,nan,nan,0.1,1.0,20.0,10 V,1.0,False,1
118.0811,0.0027000000000000223,0.0001,0.543918,201451.11111110944,206221.0,0.0206221,nan,nan,nan,nan,0.1,1.0,20.0,10 V,1.0,False,1
118.1235,0.002500000000000022,0.0001,0.5043785,201751.3999999982,205780.99999999997,0.0205781,nan,nan,nan,nan,0.1,1.0,20.0,10 V,1.0,False,1
118.1658,0.002300000000000022,0.0001,0.4647731,202075.26086956327,205780.99999999997,0.0205781,nan,nan,nan,nan,0.1,1.0,20.0,10 V,1.0,False,1
118.2082,0.002100000000000022,0.0001,0.4247167,202246.0476190455,205561.0,0.0205561,nan,nan,nan,nan,0.1,1.0,20.0,10 V,1.0,False,1
118.2507,0.001900000000000022,0.0001,0.3849791,202620.5789473661,205780.99999999997,0.0205781,nan,nan,nan,nan,0.1,1.0,20.0,10 V,1.0,False,1
118.2931,0.0017000000000000218,0.0001,0.3449227,202895.70588235036,205780.99999999997,0.0205781,nan,nan,nan,nan,0.1,1.0,20.0,10 V,1.0,False,1
118.3355,0.0015000000000000217,0.0001,0.3047894,203192.93333333035,205780.99999999997,0.0205781,nan,nan,nan,nan,0.1,1.0,20.0,10 V,1.0,False,1
118.3779,0.0013000000000000216,0.0001,0.2643151,203319.3076923043,205890.99999999997,0.0205891,nan,nan,nan,nan,0.1,1.0,20.0,10 V,1.0,False,1
118.4204,0.0011000000000000215,0.0001,0.2238847,203531.54545454145,205561.0,0.0205561,nan,nan,nan,nan,0.1,1.0,20.0,10 V,1.0,False,1
118.4628,0.0009000000000000216,0.0001,0.1833772,203752.44444443955,205671.0,0.0205671,nan,nan,nan,nan,0.1,1.0,20.0,10 V,1.0,False,1
118.5052,0.0007000000000000216,0.0001,0.1427269,203895.57142856513,205561.0,0.0205561,nan,nan,nan,nan,0.1,1.0,20.0,10 V,1.0,False,1
118.5476,0.0005000000000000216,0.0001,0.1020877,204175.3999999912,206000.99999999997,0.0206001,nan,nan,nan,nan,0.1,1.0,20.0,10 V,1.0,False,1
118.5900,0.0003000000000000216,0.0001,0.0612834,204277.9999999853,205340.99999999997,0.0205341,nan,nan,nan,nan,0.1,1.0,20.0,10 V,1.0,False,1
118.6324,0.0001000000000000216,0.0001,0.0205231,205230.99999995567,205890.99999999997,0.0205891,nan,nan,nan,nan,0.1,1.0,20.0,10 V,1.0,False,1
118.6748,-9.999999999997842e-05,0.0001,-0.0200832,200832.00000004334,205340.99999999997,0.0205341,nan,nan,nan,nan,0.1,1.0,20.0,10 V,1.0,False,1
118.7174,-0.00029999999999997845,0.0001,-0.0608764,202921.3333333479,205561.0,0.0205561,nan,nan,nan,nan,0.1,1.0,20.0,10 V,1.0,False,1
118.7600,-0.0004999999999999784,0.0001,-0.1015709,203141.80000000875,205671.0,0.0205671,nan,nan,nan,nan,0.1,1.0,20.0,10 V,1.0,False,1
118.8024,-0.0006999999999999784,0.0001,-0.1421002,203000.28571429197,205340.99999999997,0.0205341,nan,nan,nan,nan,0.1,1.0,20.0,10 V,1.0,False,1
118.8449,-0.0008999999999999784,0.0001,-0.1825636,202848.4444444493,205450.99999999997,0.0205451,nan,nan,nan,nan,0.1,1.0,20.0,10 V,1.0,False,1
118.8873,-0.0010999999999999784,0.0001,-0.2228951,202631.90909091308,205561.0,0.0205561,nan,nan,nan,nan,0.1,1.0,20.0,10 V,1.0,False,1
118.9296,-0.0012999999999999785,0.0001,-0.2631494,202422.61538461872,205561.0,0.0205561,nan,nan,nan,nan,0.1,1.0,20.0,10 V,1.0,False,1
118.9721,-0.0014999999999999786,0.0001,-0.3031508,202100.5333333362,205230.99999999997,0.0205231,nan,nan,nan,nan,0.1,1.0,20.0,10 V,1.0,False,1
119.0145,-0.0016999999999999787,0.0001,-0.3430092,201770.11764706136,204901.0,0.0204901,nan,nan,nan,nan,0.1,1.0,20.0,10 V,1.0,False,1
119.0569,-0.0018999999999999787,0.0001,-0.3828566,201503.47368421277,205561.0,0.0205561,nan,nan,nan,nan,0.1,1.0,20.0,10 V,1.0,False,1
119.0994,-0.0020999999999999786,0.0001,-0.4224732,201177.71428571633,205340.99999999997,0.0205341,nan,nan,nan,nan,0.1,1.0,20.0,10 V,1.0,False,1
119.1420,-0.0022999999999999787,0.0001,-0.4620127,200875.0869565236,205890.99999999997,0.0205891,nan,nan,nan,nan,0.1,1.0,20.0,10 V,1.0,False,1
119.1845,-0.002499999999999979,0.0001,-0.5013762,200550.4800000017,205120.99999999997,0.0205121,nan,nan,nan,nan,0.1,1.0,20.0,10 V,1.0,False,1
119.2269,-0.002699999999999979,0.0001,-0.5407286,200269.85185185343,205011.0,0.0205011,nan,nan,nan,nan,0.1,1.0,20.0,10 V,1.0,False,1
119.2692,-0.002899999999999979,0.0001,-0.5800371,200012.79310344972,205230.99999999997,0.0205231,nan,nan,nan,nan,0.1,1.0,20.0,10 V,1.0,False,1
119.3117,-0.003099999999999979,0.0001,-0.6189166,199650.5161290336,205120.99999999997,0.0205121,nan,nan,nan,nan,0.1,1.0,20.0,10 V,1.0,False,1
119.3541,-0.003299999999999979,0.0001,-0.6578183,199338.87878788,205011.0,0.0205011,nan,nan,nan,nan,0.1,1.0,20.0,10 V,1.0,False,1
119.3967,-0.0034999999999999793,0.0001,-0.6970388,199153.94285714402,205011.0,0.0205011,nan,nan,nan,nan,0.1,1.0,20.0,10 V,1.0,False,1
119.4392,-0.0036999999999999793,0.0001,-0.7357863,198861.16216216327,204901.0,0.0204901,nan,nan,nan,nan,0.1,1.0,20.0,10 V,1.0,False,1
119.4817,-0.0038999999999999794,0.0001,-0.7745009,198589.97435897542,204790.99999999997,0.0204791,nan,nan,nan,nan,0.1,1.0,20.0,10 V,1.0,False,1
119.5241,-0.0040999999999999795,0.0001,-0.8133034,198366.68292683028,204790.99999999997,0.0204791,nan,nan,nan,nan,0.1,1.0,20.0,10 V,1.0,False,1
119.5666,-0.004299999999999979,0.0001,-0.8519192,198120.74418604746,205011.0,0.0205011,nan,nan,nan,nan,0.1,1.0,20.0,10 V,1.0,False,1
119.6090,-0.004499999999999979,0.0001,-0.8900399,197786.64444444538,204680.99999999997,0.0204681,nan,nan,nan,nan,0.1,1.0,20.0,10 V,1.0,False,1
119.6514,-0.0046999999999999785,0.0001,-0.9289084,197640.08510638386,204680.99999999997,0.0204681,nan,nan,nan,nan,0.1,1.0,20.0,10 V,1.0,False,1
119.6938,-0.004899999999999978,0.0001,-0.9674029,197429.16326530697,204460.99999999997,0.0204461,nan,nan,nan,nan,0.1,1.0,20.0,10 V,1.0,False,1
119.7362,-0.005099999999999978,0.0001,-1.0053915,197135.58823529497,204570.99999999997,0.0204571,nan,nan,nan,nan,0.1,1.0,20.0,10 V,1.0,False,1
119.7787,-0.0052999999999999775,0.0001,-1.0445133,197077.98113207633,204570.99999999997,0.0204571,nan,nan,nan,nan,0.1,1.0,20.0,10 V,1.0,False,1
119.8212,-0.005499999999999977,0.0001,-1.0824139,196802.5272727281,204790.99999999997,0.0204791,nan,nan,nan,nan,0.1,1.0,20.0,10 V,1.0,False,1
119.8636,-0.005699999999999977,0.0001,-1.1205236,196583.08771929904,204790.99999999997,0.0204791,nan,nan,nan,nan,0.1,1.0,20.0,10 V,1.0,False,1
119.9060,-0.0058999999999999764,0.0001,-1.1584462,196346.81355932282,204570.99999999997,0.0204571,nan,nan,nan,nan,0.1,1.0,20.0,10 V,1.0,False,1
119.9485,-0.006099999999999976,0.0001,-1.1969408,196219.80327868927,204570.99999999997,0.0204571,nan,nan,nan,nan,0.1,1.0,20.0,10 V,1.0,False,1
119.9909,-0.006299999999999976,0.0001,-1.2367442,196308.60317460392,204570.99999999997,0.0204571,nan,nan,nan,nan,0.1,1.0,20.0,10 V,1.0,False,1
120.0334,-0.006499999999999975,0.0001,-1.2727093,195801.4307692315,204351.0,0.0204351,nan,nan,nan,nan,0.1,1.0,20.0,10 V,1.0,False,1
120.0758,-0.006699999999999975,0.0001,-1.310258,195560.89552238878,204680.99999999997,0.0204681,nan,nan,nan,nan,0.1,1.0,20.0,10 V,1.0,False,1
120.1181,-0.006899999999999975,0.0001,-1.3484667,195429.95652173983,204351.0,0.0204351,nan,nan,nan,nan,0.1,1.0,20.0,10 V,1.0,False,1
120.1606,-0.007099999999999974,0.0001,-1.3863565,195261.47887324015,204790.99999999997,0.0204791,nan,nan,nan,nan,0.1,1.0,20.0,10 V,1.0,False,1
120.2030,-0.007299999999999974,0.0001,-1.4239053,195055.5205479459,204680.99999999997,0.0204681,nan,nan,nan,nan,0.1,1.0,20.0,10 V,1.0,False,1
120.2455,-0.007499999999999974,0.0001,-1.4615419,194872.25333333403,204790.99999999997,0.0204791,nan,nan,nan,nan,0.1,1.0,20.0,10 V,1.0,False,1
120.2880,-0.007699999999999973,0.0001,-1.4992556,194708.51948052013,204901.0,0.0204901,nan,nan,nan,nan,0.1,1.0,20.0,10 V,1.0,False,1
120.3304,-0.007899999999999973,0.0001,-1.5369803,194554.46835443104,204680.99999999997,0.0204681,nan,nan,nan,nan,0.1,1.0,20.0,10 V,1.0,False,1
120.3728,-0.008099999999999974,0.0001,-1.5747382,194412.12345679078,204570.99999999997,0.0204571,nan,nan,nan,nan,0.1,1.0,20.0,10 V,1.0,False,1
120.4152,-0.008299999999999974,0.0001,-1.6125728,194285.87951807288,204351.0,0.0204351,nan,nan,nan,nan,0.1,1.0,20.0,10 V,1.0,False,1
120.4577,-0.008499999999999975,0.0001,-1.6507155,194201.82352941236,204790.99999999997,0.0204791,nan,nan,nan,nan,0.1,1.0,20.0,10 V,1.0,False,1
120.5001,-0.008699999999999975,0.0001,-1.6881761,194043.229885058,204460.99999999997,0.0204461,nan,nan,nan,nan,0.1,1.0,20.0,10 V,1.0,False,1
120.5425,-0.008899999999999976,0.0001,-1.7258458,193915.25842696684,204901.0,0.0204901,nan,nan,nan,nan,0.1,1.0,20.0,10 V,1.0,False,1
120.5850,-0.009099999999999976,0.0001,-1.7635265,193794.1208791214,204570.99999999997,0.0204571,nan,nan,nan,nan,0.1,1.0,20.0,10 V,1.0,False,1
120.6274,-0.009299999999999977,0.0001,-1.8011194,193668.7526881725,204680.99999999997,0.0204681,nan,nan,nan,nan,0.1,1.0,20.0,10 V,1.0,False,1
120.6698,-0.009499999999999977,0.0001,-1.839581,193640.10526315836,204680.99999999997,0.0204681,nan,nan,nan,nan,0.1,1.0,20.0,10 V,1.0,False,1
120.7124,-0.009699999999999978,0.0001,-1.8769867,193503.78350515506,204570.99999999997,0.0204571,nan,nan,nan,nan,0.1,1.0,20.0,10 V,1.0,False,1
120.7548,-0.009899999999999978,0.0001,-1.9144254,193376.30303030348,204790.99999999997,0.0204791,nan,nan,nan,nan,0.1,1.0,20.0,10 V,1.0,False,1
120.7971,-0.010099999999999979,0.0001,-1.9522711,193294.16831683207,204680.99999999997,0.0204681,nan,nan,nan,nan,0.1,1.0,20.0,10 V,1.0,False,1
120.8395,-0.01029999999999998,0.0001,-1.990227,193225.92233009747,204680.99999999997,0.0204681,nan,nan,nan,nan,0.1,1.0,20.0,10 V,1.0,False,1
120.8819,-0.01049999999999998,0.0001,-2.0282157,193163.40000000037,204790.99999999997,0.0204791,nan,nan,nan,nan,0.1,1.0,20.0,10 V,1.0,False,1
120.9242,-0.01069999999999998,0.0001,-2.0661493,193098.06542056112,204790.99999999997,0.0204791,nan,nan,nan,nan,0.1,1.0,20.0,10 V,1.0,False,1
120.9666,-0.010899999999999981,0.0001,-2.1038959,193017.97247706456,204130.99999999997,0.0204131,nan,nan,nan,nan,0.1,1.0,20.0,10 V,1.0,False,1
121.0090,-0.011099999999999981,0.0001,-2.1421485,192986.35135135165,204901.0,0.0204901,nan,nan,nan,nan,0.1,1.0,20.0,10 V,1.0,False,1
121.0515,-0.011299999999999982,0.0001,-2.1800932,192928.60176991182,204901.0,0.0204901,nan,nan,nan,nan,0.1,1.0,20.0,10 V,1.0,False,1
121.0940,-0.011499999999999982,0.0001,-2.218049,192873.82608695683,205120.99999999997,0.0205121,nan,nan,nan,nan,0.1,1.0,20.0,10 V,1.0,False,1
121.1364,-0.011699999999999983,0.0001,-2.2583473,193021.13675213704,205450.99999999997,0.0205451,nan,nan,nan,nan,0.1,1.0,20.0,10 V,1.0,False,1
121.1787,-0.011899999999999984,0.0001,-2.2968749,193014.69747899187,205561.0,0.0205561,nan,nan,nan,nan,0.1,1.0,20.0,10 V,1.0,False,1
121.2212,-0.012099999999999984,0.0001,-2.3353694,193005.7355371903,205450.99999999997,0.0205451,nan,nan,nan,nan,0.1,1.0,20.0,10 V,1.0,False,1
121.2636,-0.012299999999999985,0.0001,-2.3741499,193020.31707317094,205450.99999999997,0.0205451,nan,nan,nan,nan,0.1,1.0,20.0,10 V,1.0,False,1
121.3059,-0.012499999999999985,0.0001,-2.4136123,193088.98400000023,205671.0,0.0205671,nan,nan,nan,nan,0.1,1.0,20.0,10 V,1.0,False,1
121.3483,-0.012699999999999986,0.0001,-2.4529098,193142.5039370081,205780.99999999997,0.0205781,nan,nan,nan,nan,0.1,1.0,20.0,10 V,1.0,False,1
121.3907,-0.012899999999999986,0.0001,-2.4929002,193248.07751938002,205890.99999999997,0.0205891,nan,nan,nan,nan,0.1,1.0,20.0,10 V,1.0,False,1
121.4331,-0.013099999999999987,0.0001,-2.5319009,193274.87786259563,206331.0,0.0206331,nan,nan,nan,nan,0.1,1.0,20.0,10 V,1.0,False,1
121.4756,-0.013299999999999987,0.0001,-2.5712644,193328.15037594002,206000.99999999997,0.0206001,nan,nan,nan,nan,0.1,1.0,20.0,10 V,1.0,False,1
121.5181,-0.013499999999999988,0.0001,-2.6114637,193441.75555555572,206440.99999999997,0.0206441,nan,nan,nan,nan,0.1,1.0,20.0,10 V,1.0,False,1
121.5606,-0.013699999999999988,0.0001,-2.6521579,193588.16788321183,206550.99999999997,0.0206551,nan,nan,nan,nan,0.1,1.0,20.0,10 V,1.0,False,1
121.6030,-0.013899999999999989,0.0001,-2.6920383,193671.82014388507,206770.99999999997,0.0206771,nan,nan,nan,nan,0.1,1.0,20.0,10 V,1.0,False,1
121.6455,-0.014,0.0001,-2.7148711,193919.36428571428,207100.99999999997,0.0207101,nan,nan,nan,nan,0.1,1.0,20.0,10 V,1.0,False,1
121.6879,-0.0138,0.0001,-2.6831295,194429.6739130435,207100.99999999997,0.0207101,nan,nan,nan,nan,0.1,1.0,20.0,10 V,1.0,False,1
121.7303,-0.0136,0.0001,-2.6500682,194857.95588235295,206881.0,0.0206881,nan,nan,nan,nan,0.1,1.0,20.0,10 V,1.0,False,1
121.7728,-0.013399999999999999,0.0001,-2.6162149,195239.91791044778,207760.99999999997,0.0207761,nan,nan,nan,nan,0.1,1.0,20.0,10 V,1.0,False,1
121.8152,-0.013199999999999998,0.0001,-2.5821858,195620.13636363638,207870.99999999997,0.0207871,nan,nan,nan,nan,0.1,1.0,20.0,10 V,1.0,False,1
121.8577,-0.012999999999999998,0.0001,-2.5485196,196039.9692307693,207760.99999999997,0.0207761,nan,nan,nan,nan,0.1,1.0,20.0,10 V,1.0,False,1
121.9001,-0.012799999999999997,0.0001,-2.5142924,196429.09375000003,208201.0,0.0208201,nan,nan,nan,nan,0.1,1.0,20.0,10 V,1.0,False,1
121.9426,-0.012599999999999997,0.0001,-2.4789321,196740.64285714293,208311.0,0.0208311,nan,nan,nan,nan,0.1,1.0,20.0,10 V,1.0,False,1
121.9851,-0.012399999999999996,0.0001,-2.44399,197095.96774193554,208311.0,0.0208311,nan,nan,nan,nan,0.1,1.0,20.0,10 V,1.0,False,1
122.0277,-0.012199999999999996,0.0001,-2.408531,197420.57377049187,208530.99999999997,0.0208531,nan,nan,nan,nan,0.1,1.0,20.0,10 V,1.0,False,1
122.0702,-0.011999999999999995,0.0001,-2.3726432,197720.26666666675,208751.0,0.0208751,nan,nan,nan,nan,0.1,1.0,20.0,10 V,1.0,False,1
122.1127,-0.011799999999999995,0.0001,-2.3371292,198061.79661016958,208311.0,0.0208311,nan,nan,nan,nan,0.1,1.0,20.0,10 V,1.0,False,1
122.1551,-0.011599999999999994,0.0001,-2.3007793,198343.04310344838,208970.99999999997,0.0208971,nan,nan,nan,nan,0.1,1.0,20.0,10 V,1.0,False,1
122.1976,-0.011399999999999993,0.0001,-2.2643965,198631.27192982467,208970.99999999997,0.0208971,nan,nan,nan,nan,0.1,1.0,20.0,10 V,1.0,False,1
122.2400,-0.011199999999999993,0.0001,-2.2275846,198891.48214285728,209190.99999999997,0.0209191,nan,nan,nan,nan,0.1,1.0,20.0,10 V,1.0,False,1
122.2825,-0.010999999999999992,0.0001,-2.1913886,199217.14545454556,209630.99999999997,0.0209631,nan,nan,nan,nan,0.1,1.0,20.0,10 V,1.0,False,1
122.3250,-0.010799999999999992,0.0001,-2.1545658,199496.8333333335,210179.99999999997,0.021018,nan,nan,nan,nan,0.1,1.0,20.0,10 V,1.0,False,1
122.3673,-0.010599999999999991,0.0001,-2.1170281,199719.63207547186,209411.0,0.0209411,nan,nan,nan,nan,0.1,1.0,20.0,10 V,1.0,False,1
122.4095,-0.01039999999999999,0.0001,-2.0803153,200030.31730769246,209630.99999999997,0.0209631,nan,nan,nan,nan,0.1,1.0,20.0,10 V,1.0,False,1
122.4520,-0.01019999999999999,0.0001,-2.0425136,200246.4313725492,209850.99999999997,0.0209851,nan,nan,nan,nan,0.1,1.0,20.0,10 V,1.0,False,1
122.4944,-0.00999999999999999,0.0001,-2.0061528,200615.2800000002,209960.99999999997,0.0209961,nan,nan,nan,nan,0.1,1.0,20.0,10 V,1.0,False,1
122.5368,-0.00979999999999999,0.0001,-1.9682189,200838.66326530636,209960.99999999997,0.0209961,nan,nan,nan,nan,0.1,1.0,20.0,10 V,1.0,False,1
122.5793,-0.009599999999999989,0.0001,-1.9308131,201126.36458333355,210070.0,0.021007,nan,nan,nan,nan,0.1,1.0,20.0,10 V,1.0,False,1
122.6217,-0.009399999999999988,0.0001,-1.8932314,201407.5957446811,210070.0,0.021007,nan,nan,nan,nan,0.1,1.0,20.0,10 V,1.0,False,1
122.6641,-0.009199999999999988,0.0001,-1.8547588,201604.2173913046,209850.99999999997,0.0209851,nan,nan,nan,nan,0.1,1.0,20.0,10 V,1.0,False,1
122.7065,-0.008999999999999987,0.0001,-1.8169351,201881.67777777807,210289.99999999997,0.021029,nan,nan,nan,nan,0.1,1.0,20.0,10 V,1.0,False,1
122.7489,-0.008799999999999987,0.0001,-1.7785725,202110.51136363664,210399.99999999997,0.02104,nan,nan,nan,nan,0.1,1.0,20.0,10 V,1.0,False,1
122.7914,-0.008599999999999986,0.0001,-1.7398799,202311.61627907006,210620.0,0.021062,nan,nan,nan,nan,0.1,1.0,20.0,10 V,1.0,False,1
122.8339,-0.008399999999999986,0.0001,-1.7021002,202630.97619047653,210620.0,0.021062,nan,nan,nan,nan,0.1,1.0,20.0,10 V,1.0,False,1
122.8764,-0.008199999999999985,0.0001,-1.6637157,202892.15853658572,210620.0,0.021062,nan,nan,nan,nan,0.1,1.0,20.0,10 V,1.0,False,1
122.9189,-0.007999999999999985,0.0001,-1.6251661,203145.7625000004,210730.0,0.021073,nan,nan,nan,nan,0.1,1.0,20.0,10 V,1.0,False,1
122.9613,-0.007799999999999985,0.0001,-1.5861876,203357.384615385,210949.99999999997,0.021095,nan,nan,nan,nan,0.1,1.0,20.0,10 V,1.0,False,1
123.0038,-0.007599999999999985,0.0001,-1.5471868,203577.21052631616,211169.99999999997,0.021117,nan,nan,nan,nan,0.1,1.0,20.0,10 V,1.0,False,1
123.0462,-0.007399999999999986,0.0001,-1.5090992,203932.32432432473,210620.0,0.021062,nan,nan,nan,nan,0.1,1.0,20.0,10 V,1.0,False,1
123.0886,-0.007199999999999986,0.0001,-1.4700877,204178.84722222263,211059.99999999997,0.021106,nan,nan,nan,nan,0.1,1.0,20.0,10 V,1.0,False,1
123.1309,-0.006999999999999986,0.0001,-1.4311312,204447.3142857147,211390.0,0.021139,nan,nan,nan,nan,0.1,1.0,20.0,10 V,1.0,False,1
123.1734,-0.006799999999999987,0.0001,-1.3917678,204671.73529411806,211169.99999999997,0.021117,nan,nan,nan,nan,0.1,1.0,20.0,10 V,1.0,False,1
123.2159,-0.006599999999999987,0.0001,-1.3524811,204921.37878787922,211499.99999999997,0.02115,nan,nan,nan,nan,0.1,1.0,20.0,10 V,1.0,False,1
123.2584,-0.006399999999999987,0.0001,-1.3132386,205193.5312500004,211169.99999999997,0.021117,nan,nan,nan,nan,0.1,1.0,20.0,10 V,1.0,False,1
123.3008,-0.006199999999999988,0.0001,-1.2738751,205463.72580645198,211280.0,0.021128,nan,nan,nan,nan,0.1,1.0,20.0,10 V,1.0,False,1
123.3432,-0.005999999999999988,0.0001,-1.2346435,205773.91666666706,211499.99999999997,0.02115,nan,nan,nan,nan,0.1,1.0,20.0,10 V,1.0,False,1
123.3857,-0.005799999999999988,0.0001,-1.1948731,206012.60344827626,211719.99999999997,0.021172,nan,nan,nan,nan,0.1,1.0,20.0,10 V,1.0,False,1
123.4281,-0.005599999999999989,0.0001,-1.1554437,206329.23214285754,211609.99999999997,0.021161,nan,nan,nan,nan,0.1,1.0,20.0,10 V,1.0,False,1
123.4704,-0.005399999999999989,0.0001,-1.1157063,206612.27777777822,211719.99999999997,0.021172,nan,nan,nan,nan,0.1,1.0,20.0,10 V,1.0,False,1
123.5128,-0.005199999999999989,0.0001,-1.0756609,206857.8653846158,211940.0,0.021194,nan,nan,nan,nan,0.1,1.0,20.0,10 V,1.0,False,1
123.5550,-0.00499999999999999,0.0001,-1.0353073,207061.46000000043,211830.0,0.021183,nan,nan,nan,nan,0.1,1.0,20.0,10 V,1.0,False,1
123.5975,-0.00479999999999999,0.0001,-0.995251,207343.95833333375,212050.0,0.021205,nan,nan,nan,nan,0.1,1.0,20.0,10 V,1.0,False,1
123.6399,-0.00459999999999999,0.0001,-0.9549856,207605.56521739173,212379.99999999997,0.021238,nan,nan,nan,nan,0.1,1.0,20.0,10 V,1.0,False,1
123.6824,-0.004399999999999991,0.0001,-0.9146214,207868.50000000044,211940.0,0.021194,nan,nan,nan,nan,0.1,1.0,20.0,10 V,1.0,False,1
123.7248,-0.004199999999999991,0.0001,-0.874653,208250.71428571473,211940.0,0.021194,nan,nan,nan,nan,0.1,1.0,20.0,10 V,1.0,False,1
123.7672,-0.003999999999999991,0.0001,-0.8339367,208484.17500000045,212269.99999999997,0.021227,nan,nan,nan,nan,0.1,1.0,20.0,10 V,1.0,False,1
123.8097,-0.0037999999999999913,0.0001,-0.7932313,208745.07894736886,212600.0,0.02126,nan,nan,nan,nan,0.1,1.0,20.0,10 V,1.0,False,1
123.8521,-0.0035999999999999912,0.0001,-0.752537,209038.05555555606,212269.99999999997,0.021227,nan,nan,nan,nan,0.1,1.0,20.0,10 V,1.0,False,1
123.8945,-0.003399999999999991,0.0001,-0.7116887,209320.20588235348,212819.99999999997,0.021282,nan,nan,nan,nan,0.1,1.0,20.0,10 V,1.0,False,1
123.9369,-0.003199999999999991,0.0001,-0.6708624,209644.50000000058,212490.0,0.021249,nan,nan,nan,nan,0.1,1.0,20.0,10 V,1.0,False,1
123.9793,-0.002999999999999991,0.0001,-0.6297392,209913.0666666673,212710.0,0.021271,nan,nan,nan,nan,0.1,1.0,20.0,10 V,1.0,False,1
124.0218,-0.002799999999999991,0.0001,-0.5886269,210223.8928571435,212929.99999999997,0.021293,nan,nan,nan,nan,0.1,1.0,20.0,10 V,1.0,False,1
124.0643,-0.0025999999999999908,0.0001,-0.5473827,210531.80769230844,213039.99999999997,0.021304,nan,nan,nan,nan,0.1,1.0,20.0,10 V,1.0,False,1
124.1067,-0.0023999999999999907,0.0001,-0.5062265,210927.70833333416,212710.0,0.021271,nan,nan,nan,nan,0.1,1.0,20.0,10 V,1.0,False,1
124.1492,-0.0021999999999999906,0.0001,-0.4647403,211245.59090909178,212819.99999999997,0.021282,nan,nan,nan,nan,0.1,1.0,20.0,10 V,1.0,False,1
124.1914,-0.0019999999999999905,0.0001,-0.4231002,211550.100000001,212819.99999999997,0.021282,nan,nan,nan,nan,0.1,1.0,20.0,10 V,1.0,False,1
124.2335,-0.0017999999999999904,0.0001,-0.3813608,211867.11111111223,213589.99999999997,0.021359,nan,nan,nan,nan,0.1,1.0,20.0,10 V,1.0,False,1
124.2759,-0.0015999999999999903,0.0001,-0.3395777,212236.06250000125,212929.99999999997,0.021293,nan,nan,nan,nan,0.1,1.0,20.0,10 V,1.0,False,1
124.3182,-0.0013999999999999902,0.0001,-0.2975966,212569.00000000148,213150.0,0.021315,nan,nan,nan,nan,0.1,1.0,20.0,10 V,1.0,False,1
124.3606,-0.0010999999999999903,0.0001,-0.2342125,212920.45454545642,213039.99999999997,0.021304,nan,nan,nan,nan,0.1,1.0,20.0,10 V,1.0,False,1
124.4029,-0.0007999999999999904,0.0001,-0.1706962,213370.25000000253,213150.0,0.021315,nan,nan,nan,nan,0.1,1.0,20.0,10 V,1.0,False,1
124.4453,-0.0004999999999999905,0.0001,-0.1068502,213700.4000000041,213260.0,0.021326,nan,nan,nan,nan,0.1,1.0,20.0,10 V,1.0,False,1
124.4878,-0.0001999999999999905,0.0001,-0.042751,213755.00000001016,213589.99999999997,0.021359,nan,nan,nan,nan,0.1,1.0,20.0,10 V,1.0,False,1
124.5302,0.00010000000000000948,0.0001,0.021337,213369.99999997974,213260.0,0.021326,nan,nan,nan,nan,0.1,1.0,20.0,10 V,1.0,False,1
124.5726,0.00040000000000000945,0.0001,0.085502,213754.99999999494,213699.99999999997,0.02137,nan,nan,nan,nan,0.1,1.0,20.0,10 V,1.0,False,1
124.6151,0.0007000000000000094,0.0001,0.14959,213699.99999999715,213699.99999999997,0.02137,nan,nan,nan,nan,0.1,1.0,20.0,10 V,1.0,False,1
124.6575,0.0010000000000000093,0.0001,0.2135022,213502.19999999803,213810.0,0.021381,nan,nan,nan,nan,0.1,1.0,20.0,10 V,1.0,False,1
124.6998,0.0013000000000000093,0.0001,0.2772712,213285.53846153693,214029.99999999997,0.021403,nan,nan,nan,nan,0.1,1.0,20.0,10 V,1.0,False,1
124.7421,0.0016000000000000092,0.0001,0.3406883,212930.18749999878,214139.99999999997,0.021414,nan,nan,nan,nan,0.1,1.0,20.0,10 V,1.0,False,1
124.7845,0.001900000000000009,0.0001,0.4038965,212577.10526315687,213589.99999999997,0.021359,nan,nan,nan,nan,0.1,1.0,20.0,10 V,1.0,False,1
124.8269,0.0022000000000000092,0.0001,0.4669288,212240.36363636272,213920.0,0.021392,nan,nan,nan,nan,0.1,1.0,20.0,10 V,1.0,False,1
124.8692,0.002500000000000009,0.0001,0.529213,211685.19999999925,213810.0,0.021381,nan,nan,nan,nan,0.1,1.0,20.0,10 V,1.0,False,1
124.9116,0.002800000000000009,0.0001,0.5914973,211249.035714285,213920.0,0.021392,nan,nan,nan,nan,0.1,1.0,20.0,10 V,1.0,False,1
124.9539,0.003100000000000009,0.0001,0.6538368,210915.09677419293,213920.0,0.021392,nan,nan,nan,nan,0.1,1.0,20.0,10 V,1.0,False,1
124.9963,0.003400000000000009,0.0001,0.7156042,210471.82352941122,214689.99999999997,0.021469,nan,nan,nan,nan,0.1,1.0,20.0,10 V,1.0,False,1
125.0387,0.003700000000000009,0.0001,0.7768436,209957.7297297292,213589.99999999997,0.021359,nan,nan,nan,nan,0.1,1.0,20.0,10 V,1.0,False,1
125.0811,0.004000000000000009,0.0001,0.838006,209501.49999999953,214139.99999999997,0.021414,nan,nan,nan,nan,0.1,1.0,20.0,10 V,1.0,False,1
125.1236,0.004300000000000009,0.0001,0.8990806,209088.51162790656,214029.99999999997,0.021403,nan,nan,nan,nan,0.1,1.0,20.0,10 V,1.0,False,1
125.1660,0.004600000000000009,0.0001,0.9594512,208576.34782608657,215019.99999999997,0.021502,nan,nan,nan,nan,0.1,1.0,20.0,10 V,1.0,False,1
125.2083,0.0049000000000000085,0.0001,1.0198107,208124.63265306086,214799.99999999997,0.02148,nan,nan,nan,nan,0.1,1.0,20.0,10 V,1.0,False,1
125.2508,0.0052000000000000084,0.0001,1.0803354,207756.80769230737,214689.99999999997,0.021469,nan,nan,nan,nan,0.1,1.0,20.0,10 V,1.0,False,1
125.2932,0.005500000000000008,0.0001,1.140101,207291.0909090906,214580.0,0.021458,nan,nan,nan,nan,0.1,1.0,20.0,10 V,1.0,False,1
125.3355,0.005800000000000008,0.0001,1.1995587,206820.4655172411,214689.99999999997,0.021469,nan,nan,nan,nan,0.1,1.0,20.0,10 V,1.0,False,1
125.3779,0.006100000000000008,0.0001,1.2589396,206383.54098360625,214799.99999999997,0.02148,nan,nan,nan,nan,0.1,1.0,20.0,10 V,1.0,False,1
125.4201,0.006400000000000008,0.0001,1.3171984,205812.24999999977,214359.99999999997,0.021436,nan,nan,nan,nan,0.1,1.0,20.0,10 V,1.0,False,1
125.4625,0.006700000000000008,0.0001,1.3758864,205356.17910447737,214580.0,0.021458,nan,nan,nan,nan,0.1,1.0,20.0,10 V,1.0,False,1
125.5049,0.007000000000000008,0.0001,1.4341782,204882.59999999977,214689.99999999997,0.021469,nan,nan,nan,nan,0.1,1.0,20.0,10 V,1.0,False,1
125.5473,0.007300000000000008,0.0001,1.4924481,204444.94520547925,214799.99999999997,0.02148,nan,nan,nan,nan,0.1,1.0,20.0,10 V,1.0,False,1
125.5897,0.007600000000000008,0.0001,1.550355,203994.0789473682,214580.0,0.021458,nan,nan,nan,nan,0.1,1.0,20.0,10 V,1.0,False,1
125.6321,0.007900000000000008,0.0001,1.6080421,203549.63291139223,214689.99999999997,0.021469,nan,nan,nan,nan,0.1,1.0,20.0,10 V,1.0,False,1
125.6745,0.008200000000000008,0.0001,1.665443,203102.8048780486,214909.99999999997,0.021491,nan,nan,nan,nan,0.1,1.0,20.0,10 V,1.0,False,1
125.7169,0.008500000000000008,0.0001,1.7222061,202612.48235294098,215459.99999999997,0.021546,nan,nan,nan,nan,0.1,1.0,20.0,10 V,1.0,False,1
125.7593,0.008800000000000007,0.0001,1.77997,202269.31818181803,214689.99999999997,0.021469,nan,nan,nan,nan,0.1,1.0,20.0,10 V,1.0,False,1
125.8017,0.009100000000000007,0.0001,1.8357765,201733.68131868113,214689.99999999997,0.021469,nan,nan,nan,nan,0.1,1.0,20.0,10 V,1.0,False,1
125.8442,0.009400000000000007,0.0001,1.8922096,201298.8936170211,214799.99999999997,0.02148,nan,nan,nan,nan,0.1,1.0,20.0,10 V,1.0,False,1
125.8865,0.009700000000000007,0.0001,1.9478287,200807.08247422666,215240.0,0.021524,nan,nan,nan,nan,0.1,1.0,20.0,10 V,1.0,False,1
125.9288,0.010000000000000007,0.0001,2.0037562,200375.61999999988,215349.99999999997,0.021535,nan,nan,nan,nan,0.1,1.0,20.0,10 V,1.0,False,1
125.9713,0.010300000000000007,0.0001,2.0595513,199956.4368932037,214799.99999999997,0.02148,nan,nan,nan,nan,0.1,1.0,20.0,10 V,1.0,False,1
126.0137,0.010600000000000007,0.0001,2.1144667,199477.9905660376,214909.99999999997,0.021491,nan,nan,nan,nan,0.1,1.0,20.0,10 V,1.0,False,1
126.0560,0.010900000000000007,0.0001,2.1688211,198974.4128440366,215130.0,0.021513,nan,nan,nan,nan,0.1,1.0,20.0,10 V,1.0,False,1
126.0984,0.011200000000000007,0.0001,2.2240997,198580.33035714275,215019.99999999997,0.021502,nan,nan,nan,nan,0.1,1.0,20.0,10 V,1.0,False,1
126.1409,0.011500000000000007,0.0001,2.2781681,198101.57391304334,215240.0,0.021524,nan,nan,nan,nan,0.1,1.0,20.0,10 V,1.0,False,1
126.1832,0.011800000000000007,0.0001,2.3320937,197635.05932203378,215130.0,0.021513,nan,nan,nan,nan,0.1,1.0,20.0,10 V,1.0,False,1
126.2256,0.012100000000000007,0.0001,2.3859751,197188.02479338832,215349.99999999997,0.021535,nan,nan,nan,nan,0.1,1.0,20.0,10 V,1.0,False,1
126.2680,0.012400000000000007,0.0001,2.4399886,196773.27419354828,215240.0,0.021524,nan,nan,nan,nan,0.1,1.0,20.0,10 V,1.0,False,1
126.3105,0.012700000000000006,0.0001,2.4927042,196275.9212598424,215569.99999999997,0.021557,nan,nan,nan,nan,0.1,1.0,20.0,10 V,1.0,False,1
126.3529,0.013000000000000006,0.0001,2.5464538,195881.06153846145,214470.0,0.021447,nan,nan,nan,nan,0.1,1.0,20.0,10 V,1.0,False,1
126.3953,0.013300000000000006,0.0001,2.5988835,195404.7744360901,215130.0,0.021513,nan,nan,nan,nan,0.1,1.0,20.0,10 V,1.0,False,1
126.4377,0.013600000000000006,0.0001,2.6519951,194999.63970588226,214799.99999999997,0.02148,nan,nan,nan,nan,0.1,1.0,20.0,10 V,1.0,False,1
126.4801,0.013900000000000006,0.0001,2.7037868,194517.03597122294,215349.99999999997,0.021535,nan,nan,nan,nan,0.1,1.0,20.0,10 V,1.0,False,1
126.5225,0.014200000000000006,0.0001,2.7556668,194061.04225352107,214909.99999999997,0.021491,nan,nan,nan,nan,0.1,1.0,20.0,10 V,1.0,False,1
126.5648,0.014500000000000006,0.0001,2.8074036,193614.04137931028,215240.0,0.021524,nan,nan,nan,nan,0.1,1.0,20.0,10 V,1.0,False,1
126.6072,0.014800000000000006,0.0001,2.8588216,193163.62162162157,215130.0,0.021513,nan,nan,nan,nan,0.1,1.0,20.0,10 V,1.0,False,1
126.6495,0.015100000000000006,0.0001,2.9105693,192752.93377483435,214799.99999999997,0.02148,nan,nan,nan,nan,0.1,1.0,20.0,10 V,1.0,False,1
126.6919,0.015400000000000006,0.0001,2.9617674,192322.55844155836,214470.0,0.021447,nan,nan,nan,nan,0.1,1.0,20.0,10 V,1.0,False,1
126.7342,0.015700000000000006,0.0001,3.0132402,191926.12738853495,214689.99999999997,0.021469,nan,nan,nan,nan,0.1,1.0,20.0,10 V,1.0,False,1
126.7767,0.016000000000000007,0.0001,3.0627113,191419.45624999993,214580.0,0.021458,nan,nan,nan,nan,0.1,1.0,20.0,10 V,1.0,False,1
126.8191,0.01630000000000001,0.0001,3.1136342,191020.50306748453,214909.99999999997,0.021491,nan,nan,nan,nan,0.1,1.0,20.0,10 V,1.0,False,1
126.8615,0.01660000000000001,0.0001,3.1632483,190557.12650602395,214139.99999999997,0.021414,nan,nan,nan,nan,0.1,1.0,20.0,10 V,1.0,False,1
126.9039,0.016900000000000012,0.0001,3.2130053,190118.6568047336,214359.99999999997,0.021436,nan,nan,nan,nan,0.1,1.0,20.0,10 V,1.0,False,1
126.9463,0.017200000000000014,0.0001,3.2614868,189621.32558139518,214139.99999999997,0.021414,nan,nan,nan,nan,0.1,1.0,20.0,10 V,1.0,False,1
126.9887,0.017500000000000016,0.0001,3.3112328,189213.3028571427,214139.99999999997,0.021414,nan,nan,nan,nan,0.1,1.0,20.0,10 V,1.0,False,1
127.0312,0.017800000000000017,0.0001,3.3613419,188839.4325842695,214249.99999999997,0.021425,nan,nan,nan,nan,0.1,1.0,20.0,10 V,1.0,False,1
127.0736,0.018,0.0001,3.3936883,188538.23888888888,214139.99999999997,0.021414,nan,nan,nan,nan,0.1,1.0,20.0,10 V,1.0,False,1
127.1159,0.017699999999999997,0.0001,3.3400707,188704.55932203395,214029.99999999997,0.021403,nan,nan,nan,nan,0.1,1.0,20.0,10 V,1.0,False,1
127.1582,0.017399999999999995,0.0001,3.2877291,188949.94827586212,213810.0,0.021381,nan,nan,nan,nan,0.1,1.0,20.0,10 V,1.0,False,1
127.2006,0.017099999999999994,0.0001,3.2337814,189110.0233918129,214580.0,0.021458,nan,nan,nan,nan,0.1,1.0,20.0,10 V,1.0,False,1
127.2429,0.016799999999999992,0.0001,3.1808568,189336.71428571438,213920.0,0.021392,nan,nan,nan,nan,0.1,1.0,20.0,10 V,1.0,False,1
127.2852,0.01649999999999999,0.0001,3.128845,189626.9696969698,213699.99999999997,0.02137,nan,nan,nan,nan,0.1,1.0,20.0,10 V,1.0,False,1
127.3276,0.01619999999999999,0.0001,3.0757555,189861.45061728408,213699.99999999997,0.02137,nan,nan,nan,nan,0.1,1.0,20.0,10 V,1.0,False,1
127.3699,0.015899999999999987,0.0001,3.0227978,190113.0691823901,213699.99999999997,0.02137,nan,nan,nan,nan,0.1,1.0,20.0,10 V,1.0,False,1
127.4123,0.015599999999999987,0.0001,2.9708411,190438.5320512822,213369.99999999997,0.021337,nan,nan,nan,nan,0.1,1.0,20.0,10 V,1.0,False,1
127.4547,0.015299999999999987,0.0001,2.9177733,190704.1372549021,213589.99999999997,0.021359,nan,nan,nan,nan,0.1,1.0,20.0,10 V,1.0,False,1
127.4972,0.014999999999999987,0.0001,2.8649257,190995.04666666684,213479.99999999997,0.021348,nan,nan,nan,nan,0.1,1.0,20.0,10 V,1.0,False,1
127.5396,0.014699999999999987,0.0001,2.8119349,191288.0884353743,213369.99999999997,0.021337,nan,nan,nan,nan,0.1,1.0,20.0,10 V,1.0,False,1
127.5819,0.014399999999999987,0.0001,2.7591094,191604.8194444446,213369.99999999997,0.021337,nan,nan,nan,nan,0.1,1.0,20.0,10 V,1.0,False,1
127.6243,0.014099999999999988,0.0001,2.709748,192180.7092198583,214689.99999999997,0.021469,nan,nan,nan,nan,0.1,1.0,20.0,10 V,1.0,False,1
127.6666,0.013799999999999988,0.0001,2.6564275,192494.74637681176,213920.0,0.021392,nan,nan,nan,nan,0.1,1.0,20.0,10 V,1.0,False,1
127.7089,0.013499999999999988,0.0001,2.6009622,192663.86666666684,213369.99999999997,0.021337,nan,nan,nan,nan,0.1,1.0,20.0,10 V,1.0,False,1
127.7512,0.013199999999999988,0.0001,2.5498744,193172.3030303032,212710.0,0.021271,nan,nan,nan,nan,0.1,1.0,20.0,10 V,1.0,False,1
127.7936,0.012899999999999988,0.0001,2.4934191,193288.30232558158,213150.0,0.021315,nan,nan,nan,nan,0.1,1.0,20.0,10 V,1.0,False,1
127.8360,0.012599999999999988,0.0001,2.4410335,193732.81746031766,213039.99999999997,0.021304,nan,nan,nan,nan,0.1,1.0,20.0,10 V,1.0,False,1
127.8783,0.012299999999999988,0.0001,2.386899,194056.82926829287,213589.99999999997,0.021359,nan,nan,nan,nan,0.1,1.0,20.0,10 V,1.0,False,1
127.9206,0.011999999999999988,0.0001,2.3331495,194429.1250000002,212929.99999999997,0.021293,nan,nan,nan,nan,0.1,1.0,20.0,10 V,1.0,False,1
127.9629,0.011699999999999988,0.0001,2.2796859,194844.94871794892,213260.0,0.021326,nan,nan,nan,nan,0.1,1.0,20.0,10 V,1.0,False,1
128.0053,0.011399999999999988,0.0001,2.2255405,195222.85087719318,212819.99999999997,0.021282,nan,nan,nan,nan,0.1,1.0,20.0,10 V,1.0,False,1
128.0477,0.011099999999999988,0.0001,2.1707788,195565.65765765784,212490.0,0.021249,nan,nan,nan,nan,0.1,1.0,20.0,10 V,1.0,False,1
128.0900,0.010799999999999988,0.0001,2.1164135,195964.21296296318,212710.0,0.021271,nan,nan,nan,nan,0.1,1.0,20.0,10 V,1.0,False,1
128.1324,0.010499999999999989,0.0001,2.0612011,196304.86666666684,213150.0,0.021315,nan,nan,nan,nan,0.1,1.0,20.0,10 V,1.0,False,1
128.1751,0.010199999999999989,0.0001,2.0063188,196697.92156862764,212819.99999999997,0.021282,nan,nan,nan,nan,0.1,1.0,20.0,10 V,1.0,False,1
128.2174,0.009899999999999989,0.0001,1.9512933,197100.33333333355,212710.0,0.021271,nan,nan,nan,nan,0.1,1.0,20.0,10 V,1.0,False,1
128.2597,0.009599999999999989,0.0001,1.8953441,197431.67708333355,213039.99999999997,0.021304,nan,nan,nan,nan,0.1,1.0,20.0,10 V,1.0,False,1
128.3021,0.009299999999999989,0.0001,1.8402089,197871.924731183,212379.99999999997,0.021238,nan,nan,nan,nan,0.1,1.0,20.0,10 V,1.0,False,1
128.3445,0.008999999999999989,0.0001,1.7846887,198298.7444444447,213039.99999999997,0.021304,nan,nan,nan,nan,0.1,1.0,20.0,10 V,1.0,False,1
128.3868,0.008699999999999989,0.0001,1.7285303,198681.64367816117,212600.0,0.02126,nan,nan,nan,nan,0.1,1.0,20.0,10 V,1.0,False,1
128.4292,0.008399999999999989,0.0001,1.672405,199095.83333333358,212929.99999999997,0.021293,nan,nan,nan,nan,0.1,1.0,20.0,10 V,1.0,False,1
128.4716,0.00809999999999999,0.0001,1.6161149,199520.35802469164,212490.0,0.021249,nan,nan,nan,nan,0.1,1.0,20.0,10 V,1.0,False,1
128.5139,0.007799999999999989,0.0001,1.5596047,199949.32051282076,212490.0,0.021249,nan,nan,nan,nan,0.1,1.0,20.0,10 V,1.0,False,1
128.5562,0.007499999999999989,0.0001,1.5027977,200373.02666666693,212600.0,0.02126,nan,nan,nan,nan,0.1,1.0,20.0,10 V,1.0,False,1
128.5986,0.007199999999999989,0.0001,1.4457596,200799.94444444473,212269.99999999997,0.021227,nan,nan,nan,nan,0.1,1.0,20.0,10 V,1.0,False,1
128.6410,0.0068999999999999895,0.0001,1.3881827,201185.89855072493,212379.99999999997,0.021238,nan,nan,nan,nan,0.1,1.0,20.0,10 V,1.0,False,1
128.6834,0.0065999999999999896,0.0001,1.3308805,201648.56060606093,212159.99999999997,0.021216,nan,nan,nan,nan,0.1,1.0,20.0,10 V,1.0,False,1
128.7257,0.00629999999999999,0.0001,1.2730616,202073.26984127017,212600.0,0.02126,nan,nan,nan,nan,0.1,1.0,20.0,10 V,1.0,False,1
128.7681,0.00599999999999999,0.0001,1.2150335,202505.5833333337,212159.99999999997,0.021216,nan,nan,nan,nan,0.1,1.0,20.0,10 V,1.0,False,1
128.8105,0.00569999999999999,0.0001,1.1566207,202915.9122807021,212379.99999999997,0.021238,nan,nan,nan,nan,0.1,1.0,20.0,10 V,1.0,False,1
128.8528,0.00539999999999999,0.0001,1.0982299,203375.9074074078,212269.99999999997,0.021227,nan,nan,nan,nan,0.1,1.0,20.0,10 V,1.0,False,1
128.8952,0.00509999999999999,0.0001,1.0395749,203838.21568627493,212269.99999999997,0.021227,nan,nan,nan,nan,0.1,1.0,20.0,10 V,1.0,False,1
128.9376,0.00479999999999999,0.0001,0.9804912,204269.0000000004,212050.0,0.021205,nan,nan,nan,nan,0.1,1.0,20.0,10 V,1.0,False,1
128.9800,0.00449999999999999,0.0001,0.9210995,204688.77777777822,212050.0,0.021205,nan,nan,nan,nan,0.1,1.0,20.0,10 V,1.0,False,1
129.0223,0.00419999999999999,0.0001,0.8615979,205142.35714285763,212050.0,0.021205,nan,nan,nan,nan,0.1,1.0,20.0,10 V,1.0,False,1
129.0648,0.0038999999999999903,0.0001,0.802052,205654.35897435946,212490.0,0.021249,nan,nan,nan,nan,0.1,1.0,20.0,10 V,1.0,False,1
129.1072,0.0035999999999999904,0.0001,0.7419455,206095.97222222277,211940.0,0.021194,nan,nan,nan,nan,0.1,1.0,20.0,10 V,1.0,False,1
129.1497,0.0032999999999999904,0.0001,0.68152,206521.21212121274,211830.0,0.021183,nan,nan,nan,nan,0.1,1.0,20.0,10 V,1.0,False,1
129.1921,0.0029999999999999905,0.0001,0.6210721,207024.03333333397,212159.99999999997,0.021216,nan,nan,nan,nan,0.1,1.0,20.0,10 V,1.0,False,1
129.2345,0.0026999999999999906,0.0001,0.5602947,207516.5555555563,211940.0,0.021194,nan,nan,nan,nan,0.1,1.0,20.0,10 V,1.0,False,1
129.2769,0.0023999999999999907,0.0001,0.4988243,207843.45833333416,212050.0,0.021205,nan,nan,nan,nan,0.1,1.0,20.0,10 V,1.0,False,1
129.3193,0.0020999999999999908,0.0001,0.4375189,208342.33333333422,211609.99999999997,0.021161,nan,nan,nan,nan,0.1,1.0,20.0,10 V,1.0,False,1
129.3617,0.0017999999999999908,0.0001,0.3757844,208769.1111111122,211830.0,0.021183,nan,nan,nan,nan,0.1,1.0,20.0,10 V,1.0,False,1
129.4041,0.001499999999999991,0.0001,0.3136871,209124.7333333346,211609.99999999997,0.021161,nan,nan,nan,nan,0.1,1.0,20.0,10 V,1.0,False,1
129.4464,0.001199999999999991,0.0001,0.2513479,209456.58333333491,211609.99999999997,0.021161,nan,nan,nan,nan,0.1,1.0,20.0,10 V,1.0,False,1
129.4886,0.0008999999999999911,0.0001,0.1887225,209691.66666666872,211280.0,0.021128,nan,nan,nan,nan,0.1,1.0,20.0,10 V,1.0,False,1
129.5310,0.0005999999999999912,0.0001,0.1261083,210180.50000000309,211390.0,0.021139,nan,nan,nan,nan,0.1,1.0,20.0,10 V,1.0,False,1
129.5734,0.0002999999999999912,0.0001,0.0630651,210217.00000000617,211499.99999999997,0.02115,nan,nan,nan,nan,0.1,1.0,20.0,10 V,1.0,False,1
129.6158,-1e-05,0.0001,-0.0018697,186970.0,211390.0,0.021139,nan,nan,nan,nan,0.1,1.0,20.0,10 V,1.0,False,1
129.6582,-0.00031,0.0001,-0.0647589,208899.67741935482,211719.99999999997,0.021172,nan,nan,nan,nan,0.1,1.0,20.0,10 V,1.0,False,1
129.7007,-0.00061,0.0001,-0.1274833,208989.0163934426,210509.99999999997,0.021051,nan,nan,nan,nan,0.1,1.0,20.0,10 V,1.0,False,1
129.7431,-0.00091,0.0001,-0.1899545,208741.2087912088,210620.0,0.021062,nan,nan,nan,nan,0.1,1.0,20.0,10 V,1.0,False,1
129.7855,-0.00121,0.0001,-0.252063,208316.52892561984,211609.99999999997,0.021161,nan,nan,nan,nan,0.1,1.0,20.0,10 V,1.0,False,1
129.8278,-0.0015099999999999998,0.0001,-0.3139623,207922.0529801325,210949.99999999997,0.021095,nan,nan,nan,nan,0.1,1.0,20.0,10 V,1.0,False,1
129.8702,-0.0018099999999999998,0.0001,-0.3752677,207330.22099447515,210730.0,0.021073,nan,nan,nan,nan,0.1,1.0,20.0,10 V,1.0,False,1
129.9127,-0.00211,0.0001,-0.4365733,206906.77725118483,211059.99999999997,0.021106,nan,nan,nan,nan,0.1,1.0,20.0,10 V,1.0,False,1
129.9552,-0.00241,0.0001,-0.4973947,206387.84232365148,211169.99999999997,0.021117,nan,nan,nan,nan,0.1,1.0,20.0,10 V,1.0,False,1
129.9977,-0.0027099999999999997,0.0001,-0.5580732,205931.07011070114,210949.99999999997,0.021095,nan,nan,nan,nan,0.1,1.0,20.0,10 V,1.0,False,1
130.0401,-0.0030099999999999997,0.0001,-0.6184547,205466.67774086382,210839.99999999997,0.021084,nan,nan,nan,nan,0.1,1.0,20.0,10 V,1.0,False,1
130.0826,-0.0033099999999999996,0.0001,-0.6786494,205030.03021148036,210620.0,0.021062,nan,nan,nan,nan,0.1,1.0,20.0,10 V,1.0,False,1
130.1250,-0.0036099999999999995,0.0001,-0.7388109,204656.75900277012,210620.0,0.021062,nan,nan,nan,nan,0.1,1.0,20.0,10 V,1.0,False,1
130.1674,-0.003909999999999999,0.0001,-0.7984555,204208.56777493606,210289.99999999997,0.021029,nan,nan,nan,nan,0.1,1.0,20.0,10 V,1.0,False,1
130.2099,-0.004209999999999999,0.0001,-0.8579354,203785.1306413302,210070.0,0.021007,nan,nan,nan,nan,0.1,1.0,20.0,10 V,1.0,False,1
130.2523,-0.004509999999999999,0.0001,-0.917283,203388.6917960089,210509.99999999997,0.021051,nan,nan,nan,nan,0.1,1.0,20.0,10 V,1.0,False,1
130.2947,-0.004809999999999999,0.0001,-0.9768176,203080.5821205821,210179.99999999997,0.021018,nan,nan,nan,nan,0.1,1.0,20.0,10 V,1.0,False,1
130.3371,-0.005109999999999999,0.0001,-1.0357143,202683.81604696676,210289.99999999997,0.021029,nan,nan,nan,nan,0.1,1.0,20.0,10 V,1.0,False,1
130.3795,-0.005409999999999999,0.0001,-1.0945892,202327.02402957488,210620.0,0.021062,nan,nan,nan,nan,0.1,1.0,20.0,10 V,1.0,False,1
130.4219,-0.005709999999999999,0.0001,-1.1535299,202019.24693520146,209190.99999999997,0.0209191,nan,nan,nan,nan,0.1,1.0,20.0,10 V,1.0,False,1
130.4644,-0.006009999999999999,0.0001,-1.2117228,201617.77038269554,210070.0,0.021007,nan,nan,nan,nan,0.1,1.0,20.0,10 V,1.0,False,1
130.5068,-0.006309999999999999,0.0001,-1.2704216,201334.6434231379,209521.0,0.0209521,nan,nan,nan,nan,0.1,1.0,20.0,10 V,1.0,False,1
130.5493,-0.006609999999999999,0.0001,-1.3285594,200992.3449319214,209411.0,0.0209411,nan,nan,nan,nan,0.1,1.0,20.0,10 V,1.0,False,1
130.5918,-0.006909999999999999,0.0001,-1.3865545,200659.11722141824,209960.99999999997,0.0209961,nan,nan,nan,nan,0.1,1.0,20.0,10 V,1.0,False,1
130.6342,-0.0072099999999999985,0.0001,-1.4447033,200374.9375866852,209190.99999999997,0.0209191,nan,nan,nan,nan,0.1,1.0,20.0,10 V,1.0,False,1
130.6766,-0.0075099999999999984,0.0001,-1.5027641,200101.74434087888,209521.0,0.0209521,nan,nan,nan,nan,0.1,1.0,20.0,10 V,1.0,False,1
130.7188,-0.007809999999999998,0.0001,-1.5598571,199725.62099871965,209630.99999999997,0.0209631,nan,nan,nan,nan,0.1,1.0,20.0,10 V,1.0,False,1
130.7613,-0.00811,0.0001,-1.6182261,199534.6609124538,209740.99999999997,0.0209741,nan,nan,nan,nan,0.1,1.0,20.0,10 V,1.0,False,1
130.8037,-0.008409999999999999,0.0001,-1.6753299,199206.88466111774,209630.99999999997,0.0209631,nan,nan,nan,nan,0.1,1.0,20.0,10 V,1.0,False,1
130.8462,-0.008709999999999999,0.0001,-1.7331708,198986.31458094146,209630.99999999997,0.0209631,nan,nan,nan,nan,0.1,1.0,20.0,10 V,1.0,False,1
130.8886,-0.009009999999999999,0.0001,-1.7902639,198697.43618202003,209190.99999999997,0.0209191,nan,nan,nan,nan,0.1,1.0,20.0,10 V,1.0,False,1
130.9311,-0.009309999999999999,0.0001,-1.8479838,198494.50053705694,209521.0,0.0209521,nan,nan,nan,nan,0.1,1.0,20.0,10 V,1.0,False,1
130.9736,-0.009609999999999999,0.0001,-1.9045928,198188.63683662855,209411.0,0.0209411,nan,nan,nan,nan,0.1,1.0,20.0,10 V,1.0,False,1
131.0161,-0.009909999999999999,0.0001,-1.9636435,198147.6791120081,209411.0,0.0209411,nan,nan,nan,nan,0.1,1.0,20.0,10 V,1.0,False,1
131.0585,-0.010209999999999999,0.0001,-2.0209897,197942.18413320277,210179.99999999997,0.021018,nan,nan,nan,nan,0.1,1.0,20.0,10 V,1.0,False,1
131.1008,-0.010509999999999999,0.0001,-2.0790505,197816.4129400571,209300.99999999997,0.0209301,nan,nan,nan,nan,0.1,1.0,20.0,10 V,1.0,False,1
131.1433,-0.010809999999999998,0.0001,-2.1374852,197732.21091581872,209630.99999999997,0.0209631,nan,nan,nan,nan,0.1,1.0,20.0,10 V,1.0,False,1
131.1857,-0.011109999999999998,0.0001,-2.1949191,197562.47524752477,209960.99999999997,0.0209961,nan,nan,nan,nan,0.1,1.0,20.0,10 V,1.0,False,1
131.2282,-0.011409999999999998,0.0001,-2.2541019,197554.94303242772,209740.99999999997,0.0209741,nan,nan,nan,nan,0.1,1.0,20.0,10 V,1.0,False,1
131.2705,-0.011709999999999998,0.0001,-2.3124376,197475.4568744663,209850.99999999997,0.0209851,nan,nan,nan,nan,0.1,1.0,20.0,10 V,1.0,False,1
131.3130,-0.012009999999999998,0.0001,-2.3719173,197495.19567027478,210179.99999999997,0.021018,nan,nan,nan,nan,0.1,1.0,20.0,10 V,1.0,False,1
131.3555,-0.012309999999999998,0.0001,-2.4309789,197480.00812347687,211719.99999999997,0.021172,nan,nan,nan,nan,0.1,1.0,20.0,10 V,1.0,False,1
131.3978,-0.012609999999999998,0.0001,-2.4901725,197476.0111022998,209850.99999999997,0.0209851,nan,nan,nan,nan,0.1,1.0,20.0,10 V,1.0,False,1
131.4403,-0.012909999999999998,0.0001,-2.5495754,197488.41208365612,210620.0,0.021062,nan,nan,nan,nan,0.1,1.0,20.0,10 V,1.0,False,1
131.4827,-0.013209999999999998,0.0001,-2.609407,197532.7024981075,210730.0,0.021073,nan,nan,nan,nan,0.1,1.0,20.0,10 V,1.0,False,1
131.5251,-0.013509999999999998,0.0001,-2.6694255,197588.86010362697,211169.99999999997,0.021117,nan,nan,nan,nan,0.1,1.0,20.0,10 V,1.0,False,1
131.5676,-0.013809999999999998,0.0001,-2.7308299,197742.9326574946,211059.99999999997,0.021106,nan,nan,nan,nan,0.1,1.0,20.0,10 V,1.0,False,1
131.6100,-0.014,0.0001,-2.7714912,197963.65714285712,211280.0,0.021128,nan,nan,nan,nan,0.1,1.0,20.0,10 V,1.0,False,1
131.6524,-0.0137,0.0001,-2.7220642,198690.81751824816,210949.99999999997,0.021095,nan,nan,nan,nan,0.1,1.0,20.0,10 V,1.0,False,1
131.6948,-0.0134,0.0001,-2.6707453,199309.35074626867,211830.0,0.021183,nan,nan,nan,nan,0.1,1.0,20.0,10 V,1.0,False,1
131.7372,-0.0131,0.0001,-2.6181617,199859.67175572517,211719.99999999997,0.021172,nan,nan,nan,nan,0.1,1.0,20.0,10 V,1.0,False,1
131.7796,-0.0128,0.0001,-2.5658311,200455.55468749997,211280.0,0.021128,nan,nan,nan,nan,0.1,1.0,20.0,10 V,1.0,False,1
131.8220,-0.0125,0.0001,-2.5123016,200984.12799999997,212600.0,0.02126,nan,nan,nan,nan,0.1,1.0,20.0,10 V,1.0,False,1
131.8644,-0.0122,0.0001,-2.458519,201517.95081967209,212710.0,0.021271,nan,nan,nan,nan,0.1,1.0,20.0,10 V,1.0,False,1
131.9067,-0.0119,0.0001,-2.4038348,202002.92436974787,212819.99999999997,0.021282,nan,nan,nan,nan,0.1,1.0,20.0,10 V,1.0,False,1
131.9490,-0.011600000000000001,0.0001,-2.3487325,202476.9396551724,212600.0,0.02126,nan,nan,nan,nan,0.1,1.0,20.0,10 V,1.0,False,1
131.9914,-0.011300000000000001,0.0001,-2.2931134,202930.38938053095,213920.0,0.021392,nan,nan,nan,nan,0.1,1.0,20.0,10 V,1.0,False,1
132.0339,-0.011000000000000001,0.0001,-2.2370213,203365.5727272727,213589.99999999997,0.021359,nan,nan,nan,nan,0.1,1.0,20.0,10 V,1.0,False,1
132.0763,-0.010700000000000001,0.0001,-2.1808191,203814.8691588785,213260.0,0.021326,nan,nan,nan,nan,0.1,1.0,20.0,10 V,1.0,False,1
132.1187,-0.010400000000000001,0.0001,-2.1239351,204224.52884615381,213920.0,0.021392,nan,nan,nan,nan,0.1,1.0,20.0,10 V,1.0,False,1
132.1612,-0.010100000000000001,0.0001,-2.0665783,204611.7128712871,213699.99999999997,0.02137,nan,nan,nan,nan,0.1,1.0,20.0,10 V,1.0,False,1
132.2036,-0.009800000000000001,0.0001,-2.0096503,205066.35714285713,213920.0,0.021392,nan,nan,nan,nan,0.1,1.0,20.0,10 V,1.0,False,1
132.2461,-0.009500000000000001,0.0001,-1.9517432,205446.65263157888,214139.99999999997,0.021414,nan,nan,nan,nan,0.1,1.0,20.0,10 V,1.0,False,1
132.2885,-0.009200000000000002,0.0001,-1.8940013,205869.7065217391,214909.99999999997,0.021491,nan,nan,nan,nan,0.1,1.0,20.0,10 V,1.0,False,1
132.3309,-0.008900000000000002,0.0001,-1.8361384,206307.6853932584,214689.99999999997,0.021469,nan,nan,nan,nan,0.1,1.0,20.0,10 V,1.0,False,1
132.3734,-0.008600000000000002,0.0001,-1.7772307,206654.73255813948,215019.99999999997,0.021502,nan,nan,nan,nan,0.1,1.0,20.0,10 V,1.0,False,1
132.4159,-0.008300000000000002,0.0001,-1.7188948,207095.75903614453,215240.0,0.021524,nan,nan,nan,nan,0.1,1.0,20.0,10 V,1.0,False,1
132.4583,-0.008000000000000002,0.0001,-1.6599872,207498.39999999997,215459.99999999997,0.021546,nan,nan,nan,nan,0.1,1.0,20.0,10 V,1.0,False,1
132.5007,-0.007700000000000002,0.0001,-1.6006945,207882.4025974025,214909.99999999997,0.021491,nan,nan,nan,nan,0.1,1.0,20.0,10 V,1.0,False,1
132.5431,-0.007400000000000002,0.0001,-1.5408627,208224.6891891891,214909.99999999997,0.021491,nan,nan,nan,nan,0.1,1.0,20.0,10 V,1.0,False,1
132.5854,-0.007100000000000002,0.0001,-1.4807012,208549.46478873232,215240.0,0.021524,nan,nan,nan,nan,0.1,1.0,20.0,10 V,1.0,False,1
132.6279,-0.006800000000000002,0.0001,-1.4211226,208988.61764705874,215459.99999999997,0.021546,nan,nan,nan,nan,0.1,1.0,20.0,10 V,1.0,False,1
132.6704,-0.006500000000000002,0.0001,-1.3610271,209388.78461538456,215679.99999999997,0.021568,nan,nan,nan,nan,0.1,1.0,20.0,10 V,1.0,False,1
132.7128,-0.006200000000000002,0.0001,-1.3007444,209797.48387096764,215130.0,0.021513,nan,nan,nan,nan,0.1,1.0,20.0,10 V,1.0,False,1
132.7552,-0.0059000000000000025,0.0001,-1.2401428,210193.69491525416,215790.0,0.021579,nan,nan,nan,nan,0.1,1.0,20.0,10 V,1.0,False,1
132.7978,-0.0056000000000000025,0.0001,-1.1790244,210540.07142857136,215569.99999999997,0.021557,nan,nan,nan,nan,0.1,1.0,20.0,10 V,1.0,False,1
132.8402,-0.005300000000000003,0.0001,-1.1185439,211046.0188679244,215790.0,0.021579,nan,nan,nan,nan,0.1,1.0,20.0,10 V,1.0,False,1
132.8827,-0.005000000000000003,0.0001,-1.0566995,211339.89999999985,216119.99999999997,0.021612,nan,nan,nan,nan,0.1,1.0,20.0,10 V,1.0,False,1
132.9252,-0.004700000000000003,0.0001,-0.9957459,211860.82978723387,216119.99999999997,0.021612,nan,nan,nan,nan,0.1,1.0,20.0,10 V,1.0,False,1
132.9676,-0.004400000000000003,0.0001,-0.9341657,212310.38636363624,216009.99999999997,0.021601,nan,nan,nan,nan,0.1,1.0,20.0,10 V,1.0,False,1
133.0101,-0.004100000000000003,0.0001,-0.8722334,212739.85365853645,216229.99999999997,0.021623,nan,nan,nan,nan,0.1,1.0,20.0,10 V,1.0,False,1
133.0526,-0.003800000000000003,0.0001,-0.8098829,213127.07894736825,216119.99999999997,0.021612,nan,nan,nan,nan,0.1,1.0,20.0,10 V,1.0,False,1
133.0950,-0.003500000000000003,0.0001,-0.7473017,213514.7714285712,216669.99999999997,0.021667,nan,nan,nan,nan,0.1,1.0,20.0,10 V,1.0,False,1
133.1374,-0.003200000000000003,0.0001,-0.6847205,213975.15624999977,216450.0,0.021645,nan,nan,nan,nan,0.1,1.0,20.0,10 V,1.0,False,1
133.1799,-0.0029000000000000033,0.0001,-0.6219632,214470.068965517,216119.99999999997,0.021612,nan,nan,nan,nan,0.1,1.0,20.0,10 V,1.0,False,1
133.2224,-0.0026000000000000034,0.0001,-0.5587771,214914.26923076896,217109.0,0.0217109,nan,nan,nan,nan,0.1,1.0,20.0,10 V,1.0,False,1
133.2648,-0.0023000000000000034,0.0001,-0.495492,215431.30434782576,217328.99999999997,0.0217329,nan,nan,nan,nan,0.1,1.0,20.0,10 V,1.0,False,1
133.3072,-0.0020000000000000035,0.0001,-0.4318439,215921.9499999996,217218.99999999997,0.0217219,nan,nan,nan,nan,0.1,1.0,20.0,10 V,1.0,False,1
133.3496,-0.0017000000000000036,0.0001,-0.3678767,216398.05882352896,217328.99999999997,0.0217329,nan,nan,nan,nan,0.1,1.0,20.0,10 V,1.0,False,1
133.3920,-0.0014000000000000037,0.0001,-0.3036897,216921.2142857137,217438.99999999997,0.0217439,nan,nan,nan,nan,0.1,1.0,20.0,10 V,1.0,False,1
133.4343,-0.0011000000000000038,0.0001,-0.2389968,217269.81818181742,217218.99999999997,0.0217219,nan,nan,nan,nan,0.1,1.0,20.0,10 V,1.0,False,1
133.4768,-0.0008000000000000038,0.0001,-0.1742707,217838.37499999895,217659.0,0.0217659,nan,nan,nan,nan,0.1,1.0,20.0,10 V,1.0,False,1
133.5193,-0.0005000000000000039,0.0001,-0.1090609,218121.7999999983,217878.99999999997,0.0217879,nan,nan,nan,nan,0.1,1.0,20.0,10 V,1.0,False,1
133.5618,-0.00020000000000000394,0.0001,-0.0437079,218539.4999999957,217878.99999999997,0.0217879,nan,nan,nan,nan,0.1,1.0,20.0,10 V,1.0,False,1
133.6042,9.999999999999603e-05,0.0001,0.0217329,217329.00000000861,217109.0,0.0217109,nan,nan,nan,nan,0.1,1.0,20.0,10 V,1.0,False,1
133.6465,0.000399999999999996,0.0001,0.0872947,218236.75000000218,218319.0,0.0218319,nan,nan,nan,nan,0.1,1.0,20.0,10 V,1.0,False,1
133.6889,0.000699999999999996,0.0001,0.1527465,218209.285714287,217988.99999999997,0.0217989,nan,nan,nan,nan,0.1,1.0,20.0,10 V,1.0,False,1
133.7313,0.000999999999999996,0.0001,0.2178576,217857.6000000009,218098.99999999997,0.0218099,nan,nan,nan,nan,0.1,1.0,20.0,10 V,1.0,False,1
133.7737,0.0012999999999999958,0.0001,0.2829245,217634.23076923148,217988.99999999997,0.0217989,nan,nan,nan,nan,0.1,1.0,20.0,10 V,1.0,False,1
133.8160,0.0015999999999999957,0.0001,0.3477053,217315.81250000058,218319.0,0.0218319,nan,nan,nan,nan,0.1,1.0,20.0,10 V,1.0,False,1
133.8584,0.0018999999999999957,0.0001,0.4122773,216988.05263157943,218209.0,0.0218209,nan,nan,nan,nan,0.1,1.0,20.0,10 V,1.0,False,1
133.9008,0.002199999999999996,0.0001,0.4762335,216469.7727272731,218758.99999999997,0.0218759,nan,nan,nan,nan,0.1,1.0,20.0,10 V,1.0,False,1
133.9432,0.0024999999999999957,0.0001,0.5403325,216133.00000000035,219198.99999999997,0.0219199,nan,nan,nan,nan,0.1,1.0,20.0,10 V,1.0,False,1
133.9857,0.0027999999999999956,0.0001,0.6039805,215707.32142857177,217878.99999999997,0.0217879,nan,nan,nan,nan,0.1,1.0,20.0,10 V,1.0,False,1
134.0280,0.0030999999999999956,0.0001,0.667145,215208.06451612932,218758.99999999997,0.0218759,nan,nan,nan,nan,0.1,1.0,20.0,10 V,1.0,False,1
134.0704,0.0033999999999999955,0.0001,0.7300341,214715.91176470616,218319.0,0.0218319,nan,nan,nan,nan,0.1,1.0,20.0,10 V,1.0,False,1
134.1128,0.0036999999999999954,0.0001,0.7927363,214253.05405405432,217659.0,0.0217659,nan,nan,nan,nan,0.1,1.0,20.0,10 V,1.0,False,1
134.1552,0.003999999999999996,0.0001,0.8553727,213843.17500000022,218648.99999999997,0.0218649,nan,nan,nan,nan,0.1,1.0,20.0,10 V,1.0,False,1
134.1977,0.004299999999999996,0.0001,0.917338,213334.41860465135,218648.99999999997,0.0218649,nan,nan,nan,nan,0.1,1.0,20.0,10 V,1.0,False,1
134.2401,0.004599999999999996,0.0001,0.9791384,212856.17391304366,218319.0,0.0218319,nan,nan,nan,nan,0.1,1.0,20.0,10 V,1.0,False,1
134.2825,0.0048999999999999955,0.0001,1.0406198,212371.38775510225,218758.99999999997,0.0218759,nan,nan,nan,nan,0.1,1.0,20.0,10 V,1.0,False,1
134.3248,0.005199999999999995,0.0001,1.1024203,212003.903846154,218758.99999999997,0.0218759,nan,nan,nan,nan,0.1,1.0,20.0,10 V,1.0,False,1
134.3671,0.005499999999999995,0.0001,1.1634617,211538.49090909108,219198.99999999997,0.0219199,nan,nan,nan,nan,0.1,1.0,20.0,10 V,1.0,False,1
134.4095,0.005799999999999995,0.0001,1.2244482,211111.75862068986,219418.99999999997,0.0219419,nan,nan,nan,nan,0.1,1.0,20.0,10 V,1.0,False,1
134.4518,0.006099999999999995,0.0001,1.284522,210577.3770491805,219088.99999999997,0.0219089,nan,nan,nan,nan,0.1,1.0,20.0,10 V,1.0,False,1
134.4942,0.006399999999999995,0.0001,1.3449255,210144.60937500015,218869.0,0.0218869,nan,nan,nan,nan,0.1,1.0,20.0,10 V,1.0,False,1
134.5367,0.006699999999999995,0.0001,1.4043944,209611.10447761207,219308.99999999997,0.0219309,nan,nan,nan,nan,0.1,1.0,20.0,10 V,1.0,False,1
134.5791,0.006999999999999995,0.0001,1.464292,209184.57142857157,219418.99999999997,0.0219419,nan,nan,nan,nan,0.1,1.0,20.0,10 V,1.0,False,1
134.6215,0.007299999999999995,0.0001,1.5239257,208756.94520547957,219418.99999999997,0.0219419,nan,nan,nan,nan,0.1,1.0,20.0,10 V,1.0,False,1
134.6640,0.007599999999999995,0.0001,1.5833725,208338.4868421054,219748.99999999997,0.0219749,nan,nan,nan,nan,0.1,1.0,20.0,10 V,1.0,False,1
134.7064,0.007899999999999996,0.0001,1.6421043,207861.30379746846,219639.0,0.0219639,nan,nan,nan,nan,0.1,1.0,20.0,10 V,1.0,False,1
134.7489,0.008199999999999995,0.0001,1.7010011,207439.15853658548,219639.0,0.0219639,nan,nan,nan,nan,0.1,1.0,20.0,10 V,1.0,False,1
134.7913,0.008499999999999995,0.0001,1.758919,206931.64705882364,219418.99999999997,0.0219419,nan,nan,nan,nan,0.1,1.0,20.0,10 V,1.0,False,1
134.8337,0.008799999999999995,0.0001,1.8170021,206477.51136363647,219639.0,0.0219639,nan,nan,nan,nan,0.1,1.0,20.0,10 V,1.0,False,1
134.8761,0.009099999999999995,0.0001,1.874887,206031.53846153856,219858.99999999997,0.0219859,nan,nan,nan,nan,0.1,1.0,20.0,10 V,1.0,False,1
134.9184,0.009399999999999995,0.0001,1.9323979,205574.24468085117,220959.0,0.0220959,nan,nan,nan,nan,0.1,1.0,20.0,10 V,1.0,False,1
134.9396,0.009399999999999995,0.0001,1.9323979,205574.24468085117,218758.99999999997,0.0218759,nan,nan,nan,nan,0.1,1.0,20.0,10 V,1.0,False,1
134.9608,0.009399999999999995,0.0001,1.9323979,205574.24468085117,217768.99999999997,0.0217769,nan,nan,nan,nan,0.1,1.0,20.0,10 V,1.0,False,1
134.9821,0.009399999999999995,0.0001,1.9323979,205574.24468085117,217549.0,0.0217549,nan,nan,nan,nan,0.1,1.0,20.0,10 V,1.0,False,1
135.0034,0.009399999999999995,0.0001,1.9323979,205574.24468085117,218428.99999999997,0.0218429,nan,nan,nan,nan,0.1,1.0,20.0,10 V,1.0,False,1
135.0246,0.009399999999999995,0.0001,1.9323979,205574.24468085117,218098.99999999997,0.0218099,nan,nan,nan,nan,0.1,1.0,20.0,10 V,1.0,False,1
135.0459,0.009399999999999995,0.0001,1.9323979,205574.24468085117,217438.99999999997,0.0217439,nan,nan,nan,nan,0.1,1.0,20.0,10 V,1.0,False,1
135.0671,0.009399999999999995,0.0001,1.9323979,205574.24468085117,218319.0,0.0218319,nan,nan,nan,nan,0.1,1.0,20.0,10 V,1.0,False,1
135.0883,0.009399999999999995,0.0001,1.9323979,205574.24468085117,217988.99999999997,0.0217989,nan,nan,nan,nan,0.1,1.0,20.0,10 V,1.0,False,1
135.1094,0.009399999999999995,0.0001,1.9323979,205574.24468085117,217878.99999999997,0.0217879,nan,nan,nan,nan,0.1,1.0,20.0,10 V,1.0,False,1
135.1307,0.009399999999999995,0.0001,1.9323979,205574.24468085117,217549.0,0.0217549,nan,nan,nan,nan,0.1,1.0,20.0,10 V,1.0,False,1
135.1520,0.009399999999999995,0.0001,1.9323979,205574.24468085117,218319.0,0.0218319,nan,nan,nan,nan,0.1,1.0,20.0,10 V,1.0,False,1
135.1733,0.009399999999999995,0.0001,1.9323979,205574.24468085117,218538.99999999997,0.0218539,nan,nan,nan,nan,0.1,1.0,20.0,10 V,1.0,False,1
135.1946,0.009399999999999995,0.0001,1.9323979,205574.24468085117,218209.0,0.0218209,nan,nan,nan,nan,0.1,1.0,20.0,10 V,1.0,False,1
135.2158,0.009399999999999995,0.0001,1.9323979,205574.24468085117,218319.0,0.0218319,nan,nan,nan,nan,0.1,1.0,20.0,10 V,1.0,False,1
135.2371,0.009399999999999995,0.0001,1.9323979,205574.24468085117,218098.99999999997,0.0218099,nan,nan,nan,nan,0.1,1.0,20.0,10 V,1.0,False,1
135.2584,0.009399999999999995,0.0001,1.9323979,205574.24468085117,217878.99999999997,0.0217879,nan,nan,nan,nan,0.1,1.0,20.0,10 V,1.0,False,1
135.2796,0.009399999999999995,0.0001,1.9323979,205574.24468085117,217988.99999999997,0.0217989,nan,nan,nan,nan,0.1,1.0,20.0,10 V,1.0,False,1
135.3008,0.009399999999999995,0.0001,1.9323979,205574.24468085117,218319.0,0.0218319,nan,nan,nan,nan,0.1,1.0,20.0,10 V,1.0,False,1
135.3220,0.009399999999999995,0.0001,1.9323979,205574.24468085117,217328.99999999997,0.0217329,nan,nan,nan,nan,0.1,1.0,20.0,10 V,1.0,False,1
135.3433,0.009399999999999995,0.0001,1.9323979,205574.24468085117,217878.99999999997,0.0217879,nan,nan,nan,nan,0.1,1.0,20.0,10 V,1.0,False,1
135.3645,0.009399999999999995,0.0001,1.9323979,205574.24468085117,217768.99999999997,0.0217769,nan,nan,nan,nan,0.1,1.0,20.0,10 V,1.0,False,1
135.3857,0.009399999999999995,0.0001,1.9323979,205574.24468085117,217659.0,0.0217659,nan,nan,nan,nan,0.1,1.0,20.0,10 V,1.0,False,1
135.4069,0.009399999999999995,0.0001,1.9323979,205574.24468085117,218319.0,0.0218319,nan,nan,nan,nan,0.1,1.0,20.0,10 V,1.0,False,1
135.4282,0.009399999999999995,0.0001,1.9323979,205574.24468085117,217988.99999999997,0.0217989,nan,nan,nan,nan,0.1,1.0,20.0,10 V,1.0,False,1
135.4494,0.009399999999999995,0.0001,1.9323979,205574.24468085117,218098.99999999997,0.0218099,nan,nan,nan,nan,0.1,1.0,20.0,10 V,1.0,False,1
135.4705,0.009399999999999995,0.0001,1.9323979,205574.24468085117,217659.0,0.0217659,nan,nan,nan,nan,0.1,1.0,20.0,10 V,1.0,False,1
135.4917,0.009399999999999995,0.0001,1.9323979,205574.24468085117,218098.99999999997,0.0218099,nan,nan,nan,nan,0.1,1.0,20.0,10 V,1.0,False,1
135.5129,0.009399999999999995,0.0001,1.9323979,205574.24468085117,218538.99999999997,0.0218539,nan,nan,nan,nan,0.1,1.0,20.0,10 V,1.0,False,1
135.5340,0.009399999999999995,0.0001,1.9323979,205574.24468085117,217878.99999999997,0.0217879,nan,nan,nan,nan,0.1,1.0,20.0,10 V,1.0,False,1
135.5552,0.009399999999999995,0.0001,1.9323979,205574.24468085117,217768.99999999997,0.0217769,nan,nan,nan,nan,0.1,1.0,20.0,10 V,1.0,False,1
135.5765,0.009399999999999995,0.0001,1.9323979,205574.24468085117,217878.99999999997,0.0217879,nan,nan,nan,nan,0.1,1.0,20.0,10 V,1.0,False,1
135.5977,0.009399999999999995,0.0001,1.9323979,205574.24468085117,217659.0,0.0217659,nan,nan,nan,nan,0.1,1.0,20.0,10 V,1.0,False,1
135.6190,0.009399999999999995,0.0001,1.9323979,205574.24468085117,217768.99999999997,0.0217769,nan,nan,nan,nan,0.1,1.0,20.0,10 V,1.0,False,1
135.6403,0.009399999999999995,0.0001,1.9323979,205574.24468085117,217878.99999999997,0.0217879,nan,nan,nan,nan,0.1,1.0,20.0,10 V,1.0,False,1
135.6616,0.009399999999999995,0.0001,1.9323979,205574.24468085117,217878.99999999997,0.0217879,nan,nan,nan,nan,0.1,1.0,20.0,10 V,1.0,False,1
135.6828,0.009399999999999995,0.0001,1.9323979,205574.24468085117,217878.99999999997,0.0217879,nan,nan,nan,nan,0.1,1.0,20.0,10 V,1.0,False,1
135.7041,0.009399999999999995,0.0001,1.9323979,205574.24468085117,217988.99999999997,0.0217989,nan,nan,nan,nan,0.1,1.0,20.0,10 V,1.0,False,1
135.7253,0.009399999999999995,0.0001,1.9323979,205574.24468085117,217768.99999999997,0.0217769,nan,nan,nan,nan,0.1,1.0,20.0,10 V,1.0,False,1
135.7466,0.009399999999999995,0.0001,1.9323979,205574.24468085117,217768.99999999997,0.0217769,nan,nan,nan,nan,0.1,1.0,20.0,10 V,1.0,False,1
135.7680,0.009399999999999995,0.0001,1.9323979,205574.24468085117,217438.99999999997,0.0217439,nan,nan,nan,nan,0.1,1.0,20.0,10 V,1.0,False,1
135.7892,0.009399999999999995,0.0001,1.9323979,205574.24468085117,217328.99999999997,0.0217329,nan,nan,nan,nan,0.1,1.0,20.0,10 V,1.0,False,1
135.8104,0.009399999999999995,0.0001,1.9323979,205574.24468085117,217988.99999999997,0.0217989,nan,nan,nan,nan,0.1,1.0,20.0,10 V,1.0,False,1
135.8317,0.009399999999999995,0.0001,1.9323979,205574.24468085117,217988.99999999997,0.0217989,nan,nan,nan,nan,0.1,1.0,20.0,10 V,1.0,False,1
135.8528,0.009399999999999995,0.0001,1.9323979,205574.24468085117,217988.99999999997,0.0217989,nan,nan,nan,nan,0.1,1.0,20.0,10 V,1.0,False,1
135.8740,0.009399999999999995,0.0001,1.9323979,205574.24468085117,218319.0,0.0218319,nan,nan,nan,nan,0.1,1.0,20.0,10 V,1.0,False,1
135.8953,0.009399999999999995,0.0001,1.9323979,205574.24468085117,218319.0,0.0218319,nan,nan,nan,nan,0.1,1.0,20.0,10 V,1.0,False,1
135.9165,0.009399999999999995,0.0001,1.9323979,205574.24468085117,217549.0,0.0217549,nan,nan,nan,nan,0.1,1.0,20.0,10 V,1.0,False,1
135.9377,0.009399999999999995,0.0001,1.9323979,205574.24468085117,217878.99999999997,0.0217879,nan,nan,nan,nan,0.1,1.0,20.0,10 V,1.0,False,1
135.9589,0.009399999999999995,0.0001,1.9323979,205574.24468085117,218098.99999999997,0.0218099,nan,nan,nan,nan,0.1,1.0,20.0,10 V,1.0,False,1
135.9802,0.009399999999999995,0.0001,1.9323979,205574.24468085117,217768.99999999997,0.0217769,nan,nan,nan,nan,0.1,1.0,20.0,10 V,1.0,False,1
136.0013,0.009399999999999995,0.0001,1.9323979,205574.24468085117,218319.0,0.0218319,nan,nan,nan,nan,0.1,1.0,20.0,10 V,1.0,False,1
136.0225,0.009399999999999995,0.0001,1.9323979,205574.24468085117,218098.99999999997,0.0218099,nan,nan,nan,nan,0.1,1.0,20.0,10 V,1.0,False,1
136.0438,0.009399999999999995,0.0001,1.9323979,205574.24468085117,218758.99999999997,0.0218759,nan,nan,nan,nan,0.1,1.0,20.0,10 V,1.0,False,1
136.0650,0.009399999999999995,0.0001,1.9323979,205574.24468085117,217549.0,0.0217549,nan,nan,nan,nan,0.1,1.0,20.0,10 V,1.0,False,1
136.0862,0.009399999999999995,0.0001,1.9323979,205574.24468085117,217549.0,0.0217549,nan,nan,nan,nan,0.1,1.0,20.0,10 V,1.0,False,1
136.1074,0.009399999999999995,0.0001,1.9323979,205574.24468085117,217768.99999999997,0.0217769,nan,nan,nan,nan,0.1,1.0,20.0,10 V,1.0,False,1
136.1287,0.009399999999999995,0.0001,1.9323979,205574.24468085117,217878.99999999997,0.0217879,nan,nan,nan,nan,0.1,1.0,20.0,10 V,1.0,False,1
136.1499,0.009399999999999995,0.0001,1.9323979,205574.24468085117,218209.0,0.0218209,nan,nan,nan,nan,0.1,1.0,20.0,10 V,1.0,False,1
136.1711,0.009399999999999995,0.0001,1.9323979,205574.24468085117,218098.99999999997,0.0218099,nan,nan,nan,nan,0.1,1.0,20.0,10 V,1.0,False,1
136.1923,0.009399999999999995,0.0001,1.9323979,205574.24468085117,218098.99999999997,0.0218099,nan,nan,nan,nan,0.1,1.0,20.0,10 V,1.0,False,1
136.2136,0.009399999999999995,0.0001,1.9323979,205574.24468085117,218428.99999999997,0.0218429,nan,nan,nan,nan,0.1,1.0,20.0,10 V,1.0,False,1
136.2348,0.009399999999999995,0.0001,1.9323979,205574.24468085117,218209.0,0.0218209,nan,nan,nan,nan,0.1,1.0,20.0,10 V,1.0,False,1
136.2561,0.009399999999999995,0.0001,1.9323979,205574.24468085117,218098.99999999997,0.0218099,nan,nan,nan,nan,0.1,1.0,20.0,10 V,1.0,False,1
136.2773,0.009399999999999995,0.0001,1.9323979,205574.24468085117,218098.99999999997,0.0218099,nan,nan,nan,nan,0.1,1.0,20.0,10 V,1.0,False,1
136.2984,0.009399999999999995,0.0001,1.9323979,205574.24468085117,217988.99999999997,0.0217989,nan,nan,nan,nan,0.1,1.0,20.0,10 V,1.0,False,1
136.3197,0.009399999999999995,0.0001,1.9323979,205574.24468085117,218869.0,0.0218869,nan,nan,nan,nan,0.1,1.0,20.0,10 V,1.0,False,1
136.3408,0.009399999999999995,0.0001,1.9323979,205574.24468085117,218098.99999999997,0.0218099,nan,nan,nan,nan,0.1,1.0,20.0,10 V,1.0,False,1
136.3620,0.009399999999999995,0.0001,1.9323979,205574.24468085117,218319.0,0.0218319,nan,nan,nan,nan,0.1,1.0,20.0,10 V,1.0,False,1
136.3832,0.009399999999999995,0.0001,1.9323979,205574.24468085117,218538.99999999997,0.0218539,nan,nan,nan,nan,0.1,1.0,20.0,10 V,1.0,False,1
136.4044,0.009399999999999995,0.0001,1.9323979,205574.24468085117,217659.0,0.0217659,nan,nan,nan,nan,0.1,1.0,20.0,10 V,1.0,False,1
136.4256,0.009399999999999995,0.0001,1.9323979,205574.24468085117,218209.0,0.0218209,nan,nan,nan,nan,0.1,1.0,20.0,10 V,1.0,False,1
136.4467,0.009399999999999995,0.0001,1.9323979,205574.24468085117,218209.0,0.0218209,nan,nan,nan,nan,0.1,1.0,20.0,10 V,1.0,False,1
136.4679,0.009399999999999995,0.0001,1.9323979,205574.24468085117,218319.0,0.0218319,nan,nan,nan,nan,0.1,1.0,20.0,10 V,1.0,False,1
136.4891,0.009399999999999995,0.0001,1.9323979,205574.24468085117,218209.0,0.0218209,nan,nan,nan,nan,0.1,1.0,20.0,10 V,1.0,False,1
136.5103,0.009399999999999995,0.0001,1.9323979,205574.24468085117,217988.99999999997,0.0217989,nan,nan,nan,nan,0.1,1.0,20.0,10 V,1.0,False,1
136.5315,0.009399999999999995,0.0001,1.9323979,205574.24468085117,218648.99999999997,0.0218649,nan,nan,nan,nan,0.1,1.0,20.0,10 V,1.0,False,1
136.5526,0.009399999999999995,0.0001,1.9323979,205574.24468085117,218098.99999999997,0.0218099,nan,nan,nan,nan,0.1,1.0,20.0,10 V,1.0,False,1
136.5739,0.009399999999999995,0.0001,1.9323979,205574.24468085117,218648.99999999997,0.0218649,nan,nan,nan,nan,0.1,1.0,20.0,10 V,1.0,False,1
136.5952,0.009399999999999995,0.0001,1.9323979,205574.24468085117,218538.99999999997,0.0218539,nan,nan,nan,nan,0.1,1.0,20.0,10 V,1.0,False,1
136.6164,0.009399999999999995,0.0001,1.9323979,205574.24468085117,218758.99999999997,0.0218759,nan,nan,nan,nan,0.1,1.0,20.0,10 V,1.0,False,1
136.6376,0.009399999999999995,0.0001,1.9323979,205574.24468085117,217768.99999999997,0.0217769,nan,nan,nan,nan,0.1,1.0,20.0,10 V,1.0,False,1
136.6588,0.009399999999999995,0.0001,1.9323979,205574.24468085117,217328.99999999997,0.0217329,nan,nan,nan,nan,0.1,1.0,20.0,10 V,1.0,False,1
136.6801,0.009399999999999995,0.0001,1.9323979,205574.24468085117,217988.99999999997,0.0217989,nan,nan,nan,nan,0.1,1.0,20.0,10 V,1.0,False,1
136.7013,0.009399999999999995,0.0001,1.9323979,205574.24468085117,218209.0,0.0218209,nan,nan,nan,nan,0.1,1.0,20.0,10 V,1.0,False,1
136.7224,0.009399999999999995,0.0001,1.9323979,205574.24468085117,218538.99999999997,0.0218539,nan,nan,nan,nan,0.1,1.0,20.0,10 V,1.0,False,1
136.7435,0.009399999999999995,0.0001,1.9323979,205574.24468085117,217878.99999999997,0.0217879,nan,nan,nan,nan,0.1,1.0,20.0,10 V,1.0,False,1
136.7647,0.009399999999999995,0.0001,1.9323979,205574.24468085117,217768.99999999997,0.0217769,nan,nan,nan,nan,0.1,1.0,20.0,10 V,1.0,False,1
136.7859,0.009399999999999995,0.0001,1.9323979,205574.24468085117,218538.99999999997,0.0218539,nan,nan,nan,nan,0.1,1.0,20.0,10 V,1.0,False,1
136.8071,0.009399999999999995,0.0001,1.9323979,205574.24468085117,217768.99999999997,0.0217769,nan,nan,nan,nan,0.1,1.0,20.0,10 V,1.0,False,1
136.8283,0.009399999999999995,0.0001,1.9323979,205574.24468085117,218428.99999999997,0.0218429,nan,nan,nan,nan,0.1,1.0,20.0,10 V,1.0,False,1
136.8496,0.009399999999999995,0.0001,1.9323979,205574.24468085117,218648.99999999997,0.0218649,nan,nan,nan,nan,0.1,1.0,20.0,10 V,1.0,False,1
136.8708,0.009399999999999995,0.0001,1.9323979,205574.24468085117,218209.0,0.0218209,nan,nan,nan,nan,0.1,1.0,20.0,10 V,1.0,False,1
136.8919,0.009399999999999995,0.0001,1.9323979,205574.24468085117,219308.99999999997,0.0219309,nan,nan,nan,nan,0.1,1.0,20.0,10 V,1.0,False,1
136.9131,0.009399999999999995,0.0001,1.9323979,205574.24468085117,218098.99999999997,0.0218099,nan,nan,nan,nan,0.1,1.0,20.0,10 V,1.0,False,1
136.9344,0.009399999999999995,0.0001,1.9323979,205574.24468085117,218098.99999999997,0.0218099,nan,nan,nan,nan,0.1,1.0,20.0,10 V,1.0,False,1
136.9556,0.009399999999999995,0.0001,1.9323979,205574.24468085117,218209.0,0.0218209,nan,nan,nan,nan,0.1,1.0,20.0,10 V,1.0,False,1
136.9768,0.009399999999999995,0.0001,1.9323979,205574.24468085117,218209.0,0.0218209,nan,nan,nan,nan,0.1,1.0,20.0,10 V,1.0,False,1
136.9980,0.009399999999999995,0.0001,1.9323979,205574.24468085117,218648.99999999997,0.0218649,nan,nan,nan,nan,0.1,1.0,20.0,10 V,1.0,False,1
137.0193,0.009399999999999995,0.0001,1.9323979,205574.24468085117,218538.99999999997,0.0218539,nan,nan,nan,nan,0.1,1.0,20.0,10 V,1.0,False,1
137.0404,0.009399999999999995,0.0001,1.9323979,205574.24468085117,218428.99999999997,0.0218429,nan,nan,nan,nan,0.1,1.0,20.0,10 V,1.0,False,1
137.0616,0.009399999999999995,0.0001,1.9323979,205574.24468085117,218319.0,0.0218319,nan,nan,nan,nan,0.1,1.0,20.0,10 V,1.0,False,1
137.0829,0.009399999999999995,0.0001,1.9323979,205574.24468085117,218319.0,0.0218319,nan,nan,nan,nan,0.1,1.0,20.0,10 V,1.0,False,1
137.1042,0.009399999999999995,0.0001,1.9323979,205574.24468085117,218098.99999999997,0.0218099,nan,nan,nan,nan,0.1,1.0,20.0,10 V,1.0,False,1
137.1254,0.009399999999999995,0.0001,1.9323979,205574.24468085117,218319.0,0.0218319,nan,nan,nan,nan,0.1,1.0,20.0,10 V,1.0,False,1
137.1467,0.009399999999999995,0.0001,1.9323979,205574.24468085117,218319.0,0.0218319,nan,nan,nan,nan,0.1,1.0,20.0,10 V,1.0,False,1
137.1678,0.009399999999999995,0.0001,1.9323979,205574.24468085117,218319.0,0.0218319,nan,nan,nan,nan,0.1,1.0,20.0,10 V,1.0,False,1
137.1890,0.009399999999999995,0.0001,1.9323979,205574.24468085117,218319.0,0.0218319,nan,nan,nan,nan,0.1,1.0,20.0,10 V,1.0,False,1
137.2103,0.009399999999999995,0.0001,1.9323979,205574.24468085117,218319.0,0.0218319,nan,nan,nan,nan,0.1,1.0,20.0,10 V,1.0,False,1
137.2315,0.009399999999999995,0.0001,1.9323979,205574.24468085117,218319.0,0.0218319,nan,nan,nan,nan,0.1,1.0,20.0,10 V,1.0,False,1
137.2528,0.009399999999999995,0.0001,1.9323979,205574.24468085117,218979.0,0.0218979,nan,nan,nan,nan,0.1,1.0,20.0,10 V,1.0,False,1
137.2740,0.009399999999999995,0.0001,1.9323979,205574.24468085117,219198.99999999997,0.0219199,nan,nan,nan,nan,0.1,1.0,20.0,10 V,1.0,False,1
137.2953,0.009399999999999995,0.0001,1.9323979,205574.24468085117,219639.0,0.0219639,nan,nan,nan,nan,0.1,1.0,20.0,10 V,1.0,False,1
137.3166,0.009399999999999995,0.0001,1.9323979,205574.24468085117,218319.0,0.0218319,nan,nan,nan,nan,0.1,1.0,20.0,10 V,1.0,False,1
137.3379,0.009399999999999995,0.0001,1.9323979,205574.24468085117,218869.0,0.0218869,nan,nan,nan,nan,0.1,1.0,20.0,10 V,1.0,False,1
137.3591,0.009399999999999995,0.0001,1.9323979,205574.24468085117,218428.99999999997,0.0218429,nan,nan,nan,nan,0.1,1.0,20.0,10 V,1.0,False,1
137.3804,0.009399999999999995,0.0001,1.9323979,205574.24468085117,218538.99999999997,0.0218539,nan,nan,nan,nan,0.1,1.0,20.0,10 V,1.0,False,1
137.4016,0.009399999999999995,0.0001,1.9323979,205574.24468085117,218319.0,0.0218319,nan,nan,nan,nan,0.1,1.0,20.0,10 V,1.0,False,1
137.4229,0.009399999999999995,0.0001,1.9323979,205574.24468085117,218428.99999999997,0.0218429,nan,nan,nan,nan,0.1,1.0,20.0,10 V,1.0,False,1
137.4442,0.009399999999999995,0.0001,1.9323979,205574.24468085117,218319.0,0.0218319,nan,nan,nan,nan,0.1,1.0,20.0,10 V,1.0,False,1
137.4655,0.009399999999999995,0.0001,1.9323979,205574.24468085117,218538.99999999997,0.0218539,nan,nan,nan,nan,0.1,1.0,20.0,10 V,1.0,False,1
137.4867,0.009399999999999995,0.0001,1.9323979,205574.24468085117,218979.0,0.0218979,nan,nan,nan,nan,0.1,1.0,20.0,10 V,1.0,False,1
137.5078,0.009399999999999995,0.0001,1.9323979,205574.24468085117,217988.99999999997,0.0217989,nan,nan,nan,nan,0.1,1.0,20.0,10 V,1.0,False,1
137.5291,0.009399999999999995,0.0001,1.9323979,205574.24468085117,218428.99999999997,0.0218429,nan,nan,nan,nan,0.1,1.0,20.0,10 V,1.0,False,1
137.5503,0.009399999999999995,0.0001,1.9323979,205574.24468085117,218648.99999999997,0.0218649,nan,nan,nan,nan,0.1,1.0,20.0,10 V,1.0,False,1
137.5714,0.009399999999999995,0.0001,1.9323979,205574.24468085117,218648.99999999997,0.0218649,nan,nan,nan,nan,0.1,1.0,20.0,10 V,1.0,False,1
137.5926,0.009399999999999995,0.0001,1.9323979,205574.24468085117,218098.99999999997,0.0218099,nan,nan,nan,nan,0.1,1.0,20.0,10 V,1.0,False,1
137.6138,0.009399999999999995,0.0001,1.9323979,205574.24468085117,217988.99999999997,0.0217989,nan,nan,nan,nan,0.1,1.0,20.0,10 V,1.0,False,1
137.6350,0.009399999999999995,0.0001,1.9323979,205574.24468085117,218648.99999999997,0.0218649,nan,nan,nan,nan,0.1,1.0,20.0,10 V,1.0,False,1
137.6562,0.009399999999999995,0.0001,1.9323979,205574.24468085117,219529.0,0.0219529,nan,nan,nan,nan,0.1,1.0,20.0,10 V,1.0,False,1
137.6774,0.009399999999999995,0.0001,1.9323979,205574.24468085117,218098.99999999997,0.0218099,nan,nan,nan,nan,0.1,1.0,20.0,10 V,1.0,False,1
137.6987,0.009399999999999995,0.0001,1.9323979,205574.24468085117,217768.99999999997,0.0217769,nan,nan,nan,nan,0.1,1.0,20.0,10 V,1.0,False,1
137.7199,0.009399999999999995,0.0001,1.9323979,205574.24468085117,218319.0,0.0218319,nan,nan,nan,nan,0.1,1.0,20.0,10 V,1.0,False,1
137.7412,0.009399999999999995,0.0001,1.9323979,205574.24468085117,218428.99999999997,0.0218429,nan,nan,nan,nan,0.1,1.0,20.0,10 V,1.0,False,1
137.7624,0.009399999999999995,0.0001,1.9323979,205574.24468085117,218538.99999999997,0.0218539,nan,nan,nan,nan,0.1,1.0,20.0,10 V,1.0,False,1
137.7836,0.009399999999999995,0.0001,1.9323979,205574.24468085117,218538.99999999997,0.0218539,nan,nan,nan,nan,0.1,1.0,20.0,10 V,1.0,False,1
137.8048,0.009399999999999995,0.0001,1.9323979,205574.24468085117,219198.99999999997,0.0219199,nan,nan,nan,nan,0.1,1.0,20.0,10 V,1.0,False,1
137.8261,0.009399999999999995,0.0001,1.9323979,205574.24468085117,218319.0,0.0218319,nan,nan,nan,nan,0.1,1.0,20.0,10 V,1.0,False,1
137.8473,0.009399999999999995,0.0001,1.9323979,205574.24468085117,218098.99999999997,0.0218099,nan,nan,nan,nan,0.1,1.0,20.0,10 V,1.0,False,1
137.8685,0.009399999999999995,0.0001,1.9323979,205574.24468085117,218319.0,0.0218319,nan,nan,nan,nan,0.1,1.0,20.0,10 V,1.0,False,1
137.8897,0.009399999999999995,0.0001,1.9323979,205574.24468085117,218098.99999999997,0.0218099,nan,nan,nan,nan,0.1,1.0,20.0,10 V,1.0,False,1
137.9110,0.009399999999999995,0.0001,1.9323979,205574.24468085117,218428.99999999997,0.0218429,nan,nan,nan,nan,0.1,1.0,20.0,10 V,1.0,False,1
137.9322,0.009399999999999995,0.0001,1.9323979,205574.24468085117,218869.0,0.0218869,nan,nan,nan,nan,0.1,1.0,20.0,10 V,1.0,False,1
137.9533,0.009399999999999995,0.0001,1.9323979,205574.24468085117,219529.0,0.0219529,nan,nan,nan,nan,0.1,1.0,20.0,10 V,1.0,False,1
137.9745,0.009399999999999995,0.0001,1.9323979,205574.24468085117,218648.99999999997,0.0218649,nan,nan,nan,nan,0.1,1.0,20.0,10 V,1.0,False,1
137.9957,0.009399999999999995,0.0001,1.9323979,205574.24468085117,217988.99999999997,0.0217989,nan,nan,nan,nan,0.1,1.0,20.0,10 V,1.0,False,1
138.0169,0.009399999999999995,0.0001,1.9323979,205574.24468085117,218428.99999999997,0.0218429,nan,nan,nan,nan,0.1,1.0,20.0,10 V,1.0,False,1
138.0381,0.009399999999999995,0.0001,1.9323979,205574.24468085117,218319.0,0.0218319,nan,nan,nan,nan,0.1,1.0,20.0,10 V,1.0,False,1
138.0593,0.009399999999999995,0.0001,1.9323979,205574.24468085117,218209.0,0.0218209,nan,nan,nan,nan,0.1,1.0,20.0,10 V,1.0,False,1
138.0806,0.009399999999999995,0.0001,1.9323979,205574.24468085117,218319.0,0.0218319,nan,nan,nan,nan,0.1,1.0,20.0,10 V,1.0,False,1
138.1018,0.009399999999999995,0.0001,1.9323979,205574.24468085117,218758.99999999997,0.0218759,nan,nan,nan,nan,0.1,1.0,20.0,10 V,1.0,False,1
138.1232,0.009399999999999995,0.0001,1.9323979,205574.24468085117,218209.0,0.0218209,nan,nan,nan,nan,0.1,1.0,20.0,10 V,1.0,False,1
138.1444,0.009399999999999995,0.0001,1.9323979,205574.24468085117,218319.0,0.0218319,nan,nan,nan,nan,0.1,1.0,20.0,10 V,1.0,False,1
138.1656,0.009399999999999995,0.0001,1.9323979,205574.24468085117,218098.99999999997,0.0218099,nan,nan,nan,nan,0.1,1.0,20.0,10 V,1.0,False,1
138.1868,0.009399999999999995,0.0001,1.9323979,205574.24468085117,218758.99999999997,0.0218759,nan,nan,nan,nan,0.1,1.0,20.0,10 V,1.0,False,1
138.2080,0.009399999999999995,0.0001,1.9323979,205574.24468085117,218758.99999999997,0.0218759,nan,nan,nan,nan,0.1,1.0,20.0,10 V,1.0,False,1
138.2292,0.009399999999999995,0.0001,1.9323979,205574.24468085117,218869.0,0.0218869,nan,nan,nan,nan,0.1,1.0,20.0,10 V,1.0,False,1
138.2504,0.009399999999999995,0.0001,1.9323979,205574.24468085117,218319.0,0.0218319,nan,nan,nan,nan,0.1,1.0,20.0,10 V,1.0,False,1
138.2716,0.009399999999999995,0.0001,1.9323979,205574.24468085117,219418.99999999997,0.0219419,nan,nan,nan,nan,0.1,1.0,20.0,10 V,1.0,False,1
138.2929,0.009399999999999995,0.0001,1.9323979,205574.24468085117,218098.99999999997,0.0218099,nan,nan,nan,nan,0.1,1.0,20.0,10 V,1.0,False,1
138.3140,0.009399999999999995,0.0001,1.9323979,205574.24468085117,218869.0,0.0218869,nan,nan,nan,nan,0.1,1.0,20.0,10 V,1.0,False,1
138.3352,0.009399999999999995,0.0001,1.9323979,205574.24468085117,219418.99999999997,0.0219419,nan,nan,nan,nan,0.1,1.0,20.0,10 V,1.0,False,1
138.3564,0.009399999999999995,0.0001,1.9323979,205574.24468085117,218869.0,0.0218869,nan,nan,nan,nan,0.1,1.0,20.0,10 V,1.0,False,1
138.3775,0.009399999999999995,0.0001,1.9323979,205574.24468085117,219198.99999999997,0.0219199,nan,nan,nan,nan,0.1,1.0,20.0,10 V,1.0,False,1
138.3987,0.009399999999999995,0.0001,1.9323979,205574.24468085117,218979.0,0.0218979,nan,nan,nan,nan,0.1,1.0,20.0,10 V,1.0,False,1
138.4200,0.009399999999999995,0.0001,1.9323979,205574.24468085117,219639.0,0.0219639,nan,nan,nan,nan,0.1,1.0,20.0,10 V,1.0,False,1
138.4412,0.009399999999999995,0.0001,1.9323979,205574.24468085117,218979.0,0.0218979,nan,nan,nan,nan,0.1,1.0,20.0,10 V,1.0,False,1
138.4624,0.009399999999999995,0.0001,1.9323979,205574.24468085117,219748.99999999997,0.0219749,nan,nan,nan,nan,0.1,1.0,20.0,10 V,1.0,False,1
138.4837,0.009399999999999995,0.0001,1.9323979,205574.24468085117,218098.99999999997,0.0218099,nan,nan,nan,nan,0.1,1.0,20.0,10 V,1.0,False,1
138.5050,0.009399999999999995,0.0001,1.9323979,205574.24468085117,218209.0,0.0218209,nan,nan,nan,nan,0.1,1.0,20.0,10 V,1.0,False,1
138.5263,0.009399999999999995,0.0001,1.9323979,205574.24468085117,218538.99999999997,0.0218539,nan,nan,nan,nan,0.1,1.0,20.0,10 V,1.0,False,1
138.5476,0.009399999999999995,0.0001,1.9323979,205574.24468085117,219529.0,0.0219529,nan,nan,nan,nan,0.1,1.0,20.0,10 V,1.0,False,1
138.5688,0.009399999999999995,0.0001,1.9323979,205574.24468085117,218538.99999999997,0.0218539,nan,nan,nan,nan,0.1,1.0,20.0,10 V,1.0,False,1
138.5901,0.009399999999999995,0.0001,1.9323979,205574.24468085117,218428.99999999997,0.0218429,nan,nan,nan,nan,0.1,1.0,20.0,10 V,1.0,False,1
138.6113,0.009399999999999995,0.0001,1.9323979,205574.24468085117,219639.0,0.0219639,nan,nan,nan,nan,0.1,1.0,20.0,10 V,1.0,False,1
138.6325,0.009399999999999995,0.0001,1.9323979,205574.24468085117,218648.99999999997,0.0218649,nan,nan,nan,nan,0.1,1.0,20.0,10 V,1.0,False,1
138.6537,0.009399999999999995,0.0001,1.9323979,205574.24468085117,218758.99999999997,0.0218759,nan,nan,nan,nan,0.1,1.0,20.0,10 V,1.0,False,1
138.6750,0.009399999999999995,0.0001,1.9323979,205574.24468085117,218979.0,0.0218979,nan,nan,nan,nan,0.1,1.0,20.0,10 V,1.0,False,1
138.6962,0.009399999999999995,0.0001,1.9323979,205574.24468085117,219198.99999999997,0.0219199,nan,nan,nan,nan,0.1,1.0,20.0,10 V,1.0,False,1
138.7175,0.009399999999999995,0.0001,1.9323979,205574.24468085117,219198.99999999997,0.0219199,nan,nan,nan,nan,0.1,1.0,20.0,10 V,1.0,False,1
138.7388,0.009399999999999995,0.0001,1.9323979,205574.24468085117,218979.0,0.0218979,nan,nan,nan,nan,0.1,1.0,20.0,10 V,1.0,False,1
138.7601,0.009399999999999995,0.0001,1.9323979,205574.24468085117,218758.99999999997,0.0218759,nan,nan,nan,nan,0.1,1.0,20.0,10 V,1.0,False,1
138.7812,0.009399999999999995,0.0001,1.9323979,205574.24468085117,218869.0,0.0218869,nan,nan,nan,nan,0.1,1.0,20.0,10 V,1.0,False,1
138.8025,0.009399999999999995,0.0001,1.9323979,205574.24468085117,218648.99999999997,0.0218649,nan,nan,nan,nan,0.1,1.0,20.0,10 V,1.0,False,1
138.8237,0.009399999999999995,0.0001,1.9323979,205574.24468085117,218538.99999999997,0.0218539,nan,nan,nan,nan,0.1,1.0,20.0,10 V,1.0,False,1
138.8450,0.009399999999999995,0.0001,1.9323979,205574.24468085117,218869.0,0.0218869,nan,nan,nan,nan,0.1,1.0,20.0,10 V,1.0,False,1
138.8662,0.009399999999999995,0.0001,1.9323979,205574.24468085117,218758.99999999997,0.0218759,nan,nan,nan,nan,0.1,1.0,20.0,10 V,1.0,False,1
138.8874,0.009399999999999995,0.0001,1.9323979,205574.24468085117,219308.99999999997,0.0219309,nan,nan,nan,nan,0.1,1.0,20.0,10 V,1.0,False,1
138.9086,0.009399999999999995,0.0001,1.9323979,205574.24468085117,219198.99999999997,0.0219199,nan,nan,nan,nan,0.1,1.0,20.0,10 V,1.0,False,1
138.9299,0.009399999999999995,0.0001,1.9323979,205574.24468085117,218869.0,0.0218869,nan,nan,nan,nan,0.1,1.0,20.0,10 V,1.0,False,1
138.9511,0.009399999999999995,0.0001,1.9323979,205574.24468085117,218979.0,0.0218979,nan,nan,nan,nan,0.1,1.0,20.0,10 V,1.0,False,1
138.9723,0.009399999999999995,0.0001,1.9323979,205574.24468085117,218979.0,0.0218979,nan,nan,nan,nan,0.1,1.0,20.0,10 V,1.0,False,1
138.9935,0.009399999999999995,0.0001,1.9323979,205574.24468085117,218869.0,0.0218869,nan,nan,nan,nan,0.1,1.0,20.0,10 V,1.0,False,1
139.0147,0.009399999999999995,0.0001,1.9323979,205574.24468085117,219088.99999999997,0.0219089,nan,nan,nan,nan,0.1,1.0,20.0,10 V,1.0,False,1
139.0358,0.009399999999999995,0.0001,1.9323979,205574.24468085117,218979.0,0.0218979,nan,nan,nan,nan,0.1,1.0,20.0,10 V,1.0,False,1
139.0571,0.009399999999999995,0.0001,1.9323979,205574.24468085117,219198.99999999997,0.0219199,nan,nan,nan,nan,0.1,1.0,20.0,10 V,1.0,False,1
139.0783,0.009399999999999995,0.0001,1.9323979,205574.24468085117,219198.99999999997,0.0219199,nan,nan,nan,nan,0.1,1.0,20.0,10 V,1.0,False,1
139.0994,0.009399999999999995,0.0001,1.9323979,205574.24468085117,218979.0,0.0218979,nan,nan,nan,nan,0.1,1.0,20.0,10 V,1.0,False,1
139.1206,0.009399999999999995,0.0001,1.9323979,205574.24468085117,218758.99999999997,0.0218759,nan,nan,nan,nan,0.1,1.0,20.0,10 V,1.0,False,1
139.1417,0.009399999999999995,0.0001,1.9323979,205574.24468085117,219308.99999999997,0.0219309,nan,nan,nan,nan,0.1,1.0,20.0,10 V,1.0,False,1
139.1629,0.009399999999999995,0.0001,1.9323979,205574.24468085117,218648.99999999997,0.0218649,nan,nan,nan,nan,0.1,1.0,20.0,10 V,1.0,False,1
139.1841,0.009399999999999995,0.0001,1.9323979,205574.24468085117,218869.0,0.0218869,nan,nan,nan,nan,0.1,1.0,20.0,10 V,1.0,False,1
139.2053,0.009399999999999995,0.0001,1.9323979,205574.24468085117,217878.99999999997,0.0217879,nan,nan,nan,nan,0.1,1.0,20.0,10 V,1.0,False,1
139.2266,0.009399999999999995,0.0001,1.9323979,205574.24468085117,219639.0,0.0219639,nan,nan,nan,nan,0.1,1.0,20.0,10 V,1.0,False,1
139.2478,0.009399999999999995,0.0001,1.9323979,205574.24468085117,219198.99999999997,0.0219199,nan,nan,nan,nan,0.1,1.0,20.0,10 V,1.0,False,1
139.2691,0.009399999999999995,0.0001,1.9323979,205574.24468085117,219198.99999999997,0.0219199,nan,nan,nan,nan,0.1,1.0,20.0,10 V,1.0,False,1
139.2904,0.009399999999999995,0.0001,1.9323979,205574.24468085117,219308.99999999997,0.0219309,nan,nan,nan,nan,0.1,1.0,20.0,10 V,1.0,False,1
139.3116,0.009399999999999995,0.0001,1.9323979,205574.24468085117,219968.99999999997,0.0219969,nan,nan,nan,nan,0.1,1.0,20.0,10 V,1.0,False,1
139.3329,0.009399999999999995,0.0001,1.9323979,205574.24468085117,219858.99999999997,0.0219859,nan,nan,nan,nan,0.1,1.0,20.0,10 V,1.0,False,1
139.3541,0.009399999999999995,0.0001,1.9323979,205574.24468085117,218869.0,0.0218869,nan,nan,nan,nan,0.1,1.0,20.0,10 V,1.0,False,1
139.3754,0.009399999999999995,0.0001,1.9323979,205574.24468085117,218869.0,0.0218869,nan,nan,nan,nan,0.1,1.0,20.0,10 V,1.0,False,1
139.3966,0.009399999999999995,0.0001,1.9323979,205574.24468085117,218869.0,0.0218869,nan,nan,nan,nan,0.1,1.0,20.0,10 V,1.0,False,1
139.4178,0.009399999999999995,0.0001,1.9323979,205574.24468085117,219418.99999999997,0.0219419,nan,nan,nan,nan,0.1,1.0,20.0,10 V,1.0,False,1
139.4390,0.009399999999999995,0.0001,1.9323979,205574.24468085117,219198.99999999997,0.0219199,nan,nan,nan,nan,0.1,1.0,20.0,10 V,1.0,False,1
139.4602,0.009399999999999995,0.0001,1.9323979,205574.24468085117,218758.99999999997,0.0218759,nan,nan,nan,nan,0.1,1.0,20.0,10 V,1.0,False,1
139.4815,0.009399999999999995,0.0001,1.9323979,205574.24468085117,219198.99999999997,0.0219199,nan,nan,nan,nan,0.1,1.0,20.0,10 V,1.0,False,1
139.5027,0.009399999999999995,0.0001,1.9323979,205574.24468085117,218869.0,0.0218869,nan,nan,nan,nan,0.1,1.0,20.0,10 V,1.0,False,1
139.5239,0.009399999999999995,0.0001,1.9323979,205574.24468085117,219308.99999999997,0.0219309,nan,nan,nan,nan,0.1,1.0,20.0,10 V,1.0,False,1
139.5450,0.009399999999999995,0.0001,1.9323979,205574.24468085117,219639.0,0.0219639,nan,nan,nan,nan,0.1,1.0,20.0,10 V,1.0,False,1
139.5662,0.009399999999999995,0.0001,1.9323979,205574.24468085117,219088.99999999997,0.0219089,nan,nan,nan,nan,0.1,1.0,20.0,10 V,1.0,False,1
139.5874,0.009399999999999995,0.0001,1.9323979,205574.24468085117,219308.99999999997,0.0219309,nan,nan,nan,nan,0.1,1.0,20.0,10 V,1.0,False,1
139.6086,0.009399999999999995,0.0001,1.9323979,205574.24468085117,219088.99999999997,0.0219089,nan,nan,nan,nan,0.1,1.0,20.0,10 V,1.0,False,1
139.6299,0.009399999999999995,0.0001,1.9323979,205574.24468085117,219748.99999999997,0.0219749,nan,nan,nan,nan,0.1,1.0,20.0,10 V,1.0,False,1
139.6511,0.009399999999999995,0.0001,1.9323979,205574.24468085117,219198.99999999997,0.0219199,nan,nan,nan,nan,0.1,1.0,20.0,10 V,1.0,False,1
139.6723,0.009399999999999995,0.0001,1.9323979,205574.24468085117,218648.99999999997,0.0218649,nan,nan,nan,nan,0.1,1.0,20.0,10 V,1.0,False,1
139.6934,0.009399999999999995,0.0001,1.9323979,205574.24468085117,219198.99999999997,0.0219199,nan,nan,nan,nan,0.1,1.0,20.0,10 V,1.0,False,1
139.7147,0.009399999999999995,0.0001,1.9323979,205574.24468085117,219088.99999999997,0.0219089,nan,nan,nan,nan,0.1,1.0,20.0,10 V,1.0,False,1
139.7359,0.009399999999999995,0.0001,1.9323979,205574.24468085117,219529.0,0.0219529,nan,nan,nan,nan,0.1,1.0,20.0,10 V,1.0,False,1
139.7571,0.009399999999999995,0.0001,1.9323979,205574.24468085117,219418.99999999997,0.0219419,nan,nan,nan,nan,0.1,1.0,20.0,10 V,1.0,False,1
139.7783,0.009399999999999995,0.0001,1.9323979,205574.24468085117,219418.99999999997,0.0219419,nan,nan,nan,nan,0.1,1.0,20.0,10 V,1.0,False,1
139.7995,0.009399999999999995,0.0001,1.9323979,205574.24468085117,219418.99999999997,0.0219419,nan,nan,nan,nan,0.1,1.0,20.0,10 V,1.0,False,1
139.8207,0.009399999999999995,0.0001,1.9323979,205574.24468085117,218648.99999999997,0.0218649,nan,nan,nan,nan,0.1,1.0,20.0,10 V,1.0,False,1
139.8420,0.009399999999999995,0.0001,1.9323979,205574.24468085117,219529.0,0.0219529,nan,nan,nan,nan,0.1,1.0,20.0,10 V,1.0,False,1
139.8632,0.009399999999999995,0.0001,1.9323979,205574.24468085117,219639.0,0.0219639,nan,nan,nan,nan,0.1,1.0,20.0,10 V,1.0,False,1
139.8844,0.009399999999999995,0.0001,1.9323979,205574.24468085117,218979.0,0.0218979,nan,nan,nan,nan,0.1,1.0,20.0,10 V,1.0,False,1
139.9056,0.009399999999999995,0.0001,1.9323979,205574.24468085117,219308.99999999997,0.0219309,nan,nan,nan,nan,0.1,1.0,20.0,10 V,1.0,False,1
139.9268,0.009399999999999995,0.0001,1.9323979,205574.24468085117,219308.99999999997,0.0219309,nan,nan,nan,nan,0.1,1.0,20.0,10 V,1.0,False,1
139.9478,0.009399999999999995,0.0001,1.9323979,205574.24468085117,219308.99999999997,0.0219309,nan,nan,nan,nan,0.1,1.0,20.0,10 V,1.0,False,1
139.9691,0.009399999999999995,0.0001,1.9323979,205574.24468085117,219418.99999999997,0.0219419,nan,nan,nan,nan,0.1,1.0,20.0,10 V,1.0,False,1
139.9903,0.009399999999999995,0.0001,1.9323979,205574.24468085117,219198.99999999997,0.0219199,nan,nan,nan,nan,0.1,1.0,20.0,10 V,1.0,False,1
140.0115,0.009399999999999995,0.0001,1.9323979,205574.24468085117,219308.99999999997,0.0219309,nan,nan,nan,nan,0.1,1.0,20.0,10 V,1.0,False,1
140.0327,0.009399999999999995,0.0001,1.9323979,205574.24468085117,219198.99999999997,0.0219199,nan,nan,nan,nan,0.1,1.0,20.0,10 V,1.0,False,1
140.0539,0.009399999999999995,0.0001,1.9323979,205574.24468085117,219748.99999999997,0.0219749,nan,nan,nan,nan,0.1,1.0,20.0,10 V,1.0,False,1
140.0752,0.009399999999999995,0.0001,1.9323979,205574.24468085117,219639.0,0.0219639,nan,nan,nan,nan,0.1,1.0,20.0,10 V,1.0,False,1
140.0964,0.009399999999999995,0.0001,1.9323979,205574.24468085117,219308.99999999997,0.0219309,nan,nan,nan,nan,0.1,1.0,20.0,10 V,1.0,False,1
140.1175,0.009399999999999995,0.0001,1.9323979,205574.24468085117,218758.99999999997,0.0218759,nan,nan,nan,nan,0.1,1.0,20.0,10 V,1.0,False,1
140.1388,0.009399999999999995,0.0001,1.9323979,205574.24468085117,219968.99999999997,0.0219969,nan,nan,nan,nan,0.1,1.0,20.0,10 V,1.0,False,1
140.1600,0.009399999999999995,0.0001,1.9323979,205574.24468085117,219308.99999999997,0.0219309,nan,nan,nan,nan,0.1,1.0,20.0,10 V,1.0,False,1
140.1812,0.009399999999999995,0.0001,1.9323979,205574.24468085117,219088.99999999997,0.0219089,nan,nan,nan,nan,0.1,1.0,20.0,10 V,1.0,False,1
140.2024,0.009399999999999995,0.0001,1.9323979,205574.24468085117,219418.99999999997,0.0219419,nan,nan,nan,nan,0.1,1.0,20.0,10 V,1.0,False,1
140.2237,0.009399999999999995,0.0001,1.9323979,205574.24468085117,219529.0,0.0219529,nan,nan,nan,nan,0.1,1.0,20.0,10 V,1.0,False,1
140.2449,0.009399999999999995,0.0001,1.9323979,205574.24468085117,219639.0,0.0219639,nan,nan,nan,nan,0.1,1.0,20.0,10 V,1.0,False,1
140.2661,0.009399999999999995,0.0001,1.9323979,205574.24468085117,219529.0,0.0219529,nan,nan,nan,nan,0.1,1.0,20.0,10 V,1.0,False,1
140.2873,0.009399999999999995,0.0001,1.9323979,205574.24468085117,219639.0,0.0219639,nan,nan,nan,nan,0.1,1.0,20.0,10 V,1.0,False,1
140.3085,0.009399999999999995,0.0001,1.9323979,205574.24468085117,219968.99999999997,0.0219969,nan,nan,nan,nan,0.1,1.0,20.0,10 V,1.0,False,1
140.3297,0.009399999999999995,0.0001,1.9323979,205574.24468085117,219858.99999999997,0.0219859,nan,nan,nan,nan,0.1,1.0,20.0,10 V,1.0,False,1
140.3509,0.009399999999999995,0.0001,1.9323979,205574.24468085117,219198.99999999997,0.0219199,nan,nan,nan,nan,0.1,1.0,20.0,10 V,1.0,False,1
140.3721,0.009399999999999995,0.0001,1.9323979,205574.24468085117,219858.99999999997,0.0219859,nan,nan,nan,nan,0.1,1.0,20.0,10 V,1.0,False,1
140.3933,0.009399999999999995,0.0001,1.9323979,205574.24468085117,220408.99999999997,0.0220409,nan,nan,nan,nan,0.1,1.0,20.0,10 V,1.0,False,1
140.4145,0.009399999999999995,0.0001,1.9323979,205574.24468085117,219529.0,0.0219529,nan,nan,nan,nan,0.1,1.0,20.0,10 V,1.0,False,1
140.4358,0.009399999999999995,0.0001,1.9323979,205574.24468085117,219748.99999999997,0.0219749,nan,nan,nan,nan,0.1,1.0,20.0,10 V,1.0,False,1
140.4570,0.009399999999999995,0.0001,1.9323979,205574.24468085117,219639.0,0.0219639,nan,nan,nan,nan,0.1,1.0,20.0,10 V,1.0,False,1
140.4782,0.009399999999999995,0.0001,1.9323979,205574.24468085117,219748.99999999997,0.0219749,nan,nan,nan,nan,0.1,1.0,20.0,10 V,1.0,False,1
140.4994,0.009399999999999995,0.0001,1.9323979,205574.24468085117,219308.99999999997,0.0219309,nan,nan,nan,nan,0.1,1.0,20.0,10 V,1.0,False,1
140.5206,0.009399999999999995,0.0001,1.9323979,205574.24468085117,219639.0,0.0219639,nan,nan,nan,nan,0.1,1.0,20.0,10 V,1.0,False,1
140.5419,0.009399999999999995,0.0001,1.9323979,205574.24468085117,219639.0,0.0219639,nan,nan,nan,nan,0.1,1.0,20.0,10 V,1.0,False,1
140.5631,0.009399999999999995,0.0001,1.9323979,205574.24468085117,219308.99999999997,0.0219309,nan,nan,nan,nan,0.1,1.0,20.0,10 V,1.0,False,1
140.5843,0.009399999999999995,0.0001,1.9323979,205574.24468085117,219748.99999999997,0.0219749,nan,nan,nan,nan,0.1,1.0,20.0,10 V,1.0,False,1
140.6055,0.009399999999999995,0.0001,1.9323979,205574.24468085117,220078.99999999997,0.0220079,nan,nan,nan,nan,0.1,1.0,20.0,10 V,1.0,False,1
140.6267,0.009399999999999995,0.0001,1.9323979,205574.24468085117,219639.0,0.0219639,nan,nan,nan,nan,0.1,1.0,20.0,10 V,1.0,False,1
140.6479,0.009399999999999995,0.0001,1.9323979,205574.24468085117,219529.0,0.0219529,nan,nan,nan,nan,0.1,1.0,20.0,10 V,1.0,False,1
140.6691,0.009399999999999995,0.0001,1.9323979,205574.24468085117,219748.99999999997,0.0219749,nan,nan,nan,nan,0.1,1.0,20.0,10 V,1.0,False,1
140.6904,0.009399999999999995,0.0001,1.9323979,205574.24468085117,219968.99999999997,0.0219969,nan,nan,nan,nan,0.1,1.0,20.0,10 V,1.0,False,1
140.7115,0.009399999999999995,0.0001,1.9323979,205574.24468085117,219858.99999999997,0.0219859,nan,nan,nan,nan,0.1,1.0,20.0,10 V,1.0,False,1
140.7328,0.009399999999999995,0.0001,1.9323979,205574.24468085117,219748.99999999997,0.0219749,nan,nan,nan,nan,0.1,1.0,20.0,10 V,1.0,False,1
140.7540,0.009399999999999995,0.0001,1.9323979,205574.24468085117,219968.99999999997,0.0219969,nan,nan,nan,nan,0.1,1.0,20.0,10 V,1.0,False,1
140.7751,0.009399999999999995,0.0001,1.9323979,205574.24468085117,219748.99999999997,0.0219749,nan,nan,nan,nan,0.1,1.0,20.0,10 V,1.0,False,1
140.7964,0.009399999999999995,0.0001,1.9323979,205574.24468085117,220299.0,0.0220299,nan,nan,nan,nan,0.1,1.0,20.0,10 V,1.0,False,1
140.8176,0.009399999999999995,0.0001,1.9323979,205574.24468085117,219748.99999999997,0.0219749,nan,nan,nan,nan,0.1,1.0,20.0,10 V,1.0,False,1
140.8389,0.009399999999999995,0.0001,1.9323979,205574.24468085117,220518.99999999997,0.0220519,nan,nan,nan,nan,0.1,1.0,20.0,10 V,1.0,False,1
140.8601,0.009399999999999995,0.0001,1.9323979,205574.24468085117,219748.99999999997,0.0219749,nan,nan,nan,nan,0.1,1.0,20.0,10 V,1.0,False,1
140.8813,0.009399999999999995,0.0001,1.9323979,205574.24468085117,219858.99999999997,0.0219859,nan,nan,nan,nan,0.1,1.0,20.0,10 V,1.0,False,1
140.9025,0.009399999999999995,0.0001,1.9323979,205574.24468085117,219748.99999999997,0.0219749,nan,nan,nan,nan,0.1,1.0,20.0,10 V,1.0,False,1
140.9237,0.009399999999999995,0.0001,1.9323979,205574.24468085117,219639.0,0.0219639,nan,nan,nan,nan,0.1,1.0,20.0,10 V,1.0,False,1
140.9449,0.009399999999999995,0.0001,1.9323979,205574.24468085117,219748.99999999997,0.0219749,nan,nan,nan,nan,0.1,1.0,20.0,10 V,1.0,False,1
140.9661,0.009399999999999995,0.0001,1.9323979,205574.24468085117,219858.99999999997,0.0219859,nan,nan,nan,nan,0.1,1.0,20.0,10 V,1.0,False,1
140.9874,0.009399999999999995,0.0001,1.9323979,205574.24468085117,220189.0,0.0220189,nan,nan,nan,nan,0.1,1.0,20.0,10 V,1.0,False,1
141.0086,0.009399999999999995,0.0001,1.9323979,205574.24468085117,219858.99999999997,0.0219859,nan,nan,nan,nan,0.1,1.0,20.0,10 V,1.0,False,1
141.0298,0.009399999999999995,0.0001,1.9323979,205574.24468085117,219529.0,0.0219529,nan,nan,nan,nan,0.1,1.0,20.0,10 V,1.0,False,1
141.0510,0.009399999999999995,0.0001,1.9323979,205574.24468085117,219639.0,0.0219639,nan,nan,nan,nan,0.1,1.0,20.0,10 V,1.0,False,1
141.0723,0.009399999999999995,0.0001,1.9323979,205574.24468085117,220189.0,0.0220189,nan,nan,nan,nan,0.1,1.0,20.0,10 V,1.0,False,1
141.0935,0.009399999999999995,0.0001,1.9323979,205574.24468085117,219748.99999999997,0.0219749,nan,nan,nan,nan,0.1,1.0,20.0,10 V,1.0,False,1
141.1147,0.009399999999999995,0.0001,1.9323979,205574.24468085117,219639.0,0.0219639,nan,nan,nan,nan,0.1,1.0,20.0,10 V,1.0,False,1
141.1359,0.009399999999999995,0.0001,1.9323979,205574.24468085117,219639.0,0.0219639,nan,nan,nan,nan,0.1,1.0,20.0,10 V,1.0,False,1
141.1570,0.009399999999999995,0.0001,1.9323979,205574.24468085117,219748.99999999997,0.0219749,nan,nan,nan,nan,0.1,1.0,20.0,10 V,1.0,False,1
141.1783,0.009399999999999995,0.0001,1.9323979,205574.24468085117,219748.99999999997,0.0219749,nan,nan,nan,nan,0.1,1.0,20.0,10 V,1.0,False,1
141.1994,0.009399999999999995,0.0001,1.9323979,205574.24468085117,219858.99999999997,0.0219859,nan,nan,nan,nan,0.1,1.0,20.0,10 V,1.0,False,1
141.2207,0.009399999999999995,0.0001,1.9323979,205574.24468085117,220189.0,0.0220189,nan,nan,nan,nan,0.1,1.0,20.0,10 V,1.0,False,1
141.2420,0.009399999999999995,0.0001,1.9323979,205574.24468085117,220078.99999999997,0.0220079,nan,nan,nan,nan,0.1,1.0,20.0,10 V,1.0,False,1
141.2633,0.009399999999999995,0.0001,1.9323979,205574.24468085117,220078.99999999997,0.0220079,nan,nan,nan,nan,0.1,1.0,20.0,10 V,1.0,False,1
141.2844,0.009399999999999995,0.0001,1.9323979,205574.24468085117,219968.99999999997,0.0219969,nan,nan,nan,nan,0.1,1.0,20.0,10 V,1.0,False,1
141.3055,0.009399999999999995,0.0001,1.9323979,205574.24468085117,220299.0,0.0220299,nan,nan,nan,nan,0.1,1.0,20.0,10 V,1.0,False,1
141.3268,0.009399999999999995,0.0001,1.9323979,205574.24468085117,220189.0,0.0220189,nan,nan,nan,nan,0.1,1.0,20.0,10 V,1.0,False,1
141.3480,0.009399999999999995,0.0001,1.9323979,205574.24468085117,219748.99999999997,0.0219749,nan,nan,nan,nan,0.1,1.0,20.0,10 V,1.0,False,1
141.3692,0.009399999999999995,0.0001,1.9323979,205574.24468085117,220189.0,0.0220189,nan,nan,nan,nan,0.1,1.0,20.0,10 V,1.0,False,1
141.3904,0.009399999999999995,0.0001,1.9323979,205574.24468085117,220189.0,0.0220189,nan,nan,nan,nan,0.1,1.0,20.0,10 V,1.0,False,1
141.4116,0.009399999999999995,0.0001,1.9323979,205574.24468085117,219968.99999999997,0.0219969,nan,nan,nan,nan,0.1,1.0,20.0,10 V,1.0,False,1
141.4328,0.009399999999999995,0.0001,1.9323979,205574.24468085117,220189.0,0.0220189,nan,nan,nan,nan,0.1,1.0,20.0,10 V,1.0,False,1
141.4541,0.009399999999999995,0.0001,1.9323979,205574.24468085117,219858.99999999997,0.0219859,nan,nan,nan,nan,0.1,1.0,20.0,10 V,1.0,False,1
141.4752,0.009399999999999995,0.0001,1.9323979,205574.24468085117,220189.0,0.0220189,nan,nan,nan,nan,0.1,1.0,20.0,10 V,1.0,False,1
141.4962,0.009399999999999995,0.0001,1.9323979,205574.24468085117,220078.99999999997,0.0220079,nan,nan,nan,nan,0.1,1.0,20.0,10 V,1.0,False,1
141.5173,0.009399999999999995,0.0001,1.9323979,205574.24468085117,220078.99999999997,0.0220079,nan,nan,nan,nan,0.1,1.0,20.0,10 V,1.0,False,1
141.5384,0.009399999999999995,0.0001,1.9323979,205574.24468085117,220078.99999999997,0.0220079,nan,nan,nan,nan,0.1,1.0,20.0,10 V,1.0,False,1
141.5595,0.009399999999999995,0.0001,1.9323979,205574.24468085117,220078.99999999997,0.0220079,nan,nan,nan,nan,0.1,1.0,20.0,10 V,1.0,False,1
141.5807,0.009399999999999995,0.0001,1.9323979,205574.24468085117,219748.99999999997,0.0219749,nan,nan,nan,nan,0.1,1.0,20.0,10 V,1.0,False,1
141.6019,0.009399999999999995,0.0001,1.9323979,205574.24468085117,219858.99999999997,0.0219859,nan,nan,nan,nan,0.1,1.0,20.0,10 V,1.0,False,1
141.6231,0.009399999999999995,0.0001,1.9323979,205574.24468085117,220189.0,0.0220189,nan,nan,nan,nan,0.1,1.0,20.0,10 V,1.0,False,1
141.6443,0.009399999999999995,0.0001,1.9323979,205574.24468085117,220078.99999999997,0.0220079,nan,nan,nan,nan,0.1,1.0,20.0,10 V,1.0,False,1
141.6656,0.009399999999999995,0.0001,1.9323979,205574.24468085117,219748.99999999997,0.0219749,nan,nan,nan,nan,0.1,1.0,20.0,10 V,1.0,False,1
141.6868,0.009399999999999995,0.0001,1.9323979,205574.24468085117,219858.99999999997,0.0219859,nan,nan,nan,nan,0.1,1.0,20.0,10 V,1.0,False,1
141.7080,0.009399999999999995,0.0001,1.9323979,205574.24468085117,220078.99999999997,0.0220079,nan,nan,nan,nan,0.1,1.0,20.0,10 V,1.0,False,1
141.7292,0.009399999999999995,0.0001,1.9323979,205574.24468085117,219858.99999999997,0.0219859,nan,nan,nan,nan,0.1,1.0,20.0,10 V,1.0,False,1
141.7503,0.009399999999999995,0.0001,1.9323979,205574.24468085117,219968.99999999997,0.0219969,nan,nan,nan,nan,0.1,1.0,20.0,10 V,1.0,False,1
141.7715,0.009399999999999995,0.0001,1.9323979,205574.24468085117,219858.99999999997,0.0219859,nan,nan,nan,nan,0.1,1.0,20.0,10 V,1.0,False,1
141.7927,0.009399999999999995,0.0001,1.9323979,205574.24468085117,220189.0,0.0220189,nan,nan,nan,nan,0.1,1.0,20.0,10 V,1.0,False,1
141.8138,0.009399999999999995,0.0001,1.9323979,205574.24468085117,220299.0,0.0220299,nan,nan,nan,nan,0.1,1.0,20.0,10 V,1.0,False,1
141.8351,0.009399999999999995,0.0001,1.9323979,205574.24468085117,221068.99999999997,0.0221069,nan,nan,nan,nan,0.1,1.0,20.0,10 V,1.0,False,1
141.8564,0.009399999999999995,0.0001,1.9323979,205574.24468085117,220078.99999999997,0.0220079,nan,nan,nan,nan,0.1,1.0,20.0,10 V,1.0,False,1
141.8776,0.009399999999999995,0.0001,1.9323979,205574.24468085117,220299.0,0.0220299,nan,nan,nan,nan,0.1,1.0,20.0,10 V,1.0,False,1
141.8988,0.009399999999999995,0.0001,1.9323979,205574.24468085117,220078.99999999997,0.0220079,nan,nan,nan,nan,0.1,1.0,20.0,10 V,1.0,False,1
141.9200,0.009399999999999995,0.0001,1.9323979,205574.24468085117,220518.99999999997,0.0220519,nan,nan,nan,nan,0.1,1.0,20.0,10 V,1.0,False,1
141.9413,0.009399999999999995,0.0001,1.9323979,205574.24468085117,220518.99999999997,0.0220519,nan,nan,nan,nan,0.1,1.0,20.0,10 V,1.0,False,1
141.9625,0.009399999999999995,0.0001,1.9323979,205574.24468085117,219858.99999999997,0.0219859,nan,nan,nan,nan,0.1,1.0,20.0,10 V,1.0,False,1
141.9836,0.009399999999999995,0.0001,1.9323979,205574.24468085117,220189.0,0.0220189,nan,nan,nan,nan,0.1,1.0,20.0,10 V,1.0,False,1
142.0049,0.009399999999999995,0.0001,1.9323979,205574.24468085117,219968.99999999997,0.0219969,nan,nan,nan,nan,0.1,1.0,20.0,10 V,1.0,False,1
142.0261,0.009399999999999995,0.0001,1.9323979,205574.24468085117,220408.99999999997,0.0220409,nan,nan,nan,nan,0.1,1.0,20.0,10 V,1.0,False,1
142.0473,0.009399999999999995,0.0001,1.9323979,205574.24468085117,220189.0,0.0220189,nan,nan,nan,nan,0.1,1.0,20.0,10 V,1.0,False,1
142.0685,0.009399999999999995,0.0001,1.9323979,205574.24468085117,220518.99999999997,0.0220519,nan,nan,nan,nan,0.1,1.0,20.0,10 V,1.0,False,1
142.0898,0.009399999999999995,0.0001,1.9323979,205574.24468085117,220189.0,0.0220189,nan,nan,nan,nan,0.1,1.0,20.0,10 V,1.0,False,1
142.1110,0.009399999999999995,0.0001,1.9323979,205574.24468085117,220189.0,0.0220189,nan,nan,nan,nan,0.1,1.0,20.0,10 V,1.0,False,1
142.1322,0.009399999999999995,0.0001,1.9323979,205574.24468085117,220518.99999999997,0.0220519,nan,nan,nan,nan,0.1,1.0,20.0,10 V,1.0,False,1
142.1535,0.009399999999999995,0.0001,1.9323979,205574.24468085117,220189.0,0.0220189,nan,nan,nan,nan,0.1,1.0,20.0,10 V,1.0,False,1
142.1747,0.009399999999999995,0.0001,1.9323979,205574.24468085117,220518.99999999997,0.0220519,nan,nan,nan,nan,0.1,1.0,20.0,10 V,1.0,False,1
142.1959,0.009399999999999995,0.0001,1.9323979,205574.24468085117,220628.99999999997,0.0220629,nan,nan,nan,nan,0.1,1.0,20.0,10 V,1.0,False,1
142.2172,0.009399999999999995,0.0001,1.9323979,205574.24468085117,219968.99999999997,0.0219969,nan,nan,nan,nan,0.1,1.0,20.0,10 V,1.0,False,1
142.2384,0.009399999999999995,0.0001,1.9323979,205574.24468085117,220299.0,0.0220299,nan,nan,nan,nan,0.1,1.0,20.0,10 V,1.0,False,1
142.2597,0.009399999999999995,0.0001,1.9323979,205574.24468085117,221068.99999999997,0.0221069,nan,nan,nan,nan,0.1,1.0,20.0,10 V,1.0,False,1
142.2810,0.009399999999999995,0.0001,1.9323979,205574.24468085117,219748.99999999997,0.0219749,nan,nan,nan,nan,0.1,1.0,20.0,10 V,1.0,False,1
142.3022,0.009399999999999995,0.0001,1.9323979,205574.24468085117,220299.0,0.0220299,nan,nan,nan,nan,0.1,1.0,20.0,10 V,1.0,False,1
142.3234,0.009399999999999995,0.0001,1.9323979,205574.24468085117,220518.99999999997,0.0220519,nan,nan,nan,nan,0.1,1.0,20.0,10 V,1.0,False,1
142.3446,0.009399999999999995,0.0001,1.9323979,205574.24468085117,220408.99999999997,0.0220409,nan,nan,nan,nan,0.1,1.0,20.0,10 V,1.0,False,1
142.3659,0.009399999999999995,0.0001,1.9323979,205574.24468085117,220849.0,0.0220849,nan,nan,nan,nan,0.1,1.0,20.0,10 V,1.0,False,1
142.3871,0.009399999999999995,0.0001,1.9323979,205574.24468085117,220299.0,0.0220299,nan,nan,nan,nan,0.1,1.0,20.0,10 V,1.0,False,1
142.4082,0.009399999999999995,0.0001,1.9323979,205574.24468085117,220518.99999999997,0.0220519,nan,nan,nan,nan,0.1,1.0,20.0,10 V,1.0,False,1
142.4294,0.009399999999999995,0.0001,1.9323979,205574.24468085117,221509.0,0.0221509,nan,nan,nan,nan,0.1,1.0,20.0,10 V,1.0,False,1
142.4505,0.009399999999999995,0.0001,1.9323979,205574.24468085117,219639.0,0.0219639,nan,nan,nan,nan,0.1,1.0,20.0,10 V,1.0,False,1
142.4719,0.009399999999999995,0.0001,1.9323979,205574.24468085117,220189.0,0.0220189,nan,nan,nan,nan,0.1,1.0,20.0,10 V,1.0,False,1
142.4932,0.009399999999999995,0.0001,1.9323979,205574.24468085117,220518.99999999997,0.0220519,nan,nan,nan,nan,0.1,1.0,20.0,10 V,1.0,False,1
142.5144,0.009399999999999995,0.0001,1.9323979,205574.24468085117,220628.99999999997,0.0220629,nan,nan,nan,nan,0.1,1.0,20.0,10 V,1.0,False,1
142.5357,0.009399999999999995,0.0001,1.9323979,205574.24468085117,220738.99999999997,0.0220739,nan,nan,nan,nan,0.1,1.0,20.0,10 V,1.0,False,1
142.5569,0.009399999999999995,0.0001,1.9323979,205574.24468085117,221178.99999999997,0.0221179,nan,nan,nan,nan,0.1,1.0,20.0,10 V,1.0,False,1
142.5781,0.009399999999999995,0.0001,1.9323979,205574.24468085117,220738.99999999997,0.0220739,nan,nan,nan,nan,0.1,1.0,20.0,10 V,1.0,False,1
142.5994,0.009399999999999995,0.0001,1.9323979,205574.24468085117,219968.99999999997,0.0219969,nan,nan,nan,nan,0.1,1.0,20.0,10 V,1.0,False,1
142.6207,0.009399999999999995,0.0001,1.9323979,205574.24468085117,220628.99999999997,0.0220629,nan,nan,nan,nan,0.1,1.0,20.0,10 V,1.0,False,1
142.6418,0.009399999999999995,0.0001,1.9323979,205574.24468085117,220518.99999999997,0.0220519,nan,nan,nan,nan,0.1,1.0,20.0,10 V,1.0,False,1
142.6630,0.009399999999999995,0.0001,1.9323979,205574.24468085117,220518.99999999997,0.0220519,nan,nan,nan,nan,0.1,1.0,20.0,10 V,1.0,False,1
142.6842,0.009399999999999995,0.0001,1.9323979,205574.24468085117,220738.99999999997,0.0220739,nan,nan,nan,nan,0.1,1.0,20.0,10 V,1.0,False,1
142.7053,0.009399999999999995,0.0001,1.9323979,205574.24468085117,220518.99999999997,0.0220519,nan,nan,nan,nan,0.1,1.0,20.0,10 V,1.0,False,1
142.7265,0.009399999999999995,0.0001,1.9323979,205574.24468085117,220299.0,0.0220299,nan,nan,nan,nan,0.1,1.0,20.0,10 V,1.0,False,1
142.7477,0.009399999999999995,0.0001,1.9323979,205574.24468085117,220518.99999999997,0.0220519,nan,nan,nan,nan,0.1,1.0,20.0,10 V,1.0,False,1
142.7689,0.009399999999999995,0.0001,1.9323979,205574.24468085117,220628.99999999997,0.0220629,nan,nan,nan,nan,0.1,1.0,20.0,10 V,1.0,False,1
142.7901,0.009399999999999995,0.0001,1.9323979,205574.24468085117,220518.99999999997,0.0220519,nan,nan,nan,nan,0.1,1.0,20.0,10 V,1.0,False,1
142.8113,0.009399999999999995,0.0001,1.9323979,205574.24468085117,220518.99999999997,0.0220519,nan,nan,nan,nan,0.1,1.0,20.0,10 V,1.0,False,1
142.8325,0.009399999999999995,0.0001,1.9323979,205574.24468085117,220408.99999999997,0.0220409,nan,nan,nan,nan,0.1,1.0,20.0,10 V,1.0,False,1
142.8537,0.009399999999999995,0.0001,1.9323979,205574.24468085117,220628.99999999997,0.0220629,nan,nan,nan,nan,0.1,1.0,20.0,10 V,1.0,False,1
142.8749,0.009399999999999995,0.0001,1.9323979,205574.24468085117,220518.99999999997,0.0220519,nan,nan,nan,nan,0.1,1.0,20.0,10 V,1.0,False,1
142.8962,0.009399999999999995,0.0001,1.9323979,205574.24468085117,220518.99999999997,0.0220519,nan,nan,nan,nan,0.1,1.0,20.0,10 V,1.0,False,1
142.9174,0.009399999999999995,0.0001,1.9323979,205574.24468085117,220078.99999999997,0.0220079,nan,nan,nan,nan,0.1,1.0,20.0,10 V,1.0,False,1
142.9387,0.009399999999999995,0.0001,1.9323979,205574.24468085117,220628.99999999997,0.0220629,nan,nan,nan,nan,0.1,1.0,20.0,10 V,1.0,False,1
142.9599,0.009399999999999995,0.0001,1.9323979,205574.24468085117,220849.0,0.0220849,nan,nan,nan,nan,0.1,1.0,20.0,10 V,1.0,False,1
142.9810,0.009399999999999995,0.0001,1.9323979,205574.24468085117,220408.99999999997,0.0220409,nan,nan,nan,nan,0.1,1.0,20.0,10 V,1.0,False,1
143.0023,0.009399999999999995,0.0001,1.9323979,205574.24468085117,221068.99999999997,0.0221069,nan,nan,nan,nan,0.1,1.0,20.0,10 V,1.0,False,1
143.0236,0.009399999999999995,0.0001,1.9323979,205574.24468085117,220518.99999999997,0.0220519,nan,nan,nan,nan,0.1,1.0,20.0,10 V,1.0,False,1
143.0448,0.009399999999999995,0.0001,1.9323979,205574.24468085117,220849.0,0.0220849,nan,nan,nan,nan,0.1,1.0,20.0,10 V,1.0,False,1
143.0661,0.009399999999999995,0.0001,1.9323979,205574.24468085117,220628.99999999997,0.0220629,nan,nan,nan,nan,0.1,1.0,20.0,10 V,1.0,False,1
143.0873,0.009399999999999995,0.0001,1.9323979,205574.24468085117,220738.99999999997,0.0220739,nan,nan,nan,nan,0.1,1.0,20.0,10 V,1.0,False,1
143.1085,0.009399999999999995,0.0001,1.9323979,205574.24468085117,220738.99999999997,0.0220739,nan,nan,nan,nan,0.1,1.0,20.0,10 V,1.0,False,1
143.1297,0.009399999999999995,0.0001,1.9323979,205574.24468085117,220299.0,0.0220299,nan,nan,nan,nan,0.1,1.0,20.0,10 V,1.0,False,1
143.1509,0.009399999999999995,0.0001,1.9323979,205574.24468085117,220299.0,0.0220299,nan,nan,nan,nan,0.1,1.0,20.0,10 V,1.0,False,1
143.1722,0.009399999999999995,0.0001,1.9323979,205574.24468085117,220849.0,0.0220849,nan,nan,nan,nan,0.1,1.0,20.0,10 V,1.0,False,1
143.1933,0.009399999999999995,0.0001,1.9323979,205574.24468085117,220849.0,0.0220849,nan,nan,nan,nan,0.1,1.0,20.0,10 V,1.0,False,1
143.2145,0.009399999999999995,0.0001,1.9323979,205574.24468085117,221068.99999999997,0.0221069,nan,nan,nan,nan,0.1,1.0,20.0,10 V,1.0,False,1
143.2356,0.009399999999999995,0.0001,1.9323979,205574.24468085117,220408.99999999997,0.0220409,nan,nan,nan,nan,0.1,1.0,20.0,10 V,1.0,False,1
143.2568,0.009399999999999995,0.0001,1.9323979,205574.24468085117,220189.0,0.0220189,nan,nan,nan,nan,0.1,1.0,20.0,10 V,1.0,False,1
143.2780,0.009399999999999995,0.0001,1.9323979,205574.24468085117,220628.99999999997,0.0220629,nan,nan,nan,nan,0.1,1.0,20.0,10 V,1.0,False,1
143.2992,0.009399999999999995,0.0001,1.9323979,205574.24468085117,220738.99999999997,0.0220739,nan,nan,nan,nan,0.1,1.0,20.0,10 V,1.0,False,1
143.3204,0.009399999999999995,0.0001,1.9323979,205574.24468085117,220959.0,0.0220959,nan,nan,nan,nan,0.1,1.0,20.0,10 V,1.0,False,1
143.3416,0.009399999999999995,0.0001,1.9323979,205574.24468085117,220959.0,0.0220959,nan,nan,nan,nan,0.1,1.0,20.0,10 V,1.0,False,1
143.3629,0.009399999999999995,0.0001,1.9323979,205574.24468085117,220518.99999999997,0.0220519,nan,nan,nan,nan,0.1,1.0,20.0,10 V,1.0,False,1
143.3841,0.009399999999999995,0.0001,1.9323979,205574.24468085117,220518.99999999997,0.0220519,nan,nan,nan,nan,0.1,1.0,20.0,10 V,1.0,False,1
143.4054,0.009399999999999995,0.0001,1.9323979,205574.24468085117,220628.99999999997,0.0220629,nan,nan,nan,nan,0.1,1.0,20.0,10 V,1.0,False,1
143.4265,0.009399999999999995,0.0001,1.9323979,205574.24468085117,220849.0,0.0220849,nan,nan,nan,nan,0.1,1.0,20.0,10 V,1.0,False,1
143.4477,0.009399999999999995,0.0001,1.9323979,205574.24468085117,220628.99999999997,0.0220629,nan,nan,nan,nan,0.1,1.0,20.0,10 V,1.0,False,1
143.4690,0.009399999999999995,0.0001,1.9323979,205574.24468085117,220299.0,0.0220299,nan,nan,nan,nan,0.1,1.0,20.0,10 V,1.0,False,1
143.4902,0.009399999999999995,0.0001,1.9323979,205574.24468085117,220738.99999999997,0.0220739,nan,nan,nan,nan,0.1,1.0,20.0,10 V,1.0,False,1
143.5114,0.009399999999999995,0.0001,1.9323979,205574.24468085117,220518.99999999997,0.0220519,nan,nan,nan,nan,0.1,1.0,20.0,10 V,1.0,False,1
143.5326,0.009399999999999995,0.0001,1.9323979,205574.24468085117,220849.0,0.0220849,nan,nan,nan,nan,0.1,1.0,20.0,10 V,1.0,False,1
143.5538,0.009399999999999995,0.0001,1.9323979,205574.24468085117,221288.99999999997,0.0221289,nan,nan,nan,nan,0.1,1.0,20.0,10 V,1.0,False,1
143.5751,0.009399999999999995,0.0001,1.9323979,205574.24468085117,220849.0,0.0220849,nan,nan,nan,nan,0.1,1.0,20.0,10 V,1.0,False,1
143.5964,0.009399999999999995,0.0001,1.9323979,205574.24468085117,220959.0,0.0220959,nan,nan,nan,nan,0.1,1.0,20.0,10 V,1.0,False,1
143.6176,0.009399999999999995,0.0001,1.9323979,205574.24468085117,220849.0,0.0220849,nan,nan,nan,nan,0.1,1.0,20.0,10 V,1.0,False,1
143.6389,0.009399999999999995,0.0001,1.9323979,205574.24468085117,220959.0,0.0220959,nan,nan,nan,nan,0.1,1.0,20.0,10 V,1.0,False,1
143.6600,0.009399999999999995,0.0001,1.9323979,205574.24468085117,221068.99999999997,0.0221069,nan,nan,nan,nan,0.1,1.0,20.0,10 V,1.0,False,1
143.6812,0.009399999999999995,0.0001,1.9323979,205574.24468085117,220849.0,0.0220849,nan,nan,nan,nan,0.1,1.0,20.0,10 V,1.0,False,1
143.7024,0.009399999999999995,0.0001,1.9323979,205574.24468085117,220518.99999999997,0.0220519,nan,nan,nan,nan,0.1,1.0,20.0,10 V,1.0,False,1
143.7236,0.009399999999999995,0.0001,1.9323979,205574.24468085117,220738.99999999997,0.0220739,nan,nan,nan,nan,0.1,1.0,20.0,10 V,1.0,False,1
143.7449,0.009399999999999995,0.0001,1.9323979,205574.24468085117,221618.99999999997,0.0221619,nan,nan,nan,nan,0.1,1.0,20.0,10 V,1.0,False,1
143.7660,0.009399999999999995,0.0001,1.9323979,205574.24468085117,220959.0,0.0220959,nan,nan,nan,nan,0.1,1.0,20.0,10 V,1.0,False,1
143.7873,0.009399999999999995,0.0001,1.9323979,205574.24468085117,221068.99999999997,0.0221069,nan,nan,nan,nan,0.1,1.0,20.0,10 V,1.0,False,1
143.8086,0.009399999999999995,0.0001,1.9323979,205574.24468085117,221178.99999999997,0.0221179,nan,nan,nan,nan,0.1,1.0,20.0,10 V,1.0,False,1
143.8298,0.009399999999999995,0.0001,1.9323979,205574.24468085117,221618.99999999997,0.0221619,nan,nan,nan,nan,0.1,1.0,20.0,10 V,1.0,False,1
143.8510,0.009399999999999995,0.0001,1.9323979,205574.24468085117,220959.0,0.0220959,nan,nan,nan,nan,0.1,1.0,20.0,10 V,1.0,False,1
143.8722,0.009399999999999995,0.0001,1.9323979,205574.24468085117,221068.99999999997,0.0221069,nan,nan,nan,nan,0.1,1.0,20.0,10 V,1.0,False,1
143.8934,0.009399999999999995,0.0001,1.9323979,205574.24468085117,221288.99999999997,0.0221289,nan,nan,nan,nan,0.1,1.0,20.0,10 V,1.0,False,1
143.9146,0.009399999999999995,0.0001,1.9323979,205574.24468085117,221178.99999999997,0.0221179,nan,nan,nan,nan,0.1,1.0,20.0,10 V,1.0,False,1
143.9358,0.009399999999999995,0.0001,1.9323979,205574.24468085117,220959.0,0.0220959,nan,nan,nan,nan,0.1,1.0,20.0,10 V,1.0,False,1
143.9570,0.009399999999999995,0.0001,1.9323979,205574.24468085117,221068.99999999997,0.0221069,nan,nan,nan,nan,0.1,1.0,20.0,10 V,1.0,False,1
143.9782,0.009399999999999995,0.0001,1.9323979,205574.24468085117,220959.0,0.0220959,nan,nan,nan,nan,0.1,1.0,20.0,10 V,1.0,False,1
143.9995,0.009399999999999995,0.0001,1.9323979,205574.24468085117,221068.99999999997,0.0221069,nan,nan,nan,nan,0.1,1.0,20.0,10 V,1.0,False,1
144.0207,0.009399999999999995,0.0001,1.9323979,205574.24468085117,221399.0,0.0221399,nan,nan,nan,nan,0.1,1.0,20.0,10 V,1.0,False,1
144.0420,0.009399999999999995,0.0001,1.9323979,205574.24468085117,221838.99999999997,0.0221839,nan,nan,nan,nan,0.1,1.0,20.0,10 V,1.0,False,1
144.0632,0.009399999999999995,0.0001,1.9323979,205574.24468085117,220628.99999999997,0.0220629,nan,nan,nan,nan,0.1,1.0,20.0,10 V,1.0,False,1
144.0844,0.009399999999999995,0.0001,1.9323979,205574.24468085117,220628.99999999997,0.0220629,nan,nan,nan,nan,0.1,1.0,20.0,10 V,1.0,False,1
144.1057,0.009399999999999995,0.0001,1.9323979,205574.24468085117,221178.99999999997,0.0221179,nan,nan,nan,nan,0.1,1.0,20.0,10 V,1.0,False,1
144.1269,0.009399999999999995,0.0001,1.9323979,205574.24468085117,220959.0,0.0220959,nan,nan,nan,nan,0.1,1.0,20.0,10 V,1.0,False,1
144.1481,0.009399999999999995,0.0001,1.9323979,205574.24468085117,220849.0,0.0220849,nan,nan,nan,nan,0.1,1.0,20.0,10 V,1.0,False,1
144.1693,0.009399999999999995,0.0001,1.9323979,205574.24468085117,221178.99999999997,0.0221179,nan,nan,nan,nan,0.1,1.0,20.0,10 V,1.0,False,1
144.1905,0.009399999999999995,0.0001,1.9323979,205574.24468085117,220959.0,0.0220959,nan,nan,nan,nan,0.1,1.0,20.0,10 V,1.0,False,1
144.2118,0.009399999999999995,0.0001,1.9323979,205574.24468085117,221068.99999999997,0.0221069,nan,nan,nan,nan,0.1,1.0,20.0,10 V,1.0,False,1
144.2329,0.009399999999999995,0.0001,1.9323979,205574.24468085117,221178.99999999997,0.0221179,nan,nan,nan,nan,0.1,1.0,20.0,10 V,1.0,False,1
144.2542,0.009399999999999995,0.0001,1.9323979,205574.24468085117,221288.99999999997,0.0221289,nan,nan,nan,nan,0.1,1.0,20.0,10 V,1.0,False,1
144.2754,0.009399999999999995,0.0001,1.9323979,205574.24468085117,221288.99999999997,0.0221289,nan,nan,nan,nan,0.1,1.0,20.0,10 V,1.0,False,1
144.2966,0.009399999999999995,0.0001,1.9323979,205574.24468085117,221178.99999999997,0.0221179,nan,nan,nan,nan,0.1,1.0,20.0,10 V,1.0,False,1
144.3178,0.009399999999999995,0.0001,1.9323979,205574.24468085117,220518.99999999997,0.0220519,nan,nan,nan,nan,0.1,1.0,20.0,10 V,1.0,False,1
144.3390,0.009399999999999995,0.0001,1.9323979,205574.24468085117,220959.0,0.0220959,nan,nan,nan,nan,0.1,1.0,20.0,10 V,1.0,False,1
144.3602,0.009399999999999995,0.0001,1.9323979,205574.24468085117,221068.99999999997,0.0221069,nan,nan,nan,nan,0.1,1.0,20.0,10 V,1.0,False,1
144.3815,0.009399999999999995,0.0001,1.9323979,205574.24468085117,221288.99999999997,0.0221289,nan,nan,nan,nan,0.1,1.0,20.0,10 V,1.0,False,1
144.4028,0.009399999999999995,0.0001,1.9323979,205574.24468085117,220849.0,0.0220849,nan,nan,nan,nan,0.1,1.0,20.0,10 V,1.0,False,1
144.4240,0.009399999999999995,0.0001,1.9323979,205574.24468085117,221178.99999999997,0.0221179,nan,nan,nan,nan,0.1,1.0,20.0,10 V,1.0,False,1
144.4452,0.009399999999999995,0.0001,1.9323979,205574.24468085117,221068.99999999997,0.0221069,nan,nan,nan,nan,0.1,1.0,20.0,10 V,1.0,False,1
144.4663,0.009399999999999995,0.0001,1.9323979,205574.24468085117,221288.99999999997,0.0221289,nan,nan,nan,nan,0.1,1.0,20.0,10 V,1.0,False,1
144.4875,0.009399999999999995,0.0001,1.9323979,205574.24468085117,221728.99999999997,0.0221729,nan,nan,nan,nan,0.1,1.0,20.0,10 V,1.0,False,1
144.5088,0.009399999999999995,0.0001,1.9323979,205574.24468085117,220959.0,0.0220959,nan,nan,nan,nan,0.1,1.0,20.0,10 V,1.0,False,1
144.5299,0.009399999999999995,0.0001,1.9323979,205574.24468085117,221509.0,0.0221509,nan,nan,nan,nan,0.1,1.0,20.0,10 V,1.0,False,1
144.5511,0.009399999999999995,0.0001,1.9323979,205574.24468085117,221948.99999999997,0.0221949,nan,nan,nan,nan,0.1,1.0,20.0,10 V,1.0,False,1
144.5724,0.009399999999999995,0.0001,1.9323979,205574.24468085117,220738.99999999997,0.0220739,nan,nan,nan,nan,0.1,1.0,20.0,10 V,1.0,False,1
144.5936,0.009399999999999995,0.0001,1.9323979,205574.24468085117,221178.99999999997,0.0221179,nan,nan,nan,nan,0.1,1.0,20.0,10 V,1.0,False,1
144.6149,0.009399999999999995,0.0001,1.9323979,205574.24468085117,221509.0,0.0221509,nan,nan,nan,nan,0.1,1.0,20.0,10 V,1.0,False,1
144.6361,0.009399999999999995,0.0001,1.9323979,205574.24468085117,221288.99999999997,0.0221289,nan,nan,nan,nan,0.1,1.0,20.0,10 V,1.0,False,1
144.6573,0.009399999999999995,0.0001,1.9323979,205574.24468085117,221288.99999999997,0.0221289,nan,nan,nan,nan,0.1,1.0,20.0,10 V,1.0,False,1
144.6784,0.009399999999999995,0.0001,1.9323979,205574.24468085117,221399.0,0.0221399,nan,nan,nan,nan,0.1,1.0,20.0,10 V,1.0,False,1
144.6997,0.009399999999999995,0.0001,1.9323979,205574.24468085117,222169.0,0.0222169,nan,nan,nan,nan,0.1,1.0,20.0,10 V,1.0,False,1
144.7209,0.009399999999999995,0.0001,1.9323979,205574.24468085117,221178.99999999997,0.0221179,nan,nan,nan,nan,0.1,1.0,20.0,10 V,1.0,False,1
144.7421,0.009399999999999995,0.0001,1.9323979,205574.24468085117,221288.99999999997,0.0221289,nan,nan,nan,nan,0.1,1.0,20.0,10 V,1.0,False,1
144.7632,0.009399999999999995,0.0001,1.9323979,205574.24468085117,221509.0,0.0221509,nan,nan,nan,nan,0.1,1.0,20.0,10 V,1.0,False,1
144.7844,0.009399999999999995,0.0001,1.9323979,205574.24468085117,221509.0,0.0221509,nan,nan,nan,nan,0.1,1.0,20.0,10 V,1.0,False,1
144.8056,0.009399999999999995,0.0001,1.9323979,205574.24468085117,221509.0,0.0221509,nan,nan,nan,nan,0.1,1.0,20.0,10 V,1.0,False,1
144.8268,0.009399999999999995,0.0001,1.9323979,205574.24468085117,221399.0,0.0221399,nan,nan,nan,nan,0.1,1.0,20.0,10 V,1.0,False,1
144.8481,0.009399999999999995,0.0001,1.9323979,205574.24468085117,221399.0,0.0221399,nan,nan,nan,nan,0.1,1.0,20.0,10 V,1.0,False,1
144.8693,0.009399999999999995,0.0001,1.9323979,205574.24468085117,221399.0,0.0221399,nan,nan,nan,nan,0.1,1.0,20.0,10 V,1.0,False,1
144.8906,0.009399999999999995,0.0001,1.9323979,205574.24468085117,221288.99999999997,0.0221289,nan,nan,nan,nan,0.1,1.0,20.0,10 V,1.0,False,1
144.9117,0.009399999999999995,0.0001,1.9323979,205574.24468085117,220738.99999999997,0.0220739,nan,nan,nan,nan,0.1,1.0,20.0,10 V,1.0,False,1
144.9330,0.009399999999999995,0.0001,1.9323979,205574.24468085117,221399.0,0.0221399,nan,nan,nan,nan,0.1,1.0,20.0,10 V,1.0,False,1
144.9542,0.009399999999999995,0.0001,1.9323979,205574.24468085117,221288.99999999997,0.0221289,nan,nan,nan,nan,0.1,1.0,20.0,10 V,1.0,False,1
144.9753,0.009399999999999995,0.0001,1.9323979,205574.24468085117,221399.0,0.0221399,nan,nan,nan,nan,0.1,1.0,20.0,10 V,1.0,False,1
144.9965,0.009399999999999995,0.0001,1.9323979,205574.24468085117,221399.0,0.0221399,nan,nan,nan,nan,0.1,1.0,20.0,10 V,1.0,False,1
145.0177,0.009399999999999995,0.0001,1.9323979,205574.24468085117,221399.0,0.0221399,nan,nan,nan,nan,0.1,1.0,20.0,10 V,1.0,False,1
145.0389,0.009399999999999995,0.0001,1.9323979,205574.24468085117,221618.99999999997,0.0221619,nan,nan,nan,nan,0.1,1.0,20.0,10 V,1.0,False,1
145.0601,0.009399999999999995,0.0001,1.9323979,205574.24468085117,222278.99999999997,0.0222279,nan,nan,nan,nan,0.1,1.0,20.0,10 V,1.0,False,1
145.0813,0.009399999999999995,0.0001,1.9323979,205574.24468085117,220738.99999999997,0.0220739,nan,nan,nan,nan,0.1,1.0,20.0,10 V,1.0,False,1
145.1025,0.009399999999999995,0.0001,1.9323979,205574.24468085117,221509.0,0.0221509,nan,nan,nan,nan,0.1,1.0,20.0,10 V,1.0,False,1
145.1237,0.009399999999999995,0.0001,1.9323979,205574.24468085117,221509.0,0.0221509,nan,nan,nan,nan,0.1,1.0,20.0,10 V,1.0,False,1
145.1449,0.009399999999999995,0.0001,1.9323979,205574.24468085117,221728.99999999997,0.0221729,nan,nan,nan,nan,0.1,1.0,20.0,10 V,1.0,False,1
145.1661,0.009399999999999995,0.0001,1.9323979,205574.24468085117,221399.0,0.0221399,nan,nan,nan,nan,0.1,1.0,20.0,10 V,1.0,False,1
145.1874,0.009399999999999995,0.0001,1.9323979,205574.24468085117,221399.0,0.0221399,nan,nan,nan,nan,0.1,1.0,20.0,10 V,1.0,False,1
145.2086,0.009399999999999995,0.0001,1.9323979,205574.24468085117,221068.99999999997,0.0221069,nan,nan,nan,nan,0.1,1.0,20.0,10 V,1.0,False,1
145.2298,0.009399999999999995,0.0001,1.9323979,205574.24468085117,221728.99999999997,0.0221729,nan,nan,nan,nan,0.1,1.0,20.0,10 V,1.0,False,1
145.2510,0.009399999999999995,0.0001,1.9323979,205574.24468085117,221618.99999999997,0.0221619,nan,nan,nan,nan,0.1,1.0,20.0,10 V,1.0,False,1
145.2722,0.009399999999999995,0.0001,1.9323979,205574.24468085117,221399.0,0.0221399,nan,nan,nan,nan,0.1,1.0,20.0,10 V,1.0,False,1
145.2934,0.009399999999999995,0.0001,1.9323979,205574.24468085117,221399.0,0.0221399,nan,nan,nan,nan,0.1,1.0,20.0,10 V,1.0,False,1
145.3148,0.009399999999999995,0.0001,1.9323979,205574.24468085117,221399.0,0.0221399,nan,nan,nan,nan,0.1,1.0,20.0,10 V,1.0,False,1
145.3360,0.009399999999999995,0.0001,1.9323979,205574.24468085117,221509.0,0.0221509,nan,nan,nan,nan,0.1,1.0,20.0,10 V,1.0,False,1
145.3572,0.009399999999999995,0.0001,1.9323979,205574.24468085117,221509.0,0.0221509,nan,nan,nan,nan,0.1,1.0,20.0,10 V,1.0,False,1
145.3784,0.009399999999999995,0.0001,1.9323979,205574.24468085117,221399.0,0.0221399,nan,nan,nan,nan,0.1,1.0,20.0,10 V,1.0,False,1
145.3997,0.009399999999999995,0.0001,1.9323979,205574.24468085117,221838.99999999997,0.0221839,nan,nan,nan,nan,0.1,1.0,20.0,10 V,1.0,False,1
145.4210,0.009399999999999995,0.0001,1.9323979,205574.24468085117,221728.99999999997,0.0221729,nan,nan,nan,nan,0.1,1.0,20.0,10 V,1.0,False,1
145.4423,0.009399999999999995,0.0001,1.9323979,205574.24468085117,221618.99999999997,0.0221619,nan,nan,nan,nan,0.1,1.0,20.0,10 V,1.0,False,1
145.4635,0.009399999999999995,0.0001,1.9323979,205574.24468085117,221618.99999999997,0.0221619,nan,nan,nan,nan,0.1,1.0,20.0,10 V,1.0,False,1
145.4848,0.009399999999999995,0.0001,1.9323979,205574.24468085117,221728.99999999997,0.0221729,nan,nan,nan,nan,0.1,1.0,20.0,10 V,1.0,False,1
145.5059,0.009399999999999995,0.0001,1.9323979,205574.24468085117,221509.0,0.0221509,nan,nan,nan,nan,0.1,1.0,20.0,10 V,1.0,False,1
145.5272,0.009399999999999995,0.0001,1.9323979,205574.24468085117,221728.99999999997,0.0221729,nan,nan,nan,nan,0.1,1.0,20.0,10 V,1.0,False,1
145.5484,0.009399999999999995,0.0001,1.9323979,205574.24468085117,221509.0,0.0221509,nan,nan,nan,nan,0.1,1.0,20.0,10 V,1.0,False,1
145.5696,0.009399999999999995,0.0001,1.9323979,205574.24468085117,221509.0,0.0221509,nan,nan,nan,nan,0.1,1.0,20.0,10 V,1.0,False,1
145.5908,0.009399999999999995,0.0001,1.9323979,205574.24468085117,221509.0,0.0221509,nan,nan,nan,nan,0.1,1.0,20.0,10 V,1.0,False,1
145.6120,0.009399999999999995,0.0001,1.9323979,205574.24468085117,221288.99999999997,0.0221289,nan,nan,nan,nan,0.1,1.0,20.0,10 V,1.0,False,1
145.6332,0.009399999999999995,0.0001,1.9323979,205574.24468085117,221618.99999999997,0.0221619,nan,nan,nan,nan,0.1,1.0,20.0,10 V,1.0,False,1
145.6545,0.009399999999999995,0.0001,1.9323979,205574.24468085117,221618.99999999997,0.0221619,nan,nan,nan,nan,0.1,1.0,20.0,10 V,1.0,False,1
145.6757,0.009399999999999995,0.0001,1.9323979,205574.24468085117,221399.0,0.0221399,nan,nan,nan,nan,0.1,1.0,20.0,10 V,1.0,False,1
145.6969,0.009399999999999995,0.0001,1.9323979,205574.24468085117,221728.99999999997,0.0221729,nan,nan,nan,nan,0.1,1.0,20.0,10 V,1.0,False,1
145.7182,0.009399999999999995,0.0001,1.9323979,205574.24468085117,221728.99999999997,0.0221729,nan,nan,nan,nan,0.1,1.0,20.0,10 V,1.0,False,1
145.7393,0.009399999999999995,0.0001,1.9323979,205574.24468085117,221728.99999999997,0.0221729,nan,nan,nan,nan,0.1,1.0,20.0,10 V,1.0,False,1
145.7606,0.009399999999999995,0.0001,1.9323979,205574.24468085117,221399.0,0.0221399,nan,nan,nan,nan,0.1,1.0,20.0,10 V,1.0,False,1
145.7819,0.009399999999999995,0.0001,1.9323979,205574.24468085117,221509.0,0.0221509,nan,nan,nan,nan,0.1,1.0,20.0,10 V,1.0,False,1
145.8031,0.009399999999999995,0.0001,1.9323979,205574.24468085117,221288.99999999997,0.0221289,nan,nan,nan,nan,0.1,1.0,20.0,10 V,1.0,False,1
145.8243,0.009399999999999995,0.0001,1.9323979,205574.24468085117,221509.0,0.0221509,nan,nan,nan,nan,0.1,1.0,20.0,10 V,1.0,False,1
145.8456,0.009399999999999995,0.0001,1.9323979,205574.24468085117,221509.0,0.0221509,nan,nan,nan,nan,0.1,1.0,20.0,10 V,1.0,False,1
145.8668,0.009399999999999995,0.0001,1.9323979,205574.24468085117,221509.0,0.0221509,nan,nan,nan,nan,0.1,1.0,20.0,10 V,1.0,False,1
145.8880,0.009399999999999995,0.0001,1.9323979,205574.24468085117,221618.99999999997,0.0221619,nan,nan,nan,nan,0.1,1.0,20.0,10 V,1.0,False,1
145.9091,0.009399999999999995,0.0001,1.9323979,205574.24468085117,221728.99999999997,0.0221729,nan,nan,nan,nan,0.1,1.0,20.0,10 V,1.0,False,1
145.9304,0.009399999999999995,0.0001,1.9323979,205574.24468085117,221728.99999999997,0.0221729,nan,nan,nan,nan,0.1,1.0,20.0,10 V,1.0,False,1
145.9516,0.009399999999999995,0.0001,1.9323979,205574.24468085117,221728.99999999997,0.0221729,nan,nan,nan,nan,0.1,1.0,20.0,10 V,1.0,False,1
145.9728,0.009399999999999995,0.0001,1.9323979,205574.24468085117,221948.99999999997,0.0221949,nan,nan,nan,nan,0.1,1.0,20.0,10 V,1.0,False,1
145.9940,0.009399999999999995,0.0001,1.9323979,205574.24468085117,221728.99999999997,0.0221729,nan,nan,nan,nan,0.1,1.0,20.0,10 V,1.0,False,1
146.0152,0.009399999999999995,0.0001,1.9323979,205574.24468085117,221948.99999999997,0.0221949,nan,nan,nan,nan,0.1,1.0,20.0,10 V,1.0,False,1
146.0364,0.009399999999999995,0.0001,1.9323979,205574.24468085117,221618.99999999997,0.0221619,nan,nan,nan,nan,0.1,1.0,20.0,10 V,1.0,False,1
146.0577,0.009399999999999995,0.0001,1.9323979,205574.24468085117,222608.99999999997,0.0222609,nan,nan,nan,nan,0.1,1.0,20.0,10 V,1.0,False,1
146.0789,0.009399999999999995,0.0001,1.9323979,205574.24468085117,221618.99999999997,0.0221619,nan,nan,nan,nan,0.1,1.0,20.0,10 V,1.0,False,1
146.0999,0.009399999999999995,0.0001,1.9323979,205574.24468085117,221618.99999999997,0.0221619,nan,nan,nan,nan,0.1,1.0,20.0,10 V,1.0,False,1
146.1211,0.009399999999999995,0.0001,1.9323979,205574.24468085117,221068.99999999997,0.0221069,nan,nan,nan,nan,0.1,1.0,20.0,10 V,1.0,False,1
146.1423,0.009399999999999995,0.0001,1.9323979,205574.24468085117,221728.99999999997,0.0221729,nan,nan,nan,nan,0.1,1.0,20.0,10 V,1.0,False,1
146.1635,0.009399999999999995,0.0001,1.9323979,205574.24468085117,222169.0,0.0222169,nan,nan,nan,nan,0.1,1.0,20.0,10 V,1.0,False,1
146.1847,0.009399999999999995,0.0001,1.9323979,205574.24468085117,221509.0,0.0221509,nan,nan,nan,nan,0.1,1.0,20.0,10 V,1.0,False,1
146.2059,0.009399999999999995,0.0001,1.9323979,205574.24468085117,221838.99999999997,0.0221839,nan,nan,nan,nan,0.1,1.0,20.0,10 V,1.0,False,1
146.2271,0.009399999999999995,0.0001,1.9323979,205574.24468085117,221618.99999999997,0.0221619,nan,nan,nan,nan,0.1,1.0,20.0,10 V,1.0,False,1
146.2483,0.009399999999999995,0.0001,1.9323979,205574.24468085117,221728.99999999997,0.0221729,nan,nan,nan,nan,0.1,1.0,20.0,10 V,1.0,False,1
146.2696,0.009399999999999995,0.0001,1.9323979,205574.24468085117,221618.99999999997,0.0221619,nan,nan,nan,nan,0.1,1.0,20.0,10 V,1.0,False,1
146.2908,0.009399999999999995,0.0001,1.9323979,205574.24468085117,221728.99999999997,0.0221729,nan,nan,nan,nan,0.1,1.0,20.0,10 V,1.0,False,1
146.3120,0.009399999999999995,0.0001,1.9323979,205574.24468085117,221838.99999999997,0.0221839,nan,nan,nan,nan,0.1,1.0,20.0,10 V,1.0,False,1
146.3332,0.009399999999999995,0.0001,1.9323979,205574.24468085117,221838.99999999997,0.0221839,nan,nan,nan,nan,0.1,1.0,20.0,10 V,1.0,False,1
146.3545,0.009399999999999995,0.0001,1.9323979,205574.24468085117,221948.99999999997,0.0221949,nan,nan,nan,nan,0.1,1.0,20.0,10 V,1.0,False,1
146.3757,0.009399999999999995,0.0001,1.9323979,205574.24468085117,221728.99999999997,0.0221729,nan,nan,nan,nan,0.1,1.0,20.0,10 V,1.0,False,1
146.3969,0.009399999999999995,0.0001,1.9323979,205574.24468085117,221068.99999999997,0.0221069,nan,nan,nan,nan,0.1,1.0,20.0,10 V,1.0,False,1
146.4182,0.009399999999999995,0.0001,1.9323979,205574.24468085117,222059.0,0.0222059,nan,nan,nan,nan,0.1,1.0,20.0,10 V,1.0,False,1
146.4393,0.009399999999999995,0.0001,1.9323979,205574.24468085117,222059.0,0.0222059,nan,nan,nan,nan,0.1,1.0,20.0,10 V,1.0,False,1
146.4604,0.009399999999999995,0.0001,1.9323979,205574.24468085117,221948.99999999997,0.0221949,nan,nan,nan,nan,0.1,1.0,20.0,10 V,1.0,False,1
146.4817,0.009399999999999995,0.0001,1.9323979,205574.24468085117,221838.99999999997,0.0221839,nan,nan,nan,nan,0.1,1.0,20.0,10 V,1.0,False,1
146.5029,0.009399999999999995,0.0001,1.9323979,205574.24468085117,221618.99999999997,0.0221619,nan,nan,nan,nan,0.1,1.0,20.0,10 V,1.0,False,1
146.5241,0.009399999999999995,0.0001,1.9323979,205574.24468085117,221838.99999999997,0.0221839,nan,nan,nan,nan,0.1,1.0,20.0,10 V,1.0,False,1
146.5453,0.009399999999999995,0.0001,1.9323979,205574.24468085117,221838.99999999997,0.0221839,nan,nan,nan,nan,0.1,1.0,20.0,10 V,1.0,False,1
146.5665,0.009399999999999995,0.0001,1.9323979,205574.24468085117,221838.99999999997,0.0221839,nan,nan,nan,nan,0.1,1.0,20.0,10 V,1.0,False,1
146.5878,0.009399999999999995,0.0001,1.9323979,205574.24468085117,222059.0,0.0222059,nan,nan,nan,nan,0.1,1.0,20.0,10 V,1.0,False,1
146.6091,0.009399999999999995,0.0001,1.9323979,205574.24468085117,222059.0,0.0222059,nan,nan,nan,nan,0.1,1.0,20.0,10 V,1.0,False,1
146.6303,0.009399999999999995,0.0001,1.9323979,205574.24468085117,222169.0,0.0222169,nan,nan,nan,nan,0.1,1.0,20.0,10 V,1.0,False,1
146.6515,0.009399999999999995,0.0001,1.9323979,205574.24468085117,221948.99999999997,0.0221949,nan,nan,nan,nan,0.1,1.0,20.0,10 V,1.0,False,1
146.6727,0.009399999999999995,0.0001,1.9323979,205574.24468085117,221509.0,0.0221509,nan,nan,nan,nan,0.1,1.0,20.0,10 V,1.0,False,1
146.6939,0.009399999999999995,0.0001,1.9323979,205574.24468085117,221728.99999999997,0.0221729,nan,nan,nan,nan,0.1,1.0,20.0,10 V,1.0,False,1
146.7151,0.009399999999999995,0.0001,1.9323979,205574.24468085117,221948.99999999997,0.0221949,nan,nan,nan,nan,0.1,1.0,20.0,10 V,1.0,False,1
146.7363,0.009399999999999995,0.0001,1.9323979,205574.24468085117,221838.99999999997,0.0221839,nan,nan,nan,nan,0.1,1.0,20.0,10 V,1.0,False,1
146.7576,0.009399999999999995,0.0001,1.9323979,205574.24468085117,222169.0,0.0222169,nan,nan,nan,nan,0.1,1.0,20.0,10 V,1.0,False,1
146.7788,0.009399999999999995,0.0001,1.9323979,205574.24468085117,221838.99999999997,0.0221839,nan,nan,nan,nan,0.1,1.0,20.0,10 V,1.0,False,1
146.8001,0.009399999999999995,0.0001,1.9323979,205574.24468085117,222059.0,0.0222059,nan,nan,nan,nan,0.1,1.0,20.0,10 V,1.0,False,1
146.8213,0.009399999999999995,0.0001,1.9323979,205574.24468085117,221948.99999999997,0.0221949,nan,nan,nan,nan,0.1,1.0,20.0,10 V,1.0,False,1
146.8426,0.009399999999999995,0.0001,1.9323979,205574.24468085117,221948.99999999997,0.0221949,nan,nan,nan,nan,0.1,1.0,20.0,10 V,1.0,False,1
146.8638,0.009399999999999995,0.0001,1.9323979,205574.24468085117,221948.99999999997,0.0221949,nan,nan,nan,nan,0.1,1.0,20.0,10 V,1.0,False,1
146.8850,0.009399999999999995,0.0001,1.9323979,205574.24468085117,221728.99999999997,0.0221729,nan,nan,nan,nan,0.1,1.0,20.0,10 V,1.0,False,1
146.9062,0.009399999999999995,0.0001,1.9323979,205574.24468085117,221838.99999999997,0.0221839,nan,nan,nan,nan,0.1,1.0,20.0,10 V,1.0,False,1
146.9275,0.009399999999999995,0.0001,1.9323979,205574.24468085117,222278.99999999997,0.0222279,nan,nan,nan,nan,0.1,1.0,20.0,10 V,1.0,False,1
146.9486,0.009399999999999995,0.0001,1.9323979,205574.24468085117,222169.0,0.0222169,nan,nan,nan,nan,0.1,1.0,20.0,10 V,1.0,False,1
146.9698,0.009399999999999995,0.0001,1.9323979,205574.24468085117,221948.99999999997,0.0221949,nan,nan,nan,nan,0.1,1.0,20.0,10 V,1.0,False,1
146.9911,0.009399999999999995,0.0001,1.9323979,205574.24468085117,221838.99999999997,0.0221839,nan,nan,nan,nan,0.1,1.0,20.0,10 V,1.0,False,1
147.0124,0.009399999999999995,0.0001,1.9323979,205574.24468085117,222278.99999999997,0.0222279,nan,nan,nan,nan,0.1,1.0,20.0,10 V,1.0,False,1
147.0336,0.009399999999999995,0.0001,1.9323979,205574.24468085117,222169.0,0.0222169,nan,nan,nan,nan,0.1,1.0,20.0,10 V,1.0,False,1
147.0548,0.009399999999999995,0.0001,1.9323979,205574.24468085117,222169.0,0.0222169,nan,nan,nan,nan,0.1,1.0,20.0,10 V,1.0,False,1
147.0761,0.009399999999999995,0.0001,1.9323979,205574.24468085117,221618.99999999997,0.0221619,nan,nan,nan,nan,0.1,1.0,20.0,10 V,1.0,False,1
147.0972,0.009399999999999995,0.0001,1.9323979,205574.24468085117,221948.99999999997,0.0221949,nan,nan,nan,nan,0.1,1.0,20.0,10 V,1.0,False,1
147.1184,0.009399999999999995,0.0001,1.9323979,205574.24468085117,222169.0,0.0222169,nan,nan,nan,nan,0.1,1.0,20.0,10 V,1.0,False,1
147.1397,0.009399999999999995,0.0001,1.9323979,205574.24468085117,221838.99999999997,0.0221839,nan,nan,nan,nan,0.1,1.0,20.0,10 V,1.0,False,1
147.1609,0.009399999999999995,0.0001,1.9323979,205574.24468085117,221838.99999999997,0.0221839,nan,nan,nan,nan,0.1,1.0,20.0,10 V,1.0,False,1
147.1821,0.009399999999999995,0.0001,1.9323979,205574.24468085117,221948.99999999997,0.0221949,nan,nan,nan,nan,0.1,1.0,20.0,10 V,1.0,False,1
147.2033,0.009399999999999995,0.0001,1.9323979,205574.24468085117,222059.0,0.0222059,nan,nan,nan,nan,0.1,1.0,20.0,10 V,1.0,False,1
147.2246,0.009399999999999995,0.0001,1.9323979,205574.24468085117,221948.99999999997,0.0221949,nan,nan,nan,nan,0.1,1.0,20.0,10 V,1.0,False,1
147.2458,0.009399999999999995,0.0001,1.9323979,205574.24468085117,222169.0,0.0222169,nan,nan,nan,nan,0.1,1.0,20.0,10 V,1.0,False,1
147.2670,0.009399999999999995,0.0001,1.9323979,205574.24468085117,222169.0,0.0222169,nan,nan,nan,nan,0.1,1.0,20.0,10 V,1.0,False,1
147.2882,0.009399999999999995,0.0001,1.9323979,205574.24468085117,222278.99999999997,0.0222279,nan,nan,nan,nan,0.1,1.0,20.0,10 V,1.0,False,1
147.3094,0.009399999999999995,0.0001,1.9323979,205574.24468085117,222388.99999999997,0.0222389,nan,nan,nan,nan,0.1,1.0,20.0,10 V,1.0,False,1
147.3305,0.009399999999999995,0.0001,1.9323979,205574.24468085117,221948.99999999997,0.0221949,nan,nan,nan,nan,0.1,1.0,20.0,10 V,1.0,False,1
147.3517,0.009399999999999995,0.0001,1.9323979,205574.24468085117,222388.99999999997,0.0222389,nan,nan,nan,nan,0.1,1.0,20.0,10 V,1.0,False,1
147.3728,0.009399999999999995,0.0001,1.9323979,205574.24468085117,222169.0,0.0222169,nan,nan,nan,nan,0.1,1.0,20.0,10 V,1.0,False,1
147.3941,0.009399999999999995,0.0001,1.9323979,205574.24468085117,222608.99999999997,0.0222609,nan,nan,nan,nan,0.1,1.0,20.0,10 V,1.0,False,1
147.4154,0.009399999999999995,0.0001,1.9323979,205574.24468085117,222059.0,0.0222059,nan,nan,nan,nan,0.1,1.0,20.0,10 V,1.0,False,1
147.4366,0.009399999999999995,0.0001,1.9323979,205574.24468085117,221948.99999999997,0.0221949,nan,nan,nan,nan,0.1,1.0,20.0,10 V,1.0,False,1
147.4578,0.009399999999999995,0.0001,1.9323979,205574.24468085117,222059.0,0.0222059,nan,nan,nan,nan,0.1,1.0,20.0,10 V,1.0,False,1
147.4791,0.009399999999999995,0.0001,1.9323979,205574.24468085117,221838.99999999997,0.0221839,nan,nan,nan,nan,0.1,1.0,20.0,10 V,1.0,False,1
147.5004,0.009399999999999995,0.0001,1.9323979,205574.24468085117,222278.99999999997,0.0222279,nan,nan,nan,nan,0.1,1.0,20.0,10 V,1.0,False,1
147.5215,0.009399999999999995,0.0001,1.9323979,205574.24468085117,222719.0,0.0222719,nan,nan,nan,nan,0.1,1.0,20.0,10 V,1.0,False,1
147.5428,0.009399999999999995,0.0001,1.9323979,205574.24468085117,222388.99999999997,0.0222389,nan,nan,nan,nan,0.1,1.0,20.0,10 V,1.0,False,1
147.5640,0.009399999999999995,0.0001,1.9323979,205574.24468085117,222059.0,0.0222059,nan,nan,nan,nan,0.1,1.0,20.0,10 V,1.0,False,1
147.5851,0.009399999999999995,0.0001,1.9323979,205574.24468085117,222278.99999999997,0.0222279,nan,nan,nan,nan,0.1,1.0,20.0,10 V,1.0,False,1
147.6063,0.009399999999999995,0.0001,1.9323979,205574.24468085117,222169.0,0.0222169,nan,nan,nan,nan,0.1,1.0,20.0,10 V,1.0,False,1
147.6275,0.009399999999999995,0.0001,1.9323979,205574.24468085117,222498.99999999997,0.0222499,nan,nan,nan,nan,0.1,1.0,20.0,10 V,1.0,False,1
147.6487,0.009399999999999995,0.0001,1.9323979,205574.24468085117,222278.99999999997,0.0222279,nan,nan,nan,nan,0.1,1.0,20.0,10 V,1.0,False,1
147.6699,0.009399999999999995,0.0001,1.9323979,205574.24468085117,222278.99999999997,0.0222279,nan,nan,nan,nan,0.1,1.0,20.0,10 V,1.0,False,1
147.6911,0.009399999999999995,0.0001,1.9323979,205574.24468085117,222388.99999999997,0.0222389,nan,nan,nan,nan,0.1,1.0,20.0,10 V,1.0,False,1
147.7123,0.009399999999999995,0.0001,1.9323979,205574.24468085117,222388.99999999997,0.0222389,nan,nan,nan,nan,0.1,1.0,20.0,10 V,1.0,False,1
147.7336,0.009399999999999995,0.0001,1.9323979,205574.24468085117,222278.99999999997,0.0222279,nan,nan,nan,nan,0.1,1.0,20.0,10 V,1.0,False,1
147.7548,0.009399999999999995,0.0001,1.9323979,205574.24468085117,222169.0,0.0222169,nan,nan,nan,nan,0.1,1.0,20.0,10 V,1.0,False,1
147.7760,0.009399999999999995,0.0001,1.9323979,205574.24468085117,222169.0,0.0222169,nan,nan,nan,nan,0.1,1.0,20.0,10 V,1.0,False,1
147.7972,0.009399999999999995,0.0001,1.9323979,205574.24468085117,222059.0,0.0222059,nan,nan,nan,nan,0.1,1.0,20.0,10 V,1.0,False,1
147.8185,0.009399999999999995,0.0001,1.9323979,205574.24468085117,222278.99999999997,0.0222279,nan,nan,nan,nan,0.1,1.0,20.0,10 V,1.0,False,1
147.8396,0.009399999999999995,0.0001,1.9323979,205574.24468085117,222388.99999999997,0.0222389,nan,nan,nan,nan,0.1,1.0,20.0,10 V,1.0,False,1
147.8609,0.009399999999999995,0.0001,1.9323979,205574.24468085117,222608.99999999997,0.0222609,nan,nan,nan,nan,0.1,1.0,20.0,10 V,1.0,False,1
147.8820,0.009399999999999995,0.0001,1.9323979,205574.24468085117,222169.0,0.0222169,nan,nan,nan,nan,0.1,1.0,20.0,10 V,1.0,False,1
147.9032,0.009399999999999995,0.0001,1.9323979,205574.24468085117,222498.99999999997,0.0222499,nan,nan,nan,nan,0.1,1.0,20.0,10 V,1.0,False,1
147.9244,0.009399999999999995,0.0001,1.9323979,205574.24468085117,222498.99999999997,0.0222499,nan,nan,nan,nan,0.1,1.0,20.0,10 V,1.0,False,1
147.9456,0.009399999999999995,0.0001,1.9323979,205574.24468085117,222388.99999999997,0.0222389,nan,nan,nan,nan,0.1,1.0,20.0,10 V,1.0,False,1
147.9668,0.009399999999999995,0.0001,1.9323979,205574.24468085117,222278.99999999997,0.0222279,nan,nan,nan,nan,0.1,1.0,20.0,10 V,1.0,False,1
147.9881,0.009399999999999995,0.0001,1.9323979,205574.24468085117,222719.0,0.0222719,nan,nan,nan,nan,0.1,1.0,20.0,10 V,1.0,False,1
148.0093,0.009399999999999995,0.0001,1.9323979,205574.24468085117,222169.0,0.0222169,nan,nan,nan,nan,0.1,1.0,20.0,10 V,1.0,False,1
148.0305,0.009399999999999995,0.0001,1.9323979,205574.24468085117,222608.99999999997,0.0222609,nan,nan,nan,nan,0.1,1.0,20.0,10 V,1.0,False,1
148.0518,0.009399999999999995,0.0001,1.9323979,205574.24468085117,222278.99999999997,0.0222279,nan,nan,nan,nan,0.1,1.0,20.0,10 V,1.0,False,1
148.0730,0.009399999999999995,0.0001,1.9323979,205574.24468085117,222059.0,0.0222059,nan,nan,nan,nan,0.1,1.0,20.0,10 V,1.0,False,1
148.0941,0.009399999999999995,0.0001,1.9323979,205574.24468085117,222498.99999999997,0.0222499,nan,nan,nan,nan,0.1,1.0,20.0,10 V,1.0,False,1
148.1153,0.009399999999999995,0.0001,1.9323979,205574.24468085117,222498.99999999997,0.0222499,nan,nan,nan,nan,0.1,1.0,20.0,10 V,1.0,False,1
148.1367,0.009399999999999995,0.0001,1.9323979,205574.24468085117,222719.0,0.0222719,nan,nan,nan,nan,0.1,1.0,20.0,10 V,1.0,False,1
148.1579,0.009399999999999995,0.0001,1.9323979,205574.24468085117,222278.99999999997,0.0222279,nan,nan,nan,nan,0.1,1.0,20.0,10 V,1.0,False,1
148.1791,0.009399999999999995,0.0001,1.9323979,205574.24468085117,222498.99999999997,0.0222499,nan,nan,nan,nan,0.1,1.0,20.0,10 V,1.0,False,1
148.2003,0.009399999999999995,0.0001,1.9323979,205574.24468085117,222169.0,0.0222169,nan,nan,nan,nan,0.1,1.0,20.0,10 V,1.0,False,1
148.2215,0.009399999999999995,0.0001,1.9323979,205574.24468085117,222498.99999999997,0.0222499,nan,nan,nan,nan,0.1,1.0,20.0,10 V,1.0,False,1
148.2428,0.009399999999999995,0.0001,1.9323979,205574.24468085117,222388.99999999997,0.0222389,nan,nan,nan,nan,0.1,1.0,20.0,10 V,1.0,False,1
148.2639,0.009399999999999995,0.0001,1.9323979,205574.24468085117,222278.99999999997,0.0222279,nan,nan,nan,nan,0.1,1.0,20.0,10 V,1.0,False,1
148.2852,0.009399999999999995,0.0001,1.9323979,205574.24468085117,222498.99999999997,0.0222499,nan,nan,nan,nan,0.1,1.0,20.0,10 V,1.0,False,1
148.3064,0.009399999999999995,0.0001,1.9323979,205574.24468085117,222498.99999999997,0.0222499,nan,nan,nan,nan,0.1,1.0,20.0,10 V,1.0,False,1
148.3277,0.009399999999999995,0.0001,1.9323979,205574.24468085117,222278.99999999997,0.0222279,nan,nan,nan,nan,0.1,1.0,20.0,10 V,1.0,False,1
148.3488,0.009399999999999995,0.0001,1.9323979,205574.24468085117,221728.99999999997,0.0221729,nan,nan,nan,nan,0.1,1.0,20.0,10 V,1.0,False,1
148.3701,0.009399999999999995,0.0001,1.9323979,205574.24468085117,222388.99999999997,0.0222389,nan,nan,nan,nan,0.1,1.0,20.0,10 V,1.0,False,1
148.3911,0.009399999999999995,0.0001,1.9323979,205574.24468085117,222938.99999999997,0.0222939,nan,nan,nan,nan,0.1,1.0,20.0,10 V,1.0,False,1
148.4123,0.009399999999999995,0.0001,1.9323979,205574.24468085117,222278.99999999997,0.0222279,nan,nan,nan,nan,0.1,1.0,20.0,10 V,1.0,False,1
148.4334,0.009399999999999995,0.0001,1.9323979,205574.24468085117,222169.0,0.0222169,nan,nan,nan,nan,0.1,1.0,20.0,10 V,1.0,False,1
148.4546,0.009399999999999995,0.0001,1.9323979,205574.24468085117,222938.99999999997,0.0222939,nan,nan,nan,nan,0.1,1.0,20.0,10 V,1.0,False,1
148.4759,0.009399999999999995,0.0001,1.9323979,205574.24468085117,222608.99999999997,0.0222609,nan,nan,nan,nan,0.1,1.0,20.0,10 V,1.0,False,1
148.4970,0.009399999999999995,0.0001,1.9323979,205574.24468085117,222169.0,0.0222169,nan,nan,nan,nan,0.1,1.0,20.0,10 V,1.0,False,1
148.5182,0.009399999999999995,0.0001,1.9323979,205574.24468085117,222498.99999999997,0.0222499,nan,nan,nan,nan,0.1,1.0,20.0,10 V,1.0,False,1
148.5393,0.009399999999999995,0.0001,1.9323979,205574.24468085117,222388.99999999997,0.0222389,nan,nan,nan,nan,0.1,1.0,20.0,10 V,1.0,False,1
148.5604,0.009399999999999995,0.0001,1.9323979,205574.24468085117,222829.0,0.0222829,nan,nan,nan,nan,0.1,1.0,20.0,10 V,1.0,False,1
148.5817,0.009399999999999995,0.0001,1.9323979,205574.24468085117,222829.0,0.0222829,nan,nan,nan,nan,0.1,1.0,20.0,10 V,1.0,False,1
148.6029,0.009399999999999995,0.0001,1.9323979,205574.24468085117,222938.99999999997,0.0222939,nan,nan,nan,nan,0.1,1.0,20.0,10 V,1.0,False,1
148.6241,0.009399999999999995,0.0001,1.9323979,205574.24468085117,222608.99999999997,0.0222609,nan,nan,nan,nan,0.1,1.0,20.0,10 V,1.0,False,1
148.6453,0.009399999999999995,0.0001,1.9323979,205574.24468085117,222719.0,0.0222719,nan,nan,nan,nan,0.1,1.0,20.0,10 V,1.0,False,1
148.6665,0.009399999999999995,0.0001,1.9323979,205574.24468085117,222719.0,0.0222719,nan,nan,nan,nan,0.1,1.0,20.0,10 V,1.0,False,1
148.6878,0.009399999999999995,0.0001,1.9323979,205574.24468085117,221838.99999999997,0.0221839,nan,nan,nan,nan,0.1,1.0,20.0,10 V,1.0,False,1
148.7089,0.009399999999999995,0.0001,1.9323979,205574.24468085117,222938.99999999997,0.0222939,nan,nan,nan,nan,0.1,1.0,20.0,10 V,1.0,False,1
148.7301,0.009399999999999995,0.0001,1.9323979,205574.24468085117,222719.0,0.0222719,nan,nan,nan,nan,0.1,1.0,20.0,10 V,1.0,False,1
148.7513,0.009399999999999995,0.0001,1.9323979,205574.24468085117,222938.99999999997,0.0222939,nan,nan,nan,nan,0.1,1.0,20.0,10 V,1.0,False,1
148.7725,0.009399999999999995,0.0001,1.9323979,205574.24468085117,223598.99999999997,0.0223599,nan,nan,nan,nan,0.1,1.0,20.0,10 V,1.0,False,1
148.7938,0.009399999999999995,0.0001,1.9323979,205574.24468085117,222498.99999999997,0.0222499,nan,nan,nan,nan,0.1,1.0,20.0,10 V,1.0,False,1
148.8149,0.009399999999999995,0.0001,1.9323979,205574.24468085117,222938.99999999997,0.0222939,nan,nan,nan,nan,0.1,1.0,20.0,10 V,1.0,False,1
148.8361,0.009399999999999995,0.0001,1.9323979,205574.24468085117,222498.99999999997,0.0222499,nan,nan,nan,nan,0.1,1.0,20.0,10 V,1.0,False,1
148.8574,0.009399999999999995,0.0001,1.9323979,205574.24468085117,222608.99999999997,0.0222609,nan,nan,nan,nan,0.1,1.0,20.0,10 V,1.0,False,1
148.8786,0.009399999999999995,0.0001,1.9323979,205574.24468085117,222719.0,0.0222719,nan,nan,nan,nan,0.1,1.0,20.0,10 V,1.0,False,1
148.8997,0.009399999999999995,0.0001,1.9323979,205574.24468085117,222938.99999999997,0.0222939,nan,nan,nan,nan,0.1,1.0,20.0,10 V,1.0,False,1
148.9210,0.009399999999999995,0.0001,1.9323979,205574.24468085117,223048.99999999997,0.0223049,nan,nan,nan,nan,0.1,1.0,20.0,10 V,1.0,False,1
148.9422,0.009399999999999995,0.0001,1.9323979,205574.24468085117,222938.99999999997,0.0222939,nan,nan,nan,nan,0.1,1.0,20.0,10 V,1.0,False,1
148.9635,0.009399999999999995,0.0001,1.9323979,205574.24468085117,222608.99999999997,0.0222609,nan,nan,nan,nan,0.1,1.0,20.0,10 V,1.0,False,1
148.9847,0.009399999999999995,0.0001,1.9323979,205574.24468085117,222498.99999999997,0.0222499,nan,nan,nan,nan,0.1,1.0,20.0,10 V,1.0,False,1
149.0058,0.009399999999999995,0.0001,1.9323979,205574.24468085117,222169.0,0.0222169,nan,nan,nan,nan,0.1,1.0,20.0,10 V,1.0,False,1
149.0270,0.009399999999999995,0.0001,1.9323979,205574.24468085117,222719.0,0.0222719,nan,nan,nan,nan,0.1,1.0,20.0,10 V,1.0,False,1
149.0483,0.009399999999999995,0.0001,1.9323979,205574.24468085117,222278.99999999997,0.0222279,nan,nan,nan,nan,0.1,1.0,20.0,10 V,1.0,False,1
149.0694,0.009399999999999995,0.0001,1.9323979,205574.24468085117,222388.99999999997,0.0222389,nan,nan,nan,nan,0.1,1.0,20.0,10 V,1.0,False,1
149.0908,0.009399999999999995,0.0001,1.9323979,205574.24468085117,222278.99999999997,0.0222279,nan,nan,nan,nan,0.1,1.0,20.0,10 V,1.0,False,1
149.1120,0.009399999999999995,0.0001,1.9323979,205574.24468085117,222719.0,0.0222719,nan,nan,nan,nan,0.1,1.0,20.0,10 V,1.0,False,1
149.1332,0.009399999999999995,0.0001,1.9323979,205574.24468085117,222938.99999999997,0.0222939,nan,nan,nan,nan,0.1,1.0,20.0,10 V,1.0,False,1
149.1545,0.009399999999999995,0.0001,1.9323979,205574.24468085117,222388.99999999997,0.0222389,nan,nan,nan,nan,0.1,1.0,20.0,10 V,1.0,False,1
149.1757,0.009399999999999995,0.0001,1.9323979,205574.24468085117,222938.99999999997,0.0222939,nan,nan,nan,nan,0.1,1.0,20.0,10 V,1.0,False,1
149.1969,0.009399999999999995,0.0001,1.9323979,205574.24468085117,222938.99999999997,0.0222939,nan,nan,nan,nan,0.1,1.0,20.0,10 V,1.0,False,1
149.2181,0.009399999999999995,0.0001,1.9323979,205574.24468085117,222938.99999999997,0.0222939,nan,nan,nan,nan,0.1,1.0,20.0,10 V,1.0,False,1
149.2394,0.009399999999999995,0.0001,1.9323979,205574.24468085117,222388.99999999997,0.0222389,nan,nan,nan,nan,0.1,1.0,20.0,10 V,1.0,False,1
149.2605,0.009399999999999995,0.0001,1.9323979,205574.24468085117,222719.0,0.0222719,nan,nan,nan,nan,0.1,1.0,20.0,10 V,1.0,False,1
149.2817,0.009399999999999995,0.0001,1.9323979,205574.24468085117,222059.0,0.0222059,nan,nan,nan,nan,0.1,1.0,20.0,10 V,1.0,False,1
149.3030,0.009399999999999995,0.0001,1.9323979,205574.24468085117,223379.0,0.0223379,nan,nan,nan,nan,0.1,1.0,20.0,10 V,1.0,False,1
149.3241,0.009399999999999995,0.0001,1.9323979,205574.24468085117,223489.0,0.0223489,nan,nan,nan,nan,0.1,1.0,20.0,10 V,1.0,False,1
149.3454,0.009399999999999995,0.0001,1.9323979,205574.24468085117,223268.99999999997,0.0223269,nan,nan,nan,nan,0.1,1.0,20.0,10 V,1.0,False,1
149.3666,0.009399999999999995,0.0001,1.9323979,205574.24468085117,223598.99999999997,0.0223599,nan,nan,nan,nan,0.1,1.0,20.0,10 V,1.0,False,1
149.3878,0.009399999999999995,0.0001,1.9323979,205574.24468085117,223379.0,0.0223379,nan,nan,nan,nan,0.1,1.0,20.0,10 V,1.0,False,1
149.4090,0.009399999999999995,0.0001,1.9323979,205574.24468085117,223268.99999999997,0.0223269,nan,nan,nan,nan,0.1,1.0,20.0,10 V,1.0,False,1
149.4303,0.009399999999999995,0.0001,1.9323979,205574.24468085117,223379.0,0.0223379,nan,nan,nan,nan,0.1,1.0,20.0,10 V,1.0,False,1
149.4516,0.009399999999999995,0.0001,1.9323979,205574.24468085117,224149.0,0.0224149,nan,nan,nan,nan,0.1,1.0,20.0,10 V,1.0,False,1
149.4728,0.009399999999999995,0.0001,1.9323979,205574.24468085117,223158.99999999997,0.0223159,nan,nan,nan,nan,0.1,1.0,20.0,10 V,1.0,False,1
149.4940,0.009399999999999995,0.0001,1.9323979,205574.24468085117,223268.99999999997,0.0223269,nan,nan,nan,nan,0.1,1.0,20.0,10 V,1.0,False,1
149.5153,0.009399999999999995,0.0001,1.9323979,205574.24468085117,223489.0,0.0223489,nan,nan,nan,nan,0.1,1.0,20.0,10 V,1.0,False,1
149.5365,0.009399999999999995,0.0001,1.9323979,205574.24468085117,223268.99999999997,0.0223269,nan,nan,nan,nan,0.1,1.0,20.0,10 V,1.0,False,1
149.5577,0.009399999999999995,0.0001,1.9323979,205574.24468085117,223928.99999999997,0.0223929,nan,nan,nan,nan,0.1,1.0,20.0,10 V,1.0,False,1
149.5789,0.009399999999999995,0.0001,1.9323979,205574.24468085117,223158.99999999997,0.0223159,nan,nan,nan,nan,0.1,1.0,20.0,10 V,1.0,False,1
149.6001,0.009399999999999995,0.0001,1.9323979,205574.24468085117,223598.99999999997,0.0223599,nan,nan,nan,nan,0.1,1.0,20.0,10 V,1.0,False,1
149.6213,0.009399999999999995,0.0001,1.9323979,205574.24468085117,223158.99999999997,0.0223159,nan,nan,nan,nan,0.1,1.0,20.0,10 V,1.0,False,1
149.6426,0.009399999999999995,0.0001,1.9323979,205574.24468085117,223928.99999999997,0.0223929,nan,nan,nan,nan,0.1,1.0,20.0,10 V,1.0,False,1
149.6638,0.009399999999999995,0.0001,1.9323979,205574.24468085117,223048.99999999997,0.0223049,nan,nan,nan,nan,0.1,1.0,20.0,10 V,1.0,False,1
149.6850,0.009399999999999995,0.0001,1.9323979,205574.24468085117,223379.0,0.0223379,nan,nan,nan,nan,0.1,1.0,20.0,10 V,1.0,False,1
149.7061,0.009399999999999995,0.0001,1.9323979,205574.24468085117,223048.99999999997,0.0223049,nan,nan,nan,nan,0.1,1.0,20.0,10 V,1.0,False,1
149.7273,0.009399999999999995,0.0001,1.9323979,205574.24468085117,223268.99999999997,0.0223269,nan,nan,nan,nan,0.1,1.0,20.0,10 V,1.0,False,1
149.7485,0.009399999999999995,0.0001,1.9323979,205574.24468085117,223158.99999999997,0.0223159,nan,nan,nan,nan,0.1,1.0,20.0,10 V,1.0,False,1
149.7697,0.009399999999999995,0.0001,1.9323979,205574.24468085117,223048.99999999997,0.0223049,nan,nan,nan,nan,0.1,1.0,20.0,10 V,1.0,False,1
149.7909,0.009399999999999995,0.0001,1.9323979,205574.24468085117,223158.99999999997,0.0223159,nan,nan,nan,nan,0.1,1.0,20.0,10 V,1.0,False,1
149.8122,0.009399999999999995,0.0001,1.9323979,205574.24468085117,222719.0,0.0222719,nan,nan,nan,nan,0.1,1.0,20.0,10 V,1.0,False,1
149.8336,0.009399999999999995,0.0001,1.9323979,205574.24468085117,222829.0,0.0222829,nan,nan,nan,nan,0.1,1.0,20.0,10 V,1.0,False,1
149.8547,0.009399999999999995,0.0001,1.9323979,205574.24468085117,223268.99999999997,0.0223269,nan,nan,nan,nan,0.1,1.0,20.0,10 V,1.0,False,1
149.8759,0.009399999999999995,0.0001,1.9323979,205574.24468085117,223158.99999999997,0.0223159,nan,nan,nan,nan,0.1,1.0,20.0,10 V,1.0,False,1
149.8971,0.009399999999999995,0.0001,1.9323979,205574.24468085117,223048.99999999997,0.0223049,nan,nan,nan,nan,0.1,1.0,20.0,10 V,1.0,False,1
149.9184,0.009399999999999995,0.0001,1.9323979,205574.24468085117,223379.0,0.0223379,nan,nan,nan,nan,0.1,1.0,20.0,10 V,1.0,False,1
149.9397,0.009399999999999995,0.0001,1.9323979,205574.24468085117,223268.99999999997,0.0223269,nan,nan,nan,nan,0.1,1.0,20.0,10 V,1.0,False,1
149.9609,0.009399999999999995,0.0001,1.9323979,205574.24468085117,223379.0,0.0223379,nan,nan,nan,nan,0.1,1.0,20.0,10 V,1.0,False,1
149.9821,0.009399999999999995,0.0001,1.9323979,205574.24468085117,223379.0,0.0223379,nan,nan,nan,nan,0.1,1.0,20.0,10 V,1.0,False,1
150.0033,0.009399999999999995,0.0001,1.9323979,205574.24468085117,222719.0,0.0222719,nan,nan,nan,nan,0.1,1.0,20.0,10 V,1.0,False,1
150.0246,0.009399999999999995,0.0001,1.9323979,205574.24468085117,223489.0,0.0223489,nan,nan,nan,nan,0.1,1.0,20.0,10 V,1.0,False,1
150.0457,0.009399999999999995,0.0001,1.9323979,205574.24468085117,223818.99999999997,0.0223819,nan,nan,nan,nan,0.1,1.0,20.0,10 V,1.0,False,1
150.0670,0.009399999999999995,0.0001,1.9323979,205574.24468085117,223379.0,0.0223379,nan,nan,nan,nan,0.1,1.0,20.0,10 V,1.0,False,1
150.0882,0.009399999999999995,0.0001,1.9323979,205574.24468085117,223268.99999999997,0.0223269,nan,nan,nan,nan,0.1,1.0,20.0,10 V,1.0,False,1
150.1095,0.009399999999999995,0.0001,1.9323979,205574.24468085117,223158.99999999997,0.0223159,nan,nan,nan,nan,0.1,1.0,20.0,10 V,1.0,False,1
150.1308,0.009399999999999995,0.0001,1.9323979,205574.24468085117,223598.99999999997,0.0223599,nan,nan,nan,nan,0.1,1.0,20.0,10 V,1.0,False,1
150.1520,0.009399999999999995,0.0001,1.9323979,205574.24468085117,223598.99999999997,0.0223599,nan,nan,nan,nan,0.1,1.0,20.0,10 V,1.0,False,1
150.1733,0.009399999999999995,0.0001,1.9323979,205574.24468085117,223489.0,0.0223489,nan,nan,nan,nan,0.1,1.0,20.0,10 V,1.0,False,1
150.1945,0.009399999999999995,0.0001,1.9323979,205574.24468085117,222938.99999999997,0.0222939,nan,nan,nan,nan,0.1,1.0,20.0,10 V,1.0,False,1
150.2156,0.009399999999999995,0.0001,1.9323979,205574.24468085117,223379.0,0.0223379,nan,nan,nan,nan,0.1,1.0,20.0,10 V,1.0,False,1
150.2369,0.009399999999999995,0.0001,1.9323979,205574.24468085117,223268.99999999997,0.0223269,nan,nan,nan,nan,0.1,1.0,20.0,10 V,1.0,False,1
150.2581,0.009399999999999995,0.0001,1.9323979,205574.24468085117,223268.99999999997,0.0223269,nan,nan,nan,nan,0.1,1.0,20.0,10 V,1.0,False,1
150.2793,0.009399999999999995,0.0001,1.9323979,205574.24468085117,223598.99999999997,0.0223599,nan,nan,nan,nan,0.1,1.0,20.0,10 V,1.0,False,1
150.3006,0.009399999999999995,0.0001,1.9323979,205574.24468085117,223489.0,0.0223489,nan,nan,nan,nan,0.1,1.0,20.0,10 V,1.0,False,1
150.3217,0.009399999999999995,0.0001,1.9323979,205574.24468085117,223379.0,0.0223379,nan,nan,nan,nan,0.1,1.0,20.0,10 V,1.0,False,1
150.3429,0.009399999999999995,0.0001,1.9323979,205574.24468085117,223379.0,0.0223379,nan,nan,nan,nan,0.1,1.0,20.0,10 V,1.0,False,1
150.3641,0.009399999999999995,0.0001,1.9323979,205574.24468085117,223489.0,0.0223489,nan,nan,nan,nan,0.1,1.0,20.0,10 V,1.0,False,1
150.3853,0.009399999999999995,0.0001,1.9323979,205574.24468085117,223598.99999999997,0.0223599,nan,nan,nan,nan,0.1,1.0,20.0,10 V,1.0,False,1
150.4065,0.009399999999999995,0.0001,1.9323979,205574.24468085117,222829.0,0.0222829,nan,nan,nan,nan,0.1,1.0,20.0,10 V,1.0,False,1
150.4278,0.009399999999999995,0.0001,1.9323979,205574.24468085117,223928.99999999997,0.0223929,nan,nan,nan,nan,0.1,1.0,20.0,10 V,1.0,False,1
150.4490,0.009399999999999995,0.0001,1.9323979,205574.24468085117,223928.99999999997,0.0223929,nan,nan,nan,nan,0.1,1.0,20.0,10 V,1.0,False,1
150.4702,0.009399999999999995,0.0001,1.9323979,205574.24468085117,223048.99999999997,0.0223049,nan,nan,nan,nan,0.1,1.0,20.0,10 V,1.0,False,1
150.4915,0.009399999999999995,0.0001,1.9323979,205574.24468085117,223158.99999999997,0.0223159,nan,nan,nan,nan,0.1,1.0,20.0,10 V,1.0,False,1
150.5127,0.009399999999999995,0.0001,1.9323979,205574.24468085117,223379.0,0.0223379,nan,nan,nan,nan,0.1,1.0,20.0,10 V,1.0,False,1
150.5338,0.009399999999999995,0.0001,1.9323979,205574.24468085117,223598.99999999997,0.0223599,nan,nan,nan,nan,0.1,1.0,20.0,10 V,1.0,False,1
150.5550,0.009399999999999995,0.0001,1.9323979,205574.24468085117,223708.99999999997,0.0223709,nan,nan,nan,nan,0.1,1.0,20.0,10 V,1.0,False,1
150.5762,0.009399999999999995,0.0001,1.9323979,205574.24468085117,223489.0,0.0223489,nan,nan,nan,nan,0.1,1.0,20.0,10 V,1.0,False,1
150.5974,0.009399999999999995,0.0001,1.9323979,205574.24468085117,224149.0,0.0224149,nan,nan,nan,nan,0.1,1.0,20.0,10 V,1.0,False,1
150.6187,0.009399999999999995,0.0001,1.9323979,205574.24468085117,223928.99999999997,0.0223929,nan,nan,nan,nan,0.1,1.0,20.0,10 V,1.0,False,1
150.6400,0.009399999999999995,0.0001,1.9323979,205574.24468085117,223489.0,0.0223489,nan,nan,nan,nan,0.1,1.0,20.0,10 V,1.0,False,1
150.6612,0.009399999999999995,0.0001,1.9323979,205574.24468085117,223268.99999999997,0.0223269,nan,nan,nan,nan,0.1,1.0,20.0,10 V,1.0,False,1
150.6824,0.009399999999999995,0.0001,1.9323979,205574.24468085117,223489.0,0.0223489,nan,nan,nan,nan,0.1,1.0,20.0,10 V,1.0,False,1
150.7036,0.009399999999999995,0.0001,1.9323979,205574.24468085117,224477.99999999997,0.0224478,nan,nan,nan,nan,0.1,1.0,20.0,10 V,1.0,False,1
150.7249,0.009399999999999995,0.0001,1.9323979,205574.24468085117,223379.0,0.0223379,nan,nan,nan,nan,0.1,1.0,20.0,10 V,1.0,False,1
150.7461,0.009399999999999995,0.0001,1.9323979,205574.24468085117,223489.0,0.0223489,nan,nan,nan,nan,0.1,1.0,20.0,10 V,1.0,False,1
150.7673,0.009399999999999995,0.0001,1.9323979,205574.24468085117,223489.0,0.0223489,nan,nan,nan,nan,0.1,1.0,20.0,10 V,1.0,False,1
150.7885,0.009399999999999995,0.0001,1.9323979,205574.24468085117,223708.99999999997,0.0223709,nan,nan,nan,nan,0.1,1.0,20.0,10 V,1.0,False,1
150.8098,0.009399999999999995,0.0001,1.9323979,205574.24468085117,223598.99999999997,0.0223599,nan,nan,nan,nan,0.1,1.0,20.0,10 V,1.0,False,1
150.8310,0.009399999999999995,0.0001,1.9323979,205574.24468085117,223489.0,0.0223489,nan,nan,nan,nan,0.1,1.0,20.0,10 V,1.0,False,1
150.8522,0.009399999999999995,0.0001,1.9323979,205574.24468085117,224039.0,0.0224039,nan,nan,nan,nan,0.1,1.0,20.0,10 V,1.0,False,1
150.8734,0.009399999999999995,0.0001,1.9323979,205574.24468085117,224477.99999999997,0.0224478,nan,nan,nan,nan,0.1,1.0,20.0,10 V,1.0,False,1
150.8946,0.009399999999999995,0.0001,1.9323979,205574.24468085117,223268.99999999997,0.0223269,nan,nan,nan,nan,0.1,1.0,20.0,10 V,1.0,False,1
150.9159,0.009399999999999995,0.0001,1.9323979,205574.24468085117,223268.99999999997,0.0223269,nan,nan,nan,nan,0.1,1.0,20.0,10 V,1.0,False,1
150.9371,0.009399999999999995,0.0001,1.9323979,205574.24468085117,223379.0,0.0223379,nan,nan,nan,nan,0.1,1.0,20.0,10 V,1.0,False,1
150.9582,0.009399999999999995,0.0001,1.9323979,205574.24468085117,223268.99999999997,0.0223269,nan,nan,nan,nan,0.1,1.0,20.0,10 V,1.0,False,1
150.9795,0.009399999999999995,0.0001,1.9323979,205574.24468085117,223489.0,0.0223489,nan,nan,nan,nan,0.1,1.0,20.0,10 V,1.0,False,1
151.0006,0.009399999999999995,0.0001,1.9323979,205574.24468085117,223598.99999999997,0.0223599,nan,nan,nan,nan,0.1,1.0,20.0,10 V,1.0,False,1
151.0219,0.009399999999999995,0.0001,1.9323979,205574.24468085117,224149.0,0.0224149,nan,nan,nan,nan,0.1,1.0,20.0,10 V,1.0,False,1
151.0430,0.009399999999999995,0.0001,1.9323979,205574.24468085117,223489.0,0.0223489,nan,nan,nan,nan,0.1,1.0,20.0,10 V,1.0,False,1
151.0642,0.009399999999999995,0.0001,1.9323979,205574.24468085117,223598.99999999997,0.0223599,nan,nan,nan,nan,0.1,1.0,20.0,10 V,1.0,False,1
151.0854,0.009399999999999995,0.0001,1.9323979,205574.24468085117,223818.99999999997,0.0223819,nan,nan,nan,nan,0.1,1.0,20.0,10 V,1.0,False,1
151.1066,0.009399999999999995,0.0001,1.9323979,205574.24468085117,223708.99999999997,0.0223709,nan,nan,nan,nan,0.1,1.0,20.0,10 V,1.0,False,1
151.1279,0.009399999999999995,0.0001,1.9323979,205574.24468085117,223158.99999999997,0.0223159,nan,nan,nan,nan,0.1,1.0,20.0,10 V,1.0,False,1
151.1491,0.009399999999999995,0.0001,1.9323979,205574.24468085117,223268.99999999997,0.0223269,nan,nan,nan,nan,0.1,1.0,20.0,10 V,1.0,False,1
151.1703,0.009399999999999995,0.0001,1.9323979,205574.24468085117,223928.99999999997,0.0223929,nan,nan,nan,nan,0.1,1.0,20.0,10 V,1.0,False,1
151.1915,0.009399999999999995,0.0001,1.9323979,205574.24468085117,223928.99999999997,0.0223929,nan,nan,nan,nan,0.1,1.0,20.0,10 V,1.0,False,1
151.2127,0.009399999999999995,0.0001,1.9323979,205574.24468085117,223489.0,0.0223489,nan,nan,nan,nan,0.1,1.0,20.0,10 V,1.0,False,1
151.2340,0.009399999999999995,0.0001,1.9323979,205574.24468085117,223708.99999999997,0.0223709,nan,nan,nan,nan,0.1,1.0,20.0,10 V,1.0,False,1
151.2552,0.009399999999999995,0.0001,1.9323979,205574.24468085117,223598.99999999997,0.0223599,nan,nan,nan,nan,0.1,1.0,20.0,10 V,1.0,False,1
151.2764,0.009399999999999995,0.0001,1.9323979,205574.24468085117,223598.99999999997,0.0223599,nan,nan,nan,nan,0.1,1.0,20.0,10 V,1.0,False,1
151.2975,0.009399999999999995,0.0001,1.9323979,205574.24468085117,223598.99999999997,0.0223599,nan,nan,nan,nan,0.1,1.0,20.0,10 V,1.0,False,1
151.3188,0.009399999999999995,0.0001,1.9323979,205574.24468085117,223489.0,0.0223489,nan,nan,nan,nan,0.1,1.0,20.0,10 V,1.0,False,1
151.3400,0.009399999999999995,0.0001,1.9323979,205574.24468085117,223708.99999999997,0.0223709,nan,nan,nan,nan,0.1,1.0,20.0,10 V,1.0,False,1
151.3612,0.009399999999999995,0.0001,1.9323979,205574.24468085117,223598.99999999997,0.0223599,nan,nan,nan,nan,0.1,1.0,20.0,10 V,1.0,False,1
151.3824,0.009399999999999995,0.0001,1.9323979,205574.24468085117,223928.99999999997,0.0223929,nan,nan,nan,nan,0.1,1.0,20.0,10 V,1.0,False,1
151.4037,0.009399999999999995,0.0001,1.9323979,205574.24468085117,223489.0,0.0223489,nan,nan,nan,nan,0.1,1.0,20.0,10 V,1.0,False,1
151.4249,0.009399999999999995,0.0001,1.9323979,205574.24468085117,223818.99999999997,0.0223819,nan,nan,nan,nan,0.1,1.0,20.0,10 V,1.0,False,1
151.4462,0.009399999999999995,0.0001,1.9323979,205574.24468085117,223489.0,0.0223489,nan,nan,nan,nan,0.1,1.0,20.0,10 V,1.0,False,1
151.4675,0.009399999999999995,0.0001,1.9323979,205574.24468085117,223708.99999999997,0.0223709,nan,nan,nan,nan,0.1,1.0,20.0,10 V,1.0,False,1
151.4889,0.009399999999999995,0.0001,1.9323979,205574.24468085117,223928.99999999997,0.0223929,nan,nan,nan,nan,0.1,1.0,20.0,10 V,1.0,False,1
151.5101,0.009399999999999995,0.0001,1.9323979,205574.24468085117,222829.0,0.0222829,nan,nan,nan,nan,0.1,1.0,20.0,10 V,1.0,False,1
151.5313,0.009399999999999995,0.0001,1.9323979,205574.24468085117,223598.99999999997,0.0223599,nan,nan,nan,nan,0.1,1.0,20.0,10 V,1.0,False,1
151.5526,0.009399999999999995,0.0001,1.9323979,205574.24468085117,224257.99999999997,0.0224258,nan,nan,nan,nan,0.1,1.0,20.0,10 V,1.0,False,1
151.5739,0.009399999999999995,0.0001,1.9323979,205574.24468085117,223268.99999999997,0.0223269,nan,nan,nan,nan,0.1,1.0,20.0,10 V,1.0,False,1
151.5951,0.009399999999999995,0.0001,1.9323979,205574.24468085117,223598.99999999997,0.0223599,nan,nan,nan,nan,0.1,1.0,20.0,10 V,1.0,False,1
151.6164,0.009399999999999995,0.0001,1.9323979,205574.24468085117,223379.0,0.0223379,nan,nan,nan,nan,0.1,1.0,20.0,10 V,1.0,False,1
151.6376,0.009399999999999995,0.0001,1.9323979,205574.24468085117,223598.99999999997,0.0223599,nan,nan,nan,nan,0.1,1.0,20.0,10 V,1.0,False,1
151.6588,0.009399999999999995,0.0001,1.9323979,205574.24468085117,223598.99999999997,0.0223599,nan,nan,nan,nan,0.1,1.0,20.0,10 V,1.0,False,1
151.6801,0.009399999999999995,0.0001,1.9323979,205574.24468085117,223818.99999999997,0.0223819,nan,nan,nan,nan,0.1,1.0,20.0,10 V,1.0,False,1
151.7013,0.009399999999999995,0.0001,1.9323979,205574.24468085117,223048.99999999997,0.0223049,nan,nan,nan,nan,0.1,1.0,20.0,10 V,1.0,False,1
151.7226,0.009399999999999995,0.0001,1.9323979,205574.24468085117,223268.99999999997,0.0223269,nan,nan,nan,nan,0.1,1.0,20.0,10 V,1.0,False,1
151.7439,0.009399999999999995,0.0001,1.9323979,205574.24468085117,223928.99999999997,0.0223929,nan,nan,nan,nan,0.1,1.0,20.0,10 V,1.0,False,1
151.7651,0.009399999999999995,0.0001,1.9323979,205574.24468085117,223818.99999999997,0.0223819,nan,nan,nan,nan,0.1,1.0,20.0,10 V,1.0,False,1
151.7863,0.009399999999999995,0.0001,1.9323979,205574.24468085117,223708.99999999997,0.0223709,nan,nan,nan,nan,0.1,1.0,20.0,10 V,1.0,False,1
151.8075,0.009399999999999995,0.0001,1.9323979,205574.24468085117,223379.0,0.0223379,nan,nan,nan,nan,0.1,1.0,20.0,10 V,1.0,False,1
151.8288,0.009399999999999995,0.0001,1.9323979,205574.24468085117,223818.99999999997,0.0223819,nan,nan,nan,nan,0.1,1.0,20.0,10 V,1.0,False,1
151.8500,0.009399999999999995,0.0001,1.9323979,205574.24468085117,224698.0,0.0224698,nan,nan,nan,nan,0.1,1.0,20.0,10 V,1.0,False,1
151.8712,0.009399999999999995,0.0001,1.9323979,205574.24468085117,223489.0,0.0223489,nan,nan,nan,nan,0.1,1.0,20.0,10 V,1.0,False,1
151.8925,0.009399999999999995,0.0001,1.9323979,205574.24468085117,223489.0,0.0223489,nan,nan,nan,nan,0.1,1.0,20.0,10 V,1.0,False,1
151.9137,0.009399999999999995,0.0001,1.9323979,205574.24468085117,223379.0,0.0223379,nan,nan,nan,nan,0.1,1.0,20.0,10 V,1.0,False,1
151.9350,0.009399999999999995,0.0001,1.9323979,205574.24468085117,223928.99999999997,0.0223929,nan,nan,nan,nan,0.1,1.0,20.0,10 V,1.0,False,1
151.9563,0.009399999999999995,0.0001,1.9323979,205574.24468085117,224039.0,0.0224039,nan,nan,nan,nan,0.1,1.0,20.0,10 V,1.0,False,1
151.9775,0.009399999999999995,0.0001,1.9323979,205574.24468085117,224257.99999999997,0.0224258,nan,nan,nan,nan,0.1,1.0,20.0,10 V,1.0,False,1
151.9987,0.009399999999999995,0.0001,1.9323979,205574.24468085117,223928.99999999997,0.0223929,nan,nan,nan,nan,0.1,1.0,20.0,10 V,1.0,False,1
152.0199,0.009399999999999995,0.0001,1.9323979,205574.24468085117,224257.99999999997,0.0224258,nan,nan,nan,nan,0.1,1.0,20.0,10 V,1.0,False,1
152.0412,0.009399999999999995,0.0001,1.9323979,205574.24468085117,223708.99999999997,0.0223709,nan,nan,nan,nan,0.1,1.0,20.0,10 V,1.0,False,1
152.0625,0.009399999999999995,0.0001,1.9323979,205574.24468085117,223708.99999999997,0.0223709,nan,nan,nan,nan,0.1,1.0,20.0,10 V,1.0,False,1
152.0837,0.009399999999999995,0.0001,1.9323979,205574.24468085117,224039.0,0.0224039,nan,nan,nan,nan,0.1,1.0,20.0,10 V,1.0,False,1
152.1050,0.009399999999999995,0.0001,1.9323979,205574.24468085117,223598.99999999997,0.0223599,nan,nan,nan,nan,0.1,1.0,20.0,10 V,1.0,False,1
152.1262,0.009399999999999995,0.0001,1.9323979,205574.24468085117,223818.99999999997,0.0223819,nan,nan,nan,nan,0.1,1.0,20.0,10 V,1.0,False,1
152.1475,0.009399999999999995,0.0001,1.9323979,205574.24468085117,223048.99999999997,0.0223049,nan,nan,nan,nan,0.1,1.0,20.0,10 V,1.0,False,1
152.1688,0.009399999999999995,0.0001,1.9323979,205574.24468085117,223818.99999999997,0.0223819,nan,nan,nan,nan,0.1,1.0,20.0,10 V,1.0,False,1
152.1900,0.009399999999999995,0.0001,1.9323979,205574.24468085117,223818.99999999997,0.0223819,nan,nan,nan,nan,0.1,1.0,20.0,10 V,1.0,False,1
152.2113,0.009399999999999995,0.0001,1.9323979,205574.24468085117,223818.99999999997,0.0223819,nan,nan,nan,nan,0.1,1.0,20.0,10 V,1.0,False,1
152.2325,0.009399999999999995,0.0001,1.9323979,205574.24468085117,223818.99999999997,0.0223819,nan,nan,nan,nan,0.1,1.0,20.0,10 V,1.0,False,1
152.2537,0.009399999999999995,0.0001,1.9323979,205574.24468085117,223708.99999999997,0.0223709,nan,nan,nan,nan,0.1,1.0,20.0,10 V,1.0,False,1
152.2750,0.009399999999999995,0.0001,1.9323979,205574.24468085117,223489.0,0.0223489,nan,nan,nan,nan,0.1,1.0,20.0,10 V,1.0,False,1
152.2962,0.009399999999999995,0.0001,1.9323979,205574.24468085117,224367.99999999997,0.0224368,nan,nan,nan,nan,0.1,1.0,20.0,10 V,1.0,False,1
152.3174,0.009399999999999995,0.0001,1.9323979,205574.24468085117,223489.0,0.0223489,nan,nan,nan,nan,0.1,1.0,20.0,10 V,1.0,False,1
152.3387,0.009399999999999995,0.0001,1.9323979,205574.24468085117,223818.99999999997,0.0223819,nan,nan,nan,nan,0.1,1.0,20.0,10 V,1.0,False,1
152.3599,0.009399999999999995,0.0001,1.9323979,205574.24468085117,223928.99999999997,0.0223929,nan,nan,nan,nan,0.1,1.0,20.0,10 V,1.0,False,1
152.3812,0.009399999999999995,0.0001,1.9323979,205574.24468085117,223708.99999999997,0.0223709,nan,nan,nan,nan,0.1,1.0,20.0,10 V,1.0,False,1
152.4024,0.009399999999999995,0.0001,1.9323979,205574.24468085117,223818.99999999997,0.0223819,nan,nan,nan,nan,0.1,1.0,20.0,10 V,1.0,False,1
152.4236,0.009399999999999995,0.0001,1.9323979,205574.24468085117,223708.99999999997,0.0223709,nan,nan,nan,nan,0.1,1.0,20.0,10 V,1.0,False,1
152.4449,0.009399999999999995,0.0001,1.9323979,205574.24468085117,223928.99999999997,0.0223929,nan,nan,nan,nan,0.1,1.0,20.0,10 V,1.0,False,1
152.4661,0.009399999999999995,0.0001,1.9323979,205574.24468085117,224039.0,0.0224039,nan,nan,nan,nan,0.1,1.0,20.0,10 V,1.0,False,1
152.4873,0.009399999999999995,0.0001,1.9323979,205574.24468085117,224039.0,0.0224039,nan,nan,nan,nan,0.1,1.0,20.0,10 V,1.0,False,1
152.5085,0.009399999999999995,0.0001,1.9323979,205574.24468085117,223598.99999999997,0.0223599,nan,nan,nan,nan,0.1,1.0,20.0,10 V,1.0,False,1
152.5297,0.009399999999999995,0.0001,1.9323979,205574.24468085117,223708.99999999997,0.0223709,nan,nan,nan,nan,0.1,1.0,20.0,10 V,1.0,False,1
152.5509,0.009399999999999995,0.0001,1.9323979,205574.24468085117,224149.0,0.0224149,nan,nan,nan,nan,0.1,1.0,20.0,10 V,1.0,False,1
152.5721,0.009399999999999995,0.0001,1.9323979,205574.24468085117,223818.99999999997,0.0223819,nan,nan,nan,nan,0.1,1.0,20.0,10 V,1.0,False,1
152.5933,0.009399999999999995,0.0001,1.9323979,205574.24468085117,223598.99999999997,0.0223599,nan,nan,nan,nan,0.1,1.0,20.0,10 V,1.0,False,1
152.6145,0.009399999999999995,0.0001,1.9323979,205574.24468085117,223818.99999999997,0.0223819,nan,nan,nan,nan,0.1,1.0,20.0,10 V,1.0,False,1
152.6358,0.009399999999999995,0.0001,1.9323979,205574.24468085117,223928.99999999997,0.0223929,nan,nan,nan,nan,0.1,1.0,20.0,10 V,1.0,False,1
152.6570,0.009399999999999995,0.0001,1.9323979,205574.24468085117,223598.99999999997,0.0223599,nan,nan,nan,nan,0.1,1.0,20.0,10 V,1.0,False,1
152.6783,0.009399999999999995,0.0001,1.9323979,205574.24468085117,224039.0,0.0224039,nan,nan,nan,nan,0.1,1.0,20.0,10 V,1.0,False,1
152.6996,0.009399999999999995,0.0001,1.9323979,205574.24468085117,223818.99999999997,0.0223819,nan,nan,nan,nan,0.1,1.0,20.0,10 V,1.0,False,1
152.7208,0.009399999999999995,0.0001,1.9323979,205574.24468085117,223489.0,0.0223489,nan,nan,nan,nan,0.1,1.0,20.0,10 V,1.0,False,1
152.7420,0.009399999999999995,0.0001,1.9323979,205574.24468085117,223708.99999999997,0.0223709,nan,nan,nan,nan,0.1,1.0,20.0,10 V,1.0,False,1
152.7633,0.009399999999999995,0.0001,1.9323979,205574.24468085117,223708.99999999997,0.0223709,nan,nan,nan,nan,0.1,1.0,20.0,10 V,1.0,False,1
152.7846,0.009399999999999995,0.0001,1.9323979,205574.24468085117,223818.99999999997,0.0223819,nan,nan,nan,nan,0.1,1.0,20.0,10 V,1.0,False,1
152.8059,0.009399999999999995,0.0001,1.9323979,205574.24468085117,224367.99999999997,0.0224368,nan,nan,nan,nan,0.1,1.0,20.0,10 V,1.0,False,1
152.8270,0.009399999999999995,0.0001,1.9323979,205574.24468085117,224257.99999999997,0.0224258,nan,nan,nan,nan,0.1,1.0,20.0,10 V,1.0,False,1
152.8482,0.009399999999999995,0.0001,1.9323979,205574.24468085117,223928.99999999997,0.0223929,nan,nan,nan,nan,0.1,1.0,20.0,10 V,1.0,False,1
152.8694,0.009399999999999995,0.0001,1.9323979,205574.24468085117,224039.0,0.0224039,nan,nan,nan,nan,0.1,1.0,20.0,10 V,1.0,False,1
152.8907,0.009399999999999995,0.0001,1.9323979,205574.24468085117,223928.99999999997,0.0223929,nan,nan,nan,nan,0.1,1.0,20.0,10 V,1.0,False,1
152.9120,0.009399999999999995,0.0001,1.9323979,205574.24468085117,223818.99999999997,0.0223819,nan,nan,nan,nan,0.1,1.0,20.0,10 V,1.0,False,1
152.9332,0.009399999999999995,0.0001,1.9323979,205574.24468085117,224039.0,0.0224039,nan,nan,nan,nan,0.1,1.0,20.0,10 V,1.0,False,1
152.9544,0.009399999999999995,0.0001,1.9323979,205574.24468085117,223928.99999999997,0.0223929,nan,nan,nan,nan,0.1,1.0,20.0,10 V,1.0,False,1
152.9756,0.009399999999999995,0.0001,1.9323979,205574.24468085117,224257.99999999997,0.0224258,nan,nan,nan,nan,0.1,1.0,20.0,10 V,1.0,False,1
152.9969,0.009399999999999995,0.0001,1.9323979,205574.24468085117,224149.0,0.0224149,nan,nan,nan,nan,0.1,1.0,20.0,10 V,1.0,False,1
153.0181,0.009399999999999995,0.0001,1.9323979,205574.24468085117,224039.0,0.0224039,nan,nan,nan,nan,0.1,1.0,20.0,10 V,1.0,False,1
153.0392,0.009399999999999995,0.0001,1.9323979,205574.24468085117,223268.99999999997,0.0223269,nan,nan,nan,nan,0.1,1.0,20.0,10 V,1.0,False,1
153.0605,0.009399999999999995,0.0001,1.9323979,205574.24468085117,223928.99999999997,0.0223929,nan,nan,nan,nan,0.1,1.0,20.0,10 V,1.0,False,1
153.0816,0.009399999999999995,0.0001,1.9323979,205574.24468085117,224039.0,0.0224039,nan,nan,nan,nan,0.1,1.0,20.0,10 V,1.0,False,1
153.1028,0.009399999999999995,0.0001,1.9323979,205574.24468085117,223928.99999999997,0.0223929,nan,nan,nan,nan,0.1,1.0,20.0,10 V,1.0,False,1
153.1241,0.009399999999999995,0.0001,1.9323979,205574.24468085117,223928.99999999997,0.0223929,nan,nan,nan,nan,0.1,1.0,20.0,10 V,1.0,False,1
153.1453,0.009399999999999995,0.0001,1.9323979,205574.24468085117,224257.99999999997,0.0224258,nan,nan,nan,nan,0.1,1.0,20.0,10 V,1.0,False,1
153.1665,0.009399999999999995,0.0001,1.9323979,205574.24468085117,224149.0,0.0224149,nan,nan,nan,nan,0.1,1.0,20.0,10 V,1.0,False,1
153.1877,0.009399999999999995,0.0001,1.9323979,205574.24468085117,223928.99999999997,0.0223929,nan,nan,nan,nan,0.1,1.0,20.0,10 V,1.0,False,1
153.2088,0.009399999999999995,0.0001,1.9323979,205574.24468085117,224367.99999999997,0.0224368,nan,nan,nan,nan,0.1,1.0,20.0,10 V,1.0,False,1
153.2301,0.009399999999999995,0.0001,1.9323979,205574.24468085117,224367.99999999997,0.0224368,nan,nan,nan,nan,0.1,1.0,20.0,10 V,1.0,False,1
153.2513,0.009399999999999995,0.0001,1.9323979,205574.24468085117,224039.0,0.0224039,nan,nan,nan,nan,0.1,1.0,20.0,10 V,1.0,False,1
153.2725,0.009399999999999995,0.0001,1.9323979,205574.24468085117,223708.99999999997,0.0223709,nan,nan,nan,nan,0.1,1.0,20.0,10 V,1.0,False,1
153.2938,0.009399999999999995,0.0001,1.9323979,205574.24468085117,224588.0,0.0224588,nan,nan,nan,nan,0.1,1.0,20.0,10 V,1.0,False,1
153.3150,0.009399999999999995,0.0001,1.9323979,205574.24468085117,224367.99999999997,0.0224368,nan,nan,nan,nan,0.1,1.0,20.0,10 V,1.0,False,1
153.3363,0.009399999999999995,0.0001,1.9323979,205574.24468085117,224039.0,0.0224039,nan,nan,nan,nan,0.1,1.0,20.0,10 V,1.0,False,1
153.3575,0.009399999999999995,0.0001,1.9323979,205574.24468085117,223928.99999999997,0.0223929,nan,nan,nan,nan,0.1,1.0,20.0,10 V,1.0,False,1
153.3787,0.009399999999999995,0.0001,1.9323979,205574.24468085117,223379.0,0.0223379,nan,nan,nan,nan,0.1,1.0,20.0,10 V,1.0,False,1
153.3999,0.009399999999999995,0.0001,1.9323979,205574.24468085117,224257.99999999997,0.0224258,nan,nan,nan,nan,0.1,1.0,20.0,10 V,1.0,False,1
153.4212,0.009399999999999995,0.0001,1.9323979,205574.24468085117,224917.99999999997,0.0224918,nan,nan,nan,nan,0.1,1.0,20.0,10 V,1.0,False,1
153.4424,0.009399999999999995,0.0001,1.9323979,205574.24468085117,224039.0,0.0224039,nan,nan,nan,nan,0.1,1.0,20.0,10 V,1.0,False,1
153.4634,0.009399999999999995,0.0001,1.9323979,205574.24468085117,224149.0,0.0224149,nan,nan,nan,nan,0.1,1.0,20.0,10 V,1.0,False,1
153.4846,0.009399999999999995,0.0001,1.9323979,205574.24468085117,224149.0,0.0224149,nan,nan,nan,nan,0.1,1.0,20.0,10 V,1.0,False,1
153.5058,0.009399999999999995,0.0001,1.9323979,205574.24468085117,224149.0,0.0224149,nan,nan,nan,nan,0.1,1.0,20.0,10 V,1.0,False,1
153.5271,0.009399999999999995,0.0001,1.9323979,205574.24468085117,224257.99999999997,0.0224258,nan,nan,nan,nan,0.1,1.0,20.0,10 V,1.0,False,1
153.5484,0.009399999999999995,0.0001,1.9323979,205574.24468085117,224477.99999999997,0.0224478,nan,nan,nan,nan,0.1,1.0,20.0,10 V,1.0,False,1
153.5696,0.009399999999999995,0.0001,1.9323979,205574.24468085117,224477.99999999997,0.0224478,nan,nan,nan,nan,0.1,1.0,20.0,10 V,1.0,False,1
153.5908,0.009399999999999995,0.0001,1.9323979,205574.24468085117,223928.99999999997,0.0223929,nan,nan,nan,nan,0.1,1.0,20.0,10 V,1.0,False,1
153.6121,0.009399999999999995,0.0001,1.9323979,205574.24468085117,224039.0,0.0224039,nan,nan,nan,nan,0.1,1.0,20.0,10 V,1.0,False,1
153.6333,0.009399999999999995,0.0001,1.9323979,205574.24468085117,224149.0,0.0224149,nan,nan,nan,nan,0.1,1.0,20.0,10 V,1.0,False,1
153.6545,0.009399999999999995,0.0001,1.9323979,205574.24468085117,224149.0,0.0224149,nan,nan,nan,nan,0.1,1.0,20.0,10 V,1.0,False,1
153.6757,0.009399999999999995,0.0001,1.9323979,205574.24468085117,224698.0,0.0224698,nan,nan,nan,nan,0.1,1.0,20.0,10 V,1.0,False,1
153.6969,0.009399999999999995,0.0001,1.9323979,205574.24468085117,224367.99999999997,0.0224368,nan,nan,nan,nan,0.1,1.0,20.0,10 V,1.0,False,1
153.7182,0.009399999999999995,0.0001,1.9323979,205574.24468085117,224698.0,0.0224698,nan,nan,nan,nan,0.1,1.0,20.0,10 V,1.0,False,1
153.7394,0.009399999999999995,0.0001,1.9323979,205574.24468085117,224149.0,0.0224149,nan,nan,nan,nan,0.1,1.0,20.0,10 V,1.0,False,1
153.7606,0.009399999999999995,0.0001,1.9323979,205574.24468085117,224039.0,0.0224039,nan,nan,nan,nan,0.1,1.0,20.0,10 V,1.0,False,1
153.7818,0.009399999999999995,0.0001,1.9323979,205574.24468085117,224367.99999999997,0.0224368,nan,nan,nan,nan,0.1,1.0,20.0,10 V,1.0,False,1
153.8030,0.009399999999999995,0.0001,1.9323979,205574.24468085117,224039.0,0.0224039,nan,nan,nan,nan,0.1,1.0,20.0,10 V,1.0,False,1
153.8243,0.009399999999999995,0.0001,1.9323979,205574.24468085117,224149.0,0.0224149,nan,nan,nan,nan,0.1,1.0,20.0,10 V,1.0,False,1
153.8455,0.009399999999999995,0.0001,1.9323979,205574.24468085117,225248.0,0.0225248,nan,nan,nan,nan,0.1,1.0,20.0,10 V,1.0,False,1
153.8667,0.009399999999999995,0.0001,1.9323979,205574.24468085117,224039.0,0.0224039,nan,nan,nan,nan,0.1,1.0,20.0,10 V,1.0,False,1
153.8880,0.009399999999999995,0.0001,1.9323979,205574.24468085117,224039.0,0.0224039,nan,nan,nan,nan,0.1,1.0,20.0,10 V,1.0,False,1
153.9092,0.009399999999999995,0.0001,1.9323979,205574.24468085117,223708.99999999997,0.0223709,nan,nan,nan,nan,0.1,1.0,20.0,10 V,1.0,False,1
153.9304,0.009399999999999995,0.0001,1.9323979,205574.24468085117,224257.99999999997,0.0224258,nan,nan,nan,nan,0.1,1.0,20.0,10 V,1.0,False,1
153.9517,0.009399999999999995,0.0001,1.9323979,205574.24468085117,224257.99999999997,0.0224258,nan,nan,nan,nan,0.1,1.0,20.0,10 V,1.0,False,1
153.9729,0.009399999999999995,0.0001,1.9323979,205574.24468085117,223928.99999999997,0.0223929,nan,nan,nan,nan,0.1,1.0,20.0,10 V,1.0,False,1
153.9940,0.009399999999999995,0.0001,1.9323979,205574.24468085117,224477.99999999997,0.0224478,nan,nan,nan,nan,0.1,1.0,20.0,10 V,1.0,False,1
154.0152,0.009399999999999995,0.0001,1.9323979,205574.24468085117,224257.99999999997,0.0224258,nan,nan,nan,nan,0.1,1.0,20.0,10 V,1.0,False,1
154.0364,0.009399999999999995,0.0001,1.9323979,205574.24468085117,223928.99999999997,0.0223929,nan,nan,nan,nan,0.1,1.0,20.0,10 V,1.0,False,1
154.0575,0.009399999999999995,0.0001,1.9323979,205574.24468085117,224257.99999999997,0.0224258,nan,nan,nan,nan,0.1,1.0,20.0,10 V,1.0,False,1
154.0788,0.009399999999999995,0.0001,1.9323979,205574.24468085117,224917.99999999997,0.0224918,nan,nan,nan,nan,0.1,1.0,20.0,10 V,1.0,False,1
154.1000,0.009399999999999995,0.0001,1.9323979,205574.24468085117,224367.99999999997,0.0224368,nan,nan,nan,nan,0.1,1.0,20.0,10 V,1.0,False,1
154.1214,0.009399999999999995,0.0001,1.9323979,205574.24468085117,223928.99999999997,0.0223929,nan,nan,nan,nan,0.1,1.0,20.0,10 V,1.0,False,1
154.1425,0.009399999999999995,0.0001,1.9323979,205574.24468085117,224039.0,0.0224039,nan,nan,nan,nan,0.1,1.0,20.0,10 V,1.0,False,1
154.1638,0.009399999999999995,0.0001,1.9323979,205574.24468085117,224477.99999999997,0.0224478,nan,nan,nan,nan,0.1,1.0,20.0,10 V,1.0,False,1
154.1849,0.009399999999999995,0.0001,1.9323979,205574.24468085117,224698.0,0.0224698,nan,nan,nan,nan,0.1,1.0,20.0,10 V,1.0,False,1
154.2062,0.009399999999999995,0.0001,1.9323979,205574.24468085117,224257.99999999997,0.0224258,nan,nan,nan,nan,0.1,1.0,20.0,10 V,1.0,False,1
154.2273,0.009399999999999995,0.0001,1.9323979,205574.24468085117,224257.99999999997,0.0224258,nan,nan,nan,nan,0.1,1.0,20.0,10 V,1.0,False,1
154.2486,0.009399999999999995,0.0001,1.9323979,205574.24468085117,224698.0,0.0224698,nan,nan,nan,nan,0.1,1.0,20.0,10 V,1.0,False,1
154.2698,0.009399999999999995,0.0001,1.9323979,205574.24468085117,224257.99999999997,0.0224258,nan,nan,nan,nan,0.1,1.0,20.0,10 V,1.0,False,1
154.2910,0.009399999999999995,0.0001,1.9323979,205574.24468085117,223928.99999999997,0.0223929,nan,nan,nan,nan,0.1,1.0,20.0,10 V,1.0,False,1
154.3122,0.009399999999999995,0.0001,1.9323979,205574.24468085117,224257.99999999997,0.0224258,nan,nan,nan,nan,0.1,1.0,20.0,10 V,1.0,False,1
154.3333,0.009399999999999995,0.0001,1.9323979,205574.24468085117,224257.99999999997,0.0224258,nan,nan,nan,nan,0.1,1.0,20.0,10 V,1.0,False,1
154.3545,0.009399999999999995,0.0001,1.9323979,205574.24468085117,224367.99999999997,0.0224368,nan,nan,nan,nan,0.1,1.0,20.0,10 V,1.0,False,1
154.3757,0.009399999999999995,0.0001,1.9323979,205574.24468085117,225027.99999999997,0.0225028,nan,nan,nan,nan,0.1,1.0,20.0,10 V,1.0,False,1
154.3969,0.009399999999999995,0.0001,1.9323979,205574.24468085117,224039.0,0.0224039,nan,nan,nan,nan,0.1,1.0,20.0,10 V,1.0,False,1
154.4181,0.009399999999999995,0.0001,1.9323979,205574.24468085117,224367.99999999997,0.0224368,nan,nan,nan,nan,0.1,1.0,20.0,10 V,1.0,False,1
154.4394,0.009399999999999995,0.0001,1.9323979,205574.24468085117,224257.99999999997,0.0224258,nan,nan,nan,nan,0.1,1.0,20.0,10 V,1.0,False,1
154.4606,0.009399999999999995,0.0001,1.9323979,205574.24468085117,224477.99999999997,0.0224478,nan,nan,nan,nan,0.1,1.0,20.0,10 V,1.0,False,1
154.4819,0.009399999999999995,0.0001,1.9323979,205574.24468085117,224807.99999999997,0.0224808,nan,nan,nan,nan,0.1,1.0,20.0,10 V,1.0,False,1
154.5030,0.009399999999999995,0.0001,1.9323979,205574.24468085117,224588.0,0.0224588,nan,nan,nan,nan,0.1,1.0,20.0,10 V,1.0,False,1
154.5243,0.009399999999999995,0.0001,1.9323979,205574.24468085117,224588.0,0.0224588,nan,nan,nan,nan,0.1,1.0,20.0,10 V,1.0,False,1
154.5456,0.009399999999999995,0.0001,1.9323979,205574.24468085117,223928.99999999997,0.0223929,nan,nan,nan,nan,0.1,1.0,20.0,10 V,1.0,False,1
154.5668,0.009399999999999995,0.0001,1.9323979,205574.24468085117,224588.0,0.0224588,nan,nan,nan,nan,0.1,1.0,20.0,10 V,1.0,False,1
154.5880,0.009399999999999995,0.0001,1.9323979,205574.24468085117,224367.99999999997,0.0224368,nan,nan,nan,nan,0.1,1.0,20.0,10 V,1.0,False,1
154.6092,0.009399999999999995,0.0001,1.9323979,205574.24468085117,224257.99999999997,0.0224258,nan,nan,nan,nan,0.1,1.0,20.0,10 V,1.0,False,1
154.6304,0.009399999999999995,0.0001,1.9323979,205574.24468085117,223928.99999999997,0.0223929,nan,nan,nan,nan,0.1,1.0,20.0,10 V,1.0,False,1
154.6516,0.009399999999999995,0.0001,1.9323979,205574.24468085117,224149.0,0.0224149,nan,nan,nan,nan,0.1,1.0,20.0,10 V,1.0,False,1
154.6729,0.009399999999999995,0.0001,1.9323979,205574.24468085117,224367.99999999997,0.0224368,nan,nan,nan,nan,0.1,1.0,20.0,10 V,1.0,False,1
154.6941,0.009399999999999995,0.0001,1.9323979,205574.24468085117,224257.99999999997,0.0224258,nan,nan,nan,nan,0.1,1.0,20.0,10 V,1.0,False,1
154.7153,0.009399999999999995,0.0001,1.9323979,205574.24468085117,224149.0,0.0224149,nan,nan,nan,nan,0.1,1.0,20.0,10 V,1.0,False,1
154.7365,0.009399999999999995,0.0001,1.9323979,205574.24468085117,225137.99999999997,0.0225138,nan,nan,nan,nan,0.1,1.0,20.0,10 V,1.0,False,1
154.7578,0.009399999999999995,0.0001,1.9323979,205574.24468085117,224477.99999999997,0.0224478,nan,nan,nan,nan,0.1,1.0,20.0,10 V,1.0,False,1
154.7791,0.009399999999999995,0.0001,1.9323979,205574.24468085117,224039.0,0.0224039,nan,nan,nan,nan,0.1,1.0,20.0,10 V,1.0,False,1
154.8003,0.009399999999999995,0.0001,1.9323979,205574.24468085117,224477.99999999997,0.0224478,nan,nan,nan,nan,0.1,1.0,20.0,10 V,1.0,False,1
154.8216,0.009399999999999995,0.0001,1.9323979,205574.24468085117,224367.99999999997,0.0224368,nan,nan,nan,nan,0.1,1.0,20.0,10 V,1.0,False,1
154.8428,0.009399999999999995,0.0001,1.9323979,205574.24468085117,224477.99999999997,0.0224478,nan,nan,nan,nan,0.1,1.0,20.0,10 V,1.0,False,1
154.8640,0.009399999999999995,0.0001,1.9323979,205574.24468085117,224257.99999999997,0.0224258,nan,nan,nan,nan,0.1,1.0,20.0,10 V,1.0,False,1
154.8852,0.009399999999999995,0.0001,1.9323979,205574.24468085117,224367.99999999997,0.0224368,nan,nan,nan,nan,0.1,1.0,20.0,10 V,1.0,False,1
154.9064,0.009399999999999995,0.0001,1.9323979,205574.24468085117,224367.99999999997,0.0224368,nan,nan,nan,nan,0.1,1.0,20.0,10 V,1.0,False,1
154.9276,0.009399999999999995,0.0001,1.9323979,205574.24468085117,224588.0,0.0224588,nan,nan,nan,nan,0.1,1.0,20.0,10 V,1.0,False,1
154.9488,0.009399999999999995,0.0001,1.9323979,205574.24468085117,224367.99999999997,0.0224368,nan,nan,nan,nan,0.1,1.0,20.0,10 V,1.0,False,1
154.9701,0.009399999999999995,0.0001,1.9323979,205574.24468085117,224149.0,0.0224149,nan,nan,nan,nan,0.1,1.0,20.0,10 V,1.0,False,1
154.9914,0.009399999999999995,0.0001,1.9323979,205574.24468085117,224807.99999999997,0.0224808,nan,nan,nan,nan,0.1,1.0,20.0,10 V,1.0,False,1
155.0126,0.009399999999999995,0.0001,1.9323979,205574.24468085117,224477.99999999997,0.0224478,nan,nan,nan,nan,0.1,1.0,20.0,10 V,1.0,False,1
155.0338,0.009399999999999995,0.0001,1.9323979,205574.24468085117,224588.0,0.0224588,nan,nan,nan,nan,0.1,1.0,20.0,10 V,1.0,False,1
155.0549,0.009399999999999995,0.0001,1.9323979,205574.24468085117,225577.99999999997,0.0225578,nan,nan,nan,nan,0.1,1.0,20.0,10 V,1.0,False,1
155.0761,0.009399999999999995,0.0001,1.9323979,205574.24468085117,224367.99999999997,0.0224368,nan,nan,nan,nan,0.1,1.0,20.0,10 V,1.0,False,1
155.0973,0.009399999999999995,0.0001,1.9323979,205574.24468085117,224807.99999999997,0.0224808,nan,nan,nan,nan,0.1,1.0,20.0,10 V,1.0,False,1
155.1186,0.009399999999999995,0.0001,1.9323979,205574.24468085117,224257.99999999997,0.0224258,nan,nan,nan,nan,0.1,1.0,20.0,10 V,1.0,False,1
155.1398,0.009399999999999995,0.0001,1.9323979,205574.24468085117,224257.99999999997,0.0224258,nan,nan,nan,nan,0.1,1.0,20.0,10 V,1.0,False,1
155.1611,0.009399999999999995,0.0001,1.9323979,205574.24468085117,224588.0,0.0224588,nan,nan,nan,nan,0.1,1.0,20.0,10 V,1.0,False,1
155.1823,0.009399999999999995,0.0001,1.9323979,205574.24468085117,224039.0,0.0224039,nan,nan,nan,nan,0.1,1.0,20.0,10 V,1.0,False,1
155.2035,0.009399999999999995,0.0001,1.9323979,205574.24468085117,223928.99999999997,0.0223929,nan,nan,nan,nan,0.1,1.0,20.0,10 V,1.0,False,1
155.2247,0.009399999999999995,0.0001,1.9323979,205574.24468085117,224477.99999999997,0.0224478,nan,nan,nan,nan,0.1,1.0,20.0,10 V,1.0,False,1
155.2459,0.009399999999999995,0.0001,1.9323979,205574.24468085117,224588.0,0.0224588,nan,nan,nan,nan,0.1,1.0,20.0,10 V,1.0,False,1
155.2670,0.009399999999999995,0.0001,1.9323979,205574.24468085117,223598.99999999997,0.0223599,nan,nan,nan,nan,0.1,1.0,20.0,10 V,1.0,False,1
155.2882,0.009399999999999995,0.0001,1.9323979,205574.24468085117,224367.99999999997,0.0224368,nan,nan,nan,nan,0.1,1.0,20.0,10 V,1.0,False,1
155.3094,0.009399999999999995,0.0001,1.9323979,205574.24468085117,224367.99999999997,0.0224368,nan,nan,nan,nan,0.1,1.0,20.0,10 V,1.0,False,1
155.3306,0.009399999999999995,0.0001,1.9323979,205574.24468085117,224477.99999999997,0.0224478,nan,nan,nan,nan,0.1,1.0,20.0,10 V,1.0,False,1
155.3519,0.009399999999999995,0.0001,1.9323979,205574.24468085117,224367.99999999997,0.0224368,nan,nan,nan,nan,0.1,1.0,20.0,10 V,1.0,False,1
155.3730,0.009399999999999995,0.0001,1.9323979,205574.24468085117,224257.99999999997,0.0224258,nan,nan,nan,nan,0.1,1.0,20.0,10 V,1.0,False,1
155.3943,0.009399999999999995,0.0001,1.9323979,205574.24468085117,224807.99999999997,0.0224808,nan,nan,nan,nan,0.1,1.0,20.0,10 V,1.0,False,1
155.4155,0.009399999999999995,0.0001,1.9323979,205574.24468085117,224698.0,0.0224698,nan,nan,nan,nan,0.1,1.0,20.0,10 V,1.0,False,1
155.4367,0.009399999999999995,0.0001,1.9323979,205574.24468085117,224039.0,0.0224039,nan,nan,nan,nan,0.1,1.0,20.0,10 V,1.0,False,1
155.4580,0.009399999999999995,0.0001,1.9323979,205574.24468085117,224367.99999999997,0.0224368,nan,nan,nan,nan,0.1,1.0,20.0,10 V,1.0,False,1
155.4792,0.009399999999999995,0.0001,1.9323979,205574.24468085117,224807.99999999997,0.0224808,nan,nan,nan,nan,0.1,1.0,20.0,10 V,1.0,False,1
155.5004,0.009399999999999995,0.0001,1.9323979,205574.24468085117,224367.99999999997,0.0224368,nan,nan,nan,nan,0.1,1.0,20.0,10 V,1.0,False,1
155.5215,0.009399999999999995,0.0001,1.9323979,205574.24468085117,224807.99999999997,0.0224808,nan,nan,nan,nan,0.1,1.0,20.0,10 V,1.0,False,1
155.5427,0.009399999999999995,0.0001,1.9323979,205574.24468085117,225358.0,0.0225358,nan,nan,nan,nan,0.1,1.0,20.0,10 V,1.0,False,1
155.5639,0.009399999999999995,0.0001,1.9323979,205574.24468085117,224477.99999999997,0.0224478,nan,nan,nan,nan,0.1,1.0,20.0,10 V,1.0,False,1
155.5851,0.009399999999999995,0.0001,1.9323979,205574.24468085117,224807.99999999997,0.0224808,nan,nan,nan,nan,0.1,1.0,20.0,10 V,1.0,False,1
155.6063,0.009399999999999995,0.0001,1.9323979,205574.24468085117,224477.99999999997,0.0224478,nan,nan,nan,nan,0.1,1.0,20.0,10 V,1.0,False,1
155.6275,0.009399999999999995,0.0001,1.9323979,205574.24468085117,224039.0,0.0224039,nan,nan,nan,nan,0.1,1.0,20.0,10 V,1.0,False,1
155.6488,0.009399999999999995,0.0001,1.9323979,205574.24468085117,224588.0,0.0224588,nan,nan,nan,nan,0.1,1.0,20.0,10 V,1.0,False,1
155.6700,0.009399999999999995,0.0001,1.9323979,205574.24468085117,224588.0,0.0224588,nan,nan,nan,nan,0.1,1.0,20.0,10 V,1.0,False,1
155.6913,0.009399999999999995,0.0001,1.9323979,205574.24468085117,224588.0,0.0224588,nan,nan,nan,nan,0.1,1.0,20.0,10 V,1.0,False,1
155.7125,0.009399999999999995,0.0001,1.9323979,205574.24468085117,225027.99999999997,0.0225028,nan,nan,nan,nan,0.1,1.0,20.0,10 V,1.0,False,1
155.7337,0.009399999999999995,0.0001,1.9323979,205574.24468085117,225358.0,0.0225358,nan,nan,nan,nan,0.1,1.0,20.0,10 V,1.0,False,1
155.7550,0.009399999999999995,0.0001,1.9323979,205574.24468085117,224588.0,0.0224588,nan,nan,nan,nan,0.1,1.0,20.0,10 V,1.0,False,1
155.7762,0.009399999999999995,0.0001,1.9323979,205574.24468085117,224367.99999999997,0.0224368,nan,nan,nan,nan,0.1,1.0,20.0,10 V,1.0,False,1
155.7975,0.009399999999999995,0.0001,1.9323979,205574.24468085117,224588.0,0.0224588,nan,nan,nan,nan,0.1,1.0,20.0,10 V,1.0,False,1
155.8188,0.009399999999999995,0.0001,1.9323979,205574.24468085117,224477.99999999997,0.0224478,nan,nan,nan,nan,0.1,1.0,20.0,10 V,1.0,False,1
155.8401,0.009399999999999995,0.0001,1.9323979,205574.24468085117,224257.99999999997,0.0224258,nan,nan,nan,nan,0.1,1.0,20.0,10 V,1.0,False,1
155.8613,0.009399999999999995,0.0001,1.9323979,205574.24468085117,225137.99999999997,0.0225138,nan,nan,nan,nan,0.1,1.0,20.0,10 V,1.0,False,1
155.8825,0.009399999999999995,0.0001,1.9323979,205574.24468085117,224698.0,0.0224698,nan,nan,nan,nan,0.1,1.0,20.0,10 V,1.0,False,1
155.9037,0.009399999999999995,0.0001,1.9323979,205574.24468085117,224807.99999999997,0.0224808,nan,nan,nan,nan,0.1,1.0,20.0,10 V,1.0,False,1
155.9249,0.009399999999999995,0.0001,1.9323979,205574.24468085117,224477.99999999997,0.0224478,nan,nan,nan,nan,0.1,1.0,20.0,10 V,1.0,False,1
155.9460,0.009399999999999995,0.0001,1.9323979,205574.24468085117,224807.99999999997,0.0224808,nan,nan,nan,nan,0.1,1.0,20.0,10 V,1.0,False,1
155.9672,0.009399999999999995,0.0001,1.9323979,205574.24468085117,225027.99999999997,0.0225028,nan,nan,nan,nan,0.1,1.0,20.0,10 V,1.0,False,1
155.9885,0.009399999999999995,0.0001,1.9323979,205574.24468085117,224477.99999999997,0.0224478,nan,nan,nan,nan,0.1,1.0,20.0,10 V,1.0,False,1
156.0096,0.009399999999999995,0.0001,1.9323979,205574.24468085117,224698.0,0.0224698,nan,nan,nan,nan,0.1,1.0,20.0,10 V,1.0,False,1
156.0309,0.009399999999999995,0.0001,1.9323979,205574.24468085117,223818.99999999997,0.0223819,nan,nan,nan,nan,0.1,1.0,20.0,10 V,1.0,False,1
156.0521,0.009399999999999995,0.0001,1.9323979,205574.24468085117,224698.0,0.0224698,nan,nan,nan,nan,0.1,1.0,20.0,10 V,1.0,False,1
156.0733,0.009399999999999995,0.0001,1.9323979,205574.24468085117,224698.0,0.0224698,nan,nan,nan,nan,0.1,1.0,20.0,10 V,1.0,False,1
156.0945,0.009399999999999995,0.0001,1.9323979,205574.24468085117,224257.99999999997,0.0224258,nan,nan,nan,nan,0.1,1.0,20.0,10 V,1.0,False,1
156.1158,0.009399999999999995,0.0001,1.9323979,205574.24468085117,224588.0,0.0224588,nan,nan,nan,nan,0.1,1.0,20.0,10 V,1.0,False,1
156.1370,0.009399999999999995,0.0001,1.9323979,205574.24468085117,224588.0,0.0224588,nan,nan,nan,nan,0.1,1.0,20.0,10 V,1.0,False,1
156.1582,0.009399999999999995,0.0001,1.9323979,205574.24468085117,224807.99999999997,0.0224808,nan,nan,nan,nan,0.1,1.0,20.0,10 V,1.0,False,1
156.1795,0.009399999999999995,0.0001,1.9323979,205574.24468085117,224588.0,0.0224588,nan,nan,nan,nan,0.1,1.0,20.0,10 V,1.0,False,1
156.2007,0.009399999999999995,0.0001,1.9323979,205574.24468085117,224807.99999999997,0.0224808,nan,nan,nan,nan,0.1,1.0,20.0,10 V,1.0,False,1
156.2221,0.009399999999999995,0.0001,1.9323979,205574.24468085117,225137.99999999997,0.0225138,nan,nan,nan,nan,0.1,1.0,20.0,10 V,1.0,False,1
156.2432,0.009399999999999995,0.0001,1.9323979,205574.24468085117,224477.99999999997,0.0224478,nan,nan,nan,nan,0.1,1.0,20.0,10 V,1.0,False,1
156.2643,0.009399999999999995,0.0001,1.9323979,205574.24468085117,224917.99999999997,0.0224918,nan,nan,nan,nan,0.1,1.0,20.0,10 V,1.0,False,1
156.2856,0.009399999999999995,0.0001,1.9323979,205574.24468085117,224807.99999999997,0.0224808,nan,nan,nan,nan,0.1,1.0,20.0,10 V,1.0,False,1
156.3068,0.009399999999999995,0.0001,1.9323979,205574.24468085117,224588.0,0.0224588,nan,nan,nan,nan,0.1,1.0,20.0,10 V,1.0,False,1
156.3280,0.009399999999999995,0.0001,1.9323979,205574.24468085117,224149.0,0.0224149,nan,nan,nan,nan,0.1,1.0,20.0,10 V,1.0,False,1
156.3492,0.009399999999999995,0.0001,1.9323979,205574.24468085117,224588.0,0.0224588,nan,nan,nan,nan,0.1,1.0,20.0,10 V,1.0,False,1
156.3705,0.009399999999999995,0.0001,1.9323979,205574.24468085117,224698.0,0.0224698,nan,nan,nan,nan,0.1,1.0,20.0,10 V,1.0,False,1
156.3917,0.009399999999999995,0.0001,1.9323979,205574.24468085117,225248.0,0.0225248,nan,nan,nan,nan,0.1,1.0,20.0,10 V,1.0,False,1
156.4128,0.009399999999999995,0.0001,1.9323979,205574.24468085117,225358.0,0.0225358,nan,nan,nan,nan,0.1,1.0,20.0,10 V,1.0,False,1
156.4340,0.009399999999999995,0.0001,1.9323979,205574.24468085117,224807.99999999997,0.0224808,nan,nan,nan,nan,0.1,1.0,20.0,10 V,1.0,False,1
156.4552,0.009399999999999995,0.0001,1.9323979,205574.24468085117,225137.99999999997,0.0225138,nan,nan,nan,nan,0.1,1.0,20.0,10 V,1.0,False,1
156.4764,0.009399999999999995,0.0001,1.9323979,205574.24468085117,224807.99999999997,0.0224808,nan,nan,nan,nan,0.1,1.0,20.0,10 V,1.0,False,1
156.4976,0.009399999999999995,0.0001,1.9323979,205574.24468085117,224588.0,0.0224588,nan,nan,nan,nan,0.1,1.0,20.0,10 V,1.0,False,1
156.5188,0.009399999999999995,0.0001,1.9323979,205574.24468085117,224477.99999999997,0.0224478,nan,nan,nan,nan,0.1,1.0,20.0,10 V,1.0,False,1
156.5400,0.009399999999999995,0.0001,1.9323979,205574.24468085117,225248.0,0.0225248,nan,nan,nan,nan,0.1,1.0,20.0,10 V,1.0,False,1
156.5612,0.009399999999999995,0.0001,1.9323979,205574.24468085117,225137.99999999997,0.0225138,nan,nan,nan,nan,0.1,1.0,20.0,10 V,1.0,False,1
156.5825,0.009399999999999995,0.0001,1.9323979,205574.24468085117,225027.99999999997,0.0225028,nan,nan,nan,nan,0.1,1.0,20.0,10 V,1.0,False,1
156.6038,0.009399999999999995,0.0001,1.9323979,205574.24468085117,225137.99999999997,0.0225138,nan,nan,nan,nan,0.1,1.0,20.0,10 V,1.0,False,1
156.6251,0.009399999999999995,0.0001,1.9323979,205574.24468085117,225137.99999999997,0.0225138,nan,nan,nan,nan,0.1,1.0,20.0,10 V,1.0,False,1
156.6464,0.009399999999999995,0.0001,1.9323979,205574.24468085117,225137.99999999997,0.0225138,nan,nan,nan,nan,0.1,1.0,20.0,10 V,1.0,False,1
156.6675,0.009399999999999995,0.0001,1.9323979,205574.24468085117,224257.99999999997,0.0224258,nan,nan,nan,nan,0.1,1.0,20.0,10 V,1.0,False,1
156.6887,0.009399999999999995,0.0001,1.9323979,205574.24468085117,223928.99999999997,0.0223929,nan,nan,nan,nan,0.1,1.0,20.0,10 V,1.0,False,1
156.7099,0.009399999999999995,0.0001,1.9323979,205574.24468085117,224917.99999999997,0.0224918,nan,nan,nan,nan,0.1,1.0,20.0,10 V,1.0,False,1
156.7312,0.009399999999999995,0.0001,1.9323979,205574.24468085117,225137.99999999997,0.0225138,nan,nan,nan,nan,0.1,1.0,20.0,10 V,1.0,False,1
156.7525,0.009399999999999995,0.0001,1.9323979,205574.24468085117,225358.0,0.0225358,nan,nan,nan,nan,0.1,1.0,20.0,10 V,1.0,False,1
156.7738,0.009399999999999995,0.0001,1.9323979,205574.24468085117,224039.0,0.0224039,nan,nan,nan,nan,0.1,1.0,20.0,10 V,1.0,False,1
156.7951,0.009399999999999995,0.0001,1.9323979,205574.24468085117,224807.99999999997,0.0224808,nan,nan,nan,nan,0.1,1.0,20.0,10 V,1.0,False,1
156.8163,0.009399999999999995,0.0001,1.9323979,205574.24468085117,225248.0,0.0225248,nan,nan,nan,nan,0.1,1.0,20.0,10 V,1.0,False,1
156.8375,0.009399999999999995,0.0001,1.9323979,205574.24468085117,224698.0,0.0224698,nan,nan,nan,nan,0.1,1.0,20.0,10 V,1.0,False,1
156.8587,0.009399999999999995,0.0001,1.9323979,205574.24468085117,225027.99999999997,0.0225028,nan,nan,nan,nan,0.1,1.0,20.0,10 V,1.0,False,1
156.8798,0.009399999999999995,0.0001,1.9323979,205574.24468085117,225358.0,0.0225358,nan,nan,nan,nan,0.1,1.0,20.0,10 V,1.0,False,1
156.9010,0.009399999999999995,0.0001,1.9323979,205574.24468085117,225908.0,0.0225908,nan,nan,nan,nan,0.1,1.0,20.0,10 V,1.0,False,1
156.9222,0.009399999999999995,0.0001,1.9323979,205574.24468085117,224917.99999999997,0.0224918,nan,nan,nan,nan,0.1,1.0,20.0,10 V,1.0,False,1
156.9435,0.009399999999999995,0.0001,1.9323979,205574.24468085117,224588.0,0.0224588,nan,nan,nan,nan,0.1,1.0,20.0,10 V,1.0,False,1
156.9647,0.009399999999999995,0.0001,1.9323979,205574.24468085117,225248.0,0.0225248,nan,nan,nan,nan,0.1,1.0,20.0,10 V,1.0,False,1
156.9859,0.009399999999999995,0.0001,1.9323979,205574.24468085117,224588.0,0.0224588,nan,nan,nan,nan,0.1,1.0,20.0,10 V,1.0,False,1
157.0071,0.009399999999999995,0.0001,1.9323979,205574.24468085117,224917.99999999997,0.0224918,nan,nan,nan,nan,0.1,1.0,20.0,10 V,1.0,False,1
157.0283,0.009399999999999995,0.0001,1.9323979,205574.24468085117,225358.0,0.0225358,nan,nan,nan,nan,0.1,1.0,20.0,10 V,1.0,False,1
157.0495,0.009399999999999995,0.0001,1.9323979,205574.24468085117,224917.99999999997,0.0224918,nan,nan,nan,nan,0.1,1.0,20.0,10 V,1.0,False,1
157.0708,0.009399999999999995,0.0001,1.9323979,205574.24468085117,224807.99999999997,0.0224808,nan,nan,nan,nan,0.1,1.0,20.0,10 V,1.0,False,1
157.0920,0.009399999999999995,0.0001,1.9323979,205574.24468085117,224917.99999999997,0.0224918,nan,nan,nan,nan,0.1,1.0,20.0,10 V,1.0,False,1
157.1132,0.009399999999999995,0.0001,1.9323979,205574.24468085117,225248.0,0.0225248,nan,nan,nan,nan,0.1,1.0,20.0,10 V,1.0,False,1
157.1344,0.009399999999999995,0.0001,1.9323979,205574.24468085117,224917.99999999997,0.0224918,nan,nan,nan,nan,0.1,1.0,20.0,10 V,1.0,False,1
157.1557,0.009399999999999995,0.0001,1.9323979,205574.24468085117,225908.0,0.0225908,nan,nan,nan,nan,0.1,1.0,20.0,10 V,1.0,False,1
157.1769,0.009399999999999995,0.0001,1.9323979,205574.24468085117,225137.99999999997,0.0225138,nan,nan,nan,nan,0.1,1.0,20.0,10 V,1.0,False,1
157.1980,0.009399999999999995,0.0001,1.9323979,205574.24468085117,225358.0,0.0225358,nan,nan,nan,nan,0.1,1.0,20.0,10 V,1.0,False,1
157.2193,0.009399999999999995,0.0001,1.9323979,205574.24468085117,225137.99999999997,0.0225138,nan,nan,nan,nan,0.1,1.0,20.0,10 V,1.0,False,1
157.2406,0.009399999999999995,0.0001,1.9323979,205574.24468085117,225027.99999999997,0.0225028,nan,nan,nan,nan,0.1,1.0,20.0,10 V,1.0,False,1
157.2618,0.009399999999999995,0.0001,1.9323979,205574.24468085117,225798.0,0.0225798,nan,nan,nan,nan,0.1,1.0,20.0,10 V,1.0,False,1
157.2830,0.009399999999999995,0.0001,1.9323979,205574.24468085117,225137.99999999997,0.0225138,nan,nan,nan,nan,0.1,1.0,20.0,10 V,1.0,False,1
157.3043,0.009399999999999995,0.0001,1.9323979,205574.24468085117,224588.0,0.0224588,nan,nan,nan,nan,0.1,1.0,20.0,10 V,1.0,False,1
157.3255,0.009399999999999995,0.0001,1.9323979,205574.24468085117,225467.99999999997,0.0225468,nan,nan,nan,nan,0.1,1.0,20.0,10 V,1.0,False,1
157.3466,0.009399999999999995,0.0001,1.9323979,205574.24468085117,224698.0,0.0224698,nan,nan,nan,nan,0.1,1.0,20.0,10 V,1.0,False,1
157.3679,0.009399999999999995,0.0001,1.9323979,205574.24468085117,225137.99999999997,0.0225138,nan,nan,nan,nan,0.1,1.0,20.0,10 V,1.0,False,1
157.3891,0.009399999999999995,0.0001,1.9323979,205574.24468085117,225467.99999999997,0.0225468,nan,nan,nan,nan,0.1,1.0,20.0,10 V,1.0,False,1
157.4103,0.009399999999999995,0.0001,1.9323979,205574.24468085117,225027.99999999997,0.0225028,nan,nan,nan,nan,0.1,1.0,20.0,10 V,1.0,False,1
157.4316,0.009399999999999995,0.0001,1.9323979,205574.24468085117,225358.0,0.0225358,nan,nan,nan,nan,0.1,1.0,20.0,10 V,1.0,False,1
157.4528,0.009399999999999995,0.0001,1.9323979,205574.24468085117,225027.99999999997,0.0225028,nan,nan,nan,nan,0.1,1.0,20.0,10 V,1.0,False,1
157.4740,0.009399999999999995,0.0001,1.9323979,205574.24468085117,225027.99999999997,0.0225028,nan,nan,nan,nan,0.1,1.0,20.0,10 V,1.0,False,1
157.4952,0.009399999999999995,0.0001,1.9323979,205574.24468085117,225248.0,0.0225248,nan,nan,nan,nan,0.1,1.0,20.0,10 V,1.0,False,1
157.5164,0.009399999999999995,0.0001,1.9323979,205574.24468085117,225687.99999999997,0.0225688,nan,nan,nan,nan,0.1,1.0,20.0,10 V,1.0,False,1
157.5376,0.009399999999999995,0.0001,1.9323979,205574.24468085117,224807.99999999997,0.0224808,nan,nan,nan,nan,0.1,1.0,20.0,10 V,1.0,False,1
157.5588,0.009399999999999995,0.0001,1.9323979,205574.24468085117,224588.0,0.0224588,nan,nan,nan,nan,0.1,1.0,20.0,10 V,1.0,False,1
157.5800,0.009399999999999995,0.0001,1.9323979,205574.24468085117,225467.99999999997,0.0225468,nan,nan,nan,nan,0.1,1.0,20.0,10 V,1.0,False,1
157.6013,0.009399999999999995,0.0001,1.9323979,205574.24468085117,225577.99999999997,0.0225578,nan,nan,nan,nan,0.1,1.0,20.0,10 V,1.0,False,1
157.6226,0.009399999999999995,0.0001,1.9323979,205574.24468085117,225467.99999999997,0.0225468,nan,nan,nan,nan,0.1,1.0,20.0,10 V,1.0,False,1
157.6439,0.009399999999999995,0.0001,1.9323979,205574.24468085117,225137.99999999997,0.0225138,nan,nan,nan,nan,0.1,1.0,20.0,10 V,1.0,False,1
157.6651,0.009399999999999995,0.0001,1.9323979,205574.24468085117,226017.99999999997,0.0226018,nan,nan,nan,nan,0.1,1.0,20.0,10 V,1.0,False,1
157.6863,0.009399999999999995,0.0001,1.9323979,205574.24468085117,224917.99999999997,0.0224918,nan,nan,nan,nan,0.1,1.0,20.0,10 V,1.0,False,1
157.7075,0.009399999999999995,0.0001,1.9323979,205574.24468085117,225248.0,0.0225248,nan,nan,nan,nan,0.1,1.0,20.0,10 V,1.0,False,1
157.7287,0.009399999999999995,0.0001,1.9323979,205574.24468085117,225248.0,0.0225248,nan,nan,nan,nan,0.1,1.0,20.0,10 V,1.0,False,1
157.7499,0.009399999999999995,0.0001,1.9323979,205574.24468085117,224917.99999999997,0.0224918,nan,nan,nan,nan,0.1,1.0,20.0,10 V,1.0,False,1
157.7711,0.009399999999999995,0.0001,1.9323979,205574.24468085117,225358.0,0.0225358,nan,nan,nan,nan,0.1,1.0,20.0,10 V,1.0,False,1
157.7924,0.009399999999999995,0.0001,1.9323979,205574.24468085117,224367.99999999997,0.0224368,nan,nan,nan,nan,0.1,1.0,20.0,10 V,1.0,False,1
157.8136,0.009399999999999995,0.0001,1.9323979,205574.24468085117,225577.99999999997,0.0225578,nan,nan,nan,nan,0.1,1.0,20.0,10 V,1.0,False,1
157.8348,0.009399999999999995,0.0001,1.9323979,205574.24468085117,225798.0,0.0225798,nan,nan,nan,nan,0.1,1.0,20.0,10 V,1.0,False,1
157.8560,0.009399999999999995,0.0001,1.9323979,205574.24468085117,225027.99999999997,0.0225028,nan,nan,nan,nan,0.1,1.0,20.0,10 V,1.0,False,1
157.8772,0.009399999999999995,0.0001,1.9323979,205574.24468085117,225798.0,0.0225798,nan,nan,nan,nan,0.1,1.0,20.0,10 V,1.0,False,1
157.8985,0.009399999999999995,0.0001,1.9323979,205574.24468085117,225687.99999999997,0.0225688,nan,nan,nan,nan,0.1,1.0,20.0,10 V,1.0,False,1
157.9197,0.009399999999999995,0.0001,1.9323979,205574.24468085117,225467.99999999997,0.0225468,nan,nan,nan,nan,0.1,1.0,20.0,10 V,1.0,False,1
157.9409,0.009399999999999995,0.0001,1.9323979,205574.24468085117,225687.99999999997,0.0225688,nan,nan,nan,nan,0.1,1.0,20.0,10 V,1.0,False,1
157.9622,0.009399999999999995,0.0001,1.9323979,205574.24468085117,225137.99999999997,0.0225138,nan,nan,nan,nan,0.1,1.0,20.0,10 V,1.0,False,1
157.9834,0.009399999999999995,0.0001,1.9323979,205574.24468085117,224917.99999999997,0.0224918,nan,nan,nan,nan,0.1,1.0,20.0,10 V,1.0,False,1
158.0046,0.009399999999999995,0.0001,1.9323979,205574.24468085117,225798.0,0.0225798,nan,nan,nan,nan,0.1,1.0,20.0,10 V,1.0,False,1
158.0258,0.009399999999999995,0.0001,1.9323979,205574.24468085117,225248.0,0.0225248,nan,nan,nan,nan,0.1,1.0,20.0,10 V,1.0,False,1
158.0470,0.009399999999999995,0.0001,1.9323979,205574.24468085117,225358.0,0.0225358,nan,nan,nan,nan,0.1,1.0,20.0,10 V,1.0,False,1
158.0682,0.009399999999999995,0.0001,1.9323979,205574.24468085117,225467.99999999997,0.0225468,nan,nan,nan,nan,0.1,1.0,20.0,10 V,1.0,False,1
158.0894,0.009399999999999995,0.0001,1.9323979,205574.24468085117,225248.0,0.0225248,nan,nan,nan,nan,0.1,1.0,20.0,10 V,1.0,False,1
158.1106,0.009399999999999995,0.0001,1.9323979,205574.24468085117,225248.0,0.0225248,nan,nan,nan,nan,0.1,1.0,20.0,10 V,1.0,False,1
158.1318,0.009399999999999995,0.0001,1.9323979,205574.24468085117,225577.99999999997,0.0225578,nan,nan,nan,nan,0.1,1.0,20.0,10 V,1.0,False,1
158.1529,0.009399999999999995,0.0001,1.9323979,205574.24468085117,225358.0,0.0225358,nan,nan,nan,nan,0.1,1.0,20.0,10 V,1.0,False,1
158.1742,0.009399999999999995,0.0001,1.9323979,205574.24468085117,226237.99999999997,0.0226238,nan,nan,nan,nan,0.1,1.0,20.0,10 V,1.0,False,1
158.1953,0.009399999999999995,0.0001,1.9323979,205574.24468085117,225248.0,0.0225248,nan,nan,nan,nan,0.1,1.0,20.0,10 V,1.0,False,1
158.2164,0.009399999999999995,0.0001,1.9323979,205574.24468085117,225358.0,0.0225358,nan,nan,nan,nan,0.1,1.0,20.0,10 V,1.0,False,1
158.2376,0.009399999999999995,0.0001,1.9323979,205574.24468085117,224807.99999999997,0.0224808,nan,nan,nan,nan,0.1,1.0,20.0,10 V,1.0,False,1
158.2588,0.009399999999999995,0.0001,1.9323979,205574.24468085117,225358.0,0.0225358,nan,nan,nan,nan,0.1,1.0,20.0,10 V,1.0,False,1
158.2801,0.009399999999999995,0.0001,1.9323979,205574.24468085117,225248.0,0.0225248,nan,nan,nan,nan,0.1,1.0,20.0,10 V,1.0,False,1
158.3012,0.009399999999999995,0.0001,1.9323979,205574.24468085117,225137.99999999997,0.0225138,nan,nan,nan,nan,0.1,1.0,20.0,10 V,1.0,False,1
158.3225,0.009399999999999995,0.0001,1.9323979,205574.24468085117,225248.0,0.0225248,nan,nan,nan,nan,0.1,1.0,20.0,10 V,1.0,False,1
158.3438,0.009399999999999995,0.0001,1.9323979,205574.24468085117,225358.0,0.0225358,nan,nan,nan,nan,0.1,1.0,20.0,10 V,1.0,False,1
158.3649,0.009399999999999995,0.0001,1.9323979,205574.24468085117,225687.99999999997,0.0225688,nan,nan,nan,nan,0.1,1.0,20.0,10 V,1.0,False,1
158.3861,0.009399999999999995,0.0001,1.9323979,205574.24468085117,225577.99999999997,0.0225578,nan,nan,nan,nan,0.1,1.0,20.0,10 V,1.0,False,1
158.4073,0.009399999999999995,0.0001,1.9323979,205574.24468085117,225027.99999999997,0.0225028,nan,nan,nan,nan,0.1,1.0,20.0,10 V,1.0,False,1
158.4285,0.009399999999999995,0.0001,1.9323979,205574.24468085117,225358.0,0.0225358,nan,nan,nan,nan,0.1,1.0,20.0,10 V,1.0,False,1
158.4497,0.009399999999999995,0.0001,1.9323979,205574.24468085117,225798.0,0.0225798,nan,nan,nan,nan,0.1,1.0,20.0,10 V,1.0,False,1
158.4710,0.009399999999999995,0.0001,1.9323979,205574.24468085117,225248.0,0.0225248,nan,nan,nan,nan,0.1,1.0,20.0,10 V,1.0,False,1
158.4923,0.009399999999999995,0.0001,1.9323979,205574.24468085117,225687.99999999997,0.0225688,nan,nan,nan,nan,0.1,1.0,20.0,10 V,1.0,False,1
158.5133,0.009399999999999995,0.0001,1.9323979,205574.24468085117,225687.99999999997,0.0225688,nan,nan,nan,nan,0.1,1.0,20.0,10 V,1.0,False,1
158.5346,0.009399999999999995,0.0001,1.9323979,205574.24468085117,225798.0,0.0225798,nan,nan,nan,nan,0.1,1.0,20.0,10 V,1.0,False,1
158.5558,0.009399999999999995,0.0001,1.9323979,205574.24468085117,225248.0,0.0225248,nan,nan,nan,nan,0.1,1.0,20.0,10 V,1.0,False,1
158.5770,0.009399999999999995,0.0001,1.9323979,205574.24468085117,225248.0,0.0225248,nan,nan,nan,nan,0.1,1.0,20.0,10 V,1.0,False,1
158.5982,0.009399999999999995,0.0001,1.9323979,205574.24468085117,225577.99999999997,0.0225578,nan,nan,nan,nan,0.1,1.0,20.0,10 V,1.0,False,1
158.6195,0.009399999999999995,0.0001,1.9323979,205574.24468085117,225467.99999999997,0.0225468,nan,nan,nan,nan,0.1,1.0,20.0,10 V,1.0,False,1
158.6408,0.009399999999999995,0.0001,1.9323979,205574.24468085117,225467.99999999997,0.0225468,nan,nan,nan,nan,0.1,1.0,20.0,10 V,1.0,False,1
158.6620,0.009399999999999995,0.0001,1.9323979,205574.24468085117,225798.0,0.0225798,nan,nan,nan,nan,0.1,1.0,20.0,10 V,1.0,False,1
158.6833,0.009399999999999995,0.0001,1.9323979,205574.24468085117,225137.99999999997,0.0225138,nan,nan,nan,nan,0.1,1.0,20.0,10 V,1.0,False,1
158.7045,0.009399999999999995,0.0001,1.9323979,205574.24468085117,225467.99999999997,0.0225468,nan,nan,nan,nan,0.1,1.0,20.0,10 V,1.0,False,1
158.7257,0.009399999999999995,0.0001,1.9323979,205574.24468085117,225248.0,0.0225248,nan,nan,nan,nan,0.1,1.0,20.0,10 V,1.0,False,1
158.7470,0.009399999999999995,0.0001,1.9323979,205574.24468085117,225248.0,0.0225248,nan,nan,nan,nan,0.1,1.0,20.0,10 V,1.0,False,1
158.7683,0.009399999999999995,0.0001,1.9323979,205574.24468085117,225577.99999999997,0.0225578,nan,nan,nan,nan,0.1,1.0,20.0,10 V,1.0,False,1
158.7895,0.009399999999999995,0.0001,1.9323979,205574.24468085117,225467.99999999997,0.0225468,nan,nan,nan,nan,0.1,1.0,20.0,10 V,1.0,False,1
158.8107,0.009399999999999995,0.0001,1.9323979,205574.24468085117,225577.99999999997,0.0225578,nan,nan,nan,nan,0.1,1.0,20.0,10 V,1.0,False,1
158.8319,0.009399999999999995,0.0001,1.9323979,205574.24468085117,225248.0,0.0225248,nan,nan,nan,nan,0.1,1.0,20.0,10 V,1.0,False,1
158.8531,0.009399999999999995,0.0001,1.9323979,205574.24468085117,225467.99999999997,0.0225468,nan,nan,nan,nan,0.1,1.0,20.0,10 V,1.0,False,1
158.8744,0.009399999999999995,0.0001,1.9323979,205574.24468085117,225467.99999999997,0.0225468,nan,nan,nan,nan,0.1,1.0,20.0,10 V,1.0,False,1
158.8956,0.009399999999999995,0.0001,1.9323979,205574.24468085117,225687.99999999997,0.0225688,nan,nan,nan,nan,0.1,1.0,20.0,10 V,1.0,False,1
158.9168,0.009399999999999995,0.0001,1.9323979,205574.24468085117,225687.99999999997,0.0225688,nan,nan,nan,nan,0.1,1.0,20.0,10 V,1.0,False,1
158.9380,0.009399999999999995,0.0001,1.9323979,205574.24468085117,224807.99999999997,0.0224808,nan,nan,nan,nan,0.1,1.0,20.0,10 V,1.0,False,1
158.9593,0.009399999999999995,0.0001,1.9323979,205574.24468085117,226127.99999999997,0.0226128,nan,nan,nan,nan,0.1,1.0,20.0,10 V,1.0,False,1
158.9805,0.009399999999999995,0.0001,1.9323979,205574.24468085117,226127.99999999997,0.0226128,nan,nan,nan,nan,0.1,1.0,20.0,10 V,1.0,False,1
159.0017,0.009399999999999995,0.0001,1.9323979,205574.24468085117,225577.99999999997,0.0225578,nan,nan,nan,nan,0.1,1.0,20.0,10 V,1.0,False,1
159.0230,0.009399999999999995,0.0001,1.9323979,205574.24468085117,225358.0,0.0225358,nan,nan,nan,nan,0.1,1.0,20.0,10 V,1.0,False,1
159.0442,0.009399999999999995,0.0001,1.9323979,205574.24468085117,225248.0,0.0225248,nan,nan,nan,nan,0.1,1.0,20.0,10 V,1.0,False,1
159.0655,0.009399999999999995,0.0001,1.9323979,205574.24468085117,225248.0,0.0225248,nan,nan,nan,nan,0.1,1.0,20.0,10 V,1.0,False,1
159.0867,0.009399999999999995,0.0001,1.9323979,205574.24468085117,225467.99999999997,0.0225468,nan,nan,nan,nan,0.1,1.0,20.0,10 V,1.0,False,1
159.1079,0.009399999999999995,0.0001,1.9323979,205574.24468085117,226458.0,0.0226458,nan,nan,nan,nan,0.1,1.0,20.0,10 V,1.0,False,1
159.1291,0.009399999999999995,0.0001,1.9323979,205574.24468085117,225577.99999999997,0.0225578,nan,nan,nan,nan,0.1,1.0,20.0,10 V,1.0,False,1
159.1504,0.009399999999999995,0.0001,1.9323979,205574.24468085117,225358.0,0.0225358,nan,nan,nan,nan,0.1,1.0,20.0,10 V,1.0,False,1
159.1717,0.009399999999999995,0.0001,1.9323979,205574.24468085117,225358.0,0.0225358,nan,nan,nan,nan,0.1,1.0,20.0,10 V,1.0,False,1
159.1930,0.009399999999999995,0.0001,1.9323979,205574.24468085117,225467.99999999997,0.0225468,nan,nan,nan,nan,0.1,1.0,20.0,10 V,1.0,False,1
159.2141,0.009399999999999995,0.0001,1.9323979,205574.24468085117,225687.99999999997,0.0225688,nan,nan,nan,nan,0.1,1.0,20.0,10 V,1.0,False,1
159.2353,0.009399999999999995,0.0001,1.9323979,205574.24468085117,225577.99999999997,0.0225578,nan,nan,nan,nan,0.1,1.0,20.0,10 V,1.0,False,1
159.2566,0.009399999999999995,0.0001,1.9323979,205574.24468085117,225467.99999999997,0.0225468,nan,nan,nan,nan,0.1,1.0,20.0,10 V,1.0,False,1
159.2779,0.009399999999999995,0.0001,1.9323979,205574.24468085117,225467.99999999997,0.0225468,nan,nan,nan,nan,0.1,1.0,20.0,10 V,1.0,False,1
159.2991,0.009399999999999995,0.0001,1.9323979,205574.24468085117,225577.99999999997,0.0225578,nan,nan,nan,nan,0.1,1.0,20.0,10 V,1.0,False,1
159.3204,0.009399999999999995,0.0001,1.9323979,205574.24468085117,225577.99999999997,0.0225578,nan,nan,nan,nan,0.1,1.0,20.0,10 V,1.0,False,1
159.3416,0.009399999999999995,0.0001,1.9323979,205574.24468085117,225467.99999999997,0.0225468,nan,nan,nan,nan,0.1,1.0,20.0,10 V,1.0,False,1
159.3629,0.009399999999999995,0.0001,1.9323979,205574.24468085117,225577.99999999997,0.0225578,nan,nan,nan,nan,0.1,1.0,20.0,10 V,1.0,False,1
159.3841,0.009399999999999995,0.0001,1.9323979,205574.24468085117,225798.0,0.0225798,nan,nan,nan,nan,0.1,1.0,20.0,10 V,1.0,False,1
159.4053,0.009399999999999995,0.0001,1.9323979,205574.24468085117,225358.0,0.0225358,nan,nan,nan,nan,0.1,1.0,20.0,10 V,1.0,False,1
159.4265,0.009399999999999995,0.0001,1.9323979,205574.24468085117,225687.99999999997,0.0225688,nan,nan,nan,nan,0.1,1.0,20.0,10 V,1.0,False,1
159.4478,0.009399999999999995,0.0001,1.9323979,205574.24468085117,225798.0,0.0225798,nan,nan,nan,nan,0.1,1.0,20.0,10 V,1.0,False,1
159.4690,0.009399999999999995,0.0001,1.9323979,205574.24468085117,225908.0,0.0225908,nan,nan,nan,nan,0.1,1.0,20.0,10 V,1.0,False,1
159.4903,0.009399999999999995,0.0001,1.9323979,205574.24468085117,225798.0,0.0225798,nan,nan,nan,nan,0.1,1.0,20.0,10 V,1.0,False,1
159.5115,0.009399999999999995,0.0001,1.9323979,205574.24468085117,225687.99999999997,0.0225688,nan,nan,nan,nan,0.1,1.0,20.0,10 V,1.0,False,1
159.5327,0.009399999999999995,0.0001,1.9323979,205574.24468085117,225577.99999999997,0.0225578,nan,nan,nan,nan,0.1,1.0,20.0,10 V,1.0,False,1
159.5539,0.009399999999999995,0.0001,1.9323979,205574.24468085117,225798.0,0.0225798,nan,nan,nan,nan,0.1,1.0,20.0,10 V,1.0,False,1
159.5751,0.009399999999999995,0.0001,1.9323979,205574.24468085117,226347.99999999997,0.0226348,nan,nan,nan,nan,0.1,1.0,20.0,10 V,1.0,False,1
159.5963,0.009399999999999995,0.0001,1.9323979,205574.24468085117,225467.99999999997,0.0225468,nan,nan,nan,nan,0.1,1.0,20.0,10 V,1.0,False,1
159.6175,0.009399999999999995,0.0001,1.9323979,205574.24468085117,225027.99999999997,0.0225028,nan,nan,nan,nan,0.1,1.0,20.0,10 V,1.0,False,1
159.6387,0.009399999999999995,0.0001,1.9323979,205574.24468085117,225798.0,0.0225798,nan,nan,nan,nan,0.1,1.0,20.0,10 V,1.0,False,1
159.6600,0.009399999999999995,0.0001,1.9323979,205574.24468085117,225908.0,0.0225908,nan,nan,nan,nan,0.1,1.0,20.0,10 V,1.0,False,1
159.6812,0.009399999999999995,0.0001,1.9323979,205574.24468085117,225798.0,0.0225798,nan,nan,nan,nan,0.1,1.0,20.0,10 V,1.0,False,1
159.7024,0.009399999999999995,0.0001,1.9323979,205574.24468085117,225908.0,0.0225908,nan,nan,nan,nan,0.1,1.0,20.0,10 V,1.0,False,1
159.7237,0.009399999999999995,0.0001,1.9323979,205574.24468085117,225577.99999999997,0.0225578,nan,nan,nan,nan,0.1,1.0,20.0,10 V,1.0,False,1
159.7450,0.009399999999999995,0.0001,1.9323979,205574.24468085117,225908.0,0.0225908,nan,nan,nan,nan,0.1,1.0,20.0,10 V,1.0,False,1
159.7662,0.009399999999999995,0.0001,1.9323979,205574.24468085117,225798.0,0.0225798,nan,nan,nan,nan,0.1,1.0,20.0,10 V,1.0,False,1
159.7874,0.009399999999999995,0.0001,1.9323979,205574.24468085117,226237.99999999997,0.0226238,nan,nan,nan,nan,0.1,1.0,20.0,10 V,1.0,False,1
159.8086,0.009399999999999995,0.0001,1.9323979,205574.24468085117,225358.0,0.0225358,nan,nan,nan,nan,0.1,1.0,20.0,10 V,1.0,False,1
159.8298,0.009399999999999995,0.0001,1.9323979,205574.24468085117,225577.99999999997,0.0225578,nan,nan,nan,nan,0.1,1.0,20.0,10 V,1.0,False,1
159.8510,0.009399999999999995,0.0001,1.9323979,205574.24468085117,226017.99999999997,0.0226018,nan,nan,nan,nan,0.1,1.0,20.0,10 V,1.0,False,1
159.8723,0.009399999999999995,0.0001,1.9323979,205574.24468085117,225687.99999999997,0.0225688,nan,nan,nan,nan,0.1,1.0,20.0,10 V,1.0,False,1
159.8935,0.009399999999999995,0.0001,1.9323979,205574.24468085117,226237.99999999997,0.0226238,nan,nan,nan,nan,0.1,1.0,20.0,10 V,1.0,False,1
159.9147,0.009399999999999995,0.0001,1.9323979,205574.24468085117,225467.99999999997,0.0225468,nan,nan,nan,nan,0.1,1.0,20.0,10 V,1.0,False,1
159.9359,0.009399999999999995,0.0001,1.9323979,205574.24468085117,226017.99999999997,0.0226018,nan,nan,nan,nan,0.1,1.0,20.0,10 V,1.0,False,1
159.9571,0.009399999999999995,0.0001,1.9323979,205574.24468085117,225577.99999999997,0.0225578,nan,nan,nan,nan,0.1,1.0,20.0,10 V,1.0,False,1
159.9783,0.009399999999999995,0.0001,1.9323979,205574.24468085117,225467.99999999997,0.0225468,nan,nan,nan,nan,0.1,1.0,20.0,10 V,1.0,False,1
159.9994,0.009399999999999995,0.0001,1.9323979,205574.24468085117,225908.0,0.0225908,nan,nan,nan,nan,0.1,1.0,20.0,10 V,1.0,False,1
160.0206,0.009399999999999995,0.0001,1.9323979,205574.24468085117,225577.99999999997,0.0225578,nan,nan,nan,nan,0.1,1.0,20.0,10 V,1.0,False,1
160.0419,0.009399999999999995,0.0001,1.9323979,205574.24468085117,225137.99999999997,0.0225138,nan,nan,nan,nan,0.1,1.0,20.0,10 V,1.0,False,1
160.0630,0.009399999999999995,0.0001,1.9323979,205574.24468085117,225798.0,0.0225798,nan,nan,nan,nan,0.1,1.0,20.0,10 V,1.0,False,1
160.0844,0.009399999999999995,0.0001,1.9323979,205574.24468085117,225798.0,0.0225798,nan,nan,nan,nan,0.1,1.0,20.0,10 V,1.0,False,1
160.1056,0.009399999999999995,0.0001,1.9323979,205574.24468085117,225467.99999999997,0.0225468,nan,nan,nan,nan,0.1,1.0,20.0,10 V,1.0,False,1
160.1269,0.009399999999999995,0.0001,1.9323979,205574.24468085117,224807.99999999997,0.0224808,nan,nan,nan,nan,0.1,1.0,20.0,10 V,1.0,False,1
160.1481,0.009399999999999995,0.0001,1.9323979,205574.24468085117,225798.0,0.0225798,nan,nan,nan,nan,0.1,1.0,20.0,10 V,1.0,False,1
160.1693,0.009399999999999995,0.0001,1.9323979,205574.24468085117,226017.99999999997,0.0226018,nan,nan,nan,nan,0.1,1.0,20.0,10 V,1.0,False,1
160.1905,0.009399999999999995,0.0001,1.9323979,205574.24468085117,225577.99999999997,0.0225578,nan,nan,nan,nan,0.1,1.0,20.0,10 V,1.0,False,1
160.2117,0.009399999999999995,0.0001,1.9323979,205574.24468085117,225908.0,0.0225908,nan,nan,nan,nan,0.1,1.0,20.0,10 V,1.0,False,1
160.2329,0.009399999999999995,0.0001,1.9323979,205574.24468085117,226127.99999999997,0.0226128,nan,nan,nan,nan,0.1,1.0,20.0,10 V,1.0,False,1
160.2541,0.009399999999999995,0.0001,1.9323979,205574.24468085117,225908.0,0.0225908,nan,nan,nan,nan,0.1,1.0,20.0,10 V,1.0,False,1
160.2753,0.009399999999999995,0.0001,1.9323979,205574.24468085117,225687.99999999997,0.0225688,nan,nan,nan,nan,0.1,1.0,20.0,10 V,1.0,False,1
160.2966,0.009399999999999995,0.0001,1.9323979,205574.24468085117,225467.99999999997,0.0225468,nan,nan,nan,nan,0.1,1.0,20.0,10 V,1.0,False,1
160.3179,0.009399999999999995,0.0001,1.9323979,205574.24468085117,225798.0,0.0225798,nan,nan,nan,nan,0.1,1.0,20.0,10 V,1.0,False,1
160.3391,0.009399999999999995,0.0001,1.9323979,205574.24468085117,225908.0,0.0225908,nan,nan,nan,nan,0.1,1.0,20.0,10 V,1.0,False,1
160.3603,0.009399999999999995,0.0001,1.9323979,205574.24468085117,225908.0,0.0225908,nan,nan,nan,nan,0.1,1.0,20.0,10 V,1.0,False,1
160.3816,0.009399999999999995,0.0001,1.9323979,205574.24468085117,226347.99999999997,0.0226348,nan,nan,nan,nan,0.1,1.0,20.0,10 V,1.0,False,1
160.4029,0.009399999999999995,0.0001,1.9323979,205574.24468085117,226237.99999999997,0.0226238,nan,nan,nan,nan,0.1,1.0,20.0,10 V,1.0,False,1
160.4242,0.009399999999999995,0.0001,1.9323979,205574.24468085117,226017.99999999997,0.0226018,nan,nan,nan,nan,0.1,1.0,20.0,10 V,1.0,False,1
160.4455,0.009399999999999995,0.0001,1.9323979,205574.24468085117,225687.99999999997,0.0225688,nan,nan,nan,nan,0.1,1.0,20.0,10 V,1.0,False,1
160.4667,0.009399999999999995,0.0001,1.9323979,205574.24468085117,225798.0,0.0225798,nan,nan,nan,nan,0.1,1.0,20.0,10 V,1.0,False,1
160.4879,0.009399999999999995,0.0001,1.9323979,205574.24468085117,225687.99999999997,0.0225688,nan,nan,nan,nan,0.1,1.0,20.0,10 V,1.0,False,1
160.5092,0.009399999999999995,0.0001,1.9323979,205574.24468085117,225908.0,0.0225908,nan,nan,nan,nan,0.1,1.0,20.0,10 V,1.0,False,1
160.5305,0.009399999999999995,0.0001,1.9323979,205574.24468085117,226347.99999999997,0.0226348,nan,nan,nan,nan,0.1,1.0,20.0,10 V,1.0,False,1
160.5517,0.009399999999999995,0.0001,1.9323979,205574.24468085117,226127.99999999997,0.0226128,nan,nan,nan,nan,0.1,1.0,20.0,10 V,1.0,False,1
160.5729,0.009399999999999995,0.0001,1.9323979,205574.24468085117,225687.99999999997,0.0225688,nan,nan,nan,nan,0.1,1.0,20.0,10 V,1.0,False,1
160.5941,0.009399999999999995,0.0001,1.9323979,205574.24468085117,225908.0,0.0225908,nan,nan,nan,nan,0.1,1.0,20.0,10 V,1.0,False,1
160.6153,0.009399999999999995,0.0001,1.9323979,205574.24468085117,225908.0,0.0225908,nan,nan,nan,nan,0.1,1.0,20.0,10 V,1.0,False,1
160.6365,0.009399999999999995,0.0001,1.9323979,205574.24468085117,225908.0,0.0225908,nan,nan,nan,nan,0.1,1.0,20.0,10 V,1.0,False,1
160.6577,0.009399999999999995,0.0001,1.9323979,205574.24468085117,226017.99999999997,0.0226018,nan,nan,nan,nan,0.1,1.0,20.0,10 V,1.0,False,1
160.6789,0.009399999999999995,0.0001,1.9323979,205574.24468085117,225687.99999999997,0.0225688,nan,nan,nan,nan,0.1,1.0,20.0,10 V,1.0,False,1
160.7001,0.009399999999999995,0.0001,1.9323979,205574.24468085117,226017.99999999997,0.0226018,nan,nan,nan,nan,0.1,1.0,20.0,10 V,1.0,False,1
160.7213,0.009399999999999995,0.0001,1.9323979,205574.24468085117,225798.0,0.0225798,nan,nan,nan,nan,0.1,1.0,20.0,10 V,1.0,False,1
160.7425,0.009399999999999995,0.0001,1.9323979,205574.24468085117,225798.0,0.0225798,nan,nan,nan,nan,0.1,1.0,20.0,10 V,1.0,False,1
160.7637,0.009399999999999995,0.0001,1.9323979,205574.24468085117,225798.0,0.0225798,nan,nan,nan,nan,0.1,1.0,20.0,10 V,1.0,False,1
160.7850,0.009399999999999995,0.0001,1.9323979,205574.24468085117,225908.0,0.0225908,nan,nan,nan,nan,0.1,1.0,20.0,10 V,1.0,False,1
160.8062,0.009399999999999995,0.0001,1.9323979,205574.24468085117,225908.0,0.0225908,nan,nan,nan,nan,0.1,1.0,20.0,10 V,1.0,False,1
160.8275,0.009399999999999995,0.0001,1.9323979,205574.24468085117,225908.0,0.0225908,nan,nan,nan,nan,0.1,1.0,20.0,10 V,1.0,False,1
160.8487,0.009399999999999995,0.0001,1.9323979,205574.24468085117,225908.0,0.0225908,nan,nan,nan,nan,0.1,1.0,20.0,10 V,1.0,False,1
160.8700,0.009399999999999995,0.0001,1.9323979,205574.24468085117,225577.99999999997,0.0225578,nan,nan,nan,nan,0.1,1.0,20.0,10 V,1.0,False,1
160.8912,0.009399999999999995,0.0001,1.9323979,205574.24468085117,226237.99999999997,0.0226238,nan,nan,nan,nan,0.1,1.0,20.0,10 V,1.0,False,1
160.9124,0.009399999999999995,0.0001,1.9323979,205574.24468085117,225908.0,0.0225908,nan,nan,nan,nan,0.1,1.0,20.0,10 V,1.0,False,1
160.9336,0.009399999999999995,0.0001,1.9323979,205574.24468085117,226127.99999999997,0.0226128,nan,nan,nan,nan,0.1,1.0,20.0,10 V,1.0,False,1
160.9548,0.009399999999999995,0.0001,1.9323979,205574.24468085117,226127.99999999997,0.0226128,nan,nan,nan,nan,0.1,1.0,20.0,10 V,1.0,False,1
160.9760,0.009399999999999995,0.0001,1.9323979,205574.24468085117,226017.99999999997,0.0226018,nan,nan,nan,nan,0.1,1.0,20.0,10 V,1.0,False,1
160.9973,0.009399999999999995,0.0001,1.9323979,205574.24468085117,226347.99999999997,0.0226348,nan,nan,nan,nan,0.1,1.0,20.0,10 V,1.0,False,1
161.0185,0.009399999999999995,0.0001,1.9323979,205574.24468085117,225908.0,0.0225908,nan,nan,nan,nan,0.1,1.0,20.0,10 V,1.0,False,1
161.0398,0.009399999999999995,0.0001,1.9323979,205574.24468085117,226127.99999999997,0.0226128,nan,nan,nan,nan,0.1,1.0,20.0,10 V,1.0,False,1
161.0611,0.009399999999999995,0.0001,1.9323979,205574.24468085117,226017.99999999997,0.0226018,nan,nan,nan,nan,0.1,1.0,20.0,10 V,1.0,False,1
161.0824,0.009399999999999995,0.0001,1.9323979,205574.24468085117,225908.0,0.0225908,nan,nan,nan,nan,0.1,1.0,20.0,10 V,1.0,False,1
161.1037,0.009399999999999995,0.0001,1.9323979,205574.24468085117,225908.0,0.0225908,nan,nan,nan,nan,0.1,1.0,20.0,10 V,1.0,False,1
161.1249,0.009399999999999995,0.0001,1.9323979,205574.24468085117,226017.99999999997,0.0226018,nan,nan,nan,nan,0.1,1.0,20.0,10 V,1.0,False,1
161.1462,0.009399999999999995,0.0001,1.9323979,205574.24468085117,226237.99999999997,0.0226238,nan,nan,nan,nan,0.1,1.0,20.0,10 V,1.0,False,1
161.1674,0.009399999999999995,0.0001,1.9323979,205574.24468085117,225908.0,0.0225908,nan,nan,nan,nan,0.1,1.0,20.0,10 V,1.0,False,1
161.1887,0.009399999999999995,0.0001,1.9323979,205574.24468085117,226237.99999999997,0.0226238,nan,nan,nan,nan,0.1,1.0,20.0,10 V,1.0,False,1
161.2099,0.009399999999999995,0.0001,1.9323979,205574.24468085117,226017.99999999997,0.0226018,nan,nan,nan,nan,0.1,1.0,20.0,10 V,1.0,False,1
161.2312,0.009399999999999995,0.0001,1.9323979,205574.24468085117,225687.99999999997,0.0225688,nan,nan,nan,nan,0.1,1.0,20.0,10 V,1.0,False,1
161.2525,0.009399999999999995,0.0001,1.9323979,205574.24468085117,226127.99999999997,0.0226128,nan,nan,nan,nan,0.1,1.0,20.0,10 V,1.0,False,1
161.2737,0.009399999999999995,0.0001,1.9323979,205574.24468085117,226127.99999999997,0.0226128,nan,nan,nan,nan,0.1,1.0,20.0,10 V,1.0,False,1
161.2950,0.009399999999999995,0.0001,1.9323979,205574.24468085117,226237.99999999997,0.0226238,nan,nan,nan,nan,0.1,1.0,20.0,10 V,1.0,False,1
161.3161,0.009399999999999995,0.0001,1.9323979,205574.24468085117,226127.99999999997,0.0226128,nan,nan,nan,nan,0.1,1.0,20.0,10 V,1.0,False,1
161.3374,0.009399999999999995,0.0001,1.9323979,205574.24468085117,226237.99999999997,0.0226238,nan,nan,nan,nan,0.1,1.0,20.0,10 V,1.0,False,1
161.3587,0.009399999999999995,0.0001,1.9323979,205574.24468085117,225798.0,0.0225798,nan,nan,nan,nan,0.1,1.0,20.0,10 V,1.0,False,1
161.3799,0.009399999999999995,0.0001,1.9323979,205574.24468085117,226347.99999999997,0.0226348,nan,nan,nan,nan,0.1,1.0,20.0,10 V,1.0,False,1
161.4012,0.009399999999999995,0.0001,1.9323979,205574.24468085117,226347.99999999997,0.0226348,nan,nan,nan,nan,0.1,1.0,20.0,10 V,1.0,False,1
161.4224,0.009399999999999995,0.0001,1.9323979,205574.24468085117,226237.99999999997,0.0226238,nan,nan,nan,nan,0.1,1.0,20.0,10 V,1.0,False,1
161.4436,0.009399999999999995,0.0001,1.9323979,205574.24468085117,225577.99999999997,0.0225578,nan,nan,nan,nan,0.1,1.0,20.0,10 V,1.0,False,1
161.4649,0.009399999999999995,0.0001,1.9323979,205574.24468085117,225798.0,0.0225798,nan,nan,nan,nan,0.1,1.0,20.0,10 V,1.0,False,1
161.4861,0.009399999999999995,0.0001,1.9323979,205574.24468085117,226347.99999999997,0.0226348,nan,nan,nan,nan,0.1,1.0,20.0,10 V,1.0,False,1
161.5074,0.009399999999999995,0.0001,1.9323979,205574.24468085117,226237.99999999997,0.0226238,nan,nan,nan,nan,0.1,1.0,20.0,10 V,1.0,False,1
161.5286,0.009399999999999995,0.0001,1.9323979,205574.24468085117,226347.99999999997,0.0226348,nan,nan,nan,nan,0.1,1.0,20.0,10 V,1.0,False,1
161.5499,0.009399999999999995,0.0001,1.9323979,205574.24468085117,227118.0,0.0227118,nan,nan,nan,nan,0.1,1.0,20.0,10 V,1.0,False,1
161.5711,0.009399999999999995,0.0001,1.9323979,205574.24468085117,226017.99999999997,0.0226018,nan,nan,nan,nan,0.1,1.0,20.0,10 V,1.0,False,1
161.5922,0.009399999999999995,0.0001,1.9323979,205574.24468085117,226017.99999999997,0.0226018,nan,nan,nan,nan,0.1,1.0,20.0,10 V,1.0,False,1
161.6134,0.009399999999999995,0.0001,1.9323979,205574.24468085117,226237.99999999997,0.0226238,nan,nan,nan,nan,0.1,1.0,20.0,10 V,1.0,False,1
161.6346,0.009399999999999995,0.0001,1.9323979,205574.24468085117,226237.99999999997,0.0226238,nan,nan,nan,nan,0.1,1.0,20.0,10 V,1.0,False,1
161.6558,0.009399999999999995,0.0001,1.9323979,205574.24468085117,225467.99999999997,0.0225468,nan,nan,nan,nan,0.1,1.0,20.0,10 V,1.0,False,1
161.6770,0.009399999999999995,0.0001,1.9323979,205574.24468085117,226017.99999999997,0.0226018,nan,nan,nan,nan,0.1,1.0,20.0,10 V,1.0,False,1
161.6982,0.009399999999999995,0.0001,1.9323979,205574.24468085117,226237.99999999997,0.0226238,nan,nan,nan,nan,0.1,1.0,20.0,10 V,1.0,False,1
161.7194,0.009399999999999995,0.0001,1.9323979,205574.24468085117,225908.0,0.0225908,nan,nan,nan,nan,0.1,1.0,20.0,10 V,1.0,False,1
161.7407,0.009399999999999995,0.0001,1.9323979,205574.24468085117,226127.99999999997,0.0226128,nan,nan,nan,nan,0.1,1.0,20.0,10 V,1.0,False,1
161.7619,0.009399999999999995,0.0001,1.9323979,205574.24468085117,226237.99999999997,0.0226238,nan,nan,nan,nan,0.1,1.0,20.0,10 V,1.0,False,1
161.7832,0.009399999999999995,0.0001,1.9323979,205574.24468085117,226347.99999999997,0.0226348,nan,nan,nan,nan,0.1,1.0,20.0,10 V,1.0,False,1
161.8044,0.009399999999999995,0.0001,1.9323979,205574.24468085117,226237.99999999997,0.0226238,nan,nan,nan,nan,0.1,1.0,20.0,10 V,1.0,False,1
161.8256,0.009399999999999995,0.0001,1.9323979,205574.24468085117,226568.0,0.0226568,nan,nan,nan,nan,0.1,1.0,20.0,10 V,1.0,False,1
161.8468,0.009399999999999995,0.0001,1.9323979,205574.24468085117,226787.99999999997,0.0226788,nan,nan,nan,nan,0.1,1.0,20.0,10 V,1.0,False,1
161.8680,0.009399999999999995,0.0001,1.9323979,205574.24468085117,225798.0,0.0225798,nan,nan,nan,nan,0.1,1.0,20.0,10 V,1.0,False,1
161.8892,0.009399999999999995,0.0001,1.9323979,205574.24468085117,226458.0,0.0226458,nan,nan,nan,nan,0.1,1.0,20.0,10 V,1.0,False,1
161.9104,0.009399999999999995,0.0001,1.9323979,205574.24468085117,226237.99999999997,0.0226238,nan,nan,nan,nan,0.1,1.0,20.0,10 V,1.0,False,1
161.9316,0.009399999999999995,0.0001,1.9323979,205574.24468085117,226347.99999999997,0.0226348,nan,nan,nan,nan,0.1,1.0,20.0,10 V,1.0,False,1
161.9529,0.009399999999999995,0.0001,1.9323979,205574.24468085117,226347.99999999997,0.0226348,nan,nan,nan,nan,0.1,1.0,20.0,10 V,1.0,False,1
161.9740,0.009399999999999995,0.0001,1.9323979,205574.24468085117,226237.99999999997,0.0226238,nan,nan,nan,nan,0.1,1.0,20.0,10 V,1.0,False,1
161.9952,0.009399999999999995,0.0001,1.9323979,205574.24468085117,226347.99999999997,0.0226348,nan,nan,nan,nan,0.1,1.0,20.0,10 V,1.0,False,1
162.0164,0.009399999999999995,0.0001,1.9323979,205574.24468085117,226458.0,0.0226458,nan,nan,nan,nan,0.1,1.0,20.0,10 V,1.0,False,1
162.0375,0.009399999999999995,0.0001,1.9323979,205574.24468085117,226017.99999999997,0.0226018,nan,nan,nan,nan,0.1,1.0,20.0,10 V,1.0,False,1
162.0587,0.009399999999999995,0.0001,1.9323979,205574.24468085117,226347.99999999997,0.0226348,nan,nan,nan,nan,0.1,1.0,20.0,10 V,1.0,False,1
162.0800,0.009399999999999995,0.0001,1.9323979,205574.24468085117,226017.99999999997,0.0226018,nan,nan,nan,nan,0.1,1.0,20.0,10 V,1.0,False,1
162.1012,0.009399999999999995,0.0001,1.9323979,205574.24468085117,226568.0,0.0226568,nan,nan,nan,nan,0.1,1.0,20.0,10 V,1.0,False,1
162.1224,0.009399999999999995,0.0001,1.9323979,205574.24468085117,226347.99999999997,0.0226348,nan,nan,nan,nan,0.1,1.0,20.0,10 V,1.0,False,1
162.1436,0.009399999999999995,0.0001,1.9323979,205574.24468085117,226787.99999999997,0.0226788,nan,nan,nan,nan,0.1,1.0,20.0,10 V,1.0,False,1
162.1648,0.009399999999999995,0.0001,1.9323979,205574.24468085117,226458.0,0.0226458,nan,nan,nan,nan,0.1,1.0,20.0,10 V,1.0,False,1
162.1860,0.009399999999999995,0.0001,1.9323979,205574.24468085117,225908.0,0.0225908,nan,nan,nan,nan,0.1,1.0,20.0,10 V,1.0,False,1
162.2072,0.009399999999999995,0.0001,1.9323979,205574.24468085117,226347.99999999997,0.0226348,nan,nan,nan,nan,0.1,1.0,20.0,10 V,1.0,False,1
162.2285,0.009399999999999995,0.0001,1.9323979,205574.24468085117,227228.0,0.0227228,nan,nan,nan,nan,0.1,1.0,20.0,10 V,1.0,False,1
162.2498,0.009399999999999995,0.0001,1.9323979,205574.24468085117,226127.99999999997,0.0226128,nan,nan,nan,nan,0.1,1.0,20.0,10 V,1.0,False,1
162.2710,0.009399999999999995,0.0001,1.9323979,205574.24468085117,226347.99999999997,0.0226348,nan,nan,nan,nan,0.1,1.0,20.0,10 V,1.0,False,1
162.2922,0.009399999999999995,0.0001,1.9323979,205574.24468085117,226347.99999999997,0.0226348,nan,nan,nan,nan,0.1,1.0,20.0,10 V,1.0,False,1
162.3134,0.009399999999999995,0.0001,1.9323979,205574.24468085117,226127.99999999997,0.0226128,nan,nan,nan,nan,0.1,1.0,20.0,10 V,1.0,False,1
162.3346,0.009399999999999995,0.0001,1.9323979,205574.24468085117,226677.99999999997,0.0226678,nan,nan,nan,nan,0.1,1.0,20.0,10 V,1.0,False,1
162.3559,0.009399999999999995,0.0001,1.9323979,205574.24468085117,226568.0,0.0226568,nan,nan,nan,nan,0.1,1.0,20.0,10 V,1.0,False,1
162.3772,0.009399999999999995,0.0001,1.9323979,205574.24468085117,226568.0,0.0226568,nan,nan,nan,nan,0.1,1.0,20.0,10 V,1.0,False,1
162.3984,0.009399999999999995,0.0001,1.9323979,205574.24468085117,226347.99999999997,0.0226348,nan,nan,nan,nan,0.1,1.0,20.0,10 V,1.0,False,1
162.4197,0.009399999999999995,0.0001,1.9323979,205574.24468085117,227337.99999999997,0.0227338,nan,nan,nan,nan,0.1,1.0,20.0,10 V,1.0,False,1
162.4410,0.009399999999999995,0.0001,1.9323979,205574.24468085117,226237.99999999997,0.0226238,nan,nan,nan,nan,0.1,1.0,20.0,10 V,1.0,False,1
162.4622,0.009399999999999995,0.0001,1.9323979,205574.24468085117,226458.0,0.0226458,nan,nan,nan,nan,0.1,1.0,20.0,10 V,1.0,False,1
162.4835,0.009399999999999995,0.0001,1.9323979,205574.24468085117,226127.99999999997,0.0226128,nan,nan,nan,nan,0.1,1.0,20.0,10 V,1.0,False,1
162.5047,0.009399999999999995,0.0001,1.9323979,205574.24468085117,226568.0,0.0226568,nan,nan,nan,nan,0.1,1.0,20.0,10 V,1.0,False,1
162.5260,0.009399999999999995,0.0001,1.9323979,205574.24468085117,226237.99999999997,0.0226238,nan,nan,nan,nan,0.1,1.0,20.0,10 V,1.0,False,1
162.5472,0.009399999999999995,0.0001,1.9323979,205574.24468085117,227557.99999999997,0.0227558,nan,nan,nan,nan,0.1,1.0,20.0,10 V,1.0,False,1
162.5684,0.009399999999999995,0.0001,1.9323979,205574.24468085117,226458.0,0.0226458,nan,nan,nan,nan,0.1,1.0,20.0,10 V,1.0,False,1
162.5897,0.009399999999999995,0.0001,1.9323979,205574.24468085117,226787.99999999997,0.0226788,nan,nan,nan,nan,0.1,1.0,20.0,10 V,1.0,False,1
162.6109,0.009399999999999995,0.0001,1.9323979,205574.24468085117,226787.99999999997,0.0226788,nan,nan,nan,nan,0.1,1.0,20.0,10 V,1.0,False,1
162.6321,0.009399999999999995,0.0001,1.9323979,205574.24468085117,226458.0,0.0226458,nan,nan,nan,nan,0.1,1.0,20.0,10 V,1.0,False,1
162.6533,0.009399999999999995,0.0001,1.9323979,205574.24468085117,226677.99999999997,0.0226678,nan,nan,nan,nan,0.1,1.0,20.0,10 V,1.0,False,1
162.6745,0.009399999999999995,0.0001,1.9323979,205574.24468085117,226347.99999999997,0.0226348,nan,nan,nan,nan,0.1,1.0,20.0,10 V,1.0,False,1
162.6957,0.009399999999999995,0.0001,1.9323979,205574.24468085117,226458.0,0.0226458,nan,nan,nan,nan,0.1,1.0,20.0,10 V,1.0,False,1
162.7169,0.009399999999999995,0.0001,1.9323979,205574.24468085117,226568.0,0.0226568,nan,nan,nan,nan,0.1,1.0,20.0,10 V,1.0,False,1
162.7380,0.009399999999999995,0.0001,1.9323979,205574.24468085117,226458.0,0.0226458,nan,nan,nan,nan,0.1,1.0,20.0,10 V,1.0,False,1
162.7591,0.009399999999999995,0.0001,1.9323979,205574.24468085117,226458.0,0.0226458,nan,nan,nan,nan,0.1,1.0,20.0,10 V,1.0,False,1
162.7804,0.009399999999999995,0.0001,1.9323979,205574.24468085117,226568.0,0.0226568,nan,nan,nan,nan,0.1,1.0,20.0,10 V,1.0,False,1
162.8016,0.009399999999999995,0.0001,1.9323979,205574.24468085117,226458.0,0.0226458,nan,nan,nan,nan,0.1,1.0,20.0,10 V,1.0,False,1
162.8227,0.009399999999999995,0.0001,1.9323979,205574.24468085117,226568.0,0.0226568,nan,nan,nan,nan,0.1,1.0,20.0,10 V,1.0,False,1
162.8439,0.009399999999999995,0.0001,1.9323979,205574.24468085117,226237.99999999997,0.0226238,nan,nan,nan,nan,0.1,1.0,20.0,10 V,1.0,False,1
162.8651,0.009399999999999995,0.0001,1.9323979,205574.24468085117,226127.99999999997,0.0226128,nan,nan,nan,nan,0.1,1.0,20.0,10 V,1.0,False,1
162.8863,0.009399999999999995,0.0001,1.9323979,205574.24468085117,226677.99999999997,0.0226678,nan,nan,nan,nan,0.1,1.0,20.0,10 V,1.0,False,1
162.9075,0.009399999999999995,0.0001,1.9323979,205574.24468085117,226677.99999999997,0.0226678,nan,nan,nan,nan,0.1,1.0,20.0,10 V,1.0,False,1
162.9288,0.009399999999999995,0.0001,1.9323979,205574.24468085117,227337.99999999997,0.0227338,nan,nan,nan,nan,0.1,1.0,20.0,10 V,1.0,False,1
162.9499,0.009399999999999995,0.0001,1.9323979,205574.24468085117,226568.0,0.0226568,nan,nan,nan,nan,0.1,1.0,20.0,10 V,1.0,False,1
162.9711,0.009399999999999995,0.0001,1.9323979,205574.24468085117,226677.99999999997,0.0226678,nan,nan,nan,nan,0.1,1.0,20.0,10 V,1.0,False,1
162.9924,0.009399999999999995,0.0001,1.9323979,205574.24468085117,226787.99999999997,0.0226788,nan,nan,nan,nan,0.1,1.0,20.0,10 V,1.0,False,1
163.0136,0.009399999999999995,0.0001,1.9323979,205574.24468085117,226568.0,0.0226568,nan,nan,nan,nan,0.1,1.0,20.0,10 V,1.0,False,1
163.0348,0.009399999999999995,0.0001,1.9323979,205574.24468085117,226677.99999999997,0.0226678,nan,nan,nan,nan,0.1,1.0,20.0,10 V,1.0,False,1
163.0560,0.009399999999999995,0.0001,1.9323979,205574.24468085117,226347.99999999997,0.0226348,nan,nan,nan,nan,0.1,1.0,20.0,10 V,1.0,False,1
163.0772,0.009399999999999995,0.0001,1.9323979,205574.24468085117,226458.0,0.0226458,nan,nan,nan,nan,0.1,1.0,20.0,10 V,1.0,False,1
163.0984,0.009399999999999995,0.0001,1.9323979,205574.24468085117,226568.0,0.0226568,nan,nan,nan,nan,0.1,1.0,20.0,10 V,1.0,False,1
163.1196,0.009399999999999995,0.0001,1.9323979,205574.24468085117,226568.0,0.0226568,nan,nan,nan,nan,0.1,1.0,20.0,10 V,1.0,False,1
163.1408,0.009399999999999995,0.0001,1.9323979,205574.24468085117,226347.99999999997,0.0226348,nan,nan,nan,nan,0.1,1.0,20.0,10 V,1.0,False,1
163.1620,0.009399999999999995,0.0001,1.9323979,205574.24468085117,226787.99999999997,0.0226788,nan,nan,nan,nan,0.1,1.0,20.0,10 V,1.0,False,1
163.1832,0.009399999999999995,0.0001,1.9323979,205574.24468085117,226568.0,0.0226568,nan,nan,nan,nan,0.1,1.0,20.0,10 V,1.0,False,1
163.2044,0.009399999999999995,0.0001,1.9323979,205574.24468085117,226787.99999999997,0.0226788,nan,nan,nan,nan,0.1,1.0,20.0,10 V,1.0,False,1
163.2256,0.009399999999999995,0.0001,1.9323979,205574.24468085117,227557.99999999997,0.0227558,nan,nan,nan,nan,0.1,1.0,20.0,10 V,1.0,False,1
163.2468,0.009399999999999995,0.0001,1.9323979,205574.24468085117,226458.0,0.0226458,nan,nan,nan,nan,0.1,1.0,20.0,10 V,1.0,False,1
163.2680,0.009399999999999995,0.0001,1.9323979,205574.24468085117,226568.0,0.0226568,nan,nan,nan,nan,0.1,1.0,20.0,10 V,1.0,False,1
163.2892,0.009399999999999995,0.0001,1.9323979,205574.24468085117,226237.99999999997,0.0226238,nan,nan,nan,nan,0.1,1.0,20.0,10 V,1.0,False,1
163.3104,0.009399999999999995,0.0001,1.9323979,205574.24468085117,226677.99999999997,0.0226678,nan,nan,nan,nan,0.1,1.0,20.0,10 V,1.0,False,1
163.3316,0.009399999999999995,0.0001,1.9323979,205574.24468085117,227118.0,0.0227118,nan,nan,nan,nan,0.1,1.0,20.0,10 V,1.0,False,1
163.3529,0.009399999999999995,0.0001,1.9323979,205574.24468085117,226787.99999999997,0.0226788,nan,nan,nan,nan,0.1,1.0,20.0,10 V,1.0,False,1
163.3741,0.009399999999999995,0.0001,1.9323979,205574.24468085117,226568.0,0.0226568,nan,nan,nan,nan,0.1,1.0,20.0,10 V,1.0,False,1
163.3952,0.009399999999999995,0.0001,1.9323979,205574.24468085117,226458.0,0.0226458,nan,nan,nan,nan,0.1,1.0,20.0,10 V,1.0,False,1
163.4165,0.009399999999999995,0.0001,1.9323979,205574.24468085117,226568.0,0.0226568,nan,nan,nan,nan,0.1,1.0,20.0,10 V,1.0,False,1
163.4378,0.009399999999999995,0.0001,1.9323979,205574.24468085117,226568.0,0.0226568,nan,nan,nan,nan,0.1,1.0,20.0,10 V,1.0,False,1
163.4590,0.009399999999999995,0.0001,1.9323979,205574.24468085117,226897.99999999997,0.0226898,nan,nan,nan,nan,0.1,1.0,20.0,10 V,1.0,False,1
163.4803,0.009399999999999995,0.0001,1.9323979,205574.24468085117,227007.99999999997,0.0227008,nan,nan,nan,nan,0.1,1.0,20.0,10 V,1.0,False,1
163.5015,0.009399999999999995,0.0001,1.9323979,205574.24468085117,227228.0,0.0227228,nan,nan,nan,nan,0.1,1.0,20.0,10 V,1.0,False,1
163.5228,0.009399999999999995,0.0001,1.9323979,205574.24468085117,226677.99999999997,0.0226678,nan,nan,nan,nan,0.1,1.0,20.0,10 V,1.0,False,1
163.5437,0.009399999999999995,0.0001,1.9323979,205574.24468085117,227007.99999999997,0.0227008,nan,nan,nan,nan,0.1,1.0,20.0,10 V,1.0,False,1
163.5650,0.009399999999999995,0.0001,1.9323979,205574.24468085117,226677.99999999997,0.0226678,nan,nan,nan,nan,0.1,1.0,20.0,10 V,1.0,False,1
163.5861,0.009399999999999995,0.0001,1.9323979,205574.24468085117,227228.0,0.0227228,nan,nan,nan,nan,0.1,1.0,20.0,10 V,1.0,False,1
163.6074,0.009399999999999995,0.0001,1.9323979,205574.24468085117,226458.0,0.0226458,nan,nan,nan,nan,0.1,1.0,20.0,10 V,1.0,False,1
163.6287,0.009399999999999995,0.0001,1.9323979,205574.24468085117,227447.99999999997,0.0227448,nan,nan,nan,nan,0.1,1.0,20.0,10 V,1.0,False,1
163.6500,0.009399999999999995,0.0001,1.9323979,205574.24468085117,226897.99999999997,0.0226898,nan,nan,nan,nan,0.1,1.0,20.0,10 V,1.0,False,1
163.6712,0.009399999999999995,0.0001,1.9323979,205574.24468085117,226237.99999999997,0.0226238,nan,nan,nan,nan,0.1,1.0,20.0,10 V,1.0,False,1
163.6924,0.009399999999999995,0.0001,1.9323979,205574.24468085117,226787.99999999997,0.0226788,nan,nan,nan,nan,0.1,1.0,20.0,10 V,1.0,False,1
163.7137,0.009399999999999995,0.0001,1.9323979,205574.24468085117,226897.99999999997,0.0226898,nan,nan,nan,nan,0.1,1.0,20.0,10 V,1.0,False,1
163.7349,0.009399999999999995,0.0001,1.9323979,205574.24468085117,226897.99999999997,0.0226898,nan,nan,nan,nan,0.1,1.0,20.0,10 V,1.0,False,1
163.7561,0.009399999999999995,0.0001,1.9323979,205574.24468085117,226897.99999999997,0.0226898,nan,nan,nan,nan,0.1,1.0,20.0,10 V,1.0,False,1
163.7773,0.009399999999999995,0.0001,1.9323979,205574.24468085117,227447.99999999997,0.0227448,nan,nan,nan,nan,0.1,1.0,20.0,10 V,1.0,False,1
163.7986,0.009399999999999995,0.0001,1.9323979,205574.24468085117,226568.0,0.0226568,nan,nan,nan,nan,0.1,1.0,20.0,10 V,1.0,False,1
163.8198,0.009399999999999995,0.0001,1.9323979,205574.24468085117,227118.0,0.0227118,nan,nan,nan,nan,0.1,1.0,20.0,10 V,1.0,False,1
163.8410,0.009399999999999995,0.0001,1.9323979,205574.24468085117,226787.99999999997,0.0226788,nan,nan,nan,nan,0.1,1.0,20.0,10 V,1.0,False,1
163.8622,0.009399999999999995,0.0001,1.9323979,205574.24468085117,226677.99999999997,0.0226678,nan,nan,nan,nan,0.1,1.0,20.0,10 V,1.0,False,1
163.8835,0.009399999999999995,0.0001,1.9323979,205574.24468085117,226897.99999999997,0.0226898,nan,nan,nan,nan,0.1,1.0,20.0,10 V,1.0,False,1
163.9048,0.009399999999999995,0.0001,1.9323979,205574.24468085117,226458.0,0.0226458,nan,nan,nan,nan,0.1,1.0,20.0,10 V,1.0,False,1
163.9261,0.009399999999999995,0.0001,1.9323979,205574.24468085117,227007.99999999997,0.0227008,nan,nan,nan,nan,0.1,1.0,20.0,10 V,1.0,False,1
163.9474,0.009399999999999995,0.0001,1.9323979,205574.24468085117,227337.99999999997,0.0227338,nan,nan,nan,nan,0.1,1.0,20.0,10 V,1.0,False,1
163.9685,0.009399999999999995,0.0001,1.9323979,205574.24468085117,226677.99999999997,0.0226678,nan,nan,nan,nan,0.1,1.0,20.0,10 V,1.0,False,1
163.9897,0.009399999999999995,0.0001,1.9323979,205574.24468085117,227228.0,0.0227228,nan,nan,nan,nan,0.1,1.0,20.0,10 V,1.0,False,1
164.0109,0.009399999999999995,0.0001,1.9323979,205574.24468085117,227228.0,0.0227228,nan,nan,nan,nan,0.1,1.0,20.0,10 V,1.0,False,1
164.0321,0.009399999999999995,0.0001,1.9323979,205574.24468085117,226897.99999999997,0.0226898,nan,nan,nan,nan,0.1,1.0,20.0,10 V,1.0,False,1
164.0534,0.009399999999999995,0.0001,1.9323979,205574.24468085117,227007.99999999997,0.0227008,nan,nan,nan,nan,0.1,1.0,20.0,10 V,1.0,False,1
164.0746,0.009399999999999995,0.0001,1.9323979,205574.24468085117,226677.99999999997,0.0226678,nan,nan,nan,nan,0.1,1.0,20.0,10 V,1.0,False,1
164.0958,0.009399999999999995,0.0001,1.9323979,205574.24468085117,227007.99999999997,0.0227008,nan,nan,nan,nan,0.1,1.0,20.0,10 V,1.0,False,1
164.1170,0.009399999999999995,0.0001,1.9323979,205574.24468085117,227118.0,0.0227118,nan,nan,nan,nan,0.1,1.0,20.0,10 V,1.0,False,1
164.1383,0.009399999999999995,0.0001,1.9323979,205574.24468085117,226677.99999999997,0.0226678,nan,nan,nan,nan,0.1,1.0,20.0,10 V,1.0,False,1
164.1594,0.009399999999999995,0.0001,1.9323979,205574.24468085117,227118.0,0.0227118,nan,nan,nan,nan,0.1,1.0,20.0,10 V,1.0,False,1
164.1806,0.009399999999999995,0.0001,1.9323979,205574.24468085117,226897.99999999997,0.0226898,nan,nan,nan,nan,0.1,1.0,20.0,10 V,1.0,False,1
164.2019,0.009399999999999995,0.0001,1.9323979,205574.24468085117,226897.99999999997,0.0226898,nan,nan,nan,nan,0.1,1.0,20.0,10 V,1.0,False,1
164.2231,0.009399999999999995,0.0001,1.9323979,205574.24468085117,226347.99999999997,0.0226348,nan,nan,nan,nan,0.1,1.0,20.0,10 V,1.0,False,1
164.2443,0.009399999999999995,0.0001,1.9323979,205574.24468085117,227007.99999999997,0.0227008,nan,nan,nan,nan,0.1,1.0,20.0,10 V,1.0,False,1
164.2655,0.009399999999999995,0.0001,1.9323979,205574.24468085117,226897.99999999997,0.0226898,nan,nan,nan,nan,0.1,1.0,20.0,10 V,1.0,False,1
164.2867,0.009399999999999995,0.0001,1.9323979,205574.24468085117,226897.99999999997,0.0226898,nan,nan,nan,nan,0.1,1.0,20.0,10 V,1.0,False,1
164.3080,0.009399999999999995,0.0001,1.9323979,205574.24468085117,226787.99999999997,0.0226788,nan,nan,nan,nan,0.1,1.0,20.0,10 V,1.0,False,1
164.3292,0.009399999999999995,0.0001,1.9323979,205574.24468085117,226677.99999999997,0.0226678,nan,nan,nan,nan,0.1,1.0,20.0,10 V,1.0,False,1
164.3504,0.009399999999999995,0.0001,1.9323979,205574.24468085117,226897.99999999997,0.0226898,nan,nan,nan,nan,0.1,1.0,20.0,10 V,1.0,False,1
164.3717,0.009399999999999995,0.0001,1.9323979,205574.24468085117,226897.99999999997,0.0226898,nan,nan,nan,nan,0.1,1.0,20.0,10 V,1.0,False,1
164.3929,0.009399999999999995,0.0001,1.9323979,205574.24468085117,227228.0,0.0227228,nan,nan,nan,nan,0.1,1.0,20.0,10 V,1.0,False,1
164.4141,0.009399999999999995,0.0001,1.9323979,205574.24468085117,226677.99999999997,0.0226678,nan,nan,nan,nan,0.1,1.0,20.0,10 V,1.0,False,1
164.4353,0.009399999999999995,0.0001,1.9323979,205574.24468085117,227118.0,0.0227118,nan,nan,nan,nan,0.1,1.0,20.0,10 V,1.0,False,1
164.4565,0.009399999999999995,0.0001,1.9323979,205574.24468085117,227118.0,0.0227118,nan,nan,nan,nan,0.1,1.0,20.0,10 V,1.0,False,1
164.4777,0.009399999999999995,0.0001,1.9323979,205574.24468085117,226458.0,0.0226458,nan,nan,nan,nan,0.1,1.0,20.0,10 V,1.0,False,1
164.4990,0.009399999999999995,0.0001,1.9323979,205574.24468085117,226897.99999999997,0.0226898,nan,nan,nan,nan,0.1,1.0,20.0,10 V,1.0,False,1
164.5202,0.009399999999999995,0.0001,1.9323979,205574.24468085117,227118.0,0.0227118,nan,nan,nan,nan,0.1,1.0,20.0,10 V,1.0,False,1
164.5414,0.009399999999999995,0.0001,1.9323979,205574.24468085117,227007.99999999997,0.0227008,nan,nan,nan,nan,0.1,1.0,20.0,10 V,1.0,False,1
164.5626,0.009399999999999995,0.0001,1.9323979,205574.24468085117,226787.99999999997,0.0226788,nan,nan,nan,nan,0.1,1.0,20.0,10 V,1.0,False,1
164.5838,0.009399999999999995,0.0001,1.9323979,205574.24468085117,226897.99999999997,0.0226898,nan,nan,nan,nan,0.1,1.0,20.0,10 V,1.0,False,1
164.6050,0.009399999999999995,0.0001,1.9323979,205574.24468085117,227007.99999999997,0.0227008,nan,nan,nan,nan,0.1,1.0,20.0,10 V,1.0,False,1
164.6263,0.009399999999999995,0.0001,1.9323979,205574.24468085117,227118.0,0.0227118,nan,nan,nan,nan,0.1,1.0,20.0,10 V,1.0,False,1
164.6475,0.009399999999999995,0.0001,1.9323979,205574.24468085117,226568.0,0.0226568,nan,nan,nan,nan,0.1,1.0,20.0,10 V,1.0,False,1
164.6686,0.009399999999999995,0.0001,1.9323979,205574.24468085117,227118.0,0.0227118,nan,nan,nan,nan,0.1,1.0,20.0,10 V,1.0,False,1
164.6899,0.009399999999999995,0.0001,1.9323979,205574.24468085117,227228.0,0.0227228,nan,nan,nan,nan,0.1,1.0,20.0,10 V,1.0,False,1
164.7110,0.009399999999999995,0.0001,1.9323979,205574.24468085117,227118.0,0.0227118,nan,nan,nan,nan,0.1,1.0,20.0,10 V,1.0,False,1
164.7323,0.009399999999999995,0.0001,1.9323979,205574.24468085117,227228.0,0.0227228,nan,nan,nan,nan,0.1,1.0,20.0,10 V,1.0,False,1
164.7535,0.009399999999999995,0.0001,1.9323979,205574.24468085117,227337.99999999997,0.0227338,nan,nan,nan,nan,0.1,1.0,20.0,10 V,1.0,False,1
164.7747,0.009399999999999995,0.0001,1.9323979,205574.24468085117,226897.99999999997,0.0226898,nan,nan,nan,nan,0.1,1.0,20.0,10 V,1.0,False,1
164.7959,0.009399999999999995,0.0001,1.9323979,205574.24468085117,226897.99999999997,0.0226898,nan,nan,nan,nan,0.1,1.0,20.0,10 V,1.0,False,1
164.8172,0.009399999999999995,0.0001,1.9323979,205574.24468085117,227228.0,0.0227228,nan,nan,nan,nan,0.1,1.0,20.0,10 V,1.0,False,1
164.8384,0.009399999999999995,0.0001,1.9323979,205574.24468085117,227007.99999999997,0.0227008,nan,nan,nan,nan,0.1,1.0,20.0,10 V,1.0,False,1
164.8597,0.009399999999999995,0.0001,1.9323979,205574.24468085117,227228.0,0.0227228,nan,nan,nan,nan,0.1,1.0,20.0,10 V,1.0,False,1
164.8809,0.009399999999999995,0.0001,1.9323979,205574.24468085117,227118.0,0.0227118,nan,nan,nan,nan,0.1,1.0,20.0,10 V,1.0,False,1
164.9022,0.009399999999999995,0.0001,1.9323979,205574.24468085117,227228.0,0.0227228,nan,nan,nan,nan,0.1,1.0,20.0,10 V,1.0,False,1
164.9234,0.009399999999999995,0.0001,1.9323979,205574.24468085117,227228.0,0.0227228,nan,nan,nan,nan,0.1,1.0,20.0,10 V,1.0,False,1
164.9447,0.009399999999999995,0.0001,1.9323979,205574.24468085117,227228.0,0.0227228,nan,nan,nan,nan,0.1,1.0,20.0,10 V,1.0,False,1
164.9659,0.009399999999999995,0.0001,1.9323979,205574.24468085117,227118.0,0.0227118,nan,nan,nan,nan,0.1,1.0,20.0,10 V,1.0,False,1
164.9871,0.009399999999999995,0.0001,1.9323979,205574.24468085117,227447.99999999997,0.0227448,nan,nan,nan,nan,0.1,1.0,20.0,10 V,1.0,False,1
165.0083,0.009399999999999995,0.0001,1.9323979,205574.24468085117,227337.99999999997,0.0227338,nan,nan,nan,nan,0.1,1.0,20.0,10 V,1.0,False,1
165.0295,0.009399999999999995,0.0001,1.9323979,205574.24468085117,227337.99999999997,0.0227338,nan,nan,nan,nan,0.1,1.0,20.0,10 V,1.0,False,1
165.0507,0.009399999999999995,0.0001,1.9323979,205574.24468085117,227228.0,0.0227228,nan,nan,nan,nan,0.1,1.0,20.0,10 V,1.0,False,1
165.0719,0.009399999999999995,0.0001,1.9323979,205574.24468085117,227337.99999999997,0.0227338,nan,nan,nan,nan,0.1,1.0,20.0,10 V,1.0,False,1
165.0931,0.009399999999999995,0.0001,1.9323979,205574.24468085117,227228.0,0.0227228,nan,nan,nan,nan,0.1,1.0,20.0,10 V,1.0,False,1
165.1143,0.009399999999999995,0.0001,1.9323979,205574.24468085117,227337.99999999997,0.0227338,nan,nan,nan,nan,0.1,1.0,20.0,10 V,1.0,False,1
165.1355,0.009399999999999995,0.0001,1.9323979,205574.24468085117,227667.99999999997,0.0227668,nan,nan,nan,nan,0.1,1.0,20.0,10 V,1.0,False,1
165.1567,0.009399999999999995,0.0001,1.9323979,205574.24468085117,227888.0,0.0227888,nan,nan,nan,nan,0.1,1.0,20.0,10 V,1.0,False,1
165.1779,0.009399999999999995,0.0001,1.9323979,205574.24468085117,227337.99999999997,0.0227338,nan,nan,nan,nan,0.1,1.0,20.0,10 V,1.0,False,1
165.1991,0.009399999999999995,0.0001,1.9323979,205574.24468085117,227667.99999999997,0.0227668,nan,nan,nan,nan,0.1,1.0,20.0,10 V,1.0,False,1
165.2203,0.009399999999999995,0.0001,1.9323979,205574.24468085117,226787.99999999997,0.0226788,nan,nan,nan,nan,0.1,1.0,20.0,10 V,1.0,False,1
165.2415,0.009399999999999995,0.0001,1.9323979,205574.24468085117,226897.99999999997,0.0226898,nan,nan,nan,nan,0.1,1.0,20.0,10 V,1.0,False,1
165.2626,0.009399999999999995,0.0001,1.9323979,205574.24468085117,226897.99999999997,0.0226898,nan,nan,nan,nan,0.1,1.0,20.0,10 V,1.0,False,1
165.2837,0.009399999999999995,0.0001,1.9323979,205574.24468085117,227447.99999999997,0.0227448,nan,nan,nan,nan,0.1,1.0,20.0,10 V,1.0,False,1
165.3049,0.009399999999999995,0.0001,1.9323979,205574.24468085117,228217.99999999997,0.0228218,nan,nan,nan,nan,0.1,1.0,20.0,10 V,1.0,False,1
165.3262,0.009399999999999995,0.0001,1.9323979,205574.24468085117,227228.0,0.0227228,nan,nan,nan,nan,0.1,1.0,20.0,10 V,1.0,False,1
165.3475,0.009399999999999995,0.0001,1.9323979,205574.24468085117,227118.0,0.0227118,nan,nan,nan,nan,0.1,1.0,20.0,10 V,1.0,False,1
165.3688,0.009399999999999995,0.0001,1.9323979,205574.24468085117,227007.99999999997,0.0227008,nan,nan,nan,nan,0.1,1.0,20.0,10 V,1.0,False,1
165.3899,0.009399999999999995,0.0001,1.9323979,205574.24468085117,227337.99999999997,0.0227338,nan,nan,nan,nan,0.1,1.0,20.0,10 V,1.0,False,1
165.4111,0.009399999999999995,0.0001,1.9323979,205574.24468085117,227447.99999999997,0.0227448,nan,nan,nan,nan,0.1,1.0,20.0,10 V,1.0,False,1
165.4323,0.009399999999999995,0.0001,1.9323979,205574.24468085117,227228.0,0.0227228,nan,nan,nan,nan,0.1,1.0,20.0,10 V,1.0,False,1
165.4535,0.009399999999999995,0.0001,1.9323979,205574.24468085117,227447.99999999997,0.0227448,nan,nan,nan,nan,0.1,1.0,20.0,10 V,1.0,False,1
165.4747,0.009399999999999995,0.0001,1.9323979,205574.24468085117,227228.0,0.0227228,nan,nan,nan,nan,0.1,1.0,20.0,10 V,1.0,False,1
165.4960,0.009399999999999995,0.0001,1.9323979,205574.24468085117,226897.99999999997,0.0226898,nan,nan,nan,nan,0.1,1.0,20.0,10 V,1.0,False,1
165.5173,0.009399999999999995,0.0001,1.9323979,205574.24468085117,227337.99999999997,0.0227338,nan,nan,nan,nan,0.1,1.0,20.0,10 V,1.0,False,1
165.5385,0.009399999999999995,0.0001,1.9323979,205574.24468085117,227557.99999999997,0.0227558,nan,nan,nan,nan,0.1,1.0,20.0,10 V,1.0,False,1
165.5597,0.009399999999999995,0.0001,1.9323979,205574.24468085117,227337.99999999997,0.0227338,nan,nan,nan,nan,0.1,1.0,20.0,10 V,1.0,False,1
165.5809,0.009399999999999995,0.0001,1.9323979,205574.24468085117,227447.99999999997,0.0227448,nan,nan,nan,nan,0.1,1.0,20.0,10 V,1.0,False,1
165.6021,0.009399999999999995,0.0001,1.9323979,205574.24468085117,227337.99999999997,0.0227338,nan,nan,nan,nan,0.1,1.0,20.0,10 V,1.0,False,1
165.6234,0.009399999999999995,0.0001,1.9323979,205574.24468085117,227118.0,0.0227118,nan,nan,nan,nan,0.1,1.0,20.0,10 V,1.0,False,1
165.6445,0.009399999999999995,0.0001,1.9323979,205574.24468085117,227337.99999999997,0.0227338,nan,nan,nan,nan,0.1,1.0,20.0,10 V,1.0,False,1
165.6657,0.009399999999999995,0.0001,1.9323979,205574.24468085117,227447.99999999997,0.0227448,nan,nan,nan,nan,0.1,1.0,20.0,10 V,1.0,False,1
165.6869,0.009399999999999995,0.0001,1.9323979,205574.24468085117,227337.99999999997,0.0227338,nan,nan,nan,nan,0.1,1.0,20.0,10 V,1.0,False,1
165.7081,0.009399999999999995,0.0001,1.9323979,205574.24468085117,227667.99999999997,0.0227668,nan,nan,nan,nan,0.1,1.0,20.0,10 V,1.0,False,1
165.7293,0.009399999999999995,0.0001,1.9323979,205574.24468085117,227667.99999999997,0.0227668,nan,nan,nan,nan,0.1,1.0,20.0,10 V,1.0,False,1
165.7505,0.009399999999999995,0.0001,1.9323979,205574.24468085117,227557.99999999997,0.0227558,nan,nan,nan,nan,0.1,1.0,20.0,10 V,1.0,False,1
165.7718,0.009399999999999995,0.0001,1.9323979,205574.24468085117,227997.99999999997,0.0227998,nan,nan,nan,nan,0.1,1.0,20.0,10 V,1.0,False,1
165.7929,0.009399999999999995,0.0001,1.9323979,205574.24468085117,227228.0,0.0227228,nan,nan,nan,nan,0.1,1.0,20.0,10 V,1.0,False,1
165.8142,0.009399999999999995,0.0001,1.9323979,205574.24468085117,227557.99999999997,0.0227558,nan,nan,nan,nan,0.1,1.0,20.0,10 V,1.0,False,1
165.8354,0.009399999999999995,0.0001,1.9323979,205574.24468085117,228217.99999999997,0.0228218,nan,nan,nan,nan,0.1,1.0,20.0,10 V,1.0,False,1
165.8566,0.009399999999999995,0.0001,1.9323979,205574.24468085117,227557.99999999997,0.0227558,nan,nan,nan,nan,0.1,1.0,20.0,10 V,1.0,False,1
165.8779,0.009399999999999995,0.0001,1.9323979,205574.24468085117,227778.0,0.0227778,nan,nan,nan,nan,0.1,1.0,20.0,10 V,1.0,False,1
165.8991,0.009399999999999995,0.0001,1.9323979,205574.24468085117,227997.99999999997,0.0227998,nan,nan,nan,nan,0.1,1.0,20.0,10 V,1.0,False,1
165.9203,0.009399999999999995,0.0001,1.9323979,205574.24468085117,227557.99999999997,0.0227558,nan,nan,nan,nan,0.1,1.0,20.0,10 V,1.0,False,1
165.9415,0.009399999999999995,0.0001,1.9323979,205574.24468085117,227557.99999999997,0.0227558,nan,nan,nan,nan,0.1,1.0,20.0,10 V,1.0,False,1
165.9628,0.009399999999999995,0.0001,1.9323979,205574.24468085117,227557.99999999997,0.0227558,nan,nan,nan,nan,0.1,1.0,20.0,10 V,1.0,False,1
165.9839,0.009399999999999995,0.0001,1.9323979,205574.24468085117,227337.99999999997,0.0227338,nan,nan,nan,nan,0.1,1.0,20.0,10 V,1.0,False,1
166.0052,0.009399999999999995,0.0001,1.9323979,205574.24468085117,227447.99999999997,0.0227448,nan,nan,nan,nan,0.1,1.0,20.0,10 V,1.0,False,1
166.0264,0.009399999999999995,0.0001,1.9323979,205574.24468085117,227778.0,0.0227778,nan,nan,nan,nan,0.1,1.0,20.0,10 V,1.0,False,1
166.0476,0.009399999999999995,0.0001,1.9323979,205574.24468085117,227667.99999999997,0.0227668,nan,nan,nan,nan,0.1,1.0,20.0,10 V,1.0,False,1
166.0689,0.009399999999999995,0.0001,1.9323979,205574.24468085117,227447.99999999997,0.0227448,nan,nan,nan,nan,0.1,1.0,20.0,10 V,1.0,False,1
166.0901,0.009399999999999995,0.0001,1.9323979,205574.24468085117,227778.0,0.0227778,nan,nan,nan,nan,0.1,1.0,20.0,10 V,1.0,False,1
166.1113,0.009399999999999995,0.0001,1.9323979,205574.24468085117,227778.0,0.0227778,nan,nan,nan,nan,0.1,1.0,20.0,10 V,1.0,False,1
166.1326,0.009399999999999995,0.0001,1.9323979,205574.24468085117,227557.99999999997,0.0227558,nan,nan,nan,nan,0.1,1.0,20.0,10 V,1.0,False,1
166.1538,0.009399999999999995,0.0001,1.9323979,205574.24468085117,227667.99999999997,0.0227668,nan,nan,nan,nan,0.1,1.0,20.0,10 V,1.0,False,1
166.1750,0.009399999999999995,0.0001,1.9323979,205574.24468085117,227228.0,0.0227228,nan,nan,nan,nan,0.1,1.0,20.0,10 V,1.0,False,1
166.1963,0.009399999999999995,0.0001,1.9323979,205574.24468085117,227557.99999999997,0.0227558,nan,nan,nan,nan,0.1,1.0,20.0,10 V,1.0,False,1
166.2175,0.009399999999999995,0.0001,1.9323979,205574.24468085117,227228.0,0.0227228,nan,nan,nan,nan,0.1,1.0,20.0,10 V,1.0,False,1
166.2387,0.009399999999999995,0.0001,1.9323979,205574.24468085117,227337.99999999997,0.0227338,nan,nan,nan,nan,0.1,1.0,20.0,10 V,1.0,False,1
166.2599,0.009399999999999995,0.0001,1.9323979,205574.24468085117,227228.0,0.0227228,nan,nan,nan,nan,0.1,1.0,20.0,10 V,1.0,False,1
166.2811,0.009399999999999995,0.0001,1.9323979,205574.24468085117,227228.0,0.0227228,nan,nan,nan,nan,0.1,1.0,20.0,10 V,1.0,False,1
166.3023,0.009399999999999995,0.0001,1.9323979,205574.24468085117,227118.0,0.0227118,nan,nan,nan,nan,0.1,1.0,20.0,10 V,1.0,False,1
166.3236,0.009399999999999995,0.0001,1.9323979,205574.24468085117,227337.99999999997,0.0227338,nan,nan,nan,nan,0.1,1.0,20.0,10 V,1.0,False,1
166.3448,0.009399999999999995,0.0001,1.9323979,205574.24468085117,227667.99999999997,0.0227668,nan,nan,nan,nan,0.1,1.0,20.0,10 V,1.0,False,1
166.3660,0.009399999999999995,0.0001,1.9323979,205574.24468085117,227007.99999999997,0.0227008,nan,nan,nan,nan,0.1,1.0,20.0,10 V,1.0,False,1
166.3872,0.009399999999999995,0.0001,1.9323979,205574.24468085117,227557.99999999997,0.0227558,nan,nan,nan,nan,0.1,1.0,20.0,10 V,1.0,False,1
166.4084,0.009399999999999995,0.0001,1.9323979,205574.24468085117,227447.99999999997,0.0227448,nan,nan,nan,nan,0.1,1.0,20.0,10 V,1.0,False,1
166.4296,0.009399999999999995,0.0001,1.9323979,205574.24468085117,227778.0,0.0227778,nan,nan,nan,nan,0.1,1.0,20.0,10 V,1.0,False,1
166.4508,0.009399999999999995,0.0001,1.9323979,205574.24468085117,227447.99999999997,0.0227448,nan,nan,nan,nan,0.1,1.0,20.0,10 V,1.0,False,1
166.4720,0.009399999999999995,0.0001,1.9323979,205574.24468085117,227447.99999999997,0.0227448,nan,nan,nan,nan,0.1,1.0,20.0,10 V,1.0,False,1
166.4932,0.009399999999999995,0.0001,1.9323979,205574.24468085117,227778.0,0.0227778,nan,nan,nan,nan,0.1,1.0,20.0,10 V,1.0,False,1
166.5145,0.009399999999999995,0.0001,1.9323979,205574.24468085117,228438.0,0.0228438,nan,nan,nan,nan,0.1,1.0,20.0,10 V,1.0,False,1
166.5357,0.009399999999999995,0.0001,1.9323979,205574.24468085117,227447.99999999997,0.0227448,nan,nan,nan,nan,0.1,1.0,20.0,10 V,1.0,False,1
166.5569,0.009399999999999995,0.0001,1.9323979,205574.24468085117,227337.99999999997,0.0227338,nan,nan,nan,nan,0.1,1.0,20.0,10 V,1.0,False,1
166.5782,0.009399999999999995,0.0001,1.9323979,205574.24468085117,227557.99999999997,0.0227558,nan,nan,nan,nan,0.1,1.0,20.0,10 V,1.0,False,1
166.5995,0.009399999999999995,0.0001,1.9323979,205574.24468085117,227778.0,0.0227778,nan,nan,nan,nan,0.1,1.0,20.0,10 V,1.0,False,1
166.6207,0.009399999999999995,0.0001,1.9323979,205574.24468085117,228107.99999999997,0.0228108,nan,nan,nan,nan,0.1,1.0,20.0,10 V,1.0,False,1
166.6420,0.009399999999999995,0.0001,1.9323979,205574.24468085117,227447.99999999997,0.0227448,nan,nan,nan,nan,0.1,1.0,20.0,10 V,1.0,False,1
166.6632,0.009399999999999995,0.0001,1.9323979,205574.24468085117,227557.99999999997,0.0227558,nan,nan,nan,nan,0.1,1.0,20.0,10 V,1.0,False,1
166.6845,0.009399999999999995,0.0001,1.9323979,205574.24468085117,227447.99999999997,0.0227448,nan,nan,nan,nan,0.1,1.0,20.0,10 V,1.0,False,1
166.7057,0.009399999999999995,0.0001,1.9323979,205574.24468085117,227557.99999999997,0.0227558,nan,nan,nan,nan,0.1,1.0,20.0,10 V,1.0,False,1
166.7268,0.009399999999999995,0.0001,1.9323979,205574.24468085117,227118.0,0.0227118,nan,nan,nan,nan,0.1,1.0,20.0,10 V,1.0,False,1
166.7481,0.009399999999999995,0.0001,1.9323979,205574.24468085117,227557.99999999997,0.0227558,nan,nan,nan,nan,0.1,1.0,20.0,10 V,1.0,False,1
166.7692,0.009399999999999995,0.0001,1.9323979,205574.24468085117,227228.0,0.0227228,nan,nan,nan,nan,0.1,1.0,20.0,10 V,1.0,False,1
166.7902,0.009399999999999995,0.0001,1.9323979,205574.24468085117,227447.99999999997,0.0227448,nan,nan,nan,nan,0.1,1.0,20.0,10 V,1.0,False,1
166.8114,0.009399999999999995,0.0001,1.9323979,205574.24468085117,227667.99999999997,0.0227668,nan,nan,nan,nan,0.1,1.0,20.0,10 V,1.0,False,1
166.8326,0.009399999999999995,0.0001,1.9323979,205574.24468085117,227888.0,0.0227888,nan,nan,nan,nan,0.1,1.0,20.0,10 V,1.0,False,1
166.8538,0.009399999999999995,0.0001,1.9323979,205574.24468085117,228217.99999999997,0.0228218,nan,nan,nan,nan,0.1,1.0,20.0,10 V,1.0,False,1
166.8750,0.009399999999999995,0.0001,1.9323979,205574.24468085117,228107.99999999997,0.0228108,nan,nan,nan,nan,0.1,1.0,20.0,10 V,1.0,False,1
166.8962,0.009399999999999995,0.0001,1.9323979,205574.24468085117,227997.99999999997,0.0227998,nan,nan,nan,nan,0.1,1.0,20.0,10 V,1.0,False,1
166.9174,0.009399999999999995,0.0001,1.9323979,205574.24468085117,227888.0,0.0227888,nan,nan,nan,nan,0.1,1.0,20.0,10 V,1.0,False,1
166.9386,0.009399999999999995,0.0001,1.9323979,205574.24468085117,227007.99999999997,0.0227008,nan,nan,nan,nan,0.1,1.0,20.0,10 V,1.0,False,1
166.9598,0.009399999999999995,0.0001,1.9323979,205574.24468085117,227557.99999999997,0.0227558,nan,nan,nan,nan,0.1,1.0,20.0,10 V,1.0,False,1
166.9811,0.009399999999999995,0.0001,1.9323979,205574.24468085117,227447.99999999997,0.0227448,nan,nan,nan,nan,0.1,1.0,20.0,10 V,1.0,False,1
167.0023,0.009399999999999995,0.0001,1.9323979,205574.24468085117,228438.0,0.0228438,nan,nan,nan,nan,0.1,1.0,20.0,10 V,1.0,False,1
167.0236,0.009399999999999995,0.0001,1.9323979,205574.24468085117,227778.0,0.0227778,nan,nan,nan,nan,0.1,1.0,20.0,10 V,1.0,False,1
167.0448,0.009399999999999995,0.0001,1.9323979,205574.24468085117,227888.0,0.0227888,nan,nan,nan,nan,0.1,1.0,20.0,10 V,1.0,False,1
167.0661,0.009399999999999995,0.0001,1.9323979,205574.24468085117,227667.99999999997,0.0227668,nan,nan,nan,nan,0.1,1.0,20.0,10 V,1.0,False,1
167.0873,0.009399999999999995,0.0001,1.9323979,205574.24468085117,227667.99999999997,0.0227668,nan,nan,nan,nan,0.1,1.0,20.0,10 V,1.0,False,1
167.1085,0.009399999999999995,0.0001,1.9323979,205574.24468085117,227778.0,0.0227778,nan,nan,nan,nan,0.1,1.0,20.0,10 V,1.0,False,1
167.1297,0.009399999999999995,0.0001,1.9323979,205574.24468085117,227667.99999999997,0.0227668,nan,nan,nan,nan,0.1,1.0,20.0,10 V,1.0,False,1
167.1509,0.009399999999999995,0.0001,1.9323979,205574.24468085117,227997.99999999997,0.0227998,nan,nan,nan,nan,0.1,1.0,20.0,10 V,1.0,False,1
167.1721,0.009399999999999995,0.0001,1.9323979,205574.24468085117,227557.99999999997,0.0227558,nan,nan,nan,nan,0.1,1.0,20.0,10 V,1.0,False,1
167.1933,0.009399999999999995,0.0001,1.9323979,205574.24468085117,227888.0,0.0227888,nan,nan,nan,nan,0.1,1.0,20.0,10 V,1.0,False,1
167.2144,0.009399999999999995,0.0001,1.9323979,205574.24468085117,227447.99999999997,0.0227448,nan,nan,nan,nan,0.1,1.0,20.0,10 V,1.0,False,1
167.2356,0.009399999999999995,0.0001,1.9323979,205574.24468085117,227667.99999999997,0.0227668,nan,nan,nan,nan,0.1,1.0,20.0,10 V,1.0,False,1
