Tiempo (min)	I pulso(mA)	Vinst 1 (V)	Iinst 1 (mA)	Rinst 1(Ohm)	Rrem 1 (Ohm)	Ibias 1 (mA)	Vbias 1 (V)	Vinst 2 (V)	Iinst 2 (mA)	Rinst 2(Ohm)	Rrem 2 (Ohm)	Ibias 2 (mA)	Vbias 2 (V)	Ancho pulso (s)	Periodo (s)	Icc 1 (mA)	Vcc 1 (V)	Icc 2 (mA)	Vcc 2 (V)	2W 1?	N1.613259E-1	0.000000E+0	7.000000E-4	-1.900000E-6	-3.684211E+5	1.140609E+6	8.769000E-4	1.000200E+0	9.910000E+37	-1.900000E-6	-5.215789E+46	1.130117E+44	8.769000E-4	9.910000E+37	5.000000E-1	0.000000E+0	1.000000E-1	8.000000E+0	1.000000E-1	8.000000E+0	1.000000E+0	1.000000E+0
2.089453E-1	1.000000E+2	9.990000E-2	7.230000E-5	1.381743E+6	1.147689E+6	8.721000E-4	1.000900E+0	9.910000E+37	7.230000E-5	1.370678E+45	1.136338E+44	8.721000E-4	9.910000E+37	5.000000E-1	0.000000E+0	1.000000E-1	8.000000E+0	1.000000E-1	8.000000E+0	1.000000E+0	2.000000E+0
2.571480E-1	2.000000E+2	1.990000E-1	1.424000E-4	1.397472E+6	1.141894E+6	8.753000E-4	9.995000E-1	9.910000E+37	1.424000E-4	6.959270E+44	1.132183E+44	8.753000E-4	9.910000E+37	5.000000E-1	0.000000E+0	1.000000E-1	8.000000E+0	1.000000E-1	8.000000E+0	1.000000E+0	3.000000E+0
3.048841E-1	3.000000E+2	2.999000E-1	2.218000E-4	1.352119E+6	1.147524E+6	8.724000E-4	1.001100E+0	9.910000E+37	2.218000E-4	4.467989E+44	1.135947E+44	8.724000E-4	9.910000E+37	5.000000E-1	0.000000E+0	1.000000E-1	8.000000E+0	1.000000E-1	8.000000E+0	1.000000E+0	4.000000E+0
3.525202E-1	4.000000E+2	4.004000E-1	3.155000E-4	1.269097E+6	1.140319E+6	8.780000E-4	1.001200E+0	9.910000E+37	3.155000E-4	3.141046E+44	1.128702E+44	8.780000E-4	9.910000E+37	5.000000E-1	0.000000E+0	1.000000E-1	8.000000E+0	1.000000E-1	8.000000E+0	1.000000E+0	5.000000E+0
4.002396E-1	5.000000E+2	5.007000E-1	3.940000E-4	1.270812E+6	1.154743E+6	8.666000E-4	1.000700E+0	9.910000E+37	3.940000E-4	2.515228E+44	1.143550E+44	8.666000E-4	9.910000E+37	5.000000E-1	0.000000E+0	1.000000E-1	8.000000E+0	1.000000E-1	8.000000E+0	1.000000E+0	6.000000E+0
4.483923E-1	6.000000E+2	6.009000E-1	4.859000E-4	1.236674E+6	1.154637E+6	8.659000E-4	9.998000E-1	9.910000E+37	4.859000E-4	2.039514E+44	1.144474E+44	8.659000E-4	9.910000E+37	5.000000E-1	0.000000E+0	1.000000E-1	8.000000E+0	1.000000E-1	8.000000E+0	1.000000E+0	7.000000E+0
4.963284E-1	7.000000E+2	7.006000E-1	5.756000E-4	1.217165E+6	1.155073E+6	8.654000E-4	9.996000E-1	9.910000E+37	5.756000E-4	1.721682E+44	1.145135E+44	8.654000E-4	9.910000E+37	5.000000E-1	0.000000E+0	1.000000E-1	8.000000E+0	1.000000E-1	8.000000E+0	1.000000E+0	8.000000E+0
5.439144E-1	8.000000E+2	7.995000E-1	6.723000E-4	1.189201E+6	1.133303E+6	8.837000E-4	1.001500E+0	9.910000E+37	6.723000E-4	1.474044E+44	1.121421E+44	8.837000E-4	9.910000E+37	5.000000E-1	0.000000E+0	1.000000E-1	8.000000E+0	1.000000E-1	8.000000E+0	1.000000E+0	9.000000E+0
5.916505E-1	9.000000E+2	9.007000E-1	7.616000E-4	1.182642E+6	1.143478E+6	8.747000E-4	1.000200E+0	9.910000E+37	7.616000E-4	1.301208E+44	1.132960E+44	8.747000E-4	9.910000E+37	5.000000E-1	0.000000E+0	1.000000E-1	8.000000E+0	1.000000E-1	8.000000E+0	1.000000E+0	1.000000E+1
6.392866E-1	1.000000E+3	9.996000E-1	8.823000E-4	1.132948E+6	1.146509E+6	8.723000E-4	1.000100E+0	9.910000E+37	8.823000E-4	1.123201E+44	1.136077E+44	8.723000E-4	9.910000E+37	5.000000E-1	0.000000E+0	1.000000E-1	8.000000E+0	1.000000E-1	8.000000E+0	1.000000E+0	1.100000E+1
6.870726E-1	1.100000E+3	1.100900E+0	9.802000E-4	1.123138E+6	1.154201E+6	8.664000E-4	1.000000E+0	9.910000E+37	9.802000E-4	1.011018E+44	1.143813E+44	8.664000E-4	9.910000E+37	5.000000E-1	0.000000E+0	1.000000E-1	8.000000E+0	1.000000E-1	8.000000E+0	1.000000E+0	1.200000E+1
7.349754E-1	1.200000E+3	1.200600E+0	1.087500E-3	1.104000E+6	1.146082E+6	8.728000E-4	1.000300E+0	9.910000E+37	1.087500E-3	9.112644E+43	1.135426E+44	8.728000E-4	9.910000E+37	5.000000E-1	0.000000E+0	1.000000E-1	8.000000E+0	1.000000E-1	8.000000E+0	1.000000E+0	1.300000E+1
7.828614E-1	1.300000E+3	1.299000E+0	1.186300E-3	1.095001E+6	1.152454E+6	8.678000E-4	1.000100E+0	9.910000E+37	1.186300E-3	8.353705E+43	1.141968E+44	8.678000E-4	9.910000E+37	5.000000E-1	0.000000E+0	1.000000E-1	8.000000E+0	1.000000E-1	8.000000E+0	1.000000E+0	1.400000E+1
8.305808E-1	1.400000E+3	1.399300E+0	1.299500E-3	1.076799E+6	1.172155E+6	8.533000E-4	1.000200E+0	9.910000E+37	1.299500E-3	7.626010E+43	1.161373E+44	8.533000E-4	9.910000E+37	5.000000E-1	0.000000E+0	1.000000E-1	8.000000E+0	1.000000E-1	8.000000E+0	1.000000E+0	1.500000E+1
8.784502E-1	1.500000E+3	1.499600E+0	1.442800E-3	1.039368E+6	1.147464E+6	8.714000E-4	9.999000E-1	9.910000E+37	1.442800E-3	6.868589E+43	1.137250E+44	8.714000E-4	9.910000E+37	5.000000E-1	0.000000E+0	1.000000E-1	8.000000E+0	1.000000E-1	8.000000E+0	1.000000E+0	1.600000E+1
9.260363E-1	1.600000E+3	1.600300E+0	1.567300E-3	1.021055E+6	1.160789E+6	8.620000E-4	1.000600E+0	9.910000E+37	1.567300E-3	6.322976E+43	1.149652E+44	8.620000E-4	9.910000E+37	5.000000E-1	0.000000E+0	1.000000E-1	8.000000E+0	1.000000E-1	8.000000E+0	1.000000E+0	1.700000E+1
9.738557E-1	1.700000E+3	1.700000E+0	1.678800E-3	1.012628E+6	1.157401E+6	8.634000E-4	9.993000E-1	9.910000E+37	1.678800E-3	5.903026E+43	1.147788E+44	8.634000E-4	9.910000E+37	5.000000E-1	0.000000E+0	1.000000E-1	8.000000E+0	1.000000E-1	8.000000E+0	1.000000E+0	1.800000E+1
1.021492E+0	1.800000E+3	1.800000E+0	1.813900E-3	9.923370E+5	1.147315E+6	8.716000E-4	1.000000E+0	9.910000E+37	1.813900E-3	5.463366E+43	1.136989E+44	8.716000E-4	9.910000E+37	5.000000E-1	0.000000E+0	1.000000E-1	8.000000E+0	1.000000E-1	8.000000E+0	1.000000E+0	1.900000E+1
1.069561E+0	1.900000E+3	1.899100E+0	1.939900E-3	9.789680E+5	1.156897E+6	8.649000E-4	1.000600E+0	9.910000E+37	1.939900E-3	5.108511E+43	1.145797E+44	8.649000E-4	9.910000E+37	5.000000E-1	0.000000E+0	1.000000E-1	8.000000E+0	1.000000E-1	8.000000E+0	1.000000E+0	2.000000E+1
1.117247E+0	2.000000E+3	1.999700E+0	2.068200E-3	9.668794E+5	1.157608E+6	8.629000E-4	9.989000E-1	9.910000E+37	2.068200E-3	4.791606E+43	1.148453E+44	8.629000E-4	9.910000E+37	5.000000E-1	0.000000E+0	1.000000E-1	8.000000E+0	1.000000E-1	8.000000E+0	1.000000E+0	2.100000E+1
1.165117E+0	2.100000E+3	2.100500E+0	2.197900E-3	9.556850E+5	1.158894E+6	8.641000E-4	1.001400E+0	9.910000E+37	2.197900E-3	4.508849E+43	1.146858E+44	8.641000E-4	9.910000E+37	5.000000E-1	0.000000E+0	1.000000E-1	8.000000E+0	1.000000E-1	8.000000E+0	1.000000E+0	2.200000E+1
1.212836E+0	2.200000E+3	2.199900E+0	2.334900E-3	9.421817E+5	1.176831E+6	8.494000E-4	9.996000E-1	9.910000E+37	2.334900E-3	4.244293E+43	1.166706E+44	8.494000E-4	9.910000E+37	5.000000E-1	0.000000E+0	1.000000E-1	8.000000E+0	1.000000E-1	8.000000E+0	1.000000E+0	2.300000E+1
1.260422E+0	2.300000E+3	2.300900E+0	2.486200E-3	9.254686E+5	1.159921E+6	8.623000E-4	1.000200E+0	9.910000E+37	2.486200E-3	3.986003E+43	1.149252E+44	8.623000E-4	9.910000E+37	5.000000E-1	0.000000E+0	1.000000E-1	8.000000E+0	1.000000E-1	8.000000E+0	1.000000E+0	2.400000E+1
1.308025E+0	2.400000E+3	2.400900E+0	2.624800E-3	9.146983E+5	1.153314E+6	8.675000E-4	1.000500E+0	9.910000E+37	2.624800E-3	3.775526E+43	1.142363E+44	8.675000E-4	9.910000E+37	5.000000E-1	0.000000E+0	1.000000E-1	8.000000E+0	1.000000E-1	8.000000E+0	1.000000E+0	2.500000E+1
1.355694E+0	2.500000E+3	2.499400E+0	2.751100E-3	9.085093E+5	1.166414E+6	8.563000E-4	9.988000E-1	9.910000E+37	2.751100E-3	3.602195E+43	1.157305E+44	8.563000E-4	9.910000E+37	5.000000E-1	0.000000E+0	1.000000E-1	8.000000E+0	1.000000E-1	8.000000E+0	1.000000E+0	2.600000E+1
1.403564E+0	2.600000E+3	2.600400E+0	2.888700E-3	9.001973E+5	1.183618E+6	8.436000E-4	9.985000E-1	9.910000E+37	2.888700E-3	3.430609E+43	1.174727E+44	8.436000E-4	9.910000E+37	5.000000E-1	0.000000E+0	1.000000E-1	8.000000E+0	1.000000E-1	8.000000E+0	1.000000E+0	2.700000E+1
1.451216E+0	2.700000E+3	2.699900E+0	3.029200E-3	8.912914E+5	1.182173E+6	8.448000E-4	9.987000E-1	9.910000E+37	3.029200E-3	3.271491E+43	1.173059E+44	8.448000E-4	9.910000E+37	5.000000E-1	0.000000E+0	1.000000E-1	8.000000E+0	1.000000E-1	8.000000E+0	1.000000E+0	2.800000E+1
1.498852E+0	2.800000E+3	2.800900E+0	3.183100E-3	8.799284E+5	1.163624E+6	8.599000E-4	1.000600E+0	9.910000E+37	3.183100E-3	3.113317E+43	1.152460E+44	8.599000E-4	9.910000E+37	5.000000E-1	0.000000E+0	1.000000E-1	8.000000E+0	1.000000E-1	8.000000E+0	1.000000E+0	2.900000E+1
1.546555E+0	2.900000E+3	2.900200E+0	3.334000E-3	8.698860E+5	1.168127E+6	8.559000E-4	9.998000E-1	9.910000E+37	3.334000E-3	2.972406E+43	1.157846E+44	8.559000E-4	9.910000E+37	5.000000E-1	0.000000E+0	1.000000E-1	8.000000E+0	1.000000E-1	8.000000E+0	1.000000E+0	3.000000E+1
1.594491E+0	3.000000E+3	3.000700E+0	3.470400E-3	8.646554E+5	1.161676E+6	8.616000E-4	1.000900E+0	9.910000E+37	3.470400E-3	2.855579E+43	1.150186E+44	8.616000E-4	9.910000E+37	5.000000E-1	0.000000E+0	1.000000E-1	8.000000E+0	1.000000E-1	8.000000E+0	1.000000E+0	3.100000E+1
1.642344E+0	3.100000E+3	3.099600E+0	3.602000E-3	8.605219E+5	1.171080E+6	8.534000E-4	9.994000E-1	9.910000E+37	3.602000E-3	2.751249E+43	1.161237E+44	8.534000E-4	9.910000E+37	5.000000E-1	0.000000E+0	1.000000E-1	8.000000E+0	1.000000E-1	8.000000E+0	1.000000E+0	3.200000E+1
1.689980E+0	3.200000E+3	3.199900E+0	3.755300E-3	8.521024E+5	1.177226E+6	8.492000E-4	9.997000E-1	9.910000E+37	3.755300E-3	2.638937E+43	1.166981E+44	8.492000E-4	9.910000E+37	5.000000E-1	0.000000E+0	1.000000E-1	8.000000E+0	1.000000E-1	8.000000E+0	1.000000E+0	3.300000E+1
1.737666E+0	3.300000E+3	3.299800E+0	3.905600E-3	8.448894E+5	1.166919E+6	8.573000E-4	1.000400E+0	9.910000E+37	3.905600E-3	2.537382E+43	1.155955E+44	8.573000E-4	9.910000E+37	5.000000E-1	0.000000E+0	1.000000E-1	8.000000E+0	1.000000E-1	8.000000E+0	1.000000E+0	3.400000E+1
1.785369E+0	3.400000E+3	3.398300E+0	4.052700E-3	8.385274E+5	1.183205E+6	8.455000E-4	1.000400E+0	9.910000E+37	4.052700E-3	2.445283E+43	1.172088E+44	8.455000E-4	9.910000E+37	5.000000E-1	0.000000E+0	1.000000E-1	8.000000E+0	1.000000E-1	8.000000E+0	1.000000E+0	3.500000E+1
1.833055E+0	3.500000E+3	3.499700E+0	4.193900E-3	8.344739E+5	1.178550E+6	8.485000E-4	1.000000E+0	9.910000E+37	4.193900E-3	2.362956E+43	1.167943E+44	8.485000E-4	9.910000E+37	5.000000E-1	0.000000E+0	1.000000E-1	8.000000E+0	1.000000E-1	8.000000E+0	1.000000E+0	3.600000E+1
1.880724E+0	3.600000E+3	3.599800E+0	4.365700E-3	8.245642E+5	1.180050E+6	8.481000E-4	1.000800E+0	9.910000E+37	4.365700E-3	2.269968E+43	1.168494E+44	8.481000E-4	9.910000E+37	5.000000E-1	0.000000E+0	1.000000E-1	8.000000E+0	1.000000E-1	8.000000E+0	1.000000E+0	3.700000E+1
1.928660E+0	3.700000E+3	3.700900E+0	4.500600E-3	8.223126E+5	1.167581E+6	8.563000E-4	9.998000E-1	9.910000E+37	4.500600E-3	2.201929E+43	1.157305E+44	8.563000E-4	9.910000E+37	5.000000E-1	0.000000E+0	1.000000E-1	8.000000E+0	1.000000E-1	8.000000E+0	1.000000E+0	3.800000E+1
1.976446E+0	3.800000E+3	3.799700E+0	4.650700E-3	8.170168E+5	1.174214E+6	8.524000E-4	1.000900E+0	9.910000E+37	4.650700E-3	2.130862E+43	1.162600E+44	8.524000E-4	9.910000E+37	5.000000E-1	0.000000E+0	1.000000E-1	8.000000E+0	1.000000E-1	8.000000E+0	1.000000E+0	3.900000E+1
2.024266E+0	3.900000E+3	3.899400E+0	4.805500E-3	8.114452E+5	1.187314E+6	8.419000E-4	9.996000E-1	9.910000E+37	4.805500E-3	2.062220E+43	1.177099E+44	8.419000E-4	9.910000E+37	5.000000E-1	0.000000E+0	1.000000E-1	8.000000E+0	1.000000E-1	8.000000E+0	1.000000E+0	4.000000E+1
2.071985E+0	4.000000E+3	4.000000E+0	4.958200E-3	8.067444E+5	1.177197E+6	8.499000E-4	1.000500E+0	9.910000E+37	4.958200E-3	1.998709E+43	1.166020E+44	8.499000E-4	9.910000E+37	5.000000E-1	0.000000E+0	1.000000E-1	8.000000E+0	1.000000E-1	8.000000E+0	1.000000E+0	4.100000E+1
2.119788E+0	4.100000E+3	4.099400E+0	5.105800E-3	8.028908E+5	1.173689E+6	8.521000E-4	1.000100E+0	9.910000E+37	5.105800E-3	1.940930E+43	1.163009E+44	8.521000E-4	9.910000E+37	5.000000E-1	0.000000E+0	1.000000E-1	8.000000E+0	1.000000E-1	8.000000E+0	1.000000E+0	4.200000E+1
2.167607E+0	4.200000E+3	4.200900E+0	5.273900E-3	7.965453E+5	1.185462E+6	8.433000E-4	9.997000E-1	9.910000E+37	5.273900E-3	1.879065E+43	1.175145E+44	8.433000E-4	9.910000E+37	5.000000E-1	0.000000E+0	1.000000E-1	8.000000E+0	1.000000E-1	8.000000E+0	1.000000E+0	4.300000E+1
2.215693E+0	4.300000E+3	4.300100E+0	5.415800E-3	7.939917E+5	1.189343E+6	8.408000E-4	1.000000E+0	9.910000E+37	5.415800E-3	1.829831E+43	1.178639E+44	8.408000E-4	9.910000E+37	5.000000E-1	0.000000E+0	1.000000E-1	8.000000E+0	1.000000E-1	8.000000E+0	1.000000E+0	4.400000E+1
2.263413E+0	4.400000E+3	4.400700E+0	5.579200E-3	7.887690E+5	1.190351E+6	8.395000E-4	9.993000E-1	9.910000E+37	5.579200E-3	1.776240E+43	1.180465E+44	8.395000E-4	9.910000E+37	5.000000E-1	0.000000E+0	1.000000E-1	8.000000E+0	1.000000E-1	8.000000E+0	1.000000E+0	4.500000E+1
2.311299E+0	4.500000E+3	4.501000E+0	5.735000E-3	7.848300E+5	1.182850E+6	8.455000E-4	1.000100E+0	9.910000E+37	5.735000E-3	1.727986E+43	1.172088E+44	8.455000E-4	9.910000E+37	5.000000E-1	0.000000E+0	1.000000E-1	8.000000E+0	1.000000E-1	8.000000E+0	1.000000E+0	4.600000E+1
2.359102E+0	4.600000E+3	4.600600E+0	5.885900E-3	7.816307E+5	1.189000E+6	8.418000E-4	1.000900E+0	9.910000E+37	5.885900E-3	1.683685E+43	1.177239E+44	8.418000E-4	9.910000E+37	5.000000E-1	0.000000E+0	1.000000E-1	8.000000E+0	1.000000E-1	8.000000E+0	1.000000E+0	4.700000E+1
2.406904E+0	4.700000E+3	4.700200E+0	6.053300E-3	7.764690E+5	1.180092E+6	8.479000E-4	1.000600E+0	9.910000E+37	6.053300E-3	1.637124E+43	1.168770E+44	8.479000E-4	9.910000E+37	5.000000E-1	0.000000E+0	1.000000E-1	8.000000E+0	1.000000E-1	8.000000E+0	1.000000E+0	4.800000E+1
2.454657E+0	4.800000E+3	4.798500E+0	6.194000E-3	7.747013E+5	1.185374E+6	8.437000E-4	1.000100E+0	9.910000E+37	6.194000E-3	1.599935E+43	1.174588E+44	8.437000E-4	9.910000E+37	5.000000E-1	0.000000E+0	1.000000E-1	8.000000E+0	1.000000E-1	8.000000E+0	1.000000E+0	4.900000E+1
2.502443E+0	4.900000E+3	4.900700E+0	6.358000E-3	7.707927E+5	1.197197E+6	8.347000E-4	9.993000E-1	9.910000E+37	6.358000E-3	1.558666E+43	1.187253E+44	8.347000E-4	9.910000E+37	5.000000E-1	0.000000E+0	1.000000E-1	8.000000E+0	1.000000E-1	8.000000E+0	1.000000E+0	5.000000E+1
2.550279E+0	5.000000E+3	4.999900E+0	6.507800E-3	7.682934E+5	1.185190E+6	8.440000E-4	1.000300E+0	9.910000E+37	6.507800E-3	1.522788E+43	1.174171E+44	8.440000E-4	9.910000E+37	5.000000E-1	0.000000E+0	1.000000E-1	8.000000E+0	1.000000E-1	8.000000E+0	1.000000E+0	5.100000E+1
2.598149E+0	5.000000E+3	4.999400E+0	6.506800E-3	7.683347E+5	1.193529E+6	8.376000E-4	9.997000E-1	9.910000E+37	6.506800E-3	1.523022E+43	1.183142E+44	8.376000E-4	9.910000E+37	5.000000E-1	0.000000E+0	1.000000E-1	8.000000E+0	1.000000E-1	8.000000E+0	1.000000E+0	5.200000E+1
2.645935E+0	4.900000E+3	4.899400E+0	6.333700E-3	7.735447E+5	1.186085E+6	8.437000E-4	1.000700E+0	9.910000E+37	6.333700E-3	1.564646E+43	1.174588E+44	8.437000E-4	9.910000E+37	5.000000E-1	0.000000E+0	1.000000E-1	8.000000E+0	1.000000E-1	8.000000E+0	1.000000E+0	5.300000E+1
2.693687E+0	4.800000E+3	4.800000E+0	6.171700E-3	7.777436E+5	1.181034E+6	8.468000E-4	1.000100E+0	9.910000E+37	6.171700E-3	1.605716E+43	1.170288E+44	8.468000E-4	9.910000E+37	5.000000E-1	0.000000E+0	1.000000E-1	8.000000E+0	1.000000E-1	8.000000E+0	1.000000E+0	5.400000E+1
2.741357E+0	4.700000E+3	4.701000E+0	6.003200E-3	7.830824E+5	1.185774E+6	8.435000E-4	1.000200E+0	9.910000E+37	6.003200E-3	1.650786E+43	1.174867E+44	8.435000E-4	9.910000E+37	5.000000E-1	0.000000E+0	1.000000E-1	8.000000E+0	1.000000E-1	8.000000E+0	1.000000E+0	5.500000E+1
2.789110E+0	4.600000E+3	4.599600E+0	5.842000E-3	7.873331E+5	1.185514E+6	8.436000E-4	1.000100E+0	9.910000E+37	5.842000E-3	1.696337E+43	1.174727E+44	8.436000E-4	9.910000E+37	5.000000E-1	0.000000E+0	1.000000E-1	8.000000E+0	1.000000E-1	8.000000E+0	1.000000E+0	5.600000E+1
2.836762E+0	4.500000E+3	4.499800E+0	5.681700E-3	7.919813E+5	1.190952E+6	8.400000E-4	1.000400E+0	9.910000E+37	5.681700E-3	1.744196E+43	1.179762E+44	8.400000E-4	9.910000E+37	5.000000E-1	0.000000E+0	1.000000E-1	8.000000E+0	1.000000E-1	8.000000E+0	1.000000E+0	5.700000E+1
2.884482E+0	4.400000E+3	4.399900E+0	5.517400E-3	7.974589E+5	1.170997E+6	8.544000E-4	1.000500E+0	9.910000E+37	5.517400E-3	1.796136E+43	1.159878E+44	8.544000E-4	9.910000E+37	5.000000E-1	0.000000E+0	1.000000E-1	8.000000E+0	1.000000E-1	8.000000E+0	1.000000E+0	5.800000E+1
2.932218E+0	4.300000E+3	4.300100E+0	5.351700E-3	8.035017E+5	1.184619E+6	8.439000E-4	9.997000E-1	9.910000E+37	5.351700E-3	1.851748E+43	1.174310E+44	8.439000E-4	9.910000E+37	5.000000E-1	0.000000E+0	1.000000E-1	8.000000E+0	1.000000E-1	8.000000E+0	1.000000E+0	5.900000E+1
2.979887E+0	4.200000E+3	4.199800E+0	5.192500E-3	8.088204E+5	1.191015E+6	8.392000E-4	9.995000E-1	9.910000E+37	5.192500E-3	1.908522E+43	1.180887E+44	8.392000E-4	9.910000E+37	5.000000E-1	0.000000E+0	1.000000E-1	8.000000E+0	1.000000E-1	8.000000E+0	1.000000E+0	6.000000E+1
3.027690E+0	4.100000E+3	4.100500E+0	5.031300E-3	8.149981E+5	1.188115E+6	8.431000E-4	1.001700E+0	9.910000E+37	5.031300E-3	1.969670E+43	1.175424E+44	8.431000E-4	9.910000E+37	5.000000E-1	0.000000E+0	1.000000E-1	8.000000E+0	1.000000E-1	8.000000E+0	1.000000E+0	6.100000E+1
3.075626E+0	4.000000E+3	4.000400E+0	4.879500E-3	8.198381E+5	1.186670E+6	8.432000E-4	1.000600E+0	9.910000E+37	4.879500E-3	2.030946E+43	1.175285E+44	8.432000E-4	9.910000E+37	5.000000E-1	0.000000E+0	1.000000E-1	8.000000E+0	1.000000E-1	8.000000E+0	1.000000E+0	6.200000E+1
3.123462E+0	3.900000E+3	3.900700E+0	4.710000E-3	8.281741E+5	1.205088E+6	8.294000E-4	9.995000E-1	9.910000E+37	4.710000E-3	2.104034E+43	1.194840E+44	8.294000E-4	9.910000E+37	5.000000E-1	0.000000E+0	1.000000E-1	8.000000E+0	1.000000E-1	8.000000E+0	1.000000E+0	6.300000E+1
3.171198E+0	3.800000E+3	3.800800E+0	4.554500E-3	8.345153E+5	1.200336E+6	8.336000E-4	1.000600E+0	9.910000E+37	4.554500E-3	2.175870E+43	1.188820E+44	8.336000E-4	9.910000E+37	5.000000E-1	0.000000E+0	1.000000E-1	8.000000E+0	1.000000E-1	8.000000E+0	1.000000E+0	6.400000E+1
3.219001E+0	3.700000E+3	3.699300E+0	4.390500E-3	8.425692E+5	1.200648E+6	8.328000E-4	9.999000E-1	9.910000E+37	4.390500E-3	2.257146E+43	1.189962E+44	8.328000E-4	9.910000E+37	5.000000E-1	0.000000E+0	1.000000E-1	8.000000E+0	1.000000E-1	8.000000E+0	1.000000E+0	6.500000E+1
3.266870E+0	3.600000E+3	3.600300E+0	4.245800E-3	8.479674E+5	1.198204E+6	8.350000E-4	1.000500E+0	9.910000E+37	4.245800E-3	2.334071E+43	1.186826E+44	8.350000E-4	9.910000E+37	5.000000E-1	0.000000E+0	1.000000E-1	8.000000E+0	1.000000E-1	8.000000E+0	1.000000E+0	6.600000E+1
3.314506E+0	3.500000E+3	3.499900E+0	4.080900E-3	8.576294E+5	1.193679E+6	8.385000E-4	1.000900E+0	9.910000E+37	4.080900E-3	2.428386E+43	1.181872E+44	8.385000E-4	9.910000E+37	5.000000E-1	0.000000E+0	1.000000E-1	8.000000E+0	1.000000E-1	8.000000E+0	1.000000E+0	6.700000E+1
3.362226E+0	3.400000E+3	3.400300E+0	3.938100E-3	8.634367E+5	1.190720E+6	8.405000E-4	1.000800E+0	9.910000E+37	3.938100E-3	2.516442E+43	1.179060E+44	8.405000E-4	9.910000E+37	5.000000E-1	0.000000E+0	1.000000E-1	8.000000E+0	1.000000E-1	8.000000E+0	1.000000E+0	6.800000E+1
3.410145E+0	3.300000E+3	3.300500E+0	3.778800E-3	8.734254E+5	1.189983E+6	8.406000E-4	1.000300E+0	9.910000E+37	3.778800E-3	2.622526E+43	1.178920E+44	8.406000E-4	9.910000E+37	5.000000E-1	0.000000E+0	1.000000E-1	8.000000E+0	1.000000E-1	8.000000E+0	1.000000E+0	6.900000E+1
3.457898E+0	3.200000E+3	3.200000E+0	3.628700E-3	8.818585E+5	1.202382E+6	8.311000E-4	9.993000E-1	9.910000E+37	3.628700E-3	2.731006E+43	1.192396E+44	8.311000E-4	9.910000E+37	5.000000E-1	0.000000E+0	1.000000E-1	8.000000E+0	1.000000E-1	8.000000E+0	1.000000E+0	7.000000E+1
3.505634E+0	3.100000E+3	3.100100E+0	3.478200E-3	8.912943E+5	1.196555E+6	8.359000E-4	1.000200E+0	9.910000E+37	3.478200E-3	2.849175E+43	1.185549E+44	8.359000E-4	9.910000E+37	5.000000E-1	0.000000E+0	1.000000E-1	8.000000E+0	1.000000E-1	8.000000E+0	1.000000E+0	7.100000E+1
3.553553E+0	3.000000E+3	2.999400E+0	3.332900E-3	8.999370E+5	1.195574E+6	8.360000E-4	9.995000E-1	9.910000E+37	3.332900E-3	2.973387E+43	1.185407E+44	8.360000E-4	9.910000E+37	5.000000E-1	0.000000E+0	1.000000E-1	8.000000E+0	1.000000E-1	8.000000E+0	1.000000E+0	7.200000E+1
3.601456E+0	2.900000E+3	2.900200E+0	3.193700E-3	9.081003E+5	1.189649E+6	8.405000E-4	9.999000E-1	9.910000E+37	3.193700E-3	3.102984E+43	1.179060E+44	8.405000E-4	9.910000E+37	5.000000E-1	0.000000E+0	1.000000E-1	8.000000E+0	1.000000E-1	8.000000E+0	1.000000E+0	7.300000E+1
3.649175E+0	2.800000E+3	2.800400E+0	3.051100E-3	9.178329E+5	1.189729E+6	8.412000E-4	1.000800E+0	9.910000E+37	3.051100E-3	3.248009E+43	1.178079E+44	8.412000E-4	9.910000E+37	5.000000E-1	0.000000E+0	1.000000E-1	8.000000E+0	1.000000E-1	8.000000E+0	1.000000E+0	7.400000E+1
3.696978E+0	2.700000E+3	2.699800E+0	2.895700E-3	9.323480E+5	1.192422E+6	8.393000E-4	1.000800E+0	9.910000E+37	2.895700E-3	3.422316E+43	1.180746E+44	8.393000E-4	9.910000E+37	5.000000E-1	0.000000E+0	1.000000E-1	8.000000E+0	1.000000E-1	8.000000E+0	1.000000E+0	7.500000E+1
3.744964E+0	2.600000E+3	2.600700E+0	2.758000E-3	9.429659E+5	1.211280E+6	8.245000E-4	9.987000E-1	9.910000E+37	2.758000E-3	3.593183E+43	1.201941E+44	8.245000E-4	9.910000E+37	5.000000E-1	0.000000E+0	1.000000E-1	8.000000E+0	1.000000E-1	8.000000E+0	1.000000E+0	7.600000E+1
3.792767E+0	2.500000E+3	2.500500E+0	2.623600E-3	9.530797E+5	1.192583E+6	8.386000E-4	1.000100E+0	9.910000E+37	2.623600E-3	3.777253E+43	1.181731E+44	8.386000E-4	9.910000E+37	5.000000E-1	0.000000E+0	1.000000E-1	8.000000E+0	1.000000E-1	8.000000E+0	1.000000E+0	7.700000E+1
3.840553E+0	2.400000E+3	2.399500E+0	2.492800E-3	9.625722E+5	1.193033E+6	8.382000E-4	1.000000E+0	9.910000E+37	2.492800E-3	3.975449E+43	1.182295E+44	8.382000E-4	9.910000E+37	5.000000E-1	0.000000E+0	1.000000E-1	8.000000E+0	1.000000E-1	8.000000E+0	1.000000E+0	7.800000E+1
3.888222E+0	2.300000E+3	2.299300E+0	2.356900E-3	9.755611E+5	1.178105E+6	8.495000E-4	1.000800E+0	9.910000E+37	2.356900E-3	4.204676E+43	1.166569E+44	8.495000E-4	9.910000E+37	5.000000E-1	0.000000E+0	1.000000E-1	8.000000E+0	1.000000E-1	8.000000E+0	1.000000E+0	7.900000E+1
3.935958E+0	2.200000E+3	2.200500E+0	2.227700E-3	9.877901E+5	1.179418E+6	8.483000E-4	1.000500E+0	9.910000E+37	2.227700E-3	4.448534E+43	1.168219E+44	8.483000E-4	9.910000E+37	5.000000E-1	0.000000E+0	1.000000E-1	8.000000E+0	1.000000E-1	8.000000E+0	1.000000E+0	8.000000E+1
3.983595E+0	2.100000E+3	2.100200E+0	2.085100E-3	1.007242E+6	1.189852E+6	8.396000E-4	9.990000E-1	9.910000E+37	2.085100E-3	4.752770E+43	1.180324E+44	8.396000E-4	9.910000E+37	5.000000E-1	0.000000E+0	1.000000E-1	8.000000E+0	1.000000E-1	8.000000E+0	1.000000E+0	8.100000E+1
4.031481E+0	2.000000E+3	2.000600E+0	1.958200E-3	1.021653E+6	1.205184E+6	8.295000E-4	9.997000E-1	9.910000E+37	1.958200E-3	5.060770E+43	1.194696E+44	8.295000E-4	9.910000E+37	5.000000E-1	0.000000E+0	1.000000E-1	8.000000E+0	1.000000E-1	8.000000E+0	1.000000E+0	8.200000E+1
4.079250E+0	1.900000E+3	1.899700E+0	1.823200E-3	1.041959E+6	1.204000E+6	8.299000E-4	9.992000E-1	9.910000E+37	1.823200E-3	5.435498E+43	1.194120E+44	8.299000E-4	9.910000E+37	5.000000E-1	0.000000E+0	1.000000E-1	8.000000E+0	1.000000E-1	8.000000E+0	1.000000E+0	8.300000E+1
4.127119E+0	1.800000E+3	1.799700E+0	1.702900E-3	1.056844E+6	1.197435E+6	8.342000E-4	9.989000E-1	9.910000E+37	1.702900E-3	5.819484E+43	1.187965E+44	8.342000E-4	9.910000E+37	5.000000E-1	0.000000E+0	1.000000E-1	8.000000E+0	1.000000E-1	8.000000E+0	1.000000E+0	8.400000E+1
4.175005E+0	1.700000E+3	1.699100E+0	1.578100E-3	1.076674E+6	1.204649E+6	8.302000E-4	1.000100E+0	9.910000E+37	1.578100E-3	6.279703E+43	1.193688E+44	8.302000E-4	9.910000E+37	5.000000E-1	0.000000E+0	1.000000E-1	8.000000E+0	1.000000E-1	8.000000E+0	1.000000E+0	8.500000E+1
4.222875E+0	1.600000E+3	1.599600E+0	1.469200E-3	1.088756E+6	1.197057E+6	8.358000E-4	1.000500E+0	9.910000E+37	1.469200E-3	6.745167E+43	1.185690E+44	8.358000E-4	9.910000E+37	5.000000E-1	0.000000E+0	1.000000E-1	8.000000E+0	1.000000E-1	8.000000E+0	1.000000E+0	8.600000E+1
4.270711E+0	1.500000E+3	1.499600E+0	1.361100E-3	1.101756E+6	1.195102E+6	8.370000E-4	1.000300E+0	9.910000E+37	1.361100E-3	7.280876E+43	1.183990E+44	8.370000E-4	9.910000E+37	5.000000E-1	0.000000E+0	1.000000E-1	8.000000E+0	1.000000E-1	8.000000E+0	1.000000E+0	8.700000E+1
4.318997E+0	1.400000E+3	1.400500E+0	1.254400E-3	1.116470E+6	1.207689E+6	8.272000E-4	9.990000E-1	9.910000E+37	1.254400E-3	7.900191E+43	1.198017E+44	8.272000E-4	9.910000E+37	5.000000E-1	0.000000E+0	1.000000E-1	8.000000E+0	1.000000E-1	8.000000E+0	1.000000E+0	8.800000E+1
4.367283E+0	1.300000E+3	1.300100E+0	1.143900E-3	1.136550E+6	1.190408E+6	8.403000E-4	1.000300E+0	9.910000E+37	1.143900E-3	8.663345E+43	1.179341E+44	8.403000E-4	9.910000E+37	5.000000E-1	0.000000E+0	1.000000E-1	8.000000E+0	1.000000E-1	8.000000E+0	1.000000E+0	8.900000E+1
4.415336E+0	1.200000E+3	1.199800E+0	1.038400E-3	1.155431E+6	1.174505E+6	8.527000E-4	1.001500E+0	9.910000E+37	1.038400E-3	9.543529E+43	1.162191E+44	8.527000E-4	9.910000E+37	5.000000E-1	0.000000E+0	1.000000E-1	8.000000E+0	1.000000E-1	8.000000E+0	1.000000E+0	9.000000E+1
4.463072E+0	1.100000E+3	1.100500E+0	9.336000E-4	1.178770E+6	1.210628E+6	8.261000E-4	1.000100E+0	9.910000E+37	9.336000E-4	1.061482E+44	1.199613E+44	8.261000E-4	9.910000E+37	5.000000E-1	0.000000E+0	1.000000E-1	8.000000E+0	1.000000E-1	8.000000E+0	1.000000E+0	9.100000E+1
4.510791E+0	1.000000E+3	9.995000E-1	8.384000E-4	1.192152E+6	1.196649E+6	8.355000E-4	9.998000E-1	9.910000E+37	8.384000E-4	1.182013E+44	1.186116E+44	8.355000E-4	9.910000E+37	5.000000E-1	0.000000E+0	1.000000E-1	8.000000E+0	1.000000E-1	8.000000E+0	1.000000E+0	9.200000E+1
4.558544E+0	9.000000E+2	9.001000E-1	7.489000E-4	1.201896E+6	1.194172E+6	8.374000E-4	1.000000E+0	9.910000E+37	7.489000E-4	1.323274E+44	1.183425E+44	8.374000E-4	9.910000E+37	5.000000E-1	0.000000E+0	1.000000E-1	8.000000E+0	1.000000E-1	8.000000E+0	1.000000E+0	9.300000E+1
4.607114E+0	8.000000E+2	7.997000E-1	6.431000E-4	1.243508E+6	1.193010E+6	8.383000E-4	1.000100E+0	9.910000E+37	6.431000E-4	1.540973E+44	1.182154E+44	8.383000E-4	9.910000E+37	5.000000E-1	0.000000E+0	1.000000E-1	8.000000E+0	1.000000E-1	8.000000E+0	1.000000E+0	9.400000E+1
4.654800E+0	7.000000E+2	6.989000E-1	5.520000E-4	1.266123E+6	1.186988E+6	8.423000E-4	9.998000E-1	9.910000E+37	5.520000E-4	1.795290E+44	1.176540E+44	8.423000E-4	9.910000E+37	5.000000E-1	0.000000E+0	1.000000E-1	8.000000E+0	1.000000E-1	8.000000E+0	1.000000E+0	9.500000E+1
4.702536E+0	6.000000E+2	5.998000E-1	4.875000E-4	1.230359E+6	1.189875E+6	8.395000E-4	9.989000E-1	9.910000E+37	4.875000E-4	2.032821E+44	1.180465E+44	8.395000E-4	9.910000E+37	5.000000E-1	0.000000E+0	1.000000E-1	8.000000E+0	1.000000E-1	8.000000E+0	1.000000E+0	9.600000E+1
4.750305E+0	5.000000E+2	5.009000E-1	3.963000E-4	1.263941E+6	1.199880E+6	8.325000E-4	9.989000E-1	9.910000E+37	3.963000E-4	2.500631E+44	1.190390E+44	8.325000E-4	9.910000E+37	5.000000E-1	0.000000E+0	1.000000E-1	8.000000E+0	1.000000E-1	8.000000E+0	1.000000E+0	9.700000E+1
4.798191E+0	4.000000E+2	3.997000E-1	3.100000E-4	1.289355E+6	1.180210E+6	8.479000E-4	1.000700E+0	9.910000E+37	3.100000E-4	3.196774E+44	1.168770E+44	8.479000E-4	9.910000E+37	5.000000E-1	0.000000E+0	1.000000E-1	8.000000E+0	1.000000E-1	8.000000E+0	1.000000E+0	9.800000E+1
4.845961E+0	3.000000E+2	3.003000E-1	2.285000E-4	1.314223E+6	1.197939E+6	8.346000E-4	9.998000E-1	9.910000E+37	2.285000E-4	4.336980E+44	1.187395E+44	8.346000E-4	9.910000E+37	5.000000E-1	0.000000E+0	1.000000E-1	8.000000E+0	1.000000E-1	8.000000E+0	1.000000E+0	9.900000E+1
4.893697E+0	2.000000E+2	1.994000E-1	1.374000E-4	1.451237E+6	1.195032E+6	8.373000E-4	1.000600E+0	9.910000E+37	1.374000E-4	7.212518E+44	1.183566E+44	8.373000E-4	9.910000E+37	5.000000E-1	0.000000E+0	1.000000E-1	8.000000E+0	1.000000E-1	8.000000E+0	1.000000E+0	1.000000E+2
4.941399E+0	1.000000E+2	1.001000E-1	6.880000E-5	1.454942E+6	1.188711E+6	8.415000E-4	1.000300E+0	9.910000E+37	6.880000E-5	1.440407E+45	1.177659E+44	8.415000E-4	9.910000E+37	5.000000E-1	0.000000E+0	1.000000E-1	8.000000E+0	1.000000E-1	8.000000E+0	1.000000E+0	1.010000E+2
4.989119E+0	0.000000E+0	-1.000000E-3	-2.350000E-5	4.255319E+4	1.199904E+6	8.329000E-4	9.994000E-1	9.910000E+37	-2.350000E-5	-4.217021E+45	1.189819E+44	8.329000E-4	9.910000E+37	5.000000E-1	0.000000E+0	1.000000E-1	8.000000E+0	1.000000E-1	8.000000E+0	1.000000E+0	1.020000E+2
5.036771E+0	-1.000000E+2	-9.950000E-2	-9.000000E-5	1.105556E+6	1.188079E+6	8.422000E-4	1.000600E+0	9.910000E+37	-9.000000E-5	-1.101111E+45	1.176680E+44	8.422000E-4	9.910000E+37	5.000000E-1	0.000000E+0	1.000000E-1	8.000000E+0	1.000000E-1	8.000000E+0	1.000000E+0	1.030000E+2
5.084491E+0	-2.000000E+2	-2.000000E-1	-1.732000E-4	1.154734E+6	1.196458E+6	8.358000E-4	1.000000E+0	9.910000E+37	-1.732000E-4	-5.721709E+44	1.185690E+44	8.358000E-4	9.910000E+37	5.000000E-1	0.000000E+0	1.000000E-1	8.000000E+0	1.000000E-1	8.000000E+0	1.000000E+0	1.040000E+2
5.132477E+0	-3.000000E+2	-3.004000E-1	-2.722000E-4	1.103600E+6	1.188980E+6	8.403000E-4	9.991000E-1	9.910000E+37	-2.722000E-4	-3.640705E+44	1.179341E+44	8.403000E-4	9.910000E+37	5.000000E-1	0.000000E+0	1.000000E-1	8.000000E+0	1.000000E-1	8.000000E+0	1.000000E+0	1.050000E+2
5.180246E+0	-4.000000E+2	-3.992000E-1	-3.437000E-4	1.161478E+6	1.190612E+6	8.394000E-4	9.994000E-1	9.910000E+37	-3.437000E-4	-2.883328E+44	1.180605E+44	8.394000E-4	9.910000E+37	5.000000E-1	0.000000E+0	1.000000E-1	8.000000E+0	1.000000E-1	8.000000E+0	1.000000E+0	1.060000E+2
5.228016E+0	-5.000000E+2	-4.994000E-1	-4.252000E-4	1.174506E+6	1.164280E+6	8.589000E-4	1.000000E+0	9.910000E+37	-4.252000E-4	-2.330668E+44	1.153801E+44	8.589000E-4	9.910000E+37	5.000000E-1	0.000000E+0	1.000000E-1	8.000000E+0	1.000000E-1	8.000000E+0	1.000000E+0	1.070000E+2
5.275752E+0	-6.000000E+2	-6.000000E-1	-5.200000E-4	1.153846E+6	1.196908E+6	8.344000E-4	9.987000E-1	9.910000E+37	-5.200000E-4	-1.905769E+44	1.187680E+44	8.344000E-4	9.910000E+37	5.000000E-1	0.000000E+0	1.000000E-1	8.000000E+0	1.000000E-1	8.000000E+0	1.000000E+0	1.080000E+2
5.323654E+0	-7.000000E+2	-7.001000E-1	-6.104000E-4	1.146953E+6	1.175620E+6	8.507000E-4	1.000100E+0	9.910000E+37	-6.104000E-4	-1.623526E+44	1.164923E+44	8.507000E-4	9.910000E+37	5.000000E-1	0.000000E+0	1.000000E-1	8.000000E+0	1.000000E-1	8.000000E+0	1.000000E+0	1.090000E+2
5.371241E+0	-8.000000E+2	-8.008000E-1	-7.293000E-4	1.098039E+6	1.183918E+6	8.444000E-4	9.997000E-1	9.910000E+37	-7.293000E-4	-1.358837E+44	1.173614E+44	8.444000E-4	9.910000E+37	5.000000E-1	0.000000E+0	1.000000E-1	8.000000E+0	1.000000E-1	8.000000E+0	1.000000E+0	1.100000E+2
5.419143E+0	-9.000000E+2	-9.006000E-1	-8.188000E-4	1.099902E+6	1.164454E+6	8.586000E-4	9.998000E-1	9.910000E+37	-8.188000E-4	-1.210308E+44	1.154205E+44	8.586000E-4	9.910000E+37	5.000000E-1	0.000000E+0	1.000000E-1	8.000000E+0	1.000000E-1	8.000000E+0	1.000000E+0	1.110000E+2
5.466846E+0	-1.000000E+3	-1.001700E+0	-9.207000E-4	1.087977E+6	1.191890E+6	8.385000E-4	9.994000E-1	9.910000E+37	-9.207000E-4	-1.076355E+44	1.181872E+44	8.385000E-4	9.910000E+37	5.000000E-1	0.000000E+0	1.000000E-1	8.000000E+0	1.000000E-1	8.000000E+0	1.000000E+0	1.120000E+2
5.514565E+0	-1.100000E+3	-1.100700E+0	-1.029000E-3	1.069679E+6	1.164572E+6	8.592000E-4	1.000600E+0	9.910000E+37	-1.029000E-3	-9.630709E+43	1.153399E+44	8.592000E-4	9.910000E+37	5.000000E-1	0.000000E+0	1.000000E-1	8.000000E+0	1.000000E-1	8.000000E+0	1.000000E+0	1.130000E+2
5.562468E+0	-1.200000E+3	-1.199800E+0	-1.119700E-3	1.071537E+6	1.174915E+6	8.507000E-4	9.995000E-1	9.910000E+37	-1.119700E-3	-8.850585E+43	1.164923E+44	8.507000E-4	9.910000E+37	5.000000E-1	0.000000E+0	1.000000E-1	8.000000E+0	1.000000E-1	8.000000E+0	1.000000E+0	1.140000E+2
5.610154E+0	-1.300000E+3	-1.299800E+0	-1.212600E-3	1.071912E+6	1.173627E+6	8.524000E-4	1.000400E+0	9.910000E+37	-1.212600E-3	-8.172522E+43	1.162600E+44	8.524000E-4	9.910000E+37	5.000000E-1	0.000000E+0	1.000000E-1	8.000000E+0	1.000000E-1	8.000000E+0	1.000000E+0	1.150000E+2
5.658007E+0	-1.400000E+3	-1.399700E+0	-1.326000E-3	1.055581E+6	1.153323E+6	8.668000E-4	9.997000E-1	9.910000E+37	-1.326000E-3	-7.473605E+43	1.143286E+44	8.668000E-4	9.910000E+37	5.000000E-1	0.000000E+0	1.000000E-1	8.000000E+0	1.000000E-1	8.000000E+0	1.000000E+0	1.160000E+2
5.705710E+0	-1.500000E+3	-1.500400E+0	-1.440600E-3	1.041510E+6	1.174163E+6	8.515000E-4	9.998000E-1	9.910000E+37	-1.440600E-3	-6.879078E+43	1.163829E+44	8.515000E-4	9.910000E+37	5.000000E-1	0.000000E+0	1.000000E-1	8.000000E+0	1.000000E-1	8.000000E+0	1.000000E+0	1.170000E+2
5.753579E+0	-1.600000E+3	-1.600500E+0	-1.553100E-3	1.030520E+6	1.161961E+6	8.607000E-4	1.000100E+0	9.910000E+37	-1.553100E-3	-6.380787E+43	1.151388E+44	8.607000E-4	9.910000E+37	5.000000E-1	0.000000E+0	1.000000E-1	8.000000E+0	1.000000E-1	8.000000E+0	1.000000E+0	1.180000E+2
5.801282E+0	-1.700000E+3	-1.700300E+0	-1.671900E-3	1.016987E+6	1.161613E+6	8.607000E-4	9.998000E-1	9.910000E+37	-1.671900E-3	-5.927388E+43	1.151388E+44	8.607000E-4	9.910000E+37	5.000000E-1	0.000000E+0	1.000000E-1	8.000000E+0	1.000000E-1	8.000000E+0	1.000000E+0	1.190000E+2
5.848985E+0	-1.800000E+3	-1.799400E+0	-1.781200E-3	1.010218E+6	1.158004E+6	8.639000E-4	1.000400E+0	9.910000E+37	-1.781200E-3	-5.563665E+43	1.147124E+44	8.639000E-4	9.910000E+37	5.000000E-1	0.000000E+0	1.000000E-1	8.000000E+0	1.000000E-1	8.000000E+0	1.000000E+0	1.200000E+2
5.896854E+0	-1.900000E+3	-1.899600E+0	-1.906800E-3	9.962240E+5	1.169200E+6	8.552000E-4	9.999000E-1	9.910000E+37	-1.906800E-3	-5.197189E+43	1.158793E+44	8.552000E-4	9.910000E+37	5.000000E-1	0.000000E+0	1.000000E-1	8.000000E+0	1.000000E-1	8.000000E+0	1.000000E+0	1.210000E+2
5.944707E+0	-2.000000E+3	-2.000700E+0	-2.021900E-3	9.895148E+5	1.165054E+6	8.579000E-4	9.995000E-1	9.910000E+37	-2.021900E-3	-4.901330E+43	1.155146E+44	8.579000E-4	9.910000E+37	5.000000E-1	0.000000E+0	1.000000E-1	8.000000E+0	1.000000E-1	8.000000E+0	1.000000E+0	1.220000E+2
5.992393E+0	-2.100000E+3	-2.099400E+0	-2.143500E-3	9.794262E+5	1.158602E+6	8.638000E-4	1.000800E+0	9.910000E+37	-2.143500E-3	-4.623280E+43	1.147256E+44	8.638000E-4	9.910000E+37	5.000000E-1	0.000000E+0	1.000000E-1	8.000000E+0	1.000000E-1	8.000000E+0	1.000000E+0	1.230000E+2
6.040012E+0	-2.200000E+3	-2.199300E+0	-2.257100E-3	9.743919E+5	1.149552E+6	8.706000E-4	1.000800E+0	9.910000E+37	-2.257100E-3	-4.390590E+43	1.138295E+44	8.706000E-4	9.910000E+37	5.000000E-1	0.000000E+0	1.000000E-1	8.000000E+0	1.000000E-1	8.000000E+0	1.000000E+0	1.240000E+2
6.087965E+0	-2.300000E+3	-2.300500E+0	-2.391700E-3	9.618681E+5	1.148386E+6	8.707000E-4	9.999000E-1	9.910000E+37	-2.391700E-3	-4.143496E+43	1.138165E+44	8.707000E-4	9.910000E+37	5.000000E-1	0.000000E+0	1.000000E-1	8.000000E+0	1.000000E-1	8.000000E+0	1.000000E+0	1.250000E+2
6.135868E+0	-2.400000E+3	-2.400300E+0	-2.514700E-3	9.545075E+5	1.155509E+6	8.649000E-4	9.994000E-1	9.910000E+37	-2.514700E-3	-3.940828E+43	1.145797E+44	8.649000E-4	9.910000E+37	5.000000E-1	0.000000E+0	1.000000E-1	8.000000E+0	1.000000E-1	8.000000E+0	1.000000E+0	1.260000E+2
6.183687E+0	-2.500000E+3	-2.499300E+0	-2.630000E-3	9.503042E+5	1.141650E+6	8.761000E-4	1.000200E+0	9.910000E+37	-2.630000E-3	-3.768061E+43	1.131149E+44	8.761000E-4	9.910000E+37	5.000000E-1	0.000000E+0	1.000000E-1	8.000000E+0	1.000000E-1	8.000000E+0	1.000000E+0	1.270000E+2
6.231406E+0	-2.600000E+3	-2.601200E+0	-2.771600E-3	9.385193E+5	1.149144E+6	8.703000E-4	1.000100E+0	9.910000E+37	-2.771600E-3	-3.575552E+43	1.138688E+44	8.703000E-4	9.910000E+37	5.000000E-1	0.000000E+0	1.000000E-1	8.000000E+0	1.000000E-1	8.000000E+0	1.000000E+0	1.280000E+2
6.279276E+0	-2.700000E+3	-2.700400E+0	-2.885700E-3	9.357868E+5	1.143249E+6	8.754000E-4	1.000800E+0	9.910000E+37	-2.885700E-3	-3.434175E+43	1.132054E+44	8.754000E-4	9.910000E+37	5.000000E-1	0.000000E+0	1.000000E-1	8.000000E+0	1.000000E-1	8.000000E+0	1.000000E+0	1.290000E+2
6.327162E+0	-2.800000E+3	-2.800300E+0	-3.027400E-3	9.249851E+5	1.147596E+6	8.713000E-4	9.999000E-1	9.910000E+37	-3.027400E-3	-3.273436E+43	1.137381E+44	8.713000E-4	9.910000E+37	5.000000E-1	0.000000E+0	1.000000E-1	8.000000E+0	1.000000E-1	8.000000E+0	1.000000E+0	1.300000E+2
6.375048E+0	-2.900000E+3	-2.900600E+0	-3.155100E-3	9.193369E+5	1.152056E+6	8.681000E-4	1.000100E+0	9.910000E+37	-3.155100E-3	-3.140946E+43	1.141574E+44	8.681000E-4	9.910000E+37	5.000000E-1	0.000000E+0	1.000000E-1	8.000000E+0	1.000000E-1	8.000000E+0	1.000000E+0	1.310000E+2
6.422734E+0	-3.000000E+3	-2.999400E+0	-3.272800E-3	9.164630E+5	1.151816E+6	8.675000E-4	9.992000E-1	9.910000E+37	-3.272800E-3	-3.027988E+43	1.142363E+44	8.675000E-4	9.910000E+37	5.000000E-1	0.000000E+0	1.000000E-1	8.000000E+0	1.000000E-1	8.000000E+0	1.000000E+0	1.320000E+2
6.470637E+0	-3.100000E+3	-3.100300E+0	-3.416500E-3	9.074491E+5	1.148276E+6	8.700000E-4	9.990000E-1	9.910000E+37	-3.416500E-3	-2.900629E+43	1.139080E+44	8.700000E-4	9.910000E+37	5.000000E-1	0.000000E+0	1.000000E-1	8.000000E+0	1.000000E-1	8.000000E+0	1.000000E+0	1.330000E+2
6.518306E+0	-3.200000E+3	-3.200900E+0	-3.547500E-3	9.022974E+5	1.138873E+6	8.785000E-4	1.000500E+0	9.910000E+37	-3.547500E-3	-2.793517E+43	1.128059E+44	8.785000E-4	9.910000E+37	5.000000E-1	0.000000E+0	1.000000E-1	8.000000E+0	1.000000E-1	8.000000E+0	1.000000E+0	1.340000E+2
6.566059E+0	-3.300000E+3	-3.299800E+0	-3.671600E-3	8.987362E+5	1.149511E+6	8.695000E-4	9.995000E-1	9.910000E+37	-3.671600E-3	-2.699096E+43	1.139735E+44	8.695000E-4	9.910000E+37	5.000000E-1	0.000000E+0	1.000000E-1	8.000000E+0	1.000000E-1	8.000000E+0	1.000000E+0	1.350000E+2
6.613862E+0	-3.400000E+3	-3.399200E+0	-3.812900E-3	8.914999E+5	1.149684E+6	8.705000E-4	1.000800E+0	9.910000E+37	-3.812900E-3	-2.599072E+43	1.138426E+44	8.705000E-4	9.910000E+37	5.000000E-1	0.000000E+0	1.000000E-1	8.000000E+0	1.000000E-1	8.000000E+0	1.000000E+0	1.360000E+2
6.661581E+0	-3.500000E+3	-3.499300E+0	-3.949000E-3	8.861231E+5	1.157085E+6	8.645000E-4	1.000300E+0	9.910000E+37	-3.949000E-3	-2.509496E+43	1.146327E+44	8.645000E-4	9.910000E+37	5.000000E-1	0.000000E+0	1.000000E-1	8.000000E+0	1.000000E-1	8.000000E+0	1.000000E+0	1.370000E+2
6.709417E+0	-3.600000E+3	-3.600000E+0	-4.069700E-3	8.845861E+5	1.129787E+6	8.853000E-4	1.000200E+0	9.910000E+37	-4.069700E-3	-2.435069E+43	1.119395E+44	8.853000E-4	9.910000E+37	5.000000E-1	0.000000E+0	1.000000E-1	8.000000E+0	1.000000E-1	8.000000E+0	1.000000E+0	1.380000E+2
6.757120E+0	-3.700000E+3	-3.699500E+0	-4.199300E-3	8.809802E+5	1.140755E+6	8.767000E-4	1.000100E+0	9.910000E+37	-4.199300E-3	-2.359917E+43	1.130375E+44	8.767000E-4	9.910000E+37	5.000000E-1	0.000000E+0	1.000000E-1	8.000000E+0	1.000000E-1	8.000000E+0	1.000000E+0	1.390000E+2
6.804806E+0	-3.800000E+3	-3.799600E+0	-4.348200E-3	8.738329E+5	1.140333E+6	8.772000E-4	1.000300E+0	9.910000E+37	-4.348200E-3	-2.279104E+43	1.129731E+44	8.772000E-4	9.910000E+37	5.000000E-1	0.000000E+0	1.000000E-1	8.000000E+0	1.000000E-1	8.000000E+0	1.000000E+0	1.400000E+2
6.852475E+0	-3.900000E+3	-3.899700E+0	-4.475700E-3	8.713050E+5	1.151393E+6	8.686000E-4	1.000100E+0	9.910000E+37	-4.475700E-3	-2.214179E+43	1.140916E+44	8.686000E-4	9.910000E+37	5.000000E-1	0.000000E+0	1.000000E-1	8.000000E+0	1.000000E-1	8.000000E+0	1.000000E+0	1.410000E+2
6.900111E+0	-4.000000E+3	-4.000200E+0	-4.605100E-3	8.686456E+5	1.150466E+6	8.693000E-4	1.000100E+0	9.910000E+37	-4.605100E-3	-2.151962E+43	1.139998E+44	8.693000E-4	9.910000E+37	5.000000E-1	0.000000E+0	1.000000E-1	8.000000E+0	1.000000E-1	8.000000E+0	1.000000E+0	1.420000E+2
6.947781E+0	-4.100000E+3	-4.099800E+0	-4.735900E-3	8.656855E+5	1.155597E+6	8.657000E-4	1.000400E+0	9.910000E+37	-4.735900E-3	-2.092527E+43	1.144738E+44	8.657000E-4	9.910000E+37	5.000000E-1	0.000000E+0	1.000000E-1	8.000000E+0	1.000000E-1	8.000000E+0	1.000000E+0	1.430000E+2
6.995417E+0	-4.200000E+3	-4.199700E+0	-4.871200E-3	8.621490E+5	1.144001E+6	8.743000E-4	1.000200E+0	9.910000E+37	-4.871200E-3	-2.034406E+43	1.133478E+44	8.743000E-4	9.910000E+37	5.000000E-1	0.000000E+0	1.000000E-1	8.000000E+0	1.000000E-1	8.000000E+0	1.000000E+0	1.440000E+2
7.043053E+0	-4.300000E+3	-4.300000E+0	-5.005700E-3	8.590207E+5	1.149988E+6	8.694000E-4	9.998000E-1	9.910000E+37	-5.005700E-3	-1.979743E+43	1.139867E+44	8.694000E-4	9.910000E+37	5.000000E-1	0.000000E+0	1.000000E-1	8.000000E+0	1.000000E-1	8.000000E+0	1.000000E+0	1.450000E+2
7.090722E+0	-4.400000E+3	-4.398800E+0	-5.123400E-3	8.585705E+5	1.151421E+6	8.691000E-4	1.000700E+0	9.910000E+37	-5.123400E-3	-1.934262E+43	1.140260E+44	8.691000E-4	9.910000E+37	5.000000E-1	0.000000E+0	1.000000E-1	8.000000E+0	1.000000E-1	8.000000E+0	1.000000E+0	1.460000E+2
7.138392E+0	-4.500000E+3	-4.500400E+0	-5.268600E-3	8.541928E+5	1.154717E+6	8.661000E-4	1.000100E+0	9.910000E+37	-5.268600E-3	-1.880955E+43	1.144210E+44	8.661000E-4	9.910000E+37	5.000000E-1	0.000000E+0	1.000000E-1	8.000000E+0	1.000000E-1	8.000000E+0	1.000000E+0	1.470000E+2
7.186111E+0	-4.600000E+3	-4.600200E+0	-5.387200E-3	8.539130E+5	1.154593E+6	8.655000E-4	9.993000E-1	9.910000E+37	-5.387200E-3	-1.839546E+43	1.145003E+44	8.655000E-4	9.910000E+37	5.000000E-1	0.000000E+0	1.000000E-1	8.000000E+0	1.000000E-1	8.000000E+0	1.000000E+0	1.480000E+2
7.233897E+0	-4.700000E+3	-4.700000E+0	-5.500700E-3	8.544367E+5	1.147859E+6	8.711000E-4	9.999000E-1	9.910000E+37	-5.500700E-3	-1.801589E+43	1.137642E+44	8.711000E-4	9.910000E+37	5.000000E-1	0.000000E+0	1.000000E-1	8.000000E+0	1.000000E-1	8.000000E+0	1.000000E+0	1.490000E+2
7.281750E+0	-4.800000E+3	-4.800000E+0	-5.629500E-3	8.526512E+5	1.164087E+6	8.593000E-4	1.000300E+0	9.910000E+37	-5.629500E-3	-1.760369E+43	1.153264E+44	8.593000E-4	9.910000E+37	5.000000E-1	0.000000E+0	1.000000E-1	8.000000E+0	1.000000E-1	8.000000E+0	1.000000E+0	1.500000E+2
7.329453E+0	-4.900000E+3	-4.899500E+0	-5.747000E-3	8.525318E+5	1.160598E+6	8.624000E-4	1.000900E+0	9.910000E+37	-5.747000E-3	-1.724378E+43	1.149119E+44	8.624000E-4	9.910000E+37	5.000000E-1	0.000000E+0	1.000000E-1	8.000000E+0	1.000000E-1	8.000000E+0	1.000000E+0	1.510000E+2
7.377139E+0	-5.000000E+3	-4.999900E+0	-5.855100E-3	8.539393E+5	1.158657E+6	8.635000E-4	1.000500E+0	9.910000E+37	-5.855100E-3	-1.692542E+43	1.147655E+44	8.635000E-4	9.910000E+37	5.000000E-1	0.000000E+0	1.000000E-1	8.000000E+0	1.000000E-1	8.000000E+0	1.000000E+0	1.520000E+2
7.424841E+0	-5.000000E+3	-4.999500E+0	-5.811900E-3	8.602178E+5	1.175509E+6	8.501000E-4	9.993000E-1	9.910000E+37	-5.811900E-3	-1.705122E+43	1.165745E+44	8.501000E-4	9.910000E+37	5.000000E-1	0.000000E+0	1.000000E-1	8.000000E+0	1.000000E-1	8.000000E+0	1.000000E+0	1.530000E+2
7.472527E+0	-4.900000E+3	-4.900600E+0	-5.617100E-3	8.724431E+5	1.169375E+6	8.555000E-4	1.000400E+0	9.910000E+37	-5.617100E-3	-1.764256E+43	1.158387E+44	8.555000E-4	9.910000E+37	5.000000E-1	0.000000E+0	1.000000E-1	8.000000E+0	1.000000E-1	8.000000E+0	1.000000E+0	1.540000E+2
7.520180E+0	-4.800000E+3	-4.799700E+0	-5.434300E-3	8.832232E+5	1.176035E+6	8.504000E-4	1.000100E+0	9.910000E+37	-5.434300E-3	-1.823602E+43	1.165334E+44	8.504000E-4	9.910000E+37	5.000000E-1	0.000000E+0	1.000000E-1	8.000000E+0	1.000000E-1	8.000000E+0	1.000000E+0	1.550000E+2
7.568100E+0	-4.700000E+3	-4.700800E+0	-5.262900E-3	8.931958E+5	1.165308E+6	8.584000E-4	1.000300E+0	9.910000E+37	-5.262900E-3	-1.882992E+43	1.154473E+44	8.584000E-4	9.910000E+37	5.000000E-1	0.000000E+0	1.000000E-1	8.000000E+0	1.000000E-1	8.000000E+0	1.000000E+0	1.560000E+2
7.616052E+0	-4.600000E+3	-4.600500E+0	-5.089000E-3	9.040086E+5	1.177288E+6	8.489000E-4	9.994000E-1	9.910000E+37	-5.089000E-3	-1.947337E+43	1.167393E+44	8.489000E-4	9.910000E+37	5.000000E-1	0.000000E+0	1.000000E-1	8.000000E+0	1.000000E-1	8.000000E+0	1.000000E+0	1.570000E+2
7.663822E+0	-4.500000E+3	-4.499200E+0	-4.932700E-3	9.121171E+5	1.190096E+6	8.401000E-4	9.998000E-1	9.910000E+37	-4.932700E-3	-2.009042E+43	1.179621E+44	8.401000E-4	9.910000E+37	5.000000E-1	0.000000E+0	1.000000E-1	8.000000E+0	1.000000E-1	8.000000E+0	1.000000E+0	1.580000E+2
7.711674E+0	-4.400000E+3	-4.399600E+0	-4.768900E-3	9.225608E+5	1.174806E+6	8.518000E-4	1.000700E+0	9.910000E+37	-4.768900E-3	-2.078047E+43	1.163419E+44	8.518000E-4	9.910000E+37	5.000000E-1	0.000000E+0	1.000000E-1	8.000000E+0	1.000000E-1	8.000000E+0	1.000000E+0	1.590000E+2
7.759360E+0	-4.300000E+3	-4.299600E+0	-4.617800E-3	9.310927E+5	1.184457E+6	8.441000E-4	9.998000E-1	9.910000E+37	-4.617800E-3	-2.146044E+43	1.174032E+44	8.441000E-4	9.910000E+37	5.000000E-1	0.000000E+0	1.000000E-1	8.000000E+0	1.000000E-1	8.000000E+0	1.000000E+0	1.600000E+2
7.807213E+0	-4.200000E+3	-4.199900E+0	-4.487100E-3	9.359943E+5	1.181474E+6	8.464000E-4	1.000000E+0	9.910000E+37	-4.487100E-3	-2.208553E+43	1.170841E+44	8.464000E-4	9.910000E+37	5.000000E-1	0.000000E+0	1.000000E-1	8.000000E+0	1.000000E-1	8.000000E+0	1.000000E+0	1.610000E+2
7.854866E+0	-4.100000E+3	-4.100400E+0	-4.346000E-3	9.434883E+5	1.194866E+6	8.375000E-4	1.000700E+0	9.910000E+37	-4.346000E-3	-2.280258E+43	1.183284E+44	8.375000E-4	9.910000E+37	5.000000E-1	0.000000E+0	1.000000E-1	8.000000E+0	1.000000E-1	8.000000E+0	1.000000E+0	1.620000E+2
7.902485E+0	-4.000000E+3	-4.000000E+0	-4.205500E-3	9.511354E+5	1.208263E+6	8.278000E-4	1.000200E+0	9.910000E+37	-4.205500E-3	-2.356438E+43	1.197149E+44	8.278000E-4	9.910000E+37	5.000000E-1	0.000000E+0	1.000000E-1	8.000000E+0	1.000000E-1	8.000000E+0	1.000000E+0	1.630000E+2
7.950271E+0	-3.900000E+3	-3.899900E+0	-4.063900E-3	9.596447E+5	1.195428E+6	8.356000E-4	9.989000E-1	9.910000E+37	-4.063900E-3	-2.438544E+43	1.185974E+44	8.356000E-4	9.910000E+37	5.000000E-1	0.000000E+0	1.000000E-1	8.000000E+0	1.000000E-1	8.000000E+0	1.000000E+0	1.640000E+2
7.998007E+0	-3.800000E+3	-3.800500E+0	-3.931900E-3	9.665810E+5	1.206905E+6	8.284000E-4	9.998000E-1	9.910000E+37	-3.931900E-3	-2.520410E+43	1.196282E+44	8.284000E-4	9.910000E+37	5.000000E-1	0.000000E+0	1.000000E-1	8.000000E+0	1.000000E-1	8.000000E+0	1.000000E+0	1.650000E+2
8.045894E+0	-3.700000E+3	-3.701100E+0	-3.806200E-3	9.723872E+5	1.191583E+6	8.388000E-4	9.995000E-1	9.910000E+37	-3.806200E-3	-2.603647E+43	1.181450E+44	8.388000E-4	9.910000E+37	5.000000E-1	0.000000E+0	1.000000E-1	8.000000E+0	1.000000E-1	8.000000E+0	1.000000E+0	1.660000E+2
8.093596E+0	-3.600000E+3	-3.600000E+0	-3.681800E-3	9.777826E+5	1.204943E+6	8.295000E-4	9.995000E-1	9.910000E+37	-3.681800E-3	-2.691618E+43	1.194696E+44	8.295000E-4	9.910000E+37	5.000000E-1	0.000000E+0	1.000000E-1	8.000000E+0	1.000000E-1	8.000000E+0	1.000000E+0	1.670000E+2
8.141466E+0	-3.500000E+3	-3.500400E+0	-3.563200E-3	9.823754E+5	1.212474E+6	8.241000E-4	9.992000E-1	9.910000E+37	-3.563200E-3	-2.781208E+43	1.202524E+44	8.241000E-4	9.910000E+37	5.000000E-1	0.000000E+0	1.000000E-1	8.000000E+0	1.000000E-1	8.000000E+0	1.000000E+0	1.680000E+2
8.189252E+0	-3.400000E+3	-3.400100E+0	-3.434800E-3	9.898975E+5	1.207513E+6	8.279000E-4	9.997000E-1	9.910000E+37	-3.434800E-3	-2.885175E+43	1.197004E+44	8.279000E-4	9.910000E+37	5.000000E-1	0.000000E+0	1.000000E-1	8.000000E+0	1.000000E-1	8.000000E+0	1.000000E+0	1.690000E+2
8.236971E+0	-3.300000E+3	-3.301600E+0	-3.331200E-3	9.911143E+5	1.197296E+6	8.358000E-4	1.000700E+0	9.910000E+37	-3.331200E-3	-2.974904E+43	1.185690E+44	8.358000E-4	9.910000E+37	5.000000E-1	0.000000E+0	1.000000E-1	8.000000E+0	1.000000E-1	8.000000E+0	1.000000E+0	1.700000E+2
8.284691E+0	-3.200000E+3	-3.199800E+0	-3.197600E-3	1.000688E+6	1.219929E+6	8.189000E-4	9.990000E-1	9.910000E+37	-3.197600E-3	-3.099199E+43	1.210160E+44	8.189000E-4	9.910000E+37	5.000000E-1	0.000000E+0	1.000000E-1	8.000000E+0	1.000000E-1	8.000000E+0	1.000000E+0	1.710000E+2
8.332477E+0	-3.100000E+3	-3.100400E+0	-3.068800E-3	1.010297E+6	1.194461E+6	8.377000E-4	1.000600E+0	9.910000E+37	-3.068800E-3	-3.229275E+43	1.183001E+44	8.377000E-4	9.910000E+37	5.000000E-1	0.000000E+0	1.000000E-1	8.000000E+0	1.000000E-1	8.000000E+0	1.000000E+0	1.720000E+2
8.380379E+0	-3.000000E+3	-3.000600E+0	-2.961400E-3	1.013237E+6	1.201945E+6	8.329000E-4	1.001100E+0	9.910000E+37	-2.961400E-3	-3.346390E+43	1.189819E+44	8.329000E-4	9.910000E+37	5.000000E-1	0.000000E+0	1.000000E-1	8.000000E+0	1.000000E-1	8.000000E+0	1.000000E+0	1.730000E+2
8.428065E+0	-2.900000E+3	-2.899400E+0	-2.840000E-3	1.020915E+6	1.199592E+6	8.337000E-4	1.000100E+0	9.910000E+37	-2.840000E-3	-3.489437E+43	1.188677E+44	8.337000E-4	9.910000E+37	5.000000E-1	0.000000E+0	1.000000E-1	8.000000E+0	1.000000E-1	8.000000E+0	1.000000E+0	1.740000E+2
8.476001E+0	-2.800000E+3	-2.801500E+0	-2.736200E-3	1.023865E+6	1.203706E+6	8.311000E-4	1.000400E+0	9.910000E+37	-2.736200E-3	-3.621811E+43	1.192396E+44	8.311000E-4	9.910000E+37	5.000000E-1	0.000000E+0	1.000000E-1	8.000000E+0	1.000000E-1	8.000000E+0	1.000000E+0	1.750000E+2
8.523688E+0	-2.700000E+3	-2.700700E+0	-2.608400E-3	1.035386E+6	1.202597E+6	8.317000E-4	1.000200E+0	9.910000E+37	-2.608400E-3	-3.799264E+43	1.191535E+44	8.317000E-4	9.910000E+37	5.000000E-1	0.000000E+0	1.000000E-1	8.000000E+0	1.000000E-1	8.000000E+0	1.000000E+0	1.760000E+2
8.571457E+0	-2.600000E+3	-2.600100E+0	-2.494700E-3	1.042250E+6	1.195813E+6	8.360000E-4	9.997000E-1	9.910000E+37	-2.494700E-3	-3.972422E+43	1.185407E+44	8.360000E-4	9.910000E+37	5.000000E-1	0.000000E+0	1.000000E-1	8.000000E+0	1.000000E-1	8.000000E+0	1.000000E+0	1.770000E+2
8.619360E+0	-2.500000E+3	-2.499400E+0	-2.387700E-3	1.046781E+6	1.206688E+6	8.283000E-4	9.995000E-1	9.910000E+37	-2.387700E-3	-4.150438E+43	1.196426E+44	8.283000E-4	9.910000E+37	5.000000E-1	0.000000E+0	1.000000E-1	8.000000E+0	1.000000E-1	8.000000E+0	1.000000E+0	1.780000E+2
8.667212E+0	-2.400000E+3	-2.399500E+0	-2.277700E-3	1.053475E+6	1.211886E+6	8.245000E-4	9.992000E-1	9.910000E+37	-2.277700E-3	-4.350880E+43	1.201941E+44	8.245000E-4	9.910000E+37	5.000000E-1	0.000000E+0	1.000000E-1	8.000000E+0	1.000000E-1	8.000000E+0	1.000000E+0	1.790000E+2
8.714882E+0	-2.300000E+3	-2.300700E+0	-2.173200E-3	1.058669E+6	1.225711E+6	8.152000E-4	9.992000E-1	9.910000E+37	-2.173200E-3	-4.560096E+43	1.215653E+44	8.152000E-4	9.910000E+37	5.000000E-1	0.000000E+0	1.000000E-1	8.000000E+0	1.000000E-1	8.000000E+0	1.000000E+0	1.800000E+2
8.762651E+0	-2.200000E+3	-2.200900E+0	-2.072200E-3	1.062108E+6	1.210341E+6	8.258000E-4	9.995000E-1	9.910000E+37	-2.072200E-3	-4.782357E+43	1.200048E+44	8.258000E-4	9.910000E+37	5.000000E-1	0.000000E+0	1.000000E-1	8.000000E+0	1.000000E-1	8.000000E+0	1.000000E+0	1.810000E+2
8.810387E+0	-2.100000E+3	-2.100000E+0	-1.945400E-3	1.079470E+6	1.206543E+6	8.284000E-4	9.995000E-1	9.910000E+37	-1.945400E-3	-5.094068E+43	1.196282E+44	8.284000E-4	9.910000E+37	5.000000E-1	0.000000E+0	1.000000E-1	8.000000E+0	1.000000E-1	8.000000E+0	1.000000E+0	1.820000E+2
8.858107E+0	-2.000000E+3	-1.999600E+0	-1.835100E-3	1.089641E+6	1.207729E+6	8.280000E-4	1.000000E+0	9.910000E+37	-1.835100E-3	-5.400251E+43	1.196860E+44	8.280000E-4	9.910000E+37	5.000000E-1	0.000000E+0	1.000000E-1	8.000000E+0	1.000000E-1	8.000000E+0	1.000000E+0	1.830000E+2
8.905909E+0	-1.900000E+3	-1.899500E+0	-1.741600E-3	1.090664E+6	1.232277E+6	8.111000E-4	9.995000E-1	9.910000E+37	-1.741600E-3	-5.690170E+43	1.221798E+44	8.111000E-4	9.910000E+37	5.000000E-1	0.000000E+0	1.000000E-1	8.000000E+0	1.000000E-1	8.000000E+0	1.000000E+0	1.840000E+2
8.953562E+0	-1.800000E+3	-1.799900E+0	-1.642000E-3	1.096163E+6	1.221829E+6	8.191000E-4	1.000800E+0	9.910000E+37	-1.642000E-3	-6.035323E+43	1.209864E+44	8.191000E-4	9.910000E+37	5.000000E-1	0.000000E+0	1.000000E-1	8.000000E+0	1.000000E-1	8.000000E+0	1.000000E+0	1.850000E+2
9.001332E+0	-1.700000E+3	-1.700400E+0	-1.537500E-3	1.105951E+6	1.213704E+6	8.231000E-4	9.990000E-1	9.910000E+37	-1.537500E-3	-6.445528E+43	1.203985E+44	8.231000E-4	9.910000E+37	5.000000E-1	0.000000E+0	1.000000E-1	8.000000E+0	1.000000E-1	8.000000E+0	1.000000E+0	1.860000E+2
9.049168E+0	-1.600000E+3	-1.600700E+0	-1.441900E-3	1.110132E+6	1.219593E+6	8.197000E-4	9.997000E-1	9.910000E+37	-1.441900E-3	-6.872876E+43	1.208979E+44	8.197000E-4	9.910000E+37	5.000000E-1	0.000000E+0	1.000000E-1	8.000000E+0	1.000000E-1	8.000000E+0	1.000000E+0	1.870000E+2
9.097137E+0	-1.500000E+3	-1.500700E+0	-1.343200E-3	1.117257E+6	1.223187E+6	8.177000E-4	1.000200E+0	9.910000E+37	-1.343200E-3	-7.377904E+43	1.211936E+44	8.177000E-4	9.910000E+37	5.000000E-1	0.000000E+0	1.000000E-1	8.000000E+0	1.000000E-1	8.000000E+0	1.000000E+0	1.880000E+2
9.144790E+0	-1.400000E+3	-1.399100E+0	-1.234900E-3	1.132966E+6	1.223187E+6	8.177000E-4	1.000200E+0	9.910000E+37	-1.234900E-3	-8.024941E+43	1.211936E+44	8.177000E-4	9.910000E+37	5.000000E-1	0.000000E+0	1.000000E-1	8.000000E+0	1.000000E-1	8.000000E+0	1.000000E+0	1.890000E+2
9.192559E+0	-1.300000E+3	-1.300300E+0	-1.146200E-3	1.134444E+6	1.231813E+6	8.110000E-4	9.990000E-1	9.910000E+37	-1.146200E-3	-8.645961E+43	1.221948E+44	8.110000E-4	9.910000E+37	5.000000E-1	0.000000E+0	1.000000E-1	8.000000E+0	1.000000E-1	8.000000E+0	1.000000E+0	1.900000E+2
9.240279E+0	-1.200000E+3	-1.199200E+0	-1.041900E-3	1.150974E+6	1.206901E+6	8.289000E-4	1.000400E+0	9.910000E+37	-1.041900E-3	-9.511469E+43	1.195560E+44	8.289000E-4	9.910000E+37	5.000000E-1	0.000000E+0	1.000000E-1	8.000000E+0	1.000000E-1	8.000000E+0	1.000000E+0	1.910000E+2
9.288181E+0	-1.100000E+3	-1.098400E+0	-9.491000E-4	1.157307E+6	1.224507E+6	8.169000E-4	1.000300E+0	9.910000E+37	-9.491000E-4	-1.044147E+44	1.213123E+44	8.169000E-4	9.910000E+37	5.000000E-1	0.000000E+0	1.000000E-1	8.000000E+0	1.000000E-1	8.000000E+0	1.000000E+0	1.920000E+2
9.335984E+0	-1.000000E+3	-1.000000E+0	-8.571000E-4	1.166725E+6	1.201587E+6	8.319000E-4	9.996000E-1	9.910000E+37	-8.571000E-4	-1.156224E+44	1.191249E+44	8.319000E-4	9.910000E+37	5.000000E-1	0.000000E+0	1.000000E-1	8.000000E+0	1.000000E-1	8.000000E+0	1.000000E+0	1.930000E+2
9.383837E+0	-9.000000E+2	-9.004000E-1	-7.768000E-4	1.159114E+6	1.218487E+6	8.211000E-4	1.000500E+0	9.910000E+37	-7.768000E-4	-1.275747E+44	1.206918E+44	8.211000E-4	9.910000E+37	5.000000E-1	0.000000E+0	1.000000E-1	8.000000E+0	1.000000E-1	8.000000E+0	1.000000E+0	1.940000E+2
9.431539E+0	-8.000000E+2	-8.003000E-1	-6.912000E-4	1.157841E+6	1.223637E+6	8.165000E-4	9.991000E-1	9.910000E+37	-6.912000E-4	-1.433738E+44	1.213717E+44	8.165000E-4	9.910000E+37	5.000000E-1	0.000000E+0	1.000000E-1	8.000000E+0	1.000000E-1	8.000000E+0	1.000000E+0	1.950000E+2
9.479276E+0	-7.000000E+2	-7.012000E-1	-5.893000E-4	1.189886E+6	1.218662E+6	8.209000E-4	1.000400E+0	9.910000E+37	-5.893000E-4	-1.681656E+44	1.207212E+44	8.209000E-4	9.910000E+37	5.000000E-1	0.000000E+0	1.000000E-1	8.000000E+0	1.000000E-1	8.000000E+0	1.000000E+0	1.960000E+2
9.526928E+0	-6.000000E+2	-5.998000E-1	-5.112000E-4	1.173318E+6	1.221068E+6	8.183000E-4	9.992000E-1	9.910000E+37	-5.112000E-4	-1.938576E+44	1.211047E+44	8.183000E-4	9.910000E+37	5.000000E-1	0.000000E+0	1.000000E-1	8.000000E+0	1.000000E-1	8.000000E+0	1.000000E+0	1.970000E+2
9.574598E+0	-5.000000E+2	-4.990000E-1	-4.109000E-4	1.214407E+6	1.214893E+6	8.232000E-4	1.000100E+0	9.910000E+37	-4.109000E-4	-2.411779E+44	1.203839E+44	8.232000E-4	9.910000E+37	5.000000E-1	0.000000E+0	1.000000E-1	8.000000E+0	1.000000E-1	8.000000E+0	1.000000E+0	1.980000E+2
9.622317E+0	-4.000000E+2	-3.994000E-1	-3.369000E-4	1.185515E+6	1.212129E+6	8.245000E-4	9.994000E-1	9.910000E+37	-3.369000E-4	-2.941526E+44	1.201941E+44	8.245000E-4	9.910000E+37	5.000000E-1	0.000000E+0	1.000000E-1	8.000000E+0	1.000000E-1	8.000000E+0	1.000000E+0	1.990000E+2
9.670120E+0	-3.000000E+2	-3.001000E-1	-2.574000E-4	1.165890E+6	1.219070E+6	8.212000E-4	1.001100E+0	9.910000E+37	-2.574000E-4	-3.850039E+44	1.206771E+44	8.212000E-4	9.910000E+37	5.000000E-1	0.000000E+0	1.000000E-1	8.000000E+0	1.000000E-1	8.000000E+0	1.000000E+0	2.000000E+2
9.717856E+0	-2.000000E+2	-1.997000E-1	-1.726000E-4	1.157010E+6	1.225269E+6	8.168000E-4	1.000800E+0	9.910000E+37	-1.726000E-4	-5.741599E+44	1.213271E+44	8.168000E-4	9.910000E+37	5.000000E-1	0.000000E+0	1.000000E-1	8.000000E+0	1.000000E-1	8.000000E+0	1.000000E+0	2.010000E+2
9.765692E+0	-1.000000E+2	-1.000000E-1	-8.970000E-5	1.114827E+6	1.225411E+6	8.154000E-4	9.992000E-1	9.910000E+37	-8.970000E-5	-1.104794E+45	1.215354E+44	8.154000E-4	9.910000E+37	5.000000E-1	0.000000E+0	1.000000E-1	8.000000E+0	1.000000E-1	8.000000E+0	1.000000E+0	2.020000E+2
9.813495E+0	0.000000E+0	-7.000000E-4	-1.640000E-5	4.268293E+4	1.233580E+6	8.100000E-4	9.992000E-1	9.910000E+37	-1.640000E-5	-6.042683E+45	1.223457E+44	8.100000E-4	9.910000E+37	5.000000E-1	0.000000E+0	1.000000E-1	8.000000E+0	1.000000E-1	8.000000E+0	1.000000E+0	2.030000E+2
9.861264E+0	1.000000E+2	9.940000E-2	6.910000E-5	1.438495E+6	1.234240E+6	8.090000E-4	9.985000E-1	9.910000E+37	6.910000E-5	1.434153E+45	1.224969E+44	8.090000E-4	9.910000E+37	5.000000E-1	0.000000E+0	1.000000E-1	8.000000E+0	1.000000E-1	8.000000E+0	1.000000E+0	2.040000E+2
9.908967E+0	2.000000E+2	2.003000E-1	1.510000E-4	1.326490E+6	1.213678E+6	8.232000E-4	9.991000E-1	9.910000E+37	1.510000E-4	6.562914E+44	1.203839E+44	8.232000E-4	9.910000E+37	5.000000E-1	0.000000E+0	1.000000E-1	8.000000E+0	1.000000E-1	8.000000E+0	1.000000E+0	2.050000E+2
9.956703E+0	3.000000E+2	2.999000E-1	2.172000E-4	1.380755E+6	1.224330E+6	8.171000E-4	1.000400E+0	9.910000E+37	2.172000E-4	4.562615E+44	1.212826E+44	8.171000E-4	9.910000E+37	5.000000E-1	0.000000E+0	1.000000E-1	8.000000E+0	1.000000E-1	8.000000E+0	1.000000E+0	2.060000E+2
1.000441E+1	4.000000E+2	3.995000E-1	3.091000E-4	1.292462E+6	1.224003E+6	8.174000E-4	1.000500E+0	9.910000E+37	3.091000E-4	3.206082E+44	1.212381E+44	8.174000E-4	9.910000E+37	5.000000E-1	0.000000E+0	1.000000E-1	8.000000E+0	1.000000E-1	8.000000E+0	1.000000E+0	2.070000E+2
1.005217E+1	5.000000E+2	5.001000E-1	3.863000E-4	1.294590E+6	1.218000E+6	8.211000E-4	1.000100E+0	9.910000E+37	3.863000E-4	2.565364E+44	1.206918E+44	8.211000E-4	9.910000E+37	5.000000E-1	0.000000E+0	1.000000E-1	8.000000E+0	1.000000E-1	8.000000E+0	1.000000E+0	2.080000E+2
1.009988E+1	6.000000E+2	5.989000E-1	4.621000E-4	1.296040E+6	1.217180E+6	8.219000E-4	1.000400E+0	9.910000E+37	4.621000E-4	2.144557E+44	1.205743E+44	8.219000E-4	9.910000E+37	5.000000E-1	0.000000E+0	1.000000E-1	8.000000E+0	1.000000E-1	8.000000E+0	1.000000E+0	2.090000E+2
1.014776E+1	7.000000E+2	7.003000E-1	5.454000E-4	1.284012E+6	1.228814E+6	8.142000E-4	1.000500E+0	9.910000E+37	5.454000E-4	1.817015E+44	1.217146E+44	8.142000E-4	9.910000E+37	5.000000E-1	0.000000E+0	1.000000E-1	8.000000E+0	1.000000E-1	8.000000E+0	1.000000E+0	2.100000E+2
1.019570E+1	8.000000E+2	7.990000E-1	6.364000E-4	1.255500E+6	1.228322E+6	8.142000E-4	1.000100E+0	9.910000E+37	6.364000E-4	1.557197E+44	1.217146E+44	8.142000E-4	9.910000E+37	5.000000E-1	0.000000E+0	1.000000E-1	8.000000E+0	1.000000E-1	8.000000E+0	1.000000E+0	2.110000E+2
1.024352E+1	9.000000E+2	9.008000E-1	7.340000E-4	1.227248E+6	1.215398E+6	8.222000E-4	9.993000E-1	9.910000E+37	7.340000E-4	1.350136E+44	1.205303E+44	8.222000E-4	9.910000E+37	5.000000E-1	0.000000E+0	1.000000E-1	8.000000E+0	1.000000E-1	8.000000E+0	1.000000E+0	2.120000E+2
1.029141E+1	1.000000E+3	1.000500E+0	8.165000E-4	1.225352E+6	1.241709E+6	8.051000E-4	9.997000E-1	9.910000E+37	8.165000E-4	1.213717E+44	1.230903E+44	8.051000E-4	9.910000E+37	5.000000E-1	0.000000E+0	1.000000E-1	8.000000E+0	1.000000E-1	8.000000E+0	1.000000E+0	2.130000E+2
1.033909E+1	1.100000E+3	1.100400E+0	9.074000E-4	1.212696E+6	1.235607E+6	8.094000E-4	1.000100E+0	9.910000E+37	9.074000E-4	1.092131E+44	1.224364E+44	8.094000E-4	9.910000E+37	5.000000E-1	0.000000E+0	1.000000E-1	8.000000E+0	1.000000E-1	8.000000E+0	1.000000E+0	2.140000E+2
1.038674E+1	1.200000E+3	1.200700E+0	1.007300E-3	1.191998E+6	1.226174E+6	8.153000E-4	9.997000E-1	9.910000E+37	1.007300E-3	9.838181E+43	1.215503E+44	8.153000E-4	9.910000E+37	5.000000E-1	0.000000E+0	1.000000E-1	8.000000E+0	1.000000E-1	8.000000E+0	1.000000E+0	2.150000E+2
1.043441E+1	1.300000E+3	1.301200E+0	1.105700E-3	1.176811E+6	1.228785E+6	8.143000E-4	1.000600E+0	9.910000E+37	1.105700E-3	8.962648E+43	1.216996E+44	8.143000E-4	9.910000E+37	5.000000E-1	0.000000E+0	1.000000E-1	8.000000E+0	1.000000E-1	8.000000E+0	1.000000E+0	2.160000E+2
1.048207E+1	1.400000E+3	1.399500E+0	1.211300E-3	1.155370E+6	1.227390E+6	8.149000E-4	1.000200E+0	9.910000E+37	1.211300E-3	8.181293E+43	1.216100E+44	8.149000E-4	9.910000E+37	5.000000E-1	0.000000E+0	1.000000E-1	8.000000E+0	1.000000E-1	8.000000E+0	1.000000E+0	2.170000E+2
1.052979E+1	1.500000E+3	1.499000E+0	1.303600E-3	1.149893E+6	1.217894E+6	8.215000E-4	1.000500E+0	9.910000E+37	1.303600E-3	7.602025E+43	1.206330E+44	8.215000E-4	9.910000E+37	5.000000E-1	0.000000E+0	1.000000E-1	8.000000E+0	1.000000E-1	8.000000E+0	1.000000E+0	2.180000E+2
1.057750E+1	1.600000E+3	1.599400E+0	1.424100E-3	1.123095E+6	1.221517E+6	8.189000E-4	1.000300E+0	9.910000E+37	1.424100E-3	6.958781E+43	1.210160E+44	8.189000E-4	9.910000E+37	5.000000E-1	0.000000E+0	1.000000E-1	8.000000E+0	1.000000E-1	8.000000E+0	1.000000E+0	2.190000E+2
1.062517E+1	1.700000E+3	1.700100E+0	1.537500E-3	1.105756E+6	1.220866E+6	8.195000E-4	1.000500E+0	9.910000E+37	1.537500E-3	6.445528E+43	1.209274E+44	8.195000E-4	9.910000E+37	5.000000E-1	0.000000E+0	1.000000E-1	8.000000E+0	1.000000E-1	8.000000E+0	1.000000E+0	2.200000E+2
1.067284E+1	1.800000E+3	1.799900E+0	1.649000E-3	1.091510E+6	1.226190E+6	8.148000E-4	9.991000E-1	9.910000E+37	1.649000E-3	6.009703E+43	1.216249E+44	8.148000E-4	9.910000E+37	5.000000E-1	0.000000E+0	1.000000E-1	8.000000E+0	1.000000E-1	8.000000E+0	1.000000E+0	2.210000E+2
1.072050E+1	1.900000E+3	1.900700E+0	1.771800E-3	1.072751E+6	1.232581E+6	8.109000E-4	9.995000E-1	9.910000E+37	1.771800E-3	5.593182E+43	1.222099E+44	8.109000E-4	9.910000E+37	5.000000E-1	0.000000E+0	1.000000E-1	8.000000E+0	1.000000E-1	8.000000E+0	1.000000E+0	2.220000E+2
1.076822E+1	2.000000E+3	2.000400E+0	1.879700E-3	1.064212E+6	1.232779E+6	8.115000E-4	1.000400E+0	9.910000E+37	1.879700E-3	5.272118E+43	1.221195E+44	8.115000E-4	9.910000E+37	5.000000E-1	0.000000E+0	1.000000E-1	8.000000E+0	1.000000E-1	8.000000E+0	1.000000E+0	2.230000E+2
1.081599E+1	2.100000E+3	2.100000E+0	1.986500E-3	1.057136E+6	1.240699E+6	8.064000E-4	1.000500E+0	9.910000E+37	1.986500E-3	4.988674E+43	1.228919E+44	8.064000E-4	9.910000E+37	5.000000E-1	0.000000E+0	1.000000E-1	8.000000E+0	1.000000E-1	8.000000E+0	1.000000E+0	2.240000E+2
1.086367E+1	2.200000E+3	2.199900E+0	2.112200E-3	1.041521E+6	1.242198E+6	8.043000E-4	9.991000E-1	9.910000E+37	2.112200E-3	4.691791E+43	1.232127E+44	8.043000E-4	9.910000E+37	5.000000E-1	0.000000E+0	1.000000E-1	8.000000E+0	1.000000E-1	8.000000E+0	1.000000E+0	2.250000E+2
1.091139E+1	2.300000E+3	2.300700E+0	2.240300E-3	1.026961E+6	1.240357E+6	8.063000E-4	1.000100E+0	9.910000E+37	2.240300E-3	4.423515E+43	1.229071E+44	8.063000E-4	9.910000E+37	5.000000E-1	0.000000E+0	1.000000E-1	8.000000E+0	1.000000E-1	8.000000E+0	1.000000E+0	2.260000E+2
1.095924E+1	2.400000E+3	2.399500E+0	2.367600E-3	1.013474E+6	1.243223E+6	8.042000E-4	9.998000E-1	9.910000E+37	2.367600E-3	4.185673E+43	1.232281E+44	8.042000E-4	9.910000E+37	5.000000E-1	0.000000E+0	1.000000E-1	8.000000E+0	1.000000E-1	8.000000E+0	1.000000E+0	2.270000E+2
1.100698E+1	2.500000E+3	2.500500E+0	2.495100E-3	1.002164E+6	1.246418E+6	8.027000E-4	1.000500E+0	9.910000E+37	2.495100E-3	3.971785E+43	1.234583E+44	8.027000E-4	9.910000E+37	5.000000E-1	0.000000E+0	1.000000E-1	8.000000E+0	1.000000E-1	8.000000E+0	1.000000E+0	2.280000E+2
1.105465E+1	2.600000E+3	2.600600E+0	2.617000E-3	9.937333E+5	1.245457E+6	8.034000E-4	1.000600E+0	9.910000E+37	2.617000E-3	3.786779E+43	1.233508E+44	8.034000E-4	9.910000E+37	5.000000E-1	0.000000E+0	1.000000E-1	8.000000E+0	1.000000E-1	8.000000E+0	1.000000E+0	2.290000E+2
1.110229E+1	2.700000E+3	2.699700E+0	2.748600E-3	9.822091E+5	1.241555E+6	8.052000E-4	9.997000E-1	9.910000E+37	2.748600E-3	3.605472E+43	1.230750E+44	8.052000E-4	9.910000E+37	5.000000E-1	0.000000E+0	1.000000E-1	8.000000E+0	1.000000E-1	8.000000E+0	1.000000E+0	2.300000E+2
1.114999E+1	2.800000E+3	2.800900E+0	2.882700E-3	9.716238E+5	1.249688E+6	8.002000E-4	1.000000E+0	9.910000E+37	2.882700E-3	3.437749E+43	1.238440E+44	8.002000E-4	9.910000E+37	5.000000E-1	0.000000E+0	1.000000E-1	8.000000E+0	1.000000E-1	8.000000E+0	1.000000E+0	2.310000E+2
1.119772E+1	2.900000E+3	2.901100E+0	3.020000E-3	9.606291E+5	1.252663E+6	7.979000E-4	9.995000E-1	9.910000E+37	3.020000E-3	3.281457E+43	1.242010E+44	7.979000E-4	9.910000E+37	5.000000E-1	0.000000E+0	1.000000E-1	8.000000E+0	1.000000E-1	8.000000E+0	1.000000E+0	2.320000E+2
1.124544E+1	3.000000E+3	2.999600E+0	3.141800E-3	9.547393E+5	1.237441E+6	8.082000E-4	1.000100E+0	9.910000E+37	3.141800E-3	3.154243E+43	1.226182E+44	8.082000E-4	9.910000E+37	5.000000E-1	0.000000E+0	1.000000E-1	8.000000E+0	1.000000E-1	8.000000E+0	1.000000E+0	2.330000E+2
1.129336E+1	3.100000E+3	3.099500E+0	3.285300E-3	9.434450E+5	1.245455E+6	8.030000E-4	1.000100E+0	9.910000E+37	3.285300E-3	3.016467E+43	1.234122E+44	8.030000E-4	9.910000E+37	5.000000E-1	0.000000E+0	1.000000E-1	8.000000E+0	1.000000E-1	8.000000E+0	1.000000E+0	2.340000E+2
1.134110E+1	3.200000E+3	3.200300E+0	3.438300E-3	9.307797E+5	1.236611E+6	8.085000E-4	9.998000E-1	9.910000E+37	3.438300E-3	2.882238E+43	1.225727E+44	8.085000E-4	9.910000E+37	5.000000E-1	0.000000E+0	1.000000E-1	8.000000E+0	1.000000E-1	8.000000E+0	1.000000E+0	2.350000E+2
1.138885E+1	3.300000E+3	3.299500E+0	3.562200E-3	9.262534E+5	1.244926E+6	8.031000E-4	9.998000E-1	9.910000E+37	3.562200E-3	2.781989E+43	1.233968E+44	8.031000E-4	9.910000E+37	5.000000E-1	0.000000E+0	1.000000E-1	8.000000E+0	1.000000E-1	8.000000E+0	1.000000E+0	2.360000E+2
1.143902E+1	3.400000E+3	3.400600E+0	3.712800E-3	9.159125E+5	1.256726E+6	7.954000E-4	9.996000E-1	9.910000E+37	3.712800E-3	2.669145E+43	1.245914E+44	7.954000E-4	9.910000E+37	5.000000E-1	0.000000E+0	1.000000E-1	8.000000E+0	1.000000E-1	8.000000E+0	1.000000E+0	2.370000E+2
1.148669E+1	3.500000E+3	3.499100E+0	3.839700E-3	9.112952E+5	1.239712E+6	8.068000E-4	1.000200E+0	9.910000E+37	3.839700E-3	2.580931E+43	1.228309E+44	8.068000E-4	9.910000E+37	5.000000E-1	0.000000E+0	1.000000E-1	8.000000E+0	1.000000E-1	8.000000E+0	1.000000E+0	2.380000E+2
1.153434E+1	3.600000E+3	3.599000E+0	3.982600E-3	9.036810E+5	1.257161E+6	7.960000E-4	1.000700E+0	9.910000E+37	3.982600E-3	2.488324E+43	1.244975E+44	7.960000E-4	9.910000E+37	5.000000E-1	0.000000E+0	1.000000E-1	8.000000E+0	1.000000E-1	8.000000E+0	1.000000E+0	2.390000E+2
1.158201E+1	3.700000E+3	3.700100E+0	4.136300E-3	8.945434E+5	1.253165E+6	7.979000E-4	9.999000E-1	9.910000E+37	4.136300E-3	2.395861E+43	1.242010E+44	7.979000E-4	9.910000E+37	5.000000E-1	0.000000E+0	1.000000E-1	8.000000E+0	1.000000E-1	8.000000E+0	1.000000E+0	2.400000E+2
1.162968E+1	3.800000E+3	3.799600E+0	4.279300E-3	8.879022E+5	1.262413E+6	7.915000E-4	9.992000E-1	9.910000E+37	4.279300E-3	2.315799E+43	1.252053E+44	7.915000E-4	9.910000E+37	5.000000E-1	0.000000E+0	1.000000E-1	8.000000E+0	1.000000E-1	8.000000E+0	1.000000E+0	2.410000E+2
1.167763E+1	3.900000E+3	3.898700E+0	4.416900E-3	8.826779E+5	1.245983E+6	8.029000E-4	1.000400E+0	9.910000E+37	4.416900E-3	2.243655E+43	1.234276E+44	8.029000E-4	9.910000E+37	5.000000E-1	0.000000E+0	1.000000E-1	8.000000E+0	1.000000E-1	8.000000E+0	1.000000E+0	2.420000E+2
1.172527E+1	4.000000E+3	4.000300E+0	4.579600E-3	8.735042E+5	1.221218E+6	8.191000E-4	1.000300E+0	9.910000E+37	4.579600E-3	2.163944E+43	1.209864E+44	8.191000E-4	9.910000E+37	5.000000E-1	0.000000E+0	1.000000E-1	8.000000E+0	1.000000E-1	8.000000E+0	1.000000E+0	2.430000E+2
1.177291E+1	4.100000E+3	4.100800E+0	4.734900E-3	8.660795E+5	1.227418E+6	8.148000E-4	1.000100E+0	9.910000E+37	4.734900E-3	2.092969E+43	1.216249E+44	8.148000E-4	9.910000E+37	5.000000E-1	0.000000E+0	1.000000E-1	8.000000E+0	1.000000E-1	8.000000E+0	1.000000E+0	2.440000E+2
1.182059E+1	4.200000E+3	4.199400E+0	4.869900E-3	8.623175E+5	1.229133E+6	8.135000E-4	9.999000E-1	9.910000E+37	4.869900E-3	2.034949E+43	1.218193E+44	8.135000E-4	9.910000E+37	5.000000E-1	0.000000E+0	1.000000E-1	8.000000E+0	1.000000E-1	8.000000E+0	1.000000E+0	2.450000E+2
1.186830E+1	4.300000E+3	4.300000E+0	5.028200E-3	8.551768E+5	1.235483E+6	8.094000E-4	1.000000E+0	9.910000E+37	5.028200E-3	1.970884E+43	1.224364E+44	8.094000E-4	9.910000E+37	5.000000E-1	0.000000E+0	1.000000E-1	8.000000E+0	1.000000E-1	8.000000E+0	1.000000E+0	2.460000E+2
1.191611E+1	4.400000E+3	4.399500E+0	5.169200E-3	8.510988E+5	1.249218E+6	7.997000E-4	9.990000E-1	9.910000E+37	5.169200E-3	1.917125E+43	1.239215E+44	7.997000E-4	9.910000E+37	5.000000E-1	0.000000E+0	1.000000E-1	8.000000E+0	1.000000E-1	8.000000E+0	1.000000E+0	2.470000E+2
1.196372E+1	4.500000E+3	4.500000E+0	5.327500E-3	8.446739E+5	1.227295E+6	8.148000E-4	1.000000E+0	9.910000E+37	5.327500E-3	1.860160E+43	1.216249E+44	8.148000E-4	9.910000E+37	5.000000E-1	0.000000E+0	1.000000E-1	8.000000E+0	1.000000E-1	8.000000E+0	1.000000E+0	2.480000E+2
1.201140E+1	4.600000E+3	4.600500E+0	5.492200E-3	8.376425E+5	1.234437E+6	8.096000E-4	9.994000E-1	9.910000E+37	5.492200E-3	1.804377E+43	1.224061E+44	8.096000E-4	9.910000E+37	5.000000E-1	0.000000E+0	1.000000E-1	8.000000E+0	1.000000E-1	8.000000E+0	1.000000E+0	2.490000E+2
1.205911E+1	4.700000E+3	4.699100E+0	5.638000E-3	8.334693E+5	1.235607E+6	8.094000E-4	1.000100E+0	9.910000E+37	5.638000E-3	1.757716E+43	1.224364E+44	8.094000E-4	9.910000E+37	5.000000E-1	0.000000E+0	1.000000E-1	8.000000E+0	1.000000E-1	8.000000E+0	1.000000E+0	2.500000E+2
1.210679E+1	4.800000E+3	4.800200E+0	5.796900E-3	8.280633E+5	1.239519E+6	8.062000E-4	9.993000E-1	9.910000E+37	5.796900E-3	1.709534E+43	1.229224E+44	8.062000E-4	9.910000E+37	5.000000E-1	0.000000E+0	1.000000E-1	8.000000E+0	1.000000E-1	8.000000E+0	1.000000E+0	2.510000E+2
1.215450E+1	4.900000E+3	4.900900E+0	5.961200E-3	8.221331E+5	1.229824E+6	8.141000E-4	1.001200E+0	9.910000E+37	5.961200E-3	1.662417E+43	1.217295E+44	8.141000E-4	9.910000E+37	5.000000E-1	0.000000E+0	1.000000E-1	8.000000E+0	1.000000E-1	8.000000E+0	1.000000E+0	2.520000E+2
1.220260E+1	5.000000E+3	4.999700E+0	6.096900E-3	8.200397E+5	1.236094E+6	8.090000E-4	1.000000E+0	9.910000E+37	6.096900E-3	1.625416E+43	1.224969E+44	8.090000E-4	9.910000E+37	5.000000E-1	0.000000E+0	1.000000E-1	8.000000E+0	1.000000E-1	8.000000E+0	1.000000E+0	2.530000E+2
1.225045E+1	5.000000E+3	4.998700E+0	6.114400E-3	8.175291E+5	1.226420E+6	8.153000E-4	9.999000E-1	9.910000E+37	6.114400E-3	1.620764E+43	1.215503E+44	8.153000E-4	9.910000E+37	5.000000E-1	0.000000E+0	1.000000E-1	8.000000E+0	1.000000E-1	8.000000E+0	1.000000E+0	2.540000E+2
1.229809E+1	5.000000E+3	4.999600E+0	6.109400E-3	8.183455E+5	1.218149E+6	8.210000E-4	1.000100E+0	9.910000E+37	6.109400E-3	1.622091E+43	1.207065E+44	8.210000E-4	9.910000E+37	5.000000E-1	0.000000E+0	1.000000E-1	8.000000E+0	1.000000E-1	8.000000E+0	1.000000E+0	2.550000E+2
1.234581E+1	5.000000E+3	5.000200E+0	6.122600E-3	8.166792E+5	1.224070E+6	8.176000E-4	1.000800E+0	9.910000E+37	6.122600E-3	1.618593E+43	1.212084E+44	8.176000E-4	9.910000E+37	5.000000E-1	0.000000E+0	1.000000E-1	8.000000E+0	1.000000E-1	8.000000E+0	1.000000E+0	2.560000E+2
1.239351E+1	5.000000E+3	4.999400E+0	6.117000E-3	8.172961E+5	1.221734E+6	8.190000E-4	1.000600E+0	9.910000E+37	6.117000E-3	1.620075E+43	1.210012E+44	8.190000E-4	9.910000E+37	5.000000E-1	0.000000E+0	1.000000E-1	8.000000E+0	1.000000E-1	8.000000E+0	1.000000E+0	2.570000E+2
1.244126E+1	5.000000E+3	5.001600E+0	6.127700E-3	8.162279E+5	1.228765E+6	8.135000E-4	9.996000E-1	9.910000E+37	6.127700E-3	1.617246E+43	1.218193E+44	8.135000E-4	9.910000E+37	5.000000E-1	0.000000E+0	1.000000E-1	8.000000E+0	1.000000E-1	8.000000E+0	1.000000E+0	2.580000E+2
1.248898E+1	5.000000E+3	4.999000E+0	6.103700E-3	8.190114E+5	1.229682E+6	8.133000E-4	1.000100E+0	9.910000E+37	6.103700E-3	1.623605E+43	1.218493E+44	8.133000E-4	9.910000E+37	5.000000E-1	0.000000E+0	1.000000E-1	8.000000E+0	1.000000E-1	8.000000E+0	1.000000E+0	2.590000E+2
1.253673E+1	5.000000E+3	5.001000E+0	6.119300E-3	8.172503E+5	1.240199E+6	8.060000E-4	9.996000E-1	9.910000E+37	6.119300E-3	1.619466E+43	1.229529E+44	8.060000E-4	9.910000E+37	5.000000E-1	0.000000E+0	1.000000E-1	8.000000E+0	1.000000E-1	8.000000E+0	1.000000E+0	2.600000E+2
1.258450E+1	5.000000E+3	5.000800E+0	6.116900E-3	8.175383E+5	1.225312E+6	8.162000E-4	1.000100E+0	9.910000E+37	6.116900E-3	1.620102E+43	1.214163E+44	8.162000E-4	9.910000E+37	5.000000E-1	0.000000E+0	1.000000E-1	8.000000E+0	1.000000E-1	8.000000E+0	1.000000E+0	2.610000E+2
1.263242E+1	5.000000E+3	4.999600E+0	6.108000E-3	8.185331E+5	1.225012E+6	8.164000E-4	1.000100E+0	9.910000E+37	6.108000E-3	1.622462E+43	1.213866E+44	8.164000E-4	9.910000E+37	5.000000E-1	0.000000E+0	1.000000E-1	8.000000E+0	1.000000E-1	8.000000E+0	1.000000E+0	2.620000E+2
1.268008E+1	5.000000E+3	4.999600E+0	6.124800E-3	8.162879E+5	1.240550E+6	8.069000E-4	1.001000E+0	9.910000E+37	6.124800E-3	1.618012E+43	1.228157E+44	8.069000E-4	9.910000E+37	5.000000E-1	0.000000E+0	1.000000E-1	8.000000E+0	1.000000E-1	8.000000E+0	1.000000E+0	2.630000E+2
1.272776E+1	5.000000E+3	4.999500E+0	6.119300E-3	8.170052E+5	1.216022E+6	8.226000E-4	1.000300E+0	9.910000E+37	6.119300E-3	1.619466E+43	1.204717E+44	8.226000E-4	9.910000E+37	5.000000E-1	0.000000E+0	1.000000E-1	8.000000E+0	1.000000E-1	8.000000E+0	1.000000E+0	2.640000E+2
1.277540E+1	5.000000E+3	5.000300E+0	6.123200E-3	8.166155E+5	1.235527E+6	8.084000E-4	9.988000E-1	9.910000E+37	6.123200E-3	1.618435E+43	1.225878E+44	8.084000E-4	9.910000E+37	5.000000E-1	0.000000E+0	1.000000E-1	8.000000E+0	1.000000E-1	8.000000E+0	1.000000E+0	2.650000E+2
1.282310E+1	5.000000E+3	4.999700E+0	6.118600E-3	8.171314E+5	1.234967E+6	8.099000E-4	1.000200E+0	9.910000E+37	6.118600E-3	1.619652E+43	1.223608E+44	8.099000E-4	9.910000E+37	5.000000E-1	0.000000E+0	1.000000E-1	8.000000E+0	1.000000E-1	8.000000E+0	1.000000E+0	2.660000E+2
1.287079E+1	5.000000E+3	4.999000E+0	6.119300E-3	8.169235E+5	1.223527E+6	8.178000E-4	1.000600E+0	9.910000E+37	6.119300E-3	1.619466E+43	1.211788E+44	8.178000E-4	9.910000E+37	5.000000E-1	0.000000E+0	1.000000E-1	8.000000E+0	1.000000E-1	8.000000E+0	1.000000E+0	2.670000E+2
1.291867E+1	5.000000E+3	4.999700E+0	6.129200E-3	8.157182E+5	1.221666E+6	8.188000E-4	1.000300E+0	9.910000E+37	6.129200E-3	1.616850E+43	1.210308E+44	8.188000E-4	9.910000E+37	5.000000E-1	0.000000E+0	1.000000E-1	8.000000E+0	1.000000E-1	8.000000E+0	1.000000E+0	2.680000E+2
1.296661E+1	4.900000E+3	4.901100E+0	5.977100E-3	8.199796E+5	1.214884E+6	8.237000E-4	1.000700E+0	9.910000E+37	5.977100E-3	1.657995E+43	1.203108E+44	8.237000E-4	9.910000E+37	5.000000E-1	0.000000E+0	1.000000E-1	8.000000E+0	1.000000E-1	8.000000E+0	1.000000E+0	2.690000E+2
1.301436E+1	4.800000E+3	4.800100E+0	5.812900E-3	8.257668E+5	1.216608E+6	8.213000E-4	9.992000E-1	9.910000E+37	5.812900E-3	1.704829E+43	1.206624E+44	8.213000E-4	9.910000E+37	5.000000E-1	0.000000E+0	1.000000E-1	8.000000E+0	1.000000E-1	8.000000E+0	1.000000E+0	2.700000E+2
1.306208E+1	4.700000E+3	4.700100E+0	5.645100E-3	8.325982E+5	1.215631E+6	8.227000E-4	1.000100E+0	9.910000E+37	5.645100E-3	1.755505E+43	1.204570E+44	8.227000E-4	9.910000E+37	5.000000E-1	0.000000E+0	1.000000E-1	8.000000E+0	1.000000E-1	8.000000E+0	1.000000E+0	2.710000E+2
1.310973E+1	4.600000E+3	4.600600E+0	5.496900E-3	8.369445E+5	1.224835E+6	8.166000E-4	1.000200E+0	9.910000E+37	5.496900E-3	1.802834E+43	1.213568E+44	8.166000E-4	9.910000E+37	5.000000E-1	0.000000E+0	1.000000E-1	8.000000E+0	1.000000E-1	8.000000E+0	1.000000E+0	2.720000E+2
1.315729E+1	4.500000E+3	4.499700E+0	5.342800E-3	8.421988E+5	1.225985E+6	8.151000E-4	9.993000E-1	9.910000E+37	5.342800E-3	1.854833E+43	1.215802E+44	8.151000E-4	9.910000E+37	5.000000E-1	0.000000E+0	1.000000E-1	8.000000E+0	1.000000E-1	8.000000E+0	1.000000E+0	2.730000E+2
1.320506E+1	4.400000E+3	4.399700E+0	5.195000E-3	8.469105E+5	1.220351E+6	8.196000E-4	1.000200E+0	9.910000E+37	5.195000E-3	1.907603E+43	1.209126E+44	8.196000E-4	9.910000E+37	5.000000E-1	0.000000E+0	1.000000E-1	8.000000E+0	1.000000E-1	8.000000E+0	1.000000E+0	2.740000E+2
1.325309E+1	4.300000E+3	4.299900E+0	5.038800E-3	8.533579E+5	1.227909E+6	8.148000E-4	1.000500E+0	9.910000E+37	5.038800E-3	1.966738E+43	1.216249E+44	8.148000E-4	9.910000E+37	5.000000E-1	0.000000E+0	1.000000E-1	8.000000E+0	1.000000E-1	8.000000E+0	1.000000E+0	2.750000E+2
1.330078E+1	4.200000E+3	4.199900E+0	4.884100E-3	8.599128E+5	1.225028E+6	8.159000E-4	9.995000E-1	9.910000E+37	4.884100E-3	2.029033E+43	1.214610E+44	8.159000E-4	9.910000E+37	5.000000E-1	0.000000E+0	1.000000E-1	8.000000E+0	1.000000E-1	8.000000E+0	1.000000E+0	2.760000E+2
1.334855E+1	4.100000E+3	4.099600E+0	4.728000E-3	8.670897E+5	1.206273E+6	8.290000E-4	1.000000E+0	9.910000E+37	4.728000E-3	2.096024E+43	1.195416E+44	8.290000E-4	9.910000E+37	5.000000E-1	0.000000E+0	1.000000E-1	8.000000E+0	1.000000E-1	8.000000E+0	1.000000E+0	2.770000E+2
1.339647E+1	4.000000E+3	4.000100E+0	4.584800E-3	8.724699E+5	1.215284E+6	8.231000E-4	1.000300E+0	9.910000E+37	4.584800E-3	2.161490E+43	1.203985E+44	8.231000E-4	9.910000E+37	5.000000E-1	0.000000E+0	1.000000E-1	8.000000E+0	1.000000E-1	8.000000E+0	1.000000E+0	2.780000E+2
1.344425E+1	3.900000E+3	3.900900E+0	4.452600E-3	8.760949E+5	1.208968E+6	8.274000E-4	1.000300E+0	9.910000E+37	4.452600E-3	2.225666E+43	1.197728E+44	8.274000E-4	9.910000E+37	5.000000E-1	0.000000E+0	1.000000E-1	8.000000E+0	1.000000E-1	8.000000E+0	1.000000E+0	2.790000E+2
1.349194E+1	3.800000E+3	3.799100E+0	4.291800E-3	8.851997E+5	1.204841E+6	8.304000E-4	1.000500E+0	9.910000E+37	4.291800E-3	2.309054E+43	1.193401E+44	8.304000E-4	9.910000E+37	5.000000E-1	0.000000E+0	1.000000E-1	8.000000E+0	1.000000E-1	8.000000E+0	1.000000E+0	2.800000E+2
1.353966E+1	3.700000E+3	3.700600E+0	4.158800E-3	8.898240E+5	1.203875E+6	8.309000E-4	1.000300E+0	9.910000E+37	4.158800E-3	2.382899E+43	1.192683E+44	8.309000E-4	9.910000E+37	5.000000E-1	0.000000E+0	1.000000E-1	8.000000E+0	1.000000E-1	8.000000E+0	1.000000E+0	2.810000E+2
1.358811E+1	3.600000E+3	3.600700E+0	4.002500E-3	8.996127E+5	1.209947E+6	8.264000E-4	9.999000E-1	9.910000E+37	4.002500E-3	2.475953E+43	1.199177E+44	8.264000E-4	9.910000E+37	5.000000E-1	0.000000E+0	1.000000E-1	8.000000E+0	1.000000E-1	8.000000E+0	1.000000E+0	2.820000E+2
1.363580E+1	3.500000E+3	3.500100E+0	3.865300E-3	9.055183E+5	1.214546E+6	8.236000E-4	1.000300E+0	9.910000E+37	3.865300E-3	2.563837E+43	1.203254E+44	8.236000E-4	9.910000E+37	5.000000E-1	0.000000E+0	1.000000E-1	8.000000E+0	1.000000E-1	8.000000E+0	1.000000E+0	2.830000E+2
1.368363E+1	3.400000E+3	3.399900E+0	3.710800E-3	9.162175E+5	1.212761E+6	8.244000E-4	9.998000E-1	9.910000E+37	3.710800E-3	2.670583E+43	1.202086E+44	8.244000E-4	9.910000E+37	5.000000E-1	0.000000E+0	1.000000E-1	8.000000E+0	1.000000E-1	8.000000E+0	1.000000E+0	2.840000E+2
1.373132E+1	3.300000E+3	3.299700E+0	3.564800E-3	9.256340E+5	1.211431E+6	8.258000E-4	1.000400E+0	9.910000E+37	3.564800E-3	2.779960E+43	1.200048E+44	8.258000E-4	9.910000E+37	5.000000E-1	0.000000E+0	1.000000E-1	8.000000E+0	1.000000E-1	8.000000E+0	1.000000E+0	2.850000E+2
1.377902E+1	3.200000E+3	3.199300E+0	3.427100E-3	9.335298E+5	1.222372E+6	8.180000E-4	9.999000E-1	9.910000E+37	3.427100E-3	2.891658E+43	1.211491E+44	8.180000E-4	9.910000E+37	5.000000E-1	0.000000E+0	1.000000E-1	8.000000E+0	1.000000E-1	8.000000E+0	1.000000E+0	2.860000E+2
1.382681E+1	3.100000E+3	3.099000E+0	3.301300E-3	9.387211E+5	1.209578E+6	8.269000E-4	1.000200E+0	9.910000E+37	3.301300E-3	3.001848E+43	1.198452E+44	8.269000E-4	9.910000E+37	5.000000E-1	0.000000E+0	1.000000E-1	8.000000E+0	1.000000E-1	8.000000E+0	1.000000E+0	2.870000E+2
1.387468E+1	3.000000E+3	3.000700E+0	3.152800E-3	9.517572E+5	1.217042E+6	8.215000E-4	9.998000E-1	9.910000E+37	3.152800E-3	3.143238E+43	1.206330E+44	8.215000E-4	9.910000E+37	5.000000E-1	0.000000E+0	1.000000E-1	8.000000E+0	1.000000E-1	8.000000E+0	1.000000E+0	2.880000E+2
1.392246E+1	2.900000E+3	2.900100E+0	3.028100E-3	9.577293E+5	1.205323E+6	8.304000E-4	1.000900E+0	9.910000E+37	3.028100E-3	3.272679E+43	1.193401E+44	8.304000E-4	9.910000E+37	5.000000E-1	0.000000E+0	1.000000E-1	8.000000E+0	1.000000E-1	8.000000E+0	1.000000E+0	2.890000E+2
1.397020E+1	2.800000E+3	2.800300E+0	2.885900E-3	9.703385E+5	1.201489E+6	8.328000E-4	1.000600E+0	9.910000E+37	2.885900E-3	3.433937E+43	1.189962E+44	8.328000E-4	9.910000E+37	5.000000E-1	0.000000E+0	1.000000E-1	8.000000E+0	1.000000E-1	8.000000E+0	1.000000E+0	2.900000E+2
1.401774E+1	2.700000E+3	2.699700E+0	2.747300E-3	9.826739E+5	1.214772E+6	8.232000E-4	1.000000E+0	9.910000E+37	2.747300E-3	3.607178E+43	1.203839E+44	8.232000E-4	9.910000E+37	5.000000E-1	0.000000E+0	1.000000E-1	8.000000E+0	1.000000E-1	8.000000E+0	1.000000E+0	2.910000E+2
1.406544E+1	2.600000E+3	2.599600E+0	2.622800E-3	9.911545E+5	1.220310E+6	8.193000E-4	9.998000E-1	9.910000E+37	2.622800E-3	3.778405E+43	1.209569E+44	8.193000E-4	9.910000E+37	5.000000E-1	0.000000E+0	1.000000E-1	8.000000E+0	1.000000E-1	8.000000E+0	1.000000E+0	2.920000E+2
1.411311E+1	2.500000E+3	2.500200E+0	2.485900E-3	1.005752E+6	1.229728E+6	8.127000E-4	9.994000E-1	9.910000E+37	2.485900E-3	3.986484E+43	1.219392E+44	8.127000E-4	9.910000E+37	5.000000E-1	0.000000E+0	1.000000E-1	8.000000E+0	1.000000E-1	8.000000E+0	1.000000E+0	2.930000E+2
1.416081E+1	2.400000E+3	2.400500E+0	2.356700E-3	1.018585E+6	1.220866E+6	8.195000E-4	1.000500E+0	9.910000E+37	2.356700E-3	4.205032E+43	1.209274E+44	8.195000E-4	9.910000E+37	5.000000E-1	0.000000E+0	1.000000E-1	8.000000E+0	1.000000E-1	8.000000E+0	1.000000E+0	2.940000E+2
1.420866E+1	2.300000E+3	2.300100E+0	2.238300E-3	1.027610E+6	1.202980E+6	8.321000E-4	1.001000E+0	9.910000E+37	2.238300E-3	4.427467E+43	1.190963E+44	8.321000E-4	9.910000E+37	5.000000E-1	0.000000E+0	1.000000E-1	8.000000E+0	1.000000E-1	8.000000E+0	1.000000E+0	2.950000E+2
1.425642E+1	2.200000E+3	2.200400E+0	2.115500E-3	1.040132E+6	1.214555E+6	8.231000E-4	9.997000E-1	9.910000E+37	2.115500E-3	4.684472E+43	1.203985E+44	8.231000E-4	9.910000E+37	5.000000E-1	0.000000E+0	1.000000E-1	8.000000E+0	1.000000E-1	8.000000E+0	1.000000E+0	2.960000E+2
1.430407E+1	2.100000E+3	2.100700E+0	1.996700E-3	1.052086E+6	1.219310E+6	8.203000E-4	1.000200E+0	9.910000E+37	1.996700E-3	4.963189E+43	1.208095E+44	8.203000E-4	9.910000E+37	5.000000E-1	0.000000E+0	1.000000E-1	8.000000E+0	1.000000E-1	8.000000E+0	1.000000E+0	2.970000E+2
1.435192E+1	2.000000E+3	1.999300E+0	1.871700E-3	1.068173E+6	1.209381E+6	8.272000E-4	1.000400E+0	9.910000E+37	1.871700E-3	5.294652E+43	1.198017E+44	8.272000E-4	9.910000E+37	5.000000E-1	0.000000E+0	1.000000E-1	8.000000E+0	1.000000E-1	8.000000E+0	1.000000E+0	2.980000E+2
1.439972E+1	1.900000E+3	1.899400E+0	1.757400E-3	1.080801E+6	1.216571E+6	8.219000E-4	9.999000E-1	9.910000E+37	1.757400E-3	5.639012E+43	1.205743E+44	8.219000E-4	9.910000E+37	5.000000E-1	0.000000E+0	1.000000E-1	8.000000E+0	1.000000E-1	8.000000E+0	1.000000E+0	2.990000E+2
1.444738E+1	1.800000E+3	1.801200E+0	1.652300E-3	1.090117E+6	1.221692E+6	8.178000E-4	9.991000E-1	9.910000E+37	1.652300E-3	5.997700E+43	1.211788E+44	8.178000E-4	9.910000E+37	5.000000E-1	0.000000E+0	1.000000E-1	8.000000E+0	1.000000E-1	8.000000E+0	1.000000E+0	3.000000E+2
1.449515E+1	1.700000E+3	1.700100E+0	1.521000E-3	1.117751E+6	1.207267E+6	8.284000E-4	1.000100E+0	9.910000E+37	1.521000E-3	6.515450E+43	1.196282E+44	8.284000E-4	9.910000E+37	5.000000E-1	0.000000E+0	1.000000E-1	8.000000E+0	1.000000E-1	8.000000E+0	1.000000E+0	3.010000E+2
1.454285E+1	1.600000E+3	1.599600E+0	1.405300E-3	1.138262E+6	1.206464E+6	8.292000E-4	1.000400E+0	9.910000E+37	1.405300E-3	7.051875E+43	1.195128E+44	8.292000E-4	9.910000E+37	5.000000E-1	0.000000E+0	1.000000E-1	8.000000E+0	1.000000E-1	8.000000E+0	1.000000E+0	3.020000E+2
1.459065E+1	1.500000E+3	1.500400E+0	1.318000E-3	1.138392E+6	1.205091E+6	8.289000E-4	9.989000E-1	9.910000E+37	1.318000E-3	7.518968E+43	1.195560E+44	8.289000E-4	9.910000E+37	5.000000E-1	0.000000E+0	1.000000E-1	8.000000E+0	1.000000E-1	8.000000E+0	1.000000E+0	3.030000E+2
1.463829E+1	1.400000E+3	1.399500E+0	1.212600E-3	1.154132E+6	1.195244E+6	8.369000E-4	1.000300E+0	9.910000E+37	1.212600E-3	8.172522E+43	1.184132E+44	8.369000E-4	9.910000E+37	5.000000E-1	0.000000E+0	1.000000E-1	8.000000E+0	1.000000E-1	8.000000E+0	1.000000E+0	3.040000E+2
1.468619E+1	1.300000E+3	1.300600E+0	1.114600E-3	1.166876E+6	1.226832E+6	8.147000E-4	9.995000E-1	9.910000E+37	1.114600E-3	8.891082E+43	1.216399E+44	8.147000E-4	9.910000E+37	5.000000E-1	0.000000E+0	1.000000E-1	8.000000E+0	1.000000E-1	8.000000E+0	1.000000E+0	3.050000E+2
1.473396E+1	1.200000E+3	1.200000E+0	1.021700E-3	1.174513E+6	1.216371E+6	8.222000E-4	1.000100E+0	9.910000E+37	1.021700E-3	9.699520E+43	1.205303E+44	8.222000E-4	9.910000E+37	5.000000E-1	0.000000E+0	1.000000E-1	8.000000E+0	1.000000E-1	8.000000E+0	1.000000E+0	3.060000E+2
1.478165E+1	1.100000E+3	1.099600E+0	9.288000E-4	1.183893E+6	1.220812E+6	8.197000E-4	1.000700E+0	9.910000E+37	9.288000E-4	1.066968E+44	1.208979E+44	8.197000E-4	9.910000E+37	5.000000E-1	0.000000E+0	1.000000E-1	8.000000E+0	1.000000E-1	8.000000E+0	1.000000E+0	3.070000E+2
1.482931E+1	1.000000E+3	1.000500E+0	8.282000E-4	1.208042E+6	1.202140E+6	8.316000E-4	9.997000E-1	9.910000E+37	8.282000E-4	1.196571E+44	1.191679E+44	8.316000E-4	9.910000E+37	5.000000E-1	0.000000E+0	1.000000E-1	8.000000E+0	1.000000E-1	8.000000E+0	1.000000E+0	3.080000E+2
1.487703E+1	9.000000E+2	8.994000E-1	7.372000E-4	1.220022E+6	1.189491E+6	8.412000E-4	1.000600E+0	9.910000E+37	7.372000E-4	1.344276E+44	1.178079E+44	8.412000E-4	9.910000E+37	5.000000E-1	0.000000E+0	1.000000E-1	8.000000E+0	1.000000E-1	8.000000E+0	1.000000E+0	3.090000E+2
1.492467E+1	8.000000E+2	7.997000E-1	6.474000E-4	1.235249E+6	1.192909E+6	8.377000E-4	9.993000E-1	9.910000E+37	6.474000E-4	1.530738E+44	1.183001E+44	8.377000E-4	9.910000E+37	5.000000E-1	0.000000E+0	1.000000E-1	8.000000E+0	1.000000E-1	8.000000E+0	1.000000E+0	3.100000E+2
1.497232E+1	7.000000E+2	7.014000E-1	5.715000E-4	1.227297E+6	1.201491E+6	8.318000E-4	9.994000E-1	9.910000E+37	5.715000E-4	1.734033E+44	1.191392E+44	8.318000E-4	9.910000E+37	5.000000E-1	0.000000E+0	1.000000E-1	8.000000E+0	1.000000E-1	8.000000E+0	1.000000E+0	3.110000E+2
1.502004E+1	6.000000E+2	6.003000E-1	4.810000E-4	1.248025E+6	1.187329E+6	8.429000E-4	1.000800E+0	9.910000E+37	4.810000E-4	2.060291E+44	1.175703E+44	8.429000E-4	9.910000E+37	5.000000E-1	0.000000E+0	1.000000E-1	8.000000E+0	1.000000E-1	8.000000E+0	1.000000E+0	3.120000E+2
1.506785E+1	5.000000E+2	5.002000E-1	4.019000E-4	1.244588E+6	1.193364E+6	8.378000E-4	9.998000E-1	9.910000E+37	4.019000E-4	2.465788E+44	1.182860E+44	8.378000E-4	9.910000E+37	5.000000E-1	0.000000E+0	1.000000E-1	8.000000E+0	1.000000E-1	8.000000E+0	1.000000E+0	3.130000E+2
1.511558E+1	4.000000E+2	3.999000E-1	3.083000E-4	1.297113E+6	1.206938E+6	8.273000E-4	9.985000E-1	9.910000E+37	3.083000E-4	3.214402E+44	1.197873E+44	8.273000E-4	9.910000E+37	5.000000E-1	0.000000E+0	1.000000E-1	8.000000E+0	1.000000E-1	8.000000E+0	1.000000E+0	3.140000E+2
1.516327E+1	3.000000E+2	3.002000E-1	2.221000E-4	1.351643E+6	1.213220E+6	8.245000E-4	1.000300E+0	9.910000E+37	2.221000E-4	4.461954E+44	1.201941E+44	8.245000E-4	9.910000E+37	5.000000E-1	0.000000E+0	1.000000E-1	8.000000E+0	1.000000E-1	8.000000E+0	1.000000E+0	3.150000E+2
1.521130E+1	2.000000E+2	1.996000E-1	1.486000E-4	1.343203E+6	1.200985E+6	8.329000E-4	1.000300E+0	9.910000E+37	1.486000E-4	6.668910E+44	1.189819E+44	8.329000E-4	9.910000E+37	5.000000E-1	0.000000E+0	1.000000E-1	8.000000E+0	1.000000E-1	8.000000E+0	1.000000E+0	3.160000E+2
1.525904E+1	1.000000E+2	9.990000E-2	6.180000E-5	1.616505E+6	1.205932E+6	8.294000E-4	1.000200E+0	9.910000E+37	6.180000E-5	1.603560E+45	1.194840E+44	8.294000E-4	9.910000E+37	5.000000E-1	0.000000E+0	1.000000E-1	8.000000E+0	1.000000E-1	8.000000E+0	1.000000E+0	3.170000E+2
1.530671E+1	0.000000E+0	-9.000000E-4	-1.600000E-5	5.625000E+4	1.185405E+6	8.441000E-4	1.000600E+0	9.910000E+37	-1.600000E-5	-6.193750E+45	1.174032E+44	8.441000E-4	9.910000E+37	5.000000E-1	0.000000E+0	1.000000E-1	8.000000E+0	1.000000E-1	8.000000E+0	1.000000E+0	3.180000E+2
1.535448E+1	0.000000E+0	4.000000E-4	-7.000000E-6	-5.714286E+4	1.177169E+6	8.506000E-4	1.001300E+0	9.910000E+37	-7.000000E-6	-1.415714E+46	1.165060E+44	8.506000E-4	9.910000E+37	5.000000E-1	0.000000E+0	1.000000E-1	8.000000E+0	1.000000E-1	8.000000E+0	1.000000E+0	3.190000E+2
1.540213E+1	1.000000E+2	1.010000E-1	7.780000E-5	1.298201E+6	1.178487E+6	8.488000E-4	1.000300E+0	9.910000E+37	7.780000E-5	1.273779E+45	1.167531E+44	8.488000E-4	9.910000E+37	5.000000E-1	0.000000E+0	1.000000E-1	8.000000E+0	1.000000E-1	8.000000E+0	1.000000E+0	3.200000E+2
1.544985E+1	2.000000E+2	1.989000E-1	1.469000E-4	1.353982E+6	1.200769E+6	8.318000E-4	9.988000E-1	9.910000E+37	1.469000E-4	6.746086E+44	1.191392E+44	8.318000E-4	9.910000E+37	5.000000E-1	0.000000E+0	1.000000E-1	8.000000E+0	1.000000E-1	8.000000E+0	1.000000E+0	3.210000E+2
1.549755E+1	3.000000E+2	2.989000E-1	2.281000E-4	1.310390E+6	1.198465E+6	8.339000E-4	9.994000E-1	9.910000E+37	2.281000E-4	4.344586E+44	1.188392E+44	8.339000E-4	9.910000E+37	5.000000E-1	0.000000E+0	1.000000E-1	8.000000E+0	1.000000E-1	8.000000E+0	1.000000E+0	3.220000E+2
1.554544E+1	4.000000E+2	4.001000E-1	3.155000E-4	1.268146E+6	1.180047E+6	8.470000E-4	9.995000E-1	9.910000E+37	3.155000E-4	3.141046E+44	1.170012E+44	8.470000E-4	9.910000E+37	5.000000E-1	0.000000E+0	1.000000E-1	8.000000E+0	1.000000E-1	8.000000E+0	1.000000E+0	3.230000E+2
1.559303E+1	5.000000E+2	4.994000E-1	3.895000E-4	1.282157E+6	1.205957E+6	8.293000E-4	1.000100E+0	9.910000E+37	3.895000E-4	2.544288E+44	1.194984E+44	8.293000E-4	9.910000E+37	5.000000E-1	0.000000E+0	1.000000E-1	8.000000E+0	1.000000E-1	8.000000E+0	1.000000E+0	3.240000E+2
1.564063E+1	6.000000E+2	6.004000E-1	4.737000E-4	1.267469E+6	1.211107E+6	8.247000E-4	9.988000E-1	9.910000E+37	4.737000E-4	2.092041E+44	1.201649E+44	8.247000E-4	9.910000E+37	5.000000E-1	0.000000E+0	1.000000E-1	8.000000E+0	1.000000E-1	8.000000E+0	1.000000E+0	3.250000E+2
1.568831E+1	7.000000E+2	7.003000E-1	5.641000E-4	1.241447E+6	1.205304E+6	8.295000E-4	9.998000E-1	9.910000E+37	5.641000E-4	1.756781E+44	1.194696E+44	8.295000E-4	9.910000E+37	5.000000E-1	0.000000E+0	1.000000E-1	8.000000E+0	1.000000E-1	8.000000E+0	1.000000E+0	3.260000E+2
1.573617E+1	8.000000E+2	7.995000E-1	6.541000E-4	1.222290E+6	1.200456E+6	8.336000E-4	1.000700E+0	9.910000E+37	6.541000E-4	1.515059E+44	1.188820E+44	8.336000E-4	9.910000E+37	5.000000E-1	0.000000E+0	1.000000E-1	8.000000E+0	1.000000E-1	8.000000E+0	1.000000E+0	3.270000E+2
1.578392E+1	9.000000E+2	8.999000E-1	7.395000E-4	1.216903E+6	1.213202E+6	8.241000E-4	9.998000E-1	9.910000E+37	7.395000E-4	1.340095E+44	1.202524E+44	8.241000E-4	9.910000E+37	5.000000E-1	0.000000E+0	1.000000E-1	8.000000E+0	1.000000E-1	8.000000E+0	1.000000E+0	3.280000E+2
1.583177E+1	1.000000E+3	9.999000E-1	8.407000E-4	1.189366E+6	1.200192E+6	8.332000E-4	1.000000E+0	9.910000E+37	8.407000E-4	1.178780E+44	1.189390E+44	8.332000E-4	9.910000E+37	5.000000E-1	0.000000E+0	1.000000E-1	8.000000E+0	1.000000E-1	8.000000E+0	1.000000E+0	3.290000E+2
1.587947E+1	1.100000E+3	1.099600E+0	9.288000E-4	1.183893E+6	1.194697E+6	8.372000E-4	1.000200E+0	9.910000E+37	9.288000E-4	1.066968E+44	1.183708E+44	8.372000E-4	9.910000E+37	5.000000E-1	0.000000E+0	1.000000E-1	8.000000E+0	1.000000E-1	8.000000E+0	1.000000E+0	3.300000E+2
1.592723E+1	1.200000E+3	1.200000E+0	1.024800E-3	1.170960E+6	1.195291E+6	8.367000E-4	1.000100E+0	9.910000E+37	1.024800E-3	9.670180E+43	1.184415E+44	8.367000E-4	9.910000E+37	5.000000E-1	0.000000E+0	1.000000E-1	8.000000E+0	1.000000E-1	8.000000E+0	1.000000E+0	3.310000E+2
1.597498E+1	1.300000E+3	1.299500E+0	1.110200E-3	1.170510E+6	1.212908E+6	8.243000E-4	9.998000E-1	9.910000E+37	1.110200E-3	8.926320E+43	1.202232E+44	8.243000E-4	9.910000E+37	5.000000E-1	0.000000E+0	1.000000E-1	8.000000E+0	1.000000E-1	8.000000E+0	1.000000E+0	3.320000E+2
1.602278E+1	1.400000E+3	1.400600E+0	1.227600E-3	1.140925E+6	1.204116E+6	8.309000E-4	1.000500E+0	9.910000E+37	1.227600E-3	8.072662E+43	1.192683E+44	8.309000E-4	9.910000E+37	5.000000E-1	0.000000E+0	1.000000E-1	8.000000E+0	1.000000E-1	8.000000E+0	1.000000E+0	3.330000E+2
1.607065E+1	1.500000E+3	1.499300E+0	1.314600E-3	1.140499E+6	1.212993E+6	8.235000E-4	9.989000E-1	9.910000E+37	1.314600E-3	7.538415E+43	1.203400E+44	8.235000E-4	9.910000E+37	5.000000E-1	0.000000E+0	1.000000E-1	8.000000E+0	1.000000E-1	8.000000E+0	1.000000E+0	3.340000E+2
1.611831E+1	1.600000E+3	1.601000E+0	1.426700E-3	1.122170E+6	1.210253E+6	8.271000E-4	1.001000E+0	9.910000E+37	1.426700E-3	6.946099E+43	1.198162E+44	8.271000E-4	9.910000E+37	5.000000E-1	0.000000E+0	1.000000E-1	8.000000E+0	1.000000E-1	8.000000E+0	1.000000E+0	3.350000E+2
1.616612E+1	1.700000E+3	1.700700E+0	1.526300E-3	1.114263E+6	1.194673E+6	8.373000E-4	1.000300E+0	9.910000E+37	1.526300E-3	6.492826E+43	1.183566E+44	8.373000E-4	9.910000E+37	5.000000E-1	0.000000E+0	1.000000E-1	8.000000E+0	1.000000E-1	8.000000E+0	1.000000E+0	3.360000E+2
1.621414E+1	1.800000E+3	1.800900E+0	1.654300E-3	1.088618E+6	1.193368E+6	8.383000E-4	1.000400E+0	9.910000E+37	1.654300E-3	5.990449E+43	1.182154E+44	8.383000E-4	9.910000E+37	5.000000E-1	0.000000E+0	1.000000E-1	8.000000E+0	1.000000E-1	8.000000E+0	1.000000E+0	3.370000E+2
1.626188E+1	1.900000E+3	1.899500E+0	1.763700E-3	1.076997E+6	1.206305E+6	8.279000E-4	9.987000E-1	9.910000E+37	1.763700E-3	5.618869E+43	1.197004E+44	8.279000E-4	9.910000E+37	5.000000E-1	0.000000E+0	1.000000E-1	8.000000E+0	1.000000E-1	8.000000E+0	1.000000E+0	3.380000E+2
1.630960E+1	2.000000E+3	2.001300E+0	1.871700E-3	1.069242E+6	1.217730E+6	8.212000E-4	1.000000E+0	9.910000E+37	1.871700E-3	5.294652E+43	1.206771E+44	8.212000E-4	9.910000E+37	5.000000E-1	0.000000E+0	1.000000E-1	8.000000E+0	1.000000E-1	8.000000E+0	1.000000E+0	3.390000E+2
1.635734E+1	2.100000E+3	2.100100E+0	1.988100E-3	1.056335E+6	1.218445E+6	8.208000E-4	1.000100E+0	9.910000E+37	1.988100E-3	4.984659E+43	1.207359E+44	8.208000E-4	9.910000E+37	5.000000E-1	0.000000E+0	1.000000E-1	8.000000E+0	1.000000E-1	8.000000E+0	1.000000E+0	3.400000E+2
1.640509E+1	2.200000E+3	2.198900E+0	2.113300E-3	1.040505E+6	1.195008E+6	8.374000E-4	1.000700E+0	9.910000E+37	2.113300E-3	4.689348E+43	1.183425E+44	8.374000E-4	9.910000E+37	5.000000E-1	0.000000E+0	1.000000E-1	8.000000E+0	1.000000E-1	8.000000E+0	1.000000E+0	3.410000E+2
1.645274E+1	2.300000E+3	2.299600E+0	2.239700E-3	1.026745E+6	1.202958E+6	8.317000E-4	1.000500E+0	9.910000E+37	2.239700E-3	4.424700E+43	1.191535E+44	8.317000E-4	9.910000E+37	5.000000E-1	0.000000E+0	1.000000E-1	8.000000E+0	1.000000E-1	8.000000E+0	1.000000E+0	3.420000E+2
1.650053E+1	2.400000E+3	2.399900E+0	2.377100E-3	1.009592E+6	1.212856E+6	8.245000E-4	1.000000E+0	9.910000E+37	2.377100E-3	4.168945E+43	1.201941E+44	8.245000E-4	9.910000E+37	5.000000E-1	0.000000E+0	1.000000E-1	8.000000E+0	1.000000E-1	8.000000E+0	1.000000E+0	3.430000E+2
1.654821E+1	2.500000E+3	2.500300E+0	2.503200E-3	9.988415E+5	1.199401E+6	8.350000E-4	1.001500E+0	9.910000E+37	2.503200E-3	3.958933E+43	1.186826E+44	8.350000E-4	9.910000E+37	5.000000E-1	0.000000E+0	1.000000E-1	8.000000E+0	1.000000E-1	8.000000E+0	1.000000E+0	3.440000E+2
1.659652E+1	2.600000E+3	2.600400E+0	2.636900E-3	9.861580E+5	1.214095E+6	8.230000E-4	9.992000E-1	9.910000E+37	2.636900E-3	3.758201E+43	1.204131E+44	8.230000E-4	9.910000E+37	5.000000E-1	0.000000E+0	1.000000E-1	8.000000E+0	1.000000E-1	8.000000E+0	1.000000E+0	3.450000E+2
1.664419E+1	2.700000E+3	2.700500E+0	2.768200E-3	9.755437E+5	1.208484E+6	8.274000E-4	9.999000E-1	9.910000E+37	2.768200E-3	3.579944E+43	1.197728E+44	8.274000E-4	9.910000E+37	5.000000E-1	0.000000E+0	1.000000E-1	8.000000E+0	1.000000E-1	8.000000E+0	1.000000E+0	3.460000E+2
1.669214E+1	2.800000E+3	2.800100E+0	2.899200E-3	9.658182E+5	1.216581E+6	8.214000E-4	9.993000E-1	9.910000E+37	2.899200E-3	3.418184E+43	1.206477E+44	8.214000E-4	9.910000E+37	5.000000E-1	0.000000E+0	1.000000E-1	8.000000E+0	1.000000E-1	8.000000E+0	1.000000E+0	3.470000E+2
1.673999E+1	2.900000E+3	2.899800E+0	3.027700E-3	9.577567E+5	1.224782E+6	8.159000E-4	9.993000E-1	9.910000E+37	3.027700E-3	3.273112E+43	1.214610E+44	8.159000E-4	9.910000E+37	5.000000E-1	0.000000E+0	1.000000E-1	8.000000E+0	1.000000E-1	8.000000E+0	1.000000E+0	3.480000E+2
1.678774E+1	3.000000E+3	3.000300E+0	3.173300E-3	9.454826E+5	1.190958E+6	8.405000E-4	1.001000E+0	9.910000E+37	3.173300E-3	3.122932E+43	1.179060E+44	8.405000E-4	9.910000E+37	5.000000E-1	0.000000E+0	1.000000E-1	8.000000E+0	1.000000E-1	8.000000E+0	1.000000E+0	3.490000E+2
1.683543E+1	3.100000E+3	3.099500E+0	3.300300E-3	9.391570E+5	1.232097E+6	8.113000E-4	9.996000E-1	9.910000E+37	3.300300E-3	3.002757E+43	1.221496E+44	8.113000E-4	9.910000E+37	5.000000E-1	0.000000E+0	1.000000E-1	8.000000E+0	1.000000E-1	8.000000E+0	1.000000E+0	3.500000E+2
1.688307E+1	3.200000E+3	3.200000E+0	3.455000E-3	9.261939E+5	1.221449E+6	8.187000E-4	1.000000E+0	9.910000E+37	3.455000E-3	2.868307E+43	1.210456E+44	8.187000E-4	9.910000E+37	5.000000E-1	0.000000E+0	1.000000E-1	8.000000E+0	1.000000E-1	8.000000E+0	1.000000E+0	3.510000E+2
1.693082E+1	3.300000E+3	3.299100E+0	3.597300E-3	9.171045E+5	1.225929E+6	8.153000E-4	9.995000E-1	9.910000E+37	3.597300E-3	2.754844E+43	1.215503E+44	8.153000E-4	9.910000E+37	5.000000E-1	0.000000E+0	1.000000E-1	8.000000E+0	1.000000E-1	8.000000E+0	1.000000E+0	3.520000E+2
1.697850E+1	3.400000E+3	3.400700E+0	3.735800E-3	9.103003E+5	1.218822E+6	8.203000E-4	9.998000E-1	9.910000E+37	3.735800E-3	2.652712E+43	1.208095E+44	8.203000E-4	9.910000E+37	5.000000E-1	0.000000E+0	1.000000E-1	8.000000E+0	1.000000E-1	8.000000E+0	1.000000E+0	3.530000E+2
1.702626E+1	3.500000E+3	3.499300E+0	3.883900E-3	9.009758E+5	1.201129E+6	8.328000E-4	1.000300E+0	9.910000E+37	3.883900E-3	2.551559E+43	1.189962E+44	8.328000E-4	9.910000E+37	5.000000E-1	0.000000E+0	1.000000E-1	8.000000E+0	1.000000E-1	8.000000E+0	1.000000E+0	3.540000E+2
1.707396E+1	3.600000E+3	3.600300E+0	4.038000E-3	8.916048E+5	1.206460E+6	8.297000E-4	1.001000E+0	9.910000E+37	4.038000E-3	2.454185E+43	1.194408E+44	8.297000E-4	9.910000E+37	5.000000E-1	0.000000E+0	1.000000E-1	8.000000E+0	1.000000E-1	8.000000E+0	1.000000E+0	3.550000E+2
1.712173E+1	3.700000E+3	3.700100E+0	4.177000E-3	8.858271E+5	1.205159E+6	8.296000E-4	9.998000E-1	9.910000E+37	4.177000E-3	2.372516E+43	1.194552E+44	8.296000E-4	9.910000E+37	5.000000E-1	0.000000E+0	1.000000E-1	8.000000E+0	1.000000E-1	8.000000E+0	1.000000E+0	3.560000E+2
1.716940E+1	3.800000E+3	3.800800E+0	4.330100E-3	8.777626E+5	1.218929E+6	8.199000E-4	9.994000E-1	9.910000E+37	4.330100E-3	2.288631E+43	1.208684E+44	8.199000E-4	9.910000E+37	5.000000E-1	0.000000E+0	1.000000E-1	8.000000E+0	1.000000E-1	8.000000E+0	1.000000E+0	3.570000E+2
1.721713E+1	3.900000E+3	3.899000E+0	4.460200E-3	8.741760E+5	1.211872E+6	8.255000E-4	1.000400E+0	9.910000E+37	4.460200E-3	2.221873E+43	1.200485E+44	8.255000E-4	9.910000E+37	5.000000E-1	0.000000E+0	1.000000E-1	8.000000E+0	1.000000E-1	8.000000E+0	1.000000E+0	3.580000E+2
1.726495E+1	4.000000E+3	3.999900E+0	4.626700E-3	8.645255E+5	1.218594E+6	8.207000E-4	1.000100E+0	9.910000E+37	4.626700E-3	2.141915E+43	1.207506E+44	8.207000E-4	9.910000E+37	5.000000E-1	0.000000E+0	1.000000E-1	8.000000E+0	1.000000E-1	8.000000E+0	1.000000E+0	3.590000E+2
1.731259E+1	4.100000E+3	4.099900E+0	4.772200E-3	8.591216E+5	1.197606E+6	8.355000E-4	1.000600E+0	9.910000E+37	4.772200E-3	2.076610E+43	1.186116E+44	8.355000E-4	9.910000E+37	5.000000E-1	0.000000E+0	1.000000E-1	8.000000E+0	1.000000E-1	8.000000E+0	1.000000E+0	3.600000E+2
1.736033E+1	4.200000E+3	4.200600E+0	4.924400E-3	8.530176E+5	1.199040E+6	8.335000E-4	9.994000E-1	9.910000E+37	4.924400E-3	2.012428E+43	1.188962E+44	8.335000E-4	9.910000E+37	5.000000E-1	0.000000E+0	1.000000E-1	8.000000E+0	1.000000E-1	8.000000E+0	1.000000E+0	3.610000E+2
1.740818E+1	4.300000E+3	4.300900E+0	5.073100E-3	8.477854E+5	1.226293E+6	8.162000E-4	1.000900E+0	9.910000E+37	5.073100E-3	1.953441E+43	1.214163E+44	8.162000E-4	9.910000E+37	5.000000E-1	0.000000E+0	1.000000E-1	8.000000E+0	1.000000E-1	8.000000E+0	1.000000E+0	3.620000E+2
1.745595E+1	4.400000E+3	4.400100E+0	5.226600E-3	8.418666E+5	1.216433E+6	8.215000E-4	9.993000E-1	9.910000E+37	5.226600E-3	1.896070E+43	1.206330E+44	8.215000E-4	9.910000E+37	5.000000E-1	0.000000E+0	1.000000E-1	8.000000E+0	1.000000E-1	8.000000E+0	1.000000E+0	3.630000E+2
1.750370E+1	4.500000E+3	4.499700E+0	5.392000E-3	8.345141E+5	1.204042E+6	8.312000E-4	1.000800E+0	9.910000E+37	5.392000E-3	1.837908E+43	1.192252E+44	8.312000E-4	9.910000E+37	5.000000E-1	0.000000E+0	1.000000E-1	8.000000E+0	1.000000E-1	8.000000E+0	1.000000E+0	3.640000E+2
1.755142E+1	4.600000E+3	4.599800E+0	5.549100E-3	8.289272E+5	1.204023E+6	8.303000E-4	9.997000E-1	9.910000E+37	5.549100E-3	1.785875E+43	1.193545E+44	8.303000E-4	9.910000E+37	5.000000E-1	0.000000E+0	1.000000E-1	8.000000E+0	1.000000E-1	8.000000E+0	1.000000E+0	3.650000E+2
1.759921E+1	4.700000E+3	4.700200E+0	5.702400E-3	8.242494E+5	1.212952E+6	8.246000E-4	1.000200E+0	9.910000E+37	5.702400E-3	1.737865E+43	1.201795E+44	8.246000E-4	9.910000E+37	5.000000E-1	0.000000E+0	1.000000E-1	8.000000E+0	1.000000E-1	8.000000E+0	1.000000E+0	3.660000E+2
1.764714E+1	4.800000E+3	4.799600E+0	5.853300E-3	8.199819E+5	1.191497E+6	8.397000E-4	1.000500E+0	9.910000E+37	5.853300E-3	1.693062E+43	1.180183E+44	8.397000E-4	9.910000E+37	5.000000E-1	0.000000E+0	1.000000E-1	8.000000E+0	1.000000E-1	8.000000E+0	1.000000E+0	3.670000E+2
1.769491E+1	4.900000E+3	4.900200E+0	6.009200E-3	8.154496E+5	1.196458E+6	8.358000E-4	1.000000E+0	9.910000E+37	6.009200E-3	1.649138E+43	1.185690E+44	8.358000E-4	9.910000E+37	5.000000E-1	0.000000E+0	1.000000E-1	8.000000E+0	1.000000E-1	8.000000E+0	1.000000E+0	3.680000E+2
1.774255E+1	5.000000E+3	4.999600E+0	6.168800E-3	8.104656E+5	1.191662E+6	8.395000E-4	1.000400E+0	9.910000E+37	6.168800E-3	1.606471E+43	1.180465E+44	8.395000E-4	9.910000E+37	5.000000E-1	0.000000E+0	1.000000E-1	8.000000E+0	1.000000E-1	8.000000E+0	1.000000E+0	3.690000E+2
1.779023E+1	5.000000E+3	4.999100E+0	6.175800E-3	8.094660E+5	1.211949E+6	8.252000E-4	1.000100E+0	9.910000E+37	6.175800E-3	1.604650E+43	1.200921E+44	8.252000E-4	9.910000E+37	5.000000E-1	0.000000E+0	1.000000E-1	8.000000E+0	1.000000E-1	8.000000E+0	1.000000E+0	3.700000E+2
1.783794E+1	4.900000E+3	4.899600E+0	6.010000E-3	8.152413E+5	1.215841E+6	8.219000E-4	9.993000E-1	9.910000E+37	6.010000E-3	1.648918E+43	1.205743E+44	8.219000E-4	9.910000E+37	5.000000E-1	0.000000E+0	1.000000E-1	8.000000E+0	1.000000E-1	8.000000E+0	1.000000E+0	3.710000E+2
1.788571E+1	4.800000E+3	4.800500E+0	5.849600E-3	8.206544E+5	1.201659E+6	8.316000E-4	9.993000E-1	9.910000E+37	5.849600E-3	1.694133E+43	1.191679E+44	8.316000E-4	9.910000E+37	5.000000E-1	0.000000E+0	1.000000E-1	8.000000E+0	1.000000E-1	8.000000E+0	1.000000E+0	3.720000E+2
1.793346E+1	4.700000E+3	4.700300E+0	5.696300E-3	8.251497E+5	1.208897E+6	8.272000E-4	1.000000E+0	9.910000E+37	5.696300E-3	1.739726E+43	1.198017E+44	8.272000E-4	9.910000E+37	5.000000E-1	0.000000E+0	1.000000E-1	8.000000E+0	1.000000E-1	8.000000E+0	1.000000E+0	3.730000E+2
1.798113E+1	4.600000E+3	4.599300E+0	5.532000E-3	8.313991E+5	1.221027E+6	8.180000E-4	9.988000E-1	9.910000E+37	5.532000E-3	1.791396E+43	1.211491E+44	8.180000E-4	9.910000E+37	5.000000E-1	0.000000E+0	1.000000E-1	8.000000E+0	1.000000E-1	8.000000E+0	1.000000E+0	3.740000E+2
1.802883E+1	4.500000E+3	4.499900E+0	5.382600E-3	8.360086E+5	1.211298E+6	8.249000E-4	9.992000E-1	9.910000E+37	5.382600E-3	1.841118E+43	1.201358E+44	8.249000E-4	9.910000E+37	5.000000E-1	0.000000E+0	1.000000E-1	8.000000E+0	1.000000E-1	8.000000E+0	1.000000E+0	3.750000E+2
1.807670E+1	4.400000E+3	4.400500E+0	5.236200E-3	8.403995E+5	1.192959E+6	8.380000E-4	9.997000E-1	9.910000E+37	5.236200E-3	1.892594E+43	1.182578E+44	8.380000E-4	9.910000E+37	5.000000E-1	0.000000E+0	1.000000E-1	8.000000E+0	1.000000E-1	8.000000E+0	1.000000E+0	3.760000E+2
1.812447E+1	4.300000E+3	4.299100E+0	5.074000E-3	8.472803E+5	1.203274E+6	8.309000E-4	9.998000E-1	9.910000E+37	5.074000E-3	1.953094E+43	1.192683E+44	8.309000E-4	9.910000E+37	5.000000E-1	0.000000E+0	1.000000E-1	8.000000E+0	1.000000E-1	8.000000E+0	1.000000E+0	3.770000E+2
1.817207E+1	4.200000E+3	4.200400E+0	4.931200E-3	8.518008E+5	1.196621E+6	8.346000E-4	9.987000E-1	9.910000E+37	4.931200E-3	2.009653E+43	1.187395E+44	8.346000E-4	9.910000E+37	5.000000E-1	0.000000E+0	1.000000E-1	8.000000E+0	1.000000E-1	8.000000E+0	1.000000E+0	3.780000E+2
1.821981E+1	4.100000E+3	4.100600E+0	4.769100E-3	8.598268E+5	1.189514E+6	8.411000E-4	1.000500E+0	9.910000E+37	4.769100E-3	2.077960E+43	1.178219E+44	8.411000E-4	9.910000E+37	5.000000E-1	0.000000E+0	1.000000E-1	8.000000E+0	1.000000E-1	8.000000E+0	1.000000E+0	3.790000E+2
1.826754E+1	4.000000E+3	4.000200E+0	4.617200E-3	8.663692E+5	1.197104E+6	8.356000E-4	1.000300E+0	9.910000E+37	4.617200E-3	2.146322E+43	1.185974E+44	8.356000E-4	9.910000E+37	5.000000E-1	0.000000E+0	1.000000E-1	8.000000E+0	1.000000E-1	8.000000E+0	1.000000E+0	3.800000E+2
1.831528E+1	3.900000E+3	3.899700E+0	4.462100E-3	8.739607E+5	1.199041E+6	8.345000E-4	1.000600E+0	9.910000E+37	4.462100E-3	2.220927E+43	1.187537E+44	8.345000E-4	9.910000E+37	5.000000E-1	0.000000E+0	1.000000E-1	8.000000E+0	1.000000E-1	8.000000E+0	1.000000E+0	3.810000E+2
1.836298E+1	3.800000E+3	3.799200E+0	4.299900E-3	8.835554E+5	1.211993E+6	8.255000E-4	1.000500E+0	9.910000E+37	4.299900E-3	2.304705E+43	1.200485E+44	8.255000E-4	9.910000E+37	5.000000E-1	0.000000E+0	1.000000E-1	8.000000E+0	1.000000E-1	8.000000E+0	1.000000E+0	3.820000E+2
1.841059E+1	3.700000E+3	3.701100E+0	4.171200E-3	8.872986E+5	1.200697E+6	8.326000E-4	9.997000E-1	9.910000E+37	4.171200E-3	2.375815E+43	1.190247E+44	8.326000E-4	9.910000E+37	5.000000E-1	0.000000E+0	1.000000E-1	8.000000E+0	1.000000E-1	8.000000E+0	1.000000E+0	3.830000E+2
1.845821E+1	3.600000E+3	3.600400E+0	4.030100E-3	8.933773E+5	1.204578E+6	8.300000E-4	9.998000E-1	9.910000E+37	4.030100E-3	2.458996E+43	1.193976E+44	8.300000E-4	9.910000E+37	5.000000E-1	0.000000E+0	1.000000E-1	8.000000E+0	1.000000E-1	8.000000E+0	1.000000E+0	3.840000E+2
1.850593E+1	3.500000E+3	3.500100E+0	3.875400E-3	9.031584E+5	1.198584E+6	8.334000E-4	9.989000E-1	9.910000E+37	3.875400E-3	2.557155E+43	1.189105E+44	8.334000E-4	9.910000E+37	5.000000E-1	0.000000E+0	1.000000E-1	8.000000E+0	1.000000E-1	8.000000E+0	1.000000E+0	3.850000E+2
1.855389E+1	3.400000E+3	3.400300E+0	3.729900E-3	9.116330E+5	1.199376E+6	8.336000E-4	9.998000E-1	9.910000E+37	3.729900E-3	2.656908E+43	1.188820E+44	8.336000E-4	9.910000E+37	5.000000E-1	0.000000E+0	1.000000E-1	8.000000E+0	1.000000E-1	8.000000E+0	1.000000E+0	3.860000E+2
1.860173E+1	3.300000E+3	3.300300E+0	3.596700E-3	9.175911E+5	1.194860E+6	8.365000E-4	9.995000E-1	9.910000E+37	3.596700E-3	2.755303E+43	1.184698E+44	8.365000E-4	9.910000E+37	5.000000E-1	0.000000E+0	1.000000E-1	8.000000E+0	1.000000E-1	8.000000E+0	1.000000E+0	3.870000E+2
1.864963E+1	3.200000E+3	3.200300E+0	3.441700E-3	9.298602E+5	1.201154E+6	8.317000E-4	9.990000E-1	9.910000E+37	3.441700E-3	2.879391E+43	1.191535E+44	8.317000E-4	9.910000E+37	5.000000E-1	0.000000E+0	1.000000E-1	8.000000E+0	1.000000E-1	8.000000E+0	1.000000E+0	3.880000E+2
1.869735E+1	3.100000E+3	3.101500E+0	3.318400E-3	9.346372E+5	1.193934E+6	8.374000E-4	9.998000E-1	9.910000E+37	3.318400E-3	2.986379E+43	1.183425E+44	8.374000E-4	9.910000E+37	5.000000E-1	0.000000E+0	1.000000E-1	8.000000E+0	1.000000E-1	8.000000E+0	1.000000E+0	3.890000E+2
1.874504E+1	3.000000E+3	3.000900E+0	3.178800E-3	9.440355E+5	1.188614E+6	8.414000E-4	1.000100E+0	9.910000E+37	3.178800E-3	3.117529E+43	1.177799E+44	8.414000E-4	9.910000E+37	5.000000E-1	0.000000E+0	1.000000E-1	8.000000E+0	1.000000E-1	8.000000E+0	1.000000E+0	3.900000E+2
1.879272E+1	2.900000E+3	2.900200E+0	3.038100E-3	9.546098E+5	1.191725E+6	8.387000E-4	9.995000E-1	9.910000E+37	3.038100E-3	3.261907E+43	1.181591E+44	8.387000E-4	9.910000E+37	5.000000E-1	0.000000E+0	1.000000E-1	8.000000E+0	1.000000E-1	8.000000E+0	1.000000E+0	3.910000E+2
1.884059E+1	2.800000E+3	2.801200E+0	2.899000E-3	9.662642E+5	1.225735E+6	8.160000E-4	1.000200E+0	9.910000E+37	2.899000E-3	3.418420E+43	1.214461E+44	8.160000E-4	9.910000E+37	5.000000E-1	0.000000E+0	1.000000E-1	8.000000E+0	1.000000E-1	8.000000E+0	1.000000E+0	3.920000E+2
1.888838E+1	2.700000E+3	2.699600E+0	2.759100E-3	9.784350E+5	1.194245E+6	8.376000E-4	1.000300E+0	9.910000E+37	2.759100E-3	3.591751E+43	1.183142E+44	8.376000E-4	9.910000E+37	5.000000E-1	0.000000E+0	1.000000E-1	8.000000E+0	1.000000E-1	8.000000E+0	1.000000E+0	3.930000E+2
1.893605E+1	2.600000E+3	2.599600E+0	2.618500E-3	9.927821E+5	1.199544E+6	8.334000E-4	9.997000E-1	9.910000E+37	2.618500E-3	3.784610E+43	1.189105E+44	8.334000E-4	9.910000E+37	5.000000E-1	0.000000E+0	1.000000E-1	8.000000E+0	1.000000E-1	8.000000E+0	1.000000E+0	3.940000E+2
1.898395E+1	2.500000E+3	2.500200E+0	2.491900E-3	1.003331E+6	1.200528E+6	8.328000E-4	9.998000E-1	9.910000E+37	2.491900E-3	3.976885E+43	1.189962E+44	8.328000E-4	9.910000E+37	5.000000E-1	0.000000E+0	1.000000E-1	8.000000E+0	1.000000E-1	8.000000E+0	1.000000E+0	3.950000E+2
1.903176E+1	2.400000E+3	2.400000E+0	2.363600E-3	1.015400E+6	1.202766E+6	8.315000E-4	1.000100E+0	9.910000E+37	2.363600E-3	4.192757E+43	1.191822E+44	8.315000E-4	9.910000E+37	5.000000E-1	0.000000E+0	1.000000E-1	8.000000E+0	1.000000E-1	8.000000E+0	1.000000E+0	3.960000E+2
1.907952E+1	2.300000E+3	2.300500E+0	2.250200E-3	1.022354E+6	1.195956E+6	8.359000E-4	9.997000E-1	9.910000E+37	2.250200E-3	4.404053E+43	1.185549E+44	8.359000E-4	9.910000E+37	5.000000E-1	0.000000E+0	1.000000E-1	8.000000E+0	1.000000E-1	8.000000E+0	1.000000E+0	3.970000E+2
1.912718E+1	2.200000E+3	2.201800E+0	2.133200E-3	1.032158E+6	1.202261E+6	8.316000E-4	9.998000E-1	9.910000E+37	2.133200E-3	4.645603E+43	1.191679E+44	8.316000E-4	9.910000E+37	5.000000E-1	0.000000E+0	1.000000E-1	8.000000E+0	1.000000E-1	8.000000E+0	1.000000E+0	3.980000E+2
1.917481E+1	2.100000E+3	2.099400E+0	1.991600E-3	1.054127E+6	1.201370E+6	8.323000E-4	9.999000E-1	9.910000E+37	1.991600E-3	4.975899E+43	1.190676E+44	8.323000E-4	9.910000E+37	5.000000E-1	0.000000E+0	1.000000E-1	8.000000E+0	1.000000E-1	8.000000E+0	1.000000E+0	3.990000E+2
1.922255E+1	2.000000E+3	1.999400E+0	1.868400E-3	1.070113E+6	1.200144E+6	8.334000E-4	1.000200E+0	9.910000E+37	1.868400E-3	5.304003E+43	1.189105E+44	8.334000E-4	9.910000E+37	5.000000E-1	0.000000E+0	1.000000E-1	8.000000E+0	1.000000E-1	8.000000E+0	1.000000E+0	4.000000E+2
1.927032E+1	1.900000E+3	1.899500E+0	1.768800E-3	1.073892E+6	1.194743E+6	8.370000E-4	1.000000E+0	9.910000E+37	1.768800E-3	5.602668E+43	1.183990E+44	8.370000E-4	9.910000E+37	5.000000E-1	0.000000E+0	1.000000E-1	8.000000E+0	1.000000E-1	8.000000E+0	1.000000E+0	4.010000E+2
1.931809E+1	1.800000E+3	1.800200E+0	1.647900E-3	1.092421E+6	1.214017E+6	8.233000E-4	9.995000E-1	9.910000E+37	1.647900E-3	6.013714E+43	1.203692E+44	8.233000E-4	9.910000E+37	5.000000E-1	0.000000E+0	1.000000E-1	8.000000E+0	1.000000E-1	8.000000E+0	1.000000E+0	4.020000E+2
1.936579E+1	1.700000E+3	1.699800E+0	1.534600E-3	1.107650E+6	1.197750E+6	8.354000E-4	1.000600E+0	9.910000E+37	1.534600E-3	6.457709E+43	1.186258E+44	8.354000E-4	9.910000E+37	5.000000E-1	0.000000E+0	1.000000E-1	8.000000E+0	1.000000E-1	8.000000E+0	1.000000E+0	4.030000E+2
1.941343E+1	1.600000E+3	1.600100E+0	1.427500E-3	1.120911E+6	1.204069E+6	8.306000E-4	1.000100E+0	9.910000E+37	1.427500E-3	6.942207E+43	1.193113E+44	8.306000E-4	9.910000E+37	5.000000E-1	0.000000E+0	1.000000E-1	8.000000E+0	1.000000E-1	8.000000E+0	1.000000E+0	4.040000E+2
1.946113E+1	1.500000E+3	1.499900E+0	1.327300E-3	1.130038E+6	1.200024E+6	8.329000E-4	9.995000E-1	9.910000E+37	1.327300E-3	7.466285E+43	1.189819E+44	8.329000E-4	9.910000E+37	5.000000E-1	0.000000E+0	1.000000E-1	8.000000E+0	1.000000E-1	8.000000E+0	1.000000E+0	4.050000E+2
1.950878E+1	1.400000E+3	1.400200E+0	1.226400E-3	1.141716E+6	1.187849E+6	8.427000E-4	1.001000E+0	9.910000E+37	1.226400E-3	8.080561E+43	1.175982E+44	8.427000E-4	9.910000E+37	5.000000E-1	0.000000E+0	1.000000E-1	8.000000E+0	1.000000E-1	8.000000E+0	1.000000E+0	4.060000E+2
1.955645E+1	1.300000E+3	1.301600E+0	1.127800E-3	1.154105E+6	1.201804E+6	8.315000E-4	9.993000E-1	9.910000E+37	1.127800E-3	8.787019E+43	1.191822E+44	8.315000E-4	9.910000E+37	5.000000E-1	0.000000E+0	1.000000E-1	8.000000E+0	1.000000E-1	8.000000E+0	1.000000E+0	4.070000E+2
1.960410E+1	1.200000E+3	1.199800E+0	1.023300E-3	1.172481E+6	1.183044E+6	8.457000E-4	1.000500E+0	9.910000E+37	1.023300E-3	9.684355E+43	1.171810E+44	8.457000E-4	9.910000E+37	5.000000E-1	0.000000E+0	1.000000E-1	8.000000E+0	1.000000E-1	8.000000E+0	1.000000E+0	4.080000E+2
1.965199E+1	1.100000E+3	1.099600E+0	9.300000E-4	1.182366E+6	1.181550E+6	8.466000E-4	1.000300E+0	9.910000E+37	9.300000E-4	1.065591E+44	1.170565E+44	8.466000E-4	9.910000E+37	5.000000E-1	0.000000E+0	1.000000E-1	8.000000E+0	1.000000E-1	8.000000E+0	1.000000E+0	4.090000E+2
1.969968E+1	1.000000E+3	9.994000E-1	8.361000E-4	1.195312E+6	1.186907E+6	8.432000E-4	1.000800E+0	9.910000E+37	8.361000E-4	1.185265E+44	1.175285E+44	8.432000E-4	9.910000E+37	5.000000E-1	0.000000E+0	1.000000E-1	8.000000E+0	1.000000E-1	8.000000E+0	1.000000E+0	4.100000E+2
1.974718E+1	9.000000E+2	8.995000E-1	7.420000E-4	1.212264E+6	1.183012E+6	8.453000E-4	1.000000E+0	9.910000E+37	7.420000E-4	1.335580E+44	1.172365E+44	8.453000E-4	9.910000E+37	5.000000E-1	0.000000E+0	1.000000E-1	8.000000E+0	1.000000E-1	8.000000E+0	1.000000E+0	4.110000E+2
1.979482E+1	8.000000E+2	8.003000E-1	6.594000E-4	1.213679E+6	1.178571E+6	8.484000E-4	9.999000E-1	9.910000E+37	6.594000E-4	1.502881E+44	1.168081E+44	8.484000E-4	9.910000E+37	5.000000E-1	0.000000E+0	1.000000E-1	8.000000E+0	1.000000E-1	8.000000E+0	1.000000E+0	4.120000E+2
1.984265E+1	7.000000E+2	7.007000E-1	5.703000E-4	1.228652E+6	1.201154E+6	8.322000E-4	9.996000E-1	9.910000E+37	5.703000E-4	1.737682E+44	1.190820E+44	8.322000E-4	9.910000E+37	5.000000E-1	0.000000E+0	1.000000E-1	8.000000E+0	1.000000E-1	8.000000E+0	1.000000E+0	4.130000E+2
1.989025E+1	6.000000E+2	6.010000E-1	4.937000E-4	1.217338E+6	1.186721E+6	8.419000E-4	9.991000E-1	9.910000E+37	4.937000E-4	2.007292E+44	1.177099E+44	8.419000E-4	9.910000E+37	5.000000E-1	0.000000E+0	1.000000E-1	8.000000E+0	1.000000E-1	8.000000E+0	1.000000E+0	4.140000E+2
1.993796E+1	5.000000E+2	4.993000E-1	3.970000E-4	1.257683E+6	1.185550E+6	8.429000E-4	9.993000E-1	9.910000E+37	3.970000E-4	2.496222E+44	1.175703E+44	8.429000E-4	9.910000E+37	5.000000E-1	0.000000E+0	1.000000E-1	8.000000E+0	1.000000E-1	8.000000E+0	1.000000E+0	4.150000E+2
1.998566E+1	4.000000E+2	3.995000E-1	3.045000E-4	1.311987E+6	1.169022E+6	8.561000E-4	1.000800E+0	9.910000E+37	3.045000E-4	3.254516E+44	1.157575E+44	8.561000E-4	9.910000E+37	5.000000E-1	0.000000E+0	1.000000E-1	8.000000E+0	1.000000E-1	8.000000E+0	1.000000E+0	4.160000E+2
2.003333E+1	3.000000E+2	2.987000E-1	2.225000E-4	1.342472E+6	1.173332E+6	8.527000E-4	1.000500E+0	9.910000E+37	2.225000E-4	4.453933E+44	1.162191E+44	8.527000E-4	9.910000E+37	5.000000E-1	0.000000E+0	1.000000E-1	8.000000E+0	1.000000E-1	8.000000E+0	1.000000E+0	4.170000E+2
2.008102E+1	2.000000E+2	1.993000E-1	1.505000E-4	1.324252E+6	1.183314E+6	8.450000E-4	9.999000E-1	9.910000E+37	1.505000E-4	6.584718E+44	1.172781E+44	8.450000E-4	9.910000E+37	5.000000E-1	0.000000E+0	1.000000E-1	8.000000E+0	1.000000E-1	8.000000E+0	1.000000E+0	4.180000E+2
2.012860E+1	1.000000E+2	1.003000E-1	7.370000E-5	1.360923E+6	1.172689E+6	8.524000E-4	9.996000E-1	9.910000E+37	7.370000E-5	1.344640E+45	1.162600E+44	8.524000E-4	9.910000E+37	5.000000E-1	0.000000E+0	1.000000E-1	8.000000E+0	1.000000E-1	8.000000E+0	1.000000E+0	4.190000E+2
2.017627E+1	0.000000E+0	3.000000E-4	-6.800000E-6	-4.411765E+4	1.166472E+6	8.572000E-4	9.999000E-1	9.910000E+37	-6.800000E-6	-1.457353E+46	1.156090E+44	8.572000E-4	9.910000E+37	5.000000E-1	0.000000E+0	1.000000E-1	8.000000E+0	1.000000E-1	8.000000E+0	1.000000E+0	4.200000E+2
2.022412E+1	-1.000000E+2	-9.990000E-2	-9.910000E-5	1.008073E+6	1.178592E+6	8.483000E-4	9.998000E-1	9.910000E+37	-9.910000E-5	-1.000000E+45	1.168219E+44	8.483000E-4	9.910000E+37	5.000000E-1	0.000000E+0	1.000000E-1	8.000000E+0	1.000000E-1	8.000000E+0	1.000000E+0	4.210000E+2
2.027174E+1	-2.000000E+2	-2.007000E-1	-1.805000E-4	1.111911E+6	1.181893E+6	8.461000E-4	1.000000E+0	9.910000E+37	-1.805000E-4	-5.490305E+44	1.171256E+44	8.461000E-4	9.910000E+37	5.000000E-1	0.000000E+0	1.000000E-1	8.000000E+0	1.000000E-1	8.000000E+0	1.000000E+0	4.220000E+2
2.031963E+1	-3.000000E+2	-3.004000E-1	-2.681000E-4	1.120477E+6	1.166861E+6	8.576000E-4	1.000700E+0	9.910000E+37	-2.681000E-4	-3.696382E+44	1.155550E+44	8.576000E-4	9.910000E+37	5.000000E-1	0.000000E+0	1.000000E-1	8.000000E+0	1.000000E-1	8.000000E+0	1.000000E+0	4.230000E+2
2.036736E+1	-4.000000E+2	-4.007000E-1	-3.644000E-4	1.099616E+6	1.161384E+6	8.613000E-4	1.000300E+0	9.910000E+37	-3.644000E-4	-2.719539E+44	1.150586E+44	8.613000E-4	9.910000E+37	5.000000E-1	0.000000E+0	1.000000E-1	8.000000E+0	1.000000E-1	8.000000E+0	1.000000E+0	4.240000E+2
2.041565E+1	-5.000000E+2	-4.999000E-1	-4.491000E-4	1.113115E+6	1.175661E+6	8.505000E-4	9.999000E-1	9.910000E+37	-4.491000E-4	-2.206635E+44	1.165197E+44	8.505000E-4	9.910000E+37	5.000000E-1	0.000000E+0	1.000000E-1	8.000000E+0	1.000000E-1	8.000000E+0	1.000000E+0	4.250000E+2
2.046347E+1	-6.000000E+2	-6.005000E-1	-5.330000E-4	1.126642E+6	1.156604E+6	8.646000E-4	1.000000E+0	9.910000E+37	-5.330000E-4	-1.859287E+44	1.146195E+44	8.646000E-4	9.910000E+37	5.000000E-1	0.000000E+0	1.000000E-1	8.000000E+0	1.000000E-1	8.000000E+0	1.000000E+0	4.260000E+2
2.051111E+1	-7.000000E+2	-6.998000E-1	-6.253000E-4	1.119143E+6	1.152447E+6	8.685000E-4	1.000900E+0	9.910000E+37	-6.253000E-4	-1.584839E+44	1.141048E+44	8.685000E-4	9.910000E+37	5.000000E-1	0.000000E+0	1.000000E-1	8.000000E+0	1.000000E-1	8.000000E+0	1.000000E+0	4.270000E+2
2.055886E+1	-8.000000E+2	-7.998000E-1	-7.323000E-4	1.092175E+6	1.161399E+6	8.606000E-4	9.995000E-1	9.910000E+37	-7.323000E-4	-1.353271E+44	1.151522E+44	8.606000E-4	9.910000E+37	5.000000E-1	0.000000E+0	1.000000E-1	8.000000E+0	1.000000E-1	8.000000E+0	1.000000E+0	4.280000E+2
2.060656E+1	-9.000000E+2	-9.005000E-1	-8.358000E-4	1.077411E+6	1.164879E+6	8.576000E-4	9.990000E-1	9.910000E+37	-8.358000E-4	-1.185690E+44	1.155550E+44	8.576000E-4	9.910000E+37	5.000000E-1	0.000000E+0	1.000000E-1	8.000000E+0	1.000000E-1	8.000000E+0	1.000000E+0	4.290000E+2
2.065435E+1	-1.000000E+3	-1.000900E+0	-9.478000E-4	1.056024E+6	1.168730E+6	8.564000E-4	1.000900E+0	9.910000E+37	-9.478000E-4	-1.045579E+44	1.157170E+44	8.564000E-4	9.910000E+37	5.000000E-1	0.000000E+0	1.000000E-1	8.000000E+0	1.000000E-1	8.000000E+0	1.000000E+0	4.300000E+2
2.070218E+1	-1.100000E+3	-1.100800E+0	-1.037500E-3	1.061012E+6	1.151826E+6	8.681000E-4	9.999000E-1	9.910000E+37	-1.037500E-3	-9.551807E+43	1.141574E+44	8.681000E-4	9.910000E+37	5.000000E-1	0.000000E+0	1.000000E-1	8.000000E+0	1.000000E-1	8.000000E+0	1.000000E+0	4.310000E+2
2.074989E+1	-1.200000E+3	-1.200200E+0	-1.135200E-3	1.057259E+6	1.151048E+6	8.686000E-4	9.998000E-1	9.910000E+37	-1.135200E-3	-8.729739E+43	1.140916E+44	8.686000E-4	9.910000E+37	5.000000E-1	0.000000E+0	1.000000E-1	8.000000E+0	1.000000E-1	8.000000E+0	1.000000E+0	4.320000E+2
2.079757E+1	-1.300000E+3	-1.300200E+0	-1.245300E-3	1.044086E+6	1.142352E+6	8.760000E-4	1.000700E+0	9.910000E+37	-1.245300E-3	-7.957922E+43	1.131279E+44	8.760000E-4	9.910000E+37	5.000000E-1	0.000000E+0	1.000000E-1	8.000000E+0	1.000000E-1	8.000000E+0	1.000000E+0	4.330000E+2
2.084531E+1	-1.400000E+3	-1.400100E+0	-1.352600E-3	1.035118E+6	1.152517E+6	8.681000E-4	1.000500E+0	9.910000E+37	-1.352600E-3	-7.326630E+43	1.141574E+44	8.681000E-4	9.910000E+37	5.000000E-1	0.000000E+0	1.000000E-1	8.000000E+0	1.000000E-1	8.000000E+0	1.000000E+0	4.340000E+2
2.089308E+1	-1.500000E+3	-1.499900E+0	-1.464600E-3	1.024102E+6	1.156095E+6	8.655000E-4	1.000600E+0	9.910000E+37	-1.464600E-3	-6.766353E+43	1.145003E+44	8.655000E-4	9.910000E+37	5.000000E-1	0.000000E+0	1.000000E-1	8.000000E+0	1.000000E-1	8.000000E+0	1.000000E+0	4.350000E+2
2.094070E+1	-1.600000E+3	-1.600800E+0	-1.572600E-3	1.017932E+6	1.157201E+6	8.645000E-4	1.000400E+0	9.910000E+37	-1.572600E-3	-6.301666E+43	1.146327E+44	8.645000E-4	9.910000E+37	5.000000E-1	0.000000E+0	1.000000E-1	8.000000E+0	1.000000E-1	8.000000E+0	1.000000E+0	4.360000E+2
2.098857E+1	-1.700000E+3	-1.700000E+0	-1.678300E-3	1.012930E+6	1.150754E+6	8.683000E-4	9.992000E-1	9.910000E+37	-1.678300E-3	-5.904785E+43	1.141311E+44	8.683000E-4	9.910000E+37	5.000000E-1	0.000000E+0	1.000000E-1	8.000000E+0	1.000000E-1	8.000000E+0	1.000000E+0	4.370000E+2
2.103635E+1	-1.800000E+3	-1.799400E+0	-1.780700E-3	1.010501E+6	1.150017E+6	8.699000E-4	1.000400E+0	9.910000E+37	-1.780700E-3	-5.565227E+43	1.139211E+44	8.699000E-4	9.910000E+37	5.000000E-1	0.000000E+0	1.000000E-1	8.000000E+0	1.000000E-1	8.000000E+0	1.000000E+0	4.380000E+2
2.108419E+1	-1.900000E+3	-1.900700E+0	-1.913800E-3	9.931550E+5	1.153447E+6	8.674000E-4	1.000500E+0	9.910000E+37	-1.913800E-3	-5.178180E+43	1.142495E+44	8.674000E-4	9.910000E+37	5.000000E-1	0.000000E+0	1.000000E-1	8.000000E+0	1.000000E-1	8.000000E+0	1.000000E+0	4.390000E+2
2.113199E+1	-2.000000E+3	-1.999300E+0	-2.002700E-3	9.983023E+5	1.140787E+6	8.765000E-4	9.999000E-1	9.910000E+37	-2.002700E-3	-4.948320E+43	1.130633E+44	8.765000E-4	9.910000E+37	5.000000E-1	0.000000E+0	1.000000E-1	8.000000E+0	1.000000E-1	8.000000E+0	1.000000E+0	4.400000E+2
2.117974E+1	-2.100000E+3	-2.100800E+0	-2.144100E-3	9.798050E+5	1.152791E+6	8.672000E-4	9.997000E-1	9.910000E+37	-2.144100E-3	-4.621986E+43	1.142758E+44	8.672000E-4	9.910000E+37	5.000000E-1	0.000000E+0	1.000000E-1	8.000000E+0	1.000000E-1	8.000000E+0	1.000000E+0	4.410000E+2
2.122761E+1	-2.200000E+3	-2.200400E+0	-2.255800E-3	9.754411E+5	1.149396E+6	8.695000E-4	9.994000E-1	9.910000E+37	-2.255800E-3	-4.393120E+43	1.139735E+44	8.695000E-4	9.910000E+37	5.000000E-1	0.000000E+0	1.000000E-1	8.000000E+0	1.000000E-1	8.000000E+0	1.000000E+0	4.420000E+2
2.127530E+1	-2.300000E+3	-2.301200E+0	-2.380300E-3	9.667689E+5	1.140641E+6	8.767000E-4	1.000000E+0	9.910000E+37	-2.380300E-3	-4.163341E+43	1.130375E+44	8.767000E-4	9.910000E+37	5.000000E-1	0.000000E+0	1.000000E-1	8.000000E+0	1.000000E-1	8.000000E+0	1.000000E+0	4.430000E+2
2.132289E+1	-2.400000E+3	-2.400200E+0	-2.500200E-3	9.600032E+5	1.150961E+6	8.691000E-4	1.000300E+0	9.910000E+37	-2.500200E-3	-3.963683E+43	1.140260E+44	8.691000E-4	9.910000E+37	5.000000E-1	0.000000E+0	1.000000E-1	8.000000E+0	1.000000E-1	8.000000E+0	1.000000E+0	4.440000E+2
2.137066E+1	-2.500000E+3	-2.499500E+0	-2.620500E-3	9.538256E+5	1.149856E+6	8.695000E-4	9.998000E-1	9.910000E+37	-2.620500E-3	-3.781721E+43	1.139735E+44	8.695000E-4	9.910000E+37	5.000000E-1	0.000000E+0	1.000000E-1	8.000000E+0	1.000000E-1	8.000000E+0	1.000000E+0	4.450000E+2
2.141833E+1	-2.600000E+3	-2.600900E+0	-2.749100E-3	9.460914E+5	1.154406E+6	8.659000E-4	9.996000E-1	9.910000E+37	-2.749100E-3	-3.604816E+43	1.144474E+44	8.659000E-4	9.910000E+37	5.000000E-1	0.000000E+0	1.000000E-1	8.000000E+0	1.000000E-1	8.000000E+0	1.000000E+0	4.460000E+2
2.146601E+1	-2.700000E+3	-2.699500E+0	-2.863100E-3	9.428591E+5	1.140705E+6	8.763000E-4	9.996000E-1	9.910000E+37	-2.863100E-3	-3.461283E+43	1.130891E+44	8.763000E-4	9.910000E+37	5.000000E-1	0.000000E+0	1.000000E-1	8.000000E+0	1.000000E-1	8.000000E+0	1.000000E+0	4.470000E+2
2.151371E+1	-2.800000E+3	-2.799000E+0	-2.978400E-3	9.397663E+5	1.139022E+6	8.790000E-4	1.001200E+0	9.910000E+37	-2.978400E-3	-3.327290E+43	1.127418E+44	8.790000E-4	9.910000E+37	5.000000E-1	0.000000E+0	1.000000E-1	8.000000E+0	1.000000E-1	8.000000E+0	1.000000E+0	4.480000E+2
2.156147E+1	-2.900000E+3	-2.900400E+0	-3.104900E-3	9.341364E+5	1.142008E+6	8.753000E-4	9.996000E-1	9.910000E+37	-3.104900E-3	-3.191729E+43	1.132183E+44	8.753000E-4	9.910000E+37	5.000000E-1	0.000000E+0	1.000000E-1	8.000000E+0	1.000000E-1	8.000000E+0	1.000000E+0	4.490000E+2
2.160915E+1	-3.000000E+3	-2.999500E+0	-3.235100E-3	9.271738E+5	1.132058E+6	8.837000E-4	1.000400E+0	9.910000E+37	-3.235100E-3	-3.063275E+43	1.121421E+44	8.837000E-4	9.910000E+37	5.000000E-1	0.000000E+0	1.000000E-1	8.000000E+0	1.000000E-1	8.000000E+0	1.000000E+0	4.500000E+2
2.165682E+1	-3.100000E+3	-3.099500E+0	-3.362100E-3	9.218941E+5	1.133507E+6	8.816000E-4	9.993000E-1	9.910000E+37	-3.362100E-3	-2.947563E+43	1.124093E+44	8.816000E-4	9.910000E+37	5.000000E-1	0.000000E+0	1.000000E-1	8.000000E+0	1.000000E-1	8.000000E+0	1.000000E+0	4.510000E+2
2.170464E+1	-3.200000E+3	-3.200400E+0	-3.503900E-3	9.133822E+5	1.141895E+6	8.760000E-4	1.000300E+0	9.910000E+37	-3.503900E-3	-2.828277E+43	1.131279E+44	8.760000E-4	9.910000E+37	5.000000E-1	0.000000E+0	1.000000E-1	8.000000E+0	1.000000E-1	8.000000E+0	1.000000E+0	4.520000E+2
2.175251E+1	-3.300000E+3	-3.299700E+0	-3.625500E-3	9.101365E+5	1.123554E+6	8.903000E-4	1.000300E+0	9.910000E+37	-3.625500E-3	-2.733416E+43	1.113108E+44	8.903000E-4	9.910000E+37	5.000000E-1	0.000000E+0	1.000000E-1	8.000000E+0	1.000000E-1	8.000000E+0	1.000000E+0	4.530000E+2
2.180018E+1	-3.400000E+3	-3.400300E+0	-3.747900E-3	9.072547E+5	1.128457E+6	8.859000E-4	9.997000E-1	9.910000E+37	-3.747900E-3	-2.644147E+43	1.118636E+44	8.859000E-4	9.910000E+37	5.000000E-1	0.000000E+0	1.000000E-1	8.000000E+0	1.000000E-1	8.000000E+0	1.000000E+0	4.540000E+2
2.184798E+1	-3.500000E+3	-3.500200E+0	-3.896700E-3	8.982472E+5	1.125070E+6	8.891000E-4	1.000300E+0	9.910000E+37	-3.896700E-3	-2.543178E+43	1.114610E+44	8.891000E-4	9.910000E+37	5.000000E-1	0.000000E+0	1.000000E-1	8.000000E+0	1.000000E-1	8.000000E+0	1.000000E+0	4.550000E+2
2.189574E+1	-3.600000E+3	-3.600500E+0	-4.020200E-3	8.956022E+5	1.150800E+6	8.687000E-4	9.997000E-1	9.910000E+37	-4.020200E-3	-2.465051E+43	1.140785E+44	8.687000E-4	9.910000E+37	5.000000E-1	0.000000E+0	1.000000E-1	8.000000E+0	1.000000E-1	8.000000E+0	1.000000E+0	4.560000E+2
2.194357E+1	-3.700000E+3	-3.700700E+0	-4.148500E-3	8.920574E+5	1.132805E+6	8.825000E-4	9.997000E-1	9.910000E+37	-4.148500E-3	-2.388815E+43	1.122946E+44	8.825000E-4	9.910000E+37	5.000000E-1	0.000000E+0	1.000000E-1	8.000000E+0	1.000000E-1	8.000000E+0	1.000000E+0	4.570000E+2
2.199149E+1	-3.800000E+3	-3.800100E+0	-4.269400E-3	8.900782E+5	1.133160E+6	8.824000E-4	9.999000E-1	9.910000E+37	-4.269400E-3	-2.321169E+43	1.123073E+44	8.824000E-4	9.910000E+37	5.000000E-1	0.000000E+0	1.000000E-1	8.000000E+0	1.000000E-1	8.000000E+0	1.000000E+0	4.580000E+2
2.203923E+1	-3.900000E+3	-3.899500E+0	-4.384300E-3	8.894236E+5	1.120591E+6	8.931000E-4	1.000800E+0	9.910000E+37	-4.384300E-3	-2.260338E+43	1.109618E+44	8.931000E-4	9.910000E+37	5.000000E-1	0.000000E+0	1.000000E-1	8.000000E+0	1.000000E-1	8.000000E+0	1.000000E+0	4.590000E+2
2.208726E+1	-4.000000E+3	-4.000000E+0	-4.522200E-3	8.845252E+5	1.123793E+6	8.910000E-4	1.001300E+0	9.910000E+37	-4.522200E-3	-2.191411E+43	1.112233E+44	8.910000E-4	9.910000E+37	5.000000E-1	0.000000E+0	1.000000E-1	8.000000E+0	1.000000E-1	8.000000E+0	1.000000E+0	4.600000E+2
2.213500E+1	-4.100000E+3	-4.099800E+0	-4.654600E-3	8.808061E+5	1.134104E+6	8.829000E-4	1.001300E+0	9.910000E+37	-4.654600E-3	-2.129077E+43	1.122437E+44	8.829000E-4	9.910000E+37	5.000000E-1	0.000000E+0	1.000000E-1	8.000000E+0	1.000000E-1	8.000000E+0	1.000000E+0	4.610000E+2
2.218290E+1	-4.200000E+3	-4.200000E+0	-4.778800E-3	8.788817E+5	1.140964E+6	8.754000E-4	9.988000E-1	9.910000E+37	-4.778800E-3	-2.073742E+43	1.132054E+44	8.754000E-4	9.910000E+37	5.000000E-1	0.000000E+0	1.000000E-1	8.000000E+0	1.000000E-1	8.000000E+0	1.000000E+0	4.620000E+2
2.223075E+1	-4.300000E+3	-4.299600E+0	-4.904700E-3	8.766285E+5	1.130228E+6	8.846000E-4	9.998000E-1	9.910000E+37	-4.904700E-3	-2.020511E+43	1.120280E+44	8.846000E-4	9.910000E+37	5.000000E-1	0.000000E+0	1.000000E-1	8.000000E+0	1.000000E-1	8.000000E+0	1.000000E+0	4.630000E+2
2.227869E+1	-4.400000E+3	-4.401200E+0	-5.041600E-3	8.729768E+5	1.133394E+6	8.831000E-4	1.000900E+0	9.910000E+37	-5.041600E-3	-1.965646E+43	1.122183E+44	8.831000E-4	9.910000E+37	5.000000E-1	0.000000E+0	1.000000E-1	8.000000E+0	1.000000E-1	8.000000E+0	1.000000E+0	4.640000E+2
2.232631E+1	-4.500000E+3	-4.500500E+0	-5.160600E-3	8.720885E+5	1.139827E+6	8.768000E-4	9.994000E-1	9.910000E+37	-5.160600E-3	-1.920319E+43	1.130246E+44	8.768000E-4	9.910000E+37	5.000000E-1	0.000000E+0	1.000000E-1	8.000000E+0	1.000000E-1	8.000000E+0	1.000000E+0	4.650000E+2
2.237400E+1	-4.600000E+3	-4.599600E+0	-5.271500E-3	8.725410E+5	1.145213E+6	8.732000E-4	1.000000E+0	9.910000E+37	-5.271500E-3	-1.879920E+43	1.134906E+44	8.732000E-4	9.910000E+37	5.000000E-1	0.000000E+0	1.000000E-1	8.000000E+0	1.000000E-1	8.000000E+0	1.000000E+0	4.660000E+2
2.242162E+1	-4.700000E+3	-4.700000E+0	-5.399700E-3	8.704187E+5	1.139569E+6	8.777000E-4	1.000200E+0	9.910000E+37	-5.399700E-3	-1.835287E+43	1.129087E+44	8.777000E-4	9.910000E+37	5.000000E-1	0.000000E+0	1.000000E-1	8.000000E+0	1.000000E-1	8.000000E+0	1.000000E+0	4.670000E+2
2.246955E+1	-4.800000E+3	-4.799300E+0	-5.510600E-3	8.709215E+5	1.125577E+6	8.887000E-4	1.000300E+0	9.910000E+37	-5.510600E-3	-1.798352E+43	1.115112E+44	8.887000E-4	9.910000E+37	5.000000E-1	0.000000E+0	1.000000E-1	8.000000E+0	1.000000E-1	8.000000E+0	1.000000E+0	4.680000E+2
2.251730E+1	-4.900000E+3	-4.899800E+0	-5.610900E-3	8.732645E+5	1.123960E+6	8.898000E-4	1.000100E+0	9.910000E+37	-5.610900E-3	-1.766205E+43	1.113733E+44	8.898000E-4	9.910000E+37	5.000000E-1	0.000000E+0	1.000000E-1	8.000000E+0	1.000000E-1	8.000000E+0	1.000000E+0	4.690000E+2
2.256499E+1	-5.000000E+3	-4.999300E+0	-5.705700E-3	8.761940E+5	1.134823E+6	8.819000E-4	1.000800E+0	9.910000E+37	-5.705700E-3	-1.736860E+43	1.123710E+44	8.819000E-4	9.910000E+37	5.000000E-1	0.000000E+0	1.000000E-1	8.000000E+0	1.000000E-1	8.000000E+0	1.000000E+0	4.700000E+2
2.261268E+1	-5.000000E+3	-4.999800E+0	-5.650500E-3	8.848420E+5	1.151554E+6	8.690000E-4	1.000700E+0	9.910000E+37	-5.650500E-3	-1.753827E+43	1.140391E+44	8.690000E-4	9.910000E+37	5.000000E-1	0.000000E+0	1.000000E-1	8.000000E+0	1.000000E-1	8.000000E+0	1.000000E+0	4.710000E+2
2.266033E+1	-4.900000E+3	-4.900100E+0	-5.466600E-3	8.963707E+5	1.149024E+6	8.710000E-4	1.000800E+0	9.910000E+37	-5.466600E-3	-1.812827E+43	1.137773E+44	8.710000E-4	9.910000E+37	5.000000E-1	0.000000E+0	1.000000E-1	8.000000E+0	1.000000E-1	8.000000E+0	1.000000E+0	4.720000E+2
2.270798E+1	-4.800000E+3	-4.800700E+0	-5.297800E-3	9.061686E+5	1.169416E+6	8.547000E-4	9.995000E-1	9.910000E+37	-5.297800E-3	-1.870588E+43	1.159471E+44	8.547000E-4	9.910000E+37	5.000000E-1	0.000000E+0	1.000000E-1	8.000000E+0	1.000000E-1	8.000000E+0	1.000000E+0	4.730000E+2
2.275570E+1	-4.700000E+3	-4.701300E+0	-5.127100E-3	9.169511E+5	1.172373E+6	8.528000E-4	9.998000E-1	9.910000E+37	-5.127100E-3	-1.932867E+43	1.162054E+44	8.528000E-4	9.910000E+37	5.000000E-1	0.000000E+0	1.000000E-1	8.000000E+0	1.000000E-1	8.000000E+0	1.000000E+0	4.740000E+2
2.280365E+1	-4.600000E+3	-4.599700E+0	-4.955300E-3	9.282385E+5	1.174270E+6	8.527000E-4	1.001300E+0	9.910000E+37	-4.955300E-3	-1.999879E+43	1.162191E+44	8.527000E-4	9.910000E+37	5.000000E-1	0.000000E+0	1.000000E-1	8.000000E+0	1.000000E-1	8.000000E+0	1.000000E+0	4.750000E+2
2.285156E+1	-4.500000E+3	-4.499300E+0	-4.801300E-3	9.371004E+5	1.174219E+6	8.518000E-4	1.000200E+0	9.910000E+37	-4.801300E-3	-2.064024E+43	1.163419E+44	8.518000E-4	9.910000E+37	5.000000E-1	0.000000E+0	1.000000E-1	8.000000E+0	1.000000E-1	8.000000E+0	1.000000E+0	4.760000E+2
2.289921E+1	-4.400000E+3	-4.399100E+0	-4.639900E-3	9.481023E+5	1.170253E+6	8.552000E-4	1.000800E+0	9.910000E+37	-4.639900E-3	-2.135822E+43	1.158793E+44	8.552000E-4	9.910000E+37	5.000000E-1	0.000000E+0	1.000000E-1	8.000000E+0	1.000000E-1	8.000000E+0	1.000000E+0	4.770000E+2
2.294695E+1	-4.300000E+3	-4.299800E+0	-4.512000E-3	9.529699E+5	1.174490E+6	8.522000E-4	1.000900E+0	9.910000E+37	-4.512000E-3	-2.196365E+43	1.162873E+44	8.522000E-4	9.910000E+37	5.000000E-1	0.000000E+0	1.000000E-1	8.000000E+0	1.000000E-1	8.000000E+0	1.000000E+0	4.780000E+2
2.299463E+1	-4.200000E+3	-4.200500E+0	-4.376900E-3	9.596975E+5	1.188109E+6	8.410000E-4	9.992000E-1	9.910000E+37	-4.376900E-3	-2.264160E+43	1.178359E+44	8.410000E-4	9.910000E+37	5.000000E-1	0.000000E+0	1.000000E-1	8.000000E+0	1.000000E-1	8.000000E+0	1.000000E+0	4.790000E+2
2.304252E+1	-4.100000E+3	-4.100400E+0	-4.242600E-3	9.664828E+5	1.183647E+6	8.451000E-4	1.000300E+0	9.910000E+37	-4.242600E-3	-2.335832E+43	1.172642E+44	8.451000E-4	9.910000E+37	5.000000E-1	0.000000E+0	1.000000E-1	8.000000E+0	1.000000E-1	8.000000E+0	1.000000E+0	4.800000E+2
2.309040E+1	-4.000000E+3	-4.000500E+0	-4.114700E-3	9.722459E+5	1.197771E+6	8.343000E-4	9.993000E-1	9.910000E+37	-4.114700E-3	-2.408438E+43	1.187822E+44	8.343000E-4	9.910000E+37	5.000000E-1	0.000000E+0	1.000000E-1	8.000000E+0	1.000000E-1	8.000000E+0	1.000000E+0	4.810000E+2
2.313806E+1	-3.900000E+3	-3.899900E+0	-3.989300E-3	9.775901E+5	1.188332E+6	8.416000E-4	1.000100E+0	9.910000E+37	-3.989300E-3	-2.484145E+43	1.177519E+44	8.416000E-4	9.910000E+37	5.000000E-1	0.000000E+0	1.000000E-1	8.000000E+0	1.000000E-1	8.000000E+0	1.000000E+0	4.820000E+2
2.318573E+1	-3.800000E+3	-3.799900E+0	-3.859100E-3	9.846596E+5	1.194979E+6	8.365000E-4	9.996000E-1	9.910000E+37	-3.859100E-3	-2.567956E+43	1.184698E+44	8.365000E-4	9.910000E+37	5.000000E-1	0.000000E+0	1.000000E-1	8.000000E+0	1.000000E-1	8.000000E+0	1.000000E+0	4.830000E+2
2.323350E+1	-3.700000E+3	-3.699700E+0	-3.745900E-3	9.876665E+5	1.202308E+6	8.319000E-4	1.000200E+0	9.910000E+37	-3.745900E-3	-2.645559E+43	1.191249E+44	8.319000E-4	9.910000E+37	5.000000E-1	0.000000E+0	1.000000E-1	8.000000E+0	1.000000E-1	8.000000E+0	1.000000E+0	4.840000E+2
2.328136E+1	-3.600000E+3	-3.600400E+0	-3.614300E-3	9.961542E+5	1.186839E+6	8.419000E-4	9.992000E-1	9.910000E+37	-3.614300E-3	-2.741886E+43	1.177099E+44	8.419000E-4	9.910000E+37	5.000000E-1	0.000000E+0	1.000000E-1	8.000000E+0	1.000000E-1	8.000000E+0	1.000000E+0	4.850000E+2
2.332913E+1	-3.500000E+3	-3.500000E+0	-3.501200E-3	9.996573E+5	1.200816E+6	8.331000E-4	1.000400E+0	9.910000E+37	-3.501200E-3	-2.830458E+43	1.189533E+44	8.331000E-4	9.910000E+37	5.000000E-1	0.000000E+0	1.000000E-1	8.000000E+0	1.000000E-1	8.000000E+0	1.000000E+0	4.860000E+2
2.337704E+1	-3.400000E+3	-3.399600E+0	-3.376900E-3	1.006722E+6	1.198371E+6	8.348000E-4	1.000400E+0	9.910000E+37	-3.376900E-3	-2.934644E+43	1.187111E+44	8.348000E-4	9.910000E+37	5.000000E-1	0.000000E+0	1.000000E-1	8.000000E+0	1.000000E-1	8.000000E+0	1.000000E+0	4.870000E+2
2.342479E+1	-3.300000E+3	-3.300400E+0	-3.262100E-3	1.011741E+6	1.202838E+6	8.317000E-4	1.000400E+0	9.910000E+37	-3.262100E-3	-3.037920E+43	1.191535E+44	8.317000E-4	9.910000E+37	5.000000E-1	0.000000E+0	1.000000E-1	8.000000E+0	1.000000E-1	8.000000E+0	1.000000E+0	4.880000E+2
2.347256E+1	-3.200000E+3	-3.200500E+0	-3.152500E-3	1.015226E+6	1.192560E+6	8.387000E-4	1.000200E+0	9.910000E+37	-3.152500E-3	-3.143537E+43	1.181591E+44	8.387000E-4	9.910000E+37	5.000000E-1	0.000000E+0	1.000000E-1	8.000000E+0	1.000000E-1	8.000000E+0	1.000000E+0	4.890000E+2
2.352026E+1	-3.100000E+3	-3.099400E+0	-3.032900E-3	1.021926E+6	1.189305E+6	8.415000E-4	1.000800E+0	9.910000E+37	-3.032900E-3	-3.267500E+43	1.177659E+44	8.415000E-4	9.910000E+37	5.000000E-1	0.000000E+0	1.000000E-1	8.000000E+0	1.000000E-1	8.000000E+0	1.000000E+0	4.900000E+2
2.356803E+1	-3.000000E+3	-2.999200E+0	-2.922800E-3	1.026139E+6	1.213791E+6	8.237000E-4	9.998000E-1	9.910000E+37	-2.922800E-3	-3.390584E+43	1.203108E+44	8.237000E-4	9.910000E+37	5.000000E-1	0.000000E+0	1.000000E-1	8.000000E+0	1.000000E-1	8.000000E+0	1.000000E+0	4.910000E+2
2.361572E+1	-2.900000E+3	-2.898600E+0	-2.807300E-3	1.032522E+6	1.204745E+6	8.303000E-4	1.000300E+0	9.910000E+37	-2.807300E-3	-3.530082E+43	1.193545E+44	8.303000E-4	9.910000E+37	5.000000E-1	0.000000E+0	1.000000E-1	8.000000E+0	1.000000E-1	8.000000E+0	1.000000E+0	4.920000E+2
2.366360E+1	-2.800000E+3	-2.800800E+0	-2.701500E-3	1.036757E+6	1.206888E+6	8.275000E-4	9.987000E-1	9.910000E+37	-2.701500E-3	-3.668332E+43	1.197583E+44	8.275000E-4	9.910000E+37	5.000000E-1	0.000000E+0	1.000000E-1	8.000000E+0	1.000000E-1	8.000000E+0	1.000000E+0	4.930000E+2
2.371126E+1	-2.700000E+3	-2.700000E+0	-2.585700E-3	1.044205E+6	1.188072E+6	8.417000E-4	1.000000E+0	9.910000E+37	-2.585700E-3	-3.832618E+43	1.177379E+44	8.417000E-4	9.910000E+37	5.000000E-1	0.000000E+0	1.000000E-1	8.000000E+0	1.000000E-1	8.000000E+0	1.000000E+0	4.940000E+2
2.375894E+1	-2.600000E+3	-2.600100E+0	-2.468900E-3	1.053141E+6	1.203755E+6	8.309000E-4	1.000200E+0	9.910000E+37	-2.468900E-3	-4.013933E+43	1.192683E+44	8.309000E-4	9.910000E+37	5.000000E-1	0.000000E+0	1.000000E-1	8.000000E+0	1.000000E-1	8.000000E+0	1.000000E+0	4.950000E+2
2.380666E+1	-2.500000E+3	-2.500200E+0	-2.367100E-3	1.056229E+6	1.208771E+6	8.277000E-4	1.000500E+0	9.910000E+37	-2.367100E-3	-4.186557E+43	1.197294E+44	8.277000E-4	9.910000E+37	5.000000E-1	0.000000E+0	1.000000E-1	8.000000E+0	1.000000E-1	8.000000E+0	1.000000E+0	4.960000E+2
2.385461E+1	-2.400000E+3	-2.400700E+0	-2.266600E-3	1.059164E+6	1.207271E+6	8.279000E-4	9.995000E-1	9.910000E+37	-2.266600E-3	-4.372187E+43	1.197004E+44	8.279000E-4	9.910000E+37	5.000000E-1	0.000000E+0	1.000000E-1	8.000000E+0	1.000000E-1	8.000000E+0	1.000000E+0	4.970000E+2
2.390220E+1	-2.300000E+3	-2.300200E+0	-2.152300E-3	1.068717E+6	1.187218E+6	8.434000E-4	1.001300E+0	9.910000E+37	-2.152300E-3	-4.604377E+43	1.175006E+44	8.434000E-4	9.910000E+37	5.000000E-1	0.000000E+0	1.000000E-1	8.000000E+0	1.000000E-1	8.000000E+0	1.000000E+0	4.980000E+2
2.394995E+1	-2.200000E+3	-2.199800E+0	-2.046500E-3	1.074908E+6	1.207258E+6	8.294000E-4	1.001300E+0	9.910000E+37	-2.046500E-3	-4.842414E+43	1.194840E+44	8.294000E-4	9.910000E+37	5.000000E-1	0.000000E+0	1.000000E-1	8.000000E+0	1.000000E-1	8.000000E+0	1.000000E+0	4.990000E+2
2.399761E+1	-2.100000E+3	-2.099100E+0	-1.950200E-3	1.076351E+6	1.200889E+6	8.328000E-4	1.000100E+0	9.910000E+37	-1.950200E-3	-5.081530E+43	1.189962E+44	8.328000E-4	9.910000E+37	5.000000E-1	0.000000E+0	1.000000E-1	8.000000E+0	1.000000E-1	8.000000E+0	1.000000E+0	5.000000E+2
2.404524E+1	-2.000000E+3	-2.000800E+0	-1.848400E-3	1.082450E+6	1.197725E+6	8.350000E-4	1.000100E+0	9.910000E+37	-1.848400E-3	-5.361394E+43	1.186826E+44	8.350000E-4	9.910000E+37	5.000000E-1	0.000000E+0	1.000000E-1	8.000000E+0	1.000000E-1	8.000000E+0	1.000000E+0	5.010000E+2
2.409321E+1	-1.900000E+3	-1.900000E+0	-1.739000E-3	1.092582E+6	1.188182E+6	8.428000E-4	1.001400E+0	9.910000E+37	-1.739000E-3	-5.698677E+43	1.175842E+44	8.428000E-4	9.910000E+37	5.000000E-1	0.000000E+0	1.000000E-1	8.000000E+0	1.000000E-1	8.000000E+0	1.000000E+0	5.020000E+2
2.414111E+1	-1.800000E+3	-1.800100E+0	-1.635900E-3	1.100373E+6	1.206934E+6	8.278000E-4	9.991000E-1	9.910000E+37	-1.635900E-3	-6.057827E+43	1.197149E+44	8.278000E-4	9.910000E+37	5.000000E-1	0.000000E+0	1.000000E-1	8.000000E+0	1.000000E-1	8.000000E+0	1.000000E+0	5.030000E+2
2.418887E+1	-1.700000E+3	-1.699900E+0	-1.522100E-3	1.116812E+6	1.207180E+6	8.273000E-4	9.987000E-1	9.910000E+37	-1.522100E-3	-6.510742E+43	1.197873E+44	8.273000E-4	9.910000E+37	5.000000E-1	0.000000E+0	1.000000E-1	8.000000E+0	1.000000E-1	8.000000E+0	1.000000E+0	5.040000E+2
2.423660E+1	-1.600000E+3	-1.600700E+0	-1.448100E-3	1.105379E+6	1.213679E+6	8.246000E-4	1.000800E+0	9.910000E+37	-1.448100E-3	-6.843450E+43	1.201795E+44	8.246000E-4	9.910000E+37	5.000000E-1	0.000000E+0	1.000000E-1	8.000000E+0	1.000000E-1	8.000000E+0	1.000000E+0	5.050000E+2
2.428441E+1	-1.500000E+3	-1.499800E+0	-1.343400E-3	1.116421E+6	1.195221E+6	8.370000E-4	1.000400E+0	9.910000E+37	-1.343400E-3	-7.376805E+43	1.183990E+44	8.370000E-4	9.910000E+37	5.000000E-1	0.000000E+0	1.000000E-1	8.000000E+0	1.000000E-1	8.000000E+0	1.000000E+0	5.060000E+2
2.433226E+1	-1.400000E+3	-1.399200E+0	-1.244000E-3	1.124759E+6	1.206759E+6	8.285000E-4	9.998000E-1	9.910000E+37	-1.244000E-3	-7.966238E+43	1.196138E+44	8.285000E-4	9.910000E+37	5.000000E-1	0.000000E+0	1.000000E-1	8.000000E+0	1.000000E-1	8.000000E+0	1.000000E+0	5.070000E+2
2.438019E+1	-1.300000E+3	-1.299800E+0	-1.146300E-3	1.133909E+6	1.196268E+6	8.361000E-4	1.000200E+0	9.910000E+37	-1.146300E-3	-8.645206E+43	1.185265E+44	8.361000E-4	9.910000E+37	5.000000E-1	0.000000E+0	1.000000E-1	8.000000E+0	1.000000E-1	8.000000E+0	1.000000E+0	5.080000E+2
2.442810E+1	-1.200000E+3	-1.200100E+0	-1.057500E-3	1.134846E+6	1.210392E+6	8.256000E-4	9.993000E-1	9.910000E+37	-1.057500E-3	-9.371158E+43	1.200339E+44	8.256000E-4	9.910000E+37	5.000000E-1	0.000000E+0	1.000000E-1	8.000000E+0	1.000000E-1	8.000000E+0	1.000000E+0	5.090000E+2
2.447578E+1	-1.100000E+3	-1.101500E+0	-9.689000E-4	1.136856E+6	1.204866E+6	8.303000E-4	1.000400E+0	9.910000E+37	-9.689000E-4	-1.022809E+44	1.193545E+44	8.303000E-4	9.910000E+37	5.000000E-1	0.000000E+0	1.000000E-1	8.000000E+0	1.000000E-1	8.000000E+0	1.000000E+0	5.100000E+2
2.452369E+1	-1.000000E+3	-1.001400E+0	-8.842000E-4	1.132549E+6	1.225858E+6	8.160000E-4	1.000300E+0	9.910000E+37	-8.842000E-4	-1.120787E+44	1.214461E+44	8.160000E-4	9.910000E+37	5.000000E-1	0.000000E+0	1.000000E-1	8.000000E+0	1.000000E-1	8.000000E+0	1.000000E+0	5.110000E+2
2.457149E+1	-9.000000E+2	-9.004000E-1	-7.829000E-4	1.150083E+6	1.217068E+6	8.214000E-4	9.997000E-1	9.910000E+37	-7.829000E-4	-1.265807E+44	1.206477E+44	8.214000E-4	9.910000E+37	5.000000E-1	0.000000E+0	1.000000E-1	8.000000E+0	1.000000E-1	8.000000E+0	1.000000E+0	5.120000E+2
2.461922E+1	-8.000000E+2	-7.997000E-1	-6.939000E-4	1.152472E+6	1.197126E+6	8.350000E-4	9.996000E-1	9.910000E+37	-6.939000E-4	-1.428160E+44	1.186826E+44	8.350000E-4	9.910000E+37	5.000000E-1	0.000000E+0	1.000000E-1	8.000000E+0	1.000000E-1	8.000000E+0	1.000000E+0	5.130000E+2
2.466716E+1	-7.000000E+2	-7.000000E-1	-6.044000E-4	1.158173E+6	1.231509E+6	8.112000E-4	9.990000E-1	9.910000E+37	-6.044000E-4	-1.639643E+44	1.221647E+44	8.112000E-4	9.910000E+37	5.000000E-1	0.000000E+0	1.000000E-1	8.000000E+0	1.000000E-1	8.000000E+0	1.000000E+0	5.140000E+2
2.471495E+1	-6.000000E+2	-5.999000E-1	-5.101000E-4	1.176044E+6	1.202212E+6	8.318000E-4	1.000000E+0	9.910000E+37	-5.101000E-4	-1.942756E+44	1.191392E+44	8.318000E-4	9.910000E+37	5.000000E-1	0.000000E+0	1.000000E-1	8.000000E+0	1.000000E-1	8.000000E+0	1.000000E+0	5.150000E+2
2.476262E+1	-5.000000E+2	-4.992000E-1	-4.233000E-4	1.179305E+6	1.206269E+6	8.295000E-4	1.000600E+0	9.910000E+37	-4.233000E-4	-2.341129E+44	1.194696E+44	8.295000E-4	9.910000E+37	5.000000E-1	0.000000E+0	1.000000E-1	8.000000E+0	1.000000E-1	8.000000E+0	1.000000E+0	5.160000E+2
2.481035E+1	-4.000000E+2	-4.001000E-1	-3.381000E-4	1.183378E+6	1.203902E+6	8.303000E-4	9.996000E-1	9.910000E+37	-3.381000E-4	-2.931085E+44	1.193545E+44	8.303000E-4	9.910000E+37	5.000000E-1	0.000000E+0	1.000000E-1	8.000000E+0	1.000000E-1	8.000000E+0	1.000000E+0	5.170000E+2
2.485821E+1	-3.000000E+2	-2.999000E-1	-2.675000E-4	1.121121E+6	1.224505E+6	8.178000E-4	1.001400E+0	9.910000E+37	-2.675000E-4	-3.704673E+44	1.211788E+44	8.178000E-4	9.910000E+37	5.000000E-1	0.000000E+0	1.000000E-1	8.000000E+0	1.000000E-1	8.000000E+0	1.000000E+0	5.180000E+2
2.490599E+1	-2.000000E+2	-1.996000E-1	-1.738000E-4	1.148446E+6	1.222263E+6	8.175000E-4	9.992000E-1	9.910000E+37	-1.738000E-4	-5.701956E+44	1.212232E+44	8.175000E-4	9.910000E+37	5.000000E-1	0.000000E+0	1.000000E-1	8.000000E+0	1.000000E-1	8.000000E+0	1.000000E+0	5.190000E+2
2.495393E+1	-1.000000E+2	-9.880000E-2	-9.240000E-5	1.069264E+6	1.214589E+6	8.239000E-4	1.000700E+0	9.910000E+37	-9.240000E-5	-1.072511E+45	1.202816E+44	8.239000E-4	9.910000E+37	5.000000E-1	0.000000E+0	1.000000E-1	8.000000E+0	1.000000E-1	8.000000E+0	1.000000E+0	5.200000E+2
2.500168E+1	0.000000E+0	1.000000E-4	-9.900000E-6	-1.010101E+4	1.209044E+6	8.271000E-4	1.000000E+0	9.910000E+37	-9.900000E-6	-1.001010E+46	1.198162E+44	8.271000E-4	9.910000E+37	5.000000E-1	0.000000E+0	1.000000E-1	8.000000E+0	1.000000E-1	8.000000E+0	1.000000E+0	5.210000E+2
2.504963E+1	1.000000E+2	1.001000E-1	5.530000E-5	1.810127E+6	1.222535E+6	8.174000E-4	9.993000E-1	9.910000E+37	5.530000E-5	1.792043E+45	1.212381E+44	8.174000E-4	9.910000E+37	5.000000E-1	0.000000E+0	1.000000E-1	8.000000E+0	1.000000E-1	8.000000E+0	1.000000E+0	5.220000E+2
2.509730E+1	2.000000E+2	1.994000E-1	1.449000E-4	1.376121E+6	1.224547E+6	8.172000E-4	1.000700E+0	9.910000E+37	1.449000E-4	6.839199E+44	1.212677E+44	8.172000E-4	9.910000E+37	5.000000E-1	0.000000E+0	1.000000E-1	8.000000E+0	1.000000E-1	8.000000E+0	1.000000E+0	5.230000E+2
2.514492E+1	3.000000E+2	2.996000E-1	2.180000E-4	1.374312E+6	1.223691E+6	8.172000E-4	1.000000E+0	9.910000E+37	2.180000E-4	4.545872E+44	1.212677E+44	8.172000E-4	9.910000E+37	5.000000E-1	0.000000E+0	1.000000E-1	8.000000E+0	1.000000E-1	8.000000E+0	1.000000E+0	5.240000E+2
2.519262E+1	4.000000E+2	4.006000E-1	3.134000E-4	1.278239E+6	1.218796E+6	8.204000E-4	9.999000E-1	9.910000E+37	3.134000E-4	3.162093E+44	1.207947E+44	8.204000E-4	9.910000E+37	5.000000E-1	0.000000E+0	1.000000E-1	8.000000E+0	1.000000E-1	8.000000E+0	1.000000E+0	5.250000E+2
2.524039E+1	5.000000E+2	5.011000E-1	4.025000E-4	1.244969E+6	1.211890E+6	8.259000E-4	1.000900E+0	9.910000E+37	4.025000E-4	2.462112E+44	1.199903E+44	8.259000E-4	9.910000E+37	5.000000E-1	0.000000E+0	1.000000E-1	8.000000E+0	1.000000E-1	8.000000E+0	1.000000E+0	5.260000E+2
2.528815E+1	6.000000E+2	6.004000E-1	4.739000E-4	1.266934E+6	1.235614E+6	8.098000E-4	1.000600E+0	9.910000E+37	4.739000E-4	2.091158E+44	1.223759E+44	8.098000E-4	9.910000E+37	5.000000E-1	0.000000E+0	1.000000E-1	8.000000E+0	1.000000E-1	8.000000E+0	1.000000E+0	5.270000E+2
2.533582E+1	7.000000E+2	7.003000E-1	5.495000E-4	1.274431E+6	1.232733E+6	8.108000E-4	9.995000E-1	9.910000E+37	5.495000E-4	1.803458E+44	1.222250E+44	8.108000E-4	9.910000E+37	5.000000E-1	0.000000E+0	1.000000E-1	8.000000E+0	1.000000E-1	8.000000E+0	1.000000E+0	5.280000E+2
2.538360E+1	8.000000E+2	8.006000E-1	6.443000E-4	1.242589E+6	1.230334E+6	8.123000E-4	9.994000E-1	9.910000E+37	6.443000E-4	1.538103E+44	1.219993E+44	8.123000E-4	9.910000E+37	5.000000E-1	0.000000E+0	1.000000E-1	8.000000E+0	1.000000E-1	8.000000E+0	1.000000E+0	5.290000E+2
2.543149E+1	9.000000E+2	9.003000E-1	7.245000E-4	1.242650E+6	1.232220E+6	8.113000E-4	9.997000E-1	9.910000E+37	7.245000E-4	1.367840E+44	1.221496E+44	8.113000E-4	9.910000E+37	5.000000E-1	0.000000E+0	1.000000E-1	8.000000E+0	1.000000E-1	8.000000E+0	1.000000E+0	5.300000E+2
2.547919E+1	1.000000E+3	1.000300E+0	8.153000E-4	1.226910E+6	1.227680E+6	8.143000E-4	9.997000E-1	9.910000E+37	8.153000E-4	1.215503E+44	1.216996E+44	8.143000E-4	9.910000E+37	5.000000E-1	0.000000E+0	1.000000E-1	8.000000E+0	1.000000E-1	8.000000E+0	1.000000E+0	5.310000E+2
2.552693E+1	1.100000E+3	1.100800E+0	9.106000E-4	1.208873E+6	1.241679E+6	8.052000E-4	9.998000E-1	9.910000E+37	9.106000E-4	1.088293E+44	1.230750E+44	8.052000E-4	9.910000E+37	5.000000E-1	0.000000E+0	1.000000E-1	8.000000E+0	1.000000E-1	8.000000E+0	1.000000E+0	5.320000E+2
2.557471E+1	1.200000E+3	1.200600E+0	9.976000E-4	1.203488E+6	1.219283E+6	8.204000E-4	1.000300E+0	9.910000E+37	9.976000E-4	9.933841E+43	1.207947E+44	8.204000E-4	9.910000E+37	5.000000E-1	0.000000E+0	1.000000E-1	8.000000E+0	1.000000E-1	8.000000E+0	1.000000E+0	5.330000E+2
2.562232E+1	1.300000E+3	1.298900E+0	1.077000E-3	1.206035E+6	1.234321E+6	8.100000E-4	9.998000E-1	9.910000E+37	1.077000E-3	9.201486E+43	1.223457E+44	8.100000E-4	9.910000E+37	5.000000E-1	0.000000E+0	1.000000E-1	8.000000E+0	1.000000E-1	8.000000E+0	1.000000E+0	5.340000E+2
2.567013E+1	1.400000E+3	1.400400E+0	1.179200E-3	1.187585E+6	1.228122E+6	8.136000E-4	9.992000E-1	9.910000E+37	1.179200E-3	8.404003E+43	1.218043E+44	8.136000E-4	9.910000E+37	5.000000E-1	0.000000E+0	1.000000E-1	8.000000E+0	1.000000E-1	8.000000E+0	1.000000E+0	5.350000E+2
2.571790E+1	1.500000E+3	1.500500E+0	1.275000E-3	1.176863E+6	1.257078E+6	7.947000E-4	9.990000E-1	9.910000E+37	1.275000E-3	7.772549E+43	1.247011E+44	7.947000E-4	9.910000E+37	5.000000E-1	0.000000E+0	1.000000E-1	8.000000E+0	1.000000E-1	8.000000E+0	1.000000E+0	5.360000E+2
2.576594E+1	1.600000E+3	1.599000E+0	1.357600E-3	1.177814E+6	1.242605E+6	8.046000E-4	9.998000E-1	9.910000E+37	1.357600E-3	7.299646E+43	1.231668E+44	8.046000E-4	9.910000E+37	5.000000E-1	0.000000E+0	1.000000E-1	8.000000E+0	1.000000E-1	8.000000E+0	1.000000E+0	5.370000E+2
2.581391E+1	1.700000E+3	1.700400E+0	1.471100E-3	1.155870E+6	1.238237E+6	8.076000E-4	1.000000E+0	9.910000E+37	1.471100E-3	6.736456E+43	1.227093E+44	8.076000E-4	9.910000E+37	5.000000E-1	0.000000E+0	1.000000E-1	8.000000E+0	1.000000E-1	8.000000E+0	1.000000E+0	5.380000E+2
2.586150E+1	1.800000E+3	1.799900E+0	1.585300E-3	1.135369E+6	1.241242E+6	8.050000E-4	9.992000E-1	9.910000E+37	1.585300E-3	6.251183E+43	1.231056E+44	8.050000E-4	9.910000E+37	5.000000E-1	0.000000E+0	1.000000E-1	8.000000E+0	1.000000E-1	8.000000E+0	1.000000E+0	5.390000E+2
2.590922E+1	1.900000E+3	1.899700E+0	1.679000E-3	1.131447E+6	1.245513E+6	8.024000E-4	9.994000E-1	9.910000E+37	1.679000E-3	5.902323E+43	1.235045E+44	8.024000E-4	9.910000E+37	5.000000E-1	0.000000E+0	1.000000E-1	8.000000E+0	1.000000E-1	8.000000E+0	1.000000E+0	5.400000E+2
2.595710E+1	2.000000E+3	2.000200E+0	1.785000E-3	1.120560E+6	1.234786E+6	8.101000E-4	1.000300E+0	9.910000E+37	1.785000E-3	5.551821E+43	1.223306E+44	8.101000E-4	9.910000E+37	5.000000E-1	0.000000E+0	1.000000E-1	8.000000E+0	1.000000E-1	8.000000E+0	1.000000E+0	5.410000E+2
2.600480E+1	2.100000E+3	2.099700E+0	1.903500E-3	1.103073E+6	1.227128E+6	8.154000E-4	1.000600E+0	9.910000E+37	1.903500E-3	5.206199E+43	1.215354E+44	8.154000E-4	9.910000E+37	5.000000E-1	0.000000E+0	1.000000E-1	8.000000E+0	1.000000E-1	8.000000E+0	1.000000E+0	5.420000E+2
2.605269E+1	2.200000E+3	2.201400E+0	2.006800E-3	1.096970E+6	1.240392E+6	8.066000E-4	1.000500E+0	9.910000E+37	2.006800E-3	4.938210E+43	1.228614E+44	8.066000E-4	9.910000E+37	5.000000E-1	0.000000E+0	1.000000E-1	8.000000E+0	1.000000E-1	8.000000E+0	1.000000E+0	5.430000E+2
2.610036E+1	2.300000E+3	2.300800E+0	2.120700E-3	1.084925E+6	1.236348E+6	8.094000E-4	1.000700E+0	9.910000E+37	2.120700E-3	4.672985E+43	1.224364E+44	8.094000E-4	9.910000E+37	5.000000E-1	0.000000E+0	1.000000E-1	8.000000E+0	1.000000E-1	8.000000E+0	1.000000E+0	5.440000E+2
2.614801E+1	2.400000E+3	2.399800E+0	2.232900E-3	1.074746E+6	1.242545E+6	8.048000E-4	1.000000E+0	9.910000E+37	2.232900E-3	4.438175E+43	1.231362E+44	8.048000E-4	9.910000E+37	5.000000E-1	0.000000E+0	1.000000E-1	8.000000E+0	1.000000E-1	8.000000E+0	1.000000E+0	5.450000E+2
2.619581E+1	2.500000E+3	2.499900E+0	2.359100E-3	1.059684E+6	1.249625E+6	7.992000E-4	9.987000E-1	9.910000E+37	2.359100E-3	4.200755E+43	1.239990E+44	7.992000E-4	9.910000E+37	5.000000E-1	0.000000E+0	1.000000E-1	8.000000E+0	1.000000E-1	8.000000E+0	1.000000E+0	5.460000E+2
2.624385E+1	2.600000E+3	2.599400E+0	2.466100E-3	1.054053E+6	1.240541E+6	8.061000E-4	1.000000E+0	9.910000E+37	2.466100E-3	4.018491E+43	1.229376E+44	8.061000E-4	9.910000E+37	5.000000E-1	0.000000E+0	1.000000E-1	8.000000E+0	1.000000E-1	8.000000E+0	1.000000E+0	5.470000E+2
2.629179E+1	2.700000E+3	2.700200E+0	2.593400E-3	1.041181E+6	1.237282E+6	8.079000E-4	9.996000E-1	9.910000E+37	2.593400E-3	3.821239E+43	1.226637E+44	8.079000E-4	9.910000E+37	5.000000E-1	0.000000E+0	1.000000E-1	8.000000E+0	1.000000E-1	8.000000E+0	1.000000E+0	5.480000E+2
2.633959E+1	2.800000E+3	2.800100E+0	2.713800E-3	1.031800E+6	1.253666E+6	7.979000E-4	1.000300E+0	9.910000E+37	2.713800E-3	3.651706E+43	1.242010E+44	7.979000E-4	9.910000E+37	5.000000E-1	0.000000E+0	1.000000E-1	8.000000E+0	1.000000E-1	8.000000E+0	1.000000E+0	5.490000E+2
2.638749E+1	2.900000E+3	2.899600E+0	2.844000E-3	1.019550E+6	1.234531E+6	8.097000E-4	9.996000E-1	9.910000E+37	2.844000E-3	3.484529E+43	1.223910E+44	8.097000E-4	9.910000E+37	5.000000E-1	0.000000E+0	1.000000E-1	8.000000E+0	1.000000E-1	8.000000E+0	1.000000E+0	5.500000E+2
2.643518E+1	3.000000E+3	3.000400E+0	2.981000E-3	1.006508E+6	1.236465E+6	8.090000E-4	1.000300E+0	9.910000E+37	2.981000E-3	3.324388E+43	1.224969E+44	8.090000E-4	9.910000E+37	5.000000E-1	0.000000E+0	1.000000E-1	8.000000E+0	1.000000E-1	8.000000E+0	1.000000E+0	5.510000E+2
2.648311E+1	3.100000E+3	3.099200E+0	3.100700E-3	9.995162E+5	1.231158E+6	8.120000E-4	9.997000E-1	9.910000E+37	3.100700E-3	3.196053E+43	1.220443E+44	8.120000E-4	9.910000E+37	5.000000E-1	0.000000E+0	1.000000E-1	8.000000E+0	1.000000E-1	8.000000E+0	1.000000E+0	5.520000E+2
2.653088E+1	3.200000E+3	3.200100E+0	3.236300E-3	9.888144E+5	1.262479E+6	7.913000E-4	9.990000E-1	9.910000E+37	3.236300E-3	3.062139E+43	1.252370E+44	7.913000E-4	9.910000E+37	5.000000E-1	0.000000E+0	1.000000E-1	8.000000E+0	1.000000E-1	8.000000E+0	1.000000E+0	5.530000E+2
2.657875E+1	3.300000E+3	3.298900E+0	3.357600E-3	9.825173E+5	1.237783E+6	8.083000E-4	1.000500E+0	9.910000E+37	3.357600E-3	2.951513E+43	1.226030E+44	8.083000E-4	9.910000E+37	5.000000E-1	0.000000E+0	1.000000E-1	8.000000E+0	1.000000E-1	8.000000E+0	1.000000E+0	5.540000E+2
2.662651E+1	3.400000E+3	3.401600E+0	3.512900E-3	9.683168E+5	1.239287E+6	8.074000E-4	1.000600E+0	9.910000E+37	3.512900E-3	2.821031E+43	1.227397E+44	8.074000E-4	9.910000E+37	5.000000E-1	0.000000E+0	1.000000E-1	8.000000E+0	1.000000E-1	8.000000E+0	1.000000E+0	5.550000E+2
2.667416E+1	3.500000E+3	3.499700E+0	3.642800E-3	9.607170E+5	1.250594E+6	7.993000E-4	9.996000E-1	9.910000E+37	3.642800E-3	2.720435E+43	1.239835E+44	7.993000E-4	9.910000E+37	5.000000E-1	0.000000E+0	1.000000E-1	8.000000E+0	1.000000E-1	8.000000E+0	1.000000E+0	5.560000E+2
2.672210E+1	3.600000E+3	3.600000E+0	3.785700E-3	9.509470E+5	1.237529E+6	8.079000E-4	9.998000E-1	9.910000E+37	3.785700E-3	2.617746E+43	1.226637E+44	8.079000E-4	9.910000E+37	5.000000E-1	0.000000E+0	1.000000E-1	8.000000E+0	1.000000E-1	8.000000E+0	1.000000E+0	5.570000E+2
2.676981E+1	3.700000E+3	3.699400E+0	3.927000E-3	9.420423E+5	1.229881E+6	8.139000E-4	1.001000E+0	9.910000E+37	3.927000E-3	2.523555E+43	1.217594E+44	8.139000E-4	9.910000E+37	5.000000E-1	0.000000E+0	1.000000E-1	8.000000E+0	1.000000E-1	8.000000E+0	1.000000E+0	5.580000E+2
2.681767E+1	3.800000E+3	3.800800E+0	4.067000E-3	9.345463E+5	1.241247E+6	8.054000E-4	9.997000E-1	9.910000E+37	4.067000E-3	2.436686E+43	1.230444E+44	8.054000E-4	9.910000E+37	5.000000E-1	0.000000E+0	1.000000E-1	8.000000E+0	1.000000E-1	8.000000E+0	1.000000E+0	5.590000E+2
2.686535E+1	3.900000E+3	3.899200E+0	4.208800E-3	9.264398E+5	1.234336E+6	8.108000E-4	1.000800E+0	9.910000E+37	4.208800E-3	2.354590E+43	1.222250E+44	8.108000E-4	9.910000E+37	5.000000E-1	0.000000E+0	1.000000E-1	8.000000E+0	1.000000E-1	8.000000E+0	1.000000E+0	5.600000E+2
2.691301E+1	4.000000E+3	4.000600E+0	4.352000E-3	9.192555E+5	1.232959E+6	8.113000E-4	1.000300E+0	9.910000E+37	4.352000E-3	2.277114E+43	1.221496E+44	8.113000E-4	9.910000E+37	5.000000E-1	0.000000E+0	1.000000E-1	8.000000E+0	1.000000E-1	8.000000E+0	1.000000E+0	5.610000E+2
2.696076E+1	4.100000E+3	4.098800E+0	4.499200E-3	9.110064E+5	1.232971E+6	8.104000E-4	9.992000E-1	9.910000E+37	4.499200E-3	2.202614E+43	1.222853E+44	8.104000E-4	9.910000E+37	5.000000E-1	0.000000E+0	1.000000E-1	8.000000E+0	1.000000E-1	8.000000E+0	1.000000E+0	5.620000E+2
2.700864E+1	4.200000E+3	4.200200E+0	4.645700E-3	9.041049E+5	1.251817E+6	7.982000E-4	9.992000E-1	9.910000E+37	4.645700E-3	2.133155E+43	1.241543E+44	7.982000E-4	9.910000E+37	5.000000E-1	0.000000E+0	1.000000E-1	8.000000E+0	1.000000E-1	8.000000E+0	1.000000E+0	5.630000E+2
2.705633E+1	4.300000E+3	4.299700E+0	4.800800E-3	8.956216E+5	1.251095E+6	7.989000E-4	9.995000E-1	9.910000E+37	4.800800E-3	2.064239E+43	1.240456E+44	7.989000E-4	9.910000E+37	5.000000E-1	0.000000E+0	1.000000E-1	8.000000E+0	1.000000E-1	8.000000E+0	1.000000E+0	5.640000E+2
2.710403E+1	4.400000E+3	4.400400E+0	4.945500E-3	8.897786E+5	1.246296E+6	8.031000E-4	1.000900E+0	9.910000E+37	4.945500E-3	2.003842E+43	1.233968E+44	8.031000E-4	9.910000E+37	5.000000E-1	0.000000E+0	1.000000E-1	8.000000E+0	1.000000E-1	8.000000E+0	1.000000E+0	5.650000E+2
2.715175E+1	4.500000E+3	4.500000E+0	5.092200E-3	8.837045E+5	1.225589E+6	8.152000E-4	9.991000E-1	9.910000E+37	5.092200E-3	1.946114E+43	1.215653E+44	8.152000E-4	9.910000E+37	5.000000E-1	0.000000E+0	1.000000E-1	8.000000E+0	1.000000E-1	8.000000E+0	1.000000E+0	5.660000E+2
2.719954E+1	4.600000E+3	4.598900E+0	5.251400E-3	8.757474E+5	1.218975E+6	8.211000E-4	1.000900E+0	9.910000E+37	5.251400E-3	1.887116E+43	1.206918E+44	8.211000E-4	9.910000E+37	5.000000E-1	0.000000E+0	1.000000E-1	8.000000E+0	1.000000E-1	8.000000E+0	1.000000E+0	5.670000E+2
2.724714E+1	4.700000E+3	4.701600E+0	5.416300E-3	8.680465E+5	1.222480E+6	8.185000E-4	1.000600E+0	9.910000E+37	5.416300E-3	1.829662E+43	1.210751E+44	8.185000E-4	9.910000E+37	5.000000E-1	0.000000E+0	1.000000E-1	8.000000E+0	1.000000E-1	8.000000E+0	1.000000E+0	5.680000E+2
2.729489E+1	4.800000E+3	4.800000E+0	5.568000E-3	8.620690E+5	1.225985E+6	8.151000E-4	9.993000E-1	9.910000E+37	5.568000E-3	1.779813E+43	1.215802E+44	8.151000E-4	9.910000E+37	5.000000E-1	0.000000E+0	1.000000E-1	8.000000E+0	1.000000E-1	8.000000E+0	1.000000E+0	5.690000E+2
2.734261E+1	4.900000E+3	4.899700E+0	5.723800E-3	8.560222E+5	1.219477E+6	8.215000E-4	1.001800E+0	9.910000E+37	5.723800E-3	1.731367E+43	1.206330E+44	8.215000E-4	9.910000E+37	5.000000E-1	0.000000E+0	1.000000E-1	8.000000E+0	1.000000E-1	8.000000E+0	1.000000E+0	5.700000E+2
2.739053E+1	5.000000E+3	4.999800E+0	5.879000E-3	8.504508E+5	1.222168E+6	8.174000E-4	9.990000E-1	9.910000E+37	5.879000E-3	1.685661E+43	1.212381E+44	8.174000E-4	9.910000E+37	5.000000E-1	0.000000E+0	1.000000E-1	8.000000E+0	1.000000E-1	8.000000E+0	1.000000E+0	5.710000E+2
2.743820E+1	5.000000E+3	4.999400E+0	5.884500E-3	8.495879E+5	1.206365E+6	8.296000E-4	1.000800E+0	9.910000E+37	5.884500E-3	1.684085E+43	1.194552E+44	8.296000E-4	9.910000E+37	5.000000E-1	0.000000E+0	1.000000E-1	8.000000E+0	1.000000E-1	8.000000E+0	1.000000E+0	5.720000E+2
2.748586E+1	4.900000E+3	4.898800E+0	5.725600E-3	8.555959E+5	1.222616E+6	8.180000E-4	1.000100E+0	9.910000E+37	5.725600E-3	1.730823E+43	1.211491E+44	8.180000E-4	9.910000E+37	5.000000E-1	0.000000E+0	1.000000E-1	8.000000E+0	1.000000E-1	8.000000E+0	1.000000E+0	5.730000E+2
2.753369E+1	4.800000E+3	4.800400E+0	5.585800E-3	8.593935E+5	1.212787E+6	8.243000E-4	9.997000E-1	9.910000E+37	5.585800E-3	1.774142E+43	1.202232E+44	8.243000E-4	9.910000E+37	5.000000E-1	0.000000E+0	1.000000E-1	8.000000E+0	1.000000E-1	8.000000E+0	1.000000E+0	5.740000E+2
2.758156E+1	4.700000E+3	4.700000E+0	5.436300E-3	8.645586E+5	1.216878E+6	8.212000E-4	9.993000E-1	9.910000E+37	5.436300E-3	1.822931E+43	1.206771E+44	8.212000E-4	9.910000E+37	5.000000E-1	0.000000E+0	1.000000E-1	8.000000E+0	1.000000E-1	8.000000E+0	1.000000E+0	5.750000E+2
2.762930E+1	4.600000E+3	4.599800E+0	5.310200E-3	8.662197E+5	1.215753E+6	8.227000E-4	1.000200E+0	9.910000E+37	5.310200E-3	1.866220E+43	1.204570E+44	8.227000E-4	9.910000E+37	5.000000E-1	0.000000E+0	1.000000E-1	8.000000E+0	1.000000E-1	8.000000E+0	1.000000E+0	5.760000E+2
2.767720E+1	4.500000E+3	4.499300E+0	5.138800E-3	8.755546E+5	1.231982E+6	8.117000E-4	1.000000E+0	9.910000E+37	5.138800E-3	1.928466E+43	1.220894E+44	8.117000E-4	9.910000E+37	5.000000E-1	0.000000E+0	1.000000E-1	8.000000E+0	1.000000E-1	8.000000E+0	1.000000E+0	5.770000E+2
2.772505E+1	4.400000E+3	4.399800E+0	5.006000E-3	8.789053E+5	1.215171E+6	8.226000E-4	9.996000E-1	9.910000E+37	5.006000E-3	1.979624E+43	1.204717E+44	8.226000E-4	9.910000E+37	5.000000E-1	0.000000E+0	1.000000E-1	8.000000E+0	1.000000E-1	8.000000E+0	1.000000E+0	5.780000E+2
2.777282E+1	4.300000E+3	4.300300E+0	4.859100E-3	8.849993E+5	1.236386E+6	8.080000E-4	9.990000E-1	9.910000E+37	4.859100E-3	2.039472E+43	1.226485E+44	8.080000E-4	9.910000E+37	5.000000E-1	0.000000E+0	1.000000E-1	8.000000E+0	1.000000E-1	8.000000E+0	1.000000E+0	5.790000E+2
2.782059E+1	4.200000E+3	4.200400E+0	4.705600E-3	8.926386E+5	1.228624E+6	8.140000E-4	1.000100E+0	9.910000E+37	4.705600E-3	2.106001E+43	1.217445E+44	8.140000E-4	9.910000E+37	5.000000E-1	0.000000E+0	1.000000E-1	8.000000E+0	1.000000E-1	8.000000E+0	1.000000E+0	5.800000E+2
2.786823E+1	4.100000E+3	4.099600E+0	4.566500E-3	8.977554E+5	1.224752E+6	8.169000E-4	1.000500E+0	9.910000E+37	4.566500E-3	2.170152E+43	1.213123E+44	8.169000E-4	9.910000E+37	5.000000E-1	0.000000E+0	1.000000E-1	8.000000E+0	1.000000E-1	8.000000E+0	1.000000E+0	5.810000E+2
2.791585E+1	4.000000E+3	3.999400E+0	4.420300E-3	9.047802E+5	1.225119E+6	8.169000E-4	1.000800E+0	9.910000E+37	4.420300E-3	2.241929E+43	1.213123E+44	8.169000E-4	9.910000E+37	5.000000E-1	0.000000E+0	1.000000E-1	8.000000E+0	1.000000E-1	8.000000E+0	1.000000E+0	5.820000E+2
2.796357E+1	3.900000E+3	3.900100E+0	4.282700E-3	9.106638E+5	1.237889E+6	8.071000E-4	9.991000E-1	9.910000E+37	4.282700E-3	2.313961E+43	1.227853E+44	8.071000E-4	9.910000E+37	5.000000E-1	0.000000E+0	1.000000E-1	8.000000E+0	1.000000E-1	8.000000E+0	1.000000E+0	5.830000E+2
2.801127E+1	3.800000E+3	3.799800E+0	4.135600E-3	9.188026E+5	1.213324E+6	8.241000E-4	9.999000E-1	9.910000E+37	4.135600E-3	2.396267E+43	1.202524E+44	8.241000E-4	9.910000E+37	5.000000E-1	0.000000E+0	1.000000E-1	8.000000E+0	1.000000E-1	8.000000E+0	1.000000E+0	5.840000E+2
2.805897E+1	3.700000E+3	3.699400E+0	3.999900E-3	9.248731E+5	1.223065E+6	8.177000E-4	1.000100E+0	9.910000E+37	3.999900E-3	2.477562E+43	1.211936E+44	8.177000E-4	9.910000E+37	5.000000E-1	0.000000E+0	1.000000E-1	8.000000E+0	1.000000E-1	8.000000E+0	1.000000E+0	5.850000E+2
2.810689E+1	3.600000E+3	3.600100E+0	3.860600E-3	9.325234E+5	1.219649E+6	8.204000E-4	1.000600E+0	9.910000E+37	3.860600E-3	2.566959E+43	1.207947E+44	8.204000E-4	9.910000E+37	5.000000E-1	0.000000E+0	1.000000E-1	8.000000E+0	1.000000E-1	8.000000E+0	1.000000E+0	5.860000E+2
2.815469E+1	3.500000E+3	3.499600E+0	3.723000E-3	9.399946E+5	1.206967E+6	8.296000E-4	1.001300E+0	9.910000E+37	3.723000E-3	2.661832E+43	1.194552E+44	8.296000E-4	9.910000E+37	5.000000E-1	0.000000E+0	1.000000E-1	8.000000E+0	1.000000E-1	8.000000E+0	1.000000E+0	5.870000E+2
2.820246E+1	3.400000E+3	3.399300E+0	3.582200E-3	9.489420E+5	1.218434E+6	8.213000E-4	1.000700E+0	9.910000E+37	3.582200E-3	2.766456E+43	1.206624E+44	8.213000E-4	9.910000E+37	5.000000E-1	0.000000E+0	1.000000E-1	8.000000E+0	1.000000E-1	8.000000E+0	1.000000E+0	5.880000E+2
2.825027E+1	3.300000E+3	3.299400E+0	3.445100E-3	9.577080E+5	1.216292E+6	8.225000E-4	1.000400E+0	9.910000E+37	3.445100E-3	2.876549E+43	1.204863E+44	8.225000E-4	9.910000E+37	5.000000E-1	0.000000E+0	1.000000E-1	8.000000E+0	1.000000E-1	8.000000E+0	1.000000E+0	5.890000E+2
2.829812E+1	3.200000E+3	3.200600E+0	3.320600E-3	9.638620E+5	1.214676E+6	8.231000E-4	9.998000E-1	9.910000E+37	3.320600E-3	2.984400E+43	1.203985E+44	8.231000E-4	9.910000E+37	5.000000E-1	0.000000E+0	1.000000E-1	8.000000E+0	1.000000E-1	8.000000E+0	1.000000E+0	5.900000E+2
2.834569E+1	3.100000E+3	3.100000E+0	3.187200E-3	9.726406E+5	1.217428E+6	8.205000E-4	9.989000E-1	9.910000E+37	3.187200E-3	3.109312E+43	1.207800E+44	8.205000E-4	9.910000E+37	5.000000E-1	0.000000E+0	1.000000E-1	8.000000E+0	1.000000E-1	8.000000E+0	1.000000E+0	5.910000E+2
2.839341E+1	3.000000E+3	2.999600E+0	3.053400E-3	9.823803E+5	1.201273E+6	8.327000E-4	1.000300E+0	9.910000E+37	3.053400E-3	3.245562E+43	1.190104E+44	8.327000E-4	9.910000E+37	5.000000E-1	0.000000E+0	1.000000E-1	8.000000E+0	1.000000E-1	8.000000E+0	1.000000E+0	5.920000E+2
2.844104E+1	2.900000E+3	2.901000E+0	2.928400E-3	9.906434E+5	1.206976E+6	8.286000E-4	1.000100E+0	9.910000E+37	2.928400E-3	3.384101E+43	1.195993E+44	8.286000E-4	9.910000E+37	5.000000E-1	0.000000E+0	1.000000E-1	8.000000E+0	1.000000E-1	8.000000E+0	1.000000E+0	5.930000E+2
2.848893E+1	2.800000E+3	2.799800E+0	2.790800E-3	1.003225E+6	1.218217E+6	8.212000E-4	1.000400E+0	9.910000E+37	2.790800E-3	3.550953E+43	1.206771E+44	8.212000E-4	9.910000E+37	5.000000E-1	0.000000E+0	1.000000E-1	8.000000E+0	1.000000E-1	8.000000E+0	1.000000E+0	5.940000E+2
2.853667E+1	2.700000E+3	2.700100E+0	2.665600E-3	1.012943E+6	1.221598E+6	8.186000E-4	1.000000E+0	9.910000E+37	2.665600E-3	3.717737E+43	1.210603E+44	8.186000E-4	9.910000E+37	5.000000E-1	0.000000E+0	1.000000E-1	8.000000E+0	1.000000E-1	8.000000E+0	1.000000E+0	5.950000E+2
2.858510E+1	2.600000E+3	2.599800E+0	2.547900E-3	1.020370E+6	1.205329E+6	8.294000E-4	9.997000E-1	9.910000E+37	2.547900E-3	3.889478E+43	1.194840E+44	8.294000E-4	9.910000E+37	5.000000E-1	0.000000E+0	1.000000E-1	8.000000E+0	1.000000E-1	8.000000E+0	1.000000E+0	5.960000E+2
2.863289E+1	2.500000E+3	2.498800E+0	2.412200E-3	1.035901E+6	1.210284E+6	8.265000E-4	1.000300E+0	9.910000E+37	2.412200E-3	4.108283E+43	1.199032E+44	8.265000E-4	9.910000E+37	5.000000E-1	0.000000E+0	1.000000E-1	8.000000E+0	1.000000E-1	8.000000E+0	1.000000E+0	5.970000E+2
2.868076E+1	2.400000E+3	2.400000E+0	2.286400E-3	1.049685E+6	1.205276E+6	8.301000E-4	1.000500E+0	9.910000E+37	2.286400E-3	4.334325E+43	1.193832E+44	8.301000E-4	9.910000E+37	5.000000E-1	0.000000E+0	1.000000E-1	8.000000E+0	1.000000E-1	8.000000E+0	1.000000E+0	5.980000E+2
2.872866E+1	2.300000E+3	2.299600E+0	2.168200E-3	1.060603E+6	1.221883E+6	8.189000E-4	1.000600E+0	9.910000E+37	2.168200E-3	4.570612E+43	1.210160E+44	8.189000E-4	9.910000E+37	5.000000E-1	0.000000E+0	1.000000E-1	8.000000E+0	1.000000E-1	8.000000E+0	1.000000E+0	5.990000E+2
2.877655E+1	2.200000E+3	2.200700E+0	2.062200E-3	1.067161E+6	1.203710E+6	8.301000E-4	9.992000E-1	9.910000E+37	2.062200E-3	4.805547E+43	1.193832E+44	8.301000E-4	9.910000E+37	5.000000E-1	0.000000E+0	1.000000E-1	8.000000E+0	1.000000E-1	8.000000E+0	1.000000E+0	6.000000E+2
2.882443E+1	2.100000E+3	2.098900E+0	1.942800E-3	1.080348E+6	1.219212E+6	8.193000E-4	9.989000E-1	9.910000E+37	1.942800E-3	5.100885E+43	1.209569E+44	8.193000E-4	9.910000E+37	5.000000E-1	0.000000E+0	1.000000E-1	8.000000E+0	1.000000E-1	8.000000E+0	1.000000E+0	6.010000E+2
2.887208E+1	2.000000E+3	1.999900E+0	1.826600E-3	1.094876E+6	1.206156E+6	8.285000E-4	9.993000E-1	9.910000E+37	1.826600E-3	5.425380E+43	1.196138E+44	8.285000E-4	9.910000E+37	5.000000E-1	0.000000E+0	1.000000E-1	8.000000E+0	1.000000E-1	8.000000E+0	1.000000E+0	6.020000E+2
2.892004E+1	1.900000E+3	1.899200E+0	1.718400E-3	1.105214E+6	1.210673E+6	8.264000E-4	1.000500E+0	9.910000E+37	1.718400E-3	5.766993E+43	1.199177E+44	8.264000E-4	9.910000E+37	5.000000E-1	0.000000E+0	1.000000E-1	8.000000E+0	1.000000E-1	8.000000E+0	1.000000E+0	6.030000E+2
2.896781E+1	1.800000E+3	1.798800E+0	1.600700E-3	1.123758E+6	1.216904E+6	8.211000E-4	9.992000E-1	9.910000E+37	1.600700E-3	6.191041E+43	1.206918E+44	8.211000E-4	9.910000E+37	5.000000E-1	0.000000E+0	1.000000E-1	8.000000E+0	1.000000E-1	8.000000E+0	1.000000E+0	6.040000E+2
2.901549E+1	1.700000E+3	1.699600E+0	1.506500E-3	1.128178E+6	1.213445E+6	8.241000E-4	1.000000E+0	9.910000E+37	1.506500E-3	6.578161E+43	1.202524E+44	8.241000E-4	9.910000E+37	5.000000E-1	0.000000E+0	1.000000E-1	8.000000E+0	1.000000E-1	8.000000E+0	1.000000E+0	6.050000E+2
2.906328E+1	1.600000E+3	1.599300E+0	1.403400E-3	1.139590E+6	1.201538E+6	8.321000E-4	9.998000E-1	9.910000E+37	1.403400E-3	7.061422E+43	1.190963E+44	8.321000E-4	9.910000E+37	5.000000E-1	0.000000E+0	1.000000E-1	8.000000E+0	1.000000E-1	8.000000E+0	1.000000E+0	6.060000E+2
2.911097E+1	1.500000E+3	1.500400E+0	1.314000E-3	1.141857E+6	1.197769E+6	8.338000E-4	9.987000E-1	9.910000E+37	1.314000E-3	7.541857E+43	1.188534E+44	8.338000E-4	9.910000E+37	5.000000E-1	0.000000E+0	1.000000E-1	8.000000E+0	1.000000E-1	8.000000E+0	1.000000E+0	6.070000E+2
2.915868E+1	1.400000E+3	1.399600E+0	1.207200E-3	1.159377E+6	1.196555E+6	8.359000E-4	1.000200E+0	9.910000E+37	1.207200E-3	8.209079E+43	1.185549E+44	8.359000E-4	9.910000E+37	5.000000E-1	0.000000E+0	1.000000E-1	8.000000E+0	1.000000E-1	8.000000E+0	1.000000E+0	6.080000E+2
2.920639E+1	1.300000E+3	1.299300E+0	1.116300E-3	1.163934E+6	1.213358E+6	8.235000E-4	9.992000E-1	9.910000E+37	1.116300E-3	8.877542E+43	1.203400E+44	8.235000E-4	9.910000E+37	5.000000E-1	0.000000E+0	1.000000E-1	8.000000E+0	1.000000E-1	8.000000E+0	1.000000E+0	6.090000E+2
2.925416E+1	1.200000E+3	1.200400E+0	1.006600E-3	1.192529E+6	1.209330E+6	8.274000E-4	1.000600E+0	9.910000E+37	1.006600E-3	9.845023E+43	1.197728E+44	8.274000E-4	9.910000E+37	5.000000E-1	0.000000E+0	1.000000E-1	8.000000E+0	1.000000E-1	8.000000E+0	1.000000E+0	6.100000E+2
2.930191E+1	1.100000E+3	1.099400E+0	9.119000E-4	1.205615E+6	1.210259E+6	8.266000E-4	1.000400E+0	9.910000E+37	9.119000E-4	1.086742E+44	1.198887E+44	8.266000E-4	9.910000E+37	5.000000E-1	0.000000E+0	1.000000E-1	8.000000E+0	1.000000E-1	8.000000E+0	1.000000E+0	6.110000E+2
2.934960E+1	1.000000E+3	9.988000E-1	8.249000E-4	1.210813E+6	1.208711E+6	8.265000E-4	9.990000E-1	9.910000E+37	8.249000E-4	1.201358E+44	1.199032E+44	8.265000E-4	9.910000E+37	5.000000E-1	0.000000E+0	1.000000E-1	8.000000E+0	1.000000E-1	8.000000E+0	1.000000E+0	6.120000E+2
2.939720E+1	9.000000E+2	8.997000E-1	7.348000E-4	1.224415E+6	1.214043E+6	8.232000E-4	9.994000E-1	9.910000E+37	7.348000E-4	1.348666E+44	1.203839E+44	8.232000E-4	9.910000E+37	5.000000E-1	0.000000E+0	1.000000E-1	8.000000E+0	1.000000E-1	8.000000E+0	1.000000E+0	6.130000E+2
2.944500E+1	8.000000E+2	8.008000E-1	6.529000E-4	1.226528E+6	1.189813E+6	8.403000E-4	9.998000E-1	9.910000E+37	6.529000E-4	1.517843E+44	1.179341E+44	8.403000E-4	9.910000E+37	5.000000E-1	0.000000E+0	1.000000E-1	8.000000E+0	1.000000E-1	8.000000E+0	1.000000E+0	6.140000E+2
2.949257E+1	7.000000E+2	6.992000E-1	5.486000E-4	1.274517E+6	1.203272E+6	8.314000E-4	1.000400E+0	9.910000E+37	5.486000E-4	1.806416E+44	1.191965E+44	8.314000E-4	9.910000E+37	5.000000E-1	0.000000E+0	1.000000E-1	8.000000E+0	1.000000E-1	8.000000E+0	1.000000E+0	6.150000E+2
2.954027E+1	6.000000E+2	6.014000E-1	4.825000E-4	1.246425E+6	1.192207E+6	8.392000E-4	1.000500E+0	9.910000E+37	4.825000E-4	2.053886E+44	1.180887E+44	8.392000E-4	9.910000E+37	5.000000E-1	0.000000E+0	1.000000E-1	8.000000E+0	1.000000E-1	8.000000E+0	1.000000E+0	6.160000E+2
2.958793E+1	5.000000E+2	5.000000E-1	3.855000E-4	1.297017E+6	1.189604E+6	8.407000E-4	1.000100E+0	9.910000E+37	3.855000E-4	2.570687E+44	1.178780E+44	8.407000E-4	9.910000E+37	5.000000E-1	0.000000E+0	1.000000E-1	8.000000E+0	1.000000E-1	8.000000E+0	1.000000E+0	6.170000E+2
2.963568E+1	4.000000E+2	3.993000E-1	3.125000E-4	1.277760E+6	1.179793E+6	8.482000E-4	1.000700E+0	9.910000E+37	3.125000E-4	3.171200E+44	1.168357E+44	8.482000E-4	9.910000E+37	5.000000E-1	0.000000E+0	1.000000E-1	8.000000E+0	1.000000E-1	8.000000E+0	1.000000E+0	6.180000E+2
2.968366E+1	3.000000E+2	2.997000E-1	2.306000E-4	1.299653E+6	1.184953E+6	8.440000E-4	1.000100E+0	9.910000E+37	2.306000E-4	4.297485E+44	1.174171E+44	8.440000E-4	9.910000E+37	5.000000E-1	0.000000E+0	1.000000E-1	8.000000E+0	1.000000E-1	8.000000E+0	1.000000E+0	6.190000E+2
2.973302E+1	2.000000E+2	1.996000E-1	1.474000E-4	1.354138E+6	1.173032E+6	8.536000E-4	1.001300E+0	9.910000E+37	1.474000E-4	6.723202E+44	1.160965E+44	8.536000E-4	9.910000E+37	5.000000E-1	0.000000E+0	1.000000E-1	8.000000E+0	1.000000E-1	8.000000E+0	1.000000E+0	6.200000E+2
2.978070E+1	1.000000E+2	1.001000E-1	6.900000E-5	1.450725E+6	1.189157E+6	8.411000E-4	1.000200E+0	9.910000E+37	6.900000E-5	1.436232E+45	1.178219E+44	8.411000E-4	9.910000E+37	5.000000E-1	0.000000E+0	1.000000E-1	8.000000E+0	1.000000E-1	8.000000E+0	1.000000E+0	6.210000E+2
2.982837E+1	0.000000E+0	-7.000000E-4	-1.880000E-5	3.723404E+4	1.187121E+6	8.417000E-4	9.992000E-1	9.910000E+37	-1.880000E-5	-5.271277E+45	1.177379E+44	8.417000E-4	9.910000E+37	5.000000E-1	0.000000E+0	1.000000E-1	8.000000E+0	1.000000E-1	8.000000E+0	1.000000E+0	6.220000E+2
2.987616E+1	-1.000000E+2	-1.014000E-1	-1.178000E-4	8.607810E+5	1.205493E+6	8.302000E-4	1.000800E+0	9.910000E+37	-1.178000E-4	-8.412564E+44	1.193688E+44	8.302000E-4	9.910000E+37	5.000000E-1	0.000000E+0	1.000000E-1	8.000000E+0	1.000000E-1	8.000000E+0	1.000000E+0	6.230000E+2
2.992388E+1	-2.000000E+2	-2.011000E-1	-1.973000E-4	1.019260E+6	1.194368E+6	8.381000E-4	1.001000E+0	9.910000E+37	-1.973000E-4	-5.022808E+44	1.182436E+44	8.381000E-4	9.910000E+37	5.000000E-1	0.000000E+0	1.000000E-1	8.000000E+0	1.000000E-1	8.000000E+0	1.000000E+0	6.240000E+2
2.997170E+1	-3.000000E+2	-3.007000E-1	-2.671000E-4	1.125796E+6	1.192675E+6	8.382000E-4	9.997000E-1	9.910000E+37	-2.671000E-4	-3.710221E+44	1.182295E+44	8.382000E-4	9.910000E+37	5.000000E-1	0.000000E+0	1.000000E-1	8.000000E+0	1.000000E-1	8.000000E+0	1.000000E+0	6.250000E+2
3.001960E+1	-4.000000E+2	-3.994000E-1	-3.505000E-4	1.139515E+6	1.174924E+6	8.518000E-4	1.000800E+0	9.910000E+37	-3.505000E-4	-2.827389E+44	1.163419E+44	8.518000E-4	9.910000E+37	5.000000E-1	0.000000E+0	1.000000E-1	8.000000E+0	1.000000E-1	8.000000E+0	1.000000E+0	6.260000E+2
3.006727E+1	-5.000000E+2	-5.007000E-1	-4.422000E-4	1.132293E+6	1.182506E+6	8.460000E-4	1.000400E+0	9.910000E+37	-4.422000E-4	-2.241067E+44	1.171395E+44	8.460000E-4	9.910000E+37	5.000000E-1	0.000000E+0	1.000000E-1	8.000000E+0	1.000000E-1	8.000000E+0	1.000000E+0	6.270000E+2
3.011494E+1	-6.000000E+2	-5.997000E-1	-5.297000E-4	1.132150E+6	1.185159E+6	8.436000E-4	9.998000E-1	9.910000E+37	-5.297000E-4	-1.870870E+44	1.174727E+44	8.436000E-4	9.910000E+37	5.000000E-1	0.000000E+0	1.000000E-1	8.000000E+0	1.000000E-1	8.000000E+0	1.000000E+0	6.280000E+2
3.016266E+1	-7.000000E+2	-7.008000E-1	-6.170000E-4	1.135818E+6	1.182399E+6	8.454000E-4	9.996000E-1	9.910000E+37	-6.170000E-4	-1.606159E+44	1.172226E+44	8.454000E-4	9.910000E+37	5.000000E-1	0.000000E+0	1.000000E-1	8.000000E+0	1.000000E-1	8.000000E+0	1.000000E+0	6.290000E+2
3.021039E+1	-8.000000E+2	-8.003000E-1	-7.298000E-4	1.096602E+6	1.180734E+6	8.471000E-4	1.000200E+0	9.910000E+37	-7.298000E-4	-1.357906E+44	1.169874E+44	8.471000E-4	9.910000E+37	5.000000E-1	0.000000E+0	1.000000E-1	8.000000E+0	1.000000E-1	8.000000E+0	1.000000E+0	6.300000E+2
3.025818E+1	-9.000000E+2	-8.996000E-1	-8.188000E-4	1.098681E+6	1.191867E+6	8.386000E-4	9.995000E-1	9.910000E+37	-8.188000E-4	-1.210308E+44	1.181731E+44	8.386000E-4	9.910000E+37	5.000000E-1	0.000000E+0	1.000000E-1	8.000000E+0	1.000000E-1	8.000000E+0	1.000000E+0	6.310000E+2
3.030607E+1	-1.000000E+3	-1.000100E+0	-9.101000E-4	1.098890E+6	1.172410E+6	8.532000E-4	1.000300E+0	9.910000E+37	-9.101000E-4	-1.088891E+44	1.161510E+44	8.532000E-4	9.910000E+37	5.000000E-1	0.000000E+0	1.000000E-1	8.000000E+0	1.000000E-1	8.000000E+0	1.000000E+0	6.320000E+2
3.035384E+1	-1.100000E+3	-1.099900E+0	-1.005500E-3	1.093884E+6	1.181356E+6	8.464000E-4	9.999000E-1	9.910000E+37	-1.005500E-3	-9.855793E+43	1.170841E+44	8.464000E-4	9.910000E+37	5.000000E-1	0.000000E+0	1.000000E-1	8.000000E+0	1.000000E-1	8.000000E+0	1.000000E+0	6.330000E+2
3.040206E+1	-1.200000E+3	-1.200000E+0	-1.115300E-3	1.075944E+6	1.176056E+6	8.503000E-4	1.000000E+0	9.910000E+37	-1.115300E-3	-8.885502E+43	1.165471E+44	8.503000E-4	9.910000E+37	5.000000E-1	0.000000E+0	1.000000E-1	8.000000E+0	1.000000E-1	8.000000E+0	1.000000E+0	6.340000E+2
3.044972E+1	-1.300000E+3	-1.299800E+0	-1.213900E-3	1.070764E+6	1.173275E+6	8.524000E-4	1.000100E+0	9.910000E+37	-1.213900E-3	-8.163770E+43	1.162600E+44	8.524000E-4	9.910000E+37	5.000000E-1	0.000000E+0	1.000000E-1	8.000000E+0	1.000000E-1	8.000000E+0	1.000000E+0	6.350000E+2
3.049764E+1	-1.400000E+3	-1.399700E+0	-1.317900E-3	1.062068E+6	1.179275E+6	8.473000E-4	9.992000E-1	9.910000E+37	-1.317900E-3	-7.519539E+43	1.169598E+44	8.473000E-4	9.910000E+37	5.000000E-1	0.000000E+0	1.000000E-1	8.000000E+0	1.000000E-1	8.000000E+0	1.000000E+0	6.360000E+2
3.054541E+1	-1.500000E+3	-1.499900E+0	-1.425800E-3	1.051971E+6	1.180295E+6	8.475000E-4	1.000300E+0	9.910000E+37	-1.425800E-3	-6.950484E+43	1.169322E+44	8.475000E-4	9.910000E+37	5.000000E-1	0.000000E+0	1.000000E-1	8.000000E+0	1.000000E-1	8.000000E+0	1.000000E+0	6.370000E+2
3.059307E+1	-1.600000E+3	-1.600200E+0	-1.521000E-3	1.052071E+6	1.175544E+6	8.505000E-4	9.998000E-1	9.910000E+37	-1.521000E-3	-6.515450E+43	1.165197E+44	8.505000E-4	9.910000E+37	5.000000E-1	0.000000E+0	1.000000E-1	8.000000E+0	1.000000E-1	8.000000E+0	1.000000E+0	6.380000E+2
3.064072E+1	-1.700000E+3	-1.699700E+0	-1.630000E-3	1.042761E+6	1.186921E+6	8.426000E-4	1.000100E+0	9.910000E+37	-1.630000E-3	-6.079755E+43	1.176122E+44	8.426000E-4	9.910000E+37	5.000000E-1	0.000000E+0	1.000000E-1	8.000000E+0	1.000000E-1	8.000000E+0	1.000000E+0	6.390000E+2
3.068842E+1	-1.800000E+3	-1.798800E+0	-1.736500E-3	1.035877E+6	1.177961E+6	8.485000E-4	9.995000E-1	9.910000E+37	-1.736500E-3	-5.706882E+43	1.167943E+44	8.485000E-4	9.910000E+37	5.000000E-1	0.000000E+0	1.000000E-1	8.000000E+0	1.000000E-1	8.000000E+0	1.000000E+0	6.400000E+2
3.073614E+1	-1.900000E+3	-1.900400E+0	-1.844800E-3	1.030139E+6	1.168476E+6	8.565000E-4	1.000800E+0	9.910000E+37	-1.844800E-3	-5.371856E+43	1.157034E+44	8.565000E-4	9.910000E+37	5.000000E-1	0.000000E+0	1.000000E-1	8.000000E+0	1.000000E-1	8.000000E+0	1.000000E+0	6.410000E+2
3.078374E+1	-2.000000E+3	-2.000500E+0	-1.964500E-3	1.018325E+6	1.180423E+6	8.469000E-4	9.997000E-1	9.910000E+37	-1.964500E-3	-5.044541E+43	1.170150E+44	8.469000E-4	9.910000E+37	5.000000E-1	0.000000E+0	1.000000E-1	8.000000E+0	1.000000E-1	8.000000E+0	1.000000E+0	6.420000E+2
3.083145E+1	-2.100000E+3	-2.100800E+0	-2.076700E-3	1.011605E+6	1.175129E+6	8.508000E-4	9.998000E-1	9.910000E+37	-2.076700E-3	-4.771994E+43	1.164786E+44	8.508000E-4	9.910000E+37	5.000000E-1	0.000000E+0	1.000000E-1	8.000000E+0	1.000000E-1	8.000000E+0	1.000000E+0	6.430000E+2
3.087918E+1	-2.200000E+3	-2.199700E+0	-2.175400E-3	1.011170E+6	1.160617E+6	8.623000E-4	1.000800E+0	9.910000E+37	-2.175400E-3	-4.555484E+43	1.149252E+44	8.623000E-4	9.910000E+37	5.000000E-1	0.000000E+0	1.000000E-1	8.000000E+0	1.000000E-1	8.000000E+0	1.000000E+0	6.440000E+2
3.092692E+1	-2.300000E+3	-2.300200E+0	-2.288600E-3	1.005069E+6	1.166978E+6	8.564000E-4	9.994000E-1	9.910000E+37	-2.288600E-3	-4.330158E+43	1.157170E+44	8.564000E-4	9.910000E+37	5.000000E-1	0.000000E+0	1.000000E-1	8.000000E+0	1.000000E-1	8.000000E+0	1.000000E+0	6.450000E+2
3.097470E+1	-2.400000E+3	-2.400000E+0	-2.408800E-3	9.963467E+5	1.165094E+6	8.583000E-4	1.000000E+0	9.910000E+37	-2.408800E-3	-4.114082E+43	1.154608E+44	8.583000E-4	9.910000E+37	5.000000E-1	0.000000E+0	1.000000E-1	8.000000E+0	1.000000E-1	8.000000E+0	1.000000E+0	6.460000E+2
3.102236E+1	-2.500000E+3	-2.500100E+0	-2.526800E-3	9.894333E+5	1.156915E+6	8.648000E-4	1.000500E+0	9.910000E+37	-2.526800E-3	-3.921957E+43	1.145930E+44	8.648000E-4	9.910000E+37	5.000000E-1	0.000000E+0	1.000000E-1	8.000000E+0	1.000000E-1	8.000000E+0	1.000000E+0	6.470000E+2
3.107021E+1	-2.600000E+3	-2.601200E+0	-2.656500E-3	9.791831E+5	1.177898E+6	8.488000E-4	9.998000E-1	9.910000E+37	-2.656500E-3	-3.730472E+43	1.167531E+44	8.488000E-4	9.910000E+37	5.000000E-1	0.000000E+0	1.000000E-1	8.000000E+0	1.000000E-1	8.000000E+0	1.000000E+0	6.480000E+2
3.111785E+1	-2.700000E+3	-2.699900E+0	-2.766800E-3	9.758204E+5	1.165656E+6	8.578000E-4	9.999000E-1	9.910000E+37	-2.766800E-3	-3.581755E+43	1.155281E+44	8.578000E-4	9.910000E+37	5.000000E-1	0.000000E+0	1.000000E-1	8.000000E+0	1.000000E-1	8.000000E+0	1.000000E+0	6.490000E+2
3.116585E+1	-2.800000E+3	-2.799800E+0	-2.882800E-3	9.712085E+5	1.169553E+6	8.546000E-4	9.995000E-1	9.910000E+37	-2.882800E-3	-3.437630E+43	1.159607E+44	8.546000E-4	9.910000E+37	5.000000E-1	0.000000E+0	1.000000E-1	8.000000E+0	1.000000E-1	8.000000E+0	1.000000E+0	6.500000E+2
3.121349E+1	-2.900000E+3	-2.900200E+0	-3.007800E-3	9.642263E+5	1.152297E+6	8.687000E-4	1.001000E+0	9.910000E+37	-3.007800E-3	-3.294767E+43	1.140785E+44	8.687000E-4	9.910000E+37	5.000000E-1	0.000000E+0	1.000000E-1	8.000000E+0	1.000000E-1	8.000000E+0	1.000000E+0	6.510000E+2
3.126122E+1	-3.000000E+3	-2.999900E+0	-3.136600E-3	9.564178E+5	1.167659E+6	8.565000E-4	1.000100E+0	9.910000E+37	-3.136600E-3	-3.159472E+43	1.157034E+44	8.565000E-4	9.910000E+37	5.000000E-1	0.000000E+0	1.000000E-1	8.000000E+0	1.000000E-1	8.000000E+0	1.000000E+0	6.520000E+2
3.130906E+1	-3.100000E+3	-3.099900E+0	-3.242900E-3	9.559037E+5	1.158859E+6	8.624000E-4	9.994000E-1	9.910000E+37	-3.242900E-3	-3.055907E+43	1.149119E+44	8.624000E-4	9.910000E+37	5.000000E-1	0.000000E+0	1.000000E-1	8.000000E+0	1.000000E-1	8.000000E+0	1.000000E+0	6.530000E+2
3.135664E+1	-3.200000E+3	-3.199800E+0	-3.343300E-3	9.570783E+5	1.150800E+6	8.687000E-4	9.997000E-1	9.910000E+37	-3.343300E-3	-2.964137E+43	1.140785E+44	8.687000E-4	9.910000E+37	5.000000E-1	0.000000E+0	1.000000E-1	8.000000E+0	1.000000E-1	8.000000E+0	1.000000E+0	6.540000E+2
3.140425E+1	-3.300000E+3	-3.300000E+0	-3.481700E-3	9.478129E+5	1.162618E+6	8.603000E-4	1.000200E+0	9.910000E+37	-3.481700E-3	-2.846311E+43	1.151924E+44	8.603000E-4	9.910000E+37	5.000000E-1	0.000000E+0	1.000000E-1	8.000000E+0	1.000000E-1	8.000000E+0	1.000000E+0	6.550000E+2
3.145200E+1	-3.400000E+3	-3.400400E+0	-3.601300E-3	9.442146E+5	1.153403E+6	8.683000E-4	1.001500E+0	9.910000E+37	-3.601300E-3	-2.751784E+43	1.141311E+44	8.683000E-4	9.910000E+37	5.000000E-1	0.000000E+0	1.000000E-1	8.000000E+0	1.000000E-1	8.000000E+0	1.000000E+0	6.560000E+2
3.149969E+1	-3.500000E+3	-3.500200E+0	-3.715800E-3	9.419775E+5	1.152730E+6	8.682000E-4	1.000800E+0	9.910000E+37	-3.715800E-3	-2.666990E+43	1.141442E+44	8.682000E-4	9.910000E+37	5.000000E-1	0.000000E+0	1.000000E-1	8.000000E+0	1.000000E-1	8.000000E+0	1.000000E+0	6.570000E+2
3.154740E+1	-3.600000E+3	-3.599400E+0	-3.842600E-3	9.367095E+5	1.177115E+6	8.486000E-4	9.989000E-1	9.910000E+37	-3.842600E-3	-2.578983E+43	1.167806E+44	8.486000E-4	9.910000E+37	5.000000E-1	0.000000E+0	1.000000E-1	8.000000E+0	1.000000E-1	8.000000E+0	1.000000E+0	6.580000E+2
3.159522E+1	-3.700000E+3	-3.700100E+0	-3.975600E-3	9.307023E+5	1.165365E+6	8.581000E-4	1.000000E+0	9.910000E+37	-3.975600E-3	-2.492706E+43	1.154877E+44	8.581000E-4	9.910000E+37	5.000000E-1	0.000000E+0	1.000000E-1	8.000000E+0	1.000000E-1	8.000000E+0	1.000000E+0	6.590000E+2
3.164308E+1	-3.800000E+3	-3.799600E+0	-4.087600E-3	9.295430E+5	1.160557E+6	8.620000E-4	1.000400E+0	9.910000E+37	-4.087600E-3	-2.424406E+43	1.149652E+44	8.620000E-4	9.910000E+37	5.000000E-1	0.000000E+0	1.000000E-1	8.000000E+0	1.000000E-1	8.000000E+0	1.000000E+0	6.600000E+2
3.169075E+1	-3.900000E+3	-3.899800E+0	-4.193700E-3	9.299187E+5	1.151013E+6	8.688000E-4	1.000000E+0	9.910000E+37	-4.193700E-3	-2.363068E+43	1.140654E+44	8.688000E-4	9.910000E+37	5.000000E-1	0.000000E+0	1.000000E-1	8.000000E+0	1.000000E-1	8.000000E+0	1.000000E+0	6.610000E+2
3.173840E+1	-4.000000E+3	-3.998600E+0	-4.313900E-3	9.269107E+5	1.171100E+6	8.533000E-4	9.993000E-1	9.910000E+37	-4.313900E-3	-2.297225E+43	1.161373E+44	8.533000E-4	9.910000E+37	5.000000E-1	0.000000E+0	1.000000E-1	8.000000E+0	1.000000E-1	8.000000E+0	1.000000E+0	6.620000E+2
3.178612E+1	-4.100000E+3	-4.099500E+0	-4.442800E-3	9.227289E+5	1.173571E+6	8.521000E-4	1.000000E+0	9.910000E+37	-4.442800E-3	-2.230575E+43	1.163009E+44	8.521000E-4	9.910000E+37	5.000000E-1	0.000000E+0	1.000000E-1	8.000000E+0	1.000000E-1	8.000000E+0	1.000000E+0	6.630000E+2
3.183380E+1	-4.200000E+3	-4.199300E+0	-4.563400E-3	9.202130E+5	1.172511E+6	8.527000E-4	9.998000E-1	9.910000E+37	-4.563400E-3	-2.171626E+43	1.162191E+44	8.527000E-4	9.910000E+37	5.000000E-1	0.000000E+0	1.000000E-1	8.000000E+0	1.000000E-1	8.000000E+0	1.000000E+0	6.640000E+2
3.188142E+1	-4.300000E+3	-4.299100E+0	-4.672000E-3	9.201841E+5	1.168965E+6	8.558000E-4	1.000400E+0	9.910000E+37	-4.672000E-3	-2.121147E+43	1.157981E+44	8.558000E-4	9.910000E+37	5.000000E-1	0.000000E+0	1.000000E-1	8.000000E+0	1.000000E-1	8.000000E+0	1.000000E+0	6.650000E+2
3.192908E+1	-4.400000E+3	-4.400400E+0	-4.803100E-3	9.161583E+5	1.161212E+6	8.616000E-4	1.000500E+0	9.910000E+37	-4.803100E-3	-2.063251E+43	1.150186E+44	8.616000E-4	9.910000E+37	5.000000E-1	0.000000E+0	1.000000E-1	8.000000E+0	1.000000E-1	8.000000E+0	1.000000E+0	6.660000E+2
3.197673E+1	-4.500000E+3	-4.499800E+0	-4.908500E-3	9.167363E+5	1.180800E+6	8.479000E-4	1.001200E+0	9.910000E+37	-4.908500E-3	-2.018947E+43	1.168770E+44	8.479000E-4	9.910000E+37	5.000000E-1	0.000000E+0	1.000000E-1	8.000000E+0	1.000000E-1	8.000000E+0	1.000000E+0	6.670000E+2
3.202443E+1	-4.600000E+3	-4.600400E+0	-5.017900E-3	9.167979E+5	1.174316E+6	8.519000E-4	1.000400E+0	9.910000E+37	-5.017900E-3	-1.974930E+43	1.163282E+44	8.519000E-4	9.910000E+37	5.000000E-1	0.000000E+0	1.000000E-1	8.000000E+0	1.000000E-1	8.000000E+0	1.000000E+0	6.680000E+2
3.207200E+1	-4.700000E+3	-4.699300E+0	-5.117800E-3	9.182266E+5	1.185964E+6	8.421000E-4	9.987000E-1	9.910000E+37	-5.117800E-3	-1.936379E+43	1.176820E+44	8.421000E-4	9.910000E+37	5.000000E-1	0.000000E+0	1.000000E-1	8.000000E+0	1.000000E-1	8.000000E+0	1.000000E+0	6.690000E+2
3.211982E+1	-4.800000E+3	-4.800600E+0	-5.208300E-3	9.217211E+5	1.184058E+6	8.443000E-4	9.997000E-1	9.910000E+37	-5.208300E-3	-1.902732E+43	1.173753E+44	8.443000E-4	9.910000E+37	5.000000E-1	0.000000E+0	1.000000E-1	8.000000E+0	1.000000E-1	8.000000E+0	1.000000E+0	6.700000E+2
3.216752E+1	-4.900000E+3	-4.900500E+0	-5.274000E-3	9.291809E+5	1.176713E+6	8.494000E-4	9.995000E-1	9.910000E+37	-5.274000E-3	-1.879029E+43	1.166706E+44	8.494000E-4	9.910000E+37	5.000000E-1	0.000000E+0	1.000000E-1	8.000000E+0	1.000000E-1	8.000000E+0	1.000000E+0	6.710000E+2
3.221526E+1	-5.000000E+3	-4.999300E+0	-5.310600E-3	9.413814E+5	1.189106E+6	8.408000E-4	9.998000E-1	9.910000E+37	-5.310600E-3	-1.866079E+43	1.178639E+44	8.408000E-4	9.910000E+37	5.000000E-1	0.000000E+0	1.000000E-1	8.000000E+0	1.000000E-1	8.000000E+0	1.000000E+0	6.720000E+2
3.226330E+1	-5.100000E+3	-5.099700E+0	-5.382500E-3	9.474594E+5	1.197367E+6	8.355000E-4	1.000400E+0	9.910000E+37	-5.382500E-3	-1.841152E+43	1.186116E+44	8.355000E-4	9.910000E+37	5.000000E-1	0.000000E+0	1.000000E-1	8.000000E+0	1.000000E-1	8.000000E+0	1.000000E+0	6.730000E+2
3.231125E+1	-5.200000E+3	-5.200500E+0	-5.456900E-3	9.530136E+5	1.208751E+6	8.273000E-4	1.000000E+0	9.910000E+37	-5.456900E-3	-1.816049E+43	1.197873E+44	8.273000E-4	9.910000E+37	5.000000E-1	0.000000E+0	1.000000E-1	8.000000E+0	1.000000E-1	8.000000E+0	1.000000E+0	6.740000E+2
3.235900E+1	-5.300000E+3	-5.299000E+0	-5.521800E-3	9.596508E+5	1.225901E+6	8.154000E-4	9.996000E-1	9.910000E+37	-5.521800E-3	-1.794705E+43	1.215354E+44	8.154000E-4	9.910000E+37	5.000000E-1	0.000000E+0	1.000000E-1	8.000000E+0	1.000000E-1	8.000000E+0	1.000000E+0	6.750000E+2
3.240694E+1	-5.400000E+3	-5.400300E+0	-5.612600E-3	9.621744E+5	1.215805E+6	8.225000E-4	1.000000E+0	9.910000E+37	-5.612600E-3	-1.765670E+43	1.204863E+44	8.225000E-4	9.910000E+37	5.000000E-1	0.000000E+0	1.000000E-1	8.000000E+0	1.000000E-1	8.000000E+0	1.000000E+0	6.760000E+2
3.245464E+1	-5.500000E+3	-5.499100E+0	-5.694200E-3	9.657371E+5	1.221517E+6	8.189000E-4	1.000300E+0	9.910000E+37	-5.694200E-3	-1.740367E+43	1.210160E+44	8.189000E-4	9.910000E+37	5.000000E-1	0.000000E+0	1.000000E-1	8.000000E+0	1.000000E-1	8.000000E+0	1.000000E+0	6.770000E+2
3.250236E+1	-5.600000E+3	-5.600300E+0	-5.776700E-3	9.694635E+5	1.241795E+6	8.044000E-4	9.989000E-1	9.910000E+37	-5.776700E-3	-1.715512E+43	1.231974E+44	8.044000E-4	9.910000E+37	5.000000E-1	0.000000E+0	1.000000E-1	8.000000E+0	1.000000E-1	8.000000E+0	1.000000E+0	6.780000E+2
3.255006E+1	-5.700000E+3	-5.700700E+0	-5.856400E-3	9.734137E+5	1.250657E+6	7.995000E-4	9.999000E-1	9.910000E+37	-5.856400E-3	-1.692166E+43	1.239525E+44	7.995000E-4	9.910000E+37	5.000000E-1	0.000000E+0	1.000000E-1	8.000000E+0	1.000000E-1	8.000000E+0	1.000000E+0	6.790000E+2
3.259796E+1	-5.800000E+3	-5.799800E+0	-5.921300E-3	9.794809E+5	1.242184E+6	8.060000E-4	1.001200E+0	9.910000E+37	-5.921300E-3	-1.673619E+43	1.229529E+44	8.060000E-4	9.910000E+37	5.000000E-1	0.000000E+0	1.000000E-1	8.000000E+0	1.000000E-1	8.000000E+0	1.000000E+0	6.800000E+2
3.264567E+1	-5.900000E+3	-5.900300E+0	-5.998600E-3	9.836128E+5	1.272554E+6	7.859000E-4	1.000100E+0	9.910000E+37	-5.998600E-3	-1.652052E+43	1.260975E+44	7.859000E-4	9.910000E+37	5.000000E-1	0.000000E+0	1.000000E-1	8.000000E+0	1.000000E-1	8.000000E+0	1.000000E+0	6.810000E+2
3.269335E+1	-6.000000E+3	-6.001100E+0	-6.064800E-3	9.894968E+5	1.264509E+6	7.909000E-4	1.000100E+0	9.910000E+37	-6.064800E-3	-1.634019E+43	1.253003E+44	7.909000E-4	9.910000E+37	5.000000E-1	0.000000E+0	1.000000E-1	8.000000E+0	1.000000E-1	8.000000E+0	1.000000E+0	6.820000E+2
3.274104E+1	-6.100000E+3	-6.099900E+0	-6.118600E-3	9.969437E+5	1.277799E+6	7.833000E-4	1.000900E+0	9.910000E+37	-6.118600E-3	-1.619652E+43	1.265160E+44	7.833000E-4	9.910000E+37	5.000000E-1	0.000000E+0	1.000000E-1	8.000000E+0	1.000000E-1	8.000000E+0	1.000000E+0	6.830000E+2
3.278894E+1	-6.200000E+3	-6.200700E+0	-6.178900E-3	1.003528E+6	1.285310E+6	7.781000E-4	1.000100E+0	9.910000E+37	-6.178900E-3	-1.603845E+43	1.273615E+44	7.781000E-4	9.910000E+37	5.000000E-1	0.000000E+0	1.000000E-1	8.000000E+0	1.000000E-1	8.000000E+0	1.000000E+0	6.840000E+2
3.283673E+1	-6.300000E+3	-6.299800E+0	-6.221600E-3	1.012569E+6	1.308075E+6	7.641000E-4	9.995000E-1	9.910000E+37	-6.221600E-3	-1.592838E+43	1.296951E+44	7.641000E-4	9.910000E+37	5.000000E-1	0.000000E+0	1.000000E-1	8.000000E+0	1.000000E-1	8.000000E+0	1.000000E+0	6.850000E+2
3.288445E+1	-6.400000E+3	-6.399700E+0	-6.265100E-3	1.021484E+6	1.332889E+6	7.495000E-4	9.990000E-1	9.910000E+37	-6.265100E-3	-1.581778E+43	1.322215E+44	7.495000E-4	9.910000E+37	5.000000E-1	0.000000E+0	1.000000E-1	8.000000E+0	1.000000E-1	8.000000E+0	1.000000E+0	6.860000E+2
3.293207E+1	-6.500000E+3	-6.499300E+0	-6.295300E-3	1.032405E+6	1.331424E+6	7.507000E-4	9.995000E-1	9.910000E+37	-6.295300E-3	-1.574190E+43	1.320101E+44	7.507000E-4	9.910000E+37	5.000000E-1	0.000000E+0	1.000000E-1	8.000000E+0	1.000000E-1	8.000000E+0	1.000000E+0	6.870000E+2
3.297969E+1	-6.600000E+3	-6.600100E+0	-6.323800E-3	1.043692E+6	1.345543E+6	7.426000E-4	9.992000E-1	9.910000E+37	-6.323800E-3	-1.567096E+43	1.334500E+44	7.426000E-4	9.910000E+37	5.000000E-1	0.000000E+0	1.000000E-1	8.000000E+0	1.000000E-1	8.000000E+0	1.000000E+0	6.880000E+2
3.302744E+1	-6.700000E+3	-6.699500E+0	-6.334200E-3	1.057671E+6	1.349427E+6	7.415000E-4	1.000600E+0	9.910000E+37	-6.334200E-3	-1.564523E+43	1.336480E+44	7.415000E-4	9.910000E+37	5.000000E-1	0.000000E+0	1.000000E-1	8.000000E+0	1.000000E-1	8.000000E+0	1.000000E+0	6.890000E+2
3.307514E+1	-6.800000E+3	-6.801000E+0	-6.361100E-3	1.069155E+6	1.382943E+6	7.223000E-4	9.989000E-1	9.910000E+37	-6.361100E-3	-1.557907E+43	1.372006E+44	7.223000E-4	9.910000E+37	5.000000E-1	0.000000E+0	1.000000E-1	8.000000E+0	1.000000E-1	8.000000E+0	1.000000E+0	6.900000E+2
3.312278E+1	-6.900000E+3	-6.899800E+0	-6.355800E-3	1.085591E+6	1.387809E+6	7.202000E-4	9.995000E-1	9.910000E+37	-6.355800E-3	-1.559206E+43	1.376007E+44	7.202000E-4	9.910000E+37	5.000000E-1	0.000000E+0	1.000000E-1	8.000000E+0	1.000000E-1	8.000000E+0	1.000000E+0	6.910000E+2
3.317063E+1	-7.000000E+3	-6.999200E+0	-6.336300E-3	1.104619E+6	1.397683E+6	7.164000E-4	1.001300E+0	9.910000E+37	-6.336300E-3	-1.564004E+43	1.383305E+44	7.164000E-4	9.910000E+37	5.000000E-1	0.000000E+0	1.000000E-1	8.000000E+0	1.000000E-1	8.000000E+0	1.000000E+0	6.920000E+2
3.321825E+1	-7.100000E+3	-7.100900E+0	-6.326000E-3	1.122494E+6	1.433238E+6	6.980000E-4	1.000400E+0	9.910000E+37	-6.326000E-3	-1.566551E+43	1.419771E+44	6.980000E-4	9.910000E+37	5.000000E-1	0.000000E+0	1.000000E-1	8.000000E+0	1.000000E-1	8.000000E+0	1.000000E+0	6.930000E+2
3.326602E+1	-7.200000E+3	-7.199800E+0	-6.259500E-3	1.150220E+6	1.431971E+6	6.975000E-4	9.988000E-1	9.910000E+37	-6.259500E-3	-1.583194E+43	1.420789E+44	6.975000E-4	9.910000E+37	5.000000E-1	0.000000E+0	1.000000E-1	8.000000E+0	1.000000E-1	8.000000E+0	1.000000E+0	6.940000E+2
3.331411E+1	-7.300000E+3	-7.299900E+0	-6.213600E-3	1.174826E+6	1.476605E+6	6.775000E-4	1.000400E+0	9.910000E+37	-6.213600E-3	-1.594889E+43	1.462731E+44	6.775000E-4	9.910000E+37	5.000000E-1	0.000000E+0	1.000000E-1	8.000000E+0	1.000000E-1	8.000000E+0	1.000000E+0	6.950000E+2
3.336177E+1	-7.400000E+3	-7.399400E+0	-6.170800E-3	1.199099E+6	1.521084E+6	6.569000E-4	9.992000E-1	9.910000E+37	-6.170800E-3	-1.605951E+43	1.508601E+44	6.569000E-4	9.910000E+37	5.000000E-1	0.000000E+0	1.000000E-1	8.000000E+0	1.000000E-1	8.000000E+0	1.000000E+0	6.960000E+2
3.340948E+1	-7.500000E+3	-7.499700E+0	-6.148600E-3	1.219741E+6	1.545651E+6	6.473000E-4	1.000500E+0	9.910000E+37	-6.148600E-3	-1.611749E+43	1.530975E+44	6.473000E-4	9.910000E+37	5.000000E-1	0.000000E+0	1.000000E-1	8.000000E+0	1.000000E-1	8.000000E+0	1.000000E+0	6.970000E+2
3.345713E+1	-7.600000E+3	-7.600800E+0	-6.133500E-3	1.239227E+6	1.563781E+6	6.389000E-4	9.991000E-1	9.910000E+37	-6.133500E-3	-1.615717E+43	1.551103E+44	6.389000E-4	9.910000E+37	5.000000E-1	0.000000E+0	1.000000E-1	8.000000E+0	1.000000E-1	8.000000E+0	1.000000E+0	6.980000E+2
3.350480E+1	-7.700000E+3	-7.701400E+0	-6.147900E-3	1.252688E+6	1.566171E+6	6.385000E-4	1.000000E+0	9.910000E+37	-6.147900E-3	-1.611933E+43	1.552075E+44	6.385000E-4	9.910000E+37	5.000000E-1	0.000000E+0	1.000000E-1	8.000000E+0	1.000000E-1	8.000000E+0	1.000000E+0	6.990000E+2
3.355254E+1	-7.800000E+3	-7.799800E+0	-6.168500E-3	1.264457E+6	1.601793E+6	6.248000E-4	1.000800E+0	9.910000E+37	-6.168500E-3	-1.606549E+43	1.586108E+44	6.248000E-4	9.910000E+37	5.000000E-1	0.000000E+0	1.000000E-1	8.000000E+0	1.000000E-1	8.000000E+0	1.000000E+0	7.000000E+2
3.360026E+1	-7.900000E+3	-7.900100E+0	-6.193700E-3	1.275506E+6	1.591227E+6	6.292000E-4	1.001200E+0	9.910000E+37	-6.193700E-3	-1.600013E+43	1.575016E+44	6.292000E-4	9.910000E+37	5.000000E-1	0.000000E+0	1.000000E-1	8.000000E+0	1.000000E-1	8.000000E+0	1.000000E+0	7.010000E+2
3.364792E+1	-8.000000E+3	-8.001300E+0	-6.236200E-3	1.283041E+6	1.648466E+6	6.062000E-4	9.993000E-1	9.910000E+37	-6.236200E-3	-1.589109E+43	1.634774E+44	6.062000E-4	9.910000E+37	5.000000E-1	0.000000E+0	1.000000E-1	1.100000E+1	1.000000E-1	1.100000E+1	1.000000E+0	7.020000E+2
3.369563E+1	-8.100000E+3	-8.100300E+0	-6.249200E-3	1.296214E+6	1.651305E+6	6.054000E-4	9.997000E-1	9.910000E+37	-6.249200E-3	-1.585803E+43	1.636934E+44	6.054000E-4	9.910000E+37	5.000000E-1	0.000000E+0	1.000000E-1	1.100000E+1	1.000000E-1	1.100000E+1	1.000000E+0	7.030000E+2
3.374353E+1	-8.200000E+3	-8.200000E+0	-6.272700E-3	1.307252E+6	1.635204E+6	6.113000E-4	9.996000E-1	9.910000E+37	-6.272700E-3	-1.579862E+43	1.621135E+44	6.113000E-4	9.910000E+37	5.000000E-1	0.000000E+0	1.000000E-1	1.100000E+1	1.000000E-1	1.100000E+1	1.000000E+0	7.040000E+2
3.379125E+1	-8.300000E+3	-8.300300E+0	-6.309600E-3	1.315503E+6	1.666167E+6	6.003000E-4	1.000200E+0	9.910000E+37	-6.309600E-3	-1.570623E+43	1.650841E+44	6.003000E-4	9.910000E+37	5.000000E-1	0.000000E+0	1.000000E-1	1.100000E+1	1.000000E-1	1.100000E+1	1.000000E+0	7.050000E+2
3.383902E+1	-8.400000E+3	-8.400600E+0	-6.348500E-3	1.323242E+6	1.674820E+6	5.969000E-4	9.997000E-1	9.910000E+37	-6.348500E-3	-1.560999E+43	1.660245E+44	5.969000E-4	9.910000E+37	5.000000E-1	0.000000E+0	1.000000E-1	1.100000E+1	1.000000E-1	1.100000E+1	1.000000E+0	7.060000E+2
3.388694E+1	-8.500000E+3	-8.500000E+0	-6.365000E-3	1.335428E+6	1.719745E+6	5.809000E-4	9.990000E-1	9.910000E+37	-6.365000E-3	-1.556952E+43	1.705973E+44	5.809000E-4	9.910000E+37	5.000000E-1	0.000000E+0	1.000000E-1	1.100000E+1	1.000000E-1	1.100000E+1	1.000000E+0	7.070000E+2
3.393492E+1	-8.600000E+3	-8.600200E+0	-6.409100E-3	1.341873E+6	1.736796E+6	5.756000E-4	9.997000E-1	9.910000E+37	-6.409100E-3	-1.546239E+43	1.721682E+44	5.756000E-4	9.910000E+37	5.000000E-1	0.000000E+0	1.000000E-1	1.100000E+1	1.000000E-1	1.100000E+1	1.000000E+0	7.080000E+2
3.398258E+1	-8.700000E+3	-8.700600E+0	-6.428500E-3	1.353442E+6	1.710963E+6	5.847000E-4	1.000400E+0	9.910000E+37	-6.428500E-3	-1.541573E+43	1.694886E+44	5.847000E-4	9.910000E+37	5.000000E-1	0.000000E+0	1.000000E-1	1.100000E+1	1.000000E-1	1.100000E+1	1.000000E+0	7.090000E+2
3.403028E+1	-8.800000E+3	-8.800200E+0	-6.451900E-3	1.363970E+6	1.696404E+6	5.896000E-4	1.000200E+0	9.910000E+37	-6.451900E-3	-1.535982E+43	1.680801E+44	5.896000E-4	9.910000E+37	5.000000E-1	0.000000E+0	1.000000E-1	1.100000E+1	1.000000E-1	1.100000E+1	1.000000E+0	7.100000E+2
3.407802E+1	-8.900000E+3	-8.899600E+0	-6.483500E-3	1.372654E+6	1.766254E+6	5.660000E-4	9.997000E-1	9.910000E+37	-6.483500E-3	-1.528495E+43	1.750883E+44	5.660000E-4	9.910000E+37	5.000000E-1	0.000000E+0	1.000000E-1	1.100000E+1	1.000000E-1	1.100000E+1	1.000000E+0	7.110000E+2
3.412592E+1	-9.000000E+3	-8.999700E+0	-6.478900E-3	1.389078E+6	1.724703E+6	5.801000E-4	1.000500E+0	9.910000E+37	-6.478900E-3	-1.529581E+43	1.708326E+44	5.801000E-4	9.910000E+37	5.000000E-1	0.000000E+0	1.000000E-1	1.100000E+1	1.000000E-1	1.100000E+1	1.000000E+0	7.120000E+2
3.417360E+1	-9.100000E+3	-9.099500E+0	-6.469700E-3	1.406479E+6	1.792646E+6	5.575000E-4	9.994000E-1	9.910000E+37	-6.469700E-3	-1.531756E+43	1.777578E+44	5.575000E-4	9.910000E+37	5.000000E-1	0.000000E+0	1.000000E-1	1.100000E+1	1.000000E-1	1.100000E+1	1.000000E+0	7.130000E+2
3.422166E+1	-9.200000E+3	-9.200500E+0	-6.464000E-3	1.423345E+6	1.792788E+6	5.574000E-4	9.993000E-1	9.910000E+37	-6.464000E-3	-1.533106E+43	1.777897E+44	5.574000E-4	9.910000E+37	5.000000E-1	0.000000E+0	1.000000E-1	1.100000E+1	1.000000E-1	1.100000E+1	1.000000E+0	7.140000E+2
3.426968E+1	-9.300000E+3	-9.300200E+0	-6.429900E-3	1.446399E+6	1.786888E+6	5.598000E-4	1.000300E+0	9.910000E+37	-6.429900E-3	-1.541237E+43	1.770275E+44	5.598000E-4	9.910000E+37	5.000000E-1	0.000000E+0	1.000000E-1	1.100000E+1	1.000000E-1	1.100000E+1	1.000000E+0	7.150000E+2
3.431751E+1	-9.400000E+3	-9.400700E+0	-6.408900E-3	1.466820E+6	1.829616E+6	5.470000E-4	1.000800E+0	9.910000E+37	-6.408900E-3	-1.546287E+43	1.811700E+44	5.470000E-4	9.910000E+37	5.000000E-1	0.000000E+0	1.000000E-1	1.100000E+1	1.000000E-1	1.100000E+1	1.000000E+0	7.160000E+2
3.436547E+1	-9.500000E+3	-9.499000E+0	-6.352400E-3	1.495340E+6	1.879534E+6	5.321000E-4	1.000100E+0	9.910000E+37	-6.352400E-3	-1.560040E+43	1.862432E+44	5.321000E-4	9.910000E+37	5.000000E-1	0.000000E+0	1.000000E-1	1.100000E+1	1.000000E-1	1.100000E+1	1.000000E+0	7.170000E+2
3.441315E+1	-9.600000E+3	-9.599800E+0	-6.311000E-3	1.521122E+6	1.947779E+6	5.132000E-4	9.996000E-1	9.910000E+37	-6.311000E-3	-1.570274E+43	1.931021E+44	5.132000E-4	9.910000E+37	5.000000E-1	0.000000E+0	1.000000E-1	1.100000E+1	1.000000E-1	1.100000E+1	1.000000E+0	7.180000E+2
3.446115E+1	-9.700000E+3	-9.700000E+0	-6.274100E-3	1.546038E+6	1.934030E+6	5.169000E-4	9.997000E-1	9.910000E+37	-6.274100E-3	-1.579509E+43	1.917199E+44	5.169000E-4	9.910000E+37	5.000000E-1	0.000000E+0	1.000000E-1	1.100000E+1	1.000000E-1	1.100000E+1	1.000000E+0	7.190000E+2
3.450912E+1	-9.800000E+3	-9.800200E+0	-6.245100E-3	1.569262E+6	1.953180E+6	5.126000E-4	1.001200E+0	9.910000E+37	-6.245100E-3	-1.586844E+43	1.933281E+44	5.126000E-4	9.910000E+37	5.000000E-1	0.000000E+0	1.000000E-1	1.100000E+1	1.000000E-1	1.100000E+1	1.000000E+0	7.200000E+2
3.455686E+1	-9.900000E+3	-9.899000E+0	-6.222700E-3	1.590789E+6	2.036230E+6	4.913000E-4	1.000400E+0	9.910000E+37	-6.222700E-3	-1.592556E+43	2.017097E+44	4.913000E-4	9.910000E+37	5.000000E-1	0.000000E+0	1.000000E-1	1.100000E+1	1.000000E-1	1.100000E+1	1.000000E+0	7.210000E+2
3.460450E+1	-1.000000E+4	-1.000050E+1	-6.224300E-3	1.606687E+6	2.031250E+6	4.928000E-4	1.001000E+0	9.910000E+37	-6.224300E-3	-1.592147E+43	2.010958E+44	4.928000E-4	9.910000E+37	5.000000E-1	0.000000E+0	1.000000E-1	1.100000E+1	1.000000E-1	1.100000E+1	1.000000E+0	7.220000E+2
3.465218E+1	-1.000000E+4	-9.999600E+0	-6.153500E-3	1.625026E+6	2.044163E+6	4.891000E-4	9.998000E-1	9.910000E+37	-6.153500E-3	-1.610466E+43	2.026171E+44	4.891000E-4	9.910000E+37	5.000000E-1	0.000000E+0	1.000000E-1	1.100000E+1	1.000000E-1	1.100000E+1	1.000000E+0	7.230000E+2
3.469992E+1	-9.900000E+3	-9.900000E+0	-6.006800E-3	1.648132E+6	2.056996E+6	4.860000E-4	9.997000E-1	9.910000E+37	-6.006800E-3	-1.649797E+43	2.039095E+44	4.860000E-4	9.910000E+37	5.000000E-1	0.000000E+0	1.000000E-1	1.100000E+1	1.000000E-1	1.100000E+1	1.000000E+0	7.240000E+2
3.474757E+1	-9.800000E+3	-9.799300E+0	-5.888700E-3	1.664085E+6	2.073514E+6	4.829000E-4	1.001300E+0	9.910000E+37	-5.888700E-3	-1.682884E+43	2.052185E+44	4.829000E-4	9.910000E+37	5.000000E-1	0.000000E+0	1.000000E-1	1.100000E+1	1.000000E-1	1.100000E+1	1.000000E+0	7.250000E+2
3.479519E+1	-9.700000E+3	-9.700500E+0	-5.798000E-3	1.673077E+6	2.083351E+6	4.799000E-4	9.998000E-1	9.910000E+37	-5.798000E-3	-1.709210E+43	2.065014E+44	4.799000E-4	9.910000E+37	5.000000E-1	0.000000E+0	1.000000E-1	1.100000E+1	1.000000E-1	1.100000E+1	1.000000E+0	7.260000E+2
3.484293E+1	-9.600000E+3	-9.599700E+0	-5.688800E-3	1.687474E+6	2.032291E+6	4.924000E-4	1.000700E+0	9.910000E+37	-5.688800E-3	-1.742019E+43	2.012591E+44	4.924000E-4	9.910000E+37	5.000000E-1	0.000000E+0	1.000000E-1	1.100000E+1	1.000000E-1	1.100000E+1	1.000000E+0	7.270000E+2
3.489070E+1	-9.500000E+3	-9.498900E+0	-5.584700E-3	1.700879E+6	2.082083E+6	4.800000E-4	9.994000E-1	9.910000E+37	-5.584700E-3	-1.774491E+43	2.064583E+44	4.800000E-4	9.910000E+37	5.000000E-1	0.000000E+0	1.000000E-1	1.100000E+1	1.000000E-1	1.100000E+1	1.000000E+0	7.280000E+2
3.493842E+1	-9.400000E+3	-9.400700E+0	-5.508300E-3	1.706643E+6	2.118482E+6	4.718000E-4	9.995000E-1	9.910000E+37	-5.508300E-3	-1.799103E+43	2.100466E+44	4.718000E-4	9.910000E+37	5.000000E-1	0.000000E+0	1.000000E-1	1.100000E+1	1.000000E-1	1.100000E+1	1.000000E+0	7.290000E+2
3.498648E+1	-9.300000E+3	-9.300500E+0	-5.414000E-3	1.717861E+6	2.085035E+6	4.798000E-4	1.000400E+0	9.910000E+37	-5.414000E-3	-1.830440E+43	2.065444E+44	4.798000E-4	9.910000E+37	5.000000E-1	0.000000E+0	1.000000E-1	1.100000E+1	1.000000E-1	1.100000E+1	1.000000E+0	7.300000E+2
3.503444E+1	-9.200000E+3	-9.199900E+0	-5.331300E-3	1.725639E+6	2.152141E+6	4.647000E-4	1.000100E+0	9.910000E+37	-5.331300E-3	-1.858834E+43	2.132559E+44	4.647000E-4	9.910000E+37	5.000000E-1	0.000000E+0	1.000000E-1	1.100000E+1	1.000000E-1	1.100000E+1	1.000000E+0	7.310000E+2
3.508226E+1	-9.100000E+3	-9.100000E+0	-5.227600E-3	1.740761E+6	2.070114E+6	4.835000E-4	1.000900E+0	9.910000E+37	-5.227600E-3	-1.895707E+43	2.049638E+44	4.835000E-4	9.910000E+37	5.000000E-1	0.000000E+0	1.000000E-1	1.100000E+1	1.000000E-1	1.100000E+1	1.000000E+0	7.320000E+2
3.513004E+1	-9.000000E+3	-9.000000E+0	-5.160100E-3	1.744152E+6	2.105640E+6	4.752000E-4	1.000600E+0	9.910000E+37	-5.160100E-3	-1.920505E+43	2.085438E+44	4.752000E-4	9.910000E+37	5.000000E-1	0.000000E+0	1.000000E-1	1.100000E+1	1.000000E-1	1.100000E+1	1.000000E+0	7.330000E+2
3.517781E+1	-8.900000E+3	-8.900200E+0	-5.081400E-3	1.751525E+6	2.135539E+6	4.685000E-4	1.000500E+0	9.910000E+37	-5.081400E-3	-1.950250E+43	2.115261E+44	4.685000E-4	9.910000E+37	5.000000E-1	0.000000E+0	1.000000E-1	1.100000E+1	1.000000E-1	1.100000E+1	1.000000E+0	7.340000E+2
3.522560E+1	-8.800000E+3	-8.800800E+0	-5.002600E-3	1.759245E+6	2.107293E+6	4.744000E-4	9.997000E-1	9.910000E+37	-5.002600E-3	-1.980970E+43	2.088954E+44	4.744000E-4	9.910000E+37	5.000000E-1	0.000000E+0	1.000000E-1	1.100000E+1	1.000000E-1	1.100000E+1	1.000000E+0	7.350000E+2
3.527348E+1	-8.700000E+3	-8.699600E+0	-4.922100E-3	1.767457E+6	2.121817E+6	4.712000E-4	9.998000E-1	9.910000E+37	-4.922100E-3	-2.013368E+43	2.103141E+44	4.712000E-4	9.910000E+37	5.000000E-1	0.000000E+0	1.000000E-1	1.100000E+1	1.000000E-1	1.100000E+1	1.000000E+0	7.360000E+2
3.532139E+1	-8.600000E+3	-8.599500E+0	-4.847500E-3	1.774007E+6	2.092678E+6	4.780000E-4	1.000300E+0	9.910000E+37	-4.847500E-3	-2.044353E+43	2.073222E+44	4.780000E-4	9.910000E+37	5.000000E-1	0.000000E+0	1.000000E-1	1.100000E+1	1.000000E-1	1.100000E+1	1.000000E+0	7.370000E+2
3.536907E+1	-8.500000E+3	-8.499100E+0	-4.787000E-3	1.775454E+6	2.134443E+6	4.686000E-4	1.000200E+0	9.910000E+37	-4.787000E-3	-2.070190E+43	2.114810E+44	4.686000E-4	9.910000E+37	5.000000E-1	0.000000E+0	1.000000E-1	1.100000E+1	1.000000E-1	1.100000E+1	1.000000E+0	7.380000E+2
3.541703E+1	-8.400000E+3	-8.400700E+0	-4.702500E-3	1.786433E+6	2.163998E+6	4.622000E-4	1.000200E+0	9.910000E+37	-4.702500E-3	-2.107390E+43	2.144093E+44	4.622000E-4	9.910000E+37	5.000000E-1	0.000000E+0	1.000000E-1	1.100000E+1	1.000000E-1	1.100000E+1	1.000000E+0	7.390000E+2
3.546476E+1	-8.300000E+3	-8.299400E+0	-4.633700E-3	1.791096E+6	2.132381E+6	4.691000E-4	1.000300E+0	9.910000E+37	-4.633700E-3	-2.138680E+43	2.112556E+44	4.691000E-4	9.910000E+37	5.000000E-1	0.000000E+0	1.000000E-1	1.100000E+1	1.000000E-1	1.100000E+1	1.000000E+0	7.400000E+2
3.551243E+1	-8.200000E+3	-8.200600E+0	-4.577700E-3	1.791424E+6	2.178587E+6	4.586000E-4	9.991000E-1	9.910000E+37	-4.577700E-3	-2.164843E+43	2.160925E+44	4.586000E-4	9.910000E+37	5.000000E-1	0.000000E+0	1.000000E-1	1.100000E+1	1.000000E-1	1.100000E+1	1.000000E+0	7.410000E+2
3.556013E+1	-8.100000E+3	-8.100700E+0	-4.510400E-3	1.796005E+6	2.183745E+6	4.577000E-4	9.995000E-1	9.910000E+37	-4.510400E-3	-2.197144E+43	2.165174E+44	4.577000E-4	9.910000E+37	5.000000E-1	0.000000E+0	1.000000E-1	1.100000E+1	1.000000E-1	1.100000E+1	1.000000E+0	7.420000E+2
3.560810E+1	-8.000000E+3	-7.998700E+0	-4.417600E-3	1.810644E+6	2.141328E+6	4.670000E-4	1.000000E+0	9.910000E+37	-4.417600E-3	-2.243300E+43	2.122056E+44	4.670000E-4	9.910000E+37	5.000000E-1	0.000000E+0	1.000000E-1	1.100000E+1	1.000000E-1	1.100000E+1	1.000000E+0	7.430000E+2
3.565602E+1	-7.900000E+3	-7.899500E+0	-4.360500E-3	1.811604E+6	2.121900E+6	4.717000E-4	1.000900E+0	9.910000E+37	-4.360500E-3	-2.272675E+43	2.100912E+44	4.717000E-4	9.910000E+37	5.000000E-1	0.000000E+0	1.000000E-1	1.100000E+1	1.000000E-1	1.100000E+1	1.000000E+0	7.440000E+2
3.570396E+1	-7.800000E+3	-7.800400E+0	-4.308100E-3	1.810636E+6	2.135839E+6	4.682000E-4	1.000000E+0	9.910000E+37	-4.308100E-3	-2.300318E+43	2.116617E+44	4.682000E-4	9.910000E+37	5.000000E-1	0.000000E+0	1.000000E-1	1.100000E+1	1.000000E-1	1.100000E+1	1.000000E+0	7.450000E+2
3.575169E+1	-7.700000E+3	-7.700100E+0	-4.243000E-3	1.814777E+6	2.090282E+6	4.785000E-4	1.000200E+0	9.910000E+37	-4.243000E-3	-2.335612E+43	2.071055E+44	4.785000E-4	9.910000E+37	5.000000E-1	0.000000E+0	1.000000E-1	1.100000E+1	1.000000E-1	1.100000E+1	1.000000E+0	7.460000E+2
3.579951E+1	-7.600000E+3	-7.600500E+0	-4.185100E-3	1.816086E+6	2.146258E+6	4.663000E-4	1.000800E+0	9.910000E+37	-4.185100E-3	-2.367924E+43	2.125241E+44	4.663000E-4	9.910000E+37	5.000000E-1	0.000000E+0	1.000000E-1	1.100000E+1	1.000000E-1	1.100000E+1	1.000000E+0	7.470000E+2
3.584722E+1	-7.500000E+3	-7.499900E+0	-4.127100E-3	1.817232E+6	2.171336E+6	4.605000E-4	9.999000E-1	9.910000E+37	-4.127100E-3	-2.401202E+43	2.152009E+44	4.605000E-4	9.910000E+37	5.000000E-1	0.000000E+0	1.000000E-1	1.100000E+1	1.000000E-1	1.100000E+1	1.000000E+0	7.480000E+2
3.589490E+1	-7.400000E+3	-7.399600E+0	-4.058300E-3	1.823325E+6	2.154542E+6	4.646000E-4	1.001000E+0	9.910000E+37	-4.058300E-3	-2.441909E+43	2.133018E+44	4.646000E-4	9.910000E+37	5.000000E-1	0.000000E+0	1.000000E-1	1.100000E+1	1.000000E-1	1.100000E+1	1.000000E+0	7.490000E+2
3.594272E+1	-7.300000E+3	-7.301200E+0	-4.000400E-3	1.825117E+6	2.159862E+6	4.629000E-4	9.998000E-1	9.910000E+37	-4.000400E-3	-2.477252E+43	2.140851E+44	4.629000E-4	9.910000E+37	5.000000E-1	0.000000E+0	1.000000E-1	1.100000E+1	1.000000E-1	1.100000E+1	1.000000E+0	7.500000E+2
3.599039E+1	-7.200000E+3	-7.200800E+0	-3.936300E-3	1.829332E+6	2.154775E+6	4.639000E-4	9.996000E-1	9.910000E+37	-3.936300E-3	-2.517593E+43	2.136236E+44	4.639000E-4	9.910000E+37	5.000000E-1	0.000000E+0	1.000000E-1	1.100000E+1	1.000000E-1	1.100000E+1	1.000000E+0	7.510000E+2
3.603806E+1	-7.100000E+3	-7.099700E+0	-3.878700E-3	1.830433E+6	2.093972E+6	4.778000E-4	1.000500E+0	9.910000E+37	-3.878700E-3	-2.554980E+43	2.074090E+44	4.778000E-4	9.910000E+37	5.000000E-1	0.000000E+0	1.000000E-1	1.100000E+1	1.000000E-1	1.100000E+1	1.000000E+0	7.520000E+2
3.608575E+1	-7.000000E+3	-6.999400E+0	-3.820200E-3	1.832208E+6	2.154775E+6	4.639000E-4	9.996000E-1	9.910000E+37	-3.820200E-3	-2.594105E+43	2.136236E+44	4.639000E-4	9.910000E+37	5.000000E-1	0.000000E+0	1.000000E-1	1.100000E+1	1.000000E-1	1.100000E+1	1.000000E+0	7.530000E+2
3.613337E+1	-6.900000E+3	-6.900300E+0	-3.751500E-3	1.839344E+6	2.133860E+6	4.684000E-4	9.995000E-1	9.910000E+37	-3.751500E-3	-2.641610E+43	2.115713E+44	4.684000E-4	9.910000E+37	5.000000E-1	0.000000E+0	1.000000E-1	1.100000E+1	1.000000E-1	1.100000E+1	1.000000E+0	7.540000E+2
3.618110E+1	-6.800000E+3	-6.799500E+0	-3.697600E-3	1.838895E+6	2.109800E+6	4.745000E-4	1.001100E+0	9.910000E+37	-3.697600E-3	-2.680117E+43	2.088514E+44	4.745000E-4	9.910000E+37	5.000000E-1	0.000000E+0	1.000000E-1	1.100000E+1	1.000000E-1	1.100000E+1	1.000000E+0	7.550000E+2
3.622876E+1	-6.700000E+3	-6.700000E+0	-3.642200E-3	1.839548E+6	2.154526E+6	4.640000E-4	9.997000E-1	9.910000E+37	-3.642200E-3	-2.720883E+43	2.135776E+44	4.640000E-4	9.910000E+37	5.000000E-1	0.000000E+0	1.000000E-1	1.100000E+1	1.000000E-1	1.100000E+1	1.000000E+0	7.560000E+2
3.627666E+1	-6.600000E+3	-6.600000E+0	-3.587300E-3	1.839824E+6	2.108746E+6	4.745000E-4	1.000600E+0	9.910000E+37	-3.587300E-3	-2.762523E+43	2.088514E+44	4.745000E-4	9.910000E+37	5.000000E-1	0.000000E+0	1.000000E-1	1.100000E+1	1.000000E-1	1.100000E+1	1.000000E+0	7.570000E+2
3.632523E+1	-6.500000E+3	-6.499600E+0	-3.535700E-3	1.838278E+6	2.126356E+6	4.701000E-4	9.996000E-1	9.910000E+37	-3.535700E-3	-2.802840E+43	2.108062E+44	4.701000E-4	9.910000E+37	5.000000E-1	0.000000E+0	1.000000E-1	1.100000E+1	1.000000E-1	1.100000E+1	1.000000E+0	7.580000E+2
3.637305E+1	-6.400000E+3	-6.399600E+0	-3.468100E-3	1.845276E+6	2.140776E+6	4.667000E-4	9.991000E-1	9.910000E+37	-3.468100E-3	-2.857472E+43	2.123420E+44	4.667000E-4	9.910000E+37	5.000000E-1	0.000000E+0	1.000000E-1	1.100000E+1	1.000000E-1	1.100000E+1	1.000000E+0	7.590000E+2
3.642075E+1	-6.300000E+3	-6.299900E+0	-3.415100E-3	1.844719E+6	2.139311E+6	4.673000E-4	9.997000E-1	9.910000E+37	-3.415100E-3	-2.901818E+43	2.120693E+44	4.673000E-4	9.910000E+37	5.000000E-1	0.000000E+0	1.000000E-1	1.100000E+1	1.000000E-1	1.100000E+1	1.000000E+0	7.600000E+2
3.646864E+1	-6.200000E+3	-6.200200E+0	-3.355800E-3	1.847607E+6	2.112988E+6	4.735000E-4	1.000500E+0	9.910000E+37	-3.355800E-3	-2.953096E+43	2.092925E+44	4.735000E-4	9.910000E+37	5.000000E-1	0.000000E+0	1.000000E-1	1.100000E+1	1.000000E-1	1.100000E+1	1.000000E+0	7.610000E+2
3.651636E+1	-6.100000E+3	-6.099600E+0	-3.310300E-3	1.842612E+6	2.131231E+6	4.694000E-4	1.000400E+0	9.910000E+37	-3.310300E-3	-2.993686E+43	2.111206E+44	4.694000E-4	9.910000E+37	5.000000E-1	0.000000E+0	1.000000E-1	1.100000E+1	1.000000E-1	1.100000E+1	1.000000E+0	7.620000E+2
3.656409E+1	-6.000000E+3	-6.000200E+0	-3.253600E-3	1.844173E+6	2.160579E+6	4.627000E-4	9.997000E-1	9.910000E+37	-3.253600E-3	-3.045857E+43	2.141777E+44	4.627000E-4	9.910000E+37	5.000000E-1	0.000000E+0	1.000000E-1	1.100000E+1	1.000000E-1	1.100000E+1	1.000000E+0	7.630000E+2
3.661178E+1	-5.900000E+3	-5.900500E+0	-3.196400E-3	1.845983E+6	2.106038E+6	4.753000E-4	1.001000E+0	9.910000E+37	-3.196400E-3	-3.100363E+43	2.084999E+44	4.753000E-4	9.910000E+37	5.000000E-1	0.000000E+0	1.000000E-1	1.100000E+1	1.000000E-1	1.100000E+1	1.000000E+0	7.640000E+2
3.665941E+1	-5.800000E+3	-5.799800E+0	-3.148300E-3	1.842201E+6	2.190007E+6	4.563000E-4	9.993000E-1	9.910000E+37	-3.148300E-3	-3.147731E+43	2.171817E+44	4.563000E-4	9.910000E+37	5.000000E-1	0.000000E+0	1.000000E-1	1.100000E+1	1.000000E-1	1.100000E+1	1.000000E+0	7.650000E+2
3.670760E+1	-5.700000E+3	-5.700400E+0	-3.081900E-3	1.849638E+6	2.103093E+6	4.753000E-4	9.996000E-1	9.910000E+37	-3.081900E-3	-3.215549E+43	2.084999E+44	4.753000E-4	9.910000E+37	5.000000E-1	0.000000E+0	1.000000E-1	1.100000E+1	1.000000E-1	1.100000E+1	1.000000E+0	7.660000E+2
3.675525E+1	-5.600000E+3	-5.599600E+0	-3.030900E-3	1.847504E+6	2.037859E+6	4.913000E-4	1.001200E+0	9.910000E+37	-3.030900E-3	-3.269656E+43	2.017097E+44	4.913000E-4	9.910000E+37	5.000000E-1	0.000000E+0	1.000000E-1	1.100000E+1	1.000000E-1	1.100000E+1	1.000000E+0	7.670000E+2
3.680292E+1	-5.500000E+3	-5.499200E+0	-2.973200E-3	1.849590E+6	2.065276E+6	4.841000E-4	9.998000E-1	9.910000E+37	-2.973200E-3	-3.333109E+43	2.047098E+44	4.841000E-4	9.910000E+37	5.000000E-1	0.000000E+0	1.000000E-1	1.100000E+1	1.000000E-1	1.100000E+1	1.000000E+0	7.680000E+2
3.685067E+1	-5.400000E+3	-5.400200E+0	-2.919400E-3	1.849764E+6	2.066736E+6	4.840000E-4	1.000300E+0	9.910000E+37	-2.919400E-3	-3.394533E+43	2.047521E+44	4.840000E-4	9.910000E+37	5.000000E-1	0.000000E+0	1.000000E-1	1.100000E+1	1.000000E-1	1.100000E+1	1.000000E+0	7.690000E+2
3.689836E+1	-5.300000E+3	-5.300400E+0	-2.872900E-3	1.844965E+6	2.124176E+6	4.703000E-4	9.990000E-1	9.910000E+37	-2.872900E-3	-3.449476E+43	2.107166E+44	4.703000E-4	9.910000E+37	5.000000E-1	0.000000E+0	1.000000E-1	1.100000E+1	1.000000E-1	1.100000E+1	1.000000E+0	7.700000E+2
3.694605E+1	-5.200000E+3	-5.200300E+0	-2.816500E-3	1.846370E+6	2.128593E+6	4.697000E-4	9.998000E-1	9.910000E+37	-2.816500E-3	-3.518551E+43	2.109857E+44	4.697000E-4	9.910000E+37	5.000000E-1	0.000000E+0	1.000000E-1	1.100000E+1	1.000000E-1	1.100000E+1	1.000000E+0	7.710000E+2
3.699372E+1	-5.100000E+3	-5.100000E+0	-2.760500E-3	1.847491E+6	2.096835E+6	4.771000E-4	1.000400E+0	9.910000E+37	-2.760500E-3	-3.589929E+43	2.077133E+44	4.771000E-4	9.910000E+37	5.000000E-1	0.000000E+0	1.000000E-1	1.100000E+1	1.000000E-1	1.100000E+1	1.000000E+0	7.720000E+2
3.704150E+1	-5.000000E+3	-5.000100E+0	-2.713200E-3	1.842879E+6	2.036419E+6	4.915000E-4	1.000900E+0	9.910000E+37	-2.713200E-3	-3.652514E+43	2.016277E+44	4.915000E-4	9.910000E+37	5.000000E-1	0.000000E+0	1.000000E-1	1.100000E+1	1.000000E-1	1.100000E+1	1.000000E+0	7.730000E+2
3.708935E+1	-4.900000E+3	-4.900800E+0	-2.648100E-3	1.850685E+6	2.105962E+6	4.747000E-4	9.997000E-1	9.910000E+37	-2.648100E-3	-3.742306E+43	2.087634E+44	4.747000E-4	9.910000E+37	5.000000E-1	0.000000E+0	1.000000E-1	1.100000E+1	1.000000E-1	1.100000E+1	1.000000E+0	7.740000E+2
3.713701E+1	-4.800000E+3	-4.799000E+0	-2.583400E-3	1.857629E+6	2.069344E+6	4.831000E-4	9.997000E-1	9.910000E+37	-2.583400E-3	-3.836030E+43	2.051335E+44	4.831000E-4	9.910000E+37	5.000000E-1	0.000000E+0	1.000000E-1	1.100000E+1	1.000000E-1	1.100000E+1	1.000000E+0	7.750000E+2
3.718464E+1	-4.700000E+3	-4.700300E+0	-2.542000E-3	1.849056E+6	2.047073E+6	4.886000E-4	1.000200E+0	9.910000E+37	-2.542000E-3	-3.898505E+43	2.028244E+44	4.886000E-4	9.910000E+37	5.000000E-1	0.000000E+0	1.000000E-1	1.100000E+1	1.000000E-1	1.100000E+1	1.000000E+0	7.760000E+2
3.723230E+1	-4.600000E+3	-4.600600E+0	-2.482300E-3	1.853362E+6	2.030032E+6	4.928000E-4	1.000400E+0	9.910000E+37	-2.482300E-3	-3.992265E+43	2.010958E+44	4.928000E-4	9.910000E+37	5.000000E-1	0.000000E+0	1.000000E-1	1.100000E+1	1.000000E-1	1.100000E+1	1.000000E+0	7.770000E+2
3.728010E+1	-4.500000E+3	-4.500800E+0	-2.446100E-3	1.839990E+6	2.054415E+6	4.870000E-4	1.000500E+0	9.910000E+37	-2.446100E-3	-4.051347E+43	2.034908E+44	4.870000E-4	9.910000E+37	5.000000E-1	0.000000E+0	1.000000E-1	1.100000E+1	1.000000E-1	1.100000E+1	1.000000E+0	7.780000E+2
3.732797E+1	-4.400000E+3	-4.400000E+0	-2.375600E-3	1.852164E+6	2.055704E+6	4.865000E-4	1.000100E+0	9.910000E+37	-2.375600E-3	-4.171578E+43	2.036999E+44	4.865000E-4	9.910000E+37	5.000000E-1	0.000000E+0	1.000000E-1	1.100000E+1	1.000000E-1	1.100000E+1	1.000000E+0	7.790000E+2
3.737565E+1	-4.300000E+3	-4.299500E+0	-2.323800E-3	1.850202E+6	2.089768E+6	4.779000E-4	9.987000E-1	9.910000E+37	-2.323800E-3	-4.264567E+43	2.073656E+44	4.779000E-4	9.910000E+37	5.000000E-1	0.000000E+0	1.000000E-1	1.100000E+1	1.000000E-1	1.100000E+1	1.000000E+0	7.800000E+2
3.742336E+1	-4.200000E+3	-4.199900E+0	-2.287500E-3	1.836022E+6	2.064656E+6	4.841000E-4	9.995000E-1	9.910000E+37	-2.287500E-3	-4.332240E+43	2.047098E+44	4.841000E-4	9.910000E+37	5.000000E-1	0.000000E+0	1.000000E-1	1.100000E+1	1.000000E-1	1.100000E+1	1.000000E+0	7.810000E+2
3.747118E+1	-4.100000E+3	-4.099000E+0	-2.218600E-3	1.847562E+6	2.016341E+6	4.957000E-4	9.995000E-1	9.910000E+37	-2.218600E-3	-4.466781E+43	1.999193E+44	4.957000E-4	9.910000E+37	5.000000E-1	0.000000E+0	1.000000E-1	1.100000E+1	1.000000E-1	1.100000E+1	1.000000E+0	7.820000E+2
3.751905E+1	-4.000000E+3	-3.999900E+0	-2.165000E-3	1.847529E+6	2.090548E+6	4.782000E-4	9.997000E-1	9.910000E+37	-2.165000E-3	-4.577367E+43	2.072355E+44	4.782000E-4	9.910000E+37	5.000000E-1	0.000000E+0	1.000000E-1	1.100000E+1	1.000000E-1	1.100000E+1	1.000000E+0	7.830000E+2
3.756682E+1	-3.900000E+3	-3.900100E+0	-2.111700E-3	1.846901E+6	2.060231E+6	4.848000E-4	9.988000E-1	9.910000E+37	-2.111700E-3	-4.692901E+43	2.044142E+44	4.848000E-4	9.910000E+37	5.000000E-1	0.000000E+0	1.000000E-1	1.100000E+1	1.000000E-1	1.100000E+1	1.000000E+0	7.840000E+2
3.761535E+1	-3.800000E+3	-3.800100E+0	-2.055900E-3	1.848388E+6	2.072317E+6	4.826000E-4	1.000100E+0	9.910000E+37	-2.055900E-3	-4.820273E+43	2.053460E+44	4.826000E-4	9.910000E+37	5.000000E-1	0.000000E+0	1.000000E-1	1.100000E+1	1.000000E-1	1.100000E+1	1.000000E+0	7.850000E+2
3.766307E+1	-3.700000E+3	-3.700200E+0	-2.007800E-3	1.842913E+6	2.034813E+6	4.912000E-4	9.995000E-1	9.910000E+37	-2.007800E-3	-4.935751E+43	2.017508E+44	4.912000E-4	9.910000E+37	5.000000E-1	0.000000E+0	1.000000E-1	1.100000E+1	1.000000E-1	1.100000E+1	1.000000E+0	7.860000E+2
3.771084E+1	-3.600000E+3	-3.600900E+0	-1.949900E-3	1.846710E+6	2.012082E+6	4.966000E-4	9.992000E-1	9.910000E+37	-1.949900E-3	-5.082312E+43	1.995570E+44	4.966000E-4	9.910000E+37	5.000000E-1	0.000000E+0	1.000000E-1	1.100000E+1	1.000000E-1	1.100000E+1	1.000000E+0	7.870000E+2
3.775853E+1	-3.500000E+3	-3.500600E+0	-1.895400E-3	1.846892E+6	1.997006E+6	5.010000E-4	1.000500E+0	9.910000E+37	-1.895400E-3	-5.228448E+43	1.978044E+44	5.010000E-4	9.910000E+37	5.000000E-1	0.000000E+0	1.000000E-1	1.100000E+1	1.000000E-1	1.100000E+1	1.000000E+0	7.880000E+2
3.780631E+1	-3.400000E+3	-3.400400E+0	-1.836300E-3	1.851767E+6	1.979430E+6	5.056000E-4	1.000800E+0	9.910000E+37	-1.836300E-3	-5.396722E+43	1.960047E+44	5.056000E-4	9.910000E+37	5.000000E-1	0.000000E+0	1.000000E-1	1.100000E+1	1.000000E-1	1.100000E+1	1.000000E+0	7.890000E+2
3.785402E+1	-3.300000E+3	-3.299900E+0	-1.785300E-3	1.848373E+6	2.003203E+6	4.996000E-4	1.000800E+0	9.910000E+37	-1.785300E-3	-5.550888E+43	1.983587E+44	4.996000E-4	9.910000E+37	5.000000E-1	0.000000E+0	1.000000E-1	1.100000E+1	1.000000E-1	1.100000E+1	1.000000E+0	7.900000E+2
3.790173E+1	-3.200000E+3	-3.199200E+0	-1.729700E-3	1.849569E+6	2.049990E+6	4.881000E-4	1.000600E+0	9.910000E+37	-1.729700E-3	-5.729317E+43	2.030322E+44	4.881000E-4	9.910000E+37	5.000000E-1	0.000000E+0	1.000000E-1	1.100000E+1	1.000000E-1	1.100000E+1	1.000000E+0	7.910000E+2
3.794939E+1	-3.100000E+3	-3.099000E+0	-1.674500E-3	1.850702E+6	2.031085E+6	4.922000E-4	9.997000E-1	9.910000E+37	-1.674500E-3	-5.918185E+43	2.013409E+44	4.922000E-4	9.910000E+37	5.000000E-1	0.000000E+0	1.000000E-1	1.100000E+1	1.000000E-1	1.100000E+1	1.000000E+0	7.920000E+2
3.799707E+1	-3.000000E+3	-2.999500E+0	-1.622000E-3	1.849260E+6	2.017544E+6	4.959000E-4	1.000500E+0	9.910000E+37	-1.622000E-3	-6.109741E+43	1.998387E+44	4.959000E-4	9.910000E+37	5.000000E-1	0.000000E+0	1.000000E-1	1.100000E+1	1.000000E-1	1.100000E+1	1.000000E+0	7.930000E+2
3.804474E+1	-2.900000E+3	-2.899700E+0	-1.569000E-3	1.848120E+6	2.004609E+6	4.990000E-4	1.000300E+0	9.910000E+37	-1.569000E-3	-6.316125E+43	1.985972E+44	4.990000E-4	9.910000E+37	5.000000E-1	0.000000E+0	1.000000E-1	1.100000E+1	1.000000E-1	1.100000E+1	1.000000E+0	7.940000E+2
3.809263E+1	-2.800000E+3	-2.800600E+0	-1.505800E-3	1.859875E+6	2.004610E+6	4.989000E-4	1.000100E+0	9.910000E+37	-1.505800E-3	-6.581219E+43	1.986370E+44	4.989000E-4	9.910000E+37	5.000000E-1	0.000000E+0	1.000000E-1	1.100000E+1	1.000000E-1	1.100000E+1	1.000000E+0	7.950000E+2
3.814066E+1	-2.700000E+3	-2.701600E+0	-1.458900E-3	1.851806E+6	1.977255E+6	5.056000E-4	9.997000E-1	9.910000E+37	-1.458900E-3	-6.792789E+43	1.960047E+44	5.056000E-4	9.910000E+37	5.000000E-1	0.000000E+0	1.000000E-1	1.100000E+1	1.000000E-1	1.100000E+1	1.000000E+0	7.960000E+2
3.818847E+1	-2.600000E+3	-2.600600E+0	-1.409000E-3	1.845706E+6	1.984722E+6	5.040000E-4	1.000300E+0	9.910000E+37	-1.409000E-3	-7.033357E+43	1.966270E+44	5.040000E-4	9.910000E+37	5.000000E-1	0.000000E+0	1.000000E-1	1.100000E+1	1.000000E-1	1.100000E+1	1.000000E+0	7.970000E+2
3.823637E+1	-2.500000E+3	-2.500400E+0	-1.338600E-3	1.867922E+6	2.000600E+6	4.998000E-4	9.999000E-1	9.910000E+37	-1.338600E-3	-7.403257E+43	1.982793E+44	4.998000E-4	9.910000E+37	5.000000E-1	0.000000E+0	1.000000E-1	1.100000E+1	1.000000E-1	1.100000E+1	1.000000E+0	7.980000E+2
3.828419E+1	-2.400000E+3	-2.399200E+0	-1.293300E-3	1.855099E+6	2.006826E+6	4.981000E-4	9.996000E-1	9.910000E+37	-1.293300E-3	-7.662569E+43	1.989560E+44	4.981000E-4	9.910000E+37	5.000000E-1	0.000000E+0	1.000000E-1	1.100000E+1	1.000000E-1	1.100000E+1	1.000000E+0	7.990000E+2
3.833198E+1	-2.300000E+3	-2.299700E+0	-1.233100E-3	1.864974E+6	1.997007E+6	5.012000E-4	1.000900E+0	9.910000E+37	-1.233100E-3	-8.036656E+43	1.977255E+44	5.012000E-4	9.910000E+37	5.000000E-1	0.000000E+0	1.000000E-1	1.100000E+1	1.000000E-1	1.100000E+1	1.000000E+0	8.000000E+2
3.837970E+1	-2.200000E+3	-2.200500E+0	-1.178800E-3	1.866729E+6	1.946693E+6	5.140000E-4	1.000600E+0	9.910000E+37	-1.178800E-3	-8.406854E+43	1.928016E+44	5.140000E-4	9.910000E+37	5.000000E-1	0.000000E+0	1.000000E-1	1.100000E+1	1.000000E-1	1.100000E+1	1.000000E+0	8.010000E+2
3.842763E+1	-2.100000E+3	-2.099400E+0	-1.123700E-3	1.868292E+6	1.962709E+6	5.095000E-4	1.000000E+0	9.910000E+37	-1.123700E-3	-8.819080E+43	1.945044E+44	5.095000E-4	9.910000E+37	5.000000E-1	0.000000E+0	1.000000E-1	1.100000E+1	1.000000E-1	1.100000E+1	1.000000E+0	8.020000E+2
3.847532E+1	-2.000000E+3	-2.000600E+0	-1.078300E-3	1.855328E+6	1.976082E+6	5.059000E-4	9.997000E-1	9.910000E+37	-1.078300E-3	-9.190392E+43	1.958885E+44	5.059000E-4	9.910000E+37	5.000000E-1	0.000000E+0	1.000000E-1	1.100000E+1	1.000000E-1	1.100000E+1	1.000000E+0	8.030000E+2
3.852297E+1	-1.900000E+3	-1.899700E+0	-1.015100E-3	1.871441E+6	1.981371E+6	5.046000E-4	9.998000E-1	9.910000E+37	-1.015100E-3	-9.762585E+43	1.963932E+44	5.046000E-4	9.910000E+37	5.000000E-1	0.000000E+0	1.000000E-1	1.100000E+1	1.000000E-1	1.100000E+1	1.000000E+0	8.040000E+2
3.857066E+1	-1.800000E+3	-1.800200E+0	-9.724000E-4	1.851296E+6	2.000601E+6	4.993000E-4	9.989000E-1	9.910000E+37	-9.724000E-4	-1.019128E+44	1.984779E+44	4.993000E-4	9.910000E+37	5.000000E-1	0.000000E+0	1.000000E-1	1.100000E+1	1.000000E-1	1.100000E+1	1.000000E+0	8.050000E+2
3.861839E+1	-1.700000E+3	-1.700100E+0	-9.110000E-4	1.866191E+6	1.922796E+6	5.207000E-4	1.001200E+0	9.910000E+37	-9.110000E-4	-1.087816E+44	1.903207E+44	5.207000E-4	9.910000E+37	5.000000E-1	0.000000E+0	1.000000E-1	1.100000E+1	1.000000E-1	1.100000E+1	1.000000E+0	8.060000E+2
3.866608E+1	-1.600000E+3	-1.600100E+0	-8.575000E-4	1.866006E+6	1.973362E+6	5.068000E-4	1.000100E+0	9.910000E+37	-8.575000E-4	-1.155685E+44	1.955406E+44	5.068000E-4	9.910000E+37	5.000000E-1	0.000000E+0	1.000000E-1	1.100000E+1	1.000000E-1	1.100000E+1	1.000000E+0	8.070000E+2
3.871376E+1	-1.500000E+3	-1.499300E+0	-7.975000E-4	1.880000E+6	1.990838E+6	5.021000E-4	9.996000E-1	9.910000E+37	-7.975000E-4	-1.242633E+44	1.973710E+44	5.021000E-4	9.910000E+37	5.000000E-1	0.000000E+0	1.000000E-1	1.100000E+1	1.000000E-1	1.100000E+1	1.000000E+0	8.080000E+2
3.876155E+1	-1.400000E+3	-1.400500E+0	-7.438000E-4	1.882899E+6	1.952195E+6	5.125000E-4	1.000500E+0	9.910000E+37	-7.438000E-4	-1.332347E+44	1.933659E+44	5.125000E-4	9.910000E+37	5.000000E-1	0.000000E+0	1.000000E-1	1.100000E+1	1.000000E-1	1.100000E+1	1.000000E+0	8.090000E+2
3.880944E+1	-1.300000E+3	-1.299600E+0	-6.898000E-4	1.884024E+6	1.977255E+6	5.056000E-4	9.997000E-1	9.910000E+37	-6.898000E-4	-1.436648E+44	1.960047E+44	5.056000E-4	9.910000E+37	5.000000E-1	0.000000E+0	1.000000E-1	1.100000E+1	1.000000E-1	1.100000E+1	1.000000E+0	8.100000E+2
3.885714E+1	-1.200000E+3	-1.200700E+0	-6.375000E-4	1.883451E+6	1.970264E+6	5.078000E-4	1.000500E+0	9.910000E+37	-6.375000E-4	-1.554510E+44	1.951556E+44	5.078000E-4	9.910000E+37	5.000000E-1	0.000000E+0	1.000000E-1	1.100000E+1	1.000000E-1	1.100000E+1	1.000000E+0	8.110000E+2
3.890494E+1	-1.100000E+3	-1.099700E+0	-5.793000E-4	1.898326E+6	1.973803E+6	5.077000E-4	1.002100E+0	9.910000E+37	-5.793000E-4	-1.710685E+44	1.951940E+44	5.077000E-4	9.910000E+37	5.000000E-1	0.000000E+0	1.000000E-1	1.100000E+1	1.000000E-1	1.100000E+1	1.000000E+0	8.120000E+2
3.895273E+1	-1.000000E+3	-1.000500E+0	-5.469000E-4	1.829402E+6	1.973752E+6	5.067000E-4	1.000100E+0	9.910000E+37	-5.469000E-4	-1.812031E+44	1.955792E+44	5.067000E-4	9.910000E+37	5.000000E-1	0.000000E+0	1.000000E-1	1.100000E+1	1.000000E-1	1.100000E+1	1.000000E+0	8.130000E+2
3.900046E+1	-9.000000E+2	-8.999000E-1	-4.826000E-4	1.864691E+6	1.959828E+6	5.103000E-4	1.000100E+0	9.910000E+37	-4.826000E-4	-2.053460E+44	1.941995E+44	5.103000E-4	9.910000E+37	5.000000E-1	0.000000E+0	1.000000E-1	1.100000E+1	1.000000E-1	1.100000E+1	1.000000E+0	8.140000E+2
3.904827E+1	-8.000000E+2	-8.005000E-1	-4.285000E-4	1.868145E+6	1.956377E+6	5.112000E-4	1.000100E+0	9.910000E+37	-4.285000E-4	-2.312719E+44	1.938576E+44	5.112000E-4	9.910000E+37	5.000000E-1	0.000000E+0	1.000000E-1	1.100000E+1	1.000000E-1	1.100000E+1	1.000000E+0	8.150000E+2
3.909619E+1	-7.000000E+2	-7.002000E-1	-3.841000E-4	1.822963E+6	1.949093E+6	5.127000E-4	9.993000E-1	9.910000E+37	-3.841000E-4	-2.580057E+44	1.932904E+44	5.127000E-4	9.910000E+37	5.000000E-1	0.000000E+0	1.000000E-1	1.100000E+1	1.000000E-1	1.100000E+1	1.000000E+0	8.160000E+2
3.914407E+1	-6.000000E+2	-5.992000E-1	-3.203000E-4	1.870746E+6	1.976285E+6	5.060000E-4	1.000000E+0	9.910000E+37	-3.203000E-4	-3.093974E+44	1.958498E+44	5.060000E-4	9.910000E+37	5.000000E-1	0.000000E+0	1.000000E-1	1.100000E+1	1.000000E-1	1.100000E+1	1.000000E+0	8.170000E+2
3.919184E+1	-5.000000E+2	-4.999000E-1	-2.770000E-4	1.804693E+6	1.928695E+6	5.189000E-4	1.000800E+0	9.910000E+37	-2.770000E-4	-3.577617E+44	1.909809E+44	5.189000E-4	9.910000E+37	5.000000E-1	0.000000E+0	1.000000E-1	1.100000E+1	1.000000E-1	1.100000E+1	1.000000E+0	8.180000E+2
3.923969E+1	-4.000000E+2	-4.005000E-1	-2.142000E-4	1.869748E+6	1.944790E+6	5.144000E-4	1.000400E+0	9.910000E+37	-2.142000E-4	-4.626517E+44	1.926516E+44	5.144000E-4	9.910000E+37	5.000000E-1	0.000000E+0	1.000000E-1	1.100000E+1	1.000000E-1	1.100000E+1	1.000000E+0	8.190000E+2
3.928758E+1	-3.000000E+2	-3.003000E-1	-1.612000E-4	1.862903E+6	1.942457E+6	5.144000E-4	9.992000E-1	9.910000E+37	-1.612000E-4	-6.147643E+44	1.926516E+44	5.144000E-4	9.910000E+37	5.000000E-1	0.000000E+0	1.000000E-1	1.100000E+1	1.000000E-1	1.100000E+1	1.000000E+0	8.200000E+2
3.933535E+1	-2.000000E+2	-1.993000E-1	-1.156000E-4	1.724048E+6	1.956760E+6	5.111000E-4	1.000100E+0	9.910000E+37	-1.156000E-4	-8.572664E+44	1.938955E+44	5.111000E-4	9.910000E+37	5.000000E-1	0.000000E+0	1.000000E-1	1.100000E+1	1.000000E-1	1.100000E+1	1.000000E+0	8.210000E+2
3.938312E+1	-1.000000E+2	-9.990000E-2	-6.620000E-5	1.509063E+6	1.974329E+6	5.064000E-4	9.998000E-1	9.910000E+37	-6.620000E-5	-1.496979E+45	1.956951E+44	5.064000E-4	9.910000E+37	5.000000E-1	0.000000E+0	1.000000E-1	1.100000E+1	1.000000E-1	1.100000E+1	1.000000E+0	8.220000E+2
3.943079E+1	0.000000E+0	1.700000E-3	-4.000000E-6	-4.250000E+5	1.961953E+6	5.099000E-4	1.000400E+0	9.910000E+37	-4.000000E-6	-2.477500E+46	1.943518E+44	5.099000E-4	9.910000E+37	5.000000E-1	0.000000E+0	1.000000E-1	1.100000E+1	1.000000E-1	1.100000E+1	1.000000E+0	8.230000E+2
3.947869E+1	1.000000E+2	9.980000E-2	4.240000E-5	2.353774E+6	1.969655E+6	5.075000E-4	9.996000E-1	9.910000E+37	4.240000E-5	2.337264E+45	1.952709E+44	5.075000E-4	9.910000E+37	5.000000E-1	0.000000E+0	1.000000E-1	1.100000E+1	1.000000E-1	1.100000E+1	1.000000E+0	8.240000E+2
3.952646E+1	2.000000E+2	1.997000E-1	9.150000E-5	2.182514E+6	1.946456E+6	5.136000E-4	9.997000E-1	9.910000E+37	9.150000E-5	1.083060E+45	1.929517E+44	5.136000E-4	9.910000E+37	5.000000E-1	0.000000E+0	1.000000E-1	1.100000E+1	1.000000E-1	1.100000E+1	1.000000E+0	8.250000E+2
3.957408E+1	3.000000E+2	3.001000E-1	1.337000E-4	2.244577E+6	1.973544E+6	5.065000E-4	9.996000E-1	9.910000E+37	1.337000E-4	7.412117E+44	1.956565E+44	5.065000E-4	9.910000E+37	5.000000E-1	0.000000E+0	1.000000E-1	1.100000E+1	1.000000E-1	1.100000E+1	1.000000E+0	8.260000E+2
3.962177E+1	4.000000E+2	4.009000E-1	1.964000E-4	2.041242E+6	1.948333E+6	5.129000E-4	9.993000E-1	9.910000E+37	1.964000E-4	5.045825E+44	1.932151E+44	5.129000E-4	9.910000E+37	5.000000E-1	0.000000E+0	1.000000E-1	1.100000E+1	1.000000E-1	1.100000E+1	1.000000E+0	8.270000E+2
3.966964E+1	5.000000E+2	5.011000E-1	2.536000E-4	1.975946E+6	1.935153E+6	5.166000E-4	9.997000E-1	9.910000E+37	2.536000E-4	3.907729E+44	1.918312E+44	5.166000E-4	9.910000E+37	5.000000E-1	0.000000E+0	1.000000E-1	1.100000E+1	1.000000E-1	1.100000E+1	1.000000E+0	8.280000E+2
3.971737E+1	6.000000E+2	6.001000E-1	3.021000E-4	1.986428E+6	1.944931E+6	5.139000E-4	9.995000E-1	9.910000E+37	3.021000E-4	3.280371E+44	1.928391E+44	5.139000E-4	9.910000E+37	5.000000E-1	0.000000E+0	1.000000E-1	1.100000E+1	1.000000E-1	1.100000E+1	1.000000E+0	8.290000E+2
3.976519E+1	7.000000E+2	6.998000E-1	3.633000E-4	1.926232E+6	1.877509E+6	5.331000E-4	1.000900E+0	9.910000E+37	3.633000E-4	2.727773E+44	1.858938E+44	5.331000E-4	9.910000E+37	5.000000E-1	0.000000E+0	1.000000E-1	1.100000E+1	1.000000E-1	1.100000E+1	1.000000E+0	8.300000E+2
3.981316E+1	8.000000E+2	8.002000E-1	4.080000E-4	1.961275E+6	1.941736E+6	5.149000E-4	9.998000E-1	9.910000E+37	4.080000E-4	2.428922E+44	1.924646E+44	5.149000E-4	9.910000E+37	5.000000E-1	0.000000E+0	1.000000E-1	1.100000E+1	1.000000E-1	1.100000E+1	1.000000E+0	8.310000E+2
3.986096E+1	9.000000E+2	8.996000E-1	4.725000E-4	1.903915E+6	1.945646E+6	5.133000E-4	9.987000E-1	9.910000E+37	4.725000E-4	2.097354E+44	1.930645E+44	5.133000E-4	9.910000E+37	5.000000E-1	0.000000E+0	1.000000E-1	1.100000E+1	1.000000E-1	1.100000E+1	1.000000E+0	8.320000E+2
3.990872E+1	1.000000E+3	1.000100E+0	5.176000E-4	1.932187E+6	1.952558E+6	5.122000E-4	1.000100E+0	9.910000E+37	5.176000E-4	1.914606E+44	1.934791E+44	5.122000E-4	9.910000E+37	5.000000E-1	0.000000E+0	1.000000E-1	1.100000E+1	1.000000E-1	1.100000E+1	1.000000E+0	8.330000E+2
3.995650E+1	1.100000E+3	1.100700E+0	5.762000E-4	1.910274E+6	1.933088E+6	5.171000E-4	9.996000E-1	9.910000E+37	5.762000E-4	1.719889E+44	1.916457E+44	5.171000E-4	9.910000E+37	5.000000E-1	0.000000E+0	1.000000E-1	1.100000E+1	1.000000E-1	1.100000E+1	1.000000E+0	8.340000E+2
4.000437E+1	1.200000E+3	1.200300E+0	6.226000E-4	1.927883E+6	1.946262E+6	5.136000E-4	9.996000E-1	9.910000E+37	6.226000E-4	1.591712E+44	1.929517E+44	5.136000E-4	9.910000E+37	5.000000E-1	0.000000E+0	1.000000E-1	1.100000E+1	1.000000E-1	1.100000E+1	1.000000E+0	8.350000E+2
4.005211E+1	1.300000E+3	1.300500E+0	6.811000E-4	1.909411E+6	1.934274E+6	5.173000E-4	1.000600E+0	9.910000E+37	6.811000E-4	1.454999E+44	1.915716E+44	5.173000E-4	9.910000E+37	5.000000E-1	0.000000E+0	1.000000E-1	1.100000E+1	1.000000E-1	1.100000E+1	1.000000E+0	8.360000E+2
4.009989E+1	1.400000E+3	1.400100E+0	7.316000E-4	1.913751E+6	1.948189E+6	5.134000E-4	1.000200E+0	9.910000E+37	7.316000E-4	1.354565E+44	1.930269E+44	5.134000E-4	9.910000E+37	5.000000E-1	0.000000E+0	1.000000E-1	1.100000E+1	1.000000E-1	1.100000E+1	1.000000E+0	8.370000E+2
4.014765E+1	1.500000E+3	1.500300E+0	7.964000E-4	1.883852E+6	1.914751E+6	5.220000E-4	9.995000E-1	9.910000E+37	7.964000E-4	1.244350E+44	1.898467E+44	5.220000E-4	9.910000E+37	5.000000E-1	0.000000E+0	1.000000E-1	1.100000E+1	1.000000E-1	1.100000E+1	1.000000E+0	8.380000E+2
4.019528E+1	1.600000E+3	1.601500E+0	8.620000E-4	1.857889E+6	1.937585E+6	5.159000E-4	9.996000E-1	9.910000E+37	8.620000E-4	1.149652E+44	1.920915E+44	5.159000E-4	9.910000E+37	5.000000E-1	0.000000E+0	1.000000E-1	1.100000E+1	1.000000E-1	1.100000E+1	1.000000E+0	8.390000E+2
4.024302E+1	1.700000E+3	1.699400E+0	9.141000E-4	1.859096E+6	1.883117E+6	5.313000E-4	1.000500E+0	9.910000E+37	9.141000E-4	1.084126E+44	1.865236E+44	5.313000E-4	9.910000E+37	5.000000E-1	0.000000E+0	1.000000E-1	1.100000E+1	1.000000E-1	1.100000E+1	1.000000E+0	8.400000E+2
4.029087E+1	1.800000E+3	1.798200E+0	9.586000E-4	1.875861E+6	1.898936E+6	5.264000E-4	9.996000E-1	9.910000E+37	9.586000E-4	1.033799E+44	1.882599E+44	5.264000E-4	9.910000E+37	5.000000E-1	0.000000E+0	1.000000E-1	1.100000E+1	1.000000E-1	1.100000E+1	1.000000E+0	8.410000E+2
4.033861E+1	1.900000E+3	1.898700E+0	1.039700E-3	1.826200E+6	1.878214E+6	5.329000E-4	1.000900E+0	9.910000E+37	1.039700E-3	9.531596E+43	1.859636E+44	5.329000E-4	9.910000E+37	5.000000E-1	0.000000E+0	1.000000E-1	1.100000E+1	1.000000E-1	1.100000E+1	1.000000E+0	8.420000E+2
4.038639E+1	2.000000E+3	1.999700E+0	1.094400E-3	1.827211E+6	1.936846E+6	5.162000E-4	9.998000E-1	9.910000E+37	1.094400E-3	9.055190E+43	1.919799E+44	5.162000E-4	9.910000E+37	5.000000E-1	0.000000E+0	1.000000E-1	1.100000E+1	1.000000E-1	1.100000E+1	1.000000E+0	8.430000E+2
4.043421E+1	2.100000E+3	2.100500E+0	1.156400E-3	1.816413E+6	1.916986E+6	5.216000E-4	9.999000E-1	9.910000E+37	1.156400E-3	8.569699E+43	1.899923E+44	5.216000E-4	9.910000E+37	5.000000E-1	0.000000E+0	1.000000E-1	1.100000E+1	1.000000E-1	1.100000E+1	1.000000E+0	8.440000E+2
4.048202E+1	2.200000E+3	2.200900E+0	1.229200E-3	1.790514E+6	1.871469E+6	5.345000E-4	1.000300E+0	9.910000E+37	1.229200E-3	8.062154E+43	1.854069E+44	5.345000E-4	9.910000E+37	5.000000E-1	0.000000E+0	1.000000E-1	1.100000E+1	1.000000E-1	1.100000E+1	1.000000E+0	8.450000E+2
4.052993E+1	2.300000E+3	2.300300E+0	1.284100E-3	1.791371E+6	1.940925E+6	5.146000E-4	9.988000E-1	9.910000E+37	1.284100E-3	7.717467E+43	1.925768E+44	5.146000E-4	9.910000E+37	5.000000E-1	0.000000E+0	1.000000E-1	1.100000E+1	1.000000E-1	1.100000E+1	1.000000E+0	8.460000E+2
4.057789E+1	2.400000E+3	2.400500E+0	1.347300E-3	1.781712E+6	1.944369E+6	5.141000E-4	9.996000E-1	9.910000E+37	1.347300E-3	7.355452E+43	1.927641E+44	5.141000E-4	9.910000E+37	5.000000E-1	0.000000E+0	1.000000E-1	1.100000E+1	1.000000E-1	1.100000E+1	1.000000E+0	8.470000E+2
4.062564E+1	2.500000E+3	2.500900E+0	1.425400E-3	1.754525E+6	1.900133E+6	5.257000E-4	9.989000E-1	9.910000E+37	1.425400E-3	6.952434E+43	1.885106E+44	5.257000E-4	9.910000E+37	5.000000E-1	0.000000E+0	1.000000E-1	1.100000E+1	1.000000E-1	1.100000E+1	1.000000E+0	8.480000E+2
4.067331E+1	2.600000E+3	2.599900E+0	1.485400E-3	1.750303E+6	1.863603E+6	5.374000E-4	1.001500E+0	9.910000E+37	1.485400E-3	6.671604E+43	1.844064E+44	5.374000E-4	9.910000E+37	5.000000E-1	0.000000E+0	1.000000E-1	1.100000E+1	1.000000E-1	1.100000E+1	1.000000E+0	8.490000E+2
4.072096E+1	2.700000E+3	2.699400E+0	1.536600E-3	1.756736E+6	1.915693E+6	5.219000E-4	9.998000E-1	9.910000E+37	1.536600E-3	6.449304E+43	1.898831E+44	5.219000E-4	9.910000E+37	5.000000E-1	0.000000E+0	1.000000E-1	1.100000E+1	1.000000E-1	1.100000E+1	1.000000E+0	8.500000E+2
4.076863E+1	2.800000E+3	2.799800E+0	1.603700E-3	1.745838E+6	1.905470E+6	5.247000E-4	9.998000E-1	9.910000E+37	1.603700E-3	6.179460E+43	1.888698E+44	5.247000E-4	9.910000E+37	5.000000E-1	0.000000E+0	1.000000E-1	1.100000E+1	1.000000E-1	1.100000E+1	1.000000E+0	8.510000E+2
4.081655E+1	2.900000E+3	2.900100E+0	1.672600E-3	1.733887E+6	1.904209E+6	5.251000E-4	9.999000E-1	9.910000E+37	1.672600E-3	5.924907E+43	1.887260E+44	5.251000E-4	9.910000E+37	5.000000E-1	0.000000E+0	1.000000E-1	1.100000E+1	1.000000E-1	1.100000E+1	1.000000E+0	8.520000E+2
4.086424E+1	3.000000E+3	3.000000E+0	1.740800E-3	1.723346E+6	1.909784E+6	5.243000E-4	1.001300E+0	9.910000E+37	1.740800E-3	5.692785E+43	1.890139E+44	5.243000E-4	9.910000E+37	5.000000E-1	0.000000E+0	1.000000E-1	1.100000E+1	1.000000E-1	1.100000E+1	1.000000E+0	8.530000E+2
4.091214E+1	3.100000E+3	3.100200E+0	1.829200E-3	1.694839E+6	1.903692E+6	5.254000E-4	1.000200E+0	9.910000E+37	1.829200E-3	5.417669E+43	1.886182E+44	5.254000E-4	9.910000E+37	5.000000E-1	0.000000E+0	1.000000E-1	1.100000E+1	1.000000E-1	1.100000E+1	1.000000E+0	8.540000E+2
4.095979E+1	3.200000E+3	3.199400E+0	1.893000E-3	1.690122E+6	1.882508E+6	5.311000E-4	9.998000E-1	9.910000E+37	1.893000E-3	5.235077E+43	1.865939E+44	5.311000E-4	9.910000E+37	5.000000E-1	0.000000E+0	1.000000E-1	1.100000E+1	1.000000E-1	1.100000E+1	1.000000E+0	8.550000E+2
4.100766E+1	3.300000E+3	3.299200E+0	1.968000E-3	1.676423E+6	1.873828E+6	5.334000E-4	9.995000E-1	9.910000E+37	1.968000E-3	5.035569E+43	1.857893E+44	5.334000E-4	9.910000E+37	5.000000E-1	0.000000E+0	1.000000E-1	1.100000E+1	1.000000E-1	1.100000E+1	1.000000E+0	8.560000E+2
4.105531E+1	3.400000E+3	3.399700E+0	2.056000E-3	1.653551E+6	1.878099E+6	5.324000E-4	9.999000E-1	9.910000E+37	2.056000E-3	4.820039E+43	1.861382E+44	5.324000E-4	9.910000E+37	5.000000E-1	0.000000E+0	1.000000E-1	1.100000E+1	1.000000E-1	1.100000E+1	1.000000E+0	8.570000E+2
4.110298E+1	3.500000E+3	3.500600E+0	2.129200E-3	1.644092E+6	1.863908E+6	5.364000E-4	9.998000E-1	9.910000E+37	2.129200E-3	4.654330E+43	1.847502E+44	5.364000E-4	9.910000E+37	5.000000E-1	0.000000E+0	1.000000E-1	1.100000E+1	1.000000E-1	1.100000E+1	1.000000E+0	8.580000E+2
4.115060E+1	3.600000E+3	3.600000E+0	2.197800E-3	1.638002E+6	1.867339E+6	5.352000E-4	9.994000E-1	9.910000E+37	2.197800E-3	4.509055E+43	1.851644E+44	5.352000E-4	9.910000E+37	5.000000E-1	0.000000E+0	1.000000E-1	1.100000E+1	1.000000E-1	1.100000E+1	1.000000E+0	8.590000E+2
4.119827E+1	3.700000E+3	3.700400E+0	2.282300E-3	1.621347E+6	1.838479E+6	5.442000E-4	1.000500E+0	9.910000E+37	2.282300E-3	4.342111E+43	1.821022E+44	5.442000E-4	9.910000E+37	5.000000E-1	0.000000E+0	1.000000E-1	1.100000E+1	1.000000E-1	1.100000E+1	1.000000E+0	8.600000E+2
4.124599E+1	3.800000E+3	3.799200E+0	2.367200E-3	1.604934E+6	1.815064E+6	5.510000E-4	1.000100E+0	9.910000E+37	2.367200E-3	4.186381E+43	1.798548E+44	5.510000E-4	9.910000E+37	5.000000E-1	0.000000E+0	1.000000E-1	1.100000E+1	1.000000E-1	1.100000E+1	1.000000E+0	8.610000E+2
4.129375E+1	3.900000E+3	3.900100E+0	2.449400E-3	1.592267E+6	1.797091E+6	5.569000E-4	1.000800E+0	9.910000E+37	2.449400E-3	4.045889E+43	1.779494E+44	5.569000E-4	9.910000E+37	5.000000E-1	0.000000E+0	1.000000E-1	1.100000E+1	1.000000E-1	1.100000E+1	1.000000E+0	8.620000E+2
4.134170E+1	4.000000E+3	4.000100E+0	2.536200E-3	1.577202E+6	1.813089E+6	5.516000E-4	1.000100E+0	9.910000E+37	2.536200E-3	3.907421E+43	1.796592E+44	5.516000E-4	9.910000E+37	5.000000E-1	0.000000E+0	1.000000E-1	1.100000E+1	1.000000E-1	1.100000E+1	1.000000E+0	8.630000E+2
4.138962E+1	4.100000E+3	4.100200E+0	2.622300E-3	1.563589E+6	1.827996E+6	5.465000E-4	9.990000E-1	9.910000E+37	2.622300E-3	3.779125E+43	1.813358E+44	5.465000E-4	9.910000E+37	5.000000E-1	0.000000E+0	1.000000E-1	1.100000E+1	1.000000E-1	1.100000E+1	1.000000E+0	8.640000E+2
4.143739E+1	4.200000E+3	4.200500E+0	2.708200E-3	1.551030E+6	1.845586E+6	5.414000E-4	9.992000E-1	9.910000E+37	2.708200E-3	3.659257E+43	1.830440E+44	5.414000E-4	9.910000E+37	5.000000E-1	0.000000E+0	1.000000E-1	1.100000E+1	1.000000E-1	1.100000E+1	1.000000E+0	8.650000E+2
4.148507E+1	4.300000E+3	4.299500E+0	2.789100E-3	1.541537E+6	1.810610E+6	5.523000E-4	1.000000E+0	9.910000E+37	2.789100E-3	3.553117E+43	1.794315E+44	5.523000E-4	9.910000E+37	5.000000E-1	0.000000E+0	1.000000E-1	1.100000E+1	1.000000E-1	1.100000E+1	1.000000E+0	8.660000E+2
4.153289E+1	4.400000E+3	4.399800E+0	2.872400E-3	1.531750E+6	1.810317E+6	5.525000E-4	1.000200E+0	9.910000E+37	2.872400E-3	3.450077E+43	1.793665E+44	5.525000E-4	9.910000E+37	5.000000E-1	0.000000E+0	1.000000E-1	1.100000E+1	1.000000E-1	1.100000E+1	1.000000E+0	8.670000E+2
4.158078E+1	4.500000E+3	4.499000E+0	2.962500E-3	1.518650E+6	1.776318E+6	5.633000E-4	1.000600E+0	9.910000E+37	2.962500E-3	3.345148E+43	1.759276E+44	5.633000E-4	9.910000E+37	5.000000E-1	0.000000E+0	1.000000E-1	1.100000E+1	1.000000E-1	1.100000E+1	1.000000E+0	8.680000E+2
4.162865E+1	4.600000E+3	4.600700E+0	3.061300E-3	1.502858E+6	1.773364E+6	5.639000E-4	1.000000E+0	9.910000E+37	3.061300E-3	3.237187E+43	1.757404E+44	5.639000E-4	9.910000E+37	5.000000E-1	0.000000E+0	1.000000E-1	1.100000E+1	1.000000E-1	1.100000E+1	1.000000E+0	8.690000E+2
4.167632E+1	4.700000E+3	4.700800E+0	3.154900E-3	1.490000E+6	1.753852E+6	5.712000E-4	1.001800E+0	9.910000E+37	3.154900E-3	3.141146E+43	1.734944E+44	5.712000E-4	9.910000E+37	5.000000E-1	0.000000E+0	1.000000E-1	1.100000E+1	1.000000E-1	1.100000E+1	1.000000E+0	8.700000E+2
4.172405E+1	4.800000E+3	4.800600E+0	3.250500E-3	1.476880E+6	1.741857E+6	5.741000E-4	1.000000E+0	9.910000E+37	3.250500E-3	3.048762E+43	1.726180E+44	5.741000E-4	9.910000E+37	5.000000E-1	0.000000E+0	1.000000E-1	1.100000E+1	1.000000E-1	1.100000E+1	1.000000E+0	8.710000E+2
4.177172E+1	4.900000E+3	4.900500E+0	3.346600E-3	1.464322E+6	1.743599E+6	5.741000E-4	1.001000E+0	9.910000E+37	3.346600E-3	2.961214E+43	1.726180E+44	5.741000E-4	9.910000E+37	5.000000E-1	0.000000E+0	1.000000E-1	1.100000E+1	1.000000E-1	1.100000E+1	1.000000E+0	8.720000E+2
4.181944E+1	5.000000E+3	5.000500E+0	3.444000E-3	1.451945E+6	1.759676E+6	5.684000E-4	1.000200E+0	9.910000E+37	3.444000E-3	2.877468E+43	1.743490E+44	5.684000E-4	9.910000E+37	5.000000E-1	0.000000E+0	1.000000E-1	1.100000E+1	1.000000E-1	1.100000E+1	1.000000E+0	8.730000E+2
4.186716E+1	5.100000E+3	5.099700E+0	3.526400E-3	1.446149E+6	1.751095E+6	5.709000E-4	9.997000E-1	9.910000E+37	3.526400E-3	2.810231E+43	1.735856E+44	5.709000E-4	9.910000E+37	5.000000E-1	0.000000E+0	1.000000E-1	1.100000E+1	1.000000E-1	1.100000E+1	1.000000E+0	8.740000E+2
4.191485E+1	5.200000E+3	5.200000E+0	3.629900E-3	1.432546E+6	1.741739E+6	5.750000E-4	1.001500E+0	9.910000E+37	3.629900E-3	2.730103E+43	1.723478E+44	5.750000E-4	9.910000E+37	5.000000E-1	0.000000E+0	1.000000E-1	1.100000E+1	1.000000E-1	1.100000E+1	1.000000E+0	8.750000E+2
4.196253E+1	5.300000E+3	5.300000E+0	3.727300E-3	1.421941E+6	1.747207E+6	5.728000E-4	1.000800E+0	9.910000E+37	3.727300E-3	2.658761E+43	1.730098E+44	5.728000E-4	9.910000E+37	5.000000E-1	0.000000E+0	1.000000E-1	1.100000E+1	1.000000E-1	1.100000E+1	1.000000E+0	8.760000E+2
4.201025E+1	5.400000E+3	5.400800E+0	3.834000E-3	1.408659E+6	1.739910E+6	5.748000E-4	1.000100E+0	9.910000E+37	3.834000E-3	2.584768E+43	1.724078E+44	5.748000E-4	9.910000E+37	5.000000E-1	0.000000E+0	1.000000E-1	1.100000E+1	1.000000E-1	1.100000E+1	1.000000E+0	8.770000E+2
4.205806E+1	5.500000E+3	5.500000E+0	3.944200E-3	1.394453E+6	1.718187E+6	5.823000E-4	1.000500E+0	9.910000E+37	3.944200E-3	2.512550E+43	1.701872E+44	5.823000E-4	9.910000E+37	5.000000E-1	0.000000E+0	1.000000E-1	1.100000E+1	1.000000E-1	1.100000E+1	1.000000E+0	8.780000E+2
4.210602E+1	5.600000E+3	5.600300E+0	4.054200E-3	1.381358E+6	1.714139E+6	5.828000E-4	9.990000E-1	9.910000E+37	4.054200E-3	2.444379E+43	1.700412E+44	5.828000E-4	9.910000E+37	5.000000E-1	0.000000E+0	1.000000E-1	1.100000E+1	1.000000E-1	1.100000E+1	1.000000E+0	8.790000E+2
4.215369E+1	5.700000E+3	5.700300E+0	4.160700E-3	1.370034E+6	1.665170E+6	6.012000E-4	1.001100E+0	9.910000E+37	4.160700E-3	2.381811E+43	1.648370E+44	6.012000E-4	9.910000E+37	5.000000E-1	0.000000E+0	1.000000E-1	1.100000E+1	1.000000E-1	1.100000E+1	1.000000E+0	8.800000E+2
4.220133E+1	5.800000E+3	5.801000E+0	4.265300E-3	1.360045E+6	1.699949E+6	5.879000E-4	9.994000E-1	9.910000E+37	4.265300E-3	2.323400E+43	1.685661E+44	5.879000E-4	9.910000E+37	5.000000E-1	0.000000E+0	1.000000E-1	1.100000E+1	1.000000E-1	1.100000E+1	1.000000E+0	8.810000E+2
4.224905E+1	5.900000E+3	5.899700E+0	4.371900E-3	1.349459E+6	1.654266E+6	6.048000E-4	1.000500E+0	9.910000E+37	4.371900E-3	2.266749E+43	1.638558E+44	6.048000E-4	9.910000E+37	5.000000E-1	0.000000E+0	1.000000E-1	1.100000E+1	1.000000E-1	1.100000E+1	1.000000E+0	8.820000E+2
4.229717E+1	6.000000E+3	6.000300E+0	4.466800E-3	1.343311E+6	1.703306E+6	5.868000E-4	9.995000E-1	9.910000E+37	4.466800E-3	2.218590E+43	1.688821E+44	5.868000E-4	9.910000E+37	5.000000E-1	0.000000E+0	1.000000E-1	1.100000E+1	1.000000E-1	1.100000E+1	1.000000E+0	8.830000E+2
4.234522E+1	6.100000E+3	6.100800E+0	4.587900E-3	1.329759E+6	1.696471E+6	5.894000E-4	9.999000E-1	9.910000E+37	4.587900E-3	2.160030E+43	1.681371E+44	5.894000E-4	9.910000E+37	5.000000E-1	0.000000E+0	1.000000E-1	1.100000E+1	1.000000E-1	1.100000E+1	1.000000E+0	8.840000E+2
4.239289E+1	6.200000E+3	6.200700E+0	4.690000E-3	1.322111E+6	1.679382E+6	5.951000E-4	9.994000E-1	9.910000E+37	4.690000E-3	2.113006E+43	1.665266E+44	5.951000E-4	9.910000E+37	5.000000E-1	0.000000E+0	1.000000E-1	1.100000E+1	1.000000E-1	1.100000E+1	1.000000E+0	8.850000E+2
4.244073E+1	6.300000E+3	6.299300E+0	4.803800E-3	1.311316E+6	1.648047E+6	6.069000E-4	1.000200E+0	9.910000E+37	4.803800E-3	2.062950E+43	1.632888E+44	6.069000E-4	9.910000E+37	5.000000E-1	0.000000E+0	1.000000E-1	1.100000E+1	1.000000E-1	1.100000E+1	1.000000E+0	8.860000E+2
4.248848E+1	6.400000E+3	6.400300E+0	4.923900E-3	1.299844E+6	1.656457E+6	6.040000E-4	1.000500E+0	9.910000E+37	4.923900E-3	2.012632E+43	1.640728E+44	6.040000E-4	9.910000E+37	5.000000E-1	0.000000E+0	1.000000E-1	1.100000E+1	1.000000E-1	1.100000E+1	1.000000E+0	8.870000E+2
4.253640E+1	6.500000E+3	6.500100E+0	5.031500E-3	1.291881E+6	1.634864E+6	6.121000E-4	1.000700E+0	9.910000E+37	5.031500E-3	1.969592E+43	1.619017E+44	6.121000E-4	9.910000E+37	5.000000E-1	0.000000E+0	1.000000E-1	1.100000E+1	1.000000E-1	1.100000E+1	1.000000E+0	8.880000E+2
4.258404E+1	6.600000E+3	6.598400E+0	5.134300E-3	1.285161E+6	1.637361E+6	6.108000E-4	1.000100E+0	9.910000E+37	5.134300E-3	1.930156E+43	1.622462E+44	6.108000E-4	9.910000E+37	5.000000E-1	0.000000E+0	1.000000E-1	1.100000E+1	1.000000E-1	1.100000E+1	1.000000E+0	8.890000E+2
4.263184E+1	6.700000E+3	6.699600E+0	5.255800E-3	1.274706E+6	1.647621E+6	6.073000E-4	1.000600E+0	9.910000E+37	5.255800E-3	1.885536E+43	1.631813E+44	6.073000E-4	9.910000E+37	5.000000E-1	0.000000E+0	1.000000E-1	1.100000E+1	1.000000E-1	1.100000E+1	1.000000E+0	8.900000E+2
4.267966E+1	6.800000E+3	6.800900E+0	5.380900E-3	1.263896E+6	1.648573E+6	6.061000E-4	9.992000E-1	9.910000E+37	5.380900E-3	1.841699E+43	1.635044E+44	6.061000E-4	9.910000E+37	5.000000E-1	0.000000E+0	1.000000E-1	1.100000E+1	1.000000E-1	1.100000E+1	1.000000E+0	8.910000E+2
4.272734E+1	6.900000E+3	6.898600E+0	5.486500E-3	1.257377E+6	1.609360E+6	6.218000E-4	1.000700E+0	9.910000E+37	5.486500E-3	1.806252E+43	1.593760E+44	6.218000E-4	9.910000E+37	5.000000E-1	0.000000E+0	1.000000E-1	1.100000E+1	1.000000E-1	1.100000E+1	1.000000E+0	8.920000E+2
4.277501E+1	7.000000E+3	6.999700E+0	5.608100E-3	1.248141E+6	1.615509E+6	6.190000E-4	1.000000E+0	9.910000E+37	5.608100E-3	1.767087E+43	1.600969E+44	6.190000E-4	9.910000E+37	5.000000E-1	0.000000E+0	1.000000E-1	1.100000E+1	1.000000E-1	1.100000E+1	1.000000E+0	8.930000E+2
4.282270E+1	7.100000E+3	7.099500E+0	5.733300E-3	1.238292E+6	1.622323E+6	6.164000E-4	1.000000E+0	9.910000E+37	5.733300E-3	1.728498E+43	1.607722E+44	6.164000E-4	9.910000E+37	5.000000E-1	0.000000E+0	1.000000E-1	1.100000E+1	1.000000E-1	1.100000E+1	1.000000E+0	8.940000E+2
4.287050E+1	7.200000E+3	7.199500E+0	5.850100E-3	1.230663E+6	1.617500E+6	6.183000E-4	1.000100E+0	9.910000E+37	5.850100E-3	1.693988E+43	1.602782E+44	6.183000E-4	9.910000E+37	5.000000E-1	0.000000E+0	1.000000E-1	1.100000E+1	1.000000E-1	1.100000E+1	1.000000E+0	8.950000E+2
4.291825E+1	7.300000E+3	7.299300E+0	5.960400E-3	1.224633E+6	1.629358E+6	6.138000E-4	1.000100E+0	9.910000E+37	5.960400E-3	1.662640E+43	1.614532E+44	6.138000E-4	9.910000E+37	5.000000E-1	0.000000E+0	1.000000E-1	1.100000E+1	1.000000E-1	1.100000E+1	1.000000E+0	8.960000E+2
4.296617E+1	7.400000E+3	7.400500E+0	6.098900E-3	1.213416E+6	1.605365E+6	6.226000E-4	9.995000E-1	9.910000E+37	6.098900E-3	1.624883E+43	1.591712E+44	6.226000E-4	9.910000E+37	5.000000E-1	0.000000E+0	1.000000E-1	1.100000E+1	1.000000E-1	1.100000E+1	1.000000E+0	8.970000E+2
4.301389E+1	7.500000E+3	7.500000E+0	6.221200E-3	1.205555E+6	1.577627E+6	6.338000E-4	9.999000E-1	9.910000E+37	6.221200E-3	1.592940E+43	1.563585E+44	6.338000E-4	9.910000E+37	5.000000E-1	0.000000E+0	1.000000E-1	1.100000E+1	1.000000E-1	1.100000E+1	1.000000E+0	8.980000E+2
4.306160E+1	7.600000E+3	7.600500E+0	6.338800E-3	1.199044E+6	1.609352E+6	6.223000E-4	1.001500E+0	9.910000E+37	6.338800E-3	1.563387E+43	1.592480E+44	6.223000E-4	9.910000E+37	5.000000E-1	0.000000E+0	1.000000E-1	1.100000E+1	1.000000E-1	1.100000E+1	1.000000E+0	8.990000E+2
4.310930E+1	7.700000E+3	7.700200E+0	6.456800E-3	1.192572E+6	1.584983E+6	6.313000E-4	1.000600E+0	9.910000E+37	6.456800E-3	1.534816E+43	1.569777E+44	6.313000E-4	9.910000E+37	5.000000E-1	0.000000E+0	1.000000E-1	1.100000E+1	1.000000E-1	1.100000E+1	1.000000E+0	9.000000E+2
4.315697E+1	7.800000E+3	7.800200E+0	6.591300E-3	1.183408E+6	1.612097E+6	6.200000E-4	9.995000E-1	9.910000E+37	6.591300E-3	1.503497E+43	1.598387E+44	6.200000E-4	9.910000E+37	5.000000E-1	0.000000E+0	1.000000E-1	1.100000E+1	1.000000E-1	1.100000E+1	1.000000E+0	9.010000E+2
4.320469E+1	7.900000E+3	7.900900E+0	6.718600E-3	1.175974E+6	1.606586E+6	6.225000E-4	1.000100E+0	9.910000E+37	6.718600E-3	1.475010E+43	1.591968E+44	6.225000E-4	9.910000E+37	5.000000E-1	0.000000E+0	1.000000E-1	1.100000E+1	1.000000E-1	1.100000E+1	1.000000E+0	9.020000E+2
4.325234E+1	8.000000E+3	8.000500E+0	6.847000E-3	1.168468E+6	1.611550E+6	6.199000E-4	9.990000E-1	9.910000E+37	6.847000E-3	1.447349E+43	1.598645E+44	6.199000E-4	9.910000E+37	5.000000E-1	0.000000E+0	1.000000E-1	1.100000E+1	1.000000E-1	1.100000E+1	1.000000E+0	9.030000E+2
4.330013E+1	8.100000E+3	8.099500E+0	6.973500E-3	1.161468E+6	1.559140E+6	6.417000E-4	1.000500E+0	9.910000E+37	6.973500E-3	1.421094E+43	1.544335E+44	6.417000E-4	9.910000E+37	5.000000E-1	0.000000E+0	1.000000E-1	1.100000E+1	1.000000E-1	1.100000E+1	1.000000E+0	9.040000E+2
4.334791E+1	8.200000E+3	8.199100E+0	7.103000E-3	1.154315E+6	1.556351E+6	6.424000E-4	9.998000E-1	9.910000E+37	7.103000E-3	1.395185E+43	1.542653E+44	6.424000E-4	9.910000E+37	5.000000E-1	0.000000E+0	1.000000E-1	1.100000E+1	1.000000E-1	1.100000E+1	1.000000E+0	9.050000E+2
4.339560E+1	8.300000E+3	8.300000E+0	7.238500E-3	1.146646E+6	1.538462E+6	6.500000E-4	1.000000E+0	9.910000E+37	7.238500E-3	1.369068E+43	1.524615E+44	6.500000E-4	9.910000E+37	5.000000E-1	0.000000E+0	1.000000E-1	1.100000E+1	1.000000E-1	1.100000E+1	1.000000E+0	9.060000E+2
4.344342E+1	8.400000E+3	8.399900E+0	7.365800E-3	1.140392E+6	1.557857E+6	6.421000E-4	1.000300E+0	9.910000E+37	7.365800E-3	1.345407E+43	1.543373E+44	6.421000E-4	9.910000E+37	5.000000E-1	0.000000E+0	1.000000E-1	1.100000E+1	1.000000E-1	1.100000E+1	1.000000E+0	9.070000E+2
4.349127E+1	8.500000E+3	8.499200E+0	7.496100E-3	1.133816E+6	1.536207E+6	6.518000E-4	1.001300E+0	9.910000E+37	7.496100E-3	1.322021E+43	1.520405E+44	6.518000E-4	9.910000E+37	5.000000E-1	0.000000E+0	1.000000E-1	1.100000E+1	1.000000E-1	1.100000E+1	1.000000E+0	9.080000E+2
4.353917E+1	8.600000E+3	8.600300E+0	7.623500E-3	1.128130E+6	1.571137E+6	6.368000E-4	1.000500E+0	9.910000E+37	7.623500E-3	1.299928E+43	1.556219E+44	6.368000E-4	9.910000E+37	5.000000E-1	0.000000E+0	1.000000E-1	1.100000E+1	1.000000E-1	1.100000E+1	1.000000E+0	9.090000E+2
4.358691E+1	8.700000E+3	8.700100E+0	7.754400E-3	1.121957E+6	1.559282E+6	6.410000E-4	9.995000E-1	9.910000E+37	7.754400E-3	1.277984E+43	1.546022E+44	6.410000E-4	9.910000E+37	5.000000E-1	0.000000E+0	1.000000E-1	1.100000E+1	1.000000E-1	1.100000E+1	1.000000E+0	9.100000E+2
4.363458E+1	8.800000E+3	8.800500E+0	7.895800E-3	1.114580E+6	1.529898E+6	6.539000E-4	1.000400E+0	9.910000E+37	7.895800E-3	1.255098E+43	1.515522E+44	6.539000E-4	9.910000E+37	5.000000E-1	0.000000E+0	1.000000E-1	1.100000E+1	1.000000E-1	1.100000E+1	1.000000E+0	9.110000E+2
4.368232E+1	8.900000E+3	8.901200E+0	8.037700E-3	1.107431E+6	1.518299E+6	6.585000E-4	9.998000E-1	9.910000E+37	8.037700E-3	1.232940E+43	1.504935E+44	6.585000E-4	9.910000E+37	5.000000E-1	0.000000E+0	1.000000E-1	1.100000E+1	1.000000E-1	1.100000E+1	1.000000E+0	9.120000E+2
4.373013E+1	9.000000E+3	9.000100E+0	8.162500E-3	1.102616E+6	1.535862E+6	6.511000E-4	1.000000E+0	9.910000E+37	8.162500E-3	1.214089E+43	1.522040E+44	6.511000E-4	9.910000E+37	5.000000E-1	0.000000E+0	1.000000E-1	1.100000E+1	1.000000E-1	1.100000E+1	1.000000E+0	9.130000E+2
4.377780E+1	9.100000E+3	9.100600E+0	8.288400E-3	1.097992E+6	1.546537E+6	6.468000E-4	1.000300E+0	9.910000E+37	8.288400E-3	1.195647E+43	1.532158E+44	6.468000E-4	9.910000E+37	5.000000E-1	0.000000E+0	1.000000E-1	1.100000E+1	1.000000E-1	1.100000E+1	1.000000E+0	9.140000E+2
4.382552E+1	9.200000E+3	9.200200E+0	8.422300E-3	1.092362E+6	1.548752E+6	6.451000E-4	9.991000E-1	9.910000E+37	8.422300E-3	1.176638E+43	1.536196E+44	6.451000E-4	9.910000E+37	5.000000E-1	0.000000E+0	1.000000E-1	1.100000E+1	1.000000E-1	1.100000E+1	1.000000E+0	9.150000E+2
4.387343E+1	9.300000E+3	9.299000E+0	8.561600E-3	1.086129E+6	1.529925E+6	6.533000E-4	9.995000E-1	9.910000E+37	8.561600E-3	1.157494E+43	1.516914E+44	6.533000E-4	9.910000E+37	5.000000E-1	0.000000E+0	1.000000E-1	1.100000E+1	1.000000E-1	1.100000E+1	1.000000E+0	9.160000E+2
4.392121E+1	9.400000E+3	9.399600E+0	8.699800E-3	1.080439E+6	1.518299E+6	6.585000E-4	9.998000E-1	9.910000E+37	8.699800E-3	1.139107E+43	1.504935E+44	6.585000E-4	9.910000E+37	5.000000E-1	0.000000E+0	1.000000E-1	1.100000E+1	1.000000E-1	1.100000E+1	1.000000E+0	9.170000E+2
4.396883E+1	9.500000E+3	9.499900E+0	8.832200E-3	1.075598E+6	1.528917E+6	6.536000E-4	9.993000E-1	9.910000E+37	8.832200E-3	1.122031E+43	1.516218E+44	6.536000E-4	9.910000E+37	5.000000E-1	0.000000E+0	1.000000E-1	1.100000E+1	1.000000E-1	1.100000E+1	1.000000E+0	9.180000E+2
4.401650E+1	9.600000E+3	9.600200E+0	8.983100E-3	1.068696E+6	1.507460E+6	6.635000E-4	1.000200E+0	9.910000E+37	8.983100E-3	1.103183E+43	1.493595E+44	6.635000E-4	9.910000E+37	5.000000E-1	0.000000E+0	1.000000E-1	1.100000E+1	1.000000E-1	1.100000E+1	1.000000E+0	9.190000E+2
4.406414E+1	9.700000E+3	9.699600E+0	9.206100E-3	1.053606E+6	1.522083E+6	6.566000E-4	9.994000E-1	9.910000E+37	9.206100E-3	1.076460E+43	1.509290E+44	6.566000E-4	9.910000E+37	5.000000E-1	0.000000E+0	1.000000E-1	1.100000E+1	1.000000E-1	1.100000E+1	1.000000E+0	9.200000E+2
4.411189E+1	9.800000E+3	9.800400E+0	9.307900E-3	1.052912E+6	1.497830E+6	6.681000E-4	1.000700E+0	9.910000E+37	9.307900E-3	1.064687E+43	1.483311E+44	6.681000E-4	9.910000E+37	5.000000E-1	0.000000E+0	1.000000E-1	1.100000E+1	1.000000E-1	1.100000E+1	1.000000E+0	9.210000E+2
4.415966E+1	9.900000E+3	9.899500E+0	9.459600E-3	1.046503E+6	1.477985E+6	6.768000E-4	1.000300E+0	9.910000E+37	9.459600E-3	1.047613E+43	1.464243E+44	6.768000E-4	9.910000E+37	5.000000E-1	0.000000E+0	1.000000E-1	1.100000E+1	1.000000E-1	1.100000E+1	1.000000E+0	9.220000E+2
4.420758E+1	1.000000E+4	1.000060E+1	9.583200E-3	1.043555E+6	1.469724E+6	6.804000E-4	1.000000E+0	9.910000E+37	9.583200E-3	1.034101E+43	1.456496E+44	6.804000E-4	9.910000E+37	5.000000E-1	0.000000E+0	1.000000E-1	1.100000E+1	1.000000E-1	1.100000E+1	1.000000E+0	9.230000E+2
4.425526E+1	1.000000E+4	1.000000E+1	9.605400E-3	1.041081E+6	1.467929E+6	6.813000E-4	1.000100E+0	9.910000E+37	9.605400E-3	1.031711E+43	1.454572E+44	6.813000E-4	9.910000E+37	5.000000E-1	0.000000E+0	1.000000E-1	1.100000E+1	1.000000E-1	1.100000E+1	1.000000E+0	9.240000E+2
4.430290E+1	9.900000E+3	9.900700E+0	9.531600E-3	1.038724E+6	1.480971E+6	6.753000E-4	1.000100E+0	9.910000E+37	9.531600E-3	1.039700E+43	1.467496E+44	6.753000E-4	9.910000E+37	5.000000E-1	0.000000E+0	1.000000E-1	1.100000E+1	1.000000E-1	1.100000E+1	1.000000E+0	9.250000E+2
4.435060E+1	9.800000E+3	9.799700E+0	9.438500E-3	1.038269E+6	1.475804E+6	6.778000E-4	1.000300E+0	9.910000E+37	9.438500E-3	1.049955E+43	1.462083E+44	6.778000E-4	9.910000E+37	5.000000E-1	0.000000E+0	1.000000E-1	1.100000E+1	1.000000E-1	1.100000E+1	1.000000E+0	9.260000E+2
4.439827E+1	9.700000E+3	9.699200E+0	9.339600E-3	1.038503E+6	1.452685E+6	6.890000E-4	1.000900E+0	9.910000E+37	9.339600E-3	1.061073E+43	1.438316E+44	6.890000E-4	9.910000E+37	5.000000E-1	0.000000E+0	1.000000E-1	1.100000E+1	1.000000E-1	1.100000E+1	1.000000E+0	9.270000E+2
4.444594E+1	9.600000E+3	9.600000E+0	9.245400E-3	1.038354E+6	1.481103E+6	6.747000E-4	9.993000E-1	9.910000E+37	9.245400E-3	1.071884E+43	1.468801E+44	6.747000E-4	9.910000E+37	5.000000E-1	0.000000E+0	1.000000E-1	1.100000E+1	1.000000E-1	1.100000E+1	1.000000E+0	9.280000E+2
4.449376E+1	9.500000E+3	9.500400E+0	9.153200E-3	1.037932E+6	1.458352E+6	6.855000E-4	9.997000E-1	9.910000E+37	9.153200E-3	1.082681E+43	1.445660E+44	6.855000E-4	9.910000E+37	5.000000E-1	0.000000E+0	1.000000E-1	1.100000E+1	1.000000E-1	1.100000E+1	1.000000E+0	9.290000E+2
4.454151E+1	9.400000E+3	9.398700E+0	9.050100E-3	1.038519E+6	1.431760E+6	6.990000E-4	1.000800E+0	9.910000E+37	9.050100E-3	1.095016E+43	1.417740E+44	6.990000E-4	9.910000E+37	5.000000E-1	0.000000E+0	1.000000E-1	1.100000E+1	1.000000E-1	1.100000E+1	1.000000E+0	9.300000E+2
4.458940E+1	9.300000E+3	9.299500E+0	8.972500E-3	1.036445E+6	1.453568E+6	6.881000E-4	1.000200E+0	9.910000E+37	8.972500E-3	1.104486E+43	1.440198E+44	6.881000E-4	9.910000E+37	5.000000E-1	0.000000E+0	1.000000E-1	1.100000E+1	1.000000E-1	1.100000E+1	1.000000E+0	9.310000E+2
4.463705E+1	9.200000E+3	9.200500E+0	8.880000E-3	1.036092E+6	1.445424E+6	6.917000E-4	9.998000E-1	9.910000E+37	8.880000E-3	1.115991E+43	1.432702E+44	6.917000E-4	9.910000E+37	5.000000E-1	0.000000E+0	1.000000E-1	1.100000E+1	1.000000E-1	1.100000E+1	1.000000E+0	9.320000E+2
4.468499E+1	9.100000E+3	9.100900E+0	8.780900E-3	1.036443E+6	1.436089E+6	6.955000E-4	9.988000E-1	9.910000E+37	8.780900E-3	1.128586E+43	1.424874E+44	6.955000E-4	9.910000E+37	5.000000E-1	0.000000E+0	1.000000E-1	1.100000E+1	1.000000E-1	1.100000E+1	1.000000E+0	9.330000E+2
4.473296E+1	9.000000E+3	8.999200E+0	8.669000E-3	1.038090E+6	1.464040E+6	6.827000E-4	9.995000E-1	9.910000E+37	8.669000E-3	1.143154E+43	1.451589E+44	6.827000E-4	9.910000E+37	5.000000E-1	0.000000E+0	1.000000E-1	1.100000E+1	1.000000E-1	1.100000E+1	1.000000E+0	9.340000E+2
4.478074E+1	8.900000E+3	8.900700E+0	8.589300E-3	1.036254E+6	1.447776E+6	6.903000E-4	9.994000E-1	9.910000E+37	8.589300E-3	1.153761E+43	1.435608E+44	6.903000E-4	9.910000E+37	5.000000E-1	0.000000E+0	1.000000E-1	1.100000E+1	1.000000E-1	1.100000E+1	1.000000E+0	9.350000E+2
4.482868E+1	8.800000E+3	8.800200E+0	8.480900E-3	1.037649E+6	1.443850E+6	6.919000E-4	9.990000E-1	9.910000E+37	8.480900E-3	1.168508E+43	1.432288E+44	6.919000E-4	9.910000E+37	5.000000E-1	0.000000E+0	1.000000E-1	1.100000E+1	1.000000E-1	1.100000E+1	1.000000E+0	9.360000E+2
4.487665E+1	8.700000E+3	8.700300E+0	8.389800E-3	1.037009E+6	1.439424E+6	6.950000E-4	1.000400E+0	9.910000E+37	8.389800E-3	1.181196E+43	1.425899E+44	6.950000E-4	9.910000E+37	5.000000E-1	0.000000E+0	1.000000E-1	1.100000E+1	1.000000E-1	1.100000E+1	1.000000E+0	9.370000E+2
4.492439E+1	8.600000E+3	8.600400E+0	8.296300E-3	1.036655E+6	1.450102E+6	6.894000E-4	9.997000E-1	9.910000E+37	8.296300E-3	1.194508E+43	1.437482E+44	6.894000E-4	9.910000E+37	5.000000E-1	0.000000E+0	1.000000E-1	1.100000E+1	1.000000E-1	1.100000E+1	1.000000E+0	9.380000E+2
4.497202E+1	8.500000E+3	8.499400E+0	8.182800E-3	1.038691E+6	1.433572E+6	6.970000E-4	9.992000E-1	9.910000E+37	8.182800E-3	1.211077E+43	1.421808E+44	6.970000E-4	9.910000E+37	5.000000E-1	0.000000E+0	1.000000E-1	1.100000E+1	1.000000E-1	1.100000E+1	1.000000E+0	9.390000E+2
4.501969E+1	8.400000E+3	8.399800E+0	8.085300E-3	1.038898E+6	1.419478E+6	7.054000E-4	1.001300E+0	9.910000E+37	8.085300E-3	1.225681E+43	1.404877E+44	7.054000E-4	9.910000E+37	5.000000E-1	0.000000E+0	1.000000E-1	1.100000E+1	1.000000E-1	1.100000E+1	1.000000E+0	9.400000E+2
4.506763E+1	8.300000E+3	8.301000E+0	7.990400E-3	1.038872E+6	1.414921E+6	7.064000E-4	9.995000E-1	9.910000E+37	7.990400E-3	1.240238E+43	1.402888E+44	7.064000E-4	9.910000E+37	5.000000E-1	0.000000E+0	1.000000E-1	1.100000E+1	1.000000E-1	1.100000E+1	1.000000E+0	9.410000E+2
4.511545E+1	8.200000E+3	8.200900E+0	7.886800E-3	1.039826E+6	1.432665E+6	6.980000E-4	1.000000E+0	9.910000E+37	7.886800E-3	1.256530E+43	1.419771E+44	6.980000E-4	9.910000E+37	5.000000E-1	0.000000E+0	1.000000E-1	1.100000E+1	1.000000E-1	1.100000E+1	1.000000E+0	9.420000E+2
4.516318E+1	8.100000E+3	8.099600E+0	7.768800E-3	1.042581E+6	1.435444E+6	6.963000E-4	9.995000E-1	9.910000E+37	7.768800E-3	1.275615E+43	1.423237E+44	6.963000E-4	9.910000E+37	5.000000E-1	0.000000E+0	1.000000E-1	1.100000E+1	1.000000E-1	1.100000E+1	1.000000E+0	9.430000E+2
4.521105E+1	8.000000E+3	7.999700E+0	7.686300E-3	1.040774E+6	1.426433E+6	7.014000E-4	1.000500E+0	9.910000E+37	7.686300E-3	1.289307E+43	1.412889E+44	7.014000E-4	9.910000E+37	5.000000E-1	0.000000E+0	1.000000E-1	1.100000E+1	1.000000E-1	1.100000E+1	1.000000E+0	9.440000E+2
4.525896E+1	7.900000E+3	7.900000E+0	7.570000E-3	1.043593E+6	1.425453E+6	7.009000E-4	9.991000E-1	9.910000E+37	7.570000E-3	1.309115E+43	1.413896E+44	7.009000E-4	9.910000E+37	5.000000E-1	0.000000E+0	1.000000E-1	1.100000E+1	1.000000E-1	1.100000E+1	1.000000E+0	9.450000E+2
4.530669E+1	7.800000E+3	7.799600E+0	7.457200E-3	1.045915E+6	1.424441E+6	7.021000E-4	1.000100E+0	9.910000E+37	7.457200E-3	1.328917E+43	1.411480E+44	7.021000E-4	9.910000E+37	5.000000E-1	0.000000E+0	1.000000E-1	1.100000E+1	1.000000E-1	1.100000E+1	1.000000E+0	9.460000E+2
4.535443E+1	7.700000E+3	7.700500E+0	7.349800E-3	1.047716E+6	1.415617E+6	7.069000E-4	1.000700E+0	9.910000E+37	7.349800E-3	1.348336E+43	1.401896E+44	7.069000E-4	9.910000E+37	5.000000E-1	0.000000E+0	1.000000E-1	1.100000E+1	1.000000E-1	1.100000E+1	1.000000E+0	9.470000E+2
4.540210E+1	7.600000E+3	7.599700E+0	7.244900E-3	1.048972E+6	1.416773E+6	7.059000E-4	1.000100E+0	9.910000E+37	7.244900E-3	1.367859E+43	1.403882E+44	7.059000E-4	9.910000E+37	5.000000E-1	0.000000E+0	1.000000E-1	1.100000E+1	1.000000E-1	1.100000E+1	1.000000E+0	9.480000E+2
4.544987E+1	7.500000E+3	7.500200E+0	7.161100E-3	1.047353E+6	1.398713E+6	7.148000E-4	9.998000E-1	9.910000E+37	7.161100E-3	1.383866E+43	1.386402E+44	7.148000E-4	9.910000E+37	5.000000E-1	0.000000E+0	1.000000E-1	1.100000E+1	1.000000E-1	1.100000E+1	1.000000E+0	9.490000E+2
4.549750E+1	7.400000E+3	7.400200E+0	7.036900E-3	1.051628E+6	1.419460E+6	7.040000E-4	9.993000E-1	9.910000E+37	7.036900E-3	1.408291E+43	1.407670E+44	7.040000E-4	9.910000E+37	5.000000E-1	0.000000E+0	1.000000E-1	1.100000E+1	1.000000E-1	1.100000E+1	1.000000E+0	9.500000E+2
4.554516E+1	7.300000E+3	7.299600E+0	6.929700E-3	1.053379E+6	1.424091E+6	7.015000E-4	9.990000E-1	9.910000E+37	6.929700E-3	1.430076E+43	1.412687E+44	7.015000E-4	9.910000E+37	5.000000E-1	0.000000E+0	1.000000E-1	1.100000E+1	1.000000E-1	1.100000E+1	1.000000E+0	9.510000E+2
4.559291E+1	7.200000E+3	7.200900E+0	6.847300E-3	1.051641E+6	1.388565E+6	7.206000E-4	1.000600E+0	9.910000E+37	6.847300E-3	1.447286E+43	1.375243E+44	7.206000E-4	9.910000E+37	5.000000E-1	0.000000E+0	1.000000E-1	1.100000E+1	1.000000E-1	1.100000E+1	1.000000E+0	9.520000E+2
4.564079E+1	7.100000E+3	7.100100E+0	6.726500E-3	1.055542E+6	1.421217E+6	7.032000E-4	9.994000E-1	9.910000E+37	6.726500E-3	1.473277E+43	1.409272E+44	7.032000E-4	9.910000E+37	5.000000E-1	0.000000E+0	1.000000E-1	1.100000E+1	1.000000E-1	1.100000E+1	1.000000E+0	9.530000E+2
4.568850E+1	7.000000E+3	7.000400E+0	6.622400E-3	1.057079E+6	1.416348E+6	7.059000E-4	9.998000E-1	9.910000E+37	6.622400E-3	1.496436E+43	1.403882E+44	7.059000E-4	9.910000E+37	5.000000E-1	0.000000E+0	1.000000E-1	1.100000E+1	1.000000E-1	1.100000E+1	1.000000E+0	9.540000E+2
4.573617E+1	6.900000E+3	6.900000E+0	6.516200E-3	1.058899E+6	1.416702E+6	7.053000E-4	9.992000E-1	9.910000E+37	6.516200E-3	1.520825E+43	1.405076E+44	7.053000E-4	9.910000E+37	5.000000E-1	0.000000E+0	1.000000E-1	1.100000E+1	1.000000E-1	1.100000E+1	1.000000E+0	9.550000E+2
4.578387E+1	6.800000E+3	6.799300E+0	6.415400E-3	1.059840E+6	1.385788E+6	7.219000E-4	1.000400E+0	9.910000E+37	6.415400E-3	1.544721E+43	1.372766E+44	7.219000E-4	9.910000E+37	5.000000E-1	0.000000E+0	1.000000E-1	1.100000E+1	1.000000E-1	1.100000E+1	1.000000E+0	9.560000E+2
4.583155E+1	6.700000E+3	6.700600E+0	6.313500E-3	1.061313E+6	1.381657E+6	7.229000E-4	9.988000E-1	9.910000E+37	6.313500E-3	1.569652E+43	1.370867E+44	7.229000E-4	9.910000E+37	5.000000E-1	0.000000E+0	1.000000E-1	1.100000E+1	1.000000E-1	1.100000E+1	1.000000E+0	9.570000E+2
4.587936E+1	6.600000E+3	6.600800E+0	6.200100E-3	1.064628E+6	1.411150E+6	7.085000E-4	9.998000E-1	9.910000E+37	6.200100E-3	1.598361E+43	1.398730E+44	7.085000E-4	9.910000E+37	5.000000E-1	0.000000E+0	1.000000E-1	1.100000E+1	1.000000E-1	1.100000E+1	1.000000E+0	9.580000E+2
4.592724E+1	6.500000E+3	6.500600E+0	6.101900E-3	1.065340E+6	1.396699E+6	7.149000E-4	9.985000E-1	9.910000E+37	6.101900E-3	1.624084E+43	1.386208E+44	7.149000E-4	9.910000E+37	5.000000E-1	0.000000E+0	1.000000E-1	1.100000E+1	1.000000E-1	1.100000E+1	1.000000E+0	9.590000E+2
4.597498E+1	6.400000E+3	6.400100E+0	5.978700E-3	1.070484E+6	1.397400E+6	7.154000E-4	9.997000E-1	9.910000E+37	5.978700E-3	1.657551E+43	1.385239E+44	7.154000E-4	9.910000E+37	5.000000E-1	0.000000E+0	1.000000E-1	1.100000E+1	1.000000E-1	1.100000E+1	1.000000E+0	9.600000E+2
4.602265E+1	6.300000E+3	6.300300E+0	5.882900E-3	1.070951E+6	1.407204E+6	7.107000E-4	1.000100E+0	9.910000E+37	5.882900E-3	1.684543E+43	1.394400E+44	7.107000E-4	9.910000E+37	5.000000E-1	0.000000E+0	1.000000E-1	1.100000E+1	1.000000E-1	1.100000E+1	1.000000E+0	9.610000E+2
4.607032E+1	6.200000E+3	6.200100E+0	5.762500E-3	1.075939E+6	1.390790E+6	7.188000E-4	9.997000E-1	9.910000E+37	5.762500E-3	1.719740E+43	1.378687E+44	7.188000E-4	9.910000E+37	5.000000E-1	0.000000E+0	1.000000E-1	1.100000E+1	1.000000E-1	1.100000E+1	1.000000E+0	9.620000E+2
4.611797E+1	6.100000E+3	6.100000E+0	5.666100E-3	1.076578E+6	1.402526E+6	7.125000E-4	9.993000E-1	9.910000E+37	5.666100E-3	1.748998E+43	1.390877E+44	7.125000E-4	9.910000E+37	5.000000E-1	0.000000E+0	1.000000E-1	1.100000E+1	1.000000E-1	1.100000E+1	1.000000E+0	9.630000E+2
4.616562E+1	6.000000E+3	6.000300E+0	5.563300E-3	1.078551E+6	1.407178E+6	7.105000E-4	9.998000E-1	9.910000E+37	5.563300E-3	1.781317E+43	1.394792E+44	7.105000E-4	9.910000E+37	5.000000E-1	0.000000E+0	1.000000E-1	1.100000E+1	1.000000E-1	1.100000E+1	1.000000E+0	9.640000E+2
4.621336E+1	5.900000E+3	5.900300E+0	5.444200E-3	1.083777E+6	1.395589E+6	7.164000E-4	9.998000E-1	9.910000E+37	5.444200E-3	1.820286E+43	1.383305E+44	7.164000E-4	9.910000E+37	5.000000E-1	0.000000E+0	1.000000E-1	1.100000E+1	1.000000E-1	1.100000E+1	1.000000E+0	9.650000E+2
4.626121E+1	5.800000E+3	5.799300E+0	5.339600E-3	1.086093E+6	1.402468E+6	7.131000E-4	1.000100E+0	9.910000E+37	5.339600E-3	1.855944E+43	1.389707E+44	7.131000E-4	9.910000E+37	5.000000E-1	0.000000E+0	1.000000E-1	1.100000E+1	1.000000E-1	1.100000E+1	1.000000E+0	9.660000E+2
4.630902E+1	5.700000E+3	5.700100E+0	5.240700E-3	1.087660E+6	1.378289E+6	7.259000E-4	1.000500E+0	9.910000E+37	5.240700E-3	1.890969E+43	1.365202E+44	7.259000E-4	9.910000E+37	5.000000E-1	0.000000E+0	1.000000E-1	1.100000E+1	1.000000E-1	1.100000E+1	1.000000E+0	9.670000E+2
4.635677E+1	5.600000E+3	5.600200E+0	5.138900E-3	1.089766E+6	1.395560E+6	7.162000E-4	9.995000E-1	9.910000E+37	5.138900E-3	1.928428E+43	1.383692E+44	7.162000E-4	9.910000E+37	5.000000E-1	0.000000E+0	1.000000E-1	1.100000E+1	1.000000E-1	1.100000E+1	1.000000E+0	9.680000E+2
4.640470E+1	5.500000E+3	5.499500E+0	5.034000E-3	1.092471E+6	1.379220E+6	7.257000E-4	1.000900E+0	9.910000E+37	5.034000E-3	1.968613E+43	1.365578E+44	7.257000E-4	9.910000E+37	5.000000E-1	0.000000E+0	1.000000E-1	1.100000E+1	1.000000E-1	1.100000E+1	1.000000E+0	9.690000E+2
4.645242E+1	5.400000E+3	5.400900E+0	4.935300E-3	1.094341E+6	1.391674E+6	7.182000E-4	9.995000E-1	9.910000E+37	4.935300E-3	2.007983E+43	1.379838E+44	7.182000E-4	9.910000E+37	5.000000E-1	0.000000E+0	1.000000E-1	1.100000E+1	1.000000E-1	1.100000E+1	1.000000E+0	9.700000E+2
4.650019E+1	5.300000E+3	5.299900E+0	4.815100E-3	1.100683E+6	1.378479E+6	7.258000E-4	1.000500E+0	9.910000E+37	4.815100E-3	2.058109E+43	1.365390E+44	7.258000E-4	9.910000E+37	5.000000E-1	0.000000E+0	1.000000E-1	1.100000E+1	1.000000E-1	1.100000E+1	1.000000E+0	9.710000E+2
4.654800E+1	5.200000E+3	5.198300E+0	4.707200E-3	1.104330E+6	1.369646E+6	7.307000E-4	1.000800E+0	9.910000E+37	4.707200E-3	2.105286E+43	1.356234E+44	7.307000E-4	9.910000E+37	5.000000E-1	0.000000E+0	1.000000E-1	1.100000E+1	1.000000E-1	1.100000E+1	1.000000E+0	9.720000E+2
4.659607E+1	5.100000E+3	5.099700E+0	4.612800E-3	1.105554E+6	1.358268E+6	7.366000E-4	1.000500E+0	9.910000E+37	4.612800E-3	2.148370E+43	1.345371E+44	7.366000E-4	9.910000E+37	5.000000E-1	0.000000E+0	1.000000E-1	1.100000E+1	1.000000E-1	1.100000E+1	1.000000E+0	9.730000E+2
4.664388E+1	5.000000E+3	5.000300E+0	4.516300E-3	1.107167E+6	1.375120E+6	7.275000E-4	1.000400E+0	9.910000E+37	4.516300E-3	2.194274E+43	1.362199E+44	7.275000E-4	9.910000E+37	5.000000E-1	0.000000E+0	1.000000E-1	1.100000E+1	1.000000E-1	1.100000E+1	1.000000E+0	9.740000E+2
4.669175E+1	4.900000E+3	4.900900E+0	4.403800E-3	1.112880E+6	1.362510E+6	7.346000E-4	1.000900E+0	9.910000E+37	4.403800E-3	2.250329E+43	1.349033E+44	7.346000E-4	9.910000E+37	5.000000E-1	0.000000E+0	1.000000E-1	1.100000E+1	1.000000E-1	1.100000E+1	1.000000E+0	9.750000E+2
4.673954E+1	4.800000E+3	4.799800E+0	4.307900E-3	1.114186E+6	1.364928E+6	7.322000E-4	9.994000E-1	9.910000E+37	4.307900E-3	2.300425E+43	1.353455E+44	7.322000E-4	9.910000E+37	5.000000E-1	0.000000E+0	1.000000E-1	1.100000E+1	1.000000E-1	1.100000E+1	1.000000E+0	9.760000E+2
4.678721E+1	4.700000E+3	4.698200E+0	4.184700E-3	1.122709E+6	1.376446E+6	7.260000E-4	9.993000E-1	9.910000E+37	4.184700E-3	2.368151E+43	1.365014E+44	7.260000E-4	9.910000E+37	5.000000E-1	0.000000E+0	1.000000E-1	1.100000E+1	1.000000E-1	1.100000E+1	1.000000E+0	9.770000E+2
4.683506E+1	4.600000E+3	4.599700E+0	4.079400E-3	1.127543E+6	1.385853E+6	7.210000E-4	9.992000E-1	9.910000E+37	4.079400E-3	2.429279E+43	1.374480E+44	7.210000E-4	9.910000E+37	5.000000E-1	0.000000E+0	1.000000E-1	1.100000E+1	1.000000E-1	1.100000E+1	1.000000E+0	9.780000E+2
4.688285E+1	4.500000E+3	4.500100E+0	3.994600E-3	1.126546E+6	1.371193E+6	7.290000E-4	9.996000E-1	9.910000E+37	3.994600E-3	2.480849E+43	1.359396E+44	7.290000E-4	9.910000E+37	5.000000E-1	0.000000E+0	1.000000E-1	1.100000E+1	1.000000E-1	1.100000E+1	1.000000E+0	9.790000E+2
4.693050E+1	4.400000E+3	4.399400E+0	3.899100E-3	1.128312E+6	1.374450E+6	7.272000E-4	9.995000E-1	9.910000E+37	3.899100E-3	2.541612E+43	1.362761E+44	7.272000E-4	9.910000E+37	5.000000E-1	0.000000E+0	1.000000E-1	1.100000E+1	1.000000E-1	1.100000E+1	1.000000E+0	9.800000E+2
4.697819E+1	4.300000E+3	4.300500E+0	3.785200E-3	1.136135E+6	1.362744E+6	7.333000E-4	9.993000E-1	9.910000E+37	3.785200E-3	2.618092E+43	1.351425E+44	7.333000E-4	9.910000E+37	5.000000E-1	0.000000E+0	1.000000E-1	1.100000E+1	1.000000E-1	1.100000E+1	1.000000E+0	9.810000E+2
4.702596E+1	4.200000E+3	4.200200E+0	3.673100E-3	1.143503E+6	1.386622E+6	7.206000E-4	9.992000E-1	9.910000E+37	3.673100E-3	2.697994E+43	1.375243E+44	7.206000E-4	9.910000E+37	5.000000E-1	0.000000E+0	1.000000E-1	1.100000E+1	1.000000E-1	1.100000E+1	1.000000E+0	9.820000E+2
4.707363E+1	4.100000E+3	4.101100E+0	3.579200E-3	1.145815E+6	1.367651E+6	7.314000E-4	1.000300E+0	9.910000E+37	3.579200E-3	2.768775E+43	1.354936E+44	7.314000E-4	9.910000E+37	5.000000E-1	0.000000E+0	1.000000E-1	1.100000E+1	1.000000E-1	1.100000E+1	1.000000E+0	9.830000E+2
4.712133E+1	4.000000E+3	4.000000E+0	3.475400E-3	1.150947E+6	1.349144E+6	7.421000E-4	1.001200E+0	9.910000E+37	3.475400E-3	2.851470E+43	1.335400E+44	7.421000E-4	9.910000E+37	5.000000E-1	0.000000E+0	1.000000E-1	1.100000E+1	1.000000E-1	1.100000E+1	1.000000E+0	9.840000E+2
4.716911E+1	3.900000E+3	3.901000E+0	3.366000E-3	1.158942E+6	1.375860E+6	7.266000E-4	9.997000E-1	9.910000E+37	3.366000E-3	2.944147E+43	1.363887E+44	7.266000E-4	9.910000E+37	5.000000E-1	0.000000E+0	1.000000E-1	1.100000E+1	1.000000E-1	1.100000E+1	1.000000E+0	9.850000E+2
4.721693E+1	3.800000E+3	3.799300E+0	3.272000E-3	1.161155E+6	1.369113E+6	7.304000E-4	1.000000E+0	9.910000E+37	3.272000E-3	3.028729E+43	1.356791E+44	7.304000E-4	9.910000E+37	5.000000E-1	0.000000E+0	1.000000E-1	1.100000E+1	1.000000E-1	1.100000E+1	1.000000E+0	9.860000E+2
4.726464E+1	3.700000E+3	3.700500E+0	3.181400E-3	1.163167E+6	1.344995E+6	7.432000E-4	9.996000E-1	9.910000E+37	3.181400E-3	3.114981E+43	1.333423E+44	7.432000E-4	9.910000E+37	5.000000E-1	0.000000E+0	1.000000E-1	1.100000E+1	1.000000E-1	1.100000E+1	1.000000E+0	9.870000E+2
4.731254E+1	3.600000E+3	3.600400E+0	3.072700E-3	1.171738E+6	1.356049E+6	7.381000E-4	1.000900E+0	9.910000E+37	3.072700E-3	3.225177E+43	1.342636E+44	7.381000E-4	9.910000E+37	5.000000E-1	0.000000E+0	1.000000E-1	1.100000E+1	1.000000E-1	1.100000E+1	1.000000E+0	9.880000E+2
4.736068E+1	3.500000E+3	3.500300E+0	2.977800E-3	1.175465E+6	1.349851E+6	7.406000E-4	9.997000E-1	9.910000E+37	2.977800E-3	3.327960E+43	1.338104E+44	7.406000E-4	9.910000E+37	5.000000E-1	0.000000E+0	1.000000E-1	1.100000E+1	1.000000E-1	1.100000E+1	1.000000E+0	9.890000E+2
4.740844E+1	3.400000E+3	3.399800E+0	2.866400E-3	1.186087E+6	1.356678E+6	7.368000E-4	9.996000E-1	9.910000E+37	2.866400E-3	3.457298E+43	1.345005E+44	7.368000E-4	9.910000E+37	5.000000E-1	0.000000E+0	1.000000E-1	1.100000E+1	1.000000E-1	1.100000E+1	1.000000E+0	9.900000E+2
4.745633E+1	3.300000E+3	3.299700E+0	2.777700E-3	1.187925E+6	1.363227E+6	7.337000E-4	1.000200E+0	9.910000E+37	2.777700E-3	3.567700E+43	1.350688E+44	7.337000E-4	9.910000E+37	5.000000E-1	0.000000E+0	1.000000E-1	1.100000E+1	1.000000E-1	1.100000E+1	1.000000E+0	9.910000E+2
4.750405E+1	3.200000E+3	3.199900E+0	2.675700E-3	1.195911E+6	1.370086E+6	7.301000E-4	1.000300E+0	9.910000E+37	2.675700E-3	3.703704E+43	1.357348E+44	7.301000E-4	9.910000E+37	5.000000E-1	0.000000E+0	1.000000E-1	1.100000E+1	1.000000E-1	1.100000E+1	1.000000E+0	9.920000E+2
4.755174E+1	3.100000E+3	3.100800E+0	2.589800E-3	1.197313E+6	1.356852E+6	7.370000E-4	1.000000E+0	9.910000E+37	2.589800E-3	3.826550E+43	1.344640E+44	7.370000E-4	9.910000E+37	5.000000E-1	0.000000E+0	1.000000E-1	1.100000E+1	1.000000E-1	1.100000E+1	1.000000E+0	9.930000E+2
4.759949E+1	3.000000E+3	2.999200E+0	2.489300E-3	1.204837E+6	1.348611E+6	7.418000E-4	1.000400E+0	9.910000E+37	2.489300E-3	3.981039E+43	1.335940E+44	7.418000E-4	9.910000E+37	5.000000E-1	0.000000E+0	1.000000E-1	1.100000E+1	1.000000E-1	1.100000E+1	1.000000E+0	9.940000E+2
4.764721E+1	2.900000E+3	2.898600E+0	2.392500E-3	1.211536E+6	1.348483E+6	7.415000E-4	9.999000E-1	9.910000E+37	2.392500E-3	4.142111E+43	1.336480E+44	7.415000E-4	9.910000E+37	5.000000E-1	0.000000E+0	1.000000E-1	1.100000E+1	1.000000E-1	1.100000E+1	1.000000E+0	9.950000E+2
4.769498E+1	2.800000E+3	2.799100E+0	2.300400E-3	1.216788E+6	1.351479E+6	7.403000E-4	1.000500E+0	9.910000E+37	2.300400E-3	4.307946E+43	1.338646E+44	7.403000E-4	9.910000E+37	5.000000E-1	0.000000E+0	1.000000E-1	1.100000E+1	1.000000E-1	1.100000E+1	1.000000E+0	9.960000E+2
4.774275E+1	2.700000E+3	2.699200E+0	2.201500E-3	1.226073E+6	1.359483E+6	7.355000E-4	9.999000E-1	9.910000E+37	2.201500E-3	4.501476E+43	1.347383E+44	7.355000E-4	9.910000E+37	5.000000E-1	0.000000E+0	1.000000E-1	1.100000E+1	1.000000E-1	1.100000E+1	1.000000E+0	9.970000E+2
4.779058E+1	2.600000E+3	2.599900E+0	2.116600E-3	1.228338E+6	1.330097E+6	7.519000E-4	1.000100E+0	9.910000E+37	2.116600E-3	4.682037E+43	1.317994E+44	7.519000E-4	9.910000E+37	5.000000E-1	0.000000E+0	1.000000E-1	1.100000E+1	1.000000E-1	1.100000E+1	1.000000E+0	9.980000E+2
4.783830E+1	2.500000E+3	2.500300E+0	2.033300E-3	1.229676E+6	1.345584E+6	7.428000E-4	9.995000E-1	9.910000E+37	2.033300E-3	4.873850E+43	1.334141E+44	7.428000E-4	9.910000E+37	5.000000E-1	0.000000E+0	1.000000E-1	1.100000E+1	1.000000E-1	1.100000E+1	1.000000E+0	9.990000E+2
4.788607E+1	2.400000E+3	2.399900E+0	1.926500E-3	1.245731E+6	1.358260E+6	7.355000E-4	9.990000E-1	9.910000E+37	1.926500E-3	5.144044E+43	1.347383E+44	7.355000E-4	9.910000E+37	5.000000E-1	0.000000E+0	1.000000E-1	1.100000E+1	1.000000E-1	1.100000E+1	1.000000E+0	1.000000E+3
4.793389E+1	2.300000E+3	2.299000E+0	1.850800E-3	1.242166E+6	1.338733E+6	7.469000E-4	9.999000E-1	9.910000E+37	1.850800E-3	5.354441E+43	1.326818E+44	7.469000E-4	9.910000E+37	5.000000E-1	0.000000E+0	1.000000E-1	1.100000E+1	1.000000E-1	1.100000E+1	1.000000E+0	1.001000E+3
4.798174E+1	2.200000E+3	2.199100E+0	1.748700E-3	1.257563E+6	1.351304E+6	7.401000E-4	1.000100E+0	9.910000E+37	1.748700E-3	5.667067E+43	1.339008E+44	7.401000E-4	9.910000E+37	5.000000E-1	0.000000E+0	1.000000E-1	1.100000E+1	1.000000E-1	1.100000E+1	1.000000E+0	1.002000E+3
4.802943E+1	2.100000E+3	2.100400E+0	1.678800E-3	1.251132E+6	1.336362E+6	7.483000E-4	1.000000E+0	9.910000E+37	1.678800E-3	5.903026E+43	1.324335E+44	7.483000E-4	9.910000E+37	5.000000E-1	0.000000E+0	1.000000E-1	1.100000E+1	1.000000E-1	1.100000E+1	1.000000E+0	1.003000E+3
4.807712E+1	2.000000E+3	2.000200E+0	1.595400E-3	1.253729E+6	1.334669E+6	7.488000E-4	9.994000E-1	9.910000E+37	1.595400E-3	6.211608E+43	1.323451E+44	7.488000E-4	9.910000E+37	5.000000E-1	0.000000E+0	1.000000E-1	1.100000E+1	1.000000E-1	1.100000E+1	1.000000E+0	1.004000E+3
4.812489E+1	1.900000E+3	1.899600E+0	1.505400E-3	1.261857E+6	1.340126E+6	7.459000E-4	9.996000E-1	9.910000E+37	1.505400E-3	6.582968E+43	1.328596E+44	7.459000E-4	9.910000E+37	5.000000E-1	0.000000E+0	1.000000E-1	1.100000E+1	1.000000E-1	1.100000E+1	1.000000E+0	1.005000E+3
4.817266E+1	1.800000E+3	1.799900E+0	1.399100E-3	1.286470E+6	1.345273E+6	7.426000E-4	9.990000E-1	9.910000E+37	1.399100E-3	7.083125E+43	1.334500E+44	7.426000E-4	9.910000E+37	5.000000E-1	0.000000E+0	1.000000E-1	1.100000E+1	1.000000E-1	1.100000E+1	1.000000E+0	1.006000E+3
4.822062E+1	1.700000E+3	1.701700E+0	1.332900E-3	1.276690E+6	1.340751E+6	7.460000E-4	1.000200E+0	9.910000E+37	1.332900E-3	7.434916E+43	1.328418E+44	7.460000E-4	9.910000E+37	5.000000E-1	0.000000E+0	1.000000E-1	1.100000E+1	1.000000E-1	1.100000E+1	1.000000E+0	1.007000E+3
4.826836E+1	1.600000E+3	1.600300E+0	1.252600E-3	1.277583E+6	1.333378E+6	7.499000E-4	9.999000E-1	9.910000E+37	1.252600E-3	7.911544E+43	1.321510E+44	7.499000E-4	9.910000E+37	5.000000E-1	0.000000E+0	1.000000E-1	1.100000E+1	1.000000E-1	1.100000E+1	1.000000E+0	1.008000E+3
4.831618E+1	1.500000E+3	1.500600E+0	1.158900E-3	1.294849E+6	1.342010E+6	7.453000E-4	1.000200E+0	9.910000E+37	1.158900E-3	8.551212E+43	1.329666E+44	7.453000E-4	9.910000E+37	5.000000E-1	0.000000E+0	1.000000E-1	1.100000E+1	1.000000E-1	1.100000E+1	1.000000E+0	1.009000E+3
4.836417E+1	1.400000E+3	1.398200E+0	1.082500E-3	1.291640E+6	1.354432E+6	7.378000E-4	9.993000E-1	9.910000E+37	1.082500E-3	9.154734E+43	1.343182E+44	7.378000E-4	9.910000E+37	5.000000E-1	0.000000E+0	1.000000E-1	1.100000E+1	1.000000E-1	1.100000E+1	1.000000E+0	1.010000E+3
5.971873E+1	1.300000E+3	1.299600E+0	1.066200E-3	1.218908E+6	1.259007E+6	7.938000E-4	9.994000E-1	9.910000E+37	1.066200E-3	9.294691E+43	1.248425E+44	7.938000E-4	9.910000E+37	5.000000E-1	0.000000E+0	1.000000E-1	1.100000E+1	1.000000E-1	1.100000E+1	1.000000E+0	1.011000E+3
5.976654E+1	1.200000E+3	1.201900E+0	9.943000E-4	1.208790E+6	1.249438E+6	8.002000E-4	9.998000E-1	9.910000E+37	9.943000E-4	9.966811E+43	1.238440E+44	8.002000E-4	9.910000E+37	5.000000E-1	0.000000E+0	1.000000E-1	1.100000E+1	1.000000E-1	1.100000E+1	1.000000E+0	1.012000E+3
9.461289E+1	1.100000E+3	1.099800E+0	8.805000E-4	1.249063E+6	1.204315E+6	8.296000E-4	9.991000E-1	9.910000E+37	8.805000E-4	1.125497E+44	1.194552E+44	8.296000E-4	9.910000E+37	5.000000E-1	0.000000E+0	1.000000E-1	1.100000E+1	1.000000E-1	1.100000E+1	1.000000E+0	1.013000E+3
