Tiempo (min)	I pulso(mA)	Vinst 1 (V)	Iinst 1 (mA)	Rinst 1(Ohm)	Rrem 1 (Ohm)	Ibias 1 (mA)	Vbias 1 (V)	Vinst 2 (V)	Iinst 2 (mA)	Rinst 2(Ohm)	Rrem 2 (Ohm)	Ibias 2 (mA)	Vbias 2 (V)	Ancho pulso (s)	Periodo (s)	Icc 1 (mA)	Vcc 1 (V)	Icc 2 (mA)	Vcc 2 (V)	2W 1?	N1.207069E-1	0.000000E+0	9.000000E-4	-3.600000E-6	-2.500000E+5	1.198465E+6	8.339000E-4	9.994000E-1	9.910000E+37	-3.600000E-6	-2.752778E+46	1.188392E+44	8.339000E-4	9.910000E+37	5.000000E-1	0.000000E+0	1.000000E-1	1.100000E+1	1.000000E-1	1.100000E+1	1.000000E+0	1.000000E+0
1.684096E-1	-1.000000E+2	-1.005000E-1	-8.620000E-5	1.165893E+6	1.192115E+6	8.396000E-4	1.000900E+0	9.910000E+37	-8.620000E-5	-1.149652E+45	1.180324E+44	8.396000E-4	9.910000E+37	5.000000E-1	0.000000E+0	1.000000E-1	1.100000E+1	1.000000E-1	1.100000E+1	1.000000E+0	2.000000E+0
2.160790E-1	-2.000000E+2	-1.991000E-1	-1.730000E-4	1.150867E+6	1.204748E+6	8.298000E-4	9.997000E-1	9.910000E+37	-1.730000E-4	-5.728324E+44	1.194264E+44	8.298000E-4	9.910000E+37	5.000000E-1	0.000000E+0	1.000000E-1	1.100000E+1	1.000000E-1	1.100000E+1	1.000000E+0	3.000000E+0
2.637318E-1	-3.000000E+2	-3.007000E-1	-2.812000E-4	1.069346E+6	1.208222E+6	8.270000E-4	9.992000E-1	9.910000E+37	-2.812000E-4	-3.524182E+44	1.198307E+44	8.270000E-4	9.910000E+37	5.000000E-1	0.000000E+0	1.000000E-1	1.100000E+1	1.000000E-1	1.100000E+1	1.000000E+0	4.000000E+0
3.114012E-1	-4.000000E+2	-4.000000E-1	-3.473000E-4	1.151742E+6	1.205712E+6	8.298000E-4	1.000500E+0	9.910000E+37	-3.473000E-4	-2.853441E+44	1.194264E+44	8.298000E-4	9.910000E+37	5.000000E-1	0.000000E+0	1.000000E-1	1.100000E+1	1.000000E-1	1.100000E+1	1.000000E+0	5.000000E+0
3.591372E-1	-5.000000E+2	-5.009000E-1	-4.321000E-4	1.159222E+6	1.196386E+6	8.356000E-4	9.997000E-1	9.910000E+37	-4.321000E-4	-2.293451E+44	1.185974E+44	8.356000E-4	9.910000E+37	5.000000E-1	0.000000E+0	1.000000E-1	1.100000E+1	1.000000E-1	1.100000E+1	1.000000E+0	6.000000E+0
4.068066E-1	-6.000000E+2	-6.005000E-1	-5.269000E-4	1.139685E+6	1.192872E+6	8.389000E-4	1.000700E+0	9.910000E+37	-5.269000E-4	-1.880812E+44	1.181309E+44	8.389000E-4	9.910000E+37	5.000000E-1	0.000000E+0	1.000000E-1	1.100000E+1	1.000000E-1	1.100000E+1	1.000000E+0	7.000000E+0
4.545593E-1	-7.000000E+2	-6.997000E-1	-6.063000E-4	1.154049E+6	1.201104E+6	8.334000E-4	1.001000E+0	9.910000E+37	-6.063000E-4	-1.634504E+44	1.189105E+44	8.334000E-4	9.910000E+37	5.000000E-1	0.000000E+0	1.000000E-1	1.100000E+1	1.000000E-1	1.100000E+1	1.000000E+0	8.000000E+0
5.023954E-1	-8.000000E+2	-8.000000E-1	-7.043000E-4	1.135880E+6	1.211380E+6	8.260000E-4	1.000600E+0	9.910000E+37	-7.043000E-4	-1.407071E+44	1.199758E+44	8.260000E-4	9.910000E+37	5.000000E-1	0.000000E+0	1.000000E-1	1.100000E+1	1.000000E-1	1.100000E+1	1.000000E+0	9.000000E+0
5.502815E-1	-9.000000E+2	-9.000000E-1	-7.991000E-4	1.126267E+6	1.193340E+6	8.379000E-4	9.999000E-1	9.910000E+37	-7.991000E-4	-1.240145E+44	1.182719E+44	8.379000E-4	9.910000E+37	5.000000E-1	0.000000E+0	1.000000E-1	1.100000E+1	1.000000E-1	1.100000E+1	1.000000E+0	1.000000E+1
5.979509E-1	-1.000000E+3	-1.000500E+0	-8.968000E-4	1.115633E+6	1.212173E+6	8.248000E-4	9.998000E-1	9.910000E+37	-8.968000E-4	-1.105040E+44	1.201503E+44	8.248000E-4	9.910000E+37	5.000000E-1	0.000000E+0	1.000000E-1	1.100000E+1	1.000000E-1	1.100000E+1	1.000000E+0	1.100000E+1
6.458369E-1	-1.100000E+3	-1.100300E+0	-9.770000E-4	1.126203E+6	1.195361E+6	8.364000E-4	9.998000E-1	9.910000E+37	-9.770000E-4	-1.014330E+44	1.184840E+44	8.364000E-4	9.910000E+37	5.000000E-1	0.000000E+0	1.000000E-1	1.100000E+1	1.000000E-1	1.100000E+1	1.000000E+0	1.200000E+1
6.935397E-1	-1.200000E+3	-1.201000E+0	-1.084100E-3	1.107831E+6	1.185427E+6	8.440000E-4	1.000500E+0	9.910000E+37	-1.084100E-3	-9.141223E+43	1.174171E+44	8.440000E-4	9.910000E+37	5.000000E-1	0.000000E+0	1.000000E-1	1.100000E+1	1.000000E-1	1.100000E+1	1.000000E+0	1.300000E+1
7.412091E-1	-1.300000E+3	-1.300100E+0	-1.176600E-3	1.104963E+6	1.187864E+6	8.421000E-4	1.000300E+0	9.910000E+37	-1.176600E-3	-8.422574E+43	1.176820E+44	8.421000E-4	9.910000E+37	5.000000E-1	0.000000E+0	1.000000E-1	1.100000E+1	1.000000E-1	1.100000E+1	1.000000E+0	1.400000E+1
7.888451E-1	-1.400000E+3	-1.400100E+0	-1.270000E-3	1.102441E+6	1.194580E+6	8.377000E-4	1.000700E+0	9.910000E+37	-1.270000E-3	-7.803150E+43	1.183001E+44	8.377000E-4	9.910000E+37	5.000000E-1	0.000000E+0	1.000000E-1	1.100000E+1	1.000000E-1	1.100000E+1	1.000000E+0	1.500000E+1
8.365312E-1	-1.500000E+3	-1.499200E+0	-1.366600E-3	1.097029E+6	1.209266E+6	8.267000E-4	9.997000E-1	9.910000E+37	-1.366600E-3	-7.251573E+43	1.198742E+44	8.267000E-4	9.910000E+37	5.000000E-1	0.000000E+0	1.000000E-1	1.100000E+1	1.000000E-1	1.100000E+1	1.000000E+0	1.600000E+1
8.842672E-1	-1.600000E+3	-1.600400E+0	-1.480200E-3	1.081205E+6	1.201105E+6	8.329000E-4	1.000400E+0	9.910000E+37	-1.480200E-3	-6.695041E+43	1.189819E+44	8.329000E-4	9.910000E+37	5.000000E-1	0.000000E+0	1.000000E-1	1.100000E+1	1.000000E-1	1.100000E+1	1.000000E+0	1.700000E+1
9.320033E-1	-1.700000E+3	-1.699900E+0	-1.579000E-3	1.076567E+6	1.205886E+6	8.291000E-4	9.998000E-1	9.910000E+37	-1.579000E-3	-6.276124E+43	1.195272E+44	8.291000E-4	9.910000E+37	5.000000E-1	0.000000E+0	1.000000E-1	1.100000E+1	1.000000E-1	1.100000E+1	1.000000E+0	1.800000E+1
9.796727E-1	-1.800000E+3	-1.799200E+0	-1.682300E-3	1.069488E+6	1.202574E+6	8.313000E-4	9.997000E-1	9.910000E+37	-1.682300E-3	-5.890745E+43	1.192109E+44	8.313000E-4	9.910000E+37	5.000000E-1	0.000000E+0	1.000000E-1	1.100000E+1	1.000000E-1	1.100000E+1	1.000000E+0	1.900000E+1
1.027375E+0	-1.900000E+3	-1.900000E+0	-1.787500E-3	1.062937E+6	1.212389E+6	8.249000E-4	1.000100E+0	9.910000E+37	-1.787500E-3	-5.544056E+43	1.201358E+44	8.249000E-4	9.910000E+37	5.000000E-1	0.000000E+0	1.000000E-1	1.100000E+1	1.000000E-1	1.100000E+1	1.000000E+0	2.000000E+1
1.075278E+0	-2.000000E+3	-2.000200E+0	-1.884800E-3	1.061227E+6	1.212614E+6	8.245000E-4	9.998000E-1	9.910000E+37	-1.884800E-3	-5.257852E+43	1.201941E+44	8.245000E-4	9.910000E+37	5.000000E-1	0.000000E+0	1.000000E-1	1.100000E+1	1.000000E-1	1.100000E+1	1.000000E+0	2.100000E+1
1.122964E+0	-2.100000E+3	-2.099800E+0	-1.994700E-3	1.052690E+6	1.208343E+6	8.270000E-4	9.993000E-1	9.910000E+37	-1.994700E-3	-4.968166E+43	1.198307E+44	8.270000E-4	9.910000E+37	5.000000E-1	0.000000E+0	1.000000E-1	1.100000E+1	1.000000E-1	1.100000E+1	1.000000E+0	2.200000E+1
1.170834E+0	-2.200000E+3	-2.201000E+0	-2.096900E-3	1.049645E+6	1.196268E+6	8.361000E-4	1.000200E+0	9.910000E+37	-2.096900E-3	-4.726024E+43	1.185265E+44	8.361000E-4	9.910000E+37	5.000000E-1	0.000000E+0	1.000000E-1	1.100000E+1	1.000000E-1	1.100000E+1	1.000000E+0	2.300000E+1
1.218520E+0	-2.300000E+3	-2.299900E+0	-2.203200E-3	1.043891E+6	1.192014E+6	8.390000E-4	1.000100E+0	9.910000E+37	-2.203200E-3	-4.498003E+43	1.181168E+44	8.390000E-4	9.910000E+37	5.000000E-1	0.000000E+0	1.000000E-1	1.100000E+1	1.000000E-1	1.100000E+1	1.000000E+0	2.400000E+1
1.266156E+0	-2.400000E+3	-2.400800E+0	-2.313500E-3	1.037735E+6	1.202745E+6	8.306000E-4	9.990000E-1	9.910000E+37	-2.313500E-3	-4.283553E+43	1.193113E+44	8.306000E-4	9.910000E+37	5.000000E-1	0.000000E+0	1.000000E-1	1.100000E+1	1.000000E-1	1.100000E+1	1.000000E+0	2.500000E+1
1.314025E+0	-2.500000E+3	-2.500300E+0	-2.409300E-3	1.037770E+6	1.195626E+6	8.368000E-4	1.000500E+0	9.910000E+37	-2.409300E-3	-4.113228E+43	1.184273E+44	8.368000E-4	9.910000E+37	5.000000E-1	0.000000E+0	1.000000E-1	1.100000E+1	1.000000E-1	1.100000E+1	1.000000E+0	2.600000E+1
1.361795E+0	-2.600000E+3	-2.600500E+0	-2.529100E-3	1.028231E+6	1.179034E+6	8.490000E-4	1.001000E+0	9.910000E+37	-2.529100E-3	-3.918390E+43	1.167256E+44	8.490000E-4	9.910000E+37	5.000000E-1	0.000000E+0	1.000000E-1	1.100000E+1	1.000000E-1	1.100000E+1	1.000000E+0	2.700000E+1
1.409497E+0	-2.700000E+3	-2.700300E+0	-2.630600E-3	1.026496E+6	1.184690E+6	8.452000E-4	1.001300E+0	9.910000E+37	-2.630600E-3	-3.767201E+43	1.172504E+44	8.452000E-4	9.910000E+37	5.000000E-1	0.000000E+0	1.000000E-1	1.100000E+1	1.000000E-1	1.100000E+1	1.000000E+0	2.800000E+1
1.457267E+0	-2.800000E+3	-2.800700E+0	-2.745300E-3	1.020180E+6	1.183821E+6	8.443000E-4	9.995000E-1	9.910000E+37	-2.745300E-3	-3.609806E+43	1.173753E+44	8.443000E-4	9.910000E+37	5.000000E-1	0.000000E+0	1.000000E-1	1.100000E+1	1.000000E-1	1.100000E+1	1.000000E+0	2.900000E+1
1.505036E+0	-2.900000E+3	-2.900100E+0	-2.856300E-3	1.015335E+6	1.201010E+6	8.318000E-4	9.990000E-1	9.910000E+37	-2.856300E-3	-3.469524E+43	1.191392E+44	8.318000E-4	9.910000E+37	5.000000E-1	0.000000E+0	1.000000E-1	1.100000E+1	1.000000E-1	1.100000E+1	1.000000E+0	3.000000E+1
1.552755E+0	-3.000000E+3	-2.999700E+0	-2.968900E-3	1.010374E+6	1.187070E+6	8.430000E-4	1.000700E+0	9.910000E+37	-2.968900E-3	-3.337937E+43	1.175563E+44	8.430000E-4	9.910000E+37	5.000000E-1	0.000000E+0	1.000000E-1	1.100000E+1	1.000000E-1	1.100000E+1	1.000000E+0	3.100000E+1
1.600425E+0	-3.100000E+3	-3.099200E+0	-3.088400E-3	1.003497E+6	1.190590E+6	8.395000E-4	9.995000E-1	9.910000E+37	-3.088400E-3	-3.208781E+43	1.180465E+44	8.395000E-4	9.910000E+37	5.000000E-1	0.000000E+0	1.000000E-1	1.100000E+1	1.000000E-1	1.100000E+1	1.000000E+0	3.200000E+1
1.648228E+0	-3.200000E+3	-3.200300E+0	-3.186800E-3	1.004236E+6	1.178155E+6	8.487000E-4	9.999000E-1	9.910000E+37	-3.186800E-3	-3.109703E+43	1.167668E+44	8.487000E-4	9.910000E+37	5.000000E-1	0.000000E+0	1.000000E-1	1.100000E+1	1.000000E-1	1.100000E+1	1.000000E+0	3.300000E+1
1.696314E+0	-3.300000E+3	-3.299900E+0	-3.307200E-3	9.977927E+5	1.186573E+6	8.431000E-4	1.000400E+0	9.910000E+37	-3.307200E-3	-2.996493E+43	1.175424E+44	8.431000E-4	9.910000E+37	5.000000E-1	0.000000E+0	1.000000E-1	1.100000E+1	1.000000E-1	1.100000E+1	1.000000E+0	3.400000E+1
1.744000E+0	-3.400000E+3	-3.400600E+0	-3.419100E-3	9.945892E+5	1.191639E+6	8.396000E-4	1.000500E+0	9.910000E+37	-3.419100E-3	-2.898424E+43	1.180324E+44	8.396000E-4	9.910000E+37	5.000000E-1	0.000000E+0	1.000000E-1	1.100000E+1	1.000000E-1	1.100000E+1	1.000000E+0	3.500000E+1
1.791702E+0	-3.500000E+3	-3.500700E+0	-3.522300E-3	9.938676E+5	1.179148E+6	8.479000E-4	9.998000E-1	9.910000E+37	-3.522300E-3	-2.813503E+43	1.168770E+44	8.479000E-4	9.910000E+37	5.000000E-1	0.000000E+0	1.000000E-1	1.100000E+1	1.000000E-1	1.100000E+1	1.000000E+0	3.600000E+1
1.839389E+0	-3.600000E+3	-3.600700E+0	-3.629600E-3	9.920377E+5	1.176215E+6	8.501000E-4	9.999000E-1	9.910000E+37	-3.629600E-3	-2.730328E+43	1.165745E+44	8.501000E-4	9.910000E+37	5.000000E-1	0.000000E+0	1.000000E-1	1.100000E+1	1.000000E-1	1.100000E+1	1.000000E+0	3.700000E+1
1.886991E+0	-3.700000E+3	-3.701000E+0	-3.760100E-3	9.842823E+5	1.193622E+6	8.372000E-4	9.993000E-1	9.910000E+37	-3.760100E-3	-2.635568E+43	1.183708E+44	8.372000E-4	9.910000E+37	5.000000E-1	0.000000E+0	1.000000E-1	1.100000E+1	1.000000E-1	1.100000E+1	1.000000E+0	3.800000E+1
1.934794E+0	-3.800000E+3	-3.798800E+0	-3.845900E-3	9.877532E+5	1.186847E+6	8.424000E-4	9.998000E-1	9.910000E+37	-3.845900E-3	-2.576770E+43	1.176401E+44	8.424000E-4	9.910000E+37	5.000000E-1	0.000000E+0	1.000000E-1	1.100000E+1	1.000000E-1	1.100000E+1	1.000000E+0	3.900000E+1
1.982513E+0	-3.900000E+3	-3.900300E+0	-3.978800E-3	9.802704E+5	1.179675E+6	8.482000E-4	1.000600E+0	9.910000E+37	-3.978800E-3	-2.490701E+43	1.168357E+44	8.482000E-4	9.910000E+37	5.000000E-1	0.000000E+0	1.000000E-1	1.100000E+1	1.000000E-1	1.100000E+1	1.000000E+0	4.000000E+1
2.030199E+0	-4.000000E+3	-3.999900E+0	-4.084800E-3	9.792156E+5	1.182055E+6	8.459000E-4	9.999000E-1	9.910000E+37	-4.084800E-3	-2.426067E+43	1.171533E+44	8.459000E-4	9.910000E+37	5.000000E-1	0.000000E+0	1.000000E-1	1.100000E+1	1.000000E-1	1.100000E+1	1.000000E+0	4.100000E+1
2.077902E+0	-4.100000E+3	-4.099700E+0	-4.198400E-3	9.764910E+5	1.195525E+6	8.357000E-4	9.991000E-1	9.910000E+37	-4.198400E-3	-2.360423E+43	1.185832E+44	8.357000E-4	9.910000E+37	5.000000E-1	0.000000E+0	1.000000E-1	1.100000E+1	1.000000E-1	1.100000E+1	1.000000E+0	4.200000E+1
2.125822E+0	-4.200000E+3	-4.200200E+0	-4.306800E-3	9.752484E+5	1.174250E+6	8.528000E-4	1.001400E+0	9.910000E+37	-4.306800E-3	-2.301012E+43	1.162054E+44	8.528000E-4	9.910000E+37	5.000000E-1	0.000000E+0	1.000000E-1	1.100000E+1	1.000000E-1	1.100000E+1	1.000000E+0	4.300000E+1
2.173458E+0	-4.300000E+3	-4.299300E+0	-4.407000E-3	9.755616E+5	1.186499E+6	8.429000E-4	1.000100E+0	9.910000E+37	-4.407000E-3	-2.248695E+43	1.175703E+44	8.429000E-4	9.910000E+37	5.000000E-1	0.000000E+0	1.000000E-1	1.100000E+1	1.000000E-1	1.100000E+1	1.000000E+0	4.400000E+1
2.221344E+0	-4.400000E+3	-4.400400E+0	-4.537300E-3	9.698279E+5	1.192790E+6	8.377000E-4	9.992000E-1	9.910000E+37	-4.537300E-3	-2.184118E+43	1.183001E+44	8.377000E-4	9.910000E+37	5.000000E-1	0.000000E+0	1.000000E-1	1.100000E+1	1.000000E-1	1.100000E+1	1.000000E+0	4.500000E+1
2.268996E+0	-4.500000E+3	-4.500900E+0	-4.647500E-3	9.684562E+5	1.188964E+6	8.409000E-4	9.998000E-1	9.910000E+37	-4.647500E-3	-2.132329E+43	1.178499E+44	8.409000E-4	9.910000E+37	5.000000E-1	0.000000E+0	1.000000E-1	1.100000E+1	1.000000E-1	1.100000E+1	1.000000E+0	4.600000E+1
2.316649E+0	-4.600000E+3	-4.600000E+0	-4.759000E-3	9.665896E+5	1.200384E+6	8.334000E-4	1.000400E+0	9.910000E+37	-4.759000E-3	-2.082370E+43	1.189105E+44	8.334000E-4	9.910000E+37	5.000000E-1	0.000000E+0	1.000000E-1	1.100000E+1	1.000000E-1	1.100000E+1	1.000000E+0	4.700000E+1
2.364419E+0	-4.700000E+3	-4.699400E+0	-4.852500E-3	9.684493E+5	1.179288E+6	8.478000E-4	9.998000E-1	9.910000E+37	-4.852500E-3	-2.042246E+43	1.168908E+44	8.478000E-4	9.910000E+37	5.000000E-1	0.000000E+0	1.000000E-1	1.100000E+1	1.000000E-1	1.100000E+1	1.000000E+0	4.800000E+1
2.412305E+0	-4.800000E+3	-4.800400E+0	-4.969800E-3	9.659141E+5	1.194484E+6	8.376000E-4	1.000500E+0	9.910000E+37	-4.969800E-3	-1.994044E+43	1.183142E+44	8.376000E-4	9.910000E+37	5.000000E-1	0.000000E+0	1.000000E-1	1.100000E+1	1.000000E-1	1.100000E+1	1.000000E+0	4.900000E+1
2.459957E+0	-4.900000E+3	-4.900900E+0	-5.057400E-3	9.690552E+5	1.204745E+6	8.303000E-4	1.000300E+0	9.910000E+37	-5.057400E-3	-1.959505E+43	1.193545E+44	8.303000E-4	9.910000E+37	5.000000E-1	0.000000E+0	1.000000E-1	1.100000E+1	1.000000E-1	1.100000E+1	1.000000E+0	5.000000E+1
2.507743E+0	-5.000000E+3	-5.000400E+0	-5.134600E-3	9.738636E+5	1.202477E+6	8.317000E-4	1.000100E+0	9.910000E+37	-5.134600E-3	-1.930043E+43	1.191535E+44	8.317000E-4	9.910000E+37	5.000000E-1	0.000000E+0	1.000000E-1	1.100000E+1	1.000000E-1	1.100000E+1	1.000000E+0	5.100000E+1
2.555446E+0	-5.100000E+3	-5.099900E+0	-5.215400E-3	9.778540E+5	1.216492E+6	8.222000E-4	1.000200E+0	9.910000E+37	-5.215400E-3	-1.900142E+43	1.205303E+44	8.222000E-4	9.910000E+37	5.000000E-1	0.000000E+0	1.000000E-1	1.100000E+1	1.000000E-1	1.100000E+1	1.000000E+0	5.200000E+1
2.604132E+0	-5.200000E+3	-5.199800E+0	-5.268000E-3	9.870539E+5	1.217799E+6	8.214000E-4	1.000300E+0	9.910000E+37	-5.268000E-3	-1.881169E+43	1.206477E+44	8.214000E-4	9.910000E+37	5.000000E-1	0.000000E+0	1.000000E-1	1.100000E+1	1.000000E-1	1.100000E+1	1.000000E+0	5.300000E+1
2.651868E+0	-5.300000E+3	-5.299800E+0	-5.300400E-3	9.998868E+5	1.241901E+6	8.057000E-4	1.000600E+0	9.910000E+37	-5.300400E-3	-1.869670E+43	1.229986E+44	8.057000E-4	9.910000E+37	5.000000E-1	0.000000E+0	1.000000E-1	1.100000E+1	1.000000E-1	1.100000E+1	1.000000E+0	5.400000E+1
2.699621E+0	-5.400000E+3	-5.399800E+0	-5.302300E-3	1.018388E+6	1.248970E+6	8.013000E-4	1.000800E+0	9.910000E+37	-5.302300E-3	-1.869000E+43	1.236740E+44	8.013000E-4	9.910000E+37	5.000000E-1	0.000000E+0	1.000000E-1	1.100000E+1	1.000000E-1	1.100000E+1	1.000000E+0	5.500000E+1
2.747490E+0	-5.500000E+3	-5.500000E+0	-5.319800E-3	1.033873E+6	1.262194E+6	7.914000E-4	9.989000E-1	9.910000E+37	-5.319800E-3	-1.862852E+43	1.252211E+44	7.914000E-4	9.910000E+37	5.000000E-1	0.000000E+0	1.000000E-1	1.100000E+1	1.000000E-1	1.100000E+1	1.000000E+0	5.600000E+1
2.795193E+0	-5.600000E+3	-5.599700E+0	-5.383800E-3	1.040102E+6	1.266414E+6	7.905000E-4	1.001100E+0	9.910000E+37	-5.383800E-3	-1.840707E+43	1.253637E+44	7.905000E-4	9.910000E+37	5.000000E-1	0.000000E+0	1.000000E-1	1.100000E+1	1.000000E-1	1.100000E+1	1.000000E+0	5.700000E+1
2.842929E+0	-5.700000E+3	-5.700500E+0	-5.435000E-3	1.048850E+6	1.281270E+6	7.811000E-4	1.000800E+0	9.910000E+37	-5.435000E-3	-1.823367E+43	1.268724E+44	7.811000E-4	9.910000E+37	5.000000E-1	0.000000E+0	1.000000E-1	1.100000E+1	1.000000E-1	1.100000E+1	1.000000E+0	5.800000E+1
2.890865E+0	-5.800000E+3	-5.800200E+0	-5.483500E-3	1.057755E+6	1.287865E+6	7.771000E-4	1.000800E+0	9.910000E+37	-5.483500E-3	-1.807240E+43	1.275254E+44	7.771000E-4	9.910000E+37	5.000000E-1	0.000000E+0	1.000000E-1	1.100000E+1	1.000000E-1	1.100000E+1	1.000000E+0	5.900000E+1
2.938585E+0	-5.900000E+3	-5.899900E+0	-5.538100E-3	1.065329E+6	1.301627E+6	7.685000E-4	1.000300E+0	9.910000E+37	-5.538100E-3	-1.789422E+43	1.289525E+44	7.685000E-4	9.910000E+37	5.000000E-1	0.000000E+0	1.000000E-1	1.100000E+1	1.000000E-1	1.100000E+1	1.000000E+0	6.000000E+1
2.986221E+0	-6.000000E+3	-6.000600E+0	-5.582400E-3	1.074914E+6	1.313764E+6	7.614000E-4	1.000300E+0	9.910000E+37	-5.582400E-3	-1.775222E+43	1.301550E+44	7.614000E-4	9.910000E+37	5.000000E-1	0.000000E+0	1.000000E-1	1.100000E+1	1.000000E-1	1.100000E+1	1.000000E+0	6.100000E+1
3.033890E+0	-6.100000E+3	-6.101100E+0	-5.603800E-3	1.088743E+6	1.326699E+6	7.536000E-4	9.998000E-1	9.910000E+37	-5.603800E-3	-1.768443E+43	1.315021E+44	7.536000E-4	9.910000E+37	5.000000E-1	0.000000E+0	1.000000E-1	1.100000E+1	1.000000E-1	1.100000E+1	1.000000E+0	6.200000E+1
3.081660E+0	-6.200000E+3	-6.200200E+0	-5.625500E-3	1.102160E+6	1.372099E+6	7.283000E-4	9.993000E-1	9.910000E+37	-5.625500E-3	-1.761621E+43	1.360703E+44	7.283000E-4	9.910000E+37	5.000000E-1	0.000000E+0	1.000000E-1	1.100000E+1	1.000000E-1	1.100000E+1	1.000000E+0	6.300000E+1
3.129412E+0	-6.300000E+3	-6.299800E+0	-5.606300E-3	1.123700E+6	1.369243E+6	7.296000E-4	9.990000E-1	9.910000E+37	-5.606300E-3	-1.767654E+43	1.358279E+44	7.296000E-4	9.910000E+37	5.000000E-1	0.000000E+0	1.000000E-1	1.100000E+1	1.000000E-1	1.100000E+1	1.000000E+0	6.400000E+1
3.177032E+0	-6.400000E+3	-6.399200E+0	-5.587400E-3	1.145291E+6	1.402690E+6	7.137000E-4	1.001100E+0	9.910000E+37	-5.587400E-3	-1.773634E+43	1.388539E+44	7.137000E-4	9.910000E+37	5.000000E-1	0.000000E+0	1.000000E-1	1.100000E+1	1.000000E-1	1.100000E+1	1.000000E+0	6.500000E+1
3.224684E+0	-6.500000E+3	-6.499300E+0	-5.563800E-3	1.168140E+6	1.413345E+6	7.074000E-4	9.998000E-1	9.910000E+37	-5.563800E-3	-1.781157E+43	1.400905E+44	7.074000E-4	9.910000E+37	5.000000E-1	0.000000E+0	1.000000E-1	1.100000E+1	1.000000E-1	1.100000E+1	1.000000E+0	6.600000E+1
3.273387E+0	-6.600000E+3	-6.600700E+0	-5.529400E-3	1.193746E+6	1.462654E+6	6.828000E-4	9.987000E-1	9.910000E+37	-5.529400E-3	-1.792238E+43	1.451377E+44	6.828000E-4	9.910000E+37	5.000000E-1	0.000000E+0	1.000000E-1	1.100000E+1	1.000000E-1	1.100000E+1	1.000000E+0	6.700000E+1
3.321157E+0	-6.700000E+3	-6.700000E+0	-5.497500E-3	1.218736E+6	1.471073E+6	6.793000E-4	9.993000E-1	9.910000E+37	-5.497500E-3	-1.802638E+43	1.458855E+44	6.793000E-4	9.910000E+37	5.000000E-1	0.000000E+0	1.000000E-1	1.100000E+1	1.000000E-1	1.100000E+1	1.000000E+0	6.800000E+1
3.368893E+0	-6.800000E+3	-6.798800E+0	-5.450500E-3	1.247372E+6	1.489279E+6	6.716000E-4	1.000200E+0	9.910000E+37	-5.450500E-3	-1.818182E+43	1.475581E+44	6.716000E-4	9.910000E+37	5.000000E-1	0.000000E+0	1.000000E-1	1.100000E+1	1.000000E-1	1.100000E+1	1.000000E+0	6.900000E+1
3.416829E+0	-6.900000E+3	-6.900300E+0	-5.439700E-3	1.268507E+6	1.534141E+6	6.517000E-4	9.998000E-1	9.910000E+37	-5.439700E-3	-1.821792E+43	1.520638E+44	6.517000E-4	9.910000E+37	5.000000E-1	0.000000E+0	1.000000E-1	1.100000E+1	1.000000E-1	1.100000E+1	1.000000E+0	7.000000E+1
3.464665E+0	-7.000000E+3	-7.000100E+0	-5.405400E-3	1.295020E+6	1.530213E+6	6.537000E-4	1.000300E+0	9.910000E+37	-5.405400E-3	-1.833352E+43	1.515986E+44	6.537000E-4	9.910000E+37	5.000000E-1	0.000000E+0	1.000000E-1	1.100000E+1	1.000000E-1	1.100000E+1	1.000000E+0	7.100000E+1
3.512401E+0	-7.100000E+3	-7.100300E+0	-5.402100E-3	1.314359E+6	1.569410E+6	6.368000E-4	9.994000E-1	9.910000E+37	-5.402100E-3	-1.834472E+43	1.556219E+44	6.368000E-4	9.910000E+37	5.000000E-1	0.000000E+0	1.000000E-1	1.100000E+1	1.000000E-1	1.100000E+1	1.000000E+0	7.200000E+1
3.560004E+0	-7.200000E+3	-7.200100E+0	-5.370900E-3	1.340576E+6	1.593815E+6	6.273000E-4	9.998000E-1	9.910000E+37	-5.370900E-3	-1.845128E+43	1.579786E+44	6.273000E-4	9.910000E+37	5.000000E-1	0.000000E+0	1.000000E-1	1.100000E+1	1.000000E-1	1.100000E+1	1.000000E+0	7.300000E+1
3.607623E+0	-7.300000E+3	-7.300900E+0	-5.351700E-3	1.364221E+6	1.608689E+6	6.215000E-4	9.998000E-1	9.910000E+37	-5.351700E-3	-1.851748E+43	1.594529E+44	6.215000E-4	9.910000E+37	5.000000E-1	0.000000E+0	1.000000E-1	1.100000E+1	1.000000E-1	1.100000E+1	1.000000E+0	7.400000E+1
3.655576E+0	-7.400000E+3	-7.400800E+0	-5.323600E-3	1.390187E+6	1.620159E+6	6.171000E-4	9.998000E-1	9.910000E+37	-5.323600E-3	-1.861522E+43	1.605899E+44	6.171000E-4	9.910000E+37	5.000000E-1	0.000000E+0	1.000000E-1	1.100000E+1	1.000000E-1	1.100000E+1	1.000000E+0	7.500000E+1
3.703478E+0	-7.500000E+3	-7.499600E+0	-5.280300E-3	1.420298E+6	1.691826E+6	5.909000E-4	9.997000E-1	9.910000E+37	-5.280300E-3	-1.876787E+43	1.677103E+44	5.909000E-4	9.910000E+37	5.000000E-1	0.000000E+0	1.000000E-1	1.100000E+1	1.000000E-1	1.100000E+1	1.000000E+0	7.600000E+1
3.751098E+0	-7.600000E+3	-7.599800E+0	-5.217300E-3	1.456654E+6	1.755669E+6	5.689000E-4	9.988000E-1	9.910000E+37	-5.217300E-3	-1.899450E+43	1.741958E+44	5.689000E-4	9.910000E+37	5.000000E-1	0.000000E+0	1.000000E-1	1.100000E+1	1.000000E-1	1.100000E+1	1.000000E+0	7.700000E+1
3.798801E+0	-7.700000E+3	-7.699600E+0	-5.113100E-3	1.505858E+6	1.742947E+6	5.742000E-4	1.000800E+0	9.910000E+37	-5.113100E-3	-1.938159E+43	1.725879E+44	5.742000E-4	9.910000E+37	5.000000E-1	0.000000E+0	1.000000E-1	1.100000E+1	1.000000E-1	1.100000E+1	1.000000E+0	7.800000E+1
3.846437E+0	-7.800000E+3	-7.801300E+0	-5.052400E-3	1.544078E+6	1.833242E+6	5.451000E-4	9.993000E-1	9.910000E+37	-5.052400E-3	-1.961444E+43	1.818015E+44	5.451000E-4	9.910000E+37	5.000000E-1	0.000000E+0	1.000000E-1	1.100000E+1	1.000000E-1	1.100000E+1	1.000000E+0	7.900000E+1
3.894189E+0	-7.900000E+3	-7.900000E+0	-4.970800E-3	1.589281E+6	1.866480E+6	5.355000E-4	9.995000E-1	9.910000E+37	-4.970800E-3	-1.993643E+43	1.850607E+44	5.355000E-4	9.910000E+37	5.000000E-1	0.000000E+0	1.000000E-1	1.100000E+1	1.000000E-1	1.100000E+1	1.000000E+0	8.000000E+1
3.942175E+0	-8.000000E+3	-7.999400E+0	-4.911400E-3	1.628741E+6	1.918618E+6	5.210000E-4	9.996000E-1	9.910000E+37	-4.911400E-3	-2.017755E+43	1.902111E+44	5.210000E-4	9.910000E+37	5.000000E-1	0.000000E+0	1.000000E-1	1.100000E+1	1.000000E-1	1.100000E+1	1.000000E+0	8.100000E+1
3.990045E+0	-8.100000E+3	-8.100900E+0	-4.876400E-3	1.661246E+6	2.000601E+6	4.991000E-4	9.985000E-1	9.910000E+37	-4.876400E-3	-2.032237E+43	1.985574E+44	4.991000E-4	9.910000E+37	5.000000E-1	0.000000E+0	1.000000E-1	1.100000E+1	1.000000E-1	1.100000E+1	1.000000E+0	8.200000E+1
4.037914E+0	-8.200000E+3	-8.199800E+0	-4.811000E-3	1.704386E+6	1.989053E+6	5.024000E-4	9.993000E-1	9.910000E+37	-4.811000E-3	-2.059863E+43	1.972532E+44	5.024000E-4	9.910000E+37	5.000000E-1	0.000000E+0	1.000000E-1	1.100000E+1	1.000000E-1	1.100000E+1	1.000000E+0	8.300000E+1
4.085650E+0	-8.300000E+3	-8.300200E+0	-4.789300E-3	1.733072E+6	2.031714E+6	4.919000E-4	9.994000E-1	9.910000E+37	-4.789300E-3	-2.069196E+43	2.014637E+44	4.919000E-4	9.910000E+37	5.000000E-1	0.000000E+0	1.000000E-1	1.100000E+1	1.000000E-1	1.100000E+1	1.000000E+0	8.400000E+1
4.133486E+0	-8.400000E+3	-8.399200E+0	-4.766900E-3	1.761984E+6	2.072806E+6	4.821000E-4	9.993000E-1	9.910000E+37	-4.766900E-3	-2.078919E+43	2.055590E+44	4.821000E-4	9.910000E+37	5.000000E-1	0.000000E+0	1.000000E-1	1.100000E+1	1.000000E-1	1.100000E+1	1.000000E+0	8.500000E+1
4.181389E+0	-8.500000E+3	-8.499700E+0	-4.756000E-3	1.787153E+6	2.121257E+6	4.709000E-4	9.989000E-1	9.910000E+37	-4.756000E-3	-2.083684E+43	2.104481E+44	4.709000E-4	9.910000E+37	5.000000E-1	0.000000E+0	1.000000E-1	1.100000E+1	1.000000E-1	1.100000E+1	1.000000E+0	8.600000E+1
4.229092E+0	-8.600000E+3	-8.600000E+0	-4.751100E-3	1.810107E+6	2.155987E+6	4.635000E-4	9.993000E-1	9.910000E+37	-4.751100E-3	-2.085833E+43	2.138080E+44	4.635000E-4	9.910000E+37	5.000000E-1	0.000000E+0	1.000000E-1	1.100000E+1	1.000000E-1	1.100000E+1	1.000000E+0	8.700000E+1
4.277011E+0	-8.700000E+3	-8.700100E+0	-4.751700E-3	1.830945E+6	2.129925E+6	4.695000E-4	1.000000E+0	9.910000E+37	-4.751700E-3	-2.085569E+43	2.110756E+44	4.695000E-4	9.910000E+37	5.000000E-1	0.000000E+0	1.000000E-1	1.100000E+1	1.000000E-1	1.100000E+1	1.000000E+0	8.800000E+1
4.324914E+0	-8.800000E+3	-8.800700E+0	-4.759500E-3	1.849081E+6	2.151743E+6	4.646000E-4	9.997000E-1	9.910000E+37	-4.759500E-3	-2.082151E+43	2.133018E+44	4.646000E-4	9.910000E+37	5.000000E-1	0.000000E+0	1.000000E-1	1.100000E+1	1.000000E-1	1.100000E+1	1.000000E+0	8.900000E+1
4.372650E+0	-8.900000E+3	-8.899100E+0	-4.771500E-3	1.865053E+6	2.202203E+6	4.540000E-4	9.998000E-1	9.910000E+37	-4.771500E-3	-2.076915E+43	2.182819E+44	4.540000E-4	9.910000E+37	5.000000E-1	0.000000E+0	1.000000E-1	1.100000E+1	1.000000E-1	1.100000E+1	1.000000E+0	9.000000E+1
4.420320E+0	-9.000000E+3	-8.999800E+0	-4.757400E-3	1.891748E+6	2.205603E+6	4.533000E-4	9.998000E-1	9.910000E+37	-4.757400E-3	-2.083071E+43	2.186190E+44	4.533000E-4	9.910000E+37	5.000000E-1	0.000000E+0	1.000000E-1	1.100000E+1	1.000000E-1	1.100000E+1	1.000000E+0	9.100000E+1
4.467956E+0	-9.100000E+3	-9.100700E+0	-4.773000E-3	1.906704E+6	2.225017E+6	4.493000E-4	9.997000E-1	9.910000E+37	-4.773000E-3	-2.076262E+43	2.205653E+44	4.493000E-4	9.910000E+37	5.000000E-1	0.000000E+0	1.000000E-1	1.100000E+1	1.000000E-1	1.100000E+1	1.000000E+0	9.200000E+1
4.515692E+0	-9.200000E+3	-9.200600E+0	-4.787700E-3	1.921716E+6	2.262670E+6	4.420000E-4	1.000100E+0	9.910000E+37	-4.787700E-3	-2.069887E+43	2.242081E+44	4.420000E-4	9.910000E+37	5.000000E-1	0.000000E+0	1.000000E-1	1.100000E+1	1.000000E-1	1.100000E+1	1.000000E+0	9.300000E+1
4.563444E+0	-9.300000E+3	-9.300200E+0	-4.793700E-3	1.940088E+6	2.287543E+6	4.375000E-4	1.000800E+0	9.910000E+37	-4.793700E-3	-2.067297E+43	2.265143E+44	4.375000E-4	9.910000E+37	5.000000E-1	0.000000E+0	1.000000E-1	1.100000E+1	1.000000E-1	1.100000E+1	1.000000E+0	9.400000E+1
4.611164E+0	-9.400000E+3	-9.398600E+0	-4.797200E-3	1.959185E+6	2.307710E+6	4.332000E-4	9.997000E-1	9.910000E+37	-4.797200E-3	-2.065788E+43	2.287627E+44	4.332000E-4	9.910000E+37	5.000000E-1	0.000000E+0	1.000000E-1	1.100000E+1	1.000000E-1	1.100000E+1	1.000000E+0	9.500000E+1
4.658933E+0	-9.500000E+3	-9.499000E+0	-4.805300E-3	1.976776E+6	2.301865E+6	4.343000E-4	9.997000E-1	9.910000E+37	-4.805300E-3	-2.062306E+43	2.281833E+44	4.343000E-4	9.910000E+37	5.000000E-1	0.000000E+0	1.000000E-1	1.100000E+1	1.000000E-1	1.100000E+1	1.000000E+0	9.600000E+1
4.706986E+0	-9.600000E+3	-9.600500E+0	-4.830400E-3	1.987517E+6	2.294469E+6	4.357000E-4	9.997000E-1	9.910000E+37	-4.830400E-3	-2.051590E+43	2.274501E+44	4.357000E-4	9.910000E+37	5.000000E-1	0.000000E+0	1.000000E-1	1.100000E+1	1.000000E-1	1.100000E+1	1.000000E+0	9.700000E+1
4.754689E+0	-9.700000E+3	-9.700400E+0	-4.848600E-3	2.000660E+6	2.317582E+6	4.317000E-4	1.000500E+0	9.910000E+37	-4.848600E-3	-2.043889E+43	2.295576E+44	4.317000E-4	9.910000E+37	5.000000E-1	0.000000E+0	1.000000E-1	1.100000E+1	1.000000E-1	1.100000E+1	1.000000E+0	9.800000E+1
4.802375E+0	-9.800000E+3	-9.800300E+0	-4.860400E-3	2.016357E+6	2.369818E+6	4.221000E-4	1.000300E+0	9.910000E+37	-4.860400E-3	-2.038927E+43	2.347785E+44	4.221000E-4	9.910000E+37	5.000000E-1	0.000000E+0	1.000000E-1	1.100000E+1	1.000000E-1	1.100000E+1	1.000000E+0	9.900000E+1
4.850177E+0	-9.900000E+3	-9.899200E+0	-4.866900E-3	2.033985E+6	2.446429E+6	4.088000E-4	1.000100E+0	9.910000E+37	-4.866900E-3	-2.036204E+43	2.424168E+44	4.088000E-4	9.910000E+37	5.000000E-1	0.000000E+0	1.000000E-1	1.100000E+1	1.000000E-1	1.100000E+1	1.000000E+0	1.000000E+2
4.897880E+0	-1.000000E+4	-1.000000E+1	-4.878100E-3	2.049978E+6	2.489781E+6	4.012000E-4	9.989000E-1	9.910000E+37	-4.878100E-3	-2.031529E+43	2.470090E+44	4.012000E-4	9.910000E+37	5.000000E-1	0.000000E+0	1.000000E-1	1.100000E+1	1.000000E-1	1.100000E+1	1.000000E+0	1.010000E+2
4.946266E+0	-1.000000E+4	-9.998800E+0	-4.830700E-3	2.069845E+6	2.454925E+6	4.071000E-4	9.994000E-1	9.910000E+37	-4.830700E-3	-2.051463E+43	2.434291E+44	4.071000E-4	9.910000E+37	5.000000E-1	0.000000E+0	1.000000E-1	1.100000E+1	1.000000E-1	1.100000E+1	1.000000E+0	1.020000E+2
4.994102E+0	-9.900000E+3	-9.899600E+0	-4.735900E-3	2.090331E+6	2.425455E+6	4.125000E-4	1.000500E+0	9.910000E+37	-4.735900E-3	-2.092527E+43	2.402424E+44	4.125000E-4	9.910000E+37	5.000000E-1	0.000000E+0	1.000000E-1	1.100000E+1	1.000000E-1	1.100000E+1	1.000000E+0	1.030000E+2
5.041955E+0	-9.800000E+3	-9.800400E+0	-4.657100E-3	2.104400E+6	2.421856E+6	4.127000E-4	9.995000E-1	9.910000E+37	-4.657100E-3	-2.127934E+43	2.401260E+44	4.127000E-4	9.910000E+37	5.000000E-1	0.000000E+0	1.000000E-1	1.100000E+1	1.000000E-1	1.100000E+1	1.000000E+0	1.040000E+2
5.089691E+0	-9.000000E+3	-9.000300E+0	-4.222700E-3	2.131409E+6	2.483358E+6	4.026000E-4	9.998000E-1	9.910000E+37	-4.222700E-3	-2.346840E+43	2.461500E+44	4.026000E-4	9.910000E+37	5.000000E-1	0.000000E+0	1.000000E-1	1.100000E+1	1.000000E-1	1.100000E+1	1.000000E+0	1.050000E+2
5.137344E+0	-8.200000E+3	-8.199800E+0	-3.814100E-3	2.149865E+6	2.418723E+6	4.134000E-4	9.999000E-1	9.910000E+37	-3.814100E-3	-2.598254E+43	2.397194E+44	4.134000E-4	9.910000E+37	5.000000E-1	0.000000E+0	1.000000E-1	1.100000E+1	1.000000E-1	1.100000E+1	1.000000E+0	1.060000E+2
5.185147E+0	-7.400000E+3	-7.399000E+0	-3.430300E-3	2.156954E+6	2.464876E+6	4.057000E-4	1.000000E+0	9.910000E+37	-3.430300E-3	-2.888960E+43	2.442692E+44	4.057000E-4	9.910000E+37	5.000000E-1	0.000000E+0	1.000000E-1	1.100000E+1	1.000000E-1	1.100000E+1	1.000000E+0	1.070000E+2
5.232849E+0	-6.600000E+3	-6.601200E+0	-3.062400E-3	2.155564E+6	2.488922E+6	4.017000E-4	9.998000E-1	9.910000E+37	-3.062400E-3	-3.236024E+43	2.467015E+44	4.017000E-4	9.910000E+37	5.000000E-1	0.000000E+0	1.000000E-1	1.100000E+1	1.000000E-1	1.100000E+1	1.000000E+0	1.080000E+2
5.280635E+0	-5.800000E+3	-5.800000E+0	-2.668400E-3	2.173587E+6	2.391346E+6	4.183000E-4	1.000300E+0	9.910000E+37	-2.668400E-3	-3.713836E+43	2.369113E+44	4.183000E-4	9.910000E+37	5.000000E-1	0.000000E+0	1.000000E-1	1.100000E+1	1.000000E-1	1.100000E+1	1.000000E+0	1.090000E+2
5.328488E+0	-5.000000E+3	-4.999700E+0	-2.299800E-3	2.173972E+6	2.401681E+6	4.165000E-4	1.000300E+0	9.910000E+37	-2.299800E-3	-4.309070E+43	2.379352E+44	4.165000E-4	9.910000E+37	5.000000E-1	0.000000E+0	1.000000E-1	1.100000E+1	1.000000E-1	1.100000E+1	1.000000E+0	1.100000E+2
5.376241E+0	-4.200000E+3	-4.199700E+0	-1.919600E-3	2.187800E+6	2.414393E+6	4.141000E-4	9.998000E-1	9.910000E+37	-1.919600E-3	-5.162534E+43	2.393142E+44	4.141000E-4	9.910000E+37	5.000000E-1	0.000000E+0	1.000000E-1	1.100000E+1	1.000000E-1	1.100000E+1	1.000000E+0	1.110000E+2
5.423977E+0	-3.400000E+3	-3.399900E+0	-1.539700E-3	2.208157E+6	2.275831E+6	4.394000E-4	1.000000E+0	9.910000E+37	-1.539700E-3	-6.436319E+43	2.255348E+44	4.394000E-4	9.910000E+37	5.000000E-1	0.000000E+0	1.000000E-1	1.100000E+1	1.000000E-1	1.100000E+1	1.000000E+0	1.120000E+2
5.471713E+0	-2.600000E+3	-2.599900E+0	-1.173000E-3	2.216454E+6	2.333100E+6	4.284000E-4	9.995000E-1	9.910000E+37	-1.173000E-3	-8.448423E+43	2.313259E+44	4.284000E-4	9.910000E+37	5.000000E-1	0.000000E+0	1.000000E-1	1.100000E+1	1.000000E-1	1.100000E+1	1.000000E+0	1.130000E+2
5.519432E+0	-1.800000E+3	-1.801000E+0	-8.180000E-4	2.201711E+6	2.232553E+6	4.485000E-4	1.001300E+0	9.910000E+37	-8.180000E-4	-1.211491E+44	2.209588E+44	4.485000E-4	9.910000E+37	5.000000E-1	0.000000E+0	1.000000E-1	1.100000E+1	1.000000E-1	1.100000E+1	1.000000E+0	1.140000E+2
5.567252E+0	-1.000000E+3	-1.000700E+0	-4.630000E-4	2.161339E+6	2.295914E+6	4.356000E-4	1.000100E+0	9.910000E+37	-4.630000E-4	-2.140389E+44	2.275023E+44	4.356000E-4	9.910000E+37	5.000000E-1	0.000000E+0	1.000000E-1	1.100000E+1	1.000000E-1	1.100000E+1	1.000000E+0	1.150000E+2
5.615221E+0	-1.000000E+3	-9.992000E-1	-4.518000E-4	2.211598E+6	2.288655E+6	4.372000E-4	1.000600E+0	9.910000E+37	-4.518000E-4	-2.193448E+44	2.266697E+44	4.372000E-4	9.910000E+37	5.000000E-1	0.000000E+0	1.000000E-1	1.100000E+1	1.000000E-1	1.100000E+1	1.000000E+0	1.160000E+2
5.663424E+0	-1.000000E+3	-1.000100E+0	-4.516000E-4	2.214570E+6	2.293361E+6	4.353000E-4	9.983000E-1	9.910000E+37	-4.516000E-4	-2.194420E+44	2.276591E+44	4.353000E-4	9.910000E+37	5.000000E-1	0.000000E+0	1.000000E-1	1.100000E+1	1.000000E-1	1.100000E+1	1.000000E+0	1.170000E+2
5.711177E+0	-1.000000E+3	-1.001000E+0	-4.738000E-4	2.112706E+6	2.270810E+6	4.409000E-4	1.001200E+0	9.910000E+37	-4.738000E-4	-2.091600E+44	2.247675E+44	4.409000E-4	9.910000E+37	5.000000E-1	0.000000E+0	1.000000E-1	1.100000E+1	1.000000E-1	1.100000E+1	1.000000E+0	1.180000E+2
5.758863E+0	-1.000000E+3	-1.000400E+0	-4.728000E-4	2.115905E+6	2.254279E+6	4.440000E-4	1.000900E+0	9.910000E+37	-4.728000E-4	-2.096024E+44	2.231982E+44	4.440000E-4	9.910000E+37	5.000000E-1	0.000000E+0	1.000000E-1	1.100000E+1	1.000000E-1	1.100000E+1	1.000000E+0	1.190000E+2
5.806599E+0	-1.000000E+3	-9.992000E-1	-4.613000E-4	2.166052E+6	2.278031E+6	4.388000E-4	9.996000E-1	9.910000E+37	-4.613000E-4	-2.148277E+44	2.258432E+44	4.388000E-4	9.910000E+37	5.000000E-1	0.000000E+0	1.000000E-1	1.100000E+1	1.000000E-1	1.100000E+1	1.000000E+0	1.200000E+2
5.854318E+0	-1.000000E+3	-9.994000E-1	-4.625000E-4	2.160865E+6	2.180649E+6	4.589000E-4	1.000700E+0	9.910000E+37	-4.625000E-4	-2.142703E+44	2.159512E+44	4.589000E-4	9.910000E+37	5.000000E-1	0.000000E+0	1.000000E-1	1.100000E+1	1.000000E-1	1.100000E+1	1.000000E+0	1.210000E+2
5.901938E+0	-1.000000E+3	-1.000900E+0	-4.694000E-4	2.132297E+6	2.202245E+6	4.544000E-4	1.000700E+0	9.910000E+37	-4.694000E-4	-2.111206E+44	2.180898E+44	4.544000E-4	9.910000E+37	5.000000E-1	0.000000E+0	1.000000E-1	1.100000E+1	1.000000E-1	1.100000E+1	1.000000E+0	1.220000E+2
5.949690E+0	-1.000000E+3	-9.995000E-1	-4.615000E-4	2.165764E+6	2.193025E+6	4.559000E-4	9.998000E-1	9.910000E+37	-4.615000E-4	-2.147346E+44	2.173722E+44	4.559000E-4	9.910000E+37	5.000000E-1	0.000000E+0	1.000000E-1	1.100000E+1	1.000000E-1	1.100000E+1	1.000000E+0	1.230000E+2
5.997260E+0	-1.000000E+3	-9.999000E-1	-4.678000E-4	2.137452E+6	2.231387E+6	4.486000E-4	1.001000E+0	9.910000E+37	-4.678000E-4	-2.118427E+44	2.209095E+44	4.486000E-4	9.910000E+37	5.000000E-1	0.000000E+0	1.000000E-1	1.100000E+1	1.000000E-1	1.100000E+1	1.000000E+0	1.240000E+2
6.045029E+0	-1.000000E+3	-1.000400E+0	-4.695000E-4	2.130777E+6	2.207247E+6	4.526000E-4	9.990000E-1	9.910000E+37	-4.695000E-4	-2.110756E+44	2.189571E+44	4.526000E-4	9.910000E+37	5.000000E-1	0.000000E+0	1.000000E-1	1.100000E+1	1.000000E-1	1.100000E+1	1.000000E+0	1.250000E+2
6.092748E+0	-1.000000E+3	-9.996000E-1	-4.683000E-4	2.134529E+6	2.170933E+6	4.610000E-4	1.000800E+0	9.910000E+37	-4.683000E-4	-2.116165E+44	2.149675E+44	4.610000E-4	9.910000E+37	5.000000E-1	0.000000E+0	1.000000E-1	1.100000E+1	1.000000E-1	1.100000E+1	1.000000E+0	1.260000E+2
6.140451E+0	-1.000000E+3	-9.998000E-1	-4.708000E-4	2.123619E+6	2.180331E+6	4.586000E-4	9.999000E-1	9.910000E+37	-4.708000E-4	-2.104928E+44	2.160925E+44	4.586000E-4	9.910000E+37	5.000000E-1	0.000000E+0	1.000000E-1	1.100000E+1	1.000000E-1	1.100000E+1	1.000000E+0	1.270000E+2
6.188221E+0	-1.000000E+3	-1.000800E+0	-4.823000E-4	2.075057E+6	2.213685E+6	4.516000E-4	9.997000E-1	9.910000E+37	-4.823000E-4	-2.054738E+44	2.194420E+44	4.516000E-4	9.910000E+37	5.000000E-1	0.000000E+0	1.000000E-1	1.100000E+1	1.000000E-1	1.100000E+1	1.000000E+0	1.280000E+2
6.236240E+0	-1.000000E+3	-9.994000E-1	-4.876000E-4	2.049631E+6	2.184821E+6	4.572000E-4	9.989000E-1	9.910000E+37	-4.876000E-4	-2.032404E+44	2.167542E+44	4.572000E-4	9.910000E+37	5.000000E-1	0.000000E+0	1.000000E-1	1.100000E+1	1.000000E-1	1.100000E+1	1.000000E+0	1.290000E+2
6.283859E+0	-1.000000E+3	-1.000300E+0	-4.854000E-4	2.060775E+6	2.164250E+6	4.621000E-4	1.000100E+0	9.910000E+37	-4.854000E-4	-2.041615E+44	2.144557E+44	4.621000E-4	9.910000E+37	5.000000E-1	0.000000E+0	1.000000E-1	1.100000E+1	1.000000E-1	1.100000E+1	1.000000E+0	1.300000E+2
6.331462E+0	-1.000000E+3	-1.000700E+0	-4.823000E-4	2.074850E+6	2.096085E+6	4.777000E-4	1.001300E+0	9.910000E+37	-4.823000E-4	-2.054738E+44	2.074524E+44	4.777000E-4	9.910000E+37	5.000000E-1	0.000000E+0	1.000000E-1	1.100000E+1	1.000000E-1	1.100000E+1	1.000000E+0	1.310000E+2
6.379165E+0	-1.000000E+3	-1.000200E+0	-4.812000E-4	2.078554E+6	2.127284E+6	4.706000E-4	1.001100E+0	9.910000E+37	-4.812000E-4	-2.059435E+44	2.105822E+44	4.706000E-4	9.910000E+37	5.000000E-1	0.000000E+0	1.000000E-1	1.100000E+1	1.000000E-1	1.100000E+1	1.000000E+0	1.320000E+2
6.426868E+0	-1.000000E+3	-9.981000E-1	-4.803000E-4	2.078076E+6	2.179280E+6	4.585000E-4	9.992000E-1	9.910000E+37	-4.803000E-4	-2.063294E+44	2.161396E+44	4.585000E-4	9.910000E+37	5.000000E-1	0.000000E+0	1.000000E-1	1.100000E+1	1.000000E-1	1.100000E+1	1.000000E+0	1.330000E+2
6.474554E+0	-1.000000E+3	-1.000800E+0	-4.815000E-4	2.078505E+6	2.107579E+6	4.750000E-4	1.001100E+0	9.910000E+37	-4.815000E-4	-2.058152E+44	2.086316E+44	4.750000E-4	9.910000E+37	5.000000E-1	0.000000E+0	1.000000E-1	1.100000E+1	1.000000E-1	1.100000E+1	1.000000E+0	1.340000E+2
6.522406E+0	-1.000000E+3	-9.999000E-1	-4.853000E-4	2.060375E+6	2.193159E+6	4.561000E-4	1.000300E+0	9.910000E+37	-4.853000E-4	-2.042036E+44	2.172769E+44	4.561000E-4	9.910000E+37	5.000000E-1	0.000000E+0	1.000000E-1	1.100000E+1	1.000000E-1	1.100000E+1	1.000000E+0	1.350000E+2
6.570076E+0	-1.000000E+3	-1.001300E+0	-4.892000E-4	2.046811E+6	2.113953E+6	4.730000E-4	9.999000E-1	9.910000E+37	-4.892000E-4	-2.025756E+44	2.095137E+44	4.730000E-4	9.910000E+37	5.000000E-1	0.000000E+0	1.000000E-1	1.100000E+1	1.000000E-1	1.100000E+1	1.000000E+0	1.360000E+2
6.617929E+0	-1.000000E+3	-1.000200E+0	-4.874000E-4	2.052113E+6	2.136296E+6	4.681000E-4	1.000000E+0	9.910000E+37	-4.874000E-4	-2.033238E+44	2.117069E+44	4.681000E-4	9.910000E+37	5.000000E-1	0.000000E+0	1.000000E-1	1.100000E+1	1.000000E-1	1.100000E+1	1.000000E+0	1.370000E+2
6.665731E+0	-1.000000E+3	-9.998000E-1	-4.958000E-4	2.016539E+6	2.129101E+6	4.694000E-4	9.994000E-1	9.910000E+37	-4.958000E-4	-1.998790E+44	2.111206E+44	4.694000E-4	9.910000E+37	5.000000E-1	0.000000E+0	1.000000E-1	1.100000E+1	1.000000E-1	1.100000E+1	1.000000E+0	1.380000E+2
6.713467E+0	-1.000000E+3	-9.995000E-1	-4.895000E-4	2.041879E+6	2.110736E+6	4.741000E-4	1.000700E+0	9.910000E+37	-4.895000E-4	-2.024515E+44	2.090276E+44	4.741000E-4	9.910000E+37	5.000000E-1	0.000000E+0	1.000000E-1	1.100000E+1	1.000000E-1	1.100000E+1	1.000000E+0	1.390000E+2
6.761037E+0	-1.000000E+3	-1.001100E+0	-5.045000E-4	1.984341E+6	2.161730E+6	4.625000E-4	9.998000E-1	9.910000E+37	-5.045000E-4	-1.964321E+44	2.142703E+44	4.625000E-4	9.910000E+37	5.000000E-1	0.000000E+0	1.000000E-1	1.100000E+1	1.000000E-1	1.100000E+1	1.000000E+0	1.400000E+2
6.808723E+0	-1.000000E+3	-9.994000E-1	-4.915000E-4	2.033367E+6	2.110103E+6	4.741000E-4	1.000400E+0	9.910000E+37	-4.915000E-4	-2.016277E+44	2.090276E+44	4.741000E-4	9.910000E+37	5.000000E-1	0.000000E+0	1.000000E-1	1.100000E+1	1.000000E-1	1.100000E+1	1.000000E+0	1.410000E+2
6.856442E+0	-1.000000E+3	-1.000800E+0	-5.096000E-4	1.963893E+6	2.161402E+6	4.622000E-4	9.990000E-1	9.910000E+37	-5.096000E-4	-1.944662E+44	2.144093E+44	4.622000E-4	9.910000E+37	5.000000E-1	0.000000E+0	1.000000E-1	1.100000E+1	1.000000E-1	1.100000E+1	1.000000E+0	1.420000E+2
6.904112E+0	-1.000000E+3	-9.994000E-1	-4.981000E-4	2.006424E+6	2.135228E+6	4.681000E-4	9.995000E-1	9.910000E+37	-4.981000E-4	-1.989560E+44	2.117069E+44	4.681000E-4	9.910000E+37	5.000000E-1	0.000000E+0	1.000000E-1	1.100000E+1	1.000000E-1	1.100000E+1	1.000000E+0	1.430000E+2
6.951931E+0	-1.000000E+3	-9.990000E-1	-4.904000E-4	2.037113E+6	2.117087E+6	4.723000E-4	9.999000E-1	9.910000E+37	-4.904000E-4	-2.020799E+44	2.098243E+44	4.723000E-4	9.910000E+37	5.000000E-1	0.000000E+0	1.000000E-1	1.100000E+1	1.000000E-1	1.100000E+1	1.000000E+0	1.440000E+2
6.999617E+0	-1.000000E+3	-1.001100E+0	-5.050000E-4	1.982376E+6	2.090453E+6	4.787000E-4	1.000700E+0	9.910000E+37	-5.050000E-4	-1.962376E+44	2.070190E+44	4.787000E-4	9.910000E+37	5.000000E-1	0.000000E+0	1.000000E-1	1.100000E+1	1.000000E-1	1.100000E+1	1.000000E+0	1.450000E+2
7.047353E+0	-1.000000E+3	-9.997000E-1	-4.920000E-4	2.031911E+6	2.055247E+6	4.869000E-4	1.000700E+0	9.910000E+37	-4.920000E-4	-2.014228E+44	2.035326E+44	4.869000E-4	9.910000E+37	5.000000E-1	0.000000E+0	1.000000E-1	1.100000E+1	1.000000E-1	1.100000E+1	1.000000E+0	1.460000E+2
7.095022E+0	-1.000000E+3	-1.000000E+0	-4.935000E-4	2.026342E+6	2.027339E+6	4.938000E-4	1.001100E+0	9.910000E+37	-4.935000E-4	-2.008105E+44	2.006885E+44	4.938000E-4	9.910000E+37	5.000000E-1	0.000000E+0	1.000000E-1	1.100000E+1	1.000000E-1	1.100000E+1	1.000000E+0	1.470000E+2
7.143109E+0	-1.000000E+3	-9.996000E-1	-4.979000E-4	2.007632E+6	2.075726E+6	4.820000E-4	1.000500E+0	9.910000E+37	-4.979000E-4	-1.990360E+44	2.056017E+44	4.820000E-4	9.910000E+37	5.000000E-1	0.000000E+0	1.000000E-1	1.100000E+1	1.000000E-1	1.100000E+1	1.000000E+0	1.480000E+2
7.190811E+0	-1.000000E+3	-1.000000E+0	-5.092000E-4	1.963865E+6	2.105352E+6	4.746000E-4	9.992000E-1	9.910000E+37	-5.092000E-4	-1.946190E+44	2.088074E+44	4.746000E-4	9.910000E+37	5.000000E-1	0.000000E+0	1.000000E-1	1.100000E+1	1.000000E-1	1.100000E+1	1.000000E+0	1.490000E+2
7.238514E+0	-1.000000E+3	-1.000100E+0	-4.992000E-4	2.003405E+6	2.095437E+6	4.778000E-4	1.001200E+0	9.910000E+37	-4.992000E-4	-1.985176E+44	2.074090E+44	4.778000E-4	9.910000E+37	5.000000E-1	0.000000E+0	1.000000E-1	1.100000E+1	1.000000E-1	1.100000E+1	1.000000E+0	1.500000E+2
7.286250E+0	-1.000000E+3	-9.994000E-1	-5.091000E-4	1.963072E+6	2.074228E+6	4.823000E-4	1.000400E+0	9.910000E+37	-5.091000E-4	-1.946572E+44	2.054738E+44	4.823000E-4	9.910000E+37	5.000000E-1	0.000000E+0	1.000000E-1	1.100000E+1	1.000000E-1	1.100000E+1	1.000000E+0	1.510000E+2
7.334019E+0	-1.000000E+3	-1.000100E+0	-5.059000E-4	1.976873E+6	2.084689E+6	4.794000E-4	9.994000E-1	9.910000E+37	-5.059000E-4	-1.958885E+44	2.067167E+44	4.794000E-4	9.910000E+37	5.000000E-1	0.000000E+0	1.000000E-1	1.100000E+1	1.000000E-1	1.100000E+1	1.000000E+0	1.520000E+2
7.381989E+0	-1.000000E+3	-1.000000E+0	-5.103000E-4	1.959632E+6	2.072317E+6	4.826000E-4	1.000100E+0	9.910000E+37	-5.103000E-4	-1.941995E+44	2.053460E+44	4.826000E-4	9.910000E+37	5.000000E-1	0.000000E+0	1.000000E-1	1.100000E+1	1.000000E-1	1.100000E+1	1.000000E+0	1.530000E+2
7.429642E+0	-1.000000E+3	-9.998000E-1	-5.014000E-4	1.994017E+6	2.114969E+6	4.723000E-4	9.989000E-1	9.910000E+37	-5.014000E-4	-1.976466E+44	2.098243E+44	4.723000E-4	9.910000E+37	5.000000E-1	0.000000E+0	1.000000E-1	1.100000E+1	1.000000E-1	1.100000E+1	1.000000E+0	1.540000E+2
7.477228E+0	-1.000000E+3	-9.999000E-1	-5.138000E-4	1.946088E+6	2.067576E+6	4.839000E-4	1.000500E+0	9.910000E+37	-5.138000E-4	-1.928766E+44	2.047944E+44	4.839000E-4	9.910000E+37	5.000000E-1	0.000000E+0	1.000000E-1	1.100000E+1	1.000000E-1	1.100000E+1	1.000000E+0	1.550000E+2
7.525064E+0	-1.000000E+3	-9.992000E-1	-4.960000E-4	2.014516E+6	2.015307E+6	4.965000E-4	1.000600E+0	9.910000E+37	-4.960000E-4	-1.997984E+44	1.995972E+44	4.965000E-4	9.910000E+37	5.000000E-1	0.000000E+0	1.000000E-1	1.100000E+1	1.000000E-1	1.100000E+1	1.000000E+0	1.560000E+2
7.572650E+0	-1.000000E+3	-1.000300E+0	-5.052000E-4	1.980008E+6	2.068102E+6	4.831000E-4	9.991000E-1	9.910000E+37	-5.052000E-4	-1.961599E+44	2.051335E+44	4.831000E-4	9.910000E+37	5.000000E-1	0.000000E+0	1.000000E-1	1.100000E+1	1.000000E-1	1.100000E+1	1.000000E+0	1.570000E+2
7.620269E+0	-1.000000E+3	-1.000300E+0	-5.086000E-4	1.966772E+6	2.051682E+6	4.876000E-4	1.000400E+0	9.910000E+37	-5.086000E-4	-1.948486E+44	2.032404E+44	4.876000E-4	9.910000E+37	5.000000E-1	0.000000E+0	1.000000E-1	1.100000E+1	1.000000E-1	1.100000E+1	1.000000E+0	1.580000E+2
7.668055E+0	-1.000000E+3	-1.000200E+0	-5.097000E-4	1.962331E+6	2.054437E+6	4.868000E-4	1.000100E+0	9.910000E+37	-5.097000E-4	-1.944281E+44	2.035744E+44	4.868000E-4	9.910000E+37	5.000000E-1	0.000000E+0	1.000000E-1	1.100000E+1	1.000000E-1	1.100000E+1	1.000000E+0	1.590000E+2
7.715708E+0	-1.000000E+3	-1.000500E+0	-5.050000E-4	1.981188E+6	2.035206E+6	4.914000E-4	1.000100E+0	9.910000E+37	-5.050000E-4	-1.962376E+44	2.016687E+44	4.914000E-4	9.910000E+37	5.000000E-1	0.000000E+0	1.000000E-1	1.100000E+1	1.000000E-1	1.100000E+1	1.000000E+0	1.600000E+2
7.763444E+0	-1.000000E+3	-1.000300E+0	-5.153000E-4	1.941199E+6	2.024494E+6	4.940000E-4	1.000100E+0	9.910000E+37	-5.153000E-4	-1.923152E+44	2.006073E+44	4.940000E-4	9.910000E+37	5.000000E-1	0.000000E+0	1.000000E-1	1.100000E+1	1.000000E-1	1.100000E+1	1.000000E+0	1.610000E+2
7.811080E+0	-1.000000E+3	-1.001800E+0	-5.124000E-4	1.955113E+6	2.046469E+6	4.885000E-4	9.997000E-1	9.910000E+37	-5.124000E-4	-1.934036E+44	2.028659E+44	4.885000E-4	9.910000E+37	5.000000E-1	0.000000E+0	1.000000E-1	1.100000E+1	1.000000E-1	1.100000E+1	1.000000E+0	1.620000E+2
7.858699E+0	-1.000000E+3	-1.001000E+0	-5.124000E-4	1.953552E+6	2.030414E+6	4.932000E-4	1.001400E+0	9.910000E+37	-5.124000E-4	-1.934036E+44	2.009327E+44	4.932000E-4	9.910000E+37	5.000000E-1	0.000000E+0	1.000000E-1	1.100000E+1	1.000000E-1	1.100000E+1	1.000000E+0	1.630000E+2
7.906386E+0	-1.000000E+3	-9.996000E-1	-5.107000E-4	1.957313E+6	2.074320E+6	4.817000E-4	9.992000E-1	9.910000E+37	-5.107000E-4	-1.940474E+44	2.057297E+44	4.817000E-4	9.910000E+37	5.000000E-1	0.000000E+0	1.000000E-1	1.100000E+1	1.000000E-1	1.100000E+1	1.000000E+0	1.640000E+2
7.954205E+0	-1.000000E+3	-9.996000E-1	-5.054000E-4	1.977839E+6	2.004813E+6	4.987000E-4	9.998000E-1	9.910000E+37	-5.054000E-4	-1.960823E+44	1.987167E+44	4.987000E-4	9.910000E+37	5.000000E-1	0.000000E+0	1.000000E-1	1.100000E+1	1.000000E-1	1.100000E+1	1.000000E+0	1.650000E+2
8.001774E+0	-1.000000E+3	-9.988000E-1	-5.083000E-4	1.964981E+6	2.073176E+6	4.824000E-4	1.000100E+0	9.910000E+37	-5.083000E-4	-1.949636E+44	2.054312E+44	4.824000E-4	9.910000E+37	5.000000E-1	0.000000E+0	1.000000E-1	1.100000E+1	1.000000E-1	1.100000E+1	1.000000E+0	1.660000E+2
8.049360E+0	-1.000000E+3	-1.000600E+0	-5.230000E-4	1.913193E+6	2.062307E+6	4.847000E-4	9.996000E-1	9.910000E+37	-5.230000E-4	-1.894837E+44	2.044564E+44	4.847000E-4	9.910000E+37	5.000000E-1	0.000000E+0	1.000000E-1	1.100000E+1	1.000000E-1	1.100000E+1	1.000000E+0	1.670000E+2
8.097013E+0	-1.000000E+3	-1.000400E+0	-5.247000E-4	1.906613E+6	2.069508E+6	4.834000E-4	1.000400E+0	9.910000E+37	-5.247000E-4	-1.888698E+44	2.050062E+44	4.834000E-4	9.910000E+37	5.000000E-1	0.000000E+0	1.000000E-1	1.100000E+1	1.000000E-1	1.100000E+1	1.000000E+0	1.680000E+2
8.144683E+0	-1.000000E+3	-1.000100E+0	-5.137000E-4	1.946856E+6	2.102650E+6	4.754000E-4	9.996000E-1	9.910000E+37	-5.137000E-4	-1.929142E+44	2.084560E+44	4.754000E-4	9.910000E+37	5.000000E-1	0.000000E+0	1.000000E-1	1.100000E+1	1.000000E-1	1.100000E+1	1.000000E+0	1.690000E+2
8.192352E+0	-1.000000E+3	-1.000200E+0	-5.154000E-4	1.940629E+6	2.055316E+6	4.863000E-4	9.995000E-1	9.910000E+37	-5.154000E-4	-1.922778E+44	2.037837E+44	4.863000E-4	9.910000E+37	5.000000E-1	0.000000E+0	1.000000E-1	1.100000E+1	1.000000E-1	1.100000E+1	1.000000E+0	1.700000E+2
8.240138E+0	-1.000000E+3	-1.000700E+0	-5.284000E-4	1.893830E+6	2.095138E+6	4.772000E-4	9.998000E-1	9.910000E+37	-5.284000E-4	-1.875473E+44	2.076697E+44	4.772000E-4	9.910000E+37	5.000000E-1	0.000000E+0	1.000000E-1	1.100000E+1	1.000000E-1	1.100000E+1	1.000000E+0	1.710000E+2
8.287841E+0	-1.000000E+3	-9.995000E-1	-5.117000E-4	1.953293E+6	2.069094E+6	4.834000E-4	1.000200E+0	9.910000E+37	-5.117000E-4	-1.936682E+44	2.050062E+44	4.834000E-4	9.910000E+37	5.000000E-1	0.000000E+0	1.000000E-1	1.100000E+1	1.000000E-1	1.100000E+1	1.000000E+0	1.720000E+2
8.335493E+0	-1.000000E+3	-1.000600E+0	-5.296000E-4	1.889350E+6	2.034574E+6	4.917000E-4	1.000400E+0	9.910000E+37	-5.296000E-4	-1.871224E+44	2.015457E+44	4.917000E-4	9.910000E+37	5.000000E-1	0.000000E+0	1.000000E-1	1.100000E+1	1.000000E-1	1.100000E+1	1.000000E+0	1.730000E+2
8.383380E+0	-1.000000E+3	-9.997000E-1	-5.131000E-4	1.948353E+6	2.022456E+6	4.943000E-4	9.997000E-1	9.910000E+37	-5.131000E-4	-1.931397E+44	2.004855E+44	4.943000E-4	9.910000E+37	5.000000E-1	0.000000E+0	1.000000E-1	1.100000E+1	1.000000E-1	1.100000E+1	1.000000E+0	1.740000E+2
8.431082E+0	-1.000000E+3	-1.000400E+0	-5.121000E-4	1.953525E+6	1.990444E+6	5.023000E-4	9.998000E-1	9.910000E+37	-5.121000E-4	-1.935169E+44	1.972925E+44	5.023000E-4	9.910000E+37	5.000000E-1	0.000000E+0	1.000000E-1	1.100000E+1	1.000000E-1	1.100000E+1	1.000000E+0	1.750000E+2
8.478935E+0	-1.000000E+3	-1.000500E+0	-5.199000E-4	1.924409E+6	2.037467E+6	4.911000E-4	1.000600E+0	9.910000E+37	-5.199000E-4	-1.906136E+44	2.017919E+44	4.911000E-4	9.910000E+37	5.000000E-1	0.000000E+0	1.000000E-1	1.100000E+1	1.000000E-1	1.100000E+1	1.000000E+0	1.760000E+2
8.526804E+0	-1.000000E+3	-1.000700E+0	-5.246000E-4	1.907549E+6	1.994221E+6	5.018000E-4	1.000700E+0	9.910000E+37	-5.246000E-4	-1.889058E+44	1.974890E+44	5.018000E-4	9.910000E+37	5.000000E-1	0.000000E+0	1.000000E-1	1.100000E+1	1.000000E-1	1.100000E+1	1.000000E+0	1.770000E+2
8.574340E+0	-1.000000E+3	-9.999000E-1	-5.168000E-4	1.934791E+6	2.050226E+6	4.878000E-4	1.000100E+0	9.910000E+37	-5.168000E-4	-1.917570E+44	2.031570E+44	4.878000E-4	9.910000E+37	5.000000E-1	0.000000E+0	1.000000E-1	1.100000E+1	1.000000E-1	1.100000E+1	1.000000E+0	1.780000E+2
8.622060E+0	-1.000000E+3	-9.995000E-1	-5.177000E-4	1.930655E+6	1.976487E+6	5.061000E-4	1.000300E+0	9.910000E+37	-5.177000E-4	-1.914236E+44	1.958111E+44	5.061000E-4	9.910000E+37	5.000000E-1	0.000000E+0	1.000000E-1	1.100000E+1	1.000000E-1	1.100000E+1	1.000000E+0	1.790000E+2
8.669879E+0	-1.000000E+3	-1.000200E+0	-5.136000E-4	1.947430E+6	2.022254E+6	4.943000E-4	9.996000E-1	9.910000E+37	-5.136000E-4	-1.929517E+44	2.004855E+44	4.943000E-4	9.910000E+37	5.000000E-1	0.000000E+0	1.000000E-1	1.100000E+1	1.000000E-1	1.100000E+1	1.000000E+0	1.800000E+2
8.717615E+0	-1.000000E+3	-9.991000E-1	-5.179000E-4	1.929137E+6	2.042323E+6	4.891000E-4	9.989000E-1	9.910000E+37	-5.179000E-4	-1.913497E+44	2.026171E+44	4.891000E-4	9.910000E+37	5.000000E-1	0.000000E+0	1.000000E-1	1.100000E+1	1.000000E-1	1.100000E+1	1.000000E+0	1.810000E+2
8.765235E+0	-1.000000E+3	-9.989000E-1	-5.123000E-4	1.949834E+6	2.012472E+6	4.971000E-4	1.000400E+0	9.910000E+37	-5.123000E-4	-1.934413E+44	1.993563E+44	4.971000E-4	9.910000E+37	5.000000E-1	0.000000E+0	1.000000E-1	1.100000E+1	1.000000E-1	1.100000E+1	1.000000E+0	1.820000E+2
8.813137E+0	-1.000000E+3	-9.993000E-1	-5.159000E-4	1.937003E+6	1.997201E+6	5.001000E-4	9.988000E-1	9.910000E+37	-5.159000E-4	-1.920915E+44	1.981604E+44	5.001000E-4	9.910000E+37	5.000000E-1	0.000000E+0	1.000000E-1	1.100000E+1	1.000000E-1	1.100000E+1	1.000000E+0	1.830000E+2
8.860840E+0	-1.000000E+3	-1.000200E+0	-5.213000E-4	1.918665E+6	2.010872E+6	4.967000E-4	9.988000E-1	9.910000E+37	-5.213000E-4	-1.901017E+44	1.995168E+44	4.967000E-4	9.910000E+37	5.000000E-1	0.000000E+0	1.000000E-1	1.100000E+1	1.000000E-1	1.100000E+1	1.000000E+0	1.840000E+2
8.908593E+0	-1.000000E+3	-9.998000E-1	-5.178000E-4	1.930861E+6	1.970461E+6	5.078000E-4	1.000600E+0	9.910000E+37	-5.178000E-4	-1.913866E+44	1.951556E+44	5.078000E-4	9.910000E+37	5.000000E-1	0.000000E+0	1.000000E-1	1.100000E+1	1.000000E-1	1.100000E+1	1.000000E+0	1.850000E+2
8.956279E+0	-1.000000E+3	-1.000800E+0	-5.141000E-4	1.946703E+6	2.029878E+6	4.920000E-4	9.987000E-1	9.910000E+37	-5.141000E-4	-1.927641E+44	2.014228E+44	4.920000E-4	9.910000E+37	5.000000E-1	0.000000E+0	1.000000E-1	1.100000E+1	1.000000E-1	1.100000E+1	1.000000E+0	1.860000E+2
9.004032E+0	-1.000000E+3	-1.001200E+0	-5.352000E-4	1.870703E+6	2.021431E+6	4.946000E-4	9.998000E-1	9.910000E+37	-5.352000E-4	-1.851644E+44	2.003639E+44	4.946000E-4	9.910000E+37	5.000000E-1	0.000000E+0	1.000000E-1	1.100000E+1	1.000000E-1	1.100000E+1	1.000000E+0	1.870000E+2
9.051668E+0	-1.000000E+3	-9.995000E-1	-5.188000E-4	1.926561E+6	1.981188E+6	5.050000E-4	1.000500E+0	9.910000E+37	-5.188000E-4	-1.910177E+44	1.962376E+44	5.050000E-4	9.910000E+37	5.000000E-1	0.000000E+0	1.000000E-1	1.100000E+1	1.000000E-1	1.100000E+1	1.000000E+0	1.880000E+2
9.099287E+0	-1.000000E+3	-9.991000E-1	-5.131000E-4	1.947184E+6	1.999001E+6	5.006000E-4	1.000700E+0	9.910000E+37	-5.131000E-4	-1.931397E+44	1.979624E+44	5.006000E-4	9.910000E+37	5.000000E-1	0.000000E+0	1.000000E-1	1.100000E+1	1.000000E-1	1.100000E+1	1.000000E+0	1.890000E+2
9.146973E+0	-1.000000E+3	-1.000500E+0	-5.219000E-4	1.917034E+6	2.002804E+6	4.993000E-4	1.000000E+0	9.910000E+37	-5.219000E-4	-1.898831E+44	1.984779E+44	4.993000E-4	9.910000E+37	5.000000E-1	0.000000E+0	1.000000E-1	1.100000E+1	1.000000E-1	1.100000E+1	1.000000E+0	1.900000E+2
9.194693E+0	-1.000000E+3	-1.000300E+0	-5.254000E-4	1.903883E+6	2.002003E+6	4.992000E-4	9.994000E-1	9.910000E+37	-5.254000E-4	-1.886182E+44	1.985176E+44	4.992000E-4	9.910000E+37	5.000000E-1	0.000000E+0	1.000000E-1	1.100000E+1	1.000000E-1	1.100000E+1	1.000000E+0	1.910000E+2
9.242345E+0	-1.000000E+3	-9.992000E-1	-5.278000E-4	1.893141E+6	2.023887E+6	4.940000E-4	9.998000E-1	9.910000E+37	-5.278000E-4	-1.877605E+44	2.006073E+44	4.940000E-4	9.910000E+37	5.000000E-1	0.000000E+0	1.000000E-1	1.100000E+1	1.000000E-1	1.100000E+1	1.000000E+0	1.920000E+2
9.290015E+0	-1.000000E+3	-9.992000E-1	-5.222000E-4	1.913443E+6	1.994420E+6	5.018000E-4	1.000800E+0	9.910000E+37	-5.222000E-4	-1.897740E+44	1.974890E+44	5.018000E-4	9.910000E+37	5.000000E-1	0.000000E+0	1.000000E-1	1.100000E+1	1.000000E-1	1.100000E+1	1.000000E+0	1.930000E+2
9.337917E+0	-1.000000E+3	-1.000300E+0	-5.314000E-4	1.882386E+6	2.049610E+6	4.878000E-4	9.998000E-1	9.910000E+37	-5.314000E-4	-1.864885E+44	2.031570E+44	4.878000E-4	9.910000E+37	5.000000E-1	0.000000E+0	1.000000E-1	1.100000E+1	1.000000E-1	1.100000E+1	1.000000E+0	1.940000E+2
9.385854E+0	-1.000000E+3	-1.000800E+0	-5.326000E-4	1.879084E+6	1.984903E+6	5.034000E-4	9.992000E-1	9.910000E+37	-5.326000E-4	-1.860683E+44	1.968613E+44	5.034000E-4	9.910000E+37	5.000000E-1	0.000000E+0	1.000000E-1	1.100000E+1	1.000000E-1	1.100000E+1	1.000000E+0	1.950000E+2
9.433573E+0	-1.000000E+3	-9.994000E-1	-5.263000E-4	1.898917E+6	1.986894E+6	5.036000E-4	1.000600E+0	9.910000E+37	-5.263000E-4	-1.882956E+44	1.967832E+44	5.036000E-4	9.910000E+37	5.000000E-1	0.000000E+0	1.000000E-1	1.100000E+1	1.000000E-1	1.100000E+1	1.000000E+0	1.960000E+2
9.481276E+0	-1.000000E+3	-9.991000E-1	-5.179000E-4	1.929137E+6	1.988266E+6	5.028000E-4	9.997000E-1	9.910000E+37	-5.179000E-4	-1.913497E+44	1.970963E+44	5.028000E-4	9.910000E+37	5.000000E-1	0.000000E+0	1.000000E-1	1.100000E+1	1.000000E-1	1.100000E+1	1.000000E+0	1.970000E+2
9.529012E+0	-1.000000E+3	-9.995000E-1	-5.345000E-4	1.869972E+6	1.958179E+6	5.117000E-4	1.002000E+0	9.910000E+37	-5.345000E-4	-1.854069E+44	1.936682E+44	5.117000E-4	9.910000E+37	5.000000E-1	0.000000E+0	1.000000E-1	1.100000E+1	1.000000E-1	1.100000E+1	1.000000E+0	1.980000E+2
9.576731E+0	-1.000000E+3	-9.996000E-1	-5.165000E-4	1.935334E+6	1.955586E+6	5.111000E-4	9.995000E-1	9.910000E+37	-5.165000E-4	-1.918683E+44	1.938955E+44	5.111000E-4	9.910000E+37	5.000000E-1	0.000000E+0	1.000000E-1	1.100000E+1	1.000000E-1	1.100000E+1	1.000000E+0	1.990000E+2
9.624567E+0	-1.000000E+3	-9.993000E-1	-5.199000E-4	1.922100E+6	2.010459E+6	4.972000E-4	9.996000E-1	9.910000E+37	-5.199000E-4	-1.906136E+44	1.993162E+44	4.972000E-4	9.910000E+37	5.000000E-1	0.000000E+0	1.000000E-1	1.100000E+1	1.000000E-1	1.100000E+1	1.000000E+0	2.000000E+2
9.672520E+0	-1.000000E+3	-1.000300E+0	-5.220000E-4	1.916284E+6	2.003607E+6	4.990000E-4	9.998000E-1	9.910000E+37	-5.220000E-4	-1.898467E+44	1.985972E+44	4.990000E-4	9.910000E+37	5.000000E-1	0.000000E+0	1.000000E-1	1.100000E+1	1.000000E-1	1.100000E+1	1.000000E+0	2.010000E+2
9.720506E+0	-1.000000E+3	-9.997000E-1	-5.301000E-4	1.885871E+6	1.967710E+6	5.079000E-4	9.994000E-1	9.910000E+37	-5.301000E-4	-1.869459E+44	1.951171E+44	5.079000E-4	9.910000E+37	5.000000E-1	0.000000E+0	1.000000E-1	1.100000E+1	1.000000E-1	1.100000E+1	1.000000E+0	2.020000E+2
9.768392E+0	-1.000000E+3	-1.001400E+0	-5.306000E-4	1.887297E+6	1.950420E+6	5.123000E-4	9.992000E-1	9.910000E+37	-5.306000E-4	-1.867697E+44	1.934413E+44	5.123000E-4	9.910000E+37	5.000000E-1	0.000000E+0	1.000000E-1	1.100000E+1	1.000000E-1	1.100000E+1	1.000000E+0	2.030000E+2
9.816128E+0	-1.000000E+3	-1.000100E+0	-5.222000E-4	1.915167E+6	1.970826E+6	5.073000E-4	9.998000E-1	9.910000E+37	-5.222000E-4	-1.897740E+44	1.953479E+44	5.073000E-4	9.910000E+37	5.000000E-1	0.000000E+0	1.000000E-1	1.100000E+1	1.000000E-1	1.100000E+1	1.000000E+0	2.040000E+2
9.863914E+0	-1.000000E+3	-9.996000E-1	-5.363000E-4	1.863882E+6	2.020016E+6	4.946000E-4	9.991000E-1	9.910000E+37	-5.363000E-4	-1.847846E+44	2.003639E+44	4.946000E-4	9.910000E+37	5.000000E-1	0.000000E+0	1.000000E-1	1.100000E+1	1.000000E-1	1.100000E+1	1.000000E+0	2.050000E+2
9.911534E+0	-1.000000E+3	-9.991000E-1	-5.258000E-4	1.900152E+6	1.964054E+6	5.091000E-4	9.999000E-1	9.910000E+37	-5.258000E-4	-1.884747E+44	1.946572E+44	5.091000E-4	9.910000E+37	5.000000E-1	0.000000E+0	1.000000E-1	1.100000E+1	1.000000E-1	1.100000E+1	1.000000E+0	2.060000E+2
9.959220E+0	-1.000000E+3	-9.996000E-1	-5.334000E-4	1.874016E+6	1.950701E+6	5.132000E-4	1.001100E+0	9.910000E+37	-5.334000E-4	-1.857893E+44	1.931021E+44	5.132000E-4	9.910000E+37	5.000000E-1	0.000000E+0	1.000000E-1	1.100000E+1	1.000000E-1	1.100000E+1	1.000000E+0	2.070000E+2
1.000716E+1	-1.000000E+3	-1.000900E+0	-5.281000E-4	1.895285E+6	1.962505E+6	5.094000E-4	9.997000E-1	9.910000E+37	-5.281000E-4	-1.876539E+44	1.945426E+44	5.094000E-4	9.910000E+37	5.000000E-1	0.000000E+0	1.000000E-1	1.100000E+1	1.000000E-1	1.100000E+1	1.000000E+0	2.080000E+2
1.005488E+1	-1.000000E+3	-1.001000E+0	-5.343000E-4	1.873479E+6	1.933733E+6	5.176000E-4	1.000900E+0	9.910000E+37	-5.343000E-4	-1.854763E+44	1.914606E+44	5.176000E-4	9.910000E+37	5.000000E-1	0.000000E+0	1.000000E-1	1.100000E+1	1.000000E-1	1.100000E+1	1.000000E+0	2.090000E+2
1.010278E+1	-1.000000E+3	-9.998000E-1	-5.366000E-4	1.863213E+6	1.986489E+6	5.033000E-4	9.998000E-1	9.910000E+37	-5.366000E-4	-1.846813E+44	1.969005E+44	5.033000E-4	9.910000E+37	5.000000E-1	0.000000E+0	1.000000E-1	1.100000E+1	1.000000E-1	1.100000E+1	1.000000E+0	2.100000E+2
1.015066E+1	-1.000000E+3	-1.000100E+0	-5.362000E-4	1.865162E+6	1.958325E+6	5.111000E-4	1.000900E+0	9.910000E+37	-5.362000E-4	-1.848191E+44	1.938955E+44	5.111000E-4	9.910000E+37	5.000000E-1	0.000000E+0	1.000000E-1	1.100000E+1	1.000000E-1	1.100000E+1	1.000000E+0	2.110000E+2
1.019843E+1	-1.000000E+3	-9.996000E-1	-5.334000E-4	1.874016E+6	1.967355E+6	5.085000E-4	1.000400E+0	9.910000E+37	-5.334000E-4	-1.857893E+44	1.948869E+44	5.085000E-4	9.910000E+37	5.000000E-1	0.000000E+0	1.000000E-1	1.100000E+1	1.000000E-1	1.100000E+1	1.000000E+0	2.120000E+2
1.024642E+1	-1.000000E+3	-9.993000E-1	-5.404000E-4	1.849186E+6	1.974501E+6	5.059000E-4	9.989000E-1	9.910000E+37	-5.404000E-4	-1.833827E+44	1.958885E+44	5.059000E-4	9.910000E+37	5.000000E-1	0.000000E+0	1.000000E-1	1.100000E+1	1.000000E-1	1.100000E+1	1.000000E+0	2.130000E+2
1.029417E+1	-1.000000E+3	-9.989000E-1	-5.232000E-4	1.909213E+6	1.971220E+6	5.073000E-4	1.000000E+0	9.910000E+37	-5.232000E-4	-1.894113E+44	1.953479E+44	5.073000E-4	9.910000E+37	5.000000E-1	0.000000E+0	1.000000E-1	1.100000E+1	1.000000E-1	1.100000E+1	1.000000E+0	2.140000E+2
1.034177E+1	-1.000000E+3	-1.000500E+0	-5.405000E-4	1.851064E+6	1.971226E+6	5.074000E-4	1.000200E+0	9.910000E+37	-5.405000E-4	-1.833488E+44	1.953094E+44	5.074000E-4	9.910000E+37	5.000000E-1	0.000000E+0	1.000000E-1	1.100000E+1	1.000000E-1	1.100000E+1	1.000000E+0	2.150000E+2
1.038944E+1	-1.000000E+3	-9.998000E-1	-5.454000E-4	1.833150E+6	1.972765E+6	5.067000E-4	9.996000E-1	9.910000E+37	-5.454000E-4	-1.817015E+44	1.955792E+44	5.067000E-4	9.910000E+37	5.000000E-1	0.000000E+0	1.000000E-1	1.100000E+1	1.000000E-1	1.100000E+1	1.000000E+0	2.160000E+2
1.043710E+1	-1.000000E+3	-9.996000E-1	-5.422000E-4	1.843600E+6	1.968879E+6	5.077000E-4	9.996000E-1	9.910000E+37	-5.422000E-4	-1.827739E+44	1.951940E+44	5.077000E-4	9.910000E+37	5.000000E-1	0.000000E+0	1.000000E-1	1.100000E+1	1.000000E-1	1.100000E+1	1.000000E+0	2.170000E+2
1.048485E+1	-1.000000E+3	-1.000400E+0	-5.391000E-4	1.855685E+6	1.974739E+6	5.067000E-4	1.000600E+0	9.910000E+37	-5.391000E-4	-1.838249E+44	1.955792E+44	5.067000E-4	9.910000E+37	5.000000E-1	0.000000E+0	1.000000E-1	1.100000E+1	1.000000E-1	1.100000E+1	1.000000E+0	2.180000E+2
1.053262E+1	-1.000000E+3	-1.000000E+0	-5.294000E-4	1.888931E+6	1.933604E+6	5.166000E-4	9.989000E-1	9.910000E+37	-5.294000E-4	-1.871930E+44	1.918312E+44	5.166000E-4	9.910000E+37	5.000000E-1	0.000000E+0	1.000000E-1	1.100000E+1	1.000000E-1	1.100000E+1	1.000000E+0	2.190000E+2
1.058044E+1	-1.000000E+3	-1.000300E+0	-5.405000E-4	1.850694E+6	1.957713E+6	5.108000E-4	1.000000E+0	9.910000E+37	-5.405000E-4	-1.833488E+44	1.940094E+44	5.108000E-4	9.910000E+37	5.000000E-1	0.000000E+0	1.000000E-1	1.100000E+1	1.000000E-1	1.100000E+1	1.000000E+0	2.200000E+2
1.062837E+1	-1.000000E+3	-1.000100E+0	-5.358000E-4	1.866555E+6	1.914176E+6	5.220000E-4	9.992000E-1	9.910000E+37	-5.358000E-4	-1.849571E+44	1.898467E+44	5.220000E-4	9.910000E+37	5.000000E-1	0.000000E+0	1.000000E-1	1.100000E+1	1.000000E-1	1.100000E+1	1.000000E+0	2.210000E+2
1.067644E+1	-1.000000E+3	-1.000300E+0	-5.384000E-4	1.857912E+6	1.948168E+6	5.132000E-4	9.998000E-1	9.910000E+37	-5.384000E-4	-1.840639E+44	1.931021E+44	5.132000E-4	9.910000E+37	5.000000E-1	0.000000E+0	1.000000E-1	1.100000E+1	1.000000E-1	1.100000E+1	1.000000E+0	2.220000E+2
1.072415E+1	-1.000000E+3	-1.000700E+0	-5.428000E-4	1.843589E+6	1.957551E+6	5.112000E-4	1.000700E+0	9.910000E+37	-5.428000E-4	-1.825718E+44	1.938576E+44	5.112000E-4	9.910000E+37	5.000000E-1	0.000000E+0	1.000000E-1	1.100000E+1	1.000000E-1	1.100000E+1	1.000000E+0	2.230000E+2
1.077187E+1	-1.000000E+3	-9.997000E-1	-5.436000E-4	1.839036E+6	1.941976E+6	5.153000E-4	1.000700E+0	9.910000E+37	-5.436000E-4	-1.823032E+44	1.923152E+44	5.153000E-4	9.910000E+37	5.000000E-1	0.000000E+0	1.000000E-1	1.100000E+1	1.000000E-1	1.100000E+1	1.000000E+0	2.240000E+2
1.081964E+1	-1.000000E+3	-9.995000E-1	-5.356000E-4	1.866131E+6	1.916475E+6	5.220000E-4	1.000400E+0	9.910000E+37	-5.356000E-4	-1.850261E+44	1.898467E+44	5.220000E-4	9.910000E+37	5.000000E-1	0.000000E+0	1.000000E-1	1.100000E+1	1.000000E-1	1.100000E+1	1.000000E+0	2.250000E+2
1.086732E+1	-1.000000E+3	-1.000100E+0	-5.436000E-4	1.839772E+6	1.906773E+6	5.256000E-4	1.002200E+0	9.910000E+37	-5.436000E-4	-1.823032E+44	1.885464E+44	5.256000E-4	9.910000E+37	5.000000E-1	0.000000E+0	1.000000E-1	1.100000E+1	1.000000E-1	1.100000E+1	1.000000E+0	2.260000E+2
1.091507E+1	-1.000000E+3	-1.001000E+0	-5.336000E-4	1.875937E+6	1.918826E+6	5.211000E-4	9.999000E-1	9.910000E+37	-5.336000E-4	-1.857196E+44	1.901746E+44	5.211000E-4	9.910000E+37	5.000000E-1	0.000000E+0	1.000000E-1	1.100000E+1	1.000000E-1	1.100000E+1	1.000000E+0	2.270000E+2
1.096283E+1	-1.000000E+3	-1.001100E+0	-5.499000E-4	1.820513E+6	1.951963E+6	5.121000E-4	9.996000E-1	9.910000E+37	-5.499000E-4	-1.802146E+44	1.935169E+44	5.121000E-4	9.910000E+37	5.000000E-1	0.000000E+0	1.000000E-1	1.100000E+1	1.000000E-1	1.100000E+1	1.000000E+0	2.280000E+2
1.101055E+1	-1.000000E+3	-1.000200E+0	-5.474000E-4	1.827183E+6	1.952930E+6	5.120000E-4	9.999000E-1	9.910000E+37	-5.474000E-4	-1.810376E+44	1.935547E+44	5.120000E-4	9.910000E+37	5.000000E-1	0.000000E+0	1.000000E-1	1.100000E+1	1.000000E-1	1.100000E+1	1.000000E+0	2.290000E+2
1.105820E+1	-1.000000E+3	-1.000300E+0	-5.484000E-4	1.824034E+6	1.969852E+6	5.075000E-4	9.997000E-1	9.910000E+37	-5.484000E-4	-1.807075E+44	1.952709E+44	5.075000E-4	9.910000E+37	5.000000E-1	0.000000E+0	1.000000E-1	1.100000E+1	1.000000E-1	1.100000E+1	1.000000E+0	2.300000E+2
1.110584E+1	-1.000000E+3	-1.000000E+0	-5.399000E-4	1.852195E+6	1.952362E+6	5.122000E-4	1.000000E+0	9.910000E+37	-5.399000E-4	-1.835525E+44	1.934791E+44	5.122000E-4	9.910000E+37	5.000000E-1	0.000000E+0	1.000000E-1	1.100000E+1	1.000000E-1	1.100000E+1	1.000000E+0	2.310000E+2
1.115357E+1	-1.000000E+3	-9.992000E-1	-5.345000E-4	1.869411E+6	1.950439E+6	5.125000E-4	9.996000E-1	9.910000E+37	-5.345000E-4	-1.854069E+44	1.933659E+44	5.125000E-4	9.910000E+37	5.000000E-1	0.000000E+0	1.000000E-1	1.100000E+1	1.000000E-1	1.100000E+1	1.000000E+0	2.320000E+2
1.120132E+1	-1.000000E+3	-1.000100E+0	-5.415000E-4	1.846907E+6	1.926768E+6	5.189000E-4	9.998000E-1	9.910000E+37	-5.415000E-4	-1.830102E+44	1.909809E+44	5.189000E-4	9.910000E+37	5.000000E-1	0.000000E+0	1.000000E-1	1.100000E+1	1.000000E-1	1.100000E+1	1.000000E+0	2.330000E+2
1.124894E+1	-1.000000E+3	-1.000800E+0	-5.439000E-4	1.840044E+6	1.899241E+6	5.270000E-4	1.000900E+0	9.910000E+37	-5.439000E-4	-1.822026E+44	1.880455E+44	5.270000E-4	9.910000E+37	5.000000E-1	0.000000E+0	1.000000E-1	1.100000E+1	1.000000E-1	1.100000E+1	1.000000E+0	2.340000E+2
1.129663E+1	-1.000000E+3	-9.999000E-1	-5.459000E-4	1.831654E+6	1.930188E+6	5.171000E-4	9.981000E-1	9.910000E+37	-5.459000E-4	-1.815351E+44	1.916457E+44	5.171000E-4	9.910000E+37	5.000000E-1	0.000000E+0	1.000000E-1	1.100000E+1	1.000000E-1	1.100000E+1	1.000000E+0	2.350000E+2
1.134445E+1	-1.000000E+3	-1.000400E+0	-5.437000E-4	1.839985E+6	1.938118E+6	5.155000E-4	9.991000E-1	9.910000E+37	-5.437000E-4	-1.822696E+44	1.922405E+44	5.155000E-4	9.910000E+37	5.000000E-1	0.000000E+0	1.000000E-1	1.100000E+1	1.000000E-1	1.100000E+1	1.000000E+0	2.360000E+2
1.139237E+1	-1.000000E+3	-1.000300E+0	-5.488000E-4	1.822704E+6	1.940423E+6	5.153000E-4	9.999000E-1	9.910000E+37	-5.488000E-4	-1.805758E+44	1.923152E+44	5.153000E-4	9.910000E+37	5.000000E-1	0.000000E+0	1.000000E-1	1.100000E+1	1.000000E-1	1.100000E+1	1.000000E+0	2.370000E+2
1.144002E+1	-1.000000E+3	-9.993000E-1	-5.384000E-4	1.856055E+6	1.900874E+6	5.266000E-4	1.001000E+0	9.910000E+37	-5.384000E-4	-1.840639E+44	1.881884E+44	5.266000E-4	9.910000E+37	5.000000E-1	0.000000E+0	1.000000E-1	1.100000E+1	1.000000E-1	1.100000E+1	1.000000E+0	2.380000E+2
1.148776E+1	-1.000000E+3	-1.000000E+0	-5.486000E-4	1.822822E+6	1.917034E+6	5.219000E-4	1.000500E+0	9.910000E+37	-5.486000E-4	-1.806416E+44	1.898831E+44	5.219000E-4	9.910000E+37	5.000000E-1	0.000000E+0	1.000000E-1	1.100000E+1	1.000000E-1	1.100000E+1	1.000000E+0	2.390000E+2
1.153539E+1	-1.000000E+3	-1.000500E+0	-5.479000E-4	1.826063E+6	1.910149E+6	5.242000E-4	1.001300E+0	9.910000E+37	-5.479000E-4	-1.808724E+44	1.890500E+44	5.242000E-4	9.910000E+37	5.000000E-1	0.000000E+0	1.000000E-1	1.100000E+1	1.000000E-1	1.100000E+1	1.000000E+0	2.400000E+2
1.158333E+1	-1.000000E+3	-1.000000E+0	-5.363000E-4	1.864628E+6	1.908467E+6	5.244000E-4	1.000800E+0	9.910000E+37	-5.363000E-4	-1.847846E+44	1.889779E+44	5.244000E-4	9.910000E+37	5.000000E-1	0.000000E+0	1.000000E-1	1.100000E+1	1.000000E-1	1.100000E+1	1.000000E+0	2.410000E+2
1.163097E+1	-1.000000E+3	-9.997000E-1	-5.460000E-4	1.830952E+6	1.924706E+6	5.193000E-4	9.995000E-1	9.910000E+37	-5.460000E-4	-1.815018E+44	1.908338E+44	5.193000E-4	9.910000E+37	5.000000E-1	0.000000E+0	1.000000E-1	1.100000E+1	1.000000E-1	1.100000E+1	1.000000E+0	2.420000E+2
1.167867E+1	-1.000000E+3	-1.000900E+0	-5.396000E-4	1.854893E+6	1.886269E+6	5.302000E-4	1.000100E+0	9.910000E+37	-5.396000E-4	-1.836546E+44	1.869106E+44	5.302000E-4	9.910000E+37	5.000000E-1	0.000000E+0	1.000000E-1	1.100000E+1	1.000000E-1	1.100000E+1	1.000000E+0	2.430000E+2
1.172634E+1	-1.000000E+3	-9.997000E-1	-5.372000E-4	1.860946E+6	1.906077E+6	5.249000E-4	1.000500E+0	9.910000E+37	-5.372000E-4	-1.844751E+44	1.887979E+44	5.249000E-4	9.910000E+37	5.000000E-1	0.000000E+0	1.000000E-1	1.100000E+1	1.000000E-1	1.100000E+1	1.000000E+0	2.440000E+2
1.177404E+1	-1.000000E+3	-9.995000E-1	-5.330000E-4	1.875235E+6	1.927290E+6	5.185000E-4	9.993000E-1	9.910000E+37	-5.330000E-4	-1.859287E+44	1.911283E+44	5.185000E-4	9.910000E+37	5.000000E-1	0.000000E+0	1.000000E-1	1.100000E+1	1.000000E-1	1.100000E+1	1.000000E+0	2.450000E+2
1.182169E+1	-1.000000E+3	-1.000700E+0	-5.464000E-4	1.831442E+6	1.935309E+6	5.163000E-4	9.992000E-1	9.910000E+37	-5.464000E-4	-1.813690E+44	1.919427E+44	5.163000E-4	9.910000E+37	5.000000E-1	0.000000E+0	1.000000E-1	1.100000E+1	1.000000E-1	1.100000E+1	1.000000E+0	2.460000E+2
1.186935E+1	-1.000000E+3	-9.998000E-1	-5.425000E-4	1.842949E+6	1.882552E+6	5.313000E-4	1.000200E+0	9.910000E+37	-5.425000E-4	-1.826728E+44	1.865236E+44	5.313000E-4	9.910000E+37	5.000000E-1	0.000000E+0	1.000000E-1	1.100000E+1	1.000000E-1	1.100000E+1	1.000000E+0	2.470000E+2
1.191710E+1	-1.000000E+3	-9.992000E-1	-5.449000E-4	1.833731E+6	1.902017E+6	5.256000E-4	9.997000E-1	9.910000E+37	-5.449000E-4	-1.818682E+44	1.885464E+44	5.256000E-4	9.910000E+37	5.000000E-1	0.000000E+0	1.000000E-1	1.100000E+1	1.000000E-1	1.100000E+1	1.000000E+0	2.480000E+2
1.196490E+1	-1.000000E+3	-9.993000E-1	-5.435000E-4	1.838638E+6	1.912553E+6	5.226000E-4	9.995000E-1	9.910000E+37	-5.435000E-4	-1.823367E+44	1.896288E+44	5.226000E-4	9.910000E+37	5.000000E-1	0.000000E+0	1.000000E-1	1.100000E+1	1.000000E-1	1.100000E+1	1.000000E+0	2.490000E+2
1.201255E+1	-1.000000E+3	-1.000000E+0	-5.365000E-4	1.863933E+6	1.875960E+6	5.337000E-4	1.001200E+0	9.910000E+37	-5.365000E-4	-1.847158E+44	1.856848E+44	5.337000E-4	9.910000E+37	5.000000E-1	0.000000E+0	1.000000E-1	1.100000E+1	1.000000E-1	1.100000E+1	1.000000E+0	2.500000E+2
1.206039E+1	-1.000000E+3	-1.000100E+0	-5.513000E-4	1.814076E+6	1.904300E+6	5.256000E-4	1.000900E+0	9.910000E+37	-5.513000E-4	-1.797569E+44	1.885464E+44	5.256000E-4	9.910000E+37	5.000000E-1	0.000000E+0	1.000000E-1	1.100000E+1	1.000000E-1	1.100000E+1	1.000000E+0	2.510000E+2
1.210826E+1	-1.000000E+3	-1.000500E+0	-5.462000E-4	1.831747E+6	1.902986E+6	5.257000E-4	1.000400E+0	9.910000E+37	-5.462000E-4	-1.814354E+44	1.885106E+44	5.257000E-4	9.910000E+37	5.000000E-1	0.000000E+0	1.000000E-1	1.100000E+1	1.000000E-1	1.100000E+1	1.000000E+0	2.520000E+2
1.215588E+1	-1.000000E+3	-9.996000E-1	-5.473000E-4	1.826421E+6	1.891095E+6	5.289000E-4	1.000200E+0	9.910000E+37	-5.473000E-4	-1.810707E+44	1.873700E+44	5.289000E-4	9.910000E+37	5.000000E-1	0.000000E+0	1.000000E-1	1.100000E+1	1.000000E-1	1.100000E+1	1.000000E+0	2.530000E+2
1.220356E+1	-1.000000E+3	-1.000100E+0	-5.486000E-4	1.823004E+6	1.927690E+6	5.186000E-4	9.997000E-1	9.910000E+37	-5.486000E-4	-1.806416E+44	1.910914E+44	5.186000E-4	9.910000E+37	5.000000E-1	0.000000E+0	1.000000E-1	1.100000E+1	1.000000E-1	1.100000E+1	1.000000E+0	2.540000E+2
1.225122E+1	-1.000000E+3	-1.000400E+0	-5.537000E-4	1.806755E+6	1.937331E+6	5.170000E-4	1.001600E+0	9.910000E+37	-5.537000E-4	-1.789778E+44	1.916828E+44	5.170000E-4	9.910000E+37	5.000000E-1	0.000000E+0	1.000000E-1	1.100000E+1	1.000000E-1	1.100000E+1	1.000000E+0	2.550000E+2
1.229889E+1	-1.000000E+3	-1.000500E+0	-5.592000E-4	1.789163E+6	1.934223E+6	5.169000E-4	9.998000E-1	9.910000E+37	-5.592000E-4	-1.772175E+44	1.917199E+44	5.169000E-4	9.910000E+37	5.000000E-1	0.000000E+0	1.000000E-1	1.100000E+1	1.000000E-1	1.100000E+1	1.000000E+0	2.560000E+2
1.234664E+1	-1.000000E+3	-1.000000E+0	-5.493000E-4	1.820499E+6	1.931068E+6	5.179000E-4	1.000100E+0	9.910000E+37	-5.493000E-4	-1.804114E+44	1.913497E+44	5.179000E-4	9.910000E+37	5.000000E-1	0.000000E+0	1.000000E-1	1.100000E+1	1.000000E-1	1.100000E+1	1.000000E+0	2.570000E+2
1.239444E+1	-1.000000E+3	-1.000400E+0	-5.469000E-4	1.829219E+6	1.906214E+6	5.246000E-4	1.000000E+0	9.910000E+37	-5.469000E-4	-1.812031E+44	1.889058E+44	5.246000E-4	9.910000E+37	5.000000E-1	0.000000E+0	1.000000E-1	1.100000E+1	1.000000E-1	1.100000E+1	1.000000E+0	2.580000E+2
1.244206E+1	-1.000000E+3	-1.000700E+0	-5.458000E-4	1.833455E+6	1.890844E+6	5.286000E-4	9.995000E-1	9.910000E+37	-5.458000E-4	-1.815683E+44	1.874764E+44	5.286000E-4	9.910000E+37	5.000000E-1	0.000000E+0	1.000000E-1	1.100000E+1	1.000000E-1	1.100000E+1	1.000000E+0	2.590000E+2
1.248968E+1	-1.000000E+3	-9.998000E-1	-5.532000E-4	1.807303E+6	1.925462E+6	5.192000E-4	9.997000E-1	9.910000E+37	-5.532000E-4	-1.791396E+44	1.908706E+44	5.192000E-4	9.910000E+37	5.000000E-1	0.000000E+0	1.000000E-1	1.100000E+1	1.000000E-1	1.100000E+1	1.000000E+0	2.600000E+2
1.253762E+1	-1.000000E+3	-9.997000E-1	-5.528000E-4	1.808430E+6	1.889477E+6	5.293000E-4	1.000100E+0	9.910000E+37	-5.528000E-4	-1.792692E+44	1.872284E+44	5.293000E-4	9.910000E+37	5.000000E-1	0.000000E+0	1.000000E-1	1.100000E+1	1.000000E-1	1.100000E+1	1.000000E+0	2.610000E+2
1.258607E+1	-1.000000E+3	-9.983000E-1	-5.437000E-4	1.836123E+6	1.919578E+6	5.210000E-4	1.000100E+0	9.910000E+37	-5.437000E-4	-1.822696E+44	1.902111E+44	5.210000E-4	9.910000E+37	5.000000E-1	0.000000E+0	1.000000E-1	1.100000E+1	1.000000E-1	1.100000E+1	1.000000E+0	2.620000E+2
1.263377E+1	-1.000000E+3	-1.000500E+0	-5.562000E-4	1.798813E+6	1.921599E+6	5.204000E-4	1.000000E+0	9.910000E+37	-5.562000E-4	-1.781733E+44	1.904304E+44	5.204000E-4	9.910000E+37	5.000000E-1	0.000000E+0	1.000000E-1	1.100000E+1	1.000000E-1	1.100000E+1	1.000000E+0	2.630000E+2
1.268141E+1	-1.000000E+3	-1.000000E+0	-5.581000E-4	1.791794E+6	1.919915E+6	5.207000E-4	9.997000E-1	9.910000E+37	-5.581000E-4	-1.775667E+44	1.903207E+44	5.207000E-4	9.910000E+37	5.000000E-1	0.000000E+0	1.000000E-1	1.100000E+1	1.000000E-1	1.100000E+1	1.000000E+0	2.640000E+2
1.272911E+1	-1.000000E+3	-1.000400E+0	-5.578000E-4	1.793474E+6	1.865313E+6	5.368000E-4	1.001300E+0	9.910000E+37	-5.578000E-4	-1.776622E+44	1.846125E+44	5.368000E-4	9.910000E+37	5.000000E-1	0.000000E+0	1.000000E-1	1.100000E+1	1.000000E-1	1.100000E+1	1.000000E+0	2.650000E+2
1.277678E+1	-1.000000E+3	-1.000000E+0	-5.585000E-4	1.790510E+6	1.900627E+6	5.263000E-4	1.000300E+0	9.910000E+37	-5.585000E-4	-1.774396E+44	1.882956E+44	5.263000E-4	9.910000E+37	5.000000E-1	0.000000E+0	1.000000E-1	1.100000E+1	1.000000E-1	1.100000E+1	1.000000E+0	2.660000E+2
1.282448E+1	-1.000000E+3	-1.000500E+0	-5.577000E-4	1.793975E+6	1.900133E+6	5.267000E-4	1.000800E+0	9.910000E+37	-5.577000E-4	-1.776941E+44	1.881526E+44	5.267000E-4	9.910000E+37	5.000000E-1	0.000000E+0	1.000000E-1	1.100000E+1	1.000000E-1	1.100000E+1	1.000000E+0	2.670000E+2
1.287232E+1	-1.000000E+3	-1.000800E+0	-5.598000E-4	1.787781E+6	1.891559E+6	5.284000E-4	9.995000E-1	9.910000E+37	-5.598000E-4	-1.770275E+44	1.875473E+44	5.284000E-4	9.910000E+37	5.000000E-1	0.000000E+0	1.000000E-1	1.100000E+1	1.000000E-1	1.100000E+1	1.000000E+0	2.680000E+2
1.292017E+1	-1.000000E+3	-9.998000E-1	-5.553000E-4	1.800468E+6	1.922899E+6	5.201000E-4	1.000100E+0	9.910000E+37	-5.553000E-4	-1.784621E+44	1.905403E+44	5.201000E-4	9.910000E+37	5.000000E-1	0.000000E+0	1.000000E-1	1.100000E+1	1.000000E-1	1.100000E+1	1.000000E+0	2.690000E+2
1.296781E+1	-1.000000E+3	-1.000000E+0	-5.531000E-4	1.807991E+6	1.870329E+6	5.352000E-4	1.001000E+0	9.910000E+37	-5.531000E-4	-1.791719E+44	1.851644E+44	5.352000E-4	9.910000E+37	5.000000E-1	0.000000E+0	1.000000E-1	1.100000E+1	1.000000E-1	1.100000E+1	1.000000E+0	2.700000E+2
1.301569E+1	-1.000000E+3	-9.996000E-1	-5.493000E-4	1.819771E+6	1.871354E+6	5.348000E-4	1.000800E+0	9.910000E+37	-5.493000E-4	-1.804114E+44	1.853029E+44	5.348000E-4	9.910000E+37	5.000000E-1	0.000000E+0	1.000000E-1	1.100000E+1	1.000000E-1	1.100000E+1	1.000000E+0	2.710000E+2
1.306336E+1	-1.000000E+3	-1.000400E+0	-5.606000E-4	1.784517E+6	1.892884E+6	5.284000E-4	1.000200E+0	9.910000E+37	-5.606000E-4	-1.767749E+44	1.875473E+44	5.284000E-4	9.910000E+37	5.000000E-1	0.000000E+0	1.000000E-1	1.100000E+1	1.000000E-1	1.100000E+1	1.000000E+0	2.720000E+2
1.311103E+1	-1.000000E+3	-9.998000E-1	-5.644000E-4	1.771439E+6	1.902569E+6	5.255000E-4	9.998000E-1	9.910000E+37	-5.644000E-4	-1.755847E+44	1.885823E+44	5.255000E-4	9.910000E+37	5.000000E-1	0.000000E+0	1.000000E-1	1.100000E+1	1.000000E-1	1.100000E+1	1.000000E+0	2.730000E+2
1.315877E+1	-1.000000E+3	-1.000000E+0	-5.627000E-4	1.777146E+6	1.938566E+6	5.160000E-4	1.000300E+0	9.910000E+37	-5.627000E-4	-1.761152E+44	1.920543E+44	5.160000E-4	9.910000E+37	5.000000E-1	0.000000E+0	1.000000E-1	1.100000E+1	1.000000E-1	1.100000E+1	1.000000E+0	2.740000E+2
1.320649E+1	-1.000000E+3	-1.000600E+0	-5.567000E-4	1.797377E+6	1.882453E+6	5.317000E-4	1.000900E+0	9.910000E+37	-5.567000E-4	-1.780133E+44	1.863833E+44	5.317000E-4	9.910000E+37	5.000000E-1	0.000000E+0	1.000000E-1	1.100000E+1	1.000000E-1	1.100000E+1	1.000000E+0	2.750000E+2
1.325417E+1	-1.000000E+3	-9.999000E-1	-5.610000E-4	1.782353E+6	1.901293E+6	5.258000E-4	9.997000E-1	9.910000E+37	-5.610000E-4	-1.766488E+44	1.884747E+44	5.258000E-4	9.910000E+37	5.000000E-1	0.000000E+0	1.000000E-1	1.100000E+1	1.000000E-1	1.100000E+1	1.000000E+0	2.760000E+2
1.330184E+1	-1.000000E+3	-1.000200E+0	-5.660000E-4	1.767138E+6	1.896244E+6	5.272000E-4	9.997000E-1	9.910000E+37	-5.660000E-4	-1.750883E+44	1.879742E+44	5.272000E-4	9.910000E+37	5.000000E-1	0.000000E+0	1.000000E-1	1.100000E+1	1.000000E-1	1.100000E+1	1.000000E+0	2.770000E+2
1.334953E+1	-1.000000E+3	-9.999000E-1	-5.603000E-4	1.784580E+6	1.883594E+6	5.309000E-4	1.000000E+0	9.910000E+37	-5.603000E-4	-1.768695E+44	1.866642E+44	5.309000E-4	9.910000E+37	5.000000E-1	0.000000E+0	1.000000E-1	1.100000E+1	1.000000E-1	1.100000E+1	1.000000E+0	2.780000E+2
1.339718E+1	-1.000000E+3	-1.000100E+0	-5.529000E-4	1.808826E+6	1.895126E+6	5.273000E-4	9.993000E-1	9.910000E+37	-5.529000E-4	-1.792368E+44	1.879386E+44	5.273000E-4	9.910000E+37	5.000000E-1	0.000000E+0	1.000000E-1	1.100000E+1	1.000000E-1	1.100000E+1	1.000000E+0	2.790000E+2
1.344485E+1	-1.000000E+3	-1.000000E+0	-5.531000E-4	1.807991E+6	1.882740E+6	5.313000E-4	1.000300E+0	9.910000E+37	-5.531000E-4	-1.791719E+44	1.865236E+44	5.313000E-4	9.910000E+37	5.000000E-1	0.000000E+0	1.000000E-1	1.100000E+1	1.000000E-1	1.100000E+1	1.000000E+0	2.800000E+2
1.349272E+1	-1.000000E+3	-9.998000E-1	-5.513000E-4	1.813532E+6	1.867276E+6	5.357000E-4	1.000300E+0	9.910000E+37	-5.513000E-4	-1.797569E+44	1.849916E+44	5.357000E-4	9.910000E+37	5.000000E-1	0.000000E+0	1.000000E-1	1.100000E+1	1.000000E-1	1.100000E+1	1.000000E+0	2.810000E+2
1.354046E+1	-1.000000E+3	-1.001300E+0	-5.651000E-4	1.771899E+6	1.876126E+6	5.328000E-4	9.996000E-1	9.910000E+37	-5.651000E-4	-1.753672E+44	1.859985E+44	5.328000E-4	9.910000E+37	5.000000E-1	0.000000E+0	1.000000E-1	1.100000E+1	1.000000E-1	1.100000E+1	1.000000E+0	2.820000E+2
1.358836E+1	-1.000000E+3	-1.000500E+0	-5.688000E-4	1.758966E+6	1.882342E+6	5.312000E-4	9.999000E-1	9.910000E+37	-5.688000E-4	-1.742264E+44	1.865587E+44	5.312000E-4	9.910000E+37	5.000000E-1	0.000000E+0	1.000000E-1	1.100000E+1	1.000000E-1	1.100000E+1	1.000000E+0	2.830000E+2
1.363613E+1	-1.000000E+3	-1.000800E+0	-5.672000E-4	1.764457E+6	1.900837E+6	5.254000E-4	9.987000E-1	9.910000E+37	-5.672000E-4	-1.747179E+44	1.886182E+44	5.254000E-4	9.910000E+37	5.000000E-1	0.000000E+0	1.000000E-1	1.100000E+1	1.000000E-1	1.100000E+1	1.000000E+0	2.840000E+2
1.368390E+1	-1.000000E+3	-1.000500E+0	-5.615000E-4	1.781834E+6	1.867787E+6	5.355000E-4	1.000200E+0	9.910000E+37	-5.615000E-4	-1.764915E+44	1.850607E+44	5.355000E-4	9.910000E+37	5.000000E-1	0.000000E+0	1.000000E-1	1.100000E+1	1.000000E-1	1.100000E+1	1.000000E+0	2.850000E+2
1.373172E+1	-1.000000E+3	-1.000600E+0	-5.541000E-4	1.805811E+6	1.892992E+6	5.280000E-4	9.995000E-1	9.910000E+37	-5.541000E-4	-1.788486E+44	1.876894E+44	5.280000E-4	9.910000E+37	5.000000E-1	0.000000E+0	1.000000E-1	1.100000E+1	1.000000E-1	1.100000E+1	1.000000E+0	2.860000E+2
1.377935E+1	-1.000000E+3	-9.992000E-1	-5.421000E-4	1.843202E+6	1.873757E+6	5.331000E-4	9.989000E-1	9.910000E+37	-5.421000E-4	-1.828076E+44	1.858938E+44	5.331000E-4	9.910000E+37	5.000000E-1	0.000000E+0	1.000000E-1	1.100000E+1	1.000000E-1	1.100000E+1	1.000000E+0	2.870000E+2
1.382706E+1	-1.000000E+3	-1.000200E+0	-5.595000E-4	1.787668E+6	1.834891E+6	5.457000E-4	1.001300E+0	9.910000E+37	-5.595000E-4	-1.771224E+44	1.816016E+44	5.457000E-4	9.910000E+37	5.000000E-1	0.000000E+0	1.000000E-1	1.100000E+1	1.000000E-1	1.100000E+1	1.000000E+0	2.880000E+2
1.387489E+1	-1.000000E+3	-9.996000E-1	-5.631000E-4	1.775173E+6	1.862384E+6	5.370000E-4	1.000100E+0	9.910000E+37	-5.631000E-4	-1.759901E+44	1.845438E+44	5.370000E-4	9.910000E+37	5.000000E-1	0.000000E+0	1.000000E-1	1.100000E+1	1.000000E-1	1.100000E+1	1.000000E+0	2.890000E+2
1.392258E+1	-1.000000E+3	-1.000300E+0	-5.603000E-4	1.785294E+6	1.883139E+6	5.314000E-4	1.000700E+0	9.910000E+37	-5.603000E-4	-1.768695E+44	1.864885E+44	5.314000E-4	9.910000E+37	5.000000E-1	0.000000E+0	1.000000E-1	1.100000E+1	1.000000E-1	1.100000E+1	1.000000E+0	2.900000E+2
1.397033E+1	-1.000000E+3	-1.000200E+0	-5.666000E-4	1.765267E+6	1.888385E+6	5.295000E-4	9.999000E-1	9.910000E+37	-5.666000E-4	-1.749029E+44	1.871577E+44	5.295000E-4	9.910000E+37	5.000000E-1	0.000000E+0	1.000000E-1	1.100000E+1	1.000000E-1	1.100000E+1	1.000000E+0	2.910000E+2
1.401809E+1	-1.000000E+3	-1.000300E+0	-5.704000E-4	1.753682E+6	1.903293E+6	5.253000E-4	9.998000E-1	9.910000E+37	-5.704000E-4	-1.737377E+44	1.886541E+44	5.253000E-4	9.910000E+37	5.000000E-1	0.000000E+0	1.000000E-1	1.100000E+1	1.000000E-1	1.100000E+1	1.000000E+0	2.920000E+2
1.406589E+1	-1.000000E+3	-1.000200E+0	-5.651000E-4	1.769952E+6	1.884173E+6	5.301000E-4	9.988000E-1	9.910000E+37	-5.651000E-4	-1.753672E+44	1.869459E+44	5.301000E-4	9.910000E+37	5.000000E-1	0.000000E+0	1.000000E-1	1.100000E+1	1.000000E-1	1.100000E+1	1.000000E+0	2.930000E+2
1.411354E+1	-1.000000E+3	-1.000000E+0	-5.667000E-4	1.764602E+6	1.861101E+6	5.378000E-4	1.000900E+0	9.910000E+37	-5.667000E-4	-1.748721E+44	1.842692E+44	5.378000E-4	9.910000E+37	5.000000E-1	0.000000E+0	1.000000E-1	1.100000E+1	1.000000E-1	1.100000E+1	1.000000E+0	2.940000E+2
1.416121E+1	-1.000000E+3	-9.998000E-1	-5.637000E-4	1.773638E+6	1.894617E+6	5.276000E-4	9.996000E-1	9.910000E+37	-5.637000E-4	-1.758027E+44	1.878317E+44	5.276000E-4	9.910000E+37	5.000000E-1	0.000000E+0	1.000000E-1	1.100000E+1	1.000000E-1	1.100000E+1	1.000000E+0	2.950000E+2
1.420911E+1	-1.000000E+3	-9.996000E-1	-5.603000E-4	1.784044E+6	1.878026E+6	5.329000E-4	1.000800E+0	9.910000E+37	-5.603000E-4	-1.768695E+44	1.859636E+44	5.329000E-4	9.910000E+37	5.000000E-1	0.000000E+0	1.000000E-1	1.100000E+1	1.000000E-1	1.100000E+1	1.000000E+0	2.960000E+2
1.425688E+1	-1.000000E+3	-1.000300E+0	-5.751000E-4	1.739350E+6	1.855368E+6	5.393000E-4	1.000600E+0	9.910000E+37	-5.751000E-4	-1.723179E+44	1.837567E+44	5.393000E-4	9.910000E+37	5.000000E-1	0.000000E+0	1.000000E-1	1.100000E+1	1.000000E-1	1.100000E+1	1.000000E+0	2.970000E+2
1.430455E+1	-1.000000E+3	-9.986000E-1	-5.497000E-4	1.816627E+6	1.851344E+6	5.395000E-4	9.988000E-1	9.910000E+37	-5.497000E-4	-1.802802E+44	1.836886E+44	5.395000E-4	9.910000E+37	5.000000E-1	0.000000E+0	1.000000E-1	1.100000E+1	1.000000E-1	1.100000E+1	1.000000E+0	2.980000E+2
1.435244E+1	-1.000000E+3	-1.000100E+0	-5.639000E-4	1.773541E+6	1.871584E+6	5.342000E-4	9.998000E-1	9.910000E+37	-5.639000E-4	-1.757404E+44	1.855110E+44	5.342000E-4	9.910000E+37	5.000000E-1	0.000000E+0	1.000000E-1	1.100000E+1	1.000000E-1	1.100000E+1	1.000000E+0	2.990000E+2
1.440017E+1	-1.000000E+3	-9.994000E-1	-5.601000E-4	1.784324E+6	1.865596E+6	5.357000E-4	9.994000E-1	9.910000E+37	-5.601000E-4	-1.769327E+44	1.849916E+44	5.357000E-4	9.910000E+37	5.000000E-1	0.000000E+0	1.000000E-1	1.100000E+1	1.000000E-1	1.100000E+1	1.000000E+0	3.000000E+2
1.444779E+1	-1.000000E+3	-9.992000E-1	-5.608000E-4	1.781740E+6	1.874602E+6	5.335000E-4	1.000100E+0	9.910000E+37	-5.608000E-4	-1.767118E+44	1.857545E+44	5.335000E-4	9.910000E+37	5.000000E-1	0.000000E+0	1.000000E-1	1.100000E+1	1.000000E-1	1.100000E+1	1.000000E+0	3.010000E+2
1.449555E+1	-1.000000E+3	-9.998000E-1	-5.601000E-4	1.785038E+6	1.847802E+6	5.414000E-4	1.000400E+0	9.910000E+37	-5.601000E-4	-1.769327E+44	1.830440E+44	5.414000E-4	9.910000E+37	5.000000E-1	0.000000E+0	1.000000E-1	1.100000E+1	1.000000E-1	1.100000E+1	1.000000E+0	3.020000E+2
1.454340E+1	-1.000000E+3	-9.988000E-1	-5.577000E-4	1.790927E+6	1.840972E+6	5.433000E-4	1.000200E+0	9.910000E+37	-5.577000E-4	-1.776941E+44	1.824038E+44	5.433000E-4	9.910000E+37	5.000000E-1	0.000000E+0	1.000000E-1	1.100000E+1	1.000000E-1	1.100000E+1	1.000000E+0	3.030000E+2
1.459197E+1	-1.000000E+3	-1.000600E+0	-5.628000E-4	1.777896E+6	1.860145E+6	5.377000E-4	1.000200E+0	9.910000E+37	-5.628000E-4	-1.760839E+44	1.843035E+44	5.377000E-4	9.910000E+37	5.000000E-1	0.000000E+0	1.000000E-1	1.100000E+1	1.000000E-1	1.100000E+1	1.000000E+0	3.040000E+2
1.463965E+1	-1.000000E+3	-1.001400E+0	-5.733000E-4	1.746729E+6	1.856904E+6	5.381000E-4	9.992000E-1	9.910000E+37	-5.733000E-4	-1.728589E+44	1.841665E+44	5.381000E-4	9.910000E+37	5.000000E-1	0.000000E+0	1.000000E-1	1.100000E+1	1.000000E-1	1.100000E+1	1.000000E+0	3.050000E+2
1.468757E+1	-1.000000E+3	-1.000100E+0	-5.742000E-4	1.741728E+6	1.874883E+6	5.331000E-4	9.995000E-1	9.910000E+37	-5.742000E-4	-1.725879E+44	1.858938E+44	5.331000E-4	9.910000E+37	5.000000E-1	0.000000E+0	1.000000E-1	1.100000E+1	1.000000E-1	1.100000E+1	1.000000E+0	3.060000E+2
1.473548E+1	-1.000000E+3	-9.998000E-1	-5.605000E-4	1.783764E+6	1.827334E+6	5.473000E-4	1.000100E+0	9.910000E+37	-5.605000E-4	-1.768064E+44	1.810707E+44	5.473000E-4	9.910000E+37	5.000000E-1	0.000000E+0	1.000000E-1	1.100000E+1	1.000000E-1	1.100000E+1	1.000000E+0	3.070000E+2
1.478326E+1	-1.000000E+3	-1.000500E+0	-5.671000E-4	1.764239E+6	1.840963E+6	5.439000E-4	1.001300E+0	9.910000E+37	-5.671000E-4	-1.747487E+44	1.822026E+44	5.439000E-4	9.910000E+37	5.000000E-1	0.000000E+0	1.000000E-1	1.100000E+1	1.000000E-1	1.100000E+1	1.000000E+0	3.080000E+2
1.483090E+1	-1.000000E+3	-9.996000E-1	-5.674000E-4	1.761720E+6	1.842755E+6	5.431000E-4	1.000800E+0	9.910000E+37	-5.674000E-4	-1.746563E+44	1.824710E+44	5.431000E-4	9.910000E+37	5.000000E-1	0.000000E+0	1.000000E-1	1.100000E+1	1.000000E-1	1.100000E+1	1.000000E+0	3.090000E+2
1.487867E+1	-1.000000E+3	-1.000100E+0	-5.587000E-4	1.790048E+6	1.857196E+6	5.385000E-4	1.000100E+0	9.910000E+37	-5.587000E-4	-1.773761E+44	1.840297E+44	5.385000E-4	9.910000E+37	5.000000E-1	0.000000E+0	1.000000E-1	1.100000E+1	1.000000E-1	1.100000E+1	1.000000E+0	3.100000E+2
1.492654E+1	-1.000000E+3	-1.000000E+0	-5.665000E-4	1.765225E+6	1.840081E+6	5.434000E-4	9.999000E-1	9.910000E+37	-5.665000E-4	-1.749338E+44	1.823703E+44	5.434000E-4	9.910000E+37	5.000000E-1	0.000000E+0	1.000000E-1	1.100000E+1	1.000000E-1	1.100000E+1	1.000000E+0	3.110000E+2
1.497421E+1	-1.000000E+3	-1.000600E+0	-5.703000E-4	1.754515E+6	1.841030E+6	5.435000E-4	1.000600E+0	9.910000E+37	-5.703000E-4	-1.737682E+44	1.823367E+44	5.435000E-4	9.910000E+37	5.000000E-1	0.000000E+0	1.000000E-1	1.100000E+1	1.000000E-1	1.100000E+1	1.000000E+0	3.120000E+2
1.502186E+1	-1.000000E+3	-9.990000E-1	-5.699000E-4	1.752939E+6	1.865087E+6	5.359000E-4	9.995000E-1	9.910000E+37	-5.699000E-4	-1.738902E+44	1.849226E+44	5.359000E-4	9.910000E+37	5.000000E-1	0.000000E+0	1.000000E-1	1.100000E+1	1.000000E-1	1.100000E+1	1.000000E+0	3.130000E+2
1.506958E+1	-1.000000E+3	-1.000300E+0	-5.757000E-4	1.737537E+6	1.850194E+6	5.407000E-4	1.000400E+0	9.910000E+37	-5.757000E-4	-1.721383E+44	1.832809E+44	5.407000E-4	9.910000E+37	5.000000E-1	0.000000E+0	1.000000E-1	1.100000E+1	1.000000E-1	1.100000E+1	1.000000E+0	3.140000E+2
1.511741E+1	-1.000000E+3	-9.984000E-1	-5.574000E-4	1.791173E+6	1.835659E+6	5.446000E-4	9.997000E-1	9.910000E+37	-5.574000E-4	-1.777897E+44	1.819684E+44	5.446000E-4	9.910000E+37	5.000000E-1	0.000000E+0	1.000000E-1	1.100000E+1	1.000000E-1	1.100000E+1	1.000000E+0	3.150000E+2
1.516517E+1	-1.000000E+3	-1.000200E+0	-5.615000E-4	1.781300E+6	1.836120E+6	5.443000E-4	9.994000E-1	9.910000E+37	-5.615000E-4	-1.764915E+44	1.820687E+44	5.443000E-4	9.910000E+37	5.000000E-1	0.000000E+0	1.000000E-1	1.100000E+1	1.000000E-1	1.100000E+1	1.000000E+0	3.160000E+2
1.521302E+1	-1.000000E+3	-1.000800E+0	-5.763000E-4	1.736596E+6	1.878828E+6	5.323000E-4	1.000100E+0	9.910000E+37	-5.763000E-4	-1.719590E+44	1.861732E+44	5.323000E-4	9.910000E+37	5.000000E-1	0.000000E+0	1.000000E-1	1.100000E+1	1.000000E-1	1.100000E+1	1.000000E+0	3.170000E+2
1.526087E+1	-1.000000E+3	-1.001200E+0	-5.650000E-4	1.772035E+6	1.806097E+6	5.544000E-4	1.001300E+0	9.910000E+37	-5.650000E-4	-1.753982E+44	1.787518E+44	5.544000E-4	9.910000E+37	5.000000E-1	0.000000E+0	1.000000E-1	1.100000E+1	1.000000E-1	1.100000E+1	1.000000E+0	3.180000E+2
1.530854E+1	-1.000000E+3	-1.000200E+0	-5.808000E-4	1.722107E+6	1.874460E+6	5.329000E-4	9.989000E-1	9.910000E+37	-5.808000E-4	-1.706267E+44	1.859636E+44	5.329000E-4	9.910000E+37	5.000000E-1	0.000000E+0	1.000000E-1	1.100000E+1	1.000000E-1	1.100000E+1	1.000000E+0	3.190000E+2
1.535645E+1	-1.000000E+3	-9.998000E-1	-5.630000E-4	1.775844E+6	1.853197E+6	5.395000E-4	9.998000E-1	9.910000E+37	-5.630000E-4	-1.760213E+44	1.836886E+44	5.395000E-4	9.910000E+37	5.000000E-1	0.000000E+0	1.000000E-1	1.100000E+1	1.000000E-1	1.100000E+1	1.000000E+0	3.200000E+2
1.540438E+1	-1.000000E+3	-1.000300E+0	-5.711000E-4	1.751532E+6	1.848743E+6	5.408000E-4	9.998000E-1	9.910000E+37	-5.711000E-4	-1.735248E+44	1.832470E+44	5.408000E-4	9.910000E+37	5.000000E-1	0.000000E+0	1.000000E-1	1.100000E+1	1.000000E-1	1.100000E+1	1.000000E+0	3.210000E+2
1.545217E+1	-1.000000E+3	-9.997000E-1	-5.672000E-4	1.762518E+6	1.850602E+6	5.395000E-4	9.984000E-1	9.910000E+37	-5.672000E-4	-1.747179E+44	1.836886E+44	5.395000E-4	9.910000E+37	5.000000E-1	0.000000E+0	1.000000E-1	1.100000E+1	1.000000E-1	1.100000E+1	1.000000E+0	3.220000E+2
1.550010E+1	-1.000000E+3	-9.989000E-1	-5.570000E-4	1.793357E+6	1.834159E+6	5.451000E-4	9.998000E-1	9.910000E+37	-5.570000E-4	-1.779174E+44	1.818015E+44	5.451000E-4	9.910000E+37	5.000000E-1	0.000000E+0	1.000000E-1	1.100000E+1	1.000000E-1	1.100000E+1	1.000000E+0	3.230000E+2
1.554774E+1	-1.000000E+3	-9.995000E-1	-5.667000E-4	1.763720E+6	1.864043E+6	5.362000E-4	9.995000E-1	9.910000E+37	-5.667000E-4	-1.748721E+44	1.848191E+44	5.362000E-4	9.910000E+37	5.000000E-1	0.000000E+0	1.000000E-1	1.100000E+1	1.000000E-1	1.100000E+1	1.000000E+0	3.240000E+2
1.559538E+1	-1.000000E+3	-9.995000E-1	-5.689000E-4	1.756899E+6	1.863586E+6	5.366000E-4	1.000000E+0	9.910000E+37	-5.689000E-4	-1.741958E+44	1.846813E+44	5.366000E-4	9.910000E+37	5.000000E-1	0.000000E+0	1.000000E-1	1.100000E+1	1.000000E-1	1.100000E+1	1.000000E+0	3.250000E+2
1.564306E+1	-1.000000E+3	-9.991000E-1	-5.676000E-4	1.760218E+6	1.844240E+6	5.425000E-4	1.000500E+0	9.910000E+37	-5.676000E-4	-1.745948E+44	1.826728E+44	5.425000E-4	9.910000E+37	5.000000E-1	0.000000E+0	1.000000E-1	1.100000E+1	1.000000E-1	1.100000E+1	1.000000E+0	3.260000E+2
1.569083E+1	-1.000000E+3	-9.998000E-1	-5.701000E-4	1.753727E+6	1.869435E+6	5.346000E-4	9.994000E-1	9.910000E+37	-5.701000E-4	-1.738292E+44	1.853722E+44	5.346000E-4	9.910000E+37	5.000000E-1	0.000000E+0	1.000000E-1	1.100000E+1	1.000000E-1	1.100000E+1	1.000000E+0	3.270000E+2
1.573862E+1	-1.000000E+3	-1.000000E+0	-5.694000E-4	1.756235E+6	1.831288E+6	5.459000E-4	9.997000E-1	9.910000E+37	-5.694000E-4	-1.740429E+44	1.815351E+44	5.459000E-4	9.910000E+37	5.000000E-1	0.000000E+0	1.000000E-1	1.100000E+1	1.000000E-1	1.100000E+1	1.000000E+0	3.280000E+2
1.578635E+1	-1.000000E+3	-1.000600E+0	-5.767000E-4	1.735044E+6	1.842270E+6	5.427000E-4	9.998000E-1	9.910000E+37	-5.767000E-4	-1.718398E+44	1.826055E+44	5.427000E-4	9.910000E+37	5.000000E-1	0.000000E+0	1.000000E-1	1.100000E+1	1.000000E-1	1.100000E+1	1.000000E+0	3.290000E+2
1.583397E+1	-1.000000E+3	-1.000200E+0	-5.723000E-4	1.747685E+6	1.821194E+6	5.492000E-4	1.000200E+0	9.910000E+37	-5.723000E-4	-1.731609E+44	1.804443E+44	5.492000E-4	9.910000E+37	5.000000E-1	0.000000E+0	1.000000E-1	1.100000E+1	1.000000E-1	1.100000E+1	1.000000E+0	3.300000E+2
1.588189E+1	-1.000000E+3	-1.000600E+0	-5.758000E-4	1.737756E+6	1.797271E+6	5.569000E-4	1.000900E+0	9.910000E+37	-5.758000E-4	-1.721084E+44	1.779494E+44	5.569000E-4	9.910000E+37	5.000000E-1	0.000000E+0	1.000000E-1	1.100000E+1	1.000000E-1	1.100000E+1	1.000000E+0	3.310000E+2
1.592983E+1	-1.000000E+3	-9.989000E-1	-5.636000E-4	1.772356E+6	1.826428E+6	5.479000E-4	1.000700E+0	9.910000E+37	-5.636000E-4	-1.758339E+44	1.808724E+44	5.479000E-4	9.910000E+37	5.000000E-1	0.000000E+0	1.000000E-1	1.100000E+1	1.000000E-1	1.100000E+1	1.000000E+0	3.320000E+2
1.597756E+1	-1.000000E+3	-1.000400E+0	-5.760000E-4	1.736806E+6	1.850639E+6	5.403000E-4	9.999000E-1	9.910000E+37	-5.760000E-4	-1.720486E+44	1.834166E+44	5.403000E-4	9.910000E+37	5.000000E-1	0.000000E+0	1.000000E-1	1.100000E+1	1.000000E-1	1.100000E+1	1.000000E+0	3.330000E+2
1.602530E+1	-1.000000E+3	-1.000600E+0	-5.850000E-4	1.710427E+6	1.832295E+6	5.456000E-4	9.997000E-1	9.910000E+37	-5.850000E-4	-1.694017E+44	1.816349E+44	5.456000E-4	9.910000E+37	5.000000E-1	0.000000E+0	1.000000E-1	1.100000E+1	1.000000E-1	1.100000E+1	1.000000E+0	3.340000E+2
1.607309E+1	-1.000000E+3	-1.000000E+0	-5.712000E-4	1.750700E+6	1.821773E+6	5.493000E-4	1.000700E+0	9.910000E+37	-5.712000E-4	-1.734944E+44	1.804114E+44	5.493000E-4	9.910000E+37	5.000000E-1	0.000000E+0	1.000000E-1	1.100000E+1	1.000000E-1	1.100000E+1	1.000000E+0	3.350000E+2
1.612081E+1	-1.000000E+3	-9.997000E-1	-5.653000E-4	1.768442E+6	1.822190E+6	5.489000E-4	1.000200E+0	9.910000E+37	-5.653000E-4	-1.753051E+44	1.805429E+44	5.489000E-4	9.910000E+37	5.000000E-1	0.000000E+0	1.000000E-1	1.100000E+1	1.000000E-1	1.100000E+1	1.000000E+0	3.360000E+2
1.616857E+1	-1.000000E+3	-1.000000E+0	-5.717000E-4	1.749169E+6	1.824549E+6	5.483000E-4	1.000400E+0	9.910000E+37	-5.717000E-4	-1.733427E+44	1.807405E+44	5.483000E-4	9.910000E+37	5.000000E-1	0.000000E+0	1.000000E-1	1.100000E+1	1.000000E-1	1.100000E+1	1.000000E+0	3.370000E+2
1.621628E+1	-1.000000E+3	-1.000300E+0	-5.678000E-4	1.761712E+6	1.848272E+6	5.411000E-4	1.000100E+0	9.910000E+37	-5.678000E-4	-1.745333E+44	1.831454E+44	5.411000E-4	9.910000E+37	5.000000E-1	0.000000E+0	1.000000E-1	1.100000E+1	1.000000E-1	1.100000E+1	1.000000E+0	3.380000E+2
1.626390E+1	-1.000000E+3	-1.000700E+0	-5.782000E-4	1.730716E+6	1.824055E+6	5.479000E-4	9.994000E-1	9.910000E+37	-5.782000E-4	-1.713940E+44	1.808724E+44	5.479000E-4	9.910000E+37	5.000000E-1	0.000000E+0	1.000000E-1	1.100000E+1	1.000000E-1	1.100000E+1	1.000000E+0	3.390000E+2
1.631162E+1	-1.000000E+3	-1.000300E+0	-5.726000E-4	1.746944E+6	1.869622E+6	5.346000E-4	9.995000E-1	9.910000E+37	-5.726000E-4	-1.730702E+44	1.853722E+44	5.346000E-4	9.910000E+37	5.000000E-1	0.000000E+0	1.000000E-1	1.100000E+1	1.000000E-1	1.100000E+1	1.000000E+0	3.400000E+2
1.635949E+1	-1.000000E+3	-1.000900E+0	-5.724000E-4	1.748602E+6	1.847975E+6	5.407000E-4	9.992000E-1	9.910000E+37	-5.724000E-4	-1.731307E+44	1.832809E+44	5.407000E-4	9.910000E+37	5.000000E-1	0.000000E+0	1.000000E-1	1.100000E+1	1.000000E-1	1.100000E+1	1.000000E+0	3.410000E+2
1.640736E+1	-1.000000E+3	-9.990000E-1	-5.609000E-4	1.781066E+6	1.799604E+6	5.554000E-4	9.995000E-1	9.910000E+37	-5.609000E-4	-1.766803E+44	1.784300E+44	5.554000E-4	9.910000E+37	5.000000E-1	0.000000E+0	1.000000E-1	1.100000E+1	1.000000E-1	1.100000E+1	1.000000E+0	3.420000E+2
1.645502E+1	-1.000000E+3	-1.000200E+0	-5.625000E-4	1.778133E+6	1.794973E+6	5.570000E-4	9.998000E-1	9.910000E+37	-5.625000E-4	-1.761778E+44	1.779174E+44	5.570000E-4	9.910000E+37	5.000000E-1	0.000000E+0	1.000000E-1	1.100000E+1	1.000000E-1	1.100000E+1	1.000000E+0	3.430000E+2
1.650274E+1	-1.000000E+3	-1.000000E+0	-5.686000E-4	1.758706E+6	1.831594E+6	5.463000E-4	1.000600E+0	9.910000E+37	-5.686000E-4	-1.742877E+44	1.814022E+44	5.463000E-4	9.910000E+37	5.000000E-1	0.000000E+0	1.000000E-1	1.100000E+1	1.000000E-1	1.100000E+1	1.000000E+0	3.440000E+2
1.655045E+1	-1.000000E+3	-1.000200E+0	-5.696000E-4	1.755969E+6	1.803211E+6	5.544000E-4	9.997000E-1	9.910000E+37	-5.696000E-4	-1.739817E+44	1.787518E+44	5.544000E-4	9.910000E+37	5.000000E-1	0.000000E+0	1.000000E-1	1.100000E+1	1.000000E-1	1.100000E+1	1.000000E+0	3.450000E+2
1.659837E+1	-1.000000E+3	-1.000600E+0	-5.846000E-4	1.711598E+6	1.820928E+6	5.495000E-4	1.000600E+0	9.910000E+37	-5.846000E-4	-1.695176E+44	1.803458E+44	5.495000E-4	9.910000E+37	5.000000E-1	0.000000E+0	1.000000E-1	1.100000E+1	1.000000E-1	1.100000E+1	1.000000E+0	3.460000E+2
1.664604E+1	-1.000000E+3	-9.995000E-1	-5.718000E-4	1.747989E+6	1.813010E+6	5.519000E-4	1.000600E+0	9.910000E+37	-5.718000E-4	-1.733123E+44	1.795615E+44	5.519000E-4	9.910000E+37	5.000000E-1	0.000000E+0	1.000000E-1	1.100000E+1	1.000000E-1	1.100000E+1	1.000000E+0	3.470000E+2
1.669387E+1	-1.000000E+3	-1.000500E+0	-5.761000E-4	1.736678E+6	1.816564E+6	5.506000E-4	1.000200E+0	9.910000E+37	-5.761000E-4	-1.720187E+44	1.799855E+44	5.506000E-4	9.910000E+37	5.000000E-1	0.000000E+0	1.000000E-1	1.100000E+1	1.000000E-1	1.100000E+1	1.000000E+0	3.480000E+2
1.674159E+1	-1.000000E+3	-1.001400E+0	-5.905000E-4	1.695851E+6	1.835596E+6	5.450000E-4	1.000400E+0	9.910000E+37	-5.905000E-4	-1.678239E+44	1.818349E+44	5.450000E-4	9.910000E+37	5.000000E-1	0.000000E+0	1.000000E-1	1.100000E+1	1.000000E-1	1.100000E+1	1.000000E+0	3.490000E+2
1.678936E+1	-1.000000E+3	-1.000300E+0	-5.844000E-4	1.711670E+6	1.818099E+6	5.503000E-4	1.000500E+0	9.910000E+37	-5.844000E-4	-1.695756E+44	1.800836E+44	5.503000E-4	9.910000E+37	5.000000E-1	0.000000E+0	1.000000E-1	1.100000E+1	1.000000E-1	1.100000E+1	1.000000E+0	3.500000E+2
1.683708E+1	-1.000000E+3	-9.994000E-1	-5.693000E-4	1.755489E+6	1.821409E+6	5.493000E-4	1.000500E+0	9.910000E+37	-5.693000E-4	-1.740734E+44	1.804114E+44	5.493000E-4	9.910000E+37	5.000000E-1	0.000000E+0	1.000000E-1	1.100000E+1	1.000000E-1	1.100000E+1	1.000000E+0	3.510000E+2
1.688483E+1	-1.000000E+3	-1.000500E+0	-5.784000E-4	1.729772E+6	1.809481E+6	5.527000E-4	1.000100E+0	9.910000E+37	-5.784000E-4	-1.713347E+44	1.793016E+44	5.527000E-4	9.910000E+37	5.000000E-1	0.000000E+0	1.000000E-1	1.100000E+1	1.000000E-1	1.100000E+1	1.000000E+0	3.520000E+2
1.693259E+1	-1.000000E+3	-9.993000E-1	-5.765000E-4	1.733391E+6	1.833884E+6	5.448000E-4	9.991000E-1	9.910000E+37	-5.765000E-4	-1.718994E+44	1.819016E+44	5.448000E-4	9.910000E+37	5.000000E-1	0.000000E+0	1.000000E-1	1.100000E+1	1.000000E-1	1.100000E+1	1.000000E+0	3.530000E+2
1.698027E+1	-1.000000E+3	-9.999000E-1	-5.713000E-4	1.750219E+6	1.835445E+6	5.445000E-4	9.994000E-1	9.910000E+37	-5.713000E-4	-1.734640E+44	1.820018E+44	5.445000E-4	9.910000E+37	5.000000E-1	0.000000E+0	1.000000E-1	1.100000E+1	1.000000E-1	1.100000E+1	1.000000E+0	3.540000E+2
1.702794E+1	-1.000000E+3	-9.992000E-1	-5.740000E-4	1.740767E+6	1.781478E+6	5.615000E-4	1.000300E+0	9.910000E+37	-5.740000E-4	-1.726481E+44	1.764915E+44	5.615000E-4	9.910000E+37	5.000000E-1	0.000000E+0	1.000000E-1	1.100000E+1	1.000000E-1	1.100000E+1	1.000000E+0	3.550000E+2
1.707566E+1	-1.000000E+3	-1.000600E+0	-5.724000E-4	1.748078E+6	1.829246E+6	5.464000E-4	9.995000E-1	9.910000E+37	-5.724000E-4	-1.731307E+44	1.813690E+44	5.464000E-4	9.910000E+37	5.000000E-1	0.000000E+0	1.000000E-1	1.100000E+1	1.000000E-1	1.100000E+1	1.000000E+0	3.560000E+2
1.712348E+1	-1.000000E+3	-9.989000E-1	-5.695000E-4	1.753995E+6	1.813123E+6	5.517000E-4	1.000300E+0	9.910000E+37	-5.695000E-4	-1.740123E+44	1.796266E+44	5.517000E-4	9.910000E+37	5.000000E-1	0.000000E+0	1.000000E-1	1.100000E+1	1.000000E-1	1.100000E+1	1.000000E+0	3.570000E+2
1.717122E+1	-1.000000E+3	-9.989000E-1	-5.704000E-4	1.751227E+6	1.806213E+6	5.537000E-4	1.000100E+0	9.910000E+37	-5.704000E-4	-1.737377E+44	1.789778E+44	5.537000E-4	9.910000E+37	5.000000E-1	0.000000E+0	1.000000E-1	1.100000E+1	1.000000E-1	1.100000E+1	1.000000E+0	3.580000E+2
1.721890E+1	-1.000000E+3	-1.000500E+0	-5.715000E-4	1.750656E+6	1.815178E+6	5.508000E-4	9.998000E-1	9.910000E+37	-5.715000E-4	-1.734033E+44	1.799201E+44	5.508000E-4	9.910000E+37	5.000000E-1	0.000000E+0	1.000000E-1	1.100000E+1	1.000000E-1	1.100000E+1	1.000000E+0	3.590000E+2
1.726657E+1	-1.000000E+3	-9.990000E-1	-5.732000E-4	1.742847E+6	1.806218E+6	5.532000E-4	9.992000E-1	9.910000E+37	-5.732000E-4	-1.728890E+44	1.791396E+44	5.532000E-4	9.910000E+37	5.000000E-1	0.000000E+0	1.000000E-1	1.100000E+1	1.000000E-1	1.100000E+1	1.000000E+0	3.600000E+2
1.731444E+1	-1.000000E+3	-1.000000E+0	-5.735000E-4	1.743679E+6	1.818182E+6	5.500000E-4	1.000000E+0	9.910000E+37	-5.735000E-4	-1.727986E+44	1.801818E+44	5.500000E-4	9.910000E+37	5.000000E-1	0.000000E+0	1.000000E-1	1.100000E+1	1.000000E-1	1.100000E+1	1.000000E+0	3.610000E+2
1.736231E+1	-1.000000E+3	-9.985000E-1	-5.696000E-4	1.752985E+6	1.766731E+6	5.663000E-4	1.000500E+0	9.910000E+37	-5.696000E-4	-1.739817E+44	1.749956E+44	5.663000E-4	9.910000E+37	5.000000E-1	0.000000E+0	1.000000E-1	1.100000E+1	1.000000E-1	1.100000E+1	1.000000E+0	3.620000E+2
1.741003E+1	-1.000000E+3	-1.000200E+0	-5.798000E-4	1.725078E+6	1.786710E+6	5.598000E-4	1.000200E+0	9.910000E+37	-5.798000E-4	-1.709210E+44	1.770275E+44	5.598000E-4	9.910000E+37	5.000000E-1	0.000000E+0	1.000000E-1	1.100000E+1	1.000000E-1	1.100000E+1	1.000000E+0	3.630000E+2
1.745773E+1	-1.000000E+3	-9.998000E-1	-5.718000E-4	1.748513E+6	1.807525E+6	5.528000E-4	9.992000E-1	9.910000E+37	-5.718000E-4	-1.733123E+44	1.792692E+44	5.528000E-4	9.910000E+37	5.000000E-1	0.000000E+0	1.000000E-1	1.100000E+1	1.000000E-1	1.100000E+1	1.000000E+0	3.640000E+2
1.750562E+1	-1.000000E+3	-9.997000E-1	-5.845000E-4	1.710351E+6	1.808207E+6	5.532000E-4	1.000300E+0	9.910000E+37	-5.845000E-4	-1.695466E+44	1.791396E+44	5.532000E-4	9.910000E+37	5.000000E-1	0.000000E+0	1.000000E-1	1.100000E+1	1.000000E-1	1.100000E+1	1.000000E+0	3.650000E+2
1.755324E+1	-1.000000E+3	-1.001000E+0	-5.933000E-4	1.687173E+6	1.823369E+6	5.486000E-4	1.000300E+0	9.910000E+37	-5.933000E-4	-1.670319E+44	1.806416E+44	5.486000E-4	9.910000E+37	5.000000E-1	0.000000E+0	1.000000E-1	1.100000E+1	1.000000E-1	1.100000E+1	1.000000E+0	3.660000E+2
1.760091E+1	-1.000000E+3	-9.996000E-1	-5.813000E-4	1.719594E+6	1.820583E+6	5.490000E-4	9.995000E-1	9.910000E+37	-5.813000E-4	-1.704800E+44	1.805100E+44	5.490000E-4	9.910000E+37	5.000000E-1	0.000000E+0	1.000000E-1	1.100000E+1	1.000000E-1	1.100000E+1	1.000000E+0	3.670000E+2
1.764881E+1	-1.000000E+3	-9.995000E-1	-5.702000E-4	1.752894E+6	1.773976E+6	5.641000E-4	1.000700E+0	9.910000E+37	-5.702000E-4	-1.737987E+44	1.756781E+44	5.641000E-4	9.910000E+37	5.000000E-1	0.000000E+0	1.000000E-1	1.100000E+1	1.000000E-1	1.100000E+1	1.000000E+0	3.680000E+2
1.769653E+1	-1.000000E+3	-9.992000E-1	-5.652000E-4	1.767870E+6	1.791794E+6	5.581000E-4	1.000000E+0	9.910000E+37	-5.652000E-4	-1.753362E+44	1.775667E+44	5.581000E-4	9.910000E+37	5.000000E-1	0.000000E+0	1.000000E-1	1.100000E+1	1.000000E-1	1.100000E+1	1.000000E+0	3.690000E+2
1.774435E+1	-1.000000E+3	-9.993000E-1	-5.845000E-4	1.709666E+6	1.814325E+6	5.515000E-4	1.000600E+0	9.910000E+37	-5.845000E-4	-1.695466E+44	1.796917E+44	5.515000E-4	9.910000E+37	5.000000E-1	0.000000E+0	1.000000E-1	1.100000E+1	1.000000E-1	1.100000E+1	1.000000E+0	3.700000E+2
1.779203E+1	-1.000000E+3	-1.000300E+0	-5.829000E-4	1.716075E+6	1.830648E+6	5.462000E-4	9.999000E-1	9.910000E+37	-5.829000E-4	-1.700120E+44	1.814354E+44	5.462000E-4	9.910000E+37	5.000000E-1	0.000000E+0	1.000000E-1	1.100000E+1	1.000000E-1	1.100000E+1	1.000000E+0	3.710000E+2
1.783980E+1	-1.000000E+3	-1.000500E+0	-5.833000E-4	1.715241E+6	1.794403E+6	5.574000E-4	1.000200E+0	9.910000E+37	-5.833000E-4	-1.698954E+44	1.777897E+44	5.574000E-4	9.910000E+37	5.000000E-1	0.000000E+0	1.000000E-1	1.100000E+1	1.000000E-1	1.100000E+1	1.000000E+0	3.720000E+2
1.788772E+1	-1.000000E+3	-9.989000E-1	-5.798000E-4	1.722835E+6	1.848474E+6	5.405000E-4	9.991000E-1	9.910000E+37	-5.798000E-4	-1.709210E+44	1.833488E+44	5.405000E-4	9.910000E+37	5.000000E-1	0.000000E+0	1.000000E-1	1.100000E+1	1.000000E-1	1.100000E+1	1.000000E+0	3.730000E+2
1.793556E+1	-1.000000E+3	-1.000100E+0	-5.804000E-4	1.723122E+6	1.815474E+6	5.506000E-4	9.996000E-1	9.910000E+37	-5.804000E-4	-1.707443E+44	1.799855E+44	5.506000E-4	9.910000E+37	5.000000E-1	0.000000E+0	1.000000E-1	1.100000E+1	1.000000E-1	1.100000E+1	1.000000E+0	3.740000E+2
1.798345E+1	-1.000000E+3	-9.998000E-1	-5.758000E-4	1.736367E+6	1.809670E+6	5.522000E-4	9.993000E-1	9.910000E+37	-5.758000E-4	-1.721084E+44	1.794640E+44	5.522000E-4	9.910000E+37	5.000000E-1	0.000000E+0	1.000000E-1	1.100000E+1	1.000000E-1	1.100000E+1	1.000000E+0	3.750000E+2
1.803131E+1	-1.000000E+3	-9.994000E-1	-5.801000E-4	1.722806E+6	1.800756E+6	5.556000E-4	1.000500E+0	9.910000E+37	-5.801000E-4	-1.708326E+44	1.783657E+44	5.556000E-4	9.910000E+37	5.000000E-1	0.000000E+0	1.000000E-1	1.100000E+1	1.000000E-1	1.100000E+1	1.000000E+0	3.760000E+2
1.807895E+1	-1.000000E+3	-1.000100E+0	-5.797000E-4	1.725203E+6	1.791726E+6	5.584000E-4	1.000500E+0	9.910000E+37	-5.797000E-4	-1.709505E+44	1.774713E+44	5.584000E-4	9.910000E+37	5.000000E-1	0.000000E+0	1.000000E-1	1.100000E+1	1.000000E-1	1.100000E+1	1.000000E+0	3.770000E+2
1.812669E+1	-1.000000E+3	-1.000500E+0	-5.817000E-4	1.719959E+6	1.793654E+6	5.578000E-4	1.000500E+0	9.910000E+37	-5.817000E-4	-1.703627E+44	1.776622E+44	5.578000E-4	9.910000E+37	5.000000E-1	0.000000E+0	1.000000E-1	1.100000E+1	1.000000E-1	1.100000E+1	1.000000E+0	3.780000E+2
1.817442E+1	-1.000000E+3	-1.000100E+0	-5.804000E-4	1.723122E+6	1.797771E+6	5.563000E-4	1.000100E+0	9.910000E+37	-5.804000E-4	-1.707443E+44	1.781413E+44	5.563000E-4	9.910000E+37	5.000000E-1	0.000000E+0	1.000000E-1	1.100000E+1	1.000000E-1	1.100000E+1	1.000000E+0	3.790000E+2
1.822206E+1	-1.000000E+3	-1.000400E+0	-5.821000E-4	1.718605E+6	1.795406E+6	5.572000E-4	1.000400E+0	9.910000E+37	-5.821000E-4	-1.702457E+44	1.778536E+44	5.572000E-4	9.910000E+37	5.000000E-1	0.000000E+0	1.000000E-1	1.100000E+1	1.000000E-1	1.100000E+1	1.000000E+0	3.800000E+2
1.826973E+1	-1.000000E+3	-9.993000E-1	-5.843000E-4	1.710252E+6	1.805601E+6	5.535000E-4	9.994000E-1	9.910000E+37	-5.843000E-4	-1.696047E+44	1.790425E+44	5.535000E-4	9.910000E+37	5.000000E-1	0.000000E+0	1.000000E-1	1.100000E+1	1.000000E-1	1.100000E+1	1.000000E+0	3.810000E+2
1.831740E+1	-1.000000E+3	-1.000200E+0	-5.802000E-4	1.723888E+6	1.766119E+6	5.661000E-4	9.998000E-1	9.910000E+37	-5.802000E-4	-1.708032E+44	1.750574E+44	5.661000E-4	9.910000E+37	5.000000E-1	0.000000E+0	1.000000E-1	1.100000E+1	1.000000E-1	1.100000E+1	1.000000E+0	3.820000E+2
1.836505E+1	-1.000000E+3	-9.996000E-1	-5.806000E-4	1.721667E+6	1.758966E+6	5.688000E-4	1.000500E+0	9.910000E+37	-5.806000E-4	-1.706855E+44	1.742264E+44	5.688000E-4	9.910000E+37	5.000000E-1	0.000000E+0	1.000000E-1	1.100000E+1	1.000000E-1	1.100000E+1	1.000000E+0	3.830000E+2
1.841272E+1	-1.000000E+3	-1.000300E+0	-5.832000E-4	1.715192E+6	1.793537E+6	5.570000E-4	9.990000E-1	9.910000E+37	-5.832000E-4	-1.699246E+44	1.779174E+44	5.570000E-4	9.910000E+37	5.000000E-1	0.000000E+0	1.000000E-1	1.100000E+1	1.000000E-1	1.100000E+1	1.000000E+0	3.840000E+2
1.846036E+1	-1.000000E+3	-9.998000E-1	-5.795000E-4	1.725280E+6	1.765879E+6	5.668000E-4	1.000900E+0	9.910000E+37	-5.795000E-4	-1.710095E+44	1.748412E+44	5.668000E-4	9.910000E+37	5.000000E-1	0.000000E+0	1.000000E-1	1.100000E+1	1.000000E-1	1.100000E+1	1.000000E+0	3.850000E+2
1.850809E+1	-1.000000E+3	-1.000600E+0	-5.871000E-4	1.704309E+6	1.776711E+6	5.625000E-4	9.994000E-1	9.910000E+37	-5.871000E-4	-1.687958E+44	1.761778E+44	5.625000E-4	9.910000E+37	5.000000E-1	0.000000E+0	1.000000E-1	1.100000E+1	1.000000E-1	1.100000E+1	1.000000E+0	3.860000E+2
1.855594E+1	-1.000000E+3	-1.000200E+0	-5.907000E-4	1.693245E+6	1.796406E+6	5.565000E-4	9.997000E-1	9.910000E+37	-5.907000E-4	-1.677671E+44	1.780773E+44	5.565000E-4	9.910000E+37	5.000000E-1	0.000000E+0	1.000000E-1	1.100000E+1	1.000000E-1	1.100000E+1	1.000000E+0	3.870000E+2
1.860365E+1	-1.000000E+3	-1.000600E+0	-5.853000E-4	1.709551E+6	1.799676E+6	5.556000E-4	9.999000E-1	9.910000E+37	-5.853000E-4	-1.693149E+44	1.783657E+44	5.556000E-4	9.910000E+37	5.000000E-1	0.000000E+0	1.000000E-1	1.100000E+1	1.000000E-1	1.100000E+1	1.000000E+0	3.880000E+2
1.865132E+1	-1.000000E+3	-9.996000E-1	-5.877000E-4	1.700868E+6	1.815393E+6	5.509000E-4	1.000100E+0	9.910000E+37	-5.877000E-4	-1.686234E+44	1.798875E+44	5.509000E-4	9.910000E+37	5.000000E-1	0.000000E+0	1.000000E-1	1.100000E+1	1.000000E-1	1.100000E+1	1.000000E+0	3.890000E+2
1.869915E+1	-1.000000E+3	-1.000500E+0	-5.759000E-4	1.737281E+6	1.766608E+6	5.660000E-4	9.999000E-1	9.910000E+37	-5.759000E-4	-1.720785E+44	1.750883E+44	5.660000E-4	9.910000E+37	5.000000E-1	0.000000E+0	1.000000E-1	1.100000E+1	1.000000E-1	1.100000E+1	1.000000E+0	3.900000E+2
1.874692E+1	-1.000000E+3	-1.000500E+0	-5.823000E-4	1.718187E+6	1.792510E+6	5.581000E-4	1.000400E+0	9.910000E+37	-5.823000E-4	-1.701872E+44	1.775667E+44	5.581000E-4	9.910000E+37	5.000000E-1	0.000000E+0	1.000000E-1	1.100000E+1	1.000000E-1	1.100000E+1	1.000000E+0	3.910000E+2
1.879464E+1	-1.000000E+3	-1.000300E+0	-5.881000E-4	1.700901E+6	1.816597E+6	5.507000E-4	1.000400E+0	9.910000E+37	-5.881000E-4	-1.685088E+44	1.799528E+44	5.507000E-4	9.910000E+37	5.000000E-1	0.000000E+0	1.000000E-1	1.100000E+1	1.000000E-1	1.100000E+1	1.000000E+0	3.920000E+2
1.884233E+1	-1.000000E+3	-1.000800E+0	-5.913000E-4	1.692542E+6	1.809843E+6	5.527000E-4	1.000300E+0	9.910000E+37	-5.913000E-4	-1.675968E+44	1.793016E+44	5.527000E-4	9.910000E+37	5.000000E-1	0.000000E+0	1.000000E-1	1.100000E+1	1.000000E-1	1.100000E+1	1.000000E+0	3.930000E+2
1.889015E+1	-1.000000E+3	-9.996000E-1	-5.847000E-4	1.709595E+6	1.774938E+6	5.634000E-4	1.000000E+0	9.910000E+37	-5.847000E-4	-1.694886E+44	1.758963E+44	5.634000E-4	9.910000E+37	5.000000E-1	0.000000E+0	1.000000E-1	1.100000E+1	1.000000E-1	1.100000E+1	1.000000E+0	3.940000E+2
1.893792E+1	-1.000000E+3	-1.000100E+0	-5.916000E-4	1.690500E+6	1.828639E+6	5.468000E-4	9.999000E-1	9.910000E+37	-5.916000E-4	-1.675118E+44	1.812363E+44	5.468000E-4	9.910000E+37	5.000000E-1	0.000000E+0	1.000000E-1	1.100000E+1	1.000000E-1	1.100000E+1	1.000000E+0	3.950000E+2
1.898554E+1	-1.000000E+3	-9.995000E-1	-5.880000E-4	1.699830E+6	1.766378E+6	5.663000E-4	1.000300E+0	9.910000E+37	-5.880000E-4	-1.685374E+44	1.749956E+44	5.663000E-4	9.910000E+37	5.000000E-1	0.000000E+0	1.000000E-1	1.100000E+1	1.000000E-1	1.100000E+1	1.000000E+0	3.960000E+2
1.903321E+1	-1.000000E+3	-9.997000E-1	-5.872000E-4	1.702486E+6	1.775492E+6	5.639000E-4	1.001200E+0	9.910000E+37	-5.872000E-4	-1.687670E+44	1.757404E+44	5.639000E-4	9.910000E+37	5.000000E-1	0.000000E+0	1.000000E-1	1.100000E+1	1.000000E-1	1.100000E+1	1.000000E+0	3.970000E+2
1.908092E+1	-1.000000E+3	-1.000700E+0	-5.855000E-4	1.709137E+6	1.784695E+6	5.606000E-4	1.000500E+0	9.910000E+37	-5.855000E-4	-1.692570E+44	1.767749E+44	5.606000E-4	9.910000E+37	5.000000E-1	0.000000E+0	1.000000E-1	1.100000E+1	1.000000E-1	1.100000E+1	1.000000E+0	3.980000E+2
1.912883E+1	-1.000000E+3	-1.000700E+0	-5.873000E-4	1.703899E+6	1.772107E+6	5.643000E-4	1.000000E+0	9.910000E+37	-5.873000E-4	-1.687383E+44	1.756158E+44	5.643000E-4	9.910000E+37	5.000000E-1	0.000000E+0	1.000000E-1	1.100000E+1	1.000000E-1	1.100000E+1	1.000000E+0	3.990000E+2
1.917660E+1	-1.000000E+3	-9.990000E-1	-5.839000E-4	1.710909E+6	1.791928E+6	5.575000E-4	9.990000E-1	9.910000E+37	-5.839000E-4	-1.697208E+44	1.777578E+44	5.575000E-4	9.910000E+37	5.000000E-1	0.000000E+0	1.000000E-1	1.100000E+1	1.000000E-1	1.100000E+1	1.000000E+0	4.000000E+2
1.922442E+1	-1.000000E+3	-9.984000E-1	-5.838000E-4	1.710175E+6	1.813996E+6	5.516000E-4	1.000600E+0	9.910000E+37	-5.838000E-4	-1.697499E+44	1.796592E+44	5.516000E-4	9.910000E+37	5.000000E-1	0.000000E+0	1.000000E-1	1.100000E+1	1.000000E-1	1.100000E+1	1.000000E+0	4.010000E+2
1.927219E+1	-1.000000E+3	-9.993000E-1	-5.796000E-4	1.724120E+6	1.775133E+6	5.630000E-4	9.994000E-1	9.910000E+37	-5.796000E-4	-1.709800E+44	1.760213E+44	5.630000E-4	9.910000E+37	5.000000E-1	0.000000E+0	1.000000E-1	1.100000E+1	1.000000E-1	1.100000E+1	1.000000E+0	4.020000E+2
1.931997E+1	-1.000000E+3	-9.989000E-1	-5.904000E-4	1.691904E+6	1.754383E+6	5.704000E-4	1.000700E+0	9.910000E+37	-5.904000E-4	-1.678523E+44	1.737377E+44	5.704000E-4	9.910000E+37	5.000000E-1	0.000000E+0	1.000000E-1	1.100000E+1	1.000000E-1	1.100000E+1	1.000000E+0	4.030000E+2
1.936769E+1	-1.000000E+3	-1.001000E+0	-5.913000E-4	1.692880E+6	1.783702E+6	5.608000E-4	1.000300E+0	9.910000E+37	-5.913000E-4	-1.675968E+44	1.767118E+44	5.608000E-4	9.910000E+37	5.000000E-1	0.000000E+0	1.000000E-1	1.100000E+1	1.000000E-1	1.100000E+1	1.000000E+0	4.040000E+2
1.941533E+1	-1.000000E+3	-1.000000E+0	-5.844000E-4	1.711157E+6	1.791973E+6	5.581000E-4	1.000100E+0	9.910000E+37	-5.844000E-4	-1.695756E+44	1.775667E+44	5.581000E-4	9.910000E+37	5.000000E-1	0.000000E+0	1.000000E-1	1.100000E+1	1.000000E-1	1.100000E+1	1.000000E+0	4.050000E+2
1.946296E+1	-1.000000E+3	-1.000500E+0	-5.926000E-4	1.688323E+6	1.784363E+6	5.602000E-4	9.996000E-1	9.910000E+37	-5.926000E-4	-1.672292E+44	1.769011E+44	5.602000E-4	9.910000E+37	5.000000E-1	0.000000E+0	1.000000E-1	1.100000E+1	1.000000E-1	1.100000E+1	1.000000E+0	4.060000E+2
1.951068E+1	-1.000000E+3	-1.000200E+0	-5.919000E-4	1.689812E+6	1.814680E+6	5.504000E-4	9.988000E-1	9.910000E+37	-5.919000E-4	-1.674269E+44	1.800509E+44	5.504000E-4	9.910000E+37	5.000000E-1	0.000000E+0	1.000000E-1	1.100000E+1	1.000000E-1	1.100000E+1	1.000000E+0	4.070000E+2
1.955864E+1	-1.000000E+3	-1.000400E+0	-5.997000E-4	1.668167E+6	1.779616E+6	5.622000E-4	1.000500E+0	9.910000E+37	-5.997000E-4	-1.652493E+44	1.762718E+44	5.622000E-4	9.910000E+37	5.000000E-1	0.000000E+0	1.000000E-1	1.100000E+1	1.000000E-1	1.100000E+1	1.000000E+0	4.080000E+2
1.960629E+1	-1.000000E+3	-1.000700E+0	-5.981000E-4	1.673132E+6	1.778410E+6	5.623000E-4	1.000000E+0	9.910000E+37	-5.981000E-4	-1.656914E+44	1.762404E+44	5.623000E-4	9.910000E+37	5.000000E-1	0.000000E+0	1.000000E-1	1.100000E+1	1.000000E-1	1.100000E+1	1.000000E+0	4.090000E+2
1.965392E+1	-1.000000E+3	-9.995000E-1	-5.928000E-4	1.686066E+6	1.837624E+6	5.438000E-4	9.993000E-1	9.910000E+37	-5.928000E-4	-1.671727E+44	1.822361E+44	5.438000E-4	9.910000E+37	5.000000E-1	0.000000E+0	1.000000E-1	1.100000E+1	1.000000E-1	1.100000E+1	1.000000E+0	4.100000E+2
1.970166E+1	-1.000000E+3	-9.999000E-1	-5.883000E-4	1.699643E+6	1.780327E+6	5.622000E-4	1.000900E+0	9.910000E+37	-5.883000E-4	-1.684515E+44	1.762718E+44	5.622000E-4	9.910000E+37	5.000000E-1	0.000000E+0	1.000000E-1	1.100000E+1	1.000000E-1	1.100000E+1	1.000000E+0	4.110000E+2
1.974950E+1	-1.000000E+3	-9.997000E-1	-5.897000E-4	1.695269E+6	1.794794E+6	5.570000E-4	9.997000E-1	9.910000E+37	-5.897000E-4	-1.680516E+44	1.779174E+44	5.570000E-4	9.910000E+37	5.000000E-1	0.000000E+0	1.000000E-1	1.100000E+1	1.000000E-1	1.100000E+1	1.000000E+0	4.120000E+2
1.979725E+1	-1.000000E+3	-1.000100E+0	-5.976000E-4	1.673527E+6	1.781439E+6	5.614000E-4	1.000100E+0	9.910000E+37	-5.976000E-4	-1.658300E+44	1.765230E+44	5.614000E-4	9.910000E+37	5.000000E-1	0.000000E+0	1.000000E-1	1.100000E+1	1.000000E-1	1.100000E+1	1.000000E+0	4.130000E+2
1.984499E+1	-1.000000E+3	-9.999000E-1	-5.805000E-4	1.722481E+6	1.759937E+6	5.686000E-4	1.000700E+0	9.910000E+37	-5.805000E-4	-1.707149E+44	1.742877E+44	5.686000E-4	9.910000E+37	5.000000E-1	0.000000E+0	1.000000E-1	1.100000E+1	1.000000E-1	1.100000E+1	1.000000E+0	4.140000E+2
1.989269E+1	-1.000000E+3	-1.000000E+0	-5.833000E-4	1.714384E+6	1.769204E+6	5.650000E-4	9.996000E-1	9.910000E+37	-5.833000E-4	-1.698954E+44	1.753982E+44	5.650000E-4	9.910000E+37	5.000000E-1	0.000000E+0	1.000000E-1	1.100000E+1	1.000000E-1	1.100000E+1	1.000000E+0	4.150000E+2
1.994036E+1	-1.000000E+3	-1.000000E+0	-5.882000E-4	1.700102E+6	1.802741E+6	5.546000E-4	9.998000E-1	9.910000E+37	-5.882000E-4	-1.684801E+44	1.786873E+44	5.546000E-4	9.910000E+37	5.000000E-1	0.000000E+0	1.000000E-1	1.100000E+1	1.000000E-1	1.100000E+1	1.000000E+0	4.160000E+2
1.998803E+1	-1.000000E+3	-1.001100E+0	-5.926000E-4	1.689335E+6	1.769462E+6	5.652000E-4	1.000100E+0	9.910000E+37	-5.926000E-4	-1.672292E+44	1.753362E+44	5.652000E-4	9.910000E+37	5.000000E-1	0.000000E+0	1.000000E-1	1.100000E+1	1.000000E-1	1.100000E+1	1.000000E+0	4.170000E+2
2.003568E+1	-1.000000E+3	-9.994000E-1	-5.898000E-4	1.694473E+6	1.756320E+6	5.696000E-4	1.000400E+0	9.910000E+37	-5.898000E-4	-1.680231E+44	1.739817E+44	5.696000E-4	9.910000E+37	5.000000E-1	0.000000E+0	1.000000E-1	1.100000E+1	1.000000E-1	1.100000E+1	1.000000E+0	4.180000E+2
2.008330E+1	-1.000000E+3	-1.000300E+0	-5.913000E-4	1.691696E+6	1.768986E+6	5.649000E-4	9.993000E-1	9.910000E+37	-5.913000E-4	-1.675968E+44	1.754293E+44	5.649000E-4	9.910000E+37	5.000000E-1	0.000000E+0	1.000000E-1	1.100000E+1	1.000000E-1	1.100000E+1	1.000000E+0	4.190000E+2
2.013097E+1	-1.000000E+3	-9.997000E-1	-5.989000E-4	1.669227E+6	1.755045E+6	5.699000E-4	1.000200E+0	9.910000E+37	-5.989000E-4	-1.654700E+44	1.738902E+44	5.699000E-4	9.910000E+37	5.000000E-1	0.000000E+0	1.000000E-1	1.100000E+1	1.000000E-1	1.100000E+1	1.000000E+0	4.200000E+2
2.017867E+1	-1.000000E+3	-1.000100E+0	-5.946000E-4	1.681971E+6	1.767775E+6	5.654000E-4	9.995000E-1	9.910000E+37	-5.946000E-4	-1.666667E+44	1.752741E+44	5.654000E-4	9.910000E+37	5.000000E-1	0.000000E+0	1.000000E-1	1.100000E+1	1.000000E-1	1.100000E+1	1.000000E+0	4.210000E+2
2.022634E+1	-1.000000E+3	-1.000000E+0	-5.877000E-4	1.701548E+6	1.785995E+6	5.598000E-4	9.998000E-1	9.910000E+37	-5.877000E-4	-1.686234E+44	1.770275E+44	5.598000E-4	9.910000E+37	5.000000E-1	0.000000E+0	1.000000E-1	1.100000E+1	1.000000E-1	1.100000E+1	1.000000E+0	4.220000E+2
2.027398E+1	-1.000000E+3	-1.000300E+0	-5.928000E-4	1.687416E+6	1.817388E+6	5.498000E-4	9.992000E-1	9.910000E+37	-5.928000E-4	-1.671727E+44	1.802474E+44	5.498000E-4	9.910000E+37	5.000000E-1	0.000000E+0	1.000000E-1	1.100000E+1	1.000000E-1	1.100000E+1	1.000000E+0	4.230000E+2
2.032176E+1	-1.000000E+3	-1.000700E+0	-5.948000E-4	1.682414E+6	1.778371E+6	5.622000E-4	9.998000E-1	9.910000E+37	-5.948000E-4	-1.666106E+44	1.762718E+44	5.622000E-4	9.910000E+37	5.000000E-1	0.000000E+0	1.000000E-1	1.100000E+1	1.000000E-1	1.100000E+1	1.000000E+0	4.240000E+2
2.036952E+1	-1.000000E+3	-9.997000E-1	-5.904000E-4	1.693259E+6	1.755134E+6	5.697000E-4	9.999000E-1	9.910000E+37	-5.904000E-4	-1.678523E+44	1.739512E+44	5.697000E-4	9.910000E+37	5.000000E-1	0.000000E+0	1.000000E-1	1.100000E+1	1.000000E-1	1.100000E+1	1.000000E+0	4.250000E+2
2.041723E+1	-1.000000E+3	-1.000300E+0	-5.842000E-4	1.712256E+6	1.758706E+6	5.686000E-4	1.000000E+0	9.910000E+37	-5.842000E-4	-1.696337E+44	1.742877E+44	5.686000E-4	9.910000E+37	5.000000E-1	0.000000E+0	1.000000E-1	1.100000E+1	1.000000E-1	1.100000E+1	1.000000E+0	4.260000E+2
2.046489E+1	-1.000000E+3	-1.001100E+0	-5.927000E-4	1.689050E+6	1.744547E+6	5.731000E-4	9.998000E-1	9.910000E+37	-5.927000E-4	-1.672009E+44	1.729192E+44	5.731000E-4	9.910000E+37	5.000000E-1	0.000000E+0	1.000000E-1	1.100000E+1	1.000000E-1	1.100000E+1	1.000000E+0	4.270000E+2
2.051256E+1	-1.000000E+3	-1.000900E+0	-5.944000E-4	1.683883E+6	1.744989E+6	5.737000E-4	1.001100E+0	9.910000E+37	-5.944000E-4	-1.667227E+44	1.727384E+44	5.737000E-4	9.910000E+37	5.000000E-1	0.000000E+0	1.000000E-1	1.100000E+1	1.000000E-1	1.100000E+1	1.000000E+0	4.280000E+2
2.056043E+1	-1.000000E+3	-9.998000E-1	-5.984000E-4	1.670789E+6	1.788362E+6	5.585000E-4	9.988000E-1	9.910000E+37	-5.984000E-4	-1.656083E+44	1.774396E+44	5.585000E-4	9.910000E+37	5.000000E-1	0.000000E+0	1.000000E-1	1.100000E+1	1.000000E-1	1.100000E+1	1.000000E+0	4.290000E+2
2.060833E+1	-1.000000E+3	-9.995000E-1	-5.945000E-4	1.681245E+6	1.783307E+6	5.607000E-4	9.999000E-1	9.910000E+37	-5.945000E-4	-1.666947E+44	1.767434E+44	5.607000E-4	9.910000E+37	5.000000E-1	0.000000E+0	1.000000E-1	1.100000E+1	1.000000E-1	1.100000E+1	1.000000E+0	4.300000E+2
2.065606E+1	-1.000000E+3	-1.000000E+0	-6.008000E-4	1.664447E+6	1.764239E+6	5.671000E-4	1.000500E+0	9.910000E+37	-6.008000E-4	-1.649467E+44	1.747487E+44	5.671000E-4	9.910000E+37	5.000000E-1	0.000000E+0	1.000000E-1	1.100000E+1	1.000000E-1	1.100000E+1	1.000000E+0	4.310000E+2
2.070390E+1	-1.000000E+3	-9.993000E-1	-5.942000E-4	1.681757E+6	1.766472E+6	5.661000E-4	1.000000E+0	9.910000E+37	-5.942000E-4	-1.667789E+44	1.750574E+44	5.661000E-4	9.910000E+37	5.000000E-1	0.000000E+0	1.000000E-1	1.100000E+1	1.000000E-1	1.100000E+1	1.000000E+0	4.320000E+2
2.075159E+1	-1.000000E+3	-1.000500E+0	-5.948000E-4	1.682078E+6	1.751182E+6	5.711000E-4	1.000100E+0	9.910000E+37	-5.948000E-4	-1.666106E+44	1.735248E+44	5.711000E-4	9.910000E+37	5.000000E-1	0.000000E+0	1.000000E-1	1.100000E+1	1.000000E-1	1.100000E+1	1.000000E+0	4.330000E+2
2.079922E+1	-1.000000E+3	-1.000500E+0	-5.951000E-4	1.681230E+6	1.797985E+6	5.559000E-4	9.995000E-1	9.910000E+37	-5.951000E-4	-1.665266E+44	1.782695E+44	5.559000E-4	9.910000E+37	5.000000E-1	0.000000E+0	1.000000E-1	1.100000E+1	1.000000E-1	1.100000E+1	1.000000E+0	4.340000E+2
2.084681E+1	-1.000000E+3	-9.997000E-1	-5.917000E-4	1.689539E+6	1.775093E+6	5.629000E-4	9.992000E-1	9.910000E+37	-5.917000E-4	-1.674835E+44	1.760526E+44	5.629000E-4	9.910000E+37	5.000000E-1	0.000000E+0	1.000000E-1	1.100000E+1	1.000000E-1	1.100000E+1	1.000000E+0	4.350000E+2
2.089443E+1	-1.000000E+3	-9.999000E-1	-5.893000E-4	1.696759E+6	1.729646E+6	5.785000E-4	1.000600E+0	9.910000E+37	-5.893000E-4	-1.681656E+44	1.713051E+44	5.785000E-4	9.910000E+37	5.000000E-1	0.000000E+0	1.000000E-1	1.100000E+1	1.000000E-1	1.100000E+1	1.000000E+0	4.360000E+2
2.094213E+1	-1.000000E+3	-9.998000E-1	-5.943000E-4	1.682315E+6	1.732905E+6	5.762000E-4	9.985000E-1	9.910000E+37	-5.943000E-4	-1.667508E+44	1.719889E+44	5.762000E-4	9.910000E+37	5.000000E-1	0.000000E+0	1.000000E-1	1.100000E+1	1.000000E-1	1.100000E+1	1.000000E+0	4.370000E+2
2.098975E+1	-1.000000E+3	-1.000000E+0	-5.885000E-4	1.699235E+6	1.795111E+6	5.564000E-4	9.988000E-1	9.910000E+37	-5.885000E-4	-1.683942E+44	1.781093E+44	5.564000E-4	9.910000E+37	5.000000E-1	0.000000E+0	1.000000E-1	1.100000E+1	1.000000E-1	1.100000E+1	1.000000E+0	4.380000E+2
2.103750E+1	-1.000000E+3	-9.992000E-1	-5.854000E-4	1.706867E+6	1.755751E+6	5.695000E-4	9.999000E-1	9.910000E+37	-5.854000E-4	-1.692860E+44	1.740123E+44	5.695000E-4	9.910000E+37	5.000000E-1	0.000000E+0	1.000000E-1	1.100000E+1	1.000000E-1	1.100000E+1	1.000000E+0	4.390000E+2
2.108526E+1	-1.000000E+3	-1.000300E+0	-6.036000E-4	1.657223E+6	1.775905E+6	5.636000E-4	1.000900E+0	9.910000E+37	-6.036000E-4	-1.641816E+44	1.758339E+44	5.636000E-4	9.910000E+37	5.000000E-1	0.000000E+0	1.000000E-1	1.100000E+1	1.000000E-1	1.100000E+1	1.000000E+0	4.400000E+2
2.113301E+1	-1.000000E+3	-1.000300E+0	-5.951000E-4	1.680894E+6	1.745160E+6	5.733000E-4	1.000500E+0	9.910000E+37	-5.951000E-4	-1.665266E+44	1.728589E+44	5.733000E-4	9.910000E+37	5.000000E-1	0.000000E+0	1.000000E-1	1.100000E+1	1.000000E-1	1.100000E+1	1.000000E+0	4.410000E+2
2.118068E+1	-1.000000E+3	-9.995000E-1	-6.006000E-4	1.664169E+6	1.762601E+6	5.674000E-4	1.000100E+0	9.910000E+37	-6.006000E-4	-1.650017E+44	1.746563E+44	5.674000E-4	9.910000E+37	5.000000E-1	0.000000E+0	1.000000E-1	1.100000E+1	1.000000E-1	1.100000E+1	1.000000E+0	4.420000E+2
2.122840E+1	-1.000000E+3	-1.000900E+0	-6.036000E-4	1.658217E+6	1.781540E+6	5.612000E-4	9.998000E-1	9.910000E+37	-6.036000E-4	-1.641816E+44	1.765859E+44	5.612000E-4	9.910000E+37	5.000000E-1	0.000000E+0	1.000000E-1	1.100000E+1	1.000000E-1	1.100000E+1	1.000000E+0	4.430000E+2
2.127605E+1	-1.000000E+3	-9.992000E-1	-5.821000E-4	1.716544E+6	1.745680E+6	5.729000E-4	1.000100E+0	9.910000E+37	-5.821000E-4	-1.702457E+44	1.729796E+44	5.729000E-4	9.910000E+37	5.000000E-1	0.000000E+0	1.000000E-1	1.100000E+1	1.000000E-1	1.100000E+1	1.000000E+0	4.440000E+2
2.132380E+1	-1.000000E+3	-1.000100E+0	-5.940000E-4	1.683670E+6	1.774818E+6	5.631000E-4	9.994000E-1	9.910000E+37	-5.940000E-4	-1.668350E+44	1.759901E+44	5.631000E-4	9.910000E+37	5.000000E-1	0.000000E+0	1.000000E-1	1.100000E+1	1.000000E-1	1.100000E+1	1.000000E+0	4.450000E+2
2.137156E+1	-1.000000E+3	-9.998000E-1	-5.997000E-4	1.667167E+6	1.758530E+6	5.686000E-4	9.999000E-1	9.910000E+37	-5.997000E-4	-1.652493E+44	1.742877E+44	5.686000E-4	9.910000E+37	5.000000E-1	0.000000E+0	1.000000E-1	1.100000E+1	1.000000E-1	1.100000E+1	1.000000E+0	4.460000E+2
2.141923E+1	-1.000000E+3	-9.988000E-1	-5.941000E-4	1.681198E+6	1.776180E+6	5.634000E-4	1.000700E+0	9.910000E+37	-5.941000E-4	-1.668069E+44	1.758963E+44	5.634000E-4	9.910000E+37	5.000000E-1	0.000000E+0	1.000000E-1	1.100000E+1	1.000000E-1	1.100000E+1	1.000000E+0	4.470000E+2
2.146701E+1	-1.000000E+3	-1.000300E+0	-5.866000E-4	1.705251E+6	1.764529E+6	5.661000E-4	9.989000E-1	9.910000E+37	-5.866000E-4	-1.689397E+44	1.750574E+44	5.661000E-4	9.910000E+37	5.000000E-1	0.000000E+0	1.000000E-1	1.100000E+1	1.000000E-1	1.100000E+1	1.000000E+0	4.480000E+2
2.151480E+1	-1.000000E+3	-1.000600E+0	-6.016000E-4	1.663231E+6	1.768768E+6	5.648000E-4	9.990000E-1	9.910000E+37	-6.016000E-4	-1.647274E+44	1.754603E+44	5.648000E-4	9.910000E+37	5.000000E-1	0.000000E+0	1.000000E-1	1.100000E+1	1.000000E-1	1.100000E+1	1.000000E+0	4.490000E+2
2.156272E+1	-1.000000E+3	-1.000600E+0	-5.917000E-4	1.691060E+6	1.750744E+6	5.713000E-4	1.000200E+0	9.910000E+37	-5.917000E-4	-1.674835E+44	1.734640E+44	5.713000E-4	9.910000E+37	5.000000E-1	0.000000E+0	1.000000E-1	1.100000E+1	1.000000E-1	1.100000E+1	1.000000E+0	4.500000E+2
2.161067E+1	-1.000000E+3	-1.000300E+0	-5.936000E-4	1.685142E+6	1.754078E+6	5.701000E-4	1.000000E+0	9.910000E+37	-5.936000E-4	-1.669474E+44	1.738292E+44	5.701000E-4	9.910000E+37	5.000000E-1	0.000000E+0	1.000000E-1	1.100000E+1	1.000000E-1	1.100000E+1	1.000000E+0	4.510000E+2
2.165832E+1	-1.000000E+3	-9.993000E-1	-5.942000E-4	1.681757E+6	1.734120E+6	5.762000E-4	9.992000E-1	9.910000E+37	-5.942000E-4	-1.667789E+44	1.719889E+44	5.762000E-4	9.910000E+37	5.000000E-1	0.000000E+0	1.000000E-1	1.100000E+1	1.000000E-1	1.100000E+1	1.000000E+0	4.520000E+2
2.170614E+1	-1.000000E+3	-1.001400E+0	-6.038000E-4	1.658496E+6	1.764198E+6	5.670000E-4	1.000300E+0	9.910000E+37	-6.038000E-4	-1.641272E+44	1.747795E+44	5.670000E-4	9.910000E+37	5.000000E-1	0.000000E+0	1.000000E-1	1.100000E+1	1.000000E-1	1.100000E+1	1.000000E+0	4.530000E+2
2.175408E+1	-1.000000E+3	-1.000500E+0	-5.991000E-4	1.670005E+6	1.791891E+6	5.574000E-4	9.988000E-1	9.910000E+37	-5.991000E-4	-1.654148E+44	1.777897E+44	5.574000E-4	9.910000E+37	5.000000E-1	0.000000E+0	1.000000E-1	1.100000E+1	1.000000E-1	1.100000E+1	1.000000E+0	4.540000E+2
2.180195E+1	-1.000000E+3	-1.000200E+0	-5.964000E-4	1.677062E+6	1.764384E+6	5.666000E-4	9.997000E-1	9.910000E+37	-5.964000E-4	-1.661636E+44	1.749029E+44	5.666000E-4	9.910000E+37	5.000000E-1	0.000000E+0	1.000000E-1	1.100000E+1	1.000000E-1	1.100000E+1	1.000000E+0	4.550000E+2
2.184972E+1	-1.000000E+3	-9.997000E-1	-6.072000E-4	1.646410E+6	1.768401E+6	5.652000E-4	9.995000E-1	9.910000E+37	-6.072000E-4	-1.632082E+44	1.753362E+44	5.652000E-4	9.910000E+37	5.000000E-1	0.000000E+0	1.000000E-1	1.100000E+1	1.000000E-1	1.100000E+1	1.000000E+0	4.560000E+2
2.189749E+1	-1.000000E+3	-9.993000E-1	-5.971000E-4	1.673589E+6	1.746115E+6	5.727000E-4	1.000000E+0	9.910000E+37	-5.971000E-4	-1.659688E+44	1.730400E+44	5.727000E-4	9.910000E+37	5.000000E-1	0.000000E+0	1.000000E-1	1.100000E+1	1.000000E-1	1.100000E+1	1.000000E+0	4.570000E+2
2.194537E+1	-1.000000E+3	-9.997000E-1	-6.071000E-4	1.646681E+6	1.761728E+6	5.670000E-4	9.989000E-1	9.910000E+37	-6.071000E-4	-1.632351E+44	1.747795E+44	5.670000E-4	9.910000E+37	5.000000E-1	0.000000E+0	1.000000E-1	1.100000E+1	1.000000E-1	1.100000E+1	1.000000E+0	4.580000E+2
2.199326E+1	-1.000000E+3	-1.000700E+0	-6.017000E-4	1.663121E+6	1.755747E+6	5.699000E-4	1.000600E+0	9.910000E+37	-6.017000E-4	-1.647000E+44	1.738902E+44	5.699000E-4	9.910000E+37	5.000000E-1	0.000000E+0	1.000000E-1	1.100000E+1	1.000000E-1	1.100000E+1	1.000000E+0	4.590000E+2
2.204101E+1	-1.000000E+3	-1.000100E+0	-6.044000E-4	1.654699E+6	1.764374E+6	5.670000E-4	1.000400E+0	9.910000E+37	-6.044000E-4	-1.639643E+44	1.747795E+44	5.670000E-4	9.910000E+37	5.000000E-1	0.000000E+0	1.000000E-1	1.100000E+1	1.000000E-1	1.100000E+1	1.000000E+0	4.600000E+2
2.208878E+1	-1.000000E+3	-9.990000E-1	-5.933000E-4	1.683802E+6	1.713674E+6	5.843000E-4	1.001300E+0	9.910000E+37	-5.933000E-4	-1.670319E+44	1.696047E+44	5.843000E-4	9.910000E+37	5.000000E-1	0.000000E+0	1.000000E-1	1.100000E+1	1.000000E-1	1.100000E+1	1.000000E+0	4.610000E+2
2.213670E+1	-1.000000E+3	-1.000300E+0	-6.056000E-4	1.651750E+6	1.763139E+6	5.670000E-4	9.997000E-1	9.910000E+37	-6.056000E-4	-1.636394E+44	1.747795E+44	5.670000E-4	9.910000E+37	5.000000E-1	0.000000E+0	1.000000E-1	1.100000E+1	1.000000E-1	1.100000E+1	1.000000E+0	4.620000E+2
2.218440E+1	-1.000000E+3	-9.995000E-1	-6.058000E-4	1.649884E+6	1.765589E+6	5.661000E-4	9.995000E-1	9.910000E+37	-6.058000E-4	-1.635853E+44	1.750574E+44	5.661000E-4	9.910000E+37	5.000000E-1	0.000000E+0	1.000000E-1	1.100000E+1	1.000000E-1	1.100000E+1	1.000000E+0	4.630000E+2
2.223229E+1	-1.000000E+3	-1.000300E+0	-6.076000E-4	1.646313E+6	1.753331E+6	5.704000E-4	1.000100E+0	9.910000E+37	-6.076000E-4	-1.631007E+44	1.737377E+44	5.704000E-4	9.910000E+37	5.000000E-1	0.000000E+0	1.000000E-1	1.100000E+1	1.000000E-1	1.100000E+1	1.000000E+0	4.640000E+2
2.227999E+1	-1.000000E+3	-9.999000E-1	-6.065000E-4	1.648640E+6	1.780331E+6	5.613000E-4	9.993000E-1	9.910000E+37	-6.065000E-4	-1.633965E+44	1.765544E+44	5.613000E-4	9.910000E+37	5.000000E-1	0.000000E+0	1.000000E-1	1.100000E+1	1.000000E-1	1.100000E+1	1.000000E+0	4.650000E+2
2.232769E+1	-1.000000E+3	-9.997000E-1	-6.002000E-4	1.665611E+6	1.764924E+6	5.662000E-4	9.993000E-1	9.910000E+37	-6.002000E-4	-1.651116E+44	1.750265E+44	5.662000E-4	9.910000E+37	5.000000E-1	0.000000E+0	1.000000E-1	1.100000E+1	1.000000E-1	1.100000E+1	1.000000E+0	4.660000E+2
2.237540E+1	-1.000000E+3	-1.000600E+0	-5.933000E-4	1.686499E+6	1.743719E+6	5.732000E-4	9.995000E-1	9.910000E+37	-5.933000E-4	-1.670319E+44	1.728890E+44	5.732000E-4	9.910000E+37	5.000000E-1	0.000000E+0	1.000000E-1	1.100000E+1	1.000000E-1	1.100000E+1	1.000000E+0	4.670000E+2
2.242302E+1	-1.000000E+3	-1.000200E+0	-6.009000E-4	1.664503E+6	1.730390E+6	5.775000E-4	9.993000E-1	9.910000E+37	-6.009000E-4	-1.649193E+44	1.716017E+44	5.775000E-4	9.910000E+37	5.000000E-1	0.000000E+0	1.000000E-1	1.100000E+1	1.000000E-1	1.100000E+1	1.000000E+0	4.680000E+2
2.247082E+1	-1.000000E+3	-9.996000E-1	-5.997000E-4	1.666833E+6	1.721802E+6	5.816000E-4	1.001400E+0	9.910000E+37	-5.997000E-4	-1.652493E+44	1.703920E+44	5.816000E-4	9.910000E+37	5.000000E-1	0.000000E+0	1.000000E-1	1.100000E+1	1.000000E-1	1.100000E+1	1.000000E+0	4.690000E+2
2.251839E+1	-1.000000E+3	-1.001800E+0	-6.032000E-4	1.660809E+6	1.740767E+6	5.740000E-4	9.992000E-1	9.910000E+37	-6.032000E-4	-1.642905E+44	1.726481E+44	5.740000E-4	9.910000E+37	5.000000E-1	0.000000E+0	1.000000E-1	1.100000E+1	1.000000E-1	1.100000E+1	1.000000E+0	4.700000E+2
2.256609E+1	-1.000000E+3	-9.995000E-1	-5.927000E-4	1.686351E+6	1.740122E+6	5.745000E-4	9.997000E-1	9.910000E+37	-5.927000E-4	-1.672009E+44	1.724978E+44	5.745000E-4	9.910000E+37	5.000000E-1	0.000000E+0	1.000000E-1	1.100000E+1	1.000000E-1	1.100000E+1	1.000000E+0	4.710000E+2
2.261376E+1	-1.000000E+3	-1.000500E+0	-5.987000E-4	1.671121E+6	1.739440E+6	5.753000E-4	1.000700E+0	9.910000E+37	-5.987000E-4	-1.655253E+44	1.722580E+44	5.753000E-4	9.910000E+37	5.000000E-1	0.000000E+0	1.000000E-1	1.100000E+1	1.000000E-1	1.100000E+1	1.000000E+0	4.720000E+2
2.266138E+1	-1.000000E+3	-1.000200E+0	-6.013000E-4	1.663396E+6	1.742723E+6	5.737000E-4	9.998000E-1	9.910000E+37	-6.013000E-4	-1.648096E+44	1.727384E+44	5.737000E-4	9.910000E+37	5.000000E-1	0.000000E+0	1.000000E-1	1.100000E+1	1.000000E-1	1.100000E+1	1.000000E+0	4.730000E+2
2.270907E+1	-1.000000E+3	-1.000600E+0	-5.935000E-4	1.685931E+6	1.721763E+6	5.808000E-4	1.000000E+0	9.910000E+37	-5.935000E-4	-1.669756E+44	1.706267E+44	5.808000E-4	9.910000E+37	5.000000E-1	0.000000E+0	1.000000E-1	1.100000E+1	1.000000E-1	1.100000E+1	1.000000E+0	4.740000E+2
2.275690E+1	-1.000000E+3	-9.990000E-1	-6.074000E-4	1.644715E+6	1.753331E+6	5.704000E-4	1.000100E+0	9.910000E+37	-6.074000E-4	-1.631544E+44	1.737377E+44	5.704000E-4	9.910000E+37	5.000000E-1	0.000000E+0	1.000000E-1	1.100000E+1	1.000000E-1	1.100000E+1	1.000000E+0	4.750000E+2
2.280479E+1	-1.000000E+3	-1.000400E+0	-6.045000E-4	1.654921E+6	1.715241E+6	5.833000E-4	1.000500E+0	9.910000E+37	-6.045000E-4	-1.639371E+44	1.698954E+44	5.833000E-4	9.910000E+37	5.000000E-1	0.000000E+0	1.000000E-1	1.100000E+1	1.000000E-1	1.100000E+1	1.000000E+0	4.760000E+2
2.285256E+1	-1.000000E+3	-9.992000E-1	-6.041000E-4	1.654031E+6	1.773026E+6	5.635000E-4	9.991000E-1	9.910000E+37	-6.041000E-4	-1.640457E+44	1.758651E+44	5.635000E-4	9.910000E+37	5.000000E-1	0.000000E+0	1.000000E-1	1.100000E+1	1.000000E-1	1.100000E+1	1.000000E+0	4.770000E+2
2.290024E+1	-1.000000E+3	-1.000900E+0	-6.021000E-4	1.662348E+6	1.750525E+6	5.712000E-4	9.999000E-1	9.910000E+37	-6.021000E-4	-1.645906E+44	1.734944E+44	5.712000E-4	9.910000E+37	5.000000E-1	0.000000E+0	1.000000E-1	1.100000E+1	1.000000E-1	1.100000E+1	1.000000E+0	4.780000E+2
2.294775E+1	-1.000000E+3	-9.988000E-1	-6.000000E-4	1.664667E+6	1.751051E+6	5.708000E-4	9.995000E-1	9.910000E+37	-6.000000E-4	-1.651667E+44	1.736160E+44	5.708000E-4	9.910000E+37	5.000000E-1	0.000000E+0	1.000000E-1	1.100000E+1	1.000000E-1	1.100000E+1	1.000000E+0	4.790000E+2
2.299542E+1	-1.000000E+3	-9.995000E-1	-6.005000E-4	1.664446E+6	1.748862E+6	5.714000E-4	9.993000E-1	9.910000E+37	-6.005000E-4	-1.650291E+44	1.734337E+44	5.714000E-4	9.910000E+37	5.000000E-1	0.000000E+0	1.000000E-1	1.100000E+1	1.000000E-1	1.100000E+1	1.000000E+0	4.800000E+2
2.304338E+1	-1.000000E+3	-1.000400E+0	-6.032000E-4	1.658488E+6	1.715338E+6	5.835000E-4	1.000900E+0	9.910000E+37	-6.032000E-4	-1.642905E+44	1.698372E+44	5.835000E-4	9.910000E+37	5.000000E-1	0.000000E+0	1.000000E-1	1.100000E+1	1.000000E-1	1.100000E+1	1.000000E+0	4.810000E+2
2.309135E+1	-1.000000E+3	-9.989000E-1	-5.963000E-4	1.675164E+6	1.732802E+6	5.771000E-4	1.000000E+0	9.910000E+37	-5.963000E-4	-1.661915E+44	1.717207E+44	5.771000E-4	9.910000E+37	5.000000E-1	0.000000E+0	1.000000E-1	1.100000E+1	1.000000E-1	1.100000E+1	1.000000E+0	4.820000E+2
2.313909E+1	-1.000000E+3	-9.996000E-1	-5.994000E-4	1.667668E+6	1.759775E+6	5.678000E-4	9.992000E-1	9.910000E+37	-5.994000E-4	-1.653320E+44	1.745333E+44	5.678000E-4	9.910000E+37	5.000000E-1	0.000000E+0	1.000000E-1	1.100000E+1	1.000000E-1	1.100000E+1	1.000000E+0	4.830000E+2
2.318693E+1	-1.000000E+3	-9.991000E-1	-5.976000E-4	1.671854E+6	1.731509E+6	5.773000E-4	9.996000E-1	9.910000E+37	-5.976000E-4	-1.658300E+44	1.716612E+44	5.773000E-4	9.910000E+37	5.000000E-1	0.000000E+0	1.000000E-1	1.100000E+1	1.000000E-1	1.100000E+1	1.000000E+0	4.840000E+2
2.323490E+1	-1.000000E+3	-9.989000E-1	-5.953000E-4	1.677977E+6	1.738132E+6	5.751000E-4	9.996000E-1	9.910000E+37	-5.953000E-4	-1.664707E+44	1.723179E+44	5.751000E-4	9.910000E+37	5.000000E-1	0.000000E+0	1.000000E-1	1.100000E+1	1.000000E-1	1.100000E+1	1.000000E+0	4.850000E+2
2.328248E+1	-1.000000E+3	-9.994000E-1	-5.934000E-4	1.684193E+6	1.725358E+6	5.793000E-4	9.995000E-1	9.910000E+37	-5.934000E-4	-1.670037E+44	1.710685E+44	5.793000E-4	9.910000E+37	5.000000E-1	0.000000E+0	1.000000E-1	1.100000E+1	1.000000E-1	1.100000E+1	1.000000E+0	4.860000E+2
2.333015E+1	-1.000000E+3	-9.997000E-1	-5.982000E-4	1.671180E+6	1.713355E+6	5.833000E-4	9.994000E-1	9.910000E+37	-5.982000E-4	-1.656637E+44	1.698954E+44	5.833000E-4	9.910000E+37	5.000000E-1	0.000000E+0	1.000000E-1	1.100000E+1	1.000000E-1	1.100000E+1	1.000000E+0	4.870000E+2
2.337777E+1	-1.000000E+3	-9.997000E-1	-5.998000E-4	1.666722E+6	1.731002E+6	5.777000E-4	1.000000E+0	9.910000E+37	-5.998000E-4	-1.652217E+44	1.715423E+44	5.777000E-4	9.910000E+37	5.000000E-1	0.000000E+0	1.000000E-1	1.100000E+1	1.000000E-1	1.100000E+1	1.000000E+0	4.880000E+2
2.342551E+1	-1.000000E+3	-1.000300E+0	-6.007000E-4	1.665224E+6	1.711301E+6	5.840000E-4	9.994000E-1	9.910000E+37	-6.007000E-4	-1.649742E+44	1.696918E+44	5.840000E-4	9.910000E+37	5.000000E-1	0.000000E+0	1.000000E-1	1.100000E+1	1.000000E-1	1.100000E+1	1.000000E+0	4.890000E+2
2.347328E+1	-1.000000E+3	-1.000500E+0	-6.180000E-4	1.618932E+6	1.755528E+6	5.698000E-4	1.000300E+0	9.910000E+37	-6.180000E-4	-1.603560E+44	1.739207E+44	5.698000E-4	9.910000E+37	5.000000E-1	0.000000E+0	1.000000E-1	1.100000E+1	1.000000E-1	1.100000E+1	1.000000E+0	4.900000E+2
2.352121E+1	-1.000000E+3	-1.000400E+0	-6.092000E-4	1.642154E+6	1.739433E+6	5.749000E-4	1.000000E+0	9.910000E+37	-6.092000E-4	-1.626724E+44	1.723778E+44	5.749000E-4	9.910000E+37	5.000000E-1	0.000000E+0	1.000000E-1	1.100000E+1	1.000000E-1	1.100000E+1	1.000000E+0	4.910000E+2
2.356930E+1	-1.000000E+3	-1.000600E+0	-6.087000E-4	1.643831E+6	1.727351E+6	5.784000E-4	9.991000E-1	9.910000E+37	-6.087000E-4	-1.628060E+44	1.713347E+44	5.784000E-4	9.910000E+37	5.000000E-1	0.000000E+0	1.000000E-1	1.100000E+1	1.000000E-1	1.100000E+1	1.000000E+0	4.920000E+2
2.361703E+1	-1.000000E+3	-1.000300E+0	-5.925000E-4	1.688270E+6	1.723390E+6	5.806000E-4	1.000600E+0	9.910000E+37	-5.925000E-4	-1.672574E+44	1.706855E+44	5.806000E-4	9.910000E+37	5.000000E-1	0.000000E+0	1.000000E-1	1.100000E+1	1.000000E-1	1.100000E+1	1.000000E+0	4.930000E+2
2.366480E+1	-1.000000E+3	-9.997000E-1	-6.102000E-4	1.638315E+6	1.728781E+6	5.785000E-4	1.000100E+0	9.910000E+37	-6.102000E-4	-1.624058E+44	1.713051E+44	5.785000E-4	9.910000E+37	5.000000E-1	0.000000E+0	1.000000E-1	1.100000E+1	1.000000E-1	1.100000E+1	1.000000E+0	4.940000E+2
2.371271E+1	-1.000000E+3	-1.000300E+0	-5.921000E-4	1.689411E+6	1.713111E+6	5.835000E-4	9.996000E-1	9.910000E+37	-5.921000E-4	-1.673704E+44	1.698372E+44	5.835000E-4	9.910000E+37	5.000000E-1	0.000000E+0	1.000000E-1	1.100000E+1	1.000000E-1	1.100000E+1	1.000000E+0	4.950000E+2
2.376036E+1	-1.000000E+3	-1.000500E+0	-6.075000E-4	1.646914E+6	1.735264E+6	5.768000E-4	1.000900E+0	9.910000E+37	-6.075000E-4	-1.631276E+44	1.718100E+44	5.768000E-4	9.910000E+37	5.000000E-1	0.000000E+0	1.000000E-1	1.100000E+1	1.000000E-1	1.100000E+1	1.000000E+0	4.960000E+2
2.380808E+1	-1.000000E+3	-9.997000E-1	-6.025000E-4	1.659253E+6	1.694209E+6	5.906000E-4	1.000600E+0	9.910000E+37	-6.025000E-4	-1.644813E+44	1.677955E+44	5.906000E-4	9.910000E+37	5.000000E-1	0.000000E+0	1.000000E-1	1.100000E+1	1.000000E-1	1.100000E+1	1.000000E+0	4.970000E+2
2.385571E+1	-1.000000E+3	-1.000600E+0	-6.032000E-4	1.658820E+6	1.705631E+6	5.860000E-4	9.995000E-1	9.910000E+37	-6.032000E-4	-1.642905E+44	1.691126E+44	5.860000E-4	9.910000E+37	5.000000E-1	0.000000E+0	1.000000E-1	1.100000E+1	1.000000E-1	1.100000E+1	1.000000E+0	4.980000E+2
2.390342E+1	-1.000000E+3	-1.000700E+0	-6.082000E-4	1.645347E+6	1.733553E+6	5.761000E-4	9.987000E-1	9.910000E+37	-6.082000E-4	-1.629398E+44	1.720187E+44	5.761000E-4	9.910000E+37	5.000000E-1	0.000000E+0	1.000000E-1	1.100000E+1	1.000000E-1	1.100000E+1	1.000000E+0	4.990000E+2
2.395120E+1	-1.000000E+3	-9.997000E-1	-6.064000E-4	1.648582E+6	1.758045E+6	5.687000E-4	9.998000E-1	9.910000E+37	-6.064000E-4	-1.634235E+44	1.742571E+44	5.687000E-4	9.910000E+37	5.000000E-1	0.000000E+0	1.000000E-1	1.100000E+1	1.000000E-1	1.100000E+1	1.000000E+0	5.000000E+2
2.399921E+1	-1.000000E+3	-9.994000E-1	-6.088000E-4	1.641590E+6	1.738654E+6	5.751000E-4	9.999000E-1	9.910000E+37	-6.088000E-4	-1.627792E+44	1.723179E+44	5.751000E-4	9.910000E+37	5.000000E-1	0.000000E+0	1.000000E-1	1.100000E+1	1.000000E-1	1.100000E+1	1.000000E+0	5.010000E+2
2.404684E+1	-1.000000E+3	-1.000100E+0	-6.038000E-4	1.656343E+6	1.724638E+6	5.796000E-4	9.996000E-1	9.910000E+37	-6.038000E-4	-1.641272E+44	1.709800E+44	5.796000E-4	9.910000E+37	5.000000E-1	0.000000E+0	1.000000E-1	1.100000E+1	1.000000E-1	1.100000E+1	1.000000E+0	5.020000E+2
2.409439E+1	-1.000000E+3	-1.000200E+0	-6.057000E-4	1.651313E+6	1.714261E+6	5.834000E-4	1.000100E+0	9.910000E+37	-6.057000E-4	-1.636123E+44	1.698663E+44	5.834000E-4	9.910000E+37	5.000000E-1	0.000000E+0	1.000000E-1	1.100000E+1	1.000000E-1	1.100000E+1	1.000000E+0	5.030000E+2
2.414221E+1	-1.000000E+3	-1.000100E+0	-6.108000E-4	1.637361E+6	1.759894E+6	5.685000E-4	1.000500E+0	9.910000E+37	-6.108000E-4	-1.622462E+44	1.743184E+44	5.685000E-4	9.910000E+37	5.000000E-1	0.000000E+0	1.000000E-1	1.100000E+1	1.000000E-1	1.100000E+1	1.000000E+0	5.040000E+2
2.418982E+1	-1.000000E+3	-1.000900E+0	-6.080000E-4	1.646217E+6	1.729033E+6	5.783000E-4	9.999000E-1	9.910000E+37	-6.080000E-4	-1.629934E+44	1.713643E+44	5.783000E-4	9.910000E+37	5.000000E-1	0.000000E+0	1.000000E-1	1.100000E+1	1.000000E-1	1.100000E+1	1.000000E+0	5.050000E+2
2.423747E+1	-1.000000E+3	-1.000100E+0	-5.998000E-4	1.667389E+6	1.728608E+6	5.785000E-4	1.000000E+0	9.910000E+37	-5.998000E-4	-1.652217E+44	1.713051E+44	5.785000E-4	9.910000E+37	5.000000E-1	0.000000E+0	1.000000E-1	1.100000E+1	1.000000E-1	1.100000E+1	1.000000E+0	5.060000E+2
2.428539E+1	-1.000000E+3	-1.000300E+0	-6.004000E-4	1.666056E+6	1.703937E+6	5.867000E-4	9.997000E-1	9.910000E+37	-6.004000E-4	-1.650566E+44	1.689109E+44	5.867000E-4	9.910000E+37	5.000000E-1	0.000000E+0	1.000000E-1	1.100000E+1	1.000000E-1	1.100000E+1	1.000000E+0	5.070000E+2
2.433316E+1	-1.000000E+3	-1.000700E+0	-6.110000E-4	1.637807E+6	1.729725E+6	5.783000E-4	1.000300E+0	9.910000E+37	-6.110000E-4	-1.621931E+44	1.713643E+44	5.783000E-4	9.910000E+37	5.000000E-1	0.000000E+0	1.000000E-1	1.100000E+1	1.000000E-1	1.100000E+1	1.000000E+0	5.080000E+2
2.438084E+1	-1.000000E+3	-1.000900E+0	-6.094000E-4	1.642435E+6	1.729347E+6	5.786000E-4	1.000600E+0	9.910000E+37	-6.094000E-4	-1.626190E+44	1.712755E+44	5.786000E-4	9.910000E+37	5.000000E-1	0.000000E+0	1.000000E-1	1.100000E+1	1.000000E-1	1.100000E+1	1.000000E+0	5.090000E+2
2.442863E+1	-1.000000E+3	-9.994000E-1	-5.998000E-4	1.666222E+6	1.710400E+6	5.846000E-4	9.999000E-1	9.910000E+37	-5.998000E-4	-1.652217E+44	1.695176E+44	5.846000E-4	9.910000E+37	5.000000E-1	0.000000E+0	1.000000E-1	1.100000E+1	1.000000E-1	1.100000E+1	1.000000E+0	5.100000E+2
2.447640E+1	-1.000000E+3	-1.000900E+0	-6.081000E-4	1.645946E+6	1.731716E+6	5.770000E-4	9.992000E-1	9.910000E+37	-6.081000E-4	-1.629666E+44	1.717504E+44	5.770000E-4	9.910000E+37	5.000000E-1	0.000000E+0	1.000000E-1	1.100000E+1	1.000000E-1	1.100000E+1	1.000000E+0	5.110000E+2
2.452420E+1	-1.000000E+3	-9.995000E-1	-6.097000E-4	1.639331E+6	1.717328E+6	5.823000E-4	1.000000E+0	9.910000E+37	-6.097000E-4	-1.625390E+44	1.701872E+44	5.823000E-4	9.910000E+37	5.000000E-1	0.000000E+0	1.000000E-1	1.100000E+1	1.000000E-1	1.100000E+1	1.000000E+0	5.120000E+2
2.457209E+1	-1.000000E+3	-9.990000E-1	-6.125000E-4	1.631020E+6	1.760479E+6	5.678000E-4	9.996000E-1	9.910000E+37	-6.125000E-4	-1.617959E+44	1.745333E+44	5.678000E-4	9.910000E+37	5.000000E-1	0.000000E+0	1.000000E-1	1.100000E+1	1.000000E-1	1.100000E+1	1.000000E+0	5.130000E+2
2.461969E+1	-1.000000E+3	-1.000100E+0	-6.118000E-4	1.634685E+6	1.744944E+6	5.736000E-4	1.000900E+0	9.910000E+37	-6.118000E-4	-1.619810E+44	1.727685E+44	5.736000E-4	9.910000E+37	5.000000E-1	0.000000E+0	1.000000E-1	1.100000E+1	1.000000E-1	1.100000E+1	1.000000E+0	5.140000E+2
2.466739E+1	-1.000000E+3	-1.000100E+0	-6.153000E-4	1.625386E+6	1.770007E+6	5.648000E-4	9.997000E-1	9.910000E+37	-6.153000E-4	-1.610596E+44	1.754603E+44	5.648000E-4	9.910000E+37	5.000000E-1	0.000000E+0	1.000000E-1	1.100000E+1	1.000000E-1	1.100000E+1	1.000000E+0	5.150000E+2
2.471545E+1	-1.000000E+3	-1.000000E+0	-6.223000E-4	1.606942E+6	1.733576E+6	5.769000E-4	1.000100E+0	9.910000E+37	-6.223000E-4	-1.592480E+44	1.717802E+44	5.769000E-4	9.910000E+37	5.000000E-1	0.000000E+0	1.000000E-1	1.100000E+1	1.000000E-1	1.100000E+1	1.000000E+0	5.160000E+2
2.476348E+1	-1.000000E+3	-9.994000E-1	-6.147000E-4	1.625834E+6	1.722921E+6	5.807000E-4	1.000500E+0	9.910000E+37	-6.147000E-4	-1.612169E+44	1.706561E+44	5.807000E-4	9.910000E+37	5.000000E-1	0.000000E+0	1.000000E-1	1.100000E+1	1.000000E-1	1.100000E+1	1.000000E+0	5.170000E+2
2.481140E+1	-1.000000E+3	-9.995000E-1	-6.090000E-4	1.641215E+6	1.750787E+6	5.718000E-4	1.001100E+0	9.910000E+37	-6.090000E-4	-1.627258E+44	1.733123E+44	5.718000E-4	9.910000E+37	5.000000E-1	0.000000E+0	1.000000E-1	1.100000E+1	1.000000E-1	1.100000E+1	1.000000E+0	5.180000E+2
2.485929E+1	-1.000000E+3	-9.998000E-1	-6.047000E-4	1.653382E+6	1.694694E+6	5.899000E-4	9.997000E-1	9.910000E+37	-6.047000E-4	-1.638829E+44	1.679946E+44	5.899000E-4	9.910000E+37	5.000000E-1	0.000000E+0	1.000000E-1	1.100000E+1	1.000000E-1	1.100000E+1	1.000000E+0	5.190000E+2
2.490702E+1	-1.000000E+3	-1.000800E+0	-6.215000E-4	1.610298E+6	1.753552E+6	5.701000E-4	9.997000E-1	9.910000E+37	-6.215000E-4	-1.594529E+44	1.738292E+44	5.701000E-4	9.910000E+37	5.000000E-1	0.000000E+0	1.000000E-1	1.100000E+1	1.000000E-1	1.100000E+1	1.000000E+0	5.200000E+2
2.495491E+1	-1.000000E+3	-1.000000E+0	-5.973000E-4	1.674201E+6	1.711035E+6	5.845000E-4	1.000100E+0	9.910000E+37	-5.973000E-4	-1.659133E+44	1.695466E+44	5.845000E-4	9.910000E+37	5.000000E-1	0.000000E+0	1.000000E-1	1.100000E+1	1.000000E-1	1.100000E+1	1.000000E+0	5.210000E+2
2.500258E+1	-1.000000E+3	-1.000600E+0	-6.129000E-4	1.632566E+6	1.701650E+6	5.879000E-4	1.000400E+0	9.910000E+37	-6.129000E-4	-1.616903E+44	1.685661E+44	5.879000E-4	9.910000E+37	5.000000E-1	0.000000E+0	1.000000E-1	1.100000E+1	1.000000E-1	1.100000E+1	1.000000E+0	5.220000E+2
2.505028E+1	-1.000000E+3	-9.995000E-1	-5.975000E-4	1.672803E+6	1.719024E+6	5.819000E-4	1.000300E+0	9.910000E+37	-5.975000E-4	-1.658577E+44	1.703042E+44	5.819000E-4	9.910000E+37	5.000000E-1	0.000000E+0	1.000000E-1	1.100000E+1	1.000000E-1	1.100000E+1	1.000000E+0	5.230000E+2
2.509805E+1	-1.000000E+3	-9.983000E-1	-6.065000E-4	1.646002E+6	1.712402E+6	5.838000E-4	9.997000E-1	9.910000E+37	-6.065000E-4	-1.633965E+44	1.697499E+44	5.838000E-4	9.910000E+37	5.000000E-1	0.000000E+0	1.000000E-1	1.100000E+1	1.000000E-1	1.100000E+1	1.000000E+0	5.240000E+2
2.514570E+1	-1.000000E+3	-1.000200E+0	-6.118000E-4	1.634848E+6	1.716344E+6	5.831000E-4	1.000800E+0	9.910000E+37	-6.118000E-4	-1.619810E+44	1.699537E+44	5.831000E-4	9.910000E+37	5.000000E-1	0.000000E+0	1.000000E-1	1.100000E+1	1.000000E-1	1.100000E+1	1.000000E+0	5.250000E+2
2.519337E+1	-1.000000E+3	-9.988000E-1	-6.033000E-4	1.655561E+6	1.688259E+6	5.928000E-4	1.000800E+0	9.910000E+37	-6.033000E-4	-1.642632E+44	1.671727E+44	5.928000E-4	9.910000E+37	5.000000E-1	0.000000E+0	1.000000E-1	1.100000E+1	1.000000E-1	1.100000E+1	1.000000E+0	5.260000E+2
2.524106E+1	-1.000000E+3	-9.995000E-1	-6.096000E-4	1.639600E+6	1.714163E+6	5.832000E-4	9.997000E-1	9.910000E+37	-6.096000E-4	-1.625656E+44	1.699246E+44	5.832000E-4	9.910000E+37	5.000000E-1	0.000000E+0	1.000000E-1	1.100000E+1	1.000000E-1	1.100000E+1	1.000000E+0	5.270000E+2
2.528881E+1	-1.000000E+3	-9.997000E-1	-6.140000E-4	1.628176E+6	1.733356E+6	5.768000E-4	9.998000E-1	9.910000E+37	-6.140000E-4	-1.614007E+44	1.718100E+44	5.768000E-4	9.910000E+37	5.000000E-1	0.000000E+0	1.000000E-1	1.100000E+1	1.000000E-1	1.100000E+1	1.000000E+0	5.280000E+2
2.533638E+1	-1.000000E+3	-1.000000E+0	-6.190000E-4	1.615509E+6	1.708284E+6	5.855000E-4	1.000200E+0	9.910000E+37	-6.190000E-4	-1.600969E+44	1.692570E+44	5.855000E-4	9.910000E+37	5.000000E-1	0.000000E+0	1.000000E-1	1.100000E+1	1.000000E-1	1.100000E+1	1.000000E+0	5.290000E+2
2.538407E+1	-1.000000E+3	-9.996000E-1	-6.098000E-4	1.639226E+6	1.723716E+6	5.802000E-4	1.000100E+0	9.910000E+37	-6.098000E-4	-1.625123E+44	1.708032E+44	5.802000E-4	9.910000E+37	5.000000E-1	0.000000E+0	1.000000E-1	1.100000E+1	1.000000E-1	1.100000E+1	1.000000E+0	5.300000E+2
2.543170E+1	-1.000000E+3	-1.000900E+0	-6.158000E-4	1.625365E+6	1.733947E+6	5.762000E-4	9.991000E-1	9.910000E+37	-6.158000E-4	-1.609289E+44	1.719889E+44	5.762000E-4	9.910000E+37	5.000000E-1	0.000000E+0	1.000000E-1	1.100000E+1	1.000000E-1	1.100000E+1	1.000000E+0	5.310000E+2
2.547962E+1	-1.000000E+3	-9.991000E-1	-6.054000E-4	1.650314E+6	1.704259E+6	5.870000E-4	1.000400E+0	9.910000E+37	-6.054000E-4	-1.636934E+44	1.688245E+44	5.870000E-4	9.910000E+37	5.000000E-1	0.000000E+0	1.000000E-1	1.100000E+1	1.000000E-1	1.100000E+1	1.000000E+0	5.320000E+2
2.552733E+1	-1.000000E+3	-1.001800E+0	-6.181000E-4	1.620773E+6	1.699014E+6	5.884000E-4	9.997000E-1	9.910000E+37	-6.181000E-4	-1.603300E+44	1.684228E+44	5.884000E-4	9.910000E+37	5.000000E-1	0.000000E+0	1.000000E-1	1.100000E+1	1.000000E-1	1.100000E+1	1.000000E+0	5.330000E+2
2.557525E+1	-1.000000E+3	-9.998000E-1	-6.144000E-4	1.627279E+6	1.691853E+6	5.916000E-4	1.000900E+0	9.910000E+37	-6.144000E-4	-1.612956E+44	1.675118E+44	5.916000E-4	9.910000E+37	5.000000E-1	0.000000E+0	1.000000E-1	1.100000E+1	1.000000E-1	1.100000E+1	1.000000E+0	5.340000E+2
2.562297E+1	-1.000000E+3	-1.000800E+0	-6.151000E-4	1.627053E+6	1.687257E+6	5.925000E-4	9.997000E-1	9.910000E+37	-6.151000E-4	-1.611120E+44	1.672574E+44	5.925000E-4	9.910000E+37	5.000000E-1	0.000000E+0	1.000000E-1	1.100000E+1	1.000000E-1	1.100000E+1	1.000000E+0	5.350000E+2
2.567082E+1	-1.000000E+3	-1.000900E+0	-6.209000E-4	1.612015E+6	1.737500E+6	5.760000E-4	1.000800E+0	9.910000E+37	-6.209000E-4	-1.596070E+44	1.720486E+44	5.760000E-4	9.910000E+37	5.000000E-1	0.000000E+0	1.000000E-1	1.100000E+1	1.000000E-1	1.100000E+1	1.000000E+0	5.360000E+2
2.571845E+1	-1.000000E+3	-1.000100E+0	-6.176000E-4	1.619333E+6	1.716615E+6	5.826000E-4	1.000100E+0	9.910000E+37	-6.176000E-4	-1.604598E+44	1.700996E+44	5.826000E-4	9.910000E+37	5.000000E-1	0.000000E+0	1.000000E-1	1.100000E+1	1.000000E-1	1.100000E+1	1.000000E+0	5.370000E+2
2.576601E+1	-1.000000E+3	-1.001000E+0	-6.121000E-4	1.635354E+6	1.689230E+6	5.924000E-4	1.000700E+0	9.910000E+37	-6.121000E-4	-1.619017E+44	1.672856E+44	5.924000E-4	9.910000E+37	5.000000E-1	0.000000E+0	1.000000E-1	1.100000E+1	1.000000E-1	1.100000E+1	1.000000E+0	5.380000E+2
2.581351E+1	-1.000000E+3	-1.000400E+0	-6.246000E-4	1.601665E+6	1.732328E+6	5.772000E-4	9.999000E-1	9.910000E+37	-6.246000E-4	-1.586615E+44	1.716909E+44	5.772000E-4	9.910000E+37	5.000000E-1	0.000000E+0	1.000000E-1	1.100000E+1	1.000000E-1	1.100000E+1	1.000000E+0	5.390000E+2
2.586101E+1	-1.000000E+3	-9.986000E-1	-6.083000E-4	1.641624E+6	1.693611E+6	5.901000E-4	9.994000E-1	9.910000E+37	-6.083000E-4	-1.629130E+44	1.679376E+44	5.901000E-4	9.910000E+37	5.000000E-1	0.000000E+0	1.000000E-1	1.100000E+1	1.000000E-1	1.100000E+1	1.000000E+0	5.400000E+2
2.590880E+1	-1.000000E+3	-9.994000E-1	-6.047000E-4	1.652720E+6	1.743500E+6	5.731000E-4	9.992000E-1	9.910000E+37	-6.047000E-4	-1.638829E+44	1.729192E+44	5.731000E-4	9.910000E+37	5.000000E-1	0.000000E+0	1.000000E-1	1.100000E+1	1.000000E-1	1.100000E+1	1.000000E+0	5.410000E+2
2.595643E+1	-1.000000E+3	-9.990000E-1	-6.092000E-4	1.639856E+6	1.704038E+6	5.869000E-4	1.000100E+0	9.910000E+37	-6.092000E-4	-1.626724E+44	1.688533E+44	5.869000E-4	9.910000E+37	5.000000E-1	0.000000E+0	1.000000E-1	1.100000E+1	1.000000E-1	1.100000E+1	1.000000E+0	5.420000E+2
2.600394E+1	-1.000000E+3	-9.998000E-1	-6.129000E-4	1.631261E+6	1.692503E+6	5.909000E-4	1.000100E+0	9.910000E+37	-6.129000E-4	-1.616903E+44	1.677103E+44	5.909000E-4	9.910000E+37	5.000000E-1	0.000000E+0	1.000000E-1	1.100000E+1	1.000000E-1	1.100000E+1	1.000000E+0	5.430000E+2
2.605151E+1	-1.000000E+3	-1.001200E+0	-6.179000E-4	1.620327E+6	1.712378E+6	5.841000E-4	1.000200E+0	9.910000E+37	-6.179000E-4	-1.603819E+44	1.696627E+44	5.841000E-4	9.910000E+37	5.000000E-1	0.000000E+0	1.000000E-1	1.100000E+1	1.000000E-1	1.100000E+1	1.000000E+0	5.440000E+2
2.609919E+1	-1.000000E+3	-9.999000E-1	-6.129000E-4	1.631424E+6	1.726896E+6	5.789000E-4	9.997000E-1	9.910000E+37	-6.129000E-4	-1.616903E+44	1.711867E+44	5.789000E-4	9.910000E+37	5.000000E-1	0.000000E+0	1.000000E-1	1.100000E+1	1.000000E-1	1.100000E+1	1.000000E+0	5.450000E+2
2.614685E+1	-1.000000E+3	-1.000600E+0	-6.173000E-4	1.620930E+6	1.755841E+6	5.693000E-4	9.996000E-1	9.910000E+37	-6.173000E-4	-1.605378E+44	1.740734E+44	5.693000E-4	9.910000E+37	5.000000E-1	0.000000E+0	1.000000E-1	1.100000E+1	1.000000E-1	1.100000E+1	1.000000E+0	5.460000E+2
2.619445E+1	-1.000000E+3	-9.999000E-1	-6.184000E-4	1.616915E+6	1.706273E+6	5.866000E-4	1.000900E+0	9.910000E+37	-6.184000E-4	-1.602523E+44	1.689397E+44	5.866000E-4	9.910000E+37	5.000000E-1	0.000000E+0	1.000000E-1	1.100000E+1	1.000000E-1	1.100000E+1	1.000000E+0	5.470000E+2
2.624200E+1	-1.000000E+3	-1.000200E+0	-6.175000E-4	1.619757E+6	1.699542E+6	5.891000E-4	1.001200E+0	9.910000E+37	-6.175000E-4	-1.604858E+44	1.682227E+44	5.891000E-4	9.910000E+37	5.000000E-1	0.000000E+0	1.000000E-1	1.100000E+1	1.000000E-1	1.100000E+1	1.000000E+0	5.480000E+2
2.628987E+1	-1.000000E+3	-1.000100E+0	-6.193000E-4	1.614888E+6	1.710229E+6	5.846000E-4	9.998000E-1	9.910000E+37	-6.193000E-4	-1.600194E+44	1.695176E+44	5.846000E-4	9.910000E+37	5.000000E-1	0.000000E+0	1.000000E-1	1.100000E+1	1.000000E-1	1.100000E+1	1.000000E+0	5.490000E+2
2.633759E+1	-1.000000E+3	-1.000100E+0	-6.135000E-4	1.630155E+6	1.723276E+6	5.800000E-4	9.995000E-1	9.910000E+37	-6.135000E-4	-1.615322E+44	1.708621E+44	5.800000E-4	9.910000E+37	5.000000E-1	0.000000E+0	1.000000E-1	1.100000E+1	1.000000E-1	1.100000E+1	1.000000E+0	5.500000E+2
2.638536E+1	-1.000000E+3	-1.000300E+0	-6.121000E-4	1.634210E+6	1.685888E+6	5.931000E-4	9.999000E-1	9.910000E+37	-6.121000E-4	-1.619017E+44	1.670882E+44	5.931000E-4	9.910000E+37	5.000000E-1	0.000000E+0	1.000000E-1	1.100000E+1	1.000000E-1	1.100000E+1	1.000000E+0	5.510000E+2
2.643316E+1	-1.000000E+3	-9.997000E-1	-6.165000E-4	1.621573E+6	1.734397E+6	5.768000E-4	1.000400E+0	9.910000E+37	-6.165000E-4	-1.607461E+44	1.718100E+44	5.768000E-4	9.910000E+37	5.000000E-1	0.000000E+0	1.000000E-1	1.100000E+1	1.000000E-1	1.100000E+1	1.000000E+0	5.520000E+2
2.648080E+1	-1.000000E+3	-9.996000E-1	-6.200000E-4	1.612258E+6	1.715757E+6	5.826000E-4	9.996000E-1	9.910000E+37	-6.200000E-4	-1.598387E+44	1.700996E+44	5.826000E-4	9.910000E+37	5.000000E-1	0.000000E+0	1.000000E-1	1.100000E+1	1.000000E-1	1.100000E+1	1.000000E+0	5.530000E+2
2.652845E+1	-1.000000E+3	-9.999000E-1	-6.205000E-4	1.611442E+6	1.704089E+6	5.870000E-4	1.000300E+0	9.910000E+37	-6.205000E-4	-1.597099E+44	1.688245E+44	5.870000E-4	9.910000E+37	5.000000E-1	0.000000E+0	1.000000E-1	1.100000E+1	1.000000E-1	1.100000E+1	1.000000E+0	5.540000E+2
2.657610E+1	-1.000000E+3	-9.993000E-1	-6.198000E-4	1.612294E+6	1.738820E+6	5.747000E-4	9.993000E-1	9.910000E+37	-6.198000E-4	-1.598903E+44	1.724378E+44	5.747000E-4	9.910000E+37	5.000000E-1	0.000000E+0	1.000000E-1	1.100000E+1	1.000000E-1	1.100000E+1	1.000000E+0	5.550000E+2
2.662374E+1	-1.000000E+3	-1.000500E+0	-6.235000E-4	1.604651E+6	1.713405E+6	5.841000E-4	1.000800E+0	9.910000E+37	-6.235000E-4	-1.589415E+44	1.696627E+44	5.841000E-4	9.910000E+37	5.000000E-1	0.000000E+0	1.000000E-1	1.100000E+1	1.000000E-1	1.100000E+1	1.000000E+0	5.560000E+2
2.667154E+1	-1.000000E+3	-9.997000E-1	-6.047000E-4	1.653216E+6	1.700017E+6	5.877000E-4	9.991000E-1	9.910000E+37	-6.047000E-4	-1.638829E+44	1.686234E+44	5.877000E-4	9.910000E+37	5.000000E-1	0.000000E+0	1.000000E-1	1.100000E+1	1.000000E-1	1.100000E+1	1.000000E+0	5.570000E+2
2.671926E+1	-1.000000E+3	-9.995000E-1	-6.140000E-4	1.627850E+6	1.690657E+6	5.919000E-4	1.000700E+0	9.910000E+37	-6.140000E-4	-1.614007E+44	1.674269E+44	5.919000E-4	9.910000E+37	5.000000E-1	0.000000E+0	1.000000E-1	1.100000E+1	1.000000E-1	1.100000E+1	1.000000E+0	5.580000E+2
2.676705E+1	-1.000000E+3	-9.998000E-1	-6.159000E-4	1.623315E+6	1.696744E+6	5.896000E-4	1.000400E+0	9.910000E+37	-6.159000E-4	-1.609027E+44	1.680801E+44	5.896000E-4	9.910000E+37	5.000000E-1	0.000000E+0	1.000000E-1	1.100000E+1	1.000000E-1	1.100000E+1	1.000000E+0	5.590000E+2
2.681473E+1	-1.000000E+3	-9.992000E-1	-6.211000E-4	1.608759E+6	1.710720E+6	5.849000E-4	1.000600E+0	9.910000E+37	-6.211000E-4	-1.595556E+44	1.694307E+44	5.849000E-4	9.910000E+37	5.000000E-1	0.000000E+0	1.000000E-1	1.100000E+1	1.000000E-1	1.100000E+1	1.000000E+0	5.600000E+2
2.686257E+1	-1.000000E+3	-9.997000E-1	-6.172000E-4	1.619734E+6	1.688491E+6	5.926000E-4	1.000600E+0	9.910000E+37	-6.172000E-4	-1.605638E+44	1.672292E+44	5.926000E-4	9.910000E+37	5.000000E-1	0.000000E+0	1.000000E-1	1.100000E+1	1.000000E-1	1.100000E+1	1.000000E+0	5.610000E+2
2.691034E+1	-1.000000E+3	-1.000400E+0	-6.206000E-4	1.611988E+6	1.717795E+6	5.822000E-4	1.000100E+0	9.910000E+37	-6.206000E-4	-1.596842E+44	1.702164E+44	5.822000E-4	9.910000E+37	5.000000E-1	0.000000E+0	1.000000E-1	1.100000E+1	1.000000E-1	1.100000E+1	1.000000E+0	5.620000E+2
2.695798E+1	-1.000000E+3	-1.000200E+0	-6.309000E-4	1.585354E+6	1.685435E+6	5.932000E-4	9.998000E-1	9.910000E+37	-6.309000E-4	-1.570772E+44	1.670600E+44	5.932000E-4	9.910000E+37	5.000000E-1	0.000000E+0	1.000000E-1	1.100000E+1	1.000000E-1	1.100000E+1	1.000000E+0	5.630000E+2
2.700568E+1	-1.000000E+3	-1.000500E+0	-6.278000E-4	1.593660E+6	1.701548E+6	5.877000E-4	1.000000E+0	9.910000E+37	-6.278000E-4	-1.578528E+44	1.686234E+44	5.877000E-4	9.910000E+37	5.000000E-1	0.000000E+0	1.000000E-1	1.100000E+1	1.000000E-1	1.100000E+1	1.000000E+0	5.640000E+2
2.705338E+1	-1.000000E+3	-9.999000E-1	-6.192000E-4	1.614826E+6	1.712158E+6	5.840000E-4	9.999000E-1	9.910000E+37	-6.192000E-4	-1.600452E+44	1.696918E+44	5.840000E-4	9.910000E+37	5.000000E-1	0.000000E+0	1.000000E-1	1.100000E+1	1.000000E-1	1.100000E+1	1.000000E+0	5.650000E+2
2.710127E+1	-1.000000E+3	-1.000200E+0	-6.255000E-4	1.599041E+6	1.713796E+6	5.835000E-4	1.000000E+0	9.910000E+37	-6.255000E-4	-1.584333E+44	1.698372E+44	5.835000E-4	9.910000E+37	5.000000E-1	0.000000E+0	1.000000E-1	1.100000E+1	1.000000E-1	1.100000E+1	1.000000E+0	5.660000E+2
2.714899E+1	-1.000000E+3	-1.001300E+0	-6.255000E-4	1.600799E+6	1.749080E+6	5.707000E-4	9.982000E-1	9.910000E+37	-6.255000E-4	-1.584333E+44	1.736464E+44	5.707000E-4	9.910000E+37	5.000000E-1	0.000000E+0	1.000000E-1	1.100000E+1	1.000000E-1	1.100000E+1	1.000000E+0	5.670000E+2
2.719666E+1	-1.000000E+3	-1.000000E+0	-6.248000E-4	1.600512E+6	1.694157E+6	5.905000E-4	1.000400E+0	9.910000E+37	-6.248000E-4	-1.586108E+44	1.678239E+44	5.905000E-4	9.910000E+37	5.000000E-1	0.000000E+0	1.000000E-1	1.100000E+1	1.000000E-1	1.100000E+1	1.000000E+0	5.680000E+2
2.724449E+1	-1.000000E+3	-1.000200E+0	-6.219000E-4	1.608297E+6	1.684512E+6	5.940000E-4	1.000600E+0	9.910000E+37	-6.219000E-4	-1.593504E+44	1.668350E+44	5.940000E-4	9.910000E+37	5.000000E-1	0.000000E+0	1.000000E-1	1.100000E+1	1.000000E-1	1.100000E+1	1.000000E+0	5.690000E+2
2.729241E+1	-1.000000E+3	-1.000000E+0	-6.184000E-4	1.617076E+6	1.702468E+6	5.875000E-4	1.000200E+0	9.910000E+37	-6.184000E-4	-1.602523E+44	1.686809E+44	5.875000E-4	9.910000E+37	5.000000E-1	0.000000E+0	1.000000E-1	1.100000E+1	1.000000E-1	1.100000E+1	1.000000E+0	5.700000E+2
2.734018E+1	-1.000000E+3	-1.001000E+0	-6.116000E-4	1.636691E+6	1.689603E+6	5.915000E-4	9.994000E-1	9.910000E+37	-6.116000E-4	-1.620340E+44	1.675402E+44	5.915000E-4	9.910000E+37	5.000000E-1	0.000000E+0	1.000000E-1	1.100000E+1	1.000000E-1	1.100000E+1	1.000000E+0	5.710000E+2
2.738795E+1	-1.000000E+3	-9.995000E-1	-6.158000E-4	1.623092E+6	1.718583E+6	5.817000E-4	9.997000E-1	9.910000E+37	-6.158000E-4	-1.609289E+44	1.703627E+44	5.817000E-4	9.910000E+37	5.000000E-1	0.000000E+0	1.000000E-1	1.100000E+1	1.000000E-1	1.100000E+1	1.000000E+0	5.720000E+2
2.743584E+1	-1.000000E+3	-1.000300E+0	-6.140000E-4	1.629153E+6	1.709253E+6	5.847000E-4	9.994000E-1	9.910000E+37	-6.140000E-4	-1.614007E+44	1.694886E+44	5.847000E-4	9.910000E+37	5.000000E-1	0.000000E+0	1.000000E-1	1.100000E+1	1.000000E-1	1.100000E+1	1.000000E+0	5.730000E+2
2.748361E+1	-1.000000E+3	-9.995000E-1	-6.176000E-4	1.618361E+6	1.672627E+6	5.984000E-4	1.000900E+0	9.910000E+37	-6.176000E-4	-1.604598E+44	1.656083E+44	5.984000E-4	9.910000E+37	5.000000E-1	0.000000E+0	1.000000E-1	1.100000E+1	1.000000E-1	1.100000E+1	1.000000E+0	5.740000E+2
2.753142E+1	-1.000000E+3	-9.990000E-1	-6.151000E-4	1.624126E+6	1.669890E+6	5.998000E-4	1.001600E+0	9.910000E+37	-6.151000E-4	-1.611120E+44	1.652217E+44	5.998000E-4	9.910000E+37	5.000000E-1	0.000000E+0	1.000000E-1	1.100000E+1	1.000000E-1	1.100000E+1	1.000000E+0	5.750000E+2
2.757914E+1	-1.000000E+3	-1.001100E+0	-6.288000E-4	1.592080E+6	1.681918E+6	5.945000E-4	9.999000E-1	9.910000E+37	-6.288000E-4	-1.576018E+44	1.666947E+44	5.945000E-4	9.910000E+37	5.000000E-1	0.000000E+0	1.000000E-1	1.100000E+1	1.000000E-1	1.100000E+1	1.000000E+0	5.760000E+2
2.762696E+1	-1.000000E+3	-1.000700E+0	-6.225000E-4	1.607550E+6	1.676214E+6	5.970000E-4	1.000700E+0	9.910000E+37	-6.225000E-4	-1.591968E+44	1.659966E+44	5.970000E-4	9.910000E+37	5.000000E-1	0.000000E+0	1.000000E-1	1.100000E+1	1.000000E-1	1.100000E+1	1.000000E+0	5.770000E+2
2.767483E+1	-1.000000E+3	-1.000400E+0	-6.126000E-4	1.633040E+6	1.684583E+6	5.935000E-4	9.998000E-1	9.910000E+37	-6.126000E-4	-1.617695E+44	1.669756E+44	5.935000E-4	9.910000E+37	5.000000E-1	0.000000E+0	1.000000E-1	1.100000E+1	1.000000E-1	1.100000E+1	1.000000E+0	5.780000E+2
2.772262E+1	-1.000000E+3	-9.995000E-1	-6.210000E-4	1.609501E+6	1.674761E+6	5.971000E-4	1.000000E+0	9.910000E+37	-6.210000E-4	-1.595813E+44	1.659688E+44	5.971000E-4	9.910000E+37	5.000000E-1	0.000000E+0	1.000000E-1	1.100000E+1	1.000000E-1	1.100000E+1	1.000000E+0	5.790000E+2
2.777036E+1	-1.000000E+3	-1.000700E+0	-6.315000E-4	1.584640E+6	1.693701E+6	5.906000E-4	1.000300E+0	9.910000E+37	-6.315000E-4	-1.569279E+44	1.677955E+44	5.906000E-4	9.910000E+37	5.000000E-1	0.000000E+0	1.000000E-1	1.100000E+1	1.000000E-1	1.100000E+1	1.000000E+0	5.800000E+2
2.781811E+1	-1.000000E+3	-9.984000E-1	-6.125000E-4	1.630041E+6	1.686288E+6	5.929000E-4	9.998000E-1	9.910000E+37	-6.125000E-4	-1.617959E+44	1.671445E+44	5.929000E-4	9.910000E+37	5.000000E-1	0.000000E+0	1.000000E-1	1.100000E+1	1.000000E-1	1.100000E+1	1.000000E+0	5.810000E+2
2.786579E+1	-1.000000E+3	-1.000500E+0	-6.302000E-4	1.587591E+6	1.667445E+6	5.996000E-4	9.998000E-1	9.910000E+37	-6.302000E-4	-1.572517E+44	1.652769E+44	5.996000E-4	9.910000E+37	5.000000E-1	0.000000E+0	1.000000E-1	1.100000E+1	1.000000E-1	1.100000E+1	1.000000E+0	5.820000E+2
2.791355E+1	-1.000000E+3	-1.000100E+0	-6.246000E-4	1.601185E+6	1.674477E+6	5.975000E-4	1.000500E+0	9.910000E+37	-6.246000E-4	-1.586615E+44	1.658577E+44	5.975000E-4	9.910000E+37	5.000000E-1	0.000000E+0	1.000000E-1	1.100000E+1	1.000000E-1	1.100000E+1	1.000000E+0	5.830000E+2
2.796132E+1	-1.000000E+3	-9.989000E-1	-6.257000E-4	1.596452E+6	1.692035E+6	5.913000E-4	1.000500E+0	9.910000E+37	-6.257000E-4	-1.583826E+44	1.675968E+44	5.913000E-4	9.910000E+37	5.000000E-1	0.000000E+0	1.000000E-1	1.100000E+1	1.000000E-1	1.100000E+1	1.000000E+0	5.840000E+2
2.800904E+1	-1.000000E+3	-1.000100E+0	-6.238000E-4	1.603238E+6	1.699575E+6	5.885000E-4	1.000200E+0	9.910000E+37	-6.238000E-4	-1.588650E+44	1.683942E+44	5.885000E-4	9.910000E+37	5.000000E-1	0.000000E+0	1.000000E-1	1.100000E+1	1.000000E-1	1.100000E+1	1.000000E+0	5.850000E+2
2.805679E+1	-1.000000E+3	-9.993000E-1	-6.187000E-4	1.615161E+6	1.695645E+6	5.901000E-4	1.000600E+0	9.910000E+37	-6.187000E-4	-1.601746E+44	1.679376E+44	5.901000E-4	9.910000E+37	5.000000E-1	0.000000E+0	1.000000E-1	1.100000E+1	1.000000E-1	1.100000E+1	1.000000E+0	5.860000E+2
2.810447E+1	-1.000000E+3	-1.000400E+0	-6.257000E-4	1.598849E+6	1.690086E+6	5.921000E-4	1.000700E+0	9.910000E+37	-6.257000E-4	-1.583826E+44	1.673704E+44	5.921000E-4	9.910000E+37	5.000000E-1	0.000000E+0	1.000000E-1	1.100000E+1	1.000000E-1	1.100000E+1	1.000000E+0	5.870000E+2
2.815238E+1	-1.000000E+3	-1.000400E+0	-6.162000E-4	1.623499E+6	1.707821E+6	5.856000E-4	1.000100E+0	9.910000E+37	-6.162000E-4	-1.608244E+44	1.692281E+44	5.856000E-4	9.910000E+37	5.000000E-1	0.000000E+0	1.000000E-1	1.100000E+1	1.000000E-1	1.100000E+1	1.000000E+0	5.880000E+2
2.820011E+1	-1.000000E+3	-9.999000E-1	-6.218000E-4	1.608073E+6	1.744020E+6	5.727000E-4	9.988000E-1	9.910000E+37	-6.218000E-4	-1.593760E+44	1.730400E+44	5.727000E-4	9.910000E+37	5.000000E-1	0.000000E+0	1.000000E-1	1.100000E+1	1.000000E-1	1.100000E+1	1.000000E+0	5.890000E+2
2.824780E+1	-1.000000E+3	-9.997000E-1	-6.261000E-4	1.596710E+6	1.683741E+6	5.935000E-4	9.993000E-1	9.910000E+37	-6.261000E-4	-1.582814E+44	1.669756E+44	5.935000E-4	9.910000E+37	5.000000E-1	0.000000E+0	1.000000E-1	1.100000E+1	1.000000E-1	1.100000E+1	1.000000E+0	5.900000E+2
2.829572E+1	-1.000000E+3	-1.000100E+0	-6.231000E-4	1.605039E+6	1.735059E+6	5.756000E-4	9.987000E-1	9.910000E+37	-6.231000E-4	-1.590435E+44	1.721682E+44	5.756000E-4	9.910000E+37	5.000000E-1	0.000000E+0	1.000000E-1	1.100000E+1	1.000000E-1	1.100000E+1	1.000000E+0	5.910000E+2
2.834365E+1	-1.000000E+3	-9.990000E-1	-6.198000E-4	1.611810E+6	1.688217E+6	5.924000E-4	1.000100E+0	9.910000E+37	-6.198000E-4	-1.598903E+44	1.672856E+44	5.924000E-4	9.910000E+37	5.000000E-1	0.000000E+0	1.000000E-1	1.100000E+1	1.000000E-1	1.100000E+1	1.000000E+0	5.920000E+2
2.839131E+1	-1.000000E+3	-1.000300E+0	-6.274000E-4	1.594358E+6	1.683555E+6	5.941000E-4	1.000200E+0	9.910000E+37	-6.274000E-4	-1.579535E+44	1.668069E+44	5.941000E-4	9.910000E+37	5.000000E-1	0.000000E+0	1.000000E-1	1.100000E+1	1.000000E-1	1.100000E+1	1.000000E+0	5.930000E+2
2.843894E+1	-1.000000E+3	-9.991000E-1	-6.190000E-4	1.614055E+6	1.696810E+6	5.894000E-4	1.000100E+0	9.910000E+37	-6.190000E-4	-1.600969E+44	1.681371E+44	5.894000E-4	9.910000E+37	5.000000E-1	0.000000E+0	1.000000E-1	1.100000E+1	1.000000E-1	1.100000E+1	1.000000E+0	5.940000E+2
2.848665E+1	-1.000000E+3	-1.000200E+0	-6.195000E-4	1.614528E+6	1.686341E+6	5.930000E-4	1.000000E+0	9.910000E+37	-6.195000E-4	-1.599677E+44	1.671164E+44	5.930000E-4	9.910000E+37	5.000000E-1	0.000000E+0	1.000000E-1	1.100000E+1	1.000000E-1	1.100000E+1	1.000000E+0	5.950000E+2
2.853435E+1	-1.000000E+3	-1.000500E+0	-6.255000E-4	1.599520E+6	1.701157E+6	5.876000E-4	9.996000E-1	9.910000E+37	-6.255000E-4	-1.584333E+44	1.686521E+44	5.876000E-4	9.910000E+37	5.000000E-1	0.000000E+0	1.000000E-1	1.100000E+1	1.000000E-1	1.100000E+1	1.000000E+0	5.960000E+2
2.858225E+1	-1.000000E+3	-9.995000E-1	-6.147000E-4	1.625996E+6	1.692803E+6	5.905000E-4	9.996000E-1	9.910000E+37	-6.147000E-4	-1.612169E+44	1.678239E+44	5.905000E-4	9.910000E+37	5.000000E-1	0.000000E+0	1.000000E-1	1.100000E+1	1.000000E-1	1.100000E+1	1.000000E+0	5.970000E+2
2.862999E+1	-1.000000E+3	-1.000000E+0	-6.245000E-4	1.601281E+6	1.697083E+6	5.896000E-4	1.000600E+0	9.910000E+37	-6.245000E-4	-1.586869E+44	1.680801E+44	5.896000E-4	9.910000E+37	5.000000E-1	0.000000E+0	1.000000E-1	1.100000E+1	1.000000E-1	1.100000E+1	1.000000E+0	5.980000E+2
2.867766E+1	-1.000000E+3	-9.998000E-1	-6.330000E-4	1.579463E+6	1.668836E+6	5.994000E-4	1.000300E+0	9.910000E+37	-6.330000E-4	-1.565561E+44	1.653320E+44	5.994000E-4	9.910000E+37	5.000000E-1	0.000000E+0	1.000000E-1	1.100000E+1	1.000000E-1	1.100000E+1	1.000000E+0	5.990000E+2
2.872548E+1	-1.000000E+3	-1.000000E+0	-6.288000E-4	1.590331E+6	1.681352E+6	5.947000E-4	9.999000E-1	9.910000E+37	-6.288000E-4	-1.576018E+44	1.666386E+44	5.947000E-4	9.910000E+37	5.000000E-1	0.000000E+0	1.000000E-1	1.100000E+1	1.000000E-1	1.100000E+1	1.000000E+0	6.000000E+2
2.877331E+1	-1.000000E+3	-9.997000E-1	-6.248000E-4	1.600032E+6	1.689824E+6	5.916000E-4	9.997000E-1	9.910000E+37	-6.248000E-4	-1.586108E+44	1.675118E+44	5.916000E-4	9.910000E+37	5.000000E-1	0.000000E+0	1.000000E-1	1.100000E+1	1.000000E-1	1.100000E+1	1.000000E+0	6.010000E+2
2.882100E+1	-1.000000E+3	-1.000600E+0	-6.217000E-4	1.609458E+6	1.665834E+6	6.006000E-4	1.000500E+0	9.910000E+37	-6.217000E-4	-1.594016E+44	1.650017E+44	6.006000E-4	9.910000E+37	5.000000E-1	0.000000E+0	1.000000E-1	1.100000E+1	1.000000E-1	1.100000E+1	1.000000E+0	6.020000E+2
2.886877E+1	-1.000000E+3	-9.989000E-1	-6.202000E-4	1.610609E+6	1.707558E+6	5.861000E-4	1.000800E+0	9.910000E+37	-6.202000E-4	-1.597872E+44	1.690838E+44	5.861000E-4	9.910000E+37	5.000000E-1	0.000000E+0	1.000000E-1	1.100000E+1	1.000000E-1	1.100000E+1	1.000000E+0	6.030000E+2
2.891842E+1	-1.000000E+3	-9.995000E-1	-6.301000E-4	1.586256E+6	1.719347E+6	5.815000E-4	9.998000E-1	9.910000E+37	-6.301000E-4	-1.572766E+44	1.704213E+44	5.815000E-4	9.910000E+37	5.000000E-1	0.000000E+0	1.000000E-1	1.100000E+1	1.000000E-1	1.100000E+1	1.000000E+0	6.040000E+2
2.896602E+1	-1.000000E+3	-1.000300E+0	-6.295000E-4	1.589039E+6	1.674419E+6	5.977000E-4	1.000800E+0	9.910000E+37	-6.295000E-4	-1.574265E+44	1.658022E+44	5.977000E-4	9.910000E+37	5.000000E-1	0.000000E+0	1.000000E-1	1.100000E+1	1.000000E-1	1.100000E+1	1.000000E+0	6.050000E+2
2.901368E+1	-1.000000E+3	-1.001300E+0	-6.320000E-4	1.584335E+6	1.685204E+6	5.934000E-4	1.000000E+0	9.910000E+37	-6.320000E-4	-1.568038E+44	1.670037E+44	5.934000E-4	9.910000E+37	5.000000E-1	0.000000E+0	1.000000E-1	1.100000E+1	1.000000E-1	1.100000E+1	1.000000E+0	6.060000E+2
2.906165E+1	-1.000000E+3	-9.997000E-1	-6.168000E-4	1.620785E+6	1.664945E+6	6.002000E-4	9.993000E-1	9.910000E+37	-6.168000E-4	-1.606680E+44	1.651116E+44	6.002000E-4	9.910000E+37	5.000000E-1	0.000000E+0	1.000000E-1	1.100000E+1	1.000000E-1	1.100000E+1	1.000000E+0	6.070000E+2
2.910941E+1	-1.000000E+3	-1.000300E+0	-6.350000E-4	1.575276E+6	1.704108E+6	5.867000E-4	9.998000E-1	9.910000E+37	-6.350000E-4	-1.560630E+44	1.689109E+44	5.867000E-4	9.910000E+37	5.000000E-1	0.000000E+0	1.000000E-1	1.100000E+1	1.000000E-1	1.100000E+1	1.000000E+0	6.080000E+2
2.915710E+1	-1.000000E+3	-1.000100E+0	-6.337000E-4	1.578192E+6	1.664726E+6	6.013000E-4	1.001000E+0	9.910000E+37	-6.337000E-4	-1.563831E+44	1.648096E+44	6.013000E-4	9.910000E+37	5.000000E-1	0.000000E+0	1.000000E-1	1.100000E+1	1.000000E-1	1.100000E+1	1.000000E+0	6.090000E+2
2.920477E+1	-1.000000E+3	-1.000200E+0	-6.308000E-4	1.585606E+6	1.713136E+6	5.839000E-4	1.000300E+0	9.910000E+37	-6.308000E-4	-1.571021E+44	1.697208E+44	5.839000E-4	9.910000E+37	5.000000E-1	0.000000E+0	1.000000E-1	1.100000E+1	1.000000E-1	1.100000E+1	1.000000E+0	6.100000E+2
2.925241E+1	-1.000000E+3	-9.992000E-1	-6.284000E-4	1.590070E+6	1.696707E+6	5.892000E-4	9.997000E-1	9.910000E+37	-6.284000E-4	-1.577021E+44	1.681942E+44	5.892000E-4	9.910000E+37	5.000000E-1	0.000000E+0	1.000000E-1	1.100000E+1	1.000000E-1	1.100000E+1	1.000000E+0	6.110000E+2
2.930034E+1	-1.000000E+3	-1.000100E+0	-6.294000E-4	1.588974E+6	1.680572E+6	5.945000E-4	9.991000E-1	9.910000E+37	-6.294000E-4	-1.574515E+44	1.666947E+44	5.945000E-4	9.910000E+37	5.000000E-1	0.000000E+0	1.000000E-1	1.100000E+1	1.000000E-1	1.100000E+1	1.000000E+0	6.120000E+2
2.934810E+1	-1.000000E+3	-1.001400E+0	-6.390000E-4	1.567136E+6	1.691774E+6	5.908000E-4	9.995000E-1	9.910000E+37	-6.390000E-4	-1.550861E+44	1.677387E+44	5.908000E-4	9.910000E+37	5.000000E-1	0.000000E+0	1.000000E-1	1.100000E+1	1.000000E-1	1.100000E+1	1.000000E+0	6.130000E+2
2.939581E+1	-1.000000E+3	-1.000300E+0	-6.319000E-4	1.583004E+6	1.688345E+6	5.920000E-4	9.995000E-1	9.910000E+37	-6.319000E-4	-1.568286E+44	1.673986E+44	5.920000E-4	9.910000E+37	5.000000E-1	0.000000E+0	1.000000E-1	1.100000E+1	1.000000E-1	1.100000E+1	1.000000E+0	6.140000E+2
2.944358E+1	-1.000000E+3	-9.998000E-1	-6.231000E-4	1.604558E+6	1.663284E+6	6.011000E-4	9.998000E-1	9.910000E+37	-6.231000E-4	-1.590435E+44	1.648644E+44	6.011000E-4	9.910000E+37	5.000000E-1	0.000000E+0	1.000000E-1	1.100000E+1	1.000000E-1	1.100000E+1	1.000000E+0	6.150000E+2
2.949125E+1	-1.000000E+3	-9.997000E-1	-6.213000E-4	1.609046E+6	1.674259E+6	5.971000E-4	9.997000E-1	9.910000E+37	-6.213000E-4	-1.595043E+44	1.659688E+44	5.971000E-4	9.910000E+37	5.000000E-1	0.000000E+0	1.000000E-1	1.100000E+1	1.000000E-1	1.100000E+1	1.000000E+0	6.160000E+2
2.953902E+1	-1.000000E+3	-9.999000E-1	-6.267000E-4	1.595500E+6	1.683954E+6	5.939000E-4	1.000100E+0	9.910000E+37	-6.267000E-4	-1.581299E+44	1.668631E+44	5.939000E-4	9.910000E+37	5.000000E-1	0.000000E+0	1.000000E-1	1.100000E+1	1.000000E-1	1.100000E+1	1.000000E+0	6.170000E+2
2.958673E+1	-1.000000E+3	-1.000900E+0	-6.335000E-4	1.579953E+6	1.685372E+6	5.934000E-4	1.000100E+0	9.910000E+37	-6.335000E-4	-1.564325E+44	1.670037E+44	5.934000E-4	9.910000E+37	5.000000E-1	0.000000E+0	1.000000E-1	1.100000E+1	1.000000E-1	1.100000E+1	1.000000E+0	6.180000E+2
2.963521E+1	-1.000000E+3	-1.000300E+0	-6.302000E-4	1.587274E+6	1.684343E+6	5.940000E-4	1.000500E+0	9.910000E+37	-6.302000E-4	-1.572517E+44	1.668350E+44	5.940000E-4	9.910000E+37	5.000000E-1	0.000000E+0	1.000000E-1	1.100000E+1	1.000000E-1	1.100000E+1	1.000000E+0	6.190000E+2
2.968311E+1	-1.000000E+3	-9.990000E-1	-6.244000E-4	1.599936E+6	1.700936E+6	5.875000E-4	9.993000E-1	9.910000E+37	-6.244000E-4	-1.587124E+44	1.686809E+44	5.875000E-4	9.910000E+37	5.000000E-1	0.000000E+0	1.000000E-1	1.100000E+1	1.000000E-1	1.100000E+1	1.000000E+0	6.200000E+2
2.973095E+1	-1.000000E+3	-9.999000E-1	-6.234000E-4	1.603946E+6	1.670510E+6	5.985000E-4	9.998000E-1	9.910000E+37	-6.234000E-4	-1.589670E+44	1.655806E+44	5.985000E-4	9.910000E+37	5.000000E-1	0.000000E+0	1.000000E-1	1.100000E+1	1.000000E-1	1.100000E+1	1.000000E+0	6.210000E+2
2.977870E+1	-1.000000E+3	-9.996000E-1	-6.261000E-4	1.596550E+6	1.677349E+6	5.960000E-4	9.997000E-1	9.910000E+37	-6.261000E-4	-1.582814E+44	1.662752E+44	5.960000E-4	9.910000E+37	5.000000E-1	0.000000E+0	1.000000E-1	1.100000E+1	1.000000E-1	1.100000E+1	1.000000E+0	6.220000E+2
2.982661E+1	-1.000000E+3	-9.994000E-1	-6.215000E-4	1.608045E+6	1.676564E+6	5.961000E-4	9.994000E-1	9.910000E+37	-6.215000E-4	-1.594529E+44	1.662473E+44	5.961000E-4	9.910000E+37	5.000000E-1	0.000000E+0	1.000000E-1	1.100000E+1	1.000000E-1	1.100000E+1	1.000000E+0	6.230000E+2
2.987441E+1	-1.000000E+3	-1.000100E+0	-6.306000E-4	1.585950E+6	1.701106E+6	5.875000E-4	9.994000E-1	9.910000E+37	-6.306000E-4	-1.571519E+44	1.686809E+44	5.875000E-4	9.910000E+37	5.000000E-1	0.000000E+0	1.000000E-1	1.100000E+1	1.000000E-1	1.100000E+1	1.000000E+0	6.240000E+2
2.992214E+1	-1.000000E+3	-1.000500E+0	-6.331000E-4	1.580319E+6	1.680457E+6	5.946000E-4	9.992000E-1	9.910000E+37	-6.331000E-4	-1.565314E+44	1.666667E+44	5.946000E-4	9.910000E+37	5.000000E-1	0.000000E+0	1.000000E-1	1.100000E+1	1.000000E-1	1.100000E+1	1.000000E+0	6.250000E+2
2.996991E+1	-1.000000E+3	-9.990000E-1	-6.243000E-4	1.600192E+6	1.677912E+6	5.958000E-4	9.997000E-1	9.910000E+37	-6.243000E-4	-1.587378E+44	1.663310E+44	5.958000E-4	9.910000E+37	5.000000E-1	0.000000E+0	1.000000E-1	1.100000E+1	1.000000E-1	1.100000E+1	1.000000E+0	6.260000E+2
3.001768E+1	-1.000000E+3	-1.000000E+0	-6.294000E-4	1.588815E+6	1.684078E+6	5.935000E-4	9.995000E-1	9.910000E+37	-6.294000E-4	-1.574515E+44	1.669756E+44	5.935000E-4	9.910000E+37	5.000000E-1	0.000000E+0	1.000000E-1	1.100000E+1	1.000000E-1	1.100000E+1	1.000000E+0	6.270000E+2
3.006535E+1	-1.000000E+3	-9.992000E-1	-6.214000E-4	1.607982E+6	1.666833E+6	6.000000E-4	1.000100E+0	9.910000E+37	-6.214000E-4	-1.594786E+44	1.651667E+44	6.000000E-4	9.910000E+37	5.000000E-1	0.000000E+0	1.000000E-1	1.100000E+1	1.000000E-1	1.100000E+1	1.000000E+0	6.280000E+2
3.011311E+1	-1.000000E+3	-1.000400E+0	-6.386000E-4	1.566552E+6	1.682300E+6	5.949000E-4	1.000800E+0	9.910000E+37	-6.386000E-4	-1.551832E+44	1.665826E+44	5.949000E-4	9.910000E+37	5.000000E-1	0.000000E+0	1.000000E-1	1.100000E+1	1.000000E-1	1.100000E+1	1.000000E+0	6.290000E+2
3.016084E+1	-1.000000E+3	-1.000300E+0	-6.382000E-4	1.567377E+6	1.662621E+6	6.014000E-4	9.999000E-1	9.910000E+37	-6.382000E-4	-1.552805E+44	1.647822E+44	6.014000E-4	9.910000E+37	5.000000E-1	0.000000E+0	1.000000E-1	1.100000E+1	1.000000E-1	1.100000E+1	1.000000E+0	6.300000E+2
3.020844E+1	-1.000000E+3	-1.000400E+0	-6.292000E-4	1.589955E+6	1.688746E+6	5.918000E-4	9.994000E-1	9.910000E+37	-6.292000E-4	-1.575016E+44	1.674552E+44	5.918000E-4	9.910000E+37	5.000000E-1	0.000000E+0	1.000000E-1	1.100000E+1	1.000000E-1	1.100000E+1	1.000000E+0	6.310000E+2
3.025616E+1	-1.000000E+3	-9.992000E-1	-6.279000E-4	1.591336E+6	1.685676E+6	5.927000E-4	9.991000E-1	9.910000E+37	-6.279000E-4	-1.578277E+44	1.672009E+44	5.927000E-4	9.910000E+37	5.000000E-1	0.000000E+0	1.000000E-1	1.100000E+1	1.000000E-1	1.100000E+1	1.000000E+0	6.320000E+2
3.030382E+1	-1.000000E+3	-9.997000E-1	-6.354000E-4	1.573340E+6	1.674699E+6	5.976000E-4	1.000800E+0	9.910000E+37	-6.354000E-4	-1.559647E+44	1.658300E+44	5.976000E-4	9.910000E+37	5.000000E-1	0.000000E+0	1.000000E-1	1.100000E+1	1.000000E-1	1.100000E+1	1.000000E+0	6.330000E+2
3.035175E+1	-1.000000E+3	-9.999000E-1	-6.429000E-4	1.555296E+6	1.681230E+6	5.951000E-4	1.000500E+0	9.910000E+37	-6.429000E-4	-1.541453E+44	1.665266E+44	5.951000E-4	9.910000E+37	5.000000E-1	0.000000E+0	1.000000E-1	1.100000E+1	1.000000E-1	1.100000E+1	1.000000E+0	6.340000E+2
3.039991E+1	-1.000000E+3	-1.000900E+0	-6.353000E-4	1.575476E+6	1.670508E+6	5.988000E-4	1.000300E+0	9.910000E+37	-6.353000E-4	-1.559893E+44	1.654977E+44	5.988000E-4	9.910000E+37	5.000000E-1	0.000000E+0	1.000000E-1	1.100000E+1	1.000000E-1	1.100000E+1	1.000000E+0	6.350000E+2
3.044759E+1	-1.000000E+3	-9.985000E-1	-6.121000E-4	1.631269E+6	1.655412E+6	6.042000E-4	1.000200E+0	9.910000E+37	-6.121000E-4	-1.619017E+44	1.640185E+44	6.042000E-4	9.910000E+37	5.000000E-1	0.000000E+0	1.000000E-1	1.100000E+1	1.000000E-1	1.100000E+1	1.000000E+0	6.360000E+2
3.049524E+1	-1.000000E+3	-1.000000E+0	-6.255000E-4	1.598721E+6	1.654431E+6	6.048000E-4	1.000600E+0	9.910000E+37	-6.255000E-4	-1.584333E+44	1.638558E+44	6.048000E-4	9.910000E+37	5.000000E-1	0.000000E+0	1.000000E-1	1.100000E+1	1.000000E-1	1.100000E+1	1.000000E+0	6.370000E+2
3.054301E+1	-1.000000E+3	-1.000200E+0	-6.259000E-4	1.598019E+6	1.663505E+6	6.009000E-4	9.996000E-1	9.910000E+37	-6.259000E-4	-1.583320E+44	1.649193E+44	6.009000E-4	9.910000E+37	5.000000E-1	0.000000E+0	1.000000E-1	1.100000E+1	1.000000E-1	1.100000E+1	1.000000E+0	6.380000E+2
3.059058E+1	-1.000000E+3	-9.992000E-1	-6.261000E-4	1.595911E+6	1.673968E+6	5.981000E-4	1.001200E+0	9.910000E+37	-6.261000E-4	-1.582814E+44	1.656914E+44	5.981000E-4	9.910000E+37	5.000000E-1	0.000000E+0	1.000000E-1	1.100000E+1	1.000000E-1	1.100000E+1	1.000000E+0	6.390000E+2
3.063824E+1	-1.000000E+3	-9.998000E-1	-6.395000E-4	1.563409E+6	1.687321E+6	5.923000E-4	9.994000E-1	9.910000E+37	-6.395000E-4	-1.549648E+44	1.673139E+44	5.923000E-4	9.910000E+37	5.000000E-1	0.000000E+0	1.000000E-1	1.100000E+1	1.000000E-1	1.100000E+1	1.000000E+0	6.400000E+2
3.068591E+1	-1.000000E+3	-9.998000E-1	-6.318000E-4	1.582463E+6	1.716767E+6	5.815000E-4	9.983000E-1	9.910000E+37	-6.318000E-4	-1.568534E+44	1.704213E+44	5.815000E-4	9.910000E+37	5.000000E-1	0.000000E+0	1.000000E-1	1.100000E+1	1.000000E-1	1.100000E+1	1.000000E+0	6.410000E+2
3.073371E+1	-1.000000E+3	-1.000100E+0	-6.293000E-4	1.589226E+6	1.661459E+6	6.017000E-4	9.997000E-1	9.910000E+37	-6.293000E-4	-1.574766E+44	1.647000E+44	6.017000E-4	9.910000E+37	5.000000E-1	0.000000E+0	1.000000E-1	1.100000E+1	1.000000E-1	1.100000E+1	1.000000E+0	6.420000E+2
3.078148E+1	-1.000000E+3	-1.001500E+0	-6.428000E-4	1.558027E+6	1.687321E+6	5.923000E-4	9.994000E-1	9.910000E+37	-6.428000E-4	-1.541693E+44	1.673139E+44	5.923000E-4	9.910000E+37	5.000000E-1	0.000000E+0	1.000000E-1	1.100000E+1	1.000000E-1	1.100000E+1	1.000000E+0	6.430000E+2
3.082921E+1	-1.000000E+3	-9.997000E-1	-6.279000E-4	1.592133E+6	1.687774E+6	5.922000E-4	9.995000E-1	9.910000E+37	-6.279000E-4	-1.578277E+44	1.673421E+44	5.922000E-4	9.910000E+37	5.000000E-1	0.000000E+0	1.000000E-1	1.100000E+1	1.000000E-1	1.100000E+1	1.000000E+0	6.440000E+2
3.087695E+1	-1.000000E+3	-1.000700E+0	-6.320000E-4	1.583386E+6	1.636899E+6	6.114000E-4	1.000800E+0	9.910000E+37	-6.320000E-4	-1.568038E+44	1.620870E+44	6.114000E-4	9.910000E+37	5.000000E-1	0.000000E+0	1.000000E-1	1.100000E+1	1.000000E-1	1.100000E+1	1.000000E+0	6.450000E+2
3.092474E+1	-1.000000E+3	-1.000300E+0	-6.285000E-4	1.591567E+6	1.638225E+6	6.106000E-4	1.000300E+0	9.910000E+37	-6.285000E-4	-1.576770E+44	1.622994E+44	6.106000E-4	9.910000E+37	5.000000E-1	0.000000E+0	1.000000E-1	1.100000E+1	1.000000E-1	1.100000E+1	1.000000E+0	6.460000E+2
3.097242E+1	-1.000000E+3	-1.000800E+0	-6.354000E-4	1.575071E+6	1.655846E+6	6.038000E-4	9.998000E-1	9.910000E+37	-6.354000E-4	-1.559647E+44	1.641272E+44	6.038000E-4	9.910000E+37	5.000000E-1	0.000000E+0	1.000000E-1	1.100000E+1	1.000000E-1	1.100000E+1	1.000000E+0	6.470000E+2
3.102012E+1	-1.000000E+3	-1.000300E+0	-6.373000E-4	1.569590E+6	1.664116E+6	6.011000E-4	1.000300E+0	9.910000E+37	-6.373000E-4	-1.554998E+44	1.648644E+44	6.011000E-4	9.910000E+37	5.000000E-1	0.000000E+0	1.000000E-1	1.100000E+1	1.000000E-1	1.100000E+1	1.000000E+0	6.480000E+2
3.106778E+1	-1.000000E+3	-1.000700E+0	-6.360000E-4	1.573428E+6	1.663948E+6	6.008000E-4	9.997000E-1	9.910000E+37	-6.360000E-4	-1.558176E+44	1.649467E+44	6.008000E-4	9.910000E+37	5.000000E-1	0.000000E+0	1.000000E-1	1.100000E+1	1.000000E-1	1.100000E+1	1.000000E+0	6.490000E+2
3.111543E+1	-1.000000E+3	-9.999000E-1	-6.291000E-4	1.589413E+6	1.634669E+6	6.115000E-4	9.996000E-1	9.910000E+37	-6.291000E-4	-1.575266E+44	1.620605E+44	6.115000E-4	9.910000E+37	5.000000E-1	0.000000E+0	1.000000E-1	1.100000E+1	1.000000E-1	1.100000E+1	1.000000E+0	6.500000E+2
3.116323E+1	-1.000000E+3	-9.987000E-1	-6.318000E-4	1.580722E+6	1.664396E+6	6.019000E-4	1.001800E+0	9.910000E+37	-6.318000E-4	-1.568534E+44	1.646453E+44	6.019000E-4	9.910000E+37	5.000000E-1	0.000000E+0	1.000000E-1	1.100000E+1	1.000000E-1	1.100000E+1	1.000000E+0	6.510000E+2
3.121087E+1	-1.000000E+3	-9.998000E-1	-6.378000E-4	1.567576E+6	1.704007E+6	5.865000E-4	9.994000E-1	9.910000E+37	-6.378000E-4	-1.553779E+44	1.689685E+44	5.865000E-4	9.910000E+37	5.000000E-1	0.000000E+0	1.000000E-1	1.100000E+1	1.000000E-1	1.100000E+1	1.000000E+0	6.520000E+2
3.125850E+1	-1.000000E+3	-9.997000E-1	-6.279000E-4	1.592133E+6	1.662729E+6	6.010000E-4	9.993000E-1	9.910000E+37	-6.279000E-4	-1.578277E+44	1.648918E+44	6.010000E-4	9.910000E+37	5.000000E-1	0.000000E+0	1.000000E-1	1.100000E+1	1.000000E-1	1.100000E+1	1.000000E+0	6.530000E+2
3.130619E+1	-1.000000E+3	-1.001300E+0	-6.403000E-4	1.563798E+6	1.631313E+6	6.138000E-4	1.001300E+0	9.910000E+37	-6.403000E-4	-1.547712E+44	1.614532E+44	6.138000E-4	9.910000E+37	5.000000E-1	0.000000E+0	1.000000E-1	1.100000E+1	1.000000E-1	1.100000E+1	1.000000E+0	6.540000E+2
3.135394E+1	-1.000000E+3	-1.000000E+0	-6.402000E-4	1.562012E+6	1.703306E+6	5.868000E-4	9.995000E-1	9.910000E+37	-6.402000E-4	-1.547954E+44	1.688821E+44	5.868000E-4	9.910000E+37	5.000000E-1	0.000000E+0	1.000000E-1	1.100000E+1	1.000000E-1	1.100000E+1	1.000000E+0	6.550000E+2
3.140168E+1	-1.000000E+3	-1.000100E+0	-6.351000E-4	1.574713E+6	1.675038E+6	5.973000E-4	1.000500E+0	9.910000E+37	-6.351000E-4	-1.560384E+44	1.659133E+44	5.973000E-4	9.910000E+37	5.000000E-1	0.000000E+0	1.000000E-1	1.100000E+1	1.000000E-1	1.100000E+1	1.000000E+0	6.560000E+2
3.144935E+1	-1.000000E+3	-9.996000E-1	-6.297000E-4	1.587423E+6	1.693701E+6	5.906000E-4	1.000300E+0	9.910000E+37	-6.297000E-4	-1.573765E+44	1.677955E+44	5.906000E-4	9.910000E+37	5.000000E-1	0.000000E+0	1.000000E-1	1.100000E+1	1.000000E-1	1.100000E+1	1.000000E+0	6.570000E+2
3.149720E+1	-1.000000E+3	-9.996000E-1	-6.292000E-4	1.588684E+6	1.674870E+6	5.973000E-4	1.000400E+0	9.910000E+37	-6.292000E-4	-1.575016E+44	1.659133E+44	5.973000E-4	9.910000E+37	5.000000E-1	0.000000E+0	1.000000E-1	1.100000E+1	1.000000E-1	1.100000E+1	1.000000E+0	6.580000E+2
3.154495E+1	-1.000000E+3	-1.000700E+0	-6.374000E-4	1.569972E+6	1.667111E+6	5.996000E-4	9.996000E-1	9.910000E+37	-6.374000E-4	-1.554754E+44	1.652769E+44	5.996000E-4	9.910000E+37	5.000000E-1	0.000000E+0	1.000000E-1	1.100000E+1	1.000000E-1	1.100000E+1	1.000000E+0	6.590000E+2
3.159272E+1	-1.000000E+3	-1.000400E+0	-6.372000E-4	1.569994E+6	1.671125E+6	5.981000E-4	9.995000E-1	9.910000E+37	-6.372000E-4	-1.555242E+44	1.656914E+44	5.981000E-4	9.910000E+37	5.000000E-1	0.000000E+0	1.000000E-1	1.100000E+1	1.000000E-1	1.100000E+1	1.000000E+0	6.600000E+2
3.164051E+1	-1.000000E+3	-9.992000E-1	-6.225000E-4	1.605141E+6	1.650000E+6	6.060000E-4	9.999000E-1	9.910000E+37	-6.225000E-4	-1.591968E+44	1.635314E+44	6.060000E-4	9.910000E+37	5.000000E-1	0.000000E+0	1.000000E-1	1.100000E+1	1.000000E-1	1.100000E+1	1.000000E+0	6.610000E+2
3.168835E+1	-1.000000E+3	-1.000500E+0	-6.424000E-4	1.557441E+6	1.685584E+6	5.938000E-4	1.000900E+0	9.910000E+37	-6.424000E-4	-1.542653E+44	1.668912E+44	5.938000E-4	9.910000E+37	5.000000E-1	0.000000E+0	1.000000E-1	1.100000E+1	1.000000E-1	1.100000E+1	1.000000E+0	6.620000E+2
3.173610E+1	-1.000000E+3	-9.997000E-1	-6.245000E-4	1.600801E+6	1.660800E+6	6.023000E-4	1.000300E+0	9.910000E+37	-6.245000E-4	-1.586869E+44	1.645359E+44	6.023000E-4	9.910000E+37	5.000000E-1	0.000000E+0	1.000000E-1	1.100000E+1	1.000000E-1	1.100000E+1	1.000000E+0	6.630000E+2
3.178392E+1	-1.000000E+3	-9.992000E-1	-6.256000E-4	1.597187E+6	1.661630E+6	6.023000E-4	1.000800E+0	9.910000E+37	-6.256000E-4	-1.584079E+44	1.645359E+44	6.023000E-4	9.910000E+37	5.000000E-1	0.000000E+0	1.000000E-1	1.100000E+1	1.000000E-1	1.100000E+1	1.000000E+0	6.640000E+2
3.183164E+1	-1.000000E+3	-9.999000E-1	-6.398000E-4	1.562832E+6	1.686741E+6	5.928000E-4	9.999000E-1	9.910000E+37	-6.398000E-4	-1.548922E+44	1.671727E+44	5.928000E-4	9.910000E+37	5.000000E-1	0.000000E+0	1.000000E-1	1.100000E+1	1.000000E-1	1.100000E+1	1.000000E+0	6.650000E+2
3.187931E+1	-1.000000E+3	-9.998000E-1	-6.436000E-4	1.553449E+6	1.650115E+6	6.062000E-4	1.000300E+0	9.910000E+37	-6.436000E-4	-1.539776E+44	1.634774E+44	6.062000E-4	9.910000E+37	5.000000E-1	0.000000E+0	1.000000E-1	1.100000E+1	1.000000E-1	1.100000E+1	1.000000E+0	6.660000E+2
3.192691E+1	-1.000000E+3	-1.000300E+0	-6.318000E-4	1.583254E+6	1.650610E+6	6.062000E-4	1.000600E+0	9.910000E+37	-6.318000E-4	-1.568534E+44	1.634774E+44	6.062000E-4	9.910000E+37	5.000000E-1	0.000000E+0	1.000000E-1	1.100000E+1	1.000000E-1	1.100000E+1	1.000000E+0	6.670000E+2
3.197455E+1	-1.000000E+3	-1.000900E+0	-6.305000E-4	1.587470E+6	1.630644E+6	6.135000E-4	1.000400E+0	9.910000E+37	-6.305000E-4	-1.571768E+44	1.615322E+44	6.135000E-4	9.910000E+37	5.000000E-1	0.000000E+0	1.000000E-1	1.100000E+1	1.000000E-1	1.100000E+1	1.000000E+0	6.680000E+2
3.202225E+1	-1.000000E+3	-1.000100E+0	-6.267000E-4	1.595819E+6	1.647718E+6	6.069000E-4	1.000000E+0	9.910000E+37	-6.267000E-4	-1.581299E+44	1.632888E+44	6.069000E-4	9.910000E+37	5.000000E-1	0.000000E+0	1.000000E-1	1.100000E+1	1.000000E-1	1.100000E+1	1.000000E+0	6.690000E+2
3.207017E+1	-1.000000E+3	-9.995000E-1	-6.255000E-4	1.597922E+6	1.634345E+6	6.126000E-4	1.001200E+0	9.910000E+37	-6.255000E-4	-1.584333E+44	1.617695E+44	6.126000E-4	9.910000E+37	5.000000E-1	0.000000E+0	1.000000E-1	1.100000E+1	1.000000E-1	1.100000E+1	1.000000E+0	6.700000E+2
3.211797E+1	-1.000000E+3	-9.997000E-1	-6.310000E-4	1.584311E+6	1.675046E+6	5.967000E-4	9.995000E-1	9.910000E+37	-6.310000E-4	-1.570523E+44	1.660801E+44	5.967000E-4	9.910000E+37	5.000000E-1	0.000000E+0	1.000000E-1	1.100000E+1	1.000000E-1	1.100000E+1	1.000000E+0	6.710000E+2
3.216572E+1	-1.000000E+3	-1.000800E+0	-6.392000E-4	1.565707E+6	1.674761E+6	5.971000E-4	1.000000E+0	9.910000E+37	-6.392000E-4	-1.550375E+44	1.659688E+44	5.971000E-4	9.910000E+37	5.000000E-1	0.000000E+0	1.000000E-1	1.100000E+1	1.000000E-1	1.100000E+1	1.000000E+0	6.720000E+2
3.221344E+1	-1.000000E+3	-1.000100E+0	-6.341000E-4	1.577196E+6	1.671687E+6	5.976000E-4	9.990000E-1	9.910000E+37	-6.341000E-4	-1.562845E+44	1.658300E+44	5.976000E-4	9.910000E+37	5.000000E-1	0.000000E+0	1.000000E-1	1.100000E+1	1.000000E-1	1.100000E+1	1.000000E+0	6.730000E+2
3.226110E+1	-1.000000E+3	-1.000000E+0	-6.455000E-4	1.549187E+6	1.649325E+6	6.074000E-4	1.001800E+0	9.910000E+37	-6.455000E-4	-1.535244E+44	1.631544E+44	6.074000E-4	9.910000E+37	5.000000E-1	0.000000E+0	1.000000E-1	1.100000E+1	1.000000E-1	1.100000E+1	1.000000E+0	6.740000E+2
3.230921E+1	-1.000000E+3	-1.000200E+0	-6.320000E-4	1.582595E+6	1.628478E+6	6.145000E-4	1.000700E+0	9.910000E+37	-6.320000E-4	-1.568038E+44	1.612693E+44	6.145000E-4	9.910000E+37	5.000000E-1	0.000000E+0	1.000000E-1	1.100000E+1	1.000000E-1	1.100000E+1	1.000000E+0	6.750000E+2
3.235697E+1	-1.000000E+3	-9.987000E-1	-6.282000E-4	1.589780E+6	1.631081E+6	6.126000E-4	9.992000E-1	9.910000E+37	-6.282000E-4	-1.577523E+44	1.617695E+44	6.126000E-4	9.910000E+37	5.000000E-1	0.000000E+0	1.000000E-1	1.100000E+1	1.000000E-1	1.100000E+1	1.000000E+0	6.760000E+2
3.240454E+1	-1.000000E+3	-9.995000E-1	-6.432000E-4	1.553949E+6	1.678884E+6	5.948000E-4	9.986000E-1	9.910000E+37	-6.432000E-4	-1.540734E+44	1.666106E+44	5.948000E-4	9.910000E+37	5.000000E-1	0.000000E+0	1.000000E-1	1.100000E+1	1.000000E-1	1.100000E+1	1.000000E+0	6.770000E+2
3.245209E+1	-1.000000E+3	-1.000000E+0	-6.295000E-4	1.588562E+6	1.627843E+6	6.156000E-4	1.002100E+0	9.910000E+37	-6.295000E-4	-1.574265E+44	1.609812E+44	6.156000E-4	9.910000E+37	5.000000E-1	0.000000E+0	1.000000E-1	1.100000E+1	1.000000E-1	1.100000E+1	1.000000E+0	6.780000E+2
3.249994E+1	-1.000000E+3	-1.000100E+0	-6.365000E-4	1.571249E+6	1.675327E+6	5.966000E-4	9.995000E-1	9.910000E+37	-6.365000E-4	-1.556952E+44	1.661079E+44	5.966000E-4	9.910000E+37	5.000000E-1	0.000000E+0	1.000000E-1	1.100000E+1	1.000000E-1	1.100000E+1	1.000000E+0	6.790000E+2
3.254763E+1	-1.000000E+3	-1.000000E+0	-6.432000E-4	1.554726E+6	1.670451E+6	5.990000E-4	1.000600E+0	9.910000E+37	-6.432000E-4	-1.540734E+44	1.654424E+44	5.990000E-4	9.910000E+37	5.000000E-1	0.000000E+0	1.000000E-1	1.100000E+1	1.000000E-1	1.100000E+1	1.000000E+0	6.800000E+2
3.259546E+1	-1.000000E+3	-1.000500E+0	-6.353000E-4	1.574847E+6	1.652353E+6	6.055000E-4	1.000500E+0	9.910000E+37	-6.353000E-4	-1.559893E+44	1.636664E+44	6.055000E-4	9.910000E+37	5.000000E-1	0.000000E+0	1.000000E-1	1.100000E+1	1.000000E-1	1.100000E+1	1.000000E+0	6.810000E+2
3.264312E+1	-1.000000E+3	-9.998000E-1	-6.356000E-4	1.573002E+6	1.658322E+6	6.032000E-4	1.000300E+0	9.910000E+37	-6.356000E-4	-1.559157E+44	1.642905E+44	6.032000E-4	9.910000E+37	5.000000E-1	0.000000E+0	1.000000E-1	1.100000E+1	1.000000E-1	1.100000E+1	1.000000E+0	6.820000E+2
3.269089E+1	-1.000000E+3	-1.000500E+0	-6.493000E-4	1.540890E+6	1.666945E+6	5.996000E-4	9.995000E-1	9.910000E+37	-6.493000E-4	-1.526259E+44	1.652769E+44	5.996000E-4	9.910000E+37	5.000000E-1	0.000000E+0	1.000000E-1	1.100000E+1	1.000000E-1	1.100000E+1	1.000000E+0	6.830000E+2
3.273877E+1	-1.000000E+3	-9.997000E-1	-6.266000E-4	1.595436E+6	1.656291E+6	6.040000E-4	1.000400E+0	9.910000E+37	-6.266000E-4	-1.581551E+44	1.640728E+44	6.040000E-4	9.910000E+37	5.000000E-1	0.000000E+0	1.000000E-1	1.100000E+1	1.000000E-1	1.100000E+1	1.000000E+0	6.840000E+2
3.278653E+1	-1.000000E+3	-9.995000E-1	-6.341000E-4	1.576250E+6	1.684761E+6	5.932000E-4	9.994000E-1	9.910000E+37	-6.341000E-4	-1.562845E+44	1.670600E+44	5.932000E-4	9.910000E+37	5.000000E-1	0.000000E+0	1.000000E-1	1.100000E+1	1.000000E-1	1.100000E+1	1.000000E+0	6.850000E+2
3.283416E+1	-1.000000E+3	-9.993000E-1	-6.374000E-4	1.567775E+6	1.650421E+6	6.053000E-4	9.990000E-1	9.910000E+37	-6.374000E-4	-1.554754E+44	1.637205E+44	6.053000E-4	9.910000E+37	5.000000E-1	0.000000E+0	1.000000E-1	1.100000E+1	1.000000E-1	1.100000E+1	1.000000E+0	6.860000E+2
3.288188E+1	-1.000000E+3	-1.000800E+0	-6.321000E-4	1.583294E+6	1.634713E+6	6.113000E-4	9.993000E-1	9.910000E+37	-6.321000E-4	-1.567790E+44	1.621135E+44	6.113000E-4	9.910000E+37	5.000000E-1	0.000000E+0	1.000000E-1	1.100000E+1	1.000000E-1	1.100000E+1	1.000000E+0	6.870000E+2
3.292977E+1	-1.000000E+3	-1.001200E+0	-6.376000E-4	1.570263E+6	1.630832E+6	6.130000E-4	9.997000E-1	9.910000E+37	-6.376000E-4	-1.554266E+44	1.616639E+44	6.130000E-4	9.910000E+37	5.000000E-1	0.000000E+0	1.000000E-1	1.100000E+1	1.000000E-1	1.100000E+1	1.000000E+0	6.880000E+2
3.297747E+1	-1.000000E+3	-9.987000E-1	-6.234000E-4	1.602021E+6	1.630704E+6	6.136000E-4	1.000600E+0	9.910000E+37	-6.234000E-4	-1.589670E+44	1.615059E+44	6.136000E-4	9.910000E+37	5.000000E-1	0.000000E+0	1.000000E-1	1.100000E+1	1.000000E-1	1.100000E+1	1.000000E+0	6.890000E+2
3.302526E+1	-1.000000E+3	-1.000600E+0	-6.339000E-4	1.578482E+6	1.654356E+6	6.038000E-4	9.989000E-1	9.910000E+37	-6.339000E-4	-1.563338E+44	1.641272E+44	6.038000E-4	9.910000E+37	5.000000E-1	0.000000E+0	1.000000E-1	1.100000E+1	1.000000E-1	1.100000E+1	1.000000E+0	6.900000E+2
3.307293E+1	-1.000000E+3	-9.996000E-1	-6.340000E-4	1.576656E+6	1.623600E+6	6.161000E-4	1.000300E+0	9.910000E+37	-6.340000E-4	-1.563091E+44	1.608505E+44	6.161000E-4	9.910000E+37	5.000000E-1	0.000000E+0	1.000000E-1	1.100000E+1	1.000000E-1	1.100000E+1	1.000000E+0	6.910000E+2
3.312053E+1	-1.000000E+3	-1.000600E+0	-6.345000E-4	1.576990E+6	1.657318E+6	6.026000E-4	9.987000E-1	9.910000E+37	-6.345000E-4	-1.561860E+44	1.644540E+44	6.026000E-4	9.910000E+37	5.000000E-1	0.000000E+0	1.000000E-1	1.100000E+1	1.000000E-1	1.100000E+1	1.000000E+0	6.920000E+2
3.316826E+1	-1.000000E+3	-1.000600E+0	-6.295000E-4	1.589515E+6	1.646516E+6	6.071000E-4	9.996000E-1	9.910000E+37	-6.295000E-4	-1.574265E+44	1.632351E+44	6.071000E-4	9.910000E+37	5.000000E-1	0.000000E+0	1.000000E-1	1.100000E+1	1.000000E-1	1.100000E+1	1.000000E+0	6.930000E+2
3.321622E+1	-1.000000E+3	-1.000900E+0	-6.375000E-4	1.570039E+6	1.653331E+6	6.049000E-4	1.000100E+0	9.910000E+37	-6.375000E-4	-1.554510E+44	1.638287E+44	6.049000E-4	9.910000E+37	5.000000E-1	0.000000E+0	1.000000E-1	1.100000E+1	1.000000E-1	1.100000E+1	1.000000E+0	6.940000E+2
3.326390E+1	-1.000000E+3	-1.001100E+0	-6.440000E-4	1.554503E+6	1.635858E+6	6.113000E-4	1.000000E+0	9.910000E+37	-6.440000E-4	-1.538820E+44	1.621135E+44	6.113000E-4	9.910000E+37	5.000000E-1	0.000000E+0	1.000000E-1	1.100000E+1	1.000000E-1	1.100000E+1	1.000000E+0	6.950000E+2
3.331162E+1	-1.000000E+3	-9.986000E-1	-6.221000E-4	1.605208E+6	1.655504E+6	6.032000E-4	9.986000E-1	9.910000E+37	-6.221000E-4	-1.592991E+44	1.642905E+44	6.032000E-4	9.910000E+37	5.000000E-1	0.000000E+0	1.000000E-1	1.100000E+1	1.000000E-1	1.100000E+1	1.000000E+0	6.960000E+2
3.335934E+1	-1.000000E+3	-9.999000E-1	-6.376000E-4	1.568225E+6	1.653776E+6	6.051000E-4	1.000700E+0	9.910000E+37	-6.376000E-4	-1.554266E+44	1.637746E+44	6.051000E-4	9.910000E+37	5.000000E-1	0.000000E+0	1.000000E-1	1.100000E+1	1.000000E-1	1.100000E+1	1.000000E+0	6.970000E+2
3.340708E+1	-1.000000E+3	-9.994000E-1	-6.421000E-4	1.556455E+6	1.666278E+6	6.005000E-4	1.000600E+0	9.910000E+37	-6.421000E-4	-1.543373E+44	1.650291E+44	6.005000E-4	9.910000E+37	5.000000E-1	0.000000E+0	1.000000E-1	1.100000E+1	1.000000E-1	1.100000E+1	1.000000E+0	6.980000E+2
3.345490E+1	-1.000000E+3	-9.998000E-1	-6.304000E-4	1.585977E+6	1.638347E+6	6.097000E-4	9.989000E-1	9.910000E+37	-6.304000E-4	-1.572018E+44	1.625390E+44	6.097000E-4	9.910000E+37	5.000000E-1	0.000000E+0	1.000000E-1	1.100000E+1	1.000000E-1	1.100000E+1	1.000000E+0	6.990000E+2
3.350270E+1	-1.000000E+3	-1.001000E+0	-6.412000E-4	1.561135E+6	1.642014E+6	6.098000E-4	1.001300E+0	9.910000E+37	-6.412000E-4	-1.545540E+44	1.625123E+44	6.098000E-4	9.910000E+37	5.000000E-1	0.000000E+0	1.000000E-1	1.100000E+1	1.000000E-1	1.100000E+1	1.000000E+0	7.000000E+2
3.355050E+1	-1.000000E+3	-1.001500E+0	-6.476000E-4	1.546479E+6	1.663561E+6	6.010000E-4	9.998000E-1	9.910000E+37	-6.476000E-4	-1.530266E+44	1.648918E+44	6.010000E-4	9.910000E+37	5.000000E-1	0.000000E+0	1.000000E-1	1.100000E+1	1.000000E-1	1.100000E+1	1.000000E+0	7.010000E+2
3.359817E+1	-1.000000E+3	-1.000100E+0	-6.431000E-4	1.555124E+6	1.654973E+6	6.043000E-4	1.000100E+0	9.910000E+37	-6.431000E-4	-1.540973E+44	1.639914E+44	6.043000E-4	9.910000E+37	5.000000E-1	0.000000E+0	1.000000E-1	1.100000E+1	1.000000E-1	1.100000E+1	1.000000E+0	7.020000E+2
3.364586E+1	-1.000000E+3	-9.996000E-1	-6.353000E-4	1.573430E+6	1.652569E+6	6.053000E-4	1.000300E+0	9.910000E+37	-6.353000E-4	-1.559893E+44	1.637205E+44	6.053000E-4	9.910000E+37	5.000000E-1	0.000000E+0	1.000000E-1	1.100000E+1	1.000000E-1	1.100000E+1	1.000000E+0	7.030000E+2
3.369349E+1	-1.000000E+3	-1.000000E+0	-6.373000E-4	1.569120E+6	1.669619E+6	5.984000E-4	9.991000E-1	9.910000E+37	-6.373000E-4	-1.554998E+44	1.656083E+44	5.984000E-4	9.910000E+37	5.000000E-1	0.000000E+0	1.000000E-1	1.100000E+1	1.000000E-1	1.100000E+1	1.000000E+0	7.040000E+2
3.374133E+1	-1.000000E+3	-1.000600E+0	-6.312000E-4	1.585234E+6	1.637122E+6	6.115000E-4	1.001100E+0	9.910000E+37	-6.312000E-4	-1.570025E+44	1.620605E+44	6.115000E-4	9.910000E+37	5.000000E-1	0.000000E+0	1.000000E-1	1.100000E+1	1.000000E-1	1.100000E+1	1.000000E+0	7.050000E+2
3.378937E+1	-1.000000E+3	-1.000700E+0	-6.552000E-4	1.527320E+6	1.657332E+6	6.035000E-4	1.000200E+0	9.910000E+37	-6.552000E-4	-1.512515E+44	1.642088E+44	6.035000E-4	9.910000E+37	5.000000E-1	0.000000E+0	1.000000E-1	1.100000E+1	1.000000E-1	1.100000E+1	1.000000E+0	7.060000E+2
3.383705E+1	-1.000000E+3	-1.001300E+0	-6.488000E-4	1.543311E+6	1.668001E+6	5.994000E-4	9.998000E-1	9.910000E+37	-6.488000E-4	-1.527435E+44	1.653320E+44	5.994000E-4	9.910000E+37	5.000000E-1	0.000000E+0	1.000000E-1	1.100000E+1	1.000000E-1	1.100000E+1	1.000000E+0	7.070000E+2
3.388477E+1	-1.000000E+3	-1.000800E+0	-6.439000E-4	1.554279E+6	1.664115E+6	6.008000E-4	9.998000E-1	9.910000E+37	-6.439000E-4	-1.539059E+44	1.649467E+44	6.008000E-4	9.910000E+37	5.000000E-1	0.000000E+0	1.000000E-1	1.100000E+1	1.000000E-1	1.100000E+1	1.000000E+0	7.080000E+2
3.393249E+1	-1.000000E+3	-9.996000E-1	-6.407000E-4	1.560169E+6	1.663671E+6	6.009000E-4	9.997000E-1	9.910000E+37	-6.407000E-4	-1.546746E+44	1.649193E+44	6.009000E-4	9.910000E+37	5.000000E-1	0.000000E+0	1.000000E-1	1.100000E+1	1.000000E-1	1.100000E+1	1.000000E+0	7.090000E+2
3.398021E+1	-1.000000E+3	-1.000300E+0	-6.353000E-4	1.574532E+6	1.624452E+6	6.159000E-4	1.000500E+0	9.910000E+37	-6.353000E-4	-1.559893E+44	1.609027E+44	6.159000E-4	9.910000E+37	5.000000E-1	0.000000E+0	1.000000E-1	1.100000E+1	1.000000E-1	1.100000E+1	1.000000E+0	7.100000E+2
3.402791E+1	-1.000000E+3	-1.000100E+0	-6.299000E-4	1.587712E+6	1.658528E+6	6.021000E-4	9.986000E-1	9.910000E+37	-6.299000E-4	-1.573266E+44	1.645906E+44	6.021000E-4	9.910000E+37	5.000000E-1	0.000000E+0	1.000000E-1	1.100000E+1	1.000000E-1	1.100000E+1	1.000000E+0	7.110000E+2
3.407580E+1	-1.000000E+3	-9.992000E-1	-6.340000E-4	1.576025E+6	1.653446E+6	6.051000E-4	1.000500E+0	9.910000E+37	-6.340000E-4	-1.563091E+44	1.637746E+44	6.051000E-4	9.910000E+37	5.000000E-1	0.000000E+0	1.000000E-1	1.100000E+1	1.000000E-1	1.100000E+1	1.000000E+0	7.120000E+2
3.412345E+1	-1.000000E+3	-1.000400E+0	-6.320000E-4	1.582911E+6	1.653490E+6	6.046000E-4	9.997000E-1	9.910000E+37	-6.320000E-4	-1.568038E+44	1.639100E+44	6.046000E-4	9.910000E+37	5.000000E-1	0.000000E+0	1.000000E-1	1.100000E+1	1.000000E-1	1.100000E+1	1.000000E+0	7.130000E+2
3.417114E+1	-1.000000E+3	-9.999000E-1	-6.400000E-4	1.562344E+6	1.659083E+6	6.022000E-4	9.991000E-1	9.910000E+37	-6.400000E-4	-1.548438E+44	1.645633E+44	6.022000E-4	9.910000E+37	5.000000E-1	0.000000E+0	1.000000E-1	1.100000E+1	1.000000E-1	1.100000E+1	1.000000E+0	7.140000E+2
3.421887E+1	-1.000000E+3	-1.000600E+0	-6.414000E-4	1.560025E+6	1.646410E+6	6.072000E-4	9.997000E-1	9.910000E+37	-6.414000E-4	-1.545058E+44	1.632082E+44	6.072000E-4	9.910000E+37	5.000000E-1	0.000000E+0	1.000000E-1	1.100000E+1	1.000000E-1	1.100000E+1	1.000000E+0	7.150000E+2
3.426673E+1	-1.000000E+3	-9.989000E-1	-6.407000E-4	1.559076E+6	1.667223E+6	5.995000E-4	9.995000E-1	9.910000E+37	-6.407000E-4	-1.546746E+44	1.653044E+44	5.995000E-4	9.910000E+37	5.000000E-1	0.000000E+0	1.000000E-1	1.100000E+1	1.000000E-1	1.100000E+1	1.000000E+0	7.160000E+2
3.431448E+1	-1.000000E+3	-9.995000E-1	-6.425000E-4	1.555642E+6	1.637361E+6	6.108000E-4	1.000100E+0	9.910000E+37	-6.425000E-4	-1.542412E+44	1.622462E+44	6.108000E-4	9.910000E+37	5.000000E-1	0.000000E+0	1.000000E-1	1.100000E+1	1.000000E-1	1.100000E+1	1.000000E+0	7.170000E+2
3.436235E+1	-1.000000E+3	-1.000800E+0	-6.520000E-4	1.534969E+6	1.657323E+6	6.029000E-4	9.992000E-1	9.910000E+37	-6.520000E-4	-1.519939E+44	1.643722E+44	6.029000E-4	9.910000E+37	5.000000E-1	0.000000E+0	1.000000E-1	1.100000E+1	1.000000E-1	1.100000E+1	1.000000E+0	7.180000E+2
3.441003E+1	-1.000000E+3	-1.000100E+0	-6.375000E-4	1.568784E+6	1.660845E+6	6.012000E-4	9.985000E-1	9.910000E+37	-6.375000E-4	-1.554510E+44	1.648370E+44	6.012000E-4	9.910000E+37	5.000000E-1	0.000000E+0	1.000000E-1	1.100000E+1	1.000000E-1	1.100000E+1	1.000000E+0	7.190000E+2
3.445777E+1	-1.000000E+3	-9.998000E-1	-6.450000E-4	1.550078E+6	1.639253E+6	6.104000E-4	1.000600E+0	9.910000E+37	-6.450000E-4	-1.536434E+44	1.623526E+44	6.104000E-4	9.910000E+37	5.000000E-1	0.000000E+0	1.000000E-1	1.100000E+1	1.000000E-1	1.100000E+1	1.000000E+0	7.200000E+2
3.450552E+1	-1.000000E+3	-1.000700E+0	-6.441000E-4	1.553641E+6	1.646352E+6	6.071000E-4	9.995000E-1	9.910000E+37	-6.441000E-4	-1.538581E+44	1.632351E+44	6.071000E-4	9.910000E+37	5.000000E-1	0.000000E+0	1.000000E-1	1.100000E+1	1.000000E-1	1.100000E+1	1.000000E+0	7.210000E+2
3.455336E+1	-1.000000E+3	-1.000100E+0	-6.380000E-4	1.567555E+6	1.628478E+6	6.145000E-4	1.000700E+0	9.910000E+37	-6.380000E-4	-1.553292E+44	1.612693E+44	6.145000E-4	9.910000E+37	5.000000E-1	0.000000E+0	1.000000E-1	1.100000E+1	1.000000E-1	1.100000E+1	1.000000E+0	7.220000E+2
3.460106E+1	-1.000000E+3	-9.998000E-1	-6.434000E-4	1.553932E+6	1.639928E+6	6.096000E-4	9.997000E-1	9.910000E+37	-6.434000E-4	-1.540255E+44	1.625656E+44	6.096000E-4	9.910000E+37	5.000000E-1	0.000000E+0	1.000000E-1	1.100000E+1	1.000000E-1	1.100000E+1	1.000000E+0	7.230000E+2
3.464875E+1	-1.000000E+3	-1.000000E+0	-6.444000E-4	1.551831E+6	1.640151E+6	6.097000E-4	1.000000E+0	9.910000E+37	-6.444000E-4	-1.537865E+44	1.625390E+44	6.097000E-4	9.910000E+37	5.000000E-1	0.000000E+0	1.000000E-1	1.100000E+1	1.000000E-1	1.100000E+1	1.000000E+0	7.240000E+2
3.469645E+1	-1.000000E+3	-9.992000E-1	-6.296000E-4	1.587039E+6	1.667835E+6	5.994000E-4	9.997000E-1	9.910000E+37	-6.296000E-4	-1.574015E+44	1.653320E+44	5.994000E-4	9.910000E+37	5.000000E-1	0.000000E+0	1.000000E-1	1.100000E+1	1.000000E-1	1.100000E+1	1.000000E+0	7.250000E+2
3.474434E+1	-1.000000E+3	-9.995000E-1	-6.353000E-4	1.573272E+6	1.647107E+6	6.067000E-4	9.993000E-1	9.910000E+37	-6.353000E-4	-1.559893E+44	1.633427E+44	6.067000E-4	9.910000E+37	5.000000E-1	0.000000E+0	1.000000E-1	1.100000E+1	1.000000E-1	1.100000E+1	1.000000E+0	7.260000E+2
3.479244E+1	-1.000000E+3	-1.000100E+0	-6.410000E-4	1.560218E+6	1.661899E+6	6.013000E-4	9.993000E-1	9.910000E+37	-6.410000E-4	-1.546022E+44	1.648096E+44	6.013000E-4	9.910000E+37	5.000000E-1	0.000000E+0	1.000000E-1	1.100000E+1	1.000000E-1	1.100000E+1	1.000000E+0	7.270000E+2
3.484023E+1	-1.000000E+3	-9.999000E-1	-6.453000E-4	1.549512E+6	1.637525E+6	6.108000E-4	1.000200E+0	9.910000E+37	-6.453000E-4	-1.535720E+44	1.622462E+44	6.108000E-4	9.910000E+37	5.000000E-1	0.000000E+0	1.000000E-1	1.100000E+1	1.000000E-1	1.100000E+1	1.000000E+0	7.280000E+2
3.488813E+1	-1.000000E+3	-9.999000E-1	-6.446000E-4	1.551195E+6	1.622305E+6	6.169000E-4	1.000800E+0	9.910000E+37	-6.446000E-4	-1.537388E+44	1.606419E+44	6.169000E-4	9.910000E+37	5.000000E-1	0.000000E+0	1.000000E-1	1.100000E+1	1.000000E-1	1.100000E+1	1.000000E+0	7.290000E+2
3.493576E+1	-1.000000E+3	-1.000100E+0	-6.409000E-4	1.560462E+6	1.622283E+6	6.166000E-4	1.000300E+0	9.910000E+37	-6.409000E-4	-1.546263E+44	1.607201E+44	6.166000E-4	9.910000E+37	5.000000E-1	0.000000E+0	1.000000E-1	1.100000E+1	1.000000E-1	1.100000E+1	1.000000E+0	7.300000E+2
3.498357E+1	-1.000000E+3	-9.995000E-1	-6.451000E-4	1.549372E+6	1.662290E+6	6.017000E-4	1.000200E+0	9.910000E+37	-6.451000E-4	-1.536196E+44	1.647000E+44	6.017000E-4	9.910000E+37	5.000000E-1	0.000000E+0	1.000000E-1	1.100000E+1	1.000000E-1	1.100000E+1	1.000000E+0	7.310000E+2
3.503139E+1	-1.000000E+3	-1.000000E+0	-6.370000E-4	1.569859E+6	1.621937E+6	6.163000E-4	9.996000E-1	9.910000E+37	-6.370000E-4	-1.555730E+44	1.607983E+44	6.163000E-4	9.910000E+37	5.000000E-1	0.000000E+0	1.000000E-1	1.100000E+1	1.000000E-1	1.100000E+1	1.000000E+0	7.320000E+2
3.507909E+1	-1.000000E+3	-1.000700E+0	-6.483000E-4	1.543576E+6	1.614429E+6	6.196000E-4	1.000300E+0	9.910000E+37	-6.483000E-4	-1.528613E+44	1.599419E+44	6.196000E-4	9.910000E+37	5.000000E-1	0.000000E+0	1.000000E-1	1.100000E+1	1.000000E-1	1.100000E+1	1.000000E+0	7.330000E+2
3.512694E+1	-1.000000E+3	-1.000800E+0	-6.561000E-4	1.525377E+6	1.637406E+6	6.106000E-4	9.998000E-1	9.910000E+37	-6.561000E-4	-1.510440E+44	1.622994E+44	6.106000E-4	9.910000E+37	5.000000E-1	0.000000E+0	1.000000E-1	1.100000E+1	1.000000E-1	1.100000E+1	1.000000E+0	7.340000E+2
3.517458E+1	-1.000000E+3	-9.992000E-1	-6.501000E-4	1.536994E+6	1.643995E+6	6.087000E-4	1.000700E+0	9.910000E+37	-6.501000E-4	-1.524381E+44	1.628060E+44	6.087000E-4	9.910000E+37	5.000000E-1	0.000000E+0	1.000000E-1	1.100000E+1	1.000000E-1	1.100000E+1	1.000000E+0	7.350000E+2
3.522225E+1	-1.000000E+3	-1.000400E+0	-6.463000E-4	1.547888E+6	1.658318E+6	6.029000E-4	9.998000E-1	9.910000E+37	-6.463000E-4	-1.533344E+44	1.643722E+44	6.029000E-4	9.910000E+37	5.000000E-1	0.000000E+0	1.000000E-1	1.100000E+1	1.000000E-1	1.100000E+1	1.000000E+0	7.360000E+2
3.526993E+1	-1.000000E+3	-9.998000E-1	-6.534000E-4	1.530150E+6	1.666834E+6	5.994000E-4	9.991000E-1	9.910000E+37	-6.534000E-4	-1.516682E+44	1.653320E+44	5.994000E-4	9.910000E+37	5.000000E-1	0.000000E+0	1.000000E-1	1.100000E+1	1.000000E-1	1.100000E+1	1.000000E+0	7.370000E+2
3.531762E+1	-1.000000E+3	-1.000000E+0	-6.563000E-4	1.523693E+6	1.643962E+6	6.078000E-4	9.992000E-1	9.910000E+37	-6.563000E-4	-1.509980E+44	1.630471E+44	6.078000E-4	9.910000E+37	5.000000E-1	0.000000E+0	1.000000E-1	1.100000E+1	1.000000E-1	1.100000E+1	1.000000E+0	7.380000E+2
3.536531E+1	-1.000000E+3	-1.000000E+0	-6.564000E-4	1.523461E+6	1.654762E+6	6.048000E-4	1.000800E+0	9.910000E+37	-6.564000E-4	-1.509750E+44	1.638558E+44	6.048000E-4	9.910000E+37	5.000000E-1	0.000000E+0	1.000000E-1	1.100000E+1	1.000000E-1	1.100000E+1	1.000000E+0	7.390000E+2
3.541323E+1	-1.000000E+3	-1.000400E+0	-6.452000E-4	1.550527E+6	1.629014E+6	6.135000E-4	9.994000E-1	9.910000E+37	-6.452000E-4	-1.535958E+44	1.615322E+44	6.135000E-4	9.910000E+37	5.000000E-1	0.000000E+0	1.000000E-1	1.100000E+1	1.000000E-1	1.100000E+1	1.000000E+0	7.400000E+2
3.546093E+1	-1.000000E+3	-9.998000E-1	-6.338000E-4	1.577469E+6	1.639842E+6	6.089000E-4	9.985000E-1	9.910000E+37	-6.338000E-4	-1.563585E+44	1.627525E+44	6.089000E-4	9.910000E+37	5.000000E-1	0.000000E+0	1.000000E-1	1.100000E+1	1.000000E-1	1.100000E+1	1.000000E+0	7.410000E+2
3.550866E+1	-1.000000E+3	-9.991000E-1	-6.362000E-4	1.570418E+6	1.627582E+6	6.149000E-4	1.000800E+0	9.910000E+37	-6.362000E-4	-1.557686E+44	1.611644E+44	6.149000E-4	9.910000E+37	5.000000E-1	0.000000E+0	1.000000E-1	1.100000E+1	1.000000E-1	1.100000E+1	1.000000E+0	7.420000E+2
3.555633E+1	-1.000000E+3	-1.000200E+0	-6.485000E-4	1.542328E+6	1.633692E+6	6.126000E-4	1.000800E+0	9.910000E+37	-6.485000E-4	-1.528142E+44	1.617695E+44	6.126000E-4	9.910000E+37	5.000000E-1	0.000000E+0	1.000000E-1	1.100000E+1	1.000000E-1	1.100000E+1	1.000000E+0	7.430000E+2
3.560400E+1	-1.000000E+3	-9.987000E-1	-6.513000E-4	1.533395E+6	1.628906E+6	6.144000E-4	1.000800E+0	9.910000E+37	-6.513000E-4	-1.521572E+44	1.612956E+44	6.144000E-4	9.910000E+37	5.000000E-1	0.000000E+0	1.000000E-1	1.100000E+1	1.000000E-1	1.100000E+1	1.000000E+0	7.440000E+2
3.565176E+1	-1.000000E+3	-1.000100E+0	-6.444000E-4	1.551986E+6	1.653534E+6	6.041000E-4	9.989000E-1	9.910000E+37	-6.444000E-4	-1.537865E+44	1.640457E+44	6.041000E-4	9.910000E+37	5.000000E-1	0.000000E+0	1.000000E-1	1.100000E+1	1.000000E-1	1.100000E+1	1.000000E+0	7.450000E+2
3.569966E+1	-1.000000E+3	-1.000100E+0	-6.465000E-4	1.546945E+6	1.651297E+6	6.051000E-4	9.992000E-1	9.910000E+37	-6.465000E-4	-1.532869E+44	1.637746E+44	6.051000E-4	9.910000E+37	5.000000E-1	0.000000E+0	1.000000E-1	1.100000E+1	1.000000E-1	1.100000E+1	1.000000E+0	7.460000E+2
3.574746E+1	-1.000000E+3	-1.001000E+0	-6.430000E-4	1.556765E+6	1.627279E+6	6.144000E-4	9.998000E-1	9.910000E+37	-6.430000E-4	-1.541213E+44	1.612956E+44	6.144000E-4	9.910000E+37	5.000000E-1	0.000000E+0	1.000000E-1	1.100000E+1	1.000000E-1	1.100000E+1	1.000000E+0	7.470000E+2
3.579533E+1	-1.000000E+3	-9.999000E-1	-6.448000E-4	1.550713E+6	1.633943E+6	6.122000E-4	1.000300E+0	9.910000E+37	-6.448000E-4	-1.536911E+44	1.618752E+44	6.122000E-4	9.910000E+37	5.000000E-1	0.000000E+0	1.000000E-1	1.100000E+1	1.000000E-1	1.100000E+1	1.000000E+0	7.480000E+2
3.584300E+1	-1.000000E+3	-1.000100E+0	-6.436000E-4	1.553915E+6	1.644397E+6	6.077000E-4	9.993000E-1	9.910000E+37	-6.436000E-4	-1.539776E+44	1.630739E+44	6.077000E-4	9.910000E+37	5.000000E-1	0.000000E+0	1.000000E-1	1.100000E+1	1.000000E-1	1.100000E+1	1.000000E+0	7.490000E+2
3.589070E+1	-1.000000E+3	-9.994000E-1	-6.416000E-4	1.557668E+6	1.625752E+6	6.151000E-4	1.000000E+0	9.910000E+37	-6.416000E-4	-1.544576E+44	1.611120E+44	6.151000E-4	9.910000E+37	5.000000E-1	0.000000E+0	1.000000E-1	1.100000E+1	1.000000E-1	1.100000E+1	1.000000E+0	7.500000E+2
3.593829E+1	-1.000000E+3	-1.000100E+0	-6.459000E-4	1.548382E+6	1.640887E+6	6.090000E-4	9.993000E-1	9.910000E+37	-6.459000E-4	-1.534293E+44	1.627258E+44	6.090000E-4	9.910000E+37	5.000000E-1	0.000000E+0	1.000000E-1	1.100000E+1	1.000000E-1	1.100000E+1	1.000000E+0	7.510000E+2
3.598597E+1	-1.000000E+3	-1.000000E+0	-6.533000E-4	1.530690E+6	1.628092E+6	6.144000E-4	1.000300E+0	9.910000E+37	-6.533000E-4	-1.516914E+44	1.612956E+44	6.144000E-4	9.910000E+37	5.000000E-1	0.000000E+0	1.000000E-1	1.100000E+1	1.000000E-1	1.100000E+1	1.000000E+0	7.520000E+2
3.603384E+1	-1.000000E+3	-9.992000E-1	-6.485000E-4	1.540786E+6	1.641194E+6	6.098000E-4	1.000800E+0	9.910000E+37	-6.485000E-4	-1.528142E+44	1.625123E+44	6.098000E-4	9.910000E+37	5.000000E-1	0.000000E+0	1.000000E-1	1.100000E+1	1.000000E-1	1.100000E+1	1.000000E+0	7.530000E+2
3.608153E+1	-1.000000E+3	-9.994000E-1	-6.516000E-4	1.533763E+6	1.646729E+6	6.069000E-4	9.994000E-1	9.910000E+37	-6.516000E-4	-1.520872E+44	1.632888E+44	6.069000E-4	9.910000E+37	5.000000E-1	0.000000E+0	1.000000E-1	1.100000E+1	1.000000E-1	1.100000E+1	1.000000E+0	7.540000E+2
3.612928E+1	-1.000000E+3	-1.001900E+0	-6.557000E-4	1.527985E+6	1.626545E+6	6.148000E-4	1.000000E+0	9.910000E+37	-6.557000E-4	-1.511362E+44	1.611906E+44	6.148000E-4	9.910000E+37	5.000000E-1	0.000000E+0	1.000000E-1	1.100000E+1	1.000000E-1	1.100000E+1	1.000000E+0	7.550000E+2
3.617722E+1	-1.000000E+3	-1.000600E+0	-6.545000E-4	1.528801E+6	1.649291E+6	6.062000E-4	9.998000E-1	9.910000E+37	-6.545000E-4	-1.514133E+44	1.634774E+44	6.062000E-4	9.910000E+37	5.000000E-1	0.000000E+0	1.000000E-1	1.100000E+1	1.000000E-1	1.100000E+1	1.000000E+0	7.560000E+2
3.622501E+1	-1.000000E+3	-1.000600E+0	-6.429000E-4	1.556385E+6	1.628422E+6	6.136000E-4	9.992000E-1	9.910000E+37	-6.429000E-4	-1.541453E+44	1.615059E+44	6.136000E-4	9.910000E+37	5.000000E-1	0.000000E+0	1.000000E-1	1.100000E+1	1.000000E-1	1.100000E+1	1.000000E+0	7.570000E+2
3.627289E+1	-1.000000E+3	-9.993000E-1	-6.477000E-4	1.542844E+6	1.638165E+6	6.105000E-4	1.000100E+0	9.910000E+37	-6.477000E-4	-1.530029E+44	1.623260E+44	6.105000E-4	9.910000E+37	5.000000E-1	0.000000E+0	1.000000E-1	1.100000E+1	1.000000E-1	1.100000E+1	1.000000E+0	7.580000E+2
3.632068E+1	-1.000000E+3	-1.000200E+0	-6.446000E-4	1.551660E+6	1.607815E+6	6.219000E-4	9.999000E-1	9.910000E+37	-6.446000E-4	-1.537388E+44	1.593504E+44	6.219000E-4	9.910000E+37	5.000000E-1	0.000000E+0	1.000000E-1	1.100000E+1	1.000000E-1	1.100000E+1	1.000000E+0	7.590000E+2
3.636841E+1	-1.000000E+3	-9.985000E-1	-6.345000E-4	1.573680E+6	1.638315E+6	6.102000E-4	9.997000E-1	9.910000E+37	-6.345000E-4	-1.561860E+44	1.624058E+44	6.102000E-4	9.910000E+37	5.000000E-1	0.000000E+0	1.000000E-1	1.100000E+1	1.000000E-1	1.100000E+1	1.000000E+0	7.600000E+2
3.641615E+1	-1.000000E+3	-9.987000E-1	-6.444000E-4	1.549814E+6	1.637406E+6	6.106000E-4	9.998000E-1	9.910000E+37	-6.444000E-4	-1.537865E+44	1.622994E+44	6.106000E-4	9.910000E+37	5.000000E-1	0.000000E+0	1.000000E-1	1.100000E+1	1.000000E-1	1.100000E+1	1.000000E+0	7.610000E+2
3.646384E+1	-1.000000E+3	-9.999000E-1	-6.421000E-4	1.557234E+6	1.639685E+6	6.103000E-4	1.000700E+0	9.910000E+37	-6.421000E-4	-1.543373E+44	1.623792E+44	6.103000E-4	9.910000E+37	5.000000E-1	0.000000E+0	1.000000E-1	1.100000E+1	1.000000E-1	1.100000E+1	1.000000E+0	7.620000E+2
3.651156E+1	-1.000000E+3	-1.000000E+0	-6.547000E-4	1.527417E+6	1.635724E+6	6.108000E-4	9.991000E-1	9.910000E+37	-6.547000E-4	-1.513670E+44	1.622462E+44	6.108000E-4	9.910000E+37	5.000000E-1	0.000000E+0	1.000000E-1	1.100000E+1	1.000000E-1	1.100000E+1	1.000000E+0	7.630000E+2
3.655921E+1	-1.000000E+3	-1.000300E+0	-6.412000E-4	1.560044E+6	1.648671E+6	6.057000E-4	9.986000E-1	9.910000E+37	-6.412000E-4	-1.545540E+44	1.636123E+44	6.057000E-4	9.910000E+37	5.000000E-1	0.000000E+0	1.000000E-1	1.100000E+1	1.000000E-1	1.100000E+1	1.000000E+0	7.640000E+2
3.660688E+1	-1.000000E+3	-1.000600E+0	-6.508000E-4	1.537492E+6	1.651470E+6	6.054000E-4	9.998000E-1	9.910000E+37	-6.508000E-4	-1.522741E+44	1.636934E+44	6.054000E-4	9.910000E+37	5.000000E-1	0.000000E+0	1.000000E-1	1.100000E+1	1.000000E-1	1.100000E+1	1.000000E+0	7.650000E+2
3.665481E+1	-1.000000E+3	-1.000000E+0	-6.508000E-4	1.536570E+6	1.648029E+6	6.063000E-4	9.992000E-1	9.910000E+37	-6.508000E-4	-1.522741E+44	1.634504E+44	6.063000E-4	9.910000E+37	5.000000E-1	0.000000E+0	1.000000E-1	1.100000E+1	1.000000E-1	1.100000E+1	1.000000E+0	7.660000E+2
3.670258E+1	-1.000000E+3	-1.000300E+0	-6.511000E-4	1.536323E+6	1.624797E+6	6.154000E-4	9.999000E-1	9.910000E+37	-6.511000E-4	-1.522040E+44	1.610335E+44	6.154000E-4	9.910000E+37	5.000000E-1	0.000000E+0	1.000000E-1	1.100000E+1	1.000000E-1	1.100000E+1	1.000000E+0	7.670000E+2
3.675039E+1	-1.000000E+3	-1.000900E+0	-6.577000E-4	1.521818E+6	1.621109E+6	6.168000E-4	9.999000E-1	9.910000E+37	-6.577000E-4	-1.506766E+44	1.606680E+44	6.168000E-4	9.910000E+37	5.000000E-1	0.000000E+0	1.000000E-1	1.100000E+1	1.000000E-1	1.100000E+1	1.000000E+0	7.680000E+2
3.679814E+1	-1.000000E+3	-9.992000E-1	-6.460000E-4	1.546749E+6	1.630686E+6	6.133000E-4	1.000100E+0	9.910000E+37	-6.460000E-4	-1.534056E+44	1.615849E+44	6.133000E-4	9.910000E+37	5.000000E-1	0.000000E+0	1.000000E-1	1.100000E+1	1.000000E-1	1.100000E+1	1.000000E+0	7.690000E+2
3.684582E+1	-1.000000E+3	-1.000100E+0	-6.579000E-4	1.520140E+6	1.632610E+6	6.127000E-4	1.000300E+0	9.910000E+37	-6.579000E-4	-1.506308E+44	1.617431E+44	6.127000E-4	9.910000E+37	5.000000E-1	0.000000E+0	1.000000E-1	1.100000E+1	1.000000E-1	1.100000E+1	1.000000E+0	7.700000E+2
3.689343E+1	-1.000000E+3	-9.999000E-1	-6.503000E-4	1.537598E+6	1.623783E+6	6.164000E-4	1.000900E+0	9.910000E+37	-6.503000E-4	-1.523912E+44	1.607722E+44	6.164000E-4	9.910000E+37	5.000000E-1	0.000000E+0	1.000000E-1	1.100000E+1	1.000000E-1	1.100000E+1	1.000000E+0	7.710000E+2
3.694110E+1	-1.000000E+3	-9.996000E-1	-6.502000E-4	1.537373E+6	1.640992E+6	6.089000E-4	9.992000E-1	9.910000E+37	-6.502000E-4	-1.524146E+44	1.627525E+44	6.089000E-4	9.910000E+37	5.000000E-1	0.000000E+0	1.000000E-1	1.100000E+1	1.000000E-1	1.100000E+1	1.000000E+0	7.720000E+2
3.698885E+1	-1.000000E+3	-9.999000E-1	-6.505000E-4	1.537125E+6	1.653439E+6	6.048000E-4	1.000000E+0	9.910000E+37	-6.505000E-4	-1.523444E+44	1.638558E+44	6.048000E-4	9.910000E+37	5.000000E-1	0.000000E+0	1.000000E-1	1.100000E+1	1.000000E-1	1.100000E+1	1.000000E+0	7.730000E+2
3.703680E+1	-1.000000E+3	-1.000800E+0	-6.604000E-4	1.515445E+6	1.603042E+6	6.245000E-4	1.001100E+0	9.910000E+37	-6.604000E-4	-1.500606E+44	1.586869E+44	6.245000E-4	9.910000E+37	5.000000E-1	0.000000E+0	1.000000E-1	1.100000E+1	1.000000E-1	1.100000E+1	1.000000E+0	7.740000E+2
3.708449E+1	-1.000000E+3	-9.998000E-1	-6.506000E-4	1.536735E+6	1.642576E+6	6.088000E-4	1.000000E+0	9.910000E+37	-6.506000E-4	-1.523209E+44	1.627792E+44	6.088000E-4	9.910000E+37	5.000000E-1	0.000000E+0	1.000000E-1	1.100000E+1	1.000000E-1	1.100000E+1	1.000000E+0	7.750000E+2
3.713226E+1	-1.000000E+3	-9.997000E-1	-6.359000E-4	1.572103E+6	1.592740E+6	6.281000E-4	1.000400E+0	9.910000E+37	-6.359000E-4	-1.558421E+44	1.577774E+44	6.281000E-4	9.910000E+37	5.000000E-1	0.000000E+0	1.000000E-1	1.100000E+1	1.000000E-1	1.100000E+1	1.000000E+0	7.760000E+2
3.717984E+1	-1.000000E+3	-9.997000E-1	-6.485000E-4	1.541557E+6	1.615012E+6	6.195000E-4	1.000500E+0	9.910000E+37	-6.485000E-4	-1.528142E+44	1.599677E+44	6.195000E-4	9.910000E+37	5.000000E-1	0.000000E+0	1.000000E-1	1.100000E+1	1.000000E-1	1.100000E+1	1.000000E+0	7.770000E+2
3.722738E+1	-1.000000E+3	-1.000100E+0	-6.483000E-4	1.542650E+6	1.643327E+6	6.084000E-4	9.998000E-1	9.910000E+37	-6.483000E-4	-1.528613E+44	1.628863E+44	6.084000E-4	9.910000E+37	5.000000E-1	0.000000E+0	1.000000E-1	1.100000E+1	1.000000E-1	1.100000E+1	1.000000E+0	7.780000E+2
3.727503E+1	-1.000000E+3	-9.988000E-1	-6.434000E-4	1.552378E+6	1.638570E+6	6.098000E-4	9.992000E-1	9.910000E+37	-6.434000E-4	-1.540255E+44	1.625123E+44	6.098000E-4	9.910000E+37	5.000000E-1	0.000000E+0	1.000000E-1	1.100000E+1	1.000000E-1	1.100000E+1	1.000000E+0	7.790000E+2
3.732290E+1	-1.000000E+3	-1.000100E+0	-6.460000E-4	1.548142E+6	1.618123E+6	6.180000E-4	1.000000E+0	9.910000E+37	-6.460000E-4	-1.534056E+44	1.603560E+44	6.180000E-4	9.910000E+37	5.000000E-1	0.000000E+0	1.000000E-1	1.100000E+1	1.000000E-1	1.100000E+1	1.000000E+0	7.800000E+2
3.737069E+1	-1.000000E+3	-1.001400E+0	-6.629000E-4	1.510635E+6	1.630892E+6	6.131000E-4	9.999000E-1	9.910000E+37	-6.629000E-4	-1.494946E+44	1.616376E+44	6.131000E-4	9.910000E+37	5.000000E-1	0.000000E+0	1.000000E-1	1.100000E+1	1.000000E-1	1.100000E+1	1.000000E+0	7.810000E+2
3.741839E+1	-1.000000E+3	-1.000800E+0	-6.555000E-4	1.526773E+6	1.617661E+6	6.183000E-4	1.000200E+0	9.910000E+37	-6.555000E-4	-1.511823E+44	1.602782E+44	6.183000E-4	9.910000E+37	5.000000E-1	0.000000E+0	1.000000E-1	1.100000E+1	1.000000E-1	1.100000E+1	1.000000E+0	7.820000E+2
3.746619E+1	-1.000000E+3	-1.000200E+0	-6.467000E-4	1.546621E+6	1.632223E+6	6.126000E-4	9.999000E-1	9.910000E+37	-6.467000E-4	-1.532395E+44	1.617695E+44	6.126000E-4	9.910000E+37	5.000000E-1	0.000000E+0	1.000000E-1	1.100000E+1	1.000000E-1	1.100000E+1	1.000000E+0	7.830000E+2
3.751398E+1	-1.000000E+3	-9.993000E-1	-6.480000E-4	1.542130E+6	1.629093E+6	6.139000E-4	1.000100E+0	9.910000E+37	-6.480000E-4	-1.529321E+44	1.614269E+44	6.139000E-4	9.910000E+37	5.000000E-1	0.000000E+0	1.000000E-1	1.100000E+1	1.000000E-1	1.100000E+1	1.000000E+0	7.840000E+2
3.756168E+1	-1.000000E+3	-1.000600E+0	-6.468000E-4	1.547001E+6	1.608521E+6	6.220000E-4	1.000500E+0	9.910000E+37	-6.468000E-4	-1.532158E+44	1.593248E+44	6.220000E-4	9.910000E+37	5.000000E-1	0.000000E+0	1.000000E-1	1.100000E+1	1.000000E-1	1.100000E+1	1.000000E+0	7.850000E+2
3.760937E+1	-1.000000E+3	-9.992000E-1	-6.404000E-4	1.560275E+6	1.598913E+6	6.253000E-4	9.998000E-1	9.910000E+37	-6.404000E-4	-1.547470E+44	1.584839E+44	6.253000E-4	9.910000E+37	5.000000E-1	0.000000E+0	1.000000E-1	1.100000E+1	1.000000E-1	1.100000E+1	1.000000E+0	7.860000E+2
3.765715E+1	-1.000000E+3	-1.000600E+0	-6.497000E-4	1.540095E+6	1.612363E+6	6.212000E-4	1.001600E+0	9.910000E+37	-6.497000E-4	-1.525319E+44	1.595299E+44	6.212000E-4	9.910000E+37	5.000000E-1	0.000000E+0	1.000000E-1	1.100000E+1	1.000000E-1	1.100000E+1	1.000000E+0	7.870000E+2
3.770482E+1	-1.000000E+3	-9.997000E-1	-6.462000E-4	1.547044E+6	1.625000E+6	6.160000E-4	1.001000E+0	9.910000E+37	-6.462000E-4	-1.533581E+44	1.608766E+44	6.160000E-4	9.910000E+37	5.000000E-1	0.000000E+0	1.000000E-1	1.100000E+1	1.000000E-1	1.100000E+1	1.000000E+0	7.880000E+2
3.775261E+1	-1.000000E+3	-9.998000E-1	-6.530000E-4	1.531087E+6	1.618323E+6	6.178000E-4	9.998000E-1	9.910000E+37	-6.530000E-4	-1.517611E+44	1.604079E+44	6.178000E-4	9.910000E+37	5.000000E-1	0.000000E+0	1.000000E-1	1.100000E+1	1.000000E-1	1.100000E+1	1.000000E+0	7.890000E+2
3.780050E+1	-1.000000E+3	-1.000300E+0	-6.498000E-4	1.539397E+6	1.635071E+6	6.119000E-4	1.000500E+0	9.910000E+37	-6.498000E-4	-1.525085E+44	1.619546E+44	6.119000E-4	9.910000E+37	5.000000E-1	0.000000E+0	1.000000E-1	1.100000E+1	1.000000E-1	1.100000E+1	1.000000E+0	7.900000E+2
3.784815E+1	-1.000000E+3	-9.995000E-1	-6.514000E-4	1.534387E+6	1.627135E+6	6.147000E-4	1.000200E+0	9.910000E+37	-6.514000E-4	-1.521339E+44	1.612169E+44	6.147000E-4	9.910000E+37	5.000000E-1	0.000000E+0	1.000000E-1	1.100000E+1	1.000000E-1	1.100000E+1	1.000000E+0	7.910000E+2
3.789592E+1	-1.000000E+3	-1.000000E+0	-6.442000E-4	1.552313E+6	1.614950E+6	6.194000E-4	1.000300E+0	9.910000E+37	-6.442000E-4	-1.538342E+44	1.599935E+44	6.194000E-4	9.910000E+37	5.000000E-1	0.000000E+0	1.000000E-1	1.100000E+1	1.000000E-1	1.100000E+1	1.000000E+0	7.920000E+2
3.794359E+1	-1.000000E+3	-9.984000E-1	-6.345000E-4	1.573522E+6	1.624066E+6	6.158000E-4	1.000100E+0	9.910000E+37	-6.345000E-4	-1.561860E+44	1.609289E+44	6.158000E-4	9.910000E+37	5.000000E-1	0.000000E+0	1.000000E-1	1.100000E+1	1.000000E-1	1.100000E+1	1.000000E+0	7.930000E+2
3.799124E+1	-1.000000E+3	-1.000100E+0	-6.504000E-4	1.537669E+6	1.595402E+6	6.263000E-4	9.992000E-1	9.910000E+37	-6.504000E-4	-1.523678E+44	1.582309E+44	6.263000E-4	9.910000E+37	5.000000E-1	0.000000E+0	1.000000E-1	1.100000E+1	1.000000E-1	1.100000E+1	1.000000E+0	7.940000E+2
3.803921E+1	-1.000000E+3	-1.000700E+0	-6.621000E-4	1.511403E+6	1.637183E+6	6.105000E-4	9.995000E-1	9.910000E+37	-6.621000E-4	-1.496753E+44	1.623260E+44	6.105000E-4	9.910000E+37	5.000000E-1	0.000000E+0	1.000000E-1	1.100000E+1	1.000000E-1	1.100000E+1	1.000000E+0	7.950000E+2
3.808686E+1	-1.000000E+3	-9.994000E-1	-6.500000E-4	1.537538E+6	1.627097E+6	6.141000E-4	9.992000E-1	9.910000E+37	-6.500000E-4	-1.524615E+44	1.613744E+44	6.141000E-4	9.910000E+37	5.000000E-1	0.000000E+0	1.000000E-1	1.100000E+1	1.000000E-1	1.100000E+1	1.000000E+0	7.960000E+2
3.813465E+1	-1.000000E+3	-1.000500E+0	-6.455000E-4	1.549961E+6	1.604297E+6	6.237000E-4	1.000600E+0	9.910000E+37	-6.455000E-4	-1.535244E+44	1.588905E+44	6.237000E-4	9.910000E+37	5.000000E-1	0.000000E+0	1.000000E-1	1.100000E+1	1.000000E-1	1.100000E+1	1.000000E+0	7.970000E+2
3.818248E+1	-1.000000E+3	-1.000700E+0	-6.561000E-4	1.525225E+6	1.648301E+6	6.062000E-4	9.992000E-1	9.910000E+37	-6.561000E-4	-1.510440E+44	1.634774E+44	6.062000E-4	9.910000E+37	5.000000E-1	0.000000E+0	1.000000E-1	1.100000E+1	1.000000E-1	1.100000E+1	1.000000E+0	7.980000E+2
3.823024E+1	-1.000000E+3	-1.000600E+0	-6.514000E-4	1.536076E+6	1.606260E+6	6.230000E-4	1.000700E+0	9.910000E+37	-6.514000E-4	-1.521339E+44	1.590690E+44	6.230000E-4	9.910000E+37	5.000000E-1	0.000000E+0	1.000000E-1	1.100000E+1	1.000000E-1	1.100000E+1	1.000000E+0	7.990000E+2
3.827792E+1	-1.000000E+3	-9.997000E-1	-6.485000E-4	1.541557E+6	1.586705E+6	6.303000E-4	1.000100E+0	9.910000E+37	-6.485000E-4	-1.528142E+44	1.572267E+44	6.303000E-4	9.910000E+37	5.000000E-1	0.000000E+0	1.000000E-1	1.100000E+1	1.000000E-1	1.100000E+1	1.000000E+0	8.000000E+2
3.832623E+1	-1.000000E+3	-9.991000E-1	-6.422000E-4	1.555746E+6	1.593949E+6	6.280000E-4	1.001000E+0	9.910000E+37	-6.422000E-4	-1.543133E+44	1.578025E+44	6.280000E-4	9.910000E+37	5.000000E-1	0.000000E+0	1.000000E-1	1.100000E+1	1.000000E-1	1.100000E+1	1.000000E+0	8.010000E+2
3.837808E+1	-1.000000E+3	-1.000300E+0	-6.561000E-4	1.524615E+6	1.638566E+6	6.109000E-4	1.001000E+0	9.910000E+37	-6.561000E-4	-1.510440E+44	1.622197E+44	6.109000E-4	9.910000E+37	5.000000E-1	0.000000E+0	1.000000E-1	1.100000E+1	1.000000E-1	1.100000E+1	1.000000E+0	8.020000E+2
3.842671E+1	-1.000000E+3	-1.000300E+0	-6.403000E-4	1.562236E+6	1.614080E+6	6.193000E-4	9.996000E-1	9.910000E+37	-6.403000E-4	-1.547712E+44	1.600194E+44	6.193000E-4	9.910000E+37	5.000000E-1	0.000000E+0	1.000000E-1	1.100000E+1	1.000000E-1	1.100000E+1	1.000000E+0	8.030000E+2
3.847715E+1	-1.000000E+3	-9.998000E-1	-6.390000E-4	1.564632E+6	1.613460E+6	6.196000E-4	9.997000E-1	9.910000E+37	-6.390000E-4	-1.550861E+44	1.599419E+44	6.196000E-4	9.910000E+37	5.000000E-1	0.000000E+0	1.000000E-1	1.100000E+1	1.000000E-1	1.100000E+1	1.000000E+0	8.040000E+2
3.852484E+1	-1.000000E+3	-9.998000E-1	-6.446000E-4	1.551039E+6	1.601056E+6	6.249000E-4	1.000500E+0	9.910000E+37	-6.446000E-4	-1.537388E+44	1.585854E+44	6.249000E-4	9.910000E+37	5.000000E-1	0.000000E+0	1.000000E-1	1.100000E+1	1.000000E-1	1.100000E+1	1.000000E+0	8.050000E+2
3.857246E+1	-1.000000E+3	-1.000200E+0	-6.527000E-4	1.532404E+6	1.613435E+6	6.193000E-4	9.992000E-1	9.910000E+37	-6.527000E-4	-1.518309E+44	1.600194E+44	6.193000E-4	9.910000E+37	5.000000E-1	0.000000E+0	1.000000E-1	1.100000E+1	1.000000E-1	1.100000E+1	1.000000E+0	8.060000E+2
3.862089E+1	-1.000000E+3	-1.000300E+0	-6.534000E-4	1.530915E+6	1.624655E+6	6.157000E-4	1.000300E+0	9.910000E+37	-6.534000E-4	-1.516682E+44	1.609550E+44	6.157000E-4	9.910000E+37	5.000000E-1	0.000000E+0	1.000000E-1	1.100000E+1	1.000000E-1	1.100000E+1	1.000000E+0	8.070000E+2
3.866865E+1	-1.000000E+3	-1.000500E+0	-6.480000E-4	1.543981E+6	1.613831E+6	6.189000E-4	9.988000E-1	9.910000E+37	-6.480000E-4	-1.529321E+44	1.601228E+44	6.189000E-4	9.910000E+37	5.000000E-1	0.000000E+0	1.000000E-1	1.100000E+1	1.000000E-1	1.100000E+1	1.000000E+0	8.080000E+2
3.871665E+1	-1.000000E+3	-9.991000E-1	-6.488000E-4	1.539920E+6	1.600256E+6	6.249000E-4	1.000000E+0	9.910000E+37	-6.488000E-4	-1.527435E+44	1.585854E+44	6.249000E-4	9.910000E+37	5.000000E-1	0.000000E+0	1.000000E-1	1.100000E+1	1.000000E-1	1.100000E+1	1.000000E+0	8.090000E+2
3.876460E+1	-1.000000E+3	-1.000700E+0	-6.551000E-4	1.527553E+6	1.598433E+6	6.253000E-4	9.995000E-1	9.910000E+37	-6.551000E-4	-1.512746E+44	1.584839E+44	6.253000E-4	9.910000E+37	5.000000E-1	0.000000E+0	1.000000E-1	1.100000E+1	1.000000E-1	1.100000E+1	1.000000E+0	8.100000E+2
3.881240E+1	-1.000000E+3	-1.000300E+0	-6.581000E-4	1.519982E+6	1.605166E+6	6.233000E-4	1.000500E+0	9.910000E+37	-6.581000E-4	-1.505850E+44	1.589925E+44	6.233000E-4	9.910000E+37	5.000000E-1	0.000000E+0	1.000000E-1	1.100000E+1	1.000000E-1	1.100000E+1	1.000000E+0	8.110000E+2
3.886021E+1	-1.000000E+3	-1.000100E+0	-6.408000E-4	1.560705E+6	1.608430E+6	6.216000E-4	9.998000E-1	9.910000E+37	-6.408000E-4	-1.546504E+44	1.594273E+44	6.216000E-4	9.910000E+37	5.000000E-1	0.000000E+0	1.000000E-1	1.100000E+1	1.000000E-1	1.100000E+1	1.000000E+0	8.120000E+2
3.890799E+1	-1.000000E+3	-9.987000E-1	-6.428000E-4	1.553671E+6	1.620120E+6	6.173000E-4	1.000100E+0	9.910000E+37	-6.428000E-4	-1.541693E+44	1.605378E+44	6.173000E-4	9.910000E+37	5.000000E-1	0.000000E+0	1.000000E-1	1.100000E+1	1.000000E-1	1.100000E+1	1.000000E+0	8.130000E+2
3.895576E+1	-1.000000E+3	-1.000100E+0	-6.626000E-4	1.509357E+6	1.627237E+6	6.146000E-4	1.000100E+0	9.910000E+37	-6.626000E-4	-1.495623E+44	1.612431E+44	6.146000E-4	9.910000E+37	5.000000E-1	0.000000E+0	1.000000E-1	1.100000E+1	1.000000E-1	1.100000E+1	1.000000E+0	8.140000E+2
3.900373E+1	-1.000000E+3	-1.000300E+0	-6.530000E-4	1.531853E+6	1.626402E+6	6.151000E-4	1.000400E+0	9.910000E+37	-6.530000E-4	-1.517611E+44	1.611120E+44	6.151000E-4	9.910000E+37	5.000000E-1	0.000000E+0	1.000000E-1	1.100000E+1	1.000000E-1	1.100000E+1	1.000000E+0	8.150000E+2
3.905138E+1	-1.000000E+3	-1.000000E+0	-6.518000E-4	1.534213E+6	1.612893E+6	6.205000E-4	1.000800E+0	9.910000E+37	-6.518000E-4	-1.520405E+44	1.597099E+44	6.205000E-4	9.910000E+37	5.000000E-1	0.000000E+0	1.000000E-1	1.100000E+1	1.000000E-1	1.100000E+1	1.000000E+0	8.160000E+2
3.909917E+1	-1.000000E+3	-1.000600E+0	-6.458000E-4	1.549396E+6	1.625691E+6	6.150000E-4	9.998000E-1	9.910000E+37	-6.458000E-4	-1.534531E+44	1.611382E+44	6.150000E-4	9.910000E+37	5.000000E-1	0.000000E+0	1.000000E-1	1.100000E+1	1.000000E-1	1.100000E+1	1.000000E+0	8.170000E+2
3.914684E+1	-1.000000E+3	-9.997000E-1	-6.552000E-4	1.525794E+6	1.606426E+6	6.225000E-4	1.000000E+0	9.910000E+37	-6.552000E-4	-1.512515E+44	1.591968E+44	6.225000E-4	9.910000E+37	5.000000E-1	0.000000E+0	1.000000E-1	1.100000E+1	1.000000E-1	1.100000E+1	1.000000E+0	8.180000E+2
3.919458E+1	-1.000000E+3	-1.001100E+0	-6.643000E-4	1.507000E+6	1.606323E+6	6.231000E-4	1.000900E+0	9.910000E+37	-6.643000E-4	-1.491796E+44	1.590435E+44	6.231000E-4	9.910000E+37	5.000000E-1	0.000000E+0	1.000000E-1	1.100000E+1	1.000000E-1	1.100000E+1	1.000000E+0	8.190000E+2
3.924238E+1	-1.000000E+3	-1.000000E+0	-6.493000E-4	1.540120E+6	1.600224E+6	6.251000E-4	1.000300E+0	9.910000E+37	-6.493000E-4	-1.526259E+44	1.585346E+44	6.251000E-4	9.910000E+37	5.000000E-1	0.000000E+0	1.000000E-1	1.100000E+1	1.000000E-1	1.100000E+1	1.000000E+0	8.200000E+2
3.929015E+1	-1.000000E+3	-1.000900E+0	-6.598000E-4	1.516975E+6	1.617576E+6	6.179000E-4	9.995000E-1	9.910000E+37	-6.598000E-4	-1.501970E+44	1.603819E+44	6.179000E-4	9.910000E+37	5.000000E-1	0.000000E+0	1.000000E-1	1.100000E+1	1.000000E-1	1.100000E+1	1.000000E+0	8.210000E+2
3.933782E+1	-1.000000E+3	-9.992000E-1	-6.611000E-4	1.511420E+6	1.629382E+6	6.133000E-4	9.993000E-1	9.910000E+37	-6.611000E-4	-1.499017E+44	1.615849E+44	6.133000E-4	9.910000E+37	5.000000E-1	0.000000E+0	1.000000E-1	1.100000E+1	1.000000E-1	1.100000E+1	1.000000E+0	8.220000E+2
3.938547E+1	-1.000000E+3	-9.992000E-1	-6.578000E-4	1.519003E+6	1.620908E+6	6.170000E-4	1.000100E+0	9.910000E+37	-6.578000E-4	-1.506537E+44	1.606159E+44	6.170000E-4	9.910000E+37	5.000000E-1	0.000000E+0	1.000000E-1	1.100000E+1	1.000000E-1	1.100000E+1	1.000000E+0	8.230000E+2
3.943322E+1	-1.000000E+3	-1.000200E+0	-6.558000E-4	1.525160E+6	1.594418E+6	6.270000E-4	9.997000E-1	9.910000E+37	-6.558000E-4	-1.511131E+44	1.580542E+44	6.270000E-4	9.910000E+37	5.000000E-1	0.000000E+0	1.000000E-1	1.100000E+1	1.000000E-1	1.100000E+1	1.000000E+0	8.240000E+2
3.948089E+1	-1.000000E+3	-1.000000E+0	-6.459000E-4	1.548227E+6	1.606041E+6	6.224000E-4	9.996000E-1	9.910000E+37	-6.459000E-4	-1.534293E+44	1.592224E+44	6.224000E-4	9.910000E+37	5.000000E-1	0.000000E+0	1.000000E-1	1.100000E+1	1.000000E-1	1.100000E+1	1.000000E+0	8.250000E+2
3.952861E+1	-1.000000E+3	-9.994000E-1	-6.503000E-4	1.536829E+6	1.635323E+6	6.115000E-4	1.000000E+0	9.910000E+37	-6.503000E-4	-1.523912E+44	1.620605E+44	6.115000E-4	9.910000E+37	5.000000E-1	0.000000E+0	1.000000E-1	1.100000E+1	1.000000E-1	1.100000E+1	1.000000E+0	8.260000E+2
3.957631E+1	-1.000000E+3	-1.000100E+0	-6.541000E-4	1.528971E+6	1.618508E+6	6.181000E-4	1.000400E+0	9.910000E+37	-6.541000E-4	-1.515059E+44	1.603300E+44	6.181000E-4	9.910000E+37	5.000000E-1	0.000000E+0	1.000000E-1	1.100000E+1	1.000000E-1	1.100000E+1	1.000000E+0	8.270000E+2
3.962400E+1	-1.000000E+3	-9.998000E-1	-6.547000E-4	1.527112E+6	1.618223E+6	6.179000E-4	9.999000E-1	9.910000E+37	-6.547000E-4	-1.513670E+44	1.603819E+44	6.179000E-4	9.910000E+37	5.000000E-1	0.000000E+0	1.000000E-1	1.100000E+1	1.000000E-1	1.100000E+1	1.000000E+0	8.280000E+2
3.967170E+1	-1.000000E+3	-9.998000E-1	-6.607000E-4	1.513244E+6	1.628706E+6	6.138000E-4	9.997000E-1	9.910000E+37	-6.607000E-4	-1.499924E+44	1.614532E+44	6.138000E-4	9.910000E+37	5.000000E-1	0.000000E+0	1.000000E-1	1.100000E+1	1.000000E-1	1.100000E+1	1.000000E+0	8.290000E+2
3.971941E+1	-1.000000E+3	-9.995000E-1	-6.402000E-4	1.561231E+6	1.633464E+6	6.114000E-4	9.987000E-1	9.910000E+37	-6.402000E-4	-1.547954E+44	1.620870E+44	6.114000E-4	9.910000E+37	5.000000E-1	0.000000E+0	1.000000E-1	1.100000E+1	1.000000E-1	1.100000E+1	1.000000E+0	8.300000E+2
3.976717E+1	-1.000000E+3	-1.000000E+0	-6.460000E-4	1.547988E+6	1.590497E+6	6.293000E-4	1.000900E+0	9.910000E+37	-6.460000E-4	-1.534056E+44	1.574766E+44	6.293000E-4	9.910000E+37	5.000000E-1	0.000000E+0	1.000000E-1	1.100000E+1	1.000000E-1	1.100000E+1	1.000000E+0	8.310000E+2
3.981489E+1	-1.000000E+3	-1.000100E+0	-6.577000E-4	1.520602E+6	1.629074E+6	6.136000E-4	9.996000E-1	9.910000E+37	-6.577000E-4	-1.506766E+44	1.615059E+44	6.136000E-4	9.910000E+37	5.000000E-1	0.000000E+0	1.000000E-1	1.100000E+1	1.000000E-1	1.100000E+1	1.000000E+0	8.320000E+2
3.986248E+1	-1.000000E+3	-9.996000E-1	-6.546000E-4	1.527039E+6	1.628706E+6	6.138000E-4	9.997000E-1	9.910000E+37	-6.546000E-4	-1.513902E+44	1.614532E+44	6.138000E-4	9.910000E+37	5.000000E-1	0.000000E+0	1.000000E-1	1.100000E+1	1.000000E-1	1.100000E+1	1.000000E+0	8.330000E+2
3.991023E+1	-1.000000E+3	-1.000200E+0	-6.602000E-4	1.514995E+6	1.624980E+6	6.157000E-4	1.000500E+0	9.910000E+37	-6.602000E-4	-1.501060E+44	1.609550E+44	6.157000E-4	9.910000E+37	5.000000E-1	0.000000E+0	1.000000E-1	1.100000E+1	1.000000E-1	1.100000E+1	1.000000E+0	8.340000E+2
3.995815E+1	-1.000000E+3	-1.000000E+0	-6.501000E-4	1.538225E+6	1.617400E+6	6.184000E-4	1.000200E+0	9.910000E+37	-6.501000E-4	-1.524381E+44	1.602523E+44	6.184000E-4	9.910000E+37	5.000000E-1	0.000000E+0	1.000000E-1	1.100000E+1	1.000000E-1	1.100000E+1	1.000000E+0	8.350000E+2
4.000587E+1	-1.000000E+3	-9.990000E-1	-6.555000E-4	1.524027E+6	1.628255E+6	6.144000E-4	1.000400E+0	9.910000E+37	-6.555000E-4	-1.511823E+44	1.612956E+44	6.144000E-4	9.910000E+37	5.000000E-1	0.000000E+0	1.000000E-1	1.100000E+1	1.000000E-1	1.100000E+1	1.000000E+0	8.360000E+2
4.005354E+1	-1.000000E+3	-1.000500E+0	-6.568000E-4	1.523295E+6	1.606002E+6	6.231000E-4	1.000700E+0	9.910000E+37	-6.568000E-4	-1.508831E+44	1.590435E+44	6.231000E-4	9.910000E+37	5.000000E-1	0.000000E+0	1.000000E-1	1.100000E+1	1.000000E-1	1.100000E+1	1.000000E+0	8.370000E+2
4.010123E+1	-1.000000E+3	-1.000200E+0	-6.561000E-4	1.524463E+6	1.635144E+6	6.112000E-4	9.994000E-1	9.910000E+37	-6.561000E-4	-1.510440E+44	1.621401E+44	6.112000E-4	9.910000E+37	5.000000E-1	0.000000E+0	1.000000E-1	1.100000E+1	1.000000E-1	1.100000E+1	1.000000E+0	8.380000E+2
4.014901E+1	-1.000000E+3	-1.000700E+0	-6.448000E-4	1.551954E+6	1.599584E+6	6.251000E-4	9.999000E-1	9.910000E+37	-6.448000E-4	-1.536911E+44	1.585346E+44	6.251000E-4	9.910000E+37	5.000000E-1	0.000000E+0	1.000000E-1	1.100000E+1	1.000000E-1	1.100000E+1	1.000000E+0	8.390000E+2
4.019677E+1	-1.000000E+3	-1.000600E+0	-6.630000E-4	1.509201E+6	1.605326E+6	6.233000E-4	1.000600E+0	9.910000E+37	-6.630000E-4	-1.494721E+44	1.589925E+44	6.233000E-4	9.910000E+37	5.000000E-1	0.000000E+0	1.000000E-1	1.100000E+1	1.000000E-1	1.100000E+1	1.000000E+0	8.400000E+2
4.024447E+1	-1.000000E+3	-9.994000E-1	-6.511000E-4	1.534941E+6	1.634801E+6	6.109000E-4	9.987000E-1	9.910000E+37	-6.511000E-4	-1.522040E+44	1.622197E+44	6.109000E-4	9.910000E+37	5.000000E-1	0.000000E+0	1.000000E-1	1.100000E+1	1.000000E-1	1.100000E+1	1.000000E+0	8.410000E+2
4.029204E+1	-1.000000E+3	-1.000500E+0	-6.648000E-4	1.504964E+6	1.607969E+6	6.224000E-4	1.000800E+0	9.910000E+37	-6.648000E-4	-1.490674E+44	1.592224E+44	6.224000E-4	9.910000E+37	5.000000E-1	0.000000E+0	1.000000E-1	1.100000E+1	1.000000E-1	1.100000E+1	1.000000E+0	8.420000E+2
4.033987E+1	-1.000000E+3	-9.992000E-1	-6.416000E-4	1.557357E+6	1.605428E+6	6.227000E-4	9.997000E-1	9.910000E+37	-6.416000E-4	-1.544576E+44	1.591457E+44	6.227000E-4	9.910000E+37	5.000000E-1	0.000000E+0	1.000000E-1	1.100000E+1	1.000000E-1	1.100000E+1	1.000000E+0	8.430000E+2
4.038761E+1	-1.000000E+3	-1.001200E+0	-6.583000E-4	1.520887E+6	1.614751E+6	6.196000E-4	1.000500E+0	9.910000E+37	-6.583000E-4	-1.505393E+44	1.599419E+44	6.196000E-4	9.910000E+37	5.000000E-1	0.000000E+0	1.000000E-1	1.100000E+1	1.000000E-1	1.100000E+1	1.000000E+0	8.440000E+2
4.043540E+1	-1.000000E+3	-1.001200E+0	-6.624000E-4	1.511473E+6	1.645926E+6	6.075000E-4	9.999000E-1	9.910000E+37	-6.624000E-4	-1.496075E+44	1.631276E+44	6.075000E-4	9.910000E+37	5.000000E-1	0.000000E+0	1.000000E-1	1.100000E+1	1.000000E-1	1.100000E+1	1.000000E+0	8.450000E+2
4.048337E+1	-1.000000E+3	-9.999000E-1	-6.639000E-4	1.506100E+6	1.597894E+6	6.267000E-4	1.001400E+0	9.910000E+37	-6.639000E-4	-1.492695E+44	1.581299E+44	6.267000E-4	9.910000E+37	5.000000E-1	0.000000E+0	1.000000E-1	1.100000E+1	1.000000E-1	1.100000E+1	1.000000E+0	8.460000E+2
4.053113E+1	-1.000000E+3	-9.998000E-1	-6.496000E-4	1.539101E+6	1.608136E+6	6.219000E-4	1.000100E+0	9.910000E+37	-6.496000E-4	-1.525554E+44	1.593504E+44	6.219000E-4	9.910000E+37	5.000000E-1	0.000000E+0	1.000000E-1	1.100000E+1	1.000000E-1	1.100000E+1	1.000000E+0	8.470000E+2
4.057885E+1	-1.000000E+3	-9.998000E-1	-6.518000E-4	1.533906E+6	1.596105E+6	6.264000E-4	9.998000E-1	9.910000E+37	-6.518000E-4	-1.520405E+44	1.582056E+44	6.264000E-4	9.910000E+37	5.000000E-1	0.000000E+0	1.000000E-1	1.100000E+1	1.000000E-1	1.100000E+1	1.000000E+0	8.480000E+2
4.062651E+1	-1.000000E+3	-1.000900E+0	-6.534000E-4	1.531833E+6	1.614180E+6	6.192000E-4	9.995000E-1	9.910000E+37	-6.534000E-4	-1.516682E+44	1.600452E+44	6.192000E-4	9.910000E+37	5.000000E-1	0.000000E+0	1.000000E-1	1.100000E+1	1.000000E-1	1.100000E+1	1.000000E+0	8.490000E+2
4.067419E+1	-1.000000E+3	-9.996000E-1	-6.627000E-4	1.508375E+6	1.630456E+6	6.140000E-4	1.001100E+0	9.910000E+37	-6.627000E-4	-1.495398E+44	1.614007E+44	6.140000E-4	9.910000E+37	5.000000E-1	0.000000E+0	1.000000E-1	1.100000E+1	1.000000E-1	1.100000E+1	1.000000E+0	8.500000E+2
4.072171E+1	-1.000000E+3	-9.997000E-1	-6.444000E-4	1.551366E+6	1.586967E+6	6.307000E-4	1.000900E+0	9.910000E+37	-6.444000E-4	-1.537865E+44	1.571270E+44	6.307000E-4	9.910000E+37	5.000000E-1	0.000000E+0	1.000000E-1	1.100000E+1	1.000000E-1	1.100000E+1	1.000000E+0	8.510000E+2
4.076943E+1	-1.000000E+3	-1.000000E+0	-6.667000E-4	1.499925E+6	1.596295E+6	6.262000E-4	9.996000E-1	9.910000E+37	-6.667000E-4	-1.486426E+44	1.582561E+44	6.262000E-4	9.910000E+37	5.000000E-1	0.000000E+0	1.000000E-1	1.100000E+1	1.000000E-1	1.100000E+1	1.000000E+0	8.520000E+2
4.081727E+1	-1.000000E+3	-9.997000E-1	-6.474000E-4	1.544177E+6	1.605778E+6	6.230000E-4	1.000400E+0	9.910000E+37	-6.474000E-4	-1.530738E+44	1.590690E+44	6.230000E-4	9.910000E+37	5.000000E-1	0.000000E+0	1.000000E-1	1.100000E+1	1.000000E-1	1.100000E+1	1.000000E+0	8.530000E+2
4.086489E+1	-1.000000E+3	-1.000000E+0	-6.481000E-4	1.542972E+6	1.598337E+6	6.254000E-4	9.996000E-1	9.910000E+37	-6.481000E-4	-1.529085E+44	1.584586E+44	6.254000E-4	9.910000E+37	5.000000E-1	0.000000E+0	1.000000E-1	1.100000E+1	1.000000E-1	1.100000E+1	1.000000E+0	8.540000E+2
4.091256E+1	-1.000000E+3	-1.000000E+0	-6.485000E-4	1.542020E+6	1.617014E+6	6.183000E-4	9.998000E-1	9.910000E+37	-6.485000E-4	-1.528142E+44	1.602782E+44	6.183000E-4	9.910000E+37	5.000000E-1	0.000000E+0	1.000000E-1	1.100000E+1	1.000000E-1	1.100000E+1	1.000000E+0	8.550000E+2
4.096034E+1	-1.000000E+3	-9.994000E-1	-6.543000E-4	1.527434E+6	1.605681E+6	6.231000E-4	1.000500E+0	9.910000E+37	-6.543000E-4	-1.514596E+44	1.590435E+44	6.231000E-4	9.910000E+37	5.000000E-1	0.000000E+0	1.000000E-1	1.100000E+1	1.000000E-1	1.100000E+1	1.000000E+0	8.560000E+2
4.100801E+1	-1.000000E+3	-9.995000E-1	-6.601000E-4	1.514165E+6	1.616853E+6	6.183000E-4	9.997000E-1	9.910000E+37	-6.601000E-4	-1.501288E+44	1.602782E+44	6.183000E-4	9.910000E+37	5.000000E-1	0.000000E+0	1.000000E-1	1.100000E+1	1.000000E-1	1.100000E+1	1.000000E+0	8.570000E+2
4.105568E+1	-1.000000E+3	-1.000800E+0	-6.609000E-4	1.514299E+6	1.643761E+6	6.083000E-4	9.999000E-1	9.910000E+37	-6.609000E-4	-1.499470E+44	1.629130E+44	6.083000E-4	9.910000E+37	5.000000E-1	0.000000E+0	1.000000E-1	1.100000E+1	1.000000E-1	1.100000E+1	1.000000E+0	8.580000E+2
4.110333E+1	-1.000000E+3	-9.995000E-1	-6.584000E-4	1.518074E+6	1.631364E+6	6.128000E-4	9.997000E-1	9.910000E+37	-6.584000E-4	-1.505164E+44	1.617167E+44	6.128000E-4	9.910000E+37	5.000000E-1	0.000000E+0	1.000000E-1	1.100000E+1	1.000000E-1	1.100000E+1	1.000000E+0	8.590000E+2
4.115112E+1	-1.000000E+3	-9.997000E-1	-6.512000E-4	1.535166E+6	1.620237E+6	6.167000E-4	9.992000E-1	9.910000E+37	-6.512000E-4	-1.521806E+44	1.606940E+44	6.167000E-4	9.910000E+37	5.000000E-1	0.000000E+0	1.000000E-1	1.100000E+1	1.000000E-1	1.100000E+1	1.000000E+0	8.600000E+2
4.119886E+1	-1.000000E+3	-1.000100E+0	-6.629000E-4	1.508674E+6	1.619657E+6	6.176000E-4	1.000300E+0	9.910000E+37	-6.629000E-4	-1.494946E+44	1.604598E+44	6.176000E-4	9.910000E+37	5.000000E-1	0.000000E+0	1.000000E-1	1.100000E+1	1.000000E-1	1.100000E+1	1.000000E+0	8.610000E+2
4.124661E+1	-1.000000E+3	-1.000200E+0	-6.512000E-4	1.535934E+6	1.618099E+6	6.177000E-4	9.995000E-1	9.910000E+37	-6.512000E-4	-1.521806E+44	1.604339E+44	6.177000E-4	9.910000E+37	5.000000E-1	0.000000E+0	1.000000E-1	1.100000E+1	1.000000E-1	1.100000E+1	1.000000E+0	8.620000E+2
4.129430E+1	-1.000000E+3	-1.000900E+0	-6.535000E-4	1.531599E+6	1.579662E+6	6.333000E-4	1.000400E+0	9.910000E+37	-6.535000E-4	-1.516450E+44	1.564819E+44	6.333000E-4	9.910000E+37	5.000000E-1	0.000000E+0	1.000000E-1	1.100000E+1	1.000000E-1	1.100000E+1	1.000000E+0	8.630000E+2
4.134206E+1	-1.000000E+3	-1.000100E+0	-6.588000E-4	1.518063E+6	1.604685E+6	6.233000E-4	1.000200E+0	9.910000E+37	-6.588000E-4	-1.504250E+44	1.589925E+44	6.233000E-4	9.910000E+37	5.000000E-1	0.000000E+0	1.000000E-1	1.100000E+1	1.000000E-1	1.100000E+1	1.000000E+0	8.640000E+2
4.138983E+1	-1.000000E+3	-9.994000E-1	-6.558000E-4	1.523940E+6	1.624655E+6	6.157000E-4	1.000300E+0	9.910000E+37	-6.558000E-4	-1.511131E+44	1.609550E+44	6.157000E-4	9.910000E+37	5.000000E-1	0.000000E+0	1.000000E-1	1.100000E+1	1.000000E-1	1.100000E+1	1.000000E+0	8.650000E+2
4.143749E+1	-1.000000E+3	-1.001000E+0	-6.714000E-4	1.490915E+6	1.606581E+6	6.230000E-4	1.000900E+0	9.910000E+37	-6.714000E-4	-1.476020E+44	1.590690E+44	6.230000E-4	9.910000E+37	5.000000E-1	0.000000E+0	1.000000E-1	1.100000E+1	1.000000E-1	1.100000E+1	1.000000E+0	8.660000E+2
4.148527E+1	-1.000000E+3	-1.000300E+0	-6.562000E-4	1.524383E+6	1.592740E+6	6.281000E-4	1.000400E+0	9.910000E+37	-6.562000E-4	-1.510210E+44	1.577774E+44	6.281000E-4	9.910000E+37	5.000000E-1	0.000000E+0	1.000000E-1	1.100000E+1	1.000000E-1	1.100000E+1	1.000000E+0	8.670000E+2
4.153299E+1	-1.000000E+3	-9.999000E-1	-6.551000E-4	1.526332E+6	1.589096E+6	6.291000E-4	9.997000E-1	9.910000E+37	-6.551000E-4	-1.512746E+44	1.575266E+44	6.291000E-4	9.910000E+37	5.000000E-1	0.000000E+0	1.000000E-1	1.100000E+1	1.000000E-1	1.100000E+1	1.000000E+0	8.680000E+2
4.158086E+1	-1.000000E+3	-1.000300E+0	-6.657000E-4	1.502629E+6	1.598465E+6	6.256000E-4	1.000000E+0	9.910000E+37	-6.657000E-4	-1.488659E+44	1.584079E+44	6.256000E-4	9.910000E+37	5.000000E-1	0.000000E+0	1.000000E-1	1.100000E+1	1.000000E-1	1.100000E+1	1.000000E+0	8.690000E+2
4.162896E+1	-1.000000E+3	-1.000900E+0	-6.589000E-4	1.519047E+6	1.586322E+6	6.302000E-4	9.997000E-1	9.910000E+37	-6.589000E-4	-1.504022E+44	1.572517E+44	6.302000E-4	9.910000E+37	5.000000E-1	0.000000E+0	1.000000E-1	1.100000E+1	1.000000E-1	1.100000E+1	1.000000E+0	8.700000E+2
4.167670E+1	-1.000000E+3	-1.000300E+0	-6.601000E-4	1.515376E+6	1.593810E+6	6.268000E-4	9.990000E-1	9.910000E+37	-6.601000E-4	-1.501288E+44	1.581047E+44	6.268000E-4	9.910000E+37	5.000000E-1	0.000000E+0	1.000000E-1	1.100000E+1	1.000000E-1	1.100000E+1	1.000000E+0	8.710000E+2
4.172447E+1	-1.000000E+3	-9.996000E-1	-6.592000E-4	1.516383E+6	1.591133E+6	6.293000E-4	1.001300E+0	9.910000E+37	-6.592000E-4	-1.503337E+44	1.574766E+44	6.293000E-4	9.910000E+37	5.000000E-1	0.000000E+0	1.000000E-1	1.100000E+1	1.000000E-1	1.100000E+1	1.000000E+0	8.720000E+2
4.177226E+1	-1.000000E+3	-1.000500E+0	-6.563000E-4	1.524455E+6	1.567513E+6	6.384000E-4	1.000700E+0	9.910000E+37	-6.563000E-4	-1.509980E+44	1.552318E+44	6.384000E-4	9.910000E+37	5.000000E-1	0.000000E+0	1.000000E-1	1.100000E+1	1.000000E-1	1.100000E+1	1.000000E+0	8.730000E+2
4.182036E+1	-1.000000E+3	-1.000100E+0	-6.584000E-4	1.518985E+6	1.620544E+6	6.172000E-4	1.000200E+0	9.910000E+37	-6.584000E-4	-1.505164E+44	1.605638E+44	6.172000E-4	9.910000E+37	5.000000E-1	0.000000E+0	1.000000E-1	1.100000E+1	1.000000E-1	1.100000E+1	1.000000E+0	8.740000E+2
4.186811E+1	-1.000000E+3	-1.000200E+0	-6.619000E-4	1.511104E+6	1.610798E+6	6.205000E-4	9.995000E-1	9.910000E+37	-6.619000E-4	-1.497205E+44	1.597099E+44	6.205000E-4	9.910000E+37	5.000000E-1	0.000000E+0	1.000000E-1	1.100000E+1	1.000000E-1	1.100000E+1	1.000000E+0	8.750000E+2
4.191586E+1	-1.000000E+3	-1.001100E+0	-6.561000E-4	1.525834E+6	1.564395E+6	6.398000E-4	1.000900E+0	9.910000E+37	-6.561000E-4	-1.510440E+44	1.548922E+44	6.398000E-4	9.910000E+37	5.000000E-1	0.000000E+0	1.000000E-1	1.100000E+1	1.000000E-1	1.100000E+1	1.000000E+0	8.760000E+2
4.196380E+1	-1.000000E+3	-1.000100E+0	-6.603000E-4	1.514615E+6	1.621696E+6	6.167000E-4	1.000100E+0	9.910000E+37	-6.603000E-4	-1.500833E+44	1.606940E+44	6.167000E-4	9.910000E+37	5.000000E-1	0.000000E+0	1.000000E-1	1.100000E+1	1.000000E-1	1.100000E+1	1.000000E+0	8.770000E+2
4.201152E+1	-1.000000E+3	-1.000200E+0	-6.612000E-4	1.512704E+6	1.589940E+6	6.282000E-4	9.988000E-1	9.910000E+37	-6.612000E-4	-1.498790E+44	1.577523E+44	6.282000E-4	9.910000E+37	5.000000E-1	0.000000E+0	1.000000E-1	1.100000E+1	1.000000E-1	1.100000E+1	1.000000E+0	8.780000E+2
4.205917E+1	-1.000000E+3	-1.000300E+0	-6.538000E-4	1.529979E+6	1.590049E+6	6.291000E-4	1.000300E+0	9.910000E+37	-6.538000E-4	-1.515754E+44	1.575266E+44	6.291000E-4	9.910000E+37	5.000000E-1	0.000000E+0	1.000000E-1	1.100000E+1	1.000000E-1	1.100000E+1	1.000000E+0	8.790000E+2
4.210699E+1	-1.000000E+3	-9.994000E-1	-6.563000E-4	1.522779E+6	1.588562E+6	6.295000E-4	1.000000E+0	9.910000E+37	-6.563000E-4	-1.509980E+44	1.574265E+44	6.295000E-4	9.910000E+37	5.000000E-1	0.000000E+0	1.000000E-1	1.100000E+1	1.000000E-1	1.100000E+1	1.000000E+0	8.800000E+2
4.215478E+1	-1.000000E+3	-9.999000E-1	-6.687000E-4	1.495289E+6	1.598753E+6	6.253000E-4	9.997000E-1	9.910000E+37	-6.687000E-4	-1.481980E+44	1.584839E+44	6.253000E-4	9.910000E+37	5.000000E-1	0.000000E+0	1.000000E-1	1.100000E+1	1.000000E-1	1.100000E+1	1.000000E+0	8.810000E+2
4.220271E+1	-1.000000E+3	-1.000000E+0	-6.555000E-4	1.525553E+6	1.622201E+6	6.162000E-4	9.996000E-1	9.910000E+37	-6.555000E-4	-1.511823E+44	1.608244E+44	6.162000E-4	9.910000E+37	5.000000E-1	0.000000E+0	1.000000E-1	1.100000E+1	1.000000E-1	1.100000E+1	1.000000E+0	8.820000E+2
4.225043E+1	-1.000000E+3	-9.994000E-1	-6.480000E-4	1.542284E+6	1.617638E+6	6.180000E-4	9.997000E-1	9.910000E+37	-6.480000E-4	-1.529321E+44	1.603560E+44	6.180000E-4	9.910000E+37	5.000000E-1	0.000000E+0	1.000000E-1	1.100000E+1	1.000000E-1	1.100000E+1	1.000000E+0	8.830000E+2
4.229822E+1	-1.000000E+3	-1.000400E+0	-6.528000E-4	1.532475E+6	1.586808E+6	6.307000E-4	1.000800E+0	9.910000E+37	-6.528000E-4	-1.518076E+44	1.571270E+44	6.307000E-4	9.910000E+37	5.000000E-1	0.000000E+0	1.000000E-1	1.100000E+1	1.000000E-1	1.100000E+1	1.000000E+0	8.840000E+2
4.234587E+1	-1.000000E+3	-9.995000E-1	-6.529000E-4	1.530862E+6	1.599648E+6	6.247000E-4	9.993000E-1	9.910000E+37	-6.529000E-4	-1.517843E+44	1.586361E+44	6.247000E-4	9.910000E+37	5.000000E-1	0.000000E+0	1.000000E-1	1.100000E+1	1.000000E-1	1.100000E+1	1.000000E+0	8.850000E+2
4.239361E+1	-1.000000E+3	-1.000300E+0	-6.521000E-4	1.533967E+6	1.585459E+6	6.313000E-4	1.000900E+0	9.910000E+37	-6.521000E-4	-1.519706E+44	1.569777E+44	6.313000E-4	9.910000E+37	5.000000E-1	0.000000E+0	1.000000E-1	1.100000E+1	1.000000E-1	1.100000E+1	1.000000E+0	8.860000E+2
4.244123E+1	-1.000000E+3	-1.000500E+0	-6.507000E-4	1.537575E+6	1.586584E+6	6.306000E-4	1.000500E+0	9.910000E+37	-6.507000E-4	-1.522975E+44	1.571519E+44	6.306000E-4	9.910000E+37	5.000000E-1	0.000000E+0	1.000000E-1	1.100000E+1	1.000000E-1	1.100000E+1	1.000000E+0	8.870000E+2
4.248890E+1	-1.000000E+3	-1.000100E+0	-6.571000E-4	1.521991E+6	1.581318E+6	6.327000E-4	1.000500E+0	9.910000E+37	-6.571000E-4	-1.508142E+44	1.566303E+44	6.327000E-4	9.910000E+37	5.000000E-1	0.000000E+0	1.000000E-1	1.100000E+1	1.000000E-1	1.100000E+1	1.000000E+0	8.880000E+2
4.253658E+1	-1.000000E+3	-1.000600E+0	-6.563000E-4	1.524608E+6	1.593884E+6	6.279000E-4	1.000800E+0	9.910000E+37	-6.563000E-4	-1.509980E+44	1.578277E+44	6.279000E-4	9.910000E+37	5.000000E-1	0.000000E+0	1.000000E-1	1.100000E+1	1.000000E-1	1.100000E+1	1.000000E+0	8.890000E+2
4.258422E+1	-1.000000E+3	-1.001100E+0	-6.557000E-4	1.526765E+6	1.608395E+6	6.218000E-4	1.000100E+0	9.910000E+37	-6.557000E-4	-1.511362E+44	1.593760E+44	6.218000E-4	9.910000E+37	5.000000E-1	0.000000E+0	1.000000E-1	1.100000E+1	1.000000E-1	1.100000E+1	1.000000E+0	8.900000E+2
4.263194E+1	-1.000000E+3	-1.000900E+0	-6.584000E-4	1.520200E+6	1.580477E+6	6.331000E-4	1.000600E+0	9.910000E+37	-6.584000E-4	-1.505164E+44	1.565314E+44	6.331000E-4	9.910000E+37	5.000000E-1	0.000000E+0	1.000000E-1	1.100000E+1	1.000000E-1	1.100000E+1	1.000000E+0	8.910000E+2
4.267962E+1	-1.000000E+3	-9.993000E-1	-6.649000E-4	1.502933E+6	1.601763E+6	6.240000E-4	9.995000E-1	9.910000E+37	-6.649000E-4	-1.490450E+44	1.588141E+44	6.240000E-4	9.910000E+37	5.000000E-1	0.000000E+0	1.000000E-1	1.100000E+1	1.000000E-1	1.100000E+1	1.000000E+0	8.920000E+2
4.272739E+1	-1.000000E+3	-9.999000E-1	-6.706000E-4	1.491053E+6	1.598594E+6	6.258000E-4	1.000400E+0	9.910000E+37	-6.706000E-4	-1.477781E+44	1.583573E+44	6.258000E-4	9.910000E+37	5.000000E-1	0.000000E+0	1.000000E-1	1.100000E+1	1.000000E-1	1.100000E+1	1.000000E+0	8.930000E+2
4.277525E+1	-1.000000E+3	-1.000500E+0	-6.577000E-4	1.521210E+6	1.611577E+6	6.202000E-4	9.995000E-1	9.910000E+37	-6.577000E-4	-1.506766E+44	1.597872E+44	6.202000E-4	9.910000E+37	5.000000E-1	0.000000E+0	1.000000E-1	1.100000E+1	1.000000E-1	1.100000E+1	1.000000E+0	8.940000E+2
4.282305E+1	-1.000000E+3	-9.999000E-1	-6.624000E-4	1.509511E+6	1.603047E+6	6.235000E-4	9.995000E-1	9.910000E+37	-6.624000E-4	-1.496075E+44	1.589415E+44	6.235000E-4	9.910000E+37	5.000000E-1	0.000000E+0	1.000000E-1	1.100000E+1	1.000000E-1	1.100000E+1	1.000000E+0	8.950000E+2
4.287072E+1	-1.000000E+3	-1.000800E+0	-6.714000E-4	1.490617E+6	1.600416E+6	6.249000E-4	1.000100E+0	9.910000E+37	-6.714000E-4	-1.476020E+44	1.585854E+44	6.249000E-4	9.910000E+37	5.000000E-1	0.000000E+0	1.000000E-1	1.100000E+1	1.000000E-1	1.100000E+1	1.000000E+0	8.960000E+2
4.291839E+1	-1.000000E+3	-1.000400E+0	-6.579000E-4	1.520596E+6	1.583980E+6	6.317000E-4	1.000600E+0	9.910000E+37	-6.579000E-4	-1.506308E+44	1.568783E+44	6.317000E-4	9.910000E+37	5.000000E-1	0.000000E+0	1.000000E-1	1.100000E+1	1.000000E-1	1.100000E+1	1.000000E+0	8.970000E+2
4.296614E+1	-1.000000E+3	-1.000600E+0	-6.575000E-4	1.521825E+6	1.598464E+6	6.251000E-4	9.992000E-1	9.910000E+37	-6.575000E-4	-1.507224E+44	1.585346E+44	6.251000E-4	9.910000E+37	5.000000E-1	0.000000E+0	1.000000E-1	1.100000E+1	1.000000E-1	1.100000E+1	1.000000E+0	8.980000E+2
4.301388E+1	-1.000000E+3	-9.999000E-1	-6.574000E-4	1.520992E+6	1.626790E+6	6.144000E-4	9.995000E-1	9.910000E+37	-6.574000E-4	-1.507454E+44	1.612956E+44	6.144000E-4	9.910000E+37	5.000000E-1	0.000000E+0	1.000000E-1	1.100000E+1	1.000000E-1	1.100000E+1	1.000000E+0	8.990000E+2
4.306166E+1	-1.000000E+3	-9.993000E-1	-6.576000E-4	1.519617E+6	1.582911E+6	6.320000E-4	1.000400E+0	9.910000E+37	-6.576000E-4	-1.506995E+44	1.568038E+44	6.320000E-4	9.910000E+37	5.000000E-1	0.000000E+0	1.000000E-1	1.100000E+1	1.000000E-1	1.100000E+1	1.000000E+0	9.000000E+2
4.310933E+1	-1.000000E+3	-1.000300E+0	-6.599000E-4	1.515836E+6	1.588590E+6	6.293000E-4	9.997000E-1	9.910000E+37	-6.599000E-4	-1.501743E+44	1.574766E+44	6.293000E-4	9.910000E+37	5.000000E-1	0.000000E+0	1.000000E-1	1.100000E+1	1.000000E-1	1.100000E+1	1.000000E+0	9.010000E+2
4.315745E+1	-1.000000E+3	-9.996000E-1	-6.616000E-4	1.510883E+6	1.606397E+6	6.222000E-4	9.995000E-1	9.910000E+37	-6.616000E-4	-1.497884E+44	1.592735E+44	6.222000E-4	9.910000E+37	5.000000E-1	0.000000E+0	1.000000E-1	1.100000E+1	1.000000E-1	1.100000E+1	1.000000E+0	9.020000E+2
4.320534E+1	-1.000000E+3	-1.000400E+0	-6.600000E-4	1.515758E+6	1.572259E+6	6.366000E-4	1.000900E+0	9.910000E+37	-6.600000E-4	-1.501515E+44	1.556708E+44	6.366000E-4	9.910000E+37	5.000000E-1	0.000000E+0	1.000000E-1	1.100000E+1	1.000000E-1	1.100000E+1	1.000000E+0	9.030000E+2
4.325306E+1	-1.000000E+3	-9.998000E-1	-6.578000E-4	1.519915E+6	1.606816E+6	6.221000E-4	9.996000E-1	9.910000E+37	-6.578000E-4	-1.506537E+44	1.592991E+44	6.221000E-4	9.910000E+37	5.000000E-1	0.000000E+0	1.000000E-1	1.100000E+1	1.000000E-1	1.100000E+1	1.000000E+0	9.040000E+2
4.330078E+1	-1.000000E+3	-9.998000E-1	-6.594000E-4	1.516227E+6	1.598050E+6	6.257000E-4	9.999000E-1	9.910000E+37	-6.594000E-4	-1.502881E+44	1.583826E+44	6.257000E-4	9.910000E+37	5.000000E-1	0.000000E+0	1.000000E-1	1.100000E+1	1.000000E-1	1.100000E+1	1.000000E+0	9.050000E+2
4.334875E+1	-1.000000E+3	-1.000700E+0	-6.676000E-4	1.498951E+6	1.598146E+6	6.256000E-4	9.998000E-1	9.910000E+37	-6.676000E-4	-1.484422E+44	1.584079E+44	6.256000E-4	9.910000E+37	5.000000E-1	0.000000E+0	1.000000E-1	1.100000E+1	1.000000E-1	1.100000E+1	1.000000E+0	9.060000E+2
4.339652E+1	-1.000000E+3	-1.000500E+0	-6.592000E-4	1.517749E+6	1.586929E+6	6.304000E-4	1.000400E+0	9.910000E+37	-6.592000E-4	-1.503337E+44	1.572018E+44	6.304000E-4	9.910000E+37	5.000000E-1	0.000000E+0	1.000000E-1	1.100000E+1	1.000000E-1	1.100000E+1	1.000000E+0	9.070000E+2
4.344422E+1	-1.000000E+3	-1.000100E+0	-6.561000E-4	1.524310E+6	1.590873E+6	6.289000E-4	1.000500E+0	9.910000E+37	-6.561000E-4	-1.510440E+44	1.575767E+44	6.289000E-4	9.910000E+37	5.000000E-1	0.000000E+0	1.000000E-1	1.100000E+1	1.000000E-1	1.100000E+1	1.000000E+0	9.080000E+2
4.349189E+1	-1.000000E+3	-1.000700E+0	-6.578000E-4	1.521283E+6	1.589768E+6	6.294000E-4	1.000600E+0	9.910000E+37	-6.578000E-4	-1.506537E+44	1.574515E+44	6.294000E-4	9.910000E+37	5.000000E-1	0.000000E+0	1.000000E-1	1.100000E+1	1.000000E-1	1.100000E+1	1.000000E+0	9.090000E+2
4.353962E+1	-1.000000E+3	-1.000000E+0	-6.806000E-4	1.469292E+6	1.610574E+6	6.204000E-4	9.992000E-1	9.910000E+37	-6.806000E-4	-1.456068E+44	1.597357E+44	6.204000E-4	9.910000E+37	5.000000E-1	0.000000E+0	1.000000E-1	1.100000E+1	1.000000E-1	1.100000E+1	1.000000E+0	9.100000E+2
4.358726E+1	-1.000000E+3	-1.000300E+0	-6.602000E-4	1.515147E+6	1.603659E+6	6.232000E-4	9.994000E-1	9.910000E+37	-6.602000E-4	-1.501060E+44	1.590180E+44	6.232000E-4	9.910000E+37	5.000000E-1	0.000000E+0	1.000000E-1	1.100000E+1	1.000000E-1	1.100000E+1	1.000000E+0	9.110000E+2
4.363481E+1	-1.000000E+3	-1.000200E+0	-6.705000E-4	1.491723E+6	1.612679E+6	6.199000E-4	9.997000E-1	9.910000E+37	-6.705000E-4	-1.478001E+44	1.598645E+44	6.199000E-4	9.910000E+37	5.000000E-1	0.000000E+0	1.000000E-1	1.100000E+1	1.000000E-1	1.100000E+1	1.000000E+0	9.120000E+2
4.368240E+1	-1.000000E+3	-1.000200E+0	-6.535000E-4	1.530528E+6	1.597573E+6	6.262000E-4	1.000400E+0	9.910000E+37	-6.535000E-4	-1.516450E+44	1.582561E+44	6.262000E-4	9.910000E+37	5.000000E-1	0.000000E+0	1.000000E-1	1.100000E+1	1.000000E-1	1.100000E+1	1.000000E+0	9.130000E+2
4.373013E+1	-1.000000E+3	-1.001300E+0	-6.684000E-4	1.498055E+6	1.625122E+6	6.154000E-4	1.000100E+0	9.910000E+37	-6.684000E-4	-1.482645E+44	1.610335E+44	6.154000E-4	9.910000E+37	5.000000E-1	0.000000E+0	1.000000E-1	1.100000E+1	1.000000E-1	1.100000E+1	1.000000E+0	9.140000E+2
4.377785E+1	-1.000000E+3	-1.000100E+0	-6.690000E-4	1.494918E+6	1.601123E+6	6.235000E-4	9.983000E-1	9.910000E+37	-6.690000E-4	-1.481315E+44	1.589415E+44	6.235000E-4	9.910000E+37	5.000000E-1	0.000000E+0	1.000000E-1	1.100000E+1	1.000000E-1	1.100000E+1	1.000000E+0	9.150000E+2
4.382549E+1	-1.000000E+3	-1.000500E+0	-6.686000E-4	1.496410E+6	1.568385E+6	6.383000E-4	1.001100E+0	9.910000E+37	-6.686000E-4	-1.482202E+44	1.552561E+44	6.383000E-4	9.910000E+37	5.000000E-1	0.000000E+0	1.000000E-1	1.100000E+1	1.000000E-1	1.100000E+1	1.000000E+0	9.160000E+2
4.387306E+1	-1.000000E+3	-1.000000E+0	-6.630000E-4	1.508296E+6	1.616990E+6	6.180000E-4	9.993000E-1	9.910000E+37	-6.630000E-4	-1.494721E+44	1.603560E+44	6.180000E-4	9.910000E+37	5.000000E-1	0.000000E+0	1.000000E-1	1.100000E+1	1.000000E-1	1.100000E+1	1.000000E+0	9.170000E+2
4.392061E+1	-1.000000E+3	-9.999000E-1	-6.582000E-4	1.519143E+6	1.598657E+6	6.254000E-4	9.998000E-1	9.910000E+37	-6.582000E-4	-1.505621E+44	1.584586E+44	6.254000E-4	9.910000E+37	5.000000E-1	0.000000E+0	1.000000E-1	1.100000E+1	1.000000E-1	1.100000E+1	1.000000E+0	9.180000E+2
4.396828E+1	-1.000000E+3	-9.994000E-1	-6.580000E-4	1.518845E+6	1.606197E+6	6.229000E-4	1.000500E+0	9.910000E+37	-6.580000E-4	-1.506079E+44	1.590946E+44	6.229000E-4	9.910000E+37	5.000000E-1	0.000000E+0	1.000000E-1	1.100000E+1	1.000000E-1	1.100000E+1	1.000000E+0	9.190000E+2
4.401602E+1	-1.000000E+3	-1.000400E+0	-6.609000E-4	1.513693E+6	1.599296E+6	6.254000E-4	1.000200E+0	9.910000E+37	-6.609000E-4	-1.499470E+44	1.584586E+44	6.254000E-4	9.910000E+37	5.000000E-1	0.000000E+0	1.000000E-1	1.100000E+1	1.000000E-1	1.100000E+1	1.000000E+0	9.200000E+2
4.406369E+1	-1.000000E+3	-1.000700E+0	-6.672000E-4	1.499850E+6	1.591502E+6	6.284000E-4	1.000100E+0	9.910000E+37	-6.672000E-4	-1.485312E+44	1.577021E+44	6.284000E-4	9.910000E+37	5.000000E-1	0.000000E+0	1.000000E-1	1.100000E+1	1.000000E-1	1.100000E+1	1.000000E+0	9.210000E+2
4.411141E+1	-1.000000E+3	-1.000600E+0	-6.572000E-4	1.522520E+6	1.581186E+6	6.325000E-4	1.000100E+0	9.910000E+37	-6.572000E-4	-1.507912E+44	1.566798E+44	6.325000E-4	9.910000E+37	5.000000E-1	0.000000E+0	1.000000E-1	1.100000E+1	1.000000E-1	1.100000E+1	1.000000E+0	9.220000E+2
4.415929E+1	-1.000000E+3	-9.993000E-1	-6.609000E-4	1.512029E+6	1.605788E+6	6.220000E-4	9.988000E-1	9.910000E+37	-6.609000E-4	-1.499470E+44	1.593248E+44	6.220000E-4	9.910000E+37	5.000000E-1	0.000000E+0	1.000000E-1	1.100000E+1	1.000000E-1	1.100000E+1	1.000000E+0	9.230000E+2
4.420706E+1	-1.000000E+3	-1.000300E+0	-6.603000E-4	1.514917E+6	1.575342E+6	6.351000E-4	1.000500E+0	9.910000E+37	-6.603000E-4	-1.500833E+44	1.560384E+44	6.351000E-4	9.910000E+37	5.000000E-1	0.000000E+0	1.000000E-1	1.100000E+1	1.000000E-1	1.100000E+1	1.000000E+0	9.240000E+2
4.425486E+1	-1.000000E+3	-1.000000E+0	-6.649000E-4	1.503986E+6	1.590396E+6	6.289000E-4	1.000200E+0	9.910000E+37	-6.649000E-4	-1.490450E+44	1.575767E+44	6.289000E-4	9.910000E+37	5.000000E-1	0.000000E+0	1.000000E-1	1.100000E+1	1.000000E-1	1.100000E+1	1.000000E+0	9.250000E+2
4.430265E+1	-1.000000E+3	-1.001100E+0	-6.654000E-4	1.504509E+6	1.595337E+6	6.262000E-4	9.990000E-1	9.910000E+37	-6.654000E-4	-1.489330E+44	1.582561E+44	6.262000E-4	9.910000E+37	5.000000E-1	0.000000E+0	1.000000E-1	1.100000E+1	1.000000E-1	1.100000E+1	1.000000E+0	9.260000E+2
4.435035E+1	-1.000000E+3	-9.998000E-1	-6.518000E-4	1.533906E+6	1.610637E+6	6.205000E-4	9.994000E-1	9.910000E+37	-6.518000E-4	-1.520405E+44	1.597099E+44	6.205000E-4	9.910000E+37	5.000000E-1	0.000000E+0	1.000000E-1	1.100000E+1	1.000000E-1	1.100000E+1	1.000000E+0	9.270000E+2
4.439816E+1	-1.000000E+3	-1.001400E+0	-6.660000E-4	1.503604E+6	1.607367E+6	6.217000E-4	9.993000E-1	9.910000E+37	-6.660000E-4	-1.487988E+44	1.594016E+44	6.217000E-4	9.910000E+37	5.000000E-1	0.000000E+0	1.000000E-1	1.100000E+1	1.000000E-1	1.100000E+1	1.000000E+0	9.280000E+2
4.444583E+1	-1.000000E+3	-1.000100E+0	-6.608000E-4	1.513469E+6	1.600064E+6	6.251000E-4	1.000200E+0	9.910000E+37	-6.608000E-4	-1.499697E+44	1.585346E+44	6.251000E-4	9.910000E+37	5.000000E-1	0.000000E+0	1.000000E-1	1.100000E+1	1.000000E-1	1.100000E+1	1.000000E+0	9.290000E+2
4.449351E+1	-1.000000E+3	-1.000600E+0	-6.646000E-4	1.505567E+6	1.562529E+6	6.405000E-4	1.000800E+0	9.910000E+37	-6.646000E-4	-1.491122E+44	1.547229E+44	6.405000E-4	9.910000E+37	5.000000E-1	0.000000E+0	1.000000E-1	1.100000E+1	1.000000E-1	1.100000E+1	1.000000E+0	9.300000E+2
4.454123E+1	-1.000000E+3	-9.999000E-1	-6.555000E-4	1.525400E+6	1.569747E+6	6.373000E-4	1.000400E+0	9.910000E+37	-6.555000E-4	-1.511823E+44	1.554998E+44	6.373000E-4	9.910000E+37	5.000000E-1	0.000000E+0	1.000000E-1	1.100000E+1	1.000000E-1	1.100000E+1	1.000000E+0	9.310000E+2
4.458915E+1	-1.000000E+3	-1.000600E+0	-6.580000E-4	1.520669E+6	1.578764E+6	6.329000E-4	9.992000E-1	9.910000E+37	-6.580000E-4	-1.506079E+44	1.565808E+44	6.329000E-4	9.910000E+37	5.000000E-1	0.000000E+0	1.000000E-1	1.100000E+1	1.000000E-1	1.100000E+1	1.000000E+0	9.320000E+2
4.463689E+1	-1.000000E+3	-1.000100E+0	-6.650000E-4	1.503910E+6	1.598464E+6	6.251000E-4	9.992000E-1	9.910000E+37	-6.650000E-4	-1.490226E+44	1.585346E+44	6.251000E-4	9.910000E+37	5.000000E-1	0.000000E+0	1.000000E-1	1.100000E+1	1.000000E-1	1.100000E+1	1.000000E+0	9.330000E+2
4.468464E+1	-1.000000E+3	-9.996000E-1	-6.723000E-4	1.486836E+6	1.606104E+6	6.225000E-4	9.998000E-1	9.910000E+37	-6.723000E-4	-1.474044E+44	1.591968E+44	6.225000E-4	9.910000E+37	5.000000E-1	0.000000E+0	1.000000E-1	1.100000E+1	1.000000E-1	1.100000E+1	1.000000E+0	9.340000E+2
4.473249E+1	-1.000000E+3	-1.000800E+0	-6.637000E-4	1.507910E+6	1.607367E+6	6.217000E-4	9.993000E-1	9.910000E+37	-6.637000E-4	-1.493144E+44	1.594016E+44	6.217000E-4	9.910000E+37	5.000000E-1	0.000000E+0	1.000000E-1	1.100000E+1	1.000000E-1	1.100000E+1	1.000000E+0	9.350000E+2
4.478039E+1	-1.000000E+3	-9.998000E-1	-6.531000E-4	1.530853E+6	1.579554E+6	6.329000E-4	9.997000E-1	9.910000E+37	-6.531000E-4	-1.517379E+44	1.565808E+44	6.329000E-4	9.910000E+37	5.000000E-1	0.000000E+0	1.000000E-1	1.100000E+1	1.000000E-1	1.100000E+1	1.000000E+0	9.360000E+2
4.482843E+1	-1.000000E+3	-1.000200E+0	-6.619000E-4	1.511104E+6	1.596200E+6	6.263000E-4	9.997000E-1	9.910000E+37	-6.619000E-4	-1.497205E+44	1.582309E+44	6.263000E-4	9.910000E+37	5.000000E-1	0.000000E+0	1.000000E-1	1.100000E+1	1.000000E-1	1.100000E+1	1.000000E+0	9.370000E+2
4.487612E+1	-1.000000E+3	-9.995000E-1	-6.560000E-4	1.523628E+6	1.592045E+6	6.285000E-4	1.000600E+0	9.910000E+37	-6.560000E-4	-1.510671E+44	1.576770E+44	6.285000E-4	9.910000E+37	5.000000E-1	0.000000E+0	1.000000E-1	1.100000E+1	1.000000E-1	1.100000E+1	1.000000E+0	9.380000E+2
4.492379E+1	-1.000000E+3	-1.000300E+0	-6.641000E-4	1.506249E+6	1.605136E+6	6.230000E-4	1.000000E+0	9.910000E+37	-6.641000E-4	-1.492245E+44	1.590690E+44	6.230000E-4	9.910000E+37	5.000000E-1	0.000000E+0	1.000000E-1	1.100000E+1	1.000000E-1	1.100000E+1	1.000000E+0	9.390000E+2
4.497179E+1	-1.000000E+3	-9.995000E-1	-6.625000E-4	1.508679E+6	1.607298E+6	6.221000E-4	9.999000E-1	9.910000E+37	-6.625000E-4	-1.495849E+44	1.592991E+44	6.221000E-4	9.910000E+37	5.000000E-1	0.000000E+0	1.000000E-1	1.100000E+1	1.000000E-1	1.100000E+1	1.000000E+0	9.400000E+2
4.501956E+1	-1.000000E+3	-1.000400E+0	-6.591000E-4	1.517827E+6	1.564387E+6	6.391000E-4	9.998000E-1	9.910000E+37	-6.591000E-4	-1.503565E+44	1.550618E+44	6.391000E-4	9.910000E+37	5.000000E-1	0.000000E+0	1.000000E-1	1.100000E+1	1.000000E-1	1.100000E+1	1.000000E+0	9.410000E+2
4.506723E+1	-1.000000E+3	-1.000100E+0	-6.537000E-4	1.529907E+6	1.581028E+6	6.325000E-4	1.000000E+0	9.910000E+37	-6.537000E-4	-1.515986E+44	1.566798E+44	6.325000E-4	9.910000E+37	5.000000E-1	0.000000E+0	1.000000E-1	1.100000E+1	1.000000E-1	1.100000E+1	1.000000E+0	9.420000E+2
4.511496E+1	-1.000000E+3	-1.000500E+0	-6.617000E-4	1.512015E+6	1.579836E+6	6.338000E-4	1.001300E+0	9.910000E+37	-6.617000E-4	-1.497658E+44	1.563585E+44	6.338000E-4	9.910000E+37	5.000000E-1	0.000000E+0	1.000000E-1	1.100000E+1	1.000000E-1	1.100000E+1	1.000000E+0	9.430000E+2
4.516273E+1	-1.000000E+3	-1.000000E+0	-6.735000E-4	1.484781E+6	1.595976E+6	6.262000E-4	9.994000E-1	9.910000E+37	-6.735000E-4	-1.471418E+44	1.582561E+44	6.262000E-4	9.910000E+37	5.000000E-1	0.000000E+0	1.000000E-1	1.100000E+1	1.000000E-1	1.100000E+1	1.000000E+0	9.440000E+2
4.521049E+1	-1.000000E+3	-9.997000E-1	-6.652000E-4	1.502856E+6	1.569277E+6	6.373000E-4	1.000100E+0	9.910000E+37	-6.652000E-4	-1.489778E+44	1.554998E+44	6.373000E-4	9.910000E+37	5.000000E-1	0.000000E+0	1.000000E-1	1.100000E+1	1.000000E-1	1.100000E+1	1.000000E+0	9.450000E+2
4.525822E+1	-1.000000E+3	-1.000000E+0	-6.560000E-4	1.524390E+6	1.575614E+6	6.348000E-4	1.000200E+0	9.910000E+37	-6.560000E-4	-1.510671E+44	1.561122E+44	6.348000E-4	9.910000E+37	5.000000E-1	0.000000E+0	1.000000E-1	1.100000E+1	1.000000E-1	1.100000E+1	1.000000E+0	9.460000E+2
4.530614E+1	-1.000000E+3	-9.995000E-1	-6.565000E-4	1.522468E+6	1.585698E+6	6.307000E-4	1.000100E+0	9.910000E+37	-6.565000E-4	-1.509520E+44	1.571270E+44	6.307000E-4	9.910000E+37	5.000000E-1	0.000000E+0	1.000000E-1	1.100000E+1	1.000000E-1	1.100000E+1	1.000000E+0	9.470000E+2
4.535396E+1	-1.000000E+3	-1.000000E+0	-6.662000E-4	1.501051E+6	1.600352E+6	6.248000E-4	9.999000E-1	9.910000E+37	-6.662000E-4	-1.487541E+44	1.586108E+44	6.248000E-4	9.910000E+37	5.000000E-1	0.000000E+0	1.000000E-1	1.100000E+1	1.000000E-1	1.100000E+1	1.000000E+0	9.480000E+2
4.540165E+1	-1.000000E+3	-1.000100E+0	-6.585000E-4	1.518755E+6	1.586508E+6	6.300000E-4	9.995000E-1	9.910000E+37	-6.585000E-4	-1.504935E+44	1.573016E+44	6.300000E-4	9.910000E+37	5.000000E-1	0.000000E+0	1.000000E-1	1.100000E+1	1.000000E-1	1.100000E+1	1.000000E+0	9.490000E+2
4.544937E+1	-1.000000E+3	-9.996000E-1	-6.585000E-4	1.517995E+6	1.591307E+6	6.281000E-4	9.995000E-1	9.910000E+37	-6.585000E-4	-1.504935E+44	1.577774E+44	6.281000E-4	9.910000E+37	5.000000E-1	0.000000E+0	1.000000E-1	1.100000E+1	1.000000E-1	1.100000E+1	1.000000E+0	9.500000E+2
