Tiempo (min),I pulso(mA),Vinst 1 (V),Iinst 1 (mA),Rinst 1(Ohm),Rrem 1 (Ohm),Ibias 1 (mA),Vbias 1 (V),Vinst 2 (V),Iinst 2 (mA),Rinst 2(Ohm),Rrem 2 (Ohm),Ibias 2 (mA),Vbias 2 (V),Ancho pulso (s),Periodo (s),Icc 1 (mA),Vcc 1 (V),Icc 2 (mA),Vcc 2 (V),2W 1?,N
2.174124E-1,0.000000E+0,3.000000E-4,-3.950000E-3,-7.594937E+1,3.095507E+3,9.727000E-2,3.011000E-1,9.910000E+37,-3.950000E-3,-2.508861E+43,1.018814E+42,9.727000E-2,9.910000E+37,1.000000E-1,0.000000E+0,5.000000E+0,1.000000E+1,5.000000E+0,1.000000E+1,1.000000E+0,1.000000E+0
2.391804E-1,3.000000E+2,3.002000E-1,9.692000E-2,3.097400E+3,3.081282E+3,9.707000E-2,2.991000E-1,9.910000E+37,9.692000E-2,1.022493E+42,1.020913E+42,9.707000E-2,9.910000E+37,1.000000E-1,0.000000E+0,5.000000E+0,1.000000E+1,5.000000E+0,1.000000E+1,1.000000E+0,2.000000E+0
2.606649E-1,6.000000E+2,6.009000E-1,1.983000E-1,3.030257E+3,3.091603E+3,9.694000E-2,2.997000E-1,9.910000E+37,1.983000E-1,4.997479E+41,1.022282E+42,9.694000E-2,9.910000E+37,1.000000E-1,0.000000E+0,5.000000E+0,1.000000E+1,5.000000E+0,1.000000E+1,1.000000E+0,3.000000E+0
2.823162E-1,9.000000E+2,8.994000E-1,2.989900E-1,3.008127E+3,3.089297E+3,9.698000E-2,2.996000E-1,9.910000E+37,2.989900E-1,3.314492E+41,1.021860E+42,9.698000E-2,9.910000E+37,1.000000E-1,0.000000E+0,5.000000E+0,1.000000E+1,5.000000E+0,1.000000E+1,1.000000E+0,4.000000E+0
3.039674E-1,1.200000E+3,1.200000E+0,3.998100E-1,3.001426E+3,3.095854E+3,9.671000E-2,2.994000E-1,9.910000E+37,3.998100E-1,2.478677E+41,1.024713E+42,9.671000E-2,9.910000E+37,1.000000E-1,0.000000E+0,5.000000E+0,1.000000E+1,5.000000E+0,1.000000E+1,1.000000E+0,5.000000E+0
3.254853E-1,1.500000E+3,1.499600E+0,5.004400E-1,2.996563E+3,3.092548E+3,9.649000E-2,2.984000E-1,9.910000E+37,5.004400E-1,1.980257E+41,1.027049E+42,9.649000E-2,9.910000E+37,1.000000E-1,0.000000E+0,5.000000E+0,1.000000E+1,5.000000E+0,1.000000E+1,1.000000E+0,6.000000E+0
3.469365E-1,1.800000E+3,1.799400E+0,5.983400E-1,3.007320E+3,3.091021E+3,9.712000E-2,3.002000E-1,9.910000E+37,5.983400E-1,1.656249E+41,1.020387E+42,9.712000E-2,9.910000E+37,1.000000E-1,0.000000E+0,5.000000E+0,1.000000E+1,5.000000E+0,1.000000E+1,1.000000E+0,7.000000E+0
3.684044E-1,2.100000E+3,2.100000E+0,6.974600E-1,3.010925E+3,3.090965E+3,9.696000E-2,2.997000E-1,9.910000E+37,6.974600E-1,1.420870E+41,1.022071E+42,9.696000E-2,9.910000E+37,1.000000E-1,0.000000E+0,5.000000E+0,1.000000E+1,5.000000E+0,1.000000E+1,1.000000E+0,8.000000E+0
3.900390E-1,2.400000E+3,2.400000E+0,7.955900E-1,3.016629E+3,3.102522E+3,9.676000E-2,3.002000E-1,9.910000E+37,7.955900E-1,1.245616E+41,1.024184E+42,9.676000E-2,9.910000E+37,1.000000E-1,0.000000E+0,5.000000E+0,1.000000E+1,5.000000E+0,1.000000E+1,1.000000E+0,9.000000E+0
4.116902E-1,2.700000E+3,2.699200E+0,8.930100E-1,3.022587E+3,3.104985E+3,9.649000E-2,2.996000E-1,9.910000E+37,8.930100E-1,1.109730E+41,1.027049E+42,9.649000E-2,9.910000E+37,1.000000E-1,0.000000E+0,5.000000E+0,1.000000E+1,5.000000E+0,1.000000E+1,1.000000E+0,1.000000E+1
4.333748E-1,3.000000E+3,3.000600E+0,9.898900E-1,3.031246E+3,3.090142E+3,9.718000E-2,3.003000E-1,9.910000E+37,9.898900E-1,1.001121E+41,1.019757E+42,9.718000E-2,9.910000E+37,1.000000E-1,0.000000E+0,5.000000E+0,1.000000E+1,5.000000E+0,1.000000E+1,1.000000E+0,1.100000E+1
4.558427E-1,3.300000E+3,3.300200E+0,1.084950E+0,3.041799E+3,3.092954E+3,9.693000E-2,2.998000E-1,9.910000E+37,1.084950E+0,9.134061E+40,1.022387E+42,9.693000E-2,9.910000E+37,1.000000E-1,0.000000E+0,5.000000E+0,1.000000E+1,5.000000E+0,1.000000E+1,1.000000E+0,1.200000E+1
4.774607E-1,3.600000E+3,3.599900E+0,1.179310E+0,3.052548E+3,3.096342E+3,9.705000E-2,3.005000E-1,9.910000E+37,1.179310E+0,8.403219E+40,1.021123E+42,9.705000E-2,9.910000E+37,1.000000E-1,0.000000E+0,5.000000E+0,1.000000E+1,5.000000E+0,1.000000E+1,1.000000E+0,1.300000E+1
4.990619E-1,3.900000E+3,3.899900E+0,1.270730E+0,3.069023E+3,3.081755E+3,9.712000E-2,2.993000E-1,9.910000E+37,1.270730E+0,7.798667E+40,1.020387E+42,9.712000E-2,9.910000E+37,1.000000E-1,0.000000E+0,5.000000E+0,1.000000E+1,5.000000E+0,1.000000E+1,1.000000E+0,1.400000E+1
5.207465E-1,4.200000E+3,4.200000E+0,1.362230E+0,3.083180E+3,3.095238E+3,9.702000E-2,3.003000E-1,9.910000E+37,1.362230E+0,7.274836E+40,1.021439E+42,9.702000E-2,9.910000E+37,1.000000E-1,0.000000E+0,5.000000E+0,1.000000E+1,5.000000E+0,1.000000E+1,1.000000E+0,1.500000E+1
5.422310E-1,4.500000E+3,4.500600E+0,1.451550E+0,3.100548E+3,3.100855E+3,9.707000E-2,3.010000E-1,9.910000E+37,1.451550E+0,6.827185E+40,1.020913E+42,9.707000E-2,9.910000E+37,1.000000E-1,0.000000E+0,5.000000E+0,1.000000E+1,5.000000E+0,1.000000E+1,1.000000E+0,1.600000E+1
5.636989E-1,4.800000E+3,4.799800E+0,1.539620E+0,3.117523E+3,3.102914E+3,9.678000E-2,3.003000E-1,9.910000E+37,1.539620E+0,6.436653E+40,1.023972E+42,9.678000E-2,9.910000E+37,1.000000E-1,0.000000E+0,5.000000E+0,1.000000E+1,5.000000E+0,1.000000E+1,1.000000E+0,1.700000E+1
5.851501E-1,5.100000E+3,5.100300E+0,1.614880E+0,3.158315E+3,3.101914E+3,9.665000E-2,2.998000E-1,9.910000E+37,1.614880E+0,6.136679E+40,1.025349E+42,9.665000E-2,9.910000E+37,1.000000E-1,0.000000E+0,5.000000E+0,1.000000E+1,5.000000E+0,1.000000E+1,1.000000E+0,1.800000E+1
6.066847E-1,5.400000E+3,5.400800E+0,1.700190E+0,3.176586E+3,3.123179E+3,9.612000E-2,3.002000E-1,9.910000E+37,1.700190E+0,5.828760E+40,1.031003E+42,9.612000E-2,9.910000E+37,1.000000E-1,0.000000E+0,5.000000E+0,1.000000E+1,5.000000E+0,1.000000E+1,1.000000E+0,1.900000E+1
6.282693E-1,5.700000E+3,5.700000E+0,1.782780E+0,3.197254E+3,3.116681E+3,9.616000E-2,2.997000E-1,9.910000E+37,1.782780E+0,5.558734E+40,1.030574E+42,9.616000E-2,9.910000E+37,1.000000E-1,0.000000E+0,5.000000E+0,1.000000E+1,5.000000E+0,1.000000E+1,1.000000E+0,2.000000E+1
6.497205E-1,6.000000E+3,6.000100E+0,1.864410E+0,3.218230E+3,3.108921E+3,9.640000E-2,2.997000E-1,9.910000E+37,1.864410E+0,5.315354E+40,1.028008E+42,9.640000E-2,9.910000E+37,1.000000E-1,0.000000E+0,5.000000E+0,1.000000E+1,5.000000E+0,1.000000E+1,1.000000E+0,2.100000E+1
6.712884E-1,6.300000E+3,6.300700E+0,1.944470E+0,3.240317E+3,3.115385E+3,9.620000E-2,2.997000E-1,9.910000E+37,1.944470E+0,5.096504E+40,1.030146E+42,9.620000E-2,9.910000E+37,1.000000E-1,0.000000E+0,5.000000E+0,1.000000E+1,5.000000E+0,1.000000E+1,1.000000E+0,2.200000E+1
6.927896E-1,6.600000E+3,6.600100E+0,2.023630E+0,3.261515E+3,3.115620E+3,9.661000E-2,3.010000E-1,9.910000E+37,2.023630E+0,4.897140E+40,1.025774E+42,9.661000E-2,9.910000E+37,1.000000E-1,0.000000E+0,5.000000E+0,1.000000E+1,5.000000E+0,1.000000E+1,1.000000E+0,2.300000E+1
7.144742E-1,6.900000E+3,6.899300E+0,2.101090E+0,3.283677E+3,3.122073E+3,9.609000E-2,3.000000E-1,9.910000E+37,2.101090E+0,4.716599E+40,1.031325E+42,9.609000E-2,9.910000E+37,1.000000E-1,0.000000E+0,5.000000E+0,1.000000E+1,5.000000E+0,1.000000E+1,1.000000E+0,2.400000E+1
7.362088E-1,7.000000E+3,6.999900E+0,2.121820E+0,3.299007E+3,3.114176E+3,9.643000E-2,3.003000E-1,9.910000E+37,2.121820E+0,4.670519E+40,1.027688E+42,9.643000E-2,9.910000E+37,1.000000E-1,0.000000E+0,5.000000E+0,1.000000E+1,5.000000E+0,1.000000E+1,1.000000E+0,2.500000E+1
7.579100E-1,6.700000E+3,6.700200E+0,2.045120E+0,3.276189E+3,3.115927E+3,9.644000E-2,3.005000E-1,9.910000E+37,2.045120E+0,4.845681E+40,1.027582E+42,9.644000E-2,9.910000E+37,1.000000E-1,0.000000E+0,5.000000E+0,1.000000E+1,5.000000E+0,1.000000E+1,1.000000E+0,2.600000E+1
7.795446E-1,6.400000E+3,6.400700E+0,1.966140E+0,3.255465E+3,3.113717E+3,9.638000E-2,3.001000E-1,9.910000E+37,1.966140E+0,5.040333E+40,1.028222E+42,9.638000E-2,9.910000E+37,1.000000E-1,0.000000E+0,5.000000E+0,1.000000E+1,5.000000E+0,1.000000E+1,1.000000E+0,2.700000E+1
8.012625E-1,6.100000E+3,6.100000E+0,1.885170E+0,3.235782E+3,3.107479E+3,9.667000E-2,3.004000E-1,9.910000E+37,1.885170E+0,5.256820E+40,1.025137E+42,9.667000E-2,9.910000E+37,1.000000E-1,0.000000E+0,5.000000E+0,1.000000E+1,5.000000E+0,1.000000E+1,1.000000E+0,2.800000E+1
8.229137E-1,5.800000E+3,5.801600E+0,1.803530E+0,3.216803E+3,3.108626E+3,9.657000E-2,3.002000E-1,9.910000E+37,1.803530E+0,5.494780E+40,1.026199E+42,9.657000E-2,9.910000E+37,1.000000E-1,0.000000E+0,5.000000E+0,1.000000E+1,5.000000E+0,1.000000E+1,1.000000E+0,2.900000E+1
8.443650E-1,5.500000E+3,5.498900E+0,1.720020E+0,3.196998E+3,3.121303E+3,9.637000E-2,3.008000E-1,9.910000E+37,1.720020E+0,5.761561E+40,1.028328E+42,9.637000E-2,9.910000E+37,1.000000E-1,0.000000E+0,5.000000E+0,1.000000E+1,5.000000E+0,1.000000E+1,1.000000E+0,3.000000E+1
8.660162E-1,5.200000E+3,5.199100E+0,1.635690E+0,3.178536E+3,3.113344E+3,9.652000E-2,3.005000E-1,9.910000E+37,1.635690E+0,6.058605E+40,1.026730E+42,9.652000E-2,9.910000E+37,1.000000E-1,0.000000E+0,5.000000E+0,1.000000E+1,5.000000E+0,1.000000E+1,1.000000E+0,3.100000E+1
8.877341E-1,4.900000E+3,4.899800E+0,1.549830E+0,3.161508E+3,3.124480E+3,9.608000E-2,3.002000E-1,9.910000E+37,1.549830E+0,6.394250E+40,1.031432E+42,9.608000E-2,9.910000E+37,1.000000E-1,0.000000E+0,5.000000E+0,1.000000E+1,5.000000E+0,1.000000E+1,1.000000E+0,3.200000E+1
9.093353E-1,4.600000E+3,4.600600E+0,1.462670E+0,3.145344E+3,3.120907E+3,9.619000E-2,3.002000E-1,9.910000E+37,1.462670E+0,6.775281E+40,1.030253E+42,9.619000E-2,9.910000E+37,1.000000E-1,0.000000E+0,5.000000E+0,1.000000E+1,5.000000E+0,1.000000E+1,1.000000E+0,3.300000E+1
9.310533E-1,4.300000E+3,4.299700E+0,1.383020E+0,3.108921E+3,3.119409E+3,9.614000E-2,2.999000E-1,9.910000E+37,1.383020E+0,7.165478E+40,1.030788E+42,9.614000E-2,9.910000E+37,1.000000E-1,0.000000E+0,5.000000E+0,1.000000E+1,5.000000E+0,1.000000E+1,1.000000E+0,3.400000E+1
9.524545E-1,4.000000E+3,4.000500E+0,1.293590E+0,3.092556E+3,3.107128E+3,9.652000E-2,2.999000E-1,9.910000E+37,1.293590E+0,7.660851E+40,1.026730E+42,9.652000E-2,9.910000E+37,1.000000E-1,0.000000E+0,5.000000E+0,1.000000E+1,5.000000E+0,1.000000E+1,1.000000E+0,3.500000E+1
9.739724E-1,3.700000E+3,3.700700E+0,1.202610E+0,3.077224E+3,3.109217E+3,9.623000E-2,2.992000E-1,9.910000E+37,1.202610E+0,8.240410E+40,1.029824E+42,9.623000E-2,9.910000E+37,1.000000E-1,0.000000E+0,5.000000E+0,1.000000E+1,5.000000E+0,1.000000E+1,1.000000E+0,3.600000E+1
9.955736E-1,3.400000E+3,3.399800E+0,1.109690E+0,3.063739E+3,3.112500E+3,9.600000E-2,2.988000E-1,9.910000E+37,1.109690E+0,8.930422E+40,1.032292E+42,9.600000E-2,9.910000E+37,1.000000E-1,0.000000E+0,5.000000E+0,1.000000E+1,5.000000E+0,1.000000E+1,1.000000E+0,3.700000E+1
1.017175E+0,3.100000E+3,3.099300E+0,1.015700E+0,3.051393E+3,3.109130E+3,9.649000E-2,3.000000E-1,9.910000E+37,1.015700E+0,9.756818E+40,1.027049E+42,9.649000E-2,9.910000E+37,1.000000E-1,0.000000E+0,5.000000E+0,1.000000E+1,5.000000E+0,1.000000E+1,1.000000E+0,3.800000E+1
1.038759E+0,2.800000E+3,2.799800E+0,9.207100E-1,3.040914E+3,3.120464E+3,9.646000E-2,3.010000E-1,9.910000E+37,9.207100E-1,1.076343E+41,1.027369E+42,9.646000E-2,9.910000E+37,1.000000E-1,0.000000E+0,5.000000E+0,1.000000E+1,5.000000E+0,1.000000E+1,1.000000E+0,3.900000E+1
1.060344E+0,2.500000E+3,2.500600E+0,8.247200E-1,3.032059E+3,3.121165E+3,9.615000E-2,3.001000E-1,9.910000E+37,8.247200E-1,1.201620E+41,1.030681E+42,9.615000E-2,9.910000E+37,1.000000E-1,0.000000E+0,5.000000E+0,1.000000E+1,5.000000E+0,1.000000E+1,1.000000E+0,4.000000E+1
1.081879E+0,2.200000E+3,2.199100E+0,7.268300E-1,3.025604E+3,3.109959E+3,9.640000E-2,2.998000E-1,9.910000E+37,7.268300E-1,1.363455E+41,1.028008E+42,9.640000E-2,9.910000E+37,1.000000E-1,0.000000E+0,5.000000E+0,1.000000E+1,5.000000E+0,1.000000E+1,1.000000E+0,4.100000E+1
1.103413E+0,1.900000E+3,1.899500E+0,6.290600E-1,3.019585E+3,3.116910E+3,9.580000E-2,2.986000E-1,9.910000E+37,6.290600E-1,1.575366E+41,1.034447E+42,9.580000E-2,9.910000E+37,1.000000E-1,0.000000E+0,5.000000E+0,1.000000E+1,5.000000E+0,1.000000E+1,1.000000E+0,4.200000E+1
1.125081E+0,1.600000E+3,1.600700E+0,5.300700E-1,3.019790E+3,3.113119E+3,9.627000E-2,2.997000E-1,9.910000E+37,5.300700E-1,1.869564E+41,1.029396E+42,9.627000E-2,9.910000E+37,1.000000E-1,0.000000E+0,5.000000E+0,1.000000E+1,5.000000E+0,1.000000E+1,1.000000E+0,4.300000E+1
1.146899E+0,1.300000E+3,1.300500E+0,4.306200E-1,3.020064E+3,3.107982E+3,9.659000E-2,3.002000E-1,9.910000E+37,4.306200E-1,2.301333E+41,1.025986E+42,9.659000E-2,9.910000E+37,1.000000E-1,0.000000E+0,5.000000E+0,1.000000E+1,5.000000E+0,1.000000E+1,1.000000E+0,4.400000E+1
1.168584E+0,1.000000E+3,9.997000E-1,3.305600E-1,3.024262E+3,3.111065E+3,9.643000E-2,3.000000E-1,9.910000E+37,3.305600E-1,2.997943E+41,1.027688E+42,9.643000E-2,9.910000E+37,1.000000E-1,0.000000E+0,5.000000E+0,1.000000E+1,5.000000E+0,1.000000E+1,1.000000E+0,4.500000E+1
1.190301E+0,7.000000E+2,6.988000E-1,2.301000E-1,3.036940E+3,3.111065E+3,9.598000E-2,2.986000E-1,9.910000E+37,2.301000E-1,4.306823E+41,1.032507E+42,9.598000E-2,9.910000E+37,1.000000E-1,0.000000E+0,5.000000E+0,1.000000E+1,5.000000E+0,1.000000E+1,1.000000E+0,4.600000E+1
1.212003E+0,4.000000E+2,3.996000E-1,1.297500E-1,3.079769E+3,3.114873E+3,9.628000E-2,2.999000E-1,9.910000E+37,1.297500E-1,7.637765E+41,1.029290E+42,9.628000E-2,9.910000E+37,5.000000E-1,0.000000E+0,5.000000E+0,1.000000E+1,5.000000E+0,1.000000E+1,1.000000E+0,4.700000E+1
1.260705E+0,1.000000E+2,9.970000E-2,2.930000E-2,3.402730E+3,3.108835E+3,9.666000E-2,3.005000E-1,9.910000E+37,2.930000E-2,3.382253E+42,1.025243E+42,9.666000E-2,9.910000E+37,5.000000E-1,0.000000E+0,5.000000E+0,1.000000E+1,5.000000E+0,1.000000E+1,1.000000E+0,4.800000E+1
1.309125E+0,0.000000E+0,-3.000000E-4,-3.700000E-3,8.108108E+1,3.115265E+3,9.630000E-2,3.000000E-1,9.910000E+37,-3.700000E-3,-2.678378E+43,1.029076E+42,9.630000E-2,9.910000E+37,5.000000E-1,0.000000E+0,5.000000E+0,1.000000E+1,5.000000E+0,1.000000E+1,1.000000E+0,4.900000E+1
1.357294E+0,3.000000E+2,3.004000E-1,9.672000E-2,3.105873E+3,3.108991E+3,9.643000E-2,2.998000E-1,9.910000E+37,9.672000E-2,1.024607E+42,1.027688E+42,9.643000E-2,9.910000E+37,5.000000E-1,0.000000E+0,5.000000E+0,1.000000E+1,5.000000E+0,1.000000E+1,1.000000E+0,5.000000E+1
1.405597E+0,6.000000E+2,5.998000E-1,1.968800E-1,3.046526E+3,3.107842E+3,9.653000E-2,3.000000E-1,9.910000E+37,1.968800E-1,5.033523E+41,1.026624E+42,9.653000E-2,9.910000E+37,5.000000E-1,0.000000E+0,5.000000E+0,1.000000E+1,5.000000E+0,1.000000E+1,1.000000E+0,5.100000E+1
1.453716E+0,9.000000E+2,8.994000E-1,2.974900E-1,3.023295E+3,3.119085E+3,9.615000E-2,2.999000E-1,9.910000E+37,2.974900E-1,3.331204E+41,1.030681E+42,9.615000E-2,9.910000E+37,5.000000E-1,0.000000E+0,5.000000E+0,1.000000E+1,5.000000E+0,1.000000E+1,1.000000E+0,5.200000E+1
1.501986E+0,1.200000E+3,1.200200E+0,3.979500E-1,3.015957E+3,3.112865E+3,9.631000E-2,2.998000E-1,9.910000E+37,3.979500E-1,2.490263E+41,1.028969E+42,9.631000E-2,9.910000E+37,5.000000E-1,0.000000E+0,5.000000E+0,1.000000E+1,5.000000E+0,1.000000E+1,1.000000E+0,5.300000E+1
1.550405E+0,1.500000E+3,1.499400E+0,4.974000E-1,3.014475E+3,3.098140E+3,9.680000E-2,2.999000E-1,9.910000E+37,4.974000E-1,1.992360E+41,1.023760E+42,9.680000E-2,9.910000E+37,5.000000E-1,0.000000E+0,5.000000E+0,1.000000E+1,5.000000E+0,1.000000E+1,1.000000E+0,5.400000E+1
1.598675E+0,1.800000E+3,1.799700E+0,5.971800E-1,3.013664E+3,3.106656E+3,9.676000E-2,3.006000E-1,9.910000E+37,5.971800E-1,1.659466E+41,1.024184E+42,9.676000E-2,9.910000E+37,5.000000E-1,0.000000E+0,5.000000E+0,1.000000E+1,5.000000E+0,1.000000E+1,1.000000E+0,5.500000E+1
1.647011E+0,2.100000E+3,2.100100E+0,6.964300E-1,3.015522E+3,3.099845E+3,9.665000E-2,2.996000E-1,9.910000E+37,6.964300E-1,1.422971E+41,1.025349E+42,9.665000E-2,9.910000E+37,5.000000E-1,0.000000E+0,5.000000E+0,1.000000E+1,5.000000E+0,1.000000E+1,1.000000E+0,5.600000E+1
1.695297E+0,2.400000E+3,2.400600E+0,7.942500E-1,3.022474E+3,3.097820E+3,9.681000E-2,2.999000E-1,9.910000E+37,7.942500E-1,1.247718E+41,1.023655E+42,9.681000E-2,9.910000E+37,5.000000E-1,0.000000E+0,5.000000E+0,1.000000E+1,5.000000E+0,1.000000E+1,1.000000E+0,5.700000E+1
1.743716E+0,2.700000E+3,2.699600E+0,8.910400E-1,3.029718E+3,3.106242E+3,9.629000E-2,2.991000E-1,9.910000E+37,8.910400E-1,1.112184E+41,1.029183E+42,9.629000E-2,9.910000E+37,5.000000E-1,0.000000E+0,5.000000E+0,1.000000E+1,5.000000E+0,1.000000E+1,1.000000E+0,5.800000E+1
1.792136E+0,3.000000E+3,2.998900E+0,9.867700E-1,3.039107E+3,3.120457E+3,9.630000E-2,3.005000E-1,9.910000E+37,9.867700E-1,1.004287E+41,1.029076E+42,9.630000E-2,9.910000E+37,5.000000E-1,0.000000E+0,5.000000E+0,1.000000E+1,5.000000E+0,1.000000E+1,1.000000E+0,5.900000E+1
1.840405E+0,3.300000E+3,3.299900E+0,1.081310E+0,3.051761E+3,3.094449E+3,9.656000E-2,2.988000E-1,9.910000E+37,1.081310E+0,9.164809E+40,1.026305E+42,9.656000E-2,9.910000E+37,5.000000E-1,0.000000E+0,5.000000E+0,1.000000E+1,5.000000E+0,1.000000E+1,1.000000E+0,6.000000E+1
1.888708E+0,3.600000E+3,3.600600E+0,1.174510E+0,3.065619E+3,3.109706E+3,9.644000E-2,2.999000E-1,9.910000E+37,1.174510E+0,8.437561E+40,1.027582E+42,9.644000E-2,9.910000E+37,5.000000E-1,0.000000E+0,5.000000E+0,1.000000E+1,5.000000E+0,1.000000E+1,1.000000E+0,6.100000E+1
1.937277E+0,3.900000E+3,3.900000E+0,1.266100E+0,3.080325E+3,3.113530E+3,9.645000E-2,3.003000E-1,9.910000E+37,1.266100E+0,7.827186E+40,1.027475E+42,9.645000E-2,9.910000E+37,5.000000E-1,0.000000E+0,5.000000E+0,1.000000E+1,5.000000E+0,1.000000E+1,1.000000E+0,6.200000E+1
1.985914E+0,4.200000E+3,4.199600E+0,1.355540E+0,3.098101E+3,3.106806E+3,9.653000E-2,2.999000E-1,9.910000E+37,1.355540E+0,7.310740E+40,1.026624E+42,9.653000E-2,9.910000E+37,5.000000E-1,0.000000E+0,5.000000E+0,1.000000E+1,5.000000E+0,1.000000E+1,1.000000E+0,6.300000E+1
2.034366E+0,4.500000E+3,4.499200E+0,1.443140E+0,3.117646E+3,3.116762E+3,9.635000E-2,3.003000E-1,9.910000E+37,1.443140E+0,6.866971E+40,1.028542E+42,9.635000E-2,9.910000E+37,5.000000E-1,0.000000E+0,5.000000E+0,1.000000E+1,5.000000E+0,1.000000E+1,1.000000E+0,6.400000E+1
2.082852E+0,4.800000E+3,4.798500E+0,1.519300E+0,3.158362E+3,3.109130E+3,9.649000E-2,3.000000E-1,9.910000E+37,1.519300E+0,6.522741E+40,1.027049E+42,9.649000E-2,9.910000E+37,5.000000E-1,0.000000E+0,5.000000E+0,1.000000E+1,5.000000E+0,1.000000E+1,1.000000E+0,6.500000E+1
2.131355E+0,5.100000E+3,5.101000E+0,1.604160E+0,3.179857E+3,3.104197E+3,9.674000E-2,3.003000E-1,9.910000E+37,1.604160E+0,6.177688E+40,1.024395E+42,9.674000E-2,9.910000E+37,5.000000E-1,0.000000E+0,5.000000E+0,1.000000E+1,5.000000E+0,1.000000E+1,1.000000E+0,6.600000E+1
2.179808E+0,5.400000E+3,5.399700E+0,1.686370E+0,3.201966E+3,3.123705E+3,9.652000E-2,3.015000E-1,9.910000E+37,1.686370E+0,5.876528E+40,1.026730E+42,9.652000E-2,9.910000E+37,5.000000E-1,0.000000E+0,5.000000E+0,1.000000E+1,5.000000E+0,1.000000E+1,1.000000E+0,6.700000E+1
2.228327E+0,5.700000E+3,5.699700E+0,1.766810E+0,3.225984E+3,3.097107E+3,9.680000E-2,2.998000E-1,9.910000E+37,1.766810E+0,5.608979E+40,1.023760E+42,9.680000E-2,9.910000E+37,5.000000E-1,0.000000E+0,5.000000E+0,1.000000E+1,5.000000E+0,1.000000E+1,1.000000E+0,6.800000E+1
2.276797E+0,6.000000E+3,6.000300E+0,1.846420E+0,3.249694E+3,3.107350E+3,9.632000E-2,2.993000E-1,9.910000E+37,1.846420E+0,5.367143E+40,1.028862E+42,9.632000E-2,9.910000E+37,5.000000E-1,0.000000E+0,5.000000E+0,1.000000E+1,5.000000E+0,1.000000E+1,1.000000E+0,6.900000E+1
2.325100E+0,6.300000E+3,6.300100E+0,1.924160E+0,3.274208E+3,3.136765E+3,9.615000E-2,3.016000E-1,9.910000E+37,1.924160E+0,5.150299E+40,1.030681E+42,9.615000E-2,9.910000E+37,5.000000E-1,0.000000E+0,5.000000E+0,1.000000E+1,5.000000E+0,1.000000E+1,1.000000E+0,7.000000E+1
2.373336E+0,6.600000E+3,6.600700E+0,2.001590E+0,3.297728E+3,3.119104E+3,9.647000E-2,3.009000E-1,9.910000E+37,2.001590E+0,4.951064E+40,1.027262E+42,9.647000E-2,9.910000E+37,5.000000E-1,0.000000E+0,5.000000E+0,1.000000E+1,5.000000E+0,1.000000E+1,1.000000E+0,7.100000E+1
2.421505E+0,6.900000E+3,6.900600E+0,2.084630E+0,3.310228E+3,3.105236E+3,9.645000E-2,2.995000E-1,9.910000E+37,2.084630E+0,4.753841E+40,1.027475E+42,9.645000E-2,9.910000E+37,5.000000E-1,0.000000E+0,5.000000E+0,1.000000E+1,5.000000E+0,1.000000E+1,1.000000E+0,7.200000E+1
2.469825E+0,7.000000E+3,7.000400E+0,2.113320E+0,3.312513E+3,3.109478E+3,9.664000E-2,3.005000E-1,9.910000E+37,2.113320E+0,4.689304E+40,1.025455E+42,9.664000E-2,9.910000E+37,5.000000E-1,0.000000E+0,5.000000E+0,1.000000E+1,5.000000E+0,1.000000E+1,1.000000E+0,7.300000E+1
2.518277E+0,6.700000E+3,6.699700E+0,2.039790E+0,3.284505E+3,3.089406E+3,9.675000E-2,2.989000E-1,9.910000E+37,2.039790E+0,4.858343E+40,1.024289E+42,9.675000E-2,9.910000E+37,5.000000E-1,0.000000E+0,5.000000E+0,1.000000E+1,5.000000E+0,1.000000E+1,1.000000E+0,7.400000E+1
2.566830E+0,6.400000E+3,6.399700E+0,1.963380E+0,3.259532E+3,3.086344E+3,9.717000E-2,2.999000E-1,9.910000E+37,1.963380E+0,5.047418E+40,1.019862E+42,9.717000E-2,9.910000E+37,5.000000E-1,0.000000E+0,5.000000E+0,1.000000E+1,5.000000E+0,1.000000E+1,1.000000E+0,7.500000E+1
2.615383E+0,6.100000E+3,6.099800E+0,1.884140E+0,3.237445E+3,3.091301E+3,9.737000E-2,3.010000E-1,9.910000E+37,1.884140E+0,5.259694E+40,1.017767E+42,9.737000E-2,9.910000E+37,5.000000E-1,0.000000E+0,5.000000E+0,1.000000E+1,5.000000E+0,1.000000E+1,1.000000E+0,7.600000E+1
2.663819E+0,5.800000E+3,5.800200E+0,1.803350E+0,3.216347E+3,3.095582E+3,9.688000E-2,2.999000E-1,9.910000E+37,1.803350E+0,5.495328E+40,1.022915E+42,9.688000E-2,9.910000E+37,5.000000E-1,0.000000E+0,5.000000E+0,1.000000E+1,5.000000E+0,1.000000E+1,1.000000E+0,7.700000E+1
2.712272E+0,5.500000E+3,5.500900E+0,1.721530E+0,3.195355E+3,3.087932E+3,9.712000E-2,2.999000E-1,9.910000E+37,1.721530E+0,5.756507E+40,1.020387E+42,9.712000E-2,9.910000E+37,5.000000E-1,0.000000E+0,5.000000E+0,1.000000E+1,5.000000E+0,1.000000E+1,1.000000E+0,7.800000E+1
2.760725E+0,5.200000E+3,5.200500E+0,1.638230E+0,3.174463E+3,3.084506E+3,9.739000E-2,3.004000E-1,9.910000E+37,1.638230E+0,6.049212E+40,1.017558E+42,9.739000E-2,9.910000E+37,5.000000E-1,0.000000E+0,5.000000E+0,1.000000E+1,5.000000E+0,1.000000E+1,1.000000E+0,7.900000E+1
2.808977E+0,4.900000E+3,4.900800E+0,1.553250E+0,3.155191E+3,3.088099E+3,9.705000E-2,2.997000E-1,9.910000E+37,1.553250E+0,6.380171E+40,1.021123E+42,9.705000E-2,9.910000E+37,5.000000E-1,0.000000E+0,5.000000E+0,1.000000E+1,5.000000E+0,1.000000E+1,1.000000E+0,8.000000E+1
2.857263E+0,4.600000E+3,4.599900E+0,1.467170E+0,3.135220E+3,3.085809E+3,9.696000E-2,2.992000E-1,9.910000E+37,1.467170E+0,6.754500E+40,1.022071E+42,9.696000E-2,9.910000E+37,5.000000E-1,0.000000E+0,5.000000E+0,1.000000E+1,5.000000E+0,1.000000E+1,1.000000E+0,8.100000E+1
2.905766E+0,4.300000E+3,4.300800E+0,1.379480E+0,3.117697E+3,3.090385E+3,9.714000E-2,3.002000E-1,9.910000E+37,1.379480E+0,7.183866E+40,1.020177E+42,9.714000E-2,9.910000E+37,5.000000E-1,0.000000E+0,5.000000E+0,1.000000E+1,5.000000E+0,1.000000E+1,1.000000E+0,8.200000E+1
2.954536E+0,4.000000E+3,4.000000E+0,1.298140E+0,3.081332E+3,3.089951E+3,9.683000E-2,2.992000E-1,9.910000E+37,1.298140E+0,7.633999E+40,1.023443E+42,9.683000E-2,9.910000E+37,5.000000E-1,0.000000E+0,5.000000E+0,1.000000E+1,5.000000E+0,1.000000E+1,1.000000E+0,8.300000E+1
3.002972E+0,3.700000E+3,3.700400E+0,1.208230E+0,3.062662E+3,3.093814E+3,9.700000E-2,3.001000E-1,9.910000E+37,1.208230E+0,8.202081E+40,1.021649E+42,9.700000E-2,9.910000E+37,5.000000E-1,0.000000E+0,5.000000E+0,1.000000E+1,5.000000E+0,1.000000E+1,1.000000E+0,8.400000E+1
3.051375E+0,3.400000E+3,3.399300E+0,1.116000E+0,3.045968E+3,3.093888E+3,9.703000E-2,3.002000E-1,9.910000E+37,1.116000E+0,8.879928E+40,1.021334E+42,9.703000E-2,9.910000E+37,5.000000E-1,0.000000E+0,5.000000E+0,1.000000E+1,5.000000E+0,1.000000E+1,1.000000E+0,8.500000E+1
3.099794E+0,3.100000E+3,3.100700E+0,1.022850E+0,3.031432E+3,3.095091E+3,9.696000E-2,3.001000E-1,9.910000E+37,1.022850E+0,9.688615E+40,1.022071E+42,9.696000E-2,9.910000E+37,5.000000E-1,0.000000E+0,5.000000E+0,1.000000E+1,5.000000E+0,1.000000E+1,1.000000E+0,8.600000E+1
3.148213E+0,2.800000E+3,2.798800E+0,9.265800E-1,3.020570E+3,3.081593E+3,9.719000E-2,2.995000E-1,9.910000E+37,9.265800E-1,1.069524E+41,1.019652E+42,9.719000E-2,9.910000E+37,5.000000E-1,0.000000E+0,5.000000E+0,1.000000E+1,5.000000E+0,1.000000E+1,1.000000E+0,8.700000E+1
3.196533E+0,2.500000E+3,2.501400E+0,8.306600E-1,3.011340E+3,3.087676E+3,9.729000E-2,3.004000E-1,9.910000E+37,8.306600E-1,1.193027E+41,1.018604E+42,9.729000E-2,9.910000E+37,5.000000E-1,0.000000E+0,5.000000E+0,1.000000E+1,5.000000E+0,1.000000E+1,1.000000E+0,8.800000E+1
3.244936E+0,2.200000E+3,2.199100E+0,7.324000E-1,3.002594E+3,3.080891E+3,9.692000E-2,2.986000E-1,9.910000E+37,7.324000E-1,1.353086E+41,1.022493E+42,9.692000E-2,9.910000E+37,5.000000E-1,0.000000E+0,5.000000E+0,1.000000E+1,5.000000E+0,1.000000E+1,1.000000E+0,8.900000E+1
3.293172E+0,1.900000E+3,1.900400E+0,6.335200E-1,2.999747E+3,3.088175E+3,9.708000E-2,2.998000E-1,9.910000E+37,6.335200E-1,1.564276E+41,1.020808E+42,9.708000E-2,9.910000E+37,5.000000E-1,0.000000E+0,5.000000E+0,1.000000E+1,5.000000E+0,1.000000E+1,1.000000E+0,9.000000E+1
3.341608E+0,1.600000E+3,1.601000E+0,5.342900E-1,2.996500E+3,3.103129E+3,9.716000E-2,3.015000E-1,9.910000E+37,5.342900E-1,1.854798E+41,1.019967E+42,9.716000E-2,9.910000E+37,5.000000E-1,0.000000E+0,5.000000E+0,1.000000E+1,5.000000E+0,1.000000E+1,1.000000E+0,9.100000E+1
3.389844E+0,1.300000E+3,1.300900E+0,4.342100E-1,2.996016E+3,3.076056E+3,9.756000E-2,3.001000E-1,9.910000E+37,4.342100E-1,2.282306E+41,1.015785E+42,9.756000E-2,9.910000E+37,5.000000E-1,0.000000E+0,5.000000E+0,1.000000E+1,5.000000E+0,1.000000E+1,1.000000E+0,9.200000E+1
3.438263E+0,1.000000E+3,9.993000E-1,3.332400E-1,2.998740E+3,3.086420E+3,9.720000E-2,3.000000E-1,9.910000E+37,3.332400E-1,2.973833E+41,1.019547E+42,9.720000E-2,9.910000E+37,5.000000E-1,0.000000E+0,5.000000E+0,1.000000E+1,5.000000E+0,1.000000E+1,1.000000E+0,9.300000E+1
3.486616E+0,7.000000E+2,7.001000E-1,2.322900E-1,3.013905E+3,3.085467E+3,9.723000E-2,3.000000E-1,9.910000E+37,2.322900E-1,4.266219E+41,1.019233E+42,9.723000E-2,9.910000E+37,5.000000E-1,0.000000E+0,5.000000E+0,1.000000E+1,5.000000E+0,1.000000E+1,1.000000E+0,9.400000E+1
3.535052E+0,4.000000E+2,4.005000E-1,1.313300E-1,3.049570E+3,3.082684E+3,9.748000E-2,3.005000E-1,9.910000E+37,1.313300E-1,7.545877E+41,1.016619E+42,9.748000E-2,9.910000E+37,5.000000E-1,0.000000E+0,5.000000E+0,1.000000E+1,5.000000E+0,1.000000E+1,1.000000E+0,9.500000E+1
3.583355E+0,1.000000E+2,1.002000E-1,2.985000E-2,3.356784E+3,3.081587E+3,9.732000E-2,2.999000E-1,9.910000E+37,2.985000E-2,3.319933E+42,1.018290E+42,9.732000E-2,9.910000E+37,5.000000E-1,0.000000E+0,5.000000E+0,1.000000E+1,5.000000E+0,1.000000E+1,1.000000E+0,9.600000E+1
3.631774E+0,-2.000000E+2,-2.000000E-1,-7.170000E-2,2.789400E+3,3.096489E+3,9.711000E-2,3.007000E-1,9.910000E+37,-7.170000E-2,-1.382148E+42,1.020492E+42,9.711000E-2,9.910000E+37,5.000000E-1,0.000000E+0,5.000000E+0,1.000000E+1,5.000000E+0,1.000000E+1,1.000000E+0,9.700000E+1
3.680010E+0,-5.000000E+2,-5.006000E-1,-1.728400E-1,2.896320E+3,3.086090E+3,9.734000E-2,3.004000E-1,9.910000E+37,-1.728400E-1,-5.733626E+41,1.018081E+42,9.734000E-2,9.910000E+37,5.000000E-1,0.000000E+0,5.000000E+0,1.000000E+1,5.000000E+0,1.000000E+1,1.000000E+0,9.800000E+1
3.728397E+0,-8.000000E+2,-8.005000E-1,-2.737000E-1,2.924735E+3,3.086813E+3,9.722000E-2,3.001000E-1,9.910000E+37,-2.737000E-1,-3.620753E+41,1.019338E+42,9.722000E-2,9.910000E+37,5.000000E-1,0.000000E+0,5.000000E+0,1.000000E+1,5.000000E+0,1.000000E+1,1.000000E+0,9.900000E+1
3.776799E+0,-1.100000E+3,-1.100200E+0,-3.738100E-1,2.943206E+3,3.088644E+3,9.713000E-2,3.000000E-1,9.910000E+37,-3.738100E-1,-2.651079E+41,1.020282E+42,9.713000E-2,9.910000E+37,5.000000E-1,0.000000E+0,5.000000E+0,1.000000E+1,5.000000E+0,1.000000E+1,1.000000E+0,1.000000E+2
3.825069E+0,-1.400000E+3,-1.400800E+0,-4.741100E-1,2.954589E+3,3.085579E+3,9.687000E-2,2.989000E-1,9.910000E+37,-4.741100E-1,-2.090232E+41,1.023021E+42,9.687000E-2,9.910000E+37,5.000000E-1,0.000000E+0,5.000000E+0,1.000000E+1,5.000000E+0,1.000000E+1,1.000000E+0,1.010000E+2
3.873372E+0,-1.700000E+3,-1.698800E+0,-5.732200E-1,2.963609E+3,3.080860E+3,9.770000E-2,3.010000E-1,9.910000E+37,-5.732200E-1,-1.728830E+41,1.014330E+42,9.770000E-2,9.910000E+37,5.000000E-1,0.000000E+0,5.000000E+0,1.000000E+1,5.000000E+0,1.000000E+1,1.000000E+0,1.020000E+2
3.921691E+0,-2.000000E+3,-1.999700E+0,-6.722000E-1,2.974859E+3,3.073686E+3,9.744000E-2,2.995000E-1,9.910000E+37,-6.722000E-1,-1.474264E+41,1.017036E+42,9.744000E-2,9.910000E+37,5.000000E-1,0.000000E+0,5.000000E+0,1.000000E+1,5.000000E+0,1.000000E+1,1.000000E+0,1.030000E+2
3.969977E+0,-2.300000E+3,-2.299700E+0,-7.701200E-1,2.986158E+3,3.079613E+3,9.722000E-2,2.994000E-1,9.910000E+37,-7.701200E-1,-1.286812E+41,1.019338E+42,9.722000E-2,9.910000E+37,5.000000E-1,0.000000E+0,5.000000E+0,1.000000E+1,5.000000E+0,1.000000E+1,1.000000E+0,1.040000E+2
4.018363E+0,-2.600000E+3,-2.598800E+0,-8.675200E-1,2.995666E+3,3.075661E+3,9.754000E-2,3.000000E-1,9.910000E+37,-8.675200E-1,-1.142337E+41,1.015993E+42,9.754000E-2,9.910000E+37,5.000000E-1,0.000000E+0,5.000000E+0,1.000000E+1,5.000000E+0,1.000000E+1,1.000000E+0,1.050000E+2
4.066849E+0,-2.900000E+3,-2.899400E+0,-9.637500E-1,3.008457E+3,3.085697E+3,9.732000E-2,3.003000E-1,9.910000E+37,-9.637500E-1,-1.028275E+41,1.018290E+42,9.732000E-2,9.910000E+37,5.000000E-1,0.000000E+0,5.000000E+0,1.000000E+1,5.000000E+0,1.000000E+1,1.000000E+0,1.060000E+2
4.115135E+0,-3.200000E+3,-3.199700E+0,-1.059290E+0,3.020608E+3,3.103448E+3,9.715000E-2,3.015000E-1,9.910000E+37,-1.059290E+0,-9.355323E+40,1.020072E+42,9.715000E-2,9.910000E+37,5.000000E-1,0.000000E+0,5.000000E+0,1.000000E+1,5.000000E+0,1.000000E+1,1.000000E+0,1.070000E+2
4.163471E+0,-3.500000E+3,-3.499400E+0,-1.153820E+0,3.032882E+3,3.079375E+3,9.726000E-2,2.995000E-1,9.910000E+37,-1.153820E+0,-8.588861E+40,1.018918E+42,9.726000E-2,9.910000E+37,5.000000E-1,0.000000E+0,5.000000E+0,1.000000E+1,5.000000E+0,1.000000E+1,1.000000E+0,1.080000E+2
4.211774E+0,-3.800000E+3,-3.800600E+0,-1.247180E+0,3.047355E+3,3.083488E+3,9.726000E-2,2.999000E-1,9.910000E+37,-1.247180E+0,-7.945926E+40,1.018918E+42,9.726000E-2,9.910000E+37,5.000000E-1,0.000000E+0,5.000000E+0,1.000000E+1,5.000000E+0,1.000000E+1,1.000000E+0,1.090000E+2
4.260177E+0,-4.100000E+3,-4.099400E+0,-1.339160E+0,3.061173E+3,3.076608E+3,9.751000E-2,3.000000E-1,9.910000E+37,-1.339160E+0,-7.400161E+40,1.016306E+42,9.751000E-2,9.910000E+37,5.000000E-1,0.000000E+0,5.000000E+0,1.000000E+1,5.000000E+0,1.000000E+1,1.000000E+0,1.100000E+2
4.308530E+0,-4.400000E+3,-4.400100E+0,-1.429290E+0,3.078522E+3,3.074954E+3,9.766000E-2,3.003000E-1,9.910000E+37,-1.429290E+0,-6.933512E+40,1.014745E+42,9.766000E-2,9.910000E+37,5.000000E-1,0.000000E+0,5.000000E+0,1.000000E+1,5.000000E+0,1.000000E+1,1.000000E+0,1.110000E+2
4.356899E+0,-4.700000E+3,-4.699900E+0,-1.509480E+0,3.113589E+3,3.082297E+3,9.733000E-2,3.000000E-1,9.910000E+37,-1.509480E+0,-6.565175E+40,1.018186E+42,9.733000E-2,9.910000E+37,5.000000E-1,0.000000E+0,5.000000E+0,1.000000E+1,5.000000E+0,1.000000E+1,1.000000E+0,1.120000E+2
4.405335E+0,-5.000000E+3,-5.000200E+0,-1.597210E+0,3.130584E+3,3.075264E+3,9.739000E-2,2.995000E-1,9.910000E+37,-1.597210E+0,-6.204569E+40,1.017558E+42,9.739000E-2,9.910000E+37,5.000000E-1,0.000000E+0,5.000000E+0,1.000000E+1,5.000000E+0,1.000000E+1,1.000000E+0,1.130000E+2
4.453655E+0,-5.300000E+3,-5.301000E+0,-1.683850E+0,3.148143E+3,3.045603E+3,9.824000E-2,2.992000E-1,9.910000E+37,-1.683850E+0,-5.885322E+40,1.008754E+42,9.824000E-2,9.910000E+37,5.000000E-1,0.000000E+0,5.000000E+0,1.000000E+1,5.000000E+0,1.000000E+1,1.000000E+0,1.140000E+2
4.501908E+0,-5.600000E+3,-5.599900E+0,-1.786840E+0,3.133968E+3,3.042117E+3,9.901000E-2,3.012000E-1,9.910000E+37,-1.786840E+0,-5.546104E+40,1.000909E+42,9.901000E-2,9.910000E+37,5.000000E-1,0.000000E+0,5.000000E+0,1.000000E+1,5.000000E+0,1.000000E+1,1.000000E+0,1.150000E+2
4.550294E+0,-5.900000E+3,-5.899800E+0,-1.872850E+0,3.150172E+3,3.042643E+3,9.896000E-2,3.011000E-1,9.910000E+37,-1.872850E+0,-5.291401E+40,1.001415E+42,9.896000E-2,9.910000E+37,5.000000E-1,0.000000E+0,5.000000E+0,1.000000E+1,5.000000E+0,1.000000E+1,1.000000E+0,1.160000E+2
4.598796E+0,-6.200000E+3,-6.200900E+0,-1.957750E+0,3.167360E+3,3.029385E+3,9.903000E-2,3.000000E-1,9.910000E+37,-1.957750E+0,-5.061933E+40,1.000707E+42,9.903000E-2,9.910000E+37,5.000000E-1,0.000000E+0,5.000000E+0,1.000000E+1,5.000000E+0,1.000000E+1,1.000000E+0,1.170000E+2
4.647066E+0,-6.500000E+3,-6.500000E+0,-2.041100E+0,3.184557E+3,3.028069E+3,9.904000E-2,2.999000E-1,9.910000E+37,-2.041100E+0,-4.855225E+40,1.000606E+42,9.904000E-2,9.910000E+37,5.000000E-1,0.000000E+0,5.000000E+0,1.000000E+1,5.000000E+0,1.000000E+1,1.000000E+0,1.180000E+2
4.695319E+0,-6.800000E+3,-6.799900E+0,-2.083850E+0,3.263143E+3,3.101207E+3,9.693000E-2,3.006000E-1,9.910000E+37,-2.083850E+0,-4.755621E+40,1.022387E+42,9.693000E-2,9.910000E+37,5.000000E-1,0.000000E+0,5.000000E+0,1.000000E+1,5.000000E+0,1.000000E+1,1.000000E+0,1.190000E+2
4.743805E+0,-7.000000E+3,-7.000300E+0,-2.130460E+0,3.285816E+3,3.108556E+3,9.654000E-2,3.001000E-1,9.910000E+37,-2.130460E+0,-4.651578E+40,1.026518E+42,9.654000E-2,9.910000E+37,5.000000E-1,0.000000E+0,5.000000E+0,1.000000E+1,5.000000E+0,1.000000E+1,1.000000E+0,1.200000E+2
4.792191E+0,-6.700000E+3,-6.700700E+0,-1.660310E+0,4.035813E+3,3.959900E+3,7.581000E-2,3.002000E-1,9.910000E+37,-1.660310E+0,-5.968765E+40,1.307215E+42,7.581000E-2,9.910000E+37,5.000000E-1,0.000000E+0,5.000000E+0,1.000000E+1,5.000000E+0,1.000000E+1,1.000000E+0,1.210000E+2
4.840527E+0,-6.400000E+3,-6.399700E+0,-2.141120E+0,2.988950E+3,2.888889E+3,1.039500E-1,3.003000E-1,9.910000E+37,-2.141120E+0,-4.628419E+40,9.533430E+41,1.039500E-1,9.910000E+37,5.000000E-1,0.000000E+0,5.000000E+0,1.000000E+1,5.000000E+0,1.000000E+1,1.000000E+0,1.220000E+2
4.889146E+0,-6.100000E+3,-6.100600E+0,-2.055390E+0,2.968099E+3,2.892634E+3,1.038500E-1,3.004000E-1,9.910000E+37,-2.055390E+0,-4.821469E+40,9.542610E+41,1.038500E-1,9.910000E+37,5.000000E-1,0.000000E+0,5.000000E+0,1.000000E+1,5.000000E+0,1.000000E+1,1.000000E+0,1.230000E+2
4.937432E+0,-5.800000E+3,-5.800600E+0,-1.946160E+0,2.980536E+3,2.907574E+3,1.031100E-1,2.998000E-1,9.910000E+37,-1.946160E+0,-5.092079E+40,9.611095E+41,1.031100E-1,9.910000E+37,5.000000E-1,0.000000E+0,5.000000E+0,1.000000E+1,5.000000E+0,1.000000E+1,1.000000E+0,1.240000E+2
4.985919E+0,-5.500000E+3,-5.499900E+0,-1.859800E+0,2.957253E+3,2.921622E+3,1.025800E-1,2.997000E-1,9.910000E+37,-1.859800E+0,-5.328530E+40,9.660753E+41,1.025800E-1,9.910000E+37,5.000000E-1,0.000000E+0,5.000000E+0,1.000000E+1,5.000000E+0,1.000000E+1,1.000000E+0,1.250000E+2
5.034371E+0,-5.200000E+3,-5.199700E+0,-1.770650E+0,2.936605E+3,2.924079E+3,1.028700E-1,3.008000E-1,9.910000E+37,-1.770650E+0,-5.596815E+40,9.633518E+41,1.028700E-1,9.910000E+37,5.000000E-1,0.000000E+0,5.000000E+0,1.000000E+1,5.000000E+0,1.000000E+1,1.000000E+0,1.260000E+2
5.082857E+0,-4.900000E+3,-4.898900E+0,-1.679010E+0,2.917731E+3,2.907980E+3,1.031300E-1,2.999000E-1,9.910000E+37,-1.679010E+0,-5.902288E+40,9.609231E+41,1.031300E-1,9.910000E+37,5.000000E-1,0.000000E+0,5.000000E+0,1.000000E+1,5.000000E+0,1.000000E+1,1.000000E+0,1.270000E+2
5.131293E+0,-4.600000E+3,-4.599500E+0,-1.591330E+0,2.890350E+3,2.912762E+3,1.035100E-1,3.015000E-1,9.910000E+37,-1.591330E+0,-6.227495E+40,9.573954E+41,1.035100E-1,9.910000E+37,5.000000E-1,0.000000E+0,5.000000E+0,1.000000E+1,5.000000E+0,1.000000E+1,1.000000E+0,1.280000E+2
5.179813E+0,-4.300000E+3,-4.299700E+0,-1.495860E+0,2.874400E+3,2.919545E+3,1.027900E-1,3.001000E-1,9.910000E+37,-1.495860E+0,-6.624952E+40,9.641016E+41,1.027900E-1,9.910000E+37,5.000000E-1,0.000000E+0,5.000000E+0,1.000000E+1,5.000000E+0,1.000000E+1,1.000000E+0,1.290000E+2
5.228249E+0,-4.000000E+3,-3.999800E+0,-1.399580E+0,2.857857E+3,2.918651E+3,1.028900E-1,3.003000E-1,9.910000E+37,-1.399580E+0,-7.080696E+40,9.631645E+41,1.028900E-1,9.910000E+37,5.000000E-1,0.000000E+0,5.000000E+0,1.000000E+1,5.000000E+0,1.000000E+1,1.000000E+0,1.300000E+2
5.276702E+0,-3.700000E+3,-3.699700E+0,-1.300490E+0,2.844851E+3,2.921875E+3,1.024000E-1,2.992000E-1,9.910000E+37,-1.300490E+0,-7.620205E+40,9.677734E+41,1.024000E-1,9.910000E+37,5.000000E-1,0.000000E+0,5.000000E+0,1.000000E+1,5.000000E+0,1.000000E+1,1.000000E+0,1.310000E+2
5.324971E+0,-3.400000E+3,-3.399500E+0,-1.200590E+0,2.831525E+3,2.912376E+3,1.029400E-1,2.998000E-1,9.910000E+37,-1.200590E+0,-8.254275E+40,9.626967E+41,1.029400E-1,9.910000E+37,5.000000E-1,0.000000E+0,5.000000E+0,1.000000E+1,5.000000E+0,1.000000E+1,1.000000E+0,1.320000E+2
5.373241E+0,-3.100000E+3,-3.098600E+0,-1.098810E+0,2.819960E+3,2.940253E+3,1.019300E-1,2.997000E-1,9.910000E+37,-1.098810E+0,-9.018848E+40,9.722358E+41,1.019300E-1,9.910000E+37,5.000000E-1,0.000000E+0,5.000000E+0,1.000000E+1,5.000000E+0,1.000000E+1,1.000000E+0,1.330000E+2
5.421493E+0,-2.800000E+3,-2.799000E+0,-9.949700E-1,2.813150E+3,2.925402E+3,1.025500E-1,3.000000E-1,9.910000E+37,-9.949700E-1,-9.960099E+40,9.663579E+41,1.025500E-1,9.910000E+37,5.000000E-1,0.000000E+0,5.000000E+0,1.000000E+1,5.000000E+0,1.000000E+1,1.000000E+0,1.340000E+2
5.469680E+0,-2.500000E+3,-2.499300E+0,-8.920400E-1,2.801780E+3,2.926258E+3,1.025200E-1,3.000000E-1,9.910000E+37,-8.920400E-1,-1.110937E+41,9.666407E+41,1.025200E-1,9.910000E+37,5.000000E-1,0.000000E+0,5.000000E+0,1.000000E+1,5.000000E+0,1.000000E+1,1.000000E+0,1.350000E+2
5.517999E+0,-2.200000E+3,-2.200900E+0,-7.869400E-1,2.796782E+3,2.931202E+3,1.026200E-1,3.008000E-1,9.910000E+37,-7.869400E-1,-1.259308E+41,9.656987E+41,1.026200E-1,9.910000E+37,5.000000E-1,0.000000E+0,5.000000E+0,1.000000E+1,5.000000E+0,1.000000E+1,1.000000E+0,1.360000E+2
5.566335E+0,-1.900000E+3,-1.899900E+0,-6.804700E-1,2.792041E+3,2.932419E+3,1.021000E-1,2.994000E-1,9.910000E+37,-6.804700E-1,-1.456346E+41,9.706170E+41,1.021000E-1,9.910000E+37,5.000000E-1,0.000000E+0,5.000000E+0,1.000000E+1,5.000000E+0,1.000000E+1,1.000000E+0,1.370000E+2
5.614721E+0,-1.600000E+3,-1.600700E+0,-5.741300E-1,2.788045E+3,2.942854E+3,1.016700E-1,2.992000E-1,9.910000E+37,-5.741300E-1,-1.726090E+41,9.747221E+41,1.016700E-1,9.910000E+37,5.000000E-1,0.000000E+0,5.000000E+0,1.000000E+1,5.000000E+0,1.000000E+1,1.000000E+0,1.380000E+2
5.663141E+0,-1.300000E+3,-1.300400E+0,-4.679100E-1,2.779167E+3,2.942155E+3,1.021700E-1,3.006000E-1,9.910000E+37,-4.679100E-1,-2.117929E+41,9.699520E+41,1.021700E-1,9.910000E+37,5.000000E-1,0.000000E+0,5.000000E+0,1.000000E+1,5.000000E+0,1.000000E+1,1.000000E+0,1.390000E+2
5.711410E+0,-1.000000E+3,-9.993000E-1,-3.592500E-1,2.781628E+3,2.977327E+3,1.005600E-1,2.994000E-1,9.910000E+37,-3.592500E-1,-2.758525E+41,9.854813E+41,1.005600E-1,9.910000E+37,5.000000E-1,0.000000E+0,5.000000E+0,1.000000E+1,5.000000E+0,1.000000E+1,1.000000E+0,1.400000E+2
5.759679E+0,-7.000000E+2,-7.000000E-1,-2.482900E-1,2.819284E+3,2.991249E+3,1.005600E-1,3.008000E-1,9.910000E+37,-2.482900E-1,-3.991300E+41,9.854813E+41,1.005600E-1,9.910000E+37,5.000000E-1,0.000000E+0,5.000000E+0,1.000000E+1,5.000000E+0,1.000000E+1,1.000000E+0,1.410000E+2
5.808232E+0,-4.000000E+2,-3.998000E-1,-1.431200E-1,2.793460E+3,2.996397E+3,9.992000E-2,2.994000E-1,9.910000E+37,-1.431200E-1,-6.924259E+41,9.917934E+41,9.992000E-2,9.910000E+37,5.000000E-1,0.000000E+0,5.000000E+0,1.000000E+1,5.000000E+0,1.000000E+1,1.000000E+0,1.420000E+2
5.856785E+0,-1.000000E+2,-9.940000E-2,-3.843000E-2,2.586521E+3,2.998704E+3,1.003100E-1,3.008000E-1,9.910000E+37,-3.843000E-2,-2.578715E+42,9.879374E+41,1.003100E-1,9.910000E+37,5.000000E-1,0.000000E+0,5.000000E+0,1.000000E+1,5.000000E+0,1.000000E+1,1.000000E+0,1.430000E+2
5.905321E+0,2.000000E+2,2.004000E-1,6.562000E-2,3.053947E+3,2.985238E+3,1.002600E-1,2.993000E-1,9.910000E+37,6.562000E-2,1.510210E+42,9.884301E+41,1.002600E-1,9.910000E+37,5.000000E-1,0.000000E+0,5.000000E+0,1.000000E+1,5.000000E+0,1.000000E+1,1.000000E+0,1.440000E+2
5.953607E+0,5.000000E+2,4.997000E-1,1.700600E-1,2.938375E+3,2.977795E+3,1.008800E-1,3.004000E-1,9.910000E+37,1.700600E-1,5.827355E+41,9.823553E+41,1.008800E-1,9.910000E+37,5.000000E-1,0.000000E+0,5.000000E+0,1.000000E+1,5.000000E+0,1.000000E+1,1.000000E+0,1.450000E+2
6.002027E+0,8.000000E+2,7.996000E-1,2.783300E-1,2.872849E+3,2.987853E+3,1.004400E-1,3.001000E-1,9.910000E+37,2.783300E-1,3.560522E+41,9.866587E+41,1.004400E-1,9.910000E+37,5.000000E-1,0.000000E+0,5.000000E+0,1.000000E+1,5.000000E+0,1.000000E+1,1.000000E+0,1.460000E+2
6.050329E+0,1.100000E+3,1.100100E+0,3.885200E-1,2.831514E+3,2.988242E+3,1.003600E-1,2.999000E-1,9.910000E+37,3.885200E-1,2.550705E+41,9.874452E+41,1.003600E-1,9.910000E+37,5.000000E-1,0.000000E+0,5.000000E+0,1.000000E+1,5.000000E+0,1.000000E+1,1.000000E+0,1.470000E+2
6.098665E+0,1.400000E+3,1.399400E+0,4.962300E-1,2.820063E+3,2.974928E+3,1.009100E-1,3.002000E-1,9.910000E+37,4.962300E-1,1.997058E+41,9.820632E+41,1.009100E-1,9.910000E+37,5.000000E-1,0.000000E+0,5.000000E+0,1.000000E+1,5.000000E+0,1.000000E+1,1.000000E+0,1.480000E+2
6.146968E+0,1.700000E+3,1.699900E+0,6.049100E-1,2.810170E+3,2.948289E+3,1.017200E-1,2.999000E-1,9.910000E+37,6.049100E-1,1.638260E+41,9.742430E+41,1.017200E-1,9.910000E+37,5.000000E-1,0.000000E+0,5.000000E+0,1.000000E+1,5.000000E+0,1.000000E+1,1.000000E+0,1.490000E+2
6.195271E+0,2.000000E+3,2.000400E+0,7.118300E-1,2.810222E+3,3.071788E+3,9.737000E-2,2.991000E-1,9.910000E+37,7.118300E-1,1.392186E+41,1.017767E+42,9.737000E-2,9.910000E+37,5.000000E-1,0.000000E+0,5.000000E+0,1.000000E+1,5.000000E+0,1.000000E+1,1.000000E+0,1.500000E+2
6.243757E+0,2.300000E+3,2.299400E+0,8.192500E-1,2.806713E+3,2.918333E+3,1.024900E-1,2.991000E-1,9.910000E+37,8.192500E-1,1.209643E+41,9.669236E+41,1.024900E-1,9.910000E+37,5.000000E-1,0.000000E+0,5.000000E+0,1.000000E+1,5.000000E+0,1.000000E+1,1.000000E+0,1.510000E+2
6.292160E+0,2.600000E+3,2.599300E+0,9.252700E-1,2.809234E+3,2.936174E+3,1.023100E-1,3.004000E-1,9.910000E+37,9.252700E-1,1.071039E+41,9.686248E+41,1.023100E-1,9.910000E+37,5.000000E-1,0.000000E+0,5.000000E+0,1.000000E+1,5.000000E+0,1.000000E+1,1.000000E+0,1.520000E+2
6.340446E+0,2.900000E+3,2.900600E+0,1.030660E+0,2.814313E+3,2.971043E+3,1.008400E-1,2.996000E-1,9.910000E+37,1.030660E+0,9.615198E+40,9.827449E+41,1.008400E-1,9.910000E+37,5.000000E-1,0.000000E+0,5.000000E+0,1.000000E+1,5.000000E+0,1.000000E+1,1.000000E+0,1.530000E+2
6.388849E+0,3.200000E+3,3.200100E+0,1.134240E+0,2.821361E+3,2.976403E+3,1.008600E-1,3.002000E-1,9.910000E+37,1.134240E+0,8.737128E+40,9.825501E+41,1.008600E-1,9.910000E+37,5.000000E-1,0.000000E+0,5.000000E+0,1.000000E+1,5.000000E+0,1.000000E+1,1.000000E+0,1.540000E+2
6.437102E+0,3.500000E+3,3.499800E+0,1.145250E+0,3.055927E+3,3.095484E+3,9.698000E-2,3.002000E-1,9.910000E+37,1.145250E+0,8.653133E+40,1.021860E+42,9.698000E-2,9.910000E+37,5.000000E-1,0.000000E+0,5.000000E+0,1.000000E+1,5.000000E+0,1.000000E+1,1.000000E+0,1.550000E+2
6.485654E+0,3.800000E+3,3.800000E+0,1.237920E+0,3.069665E+3,3.103413E+3,9.699000E-2,3.010000E-1,9.910000E+37,1.237920E+0,8.005364E+40,1.021755E+42,9.699000E-2,9.910000E+37,5.000000E-1,0.000000E+0,5.000000E+0,1.000000E+1,5.000000E+0,1.000000E+1,1.000000E+0,1.560000E+2
6.534024E+0,4.100000E+3,4.100400E+0,1.328490E+0,3.086512E+3,3.105841E+3,9.656000E-2,2.999000E-1,9.910000E+37,1.328490E+0,7.459597E+40,1.026305E+42,9.656000E-2,9.910000E+37,5.000000E-1,0.000000E+0,5.000000E+0,1.000000E+1,5.000000E+0,1.000000E+1,1.000000E+0,1.570000E+2
6.582310E+0,4.400000E+3,4.399400E+0,1.416780E+0,3.105210E+3,3.087795E+3,9.693000E-2,2.993000E-1,9.910000E+37,1.416780E+0,6.994735E+40,1.022387E+42,9.693000E-2,9.910000E+37,5.000000E-1,0.000000E+0,5.000000E+0,1.000000E+1,5.000000E+0,1.000000E+1,1.000000E+0,1.580000E+2
6.630479E+0,4.700000E+3,4.701200E+0,1.496050E+0,3.142408E+3,2.892498E+3,1.034400E-1,2.992000E-1,9.910000E+37,1.496050E+0,6.624110E+40,9.580433E+41,1.034400E-1,9.910000E+37,5.000000E-1,0.000000E+0,5.000000E+0,1.000000E+1,5.000000E+0,1.000000E+1,1.000000E+0,1.590000E+2
6.678982E+0,5.000000E+3,4.999800E+0,1.713020E+0,2.918705E+3,2.883082E+3,1.040900E-1,3.001000E-1,9.910000E+37,1.713020E+0,5.785105E+40,9.520607E+41,1.040900E-1,9.910000E+37,5.000000E-1,0.000000E+0,5.000000E+0,1.000000E+1,5.000000E+0,1.000000E+1,1.000000E+0,1.600000E+2
6.727351E+0,5.300000E+3,5.300700E+0,1.297720E+0,4.084625E+3,4.100259E+3,7.341000E-2,3.010000E-1,9.910000E+37,1.297720E+0,7.636470E+40,1.349952E+42,7.341000E-2,9.910000E+37,5.000000E-1,0.000000E+0,5.000000E+0,1.000000E+1,5.000000E+0,1.000000E+1,1.000000E+0,1.610000E+2
6.775538E+0,5.600000E+3,5.599100E+0,1.898250E+0,2.949611E+3,2.885079E+3,1.038100E-1,2.995000E-1,9.910000E+37,1.898250E+0,5.220598E+40,9.546286E+41,1.038100E-1,9.910000E+37,5.000000E-1,0.000000E+0,5.000000E+0,1.000000E+1,5.000000E+0,1.000000E+1,1.000000E+0,1.620000E+2
6.823940E+0,5.900000E+3,5.899400E+0,1.980420E+0,2.978863E+3,2.882336E+3,1.037700E-1,2.991000E-1,9.910000E+37,1.980420E+0,5.003989E+40,9.549966E+41,1.037700E-1,9.910000E+37,5.000000E-1,0.000000E+0,5.000000E+0,1.000000E+1,5.000000E+0,1.000000E+1,1.000000E+0,1.630000E+2
6.872376E+0,6.200000E+3,6.201200E+0,2.119390E+0,2.925936E+3,2.794829E+3,1.075200E-1,3.005000E-1,9.910000E+37,2.119390E+0,4.675874E+40,9.216890E+41,1.075200E-1,9.910000E+37,5.000000E-1,0.000000E+0,5.000000E+0,1.000000E+1,5.000000E+0,1.000000E+1,1.000000E+0,1.640000E+2
6.920579E+0,6.500000E+3,6.500600E+0,1.558430E+0,4.171249E+3,4.045760E+3,7.430000E-2,3.006000E-1,9.910000E+37,1.558430E+0,6.358964E+40,1.333782E+42,7.430000E-2,9.910000E+37,5.000000E-1,0.000000E+0,5.000000E+0,1.000000E+1,5.000000E+0,1.000000E+1,1.000000E+0,1.650000E+2
6.968865E+0,6.800000E+3,6.800000E+0,1.622950E+0,4.189901E+3,4.045020E+3,7.419000E-2,3.001000E-1,9.910000E+37,1.622950E+0,6.106165E+40,1.335760E+42,7.419000E-2,9.910000E+37,5.000000E-1,0.000000E+0,5.000000E+0,1.000000E+1,5.000000E+0,1.000000E+1,1.000000E+0,1.660000E+2
7.017368E+0,7.000000E+3,7.000200E+0,1.666550E+0,4.200414E+3,4.020702E+3,7.439000E-2,2.991000E-1,9.910000E+37,1.666550E+0,5.946416E+40,1.332168E+42,7.439000E-2,9.910000E+37,5.000000E-1,0.000000E+0,5.000000E+0,1.000000E+1,5.000000E+0,1.000000E+1,1.000000E+0,1.670000E+2
7.065721E+0,6.700000E+3,6.700100E+0,1.683320E+0,3.980289E+3,3.841526E+3,7.812000E-2,3.001000E-1,9.910000E+37,1.683320E+0,5.887175E+40,1.268561E+42,7.812000E-2,9.910000E+37,5.000000E-1,0.000000E+0,5.000000E+0,1.000000E+1,5.000000E+0,1.000000E+1,1.000000E+0,1.680000E+2
7.114524E+0,6.400000E+3,6.400400E+0,2.212350E+0,2.893032E+3,2.754288E+3,1.090300E-1,3.003000E-1,9.910000E+37,2.212350E+0,4.479400E+40,9.089241E+41,1.090300E-1,9.910000E+37,5.000000E-1,0.000000E+0,5.000000E+0,1.000000E+1,5.000000E+0,1.000000E+1,1.000000E+0,1.690000E+2
7.162776E+0,6.100000E+3,6.100200E+0,2.122300E+0,2.874334E+3,2.758589E+3,1.085700E-1,2.995000E-1,9.910000E+37,2.122300E+0,4.669462E+40,9.127752E+41,1.085700E-1,9.910000E+37,5.000000E-1,0.000000E+0,5.000000E+0,1.000000E+1,5.000000E+0,1.000000E+1,1.000000E+0,1.700000E+2
7.211079E+0,5.800000E+3,5.799100E+0,2.030560E+0,2.855912E+3,2.757670E+3,1.088600E-1,3.002000E-1,9.910000E+37,2.030560E+0,4.880427E+40,9.103436E+41,1.088600E-1,9.910000E+37,5.000000E-1,0.000000E+0,5.000000E+0,1.000000E+1,5.000000E+0,1.000000E+1,1.000000E+0,1.710000E+2
7.259582E+0,5.500000E+3,5.499000E+0,1.936400E+0,2.839806E+3,2.776754E+3,1.085800E-1,3.015000E-1,9.910000E+37,1.936400E+0,5.117744E+40,9.126911E+41,1.085800E-1,9.910000E+37,5.000000E-1,0.000000E+0,5.000000E+0,1.000000E+1,5.000000E+0,1.000000E+1,1.000000E+0,1.720000E+2
7.308468E+0,5.200000E+3,5.199500E+0,1.840540E+0,2.824986E+3,3.818552E+3,7.859000E-2,3.001000E-1,9.910000E+37,1.840540E+0,5.384289E+40,1.260975E+42,7.859000E-2,9.910000E+37,5.000000E-1,0.000000E+0,5.000000E+0,1.000000E+1,5.000000E+0,1.000000E+1,1.000000E+0,1.730000E+2
7.357087E+0,4.900000E+3,4.900100E+0,1.273380E+0,3.848105E+3,3.829352E+3,7.829000E-2,2.998000E-1,9.910000E+37,1.273380E+0,7.782437E+40,1.265807E+42,7.829000E-2,9.910000E+37,5.000000E-1,0.000000E+0,5.000000E+0,1.000000E+1,5.000000E+0,1.000000E+1,1.000000E+0,1.740000E+2
7.405407E+0,4.600000E+3,4.600500E+0,1.595700E+0,2.883061E+3,2.858095E+3,1.050700E-1,3.003000E-1,9.910000E+37,1.595700E+0,6.210441E+40,9.431807E+41,1.050700E-1,9.910000E+37,5.000000E-1,0.000000E+0,5.000000E+0,1.000000E+1,5.000000E+0,1.000000E+1,1.000000E+0,1.750000E+2
7.453660E+0,4.300000E+3,4.299600E+0,1.507510E+0,2.852120E+3,2.853212E+3,1.053900E-1,3.007000E-1,9.910000E+37,1.507510E+0,6.573754E+40,9.403169E+41,1.053900E-1,9.910000E+37,5.000000E-1,0.000000E+0,5.000000E+0,1.000000E+1,5.000000E+0,1.000000E+1,1.000000E+0,1.760000E+2
7.502079E+0,4.000000E+3,4.000100E+0,1.410650E+0,2.835643E+3,2.843305E+3,1.053000E-1,2.994000E-1,9.910000E+37,1.410650E+0,7.025130E+40,9.411206E+41,1.053000E-1,9.910000E+37,5.000000E-1,0.000000E+0,5.000000E+0,1.000000E+1,5.000000E+0,1.000000E+1,1.000000E+0,1.770000E+2
7.550682E+0,3.700000E+3,3.700100E+0,1.312850E+0,2.818372E+3,2.856464E+3,1.052700E-1,3.007000E-1,9.910000E+37,1.312850E+0,7.548463E+40,9.413888E+41,1.052700E-1,9.910000E+37,5.000000E-1,0.000000E+0,5.000000E+0,1.000000E+1,5.000000E+0,1.000000E+1,1.000000E+0,1.780000E+2
7.598901E+0,3.400000E+3,3.400500E+0,1.212170E+0,2.805300E+3,2.844508E+3,1.051500E-1,2.991000E-1,9.910000E+37,1.212170E+0,8.175421E+40,9.424631E+41,1.051500E-1,9.910000E+37,5.000000E-1,0.000000E+0,5.000000E+0,1.000000E+1,5.000000E+0,1.000000E+1,1.000000E+0,1.790000E+2
7.647387E+0,3.100000E+3,3.099900E+0,1.109570E+0,2.793785E+3,2.857550E+3,1.051600E-1,3.005000E-1,9.910000E+37,1.109570E+0,8.931388E+40,9.423735E+41,1.051600E-1,9.910000E+37,5.000000E-1,0.000000E+0,5.000000E+0,1.000000E+1,5.000000E+0,1.000000E+1,1.000000E+0,1.800000E+2
7.696040E+0,2.800000E+3,2.800500E+0,1.006550E+0,2.782276E+3,2.845498E+3,1.055000E-1,3.002000E-1,9.910000E+37,1.006550E+0,9.845512E+40,9.393365E+41,1.055000E-1,9.910000E+37,5.000000E-1,0.000000E+0,5.000000E+0,1.000000E+1,5.000000E+0,1.000000E+1,1.000000E+0,1.810000E+2
7.744310E+0,2.500000E+3,2.500100E+0,9.010300E-1,2.774713E+3,2.857143E+3,1.052100E-1,3.006000E-1,9.910000E+37,9.010300E-1,1.099852E+41,9.419257E+41,1.052100E-1,9.910000E+37,5.000000E-1,0.000000E+0,5.000000E+0,1.000000E+1,5.000000E+0,1.000000E+1,1.000000E+0,1.820000E+2
7.792729E+0,2.200000E+3,2.200300E+0,7.945500E-1,2.769240E+3,2.841716E+3,1.055700E-1,3.000000E-1,9.910000E+37,7.945500E-1,1.247247E+41,9.387136E+41,1.055700E-1,9.910000E+37,5.000000E-1,0.000000E+0,5.000000E+0,1.000000E+1,5.000000E+0,1.000000E+1,1.000000E+0,1.830000E+2
7.841165E+0,1.900000E+3,1.899300E+0,6.868500E-1,2.765233E+3,2.844132E+3,1.054100E-1,2.998000E-1,9.910000E+37,6.868500E-1,1.442819E+41,9.401385E+41,1.054100E-1,9.910000E+37,5.000000E-1,0.000000E+0,5.000000E+0,1.000000E+1,5.000000E+0,1.000000E+1,1.000000E+0,1.840000E+2
7.889451E+0,1.600000E+3,1.602000E+0,5.793400E-1,2.765216E+3,2.841986E+3,1.055600E-1,3.000000E-1,9.910000E+37,5.793400E-1,1.710567E+41,9.388026E+41,1.055600E-1,9.910000E+37,5.000000E-1,0.000000E+0,5.000000E+0,1.000000E+1,5.000000E+0,1.000000E+1,1.000000E+0,1.850000E+2
7.937837E+0,1.300000E+3,1.298700E+0,4.698400E-1,2.764132E+3,2.851165E+3,1.051500E-1,2.998000E-1,9.910000E+37,4.698400E-1,2.109229E+41,9.424631E+41,1.051500E-1,9.910000E+37,5.000000E-1,0.000000E+0,5.000000E+0,1.000000E+1,5.000000E+0,1.000000E+1,1.000000E+0,1.860000E+2
7.986090E+0,1.000000E+3,9.997000E-1,3.608700E-1,2.770250E+3,2.850081E+3,1.051900E-1,2.998000E-1,9.910000E+37,3.608700E-1,2.746141E+41,9.421048E+41,1.051900E-1,9.910000E+37,5.000000E-1,0.000000E+0,5.000000E+0,1.000000E+1,5.000000E+0,1.000000E+1,1.000000E+0,1.870000E+2
8.034726E+0,7.000000E+2,7.003000E-1,2.513400E-1,2.786266E+3,2.851577E+3,1.052400E-1,3.001000E-1,9.910000E+37,2.513400E-1,3.942866E+41,9.416572E+41,1.052400E-1,9.910000E+37,5.000000E-1,0.000000E+0,5.000000E+0,1.000000E+1,5.000000E+0,1.000000E+1,1.000000E+0,1.880000E+2
8.083362E+0,4.000000E+2,4.002000E-1,1.417600E-1,2.823081E+3,2.857279E+3,1.048900E-1,2.997000E-1,9.910000E+37,1.417600E-1,6.990688E+41,9.447993E+41,1.048900E-1,9.910000E+37,5.000000E-1,0.000000E+0,5.000000E+0,1.000000E+1,5.000000E+0,1.000000E+1,1.000000E+0,1.890000E+2
8.131798E+0,1.000000E+2,1.005000E-1,3.191000E-2,3.149483E+3,2.854566E+3,1.053400E-1,3.007000E-1,9.910000E+37,3.191000E-2,3.105610E+42,9.407632E+41,1.053400E-1,9.910000E+37,5.000000E-1,0.000000E+0,5.000000E+0,1.000000E+1,5.000000E+0,1.000000E+1,1.000000E+0,1.900000E+2
8.180185E+0,-2.000000E+2,-2.008000E-1,-7.739000E-2,2.594650E+3,2.842876E+3,1.051400E-1,2.989000E-1,9.910000E+37,-7.739000E-2,-1.280527E+42,9.425528E+41,1.051400E-1,9.910000E+37,5.000000E-1,0.000000E+0,5.000000E+0,1.000000E+1,5.000000E+0,1.000000E+1,1.000000E+0,1.910000E+2
8.228487E+0,-5.000000E+2,-4.990000E-1,-1.862600E-1,2.679051E+3,2.848330E+3,1.053600E-1,3.001000E-1,9.910000E+37,-1.862600E-1,-5.320520E+41,9.405847E+41,1.053600E-1,9.910000E+37,5.000000E-1,0.000000E+0,5.000000E+0,1.000000E+1,5.000000E+0,1.000000E+1,1.000000E+0,1.920000E+2
8.276740E+0,-8.000000E+2,-8.000000E-1,-2.956900E-1,2.705536E+3,2.834043E+3,1.057500E-1,2.997000E-1,9.910000E+37,-2.956900E-1,-3.351483E+41,9.371158E+41,1.057500E-1,9.910000E+37,5.000000E-1,0.000000E+0,5.000000E+0,1.000000E+1,5.000000E+0,1.000000E+1,1.000000E+0,1.930000E+2
8.324976E+0,-1.100000E+3,-1.099500E+0,-4.044200E-1,2.718708E+3,2.852515E+3,1.049600E-1,2.994000E-1,9.910000E+37,-4.044200E-1,-2.450423E+41,9.441692E+41,1.049600E-1,9.910000E+37,5.000000E-1,0.000000E+0,5.000000E+0,1.000000E+1,5.000000E+0,1.000000E+1,1.000000E+0,1.940000E+2
8.373296E+0,-1.400000E+3,-1.399600E+0,-5.121200E-1,2.732953E+3,2.857551E+3,1.049500E-1,2.999000E-1,9.910000E+37,-5.121200E-1,-1.935093E+41,9.442592E+41,1.049500E-1,9.910000E+37,5.000000E-1,0.000000E+0,5.000000E+0,1.000000E+1,5.000000E+0,1.000000E+1,1.000000E+0,1.950000E+2
8.421715E+0,-1.700000E+3,-1.699800E+0,-6.199200E-1,2.741967E+3,2.854274E+3,1.045800E-1,2.985000E-1,9.910000E+37,-6.199200E-1,-1.598593E+41,9.475999E+41,1.045800E-1,9.910000E+37,5.000000E-1,0.000000E+0,5.000000E+0,1.000000E+1,5.000000E+0,1.000000E+1,1.000000E+0,1.960000E+2
8.470284E+0,-2.000000E+3,-1.999900E+0,-7.260800E-1,2.754380E+3,2.853480E+3,1.053100E-1,3.005000E-1,9.910000E+37,-7.260800E-1,-1.364863E+41,9.410312E+41,1.053100E-1,9.910000E+37,5.000000E-1,0.000000E+0,5.000000E+0,1.000000E+1,5.000000E+0,1.000000E+1,1.000000E+0,1.970000E+2
8.518837E+0,-2.300000E+3,-2.299300E+0,-8.315000E-1,2.765244E+3,2.849130E+3,1.051900E-1,2.997000E-1,9.910000E+37,-8.315000E-1,-1.191822E+41,9.421048E+41,1.051900E-1,9.910000E+37,5.000000E-1,0.000000E+0,5.000000E+0,1.000000E+1,5.000000E+0,1.000000E+1,1.000000E+0,1.980000E+2
8.567340E+0,-2.600000E+3,-2.599600E+0,-9.365800E-1,2.775630E+3,2.854149E+3,1.049700E-1,2.996000E-1,9.910000E+37,-9.365800E-1,-1.058105E+41,9.440793E+41,1.049700E-1,9.910000E+37,5.000000E-1,0.000000E+0,5.000000E+0,1.000000E+1,5.000000E+0,1.000000E+1,1.000000E+0,1.990000E+2
8.615559E+0,-2.900000E+3,-2.899800E+0,-1.040980E+0,2.785644E+3,2.860408E+3,1.050200E-1,3.004000E-1,9.910000E+37,-1.040980E+0,-9.519876E+40,9.436298E+41,1.050200E-1,9.910000E+37,5.000000E-1,0.000000E+0,5.000000E+0,1.000000E+1,5.000000E+0,1.000000E+1,1.000000E+0,2.000000E+2
8.663912E+0,-3.200000E+3,-3.201300E+0,-1.144000E+0,2.798339E+3,2.849529E+3,1.050700E-1,2.994000E-1,9.910000E+37,-1.144000E+0,-8.662587E+40,9.431807E+41,1.050700E-1,9.910000E+37,5.000000E-1,0.000000E+0,5.000000E+0,1.000000E+1,5.000000E+0,1.000000E+1,1.000000E+0,2.010000E+2
8.712215E+0,-3.500000E+3,-3.500800E+0,-1.245760E+0,2.810172E+3,2.855108E+3,1.053200E-1,3.007000E-1,9.910000E+37,-1.245760E+0,-7.954983E+40,9.409419E+41,1.053200E-1,9.910000E+37,5.000000E-1,0.000000E+0,5.000000E+0,1.000000E+1,5.000000E+0,1.000000E+1,1.000000E+0,2.020000E+2
8.760968E+0,-3.800000E+3,-3.800500E+0,-1.346210E+0,2.823111E+3,2.853209E+3,1.053200E-1,3.005000E-1,9.910000E+37,-1.346210E+0,-7.361407E+40,9.409419E+41,1.053200E-1,9.910000E+37,5.000000E-1,0.000000E+0,5.000000E+0,1.000000E+1,5.000000E+0,1.000000E+1,1.000000E+0,2.030000E+2
8.809371E+0,-4.100000E+3,-4.100300E+0,-1.445890E+0,2.835831E+3,2.856327E+3,1.051000E-1,3.002000E-1,9.910000E+37,-1.445890E+0,-6.853910E+40,9.429115E+41,1.051000E-1,9.910000E+37,5.000000E-1,0.000000E+0,5.000000E+0,1.000000E+1,5.000000E+0,1.000000E+1,1.000000E+0,2.040000E+2
8.857740E+0,-4.400000E+3,-4.400800E+0,-1.545050E+0,2.848322E+3,2.845613E+3,1.053200E-1,2.997000E-1,9.910000E+37,-1.545050E+0,-6.414032E+40,9.409419E+41,1.053200E-1,9.910000E+37,5.000000E-1,0.000000E+0,5.000000E+0,1.000000E+1,5.000000E+0,1.000000E+1,1.000000E+0,2.050000E+2
8.905893E+0,-4.700000E+3,-4.700800E+0,-1.641960E+0,2.862920E+3,2.847745E+3,1.048900E-1,2.987000E-1,9.910000E+37,-1.641960E+0,-6.035470E+40,9.447993E+41,1.048900E-1,9.910000E+37,5.000000E-1,0.000000E+0,5.000000E+0,1.000000E+1,5.000000E+0,1.000000E+1,1.000000E+0,2.060000E+2
8.954346E+0,-5.000000E+3,-5.000100E+0,-1.730520E+0,2.889363E+3,2.853617E+3,1.053400E-1,3.006000E-1,9.910000E+37,-1.730520E+0,-5.726602E+40,9.407632E+41,1.053400E-1,9.910000E+37,5.000000E-1,0.000000E+0,5.000000E+0,1.000000E+1,5.000000E+0,1.000000E+1,1.000000E+0,2.070000E+2
9.002765E+0,-5.300000E+3,-5.301500E+0,-1.371760E+0,3.864743E+3,3.808857E+3,7.858000E-2,2.993000E-1,9.910000E+37,-1.371760E+0,-7.224296E+40,1.261135E+42,7.858000E-2,9.910000E+37,5.000000E-1,0.000000E+0,5.000000E+0,1.000000E+1,5.000000E+0,1.000000E+1,1.000000E+0,2.080000E+2
9.051384E+0,-5.600000E+3,-5.600900E+0,-1.947180E+0,2.876416E+3,2.803712E+3,1.066800E-1,2.991000E-1,9.910000E+37,-1.947180E+0,-5.089411E+40,9.289464E+41,1.066800E-1,9.910000E+37,5.000000E-1,0.000000E+0,5.000000E+0,1.000000E+1,5.000000E+0,1.000000E+1,1.000000E+0,2.090000E+2
9.099920E+0,-5.900000E+3,-5.901300E+0,-1.514710E+0,3.895993E+3,3.804872E+3,7.882000E-2,2.999000E-1,9.910000E+37,-1.514710E+0,-6.542506E+40,1.257295E+42,7.882000E-2,9.910000E+37,5.000000E-1,0.000000E+0,5.000000E+0,1.000000E+1,5.000000E+0,1.000000E+1,1.000000E+0,2.100000E+2
9.148190E+0,-6.200000E+3,-6.199700E+0,-1.584170E+0,3.913532E+3,3.793846E+3,7.897000E-2,2.996000E-1,9.910000E+37,-1.584170E+0,-6.255642E+40,1.254907E+42,7.897000E-2,9.910000E+37,5.000000E-1,0.000000E+0,5.000000E+0,1.000000E+1,5.000000E+0,1.000000E+1,1.000000E+0,2.110000E+2
9.196476E+0,-6.500000E+3,-6.500300E+0,-2.229510E+0,2.915573E+3,2.765036E+3,1.085700E-1,3.002000E-1,9.910000E+37,-2.229510E+0,-4.444923E+40,9.127752E+41,1.085700E-1,9.910000E+37,5.000000E-1,0.000000E+0,5.000000E+0,1.000000E+1,5.000000E+0,1.000000E+1,1.000000E+0,2.120000E+2
9.244729E+0,-6.800000E+3,-6.800000E+0,-1.720450E+0,3.952454E+3,3.809948E+3,7.861000E-2,2.995000E-1,9.910000E+37,-1.720450E+0,-5.760121E+40,1.260654E+42,7.861000E-2,9.910000E+37,5.000000E-1,0.000000E+0,5.000000E+0,1.000000E+1,5.000000E+0,1.000000E+1,1.000000E+0,2.130000E+2
9.293332E+0,-7.000000E+3,-6.999900E+0,-2.280560E+0,3.069378E+3,3.793932E+3,7.910000E-2,3.001000E-1,9.910000E+37,-2.280560E+0,-4.345424E+40,1.252845E+42,7.910000E-2,9.910000E+37,5.000000E-1,0.000000E+0,5.000000E+0,1.000000E+1,5.000000E+0,1.000000E+1,1.000000E+0,2.140000E+2
9.341684E+0,-6.700000E+3,-6.699900E+0,-1.699300E+0,3.942741E+3,3.782828E+3,7.920000E-2,2.996000E-1,9.910000E+37,-1.699300E+0,-5.831813E+40,1.251263E+42,7.920000E-2,9.910000E+37,5.000000E-1,0.000000E+0,5.000000E+0,1.000000E+1,5.000000E+0,1.000000E+1,1.000000E+0,2.150000E+2
9.389937E+0,-6.400000E+3,-6.400000E+0,-1.633070E+0,3.918999E+3,3.778283E+3,7.911000E-2,2.989000E-1,9.910000E+37,-1.633070E+0,-6.068325E+40,1.252686E+42,7.911000E-2,9.910000E+37,5.000000E-1,0.000000E+0,5.000000E+0,1.000000E+1,5.000000E+0,1.000000E+1,1.000000E+0,2.160000E+2
9.438407E+0,-6.100000E+3,-6.100500E+0,-1.565870E+0,3.895917E+3,3.796670E+3,7.928000E-2,3.010000E-1,9.910000E+37,-1.565870E+0,-6.328750E+40,1.250000E+42,7.928000E-2,9.910000E+37,5.000000E-1,0.000000E+0,5.000000E+0,1.000000E+1,5.000000E+0,1.000000E+1,1.000000E+0,2.170000E+2
9.486993E+0,-5.800000E+3,-5.800300E+0,-1.498130E+0,3.871693E+3,3.778732E+3,7.918000E-2,2.992000E-1,9.910000E+37,-1.498130E+0,-6.614913E+40,1.251579E+42,7.918000E-2,9.910000E+37,5.000000E-1,0.000000E+0,5.000000E+0,1.000000E+1,5.000000E+0,1.000000E+1,1.000000E+0,2.180000E+2
9.535362E+0,-5.500000E+3,-5.499600E+0,-1.428290E+0,3.850479E+3,2.779737E+3,1.077800E-1,2.996000E-1,9.910000E+37,-1.428290E+0,-6.938367E+40,9.194656E+41,1.077800E-1,9.910000E+37,5.000000E-1,0.000000E+0,5.000000E+0,1.000000E+1,5.000000E+0,1.000000E+1,1.000000E+0,2.190000E+2
9.583631E+0,-5.200000E+3,-5.200500E+0,-1.837730E+0,2.829850E+3,2.756747E+3,1.085700E-1,2.993000E-1,9.910000E+37,-1.837730E+0,-5.392522E+40,9.127752E+41,1.085700E-1,9.910000E+37,5.000000E-1,0.000000E+0,5.000000E+0,1.000000E+1,5.000000E+0,1.000000E+1,1.000000E+0,2.200000E+2
9.632218E+0,-4.900000E+3,-4.899500E+0,-1.746740E+0,2.804939E+3,2.749977E+3,1.089100E-1,2.995000E-1,9.910000E+37,-1.746740E+0,-5.673426E+40,9.099256E+41,1.089100E-1,9.910000E+37,5.000000E-1,0.000000E+0,5.000000E+0,1.000000E+1,5.000000E+0,1.000000E+1,1.000000E+0,2.210000E+2
9.680737E+0,-4.600000E+3,-4.599400E+0,-1.651760E+0,2.784545E+3,2.749358E+3,1.090800E-1,2.999000E-1,9.910000E+37,-1.651760E+0,-5.999661E+40,9.085075E+41,1.090800E-1,9.910000E+37,5.000000E-1,0.000000E+0,5.000000E+0,1.000000E+1,5.000000E+0,1.000000E+1,1.000000E+0,2.220000E+2
9.729106E+0,-4.300000E+3,-4.299700E+0,-1.554960E+0,2.765152E+3,2.746718E+3,1.089300E-1,2.992000E-1,9.910000E+37,-1.554960E+0,-6.373154E+40,9.097586E+41,1.089300E-1,9.910000E+37,5.000000E-1,0.000000E+0,5.000000E+0,1.000000E+1,5.000000E+0,1.000000E+1,1.000000E+0,2.230000E+2
9.777459E+0,-4.000000E+3,-3.999700E+0,-1.462340E+0,2.735137E+3,2.743550E+3,1.089100E-1,2.988000E-1,9.910000E+37,-1.462340E+0,-6.776810E+40,9.099256E+41,1.089100E-1,9.910000E+37,5.000000E-1,0.000000E+0,5.000000E+0,1.000000E+1,5.000000E+0,1.000000E+1,1.000000E+0,2.240000E+2
9.825879E+0,-3.700000E+3,-3.699600E+0,-1.361260E+0,2.717776E+3,2.748099E+3,1.091300E-1,2.999000E-1,9.910000E+37,-1.361260E+0,-7.280020E+40,9.080913E+41,1.091300E-1,9.910000E+37,5.000000E-1,0.000000E+0,5.000000E+0,1.000000E+1,5.000000E+0,1.000000E+1,1.000000E+0,2.250000E+2
9.874315E+0,-3.400000E+3,-3.400900E+0,-1.257930E+0,2.703569E+3,2.741390E+3,1.094700E-1,3.001000E-1,9.910000E+37,-1.257930E+0,-7.878022E+40,9.052709E+41,1.094700E-1,9.910000E+37,5.000000E-1,0.000000E+0,5.000000E+0,1.000000E+1,5.000000E+0,1.000000E+1,1.000000E+0,2.260000E+2
9.922718E+0,-3.100000E+3,-3.100000E+0,-1.152900E+0,2.688872E+3,2.740341E+3,1.092200E-1,2.993000E-1,9.910000E+37,-1.152900E+0,-8.595715E+40,9.073430E+41,1.092200E-1,9.910000E+37,5.000000E-1,0.000000E+0,5.000000E+0,1.000000E+1,5.000000E+0,1.000000E+1,1.000000E+0,2.270000E+2
9.971204E+0,-2.800000E+3,-2.799800E+0,-1.045570E+0,2.677774E+3,2.755588E+3,1.091600E-1,3.008000E-1,9.910000E+37,-1.045570E+0,-9.478084E+40,9.078417E+41,1.091600E-1,9.910000E+37,5.000000E-1,0.000000E+0,5.000000E+0,1.000000E+1,5.000000E+0,1.000000E+1,1.000000E+0,2.280000E+2
1.001964E+1,-2.500000E+3,-2.499800E+0,-9.381700E-1,2.664549E+3,2.749589E+3,1.095800E-1,3.013000E-1,9.910000E+37,-9.381700E-1,-1.056312E+41,9.043621E+41,1.095800E-1,9.910000E+37,5.000000E-1,0.000000E+0,5.000000E+0,1.000000E+1,5.000000E+0,1.000000E+1,1.000000E+0,2.290000E+2
1.006823E+1,-2.200000E+3,-2.200100E+0,-8.285900E-1,2.655234E+3,2.745403E+3,1.093100E-1,3.001000E-1,9.910000E+37,-8.285900E-1,-1.196008E+41,9.065959E+41,1.093100E-1,9.910000E+37,5.000000E-1,0.000000E+0,5.000000E+0,1.000000E+1,5.000000E+0,1.000000E+1,1.000000E+0,2.300000E+2
1.011688E+1,-1.900000E+3,-1.900200E+0,-7.184100E-1,2.645008E+3,2.746730E+3,1.093300E-1,3.003000E-1,9.910000E+37,-7.184100E-1,-1.379435E+41,9.064301E+41,1.093300E-1,9.910000E+37,5.000000E-1,0.000000E+0,5.000000E+0,1.000000E+1,5.000000E+0,1.000000E+1,1.000000E+0,2.310000E+2
1.016528E+1,-1.600000E+3,-1.600800E+0,-6.075300E-1,2.634932E+3,2.737293E+3,1.097800E-1,3.005000E-1,9.910000E+37,-6.075300E-1,-1.631195E+41,9.027145E+41,1.097800E-1,9.910000E+37,5.000000E-1,0.000000E+0,5.000000E+0,1.000000E+1,5.000000E+0,1.000000E+1,1.000000E+0,2.320000E+2
1.021353E+1,-1.300000E+3,-1.299700E+0,-4.955700E-1,2.622637E+3,2.748126E+3,1.094200E-1,3.007000E-1,9.910000E+37,-4.955700E-1,-1.999717E+41,9.056845E+41,1.094200E-1,9.910000E+37,5.000000E-1,0.000000E+0,5.000000E+0,1.000000E+1,5.000000E+0,1.000000E+1,1.000000E+0,2.330000E+2
1.026182E+1,-1.000000E+3,-1.000300E+0,-3.829400E-1,2.612159E+3,2.734240E+3,1.096100E-1,2.997000E-1,9.910000E+37,-3.829400E-1,-2.587873E+41,9.041146E+41,1.096100E-1,9.910000E+37,5.000000E-1,0.000000E+0,5.000000E+0,1.000000E+1,5.000000E+0,1.000000E+1,1.000000E+0,2.340000E+2
1.031007E+1,-7.000000E+2,-7.004000E-1,-2.696300E-1,2.597634E+3,2.741950E+3,1.096300E-1,3.006000E-1,9.910000E+37,-2.696300E-1,-3.675407E+41,9.039496E+41,1.096300E-1,9.910000E+37,5.000000E-1,0.000000E+0,5.000000E+0,1.000000E+1,5.000000E+0,1.000000E+1,1.000000E+0,2.350000E+2
1.035834E+1,-4.000000E+2,-3.995000E-1,-1.558000E-1,2.564185E+3,2.740314E+3,1.094400E-1,2.999000E-1,9.910000E+37,-1.558000E-1,-6.360719E+41,9.055190E+41,1.094400E-1,9.910000E+37,5.000000E-1,0.000000E+0,5.000000E+0,1.000000E+1,5.000000E+0,1.000000E+1,1.000000E+0,2.360000E+2
1.040666E+1,-1.000000E+2,-1.006000E-1,-4.269000E-2,2.356524E+3,2.741112E+3,1.097000E-1,3.007000E-1,9.910000E+37,-4.269000E-2,-2.321387E+42,9.033728E+41,1.097000E-1,9.910000E+37,5.000000E-1,0.000000E+0,5.000000E+0,1.000000E+1,5.000000E+0,1.000000E+1,1.000000E+0,2.370000E+2
1.045498E+1,2.000000E+2,1.998000E-1,7.135000E-2,2.800280E+3,2.746891E+3,1.093600E-1,3.004000E-1,9.910000E+37,7.135000E-2,1.388928E+42,9.061814E+41,1.093600E-1,9.910000E+37,5.000000E-1,0.000000E+0,5.000000E+0,1.000000E+1,5.000000E+0,1.000000E+1,1.000000E+0,2.380000E+2
1.050332E+1,5.000000E+2,5.005000E-1,1.854100E-1,2.699423E+3,2.740727E+3,1.094600E-1,3.000000E-1,9.910000E+37,1.854100E-1,5.344911E+41,9.053536E+41,1.094600E-1,9.910000E+37,5.000000E-1,0.000000E+0,5.000000E+0,1.000000E+1,5.000000E+0,1.000000E+1,1.000000E+0,2.390000E+2
1.055175E+1,8.000000E+2,8.006000E-1,2.997900E-1,2.670536E+3,2.744595E+3,1.091600E-1,2.996000E-1,9.910000E+37,2.997900E-1,3.305647E+41,9.078417E+41,1.091600E-1,9.910000E+37,5.000000E-1,0.000000E+0,5.000000E+0,1.000000E+1,5.000000E+0,1.000000E+1,1.000000E+0,2.400000E+2
1.060006E+1,1.100000E+3,1.101800E+0,4.130500E-1,2.667474E+3,2.734418E+3,1.094200E-1,2.992000E-1,9.910000E+37,4.130500E-1,2.399225E+41,9.056845E+41,1.094200E-1,9.910000E+37,5.000000E-1,0.000000E+0,5.000000E+0,1.000000E+1,5.000000E+0,1.000000E+1,1.000000E+0,2.410000E+2
1.064831E+1,1.400000E+3,1.400000E+0,5.261100E-1,2.661040E+3,2.744722E+3,1.094100E-1,3.003000E-1,9.910000E+37,5.261100E-1,1.883637E+41,9.057673E+41,1.094100E-1,9.910000E+37,5.000000E-1,0.000000E+0,5.000000E+0,1.000000E+1,5.000000E+0,1.000000E+1,1.000000E+0,2.420000E+2
1.069661E+1,1.700000E+3,1.699500E+0,6.392200E-1,2.658709E+3,2.732664E+3,1.096000E-1,2.995000E-1,9.910000E+37,6.392200E-1,1.550327E+41,9.041971E+41,1.096000E-1,9.910000E+37,5.000000E-1,0.000000E+0,5.000000E+0,1.000000E+1,5.000000E+0,1.000000E+1,1.000000E+0,2.430000E+2
1.074488E+1,2.000000E+3,2.000900E+0,7.520900E-1,2.660453E+3,2.743541E+3,1.095300E-1,3.005000E-1,9.910000E+37,7.520900E-1,1.317661E+41,9.047749E+41,1.095300E-1,9.910000E+37,5.000000E-1,0.000000E+0,5.000000E+0,1.000000E+1,5.000000E+0,1.000000E+1,1.000000E+0,2.440000E+2
1.079328E+1,2.300000E+3,2.300000E+0,8.631000E-1,2.664813E+3,2.729347E+3,1.095500E-1,2.990000E-1,9.910000E+37,8.631000E-1,1.148187E+41,9.046098E+41,1.095500E-1,9.910000E+37,5.000000E-1,0.000000E+0,5.000000E+0,1.000000E+1,5.000000E+0,1.000000E+1,1.000000E+0,2.450000E+2
1.084160E+1,2.600000E+3,2.600600E+0,9.747100E-1,2.668076E+3,2.735463E+3,1.098900E-1,3.006000E-1,9.910000E+37,9.747100E-1,1.016713E+41,9.018109E+41,1.098900E-1,9.910000E+37,5.000000E-1,0.000000E+0,5.000000E+0,1.000000E+1,5.000000E+0,1.000000E+1,1.000000E+0,2.460000E+2
1.088991E+1,2.900000E+3,2.900700E+0,1.084300E+0,2.675182E+3,2.734311E+3,1.097900E-1,3.002000E-1,9.910000E+37,1.084300E+0,9.139537E+40,9.026323E+41,1.097900E-1,9.910000E+37,5.000000E-1,0.000000E+0,5.000000E+0,1.000000E+1,5.000000E+0,1.000000E+1,1.000000E+0,2.470000E+2
1.093809E+1,3.200000E+3,3.200200E+0,1.192010E+0,2.684709E+3,2.730008E+3,1.096700E-1,2.994000E-1,9.910000E+37,1.192010E+0,8.313689E+40,9.036200E+41,1.096700E-1,9.910000E+37,5.000000E-1,0.000000E+0,5.000000E+0,1.000000E+1,5.000000E+0,1.000000E+1,1.000000E+0,2.480000E+2
1.098636E+1,3.500000E+3,3.500200E+0,1.298110E+0,2.696382E+3,2.733382E+3,1.101200E-1,3.010000E-1,9.910000E+37,1.298110E+0,7.634176E+40,8.999274E+41,1.101200E-1,9.910000E+37,5.000000E-1,0.000000E+0,5.000000E+0,1.000000E+1,5.000000E+0,1.000000E+1,1.000000E+0,2.490000E+2
1.103485E+1,3.800000E+3,3.799700E+0,1.402720E+0,2.708809E+3,2.729830E+3,1.101900E-1,3.008000E-1,9.910000E+37,1.402720E+0,7.064845E+40,8.993557E+41,1.101900E-1,9.910000E+37,5.000000E-1,0.000000E+0,5.000000E+0,1.000000E+1,5.000000E+0,1.000000E+1,1.000000E+0,2.500000E+2
1.108343E+1,4.100000E+3,4.099100E+0,1.504890E+0,2.723854E+3,2.730245E+3,1.101000E-1,3.006000E-1,9.910000E+37,1.504890E+0,6.585199E+40,9.000908E+41,1.101000E-1,9.910000E+37,5.000000E-1,0.000000E+0,5.000000E+0,1.000000E+1,5.000000E+0,1.000000E+1,1.000000E+0,2.510000E+2
1.113192E+1,4.400000E+3,4.400400E+0,1.599650E+0,2.750852E+3,2.718121E+3,1.102600E-1,2.997000E-1,9.910000E+37,1.599650E+0,6.195105E+40,8.987847E+41,1.102600E-1,9.910000E+37,5.000000E-1,0.000000E+0,5.000000E+0,1.000000E+1,5.000000E+0,1.000000E+1,1.000000E+0,2.520000E+2
1.118042E+1,4.700000E+3,4.700300E+0,1.699640E+0,2.765468E+3,2.717786E+3,1.102000E-1,2.995000E-1,9.910000E+37,1.699640E+0,5.830646E+40,8.992740E+41,1.102000E-1,9.910000E+37,5.000000E-1,0.000000E+0,5.000000E+0,1.000000E+1,5.000000E+0,1.000000E+1,1.000000E+0,2.530000E+2
1.122871E+1,5.000000E+3,4.999700E+0,1.799130E+0,2.778954E+3,2.709145E+3,1.103300E-1,2.989000E-1,9.910000E+37,1.799130E+0,5.508218E+40,8.982144E+41,1.103300E-1,9.910000E+37,5.000000E-1,0.000000E+0,5.000000E+0,1.000000E+1,5.000000E+0,1.000000E+1,1.000000E+0,2.540000E+2
1.127725E+1,5.300000E+3,5.300000E+0,1.899000E+0,2.790943E+3,2.715692E+3,1.106900E-1,3.006000E-1,9.910000E+37,1.899000E+0,5.218536E+40,8.952932E+41,1.106900E-1,9.910000E+37,5.000000E-1,0.000000E+0,5.000000E+0,1.000000E+1,5.000000E+0,1.000000E+1,1.000000E+0,2.550000E+2
1.132568E+1,5.600000E+3,5.600400E+0,1.458570E+0,3.839651E+3,3.763819E+3,7.960000E-2,2.996000E-1,9.910000E+37,1.458570E+0,6.794326E+40,1.244975E+42,7.960000E-2,9.910000E+37,5.000000E-1,0.000000E+0,5.000000E+0,1.000000E+1,5.000000E+0,1.000000E+1,1.000000E+0,2.560000E+2
1.137402E+1,5.900000E+3,5.901200E+0,1.527810E+0,3.862522E+3,3.774105E+3,7.986000E-2,3.014000E-1,9.910000E+37,1.527810E+0,6.486409E+40,1.240922E+42,7.986000E-2,9.910000E+37,5.000000E-1,0.000000E+0,5.000000E+0,1.000000E+1,5.000000E+0,1.000000E+1,1.000000E+0,2.570000E+2
1.142239E+1,6.200000E+3,6.199400E+0,1.595000E+0,3.886771E+3,3.785489E+3,7.925000E-2,3.000000E-1,9.910000E+37,1.595000E+0,6.213166E+40,1.250473E+42,7.925000E-2,9.910000E+37,5.000000E-1,0.000000E+0,5.000000E+0,1.000000E+1,5.000000E+0,1.000000E+1,1.000000E+0,2.580000E+2
1.147082E+1,6.500000E+3,6.499200E+0,1.661300E+0,3.912117E+3,3.776488E+3,7.928000E-2,2.994000E-1,9.910000E+37,1.661300E+0,5.965208E+40,1.250000E+42,7.928000E-2,9.910000E+37,5.000000E-1,0.000000E+0,5.000000E+0,1.000000E+1,5.000000E+0,1.000000E+1,1.000000E+0,2.590000E+2
1.151928E+1,6.800000E+3,6.799700E+0,2.394800E+0,2.839360E+3,2.692446E+3,1.112000E-1,2.994000E-1,9.910000E+37,2.394800E+0,4.138133E+40,8.911871E+41,1.112000E-1,9.910000E+37,5.000000E-1,0.000000E+0,5.000000E+0,1.000000E+1,5.000000E+0,1.000000E+1,1.000000E+0,2.600000E+2
1.156778E+1,7.000000E+3,6.999300E+0,1.777180E+0,3.938431E+3,3.776496E+3,7.973000E-2,3.011000E-1,9.910000E+37,1.777180E+0,5.576250E+40,1.242945E+42,7.973000E-2,9.910000E+37,5.000000E-1,0.000000E+0,5.000000E+0,1.000000E+1,5.000000E+0,1.000000E+1,1.000000E+0,2.610000E+2
1.161603E+1,6.700000E+3,6.699000E+0,1.712640E+0,3.911505E+3,3.756733E+3,7.983000E-2,2.999000E-1,9.910000E+37,1.712640E+0,5.786388E+40,1.241388E+42,7.983000E-2,9.910000E+37,5.000000E-1,0.000000E+0,5.000000E+0,1.000000E+1,5.000000E+0,1.000000E+1,1.000000E+0,2.620000E+2
1.166433E+1,6.400000E+3,6.400700E+0,2.258070E+0,2.834589E+3,2.685913E+3,1.118800E-1,3.005000E-1,9.910000E+37,2.258070E+0,4.388704E+40,8.857705E+41,1.118800E-1,9.910000E+37,5.000000E-1,0.000000E+0,5.000000E+0,1.000000E+1,5.000000E+0,1.000000E+1,1.000000E+0,2.630000E+2
1.171267E+1,6.100000E+3,6.100700E+0,2.172190E+0,2.808548E+3,2.668859E+3,1.125200E-1,3.003000E-1,9.910000E+37,2.172190E+0,4.562216E+40,8.807323E+41,1.125200E-1,9.910000E+37,5.000000E-1,0.000000E+0,5.000000E+0,1.000000E+1,5.000000E+0,1.000000E+1,1.000000E+0,2.640000E+2
1.176106E+1,5.800000E+3,5.800700E+0,2.080920E+0,2.787565E+3,2.682184E+3,1.117000E-1,2.996000E-1,9.910000E+37,2.080920E+0,4.762317E+40,8.871979E+41,1.117000E-1,9.910000E+37,5.000000E-1,0.000000E+0,5.000000E+0,1.000000E+1,5.000000E+0,1.000000E+1,1.000000E+0,2.650000E+2
1.180941E+1,5.500000E+3,5.499500E+0,1.986820E+0,2.767991E+3,2.673020E+3,1.122700E-1,3.001000E-1,9.910000E+37,1.986820E+0,4.987870E+40,8.826935E+41,1.122700E-1,9.910000E+37,5.000000E-1,0.000000E+0,5.000000E+0,1.000000E+1,5.000000E+0,1.000000E+1,1.000000E+0,2.660000E+2
1.185783E+1,5.200000E+3,5.200300E+0,1.890890E+0,2.750186E+3,2.676898E+3,1.120700E-1,3.000000E-1,9.910000E+37,1.890890E+0,5.240918E+40,8.842688E+41,1.120700E-1,9.910000E+37,5.000000E-1,0.000000E+0,5.000000E+0,1.000000E+1,5.000000E+0,1.000000E+1,1.000000E+0,2.670000E+2
1.190630E+1,4.900000E+3,4.898500E+0,1.792920E+0,2.732135E+3,2.671355E+3,1.123400E-1,3.001000E-1,9.910000E+37,1.792920E+0,5.527296E+40,8.821435E+41,1.123400E-1,9.910000E+37,5.000000E-1,0.000000E+0,5.000000E+0,1.000000E+1,5.000000E+0,1.000000E+1,1.000000E+0,2.680000E+2
1.195473E+1,4.600000E+3,4.601100E+0,1.693830E+0,2.716388E+3,2.680329E+3,1.117400E-1,2.995000E-1,9.910000E+37,1.693830E+0,5.850646E+40,8.868803E+41,1.117400E-1,9.910000E+37,5.000000E-1,0.000000E+0,5.000000E+0,1.000000E+1,5.000000E+0,1.000000E+1,1.000000E+0,2.690000E+2
1.200319E+1,4.300000E+3,4.300400E+0,1.593410E+0,2.698866E+3,2.673725E+3,1.123900E-1,3.005000E-1,9.910000E+37,1.593410E+0,6.219366E+40,8.817510E+41,1.123900E-1,9.910000E+37,5.000000E-1,0.000000E+0,5.000000E+0,1.000000E+1,5.000000E+0,1.000000E+1,1.000000E+0,2.700000E+2
1.205169E+1,4.000000E+3,3.999700E+0,1.491070E+0,2.682436E+3,2.674677E+3,1.123500E-1,3.005000E-1,9.910000E+37,1.491070E+0,6.646234E+40,8.820650E+41,1.123500E-1,9.910000E+37,5.000000E-1,0.000000E+0,5.000000E+0,1.000000E+1,5.000000E+0,1.000000E+1,1.000000E+0,2.710000E+2
1.210033E+1,3.700000E+3,3.700100E+0,1.392580E+0,2.657011E+3,2.691549E+3,1.114600E-1,3.000000E-1,9.910000E+37,1.392580E+0,7.116288E+40,8.891082E+41,1.114600E-1,9.910000E+37,5.000000E-1,0.000000E+0,5.000000E+0,1.000000E+1,5.000000E+0,1.000000E+1,1.000000E+0,2.720000E+2
1.214866E+1,3.400000E+3,3.398500E+0,1.286830E+0,2.640986E+3,2.676822E+3,1.122600E-1,3.005000E-1,9.910000E+37,1.286830E+0,7.701095E+40,8.827721E+41,1.122600E-1,9.910000E+37,5.000000E-1,0.000000E+0,5.000000E+0,1.000000E+1,5.000000E+0,1.000000E+1,1.000000E+0,2.730000E+2
1.219708E+1,3.100000E+3,3.100700E+0,1.179170E+0,2.629561E+3,2.666310E+3,1.122900E-1,2.994000E-1,9.910000E+37,1.179170E+0,8.404217E+40,8.825363E+41,1.122900E-1,9.910000E+37,5.000000E-1,0.000000E+0,5.000000E+0,1.000000E+1,5.000000E+0,1.000000E+1,1.000000E+0,2.740000E+2
1.224557E+1,2.800000E+3,2.800800E+0,1.069440E+0,2.618941E+3,2.666131E+3,1.121100E-1,2.989000E-1,9.910000E+37,1.069440E+0,9.266532E+40,8.839533E+41,1.121100E-1,9.910000E+37,5.000000E-1,0.000000E+0,5.000000E+0,1.000000E+1,5.000000E+0,1.000000E+1,1.000000E+0,2.750000E+2
1.229392E+1,2.500000E+3,2.498700E+0,9.580800E-1,2.608029E+3,2.673911E+3,1.122700E-1,3.002000E-1,9.910000E+37,9.580800E-1,1.034360E+41,8.826935E+41,1.122700E-1,9.910000E+37,5.000000E-1,0.000000E+0,5.000000E+0,1.000000E+1,5.000000E+0,1.000000E+1,1.000000E+0,2.760000E+2
1.234231E+1,2.200000E+3,2.200400E+0,8.458300E-1,2.601468E+3,2.673787E+3,1.123500E-1,3.004000E-1,9.910000E+37,8.458300E-1,1.171630E+41,8.820650E+41,1.123500E-1,9.910000E+37,5.000000E-1,0.000000E+0,5.000000E+0,1.000000E+1,5.000000E+0,1.000000E+1,1.000000E+0,2.770000E+2
1.239051E+1,1.900000E+3,1.899300E+0,7.315100E-1,2.596410E+3,2.680054E+3,1.120500E-1,3.003000E-1,9.910000E+37,7.315100E-1,1.354732E+41,8.844266E+41,1.120500E-1,9.910000E+37,5.000000E-1,0.000000E+0,5.000000E+0,1.000000E+1,5.000000E+0,1.000000E+1,1.000000E+0,2.780000E+2
1.243884E+1,1.600000E+3,1.599400E+0,6.166100E-1,2.593860E+3,2.670642E+3,1.123700E-1,3.001000E-1,9.910000E+37,6.166100E-1,1.607175E+41,8.819080E+41,1.123700E-1,9.910000E+37,5.000000E-1,0.000000E+0,5.000000E+0,1.000000E+1,5.000000E+0,1.000000E+1,1.000000E+0,2.790000E+2
1.248713E+1,1.300000E+3,1.301300E+0,5.012400E-1,2.596162E+3,2.660762E+3,1.129000E-1,3.004000E-1,9.910000E+37,5.012400E-1,1.977097E+41,8.777679E+41,1.129000E-1,9.910000E+37,5.000000E-1,0.000000E+0,5.000000E+0,1.000000E+1,5.000000E+0,1.000000E+1,1.000000E+0,2.800000E+2
1.253553E+1,1.000000E+3,1.000600E+0,3.848900E-1,2.599704E+3,2.665479E+3,1.122500E-1,2.992000E-1,9.910000E+37,3.848900E-1,2.574762E+41,8.828508E+41,1.122500E-1,9.910000E+37,5.000000E-1,0.000000E+0,5.000000E+0,1.000000E+1,5.000000E+0,1.000000E+1,1.000000E+0,2.810000E+2
1.258384E+1,7.000000E+2,7.000000E-1,2.678900E-1,2.613013E+3,2.666667E+3,1.128000E-1,3.008000E-1,9.910000E+37,2.678900E-1,3.699280E+41,8.785461E+41,1.128000E-1,9.910000E+37,5.000000E-1,0.000000E+0,5.000000E+0,1.000000E+1,5.000000E+0,1.000000E+1,1.000000E+0,2.820000E+2
1.263224E+1,4.000000E+2,3.992000E-1,1.512400E-1,2.639513E+3,2.677137E+3,1.120600E-1,3.000000E-1,9.910000E+37,1.512400E-1,6.552499E+41,8.843477E+41,1.120600E-1,9.910000E+37,5.000000E-1,0.000000E+0,5.000000E+0,1.000000E+1,5.000000E+0,1.000000E+1,1.000000E+0,2.830000E+2
1.268081E+1,1.000000E+2,1.003000E-1,3.466000E-2,2.893826E+3,2.673056E+3,1.126800E-1,3.012000E-1,9.910000E+37,3.466000E-2,2.859204E+42,8.794817E+41,1.126800E-1,9.910000E+37,5.000000E-1,0.000000E+0,5.000000E+0,1.000000E+1,5.000000E+0,1.000000E+1,1.000000E+0,2.840000E+2
1.272909E+1,-2.000000E+2,-1.993000E-1,-8.228000E-2,2.422217E+3,2.674853E+3,1.123800E-1,3.006000E-1,9.910000E+37,-8.228000E-2,-1.204424E+42,8.818295E+41,1.123800E-1,9.910000E+37,5.000000E-1,0.000000E+0,5.000000E+0,1.000000E+1,5.000000E+0,1.000000E+1,1.000000E+0,2.850000E+2
1.277770E+1,-5.000000E+2,-4.988000E-1,-1.984000E-1,2.514113E+3,2.678508E+3,1.120400E-1,3.001000E-1,9.910000E+37,-1.984000E-1,-4.994960E+41,8.845055E+41,1.120400E-1,9.910000E+37,5.000000E-1,0.000000E+0,5.000000E+0,1.000000E+1,5.000000E+0,1.000000E+1,1.000000E+0,2.860000E+2
1.282672E+1,-8.000000E+2,-8.003000E-1,-3.149900E-1,2.540716E+3,2.681230E+3,1.121500E-1,3.007000E-1,9.910000E+37,-3.149900E-1,-3.146132E+41,8.836380E+41,1.121500E-1,9.910000E+37,5.000000E-1,0.000000E+0,5.000000E+0,1.000000E+1,5.000000E+0,1.000000E+1,1.000000E+0,2.870000E+2
1.287515E+1,-1.100000E+3,-1.099500E+0,-4.298900E-1,2.557631E+3,2.665837E+3,1.124600E-1,2.998000E-1,9.910000E+37,-4.298900E-1,-2.305241E+41,8.812022E+41,1.124600E-1,9.910000E+37,5.000000E-1,0.000000E+0,5.000000E+0,1.000000E+1,5.000000E+0,1.000000E+1,1.000000E+0,2.880000E+2
1.292357E+1,-1.400000E+3,-1.401600E+0,-5.454100E-1,2.569810E+3,2.673816E+3,1.119000E-1,2.992000E-1,9.910000E+37,-5.454100E-1,-1.816982E+41,8.856122E+41,1.119000E-1,9.910000E+37,5.000000E-1,0.000000E+0,5.000000E+0,1.000000E+1,5.000000E+0,1.000000E+1,1.000000E+0,2.890000E+2
1.297208E+1,-1.700000E+3,-1.700500E+0,-6.581900E-1,2.583600E+3,2.661928E+3,1.125500E-1,2.996000E-1,9.910000E+37,-6.581900E-1,-1.505644E+41,8.804976E+41,1.125500E-1,9.910000E+37,5.000000E-1,0.000000E+0,5.000000E+0,1.000000E+1,5.000000E+0,1.000000E+1,1.000000E+0,2.900000E+2
1.302031E+1,-2.000000E+3,-2.000700E+0,-7.709300E-1,2.595177E+3,2.678874E+3,1.119500E-1,2.999000E-1,9.910000E+37,-7.709300E-1,-1.285460E+41,8.852166E+41,1.119500E-1,9.910000E+37,5.000000E-1,0.000000E+0,5.000000E+0,1.000000E+1,5.000000E+0,1.000000E+1,1.000000E+0,2.910000E+2
1.306870E+1,-2.300000E+3,-2.299800E+0,-8.828400E-1,2.605002E+3,2.683797E+3,1.120800E-1,3.008000E-1,9.910000E+37,-8.828400E-1,-1.122514E+41,8.841899E+41,1.120800E-1,9.910000E+37,5.000000E-1,0.000000E+0,5.000000E+0,1.000000E+1,5.000000E+0,1.000000E+1,1.000000E+0,2.920000E+2
1.311713E+1,-2.600000E+3,-2.600300E+0,-9.936200E-1,2.616996E+3,2.679452E+3,1.115900E-1,2.990000E-1,9.910000E+37,-9.936200E-1,-9.973632E+40,8.880724E+41,1.115900E-1,9.910000E+37,5.000000E-1,0.000000E+0,5.000000E+0,1.000000E+1,5.000000E+0,1.000000E+1,1.000000E+0,2.930000E+2
1.316575E+1,-2.900000E+3,-2.899900E+0,-1.103300E+0,2.628388E+3,2.676723E+3,1.120400E-1,2.999000E-1,9.910000E+37,-1.103300E+0,-8.982144E+40,8.845055E+41,1.120400E-1,9.910000E+37,5.000000E-1,0.000000E+0,5.000000E+0,1.000000E+1,5.000000E+0,1.000000E+1,1.000000E+0,2.940000E+2
1.321421E+1,-3.200000E+3,-3.201000E+0,-1.211860E+0,2.641394E+3,2.676182E+3,1.121000E-1,3.000000E-1,9.910000E+37,-1.211860E+0,-8.177512E+40,8.840321E+41,1.121000E-1,9.910000E+37,5.000000E-1,0.000000E+0,5.000000E+0,1.000000E+1,5.000000E+0,1.000000E+1,1.000000E+0,2.950000E+2
1.326264E+1,-3.500000E+3,-3.500300E+0,-1.318650E+0,2.654457E+3,2.674585E+3,1.119800E-1,2.995000E-1,9.910000E+37,-1.318650E+0,-7.515262E+40,8.849795E+41,1.119800E-1,9.910000E+37,5.000000E-1,0.000000E+0,5.000000E+0,1.000000E+1,5.000000E+0,1.000000E+1,1.000000E+0,2.960000E+2
1.331116E+1,-3.800000E+3,-3.800200E+0,-1.423850E+0,2.668961E+3,2.682992E+3,1.114800E-1,2.991000E-1,9.910000E+37,-1.423850E+0,-6.960003E+40,8.889487E+41,1.114800E-1,9.910000E+37,5.000000E-1,0.000000E+0,5.000000E+0,1.000000E+1,5.000000E+0,1.000000E+1,1.000000E+0,2.970000E+2
1.335955E+1,-4.100000E+3,-4.100900E+0,-1.526910E+0,2.685751E+3,2.675956E+3,1.119600E-1,2.996000E-1,9.910000E+37,-1.526910E+0,-6.490232E+40,8.851375E+41,1.119600E-1,9.910000E+37,5.000000E-1,0.000000E+0,5.000000E+0,1.000000E+1,5.000000E+0,1.000000E+1,1.000000E+0,2.980000E+2
1.340790E+1,-4.400000E+3,-4.399900E+0,-1.622720E+0,2.711435E+3,2.685401E+3,1.113800E-1,2.991000E-1,9.910000E+37,-1.622720E+0,-6.107030E+40,8.897468E+41,1.113800E-1,9.910000E+37,5.000000E-1,0.000000E+0,5.000000E+0,1.000000E+1,5.000000E+0,1.000000E+1,1.000000E+0,2.990000E+2
1.345634E+1,-4.700000E+3,-4.701000E+0,-1.723160E+0,2.728127E+3,2.669578E+3,1.121900E-1,2.995000E-1,9.910000E+37,-1.723160E+0,-5.751062E+40,8.833229E+41,1.121900E-1,9.910000E+37,5.000000E-1,0.000000E+0,5.000000E+0,1.000000E+1,5.000000E+0,1.000000E+1,1.000000E+0,3.000000E+2
1.350474E+1,-5.000000E+3,-4.999000E+0,-1.820630E+0,2.745753E+3,2.679861E+3,1.121700E-1,3.006000E-1,9.910000E+37,-1.820630E+0,-5.443171E+40,8.834804E+41,1.121700E-1,9.910000E+37,5.000000E-1,0.000000E+0,5.000000E+0,1.000000E+1,5.000000E+0,1.000000E+1,1.000000E+0,3.010000E+2
1.355303E+1,-5.300000E+3,-5.300100E+0,-1.919080E+0,2.761792E+3,2.668452E+3,1.120500E-1,2.990000E-1,9.910000E+37,-1.919080E+0,-5.163933E+40,8.844266E+41,1.120500E-1,9.910000E+37,5.000000E-1,0.000000E+0,5.000000E+0,1.000000E+1,5.000000E+0,1.000000E+1,1.000000E+0,3.020000E+2
1.360144E+1,-5.600000E+3,-5.599900E+0,-2.015260E+0,2.778748E+3,2.670952E+3,1.120200E-1,2.992000E-1,9.910000E+37,-2.015260E+0,-4.917480E+40,8.846635E+41,1.120200E-1,9.910000E+37,5.000000E-1,0.000000E+0,5.000000E+0,1.000000E+1,5.000000E+0,1.000000E+1,1.000000E+0,3.030000E+2
1.364971E+1,-5.900000E+3,-5.900200E+0,-2.103610E+0,2.804797E+3,2.677839E+3,1.121800E-1,3.004000E-1,9.910000E+37,-2.103610E+0,-4.710949E+40,8.834017E+41,1.121800E-1,9.910000E+37,5.000000E-1,0.000000E+0,5.000000E+0,1.000000E+1,5.000000E+0,1.000000E+1,1.000000E+0,3.040000E+2
1.369825E+1,-6.200000E+3,-6.199700E+0,-1.603190E+0,3.867102E+3,3.729467E+3,8.036000E-2,2.997000E-1,9.910000E+37,-1.603190E+0,-6.181426E+40,1.233201E+42,8.036000E-2,9.910000E+37,5.000000E-1,0.000000E+0,5.000000E+0,1.000000E+1,5.000000E+0,1.000000E+1,1.000000E+0,3.050000E+2
1.374672E+1,-6.500000E+3,-6.501100E+0,-2.250220E+0,2.889095E+3,2.705829E+3,1.106500E-1,2.994000E-1,9.910000E+37,-2.250220E+0,-4.404014E+40,8.956168E+41,1.106500E-1,9.910000E+37,5.000000E-1,0.000000E+0,5.000000E+0,1.000000E+1,5.000000E+0,1.000000E+1,1.000000E+0,3.060000E+2
1.379512E+1,-6.800000E+3,-6.800100E+0,-1.741750E+0,3.904177E+3,3.716342E+3,8.059000E-2,2.995000E-1,9.910000E+37,-1.741750E+0,-5.689680E+40,1.229681E+42,8.059000E-2,9.910000E+37,5.000000E-1,0.000000E+0,5.000000E+0,1.000000E+1,5.000000E+0,1.000000E+1,1.000000E+0,3.070000E+2
1.384341E+1,-7.000000E+3,-7.001000E+0,-1.786790E+0,3.918200E+3,3.725344E+3,8.061000E-2,3.003000E-1,9.910000E+37,-1.786790E+0,-5.546259E+40,1.229376E+42,8.061000E-2,9.910000E+37,5.000000E-1,0.000000E+0,5.000000E+0,1.000000E+1,5.000000E+0,1.000000E+1,1.000000E+0,3.080000E+2
1.389183E+1,-6.700000E+3,-6.700000E+0,-1.693950E+0,3.955253E+3,3.991502E+3,7.531000E-2,3.006000E-1,9.910000E+37,-1.693950E+0,-5.850232E+40,1.315894E+42,7.531000E-2,9.910000E+37,5.000000E-1,0.000000E+0,5.000000E+0,1.000000E+1,5.000000E+0,1.000000E+1,1.000000E+0,3.090000E+2
1.394023E+1,-6.400000E+3,-6.399400E+0,-1.559190E+0,4.104311E+3,3.965699E+3,7.580000E-2,3.006000E-1,9.910000E+37,-1.559190E+0,-6.355864E+40,1.307388E+42,7.580000E-2,9.910000E+37,5.000000E-1,0.000000E+0,5.000000E+0,1.000000E+1,5.000000E+0,1.000000E+1,1.000000E+0,3.100000E+2
1.398870E+1,-6.100000E+3,-6.100200E+0,-1.496580E+0,4.076093E+3,3.975073E+3,7.542000E-2,2.998000E-1,9.910000E+37,-1.496580E+0,-6.621764E+40,1.313975E+42,7.542000E-2,9.910000E+37,5.000000E-1,0.000000E+0,5.000000E+0,1.000000E+1,5.000000E+0,1.000000E+1,1.000000E+0,3.110000E+2
1.403715E+1,-5.800000E+3,-5.799400E+0,-1.431040E+0,4.052577E+3,3.975568E+3,7.531000E-2,2.994000E-1,9.910000E+37,-1.431040E+0,-6.925034E+40,1.315894E+42,7.531000E-2,9.910000E+37,5.000000E-1,0.000000E+0,5.000000E+0,1.000000E+1,5.000000E+0,1.000000E+1,1.000000E+0,3.120000E+2
1.408546E+1,-5.500000E+3,-5.499600E+0,-1.363670E+0,4.032941E+3,3.979510E+3,7.516000E-2,2.991000E-1,9.910000E+37,-1.363670E+0,-7.267154E+40,1.318520E+42,7.516000E-2,9.910000E+37,5.000000E-1,0.000000E+0,5.000000E+0,1.000000E+1,5.000000E+0,1.000000E+1,1.000000E+0,3.130000E+2
1.413398E+1,-5.200000E+3,-5.201400E+0,-1.296580E+0,4.011631E+3,3.995738E+3,7.508000E-2,3.000000E-1,9.910000E+37,-1.296580E+0,-7.643184E+40,1.319925E+42,7.508000E-2,9.910000E+37,5.000000E-1,0.000000E+0,5.000000E+0,1.000000E+1,5.000000E+0,1.000000E+1,1.000000E+0,3.140000E+2
1.418249E+1,-4.900000E+3,-4.899500E+0,-1.231450E+0,3.978643E+3,4.132836E+3,7.242000E-2,2.993000E-1,9.910000E+37,-1.231450E+0,-8.047424E+40,1.368407E+42,7.242000E-2,9.910000E+37,5.000000E-1,0.000000E+0,5.000000E+0,1.000000E+1,5.000000E+0,1.000000E+1,1.000000E+0,3.150000E+2
1.423083E+1,-4.600000E+3,-4.598900E+0,-1.118110E+0,4.113102E+3,4.162528E+3,7.248000E-2,3.017000E-1,9.910000E+37,-1.118110E+0,-8.863171E+40,1.367274E+42,7.248000E-2,9.910000E+37,5.000000E-1,0.000000E+0,5.000000E+0,1.000000E+1,5.000000E+0,1.000000E+1,1.000000E+0,3.160000E+2
1.427912E+1,-4.300000E+3,-4.299700E+0,-1.050030E+0,4.094835E+3,4.121121E+3,7.282000E-2,3.001000E-1,9.910000E+37,-1.050030E+0,-9.437826E+40,1.360890E+42,7.282000E-2,9.910000E+37,5.000000E-1,0.000000E+0,5.000000E+0,1.000000E+1,5.000000E+0,1.000000E+1,1.000000E+0,3.170000E+2
1.432754E+1,-4.000000E+3,-3.999500E+0,-9.817400E-1,4.073889E+3,4.131455E+3,7.242000E-2,2.992000E-1,9.910000E+37,-9.817400E-1,-1.009432E+41,1.368407E+42,7.242000E-2,9.910000E+37,5.000000E-1,0.000000E+0,5.000000E+0,1.000000E+1,5.000000E+0,1.000000E+1,1.000000E+0,3.180000E+2
1.437592E+1,-3.700000E+3,-3.700500E+0,-9.130400E-1,4.052944E+3,4.136552E+3,7.250000E-2,2.999000E-1,9.910000E+37,-9.130400E-1,-1.085385E+41,1.366897E+42,7.250000E-2,9.910000E+37,5.000000E-1,0.000000E+0,5.000000E+0,1.000000E+1,5.000000E+0,1.000000E+1,1.000000E+0,3.190000E+2
1.442431E+1,-3.400000E+3,-3.400800E+0,-8.425900E-1,4.036127E+3,4.149584E+3,7.220000E-2,2.996000E-1,9.910000E+37,-8.425900E-1,-1.176135E+41,1.372576E+42,7.220000E-2,9.910000E+37,5.000000E-1,0.000000E+0,5.000000E+0,1.000000E+1,5.000000E+0,1.000000E+1,1.000000E+0,3.200000E+2
1.447269E+1,-3.100000E+3,-3.100900E+0,-7.716600E-1,4.018480E+3,4.138122E+3,7.240000E-2,2.996000E-1,9.910000E+37,-7.716600E-1,-1.284244E+41,1.368785E+42,7.240000E-2,9.910000E+37,5.000000E-1,0.000000E+0,5.000000E+0,1.000000E+1,5.000000E+0,1.000000E+1,1.000000E+0,3.210000E+2
1.452095E+1,-2.800000E+3,-2.799700E+0,-6.992700E-1,4.003747E+3,4.130764E+3,7.265000E-2,3.001000E-1,9.910000E+37,-6.992700E-1,-1.417192E+41,1.364074E+42,7.265000E-2,9.910000E+37,5.000000E-1,0.000000E+0,5.000000E+0,1.000000E+1,5.000000E+0,1.000000E+1,1.000000E+0,3.220000E+2
1.456928E+1,-2.500000E+3,-2.500800E+0,-6.268500E-1,3.989471E+3,4.130674E+3,7.270000E-2,3.003000E-1,9.910000E+37,-6.268500E-1,-1.580920E+41,1.363136E+42,7.270000E-2,9.910000E+37,5.000000E-1,0.000000E+0,5.000000E+0,1.000000E+1,5.000000E+0,1.000000E+1,1.000000E+0,3.230000E+2
1.461774E+1,-2.200000E+3,-2.200500E+0,-5.535000E-1,3.975610E+3,4.138311E+3,7.259000E-2,3.004000E-1,9.910000E+37,-5.535000E-1,-1.790425E+41,1.365202E+42,7.259000E-2,9.910000E+37,5.000000E-1,0.000000E+0,5.000000E+0,1.000000E+1,5.000000E+0,1.000000E+1,1.000000E+0,3.240000E+2
1.466614E+1,-1.900000E+3,-1.900300E+0,-4.794900E-1,3.963169E+3,4.132083E+3,7.253000E-2,2.997000E-1,9.910000E+37,-4.794900E-1,-2.066779E+41,1.366331E+42,7.253000E-2,9.910000E+37,5.000000E-1,0.000000E+0,5.000000E+0,1.000000E+1,5.000000E+0,1.000000E+1,1.000000E+0,3.250000E+2
1.471451E+1,-1.600000E+3,-1.599300E+0,-4.049000E-1,3.949864E+3,4.129627E+3,7.267000E-2,3.001000E-1,9.910000E+37,-4.049000E-1,-2.447518E+41,1.363699E+42,7.267000E-2,9.910000E+37,5.000000E-1,0.000000E+0,5.000000E+0,1.000000E+1,5.000000E+0,1.000000E+1,1.000000E+0,3.260000E+2
1.476288E+1,-1.300000E+3,-1.300000E+0,-3.307500E-1,3.930461E+3,4.131423E+3,7.259000E-2,2.999000E-1,9.910000E+37,-3.307500E-1,-2.996221E+41,1.365202E+42,7.259000E-2,9.910000E+37,5.000000E-1,0.000000E+0,5.000000E+0,1.000000E+1,5.000000E+0,1.000000E+1,1.000000E+0,3.270000E+2
1.481130E+1,-1.000000E+3,-1.000100E+0,-2.556200E-1,3.912448E+3,4.135411E+3,7.252000E-2,2.999000E-1,9.910000E+37,-2.556200E-1,-3.876848E+41,1.366520E+42,7.252000E-2,9.910000E+37,5.000000E-1,0.000000E+0,5.000000E+0,1.000000E+1,5.000000E+0,1.000000E+1,1.000000E+0,3.280000E+2
1.485973E+1,-7.000000E+2,-7.006000E-1,-1.797900E-1,3.896768E+3,4.117566E+3,7.298000E-2,3.005000E-1,9.910000E+37,-1.797900E-1,-5.511986E+41,1.357906E+42,7.298000E-2,9.910000E+37,5.000000E-1,0.000000E+0,5.000000E+0,1.000000E+1,5.000000E+0,1.000000E+1,1.000000E+0,3.290000E+2
1.490809E+1,-4.000000E+2,-4.000000E-1,-1.041800E-1,3.839509E+3,4.116919E+3,7.270000E-2,2.993000E-1,9.910000E+37,-1.041800E-1,-9.512382E+41,1.363136E+42,7.270000E-2,9.910000E+37,5.000000E-1,0.000000E+0,5.000000E+0,1.000000E+1,5.000000E+0,1.000000E+1,1.000000E+0,3.300000E+2
1.495641E+1,-1.000000E+2,-9.950000E-2,-2.852000E-2,3.488780E+3,4.126568E+3,7.253000E-2,2.993000E-1,9.910000E+37,-2.852000E-2,-3.474755E+42,1.366331E+42,7.253000E-2,9.910000E+37,5.000000E-1,0.000000E+0,5.000000E+0,1.000000E+1,5.000000E+0,1.000000E+1,1.000000E+0,3.310000E+2
1.500472E+1,2.000000E+2,2.000000E-1,4.762000E-2,4.199916E+3,4.121696E+3,7.264000E-2,2.994000E-1,9.910000E+37,4.762000E-2,2.081058E+42,1.364262E+42,7.264000E-2,9.910000E+37,5.000000E-1,0.000000E+0,5.000000E+0,1.000000E+1,5.000000E+0,1.000000E+1,1.000000E+0,3.320000E+2
1.505306E+1,5.000000E+2,4.991000E-1,1.233400E-1,4.046538E+3,4.114505E+3,7.301000E-2,3.004000E-1,9.910000E+37,1.233400E-1,8.034701E+41,1.357348E+42,7.301000E-2,9.910000E+37,5.000000E-1,0.000000E+0,5.000000E+0,1.000000E+1,5.000000E+0,1.000000E+1,1.000000E+0,3.330000E+2
1.510140E+1,8.000000E+2,8.001000E-1,1.992800E-1,4.014954E+3,4.121520E+3,7.291000E-2,3.005000E-1,9.910000E+37,1.992800E-1,4.972902E+41,1.359210E+42,7.291000E-2,9.910000E+37,5.000000E-1,0.000000E+0,5.000000E+0,1.000000E+1,5.000000E+0,1.000000E+1,1.000000E+0,3.340000E+2
1.514977E+1,1.100000E+3,1.099700E+0,2.754400E-1,3.992521E+3,4.119747E+3,7.282000E-2,3.000000E-1,9.910000E+37,2.754400E-1,3.597880E+41,1.360890E+42,7.282000E-2,9.910000E+37,5.000000E-1,0.000000E+0,5.000000E+0,1.000000E+1,5.000000E+0,1.000000E+1,1.000000E+0,3.350000E+2
1.519807E+1,1.400000E+3,1.400200E+0,3.513300E-1,3.985427E+3,4.120720E+3,7.273000E-2,2.997000E-1,9.910000E+37,3.513300E-1,2.820710E+41,1.362574E+42,7.273000E-2,9.910000E+37,5.000000E-1,0.000000E+0,5.000000E+0,1.000000E+1,5.000000E+0,1.000000E+1,1.000000E+0,3.360000E+2
1.524646E+1,1.700000E+3,1.700700E+0,4.269800E-1,3.983091E+3,4.140733E+3,7.262000E-2,3.007000E-1,9.910000E+37,4.269800E-1,2.320952E+41,1.364638E+42,7.262000E-2,9.910000E+37,5.000000E-1,0.000000E+0,5.000000E+0,1.000000E+1,5.000000E+0,1.000000E+1,1.000000E+0,3.370000E+2
1.529486E+1,2.000000E+3,1.999900E+0,5.018200E-1,3.985294E+3,4.123047E+3,7.298000E-2,3.009000E-1,9.910000E+37,5.018200E-1,1.974812E+41,1.357906E+42,7.298000E-2,9.910000E+37,5.000000E-1,0.000000E+0,5.000000E+0,1.000000E+1,5.000000E+0,1.000000E+1,1.000000E+0,3.380000E+2
1.534308E+1,2.300000E+3,2.301000E+0,5.770700E-1,3.987385E+3,4.103302E+3,7.299000E-2,2.995000E-1,9.910000E+37,5.770700E-1,1.717296E+41,1.357720E+42,7.299000E-2,9.910000E+37,5.000000E-1,0.000000E+0,5.000000E+0,1.000000E+1,5.000000E+0,1.000000E+1,1.000000E+0,3.390000E+2
1.539143E+1,2.600000E+3,2.599400E+0,6.513200E-1,3.990972E+3,4.126614E+3,7.282000E-2,3.005000E-1,9.910000E+37,6.513200E-1,1.521526E+41,1.360890E+42,7.282000E-2,9.910000E+37,5.000000E-1,0.000000E+0,5.000000E+0,1.000000E+1,5.000000E+0,1.000000E+1,1.000000E+0,3.400000E+2
1.543983E+1,2.900000E+3,2.899400E+0,7.242700E-1,4.003203E+3,4.115062E+3,7.283000E-2,2.997000E-1,9.910000E+37,7.242700E-1,1.368274E+41,1.360703E+42,7.283000E-2,9.910000E+37,5.000000E-1,0.000000E+0,5.000000E+0,1.000000E+1,5.000000E+0,1.000000E+1,1.000000E+0,3.410000E+2
1.548822E+1,3.200000E+3,3.199500E+0,7.977500E-1,4.010655E+3,4.125980E+3,7.271000E-2,3.000000E-1,9.910000E+37,7.977500E-1,1.242244E+41,1.362949E+42,7.271000E-2,9.910000E+37,5.000000E-1,0.000000E+0,5.000000E+0,1.000000E+1,5.000000E+0,1.000000E+1,1.000000E+0,3.420000E+2
1.553672E+1,3.500000E+3,3.501100E+0,1.298240E+0,2.696805E+3,4.130554E+3,7.292000E-2,3.012000E-1,9.910000E+37,1.298240E+0,7.633411E+40,1.359024E+42,7.292000E-2,9.910000E+37,5.000000E-1,0.000000E+0,5.000000E+0,1.000000E+1,5.000000E+0,1.000000E+1,1.000000E+0,3.430000E+2
1.558507E+1,3.800000E+3,3.799500E+0,1.409580E+0,2.695484E+3,2.702824E+3,1.111800E-1,3.005000E-1,9.910000E+37,1.409580E+0,7.030463E+40,8.913474E+41,1.111800E-1,9.910000E+37,5.000000E-1,0.000000E+0,5.000000E+0,1.000000E+1,5.000000E+0,1.000000E+1,1.000000E+0,3.440000E+2
1.563341E+1,4.100000E+3,4.099200E+0,1.513150E+0,2.709051E+3,2.709145E+3,1.103300E-1,2.989000E-1,9.910000E+37,1.513150E+0,6.549252E+40,8.982144E+41,1.103300E-1,9.910000E+37,5.000000E-1,0.000000E+0,5.000000E+0,1.000000E+1,5.000000E+0,1.000000E+1,1.000000E+0,3.450000E+2
1.568186E+1,4.400000E+3,4.399700E+0,1.612910E+0,2.727803E+3,2.701849E+3,1.108500E-1,2.995000E-1,9.910000E+37,1.612910E+0,6.144174E+40,8.940009E+41,1.108500E-1,9.910000E+37,5.000000E-1,0.000000E+0,5.000000E+0,1.000000E+1,5.000000E+0,1.000000E+1,1.000000E+0,3.460000E+2
1.573030E+1,4.700000E+3,4.699300E+0,1.708730E+0,2.750171E+3,2.702995E+3,1.108400E-1,2.996000E-1,9.910000E+37,1.708730E+0,5.799629E+40,8.940816E+41,1.108400E-1,9.910000E+37,5.000000E-1,0.000000E+0,5.000000E+0,1.000000E+1,5.000000E+0,1.000000E+1,1.000000E+0,3.470000E+2
1.577867E+1,5.000000E+3,5.001500E+0,1.809370E+0,2.764222E+3,2.706814E+3,1.110900E-1,3.007000E-1,9.910000E+37,1.809370E+0,5.477044E+40,8.920695E+41,1.110900E-1,9.910000E+37,5.000000E-1,0.000000E+0,5.000000E+0,1.000000E+1,5.000000E+0,1.000000E+1,1.000000E+0,3.480000E+2
1.582696E+1,5.300000E+3,5.300500E+0,1.904370E+0,2.783335E+3,2.692135E+3,1.112500E-1,2.995000E-1,9.910000E+37,1.904370E+0,5.203821E+40,8.907865E+41,1.112500E-1,9.910000E+37,5.000000E-1,0.000000E+0,5.000000E+0,1.000000E+1,5.000000E+0,1.000000E+1,1.000000E+0,3.490000E+2
1.587524E+1,5.600000E+3,5.599400E+0,1.339780E+0,4.179343E+3,4.119588E+3,7.275000E-2,2.997000E-1,9.910000E+37,1.339780E+0,7.396737E+40,1.362199E+42,7.275000E-2,9.910000E+37,5.000000E-1,0.000000E+0,5.000000E+0,1.000000E+1,5.000000E+0,1.000000E+1,1.000000E+0,3.500000E+2
1.592351E+1,5.900000E+3,5.900100E+0,1.403660E+0,4.203368E+3,4.128466E+3,7.286000E-2,3.008000E-1,9.910000E+37,1.403660E+0,7.060114E+40,1.360143E+42,7.286000E-2,9.910000E+37,5.000000E-1,0.000000E+0,5.000000E+0,1.000000E+1,5.000000E+0,1.000000E+1,1.000000E+0,3.510000E+2
1.597193E+1,6.200000E+3,6.201100E+0,2.132010E+0,2.908570E+3,4.119665E+3,7.287000E-2,3.002000E-1,9.910000E+37,2.132010E+0,4.648196E+40,1.359956E+42,7.287000E-2,9.910000E+37,5.000000E-1,0.000000E+0,5.000000E+0,1.000000E+1,5.000000E+0,1.000000E+1,1.000000E+0,3.520000E+2
1.602022E+1,6.500000E+3,6.500900E+0,1.530070E+0,4.248760E+3,4.140787E+3,7.245000E-2,3.000000E-1,9.910000E+37,1.530070E+0,6.476828E+40,1.367840E+42,7.245000E-2,9.910000E+37,5.000000E-1,0.000000E+0,5.000000E+0,1.000000E+1,5.000000E+0,1.000000E+1,1.000000E+0,3.530000E+2
1.606849E+1,6.800000E+3,6.799300E+0,2.249400E+0,3.022717E+3,4.118855E+3,7.303000E-2,3.008000E-1,9.910000E+37,2.249400E+0,4.405619E+40,1.356977E+42,7.303000E-2,9.910000E+37,5.000000E-1,0.000000E+0,5.000000E+0,1.000000E+1,5.000000E+0,1.000000E+1,1.000000E+0,3.540000E+2
1.611677E+1,7.000000E+3,7.000000E+0,2.180210E+0,3.210700E+3,3.045551E+3,9.857000E-2,3.002000E-1,9.910000E+37,2.180210E+0,4.545434E+40,1.005377E+42,9.857000E-2,9.910000E+37,5.000000E-1,0.000000E+0,5.000000E+0,1.000000E+1,5.000000E+0,1.000000E+1,1.000000E+0,3.550000E+2
1.616519E+1,6.700000E+3,6.700100E+0,2.106690E+0,3.180392E+3,3.027949E+3,9.911000E-2,3.001000E-1,9.910000E+37,2.106690E+0,4.704062E+40,9.998991E+41,9.911000E-2,9.910000E+37,5.000000E-1,0.000000E+0,5.000000E+0,1.000000E+1,5.000000E+0,1.000000E+1,1.000000E+0,3.560000E+2
1.621388E+1,6.400000E+3,6.401200E+0,2.028320E+0,3.155912E+3,3.038652E+3,9.909000E-2,3.011000E-1,9.910000E+37,2.028320E+0,4.885817E+40,1.000101E+42,9.909000E-2,9.910000E+37,5.000000E-1,0.000000E+0,5.000000E+0,1.000000E+1,5.000000E+0,1.000000E+1,1.000000E+0,3.570000E+2
1.626231E+1,6.100000E+3,6.100700E+0,1.949780E+0,3.128917E+3,3.027365E+3,9.903000E-2,2.998000E-1,9.910000E+37,1.949780E+0,5.082625E+40,1.000707E+42,9.903000E-2,9.910000E+37,5.000000E-1,0.000000E+0,5.000000E+0,1.000000E+1,5.000000E+0,1.000000E+1,1.000000E+0,3.580000E+2
1.631060E+1,5.800000E+3,5.799800E+0,1.867330E+0,3.105932E+3,3.023725E+3,9.905000E-2,2.995000E-1,9.910000E+37,1.867330E+0,5.307043E+40,1.000505E+42,9.905000E-2,9.910000E+37,5.000000E-1,0.000000E+0,5.000000E+0,1.000000E+1,5.000000E+0,1.000000E+1,1.000000E+0,3.590000E+2
1.635889E+1,5.500000E+3,5.499500E+0,1.781560E+0,3.086901E+3,3.026129E+3,9.874000E-2,2.988000E-1,9.910000E+37,1.781560E+0,5.562541E+40,1.003646E+42,9.874000E-2,9.910000E+37,5.000000E-1,0.000000E+0,5.000000E+0,1.000000E+1,5.000000E+0,1.000000E+1,1.000000E+0,3.600000E+2
1.640706E+1,5.200000E+3,5.200300E+0,1.694590E+0,3.068766E+3,3.010753E+3,9.951000E-2,2.996000E-1,9.910000E+37,1.694590E+0,5.848022E+40,9.958798E+41,9.951000E-2,9.910000E+37,5.000000E-1,0.000000E+0,5.000000E+0,1.000000E+1,5.000000E+0,1.000000E+1,1.000000E+0,3.610000E+2
1.645539E+1,4.900000E+3,4.900400E+0,1.605980E+0,3.051346E+3,3.018109E+3,9.940000E-2,3.000000E-1,9.910000E+37,1.605980E+0,6.170687E+40,9.969819E+41,9.940000E-2,9.910000E+37,5.000000E-1,0.000000E+0,5.000000E+0,1.000000E+1,5.000000E+0,1.000000E+1,1.000000E+0,3.620000E+2
1.650391E+1,4.600000E+3,4.600900E+0,1.516480E+0,3.033934E+3,3.019762E+3,9.918000E-2,2.995000E-1,9.910000E+37,1.516480E+0,6.534870E+40,9.991934E+41,9.918000E-2,9.910000E+37,5.000000E-1,0.000000E+0,5.000000E+0,1.000000E+1,5.000000E+0,1.000000E+1,1.000000E+0,3.630000E+2
1.655233E+1,4.300000E+3,4.300400E+0,1.424970E+0,3.017888E+3,3.024072E+3,9.970000E-2,3.015000E-1,9.910000E+37,1.424970E+0,6.954532E+40,9.939819E+41,9.970000E-2,9.910000E+37,5.000000E-1,0.000000E+0,5.000000E+0,1.000000E+1,5.000000E+0,1.000000E+1,1.000000E+0,3.640000E+2
1.660063E+1,4.000000E+3,4.000100E+0,1.331860E+0,3.003394E+3,3.022083E+3,9.917000E-2,2.997000E-1,9.910000E+37,1.331860E+0,7.440722E+40,9.992941E+41,9.917000E-2,9.910000E+37,5.000000E-1,0.000000E+0,5.000000E+0,1.000000E+1,5.000000E+0,1.000000E+1,1.000000E+0,3.650000E+2
1.664905E+1,3.700000E+3,3.699900E+0,1.241680E+0,2.979753E+3,3.018773E+3,9.908000E-2,2.991000E-1,9.910000E+37,1.241680E+0,7.981122E+40,1.000202E+42,9.908000E-2,9.910000E+37,5.000000E-1,0.000000E+0,5.000000E+0,1.000000E+1,5.000000E+0,1.000000E+1,1.000000E+0,3.660000E+2
1.669751E+1,3.400000E+3,3.399500E+0,1.146180E+0,2.965939E+3,3.020697E+3,9.905000E-2,2.992000E-1,9.910000E+37,1.146180E+0,8.646111E+40,1.000505E+42,9.905000E-2,9.910000E+37,5.000000E-1,0.000000E+0,5.000000E+0,1.000000E+1,5.000000E+0,1.000000E+1,1.000000E+0,3.670000E+2
1.674582E+1,3.100000E+3,3.100200E+0,1.049810E+0,2.953106E+3,3.015441E+3,9.909000E-2,2.988000E-1,9.910000E+37,1.049810E+0,9.439803E+40,1.000101E+42,9.909000E-2,9.910000E+37,5.000000E-1,0.000000E+0,5.000000E+0,1.000000E+1,5.000000E+0,1.000000E+1,1.000000E+0,3.680000E+2
1.679431E+1,2.800000E+3,2.800300E+0,9.513000E-1,2.943656E+3,3.008832E+3,9.964000E-2,2.998000E-1,9.910000E+37,9.513000E-1,1.041732E+41,9.945805E+41,9.964000E-2,9.910000E+37,5.000000E-1,0.000000E+0,5.000000E+0,1.000000E+1,5.000000E+0,1.000000E+1,1.000000E+0,3.690000E+2
1.684276E+1,2.500000E+3,2.500300E+0,8.518000E-1,2.935313E+3,3.019077E+3,9.907000E-2,2.991000E-1,9.910000E+37,8.518000E-1,1.163419E+41,1.000303E+42,9.907000E-2,9.910000E+37,5.000000E-1,0.000000E+0,5.000000E+0,1.000000E+1,5.000000E+0,1.000000E+1,1.000000E+0,3.700000E+2
1.689098E+1,2.200000E+3,2.200200E+0,7.512500E-1,2.928719E+3,3.015378E+3,9.949000E-2,3.000000E-1,9.910000E+37,7.512500E-1,1.319135E+41,9.960800E+41,9.949000E-2,9.910000E+37,5.000000E-1,0.000000E+0,5.000000E+0,1.000000E+1,5.000000E+0,1.000000E+1,1.000000E+0,3.710000E+2
1.693937E+1,1.900000E+3,1.900600E+0,6.494700E-1,2.926386E+3,3.018526E+3,9.932000E-2,2.998000E-1,9.910000E+37,6.494700E-1,1.525860E+41,9.977849E+41,9.932000E-2,9.910000E+37,5.000000E-1,0.000000E+0,5.000000E+0,1.000000E+1,5.000000E+0,1.000000E+1,1.000000E+0,3.720000E+2
1.698769E+1,1.600000E+3,1.599000E+0,5.469100E-1,2.923699E+3,3.012291E+3,9.926000E-2,2.990000E-1,9.910000E+37,5.469100E-1,1.811998E+41,9.983881E+41,9.926000E-2,9.910000E+37,5.000000E-1,0.000000E+0,5.000000E+0,1.000000E+1,5.000000E+0,1.000000E+1,1.000000E+0,3.730000E+2
1.703597E+1,1.300000E+3,1.300100E+0,4.440800E-1,2.927626E+3,3.001596E+3,1.002800E-1,3.010000E-1,9.910000E+37,4.440800E-1,2.231580E+41,9.882329E+41,1.002800E-1,9.910000E+37,5.000000E-1,0.000000E+0,5.000000E+0,1.000000E+1,5.000000E+0,1.000000E+1,1.000000E+0,3.740000E+2
1.708429E+1,1.000000E+3,9.993000E-1,3.408100E-1,2.932132E+3,3.022624E+3,9.945000E-2,3.006000E-1,9.910000E+37,3.408100E-1,2.907779E+41,9.964806E+41,9.945000E-2,9.910000E+37,5.000000E-1,0.000000E+0,5.000000E+0,1.000000E+1,5.000000E+0,1.000000E+1,1.000000E+0,3.750000E+2
1.713270E+1,7.000000E+2,7.005000E-1,2.377500E-1,2.946372E+3,3.012060E+3,9.950000E-2,2.997000E-1,9.910000E+37,2.377500E-1,4.168244E+41,9.959799E+41,9.950000E-2,9.910000E+37,5.000000E-1,0.000000E+0,5.000000E+0,1.000000E+1,5.000000E+0,1.000000E+1,1.000000E+0,3.760000E+2
1.718112E+1,4.000000E+2,3.995000E-1,1.337000E-1,2.988033E+3,3.017007E+3,9.937000E-2,2.998000E-1,9.910000E+37,1.337000E-1,7.412117E+41,9.972829E+41,9.937000E-2,9.910000E+37,5.000000E-1,0.000000E+0,5.000000E+0,1.000000E+1,5.000000E+0,1.000000E+1,1.000000E+0,3.770000E+2
1.723024E+1,1.000000E+2,1.006000E-1,3.050000E-2,3.298361E+3,3.010353E+3,9.949000E-2,2.995000E-1,9.910000E+37,3.050000E-2,3.249180E+42,9.960800E+41,9.949000E-2,9.910000E+37,5.000000E-1,0.000000E+0,5.000000E+0,1.000000E+1,5.000000E+0,1.000000E+1,1.000000E+0,3.780000E+2
1.727870E+1,-2.000000E+2,-1.995000E-1,-7.291000E-2,2.736250E+3,3.020676E+3,9.915000E-2,2.995000E-1,9.910000E+37,-7.291000E-2,-1.359210E+42,9.994957E+41,9.915000E-2,9.910000E+37,5.000000E-1,0.000000E+0,5.000000E+0,1.000000E+1,5.000000E+0,1.000000E+1,1.000000E+0,3.790000E+2
1.732721E+1,-5.000000E+2,-4.993000E-1,-1.763700E-1,2.830980E+3,3.014330E+3,9.979000E-2,3.008000E-1,9.910000E+37,-1.763700E-1,-5.618869E+41,9.930855E+41,9.979000E-2,9.910000E+37,5.000000E-1,0.000000E+0,5.000000E+0,1.000000E+1,5.000000E+0,1.000000E+1,1.000000E+0,3.800000E+2
1.737544E+1,-8.000000E+2,-7.988000E-1,-2.793900E-1,2.859086E+3,3.006240E+3,9.936000E-2,2.987000E-1,9.910000E+37,-2.793900E-1,-3.547013E+41,9.973833E+41,9.936000E-2,9.910000E+37,5.000000E-1,0.000000E+0,5.000000E+0,1.000000E+1,5.000000E+0,1.000000E+1,1.000000E+0,3.810000E+2
1.742380E+1,-1.100000E+3,-1.099700E+0,-3.813900E-1,2.883400E+3,3.033199E+3,9.940000E-2,3.015000E-1,9.910000E+37,-3.813900E-1,-2.598390E+41,9.969819E+41,9.940000E-2,9.910000E+37,5.000000E-1,0.000000E+0,5.000000E+0,1.000000E+1,5.000000E+0,1.000000E+1,1.000000E+0,3.820000E+2
1.747208E+1,-1.400000E+3,-1.399100E+0,-4.830200E-1,2.896567E+3,3.016850E+3,9.911000E-2,2.990000E-1,9.910000E+37,-4.830200E-1,-2.051675E+41,9.998991E+41,9.911000E-2,9.910000E+37,5.000000E-1,0.000000E+0,5.000000E+0,1.000000E+1,5.000000E+0,1.000000E+1,1.000000E+0,3.830000E+2
1.752032E+1,-1.700000E+3,-1.700800E+0,-5.843400E-1,2.910634E+3,3.010958E+3,9.947000E-2,2.995000E-1,9.910000E+37,-5.843400E-1,-1.695930E+41,9.962803E+41,9.947000E-2,9.910000E+37,5.000000E-1,0.000000E+0,5.000000E+0,1.000000E+1,5.000000E+0,1.000000E+1,1.000000E+0,3.840000E+2
1.756867E+1,-2.000000E+3,-2.000200E+0,-6.840200E-1,2.924184E+3,3.013850E+3,9.964000E-2,3.003000E-1,9.910000E+37,-6.840200E-1,-1.448788E+41,9.945805E+41,9.964000E-2,9.910000E+37,5.000000E-1,0.000000E+0,5.000000E+0,1.000000E+1,5.000000E+0,1.000000E+1,1.000000E+0,3.850000E+2
1.761701E+1,-2.300000E+3,-2.300500E+0,-7.838000E-1,2.935060E+3,3.023373E+3,9.926000E-2,3.001000E-1,9.910000E+37,-7.838000E-1,-1.264353E+41,9.983881E+41,9.926000E-2,9.910000E+37,5.000000E-1,0.000000E+0,5.000000E+0,1.000000E+1,5.000000E+0,1.000000E+1,1.000000E+0,3.860000E+2
1.766541E+1,-2.600000E+3,-2.599800E+0,-8.822400E-1,2.946817E+3,3.011878E+3,9.934000E-2,2.992000E-1,9.910000E+37,-8.822400E-1,-1.123277E+41,9.975841E+41,9.934000E-2,9.910000E+37,5.000000E-1,0.000000E+0,5.000000E+0,1.000000E+1,5.000000E+0,1.000000E+1,1.000000E+0,3.870000E+2
1.771383E+1,-2.900000E+3,-2.899700E+0,-9.805400E-1,2.957248E+3,3.034469E+3,9.893000E-2,3.002000E-1,9.910000E+37,-9.805400E-1,-1.010668E+41,1.001718E+42,9.893000E-2,9.910000E+37,5.000000E-1,0.000000E+0,5.000000E+0,1.000000E+1,5.000000E+0,1.000000E+1,1.000000E+0,3.880000E+2
1.776210E+1,-3.200000E+3,-3.200400E+0,-1.077370E+0,2.970567E+3,3.016591E+3,9.945000E-2,3.000000E-1,9.910000E+37,-1.077370E+0,-9.198326E+40,9.964806E+41,9.945000E-2,9.910000E+37,5.000000E-1,0.000000E+0,5.000000E+0,1.000000E+1,5.000000E+0,1.000000E+1,1.000000E+0,3.890000E+2
1.781035E+1,-3.500000E+3,-3.499400E+0,-1.172700E+0,2.984054E+3,3.031348E+3,9.857000E-2,2.988000E-1,9.910000E+37,-1.172700E+0,-8.450584E+40,1.005377E+42,9.857000E-2,9.910000E+37,5.000000E-1,0.000000E+0,5.000000E+0,1.000000E+1,5.000000E+0,1.000000E+1,1.000000E+0,3.900000E+2
1.785882E+1,-3.800000E+3,-3.799700E+0,-1.267890E+0,2.996869E+3,3.028744E+3,9.915000E-2,3.003000E-1,9.910000E+37,-1.267890E+0,-7.816135E+40,9.994957E+41,9.915000E-2,9.910000E+37,5.000000E-1,0.000000E+0,5.000000E+0,1.000000E+1,5.000000E+0,1.000000E+1,1.000000E+0,3.910000E+2
1.790724E+1,-4.100000E+3,-4.099700E+0,-1.361270E+0,3.011673E+3,3.017781E+3,9.898000E-2,2.987000E-1,9.910000E+37,-1.361270E+0,-7.279967E+40,1.001212E+42,9.898000E-2,9.910000E+37,5.000000E-1,0.000000E+0,5.000000E+0,1.000000E+1,5.000000E+0,1.000000E+1,1.000000E+0,3.920000E+2
1.795574E+1,-4.400000E+3,-4.399900E+0,-1.453390E+0,3.027336E+3,3.025151E+3,9.940000E-2,3.007000E-1,9.910000E+37,-1.453390E+0,-6.818541E+40,9.969819E+41,9.940000E-2,9.910000E+37,5.000000E-1,0.000000E+0,5.000000E+0,1.000000E+1,5.000000E+0,1.000000E+1,1.000000E+0,3.930000E+2
1.800425E+1,-4.700000E+3,-4.700800E+0,-1.544480E+0,3.043613E+3,3.011661E+3,9.948000E-2,2.996000E-1,9.910000E+37,-1.544480E+0,-6.416399E+40,9.961801E+41,9.948000E-2,9.910000E+37,5.000000E-1,0.000000E+0,5.000000E+0,1.000000E+1,5.000000E+0,1.000000E+1,1.000000E+0,3.940000E+2
1.805252E+1,-5.000000E+3,-5.000900E+0,-1.631980E+0,3.064315E+3,3.004516E+3,9.965000E-2,2.994000E-1,9.910000E+37,-1.631980E+0,-6.072378E+40,9.944807E+41,9.965000E-2,9.910000E+37,5.000000E-1,0.000000E+0,5.000000E+0,1.000000E+1,5.000000E+0,1.000000E+1,1.000000E+0,3.950000E+2
1.810079E+1,-5.300000E+3,-5.301000E+0,-1.721070E+0,3.080061E+3,3.008530E+3,9.965000E-2,2.998000E-1,9.910000E+37,-1.721070E+0,-5.758046E+40,9.944807E+41,9.965000E-2,9.910000E+37,5.000000E-1,0.000000E+0,5.000000E+0,1.000000E+1,5.000000E+0,1.000000E+1,1.000000E+0,3.960000E+2
1.814920E+1,-5.600000E+3,-5.600700E+0,-1.811870E+0,3.091116E+3,3.002400E+3,1.000200E-1,3.003000E-1,9.910000E+37,-1.811870E+0,-5.469487E+40,9.908018E+41,1.000200E-1,9.910000E+37,5.000000E-1,0.000000E+0,5.000000E+0,1.000000E+1,5.000000E+0,1.000000E+1,1.000000E+0,3.970000E+2
1.819781E+1,-5.900000E+3,-5.900200E+0,-1.899280E+0,3.106546E+3,3.007315E+3,9.979000E-2,3.001000E-1,9.910000E+37,-1.899280E+0,-5.217767E+40,9.930855E+41,9.979000E-2,9.910000E+37,5.000000E-1,0.000000E+0,5.000000E+0,1.000000E+1,5.000000E+0,1.000000E+1,1.000000E+0,3.980000E+2
1.824621E+1,-6.200000E+3,-6.200000E+0,-1.985860E+0,3.122073E+3,2.983574E+3,1.004500E-1,2.997000E-1,9.910000E+37,-1.985860E+0,-4.990281E+40,9.865605E+41,1.004500E-1,9.910000E+37,5.000000E-1,0.000000E+0,5.000000E+0,1.000000E+1,5.000000E+0,1.000000E+1,1.000000E+0,3.990000E+2
1.829465E+1,-6.500000E+3,-6.499700E+0,-2.070570E+0,3.139087E+3,2.850095E+3,1.054000E-1,3.004000E-1,9.910000E+37,-2.070570E+0,-4.786122E+40,9.402277E+41,1.054000E-1,9.910000E+37,5.000000E-1,0.000000E+0,5.000000E+0,1.000000E+1,5.000000E+0,1.000000E+1,1.000000E+0,4.000000E+2
1.834290E+1,-6.800000E+3,-6.799900E+0,-1.661770E+0,4.091962E+3,3.946744E+3,7.586000E-2,2.994000E-1,9.910000E+37,-1.661770E+0,-5.963521E+40,1.306354E+42,7.586000E-2,9.910000E+37,5.000000E-1,0.000000E+0,5.000000E+0,1.000000E+1,5.000000E+0,1.000000E+1,1.000000E+0,4.010000E+2
1.839119E+1,-7.000000E+3,-6.999300E+0,-1.706260E+0,4.102130E+3,3.930028E+3,7.603000E-2,2.988000E-1,9.910000E+37,-1.706260E+0,-5.808025E+40,1.303433E+42,7.603000E-2,9.910000E+37,5.000000E-1,0.000000E+0,5.000000E+0,1.000000E+1,5.000000E+0,1.000000E+1,1.000000E+0,4.020000E+2
1.843967E+1,-6.700000E+3,-6.700700E+0,-1.688220E+0,3.969092E+3,3.809043E+3,7.918000E-2,3.016000E-1,9.910000E+37,-1.688220E+0,-5.870088E+40,1.251579E+42,7.918000E-2,9.910000E+37,5.000000E-1,0.000000E+0,5.000000E+0,1.000000E+1,5.000000E+0,1.000000E+1,1.000000E+0,4.030000E+2
1.848852E+1,-6.400000E+3,-6.398900E+0,-2.210650E+0,2.894579E+3,2.732574E+3,1.097500E-1,2.999000E-1,9.910000E+37,-2.210650E+0,-4.482844E+40,9.029613E+41,1.097500E-1,9.910000E+37,5.000000E-1,0.000000E+0,5.000000E+0,1.000000E+1,5.000000E+0,1.000000E+1,1.000000E+0,4.040000E+2
1.853684E+1,-6.100000E+3,-6.099700E+0,-1.561360E+0,3.906658E+3,3.821923E+3,7.873000E-2,3.009000E-1,9.910000E+37,-1.561360E+0,-6.347031E+40,1.258732E+42,7.873000E-2,9.910000E+37,5.000000E-1,0.000000E+0,5.000000E+0,1.000000E+1,5.000000E+0,1.000000E+1,1.000000E+0,4.050000E+2
1.858501E+1,-5.800000E+3,-5.799700E+0,-1.491970E+0,3.887277E+3,3.788725E+3,7.876000E-2,2.984000E-1,9.910000E+37,-1.491970E+0,-6.642225E+40,1.258253E+42,7.876000E-2,9.910000E+37,5.000000E-1,0.000000E+0,5.000000E+0,1.000000E+1,5.000000E+0,1.000000E+1,1.000000E+0,4.060000E+2
1.863328E+1,-5.500000E+3,-5.500300E+0,-1.422930E+0,3.865475E+3,3.801800E+3,7.891000E-2,3.000000E-1,9.910000E+37,-1.422930E+0,-6.964503E+40,1.255861E+42,7.891000E-2,9.910000E+37,5.000000E-1,0.000000E+0,5.000000E+0,1.000000E+1,5.000000E+0,1.000000E+1,1.000000E+0,4.070000E+2
1.868154E+1,-5.200000E+3,-5.200200E+0,-1.352140E+0,3.845904E+3,3.811944E+3,7.870000E-2,3.000000E-1,9.910000E+37,-1.352140E+0,-7.329123E+40,1.259212E+42,7.870000E-2,9.910000E+37,5.000000E-1,0.000000E+0,5.000000E+0,1.000000E+1,5.000000E+0,1.000000E+1,1.000000E+0,4.080000E+2
1.872979E+1,-4.900000E+3,-4.899600E+0,-1.282310E+0,3.820917E+3,3.789567E+3,7.898000E-2,2.993000E-1,9.910000E+37,-1.282310E+0,-7.728240E+40,1.254748E+42,7.898000E-2,9.910000E+37,5.000000E-1,0.000000E+0,5.000000E+0,1.000000E+1,5.000000E+0,1.000000E+1,1.000000E+0,4.090000E+2
1.877806E+1,-4.600000E+3,-4.600300E+0,-1.209760E+0,3.802655E+3,3.795980E+3,7.911000E-2,3.003000E-1,9.910000E+37,-1.209760E+0,-8.191707E+40,1.252686E+42,7.911000E-2,9.910000E+37,5.000000E-1,0.000000E+0,5.000000E+0,1.000000E+1,5.000000E+0,1.000000E+1,1.000000E+0,4.100000E+2
1.882644E+1,-4.300000E+3,-4.299900E+0,-1.140380E+0,3.770585E+3,3.795463E+3,7.891000E-2,2.995000E-1,9.910000E+37,-1.140380E+0,-8.690086E+40,1.255861E+42,7.891000E-2,9.910000E+37,5.000000E-1,0.000000E+0,5.000000E+0,1.000000E+1,5.000000E+0,1.000000E+1,1.000000E+0,4.110000E+2
1.887486E+1,-4.000000E+3,-3.999200E+0,-1.067330E+0,3.746920E+3,3.812063E+3,7.875000E-2,3.002000E-1,9.910000E+37,-1.067330E+0,-9.284851E+40,1.258413E+42,7.875000E-2,9.910000E+37,5.000000E-1,0.000000E+0,5.000000E+0,1.000000E+1,5.000000E+0,1.000000E+1,1.000000E+0,4.120000E+2
1.892328E+1,-3.700000E+3,-3.700000E+0,-9.917700E-1,3.730704E+3,3.818159E+3,7.886000E-2,3.011000E-1,9.910000E+37,-9.917700E-1,-9.992236E+40,1.256657E+42,7.886000E-2,9.910000E+37,5.000000E-1,0.000000E+0,5.000000E+0,1.000000E+1,5.000000E+0,1.000000E+1,1.000000E+0,4.130000E+2
1.897170E+1,-3.400000E+3,-3.399900E+0,-9.156700E-1,3.713019E+3,3.794807E+3,7.895000E-2,2.996000E-1,9.910000E+37,-9.156700E-1,-1.082268E+41,1.255225E+42,7.895000E-2,9.910000E+37,5.000000E-1,0.000000E+0,5.000000E+0,1.000000E+1,5.000000E+0,1.000000E+1,1.000000E+0,4.140000E+2
1.902012E+1,-3.100000E+3,-3.099200E+0,-8.389000E-1,3.694362E+3,3.793757E+3,7.913000E-2,3.002000E-1,9.910000E+37,-8.389000E-1,-1.181309E+41,1.252370E+42,7.913000E-2,9.910000E+37,5.000000E-1,0.000000E+0,5.000000E+0,1.000000E+1,5.000000E+0,1.000000E+1,1.000000E+0,4.150000E+2
1.906827E+1,-2.800000E+3,-2.799300E+0,-7.606900E-1,3.679948E+3,3.787169E+3,7.903000E-2,2.993000E-1,9.910000E+37,-7.606900E-1,-1.302765E+41,1.253954E+42,7.903000E-2,9.910000E+37,5.000000E-1,0.000000E+0,5.000000E+0,1.000000E+1,5.000000E+0,1.000000E+1,1.000000E+0,4.160000E+2
1.911698E+1,-2.500000E+3,-2.499800E+0,-6.818400E-1,3.666256E+3,3.784604E+3,7.911000E-2,2.994000E-1,9.910000E+37,-6.818400E-1,-1.453420E+41,1.252686E+42,7.911000E-2,9.910000E+37,5.000000E-1,0.000000E+0,5.000000E+0,1.000000E+1,5.000000E+0,1.000000E+1,1.000000E+0,4.170000E+2
1.916538E+1,-2.200000E+3,-2.198300E+0,-6.019500E-1,3.651964E+3,3.797949E+3,7.899000E-2,3.000000E-1,9.910000E+37,-6.019500E-1,-1.646316E+41,1.254589E+42,7.899000E-2,9.910000E+37,5.000000E-1,0.000000E+0,5.000000E+0,1.000000E+1,5.000000E+0,1.000000E+1,1.000000E+0,4.180000E+2
1.921390E+1,-1.900000E+3,-1.899400E+0,-5.219800E-1,3.638837E+3,3.789753E+3,7.924000E-2,3.003000E-1,9.910000E+37,-5.219800E-1,-1.898540E+41,1.250631E+42,7.924000E-2,9.910000E+37,5.000000E-1,0.000000E+0,5.000000E+0,1.000000E+1,5.000000E+0,1.000000E+1,1.000000E+0,4.190000E+2
1.926227E+1,-1.600000E+3,-1.600900E+0,-4.413000E-1,3.627691E+3,3.787745E+3,7.915000E-2,2.998000E-1,9.910000E+37,-4.413000E-1,-2.245638E+41,1.252053E+42,7.915000E-2,9.910000E+37,5.000000E-1,0.000000E+0,5.000000E+0,1.000000E+1,5.000000E+0,1.000000E+1,1.000000E+0,4.200000E+2
1.931065E+1,-1.300000E+3,-1.300100E+0,-3.599600E-1,3.611790E+3,3.779766E+3,7.937000E-2,3.000000E-1,9.910000E+37,-3.599600E-1,-2.753084E+41,1.248583E+42,7.937000E-2,9.910000E+37,5.000000E-1,0.000000E+0,5.000000E+0,1.000000E+1,5.000000E+0,1.000000E+1,1.000000E+0,4.210000E+2
1.935911E+1,-1.000000E+3,-9.997000E-1,-2.783500E-1,3.591521E+3,3.804692E+3,7.885000E-2,3.000000E-1,9.910000E+37,-2.783500E-1,-3.560266E+41,1.256817E+42,7.885000E-2,9.910000E+37,5.000000E-1,0.000000E+0,5.000000E+0,1.000000E+1,5.000000E+0,1.000000E+1,1.000000E+0,4.220000E+2
1.940733E+1,-7.000000E+2,-6.990000E-1,-1.959500E-1,3.567237E+3,3.791445E+3,7.902000E-2,2.996000E-1,9.910000E+37,-1.959500E-1,-5.057413E+41,1.254113E+42,7.902000E-2,9.910000E+37,5.000000E-1,0.000000E+0,5.000000E+0,1.000000E+1,5.000000E+0,1.000000E+1,1.000000E+0,4.230000E+2
1.945565E+1,-4.000000E+2,-3.993000E-1,-1.138200E-1,3.508171E+3,3.804513E+3,7.888000E-2,3.001000E-1,9.910000E+37,-1.138200E-1,-8.706730E+41,1.256339E+42,7.888000E-2,9.910000E+37,5.000000E-1,0.000000E+0,5.000000E+0,1.000000E+1,5.000000E+0,1.000000E+1,1.000000E+0,4.240000E+2
1.950410E+1,-1.000000E+2,-9.950000E-2,-3.106000E-2,3.203477E+3,3.794716E+3,7.911000E-2,3.002000E-1,9.910000E+37,-3.106000E-2,-3.190599E+42,1.252686E+42,7.911000E-2,9.910000E+37,5.000000E-1,0.000000E+0,5.000000E+0,1.000000E+1,5.000000E+0,1.000000E+1,1.000000E+0,4.250000E+2
1.955240E+1,2.000000E+2,1.999000E-1,5.179000E-2,3.859818E+3,3.780981E+3,7.908000E-2,2.990000E-1,9.910000E+37,5.179000E-2,1.913497E+42,1.253161E+42,7.908000E-2,9.910000E+37,5.000000E-1,0.000000E+0,5.000000E+0,1.000000E+1,5.000000E+0,1.000000E+1,1.000000E+0,4.260000E+2
1.960069E+1,5.000000E+2,4.994000E-1,1.344900E-1,3.713287E+3,3.798028E+3,7.912000E-2,3.005000E-1,9.910000E+37,1.344900E-1,7.368578E+41,1.252528E+42,7.912000E-2,9.910000E+37,5.000000E-1,0.000000E+0,5.000000E+0,1.000000E+1,5.000000E+0,1.000000E+1,1.000000E+0,4.270000E+2
1.964907E+1,8.000000E+2,8.006000E-1,2.173500E-1,3.683460E+3,3.783342E+3,7.948000E-2,3.007000E-1,9.910000E+37,2.173500E-1,4.559466E+41,1.246855E+42,7.948000E-2,9.910000E+37,5.000000E-1,0.000000E+0,5.000000E+0,1.000000E+1,5.000000E+0,1.000000E+1,1.000000E+0,4.280000E+2
1.969733E+1,1.100000E+3,1.100100E+0,2.998400E-1,3.668957E+3,3.779428E+3,7.943000E-2,3.002000E-1,9.910000E+37,2.998400E-1,3.305096E+41,1.247639E+42,7.943000E-2,9.910000E+37,5.000000E-1,0.000000E+0,5.000000E+0,1.000000E+1,5.000000E+0,1.000000E+1,1.000000E+0,4.290000E+2
1.974558E+1,1.400000E+3,1.399900E+0,3.825000E-1,3.659869E+3,3.780256E+3,7.891000E-2,2.983000E-1,9.910000E+37,3.825000E-1,2.590850E+41,1.255861E+42,7.891000E-2,9.910000E+37,5.000000E-1,0.000000E+0,5.000000E+0,1.000000E+1,5.000000E+0,1.000000E+1,1.000000E+0,4.300000E+2
1.979380E+1,1.700000E+3,1.699900E+0,4.644500E-1,3.660028E+3,3.782488E+3,7.926000E-2,2.998000E-1,9.910000E+37,4.644500E-1,2.133707E+41,1.250315E+42,7.926000E-2,9.910000E+37,5.000000E-1,0.000000E+0,5.000000E+0,1.000000E+1,5.000000E+0,1.000000E+1,1.000000E+0,4.310000E+2
1.984222E+1,2.000000E+3,1.999600E+0,5.465300E-1,3.658720E+3,3.769298E+3,7.967000E-2,3.003000E-1,9.910000E+37,5.465300E-1,1.813258E+41,1.243881E+42,7.967000E-2,9.910000E+37,5.000000E-1,0.000000E+0,5.000000E+0,1.000000E+1,5.000000E+0,1.000000E+1,1.000000E+0,4.320000E+2
1.989064E+1,2.300000E+3,2.300900E+0,6.295000E-1,3.655123E+3,3.758776E+3,7.976000E-2,2.998000E-1,9.910000E+37,6.295000E-1,1.574265E+41,1.242477E+42,7.976000E-2,9.910000E+37,5.000000E-1,0.000000E+0,5.000000E+0,1.000000E+1,5.000000E+0,1.000000E+1,1.000000E+0,4.330000E+2
1.993887E+1,2.600000E+3,2.599000E+0,7.097100E-1,3.662059E+3,3.768605E+3,7.995000E-2,3.013000E-1,9.910000E+37,7.097100E-1,1.396345E+41,1.239525E+42,7.995000E-2,9.910000E+37,5.000000E-1,0.000000E+0,5.000000E+0,1.000000E+1,5.000000E+0,1.000000E+1,1.000000E+0,4.340000E+2
1.998733E+1,2.900000E+3,2.899400E+0,7.900200E-1,3.670034E+3,3.757037E+3,7.993000E-2,3.003000E-1,9.910000E+37,7.900200E-1,1.254399E+41,1.239835E+42,7.993000E-2,9.910000E+37,5.000000E-1,0.000000E+0,5.000000E+0,1.000000E+1,5.000000E+0,1.000000E+1,1.000000E+0,4.350000E+2
2.003578E+1,3.200000E+3,3.199900E+0,8.699900E-1,3.678088E+3,3.772327E+3,7.950000E-2,2.999000E-1,9.910000E+37,8.699900E-1,1.139094E+41,1.246541E+42,7.950000E-2,9.910000E+37,5.000000E-1,0.000000E+0,5.000000E+0,1.000000E+1,5.000000E+0,1.000000E+1,1.000000E+0,4.360000E+2
2.008422E+1,3.500000E+3,3.499600E+0,9.486500E-1,3.689032E+3,3.769936E+3,7.963000E-2,3.002000E-1,9.910000E+37,9.486500E-1,1.044642E+41,1.244506E+42,7.963000E-2,9.910000E+37,5.000000E-1,0.000000E+0,5.000000E+0,1.000000E+1,5.000000E+0,1.000000E+1,1.000000E+0,4.370000E+2
2.013312E+1,3.800000E+3,3.800600E+0,1.025920E+0,3.704577E+3,3.769337E+3,7.951000E-2,2.997000E-1,9.910000E+37,1.025920E+0,9.659623E+40,1.246384E+42,7.951000E-2,9.910000E+37,5.000000E-1,0.000000E+0,5.000000E+0,1.000000E+1,5.000000E+0,1.000000E+1,1.000000E+0,4.380000E+2
2.018157E+1,4.100000E+3,4.100800E+0,1.102010E+0,3.721200E+3,3.772470E+3,7.955000E-2,3.001000E-1,9.910000E+37,1.102010E+0,8.992659E+40,1.245757E+42,7.955000E-2,9.910000E+37,5.000000E-1,0.000000E+0,5.000000E+0,1.000000E+1,5.000000E+0,1.000000E+1,1.000000E+0,4.390000E+2
2.022997E+1,4.400000E+3,4.399800E+0,1.560810E+0,2.818921E+3,2.818301E+3,1.066600E-1,3.006000E-1,9.910000E+37,1.560810E+0,6.349267E+40,9.291206E+41,1.066600E-1,9.910000E+37,5.000000E-1,0.000000E+0,5.000000E+0,1.000000E+1,5.000000E+0,1.000000E+1,1.000000E+0,4.400000E+2
2.027834E+1,4.700000E+3,4.699500E+0,1.659480E+0,2.831911E+3,2.806346E+3,1.071500E-1,3.007000E-1,9.910000E+37,1.659480E+0,5.971750E+40,9.248717E+41,1.071500E-1,9.910000E+37,5.000000E-1,0.000000E+0,5.000000E+0,1.000000E+1,5.000000E+0,1.000000E+1,1.000000E+0,4.410000E+2
2.032671E+1,5.000000E+3,4.999600E+0,1.761900E+0,2.837618E+3,2.786565E+3,1.074800E-1,2.995000E-1,9.910000E+37,1.761900E+0,5.624610E+40,9.220320E+41,1.074800E-1,9.910000E+37,5.000000E-1,0.000000E+0,5.000000E+0,1.000000E+1,5.000000E+0,1.000000E+1,1.000000E+0,4.420000E+2
2.037508E+1,5.300000E+3,5.299700E+0,1.858880E+0,2.851018E+3,2.792063E+3,1.073400E-1,2.997000E-1,9.910000E+37,1.858880E+0,5.331167E+40,9.232346E+41,1.073400E-1,9.910000E+37,5.000000E-1,0.000000E+0,5.000000E+0,1.000000E+1,5.000000E+0,1.000000E+1,1.000000E+0,4.430000E+2
2.042338E+1,5.600000E+3,5.599700E+0,1.953490E+0,2.866511E+3,2.783859E+3,1.078000E-1,3.001000E-1,9.910000E+37,1.953490E+0,5.072972E+40,9.192950E+41,1.078000E-1,9.910000E+37,5.000000E-1,0.000000E+0,5.000000E+0,1.000000E+1,5.000000E+0,1.000000E+1,1.000000E+0,4.440000E+2
2.047165E+1,5.900000E+3,5.900500E+0,2.046520E+0,2.883187E+3,2.788649E+3,1.078300E-1,3.007000E-1,9.910000E+37,2.046520E+0,4.842367E+40,9.190392E+41,1.078300E-1,9.910000E+37,5.000000E-1,0.000000E+0,5.000000E+0,1.000000E+1,5.000000E+0,1.000000E+1,1.000000E+0,4.450000E+2
2.051991E+1,6.200000E+3,6.199400E+0,2.140640E+0,2.896050E+3,2.768507E+3,1.084700E-1,3.003000E-1,9.910000E+37,2.140640E+0,4.629457E+40,9.136167E+41,1.084700E-1,9.910000E+37,5.000000E-1,0.000000E+0,5.000000E+0,1.000000E+1,5.000000E+0,1.000000E+1,1.000000E+0,4.460000E+2
2.056828E+1,6.500000E+3,6.498900E+0,1.661110E+0,3.912384E+3,3.776938E+3,7.935000E-2,2.997000E-1,9.910000E+37,1.661110E+0,5.965890E+40,1.248897E+42,7.935000E-2,9.910000E+37,5.000000E-1,0.000000E+0,5.000000E+0,1.000000E+1,5.000000E+0,1.000000E+1,1.000000E+0,4.470000E+2
2.061675E+1,6.800000E+3,6.800700E+0,1.548340E+0,4.392252E+3,4.269679E+3,7.038000E-2,3.005000E-1,9.910000E+37,1.548340E+0,6.400403E+40,1.408070E+42,7.038000E-2,9.910000E+37,5.000000E-1,0.000000E+0,5.000000E+0,1.000000E+1,5.000000E+0,1.000000E+1,1.000000E+0,4.480000E+2
2.066505E+1,7.000000E+3,6.999800E+0,1.590620E+0,4.400674E+3,4.415929E+3,6.780000E-2,2.994000E-1,9.910000E+37,1.590620E+0,6.230275E+40,1.461652E+42,6.780000E-2,9.910000E+37,5.000000E-1,0.000000E+0,5.000000E+0,1.000000E+1,5.000000E+0,1.000000E+1,1.000000E+0,4.490000E+2
2.071347E+1,6.700000E+3,6.699700E+0,1.537270E+0,4.358180E+3,4.230498E+3,7.089000E-2,2.999000E-1,9.910000E+37,1.537270E+0,6.446493E+40,1.397940E+42,7.089000E-2,9.910000E+37,5.000000E-1,0.000000E+0,5.000000E+0,1.000000E+1,5.000000E+0,1.000000E+1,1.000000E+0,4.500000E+2
2.076187E+1,6.400000E+3,6.400000E+0,1.476910E+0,4.333372E+3,4.257707E+3,7.039000E-2,2.997000E-1,9.910000E+37,1.476910E+0,6.709955E+40,1.407870E+42,7.039000E-2,9.910000E+37,5.000000E-1,0.000000E+0,5.000000E+0,1.000000E+1,5.000000E+0,1.000000E+1,1.000000E+0,4.510000E+2
2.081032E+1,6.100000E+3,6.099600E+0,1.414860E+0,4.311098E+3,4.247236E+3,7.054000E-2,2.996000E-1,9.910000E+37,1.414860E+0,7.004227E+40,1.404877E+42,7.054000E-2,9.910000E+37,5.000000E-1,0.000000E+0,5.000000E+0,1.000000E+1,5.000000E+0,1.000000E+1,1.000000E+0,4.520000E+2
2.085876E+1,5.800000E+3,5.798200E+0,1.351530E+0,4.290101E+3,4.248126E+3,7.069000E-2,3.003000E-1,9.910000E+37,1.351530E+0,7.332431E+40,1.401896E+42,7.069000E-2,9.910000E+37,5.000000E-1,0.000000E+0,5.000000E+0,1.000000E+1,5.000000E+0,1.000000E+1,1.000000E+0,4.530000E+2
2.090695E+1,5.500000E+3,5.500000E+0,1.287530E+0,4.271745E+3,4.257102E+3,7.040000E-2,2.997000E-1,9.910000E+37,1.287530E+0,7.696908E+40,1.407670E+42,7.040000E-2,9.910000E+37,5.000000E-1,0.000000E+0,5.000000E+0,1.000000E+1,5.000000E+0,1.000000E+1,1.000000E+0,4.540000E+2
2.095520E+1,5.200000E+3,5.200300E+0,1.222610E+0,4.253441E+3,4.265019E+3,7.041000E-2,3.003000E-1,9.910000E+37,1.222610E+0,8.105610E+40,1.407471E+42,7.041000E-2,9.910000E+37,5.000000E-1,0.000000E+0,5.000000E+0,1.000000E+1,5.000000E+0,1.000000E+1,1.000000E+0,4.550000E+2
2.100345E+1,4.900000E+3,4.901000E+0,1.157020E+0,4.235882E+3,4.253150E+3,7.063000E-2,3.004000E-1,9.910000E+37,1.157020E+0,8.565107E+40,1.403087E+42,7.063000E-2,9.910000E+37,5.000000E-1,0.000000E+0,5.000000E+0,1.000000E+1,5.000000E+0,1.000000E+1,1.000000E+0,4.560000E+2
2.105170E+1,4.600000E+3,4.599800E+0,1.090650E+0,4.217485E+3,4.258101E+3,7.036000E-2,2.996000E-1,9.910000E+37,1.090650E+0,9.086325E+40,1.408471E+42,7.036000E-2,9.910000E+37,5.000000E-1,0.000000E+0,5.000000E+0,1.000000E+1,5.000000E+0,1.000000E+1,1.000000E+0,4.570000E+2
2.109999E+1,4.300000E+3,4.300600E+0,1.434670E+0,2.997623E+3,4.253689E+3,7.048000E-2,2.998000E-1,9.910000E+37,1.434670E+0,6.907512E+40,1.406073E+42,7.048000E-2,9.910000E+37,5.000000E-1,0.000000E+0,5.000000E+0,1.000000E+1,5.000000E+0,1.000000E+1,1.000000E+0,4.580000E+2
2.114828E+1,4.000000E+3,4.000000E+0,9.559000E-1,4.184538E+3,4.286122E+3,7.004000E-2,3.002000E-1,9.910000E+37,9.559000E-1,1.036719E+41,1.414906E+42,7.004000E-2,9.910000E+37,5.000000E-1,0.000000E+0,5.000000E+0,1.000000E+1,5.000000E+0,1.000000E+1,1.000000E+0,4.590000E+2
2.119656E+1,3.700000E+3,3.699200E+0,1.272150E+0,2.907833E+3,2.938019E+3,1.024500E-1,3.010000E-1,9.910000E+37,1.272150E+0,7.789962E+40,9.673011E+41,1.024500E-1,9.910000E+37,5.000000E-1,0.000000E+0,5.000000E+0,1.000000E+1,5.000000E+0,1.000000E+1,1.000000E+0,4.600000E+2
2.124507E+1,3.400000E+3,3.400000E+0,1.175450E+0,2.892509E+3,2.928139E+3,1.024200E-1,2.999000E-1,9.910000E+37,1.175450E+0,8.430814E+40,9.675845E+41,1.024200E-1,9.910000E+37,5.000000E-1,0.000000E+0,5.000000E+0,1.000000E+1,5.000000E+0,1.000000E+1,1.000000E+0,4.610000E+2
2.129332E+1,3.100000E+3,3.099500E+0,1.080650E+0,2.868181E+3,2.927186E+3,1.025900E-1,3.003000E-1,9.910000E+37,1.080650E+0,9.170407E+40,9.659811E+41,1.025900E-1,9.910000E+37,5.000000E-1,0.000000E+0,5.000000E+0,1.000000E+1,5.000000E+0,1.000000E+1,1.000000E+0,4.620000E+2
2.134160E+1,2.800000E+3,2.800300E+0,9.808200E-1,2.855060E+3,2.911896E+3,1.030600E-1,3.001000E-1,9.910000E+37,9.808200E-1,1.010379E+41,9.615758E+41,1.030600E-1,9.910000E+37,5.000000E-1,0.000000E+0,5.000000E+0,1.000000E+1,5.000000E+0,1.000000E+1,1.000000E+0,4.630000E+2
2.139007E+1,2.500000E+3,2.500100E+0,8.786500E-1,2.845388E+3,2.913875E+3,1.029900E-1,3.001000E-1,9.910000E+37,8.786500E-1,1.127867E+41,9.622293E+41,1.029900E-1,9.910000E+37,5.000000E-1,0.000000E+0,5.000000E+0,1.000000E+1,5.000000E+0,1.000000E+1,1.000000E+0,4.640000E+2
2.143833E+1,2.200000E+3,2.199500E+0,7.756600E-1,2.835650E+3,2.921239E+3,1.029700E-1,3.008000E-1,9.910000E+37,7.756600E-1,1.277622E+41,9.624162E+41,1.029700E-1,9.910000E+37,5.000000E-1,0.000000E+0,5.000000E+0,1.000000E+1,5.000000E+0,1.000000E+1,1.000000E+0,4.650000E+2
2.148766E+1,1.900000E+3,1.899900E+0,6.707100E-1,2.832670E+3,2.920406E+3,1.025200E-1,2.994000E-1,9.910000E+37,6.707100E-1,1.477539E+41,9.666407E+41,1.025200E-1,9.910000E+37,5.000000E-1,0.000000E+0,5.000000E+0,1.000000E+1,5.000000E+0,1.000000E+1,1.000000E+0,4.660000E+2
2.153598E+1,1.600000E+3,1.601000E+0,5.651900E-1,2.832676E+3,2.920681E+3,1.027500E-1,3.001000E-1,9.910000E+37,5.651900E-1,1.753393E+41,9.644769E+41,1.027500E-1,9.910000E+37,5.000000E-1,0.000000E+0,5.000000E+0,1.000000E+1,5.000000E+0,1.000000E+1,1.000000E+0,4.670000E+2
2.158480E+1,1.300000E+3,1.299600E+0,4.583000E-1,2.835697E+3,2.914069E+3,1.026400E-1,2.991000E-1,9.910000E+37,4.583000E-1,2.162339E+41,9.655105E+41,1.026400E-1,9.910000E+37,5.000000E-1,0.000000E+0,5.000000E+0,1.000000E+1,5.000000E+0,1.000000E+1,1.000000E+0,4.680000E+2
2.163325E+1,1.000000E+3,1.001100E+0,3.525400E-1,2.839678E+3,2.926829E+3,1.025000E-1,3.000000E-1,9.910000E+37,3.525400E-1,2.811029E+41,9.668293E+41,1.025000E-1,9.910000E+37,5.000000E-1,0.000000E+0,5.000000E+0,1.000000E+1,5.000000E+0,1.000000E+1,1.000000E+0,4.690000E+2
2.168166E+1,7.000000E+2,6.996000E-1,2.453700E-1,2.851204E+3,2.915897E+3,1.028500E-1,2.999000E-1,9.910000E+37,2.453700E-1,4.038799E+41,9.635391E+41,1.028500E-1,9.910000E+37,5.000000E-1,0.000000E+0,5.000000E+0,1.000000E+1,5.000000E+0,1.000000E+1,1.000000E+0,4.700000E+2
2.172993E+1,4.000000E+2,4.007000E-1,1.383800E-1,2.895650E+3,2.917112E+3,1.029100E-1,3.002000E-1,9.910000E+37,1.383800E-1,7.161440E+41,9.629774E+41,1.029100E-1,9.910000E+37,5.000000E-1,0.000000E+0,5.000000E+0,1.000000E+1,5.000000E+0,1.000000E+1,1.000000E+0,4.710000E+2
2.177835E+1,1.000000E+2,9.930000E-2,3.131000E-2,3.171511E+3,2.919836E+3,1.025400E-1,2.994000E-1,9.910000E+37,3.131000E-2,3.165123E+42,9.664521E+41,1.025400E-1,9.910000E+37,5.000000E-1,0.000000E+0,5.000000E+0,1.000000E+1,5.000000E+0,1.000000E+1,1.000000E+0,4.720000E+2
2.182675E+1,-2.000000E+2,-1.993000E-1,-7.553000E-2,2.638687E+3,2.923407E+3,1.026200E-1,3.000000E-1,9.910000E+37,-7.553000E-2,-1.312061E+42,9.656987E+41,1.026200E-1,9.910000E+37,5.000000E-1,0.000000E+0,5.000000E+0,1.000000E+1,5.000000E+0,1.000000E+1,1.000000E+0,4.730000E+2
2.187520E+1,-5.000000E+2,-5.006000E-1,-1.826200E-1,2.741211E+3,2.914113E+3,1.028100E-1,2.996000E-1,9.910000E+37,-1.826200E-1,-5.426569E+41,9.639140E+41,1.028100E-1,9.910000E+37,5.000000E-1,0.000000E+0,5.000000E+0,1.000000E+1,5.000000E+0,1.000000E+1,1.000000E+0,4.740000E+2
2.192360E+1,-8.000000E+2,-7.999000E-1,-2.884800E-1,2.772809E+3,2.922927E+3,1.025000E-1,2.996000E-1,9.910000E+37,-2.884800E-1,-3.435247E+41,9.668293E+41,1.025000E-1,9.910000E+37,5.000000E-1,0.000000E+0,5.000000E+0,1.000000E+1,5.000000E+0,1.000000E+1,1.000000E+0,4.750000E+2
2.197182E+1,-1.100000E+3,-1.100100E+0,-3.939800E-1,2.792274E+3,2.918451E+3,1.027600E-1,2.999000E-1,9.910000E+37,-3.939800E-1,-2.515356E+41,9.643830E+41,1.027600E-1,9.910000E+37,5.000000E-1,0.000000E+0,5.000000E+0,1.000000E+1,5.000000E+0,1.000000E+1,1.000000E+0,4.760000E+2
2.202028E+1,-1.400000E+3,-1.399400E+0,-4.990600E-1,2.804072E+3,2.914230E+3,1.026000E-1,2.990000E-1,9.910000E+37,-4.990600E-1,-1.985733E+41,9.658869E+41,1.026000E-1,9.910000E+37,5.000000E-1,0.000000E+0,5.000000E+0,1.000000E+1,5.000000E+0,1.000000E+1,1.000000E+0,4.770000E+2
2.206868E+1,-1.700000E+3,-1.700500E+0,-6.034600E-1,2.817917E+3,2.917681E+3,1.026500E-1,2.995000E-1,9.910000E+37,-6.034600E-1,-1.642197E+41,9.654165E+41,1.026500E-1,9.910000E+37,5.000000E-1,0.000000E+0,5.000000E+0,1.000000E+1,5.000000E+0,1.000000E+1,1.000000E+0,4.780000E+2
2.211697E+1,-2.000000E+3,-1.999100E+0,-7.069800E-1,2.827661E+3,2.924924E+3,1.024300E-1,2.996000E-1,9.910000E+37,-7.069800E-1,-1.401737E+41,9.674900E+41,1.024300E-1,9.910000E+37,5.000000E-1,0.000000E+0,5.000000E+0,1.000000E+1,5.000000E+0,1.000000E+1,1.000000E+0,4.790000E+2
2.216535E+1,-2.300000E+3,-2.299400E+0,-8.092500E-1,2.841396E+3,2.922312E+3,1.025900E-1,2.998000E-1,9.910000E+37,-8.092500E-1,-1.224591E+41,9.659811E+41,1.025900E-1,9.910000E+37,5.000000E-1,0.000000E+0,5.000000E+0,1.000000E+1,5.000000E+0,1.000000E+1,1.000000E+0,4.800000E+2
2.221367E+1,-2.600000E+3,-2.598900E+0,-9.105500E-1,2.854209E+3,2.924022E+3,1.025300E-1,2.998000E-1,9.910000E+37,-9.105500E-1,-1.088353E+41,9.665464E+41,1.025300E-1,9.910000E+37,5.000000E-1,0.000000E+0,5.000000E+0,1.000000E+1,5.000000E+0,1.000000E+1,1.000000E+0,4.810000E+2
2.226211E+1,-2.900000E+3,-2.900100E+0,-1.010960E+0,2.868659E+3,2.928564E+3,1.026100E-1,3.005000E-1,9.910000E+37,-1.010960E+0,-9.802564E+40,9.657928E+41,1.026100E-1,9.910000E+37,5.000000E-1,0.000000E+0,5.000000E+0,1.000000E+1,5.000000E+0,1.000000E+1,1.000000E+0,4.820000E+2
2.231081E+1,-3.200000E+3,-3.201500E+0,-1.110170E+0,2.883793E+3,2.925615E+3,1.024400E-1,2.997000E-1,9.910000E+37,-1.110170E+0,-8.926561E+40,9.673955E+41,1.024400E-1,9.910000E+37,5.000000E-1,0.000000E+0,5.000000E+0,1.000000E+1,5.000000E+0,1.000000E+1,1.000000E+0,4.830000E+2
2.235928E+1,-3.500000E+3,-3.499700E+0,-1.208370E+0,2.896216E+3,2.929638E+3,1.024700E-1,3.002000E-1,9.910000E+37,-1.208370E+0,-8.201130E+40,9.671123E+41,1.024700E-1,9.910000E+37,5.000000E-1,0.000000E+0,5.000000E+0,1.000000E+1,5.000000E+0,1.000000E+1,1.000000E+0,4.840000E+2
2.240756E+1,-3.800000E+3,-3.799500E+0,-1.302250E+0,2.917643E+3,2.920129E+3,1.022900E-1,2.987000E-1,9.910000E+37,-1.302250E+0,-7.609906E+40,9.688142E+41,1.022900E-1,9.910000E+37,5.000000E-1,0.000000E+0,5.000000E+0,1.000000E+1,5.000000E+0,1.000000E+1,1.000000E+0,4.850000E+2
2.245588E+1,-4.100000E+3,-4.099500E+0,-1.397020E+0,2.934460E+3,2.920768E+3,1.026100E-1,2.997000E-1,9.910000E+37,-1.397020E+0,-7.093671E+40,9.657928E+41,1.026100E-1,9.910000E+37,5.000000E-1,0.000000E+0,5.000000E+0,1.000000E+1,5.000000E+0,1.000000E+1,1.000000E+0,4.860000E+2
2.250415E+1,-4.400000E+3,-4.399800E+0,-1.491060E+0,2.950787E+3,2.918125E+3,1.028400E-1,3.001000E-1,9.910000E+37,-1.491060E+0,-6.646278E+40,9.636328E+41,1.028400E-1,9.910000E+37,5.000000E-1,0.000000E+0,5.000000E+0,1.000000E+1,5.000000E+0,1.000000E+1,1.000000E+0,4.870000E+2
2.255242E+1,-4.700000E+3,-4.699900E+0,-1.585350E+0,2.964582E+3,2.913624E+3,1.026900E-1,2.992000E-1,9.910000E+37,-1.585350E+0,-6.250986E+40,9.650404E+41,1.026900E-1,9.910000E+37,5.000000E-1,0.000000E+0,5.000000E+0,1.000000E+1,5.000000E+0,1.000000E+1,1.000000E+0,4.880000E+2
2.260066E+1,-5.000000E+3,-5.000000E+0,-1.678060E+0,2.979631E+3,2.919502E+3,1.028600E-1,3.003000E-1,9.910000E+37,-1.678060E+0,-5.905629E+40,9.634455E+41,1.028600E-1,9.910000E+37,5.000000E-1,0.000000E+0,5.000000E+0,1.000000E+1,5.000000E+0,1.000000E+1,1.000000E+0,4.890000E+2
2.264911E+1,-5.300000E+3,-5.300600E+0,-1.769220E+0,2.996010E+3,2.922236E+3,1.024900E-1,2.995000E-1,9.910000E+37,-1.769220E+0,-5.601338E+40,9.669236E+41,1.024900E-1,9.910000E+37,5.000000E-1,0.000000E+0,5.000000E+0,1.000000E+1,5.000000E+0,1.000000E+1,1.000000E+0,4.900000E+2
2.269753E+1,-5.600000E+3,-5.599900E+0,-1.878680E+0,2.980763E+3,2.887629E+3,1.040300E-1,3.004000E-1,9.910000E+37,-1.878680E+0,-5.274980E+40,9.526098E+41,1.040300E-1,9.910000E+37,5.000000E-1,0.000000E+0,5.000000E+0,1.000000E+1,5.000000E+0,1.000000E+1,1.000000E+0,4.910000E+2
2.274587E+1,-5.900000E+3,-5.900300E+0,-2.076120E+0,2.841984E+3,4.254081E+3,7.045000E-2,2.997000E-1,9.910000E+37,-2.076120E+0,-4.773327E+40,1.406671E+42,7.045000E-2,9.910000E+37,5.000000E-1,0.000000E+0,5.000000E+0,1.000000E+1,5.000000E+0,1.000000E+1,1.000000E+0,4.920000E+2
2.279424E+1,-6.200000E+3,-6.199600E+0,-2.071310E+0,2.993082E+3,2.831733E+3,1.062600E-1,3.009000E-1,9.910000E+37,-2.071310E+0,-4.784412E+40,9.326181E+41,1.062600E-1,9.910000E+37,5.000000E-1,0.000000E+0,5.000000E+0,1.000000E+1,5.000000E+0,1.000000E+1,1.000000E+0,4.930000E+2
2.284267E+1,-6.500000E+3,-6.499300E+0,-1.497510E+0,4.340071E+3,4.229471E+3,7.112000E-2,3.008000E-1,9.910000E+37,-1.497510E+0,-6.617652E+40,1.393420E+42,7.112000E-2,9.910000E+37,5.000000E-1,0.000000E+0,5.000000E+0,1.000000E+1,5.000000E+0,1.000000E+1,1.000000E+0,4.940000E+2
2.289121E+1,-6.800000E+3,-6.801200E+0,-1.454040E+0,4.677450E+3,4.317789E+3,6.948000E-2,3.000000E-1,9.910000E+37,-1.454040E+0,-6.815493E+40,1.426310E+42,6.948000E-2,9.910000E+37,5.000000E-1,0.000000E+0,5.000000E+0,1.000000E+1,5.000000E+0,1.000000E+1,1.000000E+0,4.950000E+2
2.293950E+1,-7.000000E+3,-7.000200E+0,-1.516120E+0,4.617181E+3,4.555539E+3,6.581000E-2,2.998000E-1,9.910000E+37,-1.516120E+0,-6.536422E+40,1.505850E+42,6.581000E-2,9.910000E+37,5.000000E-1,0.000000E+0,5.000000E+0,1.000000E+1,5.000000E+0,1.000000E+1,1.000000E+0,4.960000E+2
2.298778E+1,-6.700000E+3,-6.698200E+0,-1.462560E+0,4.579778E+3,4.525426E+3,6.627000E-2,2.999000E-1,9.910000E+37,-1.462560E+0,-6.775790E+40,1.495398E+42,6.627000E-2,9.910000E+37,5.000000E-1,0.000000E+0,5.000000E+0,1.000000E+1,5.000000E+0,1.000000E+1,1.000000E+0,4.970000E+2
2.303662E+1,-6.400000E+3,-6.399800E+0,-1.406500E+0,4.550160E+3,4.525426E+3,6.627000E-2,2.999000E-1,9.910000E+37,-1.406500E+0,-7.045859E+40,1.495398E+42,6.627000E-2,9.910000E+37,5.000000E-1,0.000000E+0,5.000000E+0,1.000000E+1,5.000000E+0,1.000000E+1,1.000000E+0,4.980000E+2
2.308485E+1,-6.100000E+3,-6.099100E+0,-1.347320E+0,4.526838E+3,4.520692E+3,6.645000E-2,3.004000E-1,9.910000E+37,-1.347320E+0,-7.355342E+40,1.491347E+42,6.645000E-2,9.910000E+37,5.000000E-1,0.000000E+0,5.000000E+0,1.000000E+1,5.000000E+0,1.000000E+1,1.000000E+0,4.990000E+2
2.313329E+1,-5.800000E+3,-5.800500E+0,-1.286970E+0,4.507098E+3,4.532569E+3,6.632000E-2,3.006000E-1,9.910000E+37,-1.286970E+0,-7.700257E+40,1.494270E+42,6.632000E-2,9.910000E+37,5.000000E-1,0.000000E+0,5.000000E+0,1.000000E+1,5.000000E+0,1.000000E+1,1.000000E+0,5.000000E+2
2.318158E+1,-5.500000E+3,-5.500700E+0,-1.226990E+0,4.483085E+3,4.519535E+3,6.629000E-2,2.996000E-1,9.910000E+37,-1.226990E+0,-8.076675E+40,1.494946E+42,6.629000E-2,9.910000E+37,5.000000E-1,0.000000E+0,5.000000E+0,1.000000E+1,5.000000E+0,1.000000E+1,1.000000E+0,5.010000E+2
2.322991E+1,-5.200000E+3,-5.198500E+0,-1.165270E+0,4.461198E+3,4.527251E+3,6.642000E-2,3.007000E-1,9.910000E+37,-1.165270E+0,-8.504467E+40,1.492020E+42,6.642000E-2,9.910000E+37,5.000000E-1,0.000000E+0,5.000000E+0,1.000000E+1,5.000000E+0,1.000000E+1,1.000000E+0,5.020000E+2
2.327830E+1,-4.900000E+3,-4.899200E+0,-1.102750E+0,4.442711E+3,4.498649E+3,6.662000E-2,2.997000E-1,9.910000E+37,-1.102750E+0,-8.986624E+40,1.487541E+42,6.662000E-2,9.910000E+37,5.000000E-1,0.000000E+0,5.000000E+0,1.000000E+1,5.000000E+0,1.000000E+1,1.000000E+0,5.030000E+2
2.332687E+1,-4.600000E+3,-4.600300E+0,-1.039200E+0,4.426771E+3,4.511719E+3,6.656000E-2,3.003000E-1,9.910000E+37,-1.039200E+0,-9.536182E+40,1.488882E+42,6.656000E-2,9.910000E+37,5.000000E-1,0.000000E+0,5.000000E+0,1.000000E+1,5.000000E+0,1.000000E+1,1.000000E+0,5.040000E+2
2.337520E+1,-4.300000E+3,-4.300200E+0,-9.752300E-1,4.409421E+3,4.527251E+3,6.642000E-2,3.007000E-1,9.910000E+37,-9.752300E-1,-1.016171E+41,1.492020E+42,6.642000E-2,9.910000E+37,5.000000E-1,0.000000E+0,5.000000E+0,1.000000E+1,5.000000E+0,1.000000E+1,1.000000E+0,5.050000E+2
2.342366E+1,-4.000000E+3,-4.000300E+0,-9.103700E-1,4.394147E+3,4.508160E+3,6.679000E-2,3.011000E-1,9.910000E+37,-9.103700E-1,-1.088568E+41,1.483755E+42,6.679000E-2,9.910000E+37,5.000000E-1,0.000000E+0,5.000000E+0,1.000000E+1,5.000000E+0,1.000000E+1,1.000000E+0,5.060000E+2
2.347198E+1,-3.700000E+3,-3.699900E+0,-8.450500E-1,4.378321E+3,4.484985E+3,6.660000E-2,2.987000E-1,9.910000E+37,-8.450500E-1,-1.172712E+41,1.487988E+42,6.660000E-2,9.910000E+37,5.000000E-1,0.000000E+0,5.000000E+0,1.000000E+1,5.000000E+0,1.000000E+1,1.000000E+0,5.070000E+2
2.352038E+1,-3.400000E+3,-3.399700E+0,-7.786300E-1,4.366259E+3,4.524061E+3,6.629000E-2,2.999000E-1,9.910000E+37,-7.786300E-1,-1.272748E+41,1.494946E+42,6.629000E-2,9.910000E+37,5.000000E-1,0.000000E+0,5.000000E+0,1.000000E+1,5.000000E+0,1.000000E+1,1.000000E+0,5.080000E+2
2.356881E+1,-3.100000E+3,-3.098700E+0,-7.120300E-1,4.351923E+3,4.510039E+3,6.674000E-2,3.010000E-1,9.910000E+37,-7.120300E-1,-1.391795E+41,1.484867E+42,6.674000E-2,9.910000E+37,5.000000E-1,0.000000E+0,5.000000E+0,1.000000E+1,5.000000E+0,1.000000E+1,1.000000E+0,5.090000E+2
2.361717E+1,-2.800000E+3,-2.800900E+0,-6.452900E-1,4.340529E+3,4.505757E+3,6.687000E-2,3.013000E-1,9.910000E+37,-6.452900E-1,-1.535744E+41,1.481980E+42,6.687000E-2,9.910000E+37,5.000000E-1,0.000000E+0,5.000000E+0,1.000000E+1,5.000000E+0,1.000000E+1,1.000000E+0,5.100000E+2
2.366544E+1,-2.500000E+3,-2.498900E+0,-5.774600E-1,4.327399E+3,4.515887E+3,6.672000E-2,3.013000E-1,9.910000E+37,-5.774600E-1,-1.716136E+41,1.485312E+42,6.672000E-2,9.910000E+37,5.000000E-1,0.000000E+0,5.000000E+0,1.000000E+1,5.000000E+0,1.000000E+1,1.000000E+0,5.110000E+2
2.371384E+1,-2.200000E+3,-2.200700E+0,-5.098200E-1,4.316622E+3,4.498653E+3,6.682000E-2,3.006000E-1,9.910000E+37,-5.098200E-1,-1.943823E+41,1.483089E+42,6.682000E-2,9.910000E+37,5.000000E-1,0.000000E+0,5.000000E+0,1.000000E+1,5.000000E+0,1.000000E+1,1.000000E+0,5.120000E+2
2.376219E+1,-1.900000E+3,-1.900500E+0,-4.417700E-1,4.302012E+3,4.507063E+3,6.654000E-2,2.999000E-1,9.910000E+37,-4.417700E-1,-2.243249E+41,1.489330E+42,6.654000E-2,9.910000E+37,5.000000E-1,0.000000E+0,5.000000E+0,1.000000E+1,5.000000E+0,1.000000E+1,1.000000E+0,5.130000E+2
2.381060E+1,-1.600000E+3,-1.599500E+0,-3.724100E-1,4.294997E+3,4.507485E+3,6.680000E-2,3.011000E-1,9.910000E+37,-3.724100E-1,-2.661046E+41,1.483533E+42,6.680000E-2,9.910000E+37,5.000000E-1,0.000000E+0,5.000000E+0,1.000000E+1,5.000000E+0,1.000000E+1,1.000000E+0,5.140000E+2
2.385886E+1,-1.300000E+3,-1.299800E+0,-3.038200E-1,4.278191E+3,4.513461E+3,6.649000E-2,3.001000E-1,9.910000E+37,-3.038200E-1,-3.261800E+41,1.490450E+42,6.649000E-2,9.910000E+37,5.000000E-1,0.000000E+0,5.000000E+0,1.000000E+1,5.000000E+0,1.000000E+1,1.000000E+0,5.150000E+2
2.390713E+1,-1.000000E+3,-1.000000E+0,-2.342200E-1,4.269490E+3,4.500602E+3,6.648000E-2,2.992000E-1,9.910000E+37,-2.342200E-1,-4.231065E+41,1.490674E+42,6.648000E-2,9.910000E+37,5.000000E-1,0.000000E+0,5.000000E+0,1.000000E+1,5.000000E+0,1.000000E+1,1.000000E+0,5.160000E+2
2.395540E+1,-7.000000E+2,-6.991000E-1,-1.650400E-1,4.235943E+3,4.501348E+3,6.678000E-2,3.006000E-1,9.910000E+37,-1.650400E-1,-6.004605E+41,1.483977E+42,6.678000E-2,9.910000E+37,5.000000E-1,0.000000E+0,5.000000E+0,1.000000E+1,5.000000E+0,1.000000E+1,1.000000E+0,5.170000E+2
2.400367E+1,-4.000000E+2,-4.000000E-1,-9.546000E-2,4.190237E+3,4.505247E+3,6.670000E-2,3.005000E-1,9.910000E+37,-9.546000E-2,-1.038131E+42,1.485757E+42,6.670000E-2,9.910000E+37,5.000000E-1,0.000000E+0,5.000000E+0,1.000000E+1,5.000000E+0,1.000000E+1,1.000000E+0,5.180000E+2
2.405206E+1,-1.000000E+2,-9.970000E-2,-2.622000E-2,3.802441E+3,4.496695E+3,6.656000E-2,2.993000E-1,9.910000E+37,-2.622000E-2,-3.779558E+42,1.488882E+42,6.656000E-2,9.910000E+37,5.000000E-1,0.000000E+0,5.000000E+0,1.000000E+1,5.000000E+0,1.000000E+1,1.000000E+0,5.190000E+2
2.410035E+1,2.000000E+2,2.003000E-1,4.362000E-2,4.591930E+3,4.482501E+3,6.686000E-2,2.997000E-1,9.910000E+37,4.362000E-2,2.271894E+42,1.482202E+42,6.686000E-2,9.910000E+37,5.000000E-1,0.000000E+0,5.000000E+0,1.000000E+1,5.000000E+0,1.000000E+1,1.000000E+0,5.200000E+2
2.414873E+1,5.000000E+2,5.015000E-1,1.131200E-1,4.433345E+3,4.501352E+3,6.658000E-2,2.997000E-1,9.910000E+37,1.131200E-1,8.760608E+41,1.488435E+42,6.658000E-2,9.910000E+37,5.000000E-1,0.000000E+0,5.000000E+0,1.000000E+1,5.000000E+0,1.000000E+1,1.000000E+0,5.210000E+2
2.419717E+1,8.000000E+2,7.996000E-1,1.827400E-1,4.375616E+3,4.519680E+3,6.631000E-2,2.997000E-1,9.910000E+37,1.827400E-1,5.423005E+41,1.494496E+42,6.631000E-2,9.910000E+37,5.000000E-1,0.000000E+0,5.000000E+0,1.000000E+1,5.000000E+0,1.000000E+1,1.000000E+0,5.220000E+2
2.424569E+1,1.100000E+3,1.099000E+0,2.522100E-1,4.357480E+3,4.492428E+3,6.669000E-2,2.996000E-1,9.910000E+37,2.522100E-1,3.929265E+41,1.485980E+42,6.669000E-2,9.910000E+37,5.000000E-1,0.000000E+0,5.000000E+0,1.000000E+1,5.000000E+0,1.000000E+1,1.000000E+0,5.230000E+2
2.429432E+1,1.400000E+3,1.400300E+0,3.223700E-1,4.343766E+3,4.501878E+3,6.655000E-2,2.996000E-1,9.910000E+37,3.223700E-1,3.074107E+41,1.489106E+42,6.655000E-2,9.910000E+37,5.000000E-1,0.000000E+0,5.000000E+0,1.000000E+1,5.000000E+0,1.000000E+1,1.000000E+0,5.240000E+2
2.434271E+1,1.700000E+3,1.700500E+0,3.918000E-1,4.340225E+3,4.483171E+3,6.685000E-2,2.997000E-1,9.910000E+37,3.918000E-1,2.529352E+41,1.482423E+42,6.685000E-2,9.910000E+37,5.000000E-1,0.000000E+0,5.000000E+0,1.000000E+1,5.000000E+0,1.000000E+1,1.000000E+0,5.250000E+2
2.439101E+1,2.000000E+3,2.000400E+0,4.612700E-1,4.336723E+3,4.487103E+3,6.668000E-2,2.992000E-1,9.910000E+37,4.612700E-1,2.148416E+41,1.486203E+42,6.668000E-2,9.910000E+37,5.000000E-1,0.000000E+0,5.000000E+0,1.000000E+1,5.000000E+0,1.000000E+1,1.000000E+0,5.260000E+2
2.443933E+1,2.300000E+3,2.301100E+0,5.304200E-1,4.338260E+3,4.489489E+3,6.660000E-2,2.990000E-1,9.910000E+37,5.304200E-1,1.868331E+41,1.487988E+42,6.660000E-2,9.910000E+37,5.000000E-1,0.000000E+0,5.000000E+0,1.000000E+1,5.000000E+0,1.000000E+1,1.000000E+0,5.270000E+2
2.448902E+1,2.600000E+3,2.599300E+0,5.992300E-1,4.337733E+3,4.476762E+3,6.670000E-2,2.986000E-1,9.910000E+37,5.992300E-1,1.653789E+41,1.485757E+42,6.670000E-2,9.910000E+37,5.000000E-1,0.000000E+0,5.000000E+0,1.000000E+1,5.000000E+0,1.000000E+1,1.000000E+0,5.280000E+2
2.453729E+1,2.900000E+3,2.899700E+0,6.680400E-1,4.340608E+3,4.493860E+3,6.678000E-2,3.001000E-1,9.910000E+37,6.680400E-1,1.483444E+41,1.483977E+42,6.678000E-2,9.910000E+37,5.000000E-1,0.000000E+0,5.000000E+0,1.000000E+1,5.000000E+0,1.000000E+1,1.000000E+0,5.290000E+2
2.458584E+1,3.200000E+3,3.200000E+0,7.364800E-1,4.344992E+3,4.495289E+3,6.687000E-2,3.006000E-1,9.910000E+37,7.364800E-1,1.345590E+41,1.481980E+42,6.687000E-2,9.910000E+37,5.000000E-1,0.000000E+0,5.000000E+0,1.000000E+1,5.000000E+0,1.000000E+1,1.000000E+0,5.300000E+2
2.463428E+1,3.500000E+3,3.499900E+0,8.041500E-1,4.352297E+3,4.488909E+3,6.672000E-2,2.995000E-1,9.910000E+37,8.041500E-1,1.232357E+41,1.485312E+42,6.672000E-2,9.910000E+37,5.000000E-1,0.000000E+0,5.000000E+0,1.000000E+1,5.000000E+0,1.000000E+1,1.000000E+0,5.310000E+2
2.468253E+1,3.800000E+3,3.798500E+0,8.708700E-1,4.361730E+3,4.493794E+3,6.687000E-2,3.005000E-1,9.910000E+37,8.708700E-1,1.137943E+41,1.481980E+42,6.687000E-2,9.910000E+37,5.000000E-1,0.000000E+0,5.000000E+0,1.000000E+1,5.000000E+0,1.000000E+1,1.000000E+0,5.320000E+2
2.473081E+1,4.100000E+3,4.100000E+0,1.420100E+0,2.887121E+3,2.850618E+3,1.051000E-1,2.996000E-1,9.910000E+37,1.420100E+0,6.978382E+40,9.429115E+41,1.051000E-1,9.910000E+37,5.000000E-1,0.000000E+0,5.000000E+0,1.000000E+1,5.000000E+0,1.000000E+1,1.000000E+0,5.330000E+2
2.477913E+1,4.400000E+3,4.399500E+0,1.553960E+0,2.831154E+3,2.828502E+3,1.062400E-1,3.005000E-1,9.910000E+37,1.553960E+0,6.377256E+40,9.327937E+41,1.062400E-1,9.910000E+37,5.000000E-1,0.000000E+0,5.000000E+0,1.000000E+1,5.000000E+0,1.000000E+1,1.000000E+0,5.340000E+2
2.482727E+1,4.700000E+3,4.700900E+0,1.560890E+0,3.011679E+3,2.995203E+3,1.000600E-1,2.997000E-1,9.910000E+37,1.560890E+0,6.348942E+40,9.904058E+41,1.000600E-1,9.910000E+37,5.000000E-1,0.000000E+0,5.000000E+0,1.000000E+1,5.000000E+0,1.000000E+1,1.000000E+0,5.350000E+2
2.487557E+1,5.000000E+3,4.999900E+0,1.651160E+0,3.028114E+3,3.002091E+3,1.004300E-1,3.015000E-1,9.910000E+37,1.651160E+0,6.001841E+40,9.867569E+41,1.004300E-1,9.910000E+37,5.000000E-1,0.000000E+0,5.000000E+0,1.000000E+1,5.000000E+0,1.000000E+1,1.000000E+0,5.360000E+2
2.492384E+1,5.300000E+3,5.300100E+0,1.740360E+0,3.045404E+3,2.993631E+3,1.004800E-1,3.008000E-1,9.910000E+37,1.740360E+0,5.694224E+40,9.862659E+41,1.004800E-1,9.910000E+37,5.000000E-1,0.000000E+0,5.000000E+0,1.000000E+1,5.000000E+0,1.000000E+1,1.000000E+0,5.370000E+2
2.497253E+1,5.600000E+3,5.599500E+0,1.256550E+0,4.456249E+3,4.474749E+3,6.673000E-2,2.986000E-1,9.910000E+37,1.256550E+0,7.886674E+40,1.485089E+42,6.673000E-2,9.910000E+37,5.000000E-1,0.000000E+0,5.000000E+0,1.000000E+1,5.000000E+0,1.000000E+1,1.000000E+0,5.380000E+2
2.502073E+1,5.900000E+3,5.899300E+0,1.316500E+0,4.481048E+3,4.522379E+3,6.658000E-2,3.011000E-1,9.910000E+37,1.316500E+0,7.527535E+40,1.488435E+42,6.658000E-2,9.910000E+37,5.000000E-1,0.000000E+0,5.000000E+0,1.000000E+1,5.000000E+0,1.000000E+1,1.000000E+0,5.390000E+2
2.506905E+1,6.200000E+3,6.200700E+0,1.976500E+0,3.137212E+3,3.048335E+3,9.848000E-2,3.002000E-1,9.910000E+37,1.976500E+0,5.013913E+40,1.006296E+42,9.848000E-2,9.910000E+37,5.000000E-1,0.000000E+0,5.000000E+0,1.000000E+1,5.000000E+0,1.000000E+1,1.000000E+0,5.400000E+2
2.511735E+1,6.500000E+3,6.498900E+0,2.065810E+0,3.145933E+3,3.029661E+3,9.912000E-2,3.003000E-1,9.910000E+37,2.065810E+0,4.797150E+40,9.997982E+41,9.912000E-2,9.910000E+37,5.000000E-1,0.000000E+0,5.000000E+0,1.000000E+1,5.000000E+0,1.000000E+1,1.000000E+0,5.410000E+2
2.516581E+1,6.800000E+3,6.800400E+0,2.171010E+0,3.132367E+3,4.497236E+3,6.693000E-2,3.010000E-1,9.910000E+37,2.171010E+0,4.564696E+40,1.480651E+42,6.693000E-2,9.910000E+37,5.000000E-1,0.000000E+0,5.000000E+0,1.000000E+1,5.000000E+0,1.000000E+1,1.000000E+0,5.420000E+2
2.521411E+1,7.000000E+3,7.000400E+0,1.540960E+0,4.542882E+3,4.486414E+3,6.698000E-2,3.005000E-1,9.910000E+37,1.540960E+0,6.431056E+40,1.479546E+42,6.698000E-2,9.910000E+37,5.000000E-1,0.000000E+0,5.000000E+0,1.000000E+1,5.000000E+0,1.000000E+1,1.000000E+0,5.430000E+2
2.526238E+1,6.700000E+3,6.700800E+0,1.483560E+0,4.516703E+3,4.474116E+3,6.703000E-2,2.999000E-1,9.910000E+37,1.483560E+0,6.679878E+40,1.478442E+42,6.703000E-2,9.910000E+37,5.000000E-1,0.000000E+0,5.000000E+0,1.000000E+1,5.000000E+0,1.000000E+1,1.000000E+0,5.440000E+2
2.531076E+1,6.400000E+3,6.399500E+0,1.713230E+0,3.735342E+3,3.644233E+3,8.202000E-2,2.989000E-1,9.910000E+37,1.713230E+0,5.784396E+40,1.208242E+42,8.202000E-2,9.910000E+37,5.000000E-1,0.000000E+0,5.000000E+0,1.000000E+1,5.000000E+0,1.000000E+1,1.000000E+0,5.450000E+2
2.535938E+1,6.100000E+3,6.099800E+0,1.651370E+0,3.693782E+3,3.624697E+3,8.260000E-2,2.994000E-1,9.910000E+37,1.651370E+0,6.001078E+40,1.199758E+42,8.260000E-2,9.910000E+37,5.000000E-1,0.000000E+0,5.000000E+0,1.000000E+1,5.000000E+0,1.000000E+1,1.000000E+0,5.460000E+2
2.540782E+1,5.800000E+3,5.800100E+0,1.580870E+0,3.668929E+3,3.625378E+3,8.275000E-2,3.000000E-1,9.910000E+37,1.580870E+0,6.268700E+40,1.197583E+42,8.275000E-2,9.910000E+37,5.000000E-1,0.000000E+0,5.000000E+0,1.000000E+1,5.000000E+0,1.000000E+1,1.000000E+0,5.470000E+2
2.545624E+1,5.500000E+3,5.500700E+0,1.508710E+0,3.645962E+3,3.635378E+3,8.299000E-2,3.017000E-1,9.910000E+37,1.508710E+0,6.568525E+40,1.194120E+42,8.299000E-2,9.910000E+37,5.000000E-1,0.000000E+0,5.000000E+0,1.000000E+1,5.000000E+0,1.000000E+1,1.000000E+0,5.480000E+2
2.550449E+1,5.200000E+3,5.199500E+0,1.434170E+0,3.625442E+3,3.620482E+3,8.300000E-2,3.005000E-1,9.910000E+37,1.434170E+0,6.909920E+40,1.193976E+42,8.300000E-2,9.910000E+37,5.000000E-1,0.000000E+0,5.000000E+0,1.000000E+1,5.000000E+0,1.000000E+1,1.000000E+0,5.490000E+2
2.555274E+1,4.900000E+3,4.898900E+0,1.358590E+0,3.605871E+3,3.604261E+3,8.354000E-2,3.011000E-1,9.910000E+37,1.358590E+0,7.294327E+40,1.186258E+42,8.354000E-2,9.910000E+37,5.000000E-1,0.000000E+0,5.000000E+0,1.000000E+1,5.000000E+0,1.000000E+1,1.000000E+0,5.500000E+2
2.560123E+1,4.600000E+3,4.600700E+0,1.281990E+0,3.588718E+3,3.620981E+3,8.274000E-2,2.996000E-1,9.910000E+37,1.281990E+0,7.730170E+40,1.197728E+42,8.274000E-2,9.910000E+37,5.000000E-1,0.000000E+0,5.000000E+0,1.000000E+1,5.000000E+0,1.000000E+1,1.000000E+0,5.510000E+2
2.564975E+1,4.300000E+3,4.300500E+0,1.204060E+0,3.571666E+3,3.613051E+3,8.306000E-2,3.001000E-1,9.910000E+37,1.204060E+0,8.230487E+40,1.193113E+42,8.306000E-2,9.910000E+37,5.000000E-1,0.000000E+0,5.000000E+0,1.000000E+1,5.000000E+0,1.000000E+1,1.000000E+0,5.520000E+2
2.569840E+1,4.000000E+3,4.000300E+0,1.124910E+0,3.556107E+3,3.618485E+3,8.288000E-2,2.999000E-1,9.910000E+37,1.124910E+0,8.809594E+40,1.195705E+42,8.288000E-2,9.910000E+37,5.000000E-1,0.000000E+0,5.000000E+0,1.000000E+1,5.000000E+0,1.000000E+1,1.000000E+0,5.530000E+2
2.574682E+1,3.700000E+3,3.700000E+0,1.045190E+0,3.540026E+3,3.620399E+3,8.314000E-2,3.010000E-1,9.910000E+37,1.045190E+0,9.481530E+40,1.191965E+42,8.314000E-2,9.910000E+37,5.000000E-1,0.000000E+0,5.000000E+0,1.000000E+1,5.000000E+0,1.000000E+1,1.000000E+0,5.540000E+2
2.579531E+1,3.400000E+3,3.399200E+0,9.642500E-1,3.525227E+3,3.619565E+3,8.280000E-2,2.997000E-1,9.910000E+37,9.642500E-1,1.027742E+41,1.196860E+42,8.280000E-2,9.910000E+37,5.000000E-1,0.000000E+0,5.000000E+0,1.000000E+1,5.000000E+0,1.000000E+1,1.000000E+0,5.550000E+2
2.584364E+1,3.100000E+3,3.100800E+0,8.825600E-1,3.513416E+3,3.625136E+3,8.259000E-2,2.994000E-1,9.910000E+37,8.825600E-1,1.122870E+41,1.199903E+42,8.259000E-2,9.910000E+37,5.000000E-1,0.000000E+0,5.000000E+0,1.000000E+1,5.000000E+0,1.000000E+1,1.000000E+0,5.560000E+2
2.589216E+1,2.800000E+3,2.799800E+0,7.985300E-1,3.506193E+3,3.629755E+3,8.254000E-2,2.996000E-1,9.910000E+37,7.985300E-1,1.241030E+41,1.200630E+42,8.254000E-2,9.910000E+37,5.000000E-1,0.000000E+0,5.000000E+0,1.000000E+1,5.000000E+0,1.000000E+1,1.000000E+0,5.570000E+2
2.594045E+1,2.500000E+3,2.499100E+0,7.138500E-1,3.500876E+3,3.608643E+3,8.330000E-2,3.006000E-1,9.910000E+37,7.138500E-1,1.388247E+41,1.189676E+42,8.330000E-2,9.910000E+37,5.000000E-1,0.000000E+0,5.000000E+0,1.000000E+1,5.000000E+0,1.000000E+1,1.000000E+0,5.580000E+2
2.598897E+1,2.200000E+3,2.199800E+0,6.293200E-1,3.495519E+3,3.630435E+3,8.280000E-2,3.006000E-1,9.910000E+37,6.293200E-1,1.574716E+41,1.196860E+42,8.280000E-2,9.910000E+37,5.000000E-1,0.000000E+0,5.000000E+0,1.000000E+1,5.000000E+0,1.000000E+1,1.000000E+0,5.590000E+2
2.603736E+1,1.900000E+3,1.900600E+0,5.435400E-1,3.496707E+3,3.638236E+3,8.254000E-2,3.003000E-1,9.910000E+37,5.435400E-1,1.823233E+41,1.200630E+42,8.254000E-2,9.910000E+37,5.000000E-1,0.000000E+0,5.000000E+0,1.000000E+1,5.000000E+0,1.000000E+1,1.000000E+0,5.600000E+2
2.608574E+1,1.600000E+3,1.600700E+0,4.572300E-1,3.500864E+3,3.624728E+3,8.282000E-2,3.002000E-1,9.910000E+37,4.572300E-1,2.167399E+41,1.196571E+42,8.282000E-2,9.910000E+37,5.000000E-1,0.000000E+0,5.000000E+0,1.000000E+1,5.000000E+0,1.000000E+1,1.000000E+0,5.610000E+2
2.613403E+1,1.300000E+3,1.300500E+0,3.702700E-1,3.512302E+3,3.631176E+3,8.237000E-2,2.991000E-1,9.910000E+37,3.702700E-1,2.676425E+41,1.203108E+42,8.237000E-2,9.910000E+37,5.000000E-1,0.000000E+0,5.000000E+0,1.000000E+1,5.000000E+0,1.000000E+1,1.000000E+0,5.620000E+2
2.618240E+1,1.000000E+3,9.996000E-1,2.835400E-1,3.525429E+3,3.632298E+3,8.273000E-2,3.005000E-1,9.910000E+37,2.835400E-1,3.495098E+41,1.197873E+42,8.273000E-2,9.910000E+37,5.000000E-1,0.000000E+0,5.000000E+0,1.000000E+1,5.000000E+0,1.000000E+1,1.000000E+0,5.630000E+2
2.623080E+1,7.000000E+2,7.001000E-1,1.973400E-1,3.547684E+3,3.628104E+3,8.255000E-2,2.995000E-1,9.910000E+37,1.973400E-1,5.021790E+41,1.200485E+42,8.255000E-2,9.910000E+37,5.000000E-1,0.000000E+0,5.000000E+0,1.000000E+1,5.000000E+0,1.000000E+1,1.000000E+0,5.640000E+2
2.627927E+1,4.000000E+2,4.004000E-1,1.117700E-1,3.582357E+3,3.629954E+3,8.226000E-2,2.986000E-1,9.910000E+37,1.117700E-1,8.866422E+41,1.204717E+42,8.226000E-2,9.910000E+37,5.000000E-1,0.000000E+0,5.000000E+0,1.000000E+1,5.000000E+0,1.000000E+1,1.000000E+0,5.650000E+2
2.632764E+1,1.000000E+2,1.007000E-1,2.555000E-2,3.941292E+3,3.627238E+3,8.268000E-2,2.999000E-1,9.910000E+37,2.555000E-2,3.878669E+42,1.198597E+42,8.268000E-2,9.910000E+37,5.000000E-1,0.000000E+0,5.000000E+0,1.000000E+1,5.000000E+0,1.000000E+1,1.000000E+0,5.660000E+2
2.637621E+1,-2.000000E+2,-1.998000E-1,-6.066000E-2,3.293769E+3,3.648173E+3,8.237000E-2,3.005000E-1,9.910000E+37,-6.066000E-2,-1.633696E+42,1.203108E+42,8.237000E-2,9.910000E+37,5.000000E-1,0.000000E+0,5.000000E+0,1.000000E+1,5.000000E+0,1.000000E+1,1.000000E+0,5.670000E+2
2.642453E+1,-5.000000E+2,-5.003000E-1,-1.463400E-1,3.418751E+3,3.635263E+3,8.258000E-2,3.002000E-1,9.910000E+37,-1.463400E-1,-6.771901E+41,1.200048E+42,8.258000E-2,9.910000E+37,5.000000E-1,0.000000E+0,5.000000E+0,1.000000E+1,5.000000E+0,1.000000E+1,1.000000E+0,5.680000E+2
2.647283E+1,-8.000000E+2,-7.998000E-1,-2.322400E-1,3.443851E+3,3.627463E+3,8.273000E-2,3.001000E-1,9.910000E+37,-2.322400E-1,-4.267137E+41,1.197873E+42,8.273000E-2,9.910000E+37,5.000000E-1,0.000000E+0,5.000000E+0,1.000000E+1,5.000000E+0,1.000000E+1,1.000000E+0,5.690000E+2
2.652112E+1,-1.100000E+3,-1.099000E+0,-3.175900E-1,3.460436E+3,3.626014E+3,8.257000E-2,2.994000E-1,9.910000E+37,-3.175900E-1,-3.120375E+41,1.200194E+42,8.257000E-2,9.910000E+37,5.000000E-1,0.000000E+0,5.000000E+0,1.000000E+1,5.000000E+0,1.000000E+1,1.000000E+0,5.700000E+2
2.656944E+1,-1.400000E+3,-1.399400E+0,-4.028500E-1,3.473750E+3,3.628779E+3,8.270000E-2,3.001000E-1,9.910000E+37,-4.028500E-1,-2.459973E+41,1.198307E+42,8.270000E-2,9.910000E+37,5.000000E-1,0.000000E+0,5.000000E+0,1.000000E+1,5.000000E+0,1.000000E+1,1.000000E+0,5.710000E+2
2.661772E+1,-1.700000E+3,-1.700100E+0,-4.874300E-1,3.487885E+3,3.637024E+3,8.265000E-2,3.006000E-1,9.910000E+37,-4.874300E-1,-2.033112E+41,1.199032E+42,8.265000E-2,9.910000E+37,5.000000E-1,0.000000E+0,5.000000E+0,1.000000E+1,5.000000E+0,1.000000E+1,1.000000E+0,5.720000E+2
2.666603E+1,-2.000000E+3,-1.999900E+0,-5.710900E-1,3.501900E+3,3.644212E+3,8.224000E-2,2.997000E-1,9.910000E+37,-5.710900E-1,-1.735278E+41,1.205010E+42,8.224000E-2,9.910000E+37,5.000000E-1,0.000000E+0,5.000000E+0,1.000000E+1,5.000000E+0,1.000000E+1,1.000000E+0,5.730000E+2
2.671549E+1,-2.300000E+3,-2.299800E+0,-6.540200E-1,3.516406E+3,3.628319E+3,8.249000E-2,2.993000E-1,9.910000E+37,-6.540200E-1,-1.515244E+41,1.201358E+42,8.249000E-2,9.910000E+37,5.000000E-1,0.000000E+0,5.000000E+0,1.000000E+1,5.000000E+0,1.000000E+1,1.000000E+0,5.740000E+2
2.676381E+1,-2.600000E+3,-2.600900E+0,-7.369500E-1,3.529276E+3,3.641007E+3,8.223000E-2,2.994000E-1,9.910000E+37,-7.369500E-1,-1.344732E+41,1.205156E+42,8.223000E-2,9.910000E+37,5.000000E-1,0.000000E+0,5.000000E+0,1.000000E+1,5.000000E+0,1.000000E+1,1.000000E+0,5.750000E+2
2.681225E+1,-2.900000E+3,-2.899800E+0,-8.194800E-1,3.538585E+3,3.662712E+3,8.177000E-2,2.995000E-1,9.910000E+37,-8.194800E-1,-1.209303E+41,1.211936E+42,8.177000E-2,9.910000E+37,5.000000E-1,0.000000E+0,5.000000E+0,1.000000E+1,5.000000E+0,1.000000E+1,1.000000E+0,5.760000E+2
2.686070E+1,-3.200000E+3,-3.199800E+0,-9.013000E-1,3.550205E+3,3.638130E+3,8.235000E-2,2.996000E-1,9.910000E+37,-9.013000E-1,-1.099523E+41,1.203400E+42,8.235000E-2,9.910000E+37,5.000000E-1,0.000000E+0,5.000000E+0,1.000000E+1,5.000000E+0,1.000000E+1,1.000000E+0,5.770000E+2
2.690916E+1,-3.500000E+3,-3.500300E+0,-1.442340E+0,2.426820E+3,2.430134E+3,1.234500E-1,3.000000E-1,9.910000E+37,-1.442340E+0,-6.870779E+40,8.027542E+41,1.234500E-1,9.910000E+37,5.000000E-1,0.000000E+0,5.000000E+0,1.000000E+1,5.000000E+0,1.000000E+1,1.000000E+0,5.780000E+2
2.695744E+1,-3.800000E+3,-3.800200E+0,-1.062310E+0,3.577299E+3,3.655493E+3,8.174000E-2,2.988000E-1,9.910000E+37,-1.062310E+0,-9.328727E+40,1.212381E+42,8.174000E-2,9.910000E+37,5.000000E-1,0.000000E+0,5.000000E+0,1.000000E+1,5.000000E+0,1.000000E+1,1.000000E+0,5.790000E+2
2.700568E+1,-4.100000E+3,-4.099900E+0,-9.412400E-1,4.355850E+3,4.453032E+3,6.728000E-2,2.996000E-1,9.910000E+37,-9.412400E-1,-1.052866E+41,1.472949E+42,6.728000E-2,9.910000E+37,5.000000E-1,0.000000E+0,5.000000E+0,1.000000E+1,5.000000E+0,1.000000E+1,1.000000E+0,5.800000E+2
2.705415E+1,-4.400000E+3,-4.400100E+0,-1.008690E+0,4.362193E+3,4.446092E+3,6.743000E-2,2.998000E-1,9.910000E+37,-1.008690E+0,-9.824624E+40,1.469672E+42,6.743000E-2,9.910000E+37,5.000000E-1,0.000000E+0,5.000000E+0,1.000000E+1,5.000000E+0,1.000000E+1,1.000000E+0,5.810000E+2
2.710263E+1,-4.700000E+3,-4.700700E+0,-1.075280E+0,4.371606E+3,2.907877E+3,1.033400E-1,3.005000E-1,9.910000E+37,-1.075280E+0,-9.216204E+40,9.589704E+41,1.033400E-1,9.910000E+37,5.000000E-1,0.000000E+0,5.000000E+0,1.000000E+1,5.000000E+0,1.000000E+1,1.000000E+0,5.820000E+2
2.715089E+1,-5.000000E+3,-5.001200E+0,-1.141550E+0,4.381061E+3,4.430623E+3,6.753000E-2,2.992000E-1,9.910000E+37,-1.141550E+0,-8.681179E+40,1.467496E+42,6.753000E-2,9.910000E+37,5.000000E-1,0.000000E+0,5.000000E+0,1.000000E+1,5.000000E+0,1.000000E+1,1.000000E+0,5.830000E+2
2.719929E+1,-5.300000E+3,-5.300300E+0,-1.205750E+0,4.395853E+3,4.424180E+3,6.799000E-2,3.008000E-1,9.910000E+37,-1.205750E+0,-8.218951E+40,1.457567E+42,6.799000E-2,9.910000E+37,5.000000E-1,0.000000E+0,5.000000E+0,1.000000E+1,5.000000E+0,1.000000E+1,1.000000E+0,5.840000E+2
2.724763E+1,-5.600000E+3,-5.600100E+0,-1.270150E+0,4.409007E+3,4.427245E+3,6.783000E-2,3.003000E-1,9.910000E+37,-1.270150E+0,-7.802228E+40,1.461005E+42,6.783000E-2,9.910000E+37,5.000000E-1,0.000000E+0,5.000000E+0,1.000000E+1,5.000000E+0,1.000000E+1,1.000000E+0,5.850000E+2
2.729594E+1,-5.900000E+3,-5.900100E+0,-1.334190E+0,4.422234E+3,4.403697E+3,6.817000E-2,3.002000E-1,9.910000E+37,-1.334190E+0,-7.427728E+40,1.453719E+42,6.817000E-2,9.910000E+37,5.000000E-1,0.000000E+0,5.000000E+0,1.000000E+1,5.000000E+0,1.000000E+1,1.000000E+0,5.860000E+2
2.734430E+1,-6.200000E+3,-6.199200E+0,-1.397860E+0,4.434779E+3,4.398827E+3,6.820000E-2,3.000000E-1,9.910000E+37,-1.397860E+0,-7.089408E+40,1.453079E+42,6.820000E-2,9.910000E+37,5.000000E-1,0.000000E+0,5.000000E+0,1.000000E+1,5.000000E+0,1.000000E+1,1.000000E+0,5.870000E+2
2.739293E+1,-6.500000E+3,-6.499900E+0,-1.461940E+0,4.446078E+3,4.390852E+3,6.821000E-2,2.995000E-1,9.910000E+37,-1.461940E+0,-6.778664E+40,1.452866E+42,6.821000E-2,9.910000E+37,5.000000E-1,0.000000E+0,5.000000E+0,1.000000E+1,5.000000E+0,1.000000E+1,1.000000E+0,5.880000E+2
2.744177E+1,-6.800000E+3,-6.800500E+0,-1.535960E+0,4.427524E+3,4.332177E+3,6.918000E-2,2.997000E-1,9.910000E+37,-1.535960E+0,-6.451991E+40,1.432495E+42,6.918000E-2,9.910000E+37,5.000000E-1,0.000000E+0,5.000000E+0,1.000000E+1,5.000000E+0,1.000000E+1,1.000000E+0,5.890000E+2
2.749096E+1,-7.000000E+3,-7.000000E+0,-1.576350E+0,4.440638E+3,4.315275E+3,6.959000E-2,3.003000E-1,9.910000E+37,-1.576350E+0,-6.286675E+40,1.424055E+42,6.959000E-2,9.910000E+37,5.000000E-1,0.000000E+0,5.000000E+0,1.000000E+1,5.000000E+0,1.000000E+1,1.000000E+0,5.900000E+2
2.753929E+1,-6.700000E+3,-6.701000E+0,-1.521240E+0,4.404959E+3,3.903171E+3,7.663000E-2,2.991000E-1,9.910000E+37,-1.521240E+0,-6.514422E+40,1.293227E+42,7.663000E-2,9.910000E+37,5.000000E-1,0.000000E+0,5.000000E+0,1.000000E+1,5.000000E+0,1.000000E+1,1.000000E+0,5.910000E+2
2.758773E+1,-6.400000E+3,-6.399800E+0,-1.609710E+0,3.975747E+3,3.887880E+3,7.706000E-2,2.996000E-1,9.910000E+37,-1.609710E+0,-6.156388E+40,1.286011E+42,7.706000E-2,9.910000E+37,5.000000E-1,0.000000E+0,5.000000E+0,1.000000E+1,5.000000E+0,1.000000E+1,1.000000E+0,5.920000E+2
2.763595E+1,-6.100000E+3,-6.100200E+0,-1.545370E+0,3.947404E+3,3.871258E+3,7.783000E-2,3.013000E-1,9.910000E+37,-1.545370E+0,-6.412704E+40,1.273288E+42,7.783000E-2,9.910000E+37,5.000000E-1,0.000000E+0,5.000000E+0,1.000000E+1,5.000000E+0,1.000000E+1,1.000000E+0,5.930000E+2
2.768442E+1,-5.800000E+3,-5.800100E+0,-1.478350E+0,3.923361E+3,3.876550E+3,7.744000E-2,3.002000E-1,9.910000E+37,-1.478350E+0,-6.703419E+40,1.279700E+42,7.744000E-2,9.910000E+37,5.000000E-1,0.000000E+0,5.000000E+0,1.000000E+1,5.000000E+0,1.000000E+1,1.000000E+0,5.940000E+2
2.773280E+1,-5.500000E+3,-5.501200E+0,-1.408950E+0,3.904468E+3,3.865481E+3,7.761000E-2,3.000000E-1,9.910000E+37,-1.408950E+0,-7.033607E+40,1.276897E+42,7.761000E-2,9.910000E+37,5.000000E-1,0.000000E+0,5.000000E+0,1.000000E+1,5.000000E+0,1.000000E+1,1.000000E+0,5.950000E+2
2.778109E+1,-5.200000E+3,-5.199100E+0,-1.339520E+0,3.881316E+3,3.877551E+3,7.742000E-2,3.002000E-1,9.910000E+37,-1.339520E+0,-7.398172E+40,1.280031E+42,7.742000E-2,9.910000E+37,5.000000E-1,0.000000E+0,5.000000E+0,1.000000E+1,5.000000E+0,1.000000E+1,1.000000E+0,5.960000E+2
2.782954E+1,-4.900000E+3,-4.899500E+0,-1.269120E+0,3.860549E+3,3.875000E+3,7.760000E-2,3.007000E-1,9.910000E+37,-1.269120E+0,-7.808560E+40,1.277062E+42,7.760000E-2,9.910000E+37,5.000000E-1,0.000000E+0,5.000000E+0,1.000000E+1,5.000000E+0,1.000000E+1,1.000000E+0,5.970000E+2
2.787798E+1,-4.600000E+3,-4.598900E+0,-1.197400E+0,3.840738E+3,3.869009E+3,7.741000E-2,2.995000E-1,9.910000E+37,-1.197400E+0,-8.276265E+40,1.280196E+42,7.741000E-2,9.910000E+37,5.000000E-1,0.000000E+0,5.000000E+0,1.000000E+1,5.000000E+0,1.000000E+1,1.000000E+0,5.980000E+2
2.792640E+1,-4.300000E+3,-4.299500E+0,-1.124270E+0,3.824259E+3,3.879633E+3,7.743000E-2,3.004000E-1,9.910000E+37,-1.124270E+0,-8.814609E+40,1.279866E+42,7.743000E-2,9.910000E+37,5.000000E-1,0.000000E+0,5.000000E+0,1.000000E+1,5.000000E+0,1.000000E+1,1.000000E+0,5.990000E+2
2.797482E+1,-4.000000E+3,-4.000400E+0,-1.050490E+0,3.808128E+3,3.875999E+3,7.758000E-2,3.007000E-1,9.910000E+37,-1.050490E+0,-9.433693E+40,1.277391E+42,7.758000E-2,9.910000E+37,5.000000E-1,0.000000E+0,5.000000E+0,1.000000E+1,5.000000E+0,1.000000E+1,1.000000E+0,6.000000E+2
2.802310E+1,-3.700000E+3,-3.699700E+0,-9.757600E-1,3.791609E+3,3.875437E+3,7.723000E-2,2.993000E-1,9.910000E+37,-9.757600E-1,-1.015619E+41,1.283180E+42,7.723000E-2,9.910000E+37,5.000000E-1,0.000000E+0,5.000000E+0,1.000000E+1,5.000000E+0,1.000000E+1,1.000000E+0,6.010000E+2
2.807134E+1,-3.400000E+3,-3.400000E+0,-8.998600E-1,3.778366E+3,3.901427E+3,7.710000E-2,3.008000E-1,9.910000E+37,-8.998600E-1,-1.101282E+41,1.285344E+42,7.710000E-2,9.910000E+37,5.000000E-1,0.000000E+0,5.000000E+0,1.000000E+1,5.000000E+0,1.000000E+1,1.000000E+0,6.020000E+2
2.811956E+1,-3.100000E+3,-3.099300E+0,-8.235200E-1,3.763479E+3,3.895175E+3,7.689000E-2,2.995000E-1,9.910000E+37,-8.235200E-1,-1.203371E+41,1.288854E+42,7.689000E-2,9.910000E+37,5.000000E-1,0.000000E+0,5.000000E+0,1.000000E+1,5.000000E+0,1.000000E+1,1.000000E+0,6.030000E+2
2.816788E+1,-2.800000E+3,-2.799900E+0,-7.465500E-1,3.750452E+3,3.893506E+3,7.700000E-2,2.998000E-1,9.910000E+37,-7.465500E-1,-1.327440E+41,1.287013E+42,7.700000E-2,9.910000E+37,5.000000E-1,0.000000E+0,5.000000E+0,1.000000E+1,5.000000E+0,1.000000E+1,1.000000E+0,6.040000E+2
2.821610E+1,-2.500000E+3,-2.499000E+0,-6.688100E-1,3.736487E+3,3.910833E+3,7.671000E-2,3.000000E-1,9.910000E+37,-6.688100E-1,-1.481736E+41,1.291879E+42,7.671000E-2,9.910000E+37,5.000000E-1,0.000000E+0,5.000000E+0,1.000000E+1,5.000000E+0,1.000000E+1,1.000000E+0,6.050000E+2
2.826455E+1,-2.200000E+3,-2.200100E+0,-5.904700E-1,3.726015E+3,3.915765E+3,7.669000E-2,3.003000E-1,9.910000E+37,-5.904700E-1,-1.678324E+41,1.292215E+42,7.669000E-2,9.910000E+37,5.000000E-1,0.000000E+0,5.000000E+0,1.000000E+1,5.000000E+0,1.000000E+1,1.000000E+0,6.060000E+2
2.831285E+1,-1.900000E+3,-1.899200E+0,-5.109000E-1,3.717362E+3,3.939274E+3,7.608000E-2,2.997000E-1,9.910000E+37,-5.109000E-1,-1.939714E+41,1.302576E+42,7.608000E-2,9.910000E+37,5.000000E-1,0.000000E+0,5.000000E+0,1.000000E+1,5.000000E+0,1.000000E+1,1.000000E+0,6.070000E+2
2.836146E+1,-1.600000E+3,-1.599800E+0,-4.314400E-1,3.708047E+3,3.914916E+3,7.663000E-2,3.000000E-1,9.910000E+37,-4.314400E-1,-2.296959E+41,1.293227E+42,7.663000E-2,9.910000E+37,5.000000E-1,0.000000E+0,5.000000E+0,1.000000E+1,5.000000E+0,1.000000E+1,1.000000E+0,6.080000E+2
2.840987E+1,-1.300000E+3,-1.299000E+0,-3.503100E-1,3.708144E+3,3.914237E+3,7.649000E-2,2.994000E-1,9.910000E+37,-3.503100E-1,-2.828923E+41,1.295594E+42,7.649000E-2,9.910000E+37,5.000000E-1,0.000000E+0,5.000000E+0,1.000000E+1,5.000000E+0,1.000000E+1,1.000000E+0,6.090000E+2
2.845833E+1,-1.000000E+3,-1.000100E+0,-2.702700E-1,3.700374E+3,3.905456E+3,7.679000E-2,2.999000E-1,9.910000E+37,-2.702700E-1,-3.666704E+41,1.290533E+42,7.679000E-2,9.910000E+37,5.000000E-1,0.000000E+0,5.000000E+0,1.000000E+1,5.000000E+0,1.000000E+1,1.000000E+0,6.100000E+2
2.850673E+1,-7.000000E+2,-6.997000E-1,-1.898400E-1,3.685735E+3,3.897403E+3,7.700000E-2,3.001000E-1,9.910000E+37,-1.898400E-1,-5.220185E+41,1.287013E+42,7.700000E-2,9.910000E+37,5.000000E-1,0.000000E+0,5.000000E+0,1.000000E+1,5.000000E+0,1.000000E+1,1.000000E+0,6.110000E+2
2.855533E+1,-4.000000E+2,-4.004000E-1,-1.098900E-1,3.643644E+3,3.894231E+3,7.696000E-2,2.997000E-1,9.910000E+37,-1.098900E-1,-9.018109E+41,1.287682E+42,7.696000E-2,9.910000E+37,5.000000E-1,0.000000E+0,5.000000E+0,1.000000E+1,5.000000E+0,1.000000E+1,1.000000E+0,6.120000E+2
2.860355E+1,-1.000000E+2,-1.013000E-1,-3.020000E-2,3.354305E+3,3.907104E+3,7.686000E-2,3.003000E-1,9.910000E+37,-3.020000E-2,-3.281457E+42,1.289357E+42,7.686000E-2,9.910000E+37,5.000000E-1,0.000000E+0,5.000000E+0,1.000000E+1,5.000000E+0,1.000000E+1,1.000000E+0,6.130000E+2
2.865192E+1,2.000000E+2,1.987000E-1,5.028000E-2,3.951870E+3,3.904403E+3,7.699000E-2,3.006000E-1,9.910000E+37,5.028000E-2,1.970963E+42,1.287180E+42,7.699000E-2,9.910000E+37,5.000000E-1,0.000000E+0,5.000000E+0,1.000000E+1,5.000000E+0,1.000000E+1,1.000000E+0,6.140000E+2
2.870017E+1,5.000000E+2,4.998000E-1,1.302600E-1,3.836942E+3,3.920722E+3,7.644000E-2,2.997000E-1,9.910000E+37,1.302600E-1,7.607861E+41,1.296442E+42,7.644000E-2,9.910000E+37,5.000000E-1,0.000000E+0,5.000000E+0,1.000000E+1,5.000000E+0,1.000000E+1,1.000000E+0,6.150000E+2
2.874846E+1,8.000000E+2,7.995000E-1,2.103800E-1,3.800266E+3,3.909079E+3,7.677000E-2,3.001000E-1,9.910000E+37,2.103800E-1,4.710524E+41,1.290869E+42,7.677000E-2,9.910000E+37,5.000000E-1,0.000000E+0,5.000000E+0,1.000000E+1,5.000000E+0,1.000000E+1,1.000000E+0,6.160000E+2
2.879690E+1,1.100000E+3,1.099700E+0,2.908500E-1,3.780987E+3,3.920774E+3,7.649000E-2,2.999000E-1,9.910000E+37,2.908500E-1,3.407255E+41,1.295594E+42,7.649000E-2,9.910000E+37,5.000000E-1,0.000000E+0,5.000000E+0,1.000000E+1,5.000000E+0,1.000000E+1,1.000000E+0,6.170000E+2
2.884530E+1,1.400000E+3,1.399400E+0,3.718500E-1,3.763345E+3,3.917189E+3,7.656000E-2,2.999000E-1,9.910000E+37,3.718500E-1,2.665053E+41,1.294410E+42,7.656000E-2,9.910000E+37,5.000000E-1,0.000000E+0,5.000000E+0,1.000000E+1,5.000000E+0,1.000000E+1,1.000000E+0,6.180000E+2
2.889420E+1,1.700000E+3,1.699700E+0,4.531300E-1,3.751021E+3,3.952475E+3,7.575000E-2,2.994000E-1,9.910000E+37,4.531300E-1,2.187010E+41,1.308251E+42,7.575000E-2,9.910000E+37,5.000000E-1,0.000000E+0,5.000000E+0,1.000000E+1,5.000000E+0,1.000000E+1,1.000000E+0,6.190000E+2
2.894262E+1,2.000000E+3,1.999900E+0,5.328100E-1,3.753496E+3,3.914241E+3,7.626000E-2,2.985000E-1,9.910000E+37,5.328100E-1,1.859950E+41,1.299502E+42,7.626000E-2,9.910000E+37,5.000000E-1,0.000000E+0,5.000000E+0,1.000000E+1,5.000000E+0,1.000000E+1,1.000000E+0,6.200000E+2
2.899089E+1,2.300000E+3,2.299300E+0,6.124000E-1,3.754572E+3,3.905965E+3,7.678000E-2,2.999000E-1,9.910000E+37,6.124000E-1,1.618223E+41,1.290701E+42,7.678000E-2,9.910000E+37,5.000000E-1,0.000000E+0,5.000000E+0,1.000000E+1,5.000000E+0,1.000000E+1,1.000000E+0,6.210000E+2
2.903933E+1,2.600000E+3,2.600000E+0,6.921000E-1,3.756683E+3,3.920335E+3,7.632000E-2,2.992000E-1,9.910000E+37,6.921000E-1,1.431874E+41,1.298480E+42,7.632000E-2,9.910000E+37,5.000000E-1,0.000000E+0,5.000000E+0,1.000000E+1,5.000000E+0,1.000000E+1,1.000000E+0,6.220000E+2
2.908761E+1,2.900000E+3,2.900200E+0,7.708700E-1,3.762243E+3,3.921979E+3,7.639000E-2,2.996000E-1,9.910000E+37,7.708700E-1,1.285560E+41,1.297290E+42,7.639000E-2,9.910000E+37,5.000000E-1,0.000000E+0,5.000000E+0,1.000000E+1,5.000000E+0,1.000000E+1,1.000000E+0,6.230000E+2
2.913615E+1,3.200000E+3,3.200200E+0,8.485900E-1,3.771197E+3,3.918725E+3,7.653000E-2,2.999000E-1,9.910000E+37,8.485900E-1,1.167820E+41,1.294917E+42,7.653000E-2,9.910000E+37,5.000000E-1,0.000000E+0,5.000000E+0,1.000000E+1,5.000000E+0,1.000000E+1,1.000000E+0,6.240000E+2
2.918472E+1,3.500000E+3,3.498200E+0,9.267200E-1,3.774819E+3,3.880674E+3,7.710000E-2,2.992000E-1,9.910000E+37,9.267200E-1,1.069363E+41,1.285344E+42,7.710000E-2,9.910000E+37,5.000000E-1,0.000000E+0,5.000000E+0,1.000000E+1,5.000000E+0,1.000000E+1,1.000000E+0,6.250000E+2
2.923306E+1,3.800000E+3,3.799100E+0,1.002950E+0,3.787926E+3,3.877551E+3,7.742000E-2,3.002000E-1,9.910000E+37,1.002950E+0,9.880851E+40,1.280031E+42,7.742000E-2,9.910000E+37,5.000000E-1,0.000000E+0,5.000000E+0,1.000000E+1,5.000000E+0,1.000000E+1,1.000000E+0,6.260000E+2
2.928152E+1,4.100000E+3,4.100200E+0,1.079120E+0,3.799577E+3,3.882216E+3,7.743000E-2,3.006000E-1,9.910000E+37,1.079120E+0,9.183409E+40,1.279866E+42,7.743000E-2,9.910000E+37,5.000000E-1,0.000000E+0,5.000000E+0,1.000000E+1,5.000000E+0,1.000000E+1,1.000000E+0,6.270000E+2
2.932979E+1,4.400000E+3,4.399700E+0,1.153440E+0,3.814416E+3,3.878209E+3,7.751000E-2,3.006000E-1,9.910000E+37,1.153440E+0,8.591691E+40,1.278545E+42,7.751000E-2,9.910000E+37,5.000000E-1,0.000000E+0,5.000000E+0,1.000000E+1,5.000000E+0,1.000000E+1,1.000000E+0,6.280000E+2
2.937810E+1,4.700000E+3,4.698600E+0,1.227030E+0,3.829246E+3,3.885655E+3,7.731000E-2,3.004000E-1,9.910000E+37,1.227030E+0,8.076412E+40,1.281852E+42,7.731000E-2,9.910000E+37,5.000000E-1,0.000000E+0,5.000000E+0,1.000000E+1,5.000000E+0,1.000000E+1,1.000000E+0,6.290000E+2
2.942648E+1,5.000000E+3,5.001100E+0,1.300330E+0,3.846024E+3,3.873130E+3,7.756000E-2,3.004000E-1,9.910000E+37,1.300330E+0,7.621142E+40,1.277720E+42,7.756000E-2,9.910000E+37,5.000000E-1,0.000000E+0,5.000000E+0,1.000000E+1,5.000000E+0,1.000000E+1,1.000000E+0,6.300000E+2
2.947487E+1,5.300000E+3,5.300500E+0,1.371660E+0,3.864296E+3,3.871301E+3,7.739000E-2,2.996000E-1,9.910000E+37,1.371660E+0,7.224822E+40,1.280527E+42,7.739000E-2,9.910000E+37,5.000000E-1,0.000000E+0,5.000000E+0,1.000000E+1,5.000000E+0,1.000000E+1,1.000000E+0,6.310000E+2
2.952321E+1,5.600000E+3,5.600100E+0,1.441710E+0,3.884346E+3,3.886655E+3,7.711000E-2,2.997000E-1,9.910000E+37,1.441710E+0,6.873782E+40,1.285177E+42,7.711000E-2,9.910000E+37,5.000000E-1,0.000000E+0,5.000000E+0,1.000000E+1,5.000000E+0,1.000000E+1,1.000000E+0,6.320000E+2
2.957161E+1,5.900000E+3,5.900700E+0,1.510320E+0,3.906920E+3,3.880191E+3,7.729000E-2,2.999000E-1,9.910000E+37,1.510320E+0,6.561523E+40,1.282184E+42,7.729000E-2,9.910000E+37,5.000000E-1,0.000000E+0,5.000000E+0,1.000000E+1,5.000000E+0,1.000000E+1,1.000000E+0,6.330000E+2
2.962004E+1,6.200000E+3,6.200000E+0,1.578190E+0,3.928551E+3,3.870468E+3,7.751000E-2,3.000000E-1,9.910000E+37,1.578190E+0,6.279345E+40,1.278545E+42,7.751000E-2,9.910000E+37,5.000000E-1,0.000000E+0,5.000000E+0,1.000000E+1,5.000000E+0,1.000000E+1,1.000000E+0,6.340000E+2
2.966830E+1,6.500000E+3,6.500600E+0,1.643630E+0,3.955026E+3,3.862434E+3,7.749000E-2,2.993000E-1,9.910000E+37,1.643630E+0,6.029338E+40,1.278875E+42,7.749000E-2,9.910000E+37,5.000000E-1,0.000000E+0,5.000000E+0,1.000000E+1,5.000000E+0,1.000000E+1,1.000000E+0,6.350000E+2
2.971673E+1,6.800000E+3,6.799100E+0,1.702980E+0,3.992472E+3,3.868180E+3,7.753000E-2,2.999000E-1,9.910000E+37,1.702980E+0,5.819211E+40,1.278215E+42,7.753000E-2,9.910000E+37,5.000000E-1,0.000000E+0,5.000000E+0,1.000000E+1,5.000000E+0,1.000000E+1,1.000000E+0,6.360000E+2
2.976514E+1,7.000000E+3,7.000100E+0,1.748400E+0,4.003718E+3,3.865546E+3,7.735000E-2,2.990000E-1,9.910000E+37,1.748400E+0,5.668039E+40,1.281189E+42,7.735000E-2,9.910000E+37,5.000000E-1,0.000000E+0,5.000000E+0,1.000000E+1,5.000000E+0,1.000000E+1,1.000000E+0,6.370000E+2
2.981344E+1,6.700000E+3,6.700200E+0,1.685620E+0,3.974917E+3,3.880848E+3,7.738000E-2,3.003000E-1,9.910000E+37,1.685620E+0,5.879142E+40,1.280693E+42,7.738000E-2,9.910000E+37,5.000000E-1,0.000000E+0,5.000000E+0,1.000000E+1,5.000000E+0,1.000000E+1,1.000000E+0,6.380000E+2
2.986171E+1,6.400000E+3,6.400400E+0,1.908450E+0,3.353716E+3,3.227194E+3,9.296000E-2,3.000000E-1,9.910000E+37,1.908450E+0,5.192696E+40,1.066050E+42,9.296000E-2,9.910000E+37,5.000000E-1,0.000000E+0,5.000000E+0,1.000000E+1,5.000000E+0,1.000000E+1,1.000000E+0,6.390000E+2
2.991001E+1,6.100000E+3,6.100600E+0,1.836690E+0,3.321519E+3,3.218108E+3,9.344000E-2,3.007000E-1,9.910000E+37,1.836690E+0,5.395576E+40,1.060574E+42,9.344000E-2,9.910000E+37,5.000000E-1,0.000000E+0,5.000000E+0,1.000000E+1,5.000000E+0,1.000000E+1,1.000000E+0,6.400000E+2
2.995838E+1,5.800000E+3,5.799600E+0,1.761060E+0,3.293244E+3,3.205087E+3,9.357000E-2,2.999000E-1,9.910000E+37,1.761060E+0,5.627293E+40,1.059100E+42,9.357000E-2,9.910000E+37,5.000000E-1,0.000000E+0,5.000000E+0,1.000000E+1,5.000000E+0,1.000000E+1,1.000000E+0,6.410000E+2
3.000665E+1,5.500000E+3,5.499100E+0,1.681990E+0,3.269401E+3,3.203408E+3,9.390000E-2,3.008000E-1,9.910000E+37,1.681990E+0,5.891831E+40,1.055378E+42,9.390000E-2,9.910000E+37,5.000000E-1,0.000000E+0,5.000000E+0,1.000000E+1,5.000000E+0,1.000000E+1,1.000000E+0,6.420000E+2
3.005489E+1,5.200000E+3,5.199300E+0,1.600740E+0,3.248060E+3,3.196887E+3,9.381000E-2,2.999000E-1,9.910000E+37,1.600740E+0,6.190887E+40,1.056391E+42,9.381000E-2,9.910000E+37,5.000000E-1,0.000000E+0,5.000000E+0,1.000000E+1,5.000000E+0,1.000000E+1,1.000000E+0,6.430000E+2
3.010316E+1,4.900000E+3,4.899400E+0,1.517500E+0,3.228600E+3,3.198121E+3,9.368000E-2,2.996000E-1,9.910000E+37,1.517500E+0,6.530478E+40,1.057857E+42,9.368000E-2,9.910000E+37,5.000000E-1,0.000000E+0,5.000000E+0,1.000000E+1,5.000000E+0,1.000000E+1,1.000000E+0,6.440000E+2
3.015144E+1,4.600000E+3,4.600200E+0,1.433680E+0,3.208666E+3,3.207406E+3,9.344000E-2,2.997000E-1,9.910000E+37,1.433680E+0,6.912282E+40,1.060574E+42,9.344000E-2,9.910000E+37,5.000000E-1,0.000000E+0,5.000000E+0,1.000000E+1,5.000000E+0,1.000000E+1,1.000000E+0,6.450000E+2
3.019963E+1,4.300000E+3,4.300300E+0,1.348290E+0,3.189447E+3,3.206319E+3,9.369000E-2,3.004000E-1,9.910000E+37,1.348290E+0,7.350051E+40,1.057744E+42,9.369000E-2,9.910000E+37,5.000000E-1,0.000000E+0,5.000000E+0,1.000000E+1,5.000000E+0,1.000000E+1,1.000000E+0,6.460000E+2
3.024788E+1,4.000000E+3,3.999600E+0,1.260850E+0,3.172146E+3,3.205033E+3,9.379000E-2,3.006000E-1,9.910000E+37,1.260850E+0,7.859777E+40,1.056616E+42,9.379000E-2,9.910000E+37,5.000000E-1,0.000000E+0,5.000000E+0,1.000000E+1,5.000000E+0,1.000000E+1,1.000000E+0,6.470000E+2
3.029618E+1,3.700000E+3,3.700400E+0,1.172860E+0,3.155023E+3,3.189765E+3,9.380000E-2,2.992000E-1,9.910000E+37,1.172860E+0,8.449431E+40,1.056503E+42,9.380000E-2,9.910000E+37,5.000000E-1,0.000000E+0,5.000000E+0,1.000000E+1,5.000000E+0,1.000000E+1,1.000000E+0,6.480000E+2
3.034460E+1,3.400000E+3,3.400000E+0,1.083310E+0,3.138529E+3,3.199532E+3,9.392000E-2,3.005000E-1,9.910000E+37,1.083310E+0,9.147889E+40,1.055153E+42,9.392000E-2,9.910000E+37,5.000000E-1,0.000000E+0,5.000000E+0,1.000000E+1,5.000000E+0,1.000000E+1,1.000000E+0,6.490000E+2
3.039304E+1,3.100000E+3,3.101100E+0,9.918600E-1,3.126550E+3,3.198126E+3,9.393000E-2,3.004000E-1,9.910000E+37,9.918600E-1,9.991329E+40,1.055041E+42,9.393000E-2,9.910000E+37,5.000000E-1,0.000000E+0,5.000000E+0,1.000000E+1,5.000000E+0,1.000000E+1,1.000000E+0,6.500000E+2
3.044134E+1,2.800000E+3,2.800400E+0,8.990600E-1,3.114809E+3,3.201876E+3,9.382000E-2,3.004000E-1,9.910000E+37,8.990600E-1,1.102262E+41,1.056278E+42,9.382000E-2,9.910000E+37,5.000000E-1,0.000000E+0,5.000000E+0,1.000000E+1,5.000000E+0,1.000000E+1,1.000000E+0,6.510000E+2
3.048963E+1,2.500000E+3,2.500000E+0,8.044400E-1,3.107752E+3,3.196337E+3,9.392000E-2,3.002000E-1,9.910000E+37,8.044400E-1,1.231913E+41,1.055153E+42,9.392000E-2,9.910000E+37,5.000000E-1,0.000000E+0,5.000000E+0,1.000000E+1,5.000000E+0,1.000000E+1,1.000000E+0,6.520000E+2
3.053796E+1,2.200000E+3,2.199300E+0,7.085200E-1,3.104076E+3,3.212115E+3,9.377000E-2,3.012000E-1,9.910000E+37,7.085200E-1,1.398690E+41,1.056841E+42,9.377000E-2,9.910000E+37,5.000000E-1,0.000000E+0,5.000000E+0,1.000000E+1,5.000000E+0,1.000000E+1,1.000000E+0,6.530000E+2
3.058623E+1,1.900000E+3,1.901400E+0,6.134800E-1,3.099368E+3,3.195898E+3,9.362000E-2,2.992000E-1,9.910000E+37,6.134800E-1,1.615375E+41,1.058535E+42,9.362000E-2,9.910000E+37,5.000000E-1,0.000000E+0,5.000000E+0,1.000000E+1,5.000000E+0,1.000000E+1,1.000000E+0,6.540000E+2
3.063464E+1,1.600000E+3,1.600400E+0,5.167300E-1,3.097169E+3,3.210140E+3,9.389000E-2,3.014000E-1,9.910000E+37,5.167300E-1,1.917829E+41,1.055490E+42,9.389000E-2,9.910000E+37,5.000000E-1,0.000000E+0,5.000000E+0,1.000000E+1,5.000000E+0,1.000000E+1,1.000000E+0,6.550000E+2
3.068287E+1,1.300000E+3,1.299500E+0,4.189600E-1,3.101728E+3,3.192148E+3,9.373000E-2,2.992000E-1,9.910000E+37,4.189600E-1,2.365381E+41,1.057292E+42,9.373000E-2,9.910000E+37,5.000000E-1,0.000000E+0,5.000000E+0,1.000000E+1,5.000000E+0,1.000000E+1,1.000000E+0,6.560000E+2
3.073129E+1,1.000000E+3,1.000000E+0,3.217400E-1,3.108100E+3,3.189563E+3,9.390000E-2,2.995000E-1,9.910000E+37,3.217400E-1,3.080127E+41,1.055378E+42,9.390000E-2,9.910000E+37,5.000000E-1,0.000000E+0,5.000000E+0,1.000000E+1,5.000000E+0,1.000000E+1,1.000000E+0,6.570000E+2
3.078001E+1,7.000000E+2,7.007000E-1,2.240800E-1,3.127008E+3,3.199489E+3,9.389000E-2,3.004000E-1,9.910000E+37,2.240800E-1,4.422528E+41,1.055490E+42,9.389000E-2,9.910000E+37,5.000000E-1,0.000000E+0,5.000000E+0,1.000000E+1,5.000000E+0,1.000000E+1,1.000000E+0,6.580000E+2
3.082841E+1,4.000000E+2,4.007000E-1,1.263600E-1,3.171098E+3,3.209114E+3,9.392000E-2,3.014000E-1,9.910000E+37,1.263600E-1,7.842672E+41,1.055153E+42,9.392000E-2,9.910000E+37,5.000000E-1,0.000000E+0,5.000000E+0,1.000000E+1,5.000000E+0,1.000000E+1,1.000000E+0,6.590000E+2
3.087673E+1,1.000000E+2,9.970000E-2,2.876000E-2,3.466620E+3,3.199701E+3,9.379000E-2,3.001000E-1,9.910000E+37,2.876000E-2,3.445758E+42,1.056616E+42,9.379000E-2,9.910000E+37,5.000000E-1,0.000000E+0,5.000000E+0,1.000000E+1,5.000000E+0,1.000000E+1,1.000000E+0,6.600000E+2
3.092522E+1,-2.000000E+2,-2.006000E-1,-6.894000E-2,2.909777E+3,3.199403E+3,9.383000E-2,3.002000E-1,9.910000E+37,-6.894000E-2,-1.437482E+42,1.056165E+42,9.383000E-2,9.910000E+37,5.000000E-1,0.000000E+0,5.000000E+0,1.000000E+1,5.000000E+0,1.000000E+1,1.000000E+0,6.610000E+2
3.097357E+1,-5.000000E+2,-5.017000E-1,-1.664500E-1,3.014118E+3,3.192012E+3,9.364000E-2,2.989000E-1,9.910000E+37,-1.664500E-1,-5.953740E+41,1.058308E+42,9.364000E-2,9.910000E+37,5.000000E-1,0.000000E+0,5.000000E+0,1.000000E+1,5.000000E+0,1.000000E+1,1.000000E+0,6.620000E+2
3.102169E+1,-8.000000E+2,-8.001000E-1,-2.629100E-1,3.043247E+3,3.208859E+3,9.346000E-2,2.999000E-1,9.910000E+37,-2.629100E-1,-3.769351E+41,1.060347E+42,9.346000E-2,9.910000E+37,5.000000E-1,0.000000E+0,5.000000E+0,1.000000E+1,5.000000E+0,1.000000E+1,1.000000E+0,6.630000E+2
3.107068E+1,-1.100000E+3,-1.099700E+0,-3.591200E-1,3.062208E+3,3.195557E+3,9.363000E-2,2.992000E-1,9.910000E+37,-3.591200E-1,-2.759523E+41,1.058421E+42,9.363000E-2,9.910000E+37,5.000000E-1,0.000000E+0,5.000000E+0,1.000000E+1,5.000000E+0,1.000000E+1,1.000000E+0,6.640000E+2
3.111900E+1,-1.400000E+3,-1.399600E+0,-4.543800E-1,3.080241E+3,3.204719E+3,9.408000E-2,3.015000E-1,9.910000E+37,-4.543800E-1,-2.180994E+41,1.053359E+42,9.408000E-2,9.910000E+37,5.000000E-1,0.000000E+0,5.000000E+0,1.000000E+1,5.000000E+0,1.000000E+1,1.000000E+0,6.650000E+2
3.116738E+1,-1.700000E+3,-1.698900E+0,-5.492100E-1,3.093352E+3,3.193912E+3,9.396000E-2,3.001000E-1,9.910000E+37,-5.492100E-1,-1.804410E+41,1.054704E+42,9.396000E-2,9.910000E+37,5.000000E-1,0.000000E+0,5.000000E+0,1.000000E+1,5.000000E+0,1.000000E+1,1.000000E+0,6.660000E+2
3.121567E+1,-2.000000E+3,-1.999900E+0,-6.431700E-1,3.109442E+3,3.197192E+3,9.402000E-2,3.006000E-1,9.910000E+37,-6.431700E-1,-1.540806E+41,1.054031E+42,9.402000E-2,9.910000E+37,5.000000E-1,0.000000E+0,5.000000E+0,1.000000E+1,5.000000E+0,1.000000E+1,1.000000E+0,6.670000E+2
3.126410E+1,-2.300000E+3,-2.300200E+0,-7.357200E-1,3.126461E+3,3.208373E+3,9.363000E-2,3.004000E-1,9.910000E+37,-7.357200E-1,-1.346980E+41,1.058421E+42,9.363000E-2,9.910000E+37,5.000000E-1,0.000000E+0,5.000000E+0,1.000000E+1,5.000000E+0,1.000000E+1,1.000000E+0,6.680000E+2
3.131237E+1,-2.600000E+3,-2.600000E+0,-8.280500E-1,3.139907E+3,3.209347E+3,9.329000E-2,2.994000E-1,9.910000E+37,-8.280500E-1,-1.196788E+41,1.062279E+42,9.329000E-2,9.910000E+37,5.000000E-1,0.000000E+0,5.000000E+0,1.000000E+1,5.000000E+0,1.000000E+1,1.000000E+0,6.690000E+2
3.136069E+1,-2.900000E+3,-2.900700E+0,-9.200800E-1,3.152661E+3,3.222556E+3,9.328000E-2,3.006000E-1,9.910000E+37,-9.200800E-1,-1.077080E+41,1.062393E+42,9.328000E-2,9.910000E+37,5.000000E-1,0.000000E+0,5.000000E+0,1.000000E+1,5.000000E+0,1.000000E+1,1.000000E+0,6.700000E+2
3.140906E+1,-3.200000E+3,-3.199800E+0,-1.010830E+0,3.165517E+3,3.224208E+3,9.286000E-2,2.994000E-1,9.910000E+37,-1.010830E+0,-9.803825E+40,1.067198E+42,9.286000E-2,9.910000E+37,5.000000E-1,0.000000E+0,5.000000E+0,1.000000E+1,5.000000E+0,1.000000E+1,1.000000E+0,6.710000E+2
3.145738E+1,-3.500000E+3,-3.499200E+0,-1.102160E+0,3.174857E+3,3.210009E+3,9.352000E-2,3.002000E-1,9.910000E+37,-1.102160E+0,-8.991435E+40,1.059666E+42,9.352000E-2,9.910000E+37,5.000000E-1,0.000000E+0,5.000000E+0,1.000000E+1,5.000000E+0,1.000000E+1,1.000000E+0,6.720000E+2
3.150599E+1,-3.800000E+3,-3.800500E+0,-1.191190E+0,3.190507E+3,3.215396E+3,9.327000E-2,2.999000E-1,9.910000E+37,-1.191190E+0,-8.319412E+40,1.062507E+42,9.327000E-2,9.910000E+37,5.000000E-1,0.000000E+0,5.000000E+0,1.000000E+1,5.000000E+0,1.000000E+1,1.000000E+0,6.730000E+2
3.155427E+1,-4.100000E+3,-4.099900E+0,-1.980080E+0,2.070573E+3,2.016303E+3,1.484400E-1,2.993000E-1,9.910000E+37,-1.980080E+0,-5.004848E+40,6.676098E+41,1.484400E-1,9.910000E+37,5.000000E-1,0.000000E+0,5.000000E+0,1.000000E+1,5.000000E+0,1.000000E+1,1.000000E+0,6.740000E+2
3.160247E+1,-4.400000E+3,-4.401000E+0,-2.114670E+0,2.081176E+3,2.021341E+3,1.490100E-1,3.012000E-1,9.910000E+37,-2.114670E+0,-4.686310E+40,6.650560E+41,1.490100E-1,9.910000E+37,5.000000E-1,0.000000E+0,5.000000E+0,1.000000E+1,5.000000E+0,1.000000E+1,1.000000E+0,6.750000E+2
3.165069E+1,-4.700000E+3,-4.699500E+0,-2.204060E+0,2.132201E+3,2.012187E+3,1.493400E-1,3.005000E-1,9.910000E+37,-2.204060E+0,-4.496248E+40,6.635864E+41,1.493400E-1,9.910000E+37,5.000000E-1,0.000000E+0,5.000000E+0,1.000000E+1,5.000000E+0,1.000000E+1,1.000000E+0,6.760000E+2
3.169898E+1,-5.000000E+3,-4.999000E+0,-2.329880E+0,2.145604E+3,2.009662E+3,1.490300E-1,2.995000E-1,9.910000E+37,-2.329880E+0,-4.253438E+40,6.649668E+41,1.490300E-1,9.910000E+37,5.000000E-1,0.000000E+0,5.000000E+0,1.000000E+1,5.000000E+0,1.000000E+1,1.000000E+0,6.770000E+2
3.174738E+1,-5.300000E+3,-5.299000E+0,-2.456230E+0,2.157371E+3,3.186592E+3,9.427000E-2,3.004000E-1,9.910000E+37,-2.456230E+0,-4.034638E+40,1.051236E+42,9.427000E-2,9.910000E+37,5.000000E-1,0.000000E+0,5.000000E+0,1.000000E+1,5.000000E+0,1.000000E+1,1.000000E+0,6.780000E+2
3.179572E+1,-5.600000E+3,-5.600000E+0,-1.705100E+0,3.284265E+3,3.194858E+3,9.412000E-2,3.007000E-1,9.910000E+37,-1.705100E+0,-5.811976E+40,1.052911E+42,9.412000E-2,9.910000E+37,5.000000E-1,0.000000E+0,5.000000E+0,1.000000E+1,5.000000E+0,1.000000E+1,1.000000E+0,6.790000E+2
3.184400E+1,-5.900000E+3,-5.899800E+0,-1.785970E+0,3.303415E+3,3.195513E+3,9.360000E-2,2.991000E-1,9.910000E+37,-1.785970E+0,-5.548805E+40,1.058761E+42,9.360000E-2,9.910000E+37,5.000000E-1,0.000000E+0,5.000000E+0,1.000000E+1,5.000000E+0,1.000000E+1,1.000000E+0,6.800000E+2
3.189227E+1,-6.200000E+3,-6.200600E+0,-1.868900E+0,3.317781E+3,3.167531E+3,9.449000E-2,2.993000E-1,9.910000E+37,-1.868900E+0,-5.302584E+40,1.048788E+42,9.449000E-2,9.910000E+37,5.000000E-1,0.000000E+0,5.000000E+0,1.000000E+1,5.000000E+0,1.000000E+1,1.000000E+0,6.810000E+2
3.194073E+1,-6.500000E+3,-6.500300E+0,-1.916870E+0,3.391101E+3,3.224450E+3,9.276000E-2,2.991000E-1,9.910000E+37,-1.916870E+0,-5.169886E+40,1.068348E+42,9.276000E-2,9.910000E+37,5.000000E-1,0.000000E+0,5.000000E+0,1.000000E+1,5.000000E+0,1.000000E+1,1.000000E+0,6.820000E+2
3.198915E+1,-6.800000E+3,-6.800200E+0,-1.998920E+0,3.401937E+3,3.191353E+3,9.391000E-2,2.997000E-1,9.910000E+37,-1.998920E+0,-4.957677E+40,1.055266E+42,9.391000E-2,9.910000E+37,5.000000E-1,0.000000E+0,5.000000E+0,1.000000E+1,5.000000E+0,1.000000E+1,1.000000E+0,6.830000E+2
3.203763E+1,-7.000000E+3,-7.000400E+0,-2.059210E+0,3.399556E+3,3.173950E+3,9.474000E-2,3.007000E-1,9.910000E+37,-2.059210E+0,-4.812525E+40,1.046021E+42,9.474000E-2,9.910000E+37,5.000000E-1,0.000000E+0,5.000000E+0,1.000000E+1,5.000000E+0,1.000000E+1,1.000000E+0,6.840000E+2
3.208594E+1,-6.700000E+3,-6.699800E+0,-1.990500E+0,3.365888E+3,3.171350E+3,9.466000E-2,3.002000E-1,9.910000E+37,-1.990500E+0,-4.978649E+40,1.046905E+42,9.466000E-2,9.910000E+37,5.000000E-1,0.000000E+0,5.000000E+0,1.000000E+1,5.000000E+0,1.000000E+1,1.000000E+0,6.850000E+2
3.213440E+1,-6.400000E+3,-6.400100E+0,-1.917160E+0,3.338323E+3,3.175861E+3,9.462000E-2,3.005000E-1,9.910000E+37,-1.917160E+0,-5.169104E+40,1.047347E+42,9.462000E-2,9.910000E+37,5.000000E-1,0.000000E+0,5.000000E+0,1.000000E+1,5.000000E+0,1.000000E+1,1.000000E+0,6.860000E+2
3.218284E+1,-6.100000E+3,-6.100400E+0,-1.848210E+0,3.300707E+3,3.178311E+3,9.461000E-2,3.007000E-1,9.910000E+37,-1.848210E+0,-5.361945E+40,1.047458E+42,9.461000E-2,9.910000E+37,5.000000E-1,0.000000E+0,5.000000E+0,1.000000E+1,5.000000E+0,1.000000E+1,1.000000E+0,6.870000E+2
3.223139E+1,-5.800000E+3,-5.800000E+0,-1.770590E+0,3.275744E+3,3.193098E+3,9.389000E-2,2.998000E-1,9.910000E+37,-1.770590E+0,-5.597004E+40,1.055490E+42,9.389000E-2,9.910000E+37,5.000000E-1,0.000000E+0,5.000000E+0,1.000000E+1,5.000000E+0,1.000000E+1,1.000000E+0,6.880000E+2
3.227983E+1,-5.500000E+3,-5.500200E+0,-2.573180E+0,2.137511E+3,1.989518E+3,1.507400E-1,2.999000E-1,9.910000E+37,-2.573180E+0,-3.851266E+40,6.574234E+41,1.507400E-1,9.910000E+37,5.000000E-1,0.000000E+0,5.000000E+0,1.000000E+1,5.000000E+0,1.000000E+1,1.000000E+0,6.890000E+2
3.232813E+1,-5.200000E+3,-5.200400E+0,-2.470590E+0,2.104922E+3,1.963794E+3,1.524600E-1,2.994000E-1,9.910000E+37,-2.470590E+0,-4.011188E+40,6.500066E+41,1.524600E-1,9.910000E+37,5.000000E-1,0.000000E+0,5.000000E+0,1.000000E+1,5.000000E+0,1.000000E+1,1.000000E+0,6.900000E+2
3.237647E+1,-4.900000E+3,-4.899900E+0,-2.350800E+0,2.084354E+3,1.966439E+3,1.525600E-1,3.000000E-1,9.910000E+37,-2.350800E+0,-4.215586E+40,6.495805E+41,1.525600E-1,9.910000E+37,5.000000E-1,0.000000E+0,5.000000E+0,1.000000E+1,5.000000E+0,1.000000E+1,1.000000E+0,6.910000E+2
3.242500E+1,-4.600000E+3,-4.600200E+0,-2.226290E+0,2.066308E+3,1.966944E+3,1.524700E-1,2.999000E-1,9.910000E+37,-2.226290E+0,-4.451352E+40,6.499639E+41,1.524700E-1,9.910000E+37,5.000000E-1,0.000000E+0,5.000000E+0,1.000000E+1,5.000000E+0,1.000000E+1,1.000000E+0,6.920000E+2
3.247351E+1,-4.300000E+3,-4.299300E+0,-2.097770E+0,2.049462E+3,1.986111E+3,1.512000E-1,3.003000E-1,9.910000E+37,-2.097770E+0,-4.724064E+40,6.554233E+41,1.512000E-1,9.910000E+37,5.000000E-1,0.000000E+0,5.000000E+0,1.000000E+1,5.000000E+0,1.000000E+1,1.000000E+0,6.930000E+2
3.252201E+1,-4.000000E+3,-3.999500E+0,-1.966770E+0,2.033537E+3,1.987315E+3,1.513600E-1,3.008000E-1,9.910000E+37,-1.966770E+0,-5.038718E+40,6.547304E+41,1.513600E-1,9.910000E+37,5.000000E-1,0.000000E+0,5.000000E+0,1.000000E+1,5.000000E+0,1.000000E+1,1.000000E+0,6.940000E+2
3.257035E+1,-3.700000E+3,-3.699600E+0,-1.831980E+0,2.019454E+3,1.983613E+3,1.513400E-1,3.002000E-1,9.910000E+37,-1.831980E+0,-5.409448E+40,6.548170E+41,1.513400E-1,9.910000E+37,5.000000E-1,0.000000E+0,5.000000E+0,1.000000E+1,5.000000E+0,1.000000E+1,1.000000E+0,6.950000E+2
3.261880E+1,-3.400000E+3,-3.401200E+0,-1.604550E+0,2.119722E+3,2.063002E+3,1.457100E-1,3.006000E-1,9.910000E+37,-1.604550E+0,-6.176186E+40,6.801180E+41,1.457100E-1,9.910000E+37,5.000000E-1,0.000000E+0,5.000000E+0,1.000000E+1,5.000000E+0,1.000000E+1,1.000000E+0,6.960000E+2
3.266705E+1,-3.100000E+3,-3.100100E+0,-1.473300E+0,2.104188E+3,2.068799E+3,1.450600E-1,3.001000E-1,9.910000E+37,-1.473300E+0,-6.726397E+40,6.831656E+41,1.450600E-1,9.910000E+37,5.000000E-1,0.000000E+0,5.000000E+0,1.000000E+1,5.000000E+0,1.000000E+1,1.000000E+0,6.970000E+2
3.271525E+1,-2.800000E+3,-2.801100E+0,-1.340670E+0,2.089328E+3,2.064290E+3,1.452800E-1,2.999000E-1,9.910000E+37,-1.340670E+0,-7.391826E+40,6.821311E+41,1.452800E-1,9.910000E+37,5.000000E-1,0.000000E+0,5.000000E+0,1.000000E+1,5.000000E+0,1.000000E+1,1.000000E+0,6.980000E+2
3.276354E+1,-2.500000E+3,-2.499600E+0,-1.204500E+0,2.075218E+3,2.065967E+3,1.449200E-1,2.994000E-1,9.910000E+37,-1.204500E+0,-8.227480E+40,6.838256E+41,1.449200E-1,9.910000E+37,5.000000E-1,0.000000E+0,5.000000E+0,1.000000E+1,5.000000E+0,1.000000E+1,1.000000E+0,6.990000E+2
3.281181E+1,-2.200000E+3,-2.200400E+0,-1.066570E+0,2.063062E+3,2.061515E+3,1.453300E-1,2.996000E-1,9.910000E+37,-1.066570E+0,-9.291467E+40,6.818964E+41,1.453300E-1,9.910000E+37,5.000000E-1,0.000000E+0,5.000000E+0,1.000000E+1,5.000000E+0,1.000000E+1,1.000000E+0,7.000000E+2
3.286030E+1,-1.900000E+3,-1.899900E+0,-9.318400E-1,2.038869E+3,2.071010E+3,1.450500E-1,3.004000E-1,9.910000E+37,-9.318400E-1,-1.063487E+41,6.832127E+41,1.450500E-1,9.910000E+37,5.000000E-1,0.000000E+0,5.000000E+0,1.000000E+1,5.000000E+0,1.000000E+1,1.000000E+0,7.010000E+2
3.290875E+1,-1.600000E+3,-1.599200E+0,-7.941600E-1,2.013700E+3,2.064214E+3,1.451400E-1,2.996000E-1,9.910000E+37,-7.941600E-1,-1.247859E+41,6.827890E+41,1.451400E-1,9.910000E+37,5.000000E-1,0.000000E+0,5.000000E+0,1.000000E+1,5.000000E+0,1.000000E+1,1.000000E+0,7.020000E+2
3.295715E+1,-1.300000E+3,-1.299800E+0,-6.503900E-1,1.998493E+3,2.058661E+3,1.449000E-1,2.983000E-1,9.910000E+37,-6.503900E-1,-1.523701E+41,6.839199E+41,1.449000E-1,9.910000E+37,5.000000E-1,0.000000E+0,5.000000E+0,1.000000E+1,5.000000E+0,1.000000E+1,1.000000E+0,7.030000E+2
3.300569E+1,-1.000000E+3,-9.997000E-1,-5.046100E-1,1.981134E+3,2.067615E+3,1.455300E-1,3.009000E-1,9.910000E+37,-5.046100E-1,-1.963893E+41,6.809593E+41,1.455300E-1,9.910000E+37,5.000000E-1,0.000000E+0,5.000000E+0,1.000000E+1,5.000000E+0,1.000000E+1,1.000000E+0,7.040000E+2
3.305411E+1,-7.000000E+2,-7.007000E-1,-3.560200E-1,1.968148E+3,2.071365E+3,1.451700E-1,3.007000E-1,9.910000E+37,-3.560200E-1,-2.783551E+41,6.826479E+41,1.451700E-1,9.910000E+37,5.000000E-1,0.000000E+0,5.000000E+0,1.000000E+1,5.000000E+0,1.000000E+1,1.000000E+0,7.050000E+2
3.310243E+1,-4.000000E+2,-3.994000E-1,-2.060400E-1,1.938459E+3,2.067610E+3,1.449500E-1,2.997000E-1,9.910000E+37,-2.060400E-1,-4.809746E+41,6.836840E+41,1.449500E-1,9.910000E+37,5.000000E-1,0.000000E+0,5.000000E+0,1.000000E+1,5.000000E+0,1.000000E+1,1.000000E+0,7.060000E+2
3.315075E+1,-1.000000E+2,-1.004000E-1,-5.569000E-2,1.802837E+3,2.064881E+3,1.451900E-1,2.998000E-1,9.910000E+37,-5.569000E-2,-1.779494E+42,6.825539E+41,1.451900E-1,9.910000E+37,5.000000E-1,0.000000E+0,5.000000E+0,1.000000E+1,5.000000E+0,1.000000E+1,1.000000E+0,7.070000E+2
3.319932E+1,2.000000E+2,1.994000E-1,9.461000E-2,2.107600E+3,2.061126E+3,1.456000E-1,3.001000E-1,9.910000E+37,9.461000E-2,1.047458E+42,6.806319E+41,1.456000E-1,9.910000E+37,5.000000E-1,0.000000E+0,5.000000E+0,1.000000E+1,5.000000E+0,1.000000E+1,1.000000E+0,7.080000E+2
3.324815E+1,5.000000E+2,4.996000E-1,2.454300E-1,2.035611E+3,2.068537E+3,1.447400E-1,2.994000E-1,9.910000E+37,2.454300E-1,4.037811E+41,6.846760E+41,1.447400E-1,9.910000E+37,5.000000E-1,0.000000E+0,5.000000E+0,1.000000E+1,5.000000E+0,1.000000E+1,1.000000E+0,7.090000E+2
3.329667E+1,8.000000E+2,7.993000E-1,3.951500E-1,2.022776E+3,2.063033E+3,1.453200E-1,2.998000E-1,9.910000E+37,3.951500E-1,2.507908E+41,6.819433E+41,1.453200E-1,9.910000E+37,5.000000E-1,0.000000E+0,5.000000E+0,1.000000E+1,5.000000E+0,1.000000E+1,1.000000E+0,7.100000E+2
3.334491E+1,1.100000E+3,1.099900E+0,5.444200E-1,2.020315E+3,2.060706E+3,1.452900E-1,2.994000E-1,9.910000E+37,5.444200E-1,1.820286E+41,6.820841E+41,1.452900E-1,9.910000E+37,5.000000E-1,0.000000E+0,5.000000E+0,1.000000E+1,5.000000E+0,1.000000E+1,1.000000E+0,7.110000E+2
3.339328E+1,1.400000E+3,1.398900E+0,6.915200E-1,2.022935E+3,2.061912E+3,1.456900E-1,3.004000E-1,9.910000E+37,6.915200E-1,1.433075E+41,6.802114E+41,1.456900E-1,9.910000E+37,5.000000E-1,0.000000E+0,5.000000E+0,1.000000E+1,5.000000E+0,1.000000E+1,1.000000E+0,7.120000E+2
3.344165E+1,1.700000E+3,1.700800E+0,8.354200E-1,2.035862E+3,2.065046E+3,1.460500E-1,3.016000E-1,9.910000E+37,8.354200E-1,1.186230E+41,6.785347E+41,1.460500E-1,9.910000E+37,5.000000E-1,0.000000E+0,5.000000E+0,1.000000E+1,5.000000E+0,1.000000E+1,1.000000E+0,7.130000E+2
3.349003E+1,2.000000E+3,1.998700E+0,9.750300E-1,2.049886E+3,2.068090E+3,1.456900E-1,3.013000E-1,9.910000E+37,9.750300E-1,1.016379E+41,6.802114E+41,1.456900E-1,9.910000E+37,5.000000E-1,0.000000E+0,5.000000E+0,1.000000E+1,5.000000E+0,1.000000E+1,1.000000E+0,7.140000E+2
3.353833E+1,2.300000E+3,2.298900E+0,1.107970E+0,2.074876E+3,2.062054E+3,1.456800E-1,3.004000E-1,9.910000E+37,1.107970E+0,8.944285E+40,6.802581E+41,1.456800E-1,9.910000E+37,5.000000E-1,0.000000E+0,5.000000E+0,1.000000E+1,5.000000E+0,1.000000E+1,1.000000E+0,7.150000E+2
3.358687E+1,2.600000E+3,2.600300E+0,1.246620E+0,2.085880E+3,2.063067E+3,1.455600E-1,3.003000E-1,9.910000E+37,1.246620E+0,7.949495E+40,6.808189E+41,1.455600E-1,9.910000E+37,5.000000E-1,0.000000E+0,5.000000E+0,1.000000E+1,5.000000E+0,1.000000E+1,1.000000E+0,7.160000E+2
3.363514E+1,2.900000E+3,2.899300E+0,1.382180E+0,2.097628E+3,2.056416E+3,1.453500E-1,2.989000E-1,9.910000E+37,1.382180E+0,7.169833E+40,6.818025E+41,1.453500E-1,9.910000E+37,5.000000E-1,0.000000E+0,5.000000E+0,1.000000E+1,5.000000E+0,1.000000E+1,1.000000E+0,7.170000E+2
3.368338E+1,3.200000E+3,3.199900E+0,1.516080E+0,2.110641E+3,2.061289E+3,1.455400E-1,3.000000E-1,9.910000E+37,1.516080E+0,6.536594E+40,6.809125E+41,1.455400E-1,9.910000E+37,5.000000E-1,0.000000E+0,5.000000E+0,1.000000E+1,5.000000E+0,1.000000E+1,1.000000E+0,7.180000E+2
3.373205E+1,3.500000E+3,3.500800E+0,1.646840E+0,2.125768E+3,2.074355E+3,1.452500E-1,3.013000E-1,9.910000E+37,1.646840E+0,6.017585E+40,6.822719E+41,1.452500E-1,9.910000E+37,5.000000E-1,0.000000E+0,5.000000E+0,1.000000E+1,5.000000E+0,1.000000E+1,1.000000E+0,7.190000E+2
