Tiempo (min),I pulso(mA),Vinst 1 (V),Iinst 1 (mA),Rinst 1(Ohm),Rrem 1 (Ohm),Ibias 1 (mA),Vbias 1 (V),Vinst 2 (V),Iinst 2 (mA),Rinst 2(Ohm),Rrem 2 (Ohm),Ibias 2 (mA),Vbias 2 (V),Ancho pulso (s),Periodo (s),Icc 1 (mA),Vcc 1 (V),Icc 2 (mA),Vcc 2 (V),2W 1?,N
1.265572E-1,0.000000E+0,-1.100000E-3,-5.900000E-4,1.864407E+3,2.345437E+4,1.277800E-2,2.997000E-1,9.910000E+37,-5.900000E-4,-1.679661E+44,7.755517E+42,1.277800E-2,9.910000E+37,1.000000E-1,0.000000E+0,1.000000E+0,1.000000E+1,1.000000E+0,1.000000E+1,1.000000E+0,1.000000E+0
1.479918E-1,3.000000E+2,3.004000E-1,1.288900E-2,2.330670E+4,2.336398E+4,1.283600E-2,2.999000E-1,9.910000E+37,1.288900E-2,7.688727E+42,7.720474E+42,1.283600E-2,9.910000E+37,1.000000E-1,0.000000E+0,1.000000E+0,1.000000E+1,1.000000E+0,1.000000E+1,1.000000E+0,2.000000E+0
1.697930E-1,6.000000E+2,6.007000E-1,2.652000E-2,2.265083E+4,2.345968E+4,1.282200E-2,3.008000E-1,9.910000E+37,2.652000E-2,3.736802E+42,7.728903E+42,1.282200E-2,9.910000E+37,1.000000E-1,0.000000E+0,1.000000E+0,1.000000E+1,1.000000E+0,1.000000E+1,1.000000E+0,3.000000E+0
1.914610E-1,9.000000E+2,8.997000E-1,4.056600E-2,2.217867E+4,2.343348E+4,1.281500E-2,3.003000E-1,9.910000E+37,4.056600E-2,2.442933E+42,7.733125E+42,1.281500E-2,9.910000E+37,1.000000E-1,0.000000E+0,1.000000E+0,1.000000E+1,1.000000E+0,1.000000E+1,1.000000E+0,4.000000E+0
2.130122E-1,1.200000E+3,1.200700E+0,5.492200E-2,2.186191E+4,2.310355E+4,1.299800E-2,3.003000E-1,9.910000E+37,5.492200E-2,1.804377E+42,7.624250E+42,1.299800E-2,9.910000E+37,1.000000E-1,0.000000E+0,1.000000E+0,1.000000E+1,1.000000E+0,1.000000E+1,1.000000E+0,5.000000E+0
2.346134E-1,1.500000E+3,1.499600E+0,6.965000E-2,2.153051E+4,2.320087E+4,1.290900E-2,2.995000E-1,9.910000E+37,6.965000E-2,1.422828E+42,7.676815E+42,1.290900E-2,9.910000E+37,1.000000E-1,0.000000E+0,1.000000E+0,1.000000E+1,1.000000E+0,1.000000E+1,1.000000E+0,6.000000E+0
2.560646E-1,1.800000E+3,1.799100E+0,8.480500E-2,2.121455E+4,2.364812E+4,1.268600E-2,3.000000E-1,9.910000E+37,8.480500E-2,1.168563E+42,7.811761E+42,1.268600E-2,9.910000E+37,1.000000E-1,0.000000E+0,1.000000E+0,1.000000E+1,1.000000E+0,1.000000E+1,1.000000E+0,7.000000E+0
2.780992E-1,2.100000E+3,2.100600E+0,1.006280E-1,2.087491E+4,2.328437E+4,1.286700E-2,2.996000E-1,9.910000E+37,1.006280E-1,9.848154E+41,7.701873E+42,1.286700E-2,9.910000E+37,1.000000E-1,0.000000E+0,1.000000E+0,1.000000E+1,1.000000E+0,1.000000E+1,1.000000E+0,8.000000E+0
2.996171E-1,2.400000E+3,2.400600E+0,1.167780E-1,2.055695E+4,2.318449E+4,1.294400E-2,3.001000E-1,9.910000E+37,1.167780E-1,8.486187E+41,7.656057E+42,1.294400E-2,9.910000E+37,1.000000E-1,0.000000E+0,1.000000E+0,1.000000E+1,1.000000E+0,1.000000E+1,1.000000E+0,9.000000E+0
3.210517E-1,2.700000E+3,2.700800E+0,1.333660E-1,2.025104E+4,2.337016E+4,1.285400E-2,3.004000E-1,9.910000E+37,1.333660E-1,7.430679E+41,7.709662E+42,1.285400E-2,9.910000E+37,1.000000E-1,0.000000E+0,1.000000E+0,1.000000E+1,1.000000E+0,1.000000E+1,1.000000E+0,1.000000E+1
3.426363E-1,3.000000E+3,2.999500E+0,1.501660E-1,1.997456E+4,2.360586E+4,1.269600E-2,2.997000E-1,9.910000E+37,1.501660E-1,6.599363E+41,7.805608E+42,1.269600E-2,9.910000E+37,1.000000E-1,0.000000E+0,1.000000E+0,1.000000E+1,1.000000E+0,1.000000E+1,1.000000E+0,1.100000E+1
3.640875E-1,3.300000E+3,3.300100E+0,1.675300E-1,1.969856E+4,2.347609E+4,1.279600E-2,3.004000E-1,9.910000E+37,1.675300E-1,5.915358E+41,7.744608E+42,1.279600E-2,9.910000E+37,1.000000E-1,0.000000E+0,1.000000E+0,1.000000E+1,1.000000E+0,1.000000E+1,1.000000E+0,1.200000E+1
3.855720E-1,3.600000E+3,3.600400E+0,1.847540E-1,1.948753E+4,2.337460E+4,1.284300E-2,3.002000E-1,9.910000E+37,1.847540E-1,5.363889E+41,7.716266E+42,1.284300E-2,9.910000E+37,1.000000E-1,0.000000E+0,1.000000E+0,1.000000E+1,1.000000E+0,1.000000E+1,1.000000E+0,1.300000E+1
4.071066E-1,3.900000E+3,3.899700E+0,2.016360E-1,1.934030E+4,2.346883E+4,1.281700E-2,3.008000E-1,9.910000E+37,2.016360E-1,4.914797E+41,7.731919E+42,1.281700E-2,9.910000E+37,1.000000E-1,0.000000E+0,1.000000E+0,1.000000E+1,1.000000E+0,1.000000E+1,1.000000E+0,1.400000E+1
4.287579E-1,4.200000E+3,4.199700E+0,2.181450E-1,1.925187E+4,2.363035E+4,1.270400E-2,3.002000E-1,9.910000E+37,2.181450E-1,4.542850E+41,7.800693E+42,1.270400E-2,9.910000E+37,1.000000E-1,0.000000E+0,1.000000E+0,1.000000E+1,1.000000E+0,1.000000E+1,1.000000E+0,1.500000E+1
4.513091E-1,4.500000E+3,4.501700E+0,2.339200E-1,1.924461E+4,2.345351E+4,1.278700E-2,2.999000E-1,9.910000E+37,2.339200E-1,4.236491E+41,7.750059E+42,1.278700E-2,9.910000E+37,1.000000E-1,0.000000E+0,1.000000E+0,1.000000E+1,1.000000E+0,1.000000E+1,1.000000E+0,1.600000E+1
4.730271E-1,4.800000E+3,4.799800E+0,2.490410E-1,1.927313E+4,2.360532E+4,1.270900E-2,3.000000E-1,9.910000E+37,2.490410E-1,3.979264E+41,7.797624E+42,1.270900E-2,9.910000E+37,1.000000E-1,0.000000E+0,1.000000E+0,1.000000E+1,1.000000E+0,1.000000E+1,1.000000E+0,1.700000E+1
4.945616E-1,5.000000E+3,5.000000E+0,2.584790E-1,1.934393E+4,2.392032E+4,1.255000E-2,3.002000E-1,9.910000E+37,2.584790E-1,3.833967E+41,7.896414E+42,1.255000E-2,9.910000E+37,1.000000E-1,0.000000E+0,1.000000E+0,1.000000E+1,1.000000E+0,1.000000E+1,1.000000E+0,1.800000E+1
5.162962E-1,4.700000E+3,4.700200E+0,2.387200E-1,1.968918E+4,2.392672E+4,1.255500E-2,3.004000E-1,9.910000E+37,2.387200E-1,4.151307E+41,7.893270E+42,1.255500E-2,9.910000E+37,1.000000E-1,0.000000E+0,1.000000E+0,1.000000E+1,1.000000E+0,1.000000E+1,1.000000E+0,1.900000E+1
5.378308E-1,4.400000E+3,4.399700E+0,2.205210E-1,1.995139E+4,2.375385E+4,1.265900E-2,3.007000E-1,9.910000E+37,2.205210E-1,4.493903E+41,7.828422E+42,1.265900E-2,9.910000E+37,1.000000E-1,0.000000E+0,1.000000E+0,1.000000E+1,1.000000E+0,1.000000E+1,1.000000E+0,2.000000E+1
5.592653E-1,4.100000E+3,4.099400E+0,2.028880E-1,2.020524E+4,2.406130E+4,1.246400E-2,2.999000E-1,9.910000E+37,2.028880E-1,4.884468E+41,7.950899E+42,1.246400E-2,9.910000E+37,1.000000E-1,0.000000E+0,1.000000E+0,1.000000E+1,1.000000E+0,1.000000E+1,1.000000E+0,2.100000E+1
5.807332E-1,3.800000E+3,3.801400E+0,1.859510E-1,2.044302E+4,2.373015E+4,1.265900E-2,3.004000E-1,9.910000E+37,1.859510E-1,5.329361E+41,7.828422E+42,1.265900E-2,9.910000E+37,1.000000E-1,0.000000E+0,1.000000E+0,1.000000E+1,1.000000E+0,1.000000E+1,1.000000E+0,2.200000E+1
6.024344E-1,3.500000E+3,3.500400E+0,1.692770E-1,2.067853E+4,2.393736E+4,1.251600E-2,2.996000E-1,9.910000E+37,1.692770E-1,5.854310E+41,7.917865E+42,1.251600E-2,9.910000E+37,1.000000E-1,0.000000E+0,1.000000E+0,1.000000E+1,1.000000E+0,1.000000E+1,1.000000E+0,2.300000E+1
6.240024E-1,3.200000E+3,3.198800E+0,1.531390E-1,2.088821E+4,2.379259E+4,1.265100E-2,3.010000E-1,9.910000E+37,1.531390E-1,6.471245E+41,7.833373E+42,1.265100E-2,9.910000E+37,1.000000E-1,0.000000E+0,1.000000E+0,1.000000E+1,1.000000E+0,1.000000E+1,1.000000E+0,2.400000E+1
6.456036E-1,2.900000E+3,2.901200E+0,1.374210E-1,2.111177E+4,2.386057E+4,1.259400E-2,3.005000E-1,9.910000E+37,1.374210E-1,7.211416E+41,7.868826E+42,1.259400E-2,9.910000E+37,1.000000E-1,0.000000E+0,1.000000E+0,1.000000E+1,1.000000E+0,1.000000E+1,1.000000E+0,2.500000E+1
6.671548E-1,2.600000E+3,2.599900E+0,1.216750E-1,2.136758E+4,2.409600E+4,1.241700E-2,2.992000E-1,9.910000E+37,1.216750E-1,8.144648E+41,7.980994E+42,1.241700E-2,9.910000E+37,1.000000E-1,0.000000E+0,1.000000E+0,1.000000E+1,1.000000E+0,1.000000E+1,1.000000E+0,2.600000E+1
6.886227E-1,2.300000E+3,2.299300E+0,1.065010E-1,2.158947E+4,2.376945E+4,1.259600E-2,2.994000E-1,9.910000E+37,1.065010E-1,9.305077E+41,7.867577E+42,1.259600E-2,9.910000E+37,1.000000E-1,0.000000E+0,1.000000E+0,1.000000E+1,1.000000E+0,1.000000E+1,1.000000E+0,2.700000E+1
7.102573E-1,2.000000E+3,1.999600E+0,9.144900E-2,2.186574E+4,2.383684E+4,1.255200E-2,2.992000E-1,9.910000E+37,9.144900E-2,1.083664E+42,7.895156E+42,1.255200E-2,9.910000E+37,1.000000E-1,0.000000E+0,1.000000E+0,1.000000E+1,1.000000E+0,1.000000E+1,1.000000E+0,2.800000E+1
7.317752E-1,1.700000E+3,1.700700E+0,7.695500E-2,2.209993E+4,2.371517E+4,1.266700E-2,3.004000E-1,9.910000E+37,7.695500E-2,1.287766E+42,7.823478E+42,1.266700E-2,9.910000E+37,1.000000E-1,0.000000E+0,1.000000E+0,1.000000E+1,1.000000E+0,1.000000E+1,1.000000E+0,2.900000E+1
7.532431E-1,1.400000E+3,1.400000E+0,6.269200E-2,2.233140E+4,2.382611E+4,1.262900E-2,3.009000E-1,9.910000E+37,6.269200E-2,1.580744E+42,7.847019E+42,1.262900E-2,9.910000E+37,1.000000E-1,0.000000E+0,1.000000E+0,1.000000E+1,1.000000E+0,1.000000E+1,1.000000E+0,3.000000E+1
7.747943E-1,1.100000E+3,1.099300E+0,4.867500E-2,2.258449E+4,2.397474E+4,1.250900E-2,2.999000E-1,9.910000E+37,4.867500E-2,2.035953E+42,7.922296E+42,1.250900E-2,9.910000E+37,1.000000E-1,0.000000E+0,1.000000E+0,1.000000E+1,1.000000E+0,1.000000E+1,1.000000E+0,3.100000E+1
7.963455E-1,8.000000E+2,7.997000E-1,3.488700E-2,2.292258E+4,2.375603E+4,1.264100E-2,3.003000E-1,9.910000E+37,3.488700E-2,2.840600E+42,7.839570E+42,1.264100E-2,9.910000E+37,1.000000E-1,0.000000E+0,1.000000E+0,1.000000E+1,1.000000E+0,1.000000E+1,1.000000E+0,3.200000E+1
8.178801E-1,5.000000E+2,5.004000E-1,2.157500E-2,2.319351E+4,2.389381E+4,1.254300E-2,2.997000E-1,9.910000E+37,2.157500E-2,4.593279E+42,7.900821E+42,1.254300E-2,9.910000E+37,1.000000E-1,0.000000E+0,1.000000E+0,1.000000E+1,1.000000E+0,1.000000E+1,1.000000E+0,3.300000E+1
8.394480E-1,2.000000E+2,1.993000E-1,8.101000E-3,2.460190E+4,2.383107E+4,1.259700E-2,3.002000E-1,9.910000E+37,8.101000E-3,1.223306E+43,7.866952E+42,1.259700E-2,9.910000E+37,1.000000E-1,0.000000E+0,1.000000E+0,1.000000E+1,1.000000E+0,1.000000E+1,1.000000E+0,3.400000E+1
8.609492E-1,0.000000E+0,-6.000000E-4,-5.000000E-4,1.200000E+3,2.369897E+4,1.266300E-2,3.001000E-1,9.910000E+37,-5.000000E-4,-1.982000E+44,7.825950E+42,1.266300E-2,9.910000E+37,1.000000E-1,0.000000E+0,1.000000E+0,1.000000E+1,1.000000E+0,1.000000E+1,1.000000E+0,3.500000E+1
8.824338E-1,3.000000E+2,3.000000E-1,1.256700E-2,2.387205E+4,2.387430E+4,1.257000E-2,3.001000E-1,9.910000E+37,1.256700E-2,7.885732E+42,7.883850E+42,1.257000E-2,9.910000E+37,1.000000E-1,0.000000E+0,1.000000E+0,1.000000E+1,1.000000E+0,1.000000E+1,1.000000E+0,3.600000E+1
9.040350E-1,6.000000E+2,6.009000E-1,2.593300E-2,2.317125E+4,2.397184E+4,1.249800E-2,2.996000E-1,9.910000E+37,2.593300E-2,3.821386E+42,7.929269E+42,1.249800E-2,9.910000E+37,1.000000E-1,0.000000E+0,1.000000E+0,1.000000E+1,1.000000E+0,1.000000E+1,1.000000E+0,3.700000E+1
9.254529E-1,9.000000E+2,8.992000E-1,3.937700E-2,2.283567E+4,2.381860E+4,1.259100E-2,2.999000E-1,9.910000E+37,3.937700E-2,2.516698E+42,7.870701E+42,1.259100E-2,9.910000E+37,1.000000E-1,0.000000E+0,1.000000E+0,1.000000E+1,1.000000E+0,1.000000E+1,1.000000E+0,3.800000E+1
9.468542E-1,1.200000E+3,1.199300E+0,5.344700E-2,2.243905E+4,2.370125E+4,1.266600E-2,3.002000E-1,9.910000E+37,5.344700E-2,1.854173E+42,7.824096E+42,1.266600E-2,9.910000E+37,1.000000E-1,0.000000E+0,1.000000E+0,1.000000E+1,1.000000E+0,1.000000E+1,1.000000E+0,3.900000E+1
9.684387E-1,1.500000E+3,1.499800E+0,6.765000E-2,2.216999E+4,2.382500E+4,1.261700E-2,3.006000E-1,9.910000E+37,6.765000E-2,1.464893E+42,7.854482E+42,1.261700E-2,9.910000E+37,1.000000E-1,0.000000E+0,1.000000E+0,1.000000E+1,1.000000E+0,1.000000E+1,1.000000E+0,4.000000E+1
9.900900E-1,1.800000E+3,1.799300E+0,8.198800E-2,2.194589E+4,2.395708E+4,1.248900E-2,2.992000E-1,9.910000E+37,8.198800E-2,1.208713E+42,7.934983E+42,1.248900E-2,9.910000E+37,1.000000E-1,0.000000E+0,1.000000E+0,1.000000E+1,1.000000E+0,1.000000E+1,1.000000E+0,4.100000E+1
1.011858E+0,2.100000E+3,2.100300E+0,9.699300E-2,2.165414E+4,2.376536E+4,1.261500E-2,2.998000E-1,9.910000E+37,9.699300E-2,1.021723E+42,7.855727E+42,1.261500E-2,9.910000E+37,1.000000E-1,0.000000E+0,1.000000E+0,1.000000E+1,1.000000E+0,1.000000E+1,1.000000E+0,4.200000E+1
1.033642E+0,2.400000E+3,2.399400E+0,1.119180E-1,2.143891E+4,2.384132E+4,1.257900E-2,2.999000E-1,9.910000E+37,1.119180E-1,8.854697E+41,7.878210E+42,1.257900E-2,9.910000E+37,1.000000E-1,0.000000E+0,1.000000E+0,1.000000E+1,1.000000E+0,1.000000E+1,1.000000E+0,4.300000E+1
1.055444E+0,2.700000E+3,2.701000E+0,1.277060E-1,2.115014E+4,2.388619E+4,1.254700E-2,2.997000E-1,9.910000E+37,1.277060E-1,7.760011E+41,7.898302E+42,1.254700E-2,9.910000E+37,1.000000E-1,0.000000E+0,1.000000E+0,1.000000E+1,1.000000E+0,1.000000E+1,1.000000E+0,4.400000E+1
1.077145E+0,3.000000E+3,2.998800E+0,1.433090E-1,2.092541E+4,2.380499E+4,1.261500E-2,3.003000E-1,9.910000E+37,1.433090E-1,6.915127E+41,7.855727E+42,1.261500E-2,9.910000E+37,1.000000E-1,0.000000E+0,1.000000E+0,1.000000E+1,1.000000E+0,1.000000E+1,1.000000E+0,4.500000E+1
1.098663E+0,3.300000E+3,3.299500E+0,1.593960E-1,2.070002E+4,2.381824E+4,1.256600E-2,2.993000E-1,9.910000E+37,1.593960E-1,6.217220E+41,7.886360E+42,1.256600E-2,9.910000E+37,1.000000E-1,0.000000E+0,1.000000E+0,1.000000E+1,1.000000E+0,1.000000E+1,1.000000E+0,4.600000E+1
1.120197E+0,3.600000E+3,3.600500E+0,1.754030E-1,2.052701E+4,2.399616E+4,1.250200E-2,3.000000E-1,9.910000E+37,1.754030E-1,5.649846E+41,7.926732E+42,1.250200E-2,9.910000E+37,1.000000E-1,0.000000E+0,1.000000E+0,1.000000E+1,1.000000E+0,1.000000E+1,1.000000E+0,4.700000E+1
1.141765E+0,3.900000E+3,3.900000E+0,1.916290E-1,2.035183E+4,2.377478E+4,1.261000E-2,2.998000E-1,9.910000E+37,1.916290E-1,5.171451E+41,7.858842E+42,1.261000E-2,9.910000E+37,1.000000E-1,0.000000E+0,1.000000E+0,1.000000E+1,1.000000E+0,1.000000E+1,1.000000E+0,4.800000E+1
1.163467E+0,4.200000E+3,4.200700E+0,2.080190E-1,2.019383E+4,2.388036E+4,1.257100E-2,3.002000E-1,9.910000E+37,2.080190E-1,4.763988E+41,7.883223E+42,1.257100E-2,9.910000E+37,1.000000E-1,0.000000E+0,1.000000E+0,1.000000E+1,1.000000E+0,1.000000E+1,1.000000E+0,4.900000E+1
1.185018E+0,4.500000E+3,4.499400E+0,2.237440E-1,2.010959E+4,2.400512E+4,1.248900E-2,2.998000E-1,9.910000E+37,2.237440E-1,4.429169E+41,7.934983E+42,1.248900E-2,9.910000E+37,1.000000E-1,0.000000E+0,1.000000E+0,1.000000E+1,1.000000E+0,1.000000E+1,1.000000E+0,5.000000E+1
1.206752E+0,4.800000E+3,4.799700E+0,2.396210E-1,2.003038E+4,2.424487E+4,1.238200E-2,3.002000E-1,9.910000E+37,2.396210E-1,4.135698E+41,8.003554E+42,1.238200E-2,9.910000E+37,1.000000E-1,0.000000E+0,1.000000E+0,1.000000E+1,1.000000E+0,1.000000E+1,1.000000E+0,5.100000E+1
1.228420E+0,5.000000E+3,4.999300E+0,2.494400E-1,2.004209E+4,2.393838E+4,1.252800E-2,2.999000E-1,9.910000E+37,2.494400E-1,3.972899E+41,7.910281E+42,1.252800E-2,9.910000E+37,1.000000E-1,0.000000E+0,1.000000E+0,1.000000E+1,1.000000E+0,1.000000E+1,1.000000E+0,5.200000E+1
1.250005E+0,4.700000E+3,4.701400E+0,2.312690E-1,2.032871E+4,2.396734E+4,1.249200E-2,2.994000E-1,9.910000E+37,2.312690E-1,4.285053E+41,7.933077E+42,1.249200E-2,9.910000E+37,1.000000E-1,0.000000E+0,1.000000E+0,1.000000E+1,1.000000E+0,1.000000E+1,1.000000E+0,5.300000E+1
1.271606E+0,4.400000E+3,4.400200E+0,2.140700E-1,2.055496E+4,2.417291E+4,1.242300E-2,3.003000E-1,9.910000E+37,2.140700E-1,4.629327E+41,7.977139E+42,1.242300E-2,9.910000E+37,1.000000E-1,0.000000E+0,1.000000E+0,1.000000E+1,1.000000E+0,1.000000E+1,1.000000E+0,5.400000E+1
1.293274E+0,4.100000E+3,4.100800E+0,1.973520E-1,2.077912E+4,2.409182E+4,1.241500E-2,2.991000E-1,9.910000E+37,1.973520E-1,5.021484E+41,7.982280E+42,1.241500E-2,9.910000E+37,1.000000E-1,0.000000E+0,1.000000E+0,1.000000E+1,1.000000E+0,1.000000E+1,1.000000E+0,5.500000E+1
1.314759E+0,3.800000E+3,3.799500E+0,1.810680E-1,2.098383E+4,2.387775E+4,1.256400E-2,3.000000E-1,9.910000E+37,1.810680E-1,5.473082E+41,7.887615E+42,1.256400E-2,9.910000E+37,1.000000E-1,0.000000E+0,1.000000E+0,1.000000E+1,1.000000E+0,1.000000E+1,1.000000E+0,5.600000E+1
1.336460E+0,3.500000E+3,3.500700E+0,1.650830E-1,2.120570E+4,2.394535E+4,1.251600E-2,2.997000E-1,9.910000E+37,1.650830E-1,6.003041E+41,7.917865E+42,1.251600E-2,9.910000E+37,1.000000E-1,0.000000E+0,1.000000E+0,1.000000E+1,1.000000E+0,1.000000E+1,1.000000E+0,5.700000E+1
1.358078E+0,3.200000E+3,3.200100E+0,1.495270E-1,2.140149E+4,2.413626E+4,1.241700E-2,2.997000E-1,9.910000E+37,1.495270E-1,6.627566E+41,7.980994E+42,1.241700E-2,9.910000E+37,1.000000E-1,0.000000E+0,1.000000E+0,1.000000E+1,1.000000E+0,1.000000E+1,1.000000E+0,5.800000E+1
1.379596E+0,2.900000E+3,2.899900E+0,1.340770E-1,2.162862E+4,2.428190E+4,1.235900E-2,3.001000E-1,9.910000E+37,1.340770E-1,7.391275E+41,8.018448E+42,1.235900E-2,9.910000E+37,1.000000E-1,0.000000E+0,1.000000E+0,1.000000E+1,1.000000E+0,1.000000E+1,1.000000E+0,5.900000E+1
1.401297E+0,2.600000E+3,2.600600E+0,1.192090E-1,2.181547E+4,2.427516E+4,1.231300E-2,2.989000E-1,9.910000E+37,1.192090E-1,8.313131E+41,8.048404E+42,1.231300E-2,9.910000E+37,1.000000E-1,0.000000E+0,1.000000E+0,1.000000E+1,1.000000E+0,1.000000E+1,1.000000E+0,6.000000E+1
1.422765E+0,2.300000E+3,2.298700E+0,1.042830E-1,2.204290E+4,2.411273E+4,1.245400E-2,3.003000E-1,9.910000E+37,1.042830E-1,9.502987E+41,7.957283E+42,1.245400E-2,9.910000E+37,1.000000E-1,0.000000E+0,1.000000E+0,1.000000E+1,1.000000E+0,1.000000E+1,1.000000E+0,6.100000E+1
1.444299E+0,2.000000E+3,2.000800E+0,8.998500E-2,2.223482E+4,2.437673E+4,1.227400E-2,2.992000E-1,9.910000E+37,8.998500E-2,1.101295E+42,8.073978E+42,1.227400E-2,9.910000E+37,1.000000E-1,0.000000E+0,1.000000E+0,1.000000E+1,1.000000E+0,1.000000E+1,1.000000E+0,6.200000E+1
1.466051E+0,1.700000E+3,1.700700E+0,7.576000E-2,2.244852E+4,2.386091E+4,1.251000E-2,2.985000E-1,9.910000E+37,7.576000E-2,1.308078E+42,7.921663E+42,1.251000E-2,9.910000E+37,1.000000E-1,0.000000E+0,1.000000E+0,1.000000E+1,1.000000E+0,1.000000E+1,1.000000E+0,6.300000E+1
1.487668E+0,1.400000E+3,1.400200E+0,6.161700E-2,2.272425E+4,2.398974E+4,1.247200E-2,2.992000E-1,9.910000E+37,6.161700E-2,1.608322E+42,7.945799E+42,1.247200E-2,9.910000E+37,1.000000E-1,0.000000E+0,1.000000E+0,1.000000E+1,1.000000E+0,1.000000E+1,1.000000E+0,6.400000E+1
1.509270E+0,1.100000E+3,1.101400E+0,4.793100E-2,2.297887E+4,2.408818E+4,1.247500E-2,3.005000E-1,9.910000E+37,4.793100E-2,2.067555E+42,7.943888E+42,1.247500E-2,9.910000E+37,1.000000E-1,0.000000E+0,1.000000E+0,1.000000E+1,1.000000E+0,1.000000E+1,1.000000E+0,6.500000E+1
1.530938E+0,8.000000E+2,7.998000E-1,3.459900E-2,2.311628E+4,2.423974E+4,1.239700E-2,3.005000E-1,9.910000E+37,3.459900E-2,2.864245E+42,7.993869E+42,1.239700E-2,9.910000E+37,1.000000E-1,0.000000E+0,1.000000E+0,1.000000E+1,1.000000E+0,1.000000E+1,1.000000E+0,6.600000E+1
1.552522E+0,5.000000E+2,4.998000E-1,2.117600E-2,2.360219E+4,2.389062E+4,1.250700E-2,2.988000E-1,9.910000E+37,2.117600E-2,4.679826E+42,7.923563E+42,1.250700E-2,9.910000E+37,1.000000E-1,0.000000E+0,1.000000E+0,1.000000E+1,1.000000E+0,1.000000E+1,1.000000E+0,6.700000E+1
1.574023E+0,2.000000E+2,1.991000E-1,8.094000E-3,2.459847E+4,2.405876E+4,1.245700E-2,2.997000E-1,9.910000E+37,8.094000E-3,1.224364E+43,7.955366E+42,1.245700E-2,9.910000E+37,1.000000E-1,0.000000E+0,1.000000E+0,1.000000E+1,1.000000E+0,1.000000E+1,1.000000E+0,6.800000E+1
1.595491E+0,0.000000E+0,-7.000000E-4,-5.460000E-4,1.282051E+3,2.398244E+4,1.253000E-2,3.005000E-1,9.910000E+37,-5.460000E-4,-1.815018E+44,7.909018E+42,1.253000E-2,9.910000E+37,1.000000E-1,0.000000E+0,1.000000E+0,1.000000E+1,1.000000E+0,1.000000E+1,1.000000E+0,6.900000E+1
1.617009E+0,3.000000E+2,3.001000E-1,1.241100E-2,2.418016E+4,2.419029E+4,1.238100E-2,2.995000E-1,9.910000E+37,1.241100E-2,7.984852E+42,8.004200E+42,1.238100E-2,9.910000E+37,1.000000E-1,0.000000E+0,1.000000E+0,1.000000E+1,1.000000E+0,1.000000E+1,1.000000E+0,7.000000E+1
1.638710E+0,6.000000E+2,6.007000E-1,2.573600E-2,2.334085E+4,2.429406E+4,1.232400E-2,2.994000E-1,9.910000E+37,2.573600E-2,3.850637E+42,8.041220E+42,1.232400E-2,9.910000E+37,1.000000E-1,0.000000E+0,1.000000E+0,1.000000E+1,1.000000E+0,1.000000E+1,1.000000E+0,7.100000E+1
1.660428E+0,9.000000E+2,9.004000E-1,3.899600E-2,2.308955E+4,2.383029E+4,1.261000E-2,3.005000E-1,9.910000E+37,3.899600E-2,2.541286E+42,7.858842E+42,1.261000E-2,9.910000E+37,1.000000E-1,0.000000E+0,1.000000E+0,1.000000E+1,1.000000E+0,1.000000E+1,1.000000E+0,7.200000E+1
1.682063E+0,1.200000E+3,1.200000E+0,5.256100E-2,2.283062E+4,2.432674E+4,1.232800E-2,2.999000E-1,9.910000E+37,5.256100E-2,1.885428E+42,8.038611E+42,1.232800E-2,9.910000E+37,1.000000E-1,0.000000E+0,1.000000E+0,1.000000E+1,1.000000E+0,1.000000E+1,1.000000E+0,7.300000E+1
1.703647E+0,1.500000E+3,1.501200E+0,6.659900E-2,2.254088E+4,2.410121E+4,1.248900E-2,3.010000E-1,9.910000E+37,6.659900E-2,1.488010E+42,7.934983E+42,1.248900E-2,9.910000E+37,1.000000E-1,0.000000E+0,1.000000E+0,1.000000E+1,1.000000E+0,1.000000E+1,1.000000E+0,7.400000E+1
1.725349E+0,1.800000E+3,1.799600E+0,8.051400E-2,2.235139E+4,2.440094E+4,1.231100E-2,3.004000E-1,9.910000E+37,8.051400E-2,1.230842E+42,8.049712E+42,1.231100E-2,9.910000E+37,1.000000E-1,0.000000E+0,1.000000E+0,1.000000E+1,1.000000E+0,1.000000E+1,1.000000E+0,7.500000E+1
1.747050E+0,2.100000E+3,2.099700E+0,9.519600E-2,2.205660E+4,2.409241E+4,1.242300E-2,2.993000E-1,9.910000E+37,9.519600E-2,1.041010E+42,7.977139E+42,1.242300E-2,9.910000E+37,1.000000E-1,0.000000E+0,1.000000E+0,1.000000E+1,1.000000E+0,1.000000E+1,1.000000E+0,7.600000E+1
1.768651E+0,2.400000E+3,2.400100E+0,1.099190E-1,2.183517E+4,2.403231E+4,1.250400E-2,3.005000E-1,9.910000E+37,1.099190E-1,9.015730E+41,7.925464E+42,1.250400E-2,9.910000E+37,1.000000E-1,0.000000E+0,1.000000E+0,1.000000E+1,1.000000E+0,1.000000E+1,1.000000E+0,7.700000E+1
1.790219E+0,2.700000E+3,2.700000E+0,1.249910E-1,2.160156E+4,2.392222E+4,1.254900E-2,3.002000E-1,9.910000E+37,1.249910E-1,7.928571E+41,7.897044E+42,1.254900E-2,9.910000E+37,1.000000E-1,0.000000E+0,1.000000E+0,1.000000E+1,1.000000E+0,1.000000E+1,1.000000E+0,7.800000E+1
1.811770E+0,3.000000E+3,2.999000E+0,1.402620E-1,2.138141E+4,2.404586E+4,1.247200E-2,2.999000E-1,9.910000E+37,1.402620E-1,7.065349E+41,7.945799E+42,1.247200E-2,9.910000E+37,1.000000E-1,0.000000E+0,1.000000E+0,1.000000E+1,1.000000E+0,1.000000E+1,1.000000E+0,7.900000E+1
1.833388E+0,3.300000E+3,3.299400E+0,1.557920E-1,2.117824E+4,2.405185E+4,1.249800E-2,3.006000E-1,9.910000E+37,1.557920E-1,6.361045E+41,7.929269E+42,1.249800E-2,9.910000E+37,1.000000E-1,0.000000E+0,1.000000E+0,1.000000E+1,1.000000E+0,1.000000E+1,1.000000E+0,8.000000E+1
1.854989E+0,3.600000E+3,3.599500E+0,1.714350E-1,2.099630E+4,2.392863E+4,1.255400E-2,3.004000E-1,9.910000E+37,1.714350E-1,5.780617E+41,7.893898E+42,1.255400E-2,9.910000E+37,1.000000E-1,0.000000E+0,1.000000E+0,1.000000E+1,1.000000E+0,1.000000E+1,1.000000E+0,8.100000E+1
1.876541E+0,3.900000E+3,3.899700E+0,1.870320E-1,2.085044E+4,2.417272E+4,1.239000E-2,2.995000E-1,9.910000E+37,1.870320E-1,5.298559E+41,7.998386E+42,1.239000E-2,9.910000E+37,1.000000E-1,0.000000E+0,1.000000E+0,1.000000E+1,1.000000E+0,1.000000E+1,1.000000E+0,8.200000E+1
1.898025E+0,4.200000E+3,4.200000E+0,2.030290E-1,2.068670E+4,2.393190E+4,1.256900E-2,3.008000E-1,9.910000E+37,2.030290E-1,4.881076E+41,7.884478E+42,1.256900E-2,9.910000E+37,1.000000E-1,0.000000E+0,1.000000E+0,1.000000E+1,1.000000E+0,1.000000E+1,1.000000E+0,8.300000E+1
1.919676E+0,4.500000E+3,4.500700E+0,2.185910E-1,2.058959E+4,2.405979E+4,1.244400E-2,2.994000E-1,9.910000E+37,2.185910E-1,4.533581E+41,7.963677E+42,1.244400E-2,9.910000E+37,1.000000E-1,0.000000E+0,1.000000E+0,1.000000E+1,1.000000E+0,1.000000E+1,1.000000E+0,8.400000E+1
1.941161E+0,4.800000E+3,4.799500E+0,2.341300E-1,2.049930E+4,2.448065E+4,1.227500E-2,3.005000E-1,9.910000E+37,2.341300E-1,4.232691E+41,8.073320E+42,1.227500E-2,9.910000E+37,1.000000E-1,0.000000E+0,1.000000E+0,1.000000E+1,1.000000E+0,1.000000E+1,1.000000E+0,8.500000E+1
1.962879E+0,5.000000E+3,4.999700E+0,2.440130E-1,2.048948E+4,2.426744E+4,1.235400E-2,2.998000E-1,9.910000E+37,2.440130E-1,4.061259E+41,8.021693E+42,1.235400E-2,9.910000E+37,1.000000E-1,0.000000E+0,1.000000E+0,1.000000E+1,1.000000E+0,1.000000E+1,1.000000E+0,8.600000E+1
1.984397E+0,4.700000E+3,4.700500E+0,2.263230E-1,2.076899E+4,2.462522E+4,1.220700E-2,3.006000E-1,9.910000E+37,2.263230E-1,4.378698E+41,8.118293E+42,1.220700E-2,9.910000E+37,1.000000E-1,0.000000E+0,1.000000E+0,1.000000E+1,1.000000E+0,1.000000E+1,1.000000E+0,8.700000E+1
2.006048E+0,4.400000E+3,4.400200E+0,2.096330E-1,2.099002E+4,2.424952E+4,1.239200E-2,3.005000E-1,9.910000E+37,2.096330E-1,4.727309E+41,7.997095E+42,1.239200E-2,9.910000E+37,1.000000E-1,0.000000E+0,1.000000E+0,1.000000E+1,1.000000E+0,1.000000E+1,1.000000E+0,8.800000E+1
2.027383E+0,4.100000E+3,4.099600E+0,1.935730E-1,2.117857E+4,2.419952E+4,1.243000E-2,3.008000E-1,9.910000E+37,1.935730E-1,5.119516E+41,7.972647E+42,1.243000E-2,9.910000E+37,1.000000E-1,0.000000E+0,1.000000E+0,1.000000E+1,1.000000E+0,1.000000E+1,1.000000E+0,8.900000E+1
2.049084E+0,3.800000E+3,3.800200E+0,1.776880E-1,2.138693E+4,2.439698E+4,1.231300E-2,3.004000E-1,9.910000E+37,1.776880E-1,5.577191E+41,8.048404E+42,1.231300E-2,9.910000E+37,1.000000E-1,0.000000E+0,1.000000E+0,1.000000E+1,1.000000E+0,1.000000E+1,1.000000E+0,9.000000E+1
2.070785E+0,3.500000E+3,3.500600E+0,1.623120E-1,2.156711E+4,2.432213E+4,1.231800E-2,2.996000E-1,9.910000E+37,1.623120E-1,6.105525E+41,8.045137E+42,1.231800E-2,9.910000E+37,1.000000E-1,0.000000E+0,1.000000E+0,1.000000E+1,1.000000E+0,1.000000E+1,1.000000E+0,9.100000E+1
2.092320E+0,3.200000E+3,3.199100E+0,1.469850E-1,2.176481E+4,2.438985E+4,1.229200E-2,2.998000E-1,9.910000E+37,1.469850E-1,6.742185E+41,8.062154E+42,1.229200E-2,9.910000E+37,1.000000E-1,0.000000E+0,1.000000E+0,1.000000E+1,1.000000E+0,1.000000E+1,1.000000E+0,9.200000E+1
2.113688E+0,2.900000E+3,2.900000E+0,1.320130E-1,2.196753E+4,2.468313E+4,1.215000E-2,2.999000E-1,9.910000E+37,1.320130E-1,7.506836E+41,8.156379E+42,1.215000E-2,9.910000E+37,1.000000E-1,0.000000E+0,1.000000E+0,1.000000E+1,1.000000E+0,1.000000E+1,1.000000E+0,9.300000E+1
2.135405E+0,2.600000E+3,2.599400E+0,1.173170E-1,2.215706E+4,2.431100E+4,1.237300E-2,3.008000E-1,9.910000E+37,1.173170E-1,8.447199E+41,8.009375E+42,1.237300E-2,9.910000E+37,1.000000E-1,0.000000E+0,1.000000E+0,1.000000E+1,1.000000E+0,1.000000E+1,1.000000E+0,9.400000E+1
2.156807E+0,2.300000E+3,2.299100E+0,1.028260E-1,2.235913E+4,2.453602E+4,1.223100E-2,3.001000E-1,9.910000E+37,1.028260E-1,9.637640E+41,8.102363E+42,1.223100E-2,9.910000E+37,1.000000E-1,0.000000E+0,1.000000E+0,1.000000E+1,1.000000E+0,1.000000E+1,1.000000E+0,9.500000E+1
2.178408E+0,2.000000E+3,1.999900E+0,8.865900E-2,2.255721E+4,2.437835E+4,1.230600E-2,3.000000E-1,9.910000E+37,8.865900E-2,1.117766E+42,8.052982E+42,1.230600E-2,9.910000E+37,1.000000E-1,0.000000E+0,1.000000E+0,1.000000E+1,1.000000E+0,1.000000E+1,1.000000E+0,9.600000E+1
2.200109E+0,1.700000E+3,1.700000E+0,7.469000E-2,2.276074E+4,2.445386E+4,1.226800E-2,3.000000E-1,9.910000E+37,7.469000E-2,1.326818E+42,8.077926E+42,1.226800E-2,9.910000E+37,1.000000E-1,0.000000E+0,1.000000E+0,1.000000E+1,1.000000E+0,1.000000E+1,1.000000E+0,9.700000E+1
2.221844E+0,1.400000E+3,1.400500E+0,6.081200E-2,2.302999E+4,2.449763E+4,1.224200E-2,2.999000E-1,9.910000E+37,6.081200E-2,1.629613E+42,8.095083E+42,1.224200E-2,9.910000E+37,1.000000E-1,0.000000E+0,1.000000E+0,1.000000E+1,1.000000E+0,1.000000E+1,1.000000E+0,9.800000E+1
2.243412E+0,1.100000E+3,1.101100E+0,4.741500E-2,2.322261E+4,2.442400E+4,1.228300E-2,3.000000E-1,9.910000E+37,4.741500E-2,2.090056E+42,8.068062E+42,1.228300E-2,9.910000E+37,1.000000E-1,0.000000E+0,1.000000E+0,1.000000E+1,1.000000E+0,1.000000E+1,1.000000E+0,9.900000E+1
2.264913E+0,8.000000E+2,7.996000E-1,3.403800E-2,2.349139E+4,2.434381E+4,1.234400E-2,3.005000E-1,9.910000E+37,3.403800E-2,2.911452E+42,8.028192E+42,1.234400E-2,9.910000E+37,1.000000E-1,0.000000E+0,1.000000E+0,1.000000E+1,1.000000E+0,1.000000E+1,1.000000E+0,1.000000E+2
2.286614E+0,5.000000E+2,5.002000E-1,2.098500E-2,2.383607E+4,2.441709E+4,1.226600E-2,2.995000E-1,9.910000E+37,2.098500E-2,4.722421E+42,8.079243E+42,1.226600E-2,9.910000E+37,1.000000E-1,0.000000E+0,1.000000E+0,1.000000E+1,1.000000E+0,1.000000E+1,1.000000E+0,1.010000E+2
2.308299E+0,2.000000E+2,2.000000E-1,8.078000E-3,2.475860E+4,2.421171E+4,1.243200E-2,3.010000E-1,9.910000E+37,8.078000E-3,1.226789E+43,7.971364E+42,1.243200E-2,9.910000E+37,1.000000E-1,0.000000E+0,1.000000E+0,1.000000E+1,1.000000E+0,1.000000E+1,1.000000E+0,1.020000E+2
2.329917E+0,0.000000E+0,-1.000000E-3,-5.540000E-4,1.805054E+3,2.433510E+4,1.229500E-2,2.992000E-1,9.910000E+37,-5.540000E-4,-1.788809E+44,8.060187E+42,1.229500E-2,9.910000E+37,1.000000E-1,0.000000E+0,1.000000E+0,1.000000E+1,1.000000E+0,1.000000E+1,1.000000E+0,1.030000E+2
2.351451E+0,3.000000E+2,3.001000E-1,1.234700E-2,2.430550E+4,2.425292E+4,1.241500E-2,3.011000E-1,9.910000E+37,1.234700E-2,8.026241E+42,7.982280E+42,1.241500E-2,9.910000E+37,1.000000E-1,0.000000E+0,1.000000E+0,1.000000E+1,1.000000E+0,1.000000E+1,1.000000E+0,1.040000E+2
2.372886E+0,6.000000E+2,6.005000E-1,2.529500E-2,2.373987E+4,2.428838E+4,1.233100E-2,2.995000E-1,9.910000E+37,2.529500E-2,3.917770E+42,8.036656E+42,1.233100E-2,9.910000E+37,1.000000E-1,0.000000E+0,1.000000E+0,1.000000E+1,1.000000E+0,1.000000E+1,1.000000E+0,1.050000E+2
2.394287E+0,9.000000E+2,8.999000E-1,3.860900E-2,2.330804E+4,2.448595E+4,1.220700E-2,2.989000E-1,9.910000E+37,3.860900E-2,2.566759E+42,8.118293E+42,1.220700E-2,9.910000E+37,1.000000E-1,0.000000E+0,1.000000E+0,1.000000E+1,1.000000E+0,1.000000E+1,1.000000E+0,1.060000E+2
2.415838E+0,1.200000E+3,1.199200E+0,5.189900E-2,2.310642E+4,2.435128E+4,1.233200E-2,3.003000E-1,9.910000E+37,5.189900E-2,1.909478E+42,8.036004E+42,1.233200E-2,9.910000E+37,1.000000E-1,0.000000E+0,1.000000E+0,1.000000E+1,1.000000E+0,1.000000E+1,1.000000E+0,1.070000E+2
2.437539E+0,1.500000E+3,1.499600E+0,6.549700E-2,2.289571E+4,2.422651E+4,1.237900E-2,2.999000E-1,9.910000E+37,6.549700E-2,1.513046E+42,8.005493E+42,1.237900E-2,9.910000E+37,1.000000E-1,0.000000E+0,1.000000E+0,1.000000E+1,1.000000E+0,1.000000E+1,1.000000E+0,1.080000E+2
2.459274E+0,1.800000E+3,1.799400E+0,7.937900E-2,2.266846E+4,2.409058E+4,1.245300E-2,3.000000E-1,9.910000E+37,7.937900E-2,1.248441E+42,7.957922E+42,1.245300E-2,9.910000E+37,1.000000E-1,0.000000E+0,1.000000E+0,1.000000E+1,1.000000E+0,1.000000E+1,1.000000E+0,1.090000E+2
2.480925E+0,2.100000E+3,2.099400E+0,9.372100E-2,2.240053E+4,2.436084E+4,1.236000E-2,3.011000E-1,9.910000E+37,9.372100E-2,1.057394E+42,8.017799E+42,1.236000E-2,9.910000E+37,1.000000E-1,0.000000E+0,1.000000E+0,1.000000E+1,1.000000E+0,1.000000E+1,1.000000E+0,1.100000E+2
2.502610E+0,2.400000E+3,2.400100E+0,1.082740E-1,2.216691E+4,2.441009E+4,1.229000E-2,3.000000E-1,9.910000E+37,1.082740E-1,9.152705E+41,8.063466E+42,1.229000E-2,9.910000E+37,1.000000E-1,0.000000E+0,1.000000E+0,1.000000E+1,1.000000E+0,1.000000E+1,1.000000E+0,1.110000E+2
2.524328E+0,2.700000E+3,2.700200E+0,1.230390E-1,2.194589E+4,2.423950E+4,1.242600E-2,3.012000E-1,9.910000E+37,1.230390E-1,8.054357E+41,7.975213E+42,1.242600E-2,9.910000E+37,1.000000E-1,0.000000E+0,1.000000E+0,1.000000E+1,1.000000E+0,1.000000E+1,1.000000E+0,1.120000E+2
2.546012E+0,3.000000E+3,3.000200E+0,1.379930E-1,2.174168E+4,2.436988E+4,1.233900E-2,3.007000E-1,9.910000E+37,1.379930E-1,7.181524E+41,8.031445E+42,1.233900E-2,9.910000E+37,1.000000E-1,0.000000E+0,1.000000E+0,1.000000E+1,1.000000E+0,1.000000E+1,1.000000E+0,1.130000E+2
2.567730E+0,3.300000E+3,3.300700E+0,1.531730E-1,2.154884E+4,2.405925E+4,1.249000E-2,3.005000E-1,9.910000E+37,1.531730E-1,6.469809E+41,7.934347E+42,1.249000E-2,9.910000E+37,1.000000E-1,0.000000E+0,1.000000E+0,1.000000E+1,1.000000E+0,1.000000E+1,1.000000E+0,1.140000E+2
2.589165E+0,3.600000E+3,3.599800E+0,1.684100E-1,2.137522E+4,2.460793E+4,1.217900E-2,2.997000E-1,9.910000E+37,1.684100E-1,5.884449E+41,8.136957E+42,1.217900E-2,9.910000E+37,1.000000E-1,0.000000E+0,1.000000E+0,1.000000E+1,1.000000E+0,1.000000E+1,1.000000E+0,1.150000E+2
2.610849E+0,3.900000E+3,3.900700E+0,1.839390E-1,2.120649E+4,2.451998E+4,1.223900E-2,3.001000E-1,9.910000E+37,1.839390E-1,5.387656E+41,8.097067E+42,1.223900E-2,9.910000E+37,1.000000E-1,0.000000E+0,1.000000E+0,1.000000E+1,1.000000E+0,1.000000E+1,1.000000E+0,1.160000E+2
2.632401E+0,4.200000E+3,4.199100E+0,1.993910E-1,2.105963E+4,2.456645E+4,1.216700E-2,2.989000E-1,9.910000E+37,1.993910E-1,4.970134E+41,8.144982E+42,1.216700E-2,9.910000E+37,1.000000E-1,0.000000E+0,1.000000E+0,1.000000E+1,1.000000E+0,1.000000E+1,1.000000E+0,1.170000E+2
2.654068E+0,4.500000E+3,4.499500E+0,2.145950E-1,2.096740E+4,2.470501E+4,1.211900E-2,2.994000E-1,9.910000E+37,2.145950E-1,4.618001E+41,8.177242E+42,1.211900E-2,9.910000E+37,1.000000E-1,0.000000E+0,1.000000E+0,1.000000E+1,1.000000E+0,1.000000E+1,1.000000E+0,1.180000E+2
2.675470E+0,4.800000E+3,4.800800E+0,2.299960E-1,2.087341E+4,2.442829E+4,1.224400E-2,2.991000E-1,9.910000E+37,2.299960E-1,4.308771E+41,8.093760E+42,1.224400E-2,9.910000E+37,1.000000E-1,0.000000E+0,1.000000E+0,1.000000E+1,1.000000E+0,1.000000E+1,1.000000E+0,1.190000E+2
2.697054E+0,5.000000E+3,5.000200E+0,2.398710E-1,2.084537E+4,2.457808E+4,1.220600E-2,3.000000E-1,9.910000E+37,2.398710E-1,4.131387E+41,8.118958E+42,1.220600E-2,9.910000E+37,1.000000E-1,0.000000E+0,1.000000E+0,1.000000E+1,1.000000E+0,1.000000E+1,1.000000E+0,1.200000E+2
2.718655E+0,4.700000E+3,4.700800E+0,2.229500E-1,2.108455E+4,2.454918E+4,1.220000E-2,2.995000E-1,9.910000E+37,2.229500E-1,4.444943E+41,8.122951E+42,1.220000E-2,9.910000E+37,1.000000E-1,0.000000E+0,1.000000E+0,1.000000E+1,1.000000E+0,1.000000E+1,1.000000E+0,1.210000E+2
2.740323E+0,4.400000E+3,4.399200E+0,2.065720E-1,2.129621E+4,2.459003E+4,1.225700E-2,3.014000E-1,9.910000E+37,2.065720E-1,4.797359E+41,8.085176E+42,1.225700E-2,9.910000E+37,1.000000E-1,0.000000E+0,1.000000E+0,1.000000E+1,1.000000E+0,1.000000E+1,1.000000E+0,1.220000E+2
2.761991E+0,4.100000E+3,4.100200E+0,1.908570E-1,2.148310E+4,2.461350E+4,1.222500E-2,3.009000E-1,9.910000E+37,1.908570E-1,5.192369E+41,8.106339E+42,1.222500E-2,9.910000E+37,1.000000E-1,0.000000E+0,1.000000E+0,1.000000E+1,1.000000E+0,1.000000E+1,1.000000E+0,1.230000E+2
2.783526E+0,3.800000E+3,3.799000E+0,1.751790E-1,2.168639E+4,2.466997E+4,1.212000E-2,2.990000E-1,9.910000E+37,1.751790E-1,5.657071E+41,8.176568E+42,1.212000E-2,9.910000E+37,1.000000E-1,0.000000E+0,1.000000E+0,1.000000E+1,1.000000E+0,1.000000E+1,1.000000E+0,1.240000E+2
2.805127E+0,3.500000E+3,3.500700E+0,1.600000E-1,2.187937E+4,2.460467E+4,1.220500E-2,3.003000E-1,9.910000E+37,1.600000E-1,6.193750E+41,8.119623E+42,1.220500E-2,9.910000E+37,1.000000E-1,0.000000E+0,1.000000E+0,1.000000E+1,1.000000E+0,1.000000E+1,1.000000E+0,1.250000E+2
2.826862E+0,3.200000E+3,3.200200E+0,1.451590E-1,2.204617E+4,2.461728E+4,1.215000E-2,2.991000E-1,9.910000E+37,1.451590E-1,6.826997E+41,8.156379E+42,1.215000E-2,9.910000E+37,1.000000E-1,0.000000E+0,1.000000E+0,1.000000E+1,1.000000E+0,1.000000E+1,1.000000E+0,1.260000E+2
2.848296E+0,2.900000E+3,2.900000E+0,1.304370E-1,2.223296E+4,2.453526E+4,1.221100E-2,2.996000E-1,9.910000E+37,1.304370E-1,7.597538E+41,8.115633E+42,1.221100E-2,9.910000E+37,1.000000E-1,0.000000E+0,1.000000E+0,1.000000E+1,1.000000E+0,1.000000E+1,1.000000E+0,1.270000E+2
2.869847E+0,2.600000E+3,2.599800E+0,1.158600E-1,2.243915E+4,2.488837E+4,1.209400E-2,3.010000E-1,9.910000E+37,1.158600E-1,8.553427E+41,8.194146E+42,1.209400E-2,9.910000E+37,1.000000E-1,0.000000E+0,1.000000E+0,1.000000E+1,1.000000E+0,1.000000E+1,1.000000E+0,1.280000E+2
2.891399E+0,2.300000E+3,2.301300E+0,1.017630E-1,2.261431E+4,2.440753E+4,1.227900E-2,2.997000E-1,9.910000E+37,1.017630E-1,9.738314E+41,8.070690E+42,1.227900E-2,9.910000E+37,1.000000E-1,0.000000E+0,1.000000E+0,1.000000E+1,1.000000E+0,1.000000E+1,1.000000E+0,1.290000E+2
2.912917E+0,2.000000E+3,2.000300E+0,8.764300E-2,2.282327E+4,2.450884E+4,1.221600E-2,2.994000E-1,9.910000E+37,8.764300E-2,1.130724E+42,8.112312E+42,1.221600E-2,9.910000E+37,1.000000E-1,0.000000E+0,1.000000E+0,1.000000E+1,1.000000E+0,1.000000E+1,1.000000E+0,1.300000E+2
2.935085E+0,1.700000E+3,1.699300E+0,7.382600E-2,2.301764E+4,2.448913E+4,1.228300E-2,3.008000E-1,9.910000E+37,7.382600E-2,1.342346E+42,8.068062E+42,1.228300E-2,9.910000E+37,1.000000E-1,0.000000E+0,1.000000E+0,1.000000E+1,1.000000E+0,1.000000E+1,1.000000E+0,1.310000E+2
2.957186E+0,1.400000E+3,1.399400E+0,6.028600E-2,2.321269E+4,2.459902E+4,1.222000E-2,3.006000E-1,9.910000E+37,6.028600E-2,1.643831E+42,8.109656E+42,1.222000E-2,9.910000E+37,1.000000E-1,0.000000E+0,1.000000E+0,1.000000E+1,1.000000E+0,1.000000E+1,1.000000E+0,1.320000E+2
2.978587E+0,1.100000E+3,1.100000E+0,4.703900E-2,2.338485E+4,2.447844E+4,1.222300E-2,2.992000E-1,9.910000E+37,4.703900E-2,2.106762E+42,8.107666E+42,1.222300E-2,9.910000E+37,1.000000E-1,0.000000E+0,1.000000E+0,1.000000E+1,1.000000E+0,1.000000E+1,1.000000E+0,1.330000E+2
3.000122E+0,8.000000E+2,7.995000E-1,3.362300E-2,2.377837E+4,2.464910E+4,1.218300E-2,3.003000E-1,9.910000E+37,3.362300E-2,2.947387E+42,8.134285E+42,1.218300E-2,9.910000E+37,1.000000E-1,0.000000E+0,1.000000E+0,1.000000E+1,1.000000E+0,1.000000E+1,1.000000E+0,1.340000E+2
3.021806E+0,5.000000E+2,4.997000E-1,2.078700E-2,2.403906E+4,2.429793E+4,1.239200E-2,3.011000E-1,9.910000E+37,2.078700E-2,4.767403E+42,7.997095E+42,1.239200E-2,9.910000E+37,1.000000E-1,0.000000E+0,1.000000E+0,1.000000E+1,1.000000E+0,1.000000E+1,1.000000E+0,1.350000E+2
3.043541E+0,2.000000E+2,2.001000E-1,8.027000E-3,2.492837E+4,2.458882E+4,1.222100E-2,3.005000E-1,9.910000E+37,8.027000E-3,1.234583E+43,8.108993E+42,1.222100E-2,9.910000E+37,1.000000E-1,0.000000E+0,1.000000E+0,1.000000E+1,1.000000E+0,1.000000E+1,1.000000E+0,1.360000E+2
3.065225E+0,-1.000000E+2,-9.980000E-2,-4.725000E-3,2.112169E+4,2.474159E+4,1.209300E-2,2.992000E-1,9.910000E+37,-4.725000E-3,-2.097354E+43,8.194823E+42,1.209300E-2,9.910000E+37,1.000000E-1,0.000000E+0,1.000000E+0,1.000000E+1,1.000000E+0,1.000000E+1,1.000000E+0,1.370000E+2
3.087010E+0,-4.000000E+2,-4.009000E-1,-1.760100E-2,2.277711E+4,2.421818E+4,1.237500E-2,2.997000E-1,9.910000E+37,-1.760100E-2,-5.630362E+42,8.008081E+42,1.237500E-2,9.910000E+37,1.000000E-1,0.000000E+0,1.000000E+0,1.000000E+1,1.000000E+0,1.000000E+1,1.000000E+0,1.380000E+2
3.108661E+0,-7.000000E+2,-6.993000E-1,-3.041200E-2,2.299421E+4,2.454694E+4,1.225000E-2,3.007000E-1,9.910000E+37,-3.041200E-2,-3.258582E+42,8.089796E+42,1.225000E-2,9.910000E+37,1.000000E-1,0.000000E+0,1.000000E+0,1.000000E+1,1.000000E+0,1.000000E+1,1.000000E+0,1.390000E+2
3.130346E+0,-1.000000E+3,-9.998000E-1,-4.349500E-2,2.298655E+4,2.425370E+4,1.236100E-2,2.998000E-1,9.910000E+37,-4.349500E-2,-2.278423E+42,8.017151E+42,1.236100E-2,9.910000E+37,1.000000E-1,0.000000E+0,1.000000E+0,1.000000E+1,1.000000E+0,1.000000E+1,1.000000E+0,1.400000E+2
3.151914E+0,-1.300000E+3,-1.299800E+0,-5.696500E-2,2.281752E+4,2.439223E+4,1.229900E-2,3.000000E-1,9.910000E+37,-5.696500E-2,-1.739665E+42,8.057566E+42,1.229900E-2,9.910000E+37,1.000000E-1,0.000000E+0,1.000000E+0,1.000000E+1,1.000000E+0,1.000000E+1,1.000000E+0,1.410000E+2
3.173565E+0,-1.600000E+3,-1.599600E+0,-7.095200E-2,2.254482E+4,2.437566E+4,1.237300E-2,3.016000E-1,9.910000E+37,-7.095200E-2,-1.396719E+42,8.009375E+42,1.237300E-2,9.910000E+37,1.000000E-1,0.000000E+0,1.000000E+0,1.000000E+1,1.000000E+0,1.000000E+1,1.000000E+0,1.420000E+2
3.195033E+0,-1.900000E+3,-1.899400E+0,-8.519400E-2,2.229500E+4,2.445714E+4,1.225000E-2,2.996000E-1,9.910000E+37,-8.519400E-2,-1.163227E+42,8.089796E+42,1.225000E-2,9.910000E+37,1.000000E-1,0.000000E+0,1.000000E+0,1.000000E+1,1.000000E+0,1.000000E+1,1.000000E+0,1.430000E+2
3.216767E+0,-2.200000E+3,-2.199500E+0,-9.992600E-2,2.201129E+4,2.445205E+4,1.227300E-2,3.001000E-1,9.910000E+37,-9.992600E-2,-9.917339E+41,8.074635E+42,1.227300E-2,9.910000E+37,1.000000E-1,0.000000E+0,1.000000E+0,1.000000E+1,1.000000E+0,1.000000E+1,1.000000E+0,1.440000E+2
3.238252E+0,-2.500000E+3,-2.500800E+0,-1.150100E-1,2.174420E+4,2.434013E+4,1.231300E-2,2.997000E-1,9.910000E+37,-1.150100E-1,-8.616642E+41,8.048404E+42,1.231300E-2,9.910000E+37,1.000000E-1,0.000000E+0,1.000000E+0,1.000000E+1,1.000000E+0,1.000000E+1,1.000000E+0,1.450000E+2
3.259936E+0,-2.800000E+3,-2.800200E+0,-1.304660E-1,2.146306E+4,2.447154E+4,1.230000E-2,3.010000E-1,9.910000E+37,-1.304660E-1,-7.595849E+41,8.056911E+42,1.230000E-2,9.910000E+37,1.000000E-1,0.000000E+0,1.000000E+0,1.000000E+1,1.000000E+0,1.000000E+1,1.000000E+0,1.460000E+2
3.281421E+0,-3.100000E+3,-3.099700E+0,-1.461590E-1,2.120773E+4,2.418668E+4,1.244900E-2,3.011000E-1,9.910000E+37,-1.461590E-1,-6.780287E+41,7.960479E+42,1.244900E-2,9.910000E+37,1.000000E-1,0.000000E+0,1.000000E+0,1.000000E+1,1.000000E+0,1.000000E+1,1.000000E+0,1.470000E+2
3.302972E+0,-3.400000E+3,-3.401100E+0,-1.626860E-1,2.090592E+4,2.413211E+4,1.244400E-2,3.003000E-1,9.910000E+37,-1.626860E-1,-6.091489E+41,7.963677E+42,1.244400E-2,9.910000E+37,1.000000E-1,0.000000E+0,1.000000E+0,1.000000E+1,1.000000E+0,1.000000E+1,1.000000E+0,1.480000E+2
3.324640E+0,-3.700000E+3,-3.699400E+0,-1.791180E-1,2.065342E+4,2.422950E+4,1.242700E-2,3.011000E-1,9.910000E+37,-1.791180E-1,-5.532666E+41,7.974571E+42,1.242700E-2,9.910000E+37,1.000000E-1,0.000000E+0,1.000000E+0,1.000000E+1,1.000000E+0,1.000000E+1,1.000000E+0,1.490000E+2
3.346308E+0,-4.000000E+3,-4.000900E+0,-1.961450E-1,2.039766E+4,2.430376E+4,1.235200E-2,3.002000E-1,9.910000E+37,-1.961450E-1,-5.052385E+41,8.022992E+42,1.235200E-2,9.910000E+37,1.000000E-1,0.000000E+0,1.000000E+0,1.000000E+1,1.000000E+0,1.000000E+1,1.000000E+0,1.500000E+2
3.367676E+0,-4.300000E+3,-4.299000E+0,-2.136390E-1,2.012273E+4,2.457232E+4,1.221700E-2,3.002000E-1,9.910000E+37,-2.136390E-1,-4.638666E+41,8.111648E+42,1.221700E-2,9.910000E+37,1.000000E-1,0.000000E+0,1.000000E+0,1.000000E+1,1.000000E+0,1.000000E+1,1.000000E+0,1.510000E+2
3.389244E+0,-4.600000E+3,-4.601600E+0,-2.314620E-1,1.988059E+4,2.463471E+4,1.218200E-2,3.001000E-1,9.910000E+37,-2.314620E-1,-4.281480E+41,8.134953E+42,1.218200E-2,9.910000E+37,1.000000E-1,0.000000E+0,1.000000E+0,1.000000E+1,1.000000E+0,1.000000E+1,1.000000E+0,1.520000E+2
3.410712E+0,-4.900000E+3,-4.900300E+0,-4.563870E-1,1.073716E+4,1.216156E+4,2.470900E-2,3.005000E-1,9.910000E+37,-4.563870E-1,-2.171403E+41,4.010684E+42,2.470900E-2,9.910000E+37,1.000000E-1,0.000000E+0,1.000000E+0,1.000000E+1,1.000000E+0,1.000000E+1,1.000000E+0,1.530000E+2
3.432496E+0,-5.000000E+3,-4.998800E+0,-4.655830E-1,1.073665E+4,1.231268E+4,2.435700E-2,2.999000E-1,9.910000E+37,-4.655830E-1,-2.128514E+41,4.068646E+42,2.435700E-2,9.910000E+37,1.000000E-1,0.000000E+0,1.000000E+0,1.000000E+1,1.000000E+0,1.000000E+1,1.000000E+0,1.540000E+2
3.454831E+0,-4.700000E+3,-4.699500E+0,-4.361760E-1,1.077432E+4,1.232521E+4,2.424300E-2,2.988000E-1,9.910000E+37,-4.361760E-1,-2.272019E+41,4.087778E+42,2.424300E-2,9.910000E+37,1.000000E-1,0.000000E+0,1.000000E+0,1.000000E+1,1.000000E+0,1.000000E+1,1.000000E+0,1.550000E+2
3.476382E+0,-4.400000E+3,-4.400200E+0,-4.070280E-1,1.081056E+4,1.228826E+4,2.438100E-2,2.996000E-1,9.910000E+37,-4.070280E-1,-2.434722E+41,4.064640E+42,2.438100E-2,9.910000E+37,1.000000E-1,0.000000E+0,1.000000E+0,1.000000E+1,1.000000E+0,1.000000E+1,1.000000E+0,1.560000E+2
3.498050E+0,-4.100000E+3,-4.100200E+0,-3.768590E-1,1.087993E+4,1.233806E+4,2.431500E-2,3.000000E-1,9.910000E+37,-3.768590E-1,-2.629631E+41,4.075673E+42,2.431500E-2,9.910000E+37,1.000000E-1,0.000000E+0,1.000000E+0,1.000000E+1,1.000000E+0,1.000000E+1,1.000000E+0,1.570000E+2
3.519535E+0,-3.800000E+3,-3.799600E+0,-3.478680E-1,1.092253E+4,1.237831E+4,2.413900E-2,2.988000E-1,9.910000E+37,-3.478680E-1,-2.848782E+41,4.105390E+42,2.413900E-2,9.910000E+37,1.000000E-1,0.000000E+0,1.000000E+0,1.000000E+1,1.000000E+0,1.000000E+1,1.000000E+0,1.580000E+2
3.541003E+0,-3.500000E+3,-3.500700E+0,-3.182360E-1,1.100033E+4,1.240583E+4,2.415800E-2,2.997000E-1,9.910000E+37,-3.182360E-1,-3.114041E+41,4.102161E+42,2.415800E-2,9.910000E+37,1.000000E-1,0.000000E+0,1.000000E+0,1.000000E+1,1.000000E+0,1.000000E+1,1.000000E+0,1.590000E+2
3.562520E+0,-3.200000E+3,-3.198700E+0,-2.890600E-1,1.106587E+4,1.244756E+4,2.407700E-2,2.997000E-1,9.910000E+37,-2.890600E-1,-3.428354E+41,4.115961E+42,2.407700E-2,9.910000E+37,1.000000E-1,0.000000E+0,1.000000E+0,1.000000E+1,1.000000E+0,1.000000E+1,1.000000E+0,1.600000E+2
3.583972E+0,-2.900000E+3,-2.899700E+0,-2.605420E-1,1.112949E+4,1.235654E+4,2.422200E-2,2.993000E-1,9.910000E+37,-2.605420E-1,-3.803609E+41,4.091322E+42,2.422200E-2,9.910000E+37,1.000000E-1,0.000000E+0,1.000000E+0,1.000000E+1,1.000000E+0,1.000000E+1,1.000000E+0,1.610000E+2
3.605673E+0,-2.600000E+3,-2.600100E+0,-2.320280E-1,1.120598E+4,1.239420E+4,2.422100E-2,3.002000E-1,9.910000E+37,-2.320280E-1,-4.271036E+41,4.091491E+42,2.422100E-2,9.910000E+37,1.000000E-1,0.000000E+0,1.000000E+0,1.000000E+1,1.000000E+0,1.000000E+1,1.000000E+0,1.620000E+2
3.627274E+0,-2.300000E+3,-2.301000E+0,-2.041320E-1,1.127212E+4,1.238292E+4,2.423500E-2,3.001000E-1,9.910000E+37,-2.041320E-1,-4.854702E+41,4.089127E+42,2.423500E-2,9.910000E+37,1.000000E-1,0.000000E+0,1.000000E+0,1.000000E+1,1.000000E+0,1.000000E+1,1.000000E+0,1.630000E+2
3.648675E+0,-2.000000E+3,-1.999600E+0,-1.755170E-1,1.139263E+4,1.239909E+4,2.415500E-2,2.995000E-1,9.910000E+37,-1.755170E-1,-5.646177E+41,4.102670E+42,2.415500E-2,9.910000E+37,1.000000E-1,0.000000E+0,1.000000E+0,1.000000E+1,1.000000E+0,1.000000E+1,1.000000E+0,1.640000E+2
3.670243E+0,-1.700000E+3,-1.699600E+0,-1.480580E-1,1.147929E+4,1.237638E+4,2.416700E-2,2.991000E-1,9.910000E+37,-1.480580E-1,-6.693323E+41,4.100633E+42,2.416700E-2,9.910000E+37,1.000000E-1,0.000000E+0,1.000000E+0,1.000000E+1,1.000000E+0,1.000000E+1,1.000000E+0,1.650000E+2
3.691911E+0,-1.400000E+3,-1.399900E+0,-1.209100E-1,1.157803E+4,1.239219E+4,2.423300E-2,3.003000E-1,9.910000E+37,-1.209100E-1,-8.196179E+41,4.089465E+42,2.423300E-2,9.910000E+37,1.000000E-1,0.000000E+0,1.000000E+0,1.000000E+1,1.000000E+0,1.000000E+1,1.000000E+0,1.660000E+2
3.713562E+0,-1.100000E+3,-1.099500E+0,-9.416400E-2,1.167644E+4,1.232311E+4,2.445000E-2,3.013000E-1,9.910000E+37,-9.416400E-2,-1.052419E+42,4.053170E+42,2.445000E-2,9.910000E+37,1.000000E-1,0.000000E+0,1.000000E+0,1.000000E+1,1.000000E+0,1.000000E+1,1.000000E+0,1.670000E+2
3.735064E+0,-8.000000E+2,-7.998000E-1,-6.820900E-2,1.172573E+4,1.237556E+4,2.420900E-2,2.996000E-1,9.910000E+37,-6.820900E-2,-1.452887E+42,4.093519E+42,2.420900E-2,9.910000E+37,1.000000E-1,0.000000E+0,1.000000E+0,1.000000E+1,1.000000E+0,1.000000E+1,1.000000E+0,1.680000E+2
3.756498E+0,-5.000000E+2,-4.996000E-1,-4.276200E-2,1.168327E+4,1.231337E+4,2.438000E-2,3.002000E-1,9.910000E+37,-4.276200E-2,-2.317478E+42,4.064807E+42,2.438000E-2,9.910000E+37,1.000000E-1,0.000000E+0,1.000000E+0,1.000000E+1,1.000000E+0,1.000000E+1,1.000000E+0,1.690000E+2
3.778049E+0,-2.000000E+2,-2.010000E-1,-1.772100E-2,1.134248E+4,1.228865E+4,2.448600E-2,3.009000E-1,9.910000E+37,-1.772100E-2,-5.592235E+42,4.047211E+42,2.448600E-2,9.910000E+37,1.000000E-1,0.000000E+0,1.000000E+0,1.000000E+1,1.000000E+0,1.000000E+1,1.000000E+0,1.700000E+2
3.799684E+0,0.000000E+0,1.800000E-3,-7.050000E-4,-2.553191E+3,1.238788E+4,2.419300E-2,2.997000E-1,9.910000E+37,-7.050000E-4,-1.405674E+44,4.096226E+42,2.419300E-2,9.910000E+37,1.000000E-1,0.000000E+0,1.000000E+0,1.000000E+1,1.000000E+0,1.000000E+1,1.000000E+0,1.710000E+2
3.821202E+0,-3.000000E+2,-2.995000E-1,-2.594400E-2,1.154409E+4,1.234477E+4,2.439900E-2,3.012000E-1,9.910000E+37,-2.594400E-2,-3.819766E+42,4.061642E+42,2.439900E-2,9.910000E+37,1.000000E-1,0.000000E+0,1.000000E+0,1.000000E+1,1.000000E+0,1.000000E+1,1.000000E+0,1.720000E+2
3.842953E+0,-6.000000E+2,-5.993000E-1,-5.117500E-2,1.171080E+4,1.233950E+4,2.437700E-2,3.008000E-1,9.910000E+37,-5.117500E-2,-1.936492E+42,4.065307E+42,2.437700E-2,9.910000E+37,1.000000E-1,0.000000E+0,1.000000E+0,1.000000E+1,1.000000E+0,1.000000E+1,1.000000E+0,1.730000E+2
3.864504E+0,-9.000000E+2,-8.995000E-1,-7.681200E-2,1.171041E+4,1.230669E+4,2.444200E-2,3.008000E-1,9.910000E+37,-7.681200E-2,-1.290163E+42,4.054496E+42,2.444200E-2,9.910000E+37,1.000000E-1,0.000000E+0,1.000000E+0,1.000000E+1,1.000000E+0,1.000000E+1,1.000000E+0,1.740000E+2
3.886056E+0,-1.200000E+3,-1.200400E+0,-1.034620E-1,1.160233E+4,1.233972E+4,2.425500E-2,2.993000E-1,9.910000E+37,-1.034620E-1,-9.578396E+41,4.085756E+42,2.425500E-2,9.910000E+37,1.000000E-1,0.000000E+0,1.000000E+0,1.000000E+1,1.000000E+0,1.000000E+1,1.000000E+0,1.750000E+2
3.907540E+0,-1.500000E+3,-1.499000E+0,-1.296930E-1,1.155806E+4,1.242802E+4,2.413900E-2,3.000000E-1,9.910000E+37,-1.296930E-1,-7.641122E+41,4.105390E+42,2.413900E-2,9.910000E+37,1.000000E-1,0.000000E+0,1.000000E+0,1.000000E+1,1.000000E+0,1.000000E+1,1.000000E+0,1.760000E+2
3.929208E+0,-1.800000E+3,-1.799900E+0,-1.574500E-1,1.143157E+4,1.235798E+4,2.429200E-2,3.002000E-1,9.910000E+37,-1.574500E-1,-6.294062E+41,4.079532E+42,2.429200E-2,9.910000E+37,1.000000E-1,0.000000E+0,1.000000E+0,1.000000E+1,1.000000E+0,1.000000E+1,1.000000E+0,1.770000E+2
3.950776E+0,-2.100000E+3,-2.100000E+0,-1.853870E-1,1.132766E+4,1.247356E+4,2.411500E-2,3.008000E-1,9.910000E+37,-1.853870E-1,-5.345574E+41,4.109475E+42,2.411500E-2,9.910000E+37,1.000000E-1,0.000000E+0,1.000000E+0,1.000000E+1,1.000000E+0,1.000000E+1,1.000000E+0,1.780000E+2
3.972461E+0,-2.400000E+3,-2.400300E+0,-2.135770E-1,1.123857E+4,1.242383E+4,2.412300E-2,2.997000E-1,9.910000E+37,-2.135770E-1,-4.640013E+41,4.108113E+42,2.412300E-2,9.910000E+37,1.000000E-1,0.000000E+0,1.000000E+0,1.000000E+1,1.000000E+0,1.000000E+1,1.000000E+0,1.790000E+2
3.994128E+0,-2.700000E+3,-2.699400E+0,-2.422870E-1,1.114133E+4,1.238814E+4,2.424900E-2,3.004000E-1,9.910000E+37,-2.422870E-1,-4.090191E+41,4.086766E+42,2.424900E-2,9.910000E+37,1.000000E-1,0.000000E+0,1.000000E+0,1.000000E+1,1.000000E+0,1.000000E+1,1.000000E+0,1.800000E+2
4.015796E+0,-3.000000E+3,-3.000600E+0,-2.710850E-1,1.106885E+4,1.254825E+4,2.383600E-2,2.991000E-1,9.910000E+37,-2.710850E-1,-3.655680E+41,4.157577E+42,2.383600E-2,9.910000E+37,1.000000E-1,0.000000E+0,1.000000E+0,1.000000E+1,1.000000E+0,1.000000E+1,1.000000E+0,1.810000E+2
4.037481E+0,-3.300000E+3,-3.300700E+0,-3.004030E-1,1.098757E+4,1.240861E+4,2.420900E-2,3.004000E-1,9.910000E+37,-3.004030E-1,-3.298902E+41,4.093519E+42,2.420900E-2,9.910000E+37,1.000000E-1,0.000000E+0,1.000000E+0,1.000000E+1,1.000000E+0,1.000000E+1,1.000000E+0,1.820000E+2
4.059049E+0,-3.600000E+3,-3.600800E+0,-3.295320E-1,1.092701E+4,1.245997E+4,2.404500E-2,2.996000E-1,9.910000E+37,-3.295320E-1,-3.007295E+41,4.121439E+42,2.404500E-2,9.910000E+37,1.000000E-1,0.000000E+0,1.000000E+0,1.000000E+1,1.000000E+0,1.000000E+1,1.000000E+0,1.830000E+2
4.080667E+0,-3.900000E+3,-3.899800E+0,-3.595800E-1,1.084543E+4,1.258996E+4,2.390000E-2,3.009000E-1,9.910000E+37,-3.595800E-1,-2.755993E+41,4.146444E+42,2.390000E-2,9.910000E+37,1.000000E-1,0.000000E+0,1.000000E+0,1.000000E+1,1.000000E+0,1.000000E+1,1.000000E+0,1.840000E+2
4.102451E+0,-4.200000E+3,-4.199100E+0,-3.895260E-1,1.078002E+4,1.243252E+4,2.408200E-2,2.994000E-1,9.910000E+37,-3.895260E-1,-2.544118E+41,4.115107E+42,2.408200E-2,9.910000E+37,1.000000E-1,0.000000E+0,1.000000E+0,1.000000E+1,1.000000E+0,1.000000E+1,1.000000E+0,1.850000E+2
4.123953E+0,-4.500000E+3,-4.500500E+0,-4.198740E-1,1.071869E+4,1.218394E+4,2.463900E-2,3.002000E-1,9.910000E+37,-4.198740E-1,-2.360232E+41,4.022079E+42,2.463900E-2,9.910000E+37,1.000000E-1,0.000000E+0,1.000000E+0,1.000000E+1,1.000000E+0,1.000000E+1,1.000000E+0,1.860000E+2
4.145620E+0,-4.800000E+3,-4.800100E+0,-4.499190E-1,1.066881E+4,1.247917E+4,2.400000E-2,2.995000E-1,9.910000E+37,-4.499190E-1,-2.202619E+41,4.129167E+42,2.400000E-2,9.910000E+37,1.000000E-1,0.000000E+0,1.000000E+0,1.000000E+1,1.000000E+0,1.000000E+1,1.000000E+0,1.870000E+2
4.167338E+0,-5.000000E+3,-5.000900E+0,-4.708550E-1,1.062089E+4,1.220501E+4,2.466200E-2,3.010000E-1,9.910000E+37,-4.708550E-1,-2.104682E+41,4.018328E+42,2.466200E-2,9.910000E+37,1.000000E-1,0.000000E+0,1.000000E+0,1.000000E+1,1.000000E+0,1.000000E+1,1.000000E+0,1.880000E+2
4.189073E+0,-4.700000E+3,-4.700400E+0,-4.412350E-1,1.065283E+4,1.215817E+4,2.468300E-2,3.001000E-1,9.910000E+37,-4.412350E-1,-2.245969E+41,4.014909E+42,2.468300E-2,9.910000E+37,1.000000E-1,0.000000E+0,1.000000E+0,1.000000E+1,1.000000E+0,1.000000E+1,1.000000E+0,1.890000E+2
4.210758E+0,-4.400000E+3,-4.400100E+0,-4.108170E-1,1.071061E+4,1.215299E+4,2.460300E-2,2.990000E-1,9.910000E+37,-4.108170E-1,-2.412266E+41,4.027964E+42,2.460300E-2,9.910000E+37,1.000000E-1,0.000000E+0,1.000000E+0,1.000000E+1,1.000000E+0,1.000000E+1,1.000000E+0,1.900000E+2
4.232375E+0,-4.100000E+3,-4.101000E+0,-3.807300E-1,1.077141E+4,1.217388E+4,2.456900E-2,2.991000E-1,9.910000E+37,-3.807300E-1,-2.602894E+41,4.033538E+42,2.456900E-2,9.910000E+37,1.000000E-1,0.000000E+0,1.000000E+0,1.000000E+1,1.000000E+0,1.000000E+1,1.000000E+0,1.910000E+2
4.253810E+0,-3.800000E+3,-3.799100E+0,-3.507660E-1,1.083087E+4,1.211291E+4,2.483300E-2,3.008000E-1,9.910000E+37,-3.507660E-1,-2.825245E+41,3.990658E+42,2.483300E-2,9.910000E+37,1.000000E-1,0.000000E+0,1.000000E+0,1.000000E+1,1.000000E+0,1.000000E+1,1.000000E+0,1.920000E+2
4.275478E+0,-3.500000E+3,-3.501000E+0,-3.212680E-1,1.089744E+4,1.218720E+4,2.461600E-2,3.000000E-1,9.910000E+37,-3.212680E-1,-3.084652E+41,4.025837E+42,2.461600E-2,9.910000E+37,1.000000E-1,0.000000E+0,1.000000E+0,1.000000E+1,1.000000E+0,1.000000E+1,1.000000E+0,1.930000E+2
4.297129E+0,-3.200000E+3,-3.199600E+0,-2.916960E-1,1.096895E+4,1.212831E+4,2.475200E-2,3.002000E-1,9.910000E+37,-2.916960E-1,-3.397373E+41,4.003717E+42,2.475200E-2,9.910000E+37,1.000000E-1,0.000000E+0,1.000000E+0,1.000000E+1,1.000000E+0,1.000000E+1,1.000000E+0,1.940000E+2
4.318597E+0,-2.900000E+3,-2.899000E+0,-2.625310E-1,1.104251E+4,1.222863E+4,2.445900E-2,2.991000E-1,9.910000E+37,-2.625310E-1,-3.774792E+41,4.051678E+42,2.445900E-2,9.910000E+37,1.000000E-1,0.000000E+0,1.000000E+0,1.000000E+1,1.000000E+0,1.000000E+1,1.000000E+0,1.950000E+2
4.340282E+0,-2.600000E+3,-2.600800E+0,-2.338290E-1,1.112266E+4,1.227284E+4,2.432200E-2,2.985000E-1,9.910000E+37,-2.338290E-1,-4.238140E+41,4.074500E+42,2.432200E-2,9.910000E+37,1.000000E-1,0.000000E+0,1.000000E+0,1.000000E+1,1.000000E+0,1.000000E+1,1.000000E+0,1.960000E+2
4.361683E+0,-2.300000E+3,-2.300000E+0,-2.051940E-1,1.120890E+4,1.222822E+4,2.446800E-2,2.992000E-1,9.910000E+37,-2.051940E-1,-4.829576E+41,4.050188E+42,2.446800E-2,9.910000E+37,1.000000E-1,0.000000E+0,1.000000E+0,1.000000E+1,1.000000E+0,1.000000E+1,1.000000E+0,1.970000E+2
4.383234E+0,-2.000000E+3,-1.999300E+0,-1.771370E-1,1.128674E+4,1.210874E+4,2.479200E-2,3.002000E-1,9.910000E+37,-1.771370E-1,-5.594540E+41,3.997257E+42,2.479200E-2,9.910000E+37,1.000000E-1,0.000000E+0,1.000000E+0,1.000000E+1,1.000000E+0,1.000000E+1,1.000000E+0,1.980000E+2
4.405019E+0,-1.700000E+3,-1.700600E+0,-1.494060E-1,1.138241E+4,1.216336E+4,2.473000E-2,3.008000E-1,9.910000E+37,-1.494060E-1,-6.632933E+41,4.007279E+42,2.473000E-2,9.910000E+37,1.000000E-1,0.000000E+0,1.000000E+0,1.000000E+1,1.000000E+0,1.000000E+1,1.000000E+0,1.990000E+2
4.426503E+0,-1.400000E+3,-1.399900E+0,-1.220860E-1,1.146651E+4,1.210996E+4,2.477300E-2,3.000000E-1,9.910000E+37,-1.220860E-1,-8.117229E+41,4.000323E+42,2.477300E-2,9.910000E+37,1.000000E-1,0.000000E+0,1.000000E+0,1.000000E+1,1.000000E+0,1.000000E+1,1.000000E+0,2.000000E+2
4.448154E+0,-1.100000E+3,-1.099900E+0,-9.549300E-2,1.151812E+4,1.212854E+4,2.480100E-2,3.008000E-1,9.910000E+37,-9.549300E-2,-1.037772E+42,3.995807E+42,2.480100E-2,9.910000E+37,1.000000E-1,0.000000E+0,1.000000E+0,1.000000E+1,1.000000E+0,1.000000E+1,1.000000E+0,2.010000E+2
4.469672E+0,-8.000000E+2,-7.996000E-1,-6.910400E-2,1.157097E+4,1.215222E+4,2.472800E-2,3.005000E-1,9.910000E+37,-6.910400E-2,-1.434070E+42,4.007603E+42,2.472800E-2,9.910000E+37,1.000000E-1,0.000000E+0,1.000000E+0,1.000000E+1,1.000000E+0,1.000000E+1,1.000000E+0,2.020000E+2
4.491107E+0,-5.000000E+2,-5.005000E-1,-4.352600E-2,1.149887E+4,1.215724E+4,2.472600E-2,3.006000E-1,9.910000E+37,-4.352600E-2,-2.276800E+42,4.007927E+42,2.472600E-2,9.910000E+37,1.000000E-1,0.000000E+0,1.000000E+0,1.000000E+1,1.000000E+0,1.000000E+1,1.000000E+0,2.030000E+2
4.512608E+0,-2.000000E+2,-2.006000E-1,-1.804200E-2,1.111850E+4,1.218879E+4,2.466200E-2,3.006000E-1,9.910000E+37,-1.804200E-2,-5.492739E+42,4.018328E+42,2.466200E-2,9.910000E+37,1.000000E-1,0.000000E+0,1.000000E+0,1.000000E+1,1.000000E+0,1.000000E+1,1.000000E+0,2.040000E+2
4.534309E+0,1.000000E+2,1.003000E-1,7.628000E-3,1.314893E+4,1.218741E+4,2.467300E-2,3.007000E-1,9.910000E+37,7.628000E-3,1.299161E+43,4.016536E+42,2.467300E-2,9.910000E+37,1.000000E-1,0.000000E+0,1.000000E+0,1.000000E+1,1.000000E+0,1.000000E+1,1.000000E+0,2.050000E+2
4.555994E+0,4.000000E+2,4.011000E-1,3.336000E-2,1.202338E+4,1.215407E+4,2.471600E-2,3.004000E-1,9.910000E+37,3.336000E-2,2.970624E+42,4.009548E+42,2.471600E-2,9.910000E+37,1.000000E-1,0.000000E+0,1.000000E+0,1.000000E+1,1.000000E+0,1.000000E+1,1.000000E+0,2.060000E+2
4.577478E+0,7.000000E+2,7.006000E-1,5.933900E-2,1.180674E+4,1.215237E+4,2.470300E-2,3.002000E-1,9.910000E+37,5.933900E-2,1.670065E+42,4.011659E+42,2.470300E-2,9.910000E+37,1.000000E-1,0.000000E+0,1.000000E+0,1.000000E+1,1.000000E+0,1.000000E+1,1.000000E+0,2.070000E+2
4.599013E+0,1.000000E+3,1.000600E+0,8.598500E-2,1.163691E+4,1.203812E+4,2.487100E-2,2.994000E-1,9.910000E+37,8.598500E-2,1.152527E+42,3.984560E+42,2.487100E-2,9.910000E+37,1.000000E-1,0.000000E+0,1.000000E+0,1.000000E+1,1.000000E+0,1.000000E+1,1.000000E+0,2.080000E+2
4.620448E+0,1.300000E+3,1.300900E+0,1.131110E-1,1.150109E+4,1.214245E+4,2.468200E-2,2.997000E-1,9.910000E+37,1.131110E-1,8.761305E+41,4.015072E+42,2.468200E-2,9.910000E+37,1.000000E-1,0.000000E+0,1.000000E+0,1.000000E+1,1.000000E+0,1.000000E+1,1.000000E+0,2.090000E+2
4.642099E+0,1.600000E+3,1.601900E+0,1.404090E-1,1.140881E+4,1.210789E+4,2.480200E-2,3.003000E-1,9.910000E+37,1.404090E-1,7.057952E+41,3.995646E+42,2.480200E-2,9.910000E+37,1.000000E-1,0.000000E+0,1.000000E+0,1.000000E+1,1.000000E+0,1.000000E+1,1.000000E+0,2.100000E+2
4.663583E+0,1.900000E+3,1.900000E+0,1.679990E-1,1.130959E+4,1.214658E+4,2.472300E-2,3.003000E-1,9.910000E+37,1.679990E-1,5.898845E+41,4.008413E+42,2.472300E-2,9.910000E+37,1.000000E-1,0.000000E+0,1.000000E+0,1.000000E+1,1.000000E+0,1.000000E+1,1.000000E+0,2.110000E+2
4.685151E+0,2.200000E+3,2.200200E+0,1.961230E-1,1.121847E+4,1.201456E+4,2.500300E-2,3.004000E-1,9.910000E+37,1.961230E-1,5.052951E+41,3.963524E+42,2.500300E-2,9.910000E+37,1.000000E-1,0.000000E+0,1.000000E+0,1.000000E+1,1.000000E+0,1.000000E+1,1.000000E+0,2.120000E+2
4.706686E+0,2.500000E+3,2.499500E+0,2.243550E-1,1.114083E+4,1.209567E+4,2.479400E-2,2.999000E-1,9.910000E+37,2.243550E-1,4.417107E+41,3.996935E+42,2.479400E-2,9.910000E+37,1.000000E-1,0.000000E+0,1.000000E+0,1.000000E+1,1.000000E+0,1.000000E+1,1.000000E+0,2.130000E+2
4.728270E+0,2.800000E+3,2.799400E+0,2.529130E-1,1.106863E+4,1.211497E+4,2.477100E-2,3.001000E-1,9.910000E+37,2.529130E-1,3.918343E+41,4.000646E+42,2.477100E-2,9.910000E+37,1.000000E-1,0.000000E+0,1.000000E+0,1.000000E+1,1.000000E+0,1.000000E+1,1.000000E+0,2.140000E+2
4.749722E+0,3.100000E+3,3.100000E+0,2.813410E-1,1.101866E+4,1.216890E+4,2.465300E-2,3.000000E-1,9.910000E+37,2.813410E-1,3.522416E+41,4.019795E+42,2.465300E-2,9.910000E+37,1.000000E-1,0.000000E+0,1.000000E+0,1.000000E+1,1.000000E+0,1.000000E+1,1.000000E+0,2.150000E+2
4.771240E+0,3.400000E+3,3.400600E+0,3.100130E-1,1.096922E+4,1.229968E+4,2.439900E-2,3.001000E-1,9.910000E+37,3.100130E-1,3.196640E+41,4.061642E+42,2.439900E-2,9.910000E+37,1.000000E-1,0.000000E+0,1.000000E+0,1.000000E+1,1.000000E+0,1.000000E+1,1.000000E+0,2.160000E+2
4.792924E+0,3.700000E+3,3.700300E+0,3.379800E-1,1.094828E+4,1.223428E+4,2.460300E-2,3.010000E-1,9.910000E+37,3.379800E-1,2.932126E+41,4.027964E+42,2.460300E-2,9.910000E+37,1.000000E-1,0.000000E+0,1.000000E+0,1.000000E+1,1.000000E+0,1.000000E+1,1.000000E+0,2.170000E+2
4.814442E+0,4.000000E+3,4.000500E+0,3.656960E-1,1.093941E+4,1.219562E+4,2.459900E-2,3.000000E-1,9.910000E+37,3.656960E-1,2.709901E+41,4.028619E+42,2.459900E-2,9.910000E+37,1.000000E-1,0.000000E+0,1.000000E+0,1.000000E+1,1.000000E+0,1.000000E+1,1.000000E+0,2.180000E+2
4.835943E+0,4.300000E+3,4.300200E+0,3.924970E-1,1.095601E+4,1.220680E+4,2.464200E-2,3.008000E-1,9.910000E+37,3.924970E-1,2.524860E+41,4.021589E+42,2.464200E-2,9.910000E+37,1.000000E-1,0.000000E+0,1.000000E+0,1.000000E+1,1.000000E+0,1.000000E+1,1.000000E+0,2.190000E+2
4.857444E+0,4.600000E+3,4.599500E+0,4.188760E-1,1.098058E+4,1.223204E+4,2.444400E-2,2.990000E-1,9.910000E+37,4.188760E-1,2.365855E+41,4.054165E+42,2.444400E-2,9.910000E+37,1.000000E-1,0.000000E+0,1.000000E+0,1.000000E+1,1.000000E+0,1.000000E+1,1.000000E+0,2.200000E+2
4.878812E+0,4.900000E+3,4.900600E+0,4.448470E-1,1.101637E+4,1.229050E+4,2.434400E-2,2.992000E-1,9.910000E+37,4.448470E-1,2.227732E+41,4.070818E+42,2.434400E-2,9.910000E+37,1.000000E-1,0.000000E+0,1.000000E+0,1.000000E+1,1.000000E+0,1.000000E+1,1.000000E+0,2.210000E+2
4.900247E+0,5.000000E+3,4.999500E+0,4.505150E-1,1.109730E+4,1.247189E+4,2.401400E-2,2.995000E-1,9.910000E+37,4.505150E-1,2.199705E+41,4.126759E+42,2.401400E-2,9.910000E+37,1.000000E-1,0.000000E+0,1.000000E+0,1.000000E+1,1.000000E+0,1.000000E+1,1.000000E+0,2.220000E+2
4.921948E+0,4.700000E+3,4.700000E+0,4.212050E-1,1.115846E+4,1.241254E+4,2.415300E-2,2.998000E-1,9.910000E+37,4.212050E-1,2.352774E+41,4.103010E+42,2.415300E-2,9.910000E+37,1.000000E-1,0.000000E+0,1.000000E+0,1.000000E+1,1.000000E+0,1.000000E+1,1.000000E+0,2.230000E+2
4.943549E+0,4.400000E+3,4.400800E+0,3.905900E-1,1.126706E+4,1.269909E+4,2.360800E-2,2.998000E-1,9.910000E+37,3.905900E-1,2.537187E+41,4.197730E+42,2.360800E-2,9.910000E+37,1.000000E-1,0.000000E+0,1.000000E+0,1.000000E+1,1.000000E+0,1.000000E+1,1.000000E+0,2.240000E+2
4.965151E+0,4.100000E+3,4.099100E+0,3.601750E-1,1.138086E+4,1.505651E+4,1.999800E-2,3.011000E-1,9.910000E+37,3.601750E-1,2.751440E+41,4.955496E+42,1.999800E-2,9.910000E+37,1.000000E-1,0.000000E+0,1.000000E+0,1.000000E+1,1.000000E+0,1.000000E+1,1.000000E+0,2.250000E+2
4.986785E+0,3.800000E+3,3.800200E+0,3.350760E-1,1.134131E+4,1.282380E+4,2.339400E-2,3.000000E-1,9.910000E+37,3.350760E-1,2.957538E+41,4.236129E+42,2.339400E-2,9.910000E+37,1.000000E-1,0.000000E+0,1.000000E+0,1.000000E+1,1.000000E+0,1.000000E+1,1.000000E+0,2.260000E+2
5.008236E+0,3.500000E+3,3.500400E+0,3.072780E-1,1.139164E+4,1.289751E+4,2.314400E-2,2.985000E-1,9.910000E+37,3.072780E-1,3.225093E+41,4.281887E+42,2.314400E-2,9.910000E+37,1.000000E-1,0.000000E+0,1.000000E+0,1.000000E+1,1.000000E+0,1.000000E+1,1.000000E+0,2.270000E+2
5.029688E+0,3.200000E+3,3.199900E+0,2.797810E-1,1.143716E+4,1.279139E+4,2.342200E-2,2.996000E-1,9.910000E+37,2.797810E-1,3.542056E+41,4.231065E+42,2.342200E-2,9.910000E+37,1.000000E-1,0.000000E+0,1.000000E+0,1.000000E+1,1.000000E+0,1.000000E+1,1.000000E+0,2.280000E+2
5.051189E+0,2.900000E+3,2.901100E+0,2.526000E-1,1.148496E+4,1.319804E+4,2.281400E-2,3.011000E-1,9.910000E+37,2.526000E-1,3.923199E+41,4.343824E+42,2.281400E-2,9.910000E+37,1.000000E-1,0.000000E+0,1.000000E+0,1.000000E+1,1.000000E+0,1.000000E+1,1.000000E+0,2.290000E+2
5.072740E+0,2.600000E+3,2.599800E+0,2.254320E-1,1.153252E+4,1.364316E+4,2.205500E-2,3.009000E-1,9.910000E+37,2.254320E-1,4.396004E+41,4.493312E+42,2.205500E-2,9.910000E+37,1.000000E-1,0.000000E+0,1.000000E+0,1.000000E+1,1.000000E+0,1.000000E+1,1.000000E+0,2.300000E+2
5.094375E+0,2.300000E+3,2.300500E+0,1.972840E-1,1.166085E+4,2.510044E+4,1.194800E-2,2.999000E-1,9.910000E+37,1.972840E-1,5.023215E+41,8.294275E+42,1.194800E-2,9.910000E+37,1.000000E-1,0.000000E+0,1.000000E+0,1.000000E+1,1.000000E+0,1.000000E+1,1.000000E+0,2.310000E+2
5.116059E+0,2.000000E+3,1.999500E+0,8.603400E-2,2.324081E+4,2.490475E+4,1.207400E-2,3.007000E-1,9.910000E+37,8.603400E-2,1.151870E+42,8.207719E+42,1.207400E-2,9.910000E+37,1.000000E-1,0.000000E+0,1.000000E+0,1.000000E+1,1.000000E+0,1.000000E+1,1.000000E+0,2.320000E+2
5.137627E+0,1.700000E+3,1.699700E+0,7.253200E-2,2.343379E+4,2.494373E+4,1.199500E-2,2.992000E-1,9.910000E+37,7.253200E-2,1.366293E+42,8.261776E+42,1.199500E-2,9.910000E+37,1.000000E-1,0.000000E+0,1.000000E+0,1.000000E+1,1.000000E+0,1.000000E+1,1.000000E+0,2.330000E+2
5.159062E+0,1.400000E+3,1.400400E+0,5.917700E-2,2.366460E+4,2.513666E+4,1.189100E-2,2.989000E-1,9.910000E+37,5.917700E-2,1.674637E+42,8.334034E+42,1.189100E-2,9.910000E+37,1.000000E-1,0.000000E+0,1.000000E+0,1.000000E+1,1.000000E+0,1.000000E+1,1.000000E+0,2.340000E+2
5.180546E+0,1.100000E+3,1.101000E+0,4.622800E-2,2.381673E+4,2.492085E+4,1.200200E-2,2.991000E-1,9.910000E+37,4.622800E-2,2.143722E+42,8.256957E+42,1.200200E-2,9.910000E+37,1.000000E-1,0.000000E+0,1.000000E+0,1.000000E+1,1.000000E+0,1.000000E+1,1.000000E+0,2.350000E+2
5.202048E+0,8.000000E+2,8.003000E-1,3.318100E-2,2.411922E+4,2.490256E+4,1.205900E-2,3.003000E-1,9.910000E+37,3.318100E-2,2.986649E+42,8.217929E+42,1.205900E-2,9.910000E+37,1.000000E-1,0.000000E+0,1.000000E+0,1.000000E+1,1.000000E+0,1.000000E+1,1.000000E+0,2.360000E+2
5.223482E+0,5.000000E+2,4.996000E-1,2.042600E-2,2.445902E+4,2.517635E+4,1.190800E-2,2.998000E-1,9.910000E+37,2.042600E-2,4.851660E+42,8.322136E+42,1.190800E-2,9.910000E+37,1.000000E-1,0.000000E+0,1.000000E+0,1.000000E+1,1.000000E+0,1.000000E+1,1.000000E+0,2.370000E+2
5.245017E+0,2.000000E+2,2.006000E-1,7.826000E-3,2.563251E+4,2.501045E+4,1.196700E-2,2.993000E-1,9.910000E+37,7.826000E-3,1.266292E+43,8.281106E+42,1.196700E-2,9.910000E+37,1.000000E-1,0.000000E+0,1.000000E+0,1.000000E+1,1.000000E+0,1.000000E+1,1.000000E+0,2.380000E+2
5.266601E+0,-1.000000E+2,-1.016000E-1,-4.893000E-3,2.076436E+4,2.474422E+4,1.212000E-2,2.999000E-1,9.910000E+37,-4.893000E-3,-2.025342E+43,8.176568E+42,1.212000E-2,9.910000E+37,1.000000E-1,0.000000E+0,1.000000E+0,1.000000E+1,1.000000E+0,1.000000E+1,1.000000E+0,2.390000E+2
5.288036E+0,-4.000000E+2,-3.995000E-1,-1.717400E-2,2.326191E+4,2.483482E+4,1.210800E-2,3.007000E-1,9.910000E+37,-1.717400E-2,-5.770351E+42,8.184671E+42,1.210800E-2,9.910000E+37,1.000000E-1,0.000000E+0,1.000000E+0,1.000000E+1,1.000000E+0,1.000000E+1,1.000000E+0,2.400000E+2
5.309537E+0,-7.000000E+2,-6.993000E-1,-2.980100E-2,2.346566E+4,2.509833E+4,1.194900E-2,2.999000E-1,9.910000E+37,-2.980100E-2,-3.325392E+42,8.293581E+42,1.194900E-2,9.910000E+37,1.000000E-1,0.000000E+0,1.000000E+0,1.000000E+1,1.000000E+0,1.000000E+1,1.000000E+0,2.410000E+2
5.330988E+0,-1.000000E+3,-9.994000E-1,-4.246900E-2,2.353246E+4,2.491091E+4,1.206700E-2,3.006000E-1,9.910000E+37,-4.246900E-2,-2.333467E+42,8.212480E+42,1.206700E-2,9.910000E+37,1.000000E-1,0.000000E+0,1.000000E+0,1.000000E+1,1.000000E+0,1.000000E+1,1.000000E+0,2.420000E+2
5.352623E+0,-1.300000E+3,-1.300000E+0,-5.559900E-2,2.338172E+4,2.487951E+4,1.203400E-2,2.994000E-1,9.910000E+37,-5.559900E-2,-1.782406E+42,8.235001E+42,1.203400E-2,9.910000E+37,1.000000E-1,0.000000E+0,1.000000E+0,1.000000E+1,1.000000E+0,1.000000E+1,1.000000E+0,2.430000E+2
5.374257E+0,-1.600000E+3,-1.601600E+0,-6.919200E-2,2.314718E+4,2.491909E+4,1.205100E-2,3.003000E-1,9.910000E+37,-6.919200E-2,-1.432247E+42,8.223384E+42,1.205100E-2,9.910000E+37,1.000000E-1,0.000000E+0,1.000000E+0,1.000000E+1,1.000000E+0,1.000000E+1,1.000000E+0,2.440000E+2
5.395825E+0,-1.900000E+3,-1.900000E+0,-8.307800E-2,2.287007E+4,2.482181E+4,1.206600E-2,2.995000E-1,9.910000E+37,-8.307800E-2,-1.192855E+42,8.213161E+42,1.206600E-2,9.910000E+37,1.000000E-1,0.000000E+0,1.000000E+0,1.000000E+1,1.000000E+0,1.000000E+1,1.000000E+0,2.450000E+2
5.417360E+0,-2.200000E+3,-2.199800E+0,-9.730700E-2,2.260680E+4,2.479544E+4,1.209900E-2,3.000000E-1,9.910000E+37,-9.730700E-2,-1.018426E+42,8.190760E+42,1.209900E-2,9.910000E+37,1.000000E-1,0.000000E+0,1.000000E+0,1.000000E+1,1.000000E+0,1.000000E+1,1.000000E+0,2.460000E+2
5.439061E+0,-2.500000E+3,-2.501200E+0,-1.120590E-1,2.232038E+4,2.493987E+4,1.205700E-2,3.007000E-1,9.910000E+37,-1.120590E-1,-8.843556E+41,8.219292E+42,1.205700E-2,9.910000E+37,1.000000E-1,0.000000E+0,1.000000E+0,1.000000E+1,1.000000E+0,1.000000E+1,1.000000E+0,2.470000E+2
5.460596E+0,-2.800000E+3,-2.799200E+0,-1.269500E-1,2.204963E+4,2.494802E+4,1.202500E-2,3.000000E-1,9.910000E+37,-1.269500E-1,-7.806223E+41,8.241164E+42,1.202500E-2,9.910000E+37,1.000000E-1,0.000000E+0,1.000000E+0,1.000000E+1,1.000000E+0,1.000000E+1,1.000000E+0,2.480000E+2
5.482297E+0,-3.100000E+3,-3.100000E+0,-1.427220E-1,2.172055E+4,2.496862E+4,1.195100E-2,2.984000E-1,9.910000E+37,-1.427220E-1,-6.943569E+41,8.292193E+42,1.195100E-2,9.910000E+37,1.000000E-1,0.000000E+0,1.000000E+0,1.000000E+1,1.000000E+0,1.000000E+1,1.000000E+0,2.490000E+2
5.504015E+0,-3.400000E+3,-3.400800E+0,-3.041960E-1,1.117963E+4,1.222983E+4,2.452200E-2,2.999000E-1,9.910000E+37,-3.041960E-1,-3.257768E+41,4.041269E+42,2.452200E-2,9.910000E+37,1.000000E-1,0.000000E+0,1.000000E+0,1.000000E+1,1.000000E+0,1.000000E+1,1.000000E+0,2.500000E+2
5.525516E+0,-3.700000E+3,-3.700400E+0,-3.333740E-1,1.109985E+4,1.230058E+4,2.444600E-2,3.007000E-1,9.910000E+37,-3.333740E-1,-2.972637E+41,4.053833E+42,2.444600E-2,9.910000E+37,1.000000E-1,0.000000E+0,1.000000E+0,1.000000E+1,1.000000E+0,1.000000E+1,1.000000E+0,2.510000E+2
5.547101E+0,-4.000000E+3,-4.000400E+0,-3.639940E-1,1.099029E+4,6.382163E+3,4.695900E-2,2.997000E-1,9.910000E+37,-3.639940E-1,-2.722572E+41,2.110352E+42,4.695900E-2,9.910000E+37,1.000000E-1,0.000000E+0,1.000000E+0,1.000000E+1,1.000000E+0,1.000000E+1,1.000000E+0,2.520000E+2
5.568819E+0,-4.300000E+3,-4.300600E+0,-7.063150E-1,6.088785E+3,6.330531E+3,4.734200E-2,2.997000E-1,9.910000E+37,-7.063150E-1,-1.403057E+41,2.093279E+42,4.734200E-2,9.910000E+37,1.000000E-1,0.000000E+0,1.000000E+0,1.000000E+1,1.000000E+0,1.000000E+1,1.000000E+0,2.530000E+2
5.590486E+0,-4.600000E+3,-4.599400E+0,-7.587370E-1,6.061916E+3,6.391612E+3,4.682700E-2,2.993000E-1,9.910000E+37,-7.587370E-1,-1.306118E+41,2.116300E+42,4.682700E-2,9.910000E+37,1.000000E-1,0.000000E+0,1.000000E+0,1.000000E+1,1.000000E+0,1.000000E+1,1.000000E+0,2.540000E+2
5.611988E+0,-4.900000E+3,-4.900200E+0,-8.125780E-1,6.030436E+3,6.269219E+3,4.780500E-2,2.997000E-1,9.910000E+37,-8.125780E-1,-1.219575E+41,2.073005E+42,4.780500E-2,9.910000E+37,1.000000E-1,0.000000E+0,1.000000E+0,1.000000E+1,1.000000E+0,1.000000E+1,1.000000E+0,2.550000E+2
5.633639E+0,-5.000000E+3,-4.999900E+0,-8.336350E-1,5.997709E+3,6.212815E+3,4.823900E-2,2.997000E-1,9.910000E+37,-8.336350E-1,-1.188770E+41,2.054354E+42,4.823900E-2,9.910000E+37,1.000000E-1,0.000000E+0,1.000000E+0,1.000000E+1,1.000000E+0,1.000000E+1,1.000000E+0,2.560000E+2
5.655140E+0,-4.700000E+3,-4.700500E+0,-7.862020E-1,5.978743E+3,6.149013E+3,4.870700E-2,2.995000E-1,9.910000E+37,-7.862020E-1,-1.260490E+41,2.034615E+42,4.870700E-2,9.910000E+37,1.000000E-1,0.000000E+0,1.000000E+0,1.000000E+1,1.000000E+0,1.000000E+1,1.000000E+0,2.570000E+2
5.676725E+0,-4.400000E+3,-4.399900E+0,-7.378090E-1,5.963468E+3,6.192443E+3,4.843000E-2,2.999000E-1,9.910000E+37,-7.378090E-1,-1.343166E+41,2.046252E+42,4.843000E-2,9.910000E+37,1.000000E-1,0.000000E+0,1.000000E+0,1.000000E+1,1.000000E+0,1.000000E+1,1.000000E+0,2.580000E+2
5.698276E+0,-4.100000E+3,-4.099800E+0,-6.883070E-1,5.956354E+3,6.189416E+3,4.848600E-2,3.001000E-1,9.910000E+37,-6.883070E-1,-1.439765E+41,2.043889E+42,4.848600E-2,9.910000E+37,1.000000E-1,0.000000E+0,1.000000E+0,1.000000E+1,1.000000E+0,1.000000E+1,1.000000E+0,2.590000E+2
5.719927E+0,-3.800000E+3,-3.799500E+0,-6.478660E-1,5.864639E+3,6.197270E+3,4.836000E-2,2.997000E-1,9.910000E+37,-6.478660E-1,-1.529637E+41,2.049214E+42,4.836000E-2,9.910000E+37,1.000000E-1,0.000000E+0,1.000000E+0,1.000000E+1,1.000000E+0,1.000000E+1,1.000000E+0,2.600000E+2
5.741578E+0,-3.500000E+3,-3.501100E+0,-5.985090E-1,5.849703E+3,6.180399E+3,4.867000E-2,3.008000E-1,9.910000E+37,-5.985090E-1,-1.655781E+41,2.036162E+42,4.867000E-2,9.910000E+37,1.000000E-1,0.000000E+0,1.000000E+0,1.000000E+1,1.000000E+0,1.000000E+1,1.000000E+0,2.610000E+2
5.763230E+0,-3.200000E+3,-3.199700E+0,-5.470440E-1,5.849072E+3,6.212206E+3,4.845300E-2,3.010000E-1,9.910000E+37,-5.470440E-1,-1.811554E+41,2.045281E+42,4.845300E-2,9.910000E+37,1.000000E-1,0.000000E+0,1.000000E+0,1.000000E+1,1.000000E+0,1.000000E+1,1.000000E+0,2.620000E+2
5.784864E+0,-2.900000E+3,-2.899100E+0,-4.953190E-1,5.852996E+3,6.184015E+3,4.849600E-2,2.999000E-1,9.910000E+37,-4.953190E-1,-2.000731E+41,2.043468E+42,4.849600E-2,9.910000E+37,1.000000E-1,0.000000E+0,1.000000E+0,1.000000E+1,1.000000E+0,1.000000E+1,1.000000E+0,2.630000E+2
5.806515E+0,-2.600000E+3,-2.601100E+0,-4.441200E-1,5.856750E+3,6.150122E+3,4.874700E-2,2.998000E-1,9.910000E+37,-4.441200E-1,-2.231379E+41,2.032946E+42,4.874700E-2,9.910000E+37,1.000000E-1,0.000000E+0,1.000000E+0,1.000000E+1,1.000000E+0,1.000000E+1,1.000000E+0,2.640000E+2
5.828133E+0,-2.300000E+3,-2.299200E+0,-3.922480E-1,5.861598E+3,6.186227E+3,4.841400E-2,2.995000E-1,9.910000E+37,-3.922480E-1,-2.526463E+41,2.046929E+42,4.841400E-2,9.910000E+37,1.000000E-1,0.000000E+0,1.000000E+0,1.000000E+1,1.000000E+0,1.000000E+1,1.000000E+0,2.650000E+2
5.849651E+0,-2.000000E+3,-1.999700E+0,-3.409910E-1,5.864378E+3,6.170651E+3,4.852000E-2,2.994000E-1,9.910000E+37,-3.409910E-1,-2.906235E+41,2.042457E+42,4.852000E-2,9.910000E+37,1.000000E-1,0.000000E+0,1.000000E+0,1.000000E+1,1.000000E+0,1.000000E+1,1.000000E+0,2.660000E+2
5.871319E+0,-1.700000E+3,-1.700100E+0,-2.894330E-1,5.873898E+3,6.159428E+3,4.878700E-2,3.005000E-1,9.910000E+37,-2.894330E-1,-3.423936E+41,2.031279E+42,4.878700E-2,9.910000E+37,1.000000E-1,0.000000E+0,1.000000E+0,1.000000E+1,1.000000E+0,1.000000E+1,1.000000E+0,2.670000E+2
5.892887E+0,-1.400000E+3,-1.401100E+0,-2.381580E-1,5.883069E+3,6.135020E+3,4.886700E-2,2.998000E-1,9.910000E+37,-2.381580E-1,-4.161103E+41,2.027953E+42,4.886700E-2,9.910000E+37,1.000000E-1,0.000000E+0,1.000000E+0,1.000000E+1,1.000000E+0,1.000000E+1,1.000000E+0,2.680000E+2
5.914555E+0,-1.100000E+3,-1.099400E+0,-1.867540E-1,5.886889E+3,6.166948E+3,4.861400E-2,2.998000E-1,9.910000E+37,-1.867540E-1,-5.306446E+41,2.038507E+42,4.861400E-2,9.910000E+37,1.000000E-1,0.000000E+0,1.000000E+0,1.000000E+1,1.000000E+0,1.000000E+1,1.000000E+0,2.690000E+2
5.936123E+0,-8.000000E+2,-8.007000E-1,-1.361390E-1,5.881489E+3,6.150346E+3,4.879400E-2,3.001000E-1,9.910000E+37,-1.361390E-1,-7.279325E+41,2.030987E+42,4.879400E-2,9.910000E+37,1.000000E-1,0.000000E+0,1.000000E+0,1.000000E+1,1.000000E+0,1.000000E+1,1.000000E+0,2.700000E+2
5.957691E+0,-5.000000E+2,-5.006000E-1,-8.577400E-2,5.836267E+3,6.154948E+3,4.885500E-2,3.007000E-1,9.910000E+37,-8.577400E-2,-1.155362E+42,2.028452E+42,4.885500E-2,9.910000E+37,1.000000E-1,0.000000E+0,1.000000E+0,1.000000E+1,1.000000E+0,1.000000E+1,1.000000E+0,2.710000E+2
5.979192E+0,-2.000000E+2,-1.997000E-1,-3.512800E-2,5.684924E+3,6.176144E+3,4.857400E-2,3.000000E-1,9.910000E+37,-3.512800E-2,-2.821111E+42,2.040186E+42,4.857400E-2,9.910000E+37,1.000000E-1,0.000000E+0,1.000000E+0,1.000000E+1,1.000000E+0,1.000000E+1,1.000000E+0,2.720000E+2
6.000727E+0,1.000000E+2,9.910000E-2,1.496300E-2,6.623003E+3,6.169920E+3,4.862300E-2,3.000000E-1,9.910000E+37,1.496300E-2,6.623003E+42,2.038130E+42,4.862300E-2,9.910000E+37,1.000000E-1,0.000000E+0,1.000000E+0,1.000000E+1,1.000000E+0,1.000000E+1,1.000000E+0,2.730000E+2
6.022244E+0,4.000000E+2,3.994000E-1,6.551100E-2,6.096686E+3,6.159562E+3,4.872100E-2,3.001000E-1,9.910000E+37,6.551100E-2,1.512723E+42,2.034031E+42,4.872100E-2,9.910000E+37,1.000000E-1,0.000000E+0,1.000000E+0,1.000000E+1,1.000000E+0,1.000000E+1,1.000000E+0,2.740000E+2
6.043746E+0,7.000000E+2,6.996000E-1,1.165490E-1,6.002626E+3,6.170808E+3,4.861600E-2,3.000000E-1,9.910000E+37,1.165490E-1,8.502861E+41,2.038424E+42,4.861600E-2,9.910000E+37,1.000000E-1,0.000000E+0,1.000000E+0,1.000000E+1,1.000000E+0,1.000000E+1,1.000000E+0,2.750000E+2
6.065414E+0,1.000000E+3,1.000000E+0,1.676710E-1,5.964061E+3,6.129884E+3,4.885900E-2,2.995000E-1,9.910000E+37,1.676710E-1,5.910384E+41,2.028285E+42,4.885900E-2,9.910000E+37,1.000000E-1,0.000000E+0,1.000000E+0,1.000000E+1,1.000000E+0,1.000000E+1,1.000000E+0,2.760000E+2
6.087081E+0,1.300000E+3,1.299300E+0,2.192760E-1,5.925409E+3,6.122657E+3,4.903100E-2,3.002000E-1,9.910000E+37,2.192760E-1,4.519418E+41,2.021170E+42,4.903100E-2,9.910000E+37,1.000000E-1,0.000000E+0,1.000000E+0,1.000000E+1,1.000000E+0,1.000000E+1,1.000000E+0,2.770000E+2
6.108916E+0,1.600000E+3,1.600200E+0,2.712570E-1,5.899203E+3,6.135020E+3,4.886700E-2,2.998000E-1,9.910000E+37,2.712570E-1,3.653362E+41,2.027953E+42,4.886700E-2,9.910000E+37,1.000000E-1,0.000000E+0,1.000000E+0,1.000000E+1,1.000000E+0,1.000000E+1,1.000000E+0,2.780000E+2
6.130501E+0,1.900000E+3,1.900800E+0,3.232960E-1,5.879442E+3,6.145012E+3,4.893400E-2,3.007000E-1,9.910000E+37,3.232960E-1,3.065302E+41,2.025177E+42,4.893400E-2,9.910000E+37,1.000000E-1,0.000000E+0,1.000000E+0,1.000000E+1,1.000000E+0,1.000000E+1,1.000000E+0,2.790000E+2
6.152102E+0,2.200000E+3,2.200000E+0,3.751210E-1,5.864774E+3,6.148914E+3,4.865900E-2,2.992000E-1,9.910000E+37,3.751210E-1,2.641814E+41,2.036622E+42,4.865900E-2,9.910000E+37,1.000000E-1,0.000000E+0,1.000000E+0,1.000000E+1,1.000000E+0,1.000000E+1,1.000000E+0,2.800000E+2
6.173736E+0,2.500000E+3,2.499800E+0,4.270250E-1,5.853990E+3,6.124529E+3,4.906500E-2,3.005000E-1,9.910000E+37,4.270250E-1,2.320707E+41,2.019770E+42,4.906500E-2,9.910000E+37,1.000000E-1,0.000000E+0,1.000000E+0,1.000000E+1,1.000000E+0,1.000000E+1,1.000000E+0,2.810000E+2
6.195454E+0,2.800000E+3,2.800400E+0,4.789340E-1,5.847152E+3,6.141157E+3,4.898100E-2,3.008000E-1,9.910000E+37,4.789340E-1,2.069179E+41,2.023233E+42,4.898100E-2,9.910000E+37,1.000000E-1,0.000000E+0,1.000000E+0,1.000000E+1,1.000000E+0,1.000000E+1,1.000000E+0,2.820000E+2
6.216889E+0,3.100000E+3,3.100100E+0,5.305520E-1,5.843160E+3,6.156808E+3,4.882400E-2,3.006000E-1,9.910000E+37,5.305520E-1,1.867866E+41,2.029739E+42,4.882400E-2,9.910000E+37,1.000000E-1,0.000000E+0,1.000000E+0,1.000000E+1,1.000000E+0,1.000000E+1,1.000000E+0,2.830000E+2
6.238440E+0,3.400000E+3,3.399600E+0,5.817340E-1,5.843908E+3,6.147743E+3,4.865200E-2,2.991000E-1,9.910000E+37,5.817340E-1,1.703528E+41,2.036915E+42,4.865200E-2,9.910000E+37,1.000000E-1,0.000000E+0,1.000000E+0,1.000000E+1,1.000000E+0,1.000000E+1,1.000000E+0,2.840000E+2
6.260075E+0,3.700000E+3,3.700500E+0,6.321110E-1,5.854193E+3,6.155173E+3,4.870700E-2,2.998000E-1,9.910000E+37,6.321110E-1,1.567763E+41,2.034615E+42,4.870700E-2,9.910000E+37,1.000000E-1,0.000000E+0,1.000000E+0,1.000000E+1,1.000000E+0,1.000000E+1,1.000000E+0,2.850000E+2
6.281659E+0,4.000000E+3,4.000000E+0,6.709650E-1,5.961563E+3,6.142863E+3,4.888600E-2,3.003000E-1,9.910000E+37,6.709650E-1,1.476977E+41,2.027165E+42,4.888600E-2,9.910000E+37,1.000000E-1,0.000000E+0,1.000000E+0,1.000000E+1,1.000000E+0,1.000000E+1,1.000000E+0,2.860000E+2
6.303211E+0,4.300000E+3,4.301100E+0,7.177930E-1,5.992118E+3,6.164608E+3,4.874600E-2,3.005000E-1,9.910000E+37,7.177930E-1,1.380621E+41,2.032987E+42,4.874600E-2,9.910000E+37,1.000000E-1,0.000000E+0,1.000000E+0,1.000000E+1,1.000000E+0,1.000000E+1,1.000000E+0,2.870000E+2
6.324695E+0,4.600000E+3,4.599700E+0,7.644850E-1,6.016730E+3,6.132317E+3,4.880700E-2,2.993000E-1,9.910000E+37,7.644850E-1,1.296298E+41,2.030446E+42,4.880700E-2,9.910000E+37,1.000000E-1,0.000000E+0,1.000000E+0,1.000000E+1,1.000000E+0,1.000000E+1,1.000000E+0,2.880000E+2
6.346246E+0,4.900000E+3,4.900600E+0,8.109540E-1,6.043006E+3,6.138363E+3,4.898700E-2,3.007000E-1,9.910000E+37,8.109540E-1,1.222018E+41,2.022986E+42,4.898700E-2,9.910000E+37,1.000000E-1,0.000000E+0,1.000000E+0,1.000000E+1,1.000000E+0,1.000000E+1,1.000000E+0,2.890000E+2
6.367948E+0,5.000000E+3,5.000400E+0,8.255520E-1,6.057038E+3,6.144020E+3,4.900700E-2,3.011000E-1,9.910000E+37,8.255520E-1,1.200409E+41,2.022160E+42,4.900700E-2,9.910000E+37,1.000000E-1,0.000000E+0,1.000000E+0,1.000000E+1,1.000000E+0,1.000000E+1,1.000000E+0,2.900000E+2
6.389582E+0,4.700000E+3,4.699400E+0,7.760340E-1,6.055663E+3,6.136275E+3,4.885700E-2,2.998000E-1,9.910000E+37,7.760340E-1,1.277006E+41,2.028369E+42,4.885700E-2,9.910000E+37,1.000000E-1,0.000000E+0,1.000000E+0,1.000000E+1,1.000000E+0,1.000000E+1,1.000000E+0,2.910000E+2
6.411250E+0,4.400000E+3,4.400400E+0,7.279510E-1,6.044912E+3,6.140189E+3,4.877700E-2,2.995000E-1,9.910000E+37,7.279510E-1,1.361355E+41,2.031695E+42,4.877700E-2,9.910000E+37,1.000000E-1,0.000000E+0,1.000000E+0,1.000000E+1,1.000000E+0,1.000000E+1,1.000000E+0,2.920000E+2
6.432751E+0,4.100000E+3,4.098900E+0,6.790280E-1,6.036423E+3,6.137721E+3,4.904100E-2,3.010000E-1,9.910000E+37,6.790280E-1,1.459439E+41,2.020758E+42,4.904100E-2,9.910000E+37,1.000000E-1,0.000000E+0,1.000000E+0,1.000000E+1,1.000000E+0,1.000000E+1,1.000000E+0,2.930000E+2
6.454119E+0,3.800000E+3,3.800400E+0,6.305360E-1,6.027253E+3,6.145571E+3,4.889700E-2,3.005000E-1,9.910000E+37,6.305360E-1,1.571679E+41,2.026709E+42,4.889700E-2,9.910000E+37,1.000000E-1,0.000000E+0,1.000000E+0,1.000000E+1,1.000000E+0,1.000000E+1,1.000000E+0,2.940000E+2
6.476104E+0,3.500000E+3,3.500200E+0,5.919190E-1,5.913309E+3,6.147842E+3,4.894400E-2,3.009000E-1,9.910000E+37,5.919190E-1,1.674216E+41,2.024763E+42,4.894400E-2,9.910000E+37,1.000000E-1,0.000000E+0,1.000000E+0,1.000000E+1,1.000000E+0,1.000000E+1,1.000000E+0,2.950000E+2
6.497488E+0,3.200000E+3,3.200000E+0,5.422630E-1,5.901196E+3,6.122324E+3,4.900100E-2,3.000000E-1,9.910000E+37,5.422630E-1,1.827526E+41,2.022408E+42,4.900100E-2,9.910000E+37,1.000000E-1,0.000000E+0,1.000000E+0,1.000000E+1,1.000000E+0,1.000000E+1,1.000000E+0,2.960000E+2
6.519040E+0,2.900000E+3,2.900500E+0,4.920500E-1,5.894726E+3,6.134469E+3,4.906700E-2,3.010000E-1,9.910000E+37,4.920500E-1,2.014023E+41,2.019687E+42,4.906700E-2,9.910000E+37,1.000000E-1,0.000000E+0,1.000000E+0,1.000000E+1,1.000000E+0,1.000000E+1,1.000000E+0,2.970000E+2
6.540607E+0,2.600000E+3,2.599900E+0,4.411230E-1,5.893821E+3,6.090905E+3,4.910600E-2,2.991000E-1,9.910000E+37,4.411230E-1,2.246539E+41,2.018083E+42,4.910600E-2,9.910000E+37,1.000000E-1,0.000000E+0,1.000000E+0,1.000000E+1,1.000000E+0,1.000000E+1,1.000000E+0,2.980000E+2
6.561975E+0,2.300000E+3,2.300100E+0,3.902760E-1,5.893522E+3,6.110566E+3,4.894800E-2,2.991000E-1,9.910000E+37,3.902760E-1,2.539229E+41,2.024598E+42,4.894800E-2,9.910000E+37,1.000000E-1,0.000000E+0,1.000000E+0,1.000000E+1,1.000000E+0,1.000000E+1,1.000000E+0,2.990000E+2
6.583477E+0,2.000000E+3,1.999000E+0,3.390890E-1,5.895207E+3,6.116477E+3,4.886800E-2,2.989000E-1,9.910000E+37,3.390890E-1,2.922537E+41,2.027912E+42,4.886800E-2,9.910000E+37,1.000000E-1,0.000000E+0,1.000000E+0,1.000000E+1,1.000000E+0,1.000000E+1,1.000000E+0,3.000000E+2
6.605078E+0,1.700000E+3,1.700600E+0,2.881920E-1,5.900927E+3,6.094318E+3,4.925900E-2,3.002000E-1,9.910000E+37,2.881920E-1,3.438680E+41,2.011815E+42,4.925900E-2,9.910000E+37,1.000000E-1,0.000000E+0,1.000000E+0,1.000000E+1,1.000000E+0,1.000000E+1,1.000000E+0,3.010000E+2
6.626529E+0,1.400000E+3,1.399500E+0,2.364350E-1,5.919174E+3,6.111327E+3,4.899100E-2,2.994000E-1,9.910000E+37,2.364350E-1,4.191427E+41,2.022821E+42,4.899100E-2,9.910000E+37,1.000000E-1,0.000000E+0,1.000000E+0,1.000000E+1,1.000000E+0,1.000000E+1,1.000000E+0,3.020000E+2
6.648247E+0,1.100000E+3,1.099800E+0,1.851170E-1,5.941108E+3,6.149338E+3,4.880200E-2,3.001000E-1,9.910000E+37,1.851170E-1,5.353371E+41,2.030654E+42,4.880200E-2,9.910000E+37,1.000000E-1,0.000000E+0,1.000000E+0,1.000000E+1,1.000000E+0,1.000000E+1,1.000000E+0,3.030000E+2
6.669781E+0,8.000000E+2,7.999000E-1,1.340140E-1,5.968779E+3,6.122034E+3,4.918300E-2,3.011000E-1,9.910000E+37,1.340140E-1,7.394750E+41,2.014924E+42,4.918300E-2,9.910000E+37,1.000000E-1,0.000000E+0,1.000000E+0,1.000000E+1,1.000000E+0,1.000000E+1,1.000000E+0,3.040000E+2
6.691299E+0,5.000000E+2,5.003000E-1,8.306500E-2,6.022994E+3,6.111971E+3,4.908400E-2,3.000000E-1,9.910000E+37,8.306500E-2,1.193042E+42,2.018988E+42,4.908400E-2,9.910000E+37,1.000000E-1,0.000000E+0,1.000000E+0,1.000000E+1,1.000000E+0,1.000000E+1,1.000000E+0,3.050000E+2
6.712784E+0,2.000000E+2,2.000000E-1,3.215700E-2,6.219486E+3,6.093416E+3,4.913500E-2,2.994000E-1,9.910000E+37,3.215700E-2,3.081755E+42,2.016892E+42,4.913500E-2,9.910000E+37,1.000000E-1,0.000000E+0,1.000000E+0,1.000000E+1,1.000000E+0,1.000000E+1,1.000000E+0,3.060000E+2
6.734319E+0,-1.000000E+2,-9.940000E-2,-1.853000E-2,5.364274E+3,6.127276E+3,4.904300E-2,3.005000E-1,9.910000E+37,-1.853000E-2,-5.348084E+42,2.020676E+42,4.904300E-2,9.910000E+37,1.000000E-1,0.000000E+0,1.000000E+0,1.000000E+1,1.000000E+0,1.000000E+1,1.000000E+0,3.070000E+2
6.755786E+0,-4.000000E+2,-3.996000E-1,-6.941200E-2,5.756930E+3,6.108408E+3,4.912900E-2,3.001000E-1,9.910000E+37,-6.941200E-2,-1.427707E+42,2.017139E+42,4.912900E-2,9.910000E+37,1.000000E-1,0.000000E+0,1.000000E+0,1.000000E+1,1.000000E+0,1.000000E+1,1.000000E+0,3.080000E+2
6.777304E+0,-7.000000E+2,-6.993000E-1,-1.201770E-1,5.818917E+3,6.124281E+3,4.901800E-2,3.002000E-1,9.910000E+37,-1.201770E-1,-8.246170E+41,2.021706E+42,4.901800E-2,9.910000E+37,1.000000E-1,0.000000E+0,1.000000E+0,1.000000E+1,1.000000E+0,1.000000E+1,1.000000E+0,3.090000E+2
6.798772E+0,-1.000000E+3,-9.994000E-1,-1.711030E-1,5.840926E+3,6.122407E+3,4.918000E-2,3.011000E-1,9.910000E+37,-1.711030E-1,-5.791833E+41,2.015047E+42,4.918000E-2,9.910000E+37,1.000000E-1,0.000000E+0,1.000000E+0,1.000000E+1,1.000000E+0,1.000000E+1,1.000000E+0,3.100000E+2
6.820473E+0,-1.300000E+3,-1.299800E+0,-2.222100E-1,5.849422E+3,6.105785E+3,4.923200E-2,3.006000E-1,9.910000E+37,-2.222100E-1,-4.459745E+41,2.012918E+42,4.923200E-2,9.910000E+37,1.000000E-1,0.000000E+0,1.000000E+0,1.000000E+1,1.000000E+0,1.000000E+1,1.000000E+0,3.110000E+2
6.841975E+0,-1.600000E+3,-1.599400E+0,-2.732820E-1,5.852563E+3,6.095284E+3,4.928400E-2,3.004000E-1,9.910000E+37,-2.732820E-1,-3.626291E+41,2.010795E+42,4.928400E-2,9.910000E+37,1.000000E-1,0.000000E+0,1.000000E+0,1.000000E+1,1.000000E+0,1.000000E+1,1.000000E+0,3.120000E+2
6.863609E+0,-1.900000E+3,-1.900200E+0,-3.245470E-1,5.854930E+3,6.120239E+3,4.893600E-2,2.995000E-1,9.910000E+37,-3.245470E-1,-3.053487E+41,2.025094E+42,4.893600E-2,9.910000E+37,1.000000E-1,0.000000E+0,1.000000E+0,1.000000E+1,1.000000E+0,1.000000E+1,1.000000E+0,3.130000E+2
6.885110E+0,-2.200000E+3,-2.200300E+0,-3.760600E-1,5.850928E+3,6.118978E+3,4.879900E-2,2.986000E-1,9.910000E+37,-3.760600E-1,-2.635218E+41,2.030779E+42,4.879900E-2,9.910000E+37,1.000000E-1,0.000000E+0,1.000000E+0,1.000000E+1,1.000000E+0,1.000000E+1,1.000000E+0,3.140000E+2
6.906678E+0,-2.500000E+3,-2.499900E+0,-4.271680E-1,5.852264E+3,6.121779E+3,4.874400E-2,2.984000E-1,9.910000E+37,-4.271680E-1,-2.319930E+41,2.033071E+42,4.874400E-2,9.910000E+37,1.000000E-1,0.000000E+0,1.000000E+0,1.000000E+1,1.000000E+0,1.000000E+1,1.000000E+0,3.150000E+2
6.928263E+0,-2.800000E+3,-2.800400E+0,-4.784930E-1,5.852541E+3,6.124192E+3,4.918200E-2,3.012000E-1,9.910000E+37,-4.784930E-1,-2.071086E+41,2.014965E+42,4.918200E-2,9.910000E+37,1.000000E-1,0.000000E+0,1.000000E+0,1.000000E+1,1.000000E+0,1.000000E+1,1.000000E+0,3.160000E+2
6.949798E+0,-3.100000E+3,-3.100800E+0,-5.298650E-1,5.852057E+3,6.129533E+3,4.897600E-2,3.002000E-1,9.910000E+37,-5.298650E-1,-1.870288E+41,2.023440E+42,4.897600E-2,9.910000E+37,1.000000E-1,0.000000E+0,1.000000E+0,1.000000E+1,1.000000E+0,1.000000E+1,1.000000E+0,3.170000E+2
6.971432E+0,-3.400000E+3,-3.399800E+0,-5.809130E-1,5.852511E+3,6.110693E+3,4.912700E-2,3.002000E-1,9.910000E+37,-5.809130E-1,-1.705935E+41,2.017221E+42,4.912700E-2,9.910000E+37,1.000000E-1,0.000000E+0,1.000000E+0,1.000000E+1,1.000000E+0,1.000000E+1,1.000000E+0,3.180000E+2
6.992967E+0,-3.700000E+3,-3.700100E+0,-6.315260E-1,5.858983E+3,6.094477E+3,4.902800E-2,2.988000E-1,9.910000E+37,-6.315260E-1,-1.569215E+41,2.021294E+42,4.902800E-2,9.910000E+37,1.000000E-1,0.000000E+0,1.000000E+0,1.000000E+1,1.000000E+0,1.000000E+1,1.000000E+0,3.190000E+2
7.014501E+0,-4.000000E+3,-3.999700E+0,-6.788400E-1,5.891963E+3,6.055554E+3,4.978900E-2,3.015000E-1,9.910000E+37,-6.788400E-1,-1.459843E+41,1.990399E+42,4.978900E-2,9.910000E+37,1.000000E-1,0.000000E+0,1.000000E+0,1.000000E+1,1.000000E+0,1.000000E+1,1.000000E+0,3.200000E+2
7.036086E+0,-4.300000E+3,-4.299800E+0,-7.306930E-1,5.884551E+3,6.024605E+3,4.974600E-2,2.997000E-1,9.910000E+37,-7.306930E-1,-1.356247E+41,1.992120E+42,4.974600E-2,9.910000E+37,1.000000E-1,0.000000E+0,1.000000E+0,1.000000E+1,1.000000E+0,1.000000E+1,1.000000E+0,3.210000E+2
7.057537E+0,-4.600000E+3,-4.599700E+0,-7.815420E-1,5.885416E+3,6.015656E+3,4.982000E-2,2.997000E-1,9.910000E+37,-7.815420E-1,-1.268006E+41,1.989161E+42,4.982000E-2,9.910000E+37,1.000000E-1,0.000000E+0,1.000000E+0,1.000000E+1,1.000000E+0,1.000000E+1,1.000000E+0,3.220000E+2
7.079122E+0,-4.900000E+3,-4.900200E+0,-8.323000E-1,5.887541E+3,6.010645E+3,4.997800E-2,3.004000E-1,9.910000E+37,-8.323000E-1,-1.190676E+41,1.982872E+42,4.997800E-2,9.910000E+37,1.000000E-1,0.000000E+0,1.000000E+0,1.000000E+1,1.000000E+0,1.000000E+1,1.000000E+0,3.230000E+2
7.100656E+0,-5.000000E+3,-5.000700E+0,-8.506410E-1,5.878743E+3,6.000601E+3,4.989500E-2,2.994000E-1,9.910000E+37,-8.506410E-1,-1.165004E+41,1.986171E+42,4.989500E-2,9.910000E+37,1.000000E-1,0.000000E+0,1.000000E+0,1.000000E+1,1.000000E+0,1.000000E+1,1.000000E+0,3.240000E+2
7.122457E+0,-4.700000E+3,-4.699900E+0,-8.017710E-1,5.861898E+3,5.973871E+3,5.013500E-2,2.995000E-1,9.910000E+37,-8.017710E-1,-1.236014E+41,1.976663E+42,5.013500E-2,9.910000E+37,1.000000E-1,0.000000E+0,1.000000E+0,1.000000E+1,1.000000E+0,1.000000E+1,1.000000E+0,3.250000E+2
7.144092E+0,-4.400000E+3,-4.400200E+0,-7.518960E-1,5.852139E+3,5.989500E+3,4.990400E-2,2.989000E-1,9.910000E+37,-7.518960E-1,-1.318001E+41,1.985813E+42,4.990400E-2,9.910000E+37,1.000000E-1,0.000000E+0,1.000000E+0,1.000000E+1,1.000000E+0,1.000000E+1,1.000000E+0,3.260000E+2
7.165577E+0,-4.100000E+3,-4.100700E+0,-7.018830E-1,5.842427E+3,5.989209E+3,5.004000E-2,2.997000E-1,9.910000E+37,-7.018830E-1,-1.411916E+41,1.980416E+42,5.004000E-2,9.910000E+37,1.000000E-1,0.000000E+0,1.000000E+0,1.000000E+1,1.000000E+0,1.000000E+1,1.000000E+0,3.270000E+2
7.187061E+0,-3.800000E+3,-3.800200E+0,-6.515170E-1,5.832849E+3,5.985117E+3,4.985700E-2,2.984000E-1,9.910000E+37,-6.515170E-1,-1.521065E+41,1.987685E+42,4.985700E-2,9.910000E+37,1.000000E-1,0.000000E+0,1.000000E+0,1.000000E+1,1.000000E+0,1.000000E+1,1.000000E+0,3.280000E+2
7.208729E+0,-3.500000E+3,-3.499100E+0,-6.106980E-1,5.729673E+3,5.978912E+3,5.007600E-2,2.994000E-1,9.910000E+37,-6.106980E-1,-1.622733E+41,1.978992E+42,5.007600E-2,9.910000E+37,1.000000E-1,0.000000E+0,1.000000E+0,1.000000E+1,1.000000E+0,1.000000E+1,1.000000E+0,3.290000E+2
7.230364E+0,-3.200000E+3,-3.200800E+0,-5.593560E-1,5.722295E+3,5.981769E+3,5.035300E-2,3.012000E-1,9.910000E+37,-5.593560E-1,-1.771680E+41,1.968105E+42,5.035300E-2,9.910000E+37,1.000000E-1,0.000000E+0,1.000000E+0,1.000000E+1,1.000000E+0,1.000000E+1,1.000000E+0,3.300000E+2
7.251798E+0,-2.900000E+3,-2.901500E+0,-5.072960E-1,5.719540E+3,5.995127E+3,5.007400E-2,3.002000E-1,9.910000E+37,-5.072960E-1,-1.953495E+41,1.979071E+42,5.007400E-2,9.910000E+37,1.000000E-1,0.000000E+0,1.000000E+0,1.000000E+1,1.000000E+0,1.000000E+1,1.000000E+0,3.310000E+2
7.273316E+0,-2.600000E+3,-2.599300E+0,-4.549160E-1,5.713802E+3,5.998721E+3,5.004400E-2,3.002000E-1,9.910000E+37,-4.549160E-1,-2.178424E+41,1.980257E+42,5.004400E-2,9.910000E+37,1.000000E-1,0.000000E+0,1.000000E+0,1.000000E+1,1.000000E+0,1.000000E+1,1.000000E+0,3.320000E+2
7.294884E+0,-2.300000E+3,-2.299700E+0,-4.024690E-1,5.713980E+3,5.993841E+3,5.033500E-2,3.017000E-1,9.910000E+37,-4.024690E-1,-2.462301E+41,1.968809E+42,5.033500E-2,9.910000E+37,1.000000E-1,0.000000E+0,1.000000E+0,1.000000E+1,1.000000E+0,1.000000E+1,1.000000E+0,3.330000E+2
7.316385E+0,-2.000000E+3,-1.999600E+0,-3.497260E-1,5.717619E+3,5.990027E+3,4.993300E-2,2.991000E-1,9.910000E+37,-3.497260E-1,-2.833647E+41,1.984659E+42,4.993300E-2,9.910000E+37,1.000000E-1,0.000000E+0,1.000000E+0,1.000000E+1,1.000000E+0,1.000000E+1,1.000000E+0,3.340000E+2
7.338070E+0,-1.700000E+3,-1.700800E+0,-2.973400E-1,5.720051E+3,5.985845E+3,5.001800E-2,2.994000E-1,9.910000E+37,-2.973400E-1,-3.332885E+41,1.981287E+42,5.001800E-2,9.910000E+37,1.000000E-1,0.000000E+0,1.000000E+0,1.000000E+1,1.000000E+0,1.000000E+1,1.000000E+0,3.350000E+2
7.359588E+0,-1.400000E+3,-1.399000E+0,-2.448150E-1,5.714519E+3,5.991649E+3,5.005300E-2,2.999000E-1,9.910000E+37,-2.448150E-1,-4.047955E+41,1.979901E+42,5.005300E-2,9.910000E+37,1.000000E-1,0.000000E+0,1.000000E+0,1.000000E+1,1.000000E+0,1.000000E+1,1.000000E+0,3.360000E+2
7.381022E+0,-1.100000E+3,-1.099400E+0,-1.925370E-1,5.710071E+3,5.983571E+3,5.015400E-2,3.001000E-1,9.910000E+37,-1.925370E-1,-5.147063E+41,1.975914E+42,5.015400E-2,9.910000E+37,1.000000E-1,0.000000E+0,1.000000E+0,1.000000E+1,1.000000E+0,1.000000E+1,1.000000E+0,3.370000E+2
7.402657E+0,-8.000000E+2,-8.012000E-1,-1.406670E-1,5.695721E+3,5.963632E+3,5.015400E-2,2.991000E-1,9.910000E+37,-1.406670E-1,-7.045007E+41,1.975914E+42,5.015400E-2,9.910000E+37,1.000000E-1,0.000000E+0,1.000000E+0,1.000000E+1,1.000000E+0,1.000000E+1,1.000000E+0,3.380000E+2
7.424325E+0,-5.000000E+2,-4.998000E-1,-8.844300E-2,5.651097E+3,5.974449E+3,5.033100E-2,3.007000E-1,9.910000E+37,-8.844300E-2,-1.120496E+42,1.968965E+42,5.033100E-2,9.910000E+37,1.000000E-1,0.000000E+0,1.000000E+0,1.000000E+1,1.000000E+0,1.000000E+1,1.000000E+0,3.390000E+2
7.445743E+0,-2.000000E+2,-2.007000E-1,-3.669200E-2,5.469857E+3,5.959461E+3,5.027300E-2,2.996000E-1,9.910000E+37,-3.669200E-2,-2.700861E+42,1.971237E+42,5.027300E-2,9.910000E+37,1.000000E-1,0.000000E+0,1.000000E+0,1.000000E+1,1.000000E+0,1.000000E+1,1.000000E+0,3.400000E+2
7.467360E+0,1.000000E+2,1.005000E-1,1.553600E-2,6.468847E+3,5.974899E+3,5.027700E-2,3.004000E-1,9.910000E+37,1.553600E-2,6.378733E+42,1.971080E+42,5.027700E-2,9.910000E+37,1.000000E-1,0.000000E+0,1.000000E+0,1.000000E+1,1.000000E+0,1.000000E+1,1.000000E+0,3.410000E+2
7.488795E+0,4.000000E+2,3.998000E-1,6.758300E-2,5.915689E+3,5.966079E+3,5.023400E-2,2.997000E-1,9.910000E+37,6.758300E-2,1.466345E+42,1.972767E+42,5.023400E-2,9.910000E+37,1.000000E-1,0.000000E+0,1.000000E+0,1.000000E+1,1.000000E+0,1.000000E+1,1.000000E+0,3.420000E+2
7.510396E+0,7.000000E+2,6.992000E-1,1.199550E-1,5.828852E+3,5.942225E+3,5.040200E-2,2.995000E-1,9.910000E+37,1.199550E-1,8.261431E+41,1.966192E+42,5.040200E-2,9.910000E+37,1.000000E-1,0.000000E+0,1.000000E+0,1.000000E+1,1.000000E+0,1.000000E+1,1.000000E+0,3.430000E+2
7.531814E+0,1.000000E+3,1.000300E+0,1.729120E-1,5.785024E+3,5.971336E+3,5.030700E-2,3.004000E-1,9.910000E+37,1.729120E-1,5.731239E+41,1.969905E+42,5.030700E-2,9.910000E+37,1.000000E-1,0.000000E+0,1.000000E+0,1.000000E+1,1.000000E+0,1.000000E+1,1.000000E+0,3.440000E+2
7.553332E+0,1.300000E+3,1.299300E+0,2.257180E-1,5.756298E+3,5.946365E+3,5.026600E-2,2.989000E-1,9.910000E+37,2.257180E-1,4.390434E+41,1.971512E+42,5.026600E-2,9.910000E+37,1.000000E-1,0.000000E+0,1.000000E+0,1.000000E+1,1.000000E+0,1.000000E+1,1.000000E+0,3.450000E+2
7.574800E+0,1.600000E+3,1.599400E+0,2.787910E-1,5.736914E+3,5.935612E+3,5.047500E-2,2.996000E-1,9.910000E+37,2.787910E-1,3.554634E+41,1.963348E+42,5.047500E-2,9.910000E+37,1.000000E-1,0.000000E+0,1.000000E+0,1.000000E+1,1.000000E+0,1.000000E+1,1.000000E+0,3.460000E+2
7.596268E+0,1.900000E+3,1.900000E+0,3.316340E-1,5.729207E+3,5.952713E+3,5.024600E-2,2.991000E-1,9.910000E+37,3.316340E-1,2.988234E+41,1.972296E+42,5.024600E-2,9.910000E+37,1.000000E-1,0.000000E+0,1.000000E+0,1.000000E+1,1.000000E+0,1.000000E+1,1.000000E+0,3.470000E+2
7.617886E+0,2.200000E+3,2.199700E+0,3.847830E-1,5.716729E+3,5.951672E+3,5.040600E-2,3.000000E-1,9.910000E+37,3.847830E-1,2.575478E+41,1.966036E+42,5.040600E-2,9.910000E+37,1.000000E-1,0.000000E+0,1.000000E+0,1.000000E+1,1.000000E+0,1.000000E+1,1.000000E+0,3.480000E+2
7.639237E+0,2.500000E+3,2.500200E+0,4.378680E-1,5.709940E+3,5.953068E+3,5.024300E-2,2.991000E-1,9.910000E+37,4.378680E-1,2.263239E+41,1.972414E+42,5.024300E-2,9.910000E+37,1.000000E-1,0.000000E+0,1.000000E+0,1.000000E+1,1.000000E+0,1.000000E+1,1.000000E+0,3.490000E+2
7.660822E+0,2.800000E+3,2.798700E+0,4.901670E-1,5.709687E+3,5.971785E+3,5.018600E-2,2.997000E-1,9.910000E+37,4.901670E-1,2.021760E+41,1.974654E+42,5.018600E-2,9.910000E+37,1.000000E-1,0.000000E+0,1.000000E+0,1.000000E+1,1.000000E+0,1.000000E+1,1.000000E+0,3.500000E+2
7.682489E+0,3.100000E+3,3.100200E+0,5.426090E-1,5.713506E+3,5.953729E+3,5.035500E-2,2.998000E-1,9.910000E+37,5.426090E-1,1.826361E+41,1.968027E+42,5.035500E-2,9.910000E+37,1.000000E-1,0.000000E+0,1.000000E+0,1.000000E+1,1.000000E+0,1.000000E+1,1.000000E+0,3.510000E+2
7.704041E+0,3.400000E+3,3.399900E+0,5.942130E-1,5.721686E+3,5.945388E+3,5.039200E-2,2.996000E-1,9.910000E+37,5.942130E-1,1.667752E+41,1.966582E+42,5.039200E-2,9.910000E+37,1.000000E-1,0.000000E+0,1.000000E+0,1.000000E+1,1.000000E+0,1.000000E+1,1.000000E+0,3.520000E+2
7.725475E+0,3.700000E+3,3.700000E+0,6.444510E-1,5.741321E+3,5.963986E+3,5.036900E-2,3.004000E-1,9.910000E+37,6.444510E-1,1.537743E+41,1.967480E+42,5.036900E-2,9.910000E+37,1.000000E-1,0.000000E+0,1.000000E+0,1.000000E+1,1.000000E+0,1.000000E+1,1.000000E+0,3.530000E+2
7.746926E+0,4.000000E+3,4.000300E+0,6.832380E-1,5.854914E+3,5.945077E+3,5.036100E-2,2.994000E-1,9.910000E+37,6.832380E-1,1.450446E+41,1.967793E+42,5.036100E-2,9.910000E+37,1.000000E-1,0.000000E+0,1.000000E+0,1.000000E+1,1.000000E+0,1.000000E+1,1.000000E+0,3.540000E+2
7.768611E+0,4.300000E+3,4.300500E+0,7.307410E-1,5.885122E+3,5.965297E+3,5.014000E-2,2.991000E-1,9.910000E+37,7.307410E-1,1.356158E+41,1.976466E+42,5.014000E-2,9.910000E+37,1.000000E-1,0.000000E+0,1.000000E+0,1.000000E+1,1.000000E+0,1.000000E+1,1.000000E+0,3.550000E+2
7.790096E+0,4.600000E+3,4.600300E+0,7.780370E-1,5.912701E+3,5.990278E+3,5.019800E-2,3.007000E-1,9.910000E+37,7.780370E-1,1.273718E+41,1.974182E+42,5.019800E-2,9.910000E+37,1.000000E-1,0.000000E+0,1.000000E+0,1.000000E+1,1.000000E+0,1.000000E+1,1.000000E+0,3.560000E+2
7.811563E+0,4.900000E+3,4.899700E+0,8.240670E-1,5.945754E+3,5.997366E+3,5.012200E-2,3.006000E-1,9.910000E+37,8.240670E-1,1.202572E+41,1.977176E+42,5.012200E-2,9.910000E+37,1.000000E-1,0.000000E+0,1.000000E+0,1.000000E+1,1.000000E+0,1.000000E+1,1.000000E+0,3.570000E+2
7.833048E+0,5.000000E+3,5.000900E+0,8.383700E-1,5.965027E+3,5.999119E+3,4.992400E-2,2.995000E-1,9.910000E+37,8.383700E-1,1.182056E+41,1.985017E+42,4.992400E-2,9.910000E+37,1.000000E-1,0.000000E+0,1.000000E+0,1.000000E+1,1.000000E+0,1.000000E+1,1.000000E+0,3.580000E+2
7.854816E+0,4.700000E+3,4.700100E+0,7.886300E-1,5.959829E+3,6.005525E+3,4.995400E-2,3.000000E-1,9.910000E+37,7.886300E-1,1.256610E+41,1.983825E+42,4.995400E-2,9.910000E+37,1.000000E-1,0.000000E+0,1.000000E+0,1.000000E+1,1.000000E+0,1.000000E+1,1.000000E+0,3.590000E+2
7.876517E+0,4.400000E+3,4.400000E+0,7.396680E-1,5.948615E+3,5.999760E+3,5.005200E-2,3.003000E-1,9.910000E+37,7.396680E-1,1.339790E+41,1.979941E+42,5.005200E-2,9.910000E+37,1.000000E-1,0.000000E+0,1.000000E+0,1.000000E+1,1.000000E+0,1.000000E+1,1.000000E+0,3.600000E+2
7.897935E+0,4.100000E+3,4.099700E+0,6.906300E-1,5.936174E+3,5.990442E+3,5.001300E-2,2.996000E-1,9.910000E+37,6.906300E-1,1.434922E+41,1.981485E+42,5.001300E-2,9.910000E+37,1.000000E-1,0.000000E+0,1.000000E+0,1.000000E+1,1.000000E+0,1.000000E+1,1.000000E+0,3.610000E+2
7.919620E+0,3.800000E+3,3.799900E+0,6.414910E-1,5.923544E+3,6.004454E+3,5.029600E-2,3.020000E-1,9.910000E+37,6.414910E-1,1.544839E+41,1.970336E+42,5.029600E-2,9.910000E+37,1.000000E-1,0.000000E+0,1.000000E+0,1.000000E+1,1.000000E+0,1.000000E+1,1.000000E+0,3.620000E+2
7.941171E+0,3.500000E+3,3.499000E+0,6.015590E-1,5.816553E+3,6.016414E+3,4.971400E-2,2.991000E-1,9.910000E+37,6.015590E-1,1.647386E+41,1.993402E+42,4.971400E-2,9.910000E+37,1.000000E-1,0.000000E+0,1.000000E+0,1.000000E+1,1.000000E+0,1.000000E+1,1.000000E+0,3.630000E+2
7.962805E+0,3.200000E+3,3.200000E+0,5.520780E-1,5.796282E+3,6.016881E+3,4.976000E-2,2.994000E-1,9.910000E+37,5.520780E-1,1.795036E+41,1.991559E+42,4.976000E-2,9.910000E+37,1.000000E-1,0.000000E+0,1.000000E+0,1.000000E+1,1.000000E+0,1.000000E+1,1.000000E+0,3.640000E+2
7.984457E+0,2.900000E+3,2.899600E+0,5.009670E-1,5.788006E+3,5.981849E+3,5.013500E-2,2.999000E-1,9.910000E+37,5.009670E-1,1.978174E+41,1.976663E+42,5.013500E-2,9.910000E+37,1.000000E-1,0.000000E+0,1.000000E+0,1.000000E+1,1.000000E+0,1.000000E+1,1.000000E+0,3.650000E+2
8.005925E+0,2.600000E+3,2.600000E+0,4.498430E-1,5.779794E+3,6.015369E+3,4.997200E-2,3.006000E-1,9.910000E+37,4.498430E-1,2.202991E+41,1.983111E+42,4.997200E-2,9.910000E+37,1.000000E-1,0.000000E+0,1.000000E+0,1.000000E+1,1.000000E+0,1.000000E+1,1.000000E+0,3.660000E+2
8.027559E+0,2.300000E+3,2.300200E+0,3.978810E-1,5.781126E+3,6.007802E+3,4.998500E-2,3.003000E-1,9.910000E+37,3.978810E-1,2.490694E+41,1.982595E+42,4.998500E-2,9.910000E+37,1.000000E-1,0.000000E+0,1.000000E+0,1.000000E+1,1.000000E+0,1.000000E+1,1.000000E+0,3.670000E+2
8.049077E+0,2.000000E+3,2.000800E+0,3.459390E-1,5.783679E+3,5.967468E+3,5.010500E-2,2.990000E-1,9.910000E+37,3.459390E-1,2.864667E+41,1.977847E+42,5.010500E-2,9.910000E+37,1.000000E-1,0.000000E+0,1.000000E+0,1.000000E+1,1.000000E+0,1.000000E+1,1.000000E+0,3.680000E+2
8.070462E+0,1.700000E+3,1.700200E+0,2.937470E-1,5.787974E+3,5.969143E+3,5.042600E-2,3.010000E-1,9.910000E+37,2.937470E-1,3.373651E+41,1.965256E+42,5.042600E-2,9.910000E+37,1.000000E-1,0.000000E+0,1.000000E+0,1.000000E+1,1.000000E+0,1.000000E+1,1.000000E+0,3.690000E+2
8.092063E+0,1.400000E+3,1.400300E+0,2.412920E-1,5.803342E+3,6.028902E+3,4.989300E-2,3.008000E-1,9.910000E+37,2.412920E-1,4.107057E+41,1.986251E+42,4.989300E-2,9.910000E+37,1.000000E-1,0.000000E+0,1.000000E+0,1.000000E+1,1.000000E+0,1.000000E+1,1.000000E+0,3.700000E+2
8.113647E+0,1.100000E+3,1.099200E+0,1.890920E-1,5.813043E+3,5.982531E+3,5.014600E-2,3.000000E-1,9.910000E+37,1.890920E-1,5.240835E+41,1.976229E+42,5.014600E-2,9.910000E+37,1.000000E-1,0.000000E+0,1.000000E+0,1.000000E+1,1.000000E+0,1.000000E+1,1.000000E+0,3.710000E+2
8.135232E+0,8.000000E+2,7.995000E-1,1.368130E-1,5.843743E+3,5.958122E+3,5.038500E-2,3.002000E-1,9.910000E+37,1.368130E-1,7.243464E+41,1.966855E+42,5.038500E-2,9.910000E+37,1.000000E-1,0.000000E+0,1.000000E+0,1.000000E+1,1.000000E+0,1.000000E+1,1.000000E+0,3.720000E+2
8.156800E+0,5.000000E+2,4.994000E-1,8.477800E-2,5.890679E+3,5.952476E+3,5.024800E-2,2.991000E-1,9.910000E+37,8.477800E-2,1.168935E+42,1.972218E+42,5.024800E-2,9.910000E+37,1.000000E-1,0.000000E+0,1.000000E+0,1.000000E+1,1.000000E+0,1.000000E+1,1.000000E+0,3.730000E+2
8.178584E+0,2.000000E+2,1.996000E-1,3.278600E-2,6.087964E+3,5.987785E+3,5.010200E-2,3.000000E-1,9.910000E+37,3.278600E-2,3.022632E+42,1.977965E+42,5.010200E-2,9.910000E+37,1.000000E-1,0.000000E+0,1.000000E+0,1.000000E+1,1.000000E+0,1.000000E+1,1.000000E+0,3.740000E+2
8.200202E+0,0.000000E+0,0.000000E+0,-1.935000E-3,0.000000E+0,5.988595E+3,5.032900E-2,3.014000E-1,9.910000E+37,-1.935000E-3,-5.121447E+43,1.969044E+42,5.032900E-2,9.910000E+37,1.000000E-1,0.000000E+0,1.000000E+0,1.000000E+1,1.000000E+0,1.000000E+1,1.000000E+0,3.750000E+2
8.221837E+0,3.000000E+2,2.990000E-1,4.986300E-2,5.996430E+3,5.989213E+3,4.987300E-2,2.987000E-1,9.910000E+37,4.986300E-2,1.987446E+42,1.987047E+42,4.987300E-2,9.910000E+37,1.000000E-1,0.000000E+0,1.000000E+0,1.000000E+1,1.000000E+0,1.000000E+1,1.000000E+0,3.760000E+2
8.243488E+0,6.000000E+2,5.987000E-1,1.018340E-1,5.879176E+3,5.990332E+3,5.006400E-2,2.999000E-1,9.910000E+37,1.018340E-1,9.731524E+41,1.979466E+42,5.006400E-2,9.910000E+37,1.000000E-1,0.000000E+0,1.000000E+0,1.000000E+1,1.000000E+0,1.000000E+1,1.000000E+0,3.770000E+2
8.265056E+0,9.000000E+2,9.005000E-1,1.544520E-1,5.830290E+3,5.985958E+3,5.013400E-2,3.001000E-1,9.910000E+37,1.544520E-1,6.416233E+41,1.976702E+42,5.013400E-2,9.910000E+37,1.000000E-1,0.000000E+0,2.000000E+0,1.000000E+1,1.000000E+0,1.000000E+1,1.000000E+0,3.780000E+2
8.286507E+0,1.200000E+3,1.200500E+0,2.060600E-1,5.825973E+3,6.081136E+3,4.930000E-2,2.998000E-1,9.910000E+37,2.060600E-1,4.809279E+41,2.010142E+42,4.930000E-2,9.910000E+37,1.000000E-1,0.000000E+0,2.000000E+0,1.000000E+1,1.000000E+0,1.000000E+1,1.000000E+0,3.790000E+2
8.308159E+0,1.500000E+3,1.499600E+0,2.583000E-1,5.805652E+3,6.063658E+3,4.964000E-2,3.010000E-1,9.910000E+37,2.583000E-1,3.836624E+41,1.996374E+42,4.964000E-2,9.910000E+37,1.000000E-1,0.000000E+0,2.000000E+0,1.000000E+1,1.000000E+0,1.000000E+1,1.000000E+0,3.800000E+2
8.329710E+0,1.800000E+3,1.800500E+0,3.110300E-1,5.788831E+3,6.076923E+3,4.940000E-2,3.002000E-1,9.910000E+37,3.110300E-1,3.186188E+41,2.006073E+42,4.940000E-2,9.910000E+37,1.000000E-1,0.000000E+0,2.000000E+0,1.000000E+1,1.000000E+0,1.000000E+1,1.000000E+0,3.810000E+2
8.351344E+0,2.100000E+3,2.100200E+0,3.632700E-1,5.781375E+3,6.067824E+3,4.954000E-2,3.006000E-1,9.910000E+37,3.632700E-1,2.727998E+41,2.000404E+42,4.954000E-2,9.910000E+37,1.000000E-1,0.000000E+0,2.000000E+0,1.000000E+1,1.000000E+0,1.000000E+1,1.000000E+0,3.820000E+2
8.372762E+0,2.400000E+3,2.400000E+0,4.154600E-1,5.776729E+3,6.042381E+3,4.955000E-2,2.994000E-1,9.910000E+37,4.154600E-1,2.385308E+41,2.000000E+42,4.955000E-2,9.910000E+37,1.000000E-1,0.000000E+0,2.000000E+0,1.000000E+1,1.000000E+0,1.000000E+1,1.000000E+0,3.830000E+2
8.394430E+0,2.700000E+3,2.700400E+0,4.674400E-1,5.776998E+3,6.028939E+3,4.976000E-2,3.000000E-1,9.910000E+37,4.674400E-1,2.120058E+41,1.991559E+42,4.976000E-2,9.910000E+37,1.000000E-1,0.000000E+0,2.000000E+0,1.000000E+1,1.000000E+0,1.000000E+1,1.000000E+0,3.840000E+2
8.416065E+0,3.000000E+3,2.999500E+0,5.192600E-1,5.776490E+3,6.062739E+3,4.973000E-2,3.015000E-1,9.910000E+37,5.192600E-1,1.908485E+41,1.992761E+42,4.973000E-2,9.910000E+37,1.000000E-1,0.000000E+0,2.000000E+0,1.000000E+1,1.000000E+0,1.000000E+1,1.000000E+0,3.850000E+2
8.437599E+0,3.300000E+3,3.298700E+0,5.706100E-1,5.781006E+3,6.076923E+3,4.940000E-2,3.002000E-1,9.910000E+37,5.706100E-1,1.736738E+41,2.006073E+42,4.940000E-2,9.910000E+37,1.000000E-1,0.000000E+0,2.000000E+0,1.000000E+1,1.000000E+0,1.000000E+1,1.000000E+0,3.860000E+2
8.459317E+0,3.600000E+3,3.599600E+0,6.206300E-1,5.799913E+3,6.053269E+3,4.956000E-2,3.000000E-1,9.910000E+37,6.206300E-1,1.596765E+41,1.999596E+42,4.956000E-2,9.910000E+37,1.000000E-1,0.000000E+0,2.000000E+0,1.000000E+1,1.000000E+0,1.000000E+1,1.000000E+0,3.870000E+2
8.480985E+0,3.900000E+3,3.900300E+0,6.592800E-1,5.915999E+3,6.051199E+3,4.961000E-2,3.002000E-1,9.910000E+37,6.592800E-1,1.503155E+41,1.997581E+42,4.961000E-2,9.910000E+37,1.000000E-1,0.000000E+0,2.000000E+0,1.000000E+1,1.000000E+0,1.000000E+1,1.000000E+0,3.880000E+2
8.502486E+0,4.200000E+3,4.200900E+0,7.073400E-1,5.939011E+3,6.097462E+3,4.925000E-2,3.003000E-1,9.910000E+37,7.073400E-1,1.401024E+41,2.012183E+42,4.925000E-2,9.910000E+37,1.000000E-1,0.000000E+0,2.000000E+0,1.000000E+1,1.000000E+0,1.000000E+1,1.000000E+0,3.890000E+2
8.524138E+0,4.500000E+3,4.500200E+0,7.552700E-1,5.958399E+3,6.089159E+3,4.935000E-2,3.005000E-1,9.910000E+37,7.552700E-1,1.312114E+41,2.008105E+42,4.935000E-2,9.910000E+37,1.000000E-1,0.000000E+0,2.000000E+0,1.000000E+1,1.000000E+0,1.000000E+1,1.000000E+0,3.900000E+2
8.545855E+0,4.800000E+3,4.801000E+0,8.018700E-1,5.987255E+3,6.101867E+3,4.928000E-2,3.007000E-1,9.910000E+37,8.018700E-1,1.235861E+41,2.010958E+42,4.928000E-2,9.910000E+37,1.000000E-1,0.000000E+0,2.000000E+0,1.000000E+1,1.000000E+0,1.000000E+1,1.000000E+0,3.910000E+2
8.567557E+0,5.100000E+3,5.100700E+0,8.487100E-1,6.009945E+3,6.119616E+3,4.899000E-2,2.998000E-1,9.910000E+37,8.487100E-1,1.167654E+41,2.022862E+42,4.899000E-2,9.910000E+37,1.000000E-1,0.000000E+0,2.000000E+0,1.000000E+1,1.000000E+0,1.000000E+1,1.000000E+0,3.920000E+2
8.589141E+0,5.400000E+3,5.401100E+0,8.939300E-1,6.041972E+3,6.135107E+3,4.885000E-2,2.997000E-1,9.910000E+37,8.939300E-1,1.108588E+41,2.028659E+42,4.885000E-2,9.910000E+37,1.000000E-1,0.000000E+0,2.000000E+0,1.000000E+1,1.000000E+0,1.000000E+1,1.000000E+0,3.930000E+2
8.610826E+0,5.700000E+3,5.698700E+0,9.391200E-1,6.068128E+3,6.116227E+3,4.887000E-2,2.989000E-1,9.910000E+37,9.391200E-1,1.055243E+41,2.027829E+42,4.887000E-2,9.910000E+37,1.000000E-1,0.000000E+0,2.000000E+0,1.000000E+1,1.000000E+0,1.000000E+1,1.000000E+0,3.940000E+2
8.632310E+0,6.000000E+3,5.999400E+0,9.672400E-1,6.202597E+3,6.114727E+3,4.916000E-2,3.006000E-1,9.910000E+37,9.672400E-1,1.024565E+41,2.015867E+42,4.916000E-2,9.910000E+37,1.000000E-1,0.000000E+0,2.000000E+0,1.000000E+1,1.000000E+0,1.000000E+1,1.000000E+0,3.950000E+2
8.653795E+0,6.300000E+3,6.300100E+0,1.037800E+0,6.070630E+3,6.057108E+3,4.938000E-2,2.991000E-1,9.910000E+37,1.037800E+0,9.549046E+40,2.006885E+42,4.938000E-2,9.910000E+37,1.000000E-1,0.000000E+0,2.000000E+0,1.000000E+1,1.000000E+0,1.000000E+1,1.000000E+0,3.960000E+2
8.675496E+0,6.600000E+3,6.599700E+0,1.094150E+0,6.031806E+3,5.978022E+3,5.005000E-2,2.992000E-1,9.910000E+37,1.094150E+0,9.057259E+40,1.980020E+42,5.005000E-2,9.910000E+37,1.000000E-1,0.000000E+0,2.000000E+0,1.000000E+1,1.000000E+0,1.000000E+1,1.000000E+0,3.970000E+2
8.697147E+0,6.900000E+3,6.900100E+0,1.348280E+0,5.117706E+3,4.984232E+3,6.025000E-2,3.003000E-1,9.910000E+37,1.348280E+0,7.350105E+40,1.644813E+42,6.025000E-2,9.910000E+37,1.000000E-1,0.000000E+0,2.000000E+0,1.000000E+1,1.000000E+0,1.000000E+1,1.000000E+0,3.980000E+2
8.718765E+0,7.200000E+3,7.199300E+0,1.425220E+0,5.051360E+3,4.822604E+3,6.229000E-2,3.004000E-1,9.910000E+37,1.425220E+0,6.953312E+40,1.590946E+42,6.229000E-2,9.910000E+37,1.000000E-1,0.000000E+0,2.000000E+0,1.000000E+1,1.000000E+0,1.000000E+1,1.000000E+0,3.990000E+2
8.740367E+0,7.500000E+3,7.501500E+0,8.748500E-1,8.574613E+3,8.830787E+3,3.404000E-2,3.006000E-1,9.910000E+37,8.748500E-1,1.132766E+41,2.911281E+42,3.404000E-2,9.910000E+37,1.000000E-1,0.000000E+0,2.000000E+0,1.000000E+1,1.000000E+0,1.000000E+1,1.000000E+0,4.000000E+2
8.761784E+0,7.800000E+3,7.799300E+0,1.590950E+0,4.902291E+3,4.649938E+3,6.456000E-2,3.002000E-1,9.910000E+37,1.590950E+0,6.228983E+40,1.535006E+42,6.456000E-2,9.910000E+37,1.000000E-1,0.000000E+0,2.000000E+0,1.000000E+1,1.000000E+0,1.000000E+1,1.000000E+0,4.010000E+2
8.783452E+0,8.000000E+3,7.504300E+0,2.000280E+0,3.751625E+3,4.349211E+3,6.907000E-2,3.004000E-1,9.910000E+37,2.000280E+0,4.954306E+40,1.434776E+42,6.907000E-2,9.910000E+37,1.000000E-1,0.000000E+0,2.000000E+0,1.000000E+1,1.000000E+0,1.000000E+1,1.000000E+0,4.020000E+2
8.805070E+0,7.700000E+3,7.700300E+0,1.711690E+0,4.498653E+3,4.319654E+3,6.945000E-2,3.000000E-1,9.910000E+37,1.711690E+0,5.789600E+40,1.426926E+42,6.945000E-2,9.910000E+37,1.000000E-1,0.000000E+0,2.000000E+0,1.000000E+1,1.000000E+0,1.000000E+1,1.000000E+0,4.030000E+2
8.826538E+0,7.400000E+3,6.540700E+0,2.000040E+0,3.270285E+3,3.126303E+3,9.596000E-2,3.000000E-1,9.910000E+37,2.000040E+0,4.954901E+40,1.032722E+42,9.596000E-2,9.910000E+37,1.000000E-1,0.000000E+0,2.000000E+0,1.000000E+1,1.000000E+0,1.000000E+1,1.000000E+0,4.040000E+2
8.848023E+0,7.100000E+3,6.518200E+0,1.999810E+0,3.259410E+3,3.130153E+3,9.581000E-2,2.999000E-1,9.910000E+37,1.999810E+0,4.955471E+40,1.034339E+42,9.581000E-2,9.910000E+37,1.000000E-1,0.000000E+0,2.000000E+0,1.000000E+1,1.000000E+0,1.000000E+1,1.000000E+0,4.050000E+2
8.869624E+0,6.800000E+3,6.504100E+0,1.999820E+0,3.252343E+3,3.112748E+3,9.641000E-2,3.001000E-1,9.910000E+37,1.999820E+0,4.955446E+40,1.027902E+42,9.641000E-2,9.910000E+37,1.000000E-1,0.000000E+0,2.000000E+0,1.000000E+1,1.000000E+0,1.000000E+1,1.000000E+0,4.060000E+2
8.891075E+0,6.500000E+3,6.480300E+0,1.995710E+0,3.247115E+3,3.111895E+3,9.634000E-2,2.998000E-1,9.910000E+37,1.995710E+0,4.965651E+40,1.028649E+42,9.634000E-2,9.910000E+37,1.000000E-1,0.000000E+0,2.000000E+0,1.000000E+1,1.000000E+0,1.000000E+1,1.000000E+0,4.070000E+2
8.912526E+0,6.200000E+3,6.198500E+0,1.921110E+0,3.226520E+3,3.100021E+3,9.658000E-2,2.994000E-1,9.910000E+37,1.921110E+0,5.158476E+40,1.026092E+42,9.658000E-2,9.910000E+37,1.000000E-1,0.000000E+0,2.000000E+0,1.000000E+1,1.000000E+0,1.000000E+1,1.000000E+0,4.080000E+2
8.934111E+0,5.900000E+3,5.899000E+0,1.838560E+0,3.208489E+3,3.098999E+3,9.687000E-2,3.002000E-1,9.910000E+37,1.838560E+0,5.390088E+40,1.023021E+42,9.687000E-2,9.910000E+37,1.000000E-1,0.000000E+0,2.000000E+0,1.000000E+1,1.000000E+0,1.000000E+1,1.000000E+0,4.090000E+2
8.955579E+0,5.600000E+3,5.599400E+0,1.756260E+0,3.188252E+3,3.102242E+3,9.722000E-2,3.016000E-1,9.910000E+37,1.756260E+0,5.642672E+40,1.019338E+42,9.722000E-2,9.910000E+37,1.000000E-1,0.000000E+0,2.000000E+0,1.000000E+1,1.000000E+0,1.000000E+1,1.000000E+0,4.100000E+2
8.977197E+0,5.300000E+3,5.300700E+0,1.683190E+0,3.149199E+3,3.098504E+3,9.695000E-2,3.004000E-1,9.910000E+37,1.683190E+0,5.887630E+40,1.022176E+42,9.695000E-2,9.910000E+37,1.000000E-1,0.000000E+0,2.000000E+0,1.000000E+1,1.000000E+0,1.000000E+1,1.000000E+0,4.110000E+2
8.999381E+0,5.000000E+3,4.998700E+0,1.597760E+0,3.128567E+3,3.101704E+3,9.685000E-2,3.004000E-1,9.910000E+37,1.597760E+0,6.202433E+40,1.023232E+42,9.685000E-2,9.910000E+37,1.000000E-1,0.000000E+0,2.000000E+0,1.000000E+1,1.000000E+0,1.000000E+1,1.000000E+0,4.120000E+2
9.020849E+0,4.700000E+3,4.699800E+0,1.510360E+0,3.111708E+3,3.097692E+3,9.704000E-2,3.006000E-1,9.910000E+37,1.510360E+0,6.561350E+40,1.021228E+42,9.704000E-2,9.910000E+37,1.000000E-1,0.000000E+0,2.000000E+0,1.000000E+1,1.000000E+0,1.000000E+1,1.000000E+0,4.130000E+2
9.042501E+0,4.400000E+3,4.400000E+0,1.421480E+0,3.095365E+3,3.096714E+3,9.678000E-2,2.997000E-1,9.910000E+37,1.421480E+0,6.971607E+40,1.023972E+42,9.678000E-2,9.910000E+37,1.000000E-1,0.000000E+0,2.000000E+0,1.000000E+1,1.000000E+0,1.000000E+1,1.000000E+0,4.140000E+2
9.063952E+0,4.100000E+3,4.100000E+0,1.331190E+0,3.079951E+3,3.096934E+3,9.687000E-2,3.000000E-1,9.910000E+37,1.331190E+0,7.444467E+40,1.023021E+42,9.687000E-2,9.910000E+37,1.000000E-1,0.000000E+0,2.000000E+0,1.000000E+1,1.000000E+0,1.000000E+1,1.000000E+0,4.150000E+2
9.085470E+0,3.800000E+3,3.800400E+0,1.240020E+0,3.064789E+3,3.110973E+3,9.624000E-2,2.994000E-1,9.910000E+37,1.240020E+0,7.991807E+40,1.029717E+42,9.624000E-2,9.910000E+37,1.000000E-1,0.000000E+0,2.000000E+0,1.000000E+1,1.000000E+0,1.000000E+1,1.000000E+0,4.160000E+2
9.107154E+0,3.500000E+3,3.499100E+0,1.147460E+0,3.049431E+3,3.103413E+3,9.641000E-2,2.992000E-1,9.910000E+37,1.147460E+0,8.636467E+40,1.027902E+42,9.641000E-2,9.910000E+37,1.000000E-1,0.000000E+0,2.000000E+0,1.000000E+1,1.000000E+0,1.000000E+1,1.000000E+0,4.170000E+2
9.129439E+0,3.200000E+3,3.199000E+0,1.053580E+0,3.036314E+3,3.109636E+3,9.641000E-2,2.998000E-1,9.910000E+37,1.053580E+0,9.406025E+40,1.027902E+42,9.641000E-2,9.910000E+37,1.000000E-1,0.000000E+0,2.000000E+0,1.000000E+1,1.000000E+0,1.000000E+1,1.000000E+0,4.180000E+2
9.150840E+0,2.900000E+3,2.899600E+0,9.584600E-1,3.025270E+3,3.108921E+3,9.640000E-2,2.997000E-1,9.910000E+37,9.584600E-1,1.033950E+41,1.028008E+42,9.640000E-2,9.910000E+37,1.000000E-1,0.000000E+0,2.000000E+0,1.000000E+1,1.000000E+0,1.000000E+1,1.000000E+0,4.190000E+2
9.172441E+0,2.600000E+3,2.599800E+0,8.620300E-1,3.015904E+3,3.116883E+3,9.625000E-2,3.000000E-1,9.910000E+37,8.620300E-1,1.149612E+41,1.029610E+42,9.625000E-2,9.910000E+37,1.000000E-1,0.000000E+0,2.000000E+0,1.000000E+1,1.000000E+0,1.000000E+1,1.000000E+0,4.200000E+2
9.194093E+0,2.300000E+3,2.299800E+0,7.643400E-1,3.008870E+3,3.101272E+3,9.667000E-2,2.998000E-1,9.910000E+37,7.643400E-1,1.296543E+41,1.025137E+42,9.667000E-2,9.910000E+37,1.000000E-1,0.000000E+0,2.000000E+0,1.000000E+1,1.000000E+0,1.000000E+1,1.000000E+0,4.210000E+2
9.215794E+0,2.000000E+3,1.999300E+0,6.657400E-1,3.003124E+3,3.103770E+3,9.656000E-2,2.997000E-1,9.910000E+37,6.657400E-1,1.488569E+41,1.026305E+42,9.656000E-2,9.910000E+37,1.000000E-1,0.000000E+0,2.000000E+0,1.000000E+1,1.000000E+0,1.000000E+1,1.000000E+0,4.220000E+2
9.237595E+0,1.700000E+3,1.700600E+0,5.666000E-1,3.001412E+3,3.106766E+3,9.666000E-2,3.003000E-1,9.910000E+37,5.666000E-1,1.749029E+41,1.025243E+42,9.666000E-2,9.910000E+37,1.000000E-1,0.000000E+0,2.000000E+0,1.000000E+1,1.000000E+0,1.000000E+1,1.000000E+0,4.230000E+2
9.259196E+0,1.400000E+3,1.399500E+0,4.663200E-1,3.001158E+3,3.107912E+3,9.656000E-2,3.001000E-1,9.910000E+37,4.663200E-1,2.125150E+41,1.026305E+42,9.656000E-2,9.910000E+37,1.000000E-1,0.000000E+0,2.000000E+0,1.000000E+1,1.000000E+0,1.000000E+1,1.000000E+0,4.240000E+2
9.280647E+0,1.100000E+3,1.099900E+0,3.659400E-1,3.005684E+3,3.106084E+3,9.681000E-2,3.007000E-1,9.910000E+37,3.659400E-1,2.708094E+41,1.023655E+42,9.681000E-2,9.910000E+37,1.000000E-1,0.000000E+0,2.000000E+0,1.000000E+1,1.000000E+0,1.000000E+1,1.000000E+0,4.250000E+2
9.302199E+0,8.000000E+2,8.000000E-1,2.651200E-1,3.017502E+3,3.103555E+3,9.676000E-2,3.003000E-1,9.910000E+37,2.651200E-1,3.737930E+41,1.024184E+42,9.676000E-2,9.910000E+37,1.000000E-1,0.000000E+0,2.000000E+0,1.000000E+1,1.000000E+0,1.000000E+1,1.000000E+0,4.260000E+2
9.323700E+0,5.000000E+2,4.999000E-1,1.642000E-1,3.044458E+3,3.095066E+3,9.667000E-2,2.992000E-1,9.910000E+37,1.642000E-1,6.035323E+41,1.025137E+42,9.667000E-2,9.910000E+37,1.000000E-1,0.000000E+0,2.000000E+0,1.000000E+1,1.000000E+0,1.000000E+1,1.000000E+0,4.270000E+2
9.345301E+0,2.000000E+2,1.995000E-1,6.309000E-2,3.162149E+3,3.102628E+3,9.666000E-2,2.999000E-1,9.910000E+37,6.309000E-2,1.570772E+42,1.025243E+42,9.666000E-2,9.910000E+37,1.000000E-1,0.000000E+0,2.000000E+0,1.000000E+1,1.000000E+0,1.000000E+1,1.000000E+0,4.280000E+2
9.366786E+0,0.000000E+0,8.000000E-4,-3.940000E-3,-2.030457E+2,3.100464E+3,9.705000E-2,3.009000E-1,9.910000E+37,-3.940000E-3,-2.515228E+43,1.021123E+42,9.705000E-2,9.910000E+37,1.000000E-1,0.000000E+0,2.000000E+0,1.000000E+1,1.000000E+0,1.000000E+1,1.000000E+0,4.290000E+2
9.388454E+0,3.000000E+2,3.000000E-1,9.675000E-2,3.100775E+3,3.081670E+3,9.722000E-2,2.996000E-1,9.910000E+37,9.675000E-2,1.024289E+42,1.019338E+42,9.722000E-2,9.910000E+37,1.000000E-1,0.000000E+0,2.000000E+0,1.000000E+1,1.000000E+0,1.000000E+1,1.000000E+0,4.300000E+2
9.409938E+0,6.000000E+2,6.003000E-1,1.978800E-1,3.033657E+3,3.091362E+3,9.643000E-2,2.981000E-1,9.910000E+37,1.978800E-1,5.008086E+41,1.027688E+42,9.643000E-2,9.910000E+37,1.000000E-1,0.000000E+0,2.000000E+0,1.000000E+1,1.000000E+0,1.000000E+1,1.000000E+0,4.310000E+2
9.431606E+0,9.000000E+2,8.993000E-1,2.986900E-1,3.010814E+3,3.098315E+3,9.673000E-2,2.997000E-1,9.910000E+37,2.986900E-1,3.317821E+41,1.024501E+42,9.673000E-2,9.910000E+37,1.000000E-1,0.000000E+0,2.000000E+0,1.000000E+1,1.000000E+0,1.000000E+1,1.000000E+0,4.320000E+2
9.453174E+0,1.200000E+3,1.200300E+0,3.995900E-1,3.003829E+3,3.088962E+3,9.712000E-2,3.000000E-1,9.910000E+37,3.995900E-1,2.480042E+41,1.020387E+42,9.712000E-2,9.910000E+37,1.000000E-1,0.000000E+0,2.000000E+0,1.000000E+1,1.000000E+0,1.000000E+1,1.000000E+0,4.330000E+2
9.475392E+0,1.500000E+3,1.499400E+0,4.998700E-1,2.999580E+3,3.101488E+3,9.676000E-2,3.001000E-1,9.910000E+37,4.998700E-1,1.982515E+41,1.024184E+42,9.676000E-2,9.910000E+37,1.000000E-1,0.000000E+0,2.000000E+0,1.000000E+1,1.000000E+0,1.000000E+1,1.000000E+0,4.340000E+2
9.496877E+0,1.800000E+3,1.800200E+0,6.001100E-1,2.999783E+3,3.087373E+3,9.717000E-2,3.000000E-1,9.910000E+37,6.001100E-1,1.651364E+41,1.019862E+42,9.717000E-2,9.910000E+37,1.000000E-1,0.000000E+0,2.000000E+0,1.000000E+1,1.000000E+0,1.000000E+1,1.000000E+0,4.350000E+2
9.518594E+0,1.500000E+3,1.499500E+0,5.000600E-1,2.998640E+3,3.103092E+3,9.671000E-2,3.001000E-1,9.910000E+37,5.000600E-1,1.981762E+41,1.024713E+42,9.671000E-2,9.910000E+37,1.000000E-1,0.000000E+0,2.000000E+0,1.000000E+1,1.000000E+0,1.000000E+1,1.000000E+0,4.360000E+2
9.540129E+0,1.200000E+3,1.199400E+0,3.994400E-1,3.002704E+3,3.096535E+3,9.727000E-2,3.012000E-1,9.910000E+37,3.994400E-1,2.480973E+41,1.018814E+42,9.727000E-2,9.910000E+37,1.000000E-1,0.000000E+0,2.000000E+0,1.000000E+1,1.000000E+0,1.000000E+1,1.000000E+0,4.370000E+2
9.561697E+0,9.000000E+2,8.996000E-1,2.986200E-1,3.012524E+3,3.094305E+3,9.692000E-2,2.999000E-1,9.910000E+37,2.986200E-1,3.318599E+41,1.022493E+42,9.692000E-2,9.910000E+37,1.000000E-1,0.000000E+0,2.000000E+0,1.000000E+1,1.000000E+0,1.000000E+1,1.000000E+0,4.380000E+2
9.583148E+0,6.000000E+2,6.013000E-1,1.979600E-1,3.037482E+3,3.101698E+3,9.656000E-2,2.995000E-1,9.910000E+37,1.979600E-1,5.006062E+41,1.026305E+42,9.656000E-2,9.910000E+37,1.000000E-1,0.000000E+0,2.000000E+0,1.000000E+1,1.000000E+0,1.000000E+1,1.000000E+0,4.390000E+2
9.604699E+0,3.000000E+2,2.993000E-1,9.681000E-2,3.091623E+3,3.096788E+3,9.681000E-2,2.998000E-1,9.910000E+37,9.681000E-2,1.023655E+42,1.023655E+42,9.681000E-2,9.910000E+37,1.000000E-1,0.000000E+0,2.000000E+0,1.000000E+1,1.000000E+0,1.000000E+1,1.000000E+0,4.400000E+2
9.626101E+0,0.000000E+0,8.000000E-4,-3.990000E-3,-2.005013E+2,3.094871E+3,9.729000E-2,3.011000E-1,9.910000E+37,-3.990000E-3,-2.483709E+43,1.018604E+42,9.729000E-2,9.910000E+37,1.000000E-1,0.000000E+0,2.000000E+0,1.000000E+1,1.000000E+0,1.000000E+1,1.000000E+0,4.410000E+2
9.647635E+0,-3.000000E+2,-2.996000E-1,-1.051800E-1,2.848450E+3,3.094082E+3,9.683000E-2,2.996000E-1,9.910000E+37,-1.051800E-1,-9.421943E+41,1.023443E+42,9.683000E-2,9.910000E+37,1.000000E-1,0.000000E+0,2.000000E+0,1.000000E+1,1.000000E+0,1.000000E+1,1.000000E+0,4.420000E+2
9.669203E+0,-6.000000E+2,-5.998000E-1,-2.062400E-1,2.908262E+3,3.098751E+3,9.691000E-2,3.003000E-1,9.910000E+37,-2.062400E-1,-4.805081E+41,1.022598E+42,9.691000E-2,9.910000E+37,1.000000E-1,0.000000E+0,2.000000E+0,1.000000E+1,1.000000E+0,1.000000E+1,1.000000E+0,4.430000E+2
9.690738E+0,-9.000000E+2,-9.004000E-1,-3.069200E-1,2.933663E+3,3.102734E+3,9.656000E-2,2.996000E-1,9.910000E+37,-3.069200E-1,-3.228854E+41,1.026305E+42,9.656000E-2,9.910000E+37,1.000000E-1,0.000000E+0,2.000000E+0,1.000000E+1,1.000000E+0,1.000000E+1,1.000000E+0,4.440000E+2
9.712222E+0,-1.200000E+3,-1.200700E+0,-4.078300E-1,2.944119E+3,3.087615E+3,9.713000E-2,2.999000E-1,9.910000E+37,-4.078300E-1,-2.429934E+41,1.020282E+42,9.713000E-2,9.910000E+37,1.000000E-1,0.000000E+0,2.000000E+0,1.000000E+1,1.000000E+0,1.000000E+1,1.000000E+0,4.450000E+2
9.733907E+0,-1.500000E+3,-1.500700E+0,-5.082400E-1,2.952739E+3,3.095950E+3,9.703000E-2,3.004000E-1,9.910000E+37,-5.082400E-1,-1.949866E+41,1.021334E+42,9.703000E-2,9.910000E+37,1.000000E-1,0.000000E+0,2.000000E+0,1.000000E+1,1.000000E+0,1.000000E+1,1.000000E+0,4.460000E+2
9.755608E+0,-1.800000E+3,-1.800100E+0,-6.079000E-1,2.961178E+3,3.100590E+3,9.653000E-2,2.993000E-1,9.910000E+37,-6.079000E-1,-1.630202E+41,1.026624E+42,9.653000E-2,9.910000E+37,1.000000E-1,0.000000E+0,2.000000E+0,1.000000E+1,1.000000E+0,1.000000E+1,1.000000E+0,4.470000E+2
9.777126E+0,-2.100000E+3,-2.099800E+0,-7.075200E-1,2.967831E+3,3.100815E+3,9.691000E-2,3.005000E-1,9.910000E+37,-7.075200E-1,-1.400667E+41,1.022598E+42,9.691000E-2,9.910000E+37,1.000000E-1,0.000000E+0,2.000000E+0,1.000000E+1,1.000000E+0,1.000000E+1,1.000000E+0,4.480000E+2
9.798627E+0,-2.400000E+3,-2.400100E+0,-8.058900E-1,2.978198E+3,3.083814E+3,9.712000E-2,2.995000E-1,9.910000E+37,-8.058900E-1,-1.229696E+41,1.020387E+42,9.712000E-2,9.910000E+37,1.000000E-1,0.000000E+0,2.000000E+0,1.000000E+1,1.000000E+0,1.000000E+1,1.000000E+0,4.490000E+2
9.820128E+0,-2.700000E+3,-2.700500E+0,-9.033400E-1,2.989461E+3,3.091489E+3,9.717000E-2,3.004000E-1,9.910000E+37,-9.033400E-1,-1.097040E+41,1.019862E+42,9.717000E-2,9.910000E+37,1.000000E-1,0.000000E+0,2.000000E+0,1.000000E+1,1.000000E+0,1.000000E+1,1.000000E+0,4.500000E+2
9.841663E+0,-3.000000E+3,-3.000300E+0,-1.000520E+0,2.998741E+3,3.094577E+3,9.717000E-2,3.007000E-1,9.910000E+37,-1.000520E+0,-9.904849E+40,1.019862E+42,9.717000E-2,9.910000E+37,1.000000E-1,0.000000E+0,2.000000E+0,1.000000E+1,1.000000E+0,1.000000E+1,1.000000E+0,4.510000E+2
9.863231E+0,-3.300000E+3,-3.301700E+0,-1.096870E+0,3.010111E+3,3.091284E+3,9.695000E-2,2.997000E-1,9.910000E+37,-1.096870E+0,-9.034799E+40,1.022176E+42,9.695000E-2,9.910000E+37,1.000000E-1,0.000000E+0,2.000000E+0,1.000000E+1,1.000000E+0,1.000000E+1,1.000000E+0,4.520000E+2
9.884882E+0,-3.600000E+3,-3.599500E+0,-1.191320E+0,3.021438E+3,3.098475E+3,9.708000E-2,3.008000E-1,9.910000E+37,-1.191320E+0,-8.318504E+40,1.020808E+42,9.708000E-2,9.910000E+37,1.000000E-1,0.000000E+0,2.000000E+0,1.000000E+1,1.000000E+0,1.000000E+1,1.000000E+0,4.530000E+2
9.906417E+0,-3.900000E+3,-3.900100E+0,-1.284560E+0,3.036137E+3,3.094871E+3,9.729000E-2,3.011000E-1,9.910000E+37,-1.284560E+0,-7.714704E+40,1.018604E+42,9.729000E-2,9.910000E+37,1.000000E-1,0.000000E+0,2.000000E+0,1.000000E+1,1.000000E+0,1.000000E+1,1.000000E+0,4.540000E+2
9.928101E+0,-4.200000E+3,-4.198900E+0,-1.376890E+0,3.049554E+3,3.090439E+3,9.675000E-2,2.990000E-1,9.910000E+37,-1.376890E+0,-7.197380E+40,1.024289E+42,9.675000E-2,9.910000E+37,1.000000E-1,0.000000E+0,2.000000E+0,1.000000E+1,1.000000E+0,1.000000E+1,1.000000E+0,4.550000E+2
9.949686E+0,-4.500000E+3,-4.499600E+0,-1.468580E+0,3.063912E+3,3.086255E+3,9.727000E-2,3.002000E-1,9.910000E+37,-1.468580E+0,-6.748015E+40,1.018814E+42,9.727000E-2,9.910000E+37,1.000000E-1,0.000000E+0,2.000000E+0,1.000000E+1,1.000000E+0,1.000000E+1,1.000000E+0,4.560000E+2
9.971404E+0,-4.800000E+3,-4.800000E+0,-1.559390E+0,3.078127E+3,3.088811E+3,9.706000E-2,2.998000E-1,9.910000E+37,-1.559390E+0,-6.355049E+40,1.021018E+42,9.706000E-2,9.910000E+37,1.000000E-1,0.000000E+0,2.000000E+0,1.000000E+1,1.000000E+0,1.000000E+1,1.000000E+0,4.570000E+2
9.993122E+0,-5.100000E+3,-5.099200E+0,-1.648570E+0,3.093105E+3,3.079531E+3,9.732000E-2,2.997000E-1,9.910000E+37,-1.648570E+0,-6.011270E+40,1.018290E+42,9.732000E-2,9.910000E+37,1.000000E-1,0.000000E+0,2.000000E+0,1.000000E+1,1.000000E+0,1.000000E+1,1.000000E+0,4.580000E+2
1.001481E+1,-5.400000E+3,-5.400300E+0,-1.737260E+0,3.108516E+3,3.083333E+3,9.720000E-2,2.997000E-1,9.910000E+37,-1.737260E+0,-5.704385E+40,1.019547E+42,9.720000E-2,9.910000E+37,1.000000E-1,0.000000E+0,2.000000E+0,1.000000E+1,1.000000E+0,1.000000E+1,1.000000E+0,4.590000E+2
1.003649E+1,-5.700000E+3,-5.699100E+0,-1.823390E+0,3.125552E+3,3.082544E+3,9.716000E-2,2.995000E-1,9.910000E+37,-1.823390E+0,-5.434932E+40,1.019967E+42,9.716000E-2,9.910000E+37,1.000000E-1,0.000000E+0,3.000000E+0,1.000000E+1,1.000000E+0,1.000000E+1,1.000000E+0,4.600000E+2
1.005798E+1,-6.000000E+3,-5.999200E+0,-1.897470E+0,3.161684E+3,3.070722E+3,9.799000E-2,3.009000E-1,9.910000E+37,-1.897470E+0,-5.222744E+40,1.011328E+42,9.799000E-2,9.910000E+37,1.000000E-1,0.000000E+0,3.000000E+0,1.000000E+1,1.000000E+0,1.000000E+1,1.000000E+0,4.610000E+2
1.007954E+1,-6.300000E+3,-6.299500E+0,-1.983660E+0,3.175695E+3,3.076056E+3,9.756000E-2,3.001000E-1,9.910000E+37,-1.983660E+0,-4.995816E+40,1.015785E+42,9.756000E-2,9.910000E+37,1.000000E-1,0.000000E+0,3.000000E+0,1.000000E+1,1.000000E+0,1.000000E+1,1.000000E+0,4.620000E+2
1.010118E+1,-6.600000E+3,-6.599600E+0,-2.068900E+0,3.189908E+3,3.058895E+3,9.814000E-2,3.002000E-1,9.910000E+37,-2.068900E+0,-4.789985E+40,1.009782E+42,9.814000E-2,9.910000E+37,1.000000E-1,0.000000E+0,3.000000E+0,1.000000E+1,1.000000E+0,1.000000E+1,1.000000E+0,4.630000E+2
1.012293E+1,-6.900000E+3,-6.899400E+0,-2.150960E+0,3.207591E+3,3.040089E+3,9.878000E-2,3.003000E-1,9.910000E+37,-2.150960E+0,-4.607245E+40,1.003240E+42,9.878000E-2,9.910000E+37,1.000000E-1,0.000000E+0,3.000000E+0,1.000000E+1,1.000000E+0,1.000000E+1,1.000000E+0,4.640000E+2
1.014445E+1,-7.000000E+3,-6.999900E+0,-2.206240E+0,3.172774E+3,3.182736E+3,9.407000E-2,2.994000E-1,9.910000E+37,-2.206240E+0,-4.491805E+40,1.053471E+42,9.407000E-2,9.910000E+37,1.000000E-1,0.000000E+0,3.000000E+0,1.000000E+1,1.000000E+0,1.000000E+1,1.000000E+0,4.650000E+2
1.016595E+1,-6.700000E+3,-6.700700E+0,-2.033900E+0,3.294508E+3,3.177491E+3,9.454000E-2,3.004000E-1,9.910000E+37,-2.033900E+0,-4.872413E+40,1.048234E+42,9.454000E-2,9.910000E+37,1.000000E-1,0.000000E+0,3.000000E+0,1.000000E+1,1.000000E+0,1.000000E+1,1.000000E+0,4.660000E+2
1.018765E+1,-6.400000E+3,-6.400100E+0,-1.954750E+0,3.274127E+3,3.163341E+3,9.471000E-2,2.996000E-1,9.910000E+37,-1.954750E+0,-5.069702E+40,1.046352E+42,9.471000E-2,9.910000E+37,1.000000E-1,0.000000E+0,3.000000E+0,1.000000E+1,1.000000E+0,1.000000E+1,1.000000E+0,4.670000E+2
1.020935E+1,-6.100000E+3,-6.100100E+0,-1.875160E+0,3.253109E+3,3.168056E+3,9.479000E-2,3.003000E-1,9.910000E+37,-1.875160E+0,-5.284882E+40,1.045469E+42,9.479000E-2,9.910000E+37,1.000000E-1,0.000000E+0,3.000000E+0,1.000000E+1,1.000000E+0,1.000000E+1,1.000000E+0,4.680000E+2
1.023104E+1,-5.800000E+3,-5.800400E+0,-1.791960E+0,3.236903E+3,3.159840E+3,9.472000E-2,2.993000E-1,9.910000E+37,-1.791960E+0,-5.530257E+40,1.046242E+42,9.472000E-2,9.910000E+37,1.000000E-1,0.000000E+0,3.000000E+0,1.000000E+1,1.000000E+0,1.000000E+1,1.000000E+0,4.690000E+2
1.025265E+1,-5.500000E+3,-5.500000E+0,-1.704850E+0,3.226090E+3,3.172122E+3,9.470000E-2,3.004000E-1,9.910000E+37,-1.704850E+0,-5.812828E+40,1.046463E+42,9.470000E-2,9.910000E+37,1.000000E-1,0.000000E+0,3.000000E+0,1.000000E+1,1.000000E+0,1.000000E+1,1.000000E+0,4.700000E+2
1.027432E+1,-5.200000E+3,-5.200100E+0,-1.639670E+0,3.171431E+3,3.134437E+3,9.603000E-2,3.010000E-1,9.910000E+37,-1.639670E+0,-6.043899E+40,1.031969E+42,9.603000E-2,9.910000E+37,1.000000E-1,0.000000E+0,3.000000E+0,1.000000E+1,1.000000E+0,1.000000E+1,1.000000E+0,4.710000E+2
1.029604E+1,-4.900000E+3,-4.899800E+0,-1.552510E+0,3.156051E+3,3.133472E+3,9.590000E-2,3.005000E-1,9.910000E+37,-1.552510E+0,-6.383212E+40,1.033368E+42,9.590000E-2,9.910000E+37,1.000000E-1,0.000000E+0,3.000000E+0,1.000000E+1,1.000000E+0,1.000000E+1,1.000000E+0,4.720000E+2
1.031771E+1,-4.600000E+3,-4.600800E+0,-1.467290E+0,3.135576E+3,3.127280E+3,9.593000E-2,3.000000E-1,9.910000E+37,-1.467290E+0,-6.753948E+40,1.033045E+42,9.593000E-2,9.910000E+37,1.000000E-1,0.000000E+0,3.000000E+0,1.000000E+1,1.000000E+0,1.000000E+1,1.000000E+0,4.730000E+2
1.033937E+1,-4.300000E+3,-4.300100E+0,-1.378190E+0,3.120107E+3,3.134001E+3,9.582000E-2,3.003000E-1,9.910000E+37,-1.378190E+0,-7.190591E+40,1.034231E+42,9.582000E-2,9.910000E+37,1.000000E-1,0.000000E+0,3.000000E+0,1.000000E+1,1.000000E+0,1.000000E+1,1.000000E+0,4.740000E+2
1.036101E+1,-4.000000E+3,-4.000800E+0,-1.288420E+0,3.105199E+3,3.141126E+3,9.573000E-2,3.007000E-1,9.910000E+37,-1.288420E+0,-7.691591E+40,1.035203E+42,9.573000E-2,9.910000E+37,1.000000E-1,0.000000E+0,3.000000E+0,1.000000E+1,1.000000E+0,1.000000E+1,1.000000E+0,4.750000E+2
1.038266E+1,-3.700000E+3,-3.700200E+0,-1.197190E+0,3.090737E+3,3.131977E+3,9.585000E-2,3.002000E-1,9.910000E+37,-1.197190E+0,-8.277717E+40,1.033907E+42,9.585000E-2,9.910000E+37,1.000000E-1,0.000000E+0,3.000000E+0,1.000000E+1,1.000000E+0,1.000000E+1,1.000000E+0,4.760000E+2
1.040421E+1,-3.400000E+3,-3.400000E+0,-1.105540E+0,3.075420E+3,3.121748E+3,9.610000E-2,3.000000E-1,9.910000E+37,-1.105540E+0,-8.963945E+40,1.031217E+42,9.610000E-2,9.910000E+37,1.000000E-1,0.000000E+0,3.000000E+0,1.000000E+1,1.000000E+0,1.000000E+1,1.000000E+0,4.770000E+2
1.042591E+1,-3.100000E+3,-3.099900E+0,-1.011480E+0,3.064717E+3,3.134780E+3,9.586000E-2,3.005000E-1,9.910000E+37,-1.011480E+0,-9.797524E+40,1.033799E+42,9.586000E-2,9.910000E+37,1.000000E-1,0.000000E+0,3.000000E+0,1.000000E+1,1.000000E+0,1.000000E+1,1.000000E+0,4.780000E+2
1.044750E+1,-2.800000E+3,-2.799500E+0,-9.174500E-1,3.051392E+3,3.136578E+3,9.555000E-2,2.997000E-1,9.910000E+37,-9.174500E-1,-1.080168E+41,1.037153E+42,9.555000E-2,9.910000E+37,1.000000E-1,0.000000E+0,3.000000E+0,1.000000E+1,1.000000E+0,1.000000E+1,1.000000E+0,4.790000E+2
1.046913E+1,-2.500000E+3,-2.500600E+0,-8.221300E-1,3.041611E+3,3.125326E+3,9.583000E-2,2.995000E-1,9.910000E+37,-8.221300E-1,-1.205405E+41,1.034123E+42,9.583000E-2,9.910000E+37,1.000000E-1,0.000000E+0,3.000000E+0,1.000000E+1,1.000000E+0,1.000000E+1,1.000000E+0,4.800000E+2
1.049070E+1,-2.200000E+3,-2.200000E+0,-7.254600E-1,3.032559E+3,3.125325E+3,9.615000E-2,3.005000E-1,9.910000E+37,-7.254600E-1,-1.366030E+41,1.030681E+42,9.615000E-2,9.910000E+37,1.000000E-1,0.000000E+0,3.000000E+0,1.000000E+1,1.000000E+0,1.000000E+1,1.000000E+0,4.810000E+2
1.051223E+1,-1.900000E+3,-1.900200E+0,-6.339600E-1,2.997350E+3,3.128200E+3,9.571000E-2,2.994000E-1,9.910000E+37,-6.339600E-1,-1.563190E+41,1.035419E+42,9.571000E-2,9.910000E+37,1.000000E-1,0.000000E+0,3.000000E+0,1.000000E+1,1.000000E+0,1.000000E+1,1.000000E+0,4.820000E+2
1.053387E+1,-1.600000E+3,-1.601100E+0,-5.356900E-1,2.988855E+3,3.136175E+3,9.620000E-2,3.017000E-1,9.910000E+37,-5.356900E-1,-1.849951E+41,1.030146E+42,9.620000E-2,9.910000E+37,1.000000E-1,0.000000E+0,3.000000E+0,1.000000E+1,1.000000E+0,1.000000E+1,1.000000E+0,4.830000E+2
1.055554E+1,-1.300000E+3,-1.299000E+0,-4.362600E-1,2.977582E+3,3.134515E+3,9.590000E-2,3.006000E-1,9.910000E+37,-4.362600E-1,-2.271581E+41,1.033368E+42,9.590000E-2,9.910000E+37,1.000000E-1,0.000000E+0,3.000000E+0,1.000000E+1,1.000000E+0,1.000000E+1,1.000000E+0,4.840000E+2
1.057697E+1,-1.000000E+3,-1.000300E+0,-3.374100E-1,2.964642E+3,3.136027E+3,9.579000E-2,3.004000E-1,9.910000E+37,-3.374100E-1,-2.937080E+41,1.034555E+42,9.579000E-2,9.910000E+37,1.000000E-1,0.000000E+0,3.000000E+0,1.000000E+1,1.000000E+0,1.000000E+1,1.000000E+0,4.850000E+2
1.059846E+1,-7.000000E+2,-7.007000E-1,-2.373400E-1,2.952305E+3,3.128725E+3,9.563000E-2,2.992000E-1,9.910000E+37,-2.373400E-1,-4.175445E+41,1.036286E+42,9.563000E-2,9.910000E+37,1.000000E-1,0.000000E+0,3.000000E+0,1.000000E+1,1.000000E+0,1.000000E+1,1.000000E+0,4.860000E+2
1.062016E+1,-4.000000E+2,-4.002000E-1,-1.370200E-1,2.920741E+3,3.127417E+3,9.567000E-2,2.992000E-1,9.910000E+37,-1.370200E-1,-7.232521E+41,1.035852E+42,9.567000E-2,9.910000E+37,1.000000E-1,0.000000E+0,3.000000E+0,1.000000E+1,1.000000E+0,1.000000E+1,1.000000E+0,4.870000E+2
1.064163E+1,-1.000000E+2,-9.980000E-2,-3.750000E-2,2.661333E+3,3.123439E+3,9.608000E-2,3.001000E-1,9.910000E+37,-3.750000E-2,-2.642667E+42,1.031432E+42,9.608000E-2,9.910000E+37,1.000000E-1,0.000000E+0,3.000000E+0,1.000000E+1,1.000000E+0,1.000000E+1,1.000000E+0,4.880000E+2
1.066306E+1,2.000000E+2,1.985000E-1,6.239000E-2,3.181600E+3,3.125261E+3,9.564000E-2,2.989000E-1,9.910000E+37,6.239000E-2,1.588396E+42,1.036177E+42,9.564000E-2,9.910000E+37,1.000000E-1,0.000000E+0,3.000000E+0,1.000000E+1,1.000000E+0,1.000000E+1,1.000000E+0,4.890000E+2
1.068476E+1,5.000000E+2,5.014000E-1,1.630900E-1,3.074376E+3,3.137909E+3,9.586000E-2,3.008000E-1,9.910000E+37,1.630900E-1,6.076400E+41,1.033799E+42,9.586000E-2,9.910000E+37,1.000000E-1,0.000000E+0,3.000000E+0,1.000000E+1,1.000000E+0,1.000000E+1,1.000000E+0,4.900000E+2
1.070616E+1,8.000000E+2,7.999000E-1,2.627500E-1,3.044339E+3,3.133612E+3,9.580000E-2,3.002000E-1,9.910000E+37,2.627500E-1,3.771646E+41,1.034447E+42,9.580000E-2,9.910000E+37,1.000000E-1,0.000000E+0,3.000000E+0,1.000000E+1,1.000000E+0,1.000000E+1,1.000000E+0,4.910000E+2
1.072768E+1,1.100000E+3,1.100200E+0,3.627600E-1,3.032859E+3,3.133222E+3,9.578000E-2,3.001000E-1,9.910000E+37,3.627600E-1,2.731834E+41,1.034663E+42,9.578000E-2,9.910000E+37,1.000000E-1,0.000000E+0,3.000000E+0,1.000000E+1,1.000000E+0,1.000000E+1,1.000000E+0,4.920000E+2
1.074915E+1,1.400000E+3,1.400600E+0,4.635400E-1,3.021530E+3,3.122460E+3,9.595000E-2,2.996000E-1,9.910000E+37,4.635400E-1,2.137895E+41,1.032830E+42,9.595000E-2,9.910000E+37,1.000000E-1,0.000000E+0,3.000000E+0,1.000000E+1,1.000000E+0,1.000000E+1,1.000000E+0,4.930000E+2
1.077078E+1,1.700000E+3,1.699200E+0,5.631400E-1,3.017367E+3,3.140107E+3,9.557000E-2,3.001000E-1,9.910000E+37,5.631400E-1,1.759776E+41,1.036936E+42,9.557000E-2,9.910000E+37,1.000000E-1,0.000000E+0,3.000000E+0,1.000000E+1,1.000000E+0,1.000000E+1,1.000000E+0,4.940000E+2
1.079227E+1,2.000000E+3,1.999800E+0,6.628900E-1,3.016790E+3,3.126105E+3,9.619000E-2,3.007000E-1,9.910000E+37,6.628900E-1,1.494969E+41,1.030253E+42,9.619000E-2,9.910000E+37,1.000000E-1,0.000000E+0,3.000000E+0,1.000000E+1,1.000000E+0,1.000000E+1,1.000000E+0,4.950000E+2
1.081394E+1,2.300000E+3,2.300800E+0,7.579000E-1,3.035757E+3,3.130807E+3,9.579000E-2,2.999000E-1,9.910000E+37,7.579000E-1,1.307560E+41,1.034555E+42,9.579000E-2,9.910000E+37,1.000000E-1,0.000000E+0,3.000000E+0,1.000000E+1,1.000000E+0,1.000000E+1,1.000000E+0,4.960000E+2
1.083562E+1,2.600000E+3,2.599700E+0,8.519400E-1,3.051506E+3,3.125909E+3,9.626000E-2,3.009000E-1,9.910000E+37,8.519400E-1,1.163227E+41,1.029503E+42,9.626000E-2,9.910000E+37,1.000000E-1,0.000000E+0,3.000000E+0,1.000000E+1,1.000000E+0,1.000000E+1,1.000000E+0,4.970000E+2
1.085734E+1,2.900000E+3,2.899200E+0,9.481000E-1,3.057905E+3,3.125846E+3,9.607000E-2,3.003000E-1,9.910000E+37,9.481000E-1,1.045248E+41,1.031540E+42,9.607000E-2,9.910000E+37,1.000000E-1,0.000000E+0,3.000000E+0,1.000000E+1,1.000000E+0,1.000000E+1,1.000000E+0,4.980000E+2
1.087889E+1,3.200000E+3,3.199200E+0,1.043780E+0,3.065014E+3,3.122068E+3,9.593000E-2,2.995000E-1,9.910000E+37,1.043780E+0,9.494338E+40,1.033045E+42,9.593000E-2,9.910000E+37,1.000000E-1,0.000000E+0,3.000000E+0,1.000000E+1,1.000000E+0,1.000000E+1,1.000000E+0,4.990000E+2
1.090036E+1,3.500000E+3,3.498800E+0,1.137210E+0,3.076653E+3,3.121237E+3,9.634000E-2,3.007000E-1,9.910000E+37,1.137210E+0,8.714310E+40,1.028649E+42,9.634000E-2,9.910000E+37,1.000000E-1,0.000000E+0,3.000000E+0,1.000000E+1,1.000000E+0,1.000000E+1,1.000000E+0,5.000000E+2
1.092206E+1,3.800000E+3,3.800100E+0,1.229950E+0,3.089638E+3,3.124412E+3,9.573000E-2,2.991000E-1,9.910000E+37,1.229950E+0,8.057238E+40,1.035203E+42,9.573000E-2,9.910000E+37,1.000000E-1,0.000000E+0,3.000000E+0,1.000000E+1,1.000000E+0,1.000000E+1,1.000000E+0,5.010000E+2
1.094381E+1,4.100000E+3,4.100000E+0,1.321140E+0,3.103380E+3,3.127863E+3,9.604000E-2,3.004000E-1,9.910000E+37,1.321140E+0,7.501098E+40,1.031862E+42,9.604000E-2,9.910000E+37,1.000000E-1,0.000000E+0,3.000000E+0,1.000000E+1,1.000000E+0,1.000000E+1,1.000000E+0,5.020000E+2
1.096514E+1,4.400000E+3,4.400700E+0,1.410530E+0,3.119891E+3,3.121026E+3,9.593000E-2,2.994000E-1,9.910000E+37,1.410530E+0,7.025728E+40,1.033045E+42,9.593000E-2,9.910000E+37,1.000000E-1,0.000000E+0,3.000000E+0,1.000000E+1,1.000000E+0,1.000000E+1,1.000000E+0,5.030000E+2
1.098663E+1,4.700000E+3,4.700000E+0,1.498820E+0,3.135800E+3,3.121507E+3,9.662000E-2,3.016000E-1,9.910000E+37,1.498820E+0,6.611868E+40,1.025668E+42,9.662000E-2,9.910000E+37,1.000000E-1,0.000000E+0,3.000000E+0,1.000000E+1,1.000000E+0,1.000000E+1,1.000000E+0,5.040000E+2
1.100813E+1,5.000000E+3,5.000300E+0,1.585660E+0,3.153450E+3,3.123955E+3,9.568000E-2,2.989000E-1,9.910000E+37,1.585660E+0,6.249764E+40,1.035744E+42,9.568000E-2,9.910000E+37,1.000000E-1,0.000000E+0,3.000000E+0,1.000000E+1,1.000000E+0,1.000000E+1,1.000000E+0,5.050000E+2
1.102966E+1,5.300000E+3,5.301000E+0,1.659950E+0,3.193470E+3,3.126298E+3,9.628000E-2,3.010000E-1,9.910000E+37,1.659950E+0,5.970059E+40,1.029290E+42,9.628000E-2,9.910000E+37,1.000000E-1,0.000000E+0,3.000000E+0,1.000000E+1,1.000000E+0,1.000000E+1,1.000000E+0,5.060000E+2
1.105127E+1,5.600000E+3,5.600300E+0,1.744450E+0,3.210353E+3,3.117598E+3,9.626000E-2,3.001000E-1,9.910000E+37,1.744450E+0,5.680874E+40,1.029503E+42,9.626000E-2,9.910000E+37,1.000000E-1,0.000000E+0,3.000000E+0,1.000000E+1,1.000000E+0,1.000000E+1,1.000000E+0,5.070000E+2
1.107290E+1,5.900000E+3,5.899100E+0,1.826310E+0,3.230065E+3,3.126234E+3,9.625000E-2,3.009000E-1,9.910000E+37,1.826310E+0,5.426242E+40,1.029610E+42,9.625000E-2,9.910000E+37,1.000000E-1,0.000000E+0,3.000000E+0,1.000000E+1,1.000000E+0,1.000000E+1,1.000000E+0,5.080000E+2
1.109435E+1,6.200000E+3,6.200400E+0,1.908160E+0,3.249413E+3,3.122328E+3,9.589000E-2,2.994000E-1,9.910000E+37,1.908160E+0,5.193485E+40,1.033476E+42,9.589000E-2,9.910000E+37,1.000000E-1,0.000000E+0,3.000000E+0,1.000000E+1,1.000000E+0,1.000000E+1,1.000000E+0,5.090000E+2
1.111579E+1,6.500000E+3,6.500000E+0,1.988480E+0,3.268828E+3,3.122723E+3,9.607000E-2,3.000000E-1,9.910000E+37,1.988480E+0,4.983706E+40,1.031540E+42,9.607000E-2,9.910000E+37,1.000000E-1,0.000000E+0,3.000000E+0,1.000000E+1,1.000000E+0,1.000000E+1,1.000000E+0,5.100000E+2
1.113735E+1,6.800000E+3,6.800700E+0,2.069200E+0,3.286633E+3,3.109661E+3,9.657000E-2,3.003000E-1,9.910000E+37,2.069200E+0,4.789291E+40,1.026199E+42,9.657000E-2,9.910000E+37,1.000000E-1,0.000000E+0,3.000000E+0,1.000000E+1,1.000000E+0,1.000000E+1,1.000000E+0,5.110000E+2
1.115889E+1,7.000000E+3,6.999700E+0,2.125220E+0,3.293635E+3,3.102450E+3,9.673000E-2,3.001000E-1,9.910000E+37,2.125220E+0,4.663047E+40,1.024501E+42,9.673000E-2,9.910000E+37,1.000000E-1,0.000000E+0,3.000000E+0,1.000000E+1,1.000000E+0,1.000000E+1,1.000000E+0,5.120000E+2
1.118064E+1,6.700000E+3,6.700800E+0,2.047250E+0,3.273074E+3,3.099246E+3,9.683000E-2,3.001000E-1,9.910000E+37,2.047250E+0,4.840640E+40,1.023443E+42,9.683000E-2,9.910000E+37,1.000000E-1,0.000000E+0,3.000000E+0,1.000000E+1,1.000000E+0,1.000000E+1,1.000000E+0,5.130000E+2
1.120221E+1,6.400000E+3,6.401200E+0,1.967530E+0,3.253419E+3,3.102985E+3,9.681000E-2,3.004000E-1,9.910000E+37,1.967530E+0,5.036772E+40,1.023655E+42,9.681000E-2,9.910000E+37,1.000000E-1,0.000000E+0,3.000000E+0,1.000000E+1,1.000000E+0,1.000000E+1,1.000000E+0,5.140000E+2
1.122373E+1,6.100000E+3,6.099500E+0,1.886300E+0,3.233579E+3,3.117989E+3,9.628000E-2,3.002000E-1,9.910000E+37,1.886300E+0,5.253671E+40,1.029290E+42,9.628000E-2,9.910000E+37,1.000000E-1,0.000000E+0,3.000000E+0,1.000000E+1,1.000000E+0,1.000000E+1,1.000000E+0,5.150000E+2
1.124539E+1,5.800000E+3,5.799800E+0,1.804090E+0,3.214806E+3,3.100639E+3,9.698000E-2,3.007000E-1,9.910000E+37,1.804090E+0,5.493074E+40,1.021860E+42,9.698000E-2,9.910000E+37,1.000000E-1,0.000000E+0,3.000000E+0,1.000000E+1,1.000000E+0,1.000000E+1,1.000000E+0,5.160000E+2
1.126691E+1,5.500000E+3,5.500700E+0,1.720760E+0,3.196669E+3,3.106524E+3,9.641000E-2,2.995000E-1,9.910000E+37,1.720760E+0,5.759083E+40,1.027902E+42,9.641000E-2,9.910000E+37,1.000000E-1,0.000000E+0,3.000000E+0,1.000000E+1,1.000000E+0,1.000000E+1,1.000000E+0,5.170000E+2
1.128855E+1,5.200000E+3,5.200300E+0,1.635910E+0,3.178842E+3,3.100446E+3,9.647000E-2,2.991000E-1,9.910000E+37,1.635910E+0,6.057790E+40,1.027262E+42,9.647000E-2,9.910000E+37,1.000000E-1,0.000000E+0,3.000000E+0,1.000000E+1,1.000000E+0,1.000000E+1,1.000000E+0,5.180000E+2
1.131021E+1,4.900000E+3,4.900600E+0,1.550100E+0,3.161473E+3,3.090403E+3,9.701000E-2,2.998000E-1,9.910000E+37,1.550100E+0,6.393136E+40,1.021544E+42,9.701000E-2,9.910000E+37,1.000000E-1,0.000000E+0,3.000000E+0,1.000000E+1,1.000000E+0,1.000000E+1,1.000000E+0,5.190000E+2
1.133191E+1,4.600000E+3,4.599200E+0,1.472250E+0,3.123926E+3,3.103734E+3,9.640000E-2,2.992000E-1,9.910000E+37,1.472250E+0,6.731194E+40,1.028008E+42,9.640000E-2,9.910000E+37,1.000000E-1,0.000000E+0,3.000000E+0,1.000000E+1,1.000000E+0,1.000000E+1,1.000000E+0,5.200000E+2
1.135342E+1,4.300000E+3,4.300000E+0,1.384470E+0,3.105882E+3,3.098853E+3,9.681000E-2,3.000000E-1,9.910000E+37,1.384470E+0,7.157974E+40,1.023655E+42,9.681000E-2,9.910000E+37,1.000000E-1,0.000000E+0,3.000000E+0,1.000000E+1,1.000000E+0,1.000000E+1,1.000000E+0,5.210000E+2
1.137517E+1,4.000000E+3,4.000500E+0,1.294850E+0,3.089547E+3,3.093792E+3,9.713000E-2,3.005000E-1,9.910000E+37,1.294850E+0,7.653396E+40,1.020282E+42,9.713000E-2,9.910000E+37,1.000000E-1,0.000000E+0,3.000000E+0,1.000000E+1,1.000000E+0,1.000000E+1,1.000000E+0,5.220000E+2
1.139667E+1,3.700000E+3,3.700200E+0,1.202580E+0,3.076885E+3,3.108905E+3,9.669000E-2,3.006000E-1,9.910000E+37,1.202580E+0,8.240616E+40,1.024925E+42,9.669000E-2,9.910000E+37,1.000000E-1,0.000000E+0,3.000000E+0,1.000000E+1,1.000000E+0,1.000000E+1,1.000000E+0,5.230000E+2
1.141839E+1,3.400000E+3,3.400100E+0,1.109860E+0,3.063540E+3,3.109895E+3,9.682000E-2,3.011000E-1,9.910000E+37,1.109860E+0,8.929054E+40,1.023549E+42,9.682000E-2,9.910000E+37,1.000000E-1,0.000000E+0,3.000000E+0,1.000000E+1,1.000000E+0,1.000000E+1,1.000000E+0,5.240000E+2
1.143984E+1,3.100000E+3,3.100300E+0,1.016820E+0,3.049016E+3,3.086572E+3,9.726000E-2,3.002000E-1,9.910000E+37,1.016820E+0,9.746071E+40,1.018918E+42,9.726000E-2,9.910000E+37,1.000000E-1,0.000000E+0,3.000000E+0,1.000000E+1,1.000000E+0,1.000000E+1,1.000000E+0,5.250000E+2
1.146137E+1,2.800000E+3,2.799400E+0,9.214000E-1,3.038203E+3,3.103164E+3,9.703000E-2,3.011000E-1,9.910000E+37,9.214000E-1,1.075537E+41,1.021334E+42,9.703000E-2,9.910000E+37,1.000000E-1,0.000000E+0,3.000000E+0,1.000000E+1,1.000000E+0,1.000000E+1,1.000000E+0,5.260000E+2
1.148294E+1,2.500000E+3,2.500600E+0,8.252800E-1,3.030002E+3,3.095854E+3,9.671000E-2,2.994000E-1,9.910000E+37,8.252800E-1,1.200805E+41,1.024713E+42,9.671000E-2,9.910000E+37,1.000000E-1,0.000000E+0,3.000000E+0,1.000000E+1,1.000000E+0,1.000000E+1,1.000000E+0,5.270000E+2
1.150464E+1,2.200000E+3,2.200500E+0,7.278300E-1,3.023371E+3,3.109427E+3,9.632000E-2,2.995000E-1,9.910000E+37,7.278300E-1,1.361582E+41,1.028862E+42,9.632000E-2,9.910000E+37,1.000000E-1,0.000000E+0,3.000000E+0,1.000000E+1,1.000000E+0,1.000000E+1,1.000000E+0,5.280000E+2
1.152623E+1,1.900000E+3,1.899200E+0,6.289800E-1,3.019492E+3,3.097546E+3,9.698000E-2,3.004000E-1,9.910000E+37,6.289800E-1,1.575567E+41,1.021860E+42,9.698000E-2,9.910000E+37,1.000000E-1,0.000000E+0,3.000000E+0,1.000000E+1,1.000000E+0,1.000000E+1,1.000000E+0,5.290000E+2
1.154796E+1,1.600000E+3,1.601500E+0,5.308100E-1,3.017087E+3,3.101279E+3,9.696000E-2,3.007000E-1,9.910000E+37,5.308100E-1,1.866958E+41,1.022071E+42,9.696000E-2,9.910000E+37,1.000000E-1,0.000000E+0,3.000000E+0,1.000000E+1,1.000000E+0,1.000000E+1,1.000000E+0,5.300000E+2
1.156960E+1,1.300000E+3,1.298800E+0,4.319000E-1,3.007178E+3,3.095557E+3,9.701000E-2,3.003000E-1,9.910000E+37,4.319000E-1,2.294513E+41,1.021544E+42,9.701000E-2,9.910000E+37,1.000000E-1,0.000000E+0,3.000000E+0,1.000000E+1,1.000000E+0,1.000000E+1,1.000000E+0,5.310000E+2
1.159120E+1,1.000000E+3,9.989000E-1,3.321800E-1,3.007105E+3,3.091190E+3,9.705000E-2,3.000000E-1,9.910000E+37,3.321800E-1,2.983322E+41,1.021123E+42,9.705000E-2,9.910000E+37,1.000000E-1,0.000000E+0,3.000000E+0,1.000000E+1,1.000000E+0,1.000000E+1,1.000000E+0,5.320000E+2
1.161288E+1,7.000000E+2,7.011000E-1,2.317700E-1,3.024982E+3,3.108637E+3,9.702000E-2,3.016000E-1,9.910000E+37,2.317700E-1,4.275791E+41,1.021439E+42,9.702000E-2,9.910000E+37,1.000000E-1,0.000000E+0,3.000000E+0,1.000000E+1,1.000000E+0,1.000000E+1,1.000000E+0,5.330000E+2
1.163460E+1,4.000000E+2,4.008000E-1,1.305500E-1,3.070088E+3,3.089691E+3,9.700000E-2,2.997000E-1,9.910000E+37,1.305500E-1,7.590961E+41,1.021649E+42,9.700000E-2,9.910000E+37,1.000000E-1,0.000000E+0,3.000000E+0,1.000000E+1,1.000000E+0,1.000000E+1,1.000000E+0,5.340000E+2
1.165615E+1,1.000000E+2,9.960000E-2,2.959000E-2,3.366002E+3,3.097837E+3,9.710000E-2,3.008000E-1,9.910000E+37,2.959000E-2,3.349104E+42,1.020597E+42,9.710000E-2,9.910000E+37,1.000000E-1,0.000000E+0,3.000000E+0,1.000000E+1,1.000000E+0,1.000000E+1,1.000000E+0,5.350000E+2
1.167768E+1,-2.000000E+2,-2.005000E-1,-7.163000E-2,2.799107E+3,3.103342E+3,9.696000E-2,3.009000E-1,9.910000E+37,-7.163000E-2,-1.383499E+42,1.022071E+42,9.696000E-2,9.910000E+37,1.000000E-1,0.000000E+0,3.000000E+0,1.000000E+1,1.000000E+0,1.000000E+1,1.000000E+0,5.360000E+2
