Tiempo (min)	I pulso(mA)	Vinst 1 (V)	Iinst 1 (mA)	Rinst 1(Ohm)	Rrem 1 (Ohm)	Ibias 1 (mA)	Vbias 1 (V)	Vinst 2 (V)	Iinst 2 (mA)	Rinst 2(Ohm)	Rrem 2 (Ohm)	Ibias 2 (mA)	Vbias 2 (V)	Ancho pulso (s)	Periodo (s)	Icc 1 (mA)	Vcc 1 (V)	Icc 2 (mA)	Vcc 2 (V)	2W 1?	N2.992238E+0	1.000000E+2	1.018000E-1	5.380000E-4	1.892193E+5	3.447099E+5	2.930000E-4	1.010000E-1	4.622900E-2	5.380000E-4	8.592751E+4	1.576860E+5	2.930000E-4	4.620200E-2	1.000000E-2	3.000000E+0	2.000000E-1	1.000000E+0	2.000000E-1	1.000000E+0	1.000000E+0	1.000000E+0
3.085376E+0	1.000000E+2	1.003000E-1	-1.560000E-4	-6.429487E+5	3.964143E+5	2.510000E-4	9.950000E-2	4.608000E-2	-1.560000E-4	-2.953846E+5	1.817251E+5	2.510000E-4	4.561300E-2	1.000000E-2	3.000000E+0	2.000000E-1	1.000000E+0	2.000000E-1	1.000000E+0	1.000000E+0	2.000000E+0
3.178498E+0	1.000000E+2	1.000000E-1	4.220000E-4	2.369668E+5	2.259681E+5	4.390000E-4	9.920000E-2	4.692500E-2	4.220000E-4	1.111967E+5	1.106424E+5	4.390000E-4	4.857200E-2	1.000000E-2	3.000000E+0	2.000000E-1	1.000000E+0	2.000000E-1	1.000000E+0	1.000000E+0	3.000000E+0
3.271654E+0	1.000000E+2	1.010000E-1	-3.300000E-4	-3.060606E+5	-1.661667E+6	-6.000000E-5	9.970000E-2	4.567700E-2	-3.300000E-4	-1.384152E+5	-7.472833E+5	-6.000000E-5	4.483700E-2	1.000000E-2	3.000000E+0	2.000000E-1	1.000000E+0	2.000000E-1	1.000000E+0	1.000000E+0	4.000000E+0
3.364859E+0	1.000000E+2	1.017000E-1	4.320000E-4	2.354167E+5	4.806763E+5	2.070000E-4	9.950000E-2	4.824000E-2	4.320000E-4	1.116667E+5	2.241014E+5	2.070000E-4	4.638900E-2	1.000000E-2	3.000000E+0	2.000000E-1	1.000000E+0	2.000000E-1	1.000000E+0	1.000000E+0	5.000000E+0
3.458031E+0	1.000000E+2	1.002000E-1	3.920000E-4	2.556122E+5	3.590580E+5	2.760000E-4	9.910000E-2	4.588900E-2	3.920000E-4	1.170638E+5	1.627500E+5	2.760000E-4	4.491900E-2	1.000000E-2	3.000000E+0	2.000000E-1	1.000000E+0	2.000000E-1	1.000000E+0	1.000000E+0	6.000000E+0
3.551220E+0	1.100000E+2	1.096000E-1	4.000000E-5	2.740000E+6	-3.643636E+5	-2.750000E-4	1.002000E-1	4.670100E-2	4.000000E-5	1.167525E+6	-1.679673E+5	-2.750000E-4	4.619100E-2	1.000000E-2	2.000000E+0	2.000000E-1	1.000000E+0	2.000000E-1	1.000000E+0	1.000000E+0	7.000000E+0
3.594439E+0	1.200000E+2	1.197000E-1	5.940000E-4	2.015152E+5	1.832721E+5	5.440000E-4	9.970000E-2	4.664000E-2	5.940000E-4	7.851852E+4	8.750000E+4	5.440000E-4	4.760000E-2	1.000000E-2	1.000000E+0	2.000000E-1	1.000000E+0	2.000000E-1	1.000000E+0	1.000000E+0	8.000000E+0
3.621290E+0	1.300000E+2	1.293000E-1	2.900000E-5	4.458621E+6	2.436585E+6	4.100000E-5	9.990000E-2	4.588100E-2	2.900000E-5	1.582103E+6	1.103902E+6	4.100000E-5	4.526000E-2	1.000000E-2	1.000000E+0	2.000000E-1	1.000000E+0	2.000000E-1	1.000000E+0	1.000000E+0	9.000000E+0
3.645175E+0	1.400000E+2	1.400000E-1	6.800000E-5	2.058824E+6	-9.784314E+5	-1.020000E-4	9.980000E-2	4.649100E-2	6.800000E-5	6.836912E+5	-4.674804E+5	-1.020000E-4	4.768300E-2	1.000000E-2	0.000000E+0	2.000000E-1	1.000000E+0	2.000000E-1	1.000000E+0	1.000000E+0	1.000000E+1
3.666493E+0	1.500000E+2	1.497000E-1	4.990000E-4	3.000000E+5	3.570922E+5	2.820000E-4	1.007000E-1	4.683300E-2	4.990000E-4	9.385371E+4	1.660071E+5	2.820000E-4	4.681400E-2	1.000000E-2	0.000000E+0	2.000000E-1	1.000000E+0	2.000000E-1	1.000000E+0	1.000000E+0	1.100000E+1
3.687578E+0	1.600000E+2	1.590000E-1	2.140000E-4	7.429907E+5	-3.654412E+5	-2.720000E-4	9.940000E-2	4.634300E-2	2.140000E-4	2.165561E+5	-1.677059E+5	-2.720000E-4	4.561600E-2	1.000000E-2	0.000000E+0	2.000000E-1	1.000000E+0	2.000000E-1	1.000000E+0	1.000000E+0	1.200000E+1
3.708745E+0	1.700000E+2	1.706000E-1	4.850000E-4	3.517526E+5	1.517398E+5	6.610000E-4	1.003000E-1	4.613000E-2	4.850000E-4	9.511340E+4	6.787292E+4	6.610000E-4	4.486400E-2	1.000000E-2	0.000000E+0	2.000000E-1	1.000000E+0	2.000000E-1	1.000000E+0	1.000000E+0	1.300000E+1
3.729913E+0	1.800000E+2	1.805000E-1	3.930000E-4	4.592875E+5	4.527273E+6	2.200000E-5	9.960000E-2	4.681900E-2	3.930000E-4	1.191323E+5	2.149864E+6	2.200000E-5	4.729700E-2	1.000000E-2	0.000000E+0	2.000000E-1	1.000000E+0	2.000000E-1	1.000000E+0	1.000000E+0	1.400000E+1
3.751281E+0	1.900000E+2	1.903000E-1	3.890000E-4	4.892031E+5	-2.485000E+6	-4.000000E-5	9.940000E-2	4.617800E-2	3.890000E-4	1.187095E+5	-1.169775E+6	-4.000000E-5	4.679100E-2	1.000000E-2	0.000000E+0	2.000000E-1	1.000000E+0	2.000000E-1	1.000000E+0	1.000000E+0	1.500000E+1
3.772516E+0	2.000000E+2	1.991000E-1	7.510000E-4	2.651132E+5	-1.134091E+6	-8.800000E-5	9.980000E-2	4.543400E-2	7.510000E-4	6.049800E+4	-5.061818E+5	-8.800000E-5	4.454400E-2	1.000000E-2	0.000000E+0	2.000000E-1	1.000000E+0	2.000000E-1	1.000000E+0	1.000000E+0	1.600000E+1
3.793900E+0	2.100000E+2	2.100000E-1	4.060000E-4	5.172414E+5	4.250000E+5	2.360000E-4	1.003000E-1	4.564600E-2	4.060000E-4	1.124286E+5	1.932627E+5	2.360000E-4	4.561000E-2	1.000000E-2	0.000000E+0	2.000000E-1	1.000000E+0	2.000000E-1	1.000000E+0	1.000000E+0	1.700000E+1
3.815068E+0	2.200000E+2	2.199000E-1	5.030000E-4	4.371769E+5	3.738806E+5	2.680000E-4	1.002000E-1	4.624500E-2	5.030000E-4	9.193837E+4	1.736754E+5	2.680000E-4	4.654500E-2	1.000000E-2	0.000000E+0	2.000000E-1	1.000000E+0	2.000000E-1	1.000000E+0	1.000000E+0	1.800000E+1
3.836253E+0	2.300000E+2	2.296000E-1	5.480000E-4	4.189781E+5	3.839080E+5	2.610000E-4	1.002000E-1	4.557100E-2	5.480000E-4	8.315876E+4	1.756973E+5	2.610000E-4	4.585700E-2	1.000000E-2	1.000000E+0	2.000000E-1	1.000000E+0	2.000000E-1	1.000000E+0	1.000000E+0	1.900000E+1
3.879539E+0	2.400000E+2	2.394000E-1	6.080000E-4	3.937500E+5	7.789062E+5	1.280000E-4	9.970000E-2	4.472200E-2	6.080000E-4	7.355592E+4	3.486562E+5	1.280000E-4	4.462800E-2	1.000000E-2	2.000000E+0	2.000000E-1	1.000000E+0	2.000000E-1	1.000000E+0	1.000000E+0	2.000000E+1
3.939342E+0	2.500000E+2	2.498000E-1	7.190000E-4	3.474270E+5	1.404225E+6	7.100000E-5	9.970000E-2	4.630200E-2	7.190000E-4	6.439777E+4	6.427042E+5	7.100000E-5	4.563200E-2	1.000000E-2	2.000000E+0	2.000000E-1	1.000000E+0	2.000000E-1	1.000000E+0	1.000000E+0	2.100000E+1
3.999329E+0	2.600000E+2	2.608000E-1	8.400000E-4	3.104762E+5	3.460208E+5	2.890000E-4	1.000000E-1	4.544400E-2	8.400000E-4	5.410000E+4	1.572664E+5	2.890000E-4	4.545000E-2	1.000000E-2	2.000000E+0	2.000000E-1	1.000000E+0	2.000000E-1	1.000000E+0	1.000000E+0	2.200000E+1
4.059299E+0	2.700000E+2	2.691000E-1	4.300000E-4	6.258140E+5	-1.387500E+6	-7.200000E-5	9.990000E-2	4.558900E-2	4.300000E-4	1.060209E+5	-6.315139E+5	-7.200000E-5	4.546900E-2	1.000000E-2	2.000000E+0	2.000000E-1	1.000000E+0	2.000000E-1	1.000000E+0	1.000000E+0	2.300000E+1
4.119152E+0	2.800000E+2	2.794000E-1	7.780000E-4	3.591260E+5	3.312292E+5	3.010000E-4	9.970000E-2	4.493800E-2	7.780000E-4	5.776093E+4	1.504086E+5	3.010000E-4	4.527300E-2	1.000000E-2	2.000000E+0	2.000000E-1	1.000000E+0	2.000000E-1	1.000000E+0	1.000000E+0	2.400000E+1
4.178872E+0	2.900000E+2	2.906000E-1	9.060000E-4	3.207506E+5	4.129630E+5	4.860000E-4	2.007000E-1	4.726600E-2	9.060000E-4	5.216998E+4	9.320370E+4	4.860000E-4	4.529700E-2	1.000000E-2	2.000000E+0	2.000000E-1	1.000000E+0	2.000000E-1	1.000000E+0	1.000000E+0	2.500000E+1
4.238759E+0	3.000000E+2	3.002000E-1	9.430000E-4	3.183457E+5	2.691689E+5	7.460000E-4	2.008000E-1	4.548500E-2	9.430000E-4	4.823436E+4	6.127480E+4	7.460000E-4	4.571100E-2	1.000000E-2	2.000000E+0	2.000000E-1	1.000000E+0	2.000000E-1	1.000000E+0	1.000000E+0	2.600000E+1
4.298579E+0	3.100000E+2	3.103000E-1	6.370000E-4	4.871272E+5	4.923645E+5	4.060000E-4	1.999000E-1	4.601400E-2	6.370000E-4	7.223548E+4	1.095813E+5	4.060000E-4	4.449000E-2	1.000000E-2	2.000000E+0	2.000000E-1	1.000000E+0	2.000000E-1	1.000000E+0	1.000000E+0	2.700000E+1
4.358483E+0	3.200000E+2	3.198000E-1	8.890000E-4	3.597300E+5	1.102762E+6	1.810000E-4	1.996000E-1	4.483600E-2	8.890000E-4	5.043420E+4	2.560221E+5	1.810000E-4	4.634000E-2	1.000000E-2	2.000000E+0	2.000000E-1	1.000000E+0	2.000000E-1	1.000000E+0	1.000000E+0	2.800000E+1
4.418419E+0	3.300000E+2	3.302000E-1	1.101000E-3	2.999092E+5	3.332226E+5	6.020000E-4	2.006000E-1	4.534400E-2	1.101000E-3	4.118438E+4	7.193023E+4	6.020000E-4	4.330200E-2	1.000000E-2	2.000000E+0	2.000000E-1	1.000000E+0	2.000000E-1	1.000000E+0	1.000000E+0	2.900000E+1
4.478289E+0	3.400000E+2	3.404000E-1	1.119000E-3	3.042002E+5	5.183463E+5	3.870000E-4	2.006000E-1	4.740400E-2	1.119000E-3	4.236282E+4	1.174987E+5	3.870000E-4	4.547200E-2	1.000000E-2	2.000000E+0	2.000000E-1	1.000000E+0	2.000000E-1	1.000000E+0	1.000000E+0	3.000000E+1
4.538193E+0	3.500000E+2	3.509000E-1	1.058000E-3	3.316635E+5	-1.554264E+6	-1.290000E-4	2.005000E-1	4.677200E-2	1.058000E-3	4.420794E+4	-3.444496E+5	-1.290000E-4	4.443400E-2	1.000000E-2	2.000000E+0	2.000000E-1	1.000000E+0	2.000000E-1	1.000000E+0	1.000000E+0	3.100000E+1
4.598063E+0	3.600000E+2	3.598000E-1	1.107000E-3	3.250226E+5	2.983582E+5	6.700000E-4	1.999000E-1	4.607400E-2	1.107000E-3	4.162060E+4	7.053284E+4	6.700000E-4	4.725700E-2	1.000000E-2	2.000000E+0	2.000000E-1	1.000000E+0	2.000000E-1	1.000000E+0	1.000000E+0	3.200000E+1
4.657666E+0	3.700000E+2	3.699000E-1	1.102000E-3	3.356624E+5	5.281579E+5	3.800000E-4	2.007000E-1	4.829500E-2	1.102000E-3	4.382486E+4	1.230842E+5	3.800000E-4	4.677200E-2	1.000000E-2	2.000000E+0	2.000000E-1	1.000000E+0	2.000000E-1	1.000000E+0	1.000000E+0	3.300000E+1
4.717536E+0	3.800000E+2	3.796000E-1	9.610000E-4	3.950052E+5	1.963725E+6	1.020000E-4	2.003000E-1	4.641600E-2	9.610000E-4	4.829969E+4	4.474118E+5	1.020000E-4	4.563600E-2	1.000000E-2	2.000000E+0	2.000000E-1	1.000000E+0	2.000000E-1	1.000000E+0	1.000000E+0	3.400000E+1
4.777307E+0	3.900000E+2	3.899000E-1	1.071000E-3	3.640523E+5	3.989980E+5	4.990000E-4	1.991000E-1	4.695700E-2	1.071000E-3	4.384407E+4	9.320842E+4	4.990000E-4	4.651100E-2	1.000000E-2	2.000000E+0	2.000000E-1	1.000000E+0	2.000000E-1	1.000000E+0	1.000000E+0	3.500000E+1
4.837210E+0	4.000000E+2	4.004000E-1	1.235000E-3	3.242105E+5	4.119097E+5	4.870000E-4	2.006000E-1	4.769700E-2	1.235000E-3	3.862105E+4	9.477413E+4	4.870000E-4	4.615500E-2	1.000000E-2	2.000000E+0	2.000000E-1	1.000000E+0	2.000000E-1	1.000000E+0	1.000000E+0	3.600000E+1
4.897113E+0	4.100000E+2	4.095000E-1	1.196000E-3	3.423913E+5	3.492982E+5	5.700000E-4	1.991000E-1	4.757800E-2	1.196000E-3	3.978094E+4	7.947193E+4	5.700000E-4	4.529900E-2	1.000000E-2	2.000000E+0	2.000000E-1	1.000000E+0	2.000000E-1	1.000000E+0	1.000000E+0	3.700000E+1
4.956700E+0	4.200000E+2	4.200000E-1	1.146000E-3	3.664921E+5	2.550761E+5	7.880000E-4	2.010000E-1	4.645500E-2	1.146000E-3	4.053665E+4	5.796701E+4	7.880000E-4	4.567800E-2	1.000000E-2	2.000000E+0	2.000000E-1	1.000000E+0	2.000000E-1	1.000000E+0	1.000000E+0	3.800000E+1
5.016770E+0	4.300000E+2	4.301000E-1	1.427000E-3	3.014015E+5	5.332447E+5	3.760000E-4	2.005000E-1	4.769000E-2	1.427000E-3	3.341976E+4	1.212021E+5	3.760000E-4	4.557200E-2	1.000000E-2	2.000000E+0	2.000000E-1	1.000000E+0	2.000000E-1	1.000000E+0	1.000000E+0	3.900000E+1
5.076740E+0	4.400000E+2	4.417000E-1	1.203000E-3	3.671654E+5	4.034413E+5	4.940000E-4	1.993000E-1	4.586800E-2	1.203000E-3	3.812801E+4	9.082389E+4	4.940000E-4	4.486700E-2	1.000000E-2	2.000000E+0	2.000000E-1	1.000000E+0	2.000000E-1	1.000000E+0	1.000000E+0	4.000000E+1
5.136660E+0	4.500000E+2	4.497000E-1	1.233000E-3	3.647202E+5	4.938575E+5	4.070000E-4	2.010000E-1	4.457300E-2	1.233000E-3	3.615004E+4	1.121990E+5	4.070000E-4	4.566500E-2	1.000000E-2	2.000000E+0	2.000000E-1	1.000000E+0	2.000000E-1	1.000000E+0	1.000000E+0	4.100000E+1
5.196547E+0	4.600000E+2	4.595000E-1	1.654000E-3	2.778114E+5	2.805322E+5	7.140000E-4	2.003000E-1	4.632700E-2	1.654000E-3	2.800907E+4	6.445798E+4	7.140000E-4	4.602300E-2	1.000000E-2	2.000000E+0	2.000000E-1	1.000000E+0	2.000000E-1	1.000000E+0	1.000000E+0	4.200000E+1
5.239850E+0	4.700000E+2	4.704000E-1	1.430000E-3	3.289510E+5	2.922401E+5	6.830000E-4	1.996000E-1	4.879300E-2	1.430000E-3	3.412098E+4	6.908053E+4	6.830000E-4	4.718200E-2	1.000000E-2	1.000000E+0	2.000000E-1	1.000000E+0	2.000000E-1	1.000000E+0	1.000000E+0	4.300000E+1
5.261251E+0	4.800000E+2	4.805000E-1	1.395000E-3	3.444444E+5	5.782609E+5	3.450000E-4	1.995000E-1	4.645000E-2	1.395000E-3	3.329749E+4	1.346145E+5	3.450000E-4	4.644200E-2	1.000000E-2	0.000000E+0	2.000000E-1	1.000000E+0	2.000000E-1	1.000000E+0	1.000000E+0	4.400000E+1
5.282419E+0	4.900000E+2	4.901000E-1	1.253000E-3	3.911413E+5	3.555357E+5	5.600000E-4	1.991000E-1	4.576900E-2	1.253000E-3	3.652753E+4	8.338750E+4	5.600000E-4	4.669700E-2	1.000000E-2	0.000000E+0	2.000000E-1	1.000000E+0	2.000000E-1	1.000000E+0	1.000000E+0	4.500000E+1
5.303970E+0	5.000000E+2	4.994000E-1	1.748000E-3	2.856979E+5	3.858801E+5	5.170000E-4	1.995000E-1	4.736500E-2	1.748000E-3	2.709668E+4	8.895938E+4	5.170000E-4	4.599200E-2	1.000000E-2	0.000000E+0	2.000000E-1	1.000000E+0	2.000000E-1	1.000000E+0	1.000000E+0	4.600000E+1
5.325405E+0	5.000000E+2	5.008000E-1	1.350000E-3	3.709630E+5	4.120902E+5	4.880000E-4	2.011000E-1	4.779200E-2	1.350000E-3	3.540148E+4	9.330943E+4	4.880000E-4	4.553500E-2	1.000000E-2	0.000000E+0	2.000000E-1	1.000000E+0	2.000000E-1	1.000000E+0	1.000000E+0	4.700000E+1
5.346672E+0	4.900000E+2	4.898000E-1	1.758000E-3	2.786121E+5	7.901186E+5	2.530000E-4	1.999000E-1	4.699200E-2	1.758000E-3	2.673038E+4	1.808182E+5	2.530000E-4	4.574700E-2	1.000000E-2	0.000000E+0	2.000000E-1	1.000000E+0	2.000000E-1	1.000000E+0	1.000000E+0	4.800000E+1
5.368024E+0	4.800000E+2	4.811000E-1	1.580000E-3	3.044937E+5	4.888078E+5	4.110000E-4	2.009000E-1	4.633200E-2	1.580000E-3	2.932405E+4	1.085596E+5	4.110000E-4	4.461800E-2	1.000000E-2	0.000000E+0	2.000000E-1	1.000000E+0	2.000000E-1	1.000000E+0	1.000000E+0	4.900000E+1
5.389242E+0	4.700000E+2	4.698000E-1	1.333000E-3	3.524381E+5	3.224719E+5	6.230000E-4	2.009000E-1	4.591200E-2	1.333000E-3	3.444261E+4	7.508507E+4	6.230000E-4	4.677800E-2	1.000000E-2	0.000000E+0	2.000000E-1	1.000000E+0	2.000000E-1	1.000000E+0	1.000000E+0	5.000000E+1
5.410609E+0	4.600000E+2	4.599000E-1	1.208000E-3	3.807119E+5	4.887805E+5	4.100000E-4	2.004000E-1	4.607900E-2	1.208000E-3	3.814487E+4	1.097171E+5	4.100000E-4	4.498400E-2	1.000000E-2	0.000000E+0	2.000000E-1	1.000000E+0	2.000000E-1	1.000000E+0	1.000000E+0	5.100000E+1
5.431594E+0	4.500000E+2	4.498000E-1	1.347000E-3	3.339272E+5	3.782197E+5	5.280000E-4	1.997000E-1	4.713000E-2	1.347000E-3	3.498886E+4	8.891856E+4	5.280000E-4	4.694900E-2	1.000000E-2	0.000000E+0	2.000000E-1	1.000000E+0	2.000000E-1	1.000000E+0	1.000000E+0	5.200000E+1
5.452979E+0	4.400000E+2	4.403000E-1	1.354000E-3	3.251846E+5	4.245726E+5	4.680000E-4	1.987000E-1	4.528000E-2	1.354000E-3	3.344165E+4	9.692949E+4	4.680000E-4	4.536300E-2	1.000000E-2	0.000000E+0	2.000000E-1	1.000000E+0	2.000000E-1	1.000000E+0	1.000000E+0	5.300000E+1
5.474196E+0	4.300000E+2	4.287000E-1	9.170000E-4	4.675027E+5	4.605505E+5	4.360000E-4	2.008000E-1	4.673400E-2	9.170000E-4	5.096401E+4	1.098119E+5	4.360000E-4	4.787800E-2	1.000000E-2	0.000000E+0	2.000000E-1	1.000000E+0	2.000000E-1	1.000000E+0	1.000000E+0	5.400000E+1
5.495431E+0	4.200000E+2	4.198000E-1	9.900000E-4	4.240404E+5	1.140000E+6	1.750000E-4	1.995000E-1	4.672200E-2	9.900000E-4	4.719394E+4	2.733429E+5	1.750000E-4	4.783500E-2	1.000000E-2	0.000000E+0	2.000000E-1	1.000000E+0	2.000000E-1	1.000000E+0	1.000000E+0	5.500000E+1
5.516599E+0	4.100000E+2	4.097000E-1	1.179000E-3	3.474979E+5	3.328358E+5	6.030000E-4	2.007000E-1	4.745500E-2	1.179000E-3	4.025021E+4	7.853731E+4	6.030000E-4	4.735800E-2	1.000000E-2	0.000000E+0	2.000000E-1	1.000000E+0	2.000000E-1	1.000000E+0	1.000000E+0	5.600000E+1
5.537867E+0	4.000000E+2	4.003000E-1	1.067000E-3	3.751640E+5	5.363144E+5	3.690000E-4	1.979000E-1	4.784300E-2	1.067000E-3	4.483880E+4	1.267615E+5	3.690000E-4	4.677500E-2	1.000000E-2	0.000000E+0	2.000000E-1	1.000000E+0	2.000000E-1	1.000000E+0	1.000000E+0	5.700000E+1
5.559101E+0	3.900000E+2	3.900000E-1	1.210000E-3	3.223140E+5	4.063136E+5	4.910000E-4	1.995000E-1	4.696600E-2	1.210000E-3	3.881488E+4	9.765377E+4	4.910000E-4	4.794800E-2	1.000000E-2	0.000000E+0	2.000000E-1	1.000000E+0	2.000000E-1	1.000000E+0	1.000000E+0	5.800000E+1
5.580336E+0	3.800000E+2	3.796000E-1	1.002000E-3	3.788423E+5	3.086553E+5	6.470000E-4	1.997000E-1	4.537300E-2	1.002000E-3	4.528244E+4	7.100155E+4	6.470000E-4	4.593800E-2	1.000000E-2	0.000000E+0	2.000000E-1	1.000000E+0	2.000000E-1	1.000000E+0	1.000000E+0	5.900000E+1
5.601570E+0	3.700000E+2	3.716000E-1	1.072000E-3	3.466418E+5	2.868195E+5	6.980000E-4	2.002000E-1	4.645300E-2	1.072000E-3	4.333302E+4	6.601433E+4	6.980000E-4	4.607800E-2	1.000000E-2	0.000000E+0	2.000000E-1	1.000000E+0	2.000000E-1	1.000000E+0	1.000000E+0	6.000000E+1
5.622872E+0	3.600000E+2	3.606000E-1	9.420000E-4	3.828025E+5	5.899705E+5	3.390000E-4	2.000000E-1	4.639200E-2	9.420000E-4	4.924841E+4	1.324012E+5	3.390000E-4	4.488400E-2	1.000000E-2	0.000000E+0	2.000000E-1	1.000000E+0	2.000000E-1	1.000000E+0	1.000000E+0	6.100000E+1
5.644073E+0	3.500000E+2	3.498000E-1	8.300000E-4	4.214458E+5	3.421502E+5	5.860000E-4	2.005000E-1	4.609300E-2	8.300000E-4	5.553373E+4	7.691126E+4	5.860000E-4	4.507000E-2	1.000000E-2	0.000000E+0	2.000000E-1	1.000000E+0	2.000000E-1	1.000000E+0	1.000000E+0	6.200000E+1
5.665391E+0	3.400000E+2	3.399000E-1	9.440000E-4	3.600636E+5	2.676471E+5	7.480000E-4	2.002000E-1	4.610800E-2	9.440000E-4	4.884322E+4	6.145187E+4	7.480000E-4	4.596600E-2	1.000000E-2	0.000000E+0	2.000000E-1	1.000000E+0	2.000000E-1	1.000000E+0	1.000000E+0	6.300000E+1
5.686609E+0	3.300000E+2	3.297000E-1	9.140000E-4	3.607221E+5	3.564831E+5	5.630000E-4	2.007000E-1	4.557200E-2	9.140000E-4	4.985996E+4	8.277265E+4	5.630000E-4	4.660100E-2	1.000000E-2	0.000000E+0	2.000000E-1	1.000000E+0	2.000000E-1	1.000000E+0	1.000000E+0	6.400000E+1
5.707860E+0	3.200000E+2	3.202000E-1	1.137000E-3	2.816183E+5	8.612069E+5	2.320000E-4	1.998000E-1	4.691300E-2	1.137000E-3	4.126033E+4	1.936724E+5	2.320000E-4	4.493200E-2	1.000000E-2	0.000000E+0	2.000000E-1	1.000000E+0	2.000000E-1	1.000000E+0	1.000000E+0	6.500000E+1
5.729094E+0	3.100000E+2	3.092000E-1	9.460000E-4	3.268499E+5	4.223404E+5	4.700000E-4	1.985000E-1	4.584800E-2	9.460000E-4	4.846512E+4	9.936383E+4	4.700000E-4	4.670100E-2	1.000000E-2	0.000000E+0	2.000000E-1	1.000000E+0	2.000000E-1	1.000000E+0	1.000000E+0	6.600000E+1
5.750579E+0	3.000000E+2	3.008000E-1	8.290000E-4	3.628468E+5	8.758772E+5	2.280000E-4	1.997000E-1	4.631600E-2	8.290000E-4	5.586972E+4	1.976842E+5	2.280000E-4	4.507200E-2	1.000000E-2	0.000000E+0	2.000000E-1	1.000000E+0	2.000000E-1	1.000000E+0	1.000000E+0	6.700000E+1
5.771413E+0	2.900000E+2	2.903000E-1	8.560000E-4	3.391355E+5	2.283429E+5	8.750000E-4	1.998000E-1	4.605400E-2	8.560000E-4	5.380140E+4	5.303314E+4	8.750000E-4	4.640400E-2	1.000000E-2	0.000000E+0	2.000000E-1	1.000000E+0	2.000000E-1	1.000000E+0	1.000000E+0	6.800000E+1
5.792715E+0	2.800000E+2	2.809000E-1	5.910000E-4	4.752961E+5	2.404332E+5	8.310000E-4	1.998000E-1	4.597900E-2	5.910000E-4	7.779865E+4	5.523586E+4	8.310000E-4	4.590100E-2	1.000000E-2	0.000000E+0	2.000000E-1	1.000000E+0	2.000000E-1	1.000000E+0	1.000000E+0	6.900000E+1
5.813866E+0	2.700000E+2	2.689000E-1	9.440000E-4	2.848517E+5	3.990000E+5	5.000000E-4	1.995000E-1	4.672300E-2	9.440000E-4	4.949470E+4	9.166400E+4	5.000000E-4	4.583200E-2	1.000000E-2	0.000000E+0	2.000000E-1	1.000000E+0	2.000000E-1	1.000000E+0	1.000000E+0	7.000000E+1
5.835050E+0	2.600000E+2	2.600000E-1	4.820000E-4	5.394191E+5	3.690741E+5	5.400000E-4	1.993000E-1	4.496500E-2	4.820000E-4	9.328838E+4	8.504444E+4	5.400000E-4	4.592400E-2	1.000000E-2	0.000000E+0	2.000000E-1	1.000000E+0	2.000000E-1	1.000000E+0	1.000000E+0	7.100000E+1
5.856235E+0	2.500000E+2	2.500000E-1	1.027000E-3	2.434275E+5	5.205729E+5	3.840000E-4	1.999000E-1	4.585400E-2	1.027000E-3	4.464849E+4	1.170182E+5	3.840000E-4	4.493500E-2	1.000000E-2	0.000000E+0	2.000000E-1	1.000000E+0	2.000000E-1	1.000000E+0	1.000000E+0	7.200000E+1
5.877586E+0	2.400000E+2	2.396000E-1	7.690000E-4	3.115735E+5	4.867647E+5	4.080000E-4	1.986000E-1	4.777900E-2	7.690000E-4	6.213134E+4	1.097525E+5	4.080000E-4	4.477900E-2	1.000000E-2	0.000000E+0	2.000000E-1	1.000000E+0	2.000000E-1	1.000000E+0	1.000000E+0	7.300000E+1
5.898504E+0	2.300000E+2	2.300000E-1	4.950000E-4	4.646465E+5	5.744253E+5	3.480000E-4	1.999000E-1	4.535900E-2	4.950000E-4	9.163434E+4	1.327931E+5	3.480000E-4	4.621200E-2	1.000000E-2	0.000000E+0	2.000000E-1	1.000000E+0	2.000000E-1	1.000000E+0	1.000000E+0	7.400000E+1
5.919772E+0	2.200000E+2	2.203000E-1	4.520000E-4	4.873894E+5	1.728608E+5	1.157000E-3	2.000000E-1	4.603000E-2	4.520000E-4	1.018363E+5	4.038548E+4	1.157000E-3	4.672600E-2	1.000000E-2	0.000000E+0	2.000000E-1	1.000000E+0	2.000000E-1	1.000000E+0	1.000000E+0	7.500000E+1
5.940973E+0	2.100000E+2	2.092000E-1	4.830000E-4	4.331263E+5	4.109504E+5	4.840000E-4	1.989000E-1	4.610700E-2	4.830000E-4	9.545963E+4	9.555992E+4	4.840000E-4	4.625100E-2	1.000000E-2	0.000000E+0	2.000000E-1	1.000000E+0	2.000000E-1	1.000000E+0	1.000000E+0	7.600000E+1
5.962258E+0	2.000000E+2	2.005000E-1	6.440000E-4	3.113354E+5	4.940447E+5	4.030000E-4	1.991000E-1	4.681000E-2	6.440000E-4	7.268634E+4	1.142630E+5	4.030000E-4	4.604800E-2	1.000000E-2	0.000000E+0	2.000000E-1	1.000000E+0	2.000000E-1	1.000000E+0	1.000000E+0	7.700000E+1
5.983576E+0	1.900000E+2	1.901000E-1	8.000000E-4	2.376250E+5	2.730612E+5	7.350000E-4	2.007000E-1	4.539200E-2	8.000000E-4	5.674000E+4	6.100272E+4	7.350000E-4	4.483700E-2	1.000000E-2	0.000000E+0	2.000000E-1	1.000000E+0	2.000000E-1	1.000000E+0	1.000000E+0	7.800000E+1
6.005043E+0	1.800000E+2	1.804000E-1	2.280000E-4	7.912281E+5	4.250535E+5	4.670000E-4	1.985000E-1	4.510700E-2	2.280000E-4	1.978377E+5	9.622912E+4	4.670000E-4	4.493900E-2	1.000000E-2	0.000000E+0	2.000000E-1	1.000000E+0	2.000000E-1	1.000000E+0	1.000000E+0	7.900000E+1
6.026461E+0	1.700000E+2	1.699000E-1	4.920000E-4	3.453252E+5	2.534091E+5	7.920000E-4	2.007000E-1	4.561600E-2	4.920000E-4	9.271545E+4	5.878030E+4	7.920000E-4	4.655400E-2	1.000000E-2	0.000000E+0	2.000000E-1	1.000000E+0	2.000000E-1	1.000000E+0	1.000000E+0	8.000000E+1
6.047679E+0	1.600000E+2	1.587000E-1	1.700000E-4	9.335294E+5	3.950690E+5	5.070000E-4	2.003000E-1	4.445800E-2	1.700000E-4	2.615176E+5	9.020118E+4	5.070000E-4	4.573200E-2	1.000000E-2	0.000000E+0	2.000000E-1	1.000000E+0	2.000000E-1	1.000000E+0	1.000000E+0	8.100000E+1
6.069847E+0	1.500000E+2	1.489000E-1	5.240000E-4	2.841603E+5	5.826590E+5	3.460000E-4	2.016000E-1	4.601900E-2	5.240000E-4	8.782252E+4	1.299538E+5	3.460000E-4	4.496400E-2	1.000000E-2	0.000000E+0	2.000000E-1	1.000000E+0	2.000000E-1	1.000000E+0	1.000000E+0	8.200000E+1
6.090848E+0	1.400000E+2	1.402000E-1	6.090000E-4	2.302135E+5	3.752345E+5	5.330000E-4	2.000000E-1	4.542800E-2	6.090000E-4	7.459442E+4	8.538462E+4	5.330000E-4	4.551000E-2	1.000000E-2	0.000000E+0	2.000000E-1	1.000000E+0	2.000000E-1	1.000000E+0	1.000000E+0	8.300000E+1
6.112866E+0	1.300000E+2	1.297000E-1	4.410000E-4	2.941043E+5	1.294805E+6	1.540000E-4	1.994000E-1	4.761400E-2	4.410000E-4	1.079683E+5	2.978506E+5	1.540000E-4	4.586900E-2	1.000000E-2	0.000000E+0	2.000000E-1	1.000000E+0	2.000000E-1	1.000000E+0	1.000000E+0	8.400000E+1
6.134468E+0	1.200000E+2	1.193000E-1	2.730000E-4	4.369963E+5	3.381757E+5	5.920000E-4	2.002000E-1	4.544800E-2	2.730000E-4	1.664762E+5	7.672635E+4	5.920000E-4	4.542200E-2	1.000000E-2	0.000000E+0	2.000000E-1	1.000000E+0	2.000000E-1	1.000000E+0	1.000000E+0	8.500000E+1
6.156119E+0	1.100000E+2	1.100000E-1	8.800000E-5	1.250000E+6	6.392283E+5	3.110000E-4	1.988000E-1	4.549300E-2	8.800000E-5	5.169659E+5	1.455981E+5	3.110000E-4	4.528100E-2	1.000000E-2	0.000000E+0	2.000000E-1	1.000000E+0	2.000000E-1	1.000000E+0	1.000000E+0	8.600000E+1
6.178137E+0	1.000000E+2	9.950000E-2	2.310000E-4	4.307359E+5	5.535912E+5	3.620000E-4	2.004000E-1	4.441700E-2	2.310000E-4	1.922814E+5	1.279171E+5	3.620000E-4	4.630600E-2	1.000000E-2	0.000000E+0	2.000000E-1	1.000000E+0	2.000000E-1	1.000000E+0	1.000000E+0	8.700000E+1
6.199555E+0	9.000000E+1	8.930000E-2	-1.520000E-4	-5.875000E+5	7.948207E+5	2.510000E-4	1.995000E-1	4.558500E-2	-1.520000E-4	-2.999013E+5	1.833865E+5	2.510000E-4	4.603000E-2	1.000000E-2	0.000000E+0	2.000000E-1	1.000000E+0	2.000000E-1	1.000000E+0	1.000000E+0	8.800000E+1
6.220806E+0	8.000000E+1	8.060000E-2	3.670000E-4	2.196185E+5	3.187302E+5	6.300000E-4	2.008000E-1	4.635700E-2	3.670000E-4	1.263134E+5	7.385556E+4	6.300000E-4	4.652900E-2	1.000000E-2	0.000000E+0	2.000000E-1	1.000000E+0	2.000000E-1	1.000000E+0	1.000000E+0	8.900000E+1
6.242207E+0	7.000000E+1	7.060000E-2	3.090000E-4	2.284790E+5	6.590759E+5	3.030000E-4	1.997000E-1	4.604400E-2	3.090000E-4	1.490097E+5	1.472442E+5	3.030000E-4	4.461500E-2	1.000000E-2	0.000000E+0	2.000000E-1	1.000000E+0	2.000000E-1	1.000000E+0	1.000000E+0	9.000000E+1
6.263575E+0	6.000000E+1	6.010000E-2	2.390000E-4	2.514644E+5	1.957843E+6	1.020000E-4	1.997000E-1	4.495100E-2	2.390000E-4	1.880795E+5	4.324902E+5	1.020000E-4	4.411400E-2	1.000000E-2	0.000000E+0	2.000000E-1	1.000000E+0	2.000000E-1	1.000000E+0	1.000000E+0	9.100000E+1
6.285826E+0	5.000000E+1	4.960000E-2	2.010000E-4	2.467662E+5	3.236629E+5	6.170000E-4	1.997000E-1	4.668300E-2	2.010000E-4	2.322537E+5	7.416694E+4	6.170000E-4	4.576100E-2	1.000000E-2	0.000000E+0	2.000000E-1	1.000000E+0	2.000000E-1	1.000000E+0	1.000000E+0	9.200000E+1
6.306694E+0	4.000000E+1	4.050000E-2	-4.060000E-4	-9.975369E+4	3.518519E+5	5.670000E-4	1.995000E-1	4.480700E-2	-4.060000E-4	-1.103621E+5	7.903527E+4	5.670000E-4	4.481300E-2	1.000000E-2	0.000000E+0	2.000000E-1	1.000000E+0	2.000000E-1	1.000000E+0	1.000000E+0	9.300000E+1
6.328712E+0	3.000000E+1	2.990000E-2	-1.380000E-4	-2.166667E+5	3.272131E+5	6.100000E-4	1.996000E-1	4.379300E-2	-1.380000E-4	-3.173406E+5	7.587705E+4	6.100000E-4	4.628500E-2	1.000000E-2	0.000000E+0	2.000000E-1	1.000000E+0	2.000000E-1	1.000000E+0	1.000000E+0	9.400000E+1
6.349830E+0	2.000000E+1	1.960000E-2	-1.020000E-4	-1.921569E+5	7.120996E+5	2.810000E-4	2.001000E-1	4.541800E-2	-1.020000E-4	-4.452745E+5	1.635231E+5	2.810000E-4	4.595000E-2	1.000000E-2	0.000000E+0	2.000000E-1	1.000000E+0	2.000000E-1	1.000000E+0	1.000000E+0	9.500000E+1
6.372081E+0	1.000000E+1	9.000000E-3	-3.290000E-4	-2.735562E+4	3.042553E+5	6.580000E-4	2.002000E-1	4.506200E-2	-3.290000E-4	-1.369666E+5	7.105167E+4	6.580000E-4	4.675200E-2	1.000000E-2	0.000000E+0	2.000000E-1	1.000000E+0	2.000000E-1	1.000000E+0	1.000000E+0	9.600000E+1
6.392966E+0	0.000000E+0	1.300000E-3	-2.220000E-4	-5.855856E+3	7.287273E+5	2.750000E-4	2.004000E-1	4.513800E-2	-2.220000E-4	-2.033243E+5	1.622727E+5	2.750000E-4	4.462500E-2	1.000000E-2	0.000000E+0	2.000000E-1	1.000000E+0	2.000000E-1	1.000000E+0	1.000000E+0	9.700000E+1
6.415617E+0	-1.000000E+1	-1.000000E-2	-4.900000E-5	2.040816E+5	4.751185E+5	4.220000E-4	2.005000E-1	4.597300E-2	-4.900000E-5	-9.382245E+5	1.062867E+5	4.220000E-4	4.485300E-2	1.000000E-2	0.000000E+0	2.000000E-1	1.000000E+0	2.000000E-1	1.000000E+0	1.000000E+0	9.800000E+1
6.436868E+0	-2.000000E+1	-2.070000E-2	-1.250000E-4	1.656000E+5	2.977645E+5	6.710000E-4	1.998000E-1	4.539100E-2	-1.250000E-4	-3.631280E+5	6.796125E+4	6.710000E-4	4.560200E-2	1.000000E-2	0.000000E+0	2.000000E-1	1.000000E+0	2.000000E-1	1.000000E+0	1.000000E+0	9.900000E+1
6.458269E+0	-3.000000E+1	-3.060000E-2	-1.250000E-4	2.448000E+5	8.750000E+5	2.280000E-4	1.995000E-1	4.607100E-2	-1.250000E-4	-3.685680E+5	2.005395E+5	2.280000E-4	4.572300E-2	1.000000E-2	0.000000E+0	2.000000E-1	1.000000E+0	2.000000E-1	1.000000E+0	1.000000E+0	1.000000E+2
6.479771E+0	-4.000000E+1	-4.050000E-2	-3.660000E-4	1.106557E+5	2.081081E+5	9.620000E-4	2.002000E-1	4.600000E-2	-3.660000E-4	-1.256831E+5	4.644595E+4	9.620000E-4	4.468100E-2	1.000000E-2	0.000000E+0	2.000000E-1	1.000000E+0	2.000000E-1	1.000000E+0	1.000000E+0	1.010000E+2
6.501272E+0	-5.000000E+1	-5.030000E-2	-3.780000E-4	1.330688E+5	4.977667E+5	4.030000E-4	2.006000E-1	4.616700E-2	-3.780000E-4	-1.221349E+5	1.156278E+5	4.030000E-4	4.659800E-2	1.000000E-2	0.000000E+0	2.000000E-1	1.000000E+0	2.000000E-1	1.000000E+0	1.000000E+0	1.020000E+2
6.522523E+0	-6.000000E+1	-6.050000E-2	-1.150000E-4	5.260870E+5	3.694853E+5	5.440000E-4	2.010000E-1	4.531500E-2	-1.150000E-4	-3.940435E+5	8.261949E+4	5.440000E-4	4.494500E-2	1.000000E-2	0.000000E+0	2.000000E-1	1.000000E+0	2.000000E-1	1.000000E+0	1.000000E+0	1.030000E+2
6.543758E+0	-7.000000E+1	-7.050000E-2	-5.650000E-4	1.247788E+5	2.867521E+5	7.020000E-4	2.013000E-1	4.413000E-2	-5.650000E-4	-7.810619E+4	6.615242E+4	7.020000E-4	4.643900E-2	1.000000E-2	0.000000E+0	2.000000E-1	1.000000E+0	2.000000E-1	1.000000E+0	1.000000E+0	1.040000E+2
6.565159E+0	-8.000000E+1	-8.020000E-2	-5.430000E-4	1.476980E+5	5.544444E+5	3.600000E-4	1.996000E-1	4.663300E-2	-5.430000E-4	-8.588029E+4	1.299639E+5	3.600000E-4	4.678700E-2	1.000000E-2	0.000000E+0	2.000000E-1	1.000000E+0	2.000000E-1	1.000000E+0	1.000000E+0	1.050000E+2
6.586410E+0	-9.000000E+1	-8.970000E-2	-6.860000E-4	1.307580E+5	4.336245E+5	4.580000E-4	1.986000E-1	4.620700E-2	-6.860000E-4	-6.735714E+4	1.045502E+5	4.580000E-4	4.788400E-2	1.000000E-2	0.000000E+0	2.000000E-1	1.000000E+0	2.000000E-1	1.000000E+0	1.000000E+0	1.060000E+2
6.607895E+0	-1.000000E+2	-1.000000E-1	-3.280000E-4	3.048780E+5	9.433962E+5	2.120000E-4	2.000000E-1	4.744500E-2	-3.280000E-4	-1.446494E+5	2.223302E+5	2.120000E-4	4.713400E-2	1.000000E-2	0.000000E+0	2.000000E-1	1.000000E+0	2.000000E-1	1.000000E+0	1.000000E+0	1.070000E+2
6.629062E+0	-1.100000E+2	-1.100000E-1	-7.060000E-4	1.558074E+5	3.901961E+5	5.100000E-4	1.990000E-1	4.548700E-2	-7.060000E-4	-6.442918E+4	9.450588E+4	5.100000E-4	4.819800E-2	1.000000E-2	0.000000E+0	2.000000E-1	1.000000E+0	2.000000E-1	1.000000E+0	1.000000E+0	1.080000E+2
6.650480E+0	-1.200000E+2	-1.197000E-1	-4.020000E-4	2.977612E+5	3.235008E+5	6.170000E-4	1.996000E-1	4.532800E-2	-4.020000E-4	-1.127562E+5	7.711345E+4	6.170000E-4	4.757900E-2	1.000000E-2	0.000000E+0	2.000000E-1	1.000000E+0	2.000000E-1	1.000000E+0	1.000000E+0	1.090000E+2
6.671982E+0	-1.300000E+2	-1.288000E-1	-3.890000E-4	3.311054E+5	8.716157E+5	2.290000E-4	1.996000E-1	4.494400E-2	-3.890000E-4	-1.155373E+5	1.998646E+5	2.290000E-4	4.576900E-2	1.000000E-2	0.000000E+0	2.000000E-1	1.000000E+0	2.000000E-1	1.000000E+0	1.000000E+0	1.100000E+2
6.693166E+0	-1.400000E+2	-1.401000E-1	-7.290000E-4	1.921811E+5	3.069018E+5	6.520000E-4	2.001000E-1	4.591100E-2	-7.290000E-4	-6.297805E+4	7.121166E+4	6.520000E-4	4.643000E-2	1.000000E-2	0.000000E+0	2.000000E-1	1.000000E+0	2.000000E-1	1.000000E+0	1.000000E+0	1.110000E+2
6.714367E+0	-1.500000E+2	-1.512000E-1	-8.900000E-4	1.698876E+5	4.188285E+5	4.780000E-4	2.002000E-1	4.396900E-2	-8.900000E-4	-4.940337E+4	9.900209E+4	4.780000E-4	4.732300E-2	1.000000E-2	0.000000E+0	2.000000E-1	1.000000E+0	2.000000E-1	1.000000E+0	1.000000E+0	1.120000E+2
6.735652E+0	-1.600000E+2	-1.593000E-1	-7.050000E-4	2.259574E+5	1.162791E+6	1.720000E-4	2.000000E-1	4.604900E-2	-7.050000E-4	-6.531773E+4	2.645407E+5	1.720000E-4	4.550100E-2	1.000000E-2	0.000000E+0	2.000000E-1	1.000000E+0	2.000000E-1	1.000000E+0	1.000000E+0	1.130000E+2
6.756853E+0	-1.700000E+2	-1.705000E-1	-5.840000E-4	2.919521E+5	7.102837E+5	2.820000E-4	2.003000E-1	4.424300E-2	-5.840000E-4	-7.575856E+4	1.591418E+5	2.820000E-4	4.487800E-2	1.000000E-2	0.000000E+0	2.000000E-1	1.000000E+0	2.000000E-1	1.000000E+0	1.000000E+0	1.140000E+2
6.778354E+0	-1.800000E+2	-1.804000E-1	-8.360000E-4	2.157895E+5	2.885222E+5	6.970000E-4	2.011000E-1	4.453400E-2	-8.360000E-4	-5.327033E+4	6.568436E+4	6.970000E-4	4.578200E-2	1.000000E-2	0.000000E+0	2.000000E-1	1.000000E+0	2.000000E-1	1.000000E+0	1.000000E+0	1.150000E+2
6.799256E+0	-1.900000E+2	-1.897000E-1	-5.230000E-4	3.627151E+5	3.405405E+5	5.920000E-4	2.016000E-1	4.611800E-2	-5.230000E-4	-8.817973E+4	7.514358E+4	5.920000E-4	4.448500E-2	1.000000E-2	0.000000E+0	2.000000E-1	1.000000E+0	2.000000E-1	1.000000E+0	1.000000E+0	1.160000E+2
6.820440E+0	-2.000000E+2	-1.997000E-1	-9.180000E-4	2.175381E+5	2.706920E+5	7.370000E-4	1.995000E-1	4.440100E-2	-9.180000E-4	-4.836710E+4	6.287653E+4	7.370000E-4	4.634000E-2	1.000000E-2	0.000000E+0	2.000000E-1	1.000000E+0	2.000000E-1	1.000000E+0	1.000000E+0	1.170000E+2
6.841708E+0	-2.100000E+2	-2.088000E-1	-7.150000E-4	2.920280E+5	4.799517E+5	4.140000E-4	1.987000E-1	4.505900E-2	-7.150000E-4	-6.301958E+4	1.086957E+5	4.140000E-4	4.500000E-2	1.000000E-2	0.000000E+0	2.000000E-1	1.000000E+0	2.000000E-1	1.000000E+0	1.000000E+0	1.180000E+2
6.862876E+0	-2.200000E+2	-2.188000E-1	-8.610000E-4	2.541231E+5	3.113707E+5	6.420000E-4	1.999000E-1	4.518800E-2	-8.610000E-4	-5.248316E+4	7.069938E+4	6.420000E-4	4.538900E-2	1.000000E-2	0.000000E+0	2.000000E-1	1.000000E+0	2.000000E-1	1.000000E+0	1.000000E+0	1.190000E+2
6.884110E+0	-2.300000E+2	-2.296000E-1	-1.072000E-3	2.141791E+5	4.130435E+5	4.830000E-4	1.995000E-1	4.421100E-2	-1.072000E-3	-4.124160E+4	9.389855E+4	4.830000E-4	4.535300E-2	1.000000E-2	0.000000E+0	2.000000E-1	1.000000E+0	2.000000E-1	1.000000E+0	1.000000E+0	1.200000E+2
6.905328E+0	-2.400000E+2	-2.396000E-1	-8.670000E-4	2.763552E+5	9.142202E+5	2.180000E-4	1.993000E-1	4.489000E-2	-8.670000E-4	-5.177624E+4	2.065000E+5	2.180000E-4	4.501700E-2	1.000000E-2	0.000000E+0	2.000000E-1	1.000000E+0	2.000000E-1	1.000000E+0	1.000000E+0	1.210000E+2
6.926563E+0	-2.500000E+2	-2.504000E-1	-1.115000E-3	2.245740E+5	3.875969E+5	5.160000E-4	2.000000E-1	4.364100E-2	-1.115000E-3	-3.913991E+4	8.885853E+4	5.160000E-4	4.585100E-2	1.000000E-2	0.000000E+0	2.000000E-6	1.000000E+0	2.000000E-1	1.000000E+0	1.000000E+0	1.220000E+2
6.947914E+0	-2.600000E+2	5.360000E-2	-1.923000E-6	-2.787311E+7	2.252116E+7	1.984800E-6	4.470000E-2	4.430200E-2	-1.923000E-6	-2.303796E+7	2.228940E+7	1.984800E-6	4.424000E-2	1.000000E-2	0.000000E+0	2.000000E-6	1.000000E+0	2.000000E-1	1.000000E+0	1.000000E+0	1.230000E+2
6.969382E+0	-2.700000E+2	-1.060000E-2	-1.997800E-6	5.305836E+6	3.043307E+7	2.027400E-6	6.170000E-2	4.613900E-2	-1.997800E-6	-2.309490E+7	2.220282E+7	2.027400E-6	4.501400E-2	1.000000E-2	0.000000E+0	2.000000E-6	1.000000E+0	2.000000E-1	1.000000E+0	1.000000E+0	1.240000E+2
6.990983E+0	-2.800000E+2	3.010000E-2	-2.003000E-6	-1.502746E+7	2.248492E+7	2.072500E-6	4.660000E-2	4.538400E-2	-2.003000E-6	-2.265801E+7	2.137467E+7	2.072500E-6	4.429900E-2	1.000000E-2	0.000000E+0	2.000000E-6	1.000000E+0	2.000000E-1	1.000000E+0	1.000000E+0	1.250000E+2
7.012484E+0	-2.900000E+2	2.820000E-2	-2.060200E-6	-1.368799E+7	1.615852E+7	2.023700E-6	3.270000E-2	4.614500E-2	-2.060200E-6	-2.239831E+7	2.311064E+7	2.023700E-6	4.676900E-2	1.000000E-2	0.000000E+0	2.000000E-6	1.000000E+0	2.000000E-1	1.000000E+0	1.000000E+0	1.260000E+2
7.033919E+0	-3.000000E+2	5.950000E-2	-1.960300E-6	-3.035250E+7	4.886153E+6	2.046600E-6	1.000000E-2	4.648400E-2	-1.960300E-6	-2.371270E+7	2.268885E+7	2.046600E-6	4.643500E-2	1.000000E-2	0.000000E+0	2.000000E-6	1.000000E+0	2.000000E-1	1.000000E+0	1.000000E+0	1.270000E+2
7.055870E+0	-3.100000E+2	4.840000E-2	-1.978800E-6	-2.445927E+7	3.060866E+6	1.992900E-6	6.100000E-3	4.661900E-2	-1.978800E-6	-2.355923E+7	2.281098E+7	1.992900E-6	4.546000E-2	1.000000E-2	0.000000E+0	2.000000E-6	1.000000E+0	2.000000E-1	1.000000E+0	1.000000E+0	1.280000E+2
7.077305E+0	-3.200000E+2	4.930000E-2	-1.991000E-6	-2.476143E+7	1.008104E+7	2.023600E-6	2.040000E-2	4.578100E-2	-1.991000E-6	-2.299397E+7	2.227466E+7	2.023600E-6	4.507500E-2	1.000000E-2	0.000000E+0	2.000000E-6	1.000000E+0	2.000000E-1	1.000000E+0	1.000000E+0	1.290000E+2
7.099056E+0	-3.300000E+2	-2.500000E-3	-1.982100E-6	1.261289E+6	2.498516E+7	2.021200E-6	5.050000E-2	4.681300E-2	-1.982100E-6	-2.361788E+7	2.225757E+7	2.021200E-6	4.498700E-2	1.000000E-2	0.000000E+0	2.000000E-6	1.000000E+0	2.000000E-1	1.000000E+0	1.000000E+0	1.300000E+2
7.120474E+0	-3.400000E+2	-7.900000E-3	-2.034000E-6	3.883972E+6	1.666833E+7	2.003800E-6	3.340000E-2	4.581600E-2	-2.034000E-6	-2.252507E+7	2.301128E+7	2.003800E-6	4.611000E-2	1.000000E-2	0.000000E+0	2.000000E-6	1.000000E+0	2.000000E-1	1.000000E+0	1.000000E+0	1.310000E+2
7.142375E+0	-3.500000E+2	2.940000E-2	-2.053500E-6	-1.431702E+7	2.169910E+7	2.009300E-6	4.360000E-2	4.620700E-2	-2.053500E-6	-2.250158E+7	2.282088E+7	2.009300E-6	4.585400E-2	1.000000E-2	0.000000E+0	2.000000E-6	1.000000E+0	2.000000E-1	1.000000E+0	1.000000E+0	1.320000E+2
7.163760E+0	-3.600000E+2	-1.050000E-2	-2.001800E-6	5.245279E+6	3.150630E+7	1.999600E-6	6.300000E-2	4.518400E-2	-2.001800E-6	-2.257169E+7	2.221594E+7	1.999600E-6	4.442300E-2	1.000000E-2	0.000000E+0	2.000000E-6	1.000000E+0	2.000000E-1	1.000000E+0	1.000000E+0	1.330000E+2
7.185694E+0	-3.700000E+2	3.380000E-2	-1.969500E-6	-1.716172E+7	1.084708E+7	1.982100E-6	2.150000E-2	4.611300E-2	-1.969500E-6	-2.341356E+7	2.285606E+7	1.982100E-6	4.530300E-2	1.000000E-2	0.000000E+0	2.000000E-6	1.000000E+0	2.000000E-1	1.000000E+0	1.000000E+0	1.340000E+2
7.206979E+0	-3.800000E+2	5.860000E-2	-1.978100E-6	-2.962439E+7	7.013772E+6	1.953300E-6	1.370000E-2	4.503600E-2	-1.978100E-6	-2.276730E+7	2.332002E+7	1.953300E-6	4.555100E-2	1.000000E-2	0.000000E+0	2.000000E-6	1.000000E+0	2.000000E-1	1.000000E+0	1.000000E+0	1.350000E+2
7.228580E+0	-3.900000E+2	4.550000E-2	-1.951400E-6	-2.331659E+7	1.535190E+7	1.928100E-6	2.960000E-2	4.518400E-2	-1.951400E-6	-2.315466E+7	2.298688E+7	1.928100E-6	4.432100E-2	1.000000E-2	0.000000E+0	2.000000E-6	1.000000E+0	2.000000E-1	1.000000E+0	1.000000E+0	1.360000E+2
7.250081E+0	-4.000000E+2	6.800000E-3	-2.035600E-6	-3.340538E+6	3.088265E+7	2.007600E-6	6.200000E-2	4.582600E-2	-2.035600E-6	-2.251228E+7	2.266238E+7	2.007600E-6	4.549700E-2	1.000000E-2	0.000000E+0	2.000000E-6	1.000000E+0	4.000000E-6	1.000000E+0	1.000000E+0	1.370000E+2
7.271899E+0	-4.100000E+2	4.630000E-2	-2.010200E-6	-2.303253E+7	3.256151E+6	1.934800E-6	6.300000E-3	4.531200E-2	-2.010200E-6	-2.254104E+7	2.346806E+7	1.934800E-6	4.540600E-2	1.000000E-2	0.000000E+0	2.000000E-6	1.000000E+0	4.000000E-6	1.000000E+0	1.000000E+0	1.380000E+2
7.293300E+0	-4.200000E+2	5.830000E-2	-2.008400E-6	-2.902808E+7	-4.351653E+6	2.045200E-6	-8.900000E-3	4.534400E-2	-2.008400E-6	-2.257718E+7	2.270683E+7	2.045200E-6	4.644000E-2	1.000000E-2	0.000000E+0	2.000000E-6	1.000000E+0	4.000000E-6	1.000000E+0	1.000000E+0	1.390000E+2
7.315268E+0	-4.300000E+2	2.670000E-2	-1.941500E-6	-1.375225E+7	1.698725E+7	1.913200E-6	3.250000E-2	4.575900E-2	-1.941500E-6	-2.356889E+7	2.373876E+7	1.913200E-6	4.541700E-2	1.000000E-2	0.000000E+0	2.000000E-6	1.000000E+0	4.000000E-6	1.000000E+0	1.000000E+0	1.400000E+2
7.336736E+0	-4.400000E+2	4.820000E-2	-1.994300E-6	-2.416888E+7	2.265981E+7	2.021200E-6	4.580000E-2	4.628400E-2	-1.994300E-6	-2.320814E+7	2.280329E+7	2.021200E-6	4.609000E-2	1.000000E-2	0.000000E+0	2.000000E-6	1.000000E+0	4.000000E-6	1.000000E+0	1.000000E+0	1.410000E+2
7.358738E+0	-4.500000E+2	5.460000E-2	-1.986800E-6	-2.748138E+7	-2.976190E+6	1.982400E-6	-5.900000E-3	4.642800E-2	-1.986800E-6	-2.336823E+7	2.318906E+7	1.982400E-6	4.597000E-2	1.000000E-2	0.000000E+0	2.000000E-6	1.000000E+0	4.000000E-6	1.000000E+0	1.000000E+0	1.420000E+2
7.380105E+0	-4.600000E+2	3.340000E-2	-1.967700E-6	-1.697413E+7	2.446345E+7	1.998900E-6	4.890000E-2	4.442100E-2	-1.967700E-6	-2.257509E+7	2.252839E+7	1.998900E-6	4.503200E-2	1.000000E-2	0.000000E+0	2.000000E-6	1.000000E+0	4.000000E-6	1.000000E+0	1.000000E+0	1.430000E+2
7.401957E+0	-4.700000E+2	2.060000E-2	-1.996100E-6	-1.032012E+7	6.781875E+6	1.990600E-6	1.350000E-2	4.641600E-2	-1.996100E-6	-2.325334E+7	2.315181E+7	1.990600E-6	4.608600E-2	1.000000E-2	0.000000E+0	2.000000E-6	1.000000E+0	4.000000E-6	1.000000E+0	1.000000E+0	1.440000E+2
7.423291E+0	-4.800000E+2	4.600000E-3	-1.933900E-6	-2.378613E+6	1.572941E+7	1.945400E-6	3.060000E-2	4.374400E-2	-1.933900E-6	-2.261958E+7	2.262054E+7	1.945400E-6	4.400600E-2	1.000000E-2	0.000000E+0	2.000000E-6	1.000000E+0	4.000000E-6	1.000000E+0	1.000000E+0	1.450000E+2
7.446059E+0	-4.900000E+2	-9.900000E-3	-1.982600E-6	4.993443E+6	-3.897385E+6	2.027000E-6	-7.900000E-3	4.572200E-2	-1.982600E-6	-2.306164E+7	2.233202E+7	2.027000E-6	4.526700E-2	1.000000E-2	0.000000E+0	2.000000E-6	1.000000E+0	4.000000E-6	1.000000E+0	1.000000E+0	1.460000E+2
7.467244E+0	-5.000000E+2	-8.700000E-3	-1.932200E-6	4.502639E+6	2.958346E+7	2.021400E-6	5.980000E-2	4.539000E-2	-1.932200E-6	-2.349136E+7	2.241862E+7	2.021400E-6	4.531700E-2	1.000000E-2	0.000000E+0	2.000000E-6	1.000000E+0	1.000000E-6	1.000000E+0	1.000000E+0	1.470000E+2
7.490028E+0	-5.000000E+2	-6.700000E-3	-2.020800E-6	3.315519E+6	-4.042854E+6	1.978800E-6	-8.000000E-3	4.705700E-2	-2.020800E-6	-2.328632E+7	2.375531E+7	1.978800E-6	4.700700E-2	1.000000E-2	0.000000E+0	2.000000E-6	1.000000E+0	1.000000E-6	1.000000E+0	1.000000E+0	1.480000E+2
7.511146E+0	-4.900000E+2	5.860000E-2	-1.997700E-6	-2.933373E+7	-3.022213E+6	1.985300E-6	-6.000000E-3	4.452900E-2	-1.997700E-6	-2.229013E+7	2.285650E+7	1.985300E-6	4.537700E-2	1.000000E-2	0.000000E+0	2.000000E-6	1.000000E+0	1.000000E-6	1.000000E+0	1.000000E+0	1.490000E+2
7.533231E+0	-4.800000E+2	3.240000E-2	-2.018600E-6	-1.605073E+7	2.976190E+7	2.066400E-6	6.150000E-2	4.560800E-2	-2.018600E-6	-2.259388E+7	2.207849E+7	2.066400E-6	4.562300E-2	1.000000E-2	0.000000E+0	2.000000E-6	1.000000E+0	1.000000E-6	1.000000E+0	1.000000E+0	1.500000E+2
7.554482E+0	-4.700000E+2	5.960000E-2	-1.959800E-6	-3.041127E+7	-4.702272E+6	2.020300E-6	-9.500000E-3	4.514900E-2	-1.959800E-6	-2.303755E+7	2.306687E+7	2.020300E-6	4.660200E-2	1.000000E-2	0.000000E+0	2.000000E-6	1.000000E+0	1.000000E-6	1.000000E+0	1.000000E+0	1.510000E+2
7.577350E+0	-4.600000E+2	8.800000E-3	-1.977900E-6	-4.449163E+6	3.200305E+7	1.049900E-6	3.360000E-2	4.682200E-2	-1.977900E-6	-2.367258E+7	4.333651E+7	1.049900E-6	4.549900E-2	1.000000E-2	0.000000E+0	1.000000E-6	1.000000E+0	1.000000E-6	1.000000E+0	1.000000E+0	1.520000E+2
7.598585E+0	-4.500000E+2	3.230000E-2	-9.757000E-7	-3.310444E+7	4.622919E+7	1.021000E-6	4.720000E-2	4.568200E-2	-9.757000E-7	-4.681972E+7	4.454456E+7	1.021000E-6	4.548000E-2	1.000000E-2	0.000000E+0	1.000000E-6	1.000000E+0	1.000000E-6	1.000000E+0	1.000000E+0	1.530000E+2
7.621569E+0	-4.400000E+2	5.050000E-2	-9.585000E-7	-5.268649E+7	4.707873E+7	1.004700E-6	4.730000E-2	4.595300E-2	-9.585000E-7	-4.794262E+7	4.376431E+7	1.004700E-6	4.397000E-2	1.000000E-2	0.000000E+0	1.000000E-6	1.000000E+0	1.000000E-6	1.000000E+0	1.000000E+0	1.540000E+2
7.642537E+0	-4.300000E+2	6.090000E-2	-9.758000E-7	-6.241033E+7	1.319095E+7	9.552000E-7	1.260000E-2	4.530900E-2	-9.758000E-7	-4.643267E+7	4.898241E+7	9.552000E-7	4.678800E-2	1.000000E-2	0.000000E+0	1.000000E-6	1.000000E+0	1.000000E-6	1.000000E+0	1.000000E+0	1.550000E+2
7.664788E+0	-4.200000E+2	2.290000E-2	-9.776000E-7	-2.342471E+7	-1.074945E+7	9.954000E-7	-1.070000E-2	4.645800E-2	-9.776000E-7	-4.752250E+7	4.644967E+7	9.954000E-7	4.623600E-2	1.000000E-2	0.000000E+0	1.000000E-6	1.000000E+0	1.000000E-6	1.000000E+0	1.000000E+0	1.560000E+2
7.685923E+0	-4.100000E+2	3.130000E-2	-1.005500E-6	-3.112879E+7	4.420790E+7	1.042800E-6	4.610000E-2	4.531100E-2	-1.005500E-6	-4.506315E+7	4.242232E+7	1.042800E-6	4.423800E-2	1.000000E-2	0.000000E+0	1.000000E-6	1.000000E+0	1.000000E-6	1.000000E+0	1.000000E+0	1.570000E+2
7.708024E+0	-4.000000E+2	-8.500000E-3	-9.871000E-7	8.611083E+6	4.557424E+7	9.874000E-7	4.500000E-2	4.572400E-2	-9.871000E-7	-4.632155E+7	4.647357E+7	9.874000E-7	4.588800E-2	1.000000E-2	0.000000E+0	1.000000E-6	1.000000E+0	1.000000E-6	1.000000E+0	1.000000E+0	1.580000E+2
7.729125E+0	-3.900000E+2	1.930000E-2	-1.015600E-6	-1.900354E+7	-3.285871E+6	1.004300E-6	-3.300000E-3	4.355100E-2	-1.015600E-6	-4.288204E+7	4.571144E+7	1.004300E-6	4.590800E-2	1.000000E-2	0.000000E+0	1.000000E-6	1.000000E+0	1.000000E-6	1.000000E+0	1.000000E+0	1.590000E+2
7.751277E+0	-3.800000E+2	3.830000E-2	-1.001500E-6	-3.824264E+7	5.946471E+7	9.266000E-7	5.510000E-2	4.473400E-2	-1.001500E-6	-4.466700E+7	4.744226E+7	9.266000E-7	4.396000E-2	1.000000E-2	0.000000E+0	1.000000E-6	1.000000E+0	1.000000E-6	1.000000E+0	1.000000E+0	1.600000E+2
7.772595E+0	-3.700000E+2	4.810000E-2	-1.017800E-6	-4.725879E+7	2.043461E+7	1.003200E-6	2.050000E-2	4.426700E-2	-1.017800E-6	-4.349283E+7	4.587719E+7	1.003200E-6	4.602400E-2	1.000000E-2	0.000000E+0	1.000000E-6	1.000000E+0	1.000000E-6	1.000000E+0	1.000000E+0	1.610000E+2
7.795646E+0	-3.600000E+2	5.810000E-2	-1.032200E-6	-5.628754E+7	5.676980E+7	1.056900E-6	6.000000E-2	4.399800E-2	-1.032200E-6	-4.262546E+7	4.228025E+7	1.056900E-6	4.468600E-2	1.000000E-2	0.000000E+0	1.000000E-6	1.000000E+0	1.000000E-6	1.000000E+0	1.000000E+0	1.620000E+2
7.816914E+0	-3.500000E+2	6.150000E-2	-9.553000E-7	-6.437768E+7	7.981642E+5	1.002300E-6	8.000000E-4	4.483000E-2	-9.553000E-7	-4.692767E+7	4.343510E+7	1.002300E-6	4.353500E-2	1.000000E-2	0.000000E+0	1.000000E-6	1.000000E+0	1.000000E-6	1.000000E+0	1.000000E+0	1.630000E+2
7.838248E+0	-3.400000E+2	6.420000E-2	-1.015500E-6	-6.322009E+7	-8.289956E+6	1.037400E-6	-8.600000E-3	4.399800E-2	-1.015500E-6	-4.332644E+7	4.476094E+7	1.037400E-6	4.643500E-2	1.000000E-2	0.000000E+0	1.000000E-6	1.000000E+0	1.000000E-6	1.000000E+0	1.000000E+0	1.640000E+2
7.859650E+0	-3.300000E+2	3.880000E-2	-1.033200E-6	-3.755323E+7	2.025212E+7	9.678000E-7	1.960000E-2	4.340500E-2	-1.033200E-6	-4.201026E+7	4.773714E+7	9.678000E-7	4.620000E-2	1.000000E-2	0.000000E+0	1.000000E-6	1.000000E+0	1.000000E-6	1.000000E+0	1.000000E+0	1.650000E+2
7.881051E+0	-3.200000E+2	3.600000E-3	-1.010400E-6	-3.562945E+6	6.059664E+7	9.654000E-7	5.850000E-2	4.394700E-2	-1.010400E-6	-4.349466E+7	4.619122E+7	9.654000E-7	4.459300E-2	1.000000E-2	0.000000E+0	1.000000E-6	1.000000E+0	1.000000E-6	1.000000E+0	1.000000E+0	1.660000E+2
7.902619E+0	-3.100000E+2	6.120000E-2	-9.988000E-7	-6.127353E+7	-5.869119E+6	1.022300E-6	-6.000000E-3	4.408800E-2	-9.988000E-7	-4.414097E+7	4.487626E+7	1.022300E-6	4.587700E-2	1.000000E-2	0.000000E+0	1.000000E-6	1.000000E+0	1.000000E-6	1.000000E+0	1.000000E+0	1.670000E+2
7.924153E+0	-3.000000E+2	8.900000E-3	-9.474000E-7	-9.394131E+6	4.835691E+7	9.616000E-7	4.650000E-2	4.523800E-2	-9.474000E-7	-4.774963E+7	4.799605E+7	9.616000E-7	4.615300E-2	1.000000E-2	0.000000E+0	1.000000E-6	1.000000E+0	1.000000E-6	1.000000E+0	1.000000E+0	1.680000E+2
7.945571E+0	-2.900000E+2	2.140000E-2	-9.568000E-7	-2.236622E+7	-8.256340E+6	1.017400E-6	-8.400000E-3	4.641100E-2	-9.568000E-7	-4.850648E+7	4.393257E+7	1.017400E-6	4.469700E-2	1.000000E-2	0.000000E+0	1.000000E-6	1.000000E+0	1.000000E-6	1.000000E+0	1.000000E+0	1.690000E+2
7.967139E+0	-2.800000E+2	-4.900000E-3	-9.576000E-7	5.116959E+6	6.157858E+7	9.971000E-7	6.140000E-2	4.629000E-2	-9.576000E-7	-4.833960E+7	4.638351E+7	9.971000E-7	4.624900E-2	1.000000E-2	0.000000E+0	1.000000E-6	1.000000E+0	1.000000E-6	1.000000E+0	1.000000E+0	1.700000E+2
7.988657E+0	-2.700000E+2	6.030000E-2	-1.022600E-6	-5.896734E+7	-7.133258E+6	9.673000E-7	-6.900000E-3	4.433300E-2	-1.022600E-6	-4.335322E+7	4.712809E+7	9.673000E-7	4.558700E-2	1.000000E-2	0.000000E+0	1.000000E-6	1.000000E+0	1.000000E-6	1.000000E+0	1.000000E+0	1.710000E+2
8.010125E+0	-2.600000E+2	5.000000E-3	-9.498000E-7	-5.264266E+6	6.512390E+7	9.766000E-7	6.360000E-2	4.528900E-2	-9.498000E-7	-4.768267E+7	4.604239E+7	9.766000E-7	4.496500E-2	1.000000E-2	0.000000E+0	5.000000E-6	1.000000E+0	1.000000E-6	1.000000E+0	1.000000E+0	1.720000E+2
8.031759E+0	-2.500000E+2	2.790000E-2	-5.004300E-6	-5.575205E+6	9.880877E+6	5.070400E-6	5.010000E-2	4.604700E-2	-5.004300E-6	-9.201487E+6	8.948012E+6	5.070400E-6	4.537000E-2	1.000000E-2	0.000000E+0	5.000000E-6	1.000000E+0	1.000000E-6	1.000000E+0	1.000000E+0	1.730000E+2
8.053111E+0	-2.400000E+2	2.840000E-2	-4.986300E-6	-5.695606E+6	1.085493E+7	4.974700E-6	5.400000E-2	4.506000E-2	-4.986300E-6	-9.036761E+6	9.371017E+6	4.974700E-6	4.661800E-2	1.000000E-2	0.000000E+0	5.000000E-6	1.000000E+0	1.000000E-6	1.000000E+0	1.000000E+0	1.740000E+2
8.074729E+0	-2.300000E+2	5.850000E-2	-5.044400E-6	-1.159702E+7	3.927620E+6	4.990300E-6	1.960000E-2	4.620500E-2	-5.044400E-6	-9.159662E+6	9.116887E+6	4.990300E-6	4.549600E-2	1.000000E-2	0.000000E+0	5.000000E-6	1.000000E+0	5.000000E-6	1.000000E+0	1.000000E+0	1.750000E+2
8.096146E+0	-2.200000E+2	2.440000E-2	-5.021300E-6	-4.859299E+6	5.180108E+6	5.019200E-6	2.600000E-2	4.558900E-2	-5.021300E-6	-9.079123E+6	9.021956E+6	5.019200E-6	4.528300E-2	1.000000E-2	0.000000E+0	5.000000E-6	1.000000E+0	5.000000E-6	1.000000E+0	1.000000E+0	1.760000E+2
8.117631E+0	-2.100000E+2	1.960000E-2	-4.977600E-6	-3.937641E+6	8.187555E+5	5.007600E-6	4.100000E-3	4.541900E-2	-4.977600E-6	-9.124679E+6	9.012102E+6	5.007600E-6	4.512900E-2	1.000000E-2	0.000000E+0	5.000000E-6	1.000000E+0	5.000000E-6	1.000000E+0	1.000000E+0	1.770000E+2
8.139349E+0	-2.000000E+2	4.580000E-2	-4.985500E-6	-9.186641E+6	9.371324E+5	5.015300E-6	4.700000E-3	4.535300E-2	-4.985500E-6	-9.096981E+6	9.362351E+6	5.015300E-6	4.695500E-2	1.000000E-2	0.000000E+0	5.000000E-6	1.000000E+0	5.000000E-6	1.000000E+0	1.000000E+0	1.780000E+2
8.160650E+0	-1.900000E+2	2.020000E-2	-5.041500E-6	-4.006744E+6	6.578685E+5	5.016200E-6	3.300000E-3	4.628800E-2	-5.041500E-6	-9.181394E+6	9.265978E+6	5.016200E-6	4.648000E-2	1.000000E-2	0.000000E+0	5.000000E-6	1.000000E+0	5.000000E-6	1.000000E+0	1.000000E+0	1.790000E+2
8.183435E+0	-1.800000E+2	4.450000E-2	-4.979400E-6	-8.936820E+6	4.815119E+6	4.984300E-6	2.400000E-2	4.583300E-2	-4.979400E-6	-9.204523E+6	8.929438E+6	4.984300E-6	4.450700E-2	1.000000E-2	0.000000E+0	5.000000E-6	1.000000E+0	5.000000E-6	1.000000E+0	1.000000E+0	1.800000E+2
8.204619E+0	-1.700000E+2	6.200000E-3	-5.020200E-6	-1.235011E+6	6.579601E+6	5.030700E-6	3.310000E-2	4.564100E-2	-5.020200E-6	-9.091470E+6	8.817262E+6	5.030700E-6	4.435700E-2	1.000000E-2	0.000000E+0	5.000000E-6	1.000000E+0	5.000000E-6	1.000000E+0	1.000000E+0	1.810000E+2
8.226154E+0	-1.600000E+2	4.000000E-2	-5.049400E-6	-7.921733E+6	4.151603E+6	5.034200E-6	2.090000E-2	4.627900E-2	-5.049400E-6	-9.165247E+6	9.375273E+6	5.034200E-6	4.719700E-2	1.000000E-2	0.000000E+0	5.000000E-6	1.000000E+0	5.000000E-6	1.000000E+0	1.000000E+0	1.820000E+2
8.247488E+0	-1.500000E+2	4.260000E-2	-5.015200E-6	-8.494178E+6	1.248807E+7	5.028800E-6	6.280000E-2	4.417000E-2	-5.015200E-6	-8.807226E+6	9.226853E+6	5.028800E-6	4.640000E-2	1.000000E-2	0.000000E+0	5.000000E-6	1.000000E+0	5.000000E-6	1.000000E+0	1.000000E+0	1.830000E+2
8.269106E+0	-1.400000E+2	5.860000E-2	-5.002300E-6	-1.171461E+7	3.952569E+6	1.001880E-5	3.960000E-2	4.428200E-2	-5.002300E-6	-8.852328E+6	4.615922E+6	1.001880E-5	4.624600E-2	1.000000E-2	0.000000E+0	1.000000E-5	1.000000E+0	5.000000E-6	1.000000E+0	1.000000E+0	1.840000E+2
8.290508E+0	-1.300000E+2	3.780000E-2	-1.000690E-5	-3.777394E+6	6.104456E+6	9.992700E-6	6.100000E-2	4.506300E-2	-1.000690E-5	-4.503193E+6	4.482872E+6	9.992700E-6	4.479600E-2	1.000000E-2	0.000000E+0	1.000000E-5	1.000000E+0	5.000000E-6	1.000000E+0	1.000000E+0	1.850000E+2
8.312092E+0	-1.200000E+2	6.080000E-2	-1.000840E-5	-6.074897E+6	6.834652E+5	9.949300E-6	6.800000E-3	4.426900E-2	-1.000840E-5	-4.423185E+6	4.532178E+6	9.949300E-6	4.509200E-2	1.000000E-2	0.000000E+0	1.000000E-5	1.000000E+0	5.000000E-6	1.000000E+0	1.000000E+0	1.860000E+2
8.333593E+0	-1.100000E+2	-7.600000E-3	-1.002350E-5	7.582182E+5	5.548650E+6	1.005650E-5	5.580000E-2	4.553500E-2	-1.002350E-5	-4.542824E+6	4.449659E+6	1.005650E-5	4.474800E-2	1.000000E-2	0.000000E+0	1.000000E-5	1.000000E+0	5.000000E-6	1.000000E+0	1.000000E+0	1.870000E+2
8.356328E+0	-1.000000E+2	-1.350000E-2	-9.981300E-6	1.352529E+6	-4.689449E+5	1.002250E-5	-4.700000E-3	4.434800E-2	-9.981300E-6	-4.443109E+6	4.602844E+6	1.002250E-5	4.613200E-2	1.000000E-2	0.000000E+0	1.000000E-5	1.000000E+0	5.000000E-6	1.000000E+0	1.000000E+0	1.880000E+2
8.377362E+0	-9.000000E+1	2.060000E-2	-9.971500E-6	-2.065888E+6	3.986446E+5	1.003400E-5	4.000000E-3	4.501900E-2	-9.971500E-6	-4.514767E+6	4.389974E+6	1.003400E-5	4.404900E-2	1.000000E-2	0.000000E+0	1.000000E-5	1.000000E+0	5.000000E-6	1.000000E+0	1.000000E+0	1.890000E+2
8.399630E+0	-8.000000E+1	-1.320000E-2	-9.993800E-6	1.320819E+6	2.777861E+6	1.004370E-5	2.790000E-2	4.470300E-2	-9.993800E-6	-4.473073E+6	4.564652E+6	1.004370E-5	4.584600E-2	1.000000E-2	0.000000E+0	1.000000E-5	1.000000E+0	5.000000E-6	1.000000E+0	1.000000E+0	1.900000E+2
8.420882E+0	-7.000000E+1	3.100000E-3	-9.964400E-6	-3.111075E+5	6.566782E+6	1.000490E-5	6.570000E-2	4.536500E-2	-9.964400E-6	-4.552708E+6	4.480605E+6	1.000490E-5	4.482800E-2	1.000000E-2	0.000000E+0	1.000000E-5	1.000000E+0	5.000000E-6	1.000000E+0	1.000000E+0	1.910000E+2
8.442233E+0	-6.000000E+1	2.800000E-3	-1.001260E-5	-2.796476E+5	5.858167E+6	1.002020E-5	5.870000E-2	4.548300E-2	-1.001260E-5	-4.542576E+6	4.426558E+6	1.002020E-5	4.435500E-2	1.000000E-2	0.000000E+0	1.000000E-5	1.000000E+0	1.000000E-5	1.000000E+0	1.000000E+0	1.920000E+2
8.463601E+0	-5.000000E+1	-1.110000E-2	-9.970600E-6	1.113273E+6	6.175739E+6	1.000690E-5	6.180000E-2	4.475700E-2	-9.970600E-6	-4.488897E+6	4.410857E+6	1.000690E-5	4.413900E-2	1.000000E-2	0.000000E+0	1.000000E-5	1.000000E+0	1.000000E-5	1.000000E+0	1.000000E+0	1.930000E+2
8.485135E+0	-4.000000E+1	5.660000E-2	-9.976700E-6	-5.673219E+6	1.001352E+5	9.986500E-6	1.000000E-3	4.504500E-2	-9.976700E-6	-4.515020E+6	4.634657E+6	9.986500E-6	4.628400E-2	1.000000E-2	0.000000E+0	1.000000E-5	1.000000E+0	1.000000E-5	1.000000E+0	1.000000E+0	1.940000E+2
8.506487E+0	-3.000000E+1	5.400000E-2	-9.947300E-6	-5.428609E+6	2.131580E+6	1.003950E-5	2.140000E-2	4.459800E-2	-9.947300E-6	-4.483428E+6	4.507097E+6	1.003950E-5	4.524900E-2	1.000000E-2	0.000000E+0	1.000000E-5	1.000000E+0	1.000000E-5	1.000000E+0	1.000000E+0	1.950000E+2
8.527954E+0	-2.000000E+1	-9.900000E-3	-9.863000E-6	1.003751E+6	5.165927E+6	1.004660E-5	5.190000E-2	4.642700E-2	-9.863000E-6	-4.707188E+6	4.516851E+6	1.004660E-5	4.537900E-2	1.000000E-2	0.000000E+0	1.000000E-5	1.000000E+0	1.000000E-5	1.000000E+0	1.000000E+0	1.960000E+2
8.549489E+0	-1.000000E+1	6.150000E-2	-9.951400E-6	-6.180035E+6	1.812501E+6	9.986200E-6	1.810000E-2	4.507500E-2	-9.951400E-6	-4.529513E+6	4.512327E+6	9.986200E-6	4.506100E-2	1.000000E-2	0.000000E+0	1.000000E-5	1.000000E+0	1.000000E-5	1.000000E+0	1.000000E+0	1.970000E+2
8.571090E+0	0.000000E+0	5.480000E-2	-1.003200E-5	-5.462520E+6	-5.975917E+5	1.004030E-5	-6.000000E-3	4.539800E-2	-1.003200E-5	-4.525319E+6	4.536418E+6	1.004030E-5	4.554700E-2	1.000000E-2	0.000000E+0	1.000000E-5	1.000000E+0	1.000000E-5	1.000000E+0	1.000000E+0	1.980000E+2
8.592591E+0	1.000000E+1	-4.300000E-3	9.843000E-6	-4.368587E+5	6.287167E+6	9.988600E-6	6.280000E-2	4.706500E-2	9.843000E-6	4.781571E+6	4.662615E+6	9.988600E-6	4.657300E-2	1.000000E-2	0.000000E+0	1.000000E-5	1.000000E+0	1.000000E-5	1.000000E+0	1.000000E+0	1.990000E+2
8.615359E+0	2.000000E+1	-2.600000E-3	1.001240E-5	-2.596780E+5	-8.981677E+4	1.002040E-5	-9.000000E-4	4.637500E-2	1.001240E-5	4.631757E+6	4.763383E+6	1.002040E-5	4.773100E-2	1.000000E-2	0.000000E+0	1.000000E-5	1.000000E+0	1.000000E-5	1.000000E+0	1.000000E+0	2.000000E+2
8.636377E+0	3.000000E+1	2.660000E-2	8.134800E-6	3.269902E+6	-1.202140E+5	9.982200E-6	-1.200000E-3	4.674300E-2	8.134800E-6	5.746054E+6	4.824588E+6	9.982200E-6	4.816000E-2	1.000000E-2	0.000000E+0	1.000000E-5	1.000000E+0	1.000000E-5	1.000000E+0	1.000000E+0	2.010000E+2
8.659412E+0	4.000000E+1	1.350000E-2	9.876300E-6	1.366909E+6	-5.191952E+5	1.001550E-5	-5.200000E-3	4.538400E-2	9.876300E-6	4.595243E+6	4.635016E+6	1.001550E-5	4.642200E-2	1.000000E-2	0.000000E+0	1.000000E-5	1.000000E+0	1.000000E-5	1.000000E+0	1.000000E+0	2.020000E+2
8.680680E+0	5.000000E+1	9.300000E-3	9.968900E-6	9.329013E+5	1.031857E+6	9.982000E-6	1.030000E-2	4.764700E-2	9.968900E-6	4.779564E+6	4.594971E+6	9.982000E-6	4.586700E-2	1.000000E-2	0.000000E+0	1.000000E-5	1.000000E+0	1.000000E-5	1.000000E+0	1.000000E+0	2.030000E+2
8.703664E+0	6.000000E+1	9.100000E-3	9.985200E-6	9.113488E+5	3.647655E+6	9.951600E-6	3.630000E-2	4.636600E-2	9.985200E-6	4.643472E+6	4.761747E+6	9.951600E-6	4.738700E-2	1.000000E-2	0.000000E+0	1.000000E-5	1.000000E+0	1.000000E-5	1.000000E+0	1.000000E+0	2.040000E+2
8.724749E+0	7.000000E+1	2.800000E-2	9.944500E-6	2.815627E+6	-3.592779E+5	1.002010E-5	-3.600000E-3	4.707500E-2	9.944500E-6	4.733772E+6	4.635283E+6	1.002010E-5	4.644600E-2	1.000000E-2	0.000000E+0	1.000000E-5	1.000000E+0	1.000000E-5	1.000000E+0	1.000000E+0	2.050000E+2
8.746950E+0	8.000000E+1	3.380000E-2	9.961100E-6	3.393200E+6	6.361196E+6	9.982400E-6	6.350000E-2	4.631100E-2	9.961100E-6	4.649185E+6	4.531475E+6	9.982400E-6	4.523500E-2	1.000000E-2	0.000000E+0	1.000000E-5	1.000000E+0	1.000000E-5	1.000000E+0	1.000000E+0	2.060000E+2
8.768085E+0	9.000000E+1	1.140000E-2	9.976500E-6	1.142685E+6	5.907111E+5	1.000489E-4	5.910000E-2	4.647000E-2	9.976500E-6	4.657946E+6	4.634334E+5	1.000489E-4	4.636600E-2	1.000000E-2	0.000000E+0	1.000000E-4	1.000000E+0	1.000000E-5	1.000000E+0	1.000000E+0	2.070000E+2
8.790219E+0	1.000000E+2	9.070000E-2	9.978650E-5	9.089406E+5	3.549954E+5	1.000013E-4	3.550000E-2	4.668100E-2	9.978650E-5	4.678088E+5	4.711239E+5	1.000013E-4	4.711300E-2	1.000000E-2	0.000000E+0	1.000000E-4	1.000000E+0	1.000000E-5	1.000000E+0	1.000000E+0	2.080000E+2
8.811204E+0	1.100000E+2	9.240000E-2	1.000370E-4	9.236582E+5	2.150389E+5	9.998190E-5	2.150000E-2	4.714100E-2	1.000370E-4	4.712356E+5	4.868681E+5	9.998190E-5	4.867800E-2	1.000000E-2	0.000000E+0	1.000000E-4	1.000000E+0	1.000000E-4	1.000000E+0	1.000000E+0	2.090000E+2
8.833355E+0	1.200000E+2	2.410000E-2	9.992730E-5	2.411753E+5	9.194594E+5	1.000588E-4	9.200000E-2	4.641100E-2	9.992730E-5	4.644477E+5	4.576209E+5	1.000588E-4	4.578900E-2	1.000000E-2	0.000000E+0	1.000000E-4	1.000000E+0	1.000000E-4	1.000000E+0	1.000000E+0	2.100000E+2
8.854290E+0	1.300000E+2	6.000000E-2	1.000349E-4	5.997907E+5	3.758658E+5	1.000357E-4	3.760000E-2	4.809100E-2	1.000349E-4	4.807422E+5	4.614453E+5	1.000357E-4	4.616100E-2	1.000000E-2	0.000000E+0	1.000000E-4	1.000000E+0	1.000000E-4	1.000000E+0	1.000000E+0	2.110000E+2
8.876308E+0	1.400000E+2	5.050000E-2	1.000281E-4	5.048581E+5	5.110031E+5	9.999940E-5	5.110000E-2	4.746800E-2	1.000281E-4	4.745467E+5	4.754229E+5	9.999940E-5	4.754200E-2	1.000000E-2	0.000000E+0	1.000000E-4	1.000000E+0	1.000000E-4	1.000000E+0	1.000000E+0	2.120000E+2
8.897159E+0	1.500000E+2	7.850000E-2	1.000103E-4	7.849192E+5	7.912500E+5	9.996840E-5	7.910000E-2	4.508400E-2	1.000103E-4	4.507936E+5	4.602454E+5	9.996840E-5	4.601000E-2	1.000000E-2	0.000000E+0	1.000000E-4	1.000000E+0	1.000000E-4	1.000000E+0	1.000000E+0	2.130000E+2
8.919260E+0	1.600000E+2	9.250000E-2	1.000103E-4	9.249047E+5	2.050351E+5	9.998290E-5	2.050000E-2	4.567900E-2	1.000103E-4	4.567430E+5	4.655896E+5	9.998290E-5	4.655100E-2	1.000000E-2	0.000000E+0	1.000000E-4	1.000000E+0	1.000000E-4	1.000000E+0	1.000000E+0	2.140000E+2
8.940161E+0	1.700000E+2	3.560000E-2	9.999350E-5	3.560231E+5	7.811554E+5	9.998010E-5	7.810000E-2	4.569900E-2	9.999350E-5	4.570197E+5	4.547605E+5	9.998010E-5	4.546700E-2	1.000000E-2	0.000000E+0	1.000000E-4	1.000000E+0	1.000000E-4	1.000000E+0	1.000000E+0	2.150000E+2
8.962229E+0	1.800000E+2	9.210000E-2	9.996900E-5	9.212856E+5	2.098919E+5	1.000515E-4	2.100000E-2	4.624500E-2	9.996900E-5	4.625934E+5	4.605428E+5	1.000515E-4	4.607800E-2	1.000000E-2	0.000000E+0	1.000000E-4	1.000000E+0	1.000000E-4	1.000000E+0	1.000000E+0	2.160000E+2
8.983164E+0	1.900000E+2	4.940000E-2	1.000379E-4	4.938128E+5	7.478422E+5	1.000211E-4	7.480000E-2	4.553900E-2	1.000379E-4	4.552175E+5	4.567636E+5	1.000211E-4	4.568600E-2	1.000000E-2	0.000000E+0	1.000000E-4	1.000000E+0	1.000000E-4	1.000000E+0	1.000000E+0	2.170000E+2
9.005098E+0	2.000000E+2	2.420000E-2	9.993440E-5	2.421589E+5	9.096559E+5	9.992790E-5	9.090000E-2	4.720100E-2	9.993440E-5	4.723198E+5	4.580202E+5	9.992790E-5	4.576900E-2	1.000000E-2	0.000000E+0	1.000000E-4	1.000000E+0	1.000000E-4	1.000000E+0	1.000000E+0	2.180000E+2
9.026100E+0	2.100000E+2	2.660000E-2	1.000385E-4	2.658976E+5	7.738653E+5	1.000174E-4	7.740000E-2	4.683900E-2	1.000385E-4	4.682097E+5	4.714080E+5	1.000174E-4	4.714900E-2	1.000000E-2	0.000000E+0	1.000000E-4	1.000000E+0	1.000000E-4	1.000000E+0	1.000000E+0	2.190000E+2
9.048184E+0	2.200000E+2	4.750000E-2	9.998360E-5	4.750779E+5	7.551873E+5	9.997520E-5	7.550000E-2	4.723400E-2	9.998360E-5	4.724175E+5	4.684662E+5	9.997520E-5	4.683500E-2	1.000000E-2	0.000000E+0	1.000000E-4	1.000000E+0	1.000000E-4	1.000000E+0	1.000000E+0	2.200000E+2
9.069335E+0	2.300000E+2	7.210000E-2	1.000352E-4	7.207463E+5	3.081396E+5	9.995470E-5	3.080000E-2	4.719000E-2	1.000352E-4	4.717339E+5	4.775363E+5	9.995470E-5	4.773200E-2	1.000000E-2	0.000000E+0	1.000000E-4	1.000000E+0	1.000000E-4	1.000000E+0	1.000000E+0	2.210000E+2
9.091953E+0	2.400000E+2	6.900000E-2	9.997420E-5	6.901781E+5	2.430323E+5	9.998670E-5	2.430000E-2	4.557300E-2	9.997420E-5	4.558476E+5	4.643018E+5	9.998670E-5	4.642400E-2	1.000000E-2	0.000000E+0	1.000000E-4	1.000000E+0	1.000000E-4	1.000000E+0	1.000000E+0	2.220000E+2
9.112971E+0	2.500000E+2	9.410000E-2	9.999810E-5	9.410179E+5	2.549890E+5	1.000043E-4	2.550000E-2	4.488800E-2	9.999810E-5	4.488885E+5	4.532705E+5	1.000043E-4	4.532900E-2	1.000000E-2	0.000000E+0	1.000000E-4	1.000000E+0	1.000000E-4	1.000000E+0	1.000000E+0	2.230000E+2
9.135156E+0	2.600000E+2	2.140000E-2	9.998560E-5	2.140308E+5	6.258298E+5	1.000272E-4	6.260000E-2	4.581400E-2	9.998560E-5	4.582060E+5	4.607447E+5	1.000272E-4	4.608700E-2	1.000000E-2	0.000000E+0	1.000000E-4	1.000000E+0	1.000000E-4	1.000000E+0	1.000000E+0	2.240000E+2
9.156207E+0	2.700000E+2	6.470000E-2	9.998360E-5	6.471061E+5	3.798735E+5	1.000333E-4	3.800000E-2	4.609600E-2	9.998360E-5	4.610356E+5	4.586773E+5	1.000333E-4	4.588300E-2	1.000000E-2	0.000000E+0	1.000000E-4	1.000000E+0	1.000000E-4	1.000000E+0	1.000000E+0	2.250000E+2
9.178275E+0	2.800000E+2	9.340000E-2	1.000108E-4	9.338991E+5	2.926988E+5	6.815880E-4	1.995000E-1	4.469000E-2	1.000108E-4	4.468517E+5	6.732513E+4	6.815880E-4	4.588800E-2	1.000000E-2	0.000000E+0	1.000000E-3	1.000000E+0	1.000000E-3	1.000000E+0	1.000000E+0	2.260000E+2
9.199410E+0	2.900000E+2	2.896000E-1	8.806420E-4	3.288510E+5	3.497552E+5	5.703990E-4	1.995000E-1	4.563700E-2	8.806420E-4	5.182242E+4	8.241073E+4	5.703990E-4	4.700700E-2	1.000000E-2	0.000000E+0	1.000000E-3	1.000000E+0	1.000000E-3	1.000000E+0	1.000000E+0	2.270000E+2
9.221161E+0	3.000000E+2	2.996000E-1	7.808280E-4	3.836953E+5	3.617424E+5	5.537090E-4	2.003000E-1	4.484300E-2	7.808280E-4	5.743006E+4	8.588807E+4	5.537090E-4	4.755700E-2	1.000000E-2	0.000000E+0	1.000000E-3	1.000000E+0	1.000000E-3	1.000000E+0	1.000000E+0	2.280000E+2
9.241929E+0	3.100000E+2	3.069000E-1	9.429890E-4	3.254545E+5	2.991374E+5	6.695920E-4	2.003000E-1	4.718400E-2	9.429890E-4	5.003664E+4	7.034284E+4	6.695920E-4	4.710100E-2	1.000000E-2	0.000000E+0	1.000000E-3	1.000000E+0	1.000000E-3	1.000000E+0	1.000000E+0	2.290000E+2
9.263313E+0	3.200000E+2	2.913000E-1	1.001342E-3	2.909096E+5	2.930587E+5	6.838220E-4	2.004000E-1	4.714900E-2	1.001342E-3	4.708581E+4	6.864213E+4	6.838220E-4	4.693900E-2	1.000000E-2	0.000000E+0	1.000000E-3	1.000000E+0	1.000000E-3	1.000000E+0	1.000000E+0	2.300000E+2
9.284881E+0	3.300000E+2	3.283000E-1	9.229200E-4	3.557188E+5	3.589516E+5	5.566210E-4	1.998000E-1	4.662700E-2	9.229200E-4	5.052117E+4	8.387754E+4	5.566210E-4	4.668800E-2	1.000000E-2	0.000000E+0	1.000000E-3	1.000000E+0	1.000000E-3	1.000000E+0	1.000000E+0	2.310000E+2
9.305949E+0	3.400000E+2	3.107000E-1	9.986760E-4	3.111119E+5	2.792856E+5	7.175450E-4	2.004000E-1	4.584800E-2	9.986760E-4	4.590878E+4	6.561679E+4	7.175450E-4	4.708300E-2	1.000000E-2	0.000000E+0	1.000000E-3	1.000000E+0	1.000000E-3	1.000000E+0	1.000000E+0	2.320000E+2
9.326883E+0	3.500000E+2	3.318000E-1	9.925580E-4	3.342878E+5	2.958436E+5	6.773850E-4	2.004000E-1	4.711900E-2	9.925580E-4	4.747229E+4	6.939185E+4	6.773850E-4	4.700500E-2	1.000000E-2	0.000000E+0	1.000000E-3	1.000000E+0	1.000000E-3	1.000000E+0	1.000000E+0	2.330000E+2
9.347935E+0	3.600000E+2	2.952000E-1	9.976640E-4	2.958912E+5	2.921369E+5	6.828990E-4	1.995000E-1	4.559900E-2	9.976640E-4	4.570577E+4	6.772451E+4	6.828990E-4	4.624900E-2	1.000000E-2	0.000000E+0	1.000000E-3	1.000000E+0	1.000000E-3	1.000000E+0	1.000000E+0	2.340000E+2
9.369403E+0	3.700000E+2	3.507000E-1	9.962750E-4	3.520112E+5	3.616775E+5	5.496610E-4	1.988000E-1	4.515200E-2	9.962750E-4	4.532082E+4	8.245446E+4	5.496610E-4	4.532200E-2	1.000000E-2	0.000000E+0	1.000000E-3	1.000000E+0	1.000000E-3	1.000000E+0	1.000000E+0	2.350000E+2
9.390637E+0	3.800000E+2	3.102000E-1	9.984150E-4	3.106924E+5	4.075733E+5	4.912000E-4	2.002000E-1	4.676600E-2	9.984150E-4	4.684024E+4	9.238599E+4	4.912000E-4	4.538000E-2	1.000000E-2	0.000000E+0	1.000000E-3	1.000000E+0	1.000000E-3	1.000000E+0	1.000000E+0	2.360000E+2
9.411755E+0	3.900000E+2	3.647000E-1	9.986770E-4	3.651831E+5	3.986582E+5	5.014320E-4	1.999000E-1	4.608700E-2	9.986770E-4	4.614805E+4	9.621245E+4	5.014320E-4	4.824400E-2	1.000000E-2	0.000000E+0	1.000000E-3	1.000000E+0	1.000000E-3	1.000000E+0	1.000000E+0	2.370000E+2
9.432873E+0	4.000000E+2	2.995000E-1	9.983070E-4	3.000079E+5	3.490814E+5	5.703540E-4	1.991000E-1	4.823400E-2	9.983070E-4	4.831580E+4	8.409163E+4	5.703540E-4	4.796200E-2	1.000000E-2	0.000000E+0	1.000000E-3	1.000000E+0	1.000000E-3	1.000000E+0	1.000000E+0	2.380000E+2
9.454057E+0	4.100000E+2	3.632000E-1	9.993380E-4	3.634406E+5	3.576516E+5	5.608810E-4	2.006000E-1	4.660100E-2	9.993380E-4	4.663187E+4	8.308893E+4	5.608810E-4	4.660300E-2	1.000000E-2	0.000000E+0	1.000000E-3	1.000000E+0	1.000000E-3	1.000000E+0	1.000000E+0	2.390000E+2
9.475175E+0	4.200000E+2	2.976000E-1	9.977530E-4	2.982702E+5	3.001258E+5	6.660540E-4	1.999000E-1	4.830700E-2	9.977530E-4	4.841579E+4	7.022103E+4	6.660540E-4	4.677100E-2	1.000000E-2	0.000000E+0	1.000000E-3	1.000000E+0	1.000000E-3	1.000000E+0	1.000000E+0	2.400000E+2
9.496243E+0	4.300000E+2	2.955000E-1	9.976720E-4	2.961895E+5	3.525581E+5	5.675660E-4	2.001000E-1	4.686100E-2	9.976720E-4	4.697035E+4	8.331013E+4	5.675660E-4	4.728400E-2	1.000000E-2	0.000000E+0	1.000000E-3	1.000000E+0	1.000000E-3	1.000000E+0	1.000000E+0	2.410000E+2
9.517494E+0	4.400000E+2	2.975000E-1	9.961040E-4	2.986636E+5	2.980979E+5	6.712560E-4	2.001000E-1	4.743000E-2	9.961040E-4	4.761551E+4	7.025040E+4	6.712560E-4	4.715600E-2	1.000000E-2	0.000000E+0	1.000000E-3	1.000000E+0	1.000000E-3	1.000000E+0	1.000000E+0	2.420000E+2
9.538562E+0	4.500000E+2	3.092000E-1	1.002329E-3	3.084815E+5	4.464216E+5	4.477830E-4	1.999000E-1	4.730200E-2	1.002329E-3	4.719209E+4	1.051402E+5	4.477830E-4	4.708000E-2	1.000000E-2	0.000000E+0	1.000000E-3	1.000000E+0	1.000000E-3	1.000000E+0	1.000000E+0	2.430000E+2
9.559797E+0	4.600000E+2	3.132000E-1	9.981040E-4	3.137950E+5	2.913607E+5	6.826590E-4	1.989000E-1	4.749300E-2	9.981040E-4	4.758322E+4	6.803690E+4	6.826590E-4	4.644600E-2	1.000000E-2	0.000000E+0	1.000000E-3	1.000000E+0	1.000000E-3	1.000000E+0	1.000000E+0	2.440000E+2
9.582448E+0	4.700000E+2	3.626000E-1	1.004687E-3	3.609084E+5	2.993225E+5	6.658370E-4	1.993000E-1	4.555100E-2	1.004687E-3	4.533850E+4	7.061338E+4	6.658370E-4	4.701700E-2	1.000000E-2	0.000000E+0	1.000000E-3	1.000000E+0	1.000000E-3	1.000000E+0	1.000000E+0	2.450000E+2
9.603216E+0	4.800000E+2	3.097000E-1	1.003901E-3	3.084966E+5	3.484836E+5	5.747760E-4	2.003000E-1	4.635200E-2	1.003901E-3	4.617188E+4	7.935265E+4	5.747760E-4	4.561000E-2	1.000000E-2	0.000000E+0	1.000000E-3	1.000000E+0	1.000000E-3	1.000000E+0	1.000000E+0	2.460000E+2
9.624567E+0	4.900000E+2	3.631000E-1	1.002199E-3	3.623033E+5	4.497037E+5	4.451820E-4	2.002000E-1	4.732200E-2	1.002199E-3	4.721817E+4	1.037868E+5	4.451820E-4	4.620400E-2	1.000000E-2	0.000000E+0	1.000000E-3	1.000000E+0	1.000000E-3	1.000000E+0	1.000000E+0	2.470000E+2
9.645502E+0	5.000000E+2	2.925000E-1	9.978270E-4	2.931370E+5	3.275247E+5	6.106410E-4	2.000000E-1	4.753200E-2	9.978270E-4	4.763551E+4	7.690116E+4	6.106410E-4	4.695900E-2	1.000000E-2	0.000000E+0	1.000000E-3	1.000000E+0	1.000000E-3	1.000000E+0	1.000000E+0	2.480000E+2
9.666520E+0	5.000000E+2	3.095000E-1	9.998910E-4	3.095337E+5	3.399025E+5	5.913460E-4	2.010000E-1	4.615200E-2	9.998910E-4	4.615703E+4	8.002929E+4	5.913460E-4	4.732500E-2	1.000000E-2	0.000000E+0	1.000000E-3	1.000000E+0	1.000000E-3	1.000000E+0	1.000000E+0	2.490000E+2
9.687571E+0	4.900000E+2	3.316000E-1	1.001031E-3	3.312585E+5	4.278564E+5	4.653430E-4	1.991000E-1	4.560600E-2	1.001031E-3	4.555903E+4	1.018711E+5	4.653430E-4	4.740500E-2	1.000000E-2	0.000000E+0	1.000000E-3	1.000000E+0	1.000000E-3	1.000000E+0	1.000000E+0	2.500000E+2
9.708605E+0	4.800000E+2	3.637000E-1	9.990210E-4	3.640564E+5	4.325967E+5	4.618620E-4	1.998000E-1	4.518600E-2	9.990210E-4	4.523028E+4	9.987615E+4	4.618620E-4	4.612900E-2	1.000000E-2	0.000000E+0	1.000000E-3	1.000000E+0	1.000000E-3	1.000000E+0	1.000000E+0	2.510000E+2
9.729890E+0	4.700000E+2	3.542000E-1	1.000272E-3	3.541037E+5	4.474188E+5	4.467850E-4	1.999000E-1	4.513800E-2	1.000272E-3	4.512573E+4	1.024833E+5	4.467850E-4	4.578800E-2	1.000000E-2	0.000000E+0	1.000000E-3	1.000000E+0	1.000000E-3	1.000000E+0	1.000000E+0	2.520000E+2
9.751074E+0	4.600000E+2	2.959000E-1	1.000129E-3	2.958618E+5	2.988260E+5	6.662740E-4	1.991000E-1	4.708400E-2	1.000129E-3	4.707793E+4	7.140456E+4	6.662740E-4	4.757500E-2	1.000000E-2	0.000000E+0	1.000000E-3	1.000000E+0	1.000000E-3	1.000000E+0	1.000000E+0	2.530000E+2
9.773126E+0	4.500000E+2	2.954000E-1	9.992230E-4	2.956297E+5	3.377044E+5	5.925300E-4	2.001000E-1	4.591000E-2	9.992230E-4	4.594570E+4	7.615479E+4	5.925300E-4	4.512400E-2	1.000000E-2	0.000000E+0	1.000000E-3	1.000000E+0	1.000000E-3	1.000000E+0	1.000000E+0	2.540000E+2
9.794410E+0	4.400000E+2	2.986000E-1	1.000222E-3	2.985337E+5	2.869179E+5	6.981090E-4	2.003000E-1	4.713100E-2	1.000222E-3	4.712054E+4	6.622032E+4	6.981090E-4	4.622900E-2	1.000000E-2	0.000000E+0	1.000000E-3	1.000000E+0	1.000000E-3	1.000000E+0	1.000000E+0	2.550000E+2
9.815395E+0	4.300000E+2	2.985000E-1	9.989880E-4	2.988024E+5	2.935066E+5	6.810750E-4	1.999000E-1	4.643800E-2	9.989880E-4	4.648504E+4	6.778402E+4	6.810750E-4	4.616600E-2	1.000000E-2	0.000000E+0	1.000000E-3	1.000000E+0	1.000000E-3	1.000000E+0	1.000000E+0	2.560000E+2
9.836829E+0	4.200000E+2	3.231000E-1	1.000074E-3	3.230761E+5	4.433914E+5	4.494900E-4	1.993000E-1	4.535000E-2	1.000074E-3	4.534664E+4	1.015262E+5	4.494900E-4	4.563500E-2	1.000000E-2	0.000000E+0	1.000000E-3	1.000000E+0	1.000000E-3	1.000000E+0	1.000000E+0	2.570000E+2
9.858031E+0	4.100000E+2	3.074000E-1	9.985190E-4	3.078559E+5	2.899776E+5	6.883290E-4	1.996000E-1	4.503300E-2	9.985190E-4	4.509979E+4	6.638831E+4	6.883290E-4	4.569700E-2	1.000000E-2	0.000000E+0	1.000000E-3	1.000000E+0	1.000000E-3	1.000000E+0	1.000000E+0	2.580000E+2
9.879065E+0	4.000000E+2	2.948000E-1	1.000974E-3	2.945131E+5	3.422956E+5	5.837060E-4	1.998000E-1	4.579600E-2	1.000974E-3	4.575144E+4	7.721696E+4	5.837060E-4	4.507200E-2	1.000000E-2	0.000000E+0	1.000000E-3	1.000000E+0	1.000000E-3	1.000000E+0	1.000000E+0	2.590000E+2
9.900200E+0	3.900000E+2	3.542000E-1	9.995270E-4	3.543676E+5	4.262171E+5	4.713560E-4	2.009000E-1	4.385200E-2	9.995270E-4	4.387275E+4	9.519344E+4	4.713560E-4	4.487000E-2	1.000000E-2	0.000000E+0	1.000000E-3	1.000000E+0	1.000000E-3	1.000000E+0	1.000000E+0	2.600000E+2
9.921501E+0	3.800000E+2	3.504000E-1	1.001980E-3	3.497076E+5	4.393400E+5	4.565940E-4	2.006000E-1	4.539300E-2	1.001980E-3	4.530330E+4	9.928295E+4	4.565940E-4	4.533200E-2	1.000000E-2	0.000000E+0	1.000000E-3	1.000000E+0	1.000000E-3	1.000000E+0	1.000000E+0	2.610000E+2
9.943919E+0	3.700000E+2	3.480000E-1	9.985290E-4	3.485127E+5	3.107385E+5	6.420190E-4	1.995000E-1	4.678300E-2	9.985290E-4	4.685192E+4	7.189974E+4	6.420190E-4	4.616100E-2	1.000000E-2	0.000000E+0	1.000000E-3	1.000000E+0	1.000000E-3	1.000000E+0	1.000000E+0	2.620000E+2
9.964570E+0	3.600000E+2	3.419000E-1	9.921730E-4	3.445972E+5	4.089257E+5	4.866410E-4	1.990000E-1	4.618200E-2	9.921730E-4	4.654632E+4	9.569888E+4	4.866410E-4	4.657100E-2	1.000000E-2	0.000000E+0	1.000000E-3	1.000000E+0	1.000000E-3	1.000000E+0	1.000000E+0	2.630000E+2
9.986505E+0	3.500000E+2	3.489000E-1	9.407650E-4	3.708684E+5	3.943428E+5	5.102160E-4	2.012000E-1	4.649300E-2	9.407650E-4	4.942042E+4	8.957775E+4	5.102160E-4	4.570400E-2	1.000000E-2	0.000000E+0	1.000000E-3	1.000000E+0	1.000000E-3	1.000000E+0	1.000000E+0	2.640000E+2
1.000717E+1	3.400000E+2	3.402000E-1	9.203260E-4	3.696516E+5	4.350806E+5	4.580760E-4	1.993000E-1	4.567500E-2	9.203260E-4	4.962915E+4	9.875872E+4	4.580760E-4	4.523900E-2	1.000000E-2	0.000000E+0	1.000000E-3	1.000000E+0	1.000000E-3	1.000000E+0	1.000000E+0	2.650000E+2
1.002836E+1	3.300000E+2	2.935000E-1	1.002048E-3	2.929001E+5	4.000296E+5	4.999630E-4	2.000000E-1	4.681600E-2	1.002048E-3	4.672032E+4	9.254485E+4	4.999630E-4	4.626900E-2	1.000000E-2	0.000000E+0	1.000000E-3	1.000000E+0	1.000000E-3	1.000000E+0	1.000000E+0	2.660000E+2
1.004946E+1	3.200000E+2	3.203000E-1	8.563000E-4	3.740512E+5	4.361162E+5	4.590520E-4	2.002000E-1	4.549900E-2	8.563000E-4	5.313442E+4	9.701515E+4	4.590520E-4	4.453500E-2	1.000000E-2	0.000000E+0	1.000000E-3	1.000000E+0	1.000000E-3	1.000000E+0	1.000000E+0	2.670000E+2
1.007053E+1	3.100000E+2	3.101000E-1	8.138510E-4	3.810280E+5	4.059070E+5	4.956800E-4	2.012000E-1	4.636700E-2	8.138510E-4	5.697235E+4	9.284417E+4	4.956800E-4	4.602100E-2	1.000000E-2	0.000000E+0	1.000000E-3	1.000000E+0	1.000000E-3	1.000000E+0	1.000000E+0	2.680000E+2
1.009163E+1	3.000000E+2	2.965000E-1	9.540720E-4	3.107732E+5	2.887606E+5	6.901910E-4	1.993000E-1	4.639200E-2	9.540720E-4	4.862526E+4	6.931849E+4	6.901910E-4	4.784300E-2	1.000000E-2	0.000000E+0	1.000000E-3	1.000000E+0	1.000000E-3	1.000000E+0	1.000000E+0	2.690000E+2
1.011273E+1	2.900000E+2	2.888000E-1	9.184580E-4	3.144401E+5	3.411930E+5	5.847130E-4	1.995000E-1	4.573500E-2	9.184580E-4	4.979542E+4	8.093543E+4	5.847130E-4	4.732400E-2	1.000000E-2	0.000000E+0	1.000000E-3	1.000000E+0	1.000000E-3	1.000000E+0	1.000000E+0	2.700000E+2
1.013395E+1	2.800000E+2	2.788000E-1	8.517190E-4	3.273380E+5	2.975021E+5	6.692390E-4	1.991000E-1	4.591200E-2	8.517190E-4	5.390510E+4	6.943110E+4	6.692390E-4	4.646600E-2	1.000000E-2	0.000000E+0	1.000000E-3	1.000000E+0	1.000000E-3	1.000000E+0	1.000000E+0	2.710000E+2
1.015493E+1	2.700000E+2	2.699000E-1	8.726720E-4	3.092800E+5	2.890449E+5	6.922800E-4	2.001000E-1	4.597900E-2	8.726720E-4	5.268761E+4	6.592853E+4	6.922800E-4	4.564100E-2	1.000000E-2	0.000000E+0	1.000000E-3	1.000000E+0	1.000000E-3	1.000000E+0	1.000000E+0	2.720000E+2
1.017593E+1	2.600000E+2	2.583000E-1	8.348960E-4	3.093799E+5	2.885049E+5	6.914960E-4	1.995000E-1	4.580000E-2	8.348960E-4	5.485713E+4	6.494181E+4	6.914960E-4	4.490700E-2	1.000000E-2	0.000000E+0	1.000000E-3	1.000000E+0	1.000000E-3	1.000000E+0	1.000000E+0	2.730000E+2
1.019712E+1	2.500000E+2	2.508000E-1	6.602320E-4	3.798665E+5	4.487346E+5	4.468120E-4	2.005000E-1	4.499500E-2	6.602320E-4	6.815029E+4	1.016736E+5	4.468120E-4	4.542900E-2	1.000000E-2	0.000000E+0	1.000000E-3	1.000000E+0	1.000000E-3	1.000000E+0	1.000000E+0	2.740000E+2
1.021912E+1	2.400000E+2	2.388000E-1	6.357330E-4	3.756294E+5	4.556185E+5	4.422560E-4	2.015000E-1	4.570700E-2	6.357330E-4	7.189654E+4	1.027595E+5	4.422560E-4	4.544600E-2	1.000000E-2	0.000000E+0	1.000000E-3	1.000000E+0	1.000000E-3	1.000000E+0	1.000000E+0	2.750000E+2
1.024032E+1	2.300000E+2	2.299000E-1	7.860480E-4	2.924758E+5	2.940676E+5	6.818160E-4	2.005000E-1	4.612600E-2	7.860480E-4	5.868089E+4	6.977689E+4	6.818160E-4	4.757500E-2	1.000000E-2	0.000000E+0	1.000000E-3	1.000000E+0	1.000000E-3	1.000000E+0	1.000000E+0	2.760000E+2
1.026122E+1	2.200000E+2	2.195000E-1	5.672210E-4	3.869744E+5	3.680726E+5	5.425560E-4	1.997000E-1	4.644000E-2	5.672210E-4	8.187285E+4	8.811441E+4	5.425560E-4	4.780700E-2	1.000000E-2	0.000000E+0	1.000000E-3	1.000000E+0	1.000000E-3	1.000000E+0	1.000000E+0	2.770000E+2
1.028237E+1	2.100000E+2	2.099000E-1	7.142180E-4	2.938879E+5	4.107696E+5	4.864040E-4	1.998000E-1	4.588900E-2	7.142180E-4	6.425069E+4	9.524593E+4	4.864040E-4	4.632800E-2	1.000000E-2	0.000000E+0	1.000000E-3	1.000000E+0	1.000000E-3	1.000000E+0	1.000000E+0	2.780000E+2
1.030361E+1	2.000000E+2	2.011000E-1	6.440440E-4	3.122457E+5	2.950240E+5	6.782500E-4	2.001000E-1	4.574000E-2	6.440440E-4	7.101999E+4	6.989753E+4	6.782500E-4	4.740800E-2	1.000000E-2	0.000000E+0	1.000000E-2	1.000000E+0	1.000000E-2	1.000000E+0	1.000000E+0	2.790000E+2
1.032476E+1	1.900000E+2	1.905000E-1	5.538200E-4	3.439746E+5	4.076685E+5	4.908400E-4	2.001000E-1	4.499900E-2	5.538200E-4	8.125203E+4	9.192405E+4	4.908400E-4	4.512000E-2	1.000000E-2	0.000000E+0	1.000000E-2	1.000000E+0	1.000000E-2	1.000000E+0	1.000000E+0	2.800000E+2
1.034598E+1	1.800000E+2	1.798000E-1	6.075200E-4	2.959573E+5	2.944827E+5	6.767800E-4	1.993000E-1	4.477700E-2	6.075200E-4	7.370457E+4	6.901061E+4	6.767800E-4	4.670500E-2	1.000000E-2	0.000000E+0	1.000000E-2	1.000000E+0	1.000000E-2	1.000000E+0	1.000000E+0	2.810000E+2
1.036704E+1	1.700000E+2	1.698000E-1	5.981600E-4	2.838705E+5	3.070591E+5	6.536200E-4	2.007000E-1	4.681900E-2	5.981600E-4	7.827170E+4	7.208317E+4	6.536200E-4	4.711500E-2	1.000000E-2	0.000000E+0	1.000000E-2	1.000000E+0	1.000000E-2	1.000000E+0	1.000000E+0	2.820000E+2
1.038839E+1	1.600000E+2	1.598000E-1	5.037100E-4	3.172460E+5	4.022252E+5	4.997200E-4	2.010000E-1	4.724700E-2	5.037100E-4	9.379802E+4	9.275594E+4	4.997200E-4	4.635200E-2	1.000000E-2	0.000000E+0	1.000000E-2	1.000000E+0	1.000000E-2	1.000000E+0	1.000000E+0	2.830000E+2
1.040965E+1	1.500000E+2	1.497000E-1	4.814000E-4	3.109680E+5	2.980675E+5	6.716600E-4	2.002000E-1	4.661700E-2	4.814000E-4	9.683631E+4	7.209302E+4	6.716600E-4	4.842200E-2	1.000000E-2	0.000000E+0	1.000000E-2	1.000000E+0	1.000000E-2	1.000000E+0	1.000000E+0	2.840000E+2
1.043198E+1	1.400000E+2	1.403000E-1	3.428100E-4	4.092646E+5	2.888953E+5	6.961000E-4	2.011000E-1	4.603600E-2	3.428100E-4	1.342901E+5	6.870134E+4	6.961000E-4	4.782300E-2	1.000000E-2	0.000000E+0	1.000000E-2	1.000000E+0	1.000000E-2	1.000000E+0	1.000000E+0	2.850000E+2
1.045291E+1	1.300000E+2	1.295000E-1	2.660500E-4	4.867506E+5	3.635243E+5	5.518200E-4	2.006000E-1	4.578000E-2	2.660500E-4	1.720729E+5	8.445145E+4	5.518200E-4	4.660200E-2	1.000000E-2	0.000000E+0	1.000000E-2	1.000000E+0	1.000000E-2	1.000000E+0	1.000000E+0	2.860000E+2
1.047417E+1	1.200000E+2	1.200000E-1	2.164500E-4	5.544006E+5	4.134148E+5	4.830500E-4	1.997000E-1	4.581800E-2	2.164500E-4	2.116794E+5	9.511438E+4	4.830500E-4	4.594500E-2	1.000000E-2	0.000000E+0	1.000000E-2	1.000000E+0	1.000000E-2	1.000000E+0	1.000000E+0	2.870000E+2
1.049582E+1	1.100000E+2	1.102000E-1	1.455600E-4	7.570761E+5	4.343739E+5	4.574400E-4	1.987000E-1	4.532300E-2	1.455600E-4	3.113699E+5	9.903375E+4	4.574400E-4	4.530200E-2	1.000000E-2	0.000000E+0	1.000000E-2	1.000000E+0	1.000000E-2	1.000000E+0	1.000000E+0	2.880000E+2
1.051703E+1	1.000000E+2	1.000000E-1	3.348400E-4	2.986501E+5	3.463376E+5	5.777600E-4	2.001000E-1	4.646900E-2	3.348400E-4	1.387797E+5	7.993631E+4	5.777600E-4	4.618400E-2	1.000000E-2	0.000000E+0	1.000000E-2	1.000000E+0	1.000000E-2	1.000000E+0	1.000000E+0	2.890000E+2
1.053782E+1	9.000000E+1	9.030000E-2	8.392000E-5	1.076025E+6	4.436209E+5	4.506100E-4	1.999000E-1	4.508000E-2	8.392000E-5	5.371783E+5	1.030536E+5	4.506100E-4	4.643700E-2	1.000000E-2	0.000000E+0	1.000000E-2	1.000000E+0	1.000000E-2	1.000000E+0	1.000000E+0	2.900000E+2
1.055930E+1	8.000000E+1	7.960000E-2	2.983800E-4	2.667739E+5	2.950474E+5	6.737900E-4	1.988000E-1	4.614200E-2	2.983800E-4	1.546417E+5	6.818445E+4	6.737900E-4	4.594200E-2	1.000000E-2	0.000000E+0	1.000000E-2	1.000000E+0	1.000000E-2	1.000000E+0	1.000000E+0	2.910000E+2
1.058041E+1	7.000000E+1	6.970000E-2	1.765300E-4	3.948337E+5	4.270008E+5	4.693200E-4	2.004000E-1	4.644300E-2	1.765300E-4	2.630884E+5	9.664195E+4	4.693200E-4	4.535600E-2	1.000000E-2	0.000000E+0	1.000000E-2	1.000000E+0	1.000000E-2	1.000000E+0	1.000000E+0	2.920000E+2
1.060172E+1	6.000000E+1	5.970000E-2	1.149700E-4	5.192659E+5	4.251249E+5	4.704500E-4	2.000000E-1	4.567200E-2	1.149700E-4	3.972515E+5	9.610798E+4	4.704500E-4	4.521400E-2	1.000000E-2	0.000000E+0	1.000000E-2	1.000000E+0	1.000000E-2	1.000000E+0	1.000000E+0	2.930000E+2
1.062284E+1	5.000000E+1	4.980000E-2	-3.800000E-7	-1.310526E+8	3.567150E+5	5.592700E-4	1.995000E-1	4.525600E-2	-3.800000E-7	-1.190947E+8	8.552756E+4	5.592700E-4	4.783300E-2	1.000000E-2	0.000000E+0	1.000000E-2	1.000000E+0	1.000000E-2	1.000000E+0	1.000000E+0	2.940000E+2
1.064381E+1	4.000000E+1	3.960000E-2	-7.790000E-5	-5.083440E+5	3.520915E+5	5.649100E-4	1.989000E-1	4.475900E-2	-7.790000E-5	-5.745700E+5	8.097396E+4	5.649100E-4	4.574300E-2	1.000000E-2	0.000000E+0	1.000000E-2	1.000000E+0	1.000000E-2	1.000000E+0	1.000000E+0	2.950000E+2
1.066501E+1	3.000000E+1	3.000000E-2	2.261000E-5	1.326847E+6	4.409276E+5	4.549500E-4	2.006000E-1	4.507800E-2	2.261000E-5	1.993720E+6	1.004418E+5	4.549500E-4	4.569600E-2	1.000000E-2	0.000000E+0	1.000000E-2	1.000000E+0	1.000000E-2	1.000000E+0	1.000000E+0	2.960000E+2
1.068611E+1	2.000000E+1	2.110000E-2	-1.292300E-4	-1.632748E+5	3.762682E+5	5.312700E-4	1.999000E-1	4.488100E-2	-1.292300E-4	-3.472955E+5	8.411166E+4	5.312700E-4	4.468600E-2	1.000000E-2	0.000000E+0	1.000000E-2	1.000000E+0	1.000000E-2	1.000000E+0	1.000000E+0	2.970000E+2
1.070846E+1	1.000000E+1	1.030000E-2	-1.696600E-4	-6.070965E+4	2.867986E+5	6.956100E-4	1.995000E-1	4.421200E-2	-1.696600E-4	-2.605918E+5	6.728770E+4	6.956100E-4	4.680600E-2	1.000000E-2	0.000000E+0	1.000000E-2	1.000000E+0	1.000000E-2	1.000000E+0	1.000000E+0	2.980000E+2
1.072943E+1	0.000000E+0	-6.000000E-4	-2.153500E-4	2.786162E+3	3.640498E+5	5.496500E-4	2.001000E-1	4.540700E-2	-2.153500E-4	-2.108521E+5	8.431729E+4	5.496500E-4	4.634500E-2	1.000000E-2	0.000000E+0	1.000000E-2	1.000000E+0	1.000000E-2	1.000000E+0	1.000000E+0	2.990000E+2
1.075113E+1	-1.000000E+1	-1.030000E-2	-1.554700E-4	6.625072E+4	2.909575E+5	6.915100E-4	2.012000E-1	4.496900E-2	-1.554700E-4	-2.892455E+5	7.029689E+4	6.915100E-4	4.861100E-2	1.000000E-2	0.000000E+0	1.000000E-2	1.000000E+0	1.000000E-2	1.000000E+0	1.000000E+0	3.000000E+2
1.077203E+1	-2.000000E+1	-2.110000E-2	-2.502900E-4	8.430221E+4	4.465062E+5	4.483700E-4	2.002000E-1	4.651600E-2	-2.502900E-4	-1.858484E+5	1.022125E+5	4.483700E-4	4.582900E-2	1.000000E-2	0.000000E+0	1.000000E-2	1.000000E+0	1.000000E-2	1.000000E+0	1.000000E+0	3.010000E+2
1.079380E+1	-3.000000E+1	-2.870000E-2	-1.985000E-4	1.445844E+5	2.855960E+5	7.006400E-4	2.001000E-1	4.589800E-2	-1.985000E-4	-2.312242E+5	6.705441E+4	7.006400E-4	4.698100E-2	1.000000E-2	0.000000E+0	1.000000E-2	1.000000E+0	1.000000E-2	1.000000E+0	1.000000E+0	3.020000E+2
1.081477E+1	-4.000000E+1	-3.990000E-2	-3.318100E-4	1.202495E+5	3.673953E+5	5.402900E-4	1.985000E-1	4.554900E-2	-3.318100E-4	-1.372743E+5	8.476004E+4	5.402900E-4	4.579500E-2	1.000000E-2	0.000000E+0	1.000000E-2	1.000000E+0	1.000000E-2	1.000000E+0	1.000000E+0	3.030000E+2
1.083654E+1	-5.000000E+1	-5.000000E-2	-1.868200E-4	2.676373E+5	2.964442E+5	6.712900E-4	1.990000E-1	4.543500E-2	-1.868200E-4	-2.432020E+5	6.976716E+4	6.712900E-4	4.683400E-2	1.000000E-2	0.000000E+0	1.000000E-2	1.000000E+0	1.000000E-2	1.000000E+0	1.000000E+0	3.040000E+2
1.085739E+1	-6.000000E+1	-5.970000E-2	-3.832700E-4	1.557649E+5	3.725519E+5	5.381800E-4	2.005000E-1	4.543900E-2	-3.832700E-4	-1.185561E+5	8.728678E+4	5.381800E-4	4.697600E-2	1.000000E-2	0.000000E+0	1.000000E-2	1.000000E+0	1.000000E-2	1.000000E+0	1.000000E+0	3.050000E+2
1.087924E+1	-7.000000E+1	-6.990000E-2	-1.813200E-4	3.855063E+5	3.506098E+5	5.707200E-4	2.001000E-1	4.611800E-2	-1.813200E-4	-2.543459E+5	8.450203E+4	5.707200E-4	4.822700E-2	1.000000E-2	0.000000E+0	1.000000E-2	1.000000E+0	1.000000E-2	1.000000E+0	1.000000E+0	3.060000E+2
1.090024E+1	-8.000000E+1	-8.030000E-2	-2.986900E-4	2.688406E+5	4.558482E+5	4.396200E-4	2.004000E-1	4.649900E-2	-2.986900E-4	-1.556765E+5	1.058005E+5	4.396200E-4	4.651200E-2	1.000000E-2	0.000000E+0	1.000000E-2	1.000000E+0	1.000000E-2	1.000000E+0	1.000000E+0	3.070000E+2
1.092257E+1	-9.000000E+1	-8.950000E-2	-2.599200E-4	3.443367E+5	4.328760E+5	4.606400E-4	1.994000E-1	4.719900E-2	-2.599200E-4	-1.815905E+5	1.015544E+5	4.606400E-4	4.678000E-2	1.000000E-2	0.000000E+0	1.000000E-2	1.000000E+0	1.000000E-2	1.000000E+0	1.000000E+0	3.080000E+2
1.094324E+1	-1.000000E+2	-9.970000E-2	-5.019200E-4	1.986372E+5	4.342649E+5	4.619300E-4	2.006000E-1	4.698600E-2	-5.019200E-4	-9.361253E+4	1.027147E+5	4.619300E-4	4.744700E-2	1.000000E-2	0.000000E+0	1.000000E-2	1.000000E+0	1.000000E-2	1.000000E+0	1.000000E+0	3.090000E+2
1.096433E+1	-1.100000E+2	-1.114000E-1	-5.681000E-4	1.960922E+5	3.896434E+5	5.117500E-4	1.994000E-1	4.625900E-2	-5.681000E-4	-8.142757E+4	9.145872E+4	5.117500E-4	4.680400E-2	1.000000E-2	0.000000E+0	1.000000E-2	1.000000E+0	1.000000E-2	1.000000E+0	1.000000E+0	3.100000E+2
1.098553E+1	-1.200000E+2	-1.202000E-1	-4.716500E-4	2.548500E+5	4.454641E+5	4.489700E-4	2.000000E-1	4.672400E-2	-4.716500E-4	-9.906498E+4	1.083948E+5	4.489700E-4	4.866600E-2	1.000000E-2	0.000000E+0	1.000000E-2	1.000000E+0	1.000000E-2	1.000000E+0	1.000000E+0	3.110000E+2
1.100661E+1	-1.300000E+2	-1.313000E-1	-6.393600E-4	2.053616E+5	4.055451E+5	4.934100E-4	2.001000E-1	4.713300E-2	-6.393600E-4	-7.371903E+4	9.615330E+4	4.934100E-4	4.744300E-2	1.000000E-2	0.000000E+0	1.000000E-2	1.000000E+0	1.000000E-2	1.000000E+0	1.000000E+0	3.120000E+2
1.102788E+1	-1.400000E+2	-1.393000E-1	-6.472400E-4	2.152216E+5	3.585986E+5	5.568900E-4	1.997000E-1	4.592900E-2	-6.472400E-4	-7.096131E+4	8.790964E+4	5.568900E-4	4.895600E-2	1.000000E-2	0.000000E+0	1.000000E-2	1.000000E+0	1.000000E-2	1.000000E+0	1.000000E+0	3.130000E+2
1.104920E+1	-1.500000E+2	-1.502000E-1	-7.060800E-4	2.127238E+5	4.170238E+5	4.783900E-4	1.995000E-1	4.507600E-2	-7.060800E-4	-6.383979E+4	1.003679E+5	4.783900E-4	4.801500E-2	1.000000E-2	0.000000E+0	1.000000E-2	1.000000E+0	1.000000E-2	1.000000E+0	1.000000E+0	3.140000E+2
1.107123E+1	-1.600000E+2	-1.602000E-1	-7.274600E-4	2.202183E+5	3.055657E+5	6.561600E-4	2.005000E-1	4.427300E-2	-7.274600E-4	-6.085970E+4	7.158010E+4	6.561600E-4	4.696800E-2	1.000000E-2	0.000000E+0	1.000000E-2	1.000000E+0	1.000000E-2	1.000000E+0	1.000000E+0	3.150000E+2
1.109248E+1	-1.700000E+2	-1.705000E-1	-7.664200E-4	2.224629E+5	4.220288E+5	4.755600E-4	2.007000E-1	4.375900E-2	-7.664200E-4	-5.709533E+4	9.812221E+4	4.755600E-4	4.666300E-2	1.000000E-2	0.000000E+0	1.000000E-2	1.000000E+0	1.000000E-2	1.000000E+0	1.000000E+0	3.160000E+2
1.111335E+1	-1.800000E+2	-1.814000E-1	-5.965600E-4	3.040767E+5	3.554128E+5	5.635700E-4	2.003000E-1	4.568100E-2	-5.965600E-4	-7.657402E+4	8.295686E+4	5.635700E-4	4.675200E-2	1.000000E-2	0.000000E+0	1.000000E-2	1.000000E+0	1.000000E-2	1.000000E+0	1.000000E+0	3.170000E+2
1.113452E+1	-1.900000E+2	-1.900000E-1	-8.050800E-4	2.360014E+5	2.990540E+5	6.691100E-4	2.001000E-1	4.555800E-2	-8.050800E-4	-5.658817E+4	6.978673E+4	6.691100E-4	4.669500E-2	1.000000E-2	0.000000E+0	1.000000E-2	1.000000E+0	1.000000E-2	1.000000E+0	1.000000E+0	3.180000E+2
1.115562E+1	-2.000000E+2	-2.003000E-1	-6.085700E-4	3.291322E+5	3.099273E+5	6.449900E-4	1.999000E-1	4.526400E-2	-6.085700E-4	-7.437764E+4	7.162282E+4	6.449900E-4	4.619600E-2	1.000000E-2	0.000000E+0	1.000000E-2	1.000000E+0	1.000000E-2	1.000000E+0	1.000000E+0	3.190000E+2
1.117681E+1	-2.100000E+2	-2.094000E-1	-9.045800E-4	2.314886E+5	4.033729E+5	4.933400E-4	1.990000E-1	4.583400E-2	-9.045800E-4	-5.066882E+4	9.674261E+4	4.933400E-4	4.772700E-2	1.000000E-2	0.000000E+0	1.000000E-2	1.000000E+0	1.000000E-2	1.000000E+0	1.000000E+0	3.200000E+2
1.119909E+1	-2.200000E+2	-2.201000E-1	-7.782700E-4	2.828067E+5	4.298501E+5	4.636500E-4	1.993000E-1	4.578400E-2	-7.782700E-4	-5.882791E+4	1.001941E+5	4.636500E-4	4.645500E-2	1.000000E-2	0.000000E+0	1.000000E-2	1.000000E+0	1.000000E-2	1.000000E+0	1.000000E+0	3.210000E+2
1.121984E+1	-2.300000E+2	-2.302000E-1	-9.302600E-4	2.474577E+5	2.957661E+5	6.762100E-4	2.000000E-1	4.593900E-2	-9.302600E-4	-4.938297E+4	6.905843E+4	6.762100E-4	4.669800E-2	1.000000E-2	0.000000E+0	1.000000E-2	1.000000E+0	1.000000E-2	1.000000E+0	1.000000E+0	3.220000E+2
1.124174E+1	-2.400000E+2	-2.403000E-1	-9.581500E-4	2.507958E+5	3.531186E+5	1.134180E-3	4.005000E-1	4.455400E-2	-9.581500E-4	-4.650003E+4	4.129327E+4	1.134180E-3	4.683400E-2	1.000000E-2	0.000000E+0	1.000000E-2	1.000000E+0	1.000000E-2	1.000000E+0	1.000000E+0	3.230000E+2
1.126271E+1	-2.500000E+2	-2.509000E-1	-8.914600E-4	2.814484E+5	3.670916E+5	1.085560E-3	3.985000E-1	4.580100E-2	-8.914600E-4	-5.137752E+4	4.314916E+4	1.085560E-3	4.684100E-2	1.000000E-2	0.000000E+0	1.000000E-2	1.000000E+0	1.000000E-2	1.000000E+0	1.000000E+0	3.240000E+2
1.128418E+1	-2.600000E+2	-2.593000E-1	-8.832300E-4	2.935815E+5	2.965036E+5	1.347370E-3	3.995000E-1	4.659400E-2	-8.832300E-4	-5.275410E+4	3.616675E+4	1.347370E-3	4.873000E-2	1.000000E-2	0.000000E+0	1.000000E-2	1.000000E+0	1.000000E-2	1.000000E+0	1.000000E+0	3.250000E+2
1.130488E+1	-2.700000E+2	-2.700000E-1	-8.898900E-4	3.034083E+5	3.008225E+5	1.330020E-3	4.001000E-1	4.329000E-2	-8.898900E-4	-4.864646E+4	3.524609E+4	1.330020E-3	4.687800E-2	1.000000E-2	0.000000E+0	1.000000E-2	1.000000E+0	1.000000E-2	1.000000E+0	1.000000E+0	3.260000E+2
1.132611E+1	-2.800000E+2	-2.809000E-1	-1.093790E-3	2.568135E+5	3.051181E+5	1.310640E-3	3.999000E-1	4.677000E-2	-1.093790E-3	-4.275958E+4	3.636239E+4	1.310640E-3	4.765800E-2	1.000000E-2	0.000000E+0	1.000000E-2	1.000000E+0	1.000000E-2	1.000000E+0	1.000000E+0	3.270000E+2
1.134747E+1	-2.900000E+2	-2.899000E-1	-1.071420E-3	2.705755E+5	3.335337E+5	1.197780E-3	3.995000E-1	4.608700E-2	-1.071420E-3	-4.301488E+4	4.010670E+4	1.197780E-3	4.803900E-2	1.000000E-2	0.000000E+0	1.000000E-2	1.000000E+0	1.000000E-2	1.000000E+0	1.000000E+0	3.280000E+2
1.136838E+1	-3.000000E+2	-2.997000E-1	-1.160840E-3	2.581751E+5	3.340869E+5	1.194300E-3	3.990000E-1	4.587900E-2	-1.160840E-3	-3.952224E+4	4.126350E+4	1.194300E-3	4.928100E-2	1.000000E-2	0.000000E+0	1.000000E-2	1.000000E+0	1.000000E-2	1.000000E+0	1.000000E+0	3.290000E+2
1.138947E+1	-3.100000E+2	-3.092000E-1	-1.003520E-3	3.081154E+5	2.987413E+5	1.340290E-3	4.004000E-1	4.511100E-2	-1.003520E-3	-4.495277E+4	3.502749E+4	1.340290E-3	4.694700E-2	1.000000E-2	0.000000E+0	1.000000E-2	1.000000E+0	1.000000E-2	1.000000E+0	1.000000E+0	3.300000E+2
1.141060E+1	-3.200000E+2	-3.207000E-1	-1.150580E-3	2.787290E+5	3.678469E+5	1.089040E-3	4.006000E-1	4.575400E-2	-1.150580E-3	-3.976603E+4	4.257970E+4	1.089040E-3	4.637100E-2	1.000000E-2	0.000000E+0	1.000000E-2	1.000000E+0	1.000000E-2	1.000000E+0	1.000000E+0	3.310000E+2
1.143190E+1	-3.300000E+2	-3.297000E-1	-1.146650E-3	2.875332E+5	3.660747E+5	1.092400E-3	3.999000E-1	4.508300E-2	-1.146650E-3	-3.931714E+4	4.273801E+4	1.092400E-3	4.668700E-2	1.000000E-2	0.000000E+0	1.000000E-2	1.000000E+0	1.000000E-2	1.000000E+0	1.000000E+0	3.320000E+2
1.145304E+1	-3.400000E+2	-3.398000E-1	-1.216530E-3	2.793190E+5	3.110201E+5	1.283840E-3	3.993000E-1	4.507800E-2	-1.216530E-3	-3.705457E+4	3.796423E+4	1.283840E-3	4.874000E-2	1.000000E-2	0.000000E+0	1.000000E-2	1.000000E+0	1.000000E-2	1.000000E+0	1.000000E+0	3.330000E+2
1.147421E+1	-3.500000E+2	-3.496000E-1	-1.209810E-3	2.889710E+5	3.424769E+5	1.167670E-3	3.999000E-1	4.592700E-2	-1.209810E-3	-3.796216E+4	4.025281E+4	1.167670E-3	4.700200E-2	1.000000E-2	0.000000E+0	1.000000E-2	1.000000E+0	1.000000E-2	1.000000E+0	1.000000E+0	3.340000E+2
1.149542E+1	-3.600000E+2	-3.589000E-1	-1.125450E-3	3.188947E+5	2.987647E+5	1.340520E-3	4.005000E-1	4.566400E-2	-1.125450E-3	-4.057399E+4	3.620610E+4	1.340520E-3	4.853500E-2	1.000000E-2	0.000000E+0	1.000000E-2	1.000000E+0	1.000000E-2	1.000000E+0	1.000000E+0	3.350000E+2
1.151646E+1	-3.700000E+2	-3.700000E-1	-1.252340E-3	2.954469E+5	3.243085E+5	1.232160E-3	3.996000E-1	4.553200E-2	-1.252340E-3	-3.635754E+4	3.830428E+4	1.232160E-3	4.719700E-2	1.000000E-2	0.000000E+0	1.000000E-2	1.000000E+0	1.000000E-2	1.000000E+0	1.000000E+0	3.360000E+2
1.153748E+1	-3.800000E+2	-3.808000E-1	-1.317610E-3	2.890081E+5	3.438735E+5	1.163800E-3	4.002000E-1	4.547500E-2	-1.317610E-3	-3.451325E+4	4.173999E+4	1.163800E-3	4.857700E-2	1.000000E-2	0.000000E+0	1.000000E-2	1.000000E+0	1.000000E-2	1.000000E+0	1.000000E+0	3.370000E+2
1.155868E+1	-3.900000E+2	-3.892000E-1	-1.361150E-3	2.859347E+5	3.001678E+5	1.334920E-3	4.007000E-1	4.411300E-2	-1.361150E-3	-3.240863E+4	3.564858E+4	1.334920E-3	4.758800E-2	1.000000E-2	0.000000E+0	1.000000E-2	1.000000E+0	1.000000E-2	1.000000E+0	1.000000E+0	3.380000E+2
1.158000E+1	-4.000000E+2	-3.996000E-1	-1.310850E-3	3.048404E+5	2.958401E+5	1.354110E-3	4.006000E-1	4.510100E-2	-1.310850E-3	-3.440592E+4	3.461683E+4	1.354110E-3	4.687500E-2	1.000000E-2	0.000000E+0	1.000000E-2	1.000000E+0	1.000000E-2	1.000000E+0	1.000000E+0	3.390000E+2
1.160100E+1	-4.100000E+2	-4.105000E-1	-1.371460E-3	2.993161E+5	2.947583E+5	1.354330E-3	3.992000E-1	4.473700E-2	-1.371460E-3	-3.261998E+4	3.477587E+4	1.354330E-3	4.709800E-2	1.000000E-2	0.000000E+0	1.000000E-2	1.000000E+0	1.000000E-2	1.000000E+0	1.000000E+0	3.400000E+2
1.162206E+1	-4.200000E+2	-4.201000E-1	-1.366990E-3	3.073175E+5	3.130575E+5	1.278040E-3	4.001000E-1	4.508800E-2	-1.366990E-3	-3.298342E+4	3.699962E+4	1.278040E-3	4.728700E-2	1.000000E-2	0.000000E+0	1.000000E-2	1.000000E+0	1.000000E-2	1.000000E+0	1.000000E+0	3.410000E+2
1.164325E+1	-4.300000E+2	-4.307000E-1	-1.624830E-3	2.650739E+5	3.310732E+5	1.207890E-3	3.999000E-1	4.441500E-2	-1.624830E-3	-2.733517E+4	3.927179E+4	1.207890E-3	4.743600E-2	1.000000E-2	0.000000E+0	1.000000E-2	1.000000E+0	1.000000E-2	1.000000E+0	1.000000E+0	3.420000E+2
1.166440E+1	-4.400000E+2	-4.393000E-1	-1.421970E-3	3.089376E+5	3.092281E+5	1.293220E-3	3.999000E-1	4.616100E-2	-1.421970E-3	-3.246271E+4	3.714913E+4	1.293220E-3	4.804200E-2	1.000000E-2	0.000000E+0	1.000000E-2	1.000000E+0	1.000000E-2	1.000000E+0	1.000000E+0	3.430000E+2
1.168552E+1	-4.500000E+2	-4.505000E-1	-1.694210E-3	2.659056E+5	3.446227E+5	1.161560E-3	4.003000E-1	4.497100E-2	-1.694210E-3	-2.654393E+4	4.149161E+4	1.161560E-3	4.819500E-2	1.000000E-2	0.000000E+0	1.000000E-2	1.000000E+0	1.000000E-2	1.000000E+0	1.000000E+0	3.440000E+2
1.170659E+1	-4.600000E+2	-4.604000E-1	-1.675110E-3	2.748476E+5	3.312978E+5	1.205260E-3	3.993000E-1	4.485700E-2	-1.675110E-3	-2.677854E+4	4.004447E+4	1.205260E-3	4.826400E-2	1.000000E-2	0.000000E+0	1.000000E-2	1.000000E+0	1.000000E-2	1.000000E+0	1.000000E+0	3.450000E+2
1.172867E+1	-4.700000E+2	-4.700000E-1	-1.499110E-3	3.135194E+5	3.037736E+5	1.316770E-3	4.000000E-1	4.623300E-2	-1.499110E-3	-3.084030E+4	3.660624E+4	1.316770E-3	4.820200E-2	1.000000E-2	0.000000E+0	1.000000E-2	1.000000E+0	1.000000E-2	1.000000E+0	1.000000E+0	3.460000E+2
1.175021E+1	-4.800000E+2	-4.797000E-1	-1.806040E-3	2.656087E+5	3.407388E+5	1.174800E-3	4.003000E-1	4.380600E-2	-1.806040E-3	-2.425528E+4	3.998553E+4	1.174800E-3	4.697500E-2	1.000000E-2	0.000000E+0	1.000000E-2	1.000000E+0	1.000000E-2	1.000000E+0	1.000000E+0	3.470000E+2
1.177159E+1	-4.900000E+2	-4.897000E-1	-1.707870E-3	2.867314E+5	3.035869E+5	1.317580E-3	4.000000E-1	4.529300E-2	-1.707870E-3	-2.652017E+4	3.683875E+4	1.317580E-3	4.853800E-2	1.000000E-2	0.000000E+0	1.000000E-2	1.000000E+0	1.000000E-2	1.000000E+0	1.000000E+0	3.480000E+2
1.179269E+1	-5.000000E+2	-5.006000E-1	-1.614550E-3	3.100554E+5	3.079382E+5	1.301560E-3	4.008000E-1	4.711600E-2	-1.614550E-3	-2.918213E+4	3.722149E+4	1.301560E-3	4.844600E-2	1.000000E-2	0.000000E+0	1.000000E-2	1.000000E+0	1.000000E-2	1.000000E+0	1.000000E+0	3.490000E+2
1.181361E+1	-5.100000E+2	-5.098000E-1	-1.683030E-3	3.029061E+5	2.936280E+5	1.363630E-3	4.004000E-1	4.660700E-2	-1.683030E-3	-2.769232E+4	3.636910E+4	1.363630E-3	4.959400E-2	1.000000E-2	0.000000E+0	1.000000E-2	1.000000E+0	1.000000E-2	1.000000E+0	1.000000E+0	3.500000E+2
1.183469E+1	-5.200000E+2	-5.195000E-1	-1.694580E-3	3.065656E+5	3.189453E+5	1.253820E-3	3.999000E-1	4.676100E-2	-1.694580E-3	-2.759445E+4	3.824871E+4	1.253820E-3	4.795700E-2	1.000000E-2	0.000000E+0	1.000000E-2	1.000000E+0	1.000000E-2	1.000000E+0	1.000000E+0	3.510000E+2
1.185593E+1	-5.300000E+2	-5.295000E-1	-1.797950E-3	2.945021E+5	2.962930E+5	1.353390E-3	4.010000E-1	4.562200E-2	-1.797950E-3	-2.537445E+4	3.680831E+4	1.353390E-3	4.981600E-2	1.000000E-2	0.000000E+0	1.000000E-2	1.000000E+0	1.000000E-2	1.000000E+0	1.000000E+0	3.520000E+2
1.187698E+1	-5.400000E+2	-5.408000E-1	-1.738160E-3	3.111336E+5	2.970055E+5	1.349470E-3	4.008000E-1	4.773600E-2	-1.738160E-3	-2.746352E+4	3.828392E+4	1.349470E-3	5.166300E-2	1.000000E-2	0.000000E+0	1.000000E-2	1.000000E+0	1.000000E-2	1.000000E+0	1.000000E+0	3.530000E+2
1.189865E+1	-5.500000E+2	-5.499000E-1	-1.825470E-3	3.012375E+5	3.195268E+5	1.252790E-3	4.003000E-1	4.695500E-2	-1.825470E-3	-2.572214E+4	3.899536E+4	1.252790E-3	4.885300E-2	1.000000E-2	0.000000E+0	1.000000E-2	1.000000E+0	1.000000E-2	1.000000E+0	1.000000E+0	3.540000E+2
1.191952E+1	-5.600000E+2	-5.616000E-1	-2.030030E-3	2.766462E+5	3.434146E+5	1.166520E-3	4.006000E-1	4.483400E-2	-2.030030E-3	-2.208539E+4	4.217759E+4	1.166520E-3	4.920100E-2	1.000000E-2	0.000000E+0	1.000000E-2	1.000000E+0	1.000000E-2	1.000000E+0	1.000000E+0	3.550000E+2
1.194152E+1	-5.700000E+2	-5.705000E-1	-2.100460E-3	2.716072E+5	3.272034E+5	1.221870E-3	3.998000E-1	4.643200E-2	-2.100460E-3	-2.210563E+4	4.069991E+4	1.221870E-3	4.973000E-2	1.000000E-2	0.000000E+0	1.000000E-2	1.000000E+0	1.000000E-2	1.000000E+0	1.000000E+0	3.560000E+2
1.196227E+1	-5.800000E+2	-5.803000E-1	-1.938790E-3	2.993104E+5	2.940096E+5	1.361520E-3	4.003000E-1	4.645800E-2	-1.938790E-3	-2.396237E+4	3.641518E+4	1.361520E-3	4.958000E-2	1.000000E-2	0.000000E+0	1.000000E-2	1.000000E+0	1.000000E-2	1.000000E+0	1.000000E+0	3.570000E+2
1.198422E+1	-5.900000E+2	-5.891000E-1	-2.086090E-3	2.823943E+5	3.096373E+5	1.292480E-3	4.002000E-1	4.428500E-2	-2.086090E-3	-2.122871E+4	3.784198E+4	1.292480E-3	4.891000E-2	1.000000E-2	0.000000E+0	1.000000E-2	1.000000E+0	1.000000E-2	1.000000E+0	1.000000E+0	3.580000E+2
1.200495E+1	-6.000000E+2	-5.998000E-1	-1.952290E-3	3.072289E+5	2.961013E+5	1.352240E-3	4.004000E-1	4.492000E-2	-1.952290E-3	-2.300888E+4	3.685071E+4	1.352240E-3	4.983100E-2	1.000000E-2	0.000000E+0	1.000000E-2	1.000000E+0	1.000000E-2	1.000000E+0	1.000000E+0	3.590000E+2
1.202697E+1	-6.100000E+2	-6.108000E-1	-1.978200E-3	3.087655E+5	3.108430E+5	1.288110E-3	4.004000E-1	4.532900E-2	-1.978200E-3	-2.291427E+4	3.704497E+4	1.288110E-3	4.771800E-2	1.000000E-2	0.000000E+0	1.000000E-2	1.000000E+0	1.000000E-2	1.000000E+0	1.000000E+0	3.600000E+2
1.204791E+1	-6.200000E+2	-6.205000E-1	-2.154550E-3	2.879952E+5	3.055668E+5	1.309370E-3	4.001000E-1	4.447500E-2	-2.154550E-3	-2.064236E+4	3.632434E+4	1.309370E-3	4.756200E-2	1.000000E-2	0.000000E+0	1.000000E-2	1.000000E+0	1.000000E-2	1.000000E+0	1.000000E+0	3.610000E+2
1.206962E+1	-6.300000E+2	-6.291000E-1	-2.037330E-3	3.087865E+5	3.012071E+5	1.331310E-3	4.010000E-1	4.610200E-2	-2.037330E-3	-2.262864E+4	3.597134E+4	1.331310E-3	4.788900E-2	1.000000E-2	0.000000E+0	1.000000E-2	1.000000E+0	1.000000E-2	1.000000E+0	1.000000E+0	3.620000E+2
1.209056E+1	-6.400000E+2	-6.407000E-1	-2.272800E-3	2.818990E+5	3.099624E+5	1.293060E-3	4.008000E-1	4.443500E-2	-2.272800E-3	-1.955077E+4	3.764636E+4	1.293060E-3	4.867900E-2	1.000000E-2	0.000000E+0	1.000000E-2	1.000000E+0	1.000000E-2	1.000000E+0	1.000000E+0	3.630000E+2
1.211251E+1	-6.500000E+2	-6.507000E-1	-2.334570E-3	2.787237E+5	3.278810E+5	1.217210E-3	3.991000E-1	4.600700E-2	-2.334570E-3	-1.970684E+4	4.015084E+4	1.217210E-3	4.887200E-2	1.000000E-2	0.000000E+0	1.000000E-2	1.000000E+0	1.000000E-2	1.000000E+0	1.000000E+0	3.640000E+2
1.213341E+1	-6.600000E+2	-6.603000E-1	-2.247810E-3	2.937526E+5	3.609162E+5	1.110230E-3	4.007000E-1	4.499400E-2	-2.247810E-3	-2.001682E+4	4.333426E+4	1.110230E-3	4.811100E-2	1.000000E-2	0.000000E+0	1.000000E-2	1.000000E+0	1.000000E-2	1.000000E+0	1.000000E+0	3.650000E+2
1.215506E+1	-6.700000E+2	-6.700000E-1	-2.371540E-3	2.825168E+5	3.647658E+5	1.096320E-3	3.999000E-1	4.473100E-2	-2.371540E-3	-1.886158E+4	4.409844E+4	1.096320E-3	4.834600E-2	1.000000E-2	0.000000E+0	1.000000E-2	1.000000E+0	1.000000E-2	1.000000E+0	1.000000E+0	3.660000E+2
1.217573E+1	-6.800000E+2	-6.797000E-1	-2.405580E-3	2.825514E+5	3.585127E+5	1.118510E-3	4.010000E-1	4.657600E-2	-2.405580E-3	-1.936165E+4	4.259595E+4	1.118510E-3	4.764400E-2	1.000000E-2	0.000000E+0	1.000000E-2	1.000000E+0	1.000000E-2	1.000000E+0	1.000000E+0	3.670000E+2
1.219758E+1	-6.900000E+2	-6.888000E-1	-2.290360E-3	3.007387E+5	3.592335E+5	1.112090E-3	3.995000E-1	4.456400E-2	-2.290360E-3	-1.945720E+4	4.309453E+4	1.112090E-3	4.792500E-2	1.000000E-2	0.000000E+0	1.000000E-2	1.000000E+0	1.000000E-2	1.000000E+0	1.000000E+0	3.680000E+2
1.221928E+1	-7.000000E+2	-7.001000E-1	-2.280710E-3	3.069658E+5	3.156010E+5	1.267740E-3	4.001000E-1	4.548700E-2	-2.280710E-3	-1.994423E+4	3.720400E+4	1.267740E-3	4.716500E-2	1.000000E-2	0.000000E+0	1.000000E-2	1.000000E+0	1.000000E-2	1.000000E+0	1.000000E+0	3.690000E+2
1.224095E+1	-7.000000E+2	-7.004000E-1	-2.287630E-3	3.061684E+5	3.463226E+5	1.155570E-3	4.002000E-1	4.578400E-2	-2.287630E-3	-2.001373E+4	4.231072E+4	1.155570E-3	4.889300E-2	1.000000E-2	0.000000E+0	1.000000E-2	1.000000E+0	1.000000E-2	1.000000E+0	1.000000E+0	3.700000E+2
1.226183E+1	-6.900000E+2	-6.906000E-1	-2.386720E-3	2.893511E+5	2.992694E+5	1.335920E-3	3.998000E-1	4.561100E-2	-2.386720E-3	-1.911033E+4	3.783685E+4	1.335920E-3	5.054700E-2	1.000000E-2	0.000000E+0	1.000000E-2	1.000000E+0	1.000000E-2	1.000000E+0	1.000000E+0	3.710000E+2
1.228337E+1	-6.800000E+2	-6.800000E-1	-2.426940E-3	2.801882E+5	3.610134E+5	1.106330E-3	3.994000E-1	4.557500E-2	-2.426940E-3	-1.877879E+4	4.255602E+4	1.106330E-3	4.708100E-2	1.000000E-2	0.000000E+0	1.000000E-2	1.000000E+0	1.000000E-2	1.000000E+0	1.000000E+0	3.720000E+2
1.230514E+1	-6.700000E+2	-6.697000E-1	-2.341170E-3	2.860536E+5	3.107804E+5	1.290300E-3	4.010000E-1	4.600100E-2	-2.341170E-3	-1.964872E+4	3.735953E+4	1.290300E-3	4.820500E-2	1.000000E-2	0.000000E+0	1.000000E-2	1.000000E+0	1.000000E-2	1.000000E+0	1.000000E+0	3.730000E+2
1.232644E+1	-6.600000E+2	-6.598000E-1	-2.328640E-3	2.833413E+5	3.292103E+5	1.213510E-3	3.995000E-1	4.580400E-2	-2.328640E-3	-1.966985E+4	3.927285E+4	1.213510E-3	4.765800E-2	1.000000E-2	0.000000E+0	1.000000E-2	1.000000E+0	1.000000E-2	1.000000E+0	1.000000E+0	3.740000E+2
1.234724E+1	-6.500000E+2	-6.512000E-1	-2.140620E-3	3.042109E+5	3.513350E+5	1.138230E-3	3.999000E-1	4.592100E-2	-2.140620E-3	-2.145220E+4	4.288940E+4	1.138230E-3	4.881800E-2	1.000000E-2	0.000000E+0	1.000000E-2	1.000000E+0	1.000000E-2	1.000000E+0	1.000000E+0	3.750000E+2
1.236831E+1	-6.400000E+2	-6.408000E-1	-2.329410E-3	2.750911E+5	3.657533E+5	1.094180E-3	4.002000E-1	4.391400E-2	-2.329410E-3	-1.885198E+4	4.317297E+4	1.094180E-3	4.723900E-2	1.000000E-2	0.000000E+0	1.000000E-2	1.000000E+0	1.000000E-2	1.000000E+0	1.000000E+0	3.760000E+2
1.238929E+1	-6.300000E+2	-6.293000E-1	-2.238340E-3	2.811458E+5	3.579986E+5	1.118440E-3	4.004000E-1	4.551300E-2	-2.238340E-3	-2.033337E+4	4.234827E+4	1.118440E-3	4.736400E-2	1.000000E-2	0.000000E+0	1.000000E-2	1.000000E+0	1.000000E-2	1.000000E+0	1.000000E+0	3.770000E+2
1.241068E+1	-6.200000E+2	-6.197000E-1	-2.200240E-3	2.816511E+5	3.625473E+5	1.103580E-3	4.001000E-1	4.408600E-2	-2.200240E-3	-2.003691E+4	4.285417E+4	1.103580E-3	4.729300E-2	1.000000E-2	0.000000E+0	1.000000E-2	1.000000E+0	1.000000E-2	1.000000E+0	1.000000E+0	3.780000E+2
1.243233E+1	-6.100000E+2	-6.105000E-1	-2.166350E-3	2.818104E+5	3.417043E+5	1.170310E-3	3.999000E-1	4.385400E-2	-2.166350E-3	-2.024327E+4	3.992446E+4	1.170310E-3	4.672400E-2	1.000000E-2	0.000000E+0	1.000000E-2	1.000000E+0	1.000000E-2	1.000000E+0	1.000000E+0	3.790000E+2
1.245325E+1	-6.000000E+2	-6.010000E-1	-2.030720E-3	2.959541E+5	3.252858E+5	1.230610E-3	4.003000E-1	4.368900E-2	-2.030720E-3	-2.151404E+4	3.859712E+4	1.230610E-3	4.749800E-2	1.000000E-2	0.000000E+0	1.000000E-2	1.000000E+0	1.000000E-2	1.000000E+0	1.000000E+0	3.800000E+2
1.247515E+1	-5.900000E+2	-5.904000E-1	-1.944230E-3	3.036678E+5	2.958755E+5	1.353610E-3	4.005000E-1	4.414600E-2	-1.944230E-3	-2.270616E+4	3.669447E+4	1.353610E-3	4.967000E-2	1.000000E-2	0.000000E+0	1.000000E-2	1.000000E+0	1.000000E-2	1.000000E+0	1.000000E+0	3.810000E+2
1.249590E+1	-5.800000E+2	-5.803000E-1	-1.872710E-3	3.098718E+5	3.387763E+5	1.180720E-3	4.000000E-1	4.501100E-2	-1.872710E-3	-2.403522E+4	3.979521E+4	1.180720E-3	4.698700E-2	1.000000E-2	0.000000E+0	1.000000E-2	1.000000E+0	1.000000E-2	1.000000E+0	1.000000E+0	3.820000E+2
1.251755E+1	-5.700000E+2	-5.702000E-1	-1.876990E-3	3.037843E+5	3.206574E+5	1.246190E-3	3.996000E-1	4.417900E-2	-1.876990E-3	-2.353715E+4	3.863215E+4	1.246190E-3	4.814300E-2	1.000000E-2	0.000000E+0	1.000000E-2	1.000000E+0	1.000000E-2	1.000000E+0	1.000000E+0	3.830000E+2
1.253920E+1	-5.600000E+2	-5.599000E-1	-1.792850E-3	3.122961E+5	2.974281E+5	1.346880E-3	4.006000E-1	4.391400E-2	-1.792850E-3	-2.449396E+4	3.507736E+4	1.346880E-3	4.724500E-2	1.000000E-2	0.000000E+0	1.000000E-2	1.000000E+0	1.000000E-2	1.000000E+0	1.000000E+0	3.840000E+2
1.256042E+1	-5.500000E+2	-5.488000E-1	-1.950880E-3	2.813089E+5	3.292134E+5	1.219270E-3	4.014000E-1	4.330400E-2	-1.950880E-3	-2.219716E+4	3.874203E+4	1.219270E-3	4.723700E-2	1.000000E-2	0.000000E+0	1.000000E-2	1.000000E+0	1.000000E-2	1.000000E+0	1.000000E+0	3.850000E+2
1.258119E+1	-5.400000E+2	-5.400000E-1	-1.751910E-3	3.082350E+5	2.974180E+5	1.343900E-3	3.997000E-1	4.404600E-2	-1.751910E-3	-2.514170E+4	3.553241E+4	1.343900E-3	4.775200E-2	1.000000E-2	0.000000E+0	1.000000E-2	1.000000E+0	1.000000E-2	1.000000E+0	1.000000E+0	3.860000E+2
1.260235E+1	-5.300000E+2	-5.299000E-1	-1.926970E-3	2.749913E+5	3.603823E+5	1.107990E-3	3.993000E-1	4.470800E-2	-1.926970E-3	-2.320119E+4	4.312584E+4	1.107990E-3	4.778300E-2	1.000000E-2	0.000000E+0	1.000000E-2	1.000000E+0	1.000000E-2	1.000000E+0	1.000000E+0	3.870000E+2
1.262347E+1	-5.200000E+2	-5.207000E-1	-1.712950E-3	3.039785E+5	2.973350E+5	1.349320E-3	4.012000E-1	4.634500E-2	-1.712950E-3	-2.705566E+4	3.470859E+4	1.349320E-3	4.683300E-2	1.000000E-2	0.000000E+0	1.000000E-2	1.000000E+0	1.000000E-2	1.000000E+0	1.000000E+0	3.880000E+2
1.264457E+1	-5.100000E+2	-5.102000E-1	-1.643760E-3	3.103859E+5	3.049643E+5	1.314580E-3	4.009000E-1	4.607500E-2	-1.643760E-3	-2.803025E+4	3.662919E+4	1.314580E-3	4.815200E-2	1.000000E-2	0.000000E+0	1.000000E-2	1.000000E+0	1.000000E-2	1.000000E+0	1.000000E+0	3.890000E+2
1.266571E+1	-5.000000E+2	-4.998000E-1	-1.843540E-3	2.711088E+5	3.468128E+5	1.155090E-3	4.006000E-1	4.430600E-2	-1.843540E-3	-2.403311E+4	4.081673E+4	1.155090E-3	4.714700E-2	1.000000E-2	0.000000E+0	1.000000E-2	1.000000E+0	1.000000E-2	1.000000E+0	1.000000E+0	3.900000E+2
1.268706E+1	-4.900000E+2	-4.898000E-1	-1.813960E-3	2.700170E+5	3.549099E+5	1.127610E-3	4.002000E-1	4.437600E-2	-1.813960E-3	-2.446360E+4	4.299714E+4	1.127610E-3	4.848400E-2	1.000000E-2	0.000000E+0	1.000000E-2	1.000000E+0	1.000000E-2	1.000000E+0	1.000000E+0	3.910000E+2
1.270818E+1	-4.800000E+2	-4.800000E-1	-1.610110E-3	2.981163E+5	2.981814E+5	1.341130E-3	3.999000E-1	4.357700E-2	-1.610110E-3	-2.706461E+4	3.523447E+4	1.341130E-3	4.725400E-2	1.000000E-2	0.000000E+0	1.000000E-2	1.000000E+0	1.000000E-2	1.000000E+0	1.000000E+0	3.920000E+2
1.272934E+1	-4.700000E+2	-4.702000E-1	-1.627620E-3	2.888881E+5	3.349266E+5	1.192500E-3	3.994000E-1	4.624600E-2	-1.627620E-3	-2.841327E+4	4.000587E+4	1.192500E-3	4.770700E-2	1.000000E-2	0.000000E+0	1.000000E-2	1.000000E+0	1.000000E-2	1.000000E+0	1.000000E+0	3.930000E+2
1.275121E+1	-4.600000E+2	-4.591000E-1	-1.496920E-3	3.066964E+5	2.962957E+5	1.350340E-3	4.001000E-1	4.595700E-2	-1.496920E-3	-3.070104E+4	3.622495E+4	1.350340E-3	4.891600E-2	1.000000E-2	0.000000E+0	1.000000E-2	1.000000E+0	1.000000E-2	1.000000E+0	1.000000E+0	3.940000E+2
1.277216E+1	-4.500000E+2	-4.506000E-1	-1.628710E-3	2.766607E+5	3.085455E+5	1.298350E-3	4.006000E-1	4.589000E-2	-1.628710E-3	-2.817567E+4	3.666808E+4	1.298350E-3	4.760800E-2	1.000000E-2	0.000000E+0	1.000000E-2	1.000000E+0	1.000000E-2	1.000000E+0	1.000000E+0	3.950000E+2
1.279417E+1	-4.400000E+2	-4.401000E-1	-1.562860E-3	2.815991E+5	3.195411E+5	1.253360E-3	4.005000E-1	4.542600E-2	-1.562860E-3	-2.906594E+4	3.696304E+4	1.253360E-3	4.632800E-2	1.000000E-2	0.000000E+0	1.000000E-2	1.000000E+0	1.000000E-2	1.000000E+0	1.000000E+0	3.960000E+2
1.281485E+1	-4.300000E+2	-4.300000E-1	-1.530540E-3	2.809466E+5	3.447535E+5	1.162860E-3	4.009000E-1	4.464200E-2	-1.530540E-3	-2.916748E+4	4.286587E+4	1.162860E-3	4.984700E-2	1.000000E-2	0.000000E+0	1.000000E-2	1.000000E+0	1.000000E-2	1.000000E+0	1.000000E+0	3.970000E+2
1.283613E+1	-4.200000E+2	-4.191000E-1	-1.568590E-3	2.671826E+5	3.173634E+5	1.260700E-3	4.001000E-1	4.541700E-2	-1.568590E-3	-2.895403E+4	3.832315E+4	1.260700E-3	4.831400E-2	1.000000E-2	0.000000E+0	1.000000E-2	1.000000E+0	1.000000E-2	1.000000E+0	1.000000E+0	3.980000E+2
1.285712E+1	-4.100000E+2	-4.100000E-1	-1.531090E-3	2.677831E+5	3.531978E+5	1.132510E-3	4.000000E-1	4.564900E-2	-1.531090E-3	-2.981471E+4	4.316606E+4	1.132510E-3	4.888600E-2	1.000000E-2	0.000000E+0	1.000000E-2	1.000000E+0	1.000000E-2	1.000000E+0	1.000000E+0	3.990000E+2
1.287844E+1	-4.000000E+2	-4.000000E-1	-1.469860E-3	2.721348E+5	3.575008E+5	1.117480E-3	3.995000E-1	4.455100E-2	-1.469860E-3	-3.030969E+4	4.249204E+4	1.117480E-3	4.748400E-2	1.000000E-2	0.000000E+0	1.000000E-2	1.000000E+0	1.000000E-2	1.000000E+0	1.000000E+0	4.000000E+2
1.289970E+1	-3.900000E+2	-3.903000E-1	-1.261350E-3	3.094304E+5	3.133317E+5	1.277560E-3	4.003000E-1	4.605600E-2	-1.261350E-3	-3.651326E+4	3.786202E+4	1.277560E-3	4.837100E-2	1.000000E-2	0.000000E+0	1.000000E-2	1.000000E+0	1.000000E-2	1.000000E+0	1.000000E+0	4.010000E+2
1.292091E+1	-3.800000E+2	-3.807000E-1	-1.453590E-3	2.619033E+5	3.371894E+5	1.186870E-3	4.002000E-1	4.556400E-2	-1.453590E-3	-3.134584E+4	4.106431E+4	1.186870E-3	4.873800E-2	1.000000E-2	0.000000E+0	1.000000E-2	1.000000E+0	1.000000E-2	1.000000E+0	1.000000E+0	4.020000E+2
1.294206E+1	-3.700000E+2	-3.710000E-1	-1.187940E-3	3.123053E+5	3.065929E+5	1.305640E-3	4.003000E-1	4.799400E-2	-1.187940E-3	-4.040103E+4	3.763978E+4	1.305640E-3	4.914400E-2	1.000000E-2	0.000000E+0	1.000000E-2	1.000000E+0	1.000000E-2	1.000000E+0	1.000000E+0	4.030000E+2
1.296336E+1	-3.600000E+2	-3.601000E-1	-1.141530E-3	3.154538E+5	3.006134E+5	1.330280E-3	3.999000E-1	4.808000E-2	-1.141530E-3	-4.211891E+4	3.649006E+4	1.330280E-3	4.854200E-2	1.000000E-2	0.000000E+0	1.000000E-2	1.000000E+0	1.000000E-2	1.000000E+0	1.000000E+0	4.040000E+2
1.298453E+1	-3.500000E+2	-3.502000E-1	-1.314230E-3	2.664678E+5	3.615362E+5	1.105560E-3	3.997000E-1	4.717800E-2	-1.314230E-3	-3.589783E+4	4.464796E+4	1.105560E-3	4.936100E-2	1.000000E-2	0.000000E+0	1.000000E-2	1.000000E+0	1.000000E-2	1.000000E+0	1.000000E+0	4.050000E+2
1.300588E+1	-3.400000E+2	-3.410000E-1	-1.296050E-3	2.631071E+5	3.604942E+5	1.110420E-3	4.003000E-1	4.566500E-2	-1.296050E-3	-3.523398E+4	4.274239E+4	1.110420E-3	4.746200E-2	1.000000E-2	0.000000E+0	1.000000E-2	1.000000E+0	1.000000E-2	1.000000E+0	1.000000E+0	4.060000E+2
1.302710E+1	-3.300000E+2	-3.302000E-1	-1.029160E-3	3.208442E+5	3.054696E+5	1.308150E-3	3.996000E-1	4.591200E-2	-1.029160E-3	-4.461114E+4	3.688338E+4	1.308150E-3	4.824900E-2	1.000000E-2	0.000000E+0	1.000000E-2	1.000000E+0	1.000000E-2	1.000000E+0	1.000000E+0	4.070000E+2
1.304843E+1	-3.200000E+2	-3.211000E-1	-1.027570E-3	3.124848E+5	2.963878E+5	1.351270E-3	4.005000E-1	4.631200E-2	-1.027570E-3	-4.506944E+4	3.588846E+4	1.351270E-3	4.849500E-2	1.000000E-2	0.000000E+0	1.000000E-2	1.000000E+0	1.000000E-2	1.000000E+0	1.000000E+0	4.080000E+2
1.306966E+1	-3.100000E+2	-3.102000E-1	-1.252560E-3	2.476528E+5	3.439056E+5	1.163110E-3	4.000000E-1	4.449400E-2	-1.252560E-3	-3.552245E+4	4.235627E+4	1.163110E-3	4.926500E-2	1.000000E-2	0.000000E+0	1.000000E-2	1.000000E+0	1.000000E-2	1.000000E+0	1.000000E+0	4.090000E+2
1.309100E+1	-3.000000E+2	-2.997000E-1	-1.191070E-3	2.516225E+5	3.611036E+5	1.105500E-3	3.992000E-1	4.496000E-2	-1.191070E-3	-3.774757E+4	4.161013E+4	1.105500E-3	4.600000E-2	1.000000E-2	0.000000E+0	1.000000E-2	1.000000E+0	1.000000E-2	1.000000E+0	1.000000E+0	4.100000E+2
1.311237E+1	-2.900000E+2	-2.905000E-1	-1.157830E-3	2.509004E+5	3.674224E+5	1.086760E-3	3.993000E-1	4.514200E-2	-1.157830E-3	-3.898845E+4	4.424160E+4	1.086760E-3	4.808000E-2	1.000000E-2	0.000000E+0	1.000000E-2	1.000000E+0	1.000000E-2	1.000000E+0	1.000000E+0	4.110000E+2
1.313422E+1	-2.800000E+2	-2.804000E-1	-9.063400E-4	3.093762E+5	3.244010E+5	1.233350E-3	4.001000E-1	4.574200E-2	-9.063400E-4	-5.046892E+4	3.835489E+4	1.233350E-3	4.730500E-2	1.000000E-2	0.000000E+0	1.000000E-2	1.000000E+0	1.000000E-2	1.000000E+0	1.000000E+0	4.120000E+2
1.315505E+1	-2.700000E+2	-2.708000E-1	-1.094070E-3	2.475162E+5	3.582440E+5	1.115720E-3	3.997000E-1	4.620300E-2	-1.094070E-3	-4.223039E+4	4.149966E+4	1.115720E-3	4.630200E-2	1.000000E-2	0.000000E+0	1.000000E-2	1.000000E+0	1.000000E-2	1.000000E+0	1.000000E+0	4.130000E+2
1.317700E+1	-2.600000E+2	-2.604000E-1	-9.235200E-4	2.819647E+5	3.552497E+5	1.126250E-3	4.001000E-1	4.571800E-2	-9.235200E-4	-4.950407E+4	4.146770E+4	1.126250E-3	4.670300E-2	1.000000E-2	0.000000E+0	1.000000E-2	1.000000E+0	1.000000E-2	1.000000E+0	1.000000E+0	4.140000E+2
1.319790E+1	-2.500000E+2	-2.507000E-1	-8.303800E-4	3.019100E+5	2.933228E+5	1.361640E-3	3.994000E-1	4.541700E-2	-8.303800E-4	-5.469424E+4	3.455245E+4	1.361640E-3	4.704800E-2	1.000000E-2	0.000000E+0	1.000000E-2	1.000000E+0	1.000000E-2	1.000000E+0	1.000000E+0	4.150000E+2
1.321984E+1	-2.400000E+2	-2.412000E-1	-8.883500E-4	2.715146E+5	2.976617E+5	1.341120E-3	3.992000E-1	4.539900E-2	-8.883500E-4	-5.110486E+4	3.556505E+4	1.341120E-3	4.769700E-2	1.000000E-2	0.000000E+0	1.000000E-2	1.000000E+0	1.000000E-2	1.000000E+0	1.000000E+0	4.160000E+2
1.324081E+1	-2.300000E+2	-2.296000E-1	-9.500700E-4	2.416664E+5	3.288863E+5	1.216530E-3	4.001000E-1	4.562300E-2	-9.500700E-4	-4.802067E+4	3.973515E+4	1.216530E-3	4.833900E-2	1.000000E-2	0.000000E+0	1.000000E-2	1.000000E+0	1.000000E-2	1.000000E+0	1.000000E+0	4.170000E+2
1.326283E+1	-2.200000E+2	-2.200000E-1	-8.851400E-4	2.485483E+5	2.969857E+5	1.348550E-3	4.005000E-1	4.675400E-2	-8.851400E-4	-5.282102E+4	3.606911E+4	1.348550E-3	4.864100E-2	1.000000E-2	0.000000E+0	1.000000E-2	1.000000E+0	1.000000E-2	1.000000E+0	1.000000E+0	4.180000E+2
1.328384E+1	-2.100000E+2	-2.093000E-1	-7.743400E-4	2.702947E+5	3.018831E+5	1.328660E-3	4.011000E-1	4.659400E-2	-7.743400E-4	-6.017253E+4	3.656090E+4	1.328660E-3	4.857700E-2	1.000000E-2	0.000000E+0	1.000000E-2	1.000000E+0	1.000000E-2	1.000000E+0	1.000000E+0	4.190000E+2
1.330554E+1	-2.000000E+2	-1.996000E-1	-7.842700E-4	2.545042E+5	2.971458E+5	1.347150E-3	4.003000E-1	4.641000E-2	-7.842700E-4	-5.917605E+4	3.561964E+4	1.347150E-3	4.798500E-2	1.000000E-2	0.000000E+0	1.000000E-2	1.000000E+0	1.000000E-2	1.000000E+0	1.000000E+0	4.200000E+2
1.332633E+1	-1.900000E+2	-1.893000E-1	-5.936600E-4	3.188694E+5	3.145065E+5	1.270880E-3	3.997000E-1	4.631100E-2	-5.936600E-4	-7.800930E+4	3.763927E+4	1.270880E-3	4.783500E-2	1.000000E-2	0.000000E+0	1.000000E-2	1.000000E+0	1.000000E-2	1.000000E+0	1.000000E+0	4.210000E+2
1.334801E+1	-1.800000E+2	-1.797000E-1	-5.676800E-4	3.165516E+5	3.198951E+5	1.250410E-3	4.000000E-1	4.689900E-2	-5.676800E-4	-8.261521E+4	3.832503E+4	1.250410E-3	4.792200E-2	1.000000E-2	0.000000E+0	1.000000E-2	1.000000E+0	1.000000E-2	1.000000E+0	1.000000E+0	4.220000E+2
1.336876E+1	-1.700000E+2	-1.695000E-1	-6.464500E-4	2.622013E+5	3.585690E+5	1.114430E-3	3.996000E-1	4.691200E-2	-6.464500E-4	-7.256864E+4	4.267294E+4	1.114430E-3	4.755600E-2	1.000000E-2	0.000000E+0	1.000000E-2	1.000000E+0	1.000000E-2	1.000000E+0	1.000000E+0	4.230000E+2
1.339067E+1	-1.600000E+2	-1.597000E-1	-5.117400E-4	3.120725E+5	3.171386E+5	1.263170E-3	4.006000E-1	4.697700E-2	-5.117400E-4	-9.179857E+4	3.790939E+4	1.263170E-3	4.788600E-2	1.000000E-2	0.000000E+0	1.000000E-2	1.000000E+0	1.000000E-2	1.000000E+0	1.000000E+0	4.240000E+2
1.341135E+1	-1.500000E+2	-1.495000E-1	-4.762300E-4	3.139239E+5	3.151045E+5	1.269420E-3	4.000000E-1	4.758600E-2	-4.762300E-4	-9.992231E+4	3.857431E+4	1.269420E-3	4.896700E-2	1.000000E-2	0.000000E+0	1.000000E-2	1.000000E+0	1.000000E-2	1.000000E+0	1.000000E+0	4.250000E+2
1.343315E+1	-1.400000E+2	-1.398000E-1	-5.507100E-4	2.538541E+5	3.698636E+5	1.081750E-3	4.001000E-1	4.739900E-2	-5.507100E-4	-8.606889E+4	4.332609E+4	1.081750E-3	4.686800E-2	1.000000E-2	0.000000E+0	1.000000E-2	1.000000E+0	1.000000E-2	1.000000E+0	1.000000E+0	4.260000E+2
1.345404E+1	-1.300000E+2	-1.303000E-1	-4.309200E-4	3.023763E+5	3.093206E+5	1.293480E-3	4.001000E-1	4.661000E-2	-4.309200E-4	-1.081639E+5	3.759007E+4	1.293480E-3	4.862200E-2	1.000000E-2	0.000000E+0	1.000000E-2	1.000000E+0	1.000000E-2	1.000000E+0	1.000000E+0	4.270000E+2
1.347604E+1	-1.200000E+2	-1.205000E-1	-4.031200E-4	2.989184E+5	3.012266E+5	1.330560E-3	4.008000E-1	4.762400E-2	-4.031200E-4	-1.181385E+5	3.698067E+4	1.330560E-3	4.920500E-2	1.000000E-2	0.000000E+0	1.000000E-2	1.000000E+0	1.000000E-2	1.000000E+0	1.000000E+0	4.280000E+2
1.349696E+1	-1.100000E+2	-1.086000E-1	-5.616400E-4	1.933623E+5	3.349138E+5	1.191650E-3	3.991000E-1	4.600800E-2	-5.616400E-4	-8.191724E+4	4.064448E+4	1.191650E-3	4.843400E-2	1.000000E-2	0.000000E+0	1.000000E-2	1.000000E+0	1.000000E-2	1.000000E+0	1.000000E+0	4.290000E+2
1.351881E+1	-1.000000E+2	-1.006000E-1	-2.911400E-4	3.455382E+5	3.201901E+5	1.249570E-3	4.001000E-1	4.767700E-2	-2.911400E-4	-1.637597E+5	3.974247E+4	1.249570E-3	4.966100E-2	1.000000E-2	0.000000E+0	1.000000E-2	1.000000E+0	1.000000E-2	1.000000E+0	1.000000E+0	4.300000E+2
1.353962E+1	-9.000000E+1	-8.950000E-2	-5.232400E-4	1.710496E+5	3.549499E+5	1.128610E-3	4.006000E-1	4.681900E-2	-5.232400E-4	-8.947902E+4	4.233260E+4	1.128610E-3	4.777700E-2	1.000000E-2	0.000000E+0	1.000000E-2	1.000000E+0	1.000000E-2	1.000000E+0	1.000000E+0	4.310000E+2
1.356113E+1	-8.000000E+1	-8.000000E-2	-2.211800E-4	3.616964E+5	2.981468E+5	1.340950E-3	3.998000E-1	4.727800E-2	-2.211800E-4	-2.137535E+5	3.619971E+4	1.340950E-3	4.854200E-2	1.000000E-2	0.000000E+0	1.000000E-2	1.000000E+0	1.000000E-2	1.000000E+0	1.000000E+0	4.320000E+2
1.358279E+1	-7.000000E+1	-6.930000E-2	-3.084200E-4	2.246936E+5	3.018165E+5	1.325640E-3	4.001000E-1	4.730600E-2	-3.084200E-4	-1.533818E+5	3.713753E+4	1.325640E-3	4.923100E-2	1.000000E-2	0.000000E+0	1.000000E-2	1.000000E+0	1.000000E-2	1.000000E+0	1.000000E+0	4.330000E+2
1.360408E+1	-6.000000E+1	-5.940000E-2	-3.968200E-4	1.496900E+5	3.377928E+5	1.184750E-3	4.002000E-1	4.748100E-2	-3.968200E-4	-1.196537E+5	4.079257E+4	1.184750E-3	4.832900E-2	1.000000E-2	0.000000E+0	1.000000E-2	1.000000E+0	1.000000E-2	1.000000E+0	1.000000E+0	4.340000E+2
1.362515E+1	-5.000000E+1	-4.890000E-2	-3.564400E-4	1.371900E+5	3.479334E+5	1.150220E-3	4.002000E-1	4.678800E-2	-3.564400E-4	-1.312647E+5	4.190590E+4	1.150220E-3	4.820100E-2	1.000000E-2	0.000000E+0	1.000000E-2	1.000000E+0	1.000000E-2	1.000000E+0	1.000000E+0	4.350000E+2
1.364630E+1	-4.000000E+1	-3.940000E-2	-7.545000E-5	5.222001E+5	3.009486E+5	1.326140E-3	3.991000E-1	4.711700E-2	-7.545000E-5	-6.244798E+5	3.708357E+4	1.326140E-3	4.917800E-2	1.000000E-2	0.000000E+0	1.000000E-2	1.000000E+0	1.000000E-2	1.000000E+0	1.000000E+0	4.360000E+2
1.366738E+1	-3.000000E+1	-2.910000E-2	-1.386600E-4	2.098659E+5	3.457965E+5	1.160220E-3	4.012000E-1	4.643500E-2	-1.386600E-4	-3.348839E+5	4.064402E+4	1.160220E-3	4.715600E-2	1.000000E-2	0.000000E+0	1.000000E-2	1.000000E+0	1.000000E-2	1.000000E+0	1.000000E+0	4.370000E+2
1.368872E+1	-2.000000E+1	-2.020000E-2	-5.040000E-5	4.007937E+5	3.262093E+5	1.225900E-3	3.999000E-1	4.687900E-2	-5.040000E-5	-9.301389E+5	4.068521E+4	1.225900E-3	4.987600E-2	1.000000E-2	0.000000E+0	1.000000E-2	1.000000E+0	1.000000E-2	1.000000E+0	1.000000E+0	4.380000E+2
1.370988E+1	-1.000000E+1	-1.050000E-2	-2.365300E-4	4.439183E+4	3.449764E+5	1.158630E-3	3.997000E-1	4.526500E-2	-2.365300E-4	-1.913711E+5	4.182871E+4	1.158630E-3	4.846400E-2	1.000000E-2	0.000000E+0	1.000000E-2	1.000000E+0	1.000000E-2	1.000000E+0	1.000000E+0	4.390000E+2
1.373105E+1	0.000000E+0	1.000000E-4	1.872000E-5	5.341880E+3	3.000248E+5	1.329890E-3	3.990000E-1	4.810400E-2	1.872000E-5	2.569658E+6	3.551948E+4	1.329890E-3	4.723700E-2	1.000000E-2	0.000000E+0	1.000000E-2	1.000000E+0	1.000000E-2	1.000000E+0	1.000000E+0	4.400000E+2
1.375220E+1	1.000000E+1	1.080000E-2	-1.776200E-4	-6.080396E+4	3.702435E+5	1.079830E-3	3.998000E-1	4.626900E-2	-1.776200E-4	-2.604943E+5	4.417547E+4	1.079830E-3	4.770200E-2	1.000000E-2	0.000000E+0	1.000000E-2	1.000000E+0	1.000000E-2	1.000000E+0	1.000000E+0	4.410000E+2
1.377347E+1	2.000000E+1	1.910000E-2	-9.200000E-7	-2.076087E+7	3.478798E+5	1.148960E-3	3.997000E-1	4.737500E-2	-9.200000E-7	-5.149457E+7	4.126253E+4	1.148960E-3	4.740900E-2	1.000000E-2	0.000000E+0	1.000000E-2	1.000000E+0	1.000000E-2	1.000000E+0	1.000000E+0	4.420000E+2
1.379459E+1	3.000000E+1	3.050000E-2	-1.014200E-4	-3.007296E+5	3.495423E+5	1.146070E-3	4.006000E-1	4.550000E-2	-1.014200E-4	-4.486295E+5	4.210912E+4	1.146070E-3	4.826000E-2	1.000000E-2	0.000000E+0	1.000000E-2	1.000000E+0	1.000000E-2	1.000000E+0	1.000000E+0	4.430000E+2
1.381591E+1	4.000000E+1	4.010000E-2	-9.189000E-5	-4.363913E+5	3.554761E+5	1.124970E-3	3.999000E-1	4.676900E-2	-9.189000E-5	-5.089672E+5	4.136288E+4	1.124970E-3	4.653200E-2	1.000000E-2	0.000000E+0	1.000000E-2	1.000000E+0	1.000000E-2	1.000000E+0	1.000000E+0	4.440000E+2
1.383689E+1	5.000000E+1	4.870000E-2	9.680000E-6	5.030992E+6	3.734800E+5	1.070740E-3	3.999000E-1	4.687700E-2	9.680000E-6	4.842665E+6	4.523227E+4	1.070740E-3	4.843200E-2	1.000000E-2	0.000000E+0	1.000000E-2	1.000000E+0	1.000000E-2	1.000000E+0	1.000000E+0	4.450000E+2
1.385833E+1	6.000000E+1	6.010000E-2	4.600000E-7	1.306522E+8	3.100253E+5	1.290540E-3	4.001000E-1	4.720000E-2	4.600000E-7	1.026087E+8	3.761294E+4	1.290540E-3	4.854100E-2	1.000000E-2	0.000000E+0	1.000000E-2	1.000000E+0	1.000000E-2	1.000000E+0	1.000000E+0	4.460000E+2
1.388054E+1	7.000000E+1	6.900000E-2	2.319300E-4	2.975036E+5	3.573948E+5	1.119770E-3	4.002000E-1	4.587600E-2	2.319300E-4	1.978011E+5	4.210240E+4	1.119770E-3	4.714500E-2	1.000000E-2	0.000000E+0	1.000000E-2	1.000000E+0	1.000000E-2	1.000000E+0	1.000000E+0	4.470000E+2
1.390140E+1	8.000000E+1	7.930000E-2	2.374800E-4	3.339229E+5	2.959218E+5	1.354750E-3	4.009000E-1	4.737400E-2	2.374800E-4	1.994863E+5	3.558000E+4	1.354750E-3	4.820200E-2	1.000000E-2	0.000000E+0	1.000000E-2	1.000000E+0	1.000000E-2	1.000000E+0	1.000000E+0	4.480000E+2
1.392306E+1	9.000000E+1	8.980000E-2	2.577000E-4	3.484672E+5	2.975623E+5	1.342240E-3	3.994000E-1	4.722900E-2	2.577000E-4	1.832712E+5	3.597717E+4	1.342240E-3	4.829000E-2	1.000000E-2	0.000000E+0	1.000000E-2	1.000000E+0	1.000000E-2	1.000000E+0	1.000000E+0	4.490000E+2
1.394398E+1	1.000000E+2	1.005000E-1	1.330200E-4	7.555255E+5	3.413124E+5	1.172240E-3	4.001000E-1	4.583000E-2	1.330200E-4	3.445347E+5	4.002081E+4	1.172240E-3	4.691400E-2	1.000000E-2	0.000000E+0	1.000000E-2	1.000000E+0	1.000000E-2	1.000000E+0	1.000000E+0	4.500000E+2
1.396595E+1	1.100000E+2	1.094000E-1	1.883000E-4	5.809878E+5	3.364466E+5	1.187410E-3	3.995000E-1	4.548200E-2	1.883000E-4	2.415401E+5	3.888210E+4	1.187410E-3	4.616900E-2	1.000000E-2	0.000000E+0	1.000000E-2	1.000000E+0	1.000000E-2	1.000000E+0	1.000000E+0	4.510000E+2
1.398690E+1	1.200000E+2	1.202000E-1	3.244300E-4	3.704959E+5	3.573887E+5	1.118670E-3	3.998000E-1	4.594800E-2	3.244300E-4	1.416269E+5	4.205440E+4	1.118670E-3	4.704500E-2	1.000000E-2	0.000000E+0	1.000000E-2	1.000000E+0	1.000000E-2	1.000000E+0	1.000000E+0	4.520000E+2
1.400888E+1	1.300000E+2	1.299000E-1	4.149100E-4	3.130799E+5	3.527234E+5	1.134600E-3	4.002000E-1	4.644300E-2	4.149100E-4	1.119351E+5	4.247664E+4	1.134600E-3	4.819400E-2	1.000000E-2	0.000000E+0	1.000000E-2	1.000000E+0	1.000000E-2	1.000000E+0	1.000000E+0	4.530000E+2
1.402969E+1	1.400000E+2	1.397000E-1	2.603500E-4	5.365854E+5	3.316504E+5	1.208200E-3	4.007000E-1	4.556200E-2	2.603500E-4	1.750029E+5	4.124897E+4	1.208200E-3	4.983700E-2	1.000000E-2	0.000000E+0	1.000000E-2	1.000000E+0	1.000000E-2	1.000000E+0	1.000000E+0	4.540000E+2
1.405162E+1	1.500000E+2	1.506000E-1	3.389000E-4	4.443789E+5	3.597375E+5	1.112200E-3	4.001000E-1	4.652700E-2	3.389000E-4	1.372883E+5	4.194479E+4	1.112200E-3	4.665100E-2	1.000000E-2	0.000000E+0	1.000000E-2	1.000000E+0	1.000000E-2	1.000000E+0	1.000000E+0	4.550000E+2
1.407249E+1	1.600000E+2	1.598000E-1	5.781500E-4	2.763989E+5	2.941609E+5	1.359800E-3	4.000000E-1	4.654200E-2	5.781500E-4	8.050160E+4	3.474261E+4	1.359800E-3	4.724300E-2	1.000000E-2	0.000000E+0	1.000000E-2	1.000000E+0	1.000000E-2	1.000000E+0	1.000000E+0	4.560000E+2
1.409454E+1	1.700000E+2	1.704000E-1	6.037900E-4	2.822173E+5	3.163342E+5	1.265750E-3	4.004000E-1	4.811800E-2	6.037900E-4	7.969327E+4	3.673316E+4	1.265750E-3	4.649500E-2	1.000000E-2	0.000000E+0	1.000000E-2	1.000000E+0	1.000000E-2	1.000000E+0	1.000000E+0	4.570000E+2
1.411542E+1	1.800000E+2	1.807000E-1	4.347500E-4	4.156412E+5	3.263164E+5	1.227030E-3	4.004000E-1	4.598500E-2	4.347500E-4	1.057734E+5	3.829491E+4	1.227030E-3	4.698900E-2	1.000000E-2	0.000000E+0	1.000000E-2	1.000000E+0	1.000000E-2	1.000000E+0	1.000000E+0	4.580000E+2
1.413741E+1	1.900000E+2	1.908000E-1	4.328600E-4	4.407892E+5	3.054158E+5	1.309690E-3	4.000000E-1	4.657600E-2	4.328600E-4	1.076006E+5	3.591308E+4	1.309690E-3	4.703500E-2	1.000000E-2	0.000000E+0	1.000000E-2	1.000000E+0	1.000000E-2	1.000000E+0	1.000000E+0	4.590000E+2
1.415834E+1	2.000000E+2	2.011000E-1	4.682400E-4	4.294806E+5	3.441791E+5	1.159280E-3	3.990000E-1	4.702400E-2	4.682400E-4	1.004271E+5	4.106342E+4	1.159280E-3	4.760400E-2	1.000000E-2	0.000000E+0	1.000000E-2	1.000000E+0	1.000000E-2	1.000000E+0	1.000000E+0	4.600000E+2
1.418023E+1	2.100000E+2	2.100000E-1	7.062700E-4	2.973367E+5	3.635620E+5	1.100500E-3	4.001000E-1	4.834600E-2	7.062700E-4	6.845257E+4	4.327306E+4	1.100500E-3	4.762200E-2	1.000000E-2	0.000000E+0	1.000000E-2	1.000000E+0	1.000000E-2	1.000000E+0	1.000000E+0	4.610000E+2
1.420111E+1	2.200000E+2	2.203000E-1	6.213200E-4	3.545677E+5	2.934273E+5	1.367630E-3	4.013000E-1	4.740700E-2	6.213200E-4	7.630046E+4	3.476306E+4	1.367630E-3	4.754300E-2	1.000000E-2	0.000000E+0	1.000000E-2	1.000000E+0	1.000000E-2	1.000000E+0	1.000000E+0	4.620000E+2
1.422241E+1	2.300000E+2	2.298000E-1	6.481200E-4	3.545640E+5	3.019906E+5	1.326200E-3	4.005000E-1	4.759100E-2	6.481200E-4	7.342930E+4	3.691374E+4	1.326200E-3	4.895500E-2	1.000000E-2	0.000000E+0	1.000000E-2	1.000000E+0	1.000000E-2	1.000000E+0	1.000000E+0	4.630000E+2
1.424418E+1	2.400000E+2	2.393000E-1	8.255100E-4	2.898814E+5	3.428140E+5	1.166230E-3	3.998000E-1	4.734800E-2	8.255100E-4	5.735606E+4	4.174134E+4	1.166230E-3	4.868000E-2	1.000000E-2	0.000000E+0	1.000000E-2	1.000000E+0	1.000000E-2	1.000000E+0	1.000000E+0	4.640000E+2
1.426548E+1	2.500000E+2	2.501000E-1	8.594500E-4	2.910001E+5	2.971289E+5	1.347900E-3	4.005000E-1	4.682600E-2	8.594500E-4	5.448368E+4	3.452111E+4	1.347900E-3	4.653100E-2	1.000000E-2	0.000000E+0	1.000000E-2	1.000000E+0	1.000000E-2	1.000000E+0	1.000000E+0	4.650000E+2
1.428762E+1	2.600000E+2	2.599000E-1	6.821200E-4	3.810180E+5	3.563981E+5	1.122060E-3	3.999000E-1	4.614800E-2	6.821200E-4	6.765379E+4	4.124913E+4	1.122060E-3	4.628400E-2	1.000000E-2	0.000000E+0	1.000000E-2	1.000000E+0	1.000000E-2	1.000000E+0	1.000000E+0	4.660000E+2
1.430867E+1	2.700000E+2	2.700000E-1	8.621500E-4	3.131706E+5	3.012747E+5	1.327360E-3	3.999000E-1	4.641000E-2	8.621500E-4	5.383054E+4	3.498448E+4	1.327360E-3	4.643700E-2	1.000000E-2	0.000000E+0	1.000000E-2	1.000000E+0	1.000000E-2	1.000000E+0	1.000000E+0	4.670000E+2
1.433065E+1	2.800000E+2	2.793000E-1	7.126200E-4	3.919340E+5	3.077337E+5	1.302100E-3	4.007000E-1	4.632900E-2	7.126200E-4	6.501221E+4	3.694494E+4	1.302100E-3	4.810600E-2	1.000000E-2	0.000000E+0	1.000000E-2	1.000000E+0	1.000000E-2	1.000000E+0	1.000000E+0	4.680000E+2
1.435162E+1	2.900000E+2	2.910000E-1	8.272900E-4	3.517509E+5	3.083360E+5	1.295340E-3	3.994000E-1	4.765100E-2	8.272900E-4	5.759891E+4	3.677567E+4	1.295340E-3	4.763700E-2	1.000000E-2	0.000000E+0	1.000000E-2	1.000000E+0	1.000000E-2	1.000000E+0	1.000000E+0	4.690000E+2
1.437399E+1	3.000000E+2	3.012000E-1	7.944100E-4	3.791493E+5	2.929342E+5	1.366860E-3	4.004000E-1	4.669400E-2	7.944100E-4	5.877821E+4	3.555668E+4	1.366860E-3	4.860100E-2	1.000000E-2	0.000000E+0	1.000000E-2	1.000000E+0	1.000000E-2	1.000000E+0	1.000000E+0	4.700000E+2
1.439486E+1	3.250000E+2	3.250000E-1	8.423400E-4	3.858299E+5	3.488748E+5	1.145110E-3	3.995000E-1	4.699200E-2	8.423400E-4	5.578745E+4	4.077512E+4	1.145110E-3	4.669200E-2	1.000000E-2	0.000000E+0	1.000000E-2	1.000000E+0	1.000000E-2	1.000000E+0	1.000000E+0	4.710000E+2
1.441659E+1	3.500000E+2	3.501000E-1	1.001670E-3	3.495163E+5	2.977259E+5	1.342510E-3	3.997000E-1	4.519500E-2	1.001670E-3	4.511965E+4	3.578148E+4	1.342510E-3	4.803700E-2	1.000000E-2	0.000000E+0	1.000000E-2	1.000000E+0	1.000000E-2	1.000000E+0	1.000000E+0	4.720000E+2
1.443754E+1	3.750000E+2	3.755000E-1	1.022630E-3	3.671905E+5	3.462744E+5	1.158330E-3	4.011000E-1	4.750800E-2	1.022630E-3	4.645669E+4	4.180588E+4	1.158330E-3	4.842500E-2	1.000000E-2	0.000000E+0	1.000000E-2	1.000000E+0	1.000000E-2	1.000000E+0	1.000000E+0	4.730000E+2
1.445953E+1	4.000000E+2	3.997000E-1	1.099450E-3	3.635454E+5	3.004504E+5	1.334330E-3	4.009000E-1	4.829700E-2	1.099450E-3	4.392833E+4	3.614923E+4	1.334330E-3	4.823500E-2	1.000000E-2	0.000000E+0	1.000000E-2	1.000000E+0	1.000000E-2	1.000000E+0	1.000000E+0	4.740000E+2
1.448043E+1	4.250000E+2	4.243000E-1	1.316020E-3	3.224115E+5	3.667468E+5	1.093670E-3	4.011000E-1	4.879400E-2	1.316020E-3	3.707694E+4	4.590233E+4	1.093670E-3	5.020200E-2	1.000000E-2	0.000000E+0	1.000000E-2	1.000000E+0	1.000000E-2	1.000000E+0	1.000000E+0	4.750000E+2
1.450225E+1	4.500000E+2	4.495000E-1	1.358590E-3	3.308577E+5	2.969165E+5	1.347180E-3	4.000000E-1	4.889500E-2	1.358590E-3	3.598952E+4	3.561662E+4	1.347180E-3	4.798200E-2	1.000000E-2	0.000000E+0	1.000000E-2	1.000000E+0	1.000000E-2	1.000000E+0	1.000000E+0	4.760000E+2
1.452321E+1	4.750000E+2	4.744000E-1	1.433720E-3	3.308875E+5	3.287322E+5	1.217100E-3	4.001000E-1	4.898500E-2	1.433720E-3	3.416636E+4	3.886451E+4	1.217100E-3	4.730200E-2	1.000000E-2	0.000000E+0	1.000000E-2	1.000000E+0	1.000000E-2	1.000000E+0	1.000000E+0	4.770000E+2
1.454513E+1	5.000000E+2	5.006000E-1	1.436770E-3	3.484204E+5	3.311741E+5	1.207220E-3	3.998000E-1	4.851800E-2	1.436770E-3	3.376880E+4	4.019731E+4	1.207220E-3	4.852700E-2	1.000000E-2	0.000000E+0	1.000000E-2	1.000000E+0	1.000000E-2	1.000000E+0	1.000000E+0	4.780000E+2
1.456628E+1	5.250000E+2	5.250000E-1	1.753250E-3	2.994439E+5	3.188850E+5	1.253430E-3	3.997000E-1	4.859500E-2	1.753250E-3	2.771710E+4	3.746041E+4	1.253430E-3	4.695400E-2	1.000000E-2	0.000000E+0	1.000000E-2	1.000000E+0	1.000000E-2	1.000000E+0	1.000000E+0	4.790000E+2
1.458760E+1	5.500000E+2	5.511000E-1	1.844210E-3	2.988271E+5	3.187461E+5	1.254290E-3	3.998000E-1	4.947900E-2	1.844210E-3	2.682937E+4	3.931627E+4	1.254290E-3	4.931400E-2	1.000000E-2	0.000000E+0	1.000000E-2	1.000000E+0	1.000000E-2	1.000000E+0	1.000000E+0	4.800000E+2
1.460929E+1	5.750000E+2	5.754000E-1	1.926300E-3	2.987074E+5	2.995979E+5	1.333120E-3	3.994000E-1	4.788500E-2	1.926300E-3	2.485854E+4	3.611753E+4	1.333120E-3	4.814900E-2	1.000000E-2	0.000000E+0	1.000000E-2	1.000000E+0	1.000000E-2	1.000000E+0	1.000000E+0	4.810000E+2
1.463042E+1	6.000000E+2	5.998000E-1	1.760630E-3	3.406735E+5	3.560329E+5	1.122930E-3	3.998000E-1	4.715000E-2	1.760630E-3	2.678019E+4	4.236150E+4	1.122930E-3	4.756900E-2	1.000000E-2	0.000000E+0	1.000000E-2	1.000000E+0	1.000000E-2	1.000000E+0	1.000000E+0	4.820000E+2
1.465147E+1	6.250000E+2	6.244000E-1	1.842810E-3	3.388304E+5	3.283873E+5	1.220510E-3	4.008000E-1	4.964000E-2	1.842810E-3	2.693712E+4	3.863303E+4	1.220510E-3	4.715200E-2	1.000000E-2	0.000000E+0	1.000000E-2	1.000000E+0	1.000000E-2	1.000000E+0	1.000000E+0	4.830000E+2
1.467281E+1	6.500000E+2	6.492000E-1	1.942870E-3	3.341448E+5	3.346297E+5	1.195650E-3	4.001000E-1	4.852500E-2	1.942870E-3	2.497594E+4	4.107724E+4	1.195650E-3	4.911400E-2	1.000000E-2	0.000000E+0	1.000000E-2	1.000000E+0	1.000000E-2	1.000000E+0	1.000000E+0	4.840000E+2
1.469406E+1	6.750000E+2	6.756000E-1	2.041280E-3	3.309688E+5	3.554190E+5	1.129090E-3	4.013000E-1	4.899400E-2	2.041280E-3	2.400161E+4	4.193554E+4	1.129090E-3	4.734900E-2	1.000000E-2	0.000000E+0	1.000000E-2	1.000000E+0	1.000000E-2	1.000000E+0	1.000000E+0	4.850000E+2
1.471532E+1	7.000000E+2	6.994000E-1	2.268100E-3	3.083638E+5	3.469905E+5	1.151040E-3	3.994000E-1	4.923800E-2	2.268100E-3	2.170892E+4	4.192904E+4	1.151040E-3	4.826200E-2	1.000000E-2	0.000000E+0	1.000000E-2	1.000000E+0	1.000000E-2	1.000000E+0	1.000000E+0	4.860000E+2
1.473654E+1	7.250000E+2	7.246000E-1	2.339040E-3	3.097852E+5	2.970746E+5	1.344780E-3	3.995000E-1	5.036200E-2	2.339040E-3	2.153106E+4	3.633382E+4	1.344780E-3	4.886100E-2	1.000000E-2	0.000000E+0	1.000000E-2	1.000000E+0	1.000000E-2	1.000000E+0	1.000000E+0	4.870000E+2
1.475758E+1	7.500000E+2	7.491000E-1	2.482330E-3	3.017729E+5	2.983550E+5	1.341020E-3	4.001000E-1	4.987800E-2	2.482330E-3	2.009322E+4	3.644166E+4	1.341020E-3	4.886900E-2	1.000000E-2	0.000000E+0	1.000000E-2	1.000000E+0	1.000000E-2	1.000000E+0	1.000000E+0	4.880000E+2
1.477856E+1	7.750000E+2	7.743000E-1	2.522680E-3	3.069355E+5	3.167944E+5	1.263280E-3	4.002000E-1	4.904500E-2	2.522680E-3	1.944163E+4	6.756064E+4	1.263280E-3	8.534800E-2	1.000000E-2	0.000000E+0	1.000000E-2	1.000000E+0	1.000000E-2	1.000000E+0	1.000000E+0	4.890000E+2
1.479983E+1	8.000000E+2	8.002000E-1	2.471870E-3	3.237225E+5	2.959279E+5	1.353370E-3	4.005000E-1	4.942000E-2	2.471870E-3	1.999296E+4	3.656871E+4	1.353370E-3	4.949100E-2	1.000000E-2	0.000000E+0	1.000000E-2	1.000000E+0	1.000000E-2	1.000000E+0	1.000000E+0	4.900000E+2
1.482211E+1	8.000000E+2	8.007000E-1	2.425980E-3	3.300522E+5	3.310622E+5	1.207930E-3	3.999000E-1	4.743500E-2	2.425980E-3	1.955292E+4	3.964220E+4	1.207930E-3	4.788500E-2	1.000000E-2	0.000000E+0	1.000000E-2	1.000000E+0	1.000000E-2	1.000000E+0	1.000000E+0	4.910000E+2
