Tiempo (min)	I pulso(mA)	Vinst 1 (V)	Iinst 1 (mA)	Rinst 1(Ohm)	Rrem 1 (Ohm)	Ibias 1 (mA)	Vbias 1 (V)	Vinst 2 (V)	Iinst 2 (mA)	Rinst 2(Ohm)	Rrem 2 (Ohm)	Ibias 2 (mA)	Vbias 2 (V)	Ancho pulso (s)	Periodo (s)	Icc 1 (mA)	Vcc 1 (V)	Icc 2 (mA)	Vcc 2 (V)	2W 1?	N1.643261E-1	1.000000E+2	1.005000E-1	2.636200E-4	3.812306E+5	3.488835E+5	1.431710E-3	4.995000E-1	4.795600E-2	2.636200E-4	1.819134E+5	3.338455E+4	1.431710E-3	4.779700E-2	1.000000E-2	0.000000E+0	1.000000E-2	1.000000E+0	1.000000E-2	1.000000E+0	1.000000E+0	1.000000E+0
1.855106E-1	1.500000E+2	1.495000E-1	5.038600E-4	2.967094E+5	2.950506E+5	1.695980E-3	5.004000E-1	4.859300E-2	5.038600E-4	9.644147E+4	2.898855E+4	1.695980E-3	4.916400E-2	1.000000E-2	0.000000E+0	1.000000E-2	1.000000E+0	1.000000E-2	1.000000E+0	1.000000E+0	2.000000E+0
2.062118E-1	2.000000E+2	2.004000E-1	5.940200E-4	3.373624E+5	3.216062E+5	1.552520E-3	4.993000E-1	4.838200E-2	5.940200E-4	8.144844E+4	3.073068E+4	1.552520E-3	4.771000E-2	1.000000E-2	0.000000E+0	1.000000E-2	1.000000E+0	1.000000E-2	1.000000E+0	1.000000E+0	3.000000E+0
2.274963E-1	2.500000E+2	2.500000E-1	8.372000E-4	2.986144E+5	3.367408E+5	1.489870E-3	5.017000E-1	4.810800E-2	8.372000E-4	5.746297E+4	3.275521E+4	1.489870E-3	4.880100E-2	1.000000E-2	0.000000E+0	1.000000E-2	1.000000E+0	1.000000E-2	1.000000E+0	1.000000E+0	4.000000E+0
2.485142E-1	3.000000E+2	2.991000E-1	7.871900E-4	3.799591E+5	3.544244E+5	1.407070E-3	4.987000E-1	4.804400E-2	7.871900E-4	6.103228E+4	3.424350E+4	1.407070E-3	4.818300E-2	1.000000E-2	0.000000E+0	1.000000E-2	1.000000E+0	1.000000E-2	1.000000E+0	1.000000E+0	5.000000E+0
2.699154E-1	3.500000E+2	3.511000E-1	1.049370E-3	3.345817E+5	3.031296E+5	1.648470E-3	4.997000E-1	4.775200E-2	1.049370E-3	4.550540E+4	2.987861E+4	1.648470E-3	4.925400E-2	1.000000E-2	0.000000E+0	1.000000E-2	1.000000E+0	1.000000E-2	1.000000E+0	1.000000E+0	6.000000E+0
2.919834E-1	4.000000E+2	4.001000E-1	1.214020E-3	3.295662E+5	3.081865E+5	1.624990E-3	5.008000E-1	4.807900E-2	1.214020E-3	3.960314E+4	2.996880E+4	1.624990E-3	4.869900E-2	1.000000E-2	0.000000E+0	1.000000E-2	1.000000E+0	1.000000E-2	1.000000E+0	1.000000E+0	7.000000E+0
3.128846E-1	4.500000E+2	4.507000E-1	1.372570E-3	3.283621E+5	3.003949E+5	1.663810E-3	4.998000E-1	5.013700E-2	1.372570E-3	3.652783E+4	2.992589E+4	1.663810E-3	4.979100E-2	1.000000E-2	0.000000E+0	1.000000E-2	1.000000E+0	1.000000E-2	1.000000E+0	1.000000E+0	8.000000E+0
3.348025E-1	5.000000E+2	5.007000E-1	1.452820E-3	3.446401E+5	3.016430E+5	1.657920E-3	5.001000E-1	5.054500E-2	1.452820E-3	3.479096E+4	2.986815E+4	1.657920E-3	4.951900E-2	1.000000E-2	0.000000E+0	1.000000E-2	1.000000E+0	1.000000E-2	1.000000E+0	1.000000E+0	9.000000E+0
3.556537E-1	5.500000E+2	5.502000E-1	1.731360E-3	3.177849E+5	3.346250E+5	1.494210E-3	5.000000E-1	4.891400E-2	1.731360E-3	2.825178E+4	3.205105E+4	1.494210E-3	4.789100E-2	1.000000E-2	0.000000E+0	1.000000E-2	1.000000E+0	1.000000E-2	1.000000E+0	1.000000E+0	1.000000E+1
3.775383E-1	6.000000E+2	6.003000E-1	2.013900E-3	2.980784E+5	3.498167E+5	1.429320E-3	5.000000E-1	4.932900E-2	2.013900E-3	2.449426E+4	3.403017E+4	1.429320E-3	4.864000E-2	1.000000E-2	0.000000E+0	1.000000E-2	1.000000E+0	1.000000E-2	1.000000E+0	1.000000E+0	1.100000E+1
3.984395E-1	6.500000E+2	6.486000E-1	2.167870E-3	2.991877E+5	2.996646E+5	1.666530E-3	4.994000E-1	4.694100E-2	2.167870E-3	2.165305E+4	2.923920E+4	1.666530E-3	4.872800E-2	1.000000E-2	0.000000E+0	1.000000E-2	1.000000E+0	1.000000E-2	1.000000E+0	1.000000E+0	1.200000E+1
4.203574E-1	7.000000E+2	6.998000E-1	2.210110E-3	3.166358E+5	3.125722E+5	1.601230E-3	5.005000E-1	4.896700E-2	2.210110E-3	2.215591E+4	3.093122E+4	1.601230E-3	4.952800E-2	1.000000E-2	0.000000E+0	1.000000E-2	1.000000E+0	1.000000E-2	1.000000E+0	1.000000E+0	1.300000E+1
4.412419E-1	7.500000E+2	7.511000E-1	2.274420E-3	3.302380E+5	3.251207E+5	1.536660E-3	4.996000E-1	4.887600E-2	2.274420E-3	2.148943E+4	3.146630E+4	1.536660E-3	4.835300E-2	1.000000E-2	0.000000E+0	1.000000E-2	1.000000E+0	1.000000E-2	1.000000E+0	1.000000E+0	1.400000E+1
4.626598E-1	8.000000E+2	8.001000E-1	2.550400E-3	3.137155E+5	3.112125E+5	1.609190E-3	5.008000E-1	4.961200E-2	2.550400E-3	1.945263E+4	3.041654E+4	1.609190E-3	4.894600E-2	1.000000E-2	0.000000E+0	1.000000E-2	1.000000E+0	1.000000E-2	1.000000E+0	1.000000E+0	1.500000E+1
4.835443E-1	8.500000E+2	8.494000E-1	2.634030E-3	3.224716E+5	3.096868E+5	1.615180E-3	5.002000E-1	4.962100E-2	2.634030E-3	1.883843E+4	2.995084E+4	1.615180E-3	4.837600E-2	1.000000E-2	0.000000E+0	1.000000E-2	1.000000E+0	1.000000E-2	1.000000E+0	1.000000E+0	1.600000E+1
5.046122E-1	9.000000E+2	8.992000E-1	2.980560E-3	3.016883E+5	3.189352E+5	1.568030E-3	5.001000E-1	5.079500E-2	2.980560E-3	1.704210E+4	3.085910E+4	1.568030E-3	4.838800E-2	1.000000E-2	0.000000E+0	1.000000E-2	1.000000E+0	1.000000E-2	1.000000E+0	1.000000E+0	1.700000E+1
5.259134E-1	9.500000E+2	9.501000E-1	3.153110E-3	3.013216E+5	3.112361E+5	1.607140E-3	5.002000E-1	4.943400E-2	3.153110E-3	1.567785E+4	2.999428E+4	1.607140E-3	4.820500E-2	1.000000E-2	0.000000E+0	1.000000E-2	1.000000E+0	1.000000E-2	1.000000E+0	1.000000E+0	1.800000E+1
5.469646E-1	1.000000E+3	1.000200E+0	3.194050E-3	3.131448E+5	3.512546E+5	1.422330E-3	4.996000E-1	4.837000E-2	3.194050E-3	1.514378E+4	3.297617E+4	1.422330E-3	4.690300E-2	1.000000E-2	0.000000E+0	1.000000E-2	1.000000E+0	1.000000E-2	1.000000E+0	1.000000E+0	1.900000E+1
5.681825E-1	1.000000E+3	1.000900E+0	3.305260E-3	3.028204E+5	3.143339E+5	1.588120E-3	4.992000E-1	5.081300E-2	3.305260E-3	1.537337E+4	2.946314E+4	1.588120E-3	4.679100E-2	1.000000E-2	0.000000E+0	1.000000E-2	1.000000E+0	1.000000E-2	1.000000E+0	1.000000E+0	2.000000E+1
5.894337E-1	9.500000E+2	9.506000E-1	3.164860E-3	3.003608E+5	3.025059E+5	1.652530E-3	4.999000E-1	5.078300E-2	3.164860E-3	1.604589E+4	2.996254E+4	1.652530E-3	4.951400E-2	1.000000E-2	0.000000E+0	1.000000E-2	1.000000E+0	1.000000E-2	1.000000E+0	1.000000E+0	2.100000E+1
6.106849E-1	9.000000E+2	8.996000E-1	2.862270E-3	3.142960E+5	3.033631E+5	1.647860E-3	4.999000E-1	5.037500E-2	2.862270E-3	1.759967E+4	3.027927E+4	1.647860E-3	4.989600E-2	1.000000E-2	0.000000E+0	1.000000E-2	1.000000E+0	1.000000E-2	1.000000E+0	1.000000E+0	2.200000E+1
6.319195E-1	8.500000E+2	8.501000E-1	2.634470E-3	3.226835E+5	3.205748E+5	1.561570E-3	5.006000E-1	5.068600E-2	2.634470E-3	1.923954E+4	3.124612E+4	1.561570E-3	4.879300E-2	1.000000E-2	0.000000E+0	1.000000E-2	1.000000E+0	1.000000E-2	1.000000E+0	1.000000E+0	2.300000E+1
6.529040E-1	8.000000E+2	8.005000E-1	2.511460E-3	3.187389E+5	3.298384E+5	1.516500E-3	5.002000E-1	5.064400E-2	2.511460E-3	2.016516E+4	3.308671E+4	1.516500E-3	5.017600E-2	1.000000E-2	0.000000E+0	1.000000E-2	1.000000E+0	1.000000E-2	1.000000E+0	1.000000E+0	2.400000E+1
6.738719E-1	7.500000E+2	7.507000E-1	2.360900E-3	3.179720E+5	2.954130E+5	1.691530E-3	4.997000E-1	4.894500E-2	2.360900E-3	2.073150E+4	2.915704E+4	1.691530E-3	4.932000E-2	1.000000E-2	0.000000E+0	1.000000E-2	1.000000E+0	1.000000E-2	1.000000E+0	1.000000E+0	2.500000E+1
6.953231E-1	7.000000E+2	7.002000E-1	2.202950E-3	3.178465E+5	3.440921E+5	1.453390E-3	5.001000E-1	4.872000E-2	2.202950E-3	2.211580E+4	3.320650E+4	1.453390E-3	4.826200E-2	1.000000E-2	0.000000E+0	1.000000E-2	1.000000E+0	1.000000E-2	1.000000E+0	1.000000E+0	2.600000E+1
7.164243E-1	6.500000E+2	6.508000E-1	1.987200E-3	3.274960E+5	3.106737E+5	1.608440E-3	4.997000E-1	4.814700E-2	1.987200E-3	2.422856E+4	2.965855E+4	1.608440E-3	4.770400E-2	1.000000E-2	0.000000E+0	1.000000E-2	1.000000E+0	1.000000E-2	1.000000E+0	1.000000E+0	2.700000E+1
7.372422E-1	6.000000E+2	5.992000E-1	1.871440E-3	3.201813E+5	3.443123E+5	1.452170E-3	5.000000E-1	4.838400E-2	1.871440E-3	2.585389E+4	3.270898E+4	1.452170E-3	4.749900E-2	1.000000E-2	0.000000E+0	1.000000E-2	1.000000E+0	1.000000E-2	1.000000E+0	1.000000E+0	2.800000E+1
7.583767E-1	5.500000E+2	5.500000E-1	1.810060E-3	3.038573E+5	3.030671E+5	1.648480E-3	4.996000E-1	4.729900E-2	1.810060E-3	2.613118E+4	2.910014E+4	1.648480E-3	4.797100E-2	1.000000E-2	0.000000E+0	1.000000E-2	1.000000E+0	1.000000E-2	1.000000E+0	1.000000E+0	2.900000E+1
7.795446E-1	5.000000E+2	4.996000E-1	1.413910E-3	3.533464E+5	3.448609E+5	1.450150E-3	5.001000E-1	4.742500E-2	1.413910E-3	3.354174E+4	3.365445E+4	1.450150E-3	4.880400E-2	1.000000E-2	0.000000E+0	1.000000E-2	1.000000E+0	1.000000E-2	1.000000E+0	1.000000E+0	3.000000E+1
8.005291E-1	4.500000E+2	4.493000E-1	1.269120E-3	3.540248E+5	3.220230E+5	1.550200E-3	4.992000E-1	4.705500E-2	1.269120E-3	3.707687E+4	3.156496E+4	1.550200E-3	4.893200E-2	1.000000E-2	0.000000E+0	1.000000E-2	1.000000E+0	1.000000E-2	1.000000E+0	1.000000E+0	3.100000E+1
8.226637E-1	4.000000E+2	4.000000E-1	1.357080E-3	2.947505E+5	3.349868E+5	1.495880E-3	5.011000E-1	4.786300E-2	1.357080E-3	3.526911E+4	3.160748E+4	1.495880E-3	4.728100E-2	1.000000E-2	0.000000E+0	1.000000E-2	1.000000E+0	1.000000E-2	1.000000E+0	1.000000E+0	3.200000E+1
8.433982E-1	3.500000E+2	3.494000E-1	9.472700E-4	3.688494E+5	3.417687E+5	1.462100E-3	4.997000E-1	4.817300E-2	9.472700E-4	5.085456E+4	3.190206E+4	1.462100E-3	4.664400E-2	1.000000E-2	0.000000E+0	1.000000E-2	1.000000E+0	1.000000E-2	1.000000E+0	1.000000E+0	3.300000E+1
8.651161E-1	3.000000E+2	3.005000E-1	8.687000E-4	3.459192E+5	3.037901E+5	1.643240E-3	4.992000E-1	4.624700E-2	8.687000E-4	5.323702E+4	2.930065E+4	1.643240E-3	4.814800E-2	1.000000E-2	0.000000E+0	1.000000E-2	1.000000E+0	1.000000E-2	1.000000E+0	1.000000E+0	3.400000E+1
8.859673E-1	2.500000E+2	2.502000E-1	6.222200E-4	4.021086E+5	2.995773E+5	1.665680E-3	4.990000E-1	4.786500E-2	6.222200E-4	7.692617E+4	2.939880E+4	1.665680E-3	4.896900E-2	1.000000E-2	0.000000E+0	1.000000E-2	1.000000E+0	1.000000E-2	1.000000E+0	1.000000E+0	3.500000E+1
9.077853E-1	2.000000E+2	1.998000E-1	3.588000E-4	5.568562E+5	3.399982E+5	1.470890E-3	5.001000E-1	4.833400E-2	3.588000E-4	1.347101E+5	3.296168E+4	1.470890E-3	4.848300E-2	1.000000E-2	0.000000E+0	1.000000E-2	1.000000E+0	1.000000E-2	1.000000E+0	1.000000E+0	3.600000E+1
9.286198E-1	1.500000E+2	1.500000E-1	7.484100E-4	2.004249E+5	3.516267E+5	1.423100E-3	5.004000E-1	4.759700E-2	7.484100E-4	6.359749E+4	3.437496E+4	1.423100E-3	4.891900E-2	1.000000E-2	0.000000E+0	1.000000E-2	1.000000E+0	1.000000E-2	1.000000E+0	1.000000E+0	3.700000E+1
9.504377E-1	1.000000E+2	9.930000E-2	1.133300E-4	8.762022E+5	1.788646E+5	2.795970E-3	5.001000E-1	4.715400E-2	1.133300E-4	4.160769E+5	1.706778E+4	2.795970E-3	4.772100E-2	1.000000E-2	0.000000E+0	1.000000E-2	1.000000E+0	1.000000E-2	1.000000E+0	1.000000E+0	3.800000E+1
9.711222E-1	5.000000E+1	4.990000E-2	-5.180000E-6	-9.633205E+6	3.437803E+5	1.452090E-3	4.992000E-1	4.753800E-2	-5.180000E-6	-9.177220E+6	3.278860E+4	1.452090E-3	4.761200E-2	1.000000E-2	0.000000E+0	1.000000E-2	1.000000E+0	1.000000E-2	1.000000E+0	1.000000E+0	3.900000E+1
9.921234E-1	0.000000E+0	-7.000000E-4	-1.187500E-4	5.894737E+3	3.052076E+5	1.639540E-3	5.004000E-1	4.680900E-2	-1.187500E-4	-3.941811E+5	2.969125E+4	1.639540E-3	4.868000E-2	1.000000E-2	0.000000E+0	1.000000E-2	1.000000E+0	1.000000E-2	1.000000E+0	1.000000E+0	4.000000E+1
1.013175E+0	-5.000000E+1	-5.000000E-2	-1.677600E-4	2.980448E+5	2.996695E+5	1.667170E-3	4.996000E-1	4.701000E-2	-1.677600E-4	-2.802217E+5	2.924897E+4	1.667170E-3	4.876300E-2	1.000000E-2	0.000000E+0	1.000000E-2	1.000000E+0	1.000000E-2	1.000000E+0	1.000000E+0	4.100000E+1
1.034426E+0	-1.000000E+2	-1.005000E-1	-4.327100E-4	2.322572E+5	3.029220E+5	1.651250E-3	5.002000E-1	4.674600E-2	-4.327100E-4	-1.080308E+5	2.994883E+4	1.651250E-3	4.945300E-2	1.000000E-2	0.000000E+0	1.000000E-2	1.000000E+0	1.000000E-2	1.000000E+0	1.000000E+0	4.200000E+1
1.056444E+0	-1.500000E+2	-1.494000E-1	-4.413200E-4	3.385299E+5	3.139525E+5	1.594190E-3	5.005000E-1	4.679800E-2	-4.413200E-4	-1.060410E+5	3.065569E+4	1.594190E-3	4.887100E-2	1.000000E-2	0.000000E+0	1.000000E-2	1.000000E+0	1.000000E-2	1.000000E+0	1.000000E+0	4.300000E+1
1.077728E+0	-2.000000E+2	-2.008000E-1	-6.417200E-4	3.129091E+5	3.210611E+5	1.556090E-3	4.996000E-1	4.952900E-2	-6.417200E-4	-7.718164E+4	3.134523E+4	1.556090E-3	4.877600E-2	1.000000E-2	0.000000E+0	1.000000E-2	1.000000E+0	1.000000E-2	1.000000E+0	1.000000E+0	4.400000E+1
1.098513E+0	-2.500000E+2	-2.506000E-1	-1.030350E-3	2.432183E+5	3.306917E+5	1.511680E-3	4.999000E-1	4.723100E-2	-1.030350E-3	-4.583976E+4	3.268218E+4	1.511680E-3	4.940500E-2	1.000000E-2	0.000000E+0	1.000000E-2	1.000000E+0	1.000000E-2	1.000000E+0	1.000000E+0	4.500000E+1
1.119764E+0	-3.000000E+2	-2.997000E-1	-1.181140E-3	2.537379E+5	3.434155E+5	1.455380E-3	4.998000E-1	4.628600E-2	-1.181140E-3	-3.918756E+4	3.296940E+4	1.455380E-3	4.798300E-2	1.000000E-2	0.000000E+0	1.000000E-2	1.000000E+0	1.000000E-2	1.000000E+0	1.000000E+0	4.600000E+1
1.140765E+0	-3.500000E+2	-3.505000E-1	-1.368760E-3	2.560712E+5	3.126840E+5	1.596820E-3	4.993000E-1	4.687000E-2	-1.368760E-3	-3.424267E+4	3.078556E+4	1.596820E-3	4.915900E-2	1.000000E-2	0.000000E+0	1.000000E-2	1.000000E+0	1.000000E-2	1.000000E+0	1.000000E+0	4.700000E+1
1.162083E+0	-4.000000E+2	-4.006000E-1	-1.458660E-3	2.746356E+5	3.104748E+5	1.607860E-3	4.992000E-1	4.602700E-2	-1.458660E-3	-3.155430E+4	3.009031E+4	1.607860E-3	4.838100E-2	1.000000E-2	0.000000E+0	1.000000E-2	1.000000E+0	1.000000E-2	1.000000E+0	1.000000E+0	4.800000E+1
1.184351E+0	-4.500000E+2	-4.493000E-1	-1.609460E-3	2.791620E+5	3.000307E+5	1.661830E-3	4.986000E-1	4.551100E-2	-1.609460E-3	-2.827719E+4	3.012883E+4	1.661830E-3	5.006900E-2	1.000000E-2	0.000000E+0	1.000000E-2	1.000000E+0	1.000000E-2	1.000000E+0	1.000000E+0	4.900000E+1
1.205369E+0	-5.000000E+2	-5.000000E-1	-1.656030E-3	3.019269E+5	3.011588E+5	1.661250E-3	5.003000E-1	4.617400E-2	-1.656030E-3	-2.788235E+4	2.882227E+4	1.661250E-3	4.788100E-2	1.000000E-2	0.000000E+0	1.000000E-2	1.000000E+0	1.000000E-2	1.000000E+0	1.000000E+0	5.000000E+1
1.227087E+0	-5.500000E+2	-5.495000E-1	-1.781100E-3	3.085172E+5	3.422828E+5	1.456690E-3	4.986000E-1	4.617800E-2	-1.781100E-3	-2.592667E+4	3.365919E+4	1.456690E-3	4.903100E-2	1.000000E-2	0.000000E+0	1.000000E-2	1.000000E+0	1.000000E-2	1.000000E+0	1.000000E+0	5.100000E+1
1.248005E+0	-6.000000E+2	-5.999000E-1	-1.941380E-3	3.090070E+5	3.092694E+5	1.617360E-3	5.002000E-1	4.690800E-2	-1.941380E-3	-2.416219E+4	3.009472E+4	1.617360E-3	4.867400E-2	1.000000E-2	0.000000E+0	1.000000E-2	1.000000E+0	1.000000E-2	1.000000E+0	1.000000E+0	5.200000E+1
1.270506E+0	-6.500000E+2	-6.507000E-1	-2.275800E-3	2.859214E+5	3.141315E+5	1.591690E-3	5.000000E-1	4.614500E-2	-2.275800E-3	-2.027639E+4	3.016417E+4	1.591690E-3	4.801200E-2	1.000000E-2	0.000000E+0	1.000000E-2	1.000000E+0	1.000000E-2	1.000000E+0	1.000000E+0	5.300000E+1
1.291407E+0	-7.000000E+2	-6.995000E-1	-2.503110E-3	2.794524E+5	3.271821E+5	1.525450E-3	4.991000E-1	4.652500E-2	-2.503110E-3	-1.858688E+4	3.198007E+4	1.525450E-3	4.878400E-2	1.000000E-2	0.000000E+0	1.000000E-2	1.000000E+0	1.000000E-2	1.000000E+0	1.000000E+0	5.400000E+1
1.312875E+0	-7.500000E+2	-7.504000E-1	-2.438740E-3	3.076999E+5	3.176819E+5	1.575790E-3	5.006000E-1	4.450500E-2	-2.438740E-3	-1.824918E+4	3.105173E+4	1.575790E-3	4.893100E-2	1.000000E-2	0.000000E+0	1.000000E-2	1.000000E+0	1.000000E-2	1.000000E+0	1.000000E+0	5.500000E+1
1.334543E+0	-8.000000E+2	-7.998000E-1	-2.576570E-3	3.104127E+5	3.359952E+5	1.490200E-3	5.007000E-1	4.484500E-2	-2.576570E-3	-1.740492E+4	3.172393E+4	1.490200E-3	4.727500E-2	1.000000E-2	0.000000E+0	1.000000E-2	1.000000E+0	1.000000E-2	1.000000E+0	1.000000E+0	5.600000E+1
1.355828E+0	-8.500000E+2	-8.488000E-1	-2.785370E-3	3.047351E+5	3.187977E+5	1.569020E-3	5.002000E-1	4.477700E-2	-2.785370E-3	-1.607578E+4	3.039158E+4	1.569020E-3	4.768500E-2	1.000000E-2	0.000000E+0	1.000000E-2	1.000000E+0	1.000000E-2	1.000000E+0	1.000000E+0	5.700000E+1
1.376595E+0	-9.000000E+2	-8.999000E-1	-3.117570E-3	2.886543E+5	3.238127E+5	1.544720E-3	5.002000E-1	4.263900E-2	-3.117570E-3	-1.367700E+4	3.115128E+4	1.544720E-3	4.812000E-2	1.000000E-2	0.000000E+0	1.000000E-2	1.000000E+0	1.000000E-2	1.000000E+0	1.000000E+0	5.800000E+1
1.397697E+0	-9.500000E+2	-9.500000E-1	-3.060760E-3	3.103804E+5	3.218238E+5	1.551470E-3	4.993000E-1	4.537600E-2	-3.060760E-3	-1.482508E+4	3.107827E+4	1.551470E-3	4.821700E-2	1.000000E-2	0.000000E+0	1.000000E-2	1.000000E+0	1.000000E-2	1.000000E+0	1.000000E+0	5.900000E+1
1.418898E+0	-1.000000E+3	-9.998000E-1	-3.401350E-3	2.939421E+5	3.467539E+5	1.442810E-3	5.003000E-1	4.423300E-2	-3.401350E-3	-1.300454E+4	3.302791E+4	1.442810E-3	4.765300E-2	1.000000E-2	0.000000E+0	1.000000E-2	1.000000E+0	1.000000E-2	1.000000E+0	1.000000E+0	6.000000E+1
1.440049E+0	-1.000000E+3	-1.000500E+0	-3.356660E-3	2.980641E+5	3.435038E+5	1.456170E-3	5.002000E-1	4.476500E-2	-3.356660E-3	-1.333617E+4	3.365541E+4	1.456170E-3	4.900800E-2	1.000000E-2	0.000000E+0	1.000000E-2	1.000000E+0	1.000000E-2	1.000000E+0	1.000000E+0	6.100000E+1
1.461100E+0	-9.500000E+2	-9.504000E-1	-3.312970E-3	2.868725E+5	3.190588E+5	1.569930E-3	5.009000E-1	4.356100E-2	-3.312970E-3	-1.314862E+4	3.120203E+4	1.569930E-3	4.898500E-2	1.000000E-2	0.000000E+0	1.000000E-2	1.000000E+0	1.000000E-2	1.000000E+0	1.000000E+0	6.200000E+1
1.482418E+0	-9.000000E+2	-8.994000E-1	-3.093950E-3	2.906964E+5	3.010605E+5	1.661460E-3	5.002000E-1	4.481900E-2	-3.093950E-3	-1.448601E+4	2.873918E+4	1.661460E-3	4.774900E-2	1.000000E-2	0.000000E+0	1.000000E-2	1.000000E+0	1.000000E-2	1.000000E+0	1.000000E+0	6.300000E+1
1.503436E+0	-8.500000E+2	-8.500000E-1	-2.883800E-3	2.947500E+5	3.019597E+5	1.655850E-3	5.000000E-1	4.434700E-2	-2.883800E-3	-1.537797E+4	2.919286E+4	1.655850E-3	4.833900E-2	1.000000E-2	0.000000E+0	1.000000E-2	1.000000E+0	1.000000E-2	1.000000E+0	1.000000E+0	6.400000E+1
1.524737E+0	-8.000000E+2	-7.999000E-1	-2.595130E-3	3.082312E+5	2.990608E+5	1.674910E-3	5.009000E-1	4.510900E-2	-2.595130E-3	-1.738217E+4	2.816092E+4	1.674910E-3	4.716700E-2	1.000000E-2	0.000000E+0	1.000000E-2	1.000000E+0	1.000000E-2	1.000000E+0	1.000000E+0	6.500000E+1
1.546988E+0	-7.500000E+2	-7.515000E-1	-2.663670E-3	2.821295E+5	3.026796E+5	1.650590E-3	4.996000E-1	4.345700E-2	-2.663670E-3	-1.631471E+4	2.928104E+4	1.650590E-3	4.833100E-2	1.000000E-2	0.000000E+0	1.000000E-2	1.000000E+0	1.000000E-2	1.000000E+0	1.000000E+0	6.600000E+1
1.567723E+0	-7.000000E+2	-6.998000E-1	-2.240510E-3	3.123396E+5	3.175156E+5	1.578190E-3	5.011000E-1	4.508000E-2	-2.240510E-3	-2.012042E+4	3.095825E+4	1.578190E-3	4.885800E-2	1.000000E-2	0.000000E+0	1.000000E-2	1.000000E+0	1.000000E-2	1.000000E+0	1.000000E+0	6.700000E+1
1.588774E+0	-6.500000E+2	-6.498000E-1	-2.694480E-3	2.411597E+5	1.895754E+7	2.638000E-5	5.001000E-1	4.499400E-2	-2.694480E-3	-1.669858E+4	1.752464E+6	2.638000E-5	4.623000E-2	1.000000E-2	0.000000E+0	1.000000E-2	1.000000E+0	1.000000E-2	1.000000E+0	1.000000E+0	6.800000E+1
1.609975E+0	-6.000000E+2	-5.996000E-1	-7.302100E-4	8.211336E+5	3.191883E+5	1.566160E-3	4.999000E-1	4.686000E-2	-7.302100E-4	-6.417332E+4	3.132758E+4	1.566160E-3	4.906400E-2	1.000000E-2	0.000000E+0	1.000000E-2	1.000000E+0	1.000000E-2	1.000000E+0	1.000000E+0	6.900000E+1
1.631060E+0	-5.500000E+2	-5.505000E-1	-3.449530E-3	1.595870E+5	3.446024E+5	1.454430E-3	5.012000E-1	4.356300E-2	-3.449530E-3	-1.262868E+4	3.369430E+4	1.454430E-3	4.900600E-2	1.000000E-2	0.000000E+0	1.000000E-2	1.000000E+0	1.000000E-2	1.000000E+0	1.000000E+0	7.000000E+1
1.652311E+0	-5.000000E+2	-5.004000E-1	-1.825210E-3	2.741602E+5	3.335624E+5	1.498670E-3	4.999000E-1	4.575600E-2	-1.825210E-3	-2.506890E+4	3.280442E+4	1.498670E-3	4.916300E-2	1.000000E-2	0.000000E+0	1.000000E-2	1.000000E+0	1.000000E-2	1.000000E+0	1.000000E+0	7.100000E+1
1.673446E+0	-4.500000E+2	-4.501000E-1	-1.542160E-3	2.918634E+5	2.995237E+5	1.666980E-3	4.993000E-1	4.539300E-2	-1.542160E-3	-2.943469E+4	2.939027E+4	1.666980E-3	4.899300E-2	1.000000E-2	0.000000E+0	1.000000E-2	1.000000E+0	1.000000E-2	1.000000E+0	1.000000E+0	7.200000E+1
1.695280E+0	-4.000000E+2	-4.006000E-1	-1.731210E-3	2.313988E+5	3.493072E+5	1.434840E-3	5.012000E-1	4.559000E-2	-1.731210E-3	-2.633418E+4	3.376195E+4	1.434840E-3	4.844300E-2	1.000000E-2	0.000000E+0	1.000000E-2	1.000000E+0	1.000000E-2	1.000000E+0	1.000000E+0	7.300000E+1
1.716365E+0	-3.500000E+2	-3.498000E-1	-1.235460E-3	2.831334E+5	2.973748E+5	1.681380E-3	5.000000E-1	4.609600E-2	-1.235460E-3	-3.731080E+4	2.897025E+4	1.681380E-3	4.871000E-2	1.000000E-2	0.000000E+0	1.000000E-2	1.000000E+0	1.000000E-2	1.000000E+0	1.000000E+0	7.400000E+1
1.737366E+0	-3.000000E+2	-3.003000E-1	-9.608300E-4	3.125423E+5	2.944759E+5	1.699630E-3	5.005000E-1	4.622200E-2	-9.608300E-4	-4.810632E+4	2.857798E+4	1.699630E-3	4.857200E-2	1.000000E-2	0.000000E+0	1.000000E-2	1.000000E+0	1.000000E-2	1.000000E+0	1.000000E+0	7.500000E+1
1.758401E+0	-2.500000E+2	-2.504000E-1	-3.842200E-4	6.517100E+5	3.019452E+5	1.653280E-3	4.992000E-1	4.640900E-2	-3.842200E-4	-1.207876E+5	2.942938E+4	1.653280E-3	4.865500E-2	1.000000E-2	0.000000E+0	1.000000E-2	1.000000E+0	1.000000E-2	1.000000E+0	1.000000E+0	7.600000E+1
1.779435E+0	-2.000000E+2	-2.002000E-1	-7.428800E-4	2.694917E+5	3.513052E+5	1.422410E-3	4.997000E-1	4.703700E-2	-7.428800E-4	-6.331709E+4	3.322108E+4	1.422410E-3	4.725400E-2	1.000000E-2	0.000000E+0	1.000000E-2	1.000000E+0	1.000000E-2	1.000000E+0	1.000000E+0	7.700000E+1
1.800453E+0	-1.500000E+2	-1.492000E-1	-6.931100E-4	2.152616E+5	3.439083E+5	1.455330E-3	5.005000E-1	4.794000E-2	-6.931100E-4	-6.916651E+4	3.306467E+4	1.455330E-3	4.812000E-2	1.000000E-2	0.000000E+0	1.000000E-2	1.000000E+0	1.000000E-2	1.000000E+0	1.000000E+0	7.800000E+1
1.821971E+0	-1.000000E+2	-1.000000E-1	-3.444400E-4	2.903263E+5	3.182470E+5	1.569850E-3	4.996000E-1	4.821100E-2	-3.444400E-4	-1.399692E+5	3.019206E+4	1.569850E-3	4.739700E-2	1.000000E-2	0.000000E+0	1.000000E-2	1.000000E+0	1.000000E-2	1.000000E+0	1.000000E+0	7.900000E+1
1.842672E+0	-5.000000E+1	-5.050000E-2	-2.362100E-4	2.137928E+5	3.387572E+5	1.478640E-3	5.009000E-1	4.814300E-2	-2.362100E-4	-2.038144E+5	3.316696E+4	1.478640E-3	4.904200E-2	1.000000E-2	0.000000E+0	1.000000E-2	1.000000E+0	1.000000E-2	1.000000E+0	1.000000E+0	8.000000E+1
1.864223E+0	0.000000E+0	-2.000000E-4	2.704000E-5	-7.396450E+3	3.024446E+5	1.650550E-3	4.992000E-1	4.822400E-2	2.704000E-5	1.783432E+6	3.038866E+4	1.650550E-3	5.015800E-2	1.000000E-2	0.000000E+0	1.000000E-2	1.000000E+0	1.000000E-2	1.000000E+0	1.000000E+0	8.100000E+1
1.885908E+0	5.000000E+1	5.090000E-2	1.857400E-4	2.740390E+5	3.116325E+5	1.606700E-3	5.007000E-1	4.823300E-2	1.857400E-4	2.596802E+5	3.105247E+4	1.606700E-3	4.989200E-2	1.000000E-2	0.000000E+0	1.000000E-2	1.000000E+0	1.000000E-2	1.000000E+0	1.000000E+0	8.200000E+1
1.907592E+0	1.000000E+2	9.900000E-2	2.824600E-4	3.504921E+5	3.547307E+5	1.409520E-3	5.000000E-1	4.980000E-2	2.824600E-4	1.763081E+5	3.492111E+4	1.409520E-3	4.922200E-2	1.000000E-2	0.000000E+0	1.000000E-2	1.000000E+0	1.000000E-2	1.000000E+0	1.000000E+0	8.300000E+1
1.928427E+0	1.500000E+2	1.509000E-1	5.066400E-4	2.978446E+5	3.004493E+5	1.664840E-3	5.002000E-1	4.799600E-2	5.066400E-4	9.473393E+4	3.003712E+4	1.664840E-3	5.000700E-2	1.000000E-2	0.000000E+0	1.000000E-2	1.000000E+0	1.000000E-2	1.000000E+0	1.000000E+0	8.400000E+1
1.950228E+0	2.000000E+2	2.003000E-1	7.450400E-4	2.688446E+5	3.512644E+5	1.422860E-3	4.998000E-1	4.937000E-2	7.450400E-4	6.626490E+4	3.348327E+4	1.422860E-3	4.764200E-2	1.000000E-2	0.000000E+0	1.000000E-2	1.000000E+0	1.000000E-2	1.000000E+0	1.000000E+0	8.500000E+1
1.970896E+0	2.500000E+2	2.509000E-1	-1.544360E-3	-1.624621E+5	-6.404231E+5	-7.808900E-4	5.001000E-1	4.361700E-2	-1.544360E-3	-2.824277E+4	-6.090615E+4	-7.808900E-4	4.756100E-2	1.000000E-2	0.000000E+0	1.000000E-2	1.000000E+0	1.000000E-2	1.000000E+0	1.000000E+0	8.600000E+1
1.992181E+0	3.000000E+2	3.000000E-1	-1.763340E-3	-1.701317E+5	-4.093939E+5	-1.225470E-3	5.017000E-1	4.488400E-2	-1.763340E-3	-2.545397E+4	-3.767452E+4	-1.225470E-3	4.616900E-2	1.000000E-2	0.000000E+0	1.000000E-2	1.000000E+0	1.000000E-2	1.000000E+0	1.000000E+0	8.700000E+1
2.013032E+0	3.500000E+2	3.502000E-1	3.673160E-3	9.534025E+4	1.505729E+5	3.321980E-3	5.002000E-1	5.446100E-2	3.673160E-3	1.482674E+4	1.538751E+4	3.321980E-3	5.111700E-2	1.000000E-2	0.000000E+0	1.000000E-2	1.000000E+0	1.000000E-2	1.000000E+0	1.000000E+0	8.800000E+1
2.035200E+0	4.000000E+2	3.994000E-1	-1.427780E-3	-2.797350E+5	1.887882E+5	2.649530E-3	5.002000E-1	4.744400E-2	-1.427780E-3	-3.322921E+4	1.965292E+4	2.649530E-3	5.207100E-2	1.000000E-2	0.000000E+0	1.000000E-2	1.000000E+0	1.000000E-2	1.000000E+0	1.000000E+0	8.900000E+1
2.056501E+0	4.500000E+2	4.496000E-1	-1.365680E-3	-3.292133E+5	8.190567E+5	6.099700E-4	4.996000E-1	4.631900E-2	-1.365680E-3	-3.391644E+4	8.241061E+4	6.099700E-4	5.026800E-2	1.000000E-2	0.000000E+0	1.000000E-2	1.000000E+0	1.000000E-2	1.000000E+0	1.000000E+0	9.000000E+1
2.078102E+0	5.000000E+2	5.004000E-1	1.015330E-3	4.928447E+5	1.834795E+5	2.722920E-3	4.996000E-1	5.044400E-2	1.015330E-3	4.968237E+4	1.944347E+4	2.722920E-3	5.294300E-2	1.000000E-2	0.000000E+0	1.000000E-2	1.000000E+0	1.000000E-2	1.000000E+0	1.000000E+0	9.100000E+1
2.099587E+0	5.500000E+2	5.504000E-1	2.477760E-3	2.221361E+5	2.431516E+5	2.053040E-3	4.992000E-1	5.013100E-2	2.477760E-3	2.023239E+4	2.426402E+4	2.053040E-3	4.981500E-2	1.000000E-2	0.000000E+0	1.000000E-2	1.000000E+0	1.000000E-2	1.000000E+0	1.000000E+0	9.200000E+1
2.120938E+0	6.000000E+2	5.989000E-1	2.614600E-3	2.290599E+5	2.405821E+5	2.076630E-3	4.996000E-1	5.034300E-2	2.614600E-3	1.925457E+4	2.486384E+4	2.076630E-3	5.163300E-2	1.000000E-2	0.000000E+0	1.000000E-2	1.000000E+0	1.000000E-2	1.000000E+0	1.000000E+0	9.300000E+1
2.142456E+0	6.500000E+2	6.494000E-1	2.900710E-3	2.238762E+5	2.192539E+5	2.284110E-3	5.008000E-1	5.253500E-2	2.900710E-3	1.811108E+4	2.259348E+4	2.284110E-3	5.160600E-2	1.000000E-2	0.000000E+0	1.000000E-2	1.000000E+0	1.000000E-2	1.000000E+0	1.000000E+0	9.400000E+1
2.163757E+0	7.000000E+2	6.998000E-1	3.057010E-3	2.289165E+5	2.242185E+5	2.226400E-3	4.992000E-1	5.234700E-2	3.057010E-3	1.712359E+4	2.246407E+4	2.226400E-3	5.001400E-2	1.000000E-2	0.000000E+0	1.000000E-2	1.000000E+0	1.000000E-2	1.000000E+0	1.000000E+0	9.500000E+1
2.185492E+0	7.500000E+2	7.499000E-1	3.401630E-3	2.204531E+5	2.319218E+5	2.156330E-3	5.001000E-1	5.446800E-2	3.401630E-3	1.601232E+4	2.342359E+4	2.156330E-3	5.050900E-2	1.000000E-2	0.000000E+0	1.000000E-2	1.000000E+0	1.000000E-2	1.000000E+0	1.000000E+0	9.600000E+1
2.207143E+0	8.000000E+2	7.997000E-1	3.545590E-3	2.255478E+5	2.521474E+5	1.983760E-3	5.002000E-1	5.242200E-2	3.545590E-3	1.478513E+4	2.476358E+4	1.983760E-3	4.912500E-2	1.000000E-2	0.000000E+0	1.000000E-2	1.000000E+0	1.000000E-2	1.000000E+0	1.000000E+0	9.700000E+1
2.228661E+0	8.500000E+2	8.504000E-1	3.874440E-3	2.194898E+5	2.179914E+5	2.293210E-3	4.999000E-1	5.361800E-2	3.874440E-3	1.383890E+4	2.264119E+4	2.293210E-3	5.192100E-2	1.000000E-2	0.000000E+0	1.000000E-2	1.000000E+0	1.000000E-2	1.000000E+0	1.000000E+0	9.800000E+1
2.250179E+0	9.000000E+2	8.993000E-1	3.813120E-3	2.358436E+5	2.364133E+5	2.110710E-3	4.990000E-1	5.357000E-2	3.813120E-3	1.404886E+4	2.319551E+4	2.110710E-3	4.895900E-2	1.000000E-2	0.000000E+0	1.000000E-2	1.000000E+0	1.000000E-2	1.000000E+0	1.000000E+0	9.900000E+1
2.271430E+0	9.500000E+2	9.510000E-1	4.136480E-3	2.299056E+5	1.202680E+5	4.155720E-3	4.998000E-1	5.282300E-2	4.136480E-3	1.277004E+4	1.055461E+4	4.155720E-3	4.386200E-2	1.000000E-2	0.000000E+0	1.000000E-2	1.000000E+0	1.000000E-2	1.000000E+0	1.000000E+0	1.000000E+2
2.292381E+0	1.000000E+3	1.000000E+0	3.803840E-3	2.628922E+5	1.249081E+5	3.998140E-3	4.994000E-1	4.702300E-2	3.803840E-3	1.236198E+4	1.128875E+4	3.998140E-3	4.513400E-2	1.000000E-2	0.000000E+0	1.000000E-2	1.000000E+0	1.000000E-2	1.000000E+0	1.000000E+0	1.010000E+2
2.313399E+0	1.000000E+3	1.000100E+0	5.756720E-3	1.737274E+5	2.367533E+5	2.113170E-3	5.003000E-1	4.796400E-2	5.756720E-3	8.331828E+3	2.431466E+4	2.113170E-3	5.138100E-2	1.000000E-2	0.000000E+0	1.000000E-2	1.000000E+0	1.000000E-2	1.000000E+0	1.000000E+0	1.020000E+2
2.334417E+0	9.500000E+2	9.504000E-1	4.171860E-3	2.278121E+5	2.231598E+5	2.244580E-3	5.009000E-1	5.388100E-2	4.171860E-3	1.291534E+4	2.279625E+4	2.244580E-3	5.116800E-2	1.000000E-2	0.000000E+0	1.000000E-2	1.000000E+0	1.000000E-2	1.000000E+0	1.000000E+0	1.030000E+2
2.355435E+0	9.000000E+2	8.999000E-1	4.187340E-3	2.149097E+5	1.930043E+5	2.589580E-3	4.998000E-1	5.311400E-2	4.187340E-3	1.268442E+4	1.992138E+4	2.589580E-3	5.158800E-2	1.000000E-2	0.000000E+0	1.000000E-2	1.000000E+0	1.000000E-2	1.000000E+0	1.000000E+0	1.040000E+2
2.377736E+0	8.500000E+2	8.510000E-1	3.074390E-3	2.768029E+5	1.703105E+5	2.938750E-3	5.005000E-1	5.255500E-2	3.074390E-3	1.709445E+4	1.805802E+4	2.938750E-3	5.306800E-2	1.000000E-2	0.000000E+0	1.000000E-2	1.000000E+0	1.000000E-2	1.000000E+0	1.000000E+0	1.050000E+2
2.398687E+0	8.000000E+2	7.995000E-1	2.399090E-3	3.332514E+5	2.542356E+5	1.966680E-3	5.000000E-1	4.987600E-2	2.399090E-3	2.078955E+4	2.580694E+4	1.966680E-3	5.075400E-2	1.000000E-2	0.000000E+0	1.000000E-2	1.000000E+0	1.000000E-2	1.000000E+0	1.000000E+0	1.060000E+2
2.420638E+0	7.500000E+2	7.513000E-1	2.122470E-3	3.539744E+5	2.138401E+5	2.337260E-3	4.998000E-1	4.922100E-2	2.122470E-3	2.319043E+4	2.201723E+4	2.337260E-3	5.146000E-2	1.000000E-2	0.000000E+0	1.000000E-2	1.000000E+0	1.000000E-2	1.000000E+0	1.000000E+0	1.070000E+2
2.441356E+0	7.000000E+2	6.999000E-1	2.636320E-3	2.654837E+5	2.655346E+5	1.884500E-3	5.004000E-1	4.971100E-2	2.636320E-3	1.885621E+4	2.662828E+4	1.884500E-3	5.018100E-2	1.000000E-2	0.000000E+0	1.000000E-2	1.000000E+0	1.000000E-2	1.000000E+0	1.000000E+0	1.080000E+2
2.463124E+0	6.500000E+2	6.503000E-1	1.608480E-3	4.042947E+5	3.596518E+5	1.392180E-3	5.007000E-1	4.761500E-2	1.608480E-3	2.960248E+4	3.560818E+4	1.392180E-3	4.957300E-2	1.000000E-2	0.000000E+0	1.000000E-2	1.000000E+0	1.000000E-2	1.000000E+0	1.000000E+0	1.090000E+2
2.483875E+0	6.000000E+2	6.007000E-1	1.887090E-3	3.183208E+5	3.291503E+5	1.517240E-3	4.994000E-1	4.951700E-2	1.887090E-3	2.623987E+4	3.203514E+4	1.517240E-3	4.860500E-2	1.000000E-2	0.000000E+0	1.000000E-2	1.000000E+0	1.000000E-2	1.000000E+0	1.000000E+0	1.100000E+2
2.504993E+0	5.500000E+2	5.503000E-1	1.765110E-3	3.117653E+5	3.840874E+5	1.296580E-3	4.980000E-1	4.862300E-2	1.765110E-3	2.754673E+4	3.840025E+4	1.296580E-3	4.978900E-2	1.000000E-2	0.000000E+0	1.000000E-2	1.000000E+0	1.000000E-2	1.000000E+0	1.000000E+0	1.110000E+2
2.526044E+0	5.000000E+2	5.005000E-1	1.384250E-3	3.615676E+5	3.688921E+5	1.355410E-3	5.000000E-1	4.966900E-2	1.384250E-3	3.588152E+4	3.692610E+4	1.355410E-3	5.005000E-2	1.000000E-2	0.000000E+0	1.000000E-2	1.000000E+0	1.000000E-2	1.000000E+0	1.000000E+0	1.120000E+2
2.547096E+0	4.500000E+2	4.494000E-1	-3.931900E-4	-1.142959E+6	1.244268E+5	4.016820E-3	4.998000E-1	4.991500E-2	-3.931900E-4	-1.269488E+5	1.264981E+4	4.016820E-3	5.081200E-2	1.000000E-2	0.000000E+0	1.000000E-2	1.000000E+0	1.000000E-2	1.000000E+0	1.000000E+0	1.130000E+2
2.568197E+0	4.000000E+2	4.004000E-1	4.323780E-3	9.260416E+4	2.577535E+5	1.941390E-3	5.004000E-1	4.908900E-2	4.323780E-3	1.135326E+4	2.530610E+4	1.941390E-3	4.912900E-2	1.000000E-2	0.000000E+0	1.000000E-2	1.000000E+0	1.000000E-2	1.000000E+0	1.000000E+0	1.140000E+2
2.589765E+0	3.500000E+2	3.501000E-1	1.607900E-3	2.177374E+5	2.769410E+5	1.805800E-3	5.001000E-1	4.961300E-2	1.607900E-3	3.085577E+4	2.690608E+4	1.805800E-3	4.858700E-2	1.000000E-2	0.000000E+0	1.000000E-2	1.000000E+0	1.000000E-2	1.000000E+0	1.000000E+0	1.150000E+2
2.610499E+0	3.000000E+2	2.997000E-1	8.140500E-4	3.681592E+5	3.400450E+5	1.471570E-3	5.004000E-1	4.885000E-2	8.140500E-4	6.000860E+4	3.356483E+4	1.471570E-3	4.939300E-2	1.000000E-2	0.000000E+0	1.000000E-2	1.000000E+0	1.000000E-2	1.000000E+0	1.000000E+0	1.160000E+2
2.631484E+0	2.500000E+2	2.503000E-1	1.076290E-3	2.325581E+5	-3.444520E+5	-1.450710E-3	4.997000E-1	4.757500E-2	1.076290E-3	4.420277E+4	-3.296455E+4	-1.450710E-3	4.782200E-2	1.000000E-2	0.000000E+0	1.000000E-2	1.000000E+0	1.000000E-2	1.000000E+0	1.000000E+0	1.170000E+2
2.652502E+0	2.000000E+2	2.006000E-1	-1.066540E-3	-1.880848E+5	4.614204E+5	1.081660E-3	4.991000E-1	4.614600E-2	-1.066540E-3	-4.326701E+4	4.554481E+4	1.081660E-3	4.926400E-2	1.000000E-2	0.000000E+0	1.000000E-2	1.000000E+0	1.000000E-2	1.000000E+0	1.000000E+0	1.180000E+2
2.673486E+0	1.500000E+2	1.506000E-1	-7.514000E-5	-2.004259E+6	-4.225697E+6	-1.183000E-4	4.999000E-1	4.740000E-2	-7.514000E-5	-6.308225E+5	-4.207523E+5	-1.183000E-4	4.977500E-2	1.000000E-2	0.000000E+0	1.000000E-2	1.000000E+0	1.000000E-2	1.000000E+0	1.000000E+0	1.190000E+2
2.695304E+0	1.000000E+2	9.990000E-2	-3.448000E-5	-2.897332E+6	2.935307E+5	1.708850E-3	5.016000E-1	4.751300E-2	-3.448000E-5	-1.377987E+6	2.785850E+4	1.708850E-3	4.760600E-2	1.000000E-2	0.000000E+0	1.000000E-2	1.000000E+0	1.000000E-2	1.000000E+0	1.000000E+0	1.200000E+2
2.716472E+0	5.000000E+1	5.010000E-2	2.832500E-4	1.768756E+5	4.704888E+5	1.064850E-3	5.010000E-1	5.030500E-2	2.832500E-4	1.775993E+5	4.523924E+4	1.064850E-3	4.817300E-2	1.000000E-2	0.000000E+0	1.000000E-2	1.000000E+0	1.000000E-2	1.000000E+0	1.000000E+0	1.210000E+2
2.737257E+0	0.000000E+0	6.000000E-4	-2.749300E-4	-2.182374E+3	2.166245E+5	2.304910E-3	4.993000E-1	4.761600E-2	-2.749300E-4	-1.731932E+5	2.041989E+4	2.304910E-3	4.706600E-2	1.000000E-2	0.000000E+0	1.000000E-2	1.000000E+0	1.000000E-2	1.000000E+0	1.000000E+0	1.220000E+2
2.758474E+0	-5.000000E+1	-5.050000E-2	-1.156490E-3	4.366661E+4	4.219641E+5	1.186120E-3	5.005000E-1	4.881600E-2	-1.156490E-3	-4.221048E+4	4.062827E+4	1.186120E-3	4.819000E-2	1.000000E-2	0.000000E+0	1.000000E-2	1.000000E+0	1.000000E-2	1.000000E+0	1.000000E+0	1.230000E+2
2.779676E+0	-1.000000E+2	-9.950000E-2	-7.502800E-4	1.326172E+5	2.726380E+5	1.832100E-3	4.995000E-1	4.810100E-2	-7.502800E-4	-6.411073E+4	2.726652E+4	1.832100E-3	4.995500E-2	1.000000E-2	0.000000E+0	1.000000E-2	1.000000E+0	1.000000E-2	1.000000E+0	1.000000E+0	1.240000E+2
2.800844E+0	-1.500000E+2	-1.506000E-1	-8.019300E-4	1.877969E+5	4.737980E+5	1.054880E-3	4.998000E-1	4.708300E-2	-8.019300E-4	-5.871211E+4	4.601850E+4	1.054880E-3	4.854400E-2	1.000000E-2	0.000000E+0	1.000000E-2	1.000000E+0	1.000000E-2	1.000000E+0	1.000000E+0	1.250000E+2
2.822061E+0	-2.000000E+2	-1.995000E-1	-2.704500E-4	7.376595E+5	3.176024E+5	1.575240E-3	5.003000E-1	4.662800E-2	-2.704500E-4	-1.724089E+5	3.129936E+4	1.575240E-3	4.930400E-2	1.000000E-2	0.000000E+0	1.000000E-2	1.000000E+0	1.000000E-2	1.000000E+0	1.000000E+0	1.260000E+2
2.843113E+0	-2.500000E+2	-2.495000E-1	-1.065330E-3	2.341997E+5	4.150605E+5	1.203680E-3	4.996000E-1	4.638300E-2	-1.065330E-3	-4.353862E+4	4.144872E+4	1.203680E-3	4.989100E-2	1.000000E-2	0.000000E+0	1.000000E-2	1.000000E+0	1.000000E-2	1.000000E+0	1.000000E+0	1.270000E+2
2.864397E+0	-3.000000E+2	-3.005000E-1	-1.123520E-3	2.674630E+5	3.429592E+5	1.456150E-3	4.994000E-1	4.604300E-2	-1.123520E-3	-4.098102E+4	3.284346E+4	1.456150E-3	4.782500E-2	1.000000E-2	0.000000E+0	1.000000E-2	1.000000E+0	1.000000E-2	1.000000E+0	1.000000E+0	1.280000E+2
2.885465E+0	-3.500000E+2	-3.499000E-1	-1.330790E-3	2.629265E+5	3.237943E+5	1.546970E-3	5.009000E-1	4.610200E-2	-1.330790E-3	-3.464258E+4	3.150093E+4	1.546970E-3	4.873100E-2	1.000000E-2	0.000000E+0	1.000000E-2	1.000000E+0	1.000000E-2	1.000000E+0	1.000000E+0	1.290000E+2
2.906766E+0	-4.000000E+2	-3.990000E-1	-1.414820E-3	2.820147E+5	3.145514E+5	1.587340E-3	4.993000E-1	4.657600E-2	-1.414820E-3	-3.292009E+4	3.074893E+4	1.587340E-3	4.880900E-2	1.000000E-2	0.000000E+0	1.000000E-2	1.000000E+0	1.000000E-2	1.000000E+0	1.000000E+0	1.300000E+2
2.928267E+0	-4.500000E+2	-4.504000E-1	-1.546550E-3	2.912289E+5	3.317350E+5	1.507830E-3	5.002000E-1	4.650700E-2	-1.546550E-3	-3.007145E+4	3.273313E+4	1.507830E-3	4.935600E-2	1.000000E-2	0.000000E+0	1.000000E-2	1.000000E+0	1.000000E-2	1.000000E+0	1.000000E+0	1.310000E+2
2.949469E+0	-5.000000E+2	-5.003000E-1	-1.608500E-3	3.110351E+5	3.021174E+5	1.656310E-3	5.004000E-1	4.693200E-2	-1.608500E-3	-2.917749E+4	2.924936E+4	1.656310E-3	4.844600E-2	1.000000E-2	0.000000E+0	1.000000E-2	1.000000E+0	1.000000E-2	1.000000E+0	1.000000E+0	1.320000E+2
2.970237E+0	-5.500000E+2	-5.495000E-1	-1.950410E-3	2.817356E+5	3.436405E+5	1.458210E-3	5.011000E-1	4.635800E-2	-1.950410E-3	-2.376834E+4	3.363782E+4	1.458210E-3	4.905100E-2	1.000000E-2	0.000000E+0	1.000000E-2	1.000000E+0	1.000000E-2	1.000000E+0	1.000000E+0	1.330000E+2
2.991471E+0	-6.000000E+2	-5.998000E-1	-2.029870E-3	2.954869E+5	3.354749E+5	1.489530E-3	4.997000E-1	4.651000E-2	-2.029870E-3	-2.291280E+4	3.256866E+4	1.489530E-3	4.851200E-2	1.000000E-2	0.000000E+0	1.000000E-2	1.000000E+0	1.000000E-2	1.000000E+0	1.000000E+0	1.340000E+2
3.012472E+0	-6.500000E+2	-6.497000E-1	-2.291820E-3	2.834865E+5	3.490439E+5	1.434490E-3	5.007000E-1	4.539100E-2	-2.291820E-3	-1.980566E+4	3.381899E+4	1.434490E-3	4.851300E-2	1.000000E-2	0.000000E+0	1.000000E-2	1.000000E+0	1.000000E-2	1.000000E+0	1.000000E+0	1.350000E+2
3.033490E+0	-7.000000E+2	-7.000000E-1	-2.495440E-3	2.805117E+5	3.223791E+5	1.552210E-3	5.004000E-1	4.393200E-2	-2.495440E-3	-1.760491E+4	2.994311E+4	1.552210E-3	4.647800E-2	1.000000E-2	0.000000E+0	1.000000E-2	1.000000E+0	1.000000E-2	1.000000E+0	1.000000E+0	1.360000E+2
3.055625E+0	-7.500000E+2	-7.508000E-1	-2.535980E-3	2.960591E+5	3.412480E+5	1.465210E-3	5.000000E-1	4.542600E-2	-2.535980E-3	-1.791260E+4	3.356720E+4	1.465210E-3	4.918300E-2	1.000000E-2	0.000000E+0	1.000000E-2	1.000000E+0	1.000000E-2	1.000000E+0	1.000000E+0	1.370000E+2
3.076326E+0	-8.000000E+2	-8.002000E-1	-2.725120E-3	2.936384E+5	3.568573E+5	1.400560E-3	4.998000E-1	4.430500E-2	-2.725120E-3	-1.625800E+4	3.485463E+4	1.400560E-3	4.881600E-2	1.000000E-2	0.000000E+0	1.000000E-2	1.000000E+0	1.000000E-2	1.000000E+0	1.000000E+0	1.380000E+2
3.097377E+0	-8.500000E+2	-8.494000E-1	-3.002840E-3	2.828656E+5	3.274024E+5	1.525340E-3	4.994000E-1	4.467900E-2	-3.002840E-3	-1.487891E+4	3.177652E+4	1.525340E-3	4.847000E-2	1.000000E-2	0.000000E+0	1.000000E-2	1.000000E+0	1.000000E-2	1.000000E+0	1.000000E+0	1.390000E+2
3.118395E+0	-9.000000E+2	-9.004000E-1	-3.040600E-3	2.961258E+5	2.988093E+5	1.676320E-3	5.009000E-1	4.433500E-2	-3.040600E-3	-1.458100E+4	2.960115E+4	1.676320E-3	4.962100E-2	1.000000E-2	0.000000E+0	1.000000E-2	1.000000E+0	1.000000E-2	1.000000E+0	1.000000E+0	1.400000E+2
3.139446E+0	-9.500000E+2	-9.502000E-1	-3.094800E-3	3.070311E+5	3.085326E+5	1.620250E-3	4.999000E-1	4.560600E-2	-3.094800E-3	-1.473633E+4	3.001204E+4	1.620250E-3	4.862700E-2	1.000000E-2	0.000000E+0	1.000000E-2	1.000000E+0	1.000000E-2	1.000000E+0	1.000000E+0	1.410000E+2
3.160414E+0	-1.000000E+3	-1.000100E+0	-3.251860E-3	3.075471E+5	3.274320E+5	1.527340E-3	5.001000E-1	4.577300E-2	-3.251860E-3	-1.407594E+4	3.216049E+4	1.527340E-3	4.912000E-2	1.000000E-2	0.000000E+0	1.000000E-2	1.000000E+0	1.000000E-2	1.000000E+0	1.000000E+0	1.420000E+2
3.181499E+0	-1.000000E+3	-9.997000E-1	-3.486950E-3	2.866975E+5	3.449086E+5	1.447340E-3	4.992000E-1	4.397700E-2	-3.486950E-3	-1.261188E+4	3.307585E+4	1.447340E-3	4.787200E-2	1.000000E-2	0.000000E+0	1.000000E-2	1.000000E+0	1.000000E-2	1.000000E+0	1.000000E+0	1.430000E+2
3.203467E+0	-9.500000E+2	-9.500000E-1	-3.319520E-3	2.861860E+5	3.248103E+5	1.539360E-3	5.000000E-1	4.468300E-2	-3.319520E-3	-1.346068E+4	3.173592E+4	1.539360E-3	4.885300E-2	1.000000E-2	0.000000E+0	1.000000E-2	1.000000E+0	1.000000E-2	1.000000E+0	1.000000E+0	1.440000E+2
3.224934E+0	-9.000000E+2	-8.999000E-1	-2.934070E-3	3.067071E+5	3.096549E+5	1.612440E-3	4.993000E-1	4.617700E-2	-2.934070E-3	-1.573821E+4	3.006375E+4	1.612440E-3	4.847600E-2	1.000000E-2	0.000000E+0	1.000000E-2	1.000000E+0	1.000000E-2	1.000000E+0	1.000000E+0	1.450000E+2
3.246586E+0	-8.500000E+2	-8.508000E-1	-2.755000E-3	3.088203E+5	3.187549E+5	1.565780E-3	4.991000E-1	4.638400E-2	-2.755000E-3	-1.683630E+4	3.111676E+4	1.565780E-3	4.872200E-2	1.000000E-2	0.000000E+0	1.000000E-2	1.000000E+0	1.000000E-2	1.000000E+0	1.000000E+0	1.460000E+2
3.267854E+0	-8.000000E+2	-8.000000E-1	-2.603920E-3	3.072291E+5	3.046317E+5	1.638700E-3	4.992000E-1	4.761200E-2	-2.603920E-3	-1.828474E+4	3.067065E+4	1.638700E-3	5.026000E-2	1.000000E-2	0.000000E+0	1.000000E-2	1.000000E+0	1.000000E-2	1.000000E+0	1.000000E+0	1.470000E+2
3.288688E+0	-7.500000E+2	-7.499000E-1	-2.648670E-3	2.831232E+5	3.260948E+5	1.531150E-3	4.993000E-1	4.660500E-2	-2.648670E-3	-1.759562E+4	3.352448E+4	1.531150E-3	5.133100E-2	1.000000E-2	0.000000E+0	1.000000E-2	1.000000E+0	1.000000E-2	1.000000E+0	1.000000E+0	1.480000E+2
3.309806E+0	-7.000000E+2	-6.996000E-1	-2.278220E-3	3.070818E+5	3.422201E+5	1.463970E-3	5.010000E-1	4.802900E-2	-2.278220E-3	-2.108181E+4	3.405329E+4	1.463970E-3	4.985300E-2	1.000000E-2	0.000000E+0	1.000000E-2	1.000000E+0	1.000000E-2	1.000000E+0	1.000000E+0	1.490000E+2
3.331007E+0	-6.500000E+2	-6.500000E-1	-2.153120E-3	3.018875E+5	2.715631E+5	1.839720E-3	4.996000E-1	4.627600E-2	-2.153120E-3	-2.149253E+4	2.738895E+4	1.839720E-3	5.038800E-2	1.000000E-2	0.000000E+0	1.000000E-2	1.000000E+0	1.000000E-2	1.000000E+0	1.000000E+0	1.500000E+2
3.352158E+0	-6.000000E+2	-6.006000E-1	-2.141840E-3	2.804131E+5	3.413995E+5	1.464560E-3	5.000000E-1	4.640400E-2	-2.141840E-3	-2.166548E+4	3.276069E+4	1.464560E-3	4.798000E-2	1.000000E-2	0.000000E+0	1.000000E-2	1.000000E+0	1.000000E-2	1.000000E+0	1.000000E+0	1.510000E+2
3.373426E+0	-5.500000E+2	-5.507000E-1	-1.870140E-3	2.944699E+5	3.536531E+5	1.411270E-3	4.991000E-1	4.666800E-2	-1.870140E-3	-2.495428E+4	3.369943E+4	1.411270E-3	4.755900E-2	1.000000E-2	0.000000E+0	1.000000E-2	1.000000E+0	1.000000E-2	1.000000E+0	1.000000E+0	1.520000E+2
3.394461E+0	-5.000000E+2	-4.994000E-1	-1.849810E-3	2.699737E+5	3.433320E+5	1.457190E-3	5.003000E-1	4.593600E-2	-1.849810E-3	-2.483282E+4	3.345960E+4	1.457190E-3	4.875700E-2	1.000000E-2	0.000000E+0	1.000000E-2	1.000000E+0	1.000000E-2	1.000000E+0	1.000000E+0	1.530000E+2
3.415712E+0	-4.500000E+2	-4.498000E-1	-1.653560E-3	2.720192E+5	3.279732E+5	1.523600E-3	4.997000E-1	4.747100E-2	-1.653560E-3	-2.870836E+4	3.251575E+4	1.523600E-3	4.954100E-2	1.000000E-2	0.000000E+0	1.000000E-2	1.000000E+0	1.000000E-2	1.000000E+0	1.000000E+0	1.540000E+2
3.436830E+0	-4.000000E+2	-3.999000E-1	-1.479360E-3	2.703196E+5	2.996883E+5	1.668400E-3	5.000000E-1	4.711000E-2	-1.479360E-3	-3.184485E+4	3.022237E+4	1.668400E-3	5.042300E-2	1.000000E-2	0.000000E+0	1.000000E-2	1.000000E+0	1.000000E-2	1.000000E+0	1.000000E+0	1.550000E+2
3.459098E+0	-3.500000E+2	-3.504000E-1	-1.378800E-3	2.541340E+5	3.018373E+5	1.653540E-3	4.991000E-1	4.476100E-2	-1.378800E-3	-3.246374E+4	3.115014E+4	1.653540E-3	5.150800E-2	1.000000E-2	0.000000E+0	1.000000E-2	1.000000E+0	1.000000E-2	1.000000E+0	1.000000E+0	1.560000E+2
3.479849E+0	-3.000000E+2	-2.994000E-1	-1.011130E-3	2.961044E+5	3.417145E+5	1.458820E-3	4.985000E-1	4.664900E-2	-1.011130E-3	-4.613551E+4	3.496319E+4	1.458820E-3	5.100500E-2	1.000000E-2	0.000000E+0	1.000000E-2	1.000000E+0	1.000000E-2	1.000000E+0	1.000000E+0	1.570000E+2
3.501667E+0	-2.500000E+2	-2.510000E-1	-1.060610E-3	2.366563E+5	3.014833E+5	1.659130E-3	5.002000E-1	4.887700E-2	-1.060610E-3	-4.608386E+4	2.986023E+4	1.659130E-3	4.954200E-2	1.000000E-2	0.000000E+0	1.000000E-2	1.000000E+0	1.000000E-2	1.000000E+0	1.000000E+0	1.580000E+2
3.522518E+0	-2.000000E+2	-2.006000E-1	-8.399600E-4	2.388209E+5	3.440275E+5	1.452500E-3	4.997000E-1	4.766400E-2	-8.399600E-4	-5.674556E+4	3.312427E+4	1.452500E-3	4.811300E-2	1.000000E-2	0.000000E+0	1.000000E-2	1.000000E+0	1.000000E-2	1.000000E+0	1.000000E+0	1.590000E+2
3.544353E+0	-1.500000E+2	-1.505000E-1	-4.695700E-4	3.205060E+5	3.366976E+5	1.486200E-3	5.004000E-1	4.886500E-2	-4.695700E-4	-1.040633E+5	3.347732E+4	1.486200E-3	4.975400E-2	1.000000E-2	0.000000E+0	1.000000E-2	1.000000E+0	1.000000E-2	1.000000E+0	1.000000E+0	1.600000E+2
3.565354E+0	-1.000000E+2	-1.012000E-1	-3.118600E-4	3.245046E+5	3.236009E+5	1.542950E-3	4.993000E-1	4.887700E-2	-3.118600E-4	-1.567274E+5	3.245731E+4	1.542950E-3	5.008000E-2	1.000000E-2	0.000000E+0	1.000000E-2	1.000000E+0	1.000000E-2	1.000000E+0	1.000000E+0	1.610000E+2
3.587122E+0	-5.000000E+1	-5.000000E-2	-3.704500E-4	1.349710E+5	3.016427E+5	1.657590E-3	5.000000E-1	4.739700E-2	-3.704500E-4	-1.279444E+5	3.088037E+4	1.657590E-3	5.118700E-2	1.000000E-2	0.000000E+0	1.000000E-2	1.000000E+0	1.000000E-2	1.000000E+0	1.000000E+0	1.620000E+2
3.608090E+0	0.000000E+0	0.000000E+0	-1.901400E-4	0.000000E+0	3.028796E+5	1.648510E-3	4.993000E-1	4.808800E-2	-1.901400E-4	-2.529084E+5	2.993127E+4	1.648510E-3	4.934200E-2	1.000000E-2	0.000000E+0	1.000000E-2	1.000000E+0	1.000000E-2	1.000000E+0	1.000000E+0	1.630000E+2
3.629924E+0	5.000000E+1	4.920000E-2	2.013900E-4	2.443021E+5	6.217295E+5	8.045300E-4	5.002000E-1	4.675200E-2	2.013900E-4	2.321466E+5	5.866531E+4	8.045300E-4	4.719800E-2	1.000000E-2	0.000000E+0	1.000000E-2	1.000000E+0	1.000000E-2	1.000000E+0	1.000000E+0	1.640000E+2
3.650925E+0	1.000000E+2	1.000000E-1	5.523800E-4	1.810348E+5	-4.732861E+6	-1.057500E-4	5.005000E-1	4.622400E-2	5.523800E-4	8.368152E+4	-4.124917E+5	-1.057500E-4	4.362100E-2	1.000000E-2	0.000000E+0	1.000000E-2	1.000000E+0	1.000000E-2	1.000000E+0	1.000000E+0	1.650000E+2
3.673243E+0	1.500000E+2	1.497000E-1	7.457400E-4	2.007402E+5	5.495726E+5	9.090700E-4	4.996000E-1	4.856300E-2	7.457400E-4	6.512055E+4	5.546988E+4	9.090700E-4	5.042600E-2	1.000000E-2	0.000000E+0	1.000000E-2	1.000000E+0	1.000000E-2	1.000000E+0	1.000000E+0	1.660000E+2
3.693978E+0	2.000000E+2	1.999000E-1	-1.867650E-3	-1.070329E+5	-4.940770E+7	-1.013000E-5	5.005000E-1	4.610100E-2	-1.867650E-3	-2.468396E+4	-4.668608E+6	-1.013000E-5	4.729300E-2	1.000000E-2	0.000000E+0	1.000000E-2	1.000000E+0	1.000000E-2	1.000000E+0	1.000000E+0	1.670000E+2
3.714946E+0	2.500000E+2	2.500000E-1	-7.592300E-4	-3.292810E+5	6.509986E+5	7.675900E-4	4.997000E-1	4.657000E-2	-7.592300E-4	-6.133846E+4	6.397426E+4	7.675900E-4	4.910600E-2	1.000000E-2	0.000000E+0	1.000000E-2	1.000000E+0	1.000000E-2	1.000000E+0	1.000000E+0	1.680000E+2
3.735947E+0	3.000000E+2	2.993000E-1	5.070300E-4	5.903004E+5	3.131381E+5	1.596420E-3	4.999000E-1	5.148600E-2	5.070300E-4	1.015443E+5	3.071435E+4	1.596420E-3	4.903300E-2	1.000000E-2	0.000000E+0	1.000000E-2	1.000000E+0	1.000000E-2	1.000000E+0	1.000000E+0	1.690000E+2
3.756948E+0	3.500000E+2	3.498000E-1	1.125100E-3	3.109057E+5	3.044428E+5	1.639060E-3	4.990000E-1	4.748600E-2	1.125100E-3	4.220603E+4	2.982319E+4	1.639060E-3	4.888200E-2	1.000000E-2	0.000000E+0	1.000000E-2	1.000000E+0	1.000000E-2	1.000000E+0	1.000000E+0	1.700000E+2
3.778849E+0	4.000000E+2	3.993000E-1	1.152170E-3	3.465634E+5	3.075618E+5	1.626340E-3	5.002000E-1	4.847400E-2	1.152170E-3	4.207192E+4	3.038602E+4	1.626340E-3	4.941800E-2	1.000000E-2	0.000000E+0	1.000000E-2	1.000000E+0	1.000000E-2	1.000000E+0	1.000000E+0	1.710000E+2
3.799767E+0	4.500000E+2	4.503000E-1	1.263220E-3	3.564700E+5	3.433479E+5	1.456540E-3	5.001000E-1	4.863400E-2	1.263220E-3	3.850002E+4	3.313538E+4	1.456540E-3	4.826300E-2	1.000000E-2	0.000000E+0	1.000000E-2	1.000000E+0	1.000000E-2	1.000000E+0	1.000000E+0	1.720000E+2
3.821719E+0	5.000000E+2	4.992000E-1	1.407860E-3	3.545807E+5	3.190797E+5	1.566380E-3	4.998000E-1	4.967500E-2	1.407860E-3	3.528405E+4	3.165132E+4	1.566380E-3	4.957800E-2	1.000000E-2	0.000000E+0	1.000000E-2	1.000000E+0	1.000000E-2	1.000000E+0	1.000000E+0	1.730000E+2
3.842536E+0	5.500000E+2	5.501000E-1	1.837890E-3	2.993106E+5	3.198656E+5	1.565970E-3	5.009000E-1	4.983700E-2	1.837890E-3	2.711642E+4	3.173752E+4	1.565970E-3	4.970000E-2	1.000000E-2	0.000000E+0	1.000000E-2	1.000000E+0	1.000000E-2	1.000000E+0	1.000000E+0	1.740000E+2
3.864504E+0	6.000000E+2	5.996000E-1	1.978280E-3	3.030916E+5	3.012620E+5	1.655370E-3	4.987000E-1	5.003300E-2	1.978280E-3	2.529116E+4	2.980965E+4	1.655370E-3	4.934600E-2	1.000000E-2	0.000000E+0	1.000000E-2	1.000000E+0	1.000000E-2	1.000000E+0	1.000000E+0	1.750000E+2
3.885356E+0	6.500000E+2	6.506000E-1	1.631260E-3	3.988328E+5	3.345072E+5	1.496530E-3	5.006000E-1	4.980800E-2	1.631260E-3	3.053345E+4	3.260944E+4	1.496530E-3	4.880100E-2	1.000000E-2	0.000000E+0	1.000000E-2	1.000000E+0	1.000000E-2	1.000000E+0	1.000000E+0	1.760000E+2
3.907323E+0	7.000000E+2	6.996000E-1	1.994730E-3	3.507242E+5	2.855935E+5	1.750390E-3	4.999000E-1	4.968400E-2	1.994730E-3	2.490763E+4	2.820000E+4	1.750390E-3	4.936100E-2	1.000000E-2	0.000000E+0	1.000000E-2	1.000000E+0	1.000000E-2	1.000000E+0	1.000000E+0	1.770000E+2
3.928075E+0	7.500000E+2	7.497000E-1	2.554810E-3	2.934465E+5	2.862160E+5	1.742740E-3	4.988000E-1	5.188800E-2	2.554810E-3	2.030993E+4	2.896588E+4	1.742740E-3	5.048000E-2	1.000000E-2	0.000000E+0	1.000000E-2	1.000000E+0	1.000000E-2	1.000000E+0	1.000000E+0	1.780000E+2
3.949509E+0	8.000000E+2	7.994000E-1	2.359680E-3	3.387747E+5	3.266995E+5	1.529540E-3	4.997000E-1	5.038300E-2	2.359680E-3	2.135162E+4	3.326752E+4	1.529540E-3	5.088400E-2	1.000000E-2	0.000000E+0	1.000000E-2	1.000000E+0	1.000000E-2	1.000000E+0	1.000000E+0	1.790000E+2
3.970477E+0	8.500000E+2	8.496000E-1	2.593070E-3	3.276425E+5	3.369365E+5	1.478320E-3	4.981000E-1	5.192100E-2	2.593070E-3	2.002298E+4	3.299556E+4	1.478320E-3	4.877800E-2	1.000000E-2	0.000000E+0	1.000000E-2	1.000000E+0	1.000000E-2	1.000000E+0	1.000000E+0	1.800000E+2
3.991528E+0	9.000000E+2	9.007000E-1	2.774510E-3	3.246339E+5	3.262216E+5	1.533620E-3	5.003000E-1	5.006500E-2	2.774510E-3	1.804463E+4	3.286864E+4	1.533620E-3	5.040800E-2	1.000000E-2	0.000000E+0	1.000000E-2	1.000000E+0	1.000000E-2	1.000000E+0	1.000000E+0	1.810000E+2
4.012563E+0	9.500000E+2	9.499000E-1	3.096220E-3	3.067934E+5	3.085441E+5	1.620190E-3	4.999000E-1	4.998200E-2	3.096220E-3	1.614291E+4	2.997611E+4	1.620190E-3	4.856700E-2	1.000000E-2	0.000000E+0	1.000000E-2	1.000000E+0	1.000000E-2	1.000000E+0	1.000000E+0	1.820000E+2
4.033547E+0	1.000000E+3	9.998000E-1	3.305370E-3	3.024775E+5	3.030450E+5	1.648930E-3	4.997000E-1	5.011300E-2	3.305370E-3	1.516109E+4	2.972655E+4	1.648930E-3	4.901700E-2	1.000000E-2	0.000000E+0	1.000000E-2	1.000000E+0	1.000000E-2	1.000000E+0	1.000000E+0	1.830000E+2
4.055165E+0	1.000000E+3	1.000100E+0	3.251450E-3	3.075858E+5	3.005947E+5	1.664700E-3	5.004000E-1	5.180700E-2	3.251450E-3	1.593351E+4	2.935904E+4	1.664700E-3	4.887400E-2	1.000000E-2	0.000000E+0	1.000000E-2	1.000000E+0	1.000000E-2	1.000000E+0	1.000000E+0	1.840000E+2
4.076183E+0	9.500000E+2	9.498000E-1	3.106970E-3	3.056998E+5	3.197260E+5	1.565090E-3	5.004000E-1	5.168100E-2	3.106970E-3	1.663389E+4	3.074456E+4	1.565090E-3	4.811800E-2	1.000000E-2	0.000000E+0	1.000000E-2	1.000000E+0	1.000000E-2	1.000000E+0	1.000000E+0	1.850000E+2
4.097134E+0	9.000000E+2	8.994000E-1	2.970030E-3	3.028252E+5	3.185807E+5	1.572600E-3	5.010000E-1	5.021200E-2	2.970030E-3	1.690623E+4	3.085718E+4	1.572600E-3	4.852600E-2	1.000000E-2	0.000000E+0	1.000000E-2	1.000000E+0	1.000000E-2	1.000000E+0	1.000000E+0	1.860000E+2
4.118186E+0	8.500000E+2	8.504000E-1	2.695450E-3	3.154946E+5	3.542824E+5	1.409610E-3	4.994000E-1	4.870600E-2	2.695450E-3	1.806971E+4	3.472521E+4	1.409610E-3	4.894900E-2	1.000000E-2	0.000000E+0	1.000000E-2	1.000000E+0	1.000000E-2	1.000000E+0	1.000000E+0	1.870000E+2
4.139420E+0	8.000000E+2	7.997000E-1	2.584090E-3	3.094706E+5	3.488226E+5	1.436260E-3	5.010000E-1	5.226300E-2	2.584090E-3	2.022491E+4	3.326208E+4	1.436260E-3	4.777300E-2	1.000000E-2	0.000000E+0	1.000000E-2	1.000000E+0	1.000000E-2	1.000000E+0	1.000000E+0	1.880000E+2
4.160455E+0	7.500000E+2	7.499000E-1	2.323200E-3	3.227875E+5	4.691611E+5	1.064240E-3	4.993000E-1	5.111500E-2	2.323200E-3	2.200198E+4	4.532812E+4	1.064240E-3	4.824000E-2	1.000000E-2	0.000000E+0	1.000000E-2	1.000000E+0	1.000000E-2	1.000000E+0	1.000000E+0	1.890000E+2
4.181439E+0	7.000000E+2	7.008000E-1	2.014040E-3	3.479573E+5	8.476588E+5	5.898600E-4	5.000000E-1	4.869500E-2	2.014040E-3	2.417777E+4	8.060218E+4	5.898600E-4	4.754400E-2	1.000000E-2	0.000000E+0	1.000000E-2	1.000000E+0	1.000000E-2	1.000000E+0	1.000000E+0	1.900000E+2
4.202457E+0	6.500000E+2	6.492000E-1	6.727400E-4	9.650088E+5	1.928200E+5	2.589980E-3	4.994000E-1	4.854600E-2	6.727400E-4	7.216161E+4	2.010170E+4	2.589980E-3	5.206300E-2	1.000000E-2	0.000000E+0	1.000000E-2	1.000000E+0	1.000000E-2	1.000000E+0	1.000000E+0	1.910000E+2
4.224708E+0	6.000000E+2	6.012000E-1	2.485130E-3	2.419189E+5	4.557883E+5	1.093490E-3	4.984000E-1	4.750200E-2	2.485130E-3	1.911449E+4	4.626014E+4	1.093490E-3	5.058500E-2	1.000000E-2	0.000000E+0	1.000000E-2	1.000000E+0	1.000000E-2	1.000000E+0	1.000000E+0	1.920000E+2
4.245743E+0	5.500000E+2	5.491000E-1	1.695320E-3	3.238917E+5	3.064265E+5	1.634650E-3	5.009000E-1	4.933300E-2	1.695320E-3	2.909952E+4	3.097299E+4	1.634650E-3	5.063000E-2	1.000000E-2	0.000000E+0	1.000000E-2	1.000000E+0	1.000000E-2	1.000000E+0	1.000000E+0	1.930000E+2
4.267877E+0	5.000000E+2	5.000000E-1	1.671890E-3	2.990627E+5	3.643439E+5	1.372330E-3	5.000000E-1	5.019600E-2	1.671890E-3	3.002351E+4	3.477225E+4	1.372330E-3	4.771900E-2	1.000000E-2	0.000000E+0	1.000000E-2	1.000000E+0	1.000000E-2	1.000000E+0	1.000000E+0	1.940000E+2
4.288712E+0	4.500000E+2	4.498000E-1	1.339380E-3	3.358270E+5	2.823180E+5	1.769990E-3	4.997000E-1	4.859000E-2	1.339380E-3	3.627798E+4	2.818208E+4	1.769990E-3	4.988200E-2	1.000000E-2	0.000000E+0	1.000000E-2	1.000000E+0	1.000000E-2	1.000000E+0	1.000000E+0	1.950000E+2
4.310530E+0	4.000000E+2	4.009000E-1	9.729900E-4	4.120289E+5	4.660420E+5	1.072650E-3	4.999000E-1	4.851800E-2	9.729900E-4	4.986485E+4	4.691372E+4	1.072650E-3	5.032200E-2	1.000000E-2	0.000000E+0	1.000000E-2	1.000000E+0	1.000000E-2	1.000000E+0	1.000000E+0	1.960000E+2
4.331414E+0	3.500000E+2	3.500000E-1	1.489920E-3	2.349119E+5	3.787850E+5	1.321330E-3	5.005000E-1	4.924500E-2	1.489920E-3	3.305211E+4	3.832124E+4	1.321330E-3	5.063500E-2	1.000000E-2	0.000000E+0	1.000000E-2	1.000000E+0	1.000000E-2	1.000000E+0	1.000000E+0	1.970000E+2
4.353349E+0	3.000000E+2	3.000000E-1	5.935200E-4	5.054590E+5	3.183781E+5	1.570460E-3	5.000000E-1	5.053100E-2	5.935200E-4	8.513782E+4	3.050890E+4	1.570460E-3	4.791300E-2	1.000000E-2	0.000000E+0	1.000000E-2	1.000000E+0	1.000000E-2	1.000000E+0	1.000000E+0	1.980000E+2
4.374100E+0	2.500000E+2	2.503000E-1	7.057200E-4	3.546732E+5	2.283587E+5	2.189100E-3	4.999000E-1	4.844500E-2	7.057200E-4	6.864621E+4	2.198255E+4	2.189100E-3	4.812200E-2	1.000000E-2	0.000000E+0	1.000000E-2	1.000000E+0	1.000000E-2	1.000000E+0	1.000000E+0	1.990000E+2
4.396085E+0	2.000000E+2	2.006000E-1	6.439100E-4	3.115342E+5	3.444326E+5	1.449050E-3	4.991000E-1	4.817500E-2	6.439100E-4	7.481636E+4	3.344053E+4	1.449050E-3	4.845700E-2	1.000000E-2	0.000000E+0	1.000000E-2	1.000000E+0	1.000000E-2	1.000000E+0	1.000000E+0	2.000000E+2
4.416869E+0	1.500000E+2	1.502000E-1	7.602600E-4	1.975640E+5	2.384230E+5	2.099210E-3	5.005000E-1	4.906700E-2	7.602600E-4	6.453976E+4	2.324208E+4	2.099210E-3	4.879000E-2	1.000000E-2	0.000000E+0	1.000000E-2	1.000000E+0	1.000000E-2	1.000000E+0	1.000000E+0	2.010000E+2
4.438154E+0	1.000000E+2	1.009000E-1	7.638100E-4	1.321009E+5	5.443652E+5	9.179500E-4	4.997000E-1	4.871600E-2	7.638100E-4	6.378026E+4	5.367613E+4	9.179500E-4	4.927200E-2	1.000000E-2	0.000000E+0	1.000000E-2	1.000000E+0	1.000000E-2	1.000000E+0	1.000000E+0	2.020000E+2
4.459788E+0	5.000000E+1	4.970000E-2	1.596000E-4	3.114035E+5	2.452689E+5	2.031240E-3	4.982000E-1	4.801800E-2	1.596000E-4	3.008647E+5	2.457661E+4	2.031240E-3	4.992100E-2	1.000000E-2	0.000000E+0	1.000000E-2	1.000000E+0	1.000000E-2	1.000000E+0	1.000000E+0	2.030000E+2
4.480756E+0	0.000000E+0	4.000000E-4	-8.530000E-5	-4.689332E+3	2.658772E+5	1.881320E-3	5.002000E-1	4.650300E-2	-8.530000E-5	-5.451700E+5	2.625603E+4	1.881320E-3	4.939600E-2	1.000000E-2	0.000000E+0	1.000000E-2	1.000000E+0	1.000000E-2	1.000000E+0	1.000000E+0	2.040000E+2
4.501791E+0	-5.000000E+1	-5.020000E-2	3.521700E-4	-1.425448E+5	3.034550E+5	1.648350E-3	5.002000E-1	4.809100E-2	3.521700E-4	1.365562E+5	2.943368E+4	1.648350E-3	4.851700E-2	1.000000E-2	0.000000E+0	1.000000E-2	1.000000E+0	1.000000E-2	1.000000E+0	1.000000E+0	2.050000E+2
4.523125E+0	-1.000000E+2	-9.910000E-2	6.262100E-4	-1.582536E+5	2.451478E+5	2.040810E-3	5.003000E-1	4.963300E-2	6.262100E-4	7.925935E+4	2.429869E+4	2.040810E-3	4.958900E-2	1.000000E-2	0.000000E+0	1.000000E-2	1.000000E+0	1.000000E-2	1.000000E+0	1.000000E+0	2.060000E+2
4.544160E+0	-1.500000E+2	-1.495000E-1	-1.145200E-4	1.305449E+6	2.880438E+6	1.735500E-4	4.999000E-1	4.835500E-2	-1.145200E-4	-4.222407E+5	2.794468E+5	1.735500E-4	4.849800E-2	1.000000E-2	0.000000E+0	1.000000E-2	1.000000E+0	1.000000E-2	1.000000E+0	1.000000E+0	2.070000E+2
4.565428E+0	-2.000000E+2	-1.998000E-1	-1.648000E-4	1.212379E+6	2.824674E+5	1.774010E-3	5.011000E-1	4.717000E-2	-1.648000E-4	-2.862257E+5	2.777775E+4	1.774010E-3	4.927800E-2	1.000000E-2	0.000000E+0	1.000000E-2	1.000000E+0	1.000000E-2	1.000000E+0	1.000000E+0	2.080000E+2
4.587512E+0	-2.500000E+2	-2.495000E-1	-1.549870E-3	1.609812E+5	3.458016E+5	1.444470E-3	4.995000E-1	4.566500E-2	-1.549870E-3	-2.946376E+4	3.483700E+4	1.444470E-3	5.032100E-2	1.000000E-2	0.000000E+0	1.000000E-2	1.000000E+0	1.000000E-2	1.000000E+0	1.000000E+0	2.090000E+2
4.608380E+0	-3.000000E+2	-3.003000E-1	-1.389350E-3	2.161442E+5	3.439797E+5	1.451830E-3	4.994000E-1	4.577100E-2	-1.389350E-3	-3.294418E+4	3.337925E+4	1.451830E-3	4.846100E-2	1.000000E-2	0.000000E+0	1.000000E-2	1.000000E+0	1.000000E-2	1.000000E+0	1.000000E+0	2.100000E+2
4.630131E+0	-3.500000E+2	-3.492000E-1	-1.265450E-3	2.759493E+5	3.015970E+5	1.657510E-3	4.999000E-1	4.617300E-2	-1.265450E-3	-3.648742E+4	2.996724E+4	1.657510E-3	4.967100E-2	1.000000E-2	0.000000E+0	1.000000E-2	1.000000E+0	1.000000E-2	1.000000E+0	1.000000E+0	2.110000E+2
4.650883E+0	-4.000000E+2	-4.003000E-1	-1.272920E-3	3.144738E+5	3.075048E+5	1.624690E-3	4.996000E-1	4.683100E-2	-1.272920E-3	-3.679021E+4	2.955087E+4	1.624690E-3	4.801100E-2	1.000000E-2	0.000000E+0	1.000000E-2	1.000000E+0	1.000000E-2	1.000000E+0	1.000000E+0	2.120000E+2
4.672601E+0	-4.500000E+2	-4.506000E-1	-1.563580E-3	2.881848E+5	3.605459E+5	1.388450E-3	5.006000E-1	4.625500E-2	-1.563580E-3	-2.958275E+4	3.524434E+4	1.388450E-3	4.893500E-2	1.000000E-2	0.000000E+0	1.000000E-2	1.000000E+0	1.000000E-2	1.000000E+0	1.000000E+0	2.130000E+2
4.693318E+0	-5.000000E+2	-4.996000E-1	-1.832450E-3	2.726405E+5	3.432471E+5	1.455220E-3	4.995000E-1	4.592100E-2	-1.832450E-3	-2.505989E+4	3.334066E+4	1.455220E-3	4.851800E-2	1.000000E-2	0.000000E+0	1.000000E-2	1.000000E+0	1.000000E-2	1.000000E+0	1.000000E+0	2.140000E+2
4.714353E+0	-5.500000E+2	-5.501000E-1	-1.897500E-3	2.899078E+5	3.054656E+5	1.637500E-3	5.002000E-1	4.538600E-2	-1.897500E-3	-2.391884E+4	2.953344E+4	1.637500E-3	4.836100E-2	1.000000E-2	0.000000E+0	1.000000E-2	1.000000E+0	1.000000E-2	1.000000E+0	1.000000E+0	2.150000E+2
4.735604E+0	-6.000000E+2	-6.004000E-1	-2.115910E-3	2.837550E+5	3.247285E+5	1.539440E-3	4.999000E-1	4.582800E-2	-2.115910E-3	-2.165877E+4	3.171673E+4	1.539440E-3	4.882600E-2	1.000000E-2	0.000000E+0	1.000000E-2	1.000000E+0	1.000000E-2	1.000000E+0	1.000000E+0	2.160000E+2
4.756772E+0	-6.500000E+2	-6.503000E-1	-2.181890E-3	2.980444E+5	3.424498E+5	1.460360E-3	5.001000E-1	4.650900E-2	-2.181890E-3	-2.131592E+4	3.261182E+4	1.460360E-3	4.762500E-2	1.000000E-2	0.000000E+0	1.000000E-2	1.000000E+0	1.000000E-2	1.000000E+0	1.000000E+0	2.170000E+2
4.778057E+0	-7.000000E+2	-7.004000E-1	-2.348380E-3	2.982482E+5	3.506276E+5	1.426870E-3	5.003000E-1	4.560100E-2	-2.348380E-3	-1.941807E+4	3.467800E+4	1.426870E-3	4.948100E-2	1.000000E-2	0.000000E+0	1.000000E-2	1.000000E+0	1.000000E-2	1.000000E+0	1.000000E+0	2.180000E+2
4.799375E+0	-7.500000E+2	-7.502000E-1	-2.481290E-3	3.023427E+5	3.520215E+5	1.421220E-3	5.003000E-1	4.590700E-2	-2.481290E-3	-1.850126E+4	3.428955E+4	1.421220E-3	4.873300E-2	1.000000E-2	0.000000E+0	1.000000E-2	1.000000E+0	1.000000E-2	1.000000E+0	1.000000E+0	2.190000E+2
4.820709E+0	-8.000000E+2	-8.000000E-1	-2.781730E-3	2.875908E+5	3.512436E+5	1.426930E-3	5.012000E-1	4.605500E-2	-2.781730E-3	-1.655624E+4	3.479638E+4	1.426930E-3	4.965200E-2	1.000000E-2	0.000000E+0	1.000000E-2	1.000000E+0	1.000000E-2	1.000000E+0	1.000000E+0	2.200000E+2
4.842677E+0	-8.500000E+2	-8.489000E-1	-2.791130E-3	3.041420E+5	3.218706E+5	1.553730E-3	5.001000E-1	4.509900E-2	-2.791130E-3	-1.615797E+4	3.204868E+4	1.553730E-3	4.979500E-2	1.000000E-2	0.000000E+0	1.000000E-2	1.000000E+0	1.000000E-2	1.000000E+0	1.000000E+0	2.210000E+2
4.863462E+0	-9.000000E+2	-9.005000E-1	-3.039260E-3	2.962892E+5	3.224726E+5	1.552380E-3	5.006000E-1	4.525900E-2	-3.039260E-3	-1.489145E+4	3.174158E+4	1.552380E-3	4.927500E-2	1.000000E-2	0.000000E+0	1.000000E-2	1.000000E+0	1.000000E-2	1.000000E+0	1.000000E+0	2.220000E+2
4.885363E+0	-9.500000E+2	-9.501000E-1	-3.275710E-3	2.900440E+5	3.026215E+5	1.652890E-3	5.002000E-1	4.503200E-2	-3.275710E-3	-1.374725E+4	3.008367E+4	1.652890E-3	4.972500E-2	1.000000E-2	0.000000E+0	1.000000E-2	1.000000E+0	1.000000E-2	1.000000E+0	1.000000E+0	2.230000E+2
4.906997E+0	-1.000000E+3	-9.992000E-1	-3.460580E-3	2.887377E+5	3.117846E+5	1.603030E-3	4.998000E-1	4.363500E-2	-3.460580E-3	-1.260916E+4	3.113416E+4	1.603030E-3	4.990900E-2	1.000000E-2	0.000000E+0	1.000000E-2	1.000000E+0	1.000000E-2	1.000000E+0	1.000000E+0	2.240000E+2
4.928299E+0	-1.000000E+3	-1.000300E+0	-3.461810E-3	2.889529E+5	3.015415E+5	1.658810E-3	5.002000E-1	4.413700E-2	-3.461810E-3	-1.274969E+4	2.907084E+4	1.658810E-3	4.822300E-2	1.000000E-2	0.000000E+0	1.000000E-2	1.000000E+0	1.000000E-2	1.000000E+0	1.000000E+0	2.250000E+2
4.949716E+0	-9.500000E+2	-9.488000E-1	-3.081810E-3	3.078710E+5	3.046519E+5	1.644500E-3	5.010000E-1	4.450900E-2	-3.081810E-3	-1.444249E+4	2.857768E+4	1.644500E-3	4.699600E-2	1.000000E-2	0.000000E+0	1.000000E-2	1.000000E+0	1.000000E-2	1.000000E+0	1.000000E+0	2.260000E+2
4.971918E+0	-9.000000E+2	-9.001000E-1	-3.156520E-3	2.851558E+5	2.998019E+5	1.670770E-3	5.009000E-1	4.516200E-2	-3.156520E-3	-1.430753E+4	2.916500E+4	1.670770E-3	4.872800E-2	1.000000E-2	0.000000E+0	1.000000E-2	1.000000E+0	1.000000E-2	1.000000E+0	1.000000E+0	2.270000E+2
4.992902E+0	-8.500000E+2	-8.497000E-1	-2.845390E-3	2.986234E+5	3.036539E+5	1.647270E-3	5.002000E-1	4.599800E-2	-2.845390E-3	-1.616580E+4	2.926600E+4	1.647270E-3	4.820900E-2	1.000000E-2	0.000000E+0	1.000000E-2	1.000000E+0	1.000000E-2	1.000000E+0	1.000000E+0	2.280000E+2
5.015004E+0	-8.000000E+2	-7.997000E-1	-2.584170E-3	3.094611E+5	3.489290E+5	1.431810E-3	4.996000E-1	4.610600E-2	-2.584170E-3	-1.784171E+4	3.356311E+4	1.431810E-3	4.805600E-2	1.000000E-2	0.000000E+0	1.000000E-2	1.000000E+0	1.000000E-2	1.000000E+0	1.000000E+0	2.290000E+2
5.035871E+0	-7.500000E+2	-7.502000E-1	-2.417980E-3	3.102590E+5	2.989027E+5	1.676800E-3	5.012000E-1	4.554500E-2	-2.417980E-3	-1.883597E+4	3.014313E+4	1.676800E-3	5.054400E-2	1.000000E-2	0.000000E+0	1.000000E-2	1.000000E+0	1.000000E-2	1.000000E+0	1.000000E+0	2.300000E+2
5.057139E+0	-7.000000E+2	-7.001000E-1	-2.262380E-3	3.094529E+5	3.004800E+5	1.664670E-3	5.002000E-1	4.640800E-2	-2.262380E-3	-2.051291E+4	2.944007E+4	1.664670E-3	4.900800E-2	1.000000E-2	0.000000E+0	1.000000E-2	1.000000E+0	1.000000E-2	1.000000E+0	1.000000E+0	2.310000E+2
5.078757E+0	-6.500000E+2	-6.496000E-1	-2.218560E-3	2.928025E+5	3.028393E+5	1.650050E-3	4.997000E-1	4.613600E-2	-2.218560E-3	-2.079547E+4	3.022696E+4	1.650050E-3	4.987600E-2	1.000000E-2	0.000000E+0	1.000000E-2	1.000000E+0	1.000000E-2	1.000000E+0	1.000000E+0	2.320000E+2
5.099992E+0	-6.000000E+2	-5.995000E-1	-2.141820E-3	2.799021E+5	3.248461E+5	1.536420E-3	4.991000E-1	4.465900E-2	-2.141820E-3	-2.085096E+4	3.197042E+4	1.536420E-3	4.912000E-2	1.000000E-2	0.000000E+0	1.000000E-2	1.000000E+0	1.000000E-2	1.000000E+0	1.000000E+0	2.330000E+2
5.120993E+0	-5.500000E+2	-5.499000E-1	-1.941320E-3	2.832609E+5	3.002509E+5	1.665940E-3	5.002000E-1	4.476300E-2	-1.941320E-3	-2.305802E+4	2.886899E+4	1.665940E-3	4.809400E-2	1.000000E-2	0.000000E+0	1.000000E-2	1.000000E+0	1.000000E-2	1.000000E+0	1.000000E+0	2.340000E+2
5.142277E+0	-5.000000E+2	-4.996000E-1	-1.727910E-3	2.891354E+5	2.978782E+5	1.679210E-3	5.002000E-1	4.576300E-2	-1.727910E-3	-2.648460E+4	2.979615E+4	1.679210E-3	5.003400E-2	1.000000E-2	0.000000E+0	1.000000E-2	1.000000E+0	1.000000E-2	1.000000E+0	1.000000E+0	2.350000E+2
5.163312E+0	-4.500000E+2	-4.514000E-1	-1.442800E-3	3.128639E+5	3.035219E+5	1.645680E-3	4.995000E-1	4.624400E-2	-1.442800E-3	-3.205157E+4	2.980105E+4	1.645680E-3	4.904300E-2	1.000000E-2	0.000000E+0	1.000000E-2	1.000000E+0	1.000000E-2	1.000000E+0	1.000000E+0	2.360000E+2
5.184413E+0	-4.000000E+2	-3.999000E-1	-1.396020E-3	2.864572E+5	3.538496E+5	1.414160E-3	5.004000E-1	4.732600E-2	-1.396020E-3	-3.390066E+4	3.414607E+4	1.414160E-3	4.828800E-2	1.000000E-2	0.000000E+0	1.000000E-2	1.000000E+0	1.000000E-2	1.000000E+0	1.000000E+0	2.370000E+2
5.206748E+0	-3.500000E+2	-3.498000E-1	-1.207150E-3	2.897734E+5	3.469528E+5	1.440830E-3	4.999000E-1	4.658300E-2	-1.207150E-3	-3.858924E+4	3.292547E+4	1.440830E-3	4.744000E-2	1.000000E-2	0.000000E+0	1.000000E-2	1.000000E+0	1.000000E-2	1.000000E+0	1.000000E+0	2.380000E+2
5.227816E+0	-3.000000E+2	-3.006000E-1	-1.140240E-3	2.636287E+5	3.116320E+5	1.605740E-3	5.004000E-1	4.561700E-2	-1.140240E-3	-4.000649E+4	3.025583E+4	1.605740E-3	4.858300E-2	1.000000E-2	0.000000E+0	1.000000E-2	1.000000E+0	1.000000E-2	1.000000E+0	1.000000E+0	2.390000E+2
5.250117E+0	-2.500000E+2	-2.501000E-1	-1.026780E-3	2.435770E+5	2.991458E+5	1.671760E-3	5.001000E-1	4.628000E-2	-1.026780E-3	-4.507295E+4	2.873678E+4	1.671760E-3	4.804100E-2	1.000000E-2	0.000000E+0	1.000000E-2	1.000000E+0	1.000000E-2	1.000000E+0	1.000000E+0	2.400000E+2
5.270968E+0	-2.000000E+2	-2.001000E-1	-8.324700E-4	2.403690E+5	3.447373E+5	1.450670E-3	5.001000E-1	4.342400E-2	-8.324700E-4	-5.216284E+4	3.244156E+4	1.450670E-3	4.706200E-2	1.000000E-2	0.000000E+0	1.000000E-2	1.000000E+0	1.000000E-2	1.000000E+0	1.000000E+0	2.410000E+2
5.292703E+0	-1.500000E+2	-1.506000E-1	-6.932800E-4	2.172282E+5	3.048210E+5	1.634730E-3	4.983000E-1	4.477500E-2	-6.932800E-4	-6.458429E+4	2.930882E+4	1.634730E-3	4.791200E-2	1.000000E-2	0.000000E+0	1.000000E-2	1.000000E+0	1.000000E-2	1.000000E+0	1.000000E+0	2.420000E+2
5.313654E+0	-1.000000E+2	-1.005000E-1	-5.436700E-4	1.848548E+5	3.236505E+5	1.546730E-3	5.006000E-1	4.636400E-2	-5.436700E-4	-8.527967E+4	3.065564E+4	1.546730E-3	4.741600E-2	1.000000E-2	0.000000E+0	1.000000E-2	1.000000E+0	1.000000E-2	1.000000E+0	1.000000E+0	2.430000E+2
5.335572E+0	-5.000000E+1	-5.040000E-2	-3.695100E-4	1.363968E+5	3.037742E+5	1.645630E-3	4.999000E-1	4.494500E-2	-3.695100E-4	-1.216341E+5	3.082953E+4	1.645630E-3	5.073400E-2	1.000000E-2	0.000000E+0	1.000000E-2	1.000000E+0	1.000000E-2	1.000000E+0	1.000000E+0	2.440000E+2
5.356256E+0	0.000000E+0	3.000000E-4	-1.146700E-4	-2.616203E+3	3.354434E+5	1.489670E-3	4.997000E-1	4.730800E-2	-1.146700E-4	-4.125578E+5	3.335437E+4	1.489670E-3	4.968700E-2	1.000000E-2	0.000000E+0	1.000000E-2	1.000000E+0	1.000000E-2	1.000000E+0	1.000000E+0	2.450000E+2
5.377408E+0	5.000000E+1	4.970000E-2	1.412900E-4	3.517588E+5	3.332489E+5	1.499480E-3	4.997000E-1	4.735800E-2	1.412900E-4	3.351830E+5	3.219449E+4	1.499480E-3	4.827500E-2	1.000000E-2	0.000000E+0	1.000000E-2	1.000000E+0	1.000000E-2	1.000000E+0	1.000000E+0	2.460000E+2
5.398459E+0	1.000000E+2	9.950000E-2	1.164600E-4	8.543706E+5	3.552899E+5	1.407020E-3	4.999000E-1	4.681600E-2	1.164600E-4	4.019921E+5	3.453967E+4	1.407020E-3	4.859800E-2	1.000000E-2	0.000000E+0	1.000000E-2	1.000000E+0	1.000000E-2	1.000000E+0	1.000000E+0	2.470000E+2
5.419510E+0	1.500000E+2	1.507000E-1	2.944000E-4	5.118886E+5	3.030780E+5	1.653040E-3	5.010000E-1	4.673900E-2	2.944000E-4	1.587602E+5	2.901261E+4	1.653040E-3	4.795900E-2	1.000000E-2	0.000000E+0	1.000000E-2	1.000000E+0	1.000000E-2	1.000000E+0	1.000000E+0	2.480000E+2
5.440795E+0	2.000000E+2	2.005000E-1	4.825800E-4	4.154752E+5	3.096355E+5	1.613510E-3	4.996000E-1	4.705700E-2	4.825800E-4	9.751129E+4	2.985417E+4	1.613510E-3	4.817000E-2	1.000000E-2	0.000000E+0	1.000000E-2	1.000000E+0	1.000000E-2	1.000000E+0	1.000000E+0	2.490000E+2
5.462096E+0	2.500000E+2	2.497000E-1	6.726400E-4	3.712238E+5	3.318133E+5	1.506570E-3	4.999000E-1	4.976600E-2	6.726400E-4	7.398608E+4	3.333400E+4	1.506570E-3	5.022000E-2	1.000000E-2	0.000000E+0	1.000000E-2	1.000000E+0	1.000000E-2	1.000000E+0	1.000000E+0	2.500000E+2
5.483330E+0	3.000000E+2	3.009000E-1	8.472100E-4	3.551658E+5	3.272751E+5	1.526850E-3	4.997000E-1	4.875900E-2	8.472100E-4	5.755244E+4	3.185971E+4	1.526850E-3	4.864500E-2	1.000000E-2	0.000000E+0	1.000000E-2	1.000000E+0	1.000000E-2	1.000000E+0	1.000000E+0	2.510000E+2
5.504515E+0	3.500000E+2	3.509000E-1	1.072050E-3	3.273168E+5	3.235454E+5	1.548160E-3	5.009000E-1	5.039600E-2	1.072050E-3	4.700900E+4	3.083596E+4	1.548160E-3	4.773900E-2	1.000000E-2	0.000000E+0	1.000000E-2	1.000000E+0	1.000000E-2	1.000000E+0	1.000000E+0	2.520000E+2
5.525616E+0	4.000000E+2	4.008000E-1	1.200060E-3	3.339833E+5	3.276763E+5	1.523760E-3	4.993000E-1	4.944800E-2	1.200060E-3	4.120461E+4	3.237190E+4	1.523760E-3	4.932700E-2	1.000000E-2	0.000000E+0	1.000000E-2	1.000000E+0	1.000000E-2	1.000000E+0	1.000000E+0	2.530000E+2
5.546867E+0	4.500000E+2	4.496000E-1	1.392810E-3	3.228007E+5	3.261542E+5	1.535470E-3	5.008000E-1	4.948300E-2	1.392810E-3	3.552746E+4	3.214911E+4	1.535470E-3	4.936400E-2	1.000000E-2	0.000000E+0	1.000000E-2	1.000000E+0	1.000000E-2	1.000000E+0	1.000000E+0	2.540000E+2
5.567985E+0	5.000000E+2	5.009000E-1	1.551720E-3	3.228031E+5	3.236783E+5	1.542890E-3	4.994000E-1	5.100200E-2	1.551720E-3	3.286804E+4	3.191025E+4	1.542890E-3	4.923400E-2	1.000000E-2	0.000000E+0	1.000000E-2	1.000000E+0	1.000000E-2	1.000000E+0	1.000000E+0	2.550000E+2
5.589020E+0	5.500000E+2	5.510000E-1	1.712630E-3	3.217274E+5	3.234463E+5	1.546470E-3	5.002000E-1	5.016700E-2	1.712630E-3	2.929237E+4	3.127898E+4	1.546470E-3	4.837200E-2	1.000000E-2	0.000000E+0	1.000000E-2	1.000000E+0	1.000000E-2	1.000000E+0	1.000000E+0	2.560000E+2
5.610204E+0	6.000000E+2	5.993000E-1	1.830330E-3	3.274273E+5	3.235787E+5	1.544910E-3	4.999000E-1	4.929300E-2	1.830330E-3	2.693121E+4	3.214427E+4	1.544910E-3	4.966000E-2	1.000000E-2	0.000000E+0	1.000000E-2	1.000000E+0	1.000000E-2	1.000000E+0	1.000000E+0	2.570000E+2
5.631322E+0	6.500000E+2	6.506000E-1	2.048280E-3	3.176324E+5	3.275129E+5	1.524520E-3	4.993000E-1	5.141300E-2	2.048280E-3	2.510057E+4	3.251187E+4	1.524520E-3	4.956500E-2	1.000000E-2	0.000000E+0	1.000000E-2	1.000000E+0	1.000000E-2	1.000000E+0	1.000000E+0	2.580000E+2
5.653373E+0	7.000000E+2	6.998000E-1	2.182110E-3	3.206988E+5	3.256443E+5	1.537260E-3	5.006000E-1	4.902500E-2	2.182110E-3	2.246679E+4	3.199589E+4	1.537260E-3	4.918600E-2	1.000000E-2	0.000000E+0	1.000000E-2	1.000000E+0	1.000000E-2	1.000000E+0	1.000000E+0	2.590000E+2
5.674708E+0	7.500000E+2	7.493000E-1	2.338090E-3	3.204753E+5	3.267074E+5	1.532870E-3	5.008000E-1	4.811900E-2	2.338090E-3	2.058047E+4	3.231063E+4	1.532870E-3	4.952800E-2	1.000000E-2	0.000000E+0	1.000000E-2	1.000000E+0	1.000000E-2	1.000000E+0	1.000000E+0	2.600000E+2
5.695609E+0	8.000000E+2	7.988000E-1	2.504340E-3	3.189663E+5	3.236958E+5	1.544660E-3	5.000000E-1	5.065100E-2	2.504340E-3	2.022529E+4	3.121852E+4	1.544660E-3	4.822200E-2	1.000000E-2	0.000000E+0	1.000000E-2	1.000000E+0	1.000000E-2	1.000000E+0	1.000000E+0	2.610000E+2
5.716660E+0	8.500000E+2	8.495000E-1	2.666780E-3	3.185490E+5	3.286228E+5	1.522110E-3	5.002000E-1	5.024100E-2	2.666780E-3	1.883957E+4	3.148196E+4	1.522110E-3	4.791900E-2	1.000000E-2	0.000000E+0	1.000000E-2	1.000000E+0	1.000000E-2	1.000000E+0	1.000000E+0	2.620000E+2
5.737895E+0	9.000000E+2	8.993000E-1	2.844700E-3	3.161318E+5	3.247323E+5	1.538190E-3	4.995000E-1	5.052300E-2	2.844700E-3	1.776040E+4	3.092921E+4	1.538190E-3	4.757500E-2	1.000000E-2	0.000000E+0	1.000000E-2	1.000000E+0	1.000000E-2	1.000000E+0	1.000000E+0	2.630000E+2
5.759179E+0	9.500000E+2	9.497000E-1	3.027450E-3	3.136963E+5	3.244558E+5	1.541350E-3	5.001000E-1	5.098700E-2	3.027450E-3	1.684157E+4	3.148603E+4	1.541350E-3	4.853100E-2	1.000000E-2	0.000000E+0	1.000000E-2	1.000000E+0	1.000000E-2	1.000000E+0	1.000000E+0	2.640000E+2
5.781514E+0	1.000000E+3	9.993000E-1	3.193460E-3	3.129208E+5	3.279216E+5	1.523840E-3	4.997000E-1	5.030500E-2	3.193460E-3	1.575251E+4	3.196530E+4	1.523840E-3	4.871000E-2	1.000000E-2	0.000000E+0	1.000000E-2	1.000000E+0	1.000000E-2	1.000000E+0	1.000000E+0	2.650000E+2
5.802265E+0	1.000000E+3	9.994000E-1	3.146360E-3	3.176369E+5	3.317306E+5	1.505740E-3	4.995000E-1	4.944100E-2	3.146360E-3	1.571371E+4	3.133343E+4	1.505740E-3	4.718000E-2	1.000000E-2	0.000000E+0	1.000000E-2	1.000000E+0	1.000000E-2	1.000000E+0	1.000000E+0	2.660000E+2
5.824133E+0	9.500000E+2	9.496000E-1	3.038100E-3	3.125638E+5	3.296747E+5	1.517860E-3	5.004000E-1	4.941400E-2	3.038100E-3	1.626477E+4	3.048568E+4	1.517860E-3	4.627300E-2	1.000000E-2	0.000000E+0	1.000000E-2	1.000000E+0	1.000000E-2	1.000000E+0	1.000000E+0	2.670000E+2
5.844868E+0	9.000000E+2	8.994000E-1	2.818600E-3	3.190946E+5	3.338349E+5	1.495350E-3	4.992000E-1	4.827800E-2	2.818600E-3	1.712836E+4	3.330926E+4	1.495350E-3	4.980900E-2	1.000000E-2	0.000000E+0	1.000000E-2	1.000000E+0	1.000000E-2	1.000000E+0	1.000000E+0	2.680000E+2
5.865886E+0	8.500000E+2	8.500000E-1	2.650010E-3	3.207535E+5	3.217362E+5	1.554690E-3	5.002000E-1	4.968400E-2	2.650010E-3	1.874861E+4	3.129820E+4	1.554690E-3	4.865900E-2	1.000000E-2	0.000000E+0	1.000000E-2	1.000000E+0	1.000000E-2	1.000000E+0	1.000000E+0	2.690000E+2
5.887203E+0	8.000000E+2	8.006000E-1	2.498060E-3	3.204887E+5	3.273876E+5	1.529380E-3	5.007000E-1	4.880500E-2	2.498060E-3	1.953716E+4	3.093083E+4	1.529380E-3	4.730500E-2	1.000000E-2	0.000000E+0	1.000000E-2	1.000000E+0	1.000000E-2	1.000000E+0	1.000000E+0	2.700000E+2
5.908388E+0	7.500000E+2	7.504000E-1	2.333370E-3	3.215949E+5	3.289283E+5	1.517960E-3	4.993000E-1	4.904100E-2	2.333370E-3	2.101724E+4	3.203839E+4	1.517960E-3	4.863300E-2	1.000000E-2	0.000000E+0	1.000000E-2	1.000000E+0	1.000000E-2	1.000000E+0	1.000000E+0	2.710000E+2
5.929489E+0	7.000000E+2	7.004000E-1	2.192760E-3	3.194148E+5	3.220743E+5	1.554610E-3	5.007000E-1	4.911300E-2	2.192760E-3	2.239780E+4	3.214954E+4	1.554610E-3	4.998000E-2	1.000000E-2	0.000000E+0	1.000000E-2	1.000000E+0	1.000000E-2	1.000000E+0	1.000000E+0	2.720000E+2
5.950457E+0	6.500000E+2	6.501000E-1	2.025630E-3	3.209372E+5	3.231457E+5	1.546980E-3	4.999000E-1	5.071800E-2	2.025630E-3	2.503814E+4	3.123634E+4	1.546980E-3	4.832200E-2	1.000000E-2	0.000000E+0	1.000000E-2	1.000000E+0	1.000000E-2	1.000000E+0	1.000000E+0	2.730000E+2
5.971692E+0	6.000000E+2	5.995000E-1	1.861690E-3	3.220192E+5	3.249985E+5	1.536930E-3	4.995000E-1	4.770500E-2	1.861690E-3	2.562457E+4	3.244064E+4	1.536930E-3	4.985900E-2	1.000000E-2	0.000000E+0	1.000000E-2	1.000000E+0	1.000000E-2	1.000000E+0	1.000000E+0	2.740000E+2
5.992926E+0	5.500000E+2	5.494000E-1	1.686360E-3	3.257905E+5	3.273123E+5	1.525760E-3	4.994000E-1	4.953200E-2	1.686360E-3	2.937214E+4	3.144072E+4	1.525760E-3	4.797100E-2	1.000000E-2	0.000000E+0	1.000000E-2	1.000000E+0	1.000000E-2	1.000000E+0	1.000000E+0	2.750000E+2
6.014677E+0	5.000000E+2	4.997000E-1	1.537920E-3	3.249194E+5	3.242002E+5	1.541640E-3	4.998000E-1	4.991200E-2	1.537920E-3	3.245422E+4	3.158779E+4	1.541640E-3	4.869700E-2	1.000000E-2	0.000000E+0	1.000000E-2	1.000000E+0	1.000000E-2	1.000000E+0	1.000000E+0	2.760000E+2
6.035795E+0	4.500000E+2	4.489000E-1	1.368260E-3	3.280809E+5	3.294650E+5	1.514880E-3	4.991000E-1	4.803700E-2	1.368260E-3	3.510809E+4	3.239597E+4	1.514880E-3	4.907600E-2	1.000000E-2	0.000000E+0	1.000000E-2	1.000000E+0	1.000000E-2	1.000000E+0	1.000000E+0	2.770000E+2
6.056763E+0	4.000000E+2	3.993000E-1	1.199190E-3	3.329748E+5	3.305446E+5	1.509630E-3	4.990000E-1	4.898200E-2	1.199190E-3	4.084590E+4	3.281400E+4	1.509630E-3	4.953700E-2	1.000000E-2	0.000000E+0	1.000000E-2	1.000000E+0	1.000000E-2	1.000000E+0	1.000000E+0	2.780000E+2
6.077948E+0	3.500000E+2	3.497000E-1	1.072620E-3	3.260241E+5	3.268863E+5	1.528360E-3	4.996000E-1	4.770800E-2	1.072620E-3	4.447801E+4	3.190282E+4	1.528360E-3	4.875900E-2	1.000000E-2	0.000000E+0	1.000000E-2	1.000000E+0	1.000000E-2	1.000000E+0	1.000000E+0	2.790000E+2
6.099149E+0	3.000000E+2	3.014000E-1	8.996000E-4	3.350378E+5	3.255360E+5	1.536850E-3	5.003000E-1	4.666100E-2	8.996000E-4	5.186861E+4	3.140124E+4	1.536850E-3	4.825900E-2	1.000000E-2	0.000000E+0	1.000000E-2	1.000000E+0	1.000000E-2	1.000000E+0	1.000000E+0	2.800000E+2
6.120383E+0	2.500000E+2	2.508000E-1	7.252700E-4	3.458023E+5	3.256099E+5	1.535580E-3	5.000000E-1	4.692300E-2	7.252700E-4	6.469729E+4	3.159262E+4	1.535580E-3	4.851300E-2	1.000000E-2	0.000000E+0	1.000000E-2	1.000000E+0	1.000000E-2	1.000000E+0	1.000000E+0	2.810000E+2
6.141451E+0	2.000000E+2	1.989000E-1	5.658700E-4	3.514942E+5	3.241591E+5	1.540910E-3	4.995000E-1	4.658700E-2	5.658700E-4	8.232810E+4	3.078376E+4	1.540910E-3	4.743500E-2	1.000000E-2	0.000000E+0	1.000000E-2	1.000000E+0	1.000000E-2	1.000000E+0	1.000000E+0	2.820000E+2
6.162486E+0	1.500000E+2	1.507000E-1	4.013900E-4	3.754453E+5	3.247606E+5	1.538980E-3	4.998000E-1	4.831600E-2	4.013900E-4	1.203717E+5	3.096596E+4	1.538980E-3	4.765600E-2	1.000000E-2	0.000000E+0	1.000000E-2	1.000000E+0	1.000000E-2	1.000000E+0	1.000000E+0	2.830000E+2
6.184837E+0	1.000000E+2	9.970000E-2	2.412600E-4	4.132471E+5	3.281063E+5	1.526030E-3	5.007000E-1	4.655600E-2	2.412600E-4	1.929702E+5	3.162258E+4	1.526030E-3	4.825700E-2	1.000000E-2	0.000000E+0	1.000000E-2	1.000000E+0	1.000000E-2	1.000000E+0	1.000000E+0	2.840000E+2
6.205472E+0	5.000000E+1	5.000000E-2	1.029100E-4	4.858614E+5	3.274596E+5	1.525990E-3	4.997000E-1	4.634600E-2	1.029100E-4	4.503547E+5	3.119549E+4	1.525990E-3	4.760400E-2	1.000000E-2	0.000000E+0	1.000000E-2	1.000000E+0	1.000000E-2	1.000000E+0	1.000000E+0	2.850000E+2
6.227440E+0	0.000000E+0	0.000000E+0	-8.720000E-5	0.000000E+0	3.267884E+5	1.529430E-3	4.998000E-1	4.453100E-2	-8.720000E-5	-5.106766E+5	3.111748E+4	1.529430E-3	4.759200E-2	1.000000E-2	0.000000E+0	1.000000E-2	1.000000E+0	1.000000E-2	1.000000E+0	1.000000E+0	2.860000E+2
6.248174E+0	-5.000000E+1	-5.010000E-2	-2.652800E-4	1.888571E+5	3.263348E+5	1.530330E-3	4.994000E-1	4.706500E-2	-2.652800E-4	-1.774163E+5	3.162717E+4	1.530330E-3	4.840000E-2	1.000000E-2	0.000000E+0	1.000000E-2	1.000000E+0	1.000000E-2	1.000000E+0	1.000000E+0	2.870000E+2
6.270109E+0	-1.000000E+2	-1.003000E-1	-4.086300E-4	2.454543E+5	3.273073E+5	1.526700E-3	4.997000E-1	4.548000E-2	-4.086300E-4	-1.112987E+5	3.054038E+4	1.526700E-3	4.662600E-2	1.000000E-2	0.000000E+0	1.000000E-2	1.000000E+0	1.000000E-2	1.000000E+0	1.000000E+0	2.880000E+2
6.290726E+0	-1.500000E+2	-1.498000E-1	-5.675000E-4	2.639648E+5	3.283468E+5	1.522780E-3	5.000000E-1	4.480400E-2	-5.675000E-4	-7.894978E+4	3.083045E+4	1.522780E-3	4.694800E-2	1.000000E-2	0.000000E+0	1.000000E-2	1.000000E+0	1.000000E-2	1.000000E+0	1.000000E+0	2.890000E+2
6.312144E+0	-2.000000E+2	-1.999000E-1	-7.354700E-4	2.717990E+5	3.301570E+5	1.517460E-3	5.010000E-1	4.491900E-2	-7.354700E-4	-6.107523E+4	3.116062E+4	1.517460E-3	4.728500E-2	1.000000E-2	0.000000E+0	1.000000E-2	1.000000E+0	1.000000E-2	1.000000E+0	1.000000E+0	2.900000E+2
6.333012E+0	-2.500000E+2	-2.497000E-1	-8.750400E-4	2.853584E+5	3.277431E+5	1.524670E-3	4.997000E-1	4.543600E-2	-8.750400E-4	-5.192448E+4	3.093653E+4	1.524670E-3	4.716800E-2	1.000000E-2	0.000000E+0	1.000000E-2	1.000000E+0	1.000000E-2	1.000000E+0	1.000000E+0	2.910000E+2
6.354247E+0	-3.000000E+2	-2.996000E-1	-1.060610E-3	2.824790E+5	3.224870E+5	1.550450E-3	5.000000E-1	4.561300E-2	-1.060610E-3	-4.300638E+4	3.094521E+4	1.550450E-3	4.797900E-2	1.000000E-2	0.000000E+0	1.000000E-2	1.000000E+0	1.000000E-2	1.000000E+0	1.000000E+0	2.920000E+2
6.375448E+0	-3.500000E+2	-3.491000E-1	-1.219270E-3	2.863189E+5	3.231018E+5	1.547500E-3	5.000000E-1	4.671800E-2	-1.219270E-3	-3.831637E+4	3.135832E+4	1.547500E-3	4.852700E-2	1.000000E-2	0.000000E+0	1.000000E-2	1.000000E+0	1.000000E-2	1.000000E+0	1.000000E+0	2.930000E+2
6.396466E+0	-4.000000E+2	-3.994000E-1	-1.371450E-3	2.912246E+5	3.236273E+5	1.544060E-3	4.997000E-1	4.621600E-2	-1.371450E-3	-3.369864E+4	3.133104E+4	1.544060E-3	4.837700E-2	1.000000E-2	0.000000E+0	1.000000E-2	1.000000E+0	1.000000E-2	1.000000E+0	1.000000E+0	2.940000E+2
6.417534E+0	-4.500000E+2	-4.506000E-1	-1.547630E-3	2.911549E+5	3.275238E+5	1.525080E-3	4.995000E-1	4.623700E-2	-1.547630E-3	-2.987600E+4	3.024235E+4	1.525080E-3	4.612200E-2	1.000000E-2	0.000000E+0	1.000000E-2	1.000000E+0	1.000000E-2	1.000000E+0	1.000000E+0	2.950000E+2
6.438718E+0	-5.000000E+2	-5.009000E-1	-1.711740E-3	2.926262E+5	3.214538E+5	1.554500E-3	4.997000E-1	4.567400E-2	-1.711740E-3	-2.668279E+4	3.086330E+4	1.554500E-3	4.797700E-2	1.000000E-2	0.000000E+0	1.000000E-2	1.000000E+0	1.000000E-2	1.000000E+0	1.000000E+0	2.960000E+2
6.460670E+0	-5.500000E+2	-5.501000E-1	-1.848020E-3	2.976699E+5	3.271465E+5	1.529590E-3	5.004000E-1	4.421800E-2	-1.848020E-3	-2.392723E+4	3.122732E+4	1.529590E-3	4.776500E-2	1.000000E-2	0.000000E+0	1.000000E-2	1.000000E+0	1.000000E-2	1.000000E+0	1.000000E+0	2.970000E+2
6.481921E+0	-6.000000E+2	-6.002000E-1	-2.006950E-3	2.990608E+5	3.328368E+5	1.503740E-3	5.005000E-1	4.175000E-2	-2.006950E-3	-2.080271E+4	3.240919E+4	1.503740E-3	4.873500E-2	1.000000E-2	0.000000E+0	1.000000E-2	1.000000E+0	1.000000E-2	1.000000E+0	1.000000E+0	2.980000E+2
6.502689E+0	-6.500000E+2	-6.496000E-1	-2.175140E-3	2.986474E+5	3.241716E+5	1.543010E-3	5.002000E-1	4.474300E-2	-2.175140E-3	-2.057017E+4	3.051827E+4	1.543010E-3	4.709000E-2	1.000000E-2	0.000000E+0	1.000000E-2	1.000000E+0	1.000000E-2	1.000000E+0	1.000000E+0	2.990000E+2
6.523906E+0	-7.000000E+2	-7.012000E-1	-2.349970E-3	2.983868E+5	3.257905E+5	1.532580E-3	4.993000E-1	4.426600E-2	-2.349970E-3	-1.883684E+4	3.007478E+4	1.532580E-3	4.609200E-2	1.000000E-2	0.000000E+0	1.000000E-2	1.000000E+0	1.000000E-2	1.000000E+0	1.000000E+0	3.000000E+2
6.544908E+0	-7.500000E+2	-7.499000E-1	-2.512210E-3	2.985021E+5	3.244901E+5	1.542420E-3	5.005000E-1	4.369500E-2	-2.512210E-3	-1.739305E+4	3.219421E+4	1.542420E-3	4.965700E-2	1.000000E-2	0.000000E+0	1.000000E-2	1.000000E+0	1.000000E-2	1.000000E+0	1.000000E+0	3.010000E+2
6.565942E+0	-8.000000E+2	-8.013000E-1	-2.666750E-3	3.004781E+5	3.229431E+5	1.548570E-3	5.001000E-1	4.329300E-2	-2.666750E-3	-1.623437E+4	3.149680E+4	1.548570E-3	4.877500E-2	1.000000E-2	0.000000E+0	1.000000E-2	1.000000E+0	1.000000E-2	1.000000E+0	1.000000E+0	3.020000E+2
6.588243E+0	-8.500000E+2	-8.499000E-1	-2.821670E-3	3.012046E+5	3.284165E+5	1.520630E-3	4.994000E-1	4.311800E-2	-2.821670E-3	-1.528102E+4	3.118970E+4	1.520630E-3	4.742800E-2	1.000000E-2	0.000000E+0	1.000000E-2	1.000000E+0	1.000000E-2	1.000000E+0	1.000000E+0	3.030000E+2
6.609228E+0	-9.000000E+2	-8.993000E-1	-2.977170E-3	3.020654E+5	3.275636E+5	1.525200E-3	4.996000E-1	4.340200E-2	-2.977170E-3	-1.457827E+4	3.076121E+4	1.525200E-3	4.691700E-2	1.000000E-2	0.000000E+0	1.000000E-2	1.000000E+0	1.000000E-2	1.000000E+0	1.000000E+0	3.040000E+2
6.630663E+0	-9.500000E+2	-9.503000E-1	-3.169260E-3	2.998492E+5	3.265834E+5	1.530390E-3	4.998000E-1	4.285400E-2	-3.169260E-3	-1.352177E+4	3.235058E+4	1.530390E-3	4.950900E-2	1.000000E-2	0.000000E+0	1.000000E-2	1.000000E+0	1.000000E-2	1.000000E+0	1.000000E+0	3.050000E+2
6.652330E+0	-1.000000E+3	-1.000000E+0	-3.310930E-3	3.020299E+5	3.276100E+5	1.526510E-3	5.001000E-1	4.353500E-2	-3.310930E-3	-1.314887E+4	3.109577E+4	1.526510E-3	4.746800E-2	1.000000E-2	0.000000E+0	1.000000E-2	1.000000E+0	1.000000E-2	1.000000E+0	1.000000E+0	3.060000E+2
6.673482E+0	-1.000000E+3	-1.000400E+0	-3.294870E-3	3.036235E+5	3.255445E+5	1.536810E-3	5.003000E-1	4.381400E-2	-3.294870E-3	-1.329764E+4	3.036875E+4	1.536810E-3	4.667100E-2	1.000000E-2	0.000000E+0	1.000000E-2	1.000000E+0	1.000000E-2	1.000000E+0	1.000000E+0	3.070000E+2
6.694433E+0	-9.500000E+2	-9.506000E-1	-3.155980E-3	3.012060E+5	3.276366E+5	1.524860E-3	4.996000E-1	4.586900E-2	-3.155980E-3	-1.453400E+4	3.068806E+4	1.524860E-3	4.679500E-2	1.000000E-2	0.000000E+0	1.000000E-2	1.000000E+0	1.000000E-2	1.000000E+0	1.000000E+0	3.080000E+2
6.715834E+0	-9.000000E+2	-8.998000E-1	-2.984100E-3	3.015315E+5	3.304080E+5	1.512070E-3	4.996000E-1	4.301700E-2	-2.984100E-3	-1.441540E+4	3.113348E+4	1.512070E-3	4.707600E-2	1.000000E-2	0.000000E+0	1.000000E-2	1.000000E+0	1.000000E-2	1.000000E+0	1.000000E+0	3.090000E+2
6.737019E+0	-8.500000E+2	-8.496000E-1	-2.806950E-3	3.026773E+5	3.222709E+5	1.551800E-3	5.001000E-1	4.341000E-2	-2.806950E-3	-1.546518E+4	2.977961E+4	1.551800E-3	4.621200E-2	1.000000E-2	0.000000E+0	1.000000E-2	1.000000E+0	1.000000E-2	1.000000E+0	1.000000E+0	3.100000E+2
6.758253E+0	-8.000000E+2	-8.001000E-1	-2.671130E-3	2.995362E+5	3.259270E+5	1.535620E-3	5.005000E-1	4.264500E-2	-2.671130E-3	-1.596515E+4	3.006864E+4	1.535620E-3	4.617400E-2	1.000000E-2	0.000000E+0	1.000000E-2	1.000000E+0	1.000000E-2	1.000000E+0	1.000000E+0	3.110000E+2
6.779388E+0	-7.500000E+2	-7.494000E-1	-2.490730E-3	3.008756E+5	3.309364E+5	1.510260E-3	4.998000E-1	4.490300E-2	-2.490730E-3	-1.802805E+4	3.132838E+4	1.510260E-3	4.731400E-2	1.000000E-2	0.000000E+0	1.000000E-2	1.000000E+0	1.000000E-2	1.000000E+0	1.000000E+0	3.120000E+2
6.800689E+0	-7.000000E+2	-6.989000E-1	-2.328600E-3	3.001374E+5	3.270729E+5	1.530240E-3	5.005000E-1	4.497400E-2	-2.328600E-3	-1.931375E+4	2.960581E+4	1.530240E-3	4.530400E-2	1.000000E-2	0.000000E+0	1.000000E-2	1.000000E+0	1.000000E-2	1.000000E+0	1.000000E+0	3.130000E+2
6.821674E+0	-6.500000E+2	-6.509000E-1	-2.199460E-3	2.959363E+5	3.265765E+5	1.529810E-3	4.996000E-1	4.445300E-2	-2.199460E-3	-2.021087E+4	3.090841E+4	1.529810E-3	4.728400E-2	1.000000E-2	0.000000E+0	1.000000E-2	1.000000E+0	1.000000E-2	1.000000E+0	1.000000E+0	3.140000E+2
6.842908E+0	-6.000000E+2	-6.003000E-1	-2.023460E-3	2.966701E+5	3.295634E+5	1.520800E-3	5.012000E-1	4.537700E-2	-2.023460E-3	-2.242545E+4	3.105997E+4	1.520800E-3	4.723600E-2	1.000000E-2	0.000000E+0	1.000000E-2	1.000000E+0	1.000000E-2	1.000000E+0	1.000000E+0	3.150000E+2
6.864559E+0	-5.500000E+2	-5.491000E-1	-1.851190E-3	2.966200E+5	3.287317E+5	1.521910E-3	5.003000E-1	4.522500E-2	-1.851190E-3	-2.443023E+4	3.115822E+4	1.521910E-3	4.742000E-2	1.000000E-2	0.000000E+0	1.000000E-2	1.000000E+0	1.000000E-2	1.000000E+0	1.000000E+0	3.160000E+2
6.885227E+0	-5.000000E+2	-5.006000E-1	-1.712180E-3	2.923758E+5	3.292916E+5	1.517500E-3	4.997000E-1	4.403200E-2	-1.712180E-3	-2.571692E+4	3.193608E+4	1.517500E-3	4.846300E-2	1.000000E-2	0.000000E+0	1.000000E-2	1.000000E+0	1.000000E-2	1.000000E+0	1.000000E+0	3.170000E+2
6.906695E+0	-4.500000E+2	-4.505000E-1	-1.552340E-3	2.902070E+5	3.285712E+5	1.521740E-3	5.000000E-1	4.411900E-2	-1.552340E-3	-2.842096E+4	3.208630E+4	1.521740E-3	4.882700E-2	1.000000E-2	0.000000E+0	1.000000E-2	1.000000E+0	1.000000E-2	1.000000E+0	1.000000E+0	3.180000E+2
6.928163E+0	-4.000000E+2	-4.007000E-1	-1.365180E-3	2.935144E+5	3.262245E+5	1.533300E-3	5.002000E-1	4.317900E-2	-1.365180E-3	-3.162880E+4	3.065610E+4	1.533300E-3	4.700500E-2	1.000000E-2	0.000000E+0	1.000000E-2	1.000000E+0	1.000000E-2	1.000000E+0	1.000000E+0	3.190000E+2
6.949414E+0	-3.500000E+2	-3.500000E-1	-1.214410E-3	2.882058E+5	3.278990E+5	1.524860E-3	5.000000E-1	4.570000E-2	-1.214410E-3	-3.763144E+4	3.110318E+4	1.524860E-3	4.742800E-2	1.000000E-2	0.000000E+0	1.000000E-2	1.000000E+0	1.000000E-2	1.000000E+0	1.000000E+0	3.200000E+2
6.970415E+0	-3.000000E+2	-2.997000E-1	-1.050420E-3	2.853144E+5	3.268752E+5	1.527800E-3	4.994000E-1	4.398400E-2	-1.050420E-3	-4.187277E+4	3.090719E+4	1.527800E-3	4.722000E-2	1.000000E-2	0.000000E+0	1.000000E-2	1.000000E+0	1.000000E-2	1.000000E+0	1.000000E+0	3.210000E+2
6.991533E+0	-2.500000E+2	-2.503000E-1	-8.860900E-4	2.824769E+5	3.259842E+5	1.534430E-3	5.002000E-1	4.716000E-2	-8.860900E-4	-5.322258E+4	3.032396E+4	1.534430E-3	4.653000E-2	1.000000E-2	0.000000E+0	1.000000E-2	1.000000E+0	1.000000E-2	1.000000E+0	1.000000E+0	3.220000E+2
7.012684E+0	-2.000000E+2	-1.995000E-1	-7.313600E-4	2.727795E+5	3.276077E+5	1.525300E-3	4.997000E-1	4.381300E-2	-7.313600E-4	-5.990620E+4	3.218646E+4	1.525300E-3	4.909400E-2	1.000000E-2	0.000000E+0	1.000000E-2	1.000000E+0	1.000000E-2	1.000000E+0	1.000000E+0	3.230000E+2
7.033886E+0	-1.500000E+2	-1.501000E-1	-5.641100E-4	2.660829E+5	3.307162E+5	1.513080E-3	5.004000E-1	4.379900E-2	-5.641100E-4	-7.764266E+4	3.065139E+4	1.513080E-3	4.637800E-2	1.000000E-2	0.000000E+0	1.000000E-2	1.000000E+0	1.000000E-2	1.000000E+0	1.000000E+0	3.240000E+2
7.056104E+0	-1.000000E+2	-1.008000E-1	-4.081700E-4	2.469559E+5	3.328427E+5	1.501610E-3	4.998000E-1	4.457400E-2	-4.081700E-4	-1.092045E+5	3.271156E+4	1.501610E-3	4.912000E-2	1.000000E-2	0.000000E+0	1.000000E-2	1.000000E+0	1.000000E-2	1.000000E+0	1.000000E+0	3.250000E+2
7.077105E+0	-5.000000E+1	-4.930000E-2	-2.400500E-4	2.053739E+5	3.238699E+5	1.543830E-3	5.000000E-1	4.585500E-2	-2.400500E-4	-1.910227E+5	3.161553E+4	1.543830E-3	4.880900E-2	1.000000E-2	0.000000E+0	1.000000E-2	1.000000E+0	1.000000E-2	1.000000E+0	1.000000E+0	3.260000E+2
7.099423E+0	0.000000E+0	-5.000000E-4	-8.492000E-5	5.887894E+3	4.533925E+5	1.103900E-3	5.005000E-1	4.630700E-2	-8.492000E-5	-5.453015E+5	4.269771E+4	1.103900E-3	4.713400E-2	1.000000E-2	0.000000E+0	1.000000E-2	1.000000E+0	1.000000E-2	1.000000E+0	1.000000E+0	3.270000E+2
7.120124E+0	5.000000E+1	5.000000E-2	3.594000E-5	1.391208E+6	7.815306E+5	6.404100E-4	5.005000E-1	4.571700E-2	3.594000E-5	1.272037E+6	7.445230E+4	6.404100E-4	4.768000E-2	1.000000E-2	0.000000E+0	1.000000E-2	1.000000E+0	1.000000E-2	1.000000E+0	1.000000E+0	3.280000E+2
7.141692E+0	1.000000E+2	9.990000E-2	7.628000E-5	1.309649E+6	1.043482E+6	4.797400E-4	5.006000E-1	4.541700E-2	7.628000E-5	5.953985E+5	9.564347E+4	4.797400E-4	4.588400E-2	1.000000E-2	0.000000E+0	1.000000E-2	1.000000E+0	1.000000E-2	1.000000E+0	1.000000E+0	3.290000E+2
7.163176E+0	1.500000E+2	1.493000E-1	1.308600E-4	1.140914E+6	9.169978E+5	5.461300E-4	5.008000E-1	4.789100E-2	1.308600E-4	3.659713E+5	8.730705E+4	5.461300E-4	4.768100E-2	1.000000E-2	0.000000E+0	1.000000E-2	1.000000E+0	1.000000E-2	1.000000E+0	1.000000E+0	3.300000E+2
7.184461E+0	2.000000E+2	1.998000E-1	5.310900E-4	3.762074E+5	3.385622E+5	1.473880E-3	4.990000E-1	4.643000E-2	5.310900E-4	8.742398E+4	3.296469E+4	1.473880E-3	4.858600E-2	1.000000E-2	0.000000E+0	1.000000E-2	1.000000E+0	1.000000E-2	1.000000E+0	1.000000E+0	3.310000E+2
7.205212E+0	2.500000E+2	2.504000E-1	7.019600E-4	3.567155E+5	3.360938E+5	1.488870E-3	5.004000E-1	4.817100E-2	7.019600E-4	6.862357E+4	3.129823E+4	1.488870E-3	4.659900E-2	1.000000E-2	0.000000E+0	1.000000E-2	1.000000E+0	1.000000E-2	1.000000E+0	1.000000E+0	3.320000E+2
7.226480E+0	3.000000E+2	2.997000E-1	8.591900E-4	3.488169E+5	3.397129E+5	1.472420E-3	5.002000E-1	4.650100E-2	8.591900E-4	5.412191E+4	3.285000E+4	1.472420E-3	4.836900E-2	1.000000E-2	0.000000E+0	1.000000E-2	1.000000E+0	1.000000E-2	1.000000E+0	1.000000E+0	3.330000E+2
7.247648E+0	3.500000E+2	3.503000E-1	1.019970E-3	3.434415E+5	3.310369E+5	1.511010E-3	5.002000E-1	4.726600E-2	1.019970E-3	4.634058E+4	3.140548E+4	1.511010E-3	4.745400E-2	1.000000E-2	0.000000E+0	1.000000E-2	1.000000E+0	1.000000E-2	1.000000E+0	1.000000E+0	3.340000E+2
7.268882E+0	4.000000E+2	3.998000E-1	1.161480E-3	3.442160E+5	3.374244E+5	1.478850E-3	4.990000E-1	4.685200E-2	1.161480E-3	4.033819E+4	3.129864E+4	1.478850E-3	4.628600E-2	1.000000E-2	0.000000E+0	1.000000E-2	1.000000E+0	1.000000E-2	1.000000E+0	1.000000E+0	3.350000E+2
7.290100E+0	4.500000E+2	4.502000E-1	1.320090E-3	3.410374E+5	3.357288E+5	1.491680E-3	5.008000E-1	4.794200E-2	1.320090E-3	3.631722E+4	3.121514E+4	1.491680E-3	4.656300E-2	1.000000E-2	0.000000E+0	1.000000E-2	1.000000E+0	1.000000E-2	1.000000E+0	1.000000E+0	3.360000E+2
7.311352E+0	5.000000E+2	4.996000E-1	1.419450E-3	3.519673E+5	3.872966E+5	1.288160E-3	4.989000E-1	4.719400E-2	1.419450E-3	3.324809E+4	3.699851E+4	1.288160E-3	4.766000E-2	1.000000E-2	0.000000E+0	1.000000E-2	1.000000E+0	1.000000E-2	1.000000E+0	1.000000E+0	3.370000E+2
7.332519E+0	5.500000E+2	5.502000E-1	1.233630E-3	4.460008E+5	5.627375E+5	8.895800E-4	5.006000E-1	4.790100E-2	1.233630E-3	3.882931E+4	5.426044E+4	8.895800E-4	4.826900E-2	1.000000E-2	0.000000E+0	1.000000E-2	1.000000E+0	1.000000E-2	1.000000E+0	1.000000E+0	3.380000E+2
7.353704E+0	6.000000E+2	6.011000E-1	8.863300E-4	6.781898E+5	8.421212E+5	5.936200E-4	4.999000E-1	4.564800E-2	8.863300E-4	5.150226E+4	7.699707E+4	5.936200E-4	4.570700E-2	1.000000E-2	0.000000E+0	1.000000E-2	1.000000E+0	1.000000E-2	1.000000E+0	1.000000E+0	3.390000E+2
7.374872E+0	6.500000E+2	6.503000E-1	6.910700E-4	9.410045E+5	1.073086E+6	4.654800E-4	4.995000E-1	4.781700E-2	6.910700E-4	6.919270E+4	1.028659E+5	4.654800E-4	4.788200E-2	1.000000E-2	0.000000E+0	1.000000E-2	1.000000E+0	1.000000E-2	1.000000E+0	1.000000E+0	3.400000E+2
7.395890E+0	7.000000E+2	7.001000E-1	5.795000E-4	1.208110E+6	1.346009E+6	3.713200E-4	4.998000E-1	4.792100E-2	5.795000E-4	8.269370E+4	1.296698E+5	3.713200E-4	4.814900E-2	1.000000E-2	0.000000E+0	1.000000E-2	1.000000E+0	1.000000E-2	1.000000E+0	1.000000E+0	3.410000E+2
7.416974E+0	7.500000E+2	7.495000E-1	5.567100E-4	1.346302E+6	1.383780E+6	3.626300E-4	5.018000E-1	4.768700E-2	5.567100E-4	8.565860E+4	1.279651E+5	3.626300E-4	4.640400E-2	1.000000E-2	0.000000E+0	1.000000E-2	1.000000E+0	1.000000E-2	1.000000E+0	1.000000E+0	3.420000E+2
7.438309E+0	8.000000E+2	8.006000E-1	5.264400E-4	1.520781E+6	1.591068E+6	3.143800E-4	5.002000E-1	4.819600E-2	5.264400E-4	9.155079E+4	1.504453E+5	3.143800E-4	4.729700E-2	1.000000E-2	0.000000E+0	1.000000E-2	1.000000E+0	1.000000E-2	1.000000E+0	1.000000E+0	3.430000E+2
7.459577E+0	8.500000E+2	8.495000E-1	5.067700E-4	1.676303E+6	1.736999E+6	2.876800E-4	4.997000E-1	4.762100E-2	5.067700E-4	9.396965E+4	1.644953E+5	2.876800E-4	4.732200E-2	1.000000E-2	0.000000E+0	1.000000E-2	1.000000E+0	1.000000E-2	1.000000E+0	1.000000E+0	3.440000E+2
7.480595E+0	9.000000E+2	8.999000E-1	5.166600E-4	1.741764E+6	1.762445E+6	2.836400E-4	4.999000E-1	4.874500E-2	5.166600E-4	9.434638E+4	1.675469E+5	2.836400E-4	4.752300E-2	1.000000E-2	0.000000E+0	1.000000E-2	1.000000E+0	1.000000E-2	1.000000E+0	1.000000E+0	3.450000E+2
7.502929E+0	9.500000E+2	9.501000E-1	5.038100E-4	1.885830E+6	1.876149E+6	2.666100E-4	5.002000E-1	4.760500E-2	5.038100E-4	9.448999E+4	1.795244E+5	2.666100E-4	4.786300E-2	1.000000E-2	0.000000E+0	1.000000E-2	1.000000E+0	1.000000E-2	1.000000E+0	1.000000E+0	3.460000E+2
7.523697E+0	1.000000E+3	1.000300E+0	5.097500E-4	1.962334E+6	2.137356E+6	2.337000E-4	4.995000E-1	4.720900E-2	5.097500E-4	9.261206E+4	2.051562E+5	2.337000E-4	4.794500E-2	1.000000E-2	0.000000E+0	1.000000E-2	1.000000E+0	1.000000E-2	1.000000E+0	1.000000E+0	3.470000E+2
7.545548E+0	1.000000E+3	9.998000E-1	4.892200E-4	2.043661E+6	2.548249E+6	1.958600E-4	4.991000E-1	4.853100E-2	4.892200E-4	9.920077E+4	2.423313E+5	1.958600E-4	4.746300E-2	1.000000E-2	0.000000E+0	1.000000E-2	1.000000E+0	1.000000E-2	1.000000E+0	1.000000E+0	3.480000E+2
7.566316E+0	9.500000E+2	9.506000E-1	4.274700E-4	2.223782E+6	2.323927E+6	2.151100E-4	4.999000E-1	4.585600E-2	4.274700E-4	1.072730E+5	2.196272E+5	2.151100E-4	4.724400E-2	1.000000E-2	0.000000E+0	1.000000E-2	1.000000E+0	1.000000E-2	1.000000E+0	1.000000E+0	3.490000E+2
7.587651E+0	9.000000E+2	9.001000E-1	3.954100E-4	2.276371E+6	2.149541E+6	2.329800E-4	5.008000E-1	4.753200E-2	3.954100E-4	1.202094E+5	2.087647E+5	2.329800E-4	4.863800E-2	1.000000E-2	0.000000E+0	1.000000E-2	1.000000E+0	1.000000E-2	1.000000E+0	1.000000E+0	3.500000E+2
7.609235E+0	8.500000E+2	8.499000E-1	3.376800E-4	2.516880E+6	2.644782E+6	1.885600E-4	4.987000E-1	4.604500E-2	3.376800E-4	1.363569E+5	2.556375E+5	1.885600E-4	4.820300E-2	1.000000E-2	0.000000E+0	1.000000E-2	1.000000E+0	1.000000E-2	1.000000E+0	1.000000E+0	3.510000E+2
7.630386E+0	8.000000E+2	7.998000E-1	3.481100E-4	2.297550E+6	2.560982E+6	1.947300E-4	4.987000E-1	4.855800E-2	3.481100E-4	1.394904E+5	2.512710E+5	1.947300E-4	4.893000E-2	1.000000E-2	0.000000E+0	1.000000E-2	1.000000E+0	1.000000E-2	1.000000E+0	1.000000E+0	3.520000E+2
7.652588E+0	7.500000E+2	7.499000E-1	2.976300E-4	2.519571E+6	2.529974E+6	1.976700E-4	5.001000E-1	4.749700E-2	2.976300E-4	1.595840E+5	2.430516E+5	1.976700E-4	4.804400E-2	1.000000E-2	0.000000E+0	1.000000E-2	1.000000E+0	1.000000E-2	1.000000E+0	1.000000E+0	3.530000E+2
7.673422E+0	7.000000E+2	7.000000E-1	2.679300E-4	2.612623E+6	2.756304E+6	1.816200E-4	5.006000E-1	4.684900E-2	2.679300E-4	1.748554E+5	2.602962E+5	1.816200E-4	4.727500E-2	1.000000E-2	0.000000E+0	1.000000E-2	1.000000E+0	1.000000E-2	1.000000E+0	1.000000E+0	3.540000E+2
7.694840E+0	6.500000E+2	6.510000E-1	2.848800E-4	2.285173E+6	2.270336E+6	2.205400E-4	5.007000E-1	4.789700E-2	2.848800E-4	1.681304E+5	2.228802E+5	2.205400E-4	4.915400E-2	1.000000E-2	0.000000E+0	1.000000E-2	1.000000E+0	1.000000E-2	1.000000E+0	1.000000E+0	3.550000E+2
7.716375E+0	6.000000E+2	5.999000E-1	2.593000E-4	2.313536E+6	2.026382E+6	2.471400E-4	5.008000E-1	4.809400E-2	2.593000E-4	1.854763E+5	1.882253E+5	2.471400E-4	4.651800E-2	1.000000E-2	0.000000E+0	1.000000E-2	1.000000E+0	1.000000E-2	1.000000E+0	1.000000E+0	3.560000E+2
7.737443E+0	5.500000E+2	5.489000E-1	3.141200E-4	1.747421E+6	1.395796E+6	3.587200E-4	5.007000E-1	4.805900E-2	3.141200E-4	1.529957E+5	1.394625E+5	3.587200E-4	5.002800E-2	1.000000E-2	0.000000E+0	1.000000E-2	1.000000E+0	1.000000E-2	1.000000E+0	1.000000E+0	3.570000E+2
7.758460E+0	5.000000E+2	4.990000E-1	5.783900E-4	8.627397E+5	5.515810E+5	9.057600E-4	4.996000E-1	4.902100E-2	5.783900E-4	8.475423E+4	5.216834E+4	9.057600E-4	4.725200E-2	1.000000E-2	0.000000E+0	1.000000E-2	1.000000E+0	1.000000E-2	1.000000E+0	1.000000E+0	3.580000E+2
7.779712E+0	4.500000E+2	4.496000E-1	9.552800E-4	4.706473E+5	4.597638E+5	1.087950E-3	5.002000E-1	4.951200E-2	9.552800E-4	5.182983E+4	4.419964E+4	1.087950E-3	4.808700E-2	1.000000E-2	0.000000E+0	1.000000E-2	1.000000E+0	1.000000E-2	1.000000E+0	1.000000E+0	3.590000E+2
7.800930E+0	4.000000E+2	4.006000E-1	8.598600E-4	4.658898E+5	4.599739E+5	1.088540E-3	5.007000E-1	4.811800E-2	8.598600E-4	5.596027E+4	4.429787E+4	1.088540E-3	4.822000E-2	1.000000E-2	0.000000E+0	1.000000E-2	1.000000E+0	1.000000E-2	1.000000E+0	1.000000E+0	3.600000E+2
7.822014E+0	3.500000E+2	3.494000E-1	7.613800E-4	4.589036E+5	4.648393E+5	1.074780E-3	4.996000E-1	4.838200E-2	7.613800E-4	6.354514E+4	4.536835E+4	1.074780E-3	4.876100E-2	1.000000E-2	0.000000E+0	1.000000E-2	1.000000E+0	1.000000E-2	1.000000E+0	1.000000E+0	3.610000E+2
7.843365E+0	3.000000E+2	3.004000E-1	6.441700E-4	4.663365E+5	4.645536E+5	1.074580E-3	4.992000E-1	4.783900E-2	6.441700E-4	7.426456E+4	4.376221E+4	1.074580E-3	4.702600E-2	1.000000E-2	0.000000E+0	1.000000E-2	1.000000E+0	1.000000E-2	1.000000E+0	1.000000E+0	3.620000E+2
7.864516E+0	2.500000E+2	2.500000E-1	5.295800E-4	4.720722E+5	4.630872E+5	1.080790E-3	5.005000E-1	4.735600E-2	5.295800E-4	8.942181E+4	4.378279E+4	1.080790E-3	4.732000E-2	1.000000E-2	0.000000E+0	1.000000E-2	1.000000E+0	1.000000E-2	1.000000E+0	1.000000E+0	3.630000E+2
7.885768E+0	2.000000E+2	1.997000E-1	3.926800E-4	5.085566E+5	4.514080E+5	1.108310E-3	5.003000E-1	4.667000E-2	3.926800E-4	1.188500E+5	4.361505E+4	1.108310E-3	4.833900E-2	1.000000E-2	0.000000E+0	1.000000E-2	1.000000E+0	1.000000E-2	1.000000E+0	1.000000E+0	3.640000E+2
7.906869E+0	1.500000E+2	1.488000E-1	2.738200E-4	5.434227E+5	4.522809E+5	1.103960E-3	4.993000E-1	4.858900E-2	2.738200E-4	1.774487E+5	4.255317E+4	1.103960E-3	4.697700E-2	1.000000E-2	0.000000E+0	1.000000E-2	1.000000E+0	1.000000E-2	1.000000E+0	1.000000E+0	3.650000E+2
7.928904E+0	1.000000E+2	9.990000E-2	1.643600E-4	6.078121E+5	4.528733E+5	1.103620E-3	4.998000E-1	4.716900E-2	1.643600E-4	2.869859E+5	4.257262E+4	1.103620E-3	4.698400E-2	1.000000E-2	0.000000E+0	1.000000E-2	1.000000E+0	1.000000E-2	1.000000E+0	1.000000E+0	3.660000E+2
7.949938E+0	5.000000E+1	4.920000E-2	2.626000E-5	1.873572E+6	4.573510E+5	1.095220E-3	5.009000E-1	4.645500E-2	2.626000E-5	1.769040E+6	4.279597E+4	1.095220E-3	4.687100E-2	1.000000E-2	0.000000E+0	1.000000E-2	1.000000E+0	1.000000E-2	1.000000E+0	1.000000E+0	3.670000E+2
7.972139E+0	0.000000E+0	-7.000000E-4	-6.481000E-5	1.080080E+4	4.489917E+5	1.112270E-3	4.994000E-1	4.716100E-2	-6.481000E-5	-7.276809E+5	4.302373E+4	1.112270E-3	4.785400E-2	1.000000E-2	0.000000E+0	1.000000E-2	1.000000E+0	1.000000E-2	1.000000E+0	1.000000E+0	3.680000E+2
7.993041E+0	-5.000000E+1	-5.030000E-2	-1.666000E-4	3.019208E+5	4.481572E+5	1.115680E-3	5.000000E-1	4.666800E-2	-1.666000E-4	-2.801200E+5	4.298993E+4	1.115680E-3	4.796300E-2	1.000000E-2	0.000000E+0	1.000000E-2	1.000000E+0	1.000000E-2	1.000000E+0	1.000000E+0	3.690000E+2
8.015608E+0	-1.000000E+2	-1.005000E-1	-2.974900E-4	3.378265E+5	4.445175E+5	1.125490E-3	5.003000E-1	4.641500E-2	-2.974900E-4	-1.560221E+5	4.269696E+4	1.125490E-3	4.805500E-2	1.000000E-2	0.000000E+0	1.000000E-2	1.000000E+0	1.000000E-2	1.000000E+0	1.000000E+0	3.700000E+2
8.036543E+0	-1.500000E+2	-1.500000E-1	-4.345700E-4	3.451688E+5	4.438419E+5	1.124950E-3	4.993000E-1	4.582300E-2	-4.345700E-4	-1.054445E+5	4.394240E+4	1.124950E-3	4.943300E-2	1.000000E-2	0.000000E+0	1.000000E-2	1.000000E+0	1.000000E-2	1.000000E+0	1.000000E+0	3.710000E+2
8.058478E+0	-2.000000E+2	-2.003000E-1	-5.149600E-4	3.889622E+5	4.437360E+5	1.126120E-3	4.997000E-1	4.704700E-2	-5.149600E-4	-9.136049E+4	4.284979E+4	1.126120E-3	4.825400E-2	1.000000E-2	0.000000E+0	1.000000E-2	1.000000E+0	1.000000E-2	1.000000E+0	1.000000E+0	3.720000E+2
8.079395E+0	-2.500000E+2	-2.499000E-1	-6.636500E-4	3.765539E+5	4.364365E+5	1.143580E-3	4.991000E-1	4.590100E-2	-6.636500E-4	-6.916447E+4	4.311023E+4	1.143580E-3	4.930000E-2	1.000000E-2	0.000000E+0	1.000000E-2	1.000000E+0	1.000000E-2	1.000000E+0	1.000000E+0	3.730000E+2
8.101080E+0	-3.000000E+2	-2.997000E-1	-8.036300E-4	3.729328E+5	4.276785E+5	1.169570E-3	5.002000E-1	4.610600E-2	-8.036300E-4	-5.737217E+4	4.059441E+4	1.169570E-3	4.747800E-2	1.000000E-2	0.000000E+0	1.000000E-2	1.000000E+0	1.000000E-2	1.000000E+0	1.000000E+0	3.740000E+2
8.121931E+0	-3.500000E+2	-3.508000E-1	-9.349400E-4	3.752112E+5	4.231242E+5	1.178850E-3	4.988000E-1	4.645200E-2	-9.349400E-4	-4.968447E+4	4.114518E+4	1.178850E-3	4.850400E-2	1.000000E-2	0.000000E+0	1.000000E-2	1.000000E+0	1.000000E-2	1.000000E+0	1.000000E+0	3.750000E+2
8.143916E+0	-4.000000E+2	-4.000000E-1	-1.070980E-3	3.734897E+5	4.184034E+5	1.194780E-3	4.999000E-1	4.658700E-2	-1.070980E-3	-4.349941E+4	3.999816E+4	1.194780E-3	4.778900E-2	1.000000E-2	0.000000E+0	1.000000E-2	1.000000E+0	1.000000E-2	1.000000E+0	1.000000E+0	3.760000E+2
8.164800E+0	-4.500000E+2	-4.500000E-1	-1.197370E-3	3.758237E+5	4.172429E+5	1.200260E-3	5.008000E-1	4.615500E-2	-1.197370E-3	-3.854698E+4	4.011964E+4	1.200260E-3	4.815400E-2	1.000000E-2	0.000000E+0	1.000000E-2	1.000000E+0	1.000000E-2	1.000000E+0	1.000000E+0	3.770000E+2
8.186652E+0	-5.000000E+2	-5.002000E-1	-1.325310E-3	3.774211E+5	4.151376E+5	1.204420E-3	5.000000E-1	4.631900E-2	-1.325310E-3	-3.494956E+4	4.035054E+4	1.204420E-3	4.859900E-2	1.000000E-2	0.000000E+0	1.000000E-2	1.000000E+0	1.000000E-2	1.000000E+0	1.000000E+0	3.780000E+2
8.207553E+0	-5.500000E+2	-5.508000E-1	-1.463690E-3	3.763092E+5	4.090976E+5	1.223180E-3	5.004000E-1	4.606200E-2	-1.463690E-3	-3.146978E+4	4.054432E+4	1.223180E-3	4.959300E-2	1.000000E-2	0.000000E+0	1.000000E-2	1.000000E+0	1.000000E-2	1.000000E+0	1.000000E+0	3.790000E+2
8.229354E+0	-6.000000E+2	-6.003000E-1	-1.642920E-3	3.653860E+5	3.984035E+5	1.255260E-3	5.001000E-1	4.671500E-2	-1.642920E-3	-2.843413E+4	3.853226E+4	1.255260E-3	4.836800E-2	1.000000E-2	0.000000E+0	1.000000E-2	1.000000E+0	1.000000E-2	1.000000E+0	1.000000E+0	3.800000E+2
8.250255E+0	-6.500000E+2	-6.502000E-1	-1.771400E-3	3.670543E+5	3.948064E+5	1.267710E-3	5.005000E-1	4.651000E-2	-1.771400E-3	-2.625607E+4	3.727035E+4	1.267710E-3	4.724800E-2	1.000000E-2	0.000000E+0	1.000000E-2	1.000000E+0	1.000000E-2	1.000000E+0	1.000000E+0	3.810000E+2
8.272106E+0	-7.000000E+2	-6.995000E-1	-1.895200E-3	3.690903E+5	3.915042E+5	1.276870E-3	4.999000E-1	4.442700E-2	-1.895200E-3	-2.344185E+4	3.826858E+4	1.276870E-3	4.886400E-2	1.000000E-2	0.000000E+0	1.000000E-2	1.000000E+0	1.000000E-2	1.000000E+0	1.000000E+0	3.820000E+2
8.292941E+0	-7.500000E+2	-7.500000E-1	-2.111870E-3	3.551355E+5	3.801963E+5	1.315110E-3	5.000000E-1	4.554200E-2	-2.111870E-3	-2.156477E+4	3.715431E+4	1.315110E-3	4.886200E-2	1.000000E-2	0.000000E+0	1.000000E-2	1.000000E+0	1.000000E-2	1.000000E+0	1.000000E+0	3.830000E+2
8.314692E+0	-8.000000E+2	-7.998000E-1	-2.331790E-3	3.429983E+5	3.668762E+5	1.362040E-3	4.997000E-1	4.547800E-2	-2.331790E-3	-1.950347E+4	3.643872E+4	1.362040E-3	4.963100E-2	1.000000E-2	0.000000E+0	1.000000E-2	1.000000E+0	1.000000E-2	1.000000E+0	1.000000E+0	3.840000E+2
8.335460E+0	-8.500000E+2	-8.495000E-1	-2.506990E-3	3.388526E+5	3.589733E+5	1.391190E-3	4.994000E-1	4.479000E-2	-2.506990E-3	-1.786605E+4	3.522236E+4	1.391190E-3	4.900100E-2	1.000000E-2	0.000000E+0	1.000000E-2	1.000000E+0	1.000000E-2	1.000000E+0	1.000000E+0	3.850000E+2
8.357445E+0	-9.000000E+2	-9.007000E-1	-2.780040E-3	3.239881E+5	3.328463E+5	1.505800E-3	5.012000E-1	4.443300E-2	-2.780040E-3	-1.598286E+4	3.200757E+4	1.505800E-3	4.819700E-2	1.000000E-2	0.000000E+0	1.000000E-2	1.000000E+0	1.000000E-2	1.000000E+0	1.000000E+0	3.860000E+2
8.378129E+0	-9.500000E+2	-9.506000E-1	-3.131790E-3	3.035325E+5	3.208806E+5	1.559770E-3	5.005000E-1	4.358000E-2	-3.131790E-3	-1.391536E+4	3.148669E+4	1.559770E-3	4.911200E-2	1.000000E-2	0.000000E+0	1.000000E-2	1.000000E+0	1.000000E-2	1.000000E+0	1.000000E+0	3.870000E+2
8.400047E+0	-1.000000E+3	-9.996000E-1	-3.354850E-3	2.979567E+5	3.093932E+5	1.616390E-3	5.001000E-1	4.315100E-2	-3.354850E-3	-1.286227E+4	3.016846E+4	1.616390E-3	4.876400E-2	1.000000E-2	0.000000E+0	1.000000E-2	1.000000E+0	1.000000E-2	1.000000E+0	1.000000E+0	3.880000E+2
8.420965E+0	-1.000000E+3	-1.000100E+0	-3.425560E-3	2.919523E+5	3.046667E+5	1.644420E-3	5.010000E-1	4.390700E-2	-3.425560E-3	-1.281747E+4	2.976673E+4	1.644420E-3	4.894900E-2	1.000000E-2	0.000000E+0	1.000000E-2	1.000000E+0	1.000000E-2	1.000000E+0	1.000000E+0	3.890000E+2
8.442883E+0	-9.500000E+2	-9.502000E-1	-3.326920E-3	2.856095E+5	2.946071E+5	1.700570E-3	5.010000E-1	4.364300E-2	-3.326920E-3	-1.311814E+4	2.825700E+4	1.700570E-3	4.805300E-2	1.000000E-2	0.000000E+0	1.000000E-2	1.000000E+0	1.000000E-2	1.000000E+0	1.000000E+0	3.900000E+2
8.463684E+0	-9.000000E+2	-9.008000E-1	-3.214430E-3	2.802363E+5	2.938683E+5	1.698720E-3	4.992000E-1	4.344600E-2	-3.214430E-3	-1.351593E+4	2.835547E+4	1.698720E-3	4.816800E-2	1.000000E-2	0.000000E+0	1.000000E-2	1.000000E+0	1.000000E-2	1.000000E+0	1.000000E+0	3.910000E+2
8.485185E+0	-8.500000E+2	-8.501000E-1	-3.038140E-3	2.798094E+5	2.904017E+5	1.720720E-3	4.997000E-1	4.174900E-2	-3.038140E-3	-1.374163E+4	2.771689E+4	1.720720E-3	4.769300E-2	1.000000E-2	0.000000E+0	1.000000E-2	1.000000E+0	1.000000E-2	1.000000E+0	1.000000E+0	3.920000E+2
8.506987E+0	-8.000000E+2	-7.999000E-1	-2.905080E-3	2.753453E+5	2.857176E+5	1.746830E-3	4.991000E-1	4.250700E-2	-2.905080E-3	-1.463196E+4	2.753388E+4	1.746830E-3	4.809700E-2	1.000000E-2	0.000000E+0	1.000000E-2	1.000000E+0	1.000000E-2	1.000000E+0	1.000000E+0	3.930000E+2
8.528304E+0	-7.500000E+2	-7.508000E-1	-2.767010E-3	2.713398E+5	2.816298E+5	1.775380E-3	5.000000E-1	4.464000E-2	-2.767010E-3	-1.613294E+4	2.675089E+4	1.775380E-3	4.749300E-2	1.000000E-2	0.000000E+0	1.000000E-2	1.000000E+0	1.000000E-2	1.000000E+0	1.000000E+0	3.940000E+2
8.549072E+0	-7.000000E+2	-7.001000E-1	-2.615080E-3	2.677165E+5	2.750880E+5	1.817600E-3	5.000000E-1	4.471000E-2	-2.615080E-3	-1.709699E+4	2.635453E+4	1.817600E-3	4.790200E-2	1.000000E-2	0.000000E+0	1.000000E-2	1.000000E+0	1.000000E-2	1.000000E+0	1.000000E+0	3.950000E+2
8.570340E+0	-6.500000E+2	-6.497000E-1	-2.470320E-3	2.630024E+5	2.696399E+5	1.856550E-3	5.006000E-1	4.452400E-2	-2.470320E-3	-1.802358E+4	2.538903E+4	1.856550E-3	4.713600E-2	1.000000E-2	0.000000E+0	1.000000E-2	1.000000E+0	1.000000E-2	1.000000E+0	1.000000E+0	3.960000E+2
8.591458E+0	-6.000000E+2	-6.008000E-1	-2.333470E-3	2.574706E+5	2.689850E+5	1.854750E-3	4.989000E-1	4.427000E-2	-2.333470E-3	-1.897175E+4	2.610055E+4	1.854750E-3	4.841000E-2	1.000000E-2	0.000000E+0	1.000000E-2	1.000000E+0	1.000000E-2	1.000000E+0	1.000000E+0	3.970000E+2
8.612776E+0	-5.500000E+2	-5.501000E-1	-2.156600E-3	2.550774E+5	2.697862E+5	1.848130E-3	4.986000E-1	4.423300E-2	-2.156600E-3	-2.051053E+4	2.617835E+4	1.848130E-3	4.838100E-2	1.000000E-2	0.000000E+0	1.000000E-2	1.000000E+0	1.000000E-2	1.000000E+0	1.000000E+0	3.980000E+2
8.633927E+0	-5.000000E+2	-5.006000E-1	-1.935600E-3	2.586278E+5	2.730991E+5	1.828640E-3	4.994000E-1	4.515100E-2	-1.935600E-3	-2.332662E+4	2.651861E+4	1.828640E-3	4.849300E-2	1.000000E-2	0.000000E+0	1.000000E-2	1.000000E+0	1.000000E-2	1.000000E+0	1.000000E+0	3.990000E+2
8.655028E+0	-4.500000E+2	-4.496000E-1	-1.734510E-3	2.592087E+5	2.788747E+5	1.792920E-3	5.000000E-1	4.333700E-2	-1.734510E-3	-2.498515E+4	2.742231E+4	1.792920E-3	4.916600E-2	1.000000E-2	0.000000E+0	1.000000E-2	1.000000E+0	1.000000E-2	1.000000E+0	1.000000E+0	4.000000E+2
8.676080E+0	-4.000000E+2	-4.009000E-1	-1.491960E-3	2.687069E+5	2.892952E+5	1.729030E-3	5.002000E-1	4.667200E-2	-1.491960E-3	-3.128234E+4	2.787459E+4	1.729030E-3	4.819600E-2	1.000000E-2	0.000000E+0	1.000000E-2	1.000000E+0	1.000000E-2	1.000000E+0	1.000000E+0	4.010000E+2
8.697414E+0	-3.500000E+2	-3.500000E-1	-1.227500E-3	2.851324E+5	3.201472E+5	1.560220E-3	4.995000E-1	4.653600E-2	-1.227500E-3	-3.791120E+4	3.089436E+4	1.560220E-3	4.820200E-2	1.000000E-2	0.000000E+0	1.000000E-2	1.000000E+0	1.000000E-2	1.000000E+0	1.000000E+0	4.020000E+2
8.719449E+0	-3.000000E+2	-2.999000E-1	-9.267600E-4	3.236005E+5	4.512679E+5	1.105330E-3	4.988000E-1	4.382800E-2	-9.267600E-4	-4.729164E+4	4.190785E+4	1.105330E-3	4.632200E-2	1.000000E-2	0.000000E+0	1.000000E-2	1.000000E+0	1.000000E-2	1.000000E+0	1.000000E+0	4.030000E+2
8.740333E+0	-2.500000E+2	-2.497000E-1	-5.434300E-4	4.594888E+5	5.428466E+5	9.223600E-4	5.007000E-1	4.671300E-2	-5.434300E-4	-8.595955E+4	5.190490E+4	9.223600E-4	4.787500E-2	1.000000E-2	0.000000E+0	1.000000E-2	1.000000E+0	1.000000E-2	1.000000E+0	1.000000E+0	4.040000E+2
8.762134E+0	-2.000000E+2	-1.996000E-1	-4.248400E-4	4.698239E+5	6.009846E+5	8.328000E-4	5.005000E-1	4.740900E-2	-4.248400E-4	-1.115926E+5	5.753362E+4	8.328000E-4	4.791400E-2	1.000000E-2	0.000000E+0	1.000000E-2	1.000000E+0	1.000000E-2	1.000000E+0	1.000000E+0	4.050000E+2
8.783036E+0	-1.500000E+2	-1.502000E-1	-2.919100E-4	5.145422E+5	6.641449E+5	7.534500E-4	5.004000E-1	4.741800E-2	-2.919100E-4	-1.624405E+5	6.314553E+4	7.534500E-4	4.757700E-2	1.000000E-2	0.000000E+0	1.000000E-2	1.000000E+0	1.000000E-2	1.000000E+0	1.000000E+0	4.060000E+2
8.804637E+0	-1.000000E+2	-9.900000E-2	-1.903800E-4	5.200126E+5	7.337160E+5	6.811900E-4	4.998000E-1	4.685600E-2	-1.903800E-4	-2.461183E+5	7.202983E+4	6.811900E-4	4.906600E-2	1.000000E-2	0.000000E+0	1.000000E-2	1.000000E+0	1.000000E-2	1.000000E+0	1.000000E+0	4.070000E+2
8.826322E+0	-5.000000E+1	-5.080000E-2	-1.118800E-4	4.540579E+5	7.592705E+5	6.580000E-4	4.996000E-1	4.719200E-2	-1.118800E-4	-4.218091E+5	7.392097E+4	6.580000E-4	4.864000E-2	1.000000E-2	0.000000E+0	1.000000E-2	1.000000E+0	1.000000E-2	1.000000E+0	1.000000E+0	4.080000E+2
8.847506E+0	0.000000E+0	7.000000E-4	-6.888000E-5	-1.016260E+4	8.058473E+5	6.218300E-4	5.011000E-1	4.734700E-2	-6.888000E-5	-6.873839E+5	7.753244E+4	6.218300E-4	4.821200E-2	1.000000E-2	0.000000E+0	1.000000E-2	1.000000E+0	1.000000E-2	1.000000E+0	1.000000E+0	4.090000E+2
8.869674E+0	5.000000E+1	5.120000E-2	3.124000E-5	1.638924E+6	8.236204E+5	6.074400E-4	5.003000E-1	4.866800E-2	3.124000E-5	1.557875E+6	7.868596E+4	6.074400E-4	4.779700E-2	1.000000E-2	0.000000E+0	1.000000E-2	1.000000E+0	1.000000E-2	1.000000E+0	1.000000E+0	4.100000E+2
8.890459E+0	1.000000E+2	1.001000E-1	8.736000E-5	1.145833E+6	8.415792E+5	5.942400E-4	5.001000E-1	4.873600E-2	8.736000E-5	5.578755E+5	8.289412E+4	5.942400E-4	4.925900E-2	1.000000E-2	0.000000E+0	1.000000E-2	1.000000E+0	1.000000E-2	1.000000E+0	1.000000E+0	4.110000E+2
8.912026E+0	1.500000E+2	1.501000E-1	1.432900E-4	1.047526E+6	8.975692E+5	5.578400E-4	5.007000E-1	4.669700E-2	1.432900E-4	3.258915E+5	8.625412E+4	5.578400E-4	4.811600E-2	1.000000E-2	0.000000E+0	1.000000E-2	1.000000E+0	1.000000E-2	1.000000E+0	1.000000E+0	4.120000E+2
8.932978E+0	2.000000E+2	2.005000E-1	1.941200E-4	1.032866E+6	9.326773E+5	5.365200E-4	5.004000E-1	4.707600E-2	1.941200E-4	2.425098E+5	8.645158E+4	5.365200E-4	4.638300E-2	1.000000E-2	0.000000E+0	1.000000E-2	1.000000E+0	1.000000E-2	1.000000E+0	1.000000E+0	4.130000E+2
8.954229E+0	2.500000E+2	2.499000E-1	2.381700E-4	1.049251E+6	9.966034E+5	5.005000E-4	4.988000E-1	4.821200E-2	2.381700E-4	2.024268E+5	9.502498E+4	5.005000E-4	4.756000E-2	1.000000E-2	0.000000E+0	1.000000E-2	1.000000E+0	1.000000E-2	1.000000E+0	1.000000E+0	4.140000E+2
8.975347E+0	3.000000E+2	2.996000E-1	2.868500E-4	1.044448E+6	9.891435E+5	5.056900E-4	5.002000E-1	4.737800E-2	2.868500E-4	1.651665E+5	9.370761E+4	5.056900E-4	4.738700E-2	1.000000E-2	0.000000E+0	1.000000E-2	1.000000E+0	1.000000E-2	1.000000E+0	1.000000E+0	4.150000E+2
8.996398E+0	3.500000E+2	3.497000E-1	3.467100E-4	1.008624E+6	1.000580E+6	4.996100E-4	4.999000E-1	4.707300E-2	3.467100E-4	1.357705E+5	9.237205E+4	4.996100E-4	4.615000E-2	1.000000E-2	0.000000E+0	1.000000E-2	1.000000E+0	1.000000E-2	1.000000E+0	1.000000E+0	4.160000E+2
9.017432E+0	4.000000E+2	3.996000E-1	3.638700E-4	1.098194E+6	1.085514E+6	4.596900E-4	4.990000E-1	4.830800E-2	3.638700E-4	1.327617E+5	1.051317E+5	4.596900E-4	4.832800E-2	1.000000E-2	0.000000E+0	1.000000E-2	1.000000E+0	1.000000E-2	1.000000E+0	1.000000E+0	4.170000E+2
9.038667E+0	4.500000E+2	4.501000E-1	4.254000E-4	1.058063E+6	1.085620E+6	4.602900E-4	4.997000E-1	4.707200E-2	4.254000E-4	1.106535E+5	1.025918E+5	4.602900E-4	4.722200E-2	1.000000E-2	0.000000E+0	1.000000E-2	1.000000E+0	1.000000E-2	1.000000E+0	1.000000E+0	4.180000E+2
9.060602E+0	5.000000E+2	4.995000E-1	4.326700E-4	1.154460E+6	1.141930E+6	4.376800E-4	4.998000E-1	4.827900E-2	4.326700E-4	1.115839E+5	1.110629E+5	4.376800E-4	4.861000E-2	1.000000E-2	0.000000E+0	1.000000E-2	1.000000E+0	1.000000E-2	1.000000E+0	1.000000E+0	4.190000E+2
9.081669E+0	5.500000E+2	5.493000E-1	4.694300E-4	1.170143E+6	1.212511E+6	4.117900E-4	4.993000E-1	4.845300E-2	4.694300E-4	1.032167E+5	1.127808E+5	4.117900E-4	4.644200E-2	1.000000E-2	0.000000E+0	1.000000E-2	1.000000E+0	1.000000E-2	1.000000E+0	1.000000E+0	4.200000E+2
9.102454E+0	6.000000E+2	6.000000E-1	5.122800E-4	1.171234E+6	1.174949E+6	4.252100E-4	4.996000E-1	4.779700E-2	5.122800E-4	9.330249E+4	1.146116E+5	4.252100E-4	4.873400E-2	1.000000E-2	0.000000E+0	1.000000E-2	1.000000E+0	1.000000E-2	1.000000E+0	1.000000E+0	4.210000E+2
9.123739E+0	6.500000E+2	6.491000E-1	5.224400E-4	1.242439E+6	1.290930E+6	3.875500E-4	5.003000E-1	4.836800E-2	5.224400E-4	9.258097E+4	1.241749E+5	3.875500E-4	4.812400E-2	1.000000E-2	0.000000E+0	1.000000E-2	1.000000E+0	1.000000E-2	1.000000E+0	1.000000E+0	4.220000E+2
9.144906E+0	7.000000E+2	7.004000E-1	5.833700E-4	1.200610E+6	1.289282E+6	3.875800E-4	4.997000E-1	4.663800E-2	5.833700E-4	7.994583E+4	1.203984E+5	3.875800E-4	4.666400E-2	1.000000E-2	0.000000E+0	1.000000E-2	1.000000E+0	1.000000E-2	1.000000E+0	1.000000E+0	4.230000E+2
9.166091E+0	7.500000E+2	7.502000E-1	5.960100E-4	1.258704E+6	1.332303E+6	3.754400E-4	5.002000E-1	4.755300E-2	5.960100E-4	7.978557E+4	1.250000E+5	3.754400E-4	4.693000E-2	1.000000E-2	0.000000E+0	1.000000E-2	1.000000E+0	1.000000E-2	1.000000E+0	1.000000E+0	4.240000E+2
9.187209E+0	8.000000E+2	7.990000E-1	5.976800E-4	1.336836E+6	1.418923E+6	3.523800E-4	5.000000E-1	4.764600E-2	5.976800E-4	7.971824E+4	1.336285E+5	3.523800E-4	4.708800E-2	1.000000E-2	0.000000E+0	1.000000E-2	1.000000E+0	1.000000E-2	1.000000E+0	1.000000E+0	4.250000E+2
9.208443E+0	8.500000E+2	8.513000E-1	6.484100E-4	1.312904E+6	1.489343E+6	3.354500E-4	4.996000E-1	4.762300E-2	6.484100E-4	7.344581E+4	1.385661E+5	3.354500E-4	4.648200E-2	1.000000E-2	0.000000E+0	1.000000E-2	1.000000E+0	1.000000E-2	1.000000E+0	1.000000E+0	4.260000E+2
9.229628E+0	9.000000E+2	9.000000E-1	6.497600E-4	1.385127E+6	1.404002E+6	3.558400E-4	4.996000E-1	4.699900E-2	6.497600E-4	7.233286E+4	1.363169E+5	3.558400E-4	4.850700E-2	1.000000E-2	0.000000E+0	1.000000E-2	1.000000E+0	1.000000E-2	1.000000E+0	1.000000E+0	4.270000E+2
9.250912E+0	9.500000E+2	9.495000E-1	6.595600E-4	1.439596E+6	1.533810E+6	3.257900E-4	4.997000E-1	4.765900E-2	6.595600E-4	7.225878E+4	1.446177E+5	3.257900E-4	4.711500E-2	1.000000E-2	0.000000E+0	1.000000E-2	1.000000E+0	1.000000E-2	1.000000E+0	1.000000E+0	4.280000E+2
9.272030E+0	1.000000E+3	1.000700E+0	6.848300E-4	1.461239E+6	1.538248E+6	3.248500E-4	4.997000E-1	4.729800E-2	6.848300E-4	6.906532E+4	1.460366E+5	3.248500E-4	4.744000E-2	1.000000E-2	0.000000E+0	1.000000E-2	1.000000E+0	1.000000E-2	1.000000E+0	1.000000E+0	4.290000E+2
9.293315E+0	1.000000E+3	9.996000E-1	6.458900E-4	1.547632E+6	1.551719E+6	3.226100E-4	5.006000E-1	4.825900E-2	6.458900E-4	7.471706E+4	1.482037E+5	3.226100E-4	4.781200E-2	1.000000E-2	0.000000E+0	1.000000E-2	1.000000E+0	1.000000E-2	1.000000E+0	1.000000E+0	4.300000E+2
9.314599E+0	9.500000E+2	9.493000E-1	6.109600E-4	1.553784E+6	1.692871E+6	2.951200E-4	4.996000E-1	4.888500E-2	6.109600E-4	8.001342E+4	1.621408E+5	2.951200E-4	4.785100E-2	1.000000E-2	0.000000E+0	1.000000E-2	1.000000E+0	1.000000E-2	1.000000E+0	1.000000E+0	4.310000E+2
9.335934E+0	9.000000E+2	9.010000E-1	5.699400E-4	1.580868E+6	1.734976E+6	2.888800E-4	5.012000E-1	4.909900E-2	5.699400E-4	8.614766E+4	1.606342E+5	2.888800E-4	4.640400E-2	1.000000E-2	0.000000E+0	1.000000E-2	1.000000E+0	1.000000E-2	1.000000E+0	1.000000E+0	4.320000E+2
9.357152E+0	8.500000E+2	8.507000E-1	5.191000E-4	1.638798E+6	1.772623E+6	2.823500E-4	5.005000E-1	4.803700E-2	5.191000E-4	9.253901E+4	1.706818E+5	2.823500E-4	4.819200E-2	1.000000E-2	0.000000E+0	1.000000E-2	1.000000E+0	1.000000E-2	1.000000E+0	1.000000E+0	4.330000E+2
9.378420E+0	8.000000E+2	8.007000E-1	4.474500E-4	1.789474E+6	1.896055E+6	2.636000E-4	4.998000E-1	4.976500E-2	4.474500E-4	1.112191E+5	1.856601E+5	2.636000E-4	4.894000E-2	1.000000E-2	0.000000E+0	1.000000E-2	1.000000E+0	1.000000E-2	1.000000E+0	1.000000E+0	4.340000E+2
9.399688E+0	7.500000E+2	7.496000E-1	4.036700E-4	1.856962E+6	1.877936E+6	2.660900E-4	4.997000E-1	5.005800E-2	4.036700E-4	1.240072E+5	1.795633E+5	2.660900E-4	4.778000E-2	1.000000E-2	0.000000E+0	1.000000E-2	1.000000E+0	1.000000E-2	1.000000E+0	1.000000E+0	4.350000E+2
9.420972E+0	7.000000E+2	6.997000E-1	3.749300E-4	1.866215E+6	1.935921E+6	2.581200E-4	4.997000E-1	4.638700E-2	3.749300E-4	1.237218E+5	1.841198E+5	2.581200E-4	4.752500E-2	1.000000E-2	0.000000E+0	1.000000E-2	1.000000E+0	1.000000E-2	1.000000E+0	1.000000E+0	4.360000E+2
9.442123E+0	6.500000E+2	6.505000E-1	3.479000E-4	1.869790E+6	2.186542E+6	2.282600E-4	4.991000E-1	4.804300E-2	3.479000E-4	1.380943E+5	2.107684E+5	2.282600E-4	4.811000E-2	1.000000E-2	0.000000E+0	1.000000E-2	1.000000E+0	1.000000E-2	1.000000E+0	1.000000E+0	4.370000E+2
9.463358E+0	6.000000E+2	6.003000E-1	3.126900E-4	1.919793E+6	2.039001E+6	2.451200E-4	4.998000E-1	4.799600E-2	3.126900E-4	1.534939E+5	2.034718E+5	2.451200E-4	4.987500E-2	1.000000E-2	0.000000E+0	1.000000E-2	1.000000E+0	1.000000E-2	1.000000E+0	1.000000E+0	4.380000E+2
9.484426E+0	5.500000E+2	5.507000E-1	2.791300E-4	1.972916E+6	2.155717E+6	2.327300E-4	5.017000E-1	4.762200E-2	2.791300E-4	1.706087E+5	3.635071E+5	2.327300E-4	8.459900E-2	1.000000E-2	0.000000E+0	1.000000E-2	1.000000E+0	1.000000E-2	1.000000E+0	1.000000E+0	4.390000E+2
9.505694E+0	5.000000E+2	4.994000E-1	2.319500E-4	2.153050E+6	2.228999E+6	2.246300E-4	5.007000E-1	4.866100E-2	2.319500E-4	2.097909E+5	2.192761E+5	2.246300E-4	4.925600E-2	1.000000E-2	0.000000E+0	1.000000E-2	1.000000E+0	1.000000E-2	1.000000E+0	1.000000E+0	4.400000E+2
9.527962E+0	4.500000E+2	4.510000E-1	2.237400E-4	2.015733E+6	2.284892E+6	2.189600E-4	5.003000E-1	4.700800E-2	2.237400E-4	2.101010E+5	2.233604E+5	2.189600E-4	4.890700E-2	1.000000E-2	0.000000E+0	1.000000E-2	1.000000E+0	1.000000E-2	1.000000E+0	1.000000E+0	4.410000E+2
9.548913E+0	4.000000E+2	3.994000E-1	1.791100E-4	2.229915E+6	2.407407E+6	2.073600E-4	4.992000E-1	4.632500E-2	1.791100E-4	2.586399E+5	2.314477E+5	2.073600E-4	4.799300E-2	1.000000E-2	0.000000E+0	1.000000E-2	1.000000E+0	1.000000E-2	1.000000E+0	1.000000E+0	4.420000E+2
9.570731E+0	3.500000E+2	3.498000E-1	1.436700E-4	2.434746E+6	2.649790E+6	1.884300E-4	4.993000E-1	4.691200E-2	1.436700E-4	3.265261E+5	2.563233E+5	1.884300E-4	4.829900E-2	1.000000E-2	0.000000E+0	1.000000E-2	1.000000E+0	1.000000E-2	1.000000E+0	1.000000E+0	4.430000E+2
9.591682E+0	3.000000E+2	3.000000E-1	1.296100E-4	2.314636E+6	2.675394E+6	1.871500E-4	5.007000E-1	4.692100E-2	1.296100E-4	3.620168E+5	2.497889E+5	1.871500E-4	4.674800E-2	1.000000E-2	0.000000E+0	1.000000E-2	1.000000E+0	1.000000E-2	1.000000E+0	1.000000E+0	4.440000E+2
9.613617E+0	2.500000E+2	2.489000E-1	1.133200E-4	2.196435E+6	2.480178E+6	2.018000E-4	5.005000E-1	4.814500E-2	1.133200E-4	4.248588E+5	2.413578E+5	2.018000E-4	4.870600E-2	1.000000E-2	0.000000E+0	1.000000E-2	1.000000E+0	1.000000E-2	1.000000E+0	1.000000E+0	4.450000E+2
9.634434E+0	2.000000E+2	2.009000E-1	7.980000E-5	2.517544E+6	2.362617E+6	2.121800E-4	5.013000E-1	4.777800E-2	7.980000E-5	5.987218E+5	2.253794E+5	2.121800E-4	4.782100E-2	1.000000E-2	0.000000E+0	1.000000E-2	1.000000E+0	1.000000E-2	1.000000E+0	1.000000E+0	4.460000E+2
9.656152E+0	1.500000E+2	1.494000E-1	6.014000E-5	2.484204E+6	3.087373E+6	1.619500E-4	5.000000E-1	4.687800E-2	6.014000E-5	7.794812E+5	2.938438E+5	1.619500E-4	4.758800E-2	1.000000E-2	0.000000E+0	1.000000E-2	1.000000E+0	1.000000E-2	1.000000E+0	1.000000E+0	4.470000E+2
9.676937E+0	1.000000E+2	1.000000E-1	1.006000E-5	9.940358E+6	2.823218E+6	1.772800E-4	5.005000E-1	4.473100E-2	1.006000E-5	4.446421E+6	2.691731E+5	1.772800E-4	4.771900E-2	1.000000E-2	0.000000E+0	1.000000E-2	1.000000E+0	1.000000E-2	1.000000E+0	1.000000E+0	4.480000E+2
9.698888E+0	5.000000E+1	5.110000E-2	1.639000E-5	3.117755E+6	2.917324E+6	1.711500E-4	4.993000E-1	4.722900E-2	1.639000E-5	2.881574E+6	2.781303E+5	1.711500E-4	4.760200E-2	1.000000E-2	0.000000E+0	1.000000E-2	1.000000E+0	1.000000E-2	1.000000E+0	1.000000E+0	4.490000E+2
9.719806E+0	0.000000E+0	-1.000000E-4	-9.110000E-6	1.097695E+4	3.295312E+6	1.516700E-4	4.998000E-1	4.649900E-2	-9.110000E-6	-5.104171E+6	3.032439E+5	1.516700E-4	4.599300E-2	1.000000E-2	0.000000E+0	1.000000E-2	1.000000E+0	1.000000E-2	1.000000E+0	1.000000E+0	4.500000E+2
9.741557E+0	-5.000000E+1	-5.080000E-2	-3.806000E-5	1.334735E+6	2.780799E+6	1.802000E-4	5.011000E-1	4.599100E-2	-3.806000E-5	-1.208382E+6	2.658713E+5	1.802000E-4	4.791000E-2	1.000000E-2	0.000000E+0	1.000000E-2	1.000000E+0	1.000000E-2	1.000000E+0	1.000000E+0	4.510000E+2
9.762375E+0	-1.000000E+2	-9.920000E-2	-5.510000E-5	1.800363E+6	3.506130E+6	1.427500E-4	5.005000E-1	4.653700E-2	-5.510000E-5	-8.445917E+5	3.329667E+5	1.427500E-4	4.753100E-2	1.000000E-2	0.000000E+0	1.000000E-2	1.000000E+0	1.000000E-2	1.000000E+0	1.000000E+0	4.520000E+2
9.784126E+0	-1.500000E+2	-1.505000E-1	-5.822000E-5	2.585022E+6	3.290573E+6	1.520100E-4	5.002000E-1	4.762700E-2	-5.822000E-5	-8.180522E+5	3.159858E+5	1.520100E-4	4.803300E-2	1.000000E-2	0.000000E+0	1.000000E-2	1.000000E+0	1.000000E-2	1.000000E+0	1.000000E+0	4.530000E+2
9.804877E+0	-2.000000E+2	-2.004000E-1	-7.087000E-5	2.827713E+6	3.283523E+6	1.525800E-4	5.010000E-1	4.840400E-2	-7.087000E-5	-6.829970E+5	3.172631E+5	1.525800E-4	4.840800E-2	1.000000E-2	0.000000E+0	1.000000E-2	1.000000E+0	1.000000E-2	1.000000E+0	1.000000E+0	4.540000E+2
9.826862E+0	-2.500000E+2	-2.508000E-1	-9.442000E-5	2.656217E+6	4.021058E+6	1.244200E-4	5.003000E-1	4.779100E-2	-9.442000E-5	-5.061534E+5	3.831056E+5	1.244200E-4	4.766600E-2	1.000000E-2	0.000000E+0	1.000000E-2	1.000000E+0	1.000000E-2	1.000000E+0	1.000000E+0	4.550000E+2
9.847680E+0	-3.000000E+2	-3.008000E-1	-1.104300E-4	2.723897E+6	3.572450E+6	1.398200E-4	4.995000E-1	4.791400E-2	-1.104300E-4	-4.338857E+5	3.469818E+5	1.398200E-4	4.851500E-2	1.000000E-2	0.000000E+0	1.000000E-2	1.000000E+0	1.000000E-2	1.000000E+0	1.000000E+0	4.560000E+2
9.869565E+0	-3.500000E+2	-3.510000E-1	-1.217400E-4	2.883194E+6	3.432651E+6	1.456600E-4	5.000000E-1	4.756300E-2	-1.217400E-4	-3.906933E+5	3.276466E+5	1.456600E-4	4.772500E-2	1.000000E-2	0.000000E+0	1.000000E-2	1.000000E+0	1.000000E-2	1.000000E+0	1.000000E+0	4.570000E+2
9.890216E+0	-4.000000E+2	-3.991000E-1	-1.158800E-4	3.444080E+6	3.544501E+6	1.411200E-4	5.002000E-1	4.935400E-2	-1.158800E-4	-4.259061E+5	3.379535E+5	1.411200E-4	4.769200E-2	1.000000E-2	0.000000E+0	1.000000E-2	1.000000E+0	1.000000E-2	1.000000E+0	1.000000E+0	4.580000E+2
9.911234E+0	-4.500000E+2	-4.497000E-1	-1.381200E-4	3.255864E+6	3.401305E+6	1.471200E-4	5.004000E-1	4.610000E-2	-1.381200E-4	-3.337677E+5	3.311446E+5	1.471200E-4	4.871800E-2	1.000000E-2	0.000000E+0	1.000000E-2	1.000000E+0	1.000000E-2	1.000000E+0	1.000000E+0	4.590000E+2
9.932518E+0	-5.000000E+2	-4.995000E-1	-1.360400E-4	3.671714E+6	3.905201E+6	1.280600E-4	5.001000E-1	4.772500E-2	-1.360400E-4	-3.508159E+5	3.736295E+5	1.280600E-4	4.784700E-2	1.000000E-2	0.000000E+0	1.000000E-2	1.000000E+0	1.000000E-2	1.000000E+0	1.000000E+0	4.600000E+2
9.953869E+0	-5.500000E+2	-5.507000E-1	-1.550200E-4	3.552445E+6	3.813482E+6	1.311400E-4	5.001000E-1	4.758300E-2	-1.550200E-4	-3.069475E+5	3.516623E+5	1.311400E-4	4.611700E-2	1.000000E-2	0.000000E+0	1.000000E-2	1.000000E+0	1.000000E-2	1.000000E+0	1.000000E+0	4.610000E+2
9.975021E+0	-6.000000E+2	-5.999000E-1	-1.762800E-4	3.403109E+6	4.164514E+6	1.199900E-4	4.997000E-1	4.735600E-2	-1.762800E-4	-2.686408E+5	3.904492E+5	1.199900E-4	4.685000E-2	1.000000E-2	0.000000E+0	1.000000E-2	1.000000E+0	1.000000E-2	1.000000E+0	1.000000E+0	4.620000E+2
9.996238E+0	-6.500000E+2	-6.494000E-1	-1.593400E-4	4.075562E+6	5.412963E+6	9.226000E-5	4.994000E-1	4.809400E-2	-1.593400E-4	-3.018326E+5	5.149902E+5	9.226000E-5	4.751300E-2	1.000000E-2	0.000000E+0	1.000000E-2	1.000000E+0	1.000000E-2	1.000000E+0	1.000000E+0	4.630000E+2
1.001724E+1	-7.000000E+2	-6.999000E-1	-1.946300E-4	3.596054E+6	4.427697E+6	1.127900E-4	4.994000E-1	4.713300E-2	-1.946300E-4	-2.421672E+5	4.172888E+5	1.127900E-4	4.706600E-2	1.000000E-2	0.000000E+0	1.000000E-2	1.000000E+0	1.000000E-2	1.000000E+0	1.000000E+0	4.640000E+2
1.003829E+1	-7.500000E+2	-7.501000E-1	-2.003200E-4	3.744509E+6	4.982086E+6	1.004800E-4	5.006000E-1	4.660600E-2	-2.003200E-4	-2.326577E+5	4.719447E+5	1.004800E-4	4.742100E-2	1.000000E-2	0.000000E+0	1.000000E-2	1.000000E+0	1.000000E-2	1.000000E+0	1.000000E+0	4.650000E+2
1.005938E+1	-8.000000E+2	-8.005000E-1	-1.875000E-4	4.269333E+6	4.473449E+6	1.118600E-4	5.004000E-1	4.633300E-2	-1.875000E-4	-2.471093E+5	4.367602E+5	1.118600E-4	4.885600E-2	1.000000E-2	0.000000E+0	1.000000E-2	1.000000E+0	1.000000E-2	1.000000E+0	1.000000E+0	4.660000E+2
1.008063E+1	-8.500000E+2	-8.504000E-1	-1.801200E-4	4.721297E+6	4.339524E+6	1.152200E-4	5.000000E-1	4.707200E-2	-1.801200E-4	-2.613369E+5	4.096598E+5	1.152200E-4	4.720100E-2	1.000000E-2	0.000000E+0	1.000000E-2	1.000000E+0	1.000000E-2	1.000000E+0	1.000000E+0	4.670000E+2
1.010169E+1	-9.000000E+2	-9.007000E-1	-2.135500E-4	4.217748E+6	5.405288E+6	9.228000E-5	4.988000E-1	4.716400E-2	-2.135500E-4	-2.208569E+5	5.159406E+5	9.228000E-5	4.761100E-2	1.000000E-2	0.000000E+0	1.000000E-2	1.000000E+0	1.000000E-2	1.000000E+0	1.000000E+0	4.680000E+2
1.012273E+1	-9.500000E+2	-9.509000E-1	-2.144500E-4	4.434134E+6	5.466171E+6	9.149000E-5	5.001000E-1	4.525200E-2	-2.144500E-4	-2.110142E+5	5.174336E+5	9.149000E-5	4.734000E-2	1.000000E-2	0.000000E+0	1.000000E-2	1.000000E+0	1.000000E-2	1.000000E+0	1.000000E+0	4.690000E+2
1.014383E+1	-1.000000E+3	-1.000400E+0	-2.104100E-4	4.754527E+6	5.221747E+6	9.583000E-5	5.004000E-1	4.688100E-2	-2.104100E-4	-2.228079E+5	4.966086E+5	9.583000E-5	4.759000E-2	1.000000E-2	0.000000E+0	1.000000E-2	1.000000E+0	1.000000E-2	1.000000E+0	1.000000E+0	4.700000E+2
1.016501E+1	-1.000000E+3	-1.000500E+0	-2.151800E-4	4.649596E+6	6.442469E+6	7.761000E-5	5.000000E-1	4.768900E-2	-2.151800E-4	-2.216238E+5	6.084010E+5	7.761000E-5	4.721800E-2	1.000000E-2	0.000000E+0	1.000000E-2	1.000000E+0	1.000000E-2	1.000000E+0	1.000000E+0	4.710000E+2
1.018628E+1	-9.500000E+2	-9.506000E-1	-2.017300E-4	4.712239E+6	5.282203E+6	9.479000E-5	5.007000E-1	4.707400E-2	-2.017300E-4	-2.333515E+5	5.014031E+5	9.479000E-5	4.752800E-2	1.000000E-2	0.000000E+0	1.000000E-2	1.000000E+0	1.000000E-2	1.000000E+0	1.000000E+0	4.720000E+2
1.020753E+1	-9.000000E+2	-9.007000E-1	-1.694600E-4	5.315119E+6	6.147309E+6	8.119000E-5	4.991000E-1	4.606400E-2	-1.694600E-4	-2.718282E+5	5.817588E+5	8.119000E-5	4.723300E-2	1.000000E-2	0.000000E+0	1.000000E-2	1.000000E+0	1.000000E-2	1.000000E+0	1.000000E+0	4.730000E+2
1.022870E+1	-8.500000E+2	-8.496000E-1	-1.667500E-4	5.095052E+6	4.698252E+6	1.063800E-4	4.998000E-1	4.556900E-2	-1.667500E-4	-2.732774E+5	4.317917E+5	1.063800E-4	4.593400E-2	1.000000E-2	0.000000E+0	1.000000E-2	1.000000E+0	1.000000E-2	1.000000E+0	1.000000E+0	4.740000E+2
1.024992E+1	-8.000000E+2	-8.000000E-1	-1.507000E-4	5.308560E+6	5.917230E+6	8.433000E-5	4.990000E-1	4.545400E-2	-1.507000E-4	-3.016191E+5	5.561247E+5	8.433000E-5	4.689800E-2	1.000000E-2	0.000000E+0	1.000000E-2	1.000000E+0	1.000000E-2	1.000000E+0	1.000000E+0	4.750000E+2
1.027117E+1	-7.500000E+2	-7.499000E-1	-1.369000E-4	5.477721E+6	5.869489E+6	8.505000E-5	4.992000E-1	4.734700E-2	-1.369000E-4	-3.458510E+5	5.533568E+5	8.505000E-5	4.706300E-2	1.000000E-2	0.000000E+0	1.000000E-2	1.000000E+0	1.000000E-2	1.000000E+0	1.000000E+0	4.760000E+2
1.029312E+1	-7.000000E+2	-7.000000E-1	-1.310500E-4	5.341473E+6	6.036460E+6	8.283000E-5	5.000000E-1	4.803400E-2	-1.310500E-4	-3.665319E+5	5.661837E+5	8.283000E-5	4.689700E-2	1.000000E-2	0.000000E+0	1.000000E-2	1.000000E+0	1.000000E-2	1.000000E+0	1.000000E+0	4.770000E+2
1.031404E+1	-6.500000E+2	-6.490000E-1	-1.113300E-4	5.829516E+6	5.783397E+6	8.661000E-5	5.009000E-1	4.645800E-2	-1.113300E-4	-4.172999E+5	5.441866E+5	8.661000E-5	4.713200E-2	1.000000E-2	0.000000E+0	1.000000E-2	1.000000E+0	1.000000E-2	1.000000E+0	1.000000E+0	4.780000E+2
