Tiempo (s)	Setpoint (K)	Temperatura (K)	dT/dt (K/min)	Potencia_LS (%)	Rrem1 (Ohm)	std Rrem1 (Ohm)	Rrem2 (Ohm)		std Rrem2 (Ohm)	V4W (V)	
24.460399E+0	296.720000E+0	296.720000E+0	NaN	2.000000E+0	878.670244E+3	878.670244E+3	162.302416E+3	162.302416E+3	988.917000E-3	
29.977715E+0	296.720000E+0	296.720000E+0	NaN	10.000000E+0	1.457862E+6	1.457862E+6	282.244700E+3	282.244700E+3	1.008170E+0	
35.467029E+0	296.811955E+0	296.720000E+0	NaN	9.000000E+0	1.538968E+6	1.538968E+6	287.565586E+3	287.565586E+3	1.003130E+0	
40.957343E+0	296.903444E+0	296.720000E+0	NaN	11.000000E+0	1.554119E+6	1.554119E+6	298.007427E+3	298.007427E+3	1.000293E+0	
46.434656E+0	296.994949E+0	296.720000E+0	NaN	12.000000E+0	1.017537E+6	1.017537E+6	201.883257E+3	201.883257E+3	993.625000E-3	
51.929970E+0	297.086238E+0	296.720000E+0	NaN	14.000000E+0	1.374990E+6	1.374990E+6	261.552704E+3	261.552704E+3	1.006245E+0	
57.420284E+0	297.177826E+0	296.720000E+0	NaN	14.000000E+0	1.040766E+6	1.040766E+6	203.588017E+3	203.588017E+3	1.001602E+0	
62.892597E+0	297.269331E+0	296.720000E+0	0.000000E+0	19.000000E+0	1.140408E+6	1.140408E+6	219.302999E+3	219.302999E+3	1.003787E+0	
68.367910E+0	297.360537E+0	296.720000E+0	0.000000E+0	20.000000E+0	1.249457E+6	1.249457E+6	243.136145E+3	243.136145E+3	1.004738E+0	
73.845224E+0	297.451792E+0	296.720000E+0	0.000000E+0	23.000000E+0	1.349700E+6	1.349700E+6	246.155241E+3	246.155241E+3	1.004879E+0	
79.334538E+0	297.543080E+0	296.720000E+0	0.000000E+0	20.000000E+0	951.982056E+3	951.982056E+3	176.457730E+3	176.457730E+3	999.505000E-3	
84.867854E+0	297.634569E+0	296.720000E+0	0.000000E+0	24.000000E+0	1.008865E+6	1.008865E+6	185.395290E+3	185.395290E+3	996.002000E-3	
90.366169E+0	297.726791E+0	296.840000E+0	0.000000E+0	28.000000E+0	1.045782E+6	1.045782E+6	200.710360E+3	200.710360E+3	995.198000E-3	
95.845482E+0	297.818429E+0	296.840000E+0	0.000000E+0	28.000000E+0	1.020404E+6	1.020404E+6	197.122254E+3	197.122254E+3	995.496000E-3	
101.327796E+0	297.909751E+0	296.840000E+0	217.733876E-3	29.000000E+0	1.075432E+6	1.075432E+6	199.162307E+3	199.162307E+3	994.947000E-3	
106.807109E+0	298.001123E+0	296.840000E+0	435.290101E-3	32.000000E+0	1.520834E+6	1.520834E+6	301.378576E+3	301.378576E+3	999.492000E-3	
112.293423E+0	298.092445E+0	296.840000E+0	435.290101E-3	36.000000E+0	979.462666E+3	979.462666E+3	190.479482E+3	190.479482E+3	998.905000E-3	
117.784737E+0	298.183884E+0	296.950000E+0	217.556226E-3	35.000000E+0	1.464548E+6	1.464548E+6	286.077279E+3	286.077279E+3	1.004050E+0	
123.271051E+0	298.275406E+0	296.950000E+0	0.000000E+0	36.000000E+0	1.062488E+6	1.062488E+6	199.208496E+3	199.208496E+3	1.001406E+0	
128.776366E+0	298.366844E+0	297.070000E+0	200.626919E-3	37.000000E+0	1.135661E+6	1.135661E+6	205.712170E+3	205.712170E+3	1.004708E+0	
134.258679E+0	298.458599E+0	297.070000E+0	401.034516E-3	39.000000E+0	1.344284E+6	1.344284E+6	255.665220E+3	255.665220E+3	997.674000E-3	
139.748993E+0	298.549971E+0	297.180000E+0	619.660986E-3	42.000000E+0	964.433074E+3	964.433074E+3	184.627601E+3	184.627601E+3	999.008000E-3	
145.242308E+0	298.641477E+0	297.300000E+0	637.382055E-3	41.000000E+0	1.083684E+6	1.083684E+6	199.396946E+3	199.396946E+3	1.003621E+0	
150.717621E+0	298.733032E+0	297.410000E+0	637.199648E-3	39.000000E+0	1.062534E+6	1.062534E+6	203.435037E+3	203.435037E+3	994.936000E-3	
156.200934E+0	298.824287E+0	297.530000E+0	837.798195E-3	43.000000E+0	995.066637E+3	995.066637E+3	181.209163E+3	181.209163E+3	996.002000E-3	
161.716250E+0	298.915676E+0	297.640000E+0	1.038255E+0	42.000000E+0	1.404228E+6	1.404228E+6	270.505649E+3	270.505649E+3	1.001692E+0	
167.203564E+0	299.007598E+0	297.760000E+0	1.257408E+0	43.000000E+0	992.566183E+3	992.566183E+3	188.947232E+3	188.947232E+3	998.065000E-3	
172.696878E+0	299.099053E+0	297.870000E+0	1.257944E+0	43.000000E+0	1.423400E+6	1.423400E+6	273.688688E+3	273.688688E+3	1.003796E+0	
178.187192E+0	299.190608E+0	297.990000E+0	1.257372E+0	45.000000E+0	986.200486E+3	986.200486E+3	192.398699E+3	192.398699E+3	997.384000E-3	
183.657505E+0	299.282113E+0	298.240000E+0	1.256076E+0	47.000000E+0	1.520224E+6	1.520224E+6	298.696594E+3	298.696594E+3	1.003059E+0	
189.147819E+0	299.373285E+0	298.350000E+0	1.255235E+0	40.000000E+0	1.177136E+6	1.177136E+6	230.452542E+3	230.452542E+3	1.004309E+0	
194.643133E+0	299.464790E+0	298.470000E+0	1.510731E+0	44.000000E+0	994.590829E+3	994.590829E+3	190.972278E+3	190.972278E+3	999.524000E-3	
200.133447E+0	299.556379E+0	298.700000E+0	1.749546E+0	45.000000E+0	1.164241E+6	1.164241E+6	215.569893E+3	215.569893E+3	1.004193E+0	
205.621761E+0	299.647884E+0	298.810000E+0	1.750311E+0	40.000000E+0	1.413383E+6	1.413383E+6	263.611240E+3	263.611240E+3	1.004958E+0	
211.108075E+0	299.739356E+0	298.930000E+0	1.713777E+0	39.000000E+0	976.880736E+3	976.880736E+3	184.996229E+3	184.996229E+3	997.405000E-3	
216.619390E+0	299.830795E+0	299.160000E+0	1.675871E+0	36.000000E+0	973.184843E+3	973.184843E+3	181.990380E+3	181.990380E+3	997.495000E-3	
222.111704E+0	299.922650E+0	299.390000E+0	1.675183E+0	35.000000E+0	1.036035E+6	1.036035E+6	190.709685E+3	190.709685E+3	1.002043E+0	
227.624020E+0	300.000000E+0	299.530000E+0	1.675821E+0	35.000000E+0	1.412901E+6	1.412901E+6	259.025166E+3	259.025166E+3	999.345000E-3	
233.108333E+0	300.000000E+0	299.760000E+0	1.893375E+0	37.000000E+0	995.263504E+3	995.263504E+3	194.899465E+3	194.899465E+3	997.891000E-3	
238.595647E+0	300.000000E+0	299.990000E+0	2.146884E+0	33.000000E+0	1.179178E+6	1.179178E+6	224.120618E+3	224.120618E+3	1.004011E+0	
244.134964E+0	300.000000E+0	300.110000E+0	2.181494E+0	33.000000E+0	1.091208E+6	1.091208E+6	204.553142E+3	204.553142E+3	993.632000E-3	
249.616277E+0	300.000000E+0	300.220000E+0	2.181570E+0	28.000000E+0	960.494872E+3	960.494872E+3	185.109576E+3	185.109576E+3	998.396000E-3	
255.099591E+0	300.000000E+0	300.460000E+0	2.147074E+0	28.000000E+0	1.384624E+6	1.384624E+6	255.640810E+3	255.640810E+3	1.003340E+0	
260.587905E+0	300.000000E+0	300.570000E+0	1.891801E+0	27.000000E+0	1.207557E+6	1.207557E+6	225.720895E+3	225.720895E+3	997.092000E-3	
266.087220E+0	300.000000E+0	300.690000E+0	1.690354E+0	26.000000E+0	1.010701E+6	1.010701E+6	195.931653E+3	195.931653E+3	996.703000E-3	
271.564533E+0	300.000000E+0	300.690000E+0	1.690761E+0	24.000000E+0	1.530114E+6	1.530114E+6	303.507366E+3	303.507366E+3	1.002301E+0	
277.050847E+0	300.000000E+0	300.830000E+0	1.692852E+0	22.000000E+0	1.151923E+6	1.151923E+6	222.182888E+3	222.182888E+3	1.003855E+0	
282.536160E+0	300.000000E+0	300.940000E+0	1.276107E+0	21.000000E+0	1.288726E+6	1.288726E+6	239.240393E+3	239.240393E+3	1.005387E+0	
288.032475E+0	300.000000E+0	301.180000E+0	892.778144E-3	20.000000E+0	1.440793E+6	1.440793E+6	275.457022E+3	275.457022E+3	1.004881E+0	
293.536789E+0	300.000000E+0	301.180000E+0	929.568384E-3	19.000000E+0	1.262184E+6	1.262184E+6	231.813229E+3	231.813229E+3	996.116000E-3	
299.028104E+0	300.000000E+0	301.290000E+0	1.349150E+0	19.000000E+0	1.494700E+6	1.494700E+6	275.700397E+3	275.700397E+3	1.000881E+0	
304.514418E+0	300.000000E+0	301.290000E+0	1.531156E+0	17.000000E+0	1.459696E+6	1.459696E+6	288.030063E+3	288.030063E+3	1.004110E+0	
309.999731E+0	300.000000E+0	301.410000E+0	1.275091E+0	16.000000E+0	964.668410E+3	964.668410E+3	184.308493E+3	184.308493E+3	999.464000E-3	
315.483045E+0	300.000000E+0	301.530000E+0	837.161728E-3	15.000000E+0	1.509292E+6	1.509292E+6	278.081479E+3	278.081479E+3	1.001385E+0	
320.972359E+0	300.000000E+0	301.530000E+0	618.694524E-3	15.000000E+0	1.523464E+6	1.523464E+6	281.741599E+3	281.741599E+3	1.000977E+0	
326.461673E+0	300.000000E+0	301.640000E+0	856.198037E-3	14.000000E+0	965.243507E+3	965.243507E+3	179.208783E+3	179.208783E+3	997.917000E-3	
331.989989E+0	300.000000E+0	301.640000E+0	874.924411E-3	14.000000E+0	1.041738E+6	1.041738E+6	201.200817E+3	201.200817E+3	994.183000E-3	
337.515305E+0	300.000000E+0	301.640000E+0	856.796872E-3	14.000000E+0	991.538561E+3	991.538561E+3	196.056959E+3	196.056959E+3	997.815000E-3	
343.007619E+0	300.000000E+0	301.760000E+0	619.694129E-3	13.000000E+0	1.058965E+6	1.058965E+6	209.040944E+3	209.040944E+3	994.199000E-3	
348.498933E+0	300.000000E+0	301.760000E+0	400.888256E-3	12.000000E+0	1.019264E+6	1.019264E+6	187.526488E+3	187.526488E+3	1.000469E+0	
353.999248E+0	300.000000E+0	301.760000E+0	417.512535E-3	12.000000E+0	1.349936E+6	1.349936E+6	267.790840E+3	267.790840E+3	1.001288E+0	
359.480561E+0	300.000000E+0	301.760000E+0	434.955889E-3	11.000000E+0	1.021532E+6	1.021532E+6	194.783238E+3	194.783238E+3	994.850000E-3	
364.970875E+0	300.000000E+0	301.760000E+0	434.955889E-3	11.000000E+0	1.273138E+6	1.273138E+6	248.875751E+3	248.875751E+3	995.976000E-3	
370.460189E+0	300.000000E+0	301.760000E+0	217.832690E-3	11.000000E+0	1.053636E+6	1.053636E+6	211.192133E+3	211.192133E+3	994.833000E-3	
375.945503E+0	300.000000E+0	301.760000E+0	0.000000E+0	10.000000E+0	1.058237E+6	1.058237E+6	196.010329E+3	196.010329E+3	1.001960E+0	
381.429817E+0	300.000000E+0	301.760000E+0	0.000000E+0	9.000000E+0	1.462288E+6	1.462288E+6	280.108444E+3	280.108444E+3	1.003232E+0	
386.914130E+0	300.000000E+0	301.760000E+0	0.000000E+0	9.000000E+0	1.242630E+6	1.242630E+6	246.916594E+3	246.916594E+3	1.005499E+0	
392.408445E+0	300.000000E+0	301.760000E+0	0.000000E+0	9.000000E+0	1.382957E+6	1.382957E+6	263.811076E+3	263.811076E+3	1.005645E+0	
397.904759E+0	300.000000E+0	301.760000E+0	0.000000E+0	9.000000E+0	1.195011E+6	1.195011E+6	221.150850E+3	221.150850E+3	1.004729E+0	
403.390073E+0	300.000000E+0	301.760000E+0	0.000000E+0	10.000000E+0	1.354460E+6	1.354460E+6	268.525805E+3	268.525805E+3	1.005145E+0	
408.889387E+0	300.000000E+0	301.760000E+0	0.000000E+0	10.000000E+0	967.936606E+3	967.936606E+3	180.352466E+3	180.352466E+3	997.962000E-3	
414.375701E+0	300.000000E+0	301.760000E+0	0.000000E+0	10.000000E+0	1.166470E+6	1.166470E+6	231.823400E+3	231.823400E+3	995.792000E-3	
419.866015E+0	300.000000E+0	301.760000E+0	0.000000E+0	9.000000E+0	1.269099E+6	1.269099E+6	249.916668E+3	249.916668E+3	1.005139E+0	
425.357329E+0	300.000000E+0	301.640000E+0	0.000000E+0	9.000000E+0	1.101974E+6	1.101974E+6	217.427580E+3	217.427580E+3	1.003138E+0	
430.850644E+0	300.000000E+0	301.640000E+0	0.000000E+0	9.000000E+0	993.549319E+3	993.549319E+3	191.178258E+3	191.178258E+3	997.295000E-3	
436.358959E+0	300.000000E+0	301.640000E+0	-218.646386E-3	9.000000E+0	1.368739E+6	1.368739E+6	256.566949E+3	256.566949E+3	1.005667E+0	
441.837272E+0	300.000000E+0	301.530000E+0	-437.193208E-3	9.000000E+0	954.124789E+3	954.124789E+3	182.771144E+3	182.771144E+3	999.627000E-3	
447.335587E+0	300.000000E+0	301.530000E+0	-437.193208E-3	9.000000E+0	1.212102E+6	1.212102E+6	223.248408E+3	223.248408E+3	995.269000E-3	
452.831901E+0	300.000000E+0	301.530000E+0	-418.517203E-3	9.000000E+0	1.475705E+6	1.475705E+6	287.440643E+3	287.440643E+3	1.003789E+0	
458.350216E+0	300.000000E+0	301.530000E+0	-400.213802E-3	9.000000E+0	1.312216E+6	1.312216E+6	259.660847E+3	259.660847E+3	997.455000E-3	
463.835530E+0	300.000000E+0	301.530000E+0	-400.213802E-3	9.000000E+0	1.120393E+6	1.120393E+6	215.809193E+3	215.809193E+3	1.003267E+0	
469.333845E+0	300.000000E+0	301.530000E+0	-200.243422E-3	9.000000E+0	1.296084E+6	1.296084E+6	255.430272E+3	255.430272E+3	1.005787E+0	
474.820158E+0	300.000000E+0	301.410000E+0	0.000000E+0	10.000000E+0	1.065513E+6	1.065513E+6	205.967877E+3	205.967877E+3	993.761000E-3	
480.308472E+0	300.000000E+0	301.410000E+0	0.000000E+0	9.000000E+0	1.319864E+6	1.319864E+6	240.519538E+3	240.519538E+3	1.005512E+0	
485.793786E+0	300.000000E+0	301.410000E+0	-218.507031E-3	10.000000E+0	1.336738E+6	1.336738E+6	265.482951E+3	265.482951E+3	998.089000E-3	
491.277100E+0	300.000000E+0	301.410000E+0	-436.994161E-3	10.000000E+0	996.719025E+3	996.719025E+3	183.201689E+3	183.201689E+3	1.000676E+0	
496.781415E+0	300.000000E+0	301.290000E+0	-436.994161E-3	10.000000E+0	1.337677E+6	1.337677E+6	256.113426E+3	256.113426E+3	1.001492E+0	
502.275729E+0	300.000000E+0	301.290000E+0	-218.487131E-3	9.000000E+0	983.572341E+3	983.572341E+3	183.030154E+3	183.030154E+3	1.001375E+0	
507.765043E+0	300.000000E+0	301.290000E+0	-218.805863E-3	9.000000E+0	1.386780E+6	1.386780E+6	271.620299E+3	271.620299E+3	1.005915E+0	
513.246356E+0	300.000000E+0	301.290000E+0	-437.233344E-3	9.000000E+0	972.617133E+3	972.617133E+3	181.569149E+3	181.569149E+3	997.876000E-3	
518.755672E+0	300.000000E+0	301.180000E+0	-437.233344E-3	9.000000E+0	1.104405E+6	1.104405E+6	204.855860E+3	204.855860E+3	1.003341E+0	
524.261986E+0	300.000000E+0	301.180000E+0	-218.427480E-3	11.000000E+0	1.408401E+6	1.408401E+6	268.937622E+3	268.937622E+3	1.005415E+0	
529.747300E+0	300.000000E+0	301.180000E+0	-200.535479E-3	11.000000E+0	1.467249E+6	1.467249E+6	282.509533E+3	282.509533E+3	1.004229E+0	
535.260615E+0	300.000000E+0	301.180000E+0	-400.706011E-3	9.000000E+0	992.631055E+3	992.631055E+3	194.886601E+3	194.886601E+3	997.892000E-3	
540.751929E+0	300.000000E+0	301.180000E+0	-400.706011E-3	11.000000E+0	1.355534E+6	1.355534E+6	267.488348E+3	267.488348E+3	1.006321E+0	
546.236243E+0	300.000000E+0	301.060000E+0	-200.170532E-3	11.000000E+0	983.283076E+3	983.283076E+3	183.892568E+3	183.892568E+3	997.816000E-3	
551.771560E+0	300.000000E+0	301.060000E+0	0.000000E+0	10.000000E+0	1.403144E+6	1.403144E+6	260.601503E+3	260.601503E+3	1.002841E+0	
557.251873E+0	300.000000E+0	301.060000E+0	-218.090039E-3	10.000000E+0	1.075308E+6	1.075308E+6	212.333395E+3	212.333395E+3	994.757000E-3	
562.741187E+0	300.000000E+0	301.060000E+0	-436.756344E-3	11.000000E+0	1.028558E+6	1.028558E+6	197.540780E+3	197.540780E+3	995.634000E-3	
568.266503E+0	300.000000E+0	301.060000E+0	-436.756344E-3	10.000000E+0	1.049667E+6	1.049667E+6	194.911972E+3	194.911972E+3	1.002831E+0	
573.756817E+0	300.000000E+0	301.060000E+0	-218.666305E-3	11.000000E+0	1.022739E+6	1.022739E+6	203.977506E+3	203.977506E+3	995.739000E-3	
579.238131E+0	300.000000E+0	301.060000E+0	0.000000E+0	11.000000E+0	1.457456E+6	1.457456E+6	268.860686E+3	268.860686E+3	999.086000E-3	
584.738445E+0	300.000000E+0	300.940000E+0	0.000000E+0	11.000000E+0	1.452216E+6	1.452216E+6	287.063508E+3	287.063508E+3	1.004759E+0	
590.269762E+0	300.000000E+0	300.940000E+0	0.000000E+0	12.000000E+0	1.074129E+6	1.074129E+6	212.103642E+3	212.103642E+3	993.892000E-3	
595.760076E+0	300.000000E+0	300.940000E+0	-218.746039E-3	11.000000E+0	1.114298E+6	1.114298E+6	220.836088E+3	220.836088E+3	994.500000E-3	
601.270391E+0	300.000000E+0	300.940000E+0	-437.292871E-3	13.000000E+0	990.023708E+3	990.023708E+3	195.905128E+3	195.905128E+3	998.033000E-3	
606.762705E+0	300.000000E+0	300.940000E+0	-437.292871E-3	11.000000E+0	1.078261E+6	1.078261E+6	200.990930E+3	200.990930E+3	995.095000E-3	
612.248019E+0	300.000000E+0	300.940000E+0	-218.546832E-3	14.000000E+0	1.204090E+6	1.204090E+6	240.563697E+3	240.563697E+3	994.976000E-3	
617.750333E+0	300.000000E+0	300.830000E+0	0.000000E+0	12.000000E+0	983.683599E+3	983.683599E+3	188.603730E+3	188.603730E+3	998.852000E-3	
623.237648E+0	300.000000E+0	300.830000E+0	0.000000E+0	11.000000E+0	1.293047E+6	1.293047E+6	241.078750E+3	241.078750E+3	999.797000E-3	
629.242991E+0	300.000000E+0	300.830000E+0	-200.407597E-3	13.000000E+0	1.420445E+6	1.420445E+6	266.951335E+3	266.951335E+3	1.003786E+0	
634.748306E+0	300.000000E+0	300.830000E+0	-400.632787E-3	13.000000E+0	1.020707E+6	1.020707E+6	194.987019E+3	194.987019E+3	994.648000E-3	
640.276622E+0	300.000000E+0	300.830000E+0	-400.632787E-3	13.000000E+0	1.017265E+6	1.017265E+6	200.960135E+3	200.960135E+3	996.462000E-3	
646.265965E+0	300.000000E+0	300.830000E+0	-200.225190E-3	12.000000E+0	1.196829E+6	1.196829E+6	237.620065E+3	237.620065E+3	996.815000E-3	
651.771279E+0	300.000000E+0	300.830000E+0	0.000000E+0	14.000000E+0	992.346939E+3	992.346939E+3	196.187393E+3	196.187393E+3	997.785000E-3	
657.256593E+0	300.000000E+0	300.830000E+0	0.000000E+0	14.000000E+0	1.537194E+6	1.537194E+6	285.396933E+3	285.396933E+3	1.001282E+0	
662.738907E+0	300.000000E+0	300.830000E+0	0.000000E+0	12.000000E+0	1.112698E+6	1.112698E+6	215.253786E+3	215.253786E+3	1.003587E+0	
668.221220E+0	300.000000E+0	300.830000E+0	0.000000E+0	15.000000E+0	1.365305E+6	1.365305E+6	250.178695E+3	250.178695E+3	1.004714E+0	
673.743536E+0	300.000000E+0	300.830000E+0	0.000000E+0	13.000000E+0	1.344788E+6	1.344788E+6	248.073214E+3	248.073214E+3	1.003992E+0	
679.236850E+0	300.000000E+0	300.830000E+0	0.000000E+0	13.000000E+0	1.024650E+6	1.024650E+6	189.415237E+3	189.415237E+3	1.001585E+0	
684.728164E+0	300.000000E+0	300.830000E+0	0.000000E+0	16.000000E+0	1.494761E+6	1.494761E+6	281.078475E+3	281.078475E+3	999.995000E-3	
690.220479E+0	300.000000E+0	300.830000E+0	0.000000E+0	13.000000E+0	1.468161E+6	1.468161E+6	276.340388E+3	276.340388E+3	998.937000E-3	
695.709793E+0	300.000000E+0	300.830000E+0	0.000000E+0	12.000000E+0	1.230837E+6	1.230837E+6	230.143552E+3	230.143552E+3	998.886000E-3	
701.200107E+0	300.000000E+0	300.830000E+0	0.000000E+0	14.000000E+0	1.186124E+6	1.186124E+6	220.460735E+3	220.460735E+3	997.329000E-3	
716.094958E+0	300.598495E+0	300.690000E+0	0.000000E+0	13.000000E+0	1.000000E+0	1.000000E+0	0.000000E+0	0.000000E+0	99.100000E+36	
721.365260E+0	300.598495E+0	300.690000E+0	0.000000E+0	21.000000E+0	1.470933E+6	1.470933E+6	289.130066E+3	289.130066E+3	1.004706E+0	
726.898576E+0	300.510656E+0	300.690000E+0	0.000000E+0	21.000000E+0	1.088202E+6	1.088202E+6	214.882146E+3	214.882146E+3	1.004138E+0	
732.383890E+0	300.418434E+0	300.690000E+0	0.000000E+0	21.000000E+0	1.118685E+6	1.118685E+6	209.402782E+3	209.402782E+3	994.086000E-3	
737.858203E+0	300.327013E+0	300.690000E+0	0.000000E+0	21.000000E+0	1.369625E+6	1.369625E+6	260.422600E+3	260.422600E+3	1.005017E+0	
743.360518E+0	300.235774E+0	300.690000E+0	0.000000E+0	16.000000E+0	1.524746E+6	1.524746E+6	296.139202E+3	296.139202E+3	1.001148E+0	
748.846832E+0	300.144069E+0	300.830000E+0	0.000000E+0	17.000000E+0	1.534177E+6	1.534177E+6	296.643504E+3	296.643504E+3	1.002370E+0	
754.334146E+0	300.052630E+0	300.830000E+0	0.000000E+0	15.000000E+0	1.465543E+6	1.465543E+6	271.116455E+3	271.116455E+3	999.471000E-3	
759.822460E+0	299.961175E+0	300.830000E+0	255.180445E-3	14.000000E+0	1.074827E+6	1.074827E+6	202.155126E+3	202.155126E+3	994.967000E-3	
765.309773E+0	299.869703E+0	300.830000E+0	510.058907E-3	13.000000E+0	1.331774E+6	1.331774E+6	252.237480E+3	252.237480E+3	1.004717E+0	
770.820088E+0	299.778248E+0	300.830000E+0	510.058907E-3	12.000000E+0	1.280880E+6	1.280880E+6	239.182248E+3	239.182248E+3	997.447000E-3	
776.307403E+0	299.686409E+0	300.830000E+0	254.878462E-3	11.000000E+0	1.034108E+6	1.034108E+6	206.405062E+3	206.405062E+3	995.350000E-3	
781.780715E+0	299.594954E+0	300.940000E+0	0.000000E+0	10.000000E+0	1.037511E+6	1.037511E+6	200.932552E+3	200.932552E+3	994.620000E-3	
787.269030E+0	299.503732E+0	300.940000E+0	0.000000E+0	8.000000E+0	969.166675E+3	969.166675E+3	190.660860E+3	190.660860E+3	999.143000E-3	
792.777344E+0	299.412260E+0	300.940000E+0	199.589386E-3	8.000000E+0	1.240602E+6	1.240602E+6	242.342819E+3	242.342819E+3	995.682000E-3	
798.306661E+0	299.320455E+0	300.940000E+0	399.015926E-3	8.000000E+0	1.203822E+6	1.203822E+6	233.894254E+3	233.894254E+3	999.750000E-3	
803.797975E+0	299.228300E+0	300.940000E+0	399.015926E-3	7.000000E+0	1.054589E+6	1.054589E+6	197.934154E+3	197.934154E+3	1.000046E+0	
809.282289E+0	299.136778E+0	300.940000E+0	199.426540E-3	4.000000E+0	1.040036E+6	1.040036E+6	194.328386E+3	194.328386E+3	1.000681E+0	
814.761602E+0	299.045373E+0	300.940000E+0	0.000000E+0	4.000000E+0	1.227292E+6	1.227292E+6	232.200572E+3	232.200572E+3	996.414000E-3	
820.238915E+0	298.954051E+0	300.940000E+0	0.000000E+0	3.000000E+0	1.487929E+6	1.487929E+6	289.730102E+3	289.730102E+3	1.005557E+0	
825.747230E+0	298.862762E+0	300.940000E+0	0.000000E+0	4.000000E+0	1.245273E+6	1.245273E+6	229.515641E+3	229.515641E+3	999.593000E-3	
831.230544E+0	298.770957E+0	300.940000E+0	0.000000E+0	3.000000E+0	1.069435E+6	1.069435E+6	212.362339E+3	212.362339E+3	995.355000E-3	
836.710857E+0	298.679568E+0	300.940000E+0	0.000000E+0	2.000000E+0	1.105235E+6	1.105235E+6	218.736914E+3	218.736914E+3	997.707000E-3	
842.185171E+0	298.588230E+0	300.940000E+0	0.000000E+0	2.000000E+0	1.011395E+6	1.011395E+6	194.702251E+3	194.702251E+3	999.511000E-3	
847.670484E+0	298.496991E+0	300.940000E+0	0.000000E+0	2.000000E+0	1.134490E+6	1.134490E+6	221.132804E+3	221.132804E+3	999.486000E-3	
853.174799E+0	298.405569E+0	300.830000E+0	0.000000E+0	1.000000E+0	1.005879E+6	1.005879E+6	194.370838E+3	194.370838E+3	1.001383E+0	
858.702115E+0	298.313831E+0	300.830000E+0	0.000000E+0	1.000000E+0	1.397430E+6	1.397430E+6	261.719206E+3	261.719206E+3	1.005395E+0	
864.186429E+0	298.221709E+0	300.830000E+0	-200.755081E-3	1.000000E+0	1.006438E+6	1.006438E+6	200.349998E+3	200.349998E+3	1.000691E+0	
869.694744E+0	298.130304E+0	300.830000E+0	-400.780010E-3	1.000000E+0	957.461571E+3	957.461571E+3	188.279603E+3	188.279603E+3	999.092000E-3	
875.197059E+0	298.038498E+0	300.690000E+0	-400.780010E-3	1.000000E+0	1.085006E+6	1.085006E+6	198.418985E+3	198.418985E+3	999.898000E-3	
880.690373E+0	297.946793E+0	300.690000E+0	-200.024929E-3	1.000000E+0	1.377019E+6	1.377019E+6	263.430557E+3	263.430557E+3	1.000886E+0	
886.206688E+0	297.855238E+0	300.690000E+0	-254.924869E-3	1.000000E+0	1.331217E+6	1.331217E+6	247.867861E+3	247.867861E+3	998.972000E-3	
891.695002E+0	297.763299E+0	300.570000E+0	-510.384705E-3	1.000000E+0	1.166473E+6	1.166473E+6	228.946604E+3	228.946604E+3	1.004030E+0	
897.179316E+0	297.671827E+0	300.570000E+0	-510.384705E-3	1.000000E+0	1.240450E+6	1.240450E+6	245.206113E+3	245.206113E+3	1.006563E+0	
902.671630E+0	297.580422E+0	300.570000E+0	-473.927089E-3	1.000000E+0	1.339267E+6	1.339267E+6	257.035290E+3	257.035290E+3	1.002267E+0	
908.187946E+0	297.488884E+0	300.460000E+0	-436.934506E-3	1.000000E+0	928.835806E+3	928.835806E+3	173.670198E+3	173.670198E+3	997.774000E-3	
913.667259E+0	297.396945E+0	300.460000E+0	-436.934506E-3	1.000000E+0	1.686270E+6	1.686270E+6	328.517484E+3	328.517484E+3	1.002538E+0	
919.150573E+0	297.305623E+0	300.460000E+0	-418.929629E-3	1.000000E+0	1.000347E+6	1.000347E+6	198.139969E+3	198.139969E+3	991.994000E-3	
924.651887E+0	297.214235E+0	300.460000E+0	-400.505500E-3	1.000000E+0	931.904740E+3	931.904740E+3	179.547421E+3	179.547421E+3	1.001751E+0	
930.132201E+0	297.122546E+0	300.340000E+0	-400.505500E-3	1.000000E+0	1.178026E+6	1.178026E+6	222.165244E+3	222.165244E+3	1.006187E+0	
935.617515E+0	297.031207E+0	300.340000E+0	-200.043124E-3	1.000000E+0	1.776240E+6	1.776240E+6	344.863620E+3	344.863620E+3	1.002865E+0	
941.100828E+0	296.939785E+0	300.340000E+0	-218.248706E-3	1.000000E+0	1.123563E+6	1.123563E+6	224.387285E+3	224.387285E+3	995.724000E-3	
946.602143E+0	296.848397E+0	300.220000E+0	-436.994736E-3	1.000000E+0	1.356782E+6	1.356782E+6	265.787308E+3	265.787308E+3	1.005728E+0	
952.087457E+0	296.756708E+0	300.220000E+0	-436.994736E-3	1.000000E+0	909.885627E+3	909.885627E+3	166.502149E+3	166.502149E+3	999.200000E-3	
957.576770E+0	296.665286E+0	300.110000E+0	-436.519426E-3	1.000000E+0	1.072031E+6	1.072031E+6	213.110332E+3	213.110332E+3	999.433000E-3	
963.067084E+0	296.573798E+0	300.110000E+0	-436.659095E-3	1.000000E+0	1.223019E+6	1.223019E+6	225.752381E+3	225.752381E+3	995.232000E-3	
968.548398E+0	296.482293E+0	300.110000E+0	-637.176289E-3	1.000000E+0	1.009119E+6	1.009119E+6	188.088780E+3	188.088780E+3	1.004568E+0	
974.042712E+0	296.390937E+0	299.990000E+0	-619.628075E-3	1.000000E+0	998.337299E+3	998.337299E+3	186.499254E+3	186.499254E+3	990.111000E-3	
979.521026E+0	296.299366E+0	299.990000E+0	-400.742375E-3	1.000000E+0	840.201009E+3	840.201009E+3	158.771967E+3	158.771967E+3	993.983000E-3	
985.006340E+0	296.208060E+0	299.990000E+0	-419.130844E-3	1.000000E+0	1.212665E+6	1.212665E+6	221.789470E+3	221.789470E+3	998.678000E-3	
990.516654E+0	296.116638E+0	299.880000E+0	-437.651692E-3	1.000000E+0	993.890930E+3	993.890930E+3	196.466662E+3	196.466662E+3	1.003641E+0	
996.007968E+0	296.024800E+0	299.880000E+0	-437.651692E-3	1.000000E+0	1.111353E+6	1.111353E+6	203.927433E+3	203.927433E+3	993.939000E-3	
1.001483E+3	295.933278E+0	299.880000E+0	-418.734595E-3	1.000000E+0	1.665128E+6	1.665128E+6	309.582535E+3	309.582535E+3	999.160000E-3	
1.006969E+3	295.842023E+0	299.880000E+0	-400.068064E-3	1.000000E+0	1.378992E+6	1.378992E+6	254.106708E+3	254.106708E+3	996.625000E-3	
1.012465E+3	295.750601E+0	299.760000E+0	-400.068064E-3	1.000000E+0	1.021057E+6	1.021057E+6	195.946223E+3	195.946223E+3	996.429000E-3	
1.017944E+3	295.658996E+0	299.760000E+0	-200.079499E-3	1.000000E+0	941.983106E+3	941.983106E+3	181.741864E+3	181.741864E+3	999.218000E-3	
1.023408E+3	295.567674E+0	299.760000E+0	-218.805873E-3	1.000000E+0	1.441036E+6	1.441036E+6	276.199350E+3	276.199350E+3	997.557000E-3	
1.028883E+3	295.476618E+0	299.640000E+0	-437.531968E-3	1.000000E+0	1.473025E+6	1.473025E+6	281.602274E+3	281.602274E+3	1.005384E+0	
1.034361E+3	295.385363E+0	299.640000E+0	-437.531968E-3	1.000000E+0	1.116487E+6	1.116487E+6	202.587082E+3	202.587082E+3	1.001009E+0	
1.039844E+3	295.294058E+0	299.640000E+0	-436.558785E-3	1.000000E+0	1.122238E+6	1.122238E+6	210.517098E+3	210.517098E+3	999.622000E-3	
1.045332E+3	295.202669E+0	299.530000E+0	-434.955889E-3	1.000000E+0	1.105617E+6	1.105617E+6	205.448214E+3	205.448214E+3	998.527000E-3	
1.050809E+3	295.111214E+0	299.530000E+0	-434.955889E-3	1.000000E+0	989.513250E+3	989.513250E+3	181.168677E+3	181.168677E+3	997.746000E-3	
1.056315E+3	295.019926E+0	299.530000E+0	-417.421311E-3	1.000000E+0	1.463652E+6	1.463652E+6	268.159374E+3	268.159374E+3	1.004885E+0	
1.061800E+3	294.928154E+0	299.390000E+0	-400.450425E-3	1.000000E+0	1.030152E+6	1.030152E+6	190.828314E+3	190.828314E+3	1.000535E+0	
1.067292E+3	294.836749E+0	299.390000E+0	-400.450425E-3	1.000000E+0	1.603430E+6	1.603430E+6	317.985715E+3	317.985715E+3	999.017000E-3	
1.072760E+3	294.745210E+0	299.390000E+0	-455.356026E-3	1.000000E+0	924.295909E+3	924.295909E+3	181.854130E+3	181.854130E+3	993.424000E-3	
1.078262E+3	294.654071E+0	299.280000E+0	-510.221458E-3	1.000000E+0	1.087379E+6	1.087379E+6	215.425283E+3	215.425283E+3	1.000617E+0	
1.083747E+3	294.562383E+0	299.280000E+0	-510.221458E-3	1.000000E+0	1.123750E+6	1.123750E+6	216.555892E+3	216.555892E+3	997.542000E-3	
1.089231E+3	294.470961E+0	299.280000E+0	-455.571504E-3	1.000000E+0	1.077245E+6	1.077245E+6	211.301288E+3	211.301288E+3	996.624000E-3	
1.094735E+3	294.379556E+0	299.280000E+0	-401.125809E-3	1.000000E+0	1.145354E+6	1.145354E+6	220.658848E+3	220.658848E+3	998.027000E-3	
1.100250E+3	294.287834E+0	299.160000E+0	-401.125809E-3	1.000000E+0	993.328800E+3	993.328800E+3	191.690813E+3	191.690813E+3	1.007891E+0	
1.105737E+3	294.195912E+0	299.160000E+0	-200.572050E-3	1.000000E+0	972.441183E+3	972.441183E+3	192.542346E+3	192.542346E+3	997.783000E-3	
1.111254E+3	294.104457E+0	299.160000E+0	-218.546832E-3	1.000000E+0	1.226560E+6	1.226560E+6	239.340914E+3	239.340914E+3	999.916000E-3	
1.116736E+3	294.012518E+0	299.160000E+0	-437.033972E-3	1.000000E+0	985.550296E+3	985.550296E+3	187.392998E+3	187.392998E+3	999.348000E-3	
1.122218E+3	293.921146E+0	299.050000E+0	-437.033972E-3	1.000000E+0	1.299904E+6	1.299904E+6	237.062117E+3	237.062117E+3	1.003019E+0	
1.127699E+3	293.829774E+0	299.050000E+0	-218.487140E-3	1.000000E+0	1.026532E+6	1.026532E+6	188.849087E+3	188.849087E+3	1.001546E+0	
1.133187E+3	293.738436E+0	299.050000E+0	-200.334588E-3	1.000000E+0	1.434791E+6	1.434791E+6	262.444498E+3	262.444498E+3	1.004971E+0	
1.138697E+3	293.646964E+0	298.930000E+0	-400.614457E-3	1.000000E+0	1.167318E+6	1.167318E+6	230.741588E+3	230.741588E+3	1.000485E+0	
1.144189E+3	293.555125E+0	298.930000E+0	-400.614457E-3	1.000000E+0	1.049179E+6	1.049179E+6	196.611855E+3	196.611855E+3	1.002375E+0	
1.149664E+3	293.463587E+0	298.930000E+0	-418.727239E-3	1.000000E+0	1.234831E+6	1.234831E+6	227.966922E+3	227.966922E+3	995.237000E-3	
1.155152E+3	293.372348E+0	298.810000E+0	-437.093755E-3	1.000000E+0	1.019974E+6	1.019974E+6	199.804172E+3	199.804172E+3	997.433000E-3	
1.160644E+3	293.280876E+0	298.810000E+0	-437.093755E-3	1.000000E+0	1.162318E+6	1.162318E+6	218.767657E+3	218.767657E+3	999.768000E-3	
1.166175E+3	293.189338E+0	298.810000E+0	-436.538411E-3	1.000000E+0	1.068387E+6	1.068387E+6	197.282562E+3	197.282562E+3	996.463000E-3	
1.171660E+3	293.097166E+0	298.700000E+0	-436.001883E-3	1.000000E+0	1.105046E+6	1.105046E+6	204.294506E+3	204.294506E+3	1.003791E+0	
1.177147E+3	293.005744E+0	298.700000E+0	-436.001883E-3	1.000000E+0	992.849102E+3	992.849102E+3	187.889290E+3	187.889290E+3	1.005498E+0	
1.182633E+3	292.914289E+0	298.700000E+0	-418.389727E-3	1.000000E+0	1.177908E+6	1.177908E+6	227.513838E+3	227.513838E+3	1.000162E+0	
1.188115E+3	292.822867E+0	298.580000E+0	-400.742254E-3	1.000000E+0	1.247488E+6	1.247488E+6	228.131842E+3	228.131842E+3	997.105000E-3	
1.193592E+3	292.731495E+0	298.580000E+0	-400.742254E-3	1.000000E+0	1.717715E+6	1.717715E+6	337.571695E+3	337.571695E+3	1.003266E+0	
1.199084E+3	292.640206E+0	298.580000E+0	-419.268248E-3	1.000000E+0	1.440729E+6	1.440729E+6	268.718551E+3	268.718551E+3	999.275000E-3	
1.204565E+3	292.548684E+0	298.470000E+0	-437.233344E-3	1.000000E+0	1.553179E+6	1.553179E+6	304.473235E+3	304.473235E+3	1.001024E+0	
1.210054E+3	292.457329E+0	298.470000E+0	-437.233344E-3	1.000000E+0	1.091144E+6	1.091144E+6	201.454158E+3	201.454158E+3	994.229000E-3	
1.215542E+3	292.365841E+0	298.470000E+0	-418.725592E-3	1.000000E+0	1.005443E+6	1.005443E+6	181.625195E+3	181.625195E+3	1.000064E+0	
1.221056E+3	292.274385E+0	298.350000E+0	-400.833590E-3	1.000000E+0	1.022759E+6	1.022759E+6	198.902056E+3	198.902056E+3	998.591000E-3	
1.226551E+3	292.182480E+0	298.350000E+0	-400.833590E-3	1.000000E+0	1.548173E+6	1.548173E+6	293.420154E+3	293.420154E+3	997.395000E-3	
1.232034E+3	292.090891E+0	298.350000E+0	-418.407715E-3	1.000000E+0	1.596808E+6	1.596808E+6	299.923653E+3	299.923653E+3	1.003929E+0	
1.237668E+3	291.999503E+0	298.240000E+0	-436.220225E-3	1.000000E+0	1.149581E+6	1.149581E+6	212.563247E+3	212.563247E+3	999.676000E-3	
1.243167E+3	291.905614E+0	298.240000E+0	-436.220225E-3	1.000000E+0	1.038901E+6	1.038901E+6	189.055449E+3	189.055449E+3	994.519000E-3	
1.248671E+3	291.813959E+0	298.240000E+0	-418.263857E-3	1.000000E+0	1.506150E+6	1.506150E+6	274.704988E+3	274.704988E+3	1.000656E+0	
1.254174E+3	291.722220E+0	298.240000E+0	-400.359982E-3	1.000000E+0	1.131628E+6	1.131628E+6	208.075621E+3	208.075621E+3	999.329000E-3	
1.259706E+3	291.630515E+0	298.100000E+0	-400.359982E-3	1.000000E+0	897.989531E+3	897.989531E+3	175.159389E+3	175.159389E+3	991.578000E-3	
1.265261E+3	291.538310E+0	298.100000E+0	-200.444113E-3	1.000000E+0	1.094993E+6	1.094993E+6	213.517455E+3	213.517455E+3	998.721000E-3	
1.270792E+3	291.445721E+0	297.990000E+0	-255.250238E-3	1.000000E+0	1.129672E+6	1.129672E+6	207.226159E+3	207.226159E+3	999.658000E-3	
1.276319E+3	291.353549E+0	297.990000E+0	-509.457589E-3	1.000000E+0	1.195032E+6	1.195032E+6	217.308428E+3	217.308428E+3	999.644000E-3	
1.281867E+3	291.261427E+0	297.870000E+0	-709.173806E-3	1.000000E+0	1.058879E+6	1.058879E+6	208.899033E+3	208.899033E+3	992.837000E-3	
1.287366E+3	291.168955E+0	297.870000E+0	-654.440771E-3	1.000000E+0	1.059120E+6	1.059120E+6	206.773476E+3	206.773476E+3	995.562000E-3	
1.292869E+3	291.077317E+0	297.760000E+0	-618.780252E-3	1.000000E+0	1.073894E+6	1.073894E+6	197.366900E+3	197.366900E+3	1.003296E+0	
1.298390E+3	290.985595E+0	297.760000E+0	-636.620260E-3	1.000000E+0	1.081073E+6	1.081073E+6	198.930296E+3	198.930296E+3	996.479000E-3	
1.303858E+3	290.893573E+0	297.760000E+0	-635.710552E-3	1.000000E+0	1.613122E+6	1.613122E+6	293.246751E+3	293.246751E+3	1.006701E+0	
1.309340E+3	290.802451E+0	297.760000E+0	-617.152276E-3	1.000000E+0	1.606212E+6	1.606212E+6	291.030442E+3	291.030442E+3	999.321000E-3	
1.314844E+3	290.711079E+0	297.640000E+0	-399.596050E-3	1.000000E+0	1.356302E+6	1.356302E+6	244.421944E+3	244.421944E+3	1.001290E+0	
1.320366E+3	290.619341E+0	297.640000E+0	-199.988557E-3	1.000000E+0	1.087218E+6	1.087218E+6	196.754924E+3	196.754924E+3	1.001926E+0	
1.325847E+3	290.527319E+0	297.530000E+0	-218.427480E-3	1.000000E+0	1.185483E+6	1.185483E+6	214.185343E+3	214.185343E+3	999.718000E-3	
1.331336E+3	290.435964E+0	297.530000E+0	-436.815203E-3	1.000000E+0	992.742672E+3	992.742672E+3	186.568631E+3	186.568631E+3	999.811000E-3	
1.336811E+3	290.344475E+0	297.410000E+0	-628.241769E-3	1.000000E+0	1.452123E+6	1.452123E+6	261.679186E+3	261.679186E+3	1.003315E+0	
1.342293E+3	290.253220E+0	297.410000E+0	-600.941499E-3	1.000000E+0	1.076464E+6	1.076464E+6	192.913683E+3	192.913683E+3	998.184000E-3	
1.347771E+3	290.161864E+0	297.300000E+0	-600.070570E-3	1.000000E+0	1.312615E+6	1.312615E+6	236.695582E+3	236.695582E+3	1.004754E+0	
1.353260E+3	290.070559E+0	297.300000E+0	-617.019686E-3	1.000000E+0	1.195730E+6	1.195730E+6	227.914671E+3	227.914671E+3	1.001101E+0	
1.358783E+3	289.979071E+0	297.180000E+0	-617.285738E-3	1.000000E+0	1.469978E+6	1.469978E+6	280.874357E+3	280.874357E+3	1.003010E+0	
1.364296E+3	289.887032E+0	297.070000E+0	-599.939477E-3	1.000000E+0	1.097972E+6	1.097972E+6	205.555128E+3	205.555128E+3	999.023000E-3	
1.369778E+3	289.795144E+0	297.070000E+0	-610.389607E-3	1.000000E+0	1.106139E+6	1.106139E+6	206.347682E+3	206.347682E+3	1.002162E+0	
1.375272E+3	289.703772E+0	296.950000E+0	-838.527268E-3	1.000000E+0	1.398338E+6	1.398338E+6	266.070630E+3	266.070630E+3	1.000986E+0	
1.380761E+3	289.612216E+0	296.950000E+0	-838.272605E-3	1.000000E+0	917.532248E+3	917.532248E+3	178.189283E+3	178.189283E+3	1.002248E+0	
1.386263E+3	289.520728E+0	296.840000E+0	-837.319029E-3	1.000000E+0	1.987487E+6	1.987487E+6	381.836978E+3	381.836978E+3	999.706000E-3	
1.391750E+3	289.429023E+0	296.720000E+0	-636.275246E-3	1.000000E+0	1.181672E+6	1.181672E+6	214.081531E+3	214.081531E+3	995.417000E-3	
1.397229E+3	289.337584E+0	296.720000E+0	-636.657488E-3	1.000000E+0	900.787274E+3	900.787274E+3	168.062151E+3	168.062151E+3	997.730000E-3	
1.402713E+3	289.246262E+0	296.590000E+0	-837.666662E-3	1.000000E+0	1.541127E+6	1.541127E+6	295.373495E+3	295.373495E+3	999.991000E-3	
1.408197E+3	289.154857E+0	296.590000E+0	-837.766161E-3	1.000000E+0	1.087039E+6	1.087039E+6	197.600052E+3	197.600052E+3	1.004174E+0	
1.413681E+3	289.063468E+0	296.480000E+0	-633.594675E-3	1.000000E+0	1.136174E+6	1.136174E+6	202.630324E+3	202.630324E+3	1.000617E+0	
1.419164E+3	288.972063E+0	296.360000E+0	-210.841160E-3	1.000000E+0	2.092964E+6	2.092964E+6	371.335002E+3	371.335002E+3	1.003367E+0	
1.424643E+3	288.880675E+0	296.360000E+0	-195.890008E-3	1.000000E+0	1.675628E+6	1.675628E+6	314.021160E+3	314.021160E+3	999.378000E-3	
1.430143E+3	288.789353E+0	296.250000E+0	-617.238148E-3	1.000000E+0	1.090825E+6	1.090825E+6	209.829749E+3	209.829749E+3	1.000799E+0	
1.435628E+3	288.697697E+0	296.130000E+0	-840.095805E-3	1.000000E+0	1.059403E+6	1.059403E+6	189.959390E+3	189.959390E+3	993.921000E-3	
1.441112E+3	288.606276E+0	296.020000E+0	-836.886172E-3	1.000000E+0	1.028903E+6	1.028903E+6	180.804614E+3	180.804614E+3	999.857000E-3	
1.446617E+3	288.514870E+0	296.020000E+0	-838.025980E-3	1.000000E+0	987.252396E+3	987.252396E+3	177.289506E+3	177.289506E+3	1.000294E+0	
1.452096E+3	288.423132E+0	295.910000E+0	-1.038227E+0	1.000000E+0	1.192806E+6	1.192806E+6	210.715095E+3	210.715095E+3	999.822000E-3	
1.457583E+3	288.331810E+0	295.790000E+0	-1.038246E+0	1.000000E+0	1.556336E+6	1.556336E+6	285.157613E+3	285.157613E+3	1.007681E+0	
1.463064E+3	288.240355E+0	295.790000E+0	-820.075042E-3	1.000000E+0	1.165992E+6	1.165992E+6	222.697334E+3	222.697334E+3	1.000200E+0	
1.468585E+3	288.149016E+0	295.680000E+0	-819.160213E-3	1.000000E+0	1.431821E+6	1.431821E+6	273.352190E+3	273.352190E+3	1.002303E+0	
1.474093E+3	288.056994E+0	295.560000E+0	-836.944953E-3	1.000000E+0	1.101510E+6	1.101510E+6	194.428212E+3	194.428212E+3	1.006560E+0	
1.479577E+3	287.965189E+0	295.450000E+0	-837.219283E-3	1.000000E+0	1.353137E+6	1.353137E+6	236.995758E+3	236.995758E+3	1.001619E+0	
1.485060E+3	287.873800E+0	295.340000E+0	-838.593029E-3	1.000000E+0	1.790273E+6	1.790273E+6	324.765828E+3	324.765828E+3	999.599000E-3	
1.490545E+3	287.782412E+0	295.340000E+0	-1.038674E+0	1.000000E+0	1.274929E+6	1.274929E+6	233.899828E+3	233.899828E+3	1.000373E+0	
1.496021E+3	287.690990E+0	295.220000E+0	-1.236592E+0	1.000000E+0	1.078692E+6	1.078692E+6	189.868125E+3	189.868125E+3	997.100000E-3	
1.501502E+3	287.599735E+0	295.110000E+0	-1.016572E+0	1.000000E+0	1.348471E+6	1.348471E+6	238.809582E+3	238.809582E+3	997.518000E-3	
1.507018E+3	287.508379E+0	294.990000E+0	-816.928174E-3	1.000000E+0	1.421518E+6	1.421518E+6	249.860857E+3	249.860857E+3	996.086000E-3	
1.512504E+3	287.416441E+0	294.860000E+0	-837.861078E-3	1.000000E+0	995.919359E+3	995.919359E+3	180.120147E+3	180.120147E+3	1.003817E+0	
1.518031E+3	287.325019E+0	294.750000E+0	-1.058073E+0	1.000000E+0	1.104549E+6	1.104549E+6	202.430018E+3	202.430018E+3	999.087000E-3	
1.523513E+3	287.232897E+0	294.640000E+0	-1.294547E+0	1.000000E+0	1.447140E+6	1.447140E+6	257.424368E+3	257.424368E+3	995.444000E-3	
1.528994E+3	287.141525E+0	294.520000E+0	-1.311673E+0	1.000000E+0	1.174341E+6	1.174341E+6	203.599646E+3	203.599646E+3	994.373000E-3	
1.534473E+3	287.050170E+0	294.410000E+0	-1.293163E+0	1.000000E+0	1.575512E+6	1.575512E+6	279.137023E+3	279.137023E+3	1.005397E+0	
1.539984E+3	286.958865E+0	294.300000E+0	-1.257937E+0	1.000000E+0	1.381682E+6	1.381682E+6	258.196880E+3	258.196880E+3	998.224000E-3	
1.545466E+3	286.867009E+0	294.180000E+0	-1.240963E+0	1.000000E+0	1.141570E+6	1.141570E+6	203.249309E+3	203.249309E+3	1.003566E+0	
1.550956E+3	286.775637E+0	294.070000E+0	-1.240014E+0	1.000000E+0	1.683321E+6	1.683321E+6	302.166420E+3	302.166420E+3	1.001172E+0	
1.556475E+3	286.684149E+0	293.960000E+0	-1.237083E+0	1.000000E+0	1.234802E+6	1.234802E+6	216.202480E+3	216.202480E+3	999.770000E-3	
1.561956E+3	286.592160E+0	293.840000E+0	-1.235100E+0	1.000000E+0	1.113501E+6	1.113501E+6	188.180236E+3	188.180236E+3	1.004667E+0	
1.567439E+3	286.500805E+0	293.730000E+0	-1.234991E+0	1.000000E+0	1.022210E+6	1.022210E+6	175.596095E+3	175.596095E+3	1.001040E+0	
1.572920E+3	286.409433E+0	293.620000E+0	-1.235786E+0	1.000000E+0	1.456904E+6	1.456904E+6	253.925638E+3	253.925638E+3	996.843000E-3	
1.578394E+3	286.318078E+0	293.390000E+0	-1.236394E+0	1.000000E+0	1.263976E+6	1.263976E+6	233.390208E+3	233.390208E+3	1.000083E+0	
1.583879E+3	286.226839E+0	293.280000E+0	-1.235776E+0	1.000000E+0	1.820185E+6	1.820185E+6	321.221547E+3	321.221547E+3	1.003559E+0	
1.589379E+3	286.135434E+0	293.170000E+0	-1.435920E+0	1.000000E+0	1.291299E+6	1.291299E+6	228.700920E+3	228.700920E+3	1.000770E+0	
1.594866E+3	286.043762E+0	293.050000E+0	-1.637296E+0	1.000000E+0	1.282415E+6	1.282415E+6	234.838304E+3	234.838304E+3	1.000104E+0	
1.600347E+3	285.952307E+0	292.940000E+0	-1.638497E+0	1.000000E+0	1.351048E+6	1.351048E+6	226.733140E+3	226.733140E+3	1.004045E+0	
1.605824E+3	285.860968E+0	292.830000E+0	-1.438430E+0	1.000000E+0	1.317153E+6	1.317153E+6	223.392040E+3	223.392040E+3	999.153000E-3	
1.611306E+3	285.769680E+0	292.590000E+0	-1.237054E+0	1.000000E+0	1.578235E+6	1.578235E+6	285.495839E+3	285.495839E+3	997.539000E-3	
1.616820E+3	285.678308E+0	292.470000E+0	-1.237566E+0	1.000000E+0	2.039415E+6	2.039415E+6	362.101736E+3	362.101736E+3	1.004310E+0	
1.622310E+3	285.586403E+0	292.360000E+0	-1.456966E+0	1.000000E+0	1.899325E+6	1.899325E+6	321.164969E+3	321.164969E+3	1.001533E+0	
1.627789E+3	285.494914E+0	292.250000E+0	-1.694258E+0	1.000000E+0	1.907648E+6	1.907648E+6	335.159346E+3	335.159346E+3	1.006227E+0	
1.633306E+3	285.403592E+0	292.140000E+0	-1.712387E+0	1.000000E+0	1.289701E+6	1.289701E+6	228.644488E+3	228.644488E+3	998.641000E-3	
1.638788E+3	285.311637E+0	291.910000E+0	-1.476277E+0	1.000000E+0	1.166609E+6	1.166609E+6	207.347258E+3	207.347258E+3	999.212000E-3	
1.644272E+3	285.220282E+0	291.800000E+0	-1.221196E+0	1.000000E+0	2.145554E+6	2.145554E+6	355.906009E+3	355.906009E+3	1.003025E+0	
1.649754E+3	285.128877E+0	291.690000E+0	-1.420638E+0	1.000000E+0	1.327099E+6	1.327099E+6	219.868533E+3	219.868533E+3	1.001376E+0	
1.655241E+3	285.037505E+0	291.460000E+0	-1.639105E+0	1.000000E+0	1.478071E+6	1.478071E+6	262.688191E+3	262.688191E+3	998.452000E-3	
1.660722E+3	284.946066E+0	291.350000E+0	-1.639287E+0	1.000000E+0	2.445866E+6	2.445866E+6	434.468371E+3	434.468371E+3	999.503000E-3	
1.666203E+3	284.854711E+0	291.130000E+0	-1.640134E+0	1.000000E+0	2.272789E+6	2.272789E+6	400.724802E+3	400.724802E+3	1.001868E+0	
1.671686E+3	284.763356E+0	291.020000E+0	-1.640077E+0	1.000000E+0	991.935323E+3	991.935323E+3	164.978892E+3	164.978892E+3	996.280000E-3	
1.677168E+3	284.671984E+0	290.910000E+0	-1.840832E+0	1.000000E+0	1.431903E+6	1.431903E+6	232.085377E+3	232.085377E+3	995.559000E-3	
1.682653E+3	284.580612E+0	290.800000E+0	-1.823042E+0	1.000000E+0	1.613200E+6	1.613200E+6	271.899378E+3	271.899378E+3	1.002975E+0	
1.688131E+3	284.489190E+0	290.570000E+0	-1.603646E+0	1.000000E+0	2.550559E+6	2.550559E+6	427.683630E+3	427.683630E+3	999.360000E-3	
1.693644E+3	284.397901E+0	290.350000E+0	-1.402090E+0	1.000000E+0	1.386055E+6	1.386055E+6	216.293017E+3	216.293017E+3	997.239000E-3	
1.699123E+3	284.306013E+0	290.130000E+0	-1.420163E+0	1.000000E+0	1.354181E+6	1.354181E+6	214.115506E+3	214.115506E+3	1.000753E+0	
1.704621E+3	284.214691E+0	290.020000E+0	-1.841125E+0	1.000000E+0	1.451024E+6	1.451024E+6	224.189627E+3	224.189627E+3	1.008534E+0	
1.710097E+3	284.123052E+0	289.910000E+0	-2.242522E+0	1.000000E+0	1.507532E+6	1.507532E+6	240.563151E+3	240.563151E+3	1.000112E+0	
1.715590E+3	284.031797E+0	289.680000E+0	-2.223792E+0	1.000000E+0	1.527762E+6	1.527762E+6	240.248417E+3	240.248417E+3	998.759000E-3	
1.721078E+3	283.940242E+0	289.570000E+0	-1.804768E+0	1.000000E+0	1.469755E+6	1.469755E+6	235.936576E+3	235.936576E+3	994.142000E-3	
1.726560E+3	283.848770E+0	289.350000E+0	-1.625080E+0	1.000000E+0	1.352147E+6	1.352147E+6	223.784835E+3	223.784835E+3	997.560000E-3	
1.732063E+3	283.757415E+0	289.130000E+0	-1.644547E+0	1.000000E+0	1.685755E+6	1.685755E+6	264.350438E+3	264.350438E+3	993.449000E-3	
1.737541E+3	283.665693E+0	289.020000E+0	-1.844550E+0	1.000000E+0	2.690147E+6	2.690147E+6	410.187517E+3	410.187517E+3	1.004232E+0	
1.743029E+3	283.574388E+0	288.780000E+0	-2.025041E+0	1.000000E+0	2.420044E+6	2.420044E+6	366.653807E+3	366.653807E+3	1.003689E+0	
1.748534E+3	283.482932E+0	288.560000E+0	-2.006178E+0	1.000000E+0	1.489702E+6	1.489702E+6	225.639803E+3	225.639803E+3	1.000037E+0	
1.754022E+3	283.391177E+0	288.450000E+0	-2.041390E+0	1.000000E+0	1.795737E+6	1.795737E+6	281.607527E+3	281.607527E+3	1.002021E+0	
1.759501E+3	283.299705E+0	288.230000E+0	-2.076325E+0	1.000000E+0	1.871460E+6	1.871460E+6	301.050530E+3	301.050530E+3	998.499000E-3	
1.764977E+3	283.208400E+0	288.010000E+0	-2.075667E+0	1.000000E+0	1.914878E+6	1.914878E+6	303.007519E+3	303.007519E+3	995.794000E-3	
1.770457E+3	283.117128E+0	287.790000E+0	-2.040510E+0	1.000000E+0	2.129965E+6	2.129965E+6	325.124251E+3	325.124251E+3	1.002830E+0	
1.775947E+3	283.025790E+0	287.680000E+0	-2.005648E+0	1.000000E+0	1.621791E+6	1.621791E+6	246.604658E+3	246.604658E+3	999.964000E-3	
1.781434E+3	282.934301E+0	287.460000E+0	-2.205344E+0	1.000000E+0	2.313332E+6	2.313332E+6	340.553565E+3	340.553565E+3	1.000863E+0	
1.786912E+3	282.842846E+0	287.240000E+0	-2.204850E+0	1.000000E+0	1.871196E+6	1.871196E+6	275.197521E+3	275.197521E+3	999.443000E-3	
1.792396E+3	282.751541E+0	286.910000E+0	-2.003311E+0	1.000000E+0	2.374093E+6	2.374093E+6	325.640233E+3	325.640233E+3	998.425000E-3	
1.797875E+3	282.660152E+0	286.690000E+0	-2.000984E+0	1.000000E+0	2.535542E+6	2.535542E+6	350.142803E+3	350.142803E+3	1.003187E+0	
1.803348E+3	282.568830E+0	286.580000E+0	-2.399084E+0	1.000000E+0	2.869184E+6	2.869184E+6	430.922035E+3	430.922035E+3	999.509000E-3	
1.808827E+3	282.477608E+0	286.360000E+0	-2.798079E+0	1.000000E+0	2.557183E+6	2.557183E+6	357.030631E+3	357.030631E+3	1.000958E+0	
1.814311E+3	282.386286E+0	286.150000E+0	-2.599506E+0	1.000000E+0	2.783156E+6	2.783156E+6	379.570298E+3	379.570298E+3	995.507000E-3	
1.819817E+3	282.294898E+0	285.820000E+0	-2.201681E+0	1.000000E+0	1.652650E+6	1.652650E+6	243.283902E+3	243.283902E+3	1.001886E+0	
1.825295E+3	282.203126E+0	285.600000E+0	-1.986494E+0	1.000000E+0	1.710490E+6	1.710490E+6	240.523396E+3	240.523396E+3	999.046000E-3	
1.830813E+3	282.111821E+0	285.380000E+0	-2.371046E+0	1.000000E+0	1.635106E+6	1.635106E+6	236.832049E+3	236.832049E+3	1.001208E+0	
1.836329E+3	282.019865E+0	285.170000E+0	-2.769235E+0	1.000000E+0	1.930435E+6	1.930435E+6	272.220301E+3	272.220301E+3	1.004560E+0	
1.841836E+3	281.927927E+0	284.950000E+0	-2.784560E+0	1.000000E+0	1.278853E+6	1.278853E+6	162.712681E+3	162.712681E+3	995.152000E-3	
1.847333E+3	281.836138E+0	284.750000E+0	-2.584131E+0	1.000000E+0	2.579883E+6	2.579883E+6	325.140879E+3	325.140879E+3	1.002620E+0	
1.852818E+3	281.744533E+0	284.530000E+0	-2.368490E+0	1.000000E+0	2.896213E+6	2.896213E+6	363.536781E+3	363.536781E+3	994.125000E-3	
1.858295E+3	281.653111E+0	284.320000E+0	-2.333664E+0	1.000000E+0	2.518260E+6	2.518260E+6	312.988957E+3	312.988957E+3	1.001084E+0	
1.863793E+3	281.561823E+0	284.100000E+0	-2.311536E+0	1.000000E+0	2.736657E+6	2.736657E+6	335.587938E+3	335.587938E+3	1.000987E+0	
1.869286E+3	281.470201E+0	283.890000E+0	-2.307761E+0	1.000000E+0	3.606234E+6	3.606234E+6	477.311967E+3	477.311967E+3	1.002569E+0	
1.874778E+3	281.378645E+0	283.560000E+0	-2.326546E+0	1.000000E+0	2.094301E+6	2.094301E+6	249.635486E+3	249.635486E+3	1.002584E+0	
1.880264E+3	281.287107E+0	283.350000E+0	-2.348246E+0	1.000000E+0	2.607344E+6	2.607344E+6	316.891786E+3	316.891786E+3	997.987000E-3	
1.885762E+3	281.195685E+0	283.130000E+0	-2.552253E+0	1.000000E+0	10.511427E+6	10.511427E+6	1.219902E+6	1.219902E+6	999.006000E-3	
1.891265E+3	281.104046E+0	282.810000E+0	-2.753920E+0	1.000000E+0	4.944330E+6	4.944330E+6	575.935211E+3	575.935211E+3	1.005825E+0	
1.896767E+3	281.012324E+0	282.490000E+0	-2.754206E+0	1.000000E+0	6.430653E+6	6.430653E+6	749.154613E+3	749.154613E+3	1.000288E+0	
1.902247E+3	280.920619E+0	282.380000E+0	-2.753757E+0	1.000000E+0	1.577703E+6	1.577703E+6	207.375677E+3	207.375677E+3	989.851000E-3	
1.907726E+3	280.829297E+0	282.060000E+0	-2.935074E+0	2.000000E+0	3.020285E+6	3.020285E+6	380.981272E+3	380.981272E+3	1.003097E+0	
1.913229E+3	280.737975E+0	281.840000E+0	-2.934502E+0	3.000000E+0	2.454787E+6	2.454787E+6	298.747573E+3	298.747573E+3	998.632000E-3	
1.918713E+3	280.646254E+0	281.630000E+0	-2.731937E+0	4.000000E+0	4.856658E+6	4.856658E+6	548.416048E+3	548.416048E+3	1.001103E+0	
1.924198E+3	280.554865E+0	281.310000E+0	-2.546145E+0	5.000000E+0	1.264324E+6	1.264324E+6	139.602307E+3	139.602307E+3	999.524000E-3	
1.929677E+3	280.463443E+0	281.110000E+0	-2.546002E+0	6.000000E+0	2.557575E+6	2.557575E+6	284.504069E+3	284.504069E+3	999.449000E-3	
1.935175E+3	280.372121E+0	280.900000E+0	-2.717825E+0	7.000000E+0	8.368611E+6	8.368611E+6	954.947351E+3	954.947351E+3	1.001388E+0	
1.940662E+3	280.280499E+0	280.580000E+0	-2.671056E+0	9.000000E+0	2.976796E+6	2.976796E+6	327.587183E+3	327.587183E+3	998.715000E-3	
1.946142E+3	280.189044E+0	280.370000E+0	-2.632925E+0	12.000000E+0	6.053153E+6	6.053153E+6	657.699488E+3	657.699488E+3	1.005126E+0	
1.951628E+3	280.097706E+0	280.160000E+0	-2.642455E+0	13.000000E+0	2.227695E+6	2.227695E+6	256.614230E+3	256.614230E+3	996.938000E-3	
1.957136E+3	280.006284E+0	279.840000E+0	-2.668877E+0	16.000000E+0	1.687549E+6	1.687549E+6	199.628221E+3	199.628221E+3	989.528000E-3	
1.962619E+3	279.914478E+0	279.620000E+0	-2.681269E+0	21.000000E+0	5.417864E+6	5.417864E+6	645.946680E+3	645.946680E+3	997.808000E-3	
1.968099E+3	279.823090E+0	279.410000E+0	-2.674405E+0	26.000000E+0	14.189226E+6	14.189226E+6	1.536056E+6	1.536056E+6	1.004881E+0	
1.973580E+3	279.731768E+0	279.110000E+0	-2.690494E+0	27.000000E+0	1.777414E+6	1.777414E+6	184.701911E+3	184.701911E+3	997.858000E-3	
1.979059E+3	279.640413E+0	278.900000E+0	-2.709373E+0	31.000000E+0	2.080199E+6	2.080199E+6	209.174873E+3	209.174873E+3	1.003384E+0	
1.984543E+3	279.549091E+0	278.690000E+0	-2.676539E+0	39.000000E+0	2.422393E+6	2.422393E+6	245.033682E+3	245.033682E+3	999.673000E-3	
1.990027E+3	279.457702E+0	278.370000E+0	-2.626973E+0	40.000000E+0	15.171269E+6	15.171269E+6	1.574021E+6	1.574021E+6	1.003276E+0	
1.995517E+3	279.366297E+0	278.270000E+0	-2.612424E+0	43.000000E+0	15.493251E+6	15.493251E+6	1.557305E+6	1.557305E+6	1.003188E+0	
2.000993E+3	279.274792E+0	278.060000E+0	-2.653699E+0	43.000000E+0	10.616278E+6	10.616278E+6	1.134313E+6	1.134313E+6	1.006317E+0	
2.006479E+3	279.183520E+0	277.850000E+0	-2.493713E+0	53.000000E+0	3.454955E+6	3.454955E+6	345.666366E+3	345.666366E+3	994.958000E-3	
2.012020E+3	279.092098E+0	277.640000E+0	-2.296105E+0	53.000000E+0	1.859840E+6	1.859840E+6	204.384943E+3	204.384943E+3	990.160000E-3	
2.017505E+3	278.999743E+0	277.550000E+0	-2.093333E+0	58.000000E+0	10.019184E+6	10.019184E+6	1.086322E+6	1.086322E+6	1.001718E+0	
2.022988E+3	278.908321E+0	277.450000E+0	-2.089637E+0	62.000000E+0	2.963997E+6	2.963997E+6	326.883709E+3	326.883709E+3	1.001920E+0	
2.028467E+3	278.816949E+0	277.340000E+0	-2.072230E+0	65.000000E+0	1.994487E+6	1.994487E+6	216.262741E+3	216.262741E+3	999.896000E-3	
2.033943E+3	278.725627E+0	277.240000E+0	-1.656938E+0	67.000000E+0	2.551023E+6	2.551023E+6	237.300551E+3	237.300551E+3	996.047000E-3	
2.039430E+3	278.634355E+0	277.030000E+0	-1.276814E+0	76.000000E+0	4.670868E+6	4.670868E+6	494.196449E+3	494.196449E+3	1.002415E+0	
2.044959E+3	278.542917E+0	276.920000E+0	-1.113123E+0	78.000000E+0	1.886273E+6	1.886273E+6	202.503350E+3	202.503350E+3	999.517000E-3	
2.050444E+3	278.450761E+0	276.820000E+0	-1.331854E+0	80.000000E+0	13.754866E+6	13.754866E+6	1.513995E+6	1.513995E+6	1.002042E+0	
2.055922E+3	278.359339E+0	276.710000E+0	-1.529728E+0	84.000000E+0	7.250477E+6	7.250477E+6	679.763797E+3	679.763797E+3	1.003756E+0	
2.061405E+3	278.268051E+0	276.610000E+0	-1.527089E+0	86.000000E+0	7.424705E+6	7.424705E+6	698.246979E+3	698.246979E+3	1.001667E+0	
2.066895E+3	278.176662E+0	276.500000E+0	-1.343759E+0	91.000000E+0	2.414785E+6	2.414785E+6	258.930094E+3	258.930094E+3	991.052000E-3	
2.072379E+3	278.085157E+0	276.400000E+0	-1.145221E+0	94.000000E+0	4.049824E+6	4.049824E+6	434.905966E+3	434.905966E+3	1.001319E+0	
2.077856E+3	277.993769E+0	276.300000E+0	-1.147058E+0	94.000000E+0	2.395684E+6	2.395684E+6	221.777196E+3	221.777196E+3	997.395000E-3	
2.083356E+3	277.902480E+0	276.300000E+0	-1.147197E+0	91.000000E+0	1.775505E+6	1.775505E+6	166.405760E+3	166.405760E+3	990.146000E-3	
2.088844E+3	277.810808E+0	276.300000E+0	-1.128544E+0	90.000000E+0	10.434720E+6	10.434720E+6	1.060131E+6	1.060131E+6	1.003194E+0	
2.094329E+3	277.719336E+0	276.300000E+0	-928.509761E-3	91.000000E+0	3.126893E+6	3.126893E+6	309.029528E+3	309.029528E+3	1.004952E+0	
2.099820E+3	277.627931E+0	276.300000E+0	-546.400782E-3	89.000000E+0	4.340490E+6	4.340490E+6	451.648567E+3	451.648567E+3	995.231000E-3	
2.105328E+3	277.536409E+0	276.300000E+0	-182.388108E-3	83.000000E+0	3.375669E+6	3.375669E+6	328.796271E+3	328.796271E+3	999.468000E-3	
2.110817E+3	277.444604E+0	276.400000E+0	0.000000E+0	90.000000E+0	7.033101E+6	7.033101E+6	731.054041E+3	731.054041E+3	998.208000E-3	
2.116297E+3	277.353132E+0	276.400000E+0	0.000000E+0	82.000000E+0	8.224328E+6	8.224328E+6	796.072868E+3	796.072868E+3	999.996000E-3	
2.121785E+3	277.261793E+0	276.500000E+0	182.438024E-3	83.000000E+0	4.865202E+6	4.865202E+6	496.304570E+3	496.304570E+3	1.001891E+0	
2.127272E+3	277.170321E+0	276.500000E+0	364.610147E-3	74.000000E+0	3.726822E+6	3.726822E+6	369.030128E+3	369.030128E+3	1.004453E+0	
2.132742E+3	277.078883E+0	276.610000E+0	546.682764E-3	75.000000E+0	1.833890E+6	1.833890E+6	190.009424E+3	190.009424E+3	992.428000E-3	
2.138223E+3	276.987711E+0	276.710000E+0	546.566338E-3	71.000000E+0	11.916136E+6	11.916136E+6	1.253995E+6	1.253995E+6	1.002147E+0	
2.143705E+3	276.896356E+0	276.710000E+0	564.601177E-3	66.000000E+0	7.979913E+6	7.979913E+6	825.694444E+3	825.694444E+3	1.005469E+0	
2.149192E+3	276.805001E+0	276.820000E+0	764.915864E-3	69.000000E+0	2.084704E+6	2.084704E+6	220.704155E+3	220.704155E+3	996.530000E-3	
2.154670E+3	276.713545E+0	276.820000E+0	764.965744E-3	65.000000E+0	2.812174E+6	2.812174E+6	259.951552E+3	259.951552E+3	998.378000E-3	
2.160154E+3	276.622240E+0	276.820000E+0	765.349118E-3	61.000000E+0	4.105625E+6	4.105625E+6	372.379165E+3	372.379165E+3	995.532000E-3	
2.165639E+3	276.530852E+0	276.920000E+0	582.932195E-3	60.000000E+0	5.790067E+6	5.790067E+6	527.206771E+3	527.206771E+3	1.005561E+0	
2.171118E+3	276.439430E+0	276.920000E+0	400.560716E-3	60.000000E+0	5.130602E+6	5.130602E+6	476.794688E+3	476.794688E+3	1.000570E+0	
2.176592E+3	276.348108E+0	276.820000E+0	381.927036E-3	64.000000E+0	2.636217E+6	2.636217E+6	272.196814E+3	272.196814E+3	1.002975E+0	
2.182088E+3	276.256869E+0	276.820000E+0	364.328135E-3	61.000000E+0	2.900566E+6	2.900566E+6	274.297451E+3	274.297451E+3	999.129000E-3	
2.187589E+3	276.165281E+0	276.820000E+0	181.989915E-3	60.000000E+0	2.231162E+6	2.231162E+6	203.359017E+3	203.359017E+3	999.003000E-3	
2.193067E+3	276.073592E+0	276.710000E+0	-182.438053E-3	60.000000E+0	4.158075E+6	4.158075E+6	374.737759E+3	374.737759E+3	1.002886E+0	
2.198589E+3	275.982287E+0	276.710000E+0	-364.809531E-3	61.000000E+0	8.215804E+6	8.215804E+6	842.847148E+3	842.847148E+3	998.138000E-3	
2.204089E+3	275.890265E+0	276.610000E+0	-382.514436E-3	61.000000E+0	4.513181E+6	4.513181E+6	413.317598E+3	413.317598E+3	994.299000E-3	
2.209593E+3	275.798593E+0	276.500000E+0	-400.013504E-3	65.000000E+0	2.641968E+6	2.641968E+6	262.065174E+3	262.065174E+3	997.211000E-3	
2.215077E+3	275.706854E+0	276.400000E+0	-581.623165E-3	61.000000E+0	3.820409E+6	3.820409E+6	369.055505E+3	369.055505E+3	1.003545E+0	
2.220567E+3	275.615466E+0	276.400000E+0	-763.064260E-3	65.000000E+0	1.731708E+6	1.731708E+6	151.375109E+3	151.375109E+3	994.866000E-3	
2.226101E+3	275.523961E+0	276.300000E+0	-946.178773E-3	68.000000E+0	77.615569E+6	77.615569E+6	7.482533E+6	7.482533E+6	1.002017E+0	
2.231603E+3	275.431722E+0	276.210000E+0	-947.057080E-3	66.000000E+0	6.928637E+6	6.928637E+6	710.463910E+3	710.463910E+3	1.002158E+0	
2.237074E+3	275.340033E+0	276.100000E+0	-747.562637E-3	66.000000E+0	1.898983E+6	1.898983E+6	170.208285E+3	170.208285E+3	991.953000E-3	
2.242559E+3	275.248845E+0	276.000000E+0	-710.132487E-3	69.000000E+0	20.809221E+6	20.809221E+6	1.883910E+6	1.883910E+6	1.004253E+0	
2.248045E+3	275.157423E+0	275.790000E+0	-892.221235E-3	74.000000E+0	3.815863E+6	3.815863E+6	324.364795E+3	324.364795E+3	1.000214E+0	
2.253541E+3	275.066001E+0	275.690000E+0	-1.091750E+0	71.000000E+0	5.167897E+6	5.167897E+6	513.048410E+3	513.048410E+3	1.002417E+0	
2.259060E+3	274.974396E+0	275.580000E+0	-1.309700E+0	75.000000E+0	9.767807E+6	9.767807E+6	875.128753E+3	875.128753E+3	1.005205E+0	
2.264546E+3	274.882407E+0	275.480000E+0	-1.510629E+0	78.000000E+0	2.109271E+6	2.109271E+6	207.037412E+3	207.037412E+3	1.000174E+0	
2.270061E+3	274.790985E+0	275.370000E+0	-1.512195E+0	79.000000E+0	3.972498E+6	3.972498E+6	347.870491E+3	347.870491E+3	1.005479E+0	
2.275546E+3	274.699063E+0	275.270000E+0	-1.331956E+0	78.000000E+0	-1.355692E+9	-1.355692E+9	-125.982432E+6	-125.982432E+6	1.003212E+0	
2.281025E+3	274.607642E+0	275.170000E+0	-1.149709E+0	73.000000E+0	8.456247E+6	8.456247E+6	774.898837E+3	774.898837E+3	1.003080E+0	
2.286507E+3	274.516320E+0	274.980000E+0	-1.148977E+0	78.000000E+0	3.579600E+6	3.579600E+6	307.087138E+3	307.087138E+3	995.773000E-3	
2.291992E+3	274.424964E+0	274.870000E+0	-1.129658E+0	79.000000E+0	16.937763E+6	16.937763E+6	1.616827E+6	1.616827E+6	1.005595E+0	
2.297549E+3	274.333542E+0	274.870000E+0	-1.275227E+0	75.000000E+0	151.501360E+6	151.501360E+6	14.484139E+6	14.484139E+6	1.002939E+0	
2.303031E+3	274.240921E+0	274.770000E+0	-1.440439E+0	74.000000E+0	5.855341E+6	5.855341E+6	528.280675E+3	528.280675E+3	1.002610E+0	
2.308508E+3	274.149565E+0	274.660000E+0	-1.277130E+0	81.000000E+0	4.294988E+6	4.294988E+6	373.592907E+3	373.592907E+3	1.002708E+0	
2.313998E+3	274.058277E+0	274.560000E+0	-930.174507E-3	78.000000E+0	17.220652E+6	17.220652E+6	1.637278E+6	1.637278E+6	998.970000E-3	
2.319496E+3	273.966772E+0	274.460000E+0	-764.302921E-3	82.000000E+0	3.021426E+6	3.021426E+6	297.669357E+3	297.669357E+3	999.518000E-3	
2.324980E+3	273.875150E+0	274.460000E+0	-946.476417E-3	84.000000E+0	45.007699E+6	45.007699E+6	4.499054E+6	4.499054E+6	999.621000E-3	
2.330460E+3	273.783744E+0	274.350000E+0	-1.128350E+0	86.000000E+0	2.774585E+6	2.774585E+6	241.666435E+3	241.666435E+3	998.490000E-3	
2.335944E+3	273.692406E+0	274.250000E+0	-928.498949E-3	76.000000E+0	5.288596E+6	5.288596E+6	524.861776E+3	524.861776E+3	994.785000E-3	
2.341423E+3	273.601017E+0	274.250000E+0	-746.215607E-3	80.000000E+0	2.859188E+6	2.859188E+6	280.628115E+3	280.628115E+3	998.257000E-3	
2.346903E+3	273.509695E+0	274.150000E+0	-765.447868E-3	78.000000E+0	2.210485E+6	2.210485E+6	216.903403E+3	216.903403E+3	999.095000E-3	
2.352401E+3	273.418357E+0	274.150000E+0	-765.945243E-3	74.000000E+0	3.721983E+6	3.721983E+6	305.958443E+3	305.958443E+3	1.001325E+0	
2.357880E+3	273.326735E+0	274.040000E+0	-747.673167E-3	76.000000E+0	4.459484E+6	4.459484E+6	360.737866E+3	360.737866E+3	999.638000E-3	
2.363423E+3	273.235413E+0	273.960000E+0	-547.131087E-3	76.000000E+0	10.414092E+6	10.414092E+6	852.031038E+3	852.031038E+3	999.857000E-3	
2.368907E+3	273.143024E+0	273.960000E+0	-565.456392E-3	77.000000E+0	2.642665E+6	2.642665E+6	223.800943E+3	223.800943E+3	997.289000E-3	
2.374406E+3	273.051619E+0	273.850000E+0	-729.670557E-3	78.000000E+0	4.044155E+6	4.044155E+6	341.252116E+3	341.252116E+3	1.003193E+0	
2.379893E+3	272.959981E+0	273.850000E+0	-693.116407E-3	74.000000E+0	2.464359E+6	2.464359E+6	241.742009E+3	241.742009E+3	997.622000E-3	
2.385381E+3	272.868525E+0	273.750000E+0	-693.134710E-3	78.000000E+0	5.527641E+6	5.527641E+6	496.857206E+3	496.857206E+3	999.895000E-3	
2.390871E+3	272.777053E+0	273.750000E+0	-546.736234E-3	71.000000E+0	4.979840E+6	4.979840E+6	421.262160E+3	421.262160E+3	998.209000E-3	
2.396378E+3	272.685565E+0	273.650000E+0	-582.792456E-3	72.000000E+0	6.058223E+6	6.058223E+6	526.354487E+3	526.354487E+3	1.005241E+0	
2.401855E+3	272.593776E+0	273.540000E+0	-564.299354E-3	71.000000E+0	24.121544E+6	24.121544E+6	2.105573E+6	2.105573E+6	999.838000E-3	
2.407334E+3	272.502488E+0	273.440000E+0	-546.383959E-3	77.000000E+0	6.315128E+6	6.315128E+6	532.797154E+3	532.797154E+3	1.003095E+0	
2.412824E+3	272.411183E+0	273.340000E+0	-747.354123E-3	75.000000E+0	5.924069E+6	5.924069E+6	520.004145E+3	520.004145E+3	1.000516E+0	
2.418305E+3	272.319677E+0	273.340000E+0	-947.622355E-3	74.000000E+0	3.237471E+6	3.237471E+6	284.121084E+3	284.121084E+3	997.303000E-3	
2.423785E+3	272.228322E+0	273.230000E+0	-1.130010E+0	69.000000E+0	3.018385E+6	3.018385E+6	269.331220E+3	269.331220E+3	999.689000E-3	
2.429267E+3	272.137000E+0	273.130000E+0	-929.172770E-3	70.000000E+0	3.598697E+6	3.598697E+6	290.633460E+3	290.633460E+3	997.019000E-3	
2.434777E+3	272.045628E+0	273.130000E+0	-747.050410E-3	78.000000E+0	2.768445E+6	2.768445E+6	258.715495E+3	258.715495E+3	997.886000E-3	
2.440264E+3	271.953790E+0	273.030000E+0	-765.422240E-3	75.000000E+0	3.984249E+6	3.984249E+6	318.156993E+3	318.156993E+3	999.409000E-3	
2.445784E+3	271.862351E+0	272.940000E+0	-765.289729E-3	74.000000E+0	2.351556E+6	2.351556E+6	187.882554E+3	187.882554E+3	1.002727E+0	
2.451272E+3	271.770346E+0	272.840000E+0	-746.878682E-3	74.000000E+0	4.833952E+6	4.833952E+6	399.958895E+3	399.958895E+3	999.613000E-3	
2.456748E+3	271.678874E+0	272.740000E+0	-710.369448E-3	74.000000E+0	7.865207E+6	7.865207E+6	633.560891E+3	633.560891E+3	1.002342E+0	
2.462222E+3	271.587619E+0	272.630000E+0	-875.314741E-3	74.000000E+0	3.915652E+6	3.915652E+6	373.788529E+3	373.788529E+3	994.693000E-3	
2.467684E+3	271.496380E+0	272.530000E+0	-1.058467E+0	73.000000E+0	-38.910934E+6	-38.910934E+6	-3.446829E+6	-3.446829E+6	1.000011E+0	
2.473159E+3	271.405342E+0	272.530000E+0	-1.094837E+0	71.000000E+0	-25.167968E+6	-25.167968E+6	-1.997331E+6	-1.997331E+6	999.420000E-3	
2.478651E+3	271.314086E+0	272.430000E+0	-1.130582E+0	72.000000E+0	2.491055E+6	2.491055E+6	235.553309E+3	235.553309E+3	998.116000E-3	
2.484145E+3	271.222565E+0	272.330000E+0	-947.894640E-3	68.000000E+0	9.155038E+6	9.155038E+6	736.304827E+3	736.304827E+3	997.716000E-3	
2.489666E+3	271.130993E+0	272.220000E+0	-747.473950E-3	74.000000E+0	4.185498E+6	4.185498E+6	369.946430E+3	369.946430E+3	1.000083E+0	
2.495182E+3	271.038971E+0	272.120000E+0	-729.718824E-3	76.000000E+0	4.661057E+6	4.661057E+6	439.618595E+3	439.618595E+3	999.657000E-3	
2.500671E+3	270.947049E+0	272.040000E+0	-930.800372E-3	70.000000E+0	4.301428E+6	4.301428E+6	408.906909E+3	408.906909E+3	999.910000E-3	
2.506159E+3	270.855560E+0	271.930000E+0	-1.131815E+0	72.000000E+0	4.225789E+6	4.225789E+6	350.836820E+3	350.836820E+3	999.864000E-3	
2.511663E+3	270.764088E+0	271.930000E+0	-1.095328E+0	70.000000E+0	4.093950E+6	4.093950E+6	347.709877E+3	347.709877E+3	1.000193E+0	
2.517150E+3	270.672366E+0	271.830000E+0	-1.057639E+0	71.000000E+0	4.737807E+6	4.737807E+6	373.721503E+3	373.721503E+3	999.630000E-3	
2.522632E+3	270.580911E+0	271.730000E+0	-874.448897E-3	76.000000E+0	4.310390E+6	4.310390E+6	339.450549E+3	339.450549E+3	1.000226E+0	
2.528124E+3	270.489539E+0	271.630000E+0	-727.950915E-3	76.000000E+0	3.955851E+6	3.955851E+6	363.008661E+3	363.008661E+3	1.000316E+0	
2.533606E+3	270.398017E+0	271.520000E+0	-744.698313E-3	71.000000E+0	4.556040E+6	4.556040E+6	360.176749E+3	360.176749E+3	1.000142E+0	
2.539124E+3	270.306646E+0	271.420000E+0	-907.275295E-3	77.000000E+0	4.344467E+6	4.344467E+6	355.485076E+3	355.485076E+3	999.966000E-3	
2.544632E+3	270.214674E+0	271.230000E+0	-1.107077E+0	77.000000E+0	4.864544E+6	4.864544E+6	421.837291E+3	421.837291E+3	999.761000E-3	
2.550114E+3	270.122885E+0	271.130000E+0	-1.127006E+0	72.000000E+0	4.545575E+6	4.545575E+6	429.422867E+3	429.422867E+3	999.481000E-3	
2.555622E+3	270.031513E+0	271.130000E+0	-1.293219E+0	76.000000E+0	4.602176E+6	4.602176E+6	369.228115E+3	369.228115E+3	1.000467E+0	
2.561103E+3	269.939708E+0	270.930000E+0	-1.440019E+0	73.000000E+0	4.452507E+6	4.452507E+6	359.605374E+3	359.605374E+3	1.000790E+0	
2.566587E+3	269.848353E+0	270.830000E+0	-1.239535E+0	77.000000E+0	4.776566E+6	4.776566E+6	418.172696E+3	418.172696E+3	999.592000E-3	
2.572072E+3	269.756964E+0	270.720000E+0	-1.074577E+0	78.000000E+0	4.878327E+6	4.878327E+6	409.687180E+3	409.687180E+3	999.618000E-3	
2.577549E+3	269.665542E+0	270.620000E+0	-1.092651E+0	81.000000E+0	4.557277E+6	4.557277E+6	362.416245E+3	362.416245E+3	999.821000E-3	
2.583029E+3	269.574254E+0	270.620000E+0	-1.293066E+0	75.000000E+0	4.250251E+6	4.250251E+6	352.612004E+3	352.612004E+3	999.914000E-3	
2.588489E+3	269.482932E+0	270.520000E+0	-1.310715E+0	79.000000E+0	4.563393E+6	4.563393E+6	362.288948E+3	362.288948E+3	1.000022E+0	
2.593966E+3	269.391927E+0	270.440000E+0	-945.874134E-3	78.000000E+0	4.334818E+6	4.334818E+6	406.115857E+3	406.115857E+3	999.739000E-3	
2.599442E+3	269.300638E+0	270.230000E+0	-745.609174E-3	79.000000E+0	4.782954E+6	4.782954E+6	417.519855E+3	417.519855E+3	999.733000E-3	
2.604923E+3	269.209383E+0	270.130000E+0	-692.355854E-3	73.000000E+0	4.436565E+6	4.436565E+6	343.251398E+3	343.251398E+3	999.913000E-3	
2.610344E+3	269.118028E+0	270.130000E+0	-1.038737E+0	78.000000E+0	4.627431E+6	4.627431E+6	367.083275E+3	367.083275E+3	999.664000E-3	
2.615807E+3	269.027672E+0	270.030000E+0	-1.420937E+0	71.000000E+0	4.387051E+6	4.387051E+6	364.929596E+3	364.929596E+3	1.000116E+0	
2.621272E+3	268.936634E+0	269.930000E+0	-1.274767E+0	70.000000E+0	4.626992E+6	4.626992E+6	369.285053E+3	369.285053E+3	999.893000E-3	
2.626755E+3	268.845545E+0	269.930000E+0	-929.065308E-3	72.000000E+0	4.751691E+6	4.751691E+6	362.557013E+3	362.557013E+3	1.000136E+0	
2.632234E+3	268.754157E+0	269.830000E+0	-729.153603E-3	74.000000E+0	4.584163E+6	4.584163E+6	356.754092E+3	356.754092E+3	999.760000E-3	
2.637737E+3	268.662851E+0	269.830000E+0	-728.888001E-3	70.000000E+0	4.364749E+6	4.364749E+6	343.873854E+3	343.873854E+3	999.964000E-3	
2.643207E+3	268.571130E+0	269.720000E+0	-728.838111E-3	74.000000E+0	4.888346E+6	4.888346E+6	404.187036E+3	404.187036E+3	999.960000E-3	
2.648699E+3	268.479958E+0	269.640000E+0	-546.815576E-3	70.000000E+0	4.412555E+6	4.412555E+6	416.223017E+3	416.223017E+3	999.576000E-3	
2.654182E+3	268.388419E+0	269.640000E+0	-564.858864E-3	75.000000E+0	4.558578E+6	4.558578E+6	410.618702E+3	410.618702E+3	999.833000E-3	
2.659660E+3	268.297047E+0	269.540000E+0	-728.221660E-3	74.000000E+0	5.051232E+6	5.051232E+6	399.181736E+3	399.181736E+3	1.000043E+0	
2.665150E+3	268.205742E+0	269.440000E+0	-691.783971E-3	70.000000E+0	4.526973E+6	4.526973E+6	401.230992E+3	401.230992E+3	1.000280E+0	
2.670636E+3	268.114237E+0	269.340000E+0	-674.139379E-3	60.000000E+0	4.490053E+6	4.490053E+6	417.201042E+3	417.201042E+3	999.890000E-3	
2.676102E+3	268.022815E+0	269.340000E+0	-693.364355E-3	63.000000E+0	4.381595E+6	4.381595E+6	413.207713E+3	413.207713E+3	999.880000E-3	
2.681602E+3	267.931710E+0	269.340000E+0	-912.289984E-3	60.000000E+0	4.620910E+6	4.620910E+6	385.651571E+3	385.651571E+3	999.965000E-3	
2.687076E+3	267.840038E+0	269.340000E+0	-912.173523E-3	58.000000E+0	4.759733E+6	4.759733E+6	362.791528E+3	362.791528E+3	1.000020E+0	
2.692570E+3	267.748816E+0	269.230000E+0	-547.230900E-3	57.000000E+0	4.322013E+6	4.322013E+6	401.644907E+3	401.644907E+3	999.768000E-3	
2.698051E+3	267.657244E+0	269.130000E+0	-182.354851E-3	61.000000E+0	4.225632E+6	4.225632E+6	379.499366E+3	379.499366E+3	1.000207E+0	
2.703537E+3	267.565889E+0	269.030000E+0	-200.700133E-3	63.000000E+0	4.665747E+6	4.665747E+6	363.128909E+3	363.128909E+3	999.683000E-3	
2.709018E+3	267.474467E+0	268.850000E+0	-581.596186E-3	60.000000E+0	4.538919E+6	4.538919E+6	349.623207E+3	349.623207E+3	999.833000E-3	
2.714512E+3	267.383112E+0	268.750000E+0	-944.354317E-3	60.000000E+0	4.281562E+6	4.281562E+6	385.236465E+3	385.236465E+3	1.000387E+0	
2.720044E+3	267.291540E+0	268.640000E+0	-1.254248E+0	68.000000E+0	5.051748E+6	5.051748E+6	382.948459E+3	382.948459E+3	999.741000E-3	
2.725545E+3	267.199351E+0	268.440000E+0	-1.384225E+0	70.000000E+0	4.823998E+6	4.823998E+6	374.832344E+3	374.832344E+3	999.870000E-3	
2.731020E+3	267.107663E+0	268.260000E+0	-1.404831E+0	66.000000E+0	4.617702E+6	4.617702E+6	371.912369E+3	371.912369E+3	1.000148E+0	
2.736500E+3	267.016407E+0	268.060000E+0	-1.459796E+0	76.000000E+0	4.696518E+6	4.696518E+6	367.242270E+3	367.242270E+3	999.513000E-3	
2.741990E+3	266.925085E+0	267.960000E+0	-1.638851E+0	73.000000E+0	4.759352E+6	4.759352E+6	426.921978E+3	426.921978E+3	999.797000E-3	
2.747466E+3	266.833580E+0	267.750000E+0	-1.945478E+0	75.000000E+0	4.573248E+6	4.573248E+6	403.182296E+3	403.182296E+3	1.000215E+0	
2.752941E+3	266.742308E+0	267.650000E+0	-1.927234E+0	71.000000E+0	4.823946E+6	4.823946E+6	366.079529E+3	366.079529E+3	999.618000E-3	
2.758414E+3	266.651053E+0	267.470000E+0	-1.802967E+0	74.000000E+0	4.199777E+6	4.199777E+6	387.848053E+3	387.848053E+3	1.000009E+0	
2.763926E+3	266.559848E+0	267.370000E+0	-1.677966E+0	78.000000E+0	4.826946E+6	4.826946E+6	375.112173E+3	375.112173E+3	1.000481E+0	
2.769412E+3	266.467976E+0	267.270000E+0	-1.640966E+0	76.000000E+0	5.329761E+6	5.329761E+6	408.949136E+3	408.949136E+3	999.650000E-3	
2.774898E+3	266.376537E+0	267.170000E+0	-1.586225E+0	77.000000E+0	4.988730E+6	4.988730E+6	444.140255E+3	444.140255E+3	999.492000E-3	
2.780394E+3	266.285115E+0	267.070000E+0	-1.385612E+0	73.000000E+0	4.813331E+6	4.813331E+6	371.505946E+3	371.505946E+3	999.777000E-3	
2.785901E+3	266.193510E+0	266.970000E+0	-1.239310E+0	76.000000E+0	4.704319E+6	4.704319E+6	352.486240E+3	352.486240E+3	999.997000E-3	
2.791386E+3	266.101722E+0	266.880000E+0	-1.092934E+0	78.000000E+0	4.345742E+6	4.345742E+6	360.724216E+3	360.724216E+3	1.000303E+0	
2.796862E+3	266.010316E+0	266.780000E+0	-1.093000E+0	77.000000E+0	4.629696E+6	4.629696E+6	403.576554E+3	403.576554E+3	999.968000E-3	
2.802381E+3	265.919045E+0	266.680000E+0	-1.074454E+0	83.000000E+0	5.132392E+6	5.132392E+6	412.207392E+3	412.207392E+3	999.790000E-3	
2.807859E+3	265.827056E+0	266.580000E+0	-1.055470E+0	77.000000E+0	4.312842E+6	4.312842E+6	376.091736E+3	376.091736E+3	1.000450E+0	
2.813389E+3	265.735767E+0	266.480000E+0	-1.055703E+0	80.000000E+0	4.974904E+6	4.974904E+6	370.628762E+3	370.628762E+3	1.000105E+0	
2.818907E+3	265.643595E+0	266.380000E+0	-1.074913E+0	79.000000E+0	5.051428E+6	5.051428E+6	388.039027E+3	388.039027E+3	999.223000E-3	
2.824385E+3	265.551624E+0	266.300000E+0	-1.093830E+0	80.000000E+0	4.415339E+6	4.415339E+6	394.919444E+3	394.919444E+3	1.000295E+0	
2.829864E+3	265.460335E+0	266.200000E+0	-1.094229E+0	77.000000E+0	5.376872E+6	5.376872E+6	425.656196E+3	425.656196E+3	999.668000E-3	
2.835339E+3	265.369013E+0	266.200000E+0	-1.058271E+0	80.000000E+0	4.862475E+6	4.862475E+6	365.844882E+3	365.844882E+3	999.968000E-3	
2.840829E+3	265.277758E+0	266.100000E+0	-1.022183E+0	80.000000E+0	5.160877E+6	5.160877E+6	433.239531E+3	433.239531E+3	999.507000E-3	
2.846308E+3	265.186253E+0	266.000000E+0	-839.444951E-3	72.000000E+0	4.927727E+6	4.927727E+6	400.253770E+3	400.253770E+3	1.000033E+0	
2.851787E+3	265.094947E+0	266.000000E+0	-693.114757E-3	78.000000E+0	5.494841E+6	5.494841E+6	404.237708E+3	404.237708E+3	999.072000E-3	
2.857275E+3	265.003626E+0	265.900000E+0	-729.635661E-3	73.000000E+0	4.843887E+6	4.843887E+6	419.482658E+3	419.482658E+3	999.972000E-3	
2.862755E+3	264.912154E+0	265.800000E+0	-729.635669E-3	74.000000E+0	4.643278E+6	4.643278E+6	411.330084E+3	411.330084E+3	1.000162E+0	
2.868229E+3	264.820832E+0	265.800000E+0	-729.652302E-3	73.000000E+0	5.197697E+6	5.197697E+6	423.181700E+3	423.181700E+3	999.777000E-3	
2.873704E+3	264.729593E+0	265.720000E+0	-729.918826E-3	74.000000E+0	5.381853E+6	5.381853E+6	442.237295E+3	442.237295E+3	999.733000E-3	
2.879193E+3	264.638338E+0	265.620000E+0	-729.902198E-3	72.000000E+0	4.155654E+6	4.155654E+6	362.811565E+3	362.811565E+3	1.000349E+0	
2.884680E+3	264.546866E+0	265.520000E+0	-692.996587E-3	70.000000E+0	4.618409E+6	4.618409E+6	365.704255E+3	365.704255E+3	999.747000E-3	
2.890154E+3	264.455411E+0	265.420000E+0	-655.700688E-3	71.000000E+0	4.492604E+6	4.492604E+6	381.728523E+3	381.728523E+3	999.874000E-3	
2.895658E+3	264.364172E+0	265.320000E+0	-837.027717E-3	76.000000E+0	4.321179E+6	4.321179E+6	391.715631E+3	391.715631E+3	1.000180E+0	
2.901173E+3	264.272450E+0	265.220000E+0	-1.054451E+0	68.000000E+0	4.906034E+6	4.906034E+6	402.626932E+3	402.626932E+3	1.000095E+0	
2.906653E+3	264.180528E+0	265.220000E+0	-1.090055E+0	76.000000E+0	5.408826E+6	5.408826E+6	404.266941E+3	404.266941E+3	1.000146E+0	
2.912131E+3	264.089190E+0	265.140000E+0	-1.090452E+0	70.000000E+0	4.623630E+6	4.623630E+6	375.435919E+3	375.435919E+3	999.675000E-3	
2.917607E+3	263.997901E+0	265.040000E+0	-909.784321E-3	70.000000E+0	4.919892E+6	4.919892E+6	441.370571E+3	441.370571E+3	999.722000E-3	
2.923085E+3	263.906629E+0	264.940000E+0	-691.430518E-3	68.000000E+0	5.344543E+6	5.344543E+6	409.657937E+3	409.657937E+3	999.964000E-3	
2.928563E+3	263.815324E+0	264.840000E+0	-653.600766E-3	68.000000E+0	5.005698E+6	5.005698E+6	373.516599E+3	373.516599E+3	999.688000E-3	
2.934041E+3	263.724036E+0	264.740000E+0	-835.889121E-3	73.000000E+0	4.290575E+6	4.290575E+6	375.734317E+3	375.734317E+3	1.000605E+0	
2.939544E+3	263.632730E+0	264.740000E+0	-1.055835E+0	72.000000E+0	4.612031E+6	4.612031E+6	402.804687E+3	402.804687E+3	999.796000E-3	
2.945042E+3	263.541009E+0	264.640000E+0	-1.094229E+0	68.000000E+0	5.114858E+6	5.114858E+6	385.632478E+3	385.632478E+3	1.000364E+0	
2.950555E+3	263.449370E+0	264.560000E+0	-911.808191E-3	72.000000E+0	4.422854E+6	4.422854E+6	394.883474E+3	394.883474E+3	1.000140E+0	
2.956057E+3	263.357498E+0	264.460000E+0	-728.292511E-3	72.000000E+0	4.635663E+6	4.635663E+6	402.894688E+3	402.894688E+3	1.000098E+0	
2.961537E+3	263.265793E+0	264.360000E+0	-690.817608E-3	70.000000E+0	5.310487E+6	5.310487E+6	420.905275E+3	420.905275E+3	999.593000E-3	
2.967015E+3	263.174454E+0	264.260000E+0	-835.949272E-3	67.000000E+0	4.961298E+6	4.961298E+6	372.934233E+3	372.934233E+3	1.000297E+0	
2.972500E+3	263.083166E+0	264.160000E+0	-1.018005E+0	64.000000E+0	5.101102E+6	5.101102E+6	370.950875E+3	370.950875E+3	999.969000E-3	
2.977979E+3	262.991744E+0	264.080000E+0	-1.055679E+0	66.000000E+0	4.944321E+6	4.944321E+6	380.877627E+3	380.877627E+3	999.989000E-3	
2.983463E+3	262.900422E+0	263.980000E+0	-1.093368E+0	66.000000E+0	4.463522E+6	4.463522E+6	374.469795E+3	374.469795E+3	999.695000E-3	
2.988942E+3	262.809033E+0	263.880000E+0	-1.058021E+0	64.000000E+0	4.685893E+6	4.685893E+6	411.235007E+3	411.235007E+3	1.000157E+0	
2.994427E+3	262.717711E+0	263.780000E+0	-1.019221E+0	61.000000E+0	5.107836E+6	5.107836E+6	401.782704E+3	401.782704E+3	999.961000E-3	
2.999906E+3	262.626290E+0	263.680000E+0	-1.016642E+0	66.000000E+0	5.257700E+6	5.257700E+6	380.146208E+3	380.146208E+3	999.699000E-3	
3.005413E+3	262.534984E+0	263.680000E+0	-1.053382E+0	67.000000E+0	5.456840E+6	5.456840E+6	405.388895E+3	405.388895E+3	1.000457E+0	
3.010916E+3	262.443196E+0	263.580000E+0	-1.092083E+0	65.000000E+0	5.414836E+6	5.414836E+6	400.500677E+3	400.500677E+3	1.000391E+0	
3.016398E+3	262.351474E+0	263.500000E+0	-911.741825E-3	70.000000E+0	4.932687E+6	4.932687E+6	367.251419E+3	367.251419E+3	999.609000E-3	
3.021882E+3	262.260119E+0	263.400000E+0	-728.854947E-3	69.000000E+0	4.786027E+6	4.786027E+6	343.494593E+3	343.494593E+3	1.000184E+0	
3.027390E+3	262.168713E+0	263.310000E+0	-692.473809E-3	65.000000E+0	5.325935E+6	5.325935E+6	396.199531E+3	396.199531E+3	999.891000E-3	
3.032917E+3	262.076908E+0	263.210000E+0	-838.809402E-3	69.000000E+0	5.659868E+6	5.659868E+6	443.653759E+3	443.653759E+3	999.759000E-3	
3.038395E+3	261.984786E+0	263.030000E+0	-1.003319E+0	68.000000E+0	4.329996E+6	4.329996E+6	341.018042E+3	341.018042E+3	1.000792E+0	
3.043874E+3	261.893498E+0	262.930000E+0	-1.021718E+0	71.000000E+0	4.957294E+6	4.957294E+6	419.143608E+3	419.143608E+3	999.688000E-3	
3.049352E+3	261.802176E+0	262.830000E+0	-1.203488E+0	73.000000E+0	5.386108E+6	5.386108E+6	419.400452E+3	419.400452E+3	999.877000E-3	
3.054830E+3	261.710871E+0	262.730000E+0	-1.367030E+0	67.000000E+0	4.828760E+6	4.828760E+6	348.184715E+3	348.184715E+3	1.000181E+0	
3.060313E+3	261.619582E+0	262.630000E+0	-1.383193E+0	73.000000E+0	5.168958E+6	5.168958E+6	376.139126E+3	376.139126E+3	999.418000E-3	
3.065826E+3	261.528193E+0	262.530000E+0	-1.235790E+0	72.000000E+0	5.141527E+6	5.141527E+6	449.359733E+3	449.359733E+3	999.770000E-3	
3.071308E+3	261.436305E+0	262.450000E+0	-1.089827E+0	70.000000E+0	5.101245E+6	5.101245E+6	436.016841E+3	436.016841E+3	999.589000E-3	
3.076831E+3	261.344950E+0	262.350000E+0	-1.091049E+0	68.000000E+0	5.542067E+6	5.542067E+6	424.392948E+3	424.392948E+3	999.678000E-3	
3.082325E+3	261.252894E+0	262.260000E+0	-1.056323E+0	73.000000E+0	4.723294E+6	4.723294E+6	367.779719E+3	367.779719E+3	1.000063E+0	
3.087818E+3	261.161322E+0	262.160000E+0	-1.020051E+0	72.000000E+0	4.925814E+6	4.925814E+6	423.427572E+3	423.427572E+3	1.000088E+0	
3.093305E+3	261.069784E+0	262.060000E+0	-1.001500E+0	70.000000E+0	4.873221E+6	4.873221E+6	428.454076E+3	428.454076E+3	999.595000E-3	
3.098789E+3	260.978329E+0	261.980000E+0	-1.019438E+0	75.000000E+0	4.666856E+6	4.666856E+6	407.212839E+3	407.212839E+3	1.000294E+0	
3.104285E+3	260.886923E+0	261.880000E+0	-1.056608E+0	67.000000E+0	5.326546E+6	5.326546E+6	398.889481E+3	398.889481E+3	1.000059E+0	
3.109768E+3	260.795335E+0	261.780000E+0	-1.039256E+0	71.000000E+0	5.706516E+6	5.706516E+6	430.853129E+3	430.853129E+3	999.325000E-3	
3.115252E+3	260.703946E+0	261.680000E+0	-1.021437E+0	70.000000E+0	5.096570E+6	5.096570E+6	366.523113E+3	366.523113E+3	999.998000E-3	
3.120764E+3	260.612541E+0	261.590000E+0	-1.021270E+0	70.000000E+0	5.043983E+6	5.043983E+6	394.641416E+3	394.641416E+3	1.000121E+0	
3.126295E+3	260.520669E+0	261.500000E+0	-1.057971E+0	67.000000E+0	4.569155E+6	4.569155E+6	367.051218E+3	367.051218E+3	1.000051E+0	
3.131770E+3	260.428497E+0	261.410000E+0	-1.075538E+0	70.000000E+0	5.366788E+6	5.366788E+6	449.425442E+3	449.425442E+3	999.457000E-3	
3.137248E+3	260.337242E+0	261.310000E+0	-1.037969E+0	69.000000E+0	5.830958E+6	5.830958E+6	414.201563E+3	414.201563E+3	999.776000E-3	
3.142726E+3	260.245937E+0	261.310000E+0	-1.000135E+0	65.000000E+0	5.164741E+6	5.164741E+6	373.792925E+3	373.792925E+3	1.000152E+0	
3.148212E+3	260.154648E+0	261.210000E+0	-999.632405E-3	68.000000E+0	5.030099E+6	5.030099E+6	351.538384E+3	351.538384E+3	1.000537E+0	
3.153708E+3	260.063210E+0	261.110000E+0	-854.680730E-3	70.000000E+0	4.787142E+6	4.787142E+6	368.785006E+3	368.785006E+3	999.986000E-3	
3.159225E+3	259.971604E+0	261.030000E+0	-710.259758E-3	68.000000E+0	5.102057E+6	5.102057E+6	430.414923E+3	430.414923E+3	999.697000E-3	
3.164708E+3	259.879666E+0	260.930000E+0	-730.819547E-3	69.000000E+0	5.371864E+6	5.371864E+6	416.535962E+3	416.535962E+3	1.000080E+0	
3.170189E+3	259.788277E+0	260.840000E+0	-877.537245E-3	66.000000E+0	5.539115E+6	5.539115E+6	385.131841E+3	385.131841E+3	999.921000E-3	
3.175665E+3	259.696922E+0	260.740000E+0	-1.023151E+0	68.000000E+0	4.933786E+6	4.933786E+6	400.187506E+3	400.187506E+3	999.881000E-3	
3.181161E+3	259.605667E+0	260.640000E+0	-1.003314E+0	68.000000E+0	5.172795E+6	5.172795E+6	412.671321E+3	412.671321E+3	1.000160E+0	
3.186639E+3	259.514062E+0	260.560000E+0	-1.019140E+0	71.000000E+0	5.777604E+6	5.777604E+6	413.361646E+3	413.361646E+3	999.930000E-3	
3.192122E+3	259.422756E+0	260.460000E+0	-1.053300E+0	66.000000E+0	5.229247E+6	5.229247E+6	382.097280E+3	382.097280E+3	999.832000E-3	
3.197606E+3	259.331384E+0	260.370000E+0	-1.034529E+0	66.000000E+0	5.136492E+6	5.136492E+6	360.380072E+3	360.380072E+3	1.000075E+0	
3.203083E+3	259.239979E+0	260.270000E+0	-1.017504E+0	65.000000E+0	4.687018E+6	4.687018E+6	392.007217E+3	392.007217E+3	1.000116E+0	
3.208562E+3	259.148691E+0	260.190000E+0	-1.000792E+0	67.000000E+0	5.174467E+6	5.174467E+6	442.336957E+3	442.336957E+3	999.707000E-3	
3.214047E+3	259.057385E+0	260.090000E+0	-1.019406E+0	67.000000E+0	5.157083E+6	5.157083E+6	433.605797E+3	433.605797E+3	1.000010E+0	
3.219583E+3	258.965964E+0	259.990000E+0	-1.019646E+0	66.000000E+0	5.649390E+6	5.649390E+6	399.612907E+3	399.612907E+3	999.716000E-3	
3.225064E+3	258.873692E+0	259.900000E+0	-1.001987E+0	72.000000E+0	5.364147E+6	5.364147E+6	370.775215E+3	370.775215E+3	999.877000E-3	
3.230548E+3	258.782336E+0	259.800000E+0	-1.020748E+0	65.000000E+0	4.989711E+6	4.989711E+6	368.425519E+3	368.425519E+3	999.539000E-3	
3.236029E+3	258.690948E+0	259.800000E+0	-1.038004E+0	72.000000E+0	4.828090E+6	4.828090E+6	403.518474E+3	403.518474E+3	999.656000E-3	
3.241510E+3	258.599593E+0	259.720000E+0	-1.054597E+0	64.000000E+0	4.692873E+6	4.692873E+6	395.601276E+3	395.601276E+3	1.000192E+0	
3.246992E+3	258.508237E+0	259.620000E+0	-872.076049E-3	63.000000E+0	4.622110E+6	4.622110E+6	388.390422E+3	388.390422E+3	999.901000E-3	
3.252471E+3	258.416882E+0	259.520000E+0	-672.219838E-3	63.000000E+0	5.470612E+6	5.470612E+6	458.281353E+3	458.281353E+3	999.809000E-3	
3.257996E+3	258.325560E+0	259.430000E+0	-655.149929E-3	62.000000E+0	5.849257E+6	5.849257E+6	452.636662E+3	452.636662E+3	999.404000E-3	
3.263477E+3	258.233472E+0	259.330000E+0	-837.969635E-3	70.000000E+0	5.915027E+6	5.915027E+6	420.969650E+3	420.969650E+3	999.817000E-3	
3.268964E+3	258.142133E+0	259.250000E+0	-1.038834E+0	65.000000E+0	5.158031E+6	5.158031E+6	437.606419E+3	437.606419E+3	999.678000E-3	
3.274449E+3	258.050678E+0	259.150000E+0	-1.057884E+0	64.000000E+0	4.764884E+6	4.764884E+6	409.549438E+3	409.549438E+3	1.000435E+0	
3.279929E+3	257.959256E+0	259.050000E+0	-1.021643E+0	66.000000E+0	5.081239E+6	5.081239E+6	425.209614E+3	425.209614E+3	999.937000E-3	
3.285414E+3	257.867934E+0	258.960000E+0	-1.004279E+0	61.000000E+0	4.706215E+6	4.706215E+6	399.054340E+3	399.054340E+3	1.000306E+0	
3.290893E+3	257.776512E+0	258.960000E+0	-1.023357E+0	61.000000E+0	5.199964E+6	5.199964E+6	407.305794E+3	407.305794E+3	1.000733E+0	
3.296375E+3	257.685190E+0	258.880000E+0	-1.041738E+0	60.000000E+0	5.559794E+6	5.559794E+6	429.869336E+3	429.869336E+3	999.929000E-3	
3.301854E+3	257.593835E+0	258.780000E+0	-876.942973E-3	63.000000E+0	5.684087E+6	5.684087E+6	390.886349E+3	390.886349E+3	999.774000E-3	
3.307352E+3	257.502513E+0	258.680000E+0	-657.986564E-3	63.000000E+0	4.809575E+6	4.809575E+6	367.878613E+3	367.878613E+3	1.000055E+0	
3.312831E+3	257.410875E+0	258.590000E+0	-641.810029E-3	63.000000E+0	5.095476E+6	5.095476E+6	420.563961E+3	420.563961E+3	1.000191E+0	
3.318310E+3	257.319553E+0	258.490000E+0	-843.570651E-3	59.000000E+0	5.285837E+6	5.285837E+6	435.257901E+3	435.257901E+3	1.000186E+0	
3.323792E+3	257.228247E+0	258.410000E+0	-1.043892E+0	62.000000E+0	5.079212E+6	5.079212E+6	425.044441E+3	425.044441E+3	1.000046E+0	
3.329303E+3	257.136876E+0	258.310000E+0	-1.059784E+0	58.000000E+0	5.274938E+6	5.274938E+6	372.022774E+3	372.022774E+3	1.000603E+0	
3.334789E+3	257.045020E+0	258.120000E+0	-1.021560E+0	60.000000E+0	5.116177E+6	5.116177E+6	356.774243E+3	356.774243E+3	1.000315E+0	
3.340268E+3	256.953598E+0	258.040000E+0	-1.002543E+0	61.000000E+0	4.926966E+6	4.926966E+6	374.105735E+3	374.105735E+3	999.977000E-3	
3.345747E+3	256.862277E+0	257.940000E+0	-1.184950E+0	62.000000E+0	5.425802E+6	5.425802E+6	371.316946E+3	371.316946E+3	999.921000E-3	
3.351235E+3	256.770955E+0	257.850000E+0	-1.349174E+0	63.000000E+0	5.492475E+6	5.492475E+6	409.710551E+3	409.710551E+3	1.000015E+0	
3.356711E+3	256.679499E+0	257.750000E+0	-1.349563E+0	70.000000E+0	5.945746E+6	5.945746E+6	426.793889E+3	426.793889E+3	1.000134E+0	
3.362192E+3	256.588228E+0	257.650000E+0	-1.166935E+0	69.000000E+0	5.806951E+6	5.806951E+6	435.166367E+3	435.166367E+3	1.000015E+0	
3.367672E+3	256.496872E+0	257.480000E+0	-1.021113E+0	68.000000E+0	5.328527E+6	5.328527E+6	429.403462E+3	429.403462E+3	1.000431E+0	
3.373155E+3	256.405550E+0	257.290000E+0	-1.057907E+0	70.000000E+0	4.890881E+6	4.890881E+6	375.982095E+3	375.982095E+3	999.745000E-3	
3.378662E+3	256.314162E+0	257.210000E+0	-1.203867E+0	70.000000E+0	5.584655E+6	5.584655E+6	409.314273E+3	409.314273E+3	1.000100E+0	
3.384177E+3	256.222373E+0	257.010000E+0	-1.513764E+0	74.000000E+0	5.641396E+6	5.641396E+6	432.183746E+3	432.183746E+3	1.000276E+0	
3.389663E+3	256.130468E+0	256.920000E+0	-1.640880E+0	75.000000E+0	4.865482E+6	4.865482E+6	363.971304E+3	363.971304E+3	1.000343E+0	
3.395188E+3	256.039029E+0	256.840000E+0	-1.658698E+0	72.000000E+0	5.898743E+6	5.898743E+6	398.312684E+3	398.312684E+3	999.837000E-3	
3.400663E+3	255.946941E+0	256.740000E+0	-1.531457E+0	74.000000E+0	5.732653E+6	5.732653E+6	385.828509E+3	385.828509E+3	1.000176E+0	
3.406143E+3	255.855702E+0	256.650000E+0	-1.349130E+0	74.000000E+0	5.848409E+6	5.848409E+6	427.965953E+3	427.965953E+3	999.727000E-3	
3.411619E+3	255.764364E+0	256.650000E+0	-1.166908E+0	74.000000E+0	6.218565E+6	6.218565E+6	431.873873E+3	431.873873E+3	999.883000E-3	
3.417097E+3	255.673092E+0	256.550000E+0	-982.682464E-3	70.000000E+0	5.893091E+6	5.893091E+6	457.106225E+3	457.106225E+3	999.704000E-3	
3.422585E+3	255.581787E+0	256.470000E+0	-835.803331E-3	70.000000E+0	4.962735E+6	4.962735E+6	353.015723E+3	353.015723E+3	1.000537E+0	
3.428074E+3	255.490331E+0	256.370000E+0	-690.009195E-3	66.000000E+0	5.318249E+6	5.318249E+6	429.378756E+3	429.378756E+3	999.884000E-3	
3.433553E+3	255.398843E+0	256.280000E+0	-673.985974E-3	71.000000E+0	5.294033E+6	5.294033E+6	436.519115E+3	436.519115E+3	999.831000E-3	
3.439029E+3	255.307521E+0	256.280000E+0	-839.012471E-3	68.000000E+0	5.352883E+6	5.352883E+6	432.278786E+3	432.278786E+3	999.972000E-3	
3.444510E+3	255.216266E+0	256.180000E+0	-1.003313E+0	66.000000E+0	5.278356E+6	5.278356E+6	425.935702E+3	425.935702E+3	999.879000E-3	
3.449989E+3	255.124910E+0	256.180000E+0	-839.043837E-3	66.000000E+0	4.971456E+6	4.971456E+6	409.151919E+3	409.151919E+3	1.000058E+0	
3.455469E+3	255.033589E+0	256.100000E+0	-693.552959E-3	68.000000E+0	5.498856E+6	5.498856E+6	448.275957E+3	448.275957E+3	999.912000E-3	
3.460945E+3	254.942267E+0	256.100000E+0	-529.119759E-3	65.000000E+0	5.350131E+6	5.350131E+6	439.790786E+3	439.790786E+3	999.886000E-3	
3.466404E+3	254.850995E+0	256.010000E+0	-510.233284E-3	61.000000E+0	5.537616E+6	5.537616E+6	453.371004E+3	453.371004E+3	999.595000E-3	
3.471896E+3	254.760006E+0	255.910000E+0	-473.375977E-3	63.000000E+0	5.959594E+6	5.959594E+6	455.690621E+3	455.690621E+3	1.000139E+0	
3.477377E+3	254.668484E+0	255.820000E+0	-455.213492E-3	0.000000E+0	5.319356E+6	5.319356E+6	439.869646E+3	439.869646E+3	999.773000E-3	
3.483584E+3	254.577129E+0	255.740000E+0	-655.081410E-3	0.000000E+0	6.444513E+6	6.444513E+6	443.913604E+3	443.913604E+3	999.544000E-3	
3.489756E+3	254.473673E+0	255.640000E+0	-854.968365E-3	0.000000E+0	4.726064E+6	4.726064E+6	387.072225E+3	387.072225E+3	999.846000E-3	
3.495932E+3	254.370817E+0	255.550000E+0	-1.001259E+0	0.000000E+0	5.495154E+6	5.495154E+6	449.736278E+3	449.736278E+3	1.000173E+0	
3.502101E+3	254.267878E+0	255.450000E+0	-983.321721E-3	0.000000E+0	6.475847E+6	6.475847E+6	456.538636E+3	456.538636E+3	999.806000E-3	
3.508279E+3	254.165056E+0	255.370000E+0	-983.164510E-3	0.000000E+0	6.590208E+6	6.590208E+6	437.284056E+3	437.284056E+3	999.471000E-3	
3.514454E+3	254.062100E+0	255.180000E+0	-1.018178E+0	0.000000E+0	5.461948E+6	5.461948E+6	372.352395E+3	372.352395E+3	1.000028E+0	
3.520628E+3	253.959177E+0	254.910000E+0	-1.016608E+0	0.000000E+0	4.996408E+6	4.996408E+6	366.323625E+3	366.323625E+3	1.000131E+0	
3.526838E+3	253.856271E+0	254.550000E+0	-1.162152E+0	0.000000E+0	5.223890E+6	5.223890E+6	426.057441E+3	426.057441E+3	1.000375E+0	
3.533003E+3	253.752782E+0	254.180000E+0	-1.656611E+0	0.000000E+0	5.201061E+6	5.201061E+6	376.951683E+3	376.951683E+3	1.000008E+0	
3.539175E+3	253.650026E+0	253.820000E+0	-2.480978E+0	0.000000E+0	5.376895E+6	5.376895E+6	391.894290E+3	391.894290E+3	999.995000E-3	
3.545344E+3	253.547154E+0	253.460000E+0	-3.321307E+0	0.000000E+0	6.276816E+6	6.276816E+6	462.222920E+3	462.222920E+3	999.583000E-3	
3.551526E+3	253.444348E+0	253.190000E+0	-3.812701E+0	0.000000E+0	5.392178E+6	5.392178E+6	435.404866E+3	435.404866E+3	999.548000E-3	
3.557710E+3	253.341308E+0	252.830000E+0	-3.976655E+0	7.000000E+0	6.403662E+6	6.403662E+6	444.506339E+3	444.506339E+3	1.000124E+0	
3.563542E+3	253.238236E+0	252.470000E+0	-3.794058E+0	39.000000E+0	6.215775E+6	6.215775E+6	425.671558E+3	425.671558E+3	999.621000E-3	
3.569029E+3	253.141047E+0	252.110000E+0	-3.611824E+0	50.000000E+0	5.250189E+6	5.250189E+6	423.724409E+3	423.724409E+3	1.000161E+0	
3.574503E+3	253.049592E+0	251.750000E+0	-3.612304E+0	59.000000E+0	5.533865E+6	5.533865E+6	440.436659E+3	440.436659E+3	999.914000E-3	
3.580328E+3	252.958353E+0	251.310000E+0	-3.778582E+0	63.000000E+0	5.221244E+6	5.221244E+6	362.725801E+3	362.725801E+3	1.000077E+0	
3.585807E+3	252.861281E+0	250.960000E+0	-3.943180E+0	74.000000E+0	5.398888E+6	5.398888E+6	388.338641E+3	388.338641E+3	1.000252E+0	
3.591272E+3	252.769959E+0	250.600000E+0	-4.086323E+0	89.000000E+0	6.642854E+6	6.642854E+6	449.375457E+3	449.375457E+3	999.816000E-3	
3.596753E+3	252.678871E+0	250.150000E+0	-4.212601E+0	100.000000E+0	6.416381E+6	6.416381E+6	449.191530E+3	449.191530E+3	999.993000E-3	
3.602228E+3	252.587532E+0	249.880000E+0	-4.192707E+0	100.000000E+0	5.831326E+6	5.831326E+6	422.372486E+3	422.372486E+3	1.000364E+0	
3.607738E+3	252.496277E+0	249.450000E+0	-4.205169E+0	100.000000E+0	6.322675E+6	6.322675E+6	394.260067E+3	394.260067E+3	1.000184E+0	
3.613232E+3	252.404438E+0	249.260000E+0	-4.073388E+0	100.000000E+0	5.466002E+6	5.466002E+6	365.255303E+3	365.255303E+3	999.841000E-3	
3.618763E+3	252.312883E+0	249.000000E+0	-4.057497E+0	100.000000E+0	5.880358E+6	5.880358E+6	429.878264E+3	429.878264E+3	999.896000E-3	
3.624273E+3	252.220694E+0	248.930000E+0	-3.719305E+0	100.000000E+0	6.206598E+6	6.206598E+6	390.804419E+3	390.804419E+3	999.945000E-3	
3.629755E+3	252.128856E+0	248.830000E+0	-3.231265E+0	100.000000E+0	5.770965E+6	5.770965E+6	443.725468E+3	443.725468E+3	999.762000E-3	
3.635248E+3	252.037501E+0	248.830000E+0	-2.556046E+0	100.000000E+0	6.441541E+6	6.441541E+6	459.428553E+3	459.428553E+3	999.856000E-3	
3.640731E+3	251.945945E+0	248.830000E+0	-1.734344E+0	100.000000E+0	5.319105E+6	5.319105E+6	392.223818E+3	392.223818E+3	1.000045E+0	
3.646223E+3	251.854557E+0	248.930000E+0	-1.094895E+0	100.000000E+0	6.259350E+6	6.259350E+6	460.911879E+3	460.911879E+3	1.000119E+0	
3.651710E+3	251.763035E+0	249.000000E+0	-492.465171E-3	100.000000E+0	5.312271E+6	5.312271E+6	375.561514E+3	375.561514E+3	1.000460E+0	
3.657192E+3	251.671580E+0	249.190000E+0	-479.697663E-6	100.000000E+0	6.851247E+6	6.851247E+6	467.067406E+3	467.067406E+3	1.000145E+0	
3.662663E+3	251.580208E+0	249.360000E+0	490.323023E-3	100.000000E+0	5.550746E+6	5.550746E+6	366.461351E+3	366.461351E+3	1.000300E+0	
3.668144E+3	251.489019E+0	249.530000E+0	963.798048E-3	99.000000E+0	6.407602E+6	6.407602E+6	400.887707E+3	400.887707E+3	999.714000E-3	
3.673623E+3	251.397681E+0	249.710000E+0	1.439232E+0	93.000000E+0	6.128796E+6	6.128796E+6	385.653879E+3	385.653879E+3	1.000097E+0	
3.679127E+3	251.306359E+0	249.980000E+0	1.750841E+0	39.000000E+0	5.585881E+6	5.585881E+6	435.975984E+3	435.975984E+3	1.000152E+0	
3.684941E+3	251.214620E+0	250.240000E+0	1.915782E+0	11.000000E+0	6.054169E+6	6.054169E+6	453.173257E+3	453.173257E+3	999.725000E-3	
3.690427E+3	251.117731E+0	250.500000E+0	2.079677E+0	6.000000E+0	5.354347E+6	5.354347E+6	369.426598E+3	369.426598E+3	1.000085E+0	
3.695912E+3	251.026293E+0	250.690000E+0	2.426309E+0	6.000000E+0	6.009862E+6	6.009862E+6	403.331529E+3	403.331529E+3	999.380000E-3	
3.701396E+3	250.934871E+0	250.860000E+0	2.736397E+0	5.000000E+0	6.684406E+6	6.684406E+6	489.397486E+3	489.397486E+3	999.586000E-3	
3.706879E+3	250.843482E+0	251.030000E+0	2.736322E+0	4.000000E+0	5.560817E+6	5.560817E+6	428.141514E+3	428.141514E+3	999.668000E-3	
3.712366E+3	250.752094E+0	251.130000E+0	2.424803E+0	6.000000E+0	5.870245E+6	5.870245E+6	386.919373E+3	386.919373E+3	999.644000E-3	
3.717825E+3	250.660638E+0	251.130000E+0	2.093883E+0	7.000000E+0	5.223459E+6	5.223459E+6	391.096427E+3	391.096427E+3	999.979000E-3	
3.723308E+3	250.569667E+0	251.030000E+0	1.764583E+0	8.000000E+0	6.256533E+6	6.256533E+6	406.267592E+3	406.267592E+3	1.000232E+0	
3.728797E+3	250.478278E+0	250.860000E+0	1.291569E+0	10.000000E+0	5.784516E+6	5.784516E+6	435.204465E+3	435.204465E+3	1.000085E+0	
3.734284E+3	250.386789E+0	250.690000E+0	492.044076E-3	12.000000E+0	5.301172E+6	5.301172E+6	391.830568E+3	391.830568E+3	999.960000E-3	
3.739762E+3	250.295351E+0	250.500000E+0	-488.876062E-3	14.000000E+0	4.934999E+6	4.934999E+6	377.371849E+3	377.371849E+3	1.000275E+0	
3.745280E+3	250.204046E+0	250.330000E+0	-1.289186E+0	20.000000E+0	5.258310E+6	5.258310E+6	406.198065E+3	406.198065E+3	999.815000E-3	
3.750787E+3	250.112074E+0	250.070000E+0	-1.764382E+0	24.000000E+0	5.778654E+6	5.778654E+6	394.243212E+3	394.243212E+3	1.000285E+0	
3.756273E+3	250.020302E+0	249.880000E+0	-1.932135E+0	31.000000E+0	6.393685E+6	6.393685E+6	429.076382E+3	429.076382E+3	1.000292E+0	
3.761747E+3	249.928863E+0	249.530000E+0	-2.099198E+0	41.000000E+0	5.799832E+6	5.799832E+6	359.180537E+3	359.180537E+3	1.000065E+0	
3.767227E+3	249.837625E+0	249.260000E+0	-2.263182E+0	47.000000E+0	5.826736E+6	5.826736E+6	378.676299E+3	378.676299E+3	1.000101E+0	
3.772720E+3	249.746286E+0	248.930000E+0	-2.588225E+0	46.000000E+0	5.672026E+6	5.672026E+6	446.201849E+3	446.201849E+3	999.808000E-3	
3.778537E+3	249.654748E+0	248.570000E+0	-2.931064E+0	44.000000E+0	5.320835E+6	5.320835E+6	403.860069E+3	403.860069E+3	1.000051E+0	
3.784017E+3	249.557792E+0	248.130000E+0	-3.200393E+0	55.000000E+0	5.484950E+6	5.484950E+6	377.688467E+3	377.688467E+3	999.687000E-3	
3.789505E+3	249.466454E+0	247.700000E+0	-3.470812E+0	67.000000E+0	6.850240E+6	6.850240E+6	416.115221E+3	416.115221E+3	999.998000E-3	
3.794982E+3	249.374998E+0	247.340000E+0	-3.799304E+0	79.000000E+0	6.014889E+6	6.014889E+6	382.394875E+3	382.394875E+3	999.855000E-3	
3.800472E+3	249.283710E+0	247.080000E+0	-4.293607E+0	87.000000E+0	5.805498E+6	5.805498E+6	439.097242E+3	439.097242E+3	999.997000E-3	
3.805958E+3	249.192204E+0	246.730000E+0	-4.481147E+0	99.000000E+0	5.739450E+6	5.739450E+6	400.077510E+3	400.077510E+3	999.640000E-3	
3.811442E+3	249.100783E+0	246.470000E+0	-4.154196E+0	100.000000E+0	5.647166E+6	5.647166E+6	378.892401E+3	378.892401E+3	1.000339E+0	
3.816923E+3	249.009377E+0	246.140000E+0	-3.680692E+0	100.000000E+0	5.255366E+6	5.255366E+6	358.182296E+3	358.182296E+3	1.000359E+0	
3.822401E+3	248.918022E+0	245.950000E+0	-3.352979E+0	100.000000E+0	5.433534E+6	5.433534E+6	374.921230E+3	374.921230E+3	1.000205E+0	
3.827884E+3	248.826734E+0	245.880000E+0	-3.296671E+0	100.000000E+0	5.398726E+6	5.398726E+6	368.123178E+3	368.123178E+3	1.000168E+0	
3.833365E+3	248.735345E+0	245.790000E+0	-3.127225E+0	100.000000E+0	5.433659E+6	5.433659E+6	368.497094E+3	368.497094E+3	1.000391E+0	
3.838870E+3	248.643990E+0	245.790000E+0	-2.487346E+0	100.000000E+0	6.195663E+6	6.195663E+6	371.679058E+3	371.679058E+3	999.980000E-3	
3.844343E+3	248.552251E+0	245.790000E+0	-1.706431E+0	100.000000E+0	5.441175E+6	5.441175E+6	363.358716E+3	363.358716E+3	1.000360E+0	
3.849856E+3	248.461029E+0	245.790000E+0	-928.925291E-3	69.000000E+0	5.163841E+6	5.163841E+6	385.193887E+3	385.193887E+3	1.000081E+0	
3.855691E+3	248.369141E+0	245.880000E+0	-456.439825E-3	40.000000E+0	5.822854E+6	5.822854E+6	449.633081E+3	449.633081E+3	999.784000E-3	
3.861172E+3	248.271902E+0	245.950000E+0	-164.299139E-3	36.000000E+0	5.427019E+6	5.427019E+6	416.912723E+3	416.912723E+3	999.874000E-3	
3.866669E+3	248.180547E+0	246.140000E+0	163.448695E-3	35.000000E+0	5.747627E+6	5.747627E+6	422.595657E+3	422.595657E+3	1.000432E+0	
3.872182E+3	248.088925E+0	246.300000E+0	454.367597E-3	34.000000E+0	6.247652E+6	6.247652E+6	376.614213E+3	376.614213E+3	1.000499E+0	
3.877665E+3	247.997036E+0	246.470000E+0	928.619945E-3	35.000000E+0	6.559895E+6	6.559895E+6	468.474409E+3	468.474409E+3	999.728000E-3	
3.883147E+3	247.905664E+0	246.560000E+0	1.404054E+0	36.000000E+0	6.057471E+6	6.057471E+6	467.950194E+3	467.950194E+3	999.725000E-3	
3.888661E+3	247.814292E+0	246.650000E+0	1.714687E+0	40.000000E+0	6.072722E+6	6.072722E+6	444.377998E+3	444.377998E+3	1.000238E+0	
3.894144E+3	247.722387E+0	246.560000E+0	1.714255E+0	48.000000E+0	5.427186E+6	5.427186E+6	376.553596E+3	376.553596E+3	999.959000E-3	
3.899630E+3	247.631015E+0	246.470000E+0	1.403820E+0	53.000000E+0	6.125539E+6	6.125539E+6	410.169076E+3	410.169076E+3	999.933000E-3	
3.905111E+3	247.539577E+0	246.300000E+0	802.268543E-3	62.000000E+0	6.012112E+6	6.012112E+6	380.546373E+3	380.546373E+3	1.000235E+0	
3.910596E+3	247.448221E+0	246.050000E+0	29.961296E-6	73.000000E+0	6.408830E+6	6.408830E+6	389.987825E+3	389.987825E+3	1.000162E+0	
3.916083E+3	247.356816E+0	245.880000E+0	-803.060336E-3	81.000000E+0	6.194917E+6	6.194917E+6	423.883970E+3	423.883970E+3	1.000541E+0	
3.921569E+3	247.265361E+0	245.620000E+0	-1.569230E+0	89.000000E+0	6.213670E+6	6.213670E+6	467.104936E+3	467.104936E+3	999.531000E-3	
3.927057E+3	247.173922E+0	245.440000E+0	-2.002949E+0	100.000000E+0	5.302699E+6	5.302699E+6	384.145501E+3	384.145501E+3	1.000036E+0	
3.932539E+3	247.082467E+0	245.180000E+0	-2.308875E+0	100.000000E+0	5.378433E+6	5.378433E+6	402.681117E+3	402.681117E+3	1.000012E+0	
3.938058E+3	246.991095E+0	244.920000E+0	-2.345286E+0	100.000000E+0	5.632419E+6	5.632419E+6	391.865705E+3	391.865705E+3	999.867000E-3	
3.943542E+3	246.899107E+0	244.660000E+0	-2.385729E+0	100.000000E+0	5.893399E+6	5.893399E+6	373.181657E+3	373.181657E+3	999.874000E-3	
3.949017E+3	246.807718E+0	244.330000E+0	-2.553839E+0	100.000000E+0	5.399541E+6	5.399541E+6	375.375229E+3	375.375229E+3	1.000103E+0	
3.954500E+3	246.716463E+0	244.070000E+0	-2.699936E+0	100.000000E+0	5.796697E+6	5.796697E+6	404.728516E+3	404.728516E+3	1.000336E+0	
3.959974E+3	246.625074E+0	243.730000E+0	-2.973936E+0	100.000000E+0	5.702001E+6	5.702001E+6	409.570647E+3	409.570647E+3	1.000017E+0	
3.965480E+3	246.533836E+0	243.470000E+0	-3.097534E+0	100.000000E+0	5.633577E+6	5.633577E+6	397.791549E+3	397.791549E+3	999.960000E-3	
3.970966E+3	246.442081E+0	243.220000E+0	-3.239208E+0	100.000000E+0	6.884827E+6	6.884827E+6	398.299601E+3	398.299601E+3	1.000090E+0	
3.976447E+3	246.350642E+0	242.890000E+0	-3.256756E+0	100.000000E+0	6.945134E+6	6.945134E+6	472.223380E+3	472.223380E+3	999.891000E-3	
3.981930E+3	246.259287E+0	242.630000E+0	-3.114066E+0	100.000000E+0	6.560677E+6	6.560677E+6	444.753410E+3	444.753410E+3	1.000372E+0	
3.987759E+3	246.167915E+0	242.290000E+0	-3.081663E+0	100.000000E+0	6.900138E+6	6.900138E+6	415.153607E+3	415.153607E+3	999.485000E-3	
3.993247E+3	246.070759E+0	242.030000E+0	-3.063721E+0	100.000000E+0	5.755703E+6	5.755703E+6	411.951893E+3	411.951893E+3	1.000226E+0	
3.998740E+3	245.979287E+0	241.700000E+0	-3.228564E+0	100.000000E+0	6.265622E+6	6.265622E+6	447.035412E+3	447.035412E+3	999.680000E-3	
4.004227E+3	245.887749E+0	241.450000E+0	-3.265444E+0	100.000000E+0	6.532194E+6	6.532194E+6	377.085647E+3	377.085647E+3	999.883000E-3	
4.009708E+3	245.796294E+0	241.200000E+0	-3.265837E+0	100.000000E+0	6.501858E+6	6.501858E+6	418.654971E+3	418.654971E+3	1.000636E+0	
4.015536E+3	245.704938E+0	241.030000E+0	-3.228103E+0	100.000000E+0	5.552207E+6	5.552207E+6	382.352451E+3	382.352451E+3	1.000008E+0	
4.021017E+3	245.607816E+0	240.850000E+0	-3.044219E+0	100.000000E+0	6.018538E+6	6.018538E+6	383.093504E+3	383.093504E+3	999.619000E-3	
4.026547E+3	245.516461E+0	240.850000E+0	-2.734228E+0	100.000000E+0	5.735518E+6	5.735518E+6	420.420395E+3	420.420395E+3	1.000045E+0	
4.032032E+3	245.424289E+0	240.850000E+0	-2.316183E+0	100.000000E+0	6.304853E+6	6.304853E+6	375.438044E+3	375.438044E+3	1.000328E+0	
4.037530E+3	245.332884E+0	240.940000E+0	-1.732701E+0	100.000000E+0	6.633428E+6	6.633428E+6	391.165351E+3	391.165351E+3	1.000122E+0	
4.043011E+3	245.241245E+0	240.940000E+0	-966.111993E-3	100.000000E+0	6.811891E+6	6.811891E+6	392.324457E+3	392.324457E+3	1.000190E+0	
4.048493E+3	245.149890E+0	240.940000E+0	-163.298135E-3	100.000000E+0	6.511919E+6	6.511919E+6	396.530400E+3	396.530400E+3	1.000361E+0	
4.053976E+3	245.058535E+0	240.940000E+0	328.418424E-3	100.000000E+0	6.422984E+6	6.422984E+6	451.143077E+3	451.143077E+3	1.000187E+0	
4.059461E+3	244.967146E+0	240.850000E+0	328.418424E-3	100.000000E+0	6.122486E+6	6.122486E+6	447.086576E+3	447.086576E+3	999.251000E-3	
4.064950E+3	244.875724E+0	240.690000E+0	164.254157E-3	100.000000E+0	5.476581E+6	5.476581E+6	388.539670E+3	388.539670E+3	1.000188E+0	
4.070437E+3	244.784252E+0	240.620000E+0	-164.269146E-3	100.000000E+0	5.354049E+6	5.354049E+6	354.140127E+3	354.140127E+3	1.000297E+0	
4.075914E+3	244.692797E+0	240.440000E+0	-620.447445E-3	100.000000E+0	6.089806E+6	6.089806E+6	446.248934E+3	446.248934E+3	1.000068E+0	
4.081413E+3	244.601509E+0	240.280000E+0	-1.040055E+0	100.000000E+0	5.849848E+6	5.849848E+6	430.893191E+3	430.893191E+3	1.000090E+0	
4.087248E+3	244.509853E+0	240.020000E+0	-1.330719E+0	100.000000E+0	7.078689E+6	7.078689E+6	404.517134E+3	404.517134E+3	999.794000E-3	
4.092727E+3	244.412614E+0	239.860000E+0	-1.491509E+0	100.000000E+0	7.176478E+6	7.176478E+6	412.370875E+3	412.370875E+3	1.000401E+0	
4.098560E+3	244.321293E+0	239.700000E+0	-1.835494E+0	100.000000E+0	6.491086E+6	6.491086E+6	466.692637E+3	466.692637E+3	999.757000E-3	
4.104093E+3	244.224070E+0	239.450000E+0	-2.143391E+0	100.000000E+0	6.531060E+6	6.531060E+6	463.201385E+3	463.201385E+3	999.840000E-3	
4.109582E+3	244.131865E+0	239.280000E+0	-2.108260E+0	100.000000E+0	6.462081E+6	6.462081E+6	401.289176E+3	401.289176E+3	1.000007E+0	
4.115077E+3	244.040376E+0	239.110000E+0	-2.093210E+0	100.000000E+0	6.348800E+6	6.348800E+6	364.186873E+3	364.186873E+3	1.000190E+0	
4.120914E+3	243.948788E+0	239.030000E+0	-2.097039E+0	100.000000E+0	5.988804E+6	5.988804E+6	369.165369E+3	369.165369E+3	1.000250E+0	
4.126406E+3	243.851516E+0	238.950000E+0	-2.135944E+0	100.000000E+0	5.906663E+6	5.906663E+6	422.736133E+3	422.736133E+3	999.939000E-3	
4.131896E+3	243.759977E+0	238.780000E+0	-1.843372E+0	100.000000E+0	7.346392E+6	7.346392E+6	446.285819E+3	446.285819E+3	999.844000E-3	
4.137729E+3	243.668472E+0	238.620000E+0	-1.368241E+0	100.000000E+0	6.306404E+6	6.306404E+6	355.518089E+3	355.518089E+3	1.000574E+0	
4.143234E+3	243.571266E+0	238.530000E+0	-1.203344E+0	100.000000E+0	6.098360E+6	6.098360E+6	434.763386E+3	434.763386E+3	1.000009E+0	
4.148721E+3	243.479511E+0	238.460000E+0	-1.349859E+0	100.000000E+0	7.253747E+6	7.253747E+6	408.416165E+3	408.416165E+3	999.784000E-3	
4.154208E+3	243.388056E+0	238.460000E+0	-1.514676E+0	100.000000E+0	7.694083E+6	7.694083E+6	482.245903E+3	482.245903E+3	1.000000E+0	
4.159706E+3	243.296617E+0	238.460000E+0	-1.350784E+0	100.000000E+0	6.355114E+6	6.355114E+6	397.660670E+3	397.660670E+3	999.723000E-3	
4.165232E+3	243.204979E+0	238.460000E+0	-876.052159E-3	100.000000E+0	7.065557E+6	7.065557E+6	396.466681E+3	396.466681E+3	999.847000E-3	
4.170726E+3	243.112873E+0	238.460000E+0	-419.707332E-3	100.000000E+0	5.784012E+6	5.784012E+6	352.055626E+3	352.055626E+3	1.000287E+0	
4.176222E+3	243.021318E+0	238.370000E+0	-127.753233E-3	100.000000E+0	6.431991E+6	6.431991E+6	452.003473E+3	452.003473E+3	1.000046E+0	
4.181688E+3	242.929713E+0	238.280000E+0	0.000000E+0	100.000000E+0	6.902823E+6	6.902823E+6	394.650745E+3	394.650745E+3	1.000081E+0	
4.187173E+3	242.838608E+0	238.120000E+0	-164.044572E-3	100.000000E+0	6.942983E+6	6.942983E+6	470.870078E+3	470.870078E+3	999.859000E-3	
4.192648E+3	242.747186E+0	238.050000E+0	-472.035163E-3	100.000000E+0	7.523494E+6	7.523494E+6	431.840066E+3	431.840066E+3	1.000098E+0	
4.198127E+3	242.655947E+0	237.870000E+0	-875.954542E-3	100.000000E+0	7.927547E+6	7.927547E+6	445.170883E+3	445.170883E+3	999.743000E-3	
4.203636E+3	242.564625E+0	237.710000E+0	-1.084449E+0	100.000000E+0	8.126291E+6	8.126291E+6	487.240875E+3	487.240875E+3	999.615000E-3	
4.209122E+3	242.472803E+0	237.460000E+0	-1.181457E+0	100.000000E+0	7.236006E+6	7.236006E+6	441.465268E+3	441.465268E+3	1.000016E+0	
4.214632E+3	242.381382E+0	237.230000E+0	-1.328292E+0	100.000000E+0	5.666025E+6	5.666025E+6	406.970092E+3	406.970092E+3	1.000280E+0	
4.220118E+3	242.289543E+0	237.050000E+0	-1.619575E+0	100.000000E+0	6.425628E+6	6.425628E+6	401.558383E+3	401.558383E+3	999.892000E-3	
4.225954E+3	242.198104E+0	236.730000E+0	-1.991923E+0	100.000000E+0	7.269030E+6	7.269030E+6	505.493746E+3	505.493746E+3	999.637000E-3	
4.231442E+3	242.100849E+0	236.490000E+0	-2.103329E+0	42.000000E+0	5.989332E+6	5.989332E+6	416.391135E+3	416.391135E+3	999.919000E-3	
4.236921E+3	242.009377E+0	236.250000E+0	-2.247607E+0	9.000000E+0	5.588489E+6	5.588489E+6	386.779169E+3	386.779169E+3	1.000116E+0	
4.242409E+3	241.918055E+0	236.010000E+0	-2.378046E+0	11.000000E+0	6.489751E+6	6.489751E+6	372.991042E+3	372.991042E+3	999.811000E-3	
4.247896E+3	241.826600E+0	235.850000E+0	-2.493800E+0	11.000000E+0	6.193014E+6	6.193014E+6	343.870668E+3	343.870668E+3	1.000791E+0	
4.253409E+3	241.735145E+0	235.670000E+0	-2.462983E+0	21.000000E+0	6.456163E+6	6.456163E+6	452.419979E+3	452.419979E+3	1.000447E+0	
4.258894E+3	241.643256E+0	235.600000E+0	-2.202095E+0	36.000000E+0	5.613156E+6	5.613156E+6	392.569008E+3	392.569008E+3	1.000489E+0	
4.264367E+3	241.551851E+0	235.440000E+0	-1.990108E+0	39.000000E+0	7.030669E+6	7.030669E+6	459.633769E+3	459.633769E+3	1.000183E+0	
4.269845E+3	241.460629E+0	235.350000E+0	-1.654574E+0	44.000000E+0	7.368995E+6	7.368995E+6	401.425729E+3	401.425729E+3	1.000120E+0	
4.275338E+3	241.369324E+0	235.280000E+0	-1.427321E+0	48.000000E+0	7.338105E+6	7.338105E+6	409.271353E+3	409.271353E+3	1.000037E+0	
4.280827E+3	241.277785E+0	235.110000E+0	-1.303926E+0	51.000000E+0	6.583906E+6	6.583906E+6	453.617035E+3	453.617035E+3	1.000227E+0	
4.286337E+3	241.186297E+0	234.950000E+0	-1.145271E+0	54.000000E+0	6.981828E+6	6.981828E+6	373.950695E+3	373.950695E+3	999.728000E-3	
4.291861E+3	241.094458E+0	234.790000E+0	-1.164197E+0	57.000000E+0	7.554140E+6	7.554140E+6	402.092461E+3	402.092461E+3	1.000017E+0	
4.297347E+3	241.002386E+0	234.630000E+0	-1.324646E+0	61.000000E+0	6.461929E+6	6.461929E+6	359.693779E+3	359.693779E+3	1.000242E+0	
4.302833E+3	240.910964E+0	234.540000E+0	-1.625727E+0	66.000000E+0	6.484742E+6	6.484742E+6	380.445496E+3	380.445496E+3	1.000012E+0	
4.308317E+3	240.819526E+0	234.390000E+0	-1.769735E+0	68.000000E+0	6.469998E+6	6.469998E+6	406.926015E+3	406.926015E+3	999.550000E-3	
4.313802E+3	240.728120E+0	234.310000E+0	-1.621150E+0	73.000000E+0	6.445086E+6	6.445086E+6	390.207514E+3	390.207514E+3	1.000084E+0	
4.319286E+3	240.636715E+0	234.230000E+0	-1.472364E+0	76.000000E+0	6.156912E+6	6.156912E+6	392.561246E+3	392.561246E+3	1.000252E+0	
4.324769E+3	240.545310E+0	234.160000E+0	-1.306389E+0	78.000000E+0	6.513820E+6	6.513820E+6	436.248127E+3	436.248127E+3	999.676000E-3	
4.330245E+3	240.453921E+0	234.070000E+0	-1.143124E+0	83.000000E+0	7.638395E+6	7.638395E+6	445.470862E+3	445.470862E+3	1.000095E+0	
4.335745E+3	240.362666E+0	234.070000E+0	-981.093528E-3	86.000000E+0	6.038828E+6	6.038828E+6	382.083560E+3	382.083560E+3	1.000211E+0	
4.341224E+3	240.270994E+0	233.980000E+0	-856.016962E-3	89.000000E+0	5.951779E+6	5.951779E+6	353.278981E+3	353.278981E+3	1.000137E+0	
4.346716E+3	240.179672E+0	233.980000E+0	-728.900996E-3	89.000000E+0	7.933643E+6	7.933643E+6	443.981592E+3	443.981592E+3	999.877000E-3	
4.352229E+3	240.088150E+0	234.070000E+0	-619.498109E-3	91.000000E+0	7.371364E+6	7.371364E+6	394.103339E+3	394.103339E+3	1.000073E+0	
4.357716E+3	239.996262E+0	234.070000E+0	-492.059021E-3	94.000000E+0	6.349003E+6	6.349003E+6	443.297562E+3	443.297562E+3	999.841000E-3	
4.363225E+3	239.904807E+0	234.160000E+0	-163.715214E-3	95.000000E+0	7.326117E+6	7.326117E+6	439.476190E+3	439.476190E+3	1.000015E+0	
4.368702E+3	239.813001E+0	234.230000E+0	164.598848E-3	95.000000E+0	6.501326E+6	6.501326E+6	446.437858E+3	446.437858E+3	1.000164E+0	
4.374205E+3	239.721713E+0	234.310000E+0	492.927458E-3	86.000000E+0	6.778891E+6	6.778891E+6	384.154691E+3	384.154691E+3	1.000022E+0	
4.379693E+3	239.629991E+0	234.390000E+0	619.941030E-3	78.000000E+0	7.710079E+6	7.710079E+6	457.564775E+3	457.564775E+3	999.843000E-3	
4.385203E+3	239.538536E+0	234.540000E+0	720.654634E-3	78.000000E+0	8.270638E+6	8.270638E+6	478.907090E+3	478.907090E+3	999.672000E-3	
4.390692E+3	239.446697E+0	234.720000E+0	839.610166E-3	78.000000E+0	6.470133E+6	6.470133E+6	453.225493E+3	453.225493E+3	999.959000E-3	
4.396175E+3	239.355209E+0	234.880000E+0	967.530682E-3	77.000000E+0	6.333369E+6	6.333369E+6	443.032761E+3	443.032761E+3	999.469000E-3	
4.401662E+3	239.263820E+0	234.950000E+0	1.304174E+0	78.000000E+0	6.082361E+6	6.082361E+6	415.317919E+3	415.317919E+3	999.636000E-3	
4.407140E+3	239.172381E+0	235.030000E+0	1.641042E+0	78.000000E+0	6.725202E+6	6.725202E+6	455.838041E+3	455.838041E+3	999.903000E-3	
4.412633E+3	239.081076E+0	235.190000E+0	1.641081E+0	77.000000E+0	8.127110E+6	8.127110E+6	476.053017E+3	476.053017E+3	999.472000E-3	
4.418142E+3	238.989521E+0	235.350000E+0	1.313447E+0	78.000000E+0	7.505397E+6	7.505397E+6	476.739473E+3	476.739473E+3	999.944000E-3	
4.423649E+3	238.897716E+0	235.510000E+0	1.132075E+0	79.000000E+0	6.008286E+6	6.008286E+6	372.213543E+3	372.213543E+3	999.959000E-3	
4.429154E+3	238.805927E+0	235.600000E+0	1.296043E+0	78.000000E+0	5.696976E+6	5.696976E+6	390.738526E+3	390.738526E+3	1.000503E+0	
4.434672E+3	238.714172E+0	235.670000E+0	1.605071E+0	78.000000E+0	7.070277E+6	7.070277E+6	478.167421E+3	478.167421E+3	1.000020E+0	
4.440160E+3	238.622217E+0	235.850000E+0	1.622392E+0	79.000000E+0	5.695883E+6	5.695883E+6	382.185970E+3	382.185970E+3	1.000311E+0	
4.445667E+3	238.530745E+0	235.920000E+0	1.330120E+0	77.000000E+0	6.145671E+6	6.145671E+6	372.832565E+3	372.832565E+3	1.000208E+0	
4.451178E+3	238.438956E+0	236.010000E+0	1.200540E+0	77.000000E+0	8.260778E+6	8.260778E+6	454.092336E+3	454.092336E+3	1.000215E+0	
4.456661E+3	238.347118E+0	236.080000E+0	1.199378E+0	77.000000E+0	6.579922E+6	6.579922E+6	389.201106E+3	389.201106E+3	999.885000E-3	
4.462142E+3	238.255729E+0	236.170000E+0	1.200334E+0	76.000000E+0	6.483380E+6	6.483380E+6	397.185656E+3	397.185656E+3	999.802000E-3	
4.467652E+3	238.164374E+0	236.330000E+0	1.038918E+0	76.000000E+0	7.925603E+6	7.925603E+6	488.249286E+3	488.249286E+3	999.577000E-3	
4.473144E+3	238.072552E+0	236.410000E+0	875.702912E-3	76.000000E+0	6.505971E+6	6.505971E+6	344.416260E+3	344.416260E+3	1.000293E+0	
4.478632E+3	237.981013E+0	236.490000E+0	1.025849E+0	76.000000E+0	6.458509E+6	6.458509E+6	457.475126E+3	457.475126E+3	999.648000E-3	
4.484146E+3	237.889541E+0	236.570000E+0	1.158603E+0	75.000000E+0	7.864202E+6	7.864202E+6	492.944230E+3	492.944230E+3	999.776000E-3	
4.489633E+3	237.797636E+0	236.570000E+0	1.158735E+0	74.000000E+0	6.774062E+6	6.774062E+6	483.303971E+3	483.303971E+3	999.716000E-3	
4.495120E+3	237.706198E+0	236.650000E+0	1.008483E+0	72.000000E+0	6.517698E+6	6.517698E+6	457.336549E+3	457.336549E+3	999.880000E-3	
4.500601E+3	237.614742E+0	236.730000E+0	729.499223E-3	73.000000E+0	5.964092E+6	5.964092E+6	414.891142E+3	414.891142E+3	999.880000E-3	
4.506087E+3	237.523387E+0	236.820000E+0	583.509004E-3	72.000000E+0	6.178184E+6	6.178184E+6	392.632067E+3	392.632067E+3	999.939000E-3	
4.511575E+3	237.431965E+0	236.890000E+0	583.375976E-3	72.000000E+0	7.551265E+6	7.551265E+6	408.486291E+3	408.486291E+3	999.712000E-3	
4.517062E+3	237.340493E+0	236.890000E+0	747.551885E-3	71.000000E+0	7.018188E+6	7.018188E+6	480.050541E+3	480.050541E+3	999.811000E-3	
4.522540E+3	237.249038E+0	236.980000E+0	893.781732E-3	71.000000E+0	7.769771E+6	7.769771E+6	463.509522E+3	463.509522E+3	999.581000E-3	
4.528018E+3	237.157749E+0	237.050000E+0	729.797093E-3	70.000000E+0	8.200016E+6	8.200016E+6	446.418902E+3	446.418902E+3	999.500000E-3	
4.533498E+3	237.066444E+0	237.050000E+0	583.901576E-3	70.000000E+0	7.255095E+6	7.255095E+6	398.607384E+3	398.607384E+3	1.000260E+0	
4.539008E+3	236.975106E+0	237.140000E+0	583.183843E-3	69.000000E+0	7.149399E+6	7.149399E+6	425.529025E+3	425.529025E+3	1.000058E+0	
4.544501E+3	236.883284E+0	237.140000E+0	582.986032E-3	67.000000E+0	6.184398E+6	6.184398E+6	436.198577E+3	436.198577E+3	999.708000E-3	
4.549994E+3	236.791729E+0	237.230000E+0	582.657293E-3	67.000000E+0	7.353331E+6	7.353331E+6	445.407413E+3	445.407413E+3	999.906000E-3	
4.555517E+3	236.700173E+0	237.230000E+0	449.990798E-3	65.000000E+0	7.911167E+6	7.911167E+6	511.617601E+3	511.617601E+3	999.655000E-3	
4.560998E+3	236.608135E+0	237.230000E+0	481.530459E-3	65.000000E+0	6.951397E+6	6.951397E+6	468.725667E+3	468.725667E+3	999.889000E-3	
4.566485E+3	236.516780E+0	237.300000E+0	481.649850E-3	65.000000E+0	5.936717E+6	5.936717E+6	414.185218E+3	414.185218E+3	1.000040E+0	
4.571964E+3	236.425324E+0	237.300000E+0	323.026686E-3	65.000000E+0	6.131576E+6	6.131576E+6	434.264255E+3	434.264255E+3	1.000060E+0	
4.577486E+3	236.334019E+0	237.300000E+0	291.278235E-3	63.000000E+0	6.007967E+6	6.007967E+6	424.352581E+3	424.352581E+3	999.906000E-3	
4.582970E+3	236.241980E+0	237.300000E+0	255.006642E-3	63.000000E+0	6.858040E+6	6.858040E+6	476.131843E+3	476.131843E+3	999.765000E-3	
4.588461E+3	236.150575E+0	237.300000E+0	255.006642E-3	61.000000E+0	9.023128E+6	9.023128E+6	520.215840E+3	520.215840E+3	999.131000E-3	
4.593953E+3	236.059053E+0	237.300000E+0	127.683324E-3	61.000000E+0	5.705527E+6	5.705527E+6	380.383321E+3	380.383321E+3	1.000236E+0	
4.599434E+3	235.967531E+0	237.390000E+0	0.000000E+0	60.000000E+0	7.116719E+6	7.116719E+6	404.549659E+3	404.549659E+3	1.000326E+0	
4.604917E+3	235.876176E+0	237.300000E+0	0.000000E+0	60.000000E+0	7.578417E+6	7.578417E+6	474.041667E+3	474.041667E+3	1.000351E+0	
4.610401E+3	235.784788E+0	237.300000E+0	164.149297E-3	59.000000E+0	6.023173E+6	6.023173E+6	416.643588E+3	416.643588E+3	1.000449E+0	
4.615899E+3	235.693399E+0	237.300000E+0	164.149297E-3	58.000000E+0	6.722230E+6	6.722230E+6	468.558365E+3	468.558365E+3	999.730000E-3	
4.621384E+3	235.601760E+0	237.300000E+0	119.673803E-6	58.000000E+0	6.199349E+6	6.199349E+6	418.323001E+3	418.323001E+3	999.955000E-3	
4.626880E+3	235.510339E+0	237.300000E+0	-164.029624E-3	57.000000E+0	5.837127E+6	5.837127E+6	420.950047E+3	420.950047E+3	1.000250E+0	
4.632366E+3	235.418750E+0	237.230000E+0	-164.029624E-3	57.000000E+0	5.976198E+6	5.976198E+6	400.394407E+3	400.394407E+3	1.000057E+0	
4.637845E+3	235.327311E+0	237.230000E+0	0.000000E+0	55.000000E+0	6.614901E+6	6.614901E+6	395.302058E+3	395.302058E+3	999.710000E-3	
4.643357E+3	235.235990E+0	237.140000E+0	-127.242313E-3	54.000000E+0	8.378261E+6	8.378261E+6	456.969925E+3	456.969925E+3	1.000113E+0	
4.648837E+3	235.144134E+0	237.140000E+0	-254.995546E-3	54.000000E+0	7.221718E+6	7.221718E+6	400.584626E+3	400.584626E+3	1.000569E+0	
4.654321E+3	235.052796E+0	237.140000E+0	-419.249704E-3	54.000000E+0	7.526410E+6	7.526410E+6	476.018219E+3	476.018219E+3	999.733000E-3	
4.659820E+3	234.961391E+0	237.050000E+0	-456.276537E-3	54.000000E+0	7.900640E+6	7.900640E+6	441.977406E+3	441.977406E+3	1.000063E+0	
4.665303E+3	234.869752E+0	236.980000E+0	-328.523303E-3	53.000000E+0	7.158461E+6	7.158461E+6	449.194703E+3	449.194703E+3	1.000037E+0	
4.670798E+3	234.778363E+0	236.890000E+0	-328.030137E-3	51.000000E+0	7.742931E+6	7.742931E+6	443.345463E+3	443.345463E+3	1.000077E+0	
4.676304E+3	234.686775E+0	236.890000E+0	-455.528740E-3	51.000000E+0	6.549453E+6	6.549453E+6	465.710821E+3	465.710821E+3	999.250000E-3	
4.681785E+3	234.595003E+0	236.820000E+0	-747.402957E-3	50.000000E+0	6.608594E+6	6.608594E+6	463.430517E+3	463.430517E+3	999.616000E-3	
4.687263E+3	234.503664E+0	236.730000E+0	-742.769988E-3	50.000000E+0	7.576171E+6	7.576171E+6	487.388173E+3	487.388173E+3	999.297000E-3	
4.692775E+3	234.412359E+0	236.650000E+0	-574.702858E-3	50.000000E+0	7.037482E+6	7.037482E+6	384.979236E+3	384.979236E+3	999.815000E-3	
4.698263E+3	234.320487E+0	236.650000E+0	-574.250953E-3	50.000000E+0	7.569135E+6	7.569135E+6	424.169127E+3	424.169127E+3	999.807000E-3	
4.703803E+3	234.229032E+0	236.570000E+0	-724.787336E-3	49.000000E+0	6.689649E+6	6.689649E+6	420.983607E+3	420.983607E+3	999.768000E-3	
4.709312E+3	234.136693E+0	236.490000E+0	-746.957292E-3	48.000000E+0	7.480209E+6	7.480209E+6	409.734480E+3	409.734480E+3	1.000104E+0	
4.714815E+3	234.044871E+0	236.410000E+0	-597.019638E-3	48.000000E+0	6.483981E+6	6.483981E+6	372.184765E+3	372.184765E+3	1.000154E+0	
4.720304E+3	233.953166E+0	236.250000E+0	-570.324548E-3	48.000000E+0	7.027748E+6	7.027748E+6	387.714366E+3	387.714366E+3	999.908000E-3	
4.725781E+3	233.861678E+0	236.170000E+0	-715.055816E-3	48.000000E+0	6.371993E+6	6.371993E+6	429.402396E+3	429.402396E+3	1.000148E+0	
4.731292E+3	233.770389E+0	236.080000E+0	-1.009355E+0	48.000000E+0	7.184738E+6	7.184738E+6	390.748725E+3	390.748725E+3	999.900000E-3	
4.736779E+3	233.678550E+0	236.010000E+0	-1.163440E+0	47.000000E+0	7.541354E+6	7.541354E+6	431.279692E+3	431.279692E+3	1.000059E+0	
4.742296E+3	233.587095E+0	235.920000E+0	-1.182502E+0	47.000000E+0	7.834501E+6	7.834501E+6	432.001567E+3	432.001567E+3	1.000074E+0	
4.747823E+3	233.495140E+0	235.760000E+0	-1.038619E+0	47.000000E+0	7.623083E+6	7.623083E+6	425.605853E+3	425.605853E+3	1.000301E+0	
4.753306E+3	233.403035E+0	235.670000E+0	-893.412830E-3	47.000000E+0	6.804973E+6	6.804973E+6	369.598639E+3	369.598639E+3	1.000331E+0	
4.758783E+3	233.311646E+0	235.600000E+0	-1.039594E+0	46.000000E+0	6.441270E+6	6.441270E+6	386.470816E+3	386.470816E+3	999.814000E-3	
4.764339E+3	233.220358E+0	235.510000E+0	-1.203331E+0	45.000000E+0	6.753713E+6	6.753713E+6	471.258699E+3	471.258699E+3	999.617000E-3	
4.769824E+3	233.127769E+0	235.350000E+0	-1.203038E+0	45.000000E+0	6.098597E+6	6.098597E+6	385.054282E+3	385.054282E+3	999.926000E-3	
4.775308E+3	233.036347E+0	235.280000E+0	-1.039041E+0	45.000000E+0	6.780483E+6	6.780483E+6	396.857840E+3	396.857840E+3	1.000189E+0	
4.780789E+3	232.944942E+0	235.190000E+0	-1.038916E+0	45.000000E+0	6.173659E+6	6.173659E+6	362.673622E+3	362.673622E+3	1.000071E+0	
4.786275E+3	232.853587E+0	235.030000E+0	-1.153232E+0	45.000000E+0	7.125128E+6	7.125128E+6	398.182725E+3	398.182725E+3	999.798000E-3	
4.791769E+3	232.762165E+0	234.880000E+0	-1.144229E+0	44.000000E+0	6.710015E+6	6.710015E+6	467.527019E+3	467.527019E+3	999.591000E-3	
4.797250E+3	232.670593E+0	234.790000E+0	-1.130699E+0	44.000000E+0	6.109915E+6	6.109915E+6	397.702975E+3	397.702975E+3	1.000132E+0	
4.802742E+3	232.579238E+0	234.720000E+0	-1.270331E+0	44.000000E+0	6.728480E+6	6.728480E+6	364.155958E+3	364.155958E+3	1.000054E+0	
4.808233E+3	232.487716E+0	234.630000E+0	-1.422994E+0	44.000000E+0	7.195097E+6	7.195097E+6	488.088553E+3	488.088553E+3	999.399000E-3	
4.813712E+3	232.396194E+0	234.540000E+0	-1.272327E+0	44.000000E+0	7.261377E+6	7.261377E+6	453.791125E+3	453.791125E+3	999.819000E-3	
4.819229E+3	232.304872E+0	234.470000E+0	-1.009218E+0	44.000000E+0	6.909185E+6	6.909185E+6	392.087077E+3	392.087077E+3	999.759000E-3	
4.824710E+3	232.212933E+0	234.310000E+0	-891.489543E-3	43.000000E+0	6.870995E+6	6.870995E+6	400.693872E+3	400.693872E+3	1.000142E+0	
4.830206E+3	232.121578E+0	234.230000E+0	-891.542589E-3	43.000000E+0	7.578789E+6	7.578789E+6	512.379653E+3	512.379653E+3	999.718000E-3	
4.835720E+3	232.029973E+0	234.160000E+0	-1.015413E+0	43.000000E+0	6.892712E+6	6.892712E+6	385.661587E+3	385.661587E+3	999.650000E-3	
4.841245E+3	231.938084E+0	234.070000E+0	-1.121003E+0	42.000000E+0	6.359893E+6	6.359893E+6	377.434332E+3	377.434332E+3	999.966000E-3	
4.846760E+3	231.845996E+0	233.910000E+0	-1.102544E+0	43.000000E+0	7.960565E+6	7.960565E+6	442.443295E+3	442.443295E+3	1.000245E+0	
4.852241E+3	231.754074E+0	233.820000E+0	-987.886596E-3	42.000000E+0	7.010520E+6	7.010520E+6	376.310625E+3	376.310625E+3	1.000261E+0	
4.857760E+3	231.662735E+0	233.750000E+0	-1.019700E+0	42.000000E+0	7.291485E+6	7.291485E+6	447.672552E+3	447.672552E+3	999.371000E-3	
4.863239E+3	231.570747E+0	233.670000E+0	-1.200320E+0	42.000000E+0	7.455145E+6	7.455145E+6	480.893976E+3	480.893976E+3	999.884000E-3	
4.868721E+3	231.479425E+0	233.510000E+0	-1.199102E+0	42.000000E+0	7.039855E+6	7.039855E+6	473.910902E+3	473.910902E+3	1.000293E+0	
4.874191E+3	231.388053E+0	233.440000E+0	-1.016905E+0	42.000000E+0	6.652368E+6	6.652368E+6	416.192123E+3	416.192123E+3	999.984000E-3	
4.879669E+3	231.296898E+0	233.260000E+0	-1.001227E+0	41.000000E+0	7.024793E+6	7.024793E+6	443.371717E+3	443.371717E+3	1.000471E+0	
4.885161E+3	231.205592E+0	233.190000E+0	-1.130865E+0	42.000000E+0	6.546952E+6	6.546952E+6	425.129313E+3	425.129313E+3	999.916000E-3	
4.890643E+3	231.114054E+0	233.110000E+0	-1.314100E+0	42.000000E+0	6.472124E+6	6.472124E+6	428.646339E+3	428.646339E+3	999.749000E-3	
4.896134E+3	231.022699E+0	232.950000E+0	-1.332719E+0	42.000000E+0	7.901644E+6	7.901644E+6	434.356725E+3	434.356725E+3	999.874000E-3	
4.901618E+3	230.931177E+0	232.880000E+0	-1.185699E+0	42.000000E+0	8.098041E+6	8.098041E+6	467.962108E+3	467.962108E+3	1.000189E+0	
4.907108E+3	230.839771E+0	232.720000E+0	-1.166056E+0	42.000000E+0	6.841723E+6	6.841723E+6	459.135997E+3	459.135997E+3	1.000123E+0	
4.912600E+3	230.748283E+0	232.640000E+0	-1.127934E+0	42.000000E+0	8.170712E+6	8.170712E+6	438.154776E+3	438.154776E+3	999.850000E-3	
4.918079E+3	230.656744E+0	232.480000E+0	-1.273235E+0	42.000000E+0	6.559219E+6	6.559219E+6	428.769685E+3	428.769685E+3	999.625000E-3	
4.923563E+3	230.565422E+0	232.390000E+0	-1.260625E+0	41.000000E+0	6.694911E+6	6.694911E+6	400.167392E+3	400.167392E+3	999.885000E-3	
4.929033E+3	230.474034E+0	232.240000E+0	-1.266168E+0	42.000000E+0	7.435363E+6	7.435363E+6	442.263365E+3	442.263365E+3	999.982000E-3	
4.934506E+3	230.382862E+0	232.160000E+0	-1.303745E+0	42.000000E+0	7.599491E+6	7.599491E+6	450.615595E+3	450.615595E+3	999.941000E-3	
4.939965E+3	230.291640E+0	232.010000E+0	-1.317470E+0	42.000000E+0	8.148186E+6	8.148186E+6	451.878719E+3	451.878719E+3	999.701000E-3	
4.945447E+3	230.200668E+0	231.920000E+0	-1.312727E+0	43.000000E+0	7.585953E+6	7.585953E+6	411.100576E+3	411.100576E+3	1.000132E+0	
4.950923E+3	230.109296E+0	231.840000E+0	-1.274998E+0	42.000000E+0	7.469365E+6	7.469365E+6	378.958178E+3	378.958178E+3	1.000148E+0	
4.956400E+3	230.018024E+0	231.680000E+0	-1.273764E+0	41.000000E+0	6.621957E+6	6.621957E+6	388.862402E+3	388.862402E+3	1.000048E+0	
4.961884E+3	229.926736E+0	231.610000E+0	-1.164902E+0	42.000000E+0	7.428506E+6	7.428506E+6	383.982314E+3	383.982314E+3	999.654000E-3	
4.967357E+3	229.835347E+0	231.450000E+0	-1.185035E+0	41.000000E+0	6.993671E+6	6.993671E+6	453.094622E+3	453.094622E+3	1.000025E+0	
4.972914E+3	229.744125E+0	231.370000E+0	-1.167879E+0	42.000000E+0	7.470143E+6	7.470143E+6	391.041542E+3	391.041542E+3	999.804000E-3	
4.978389E+3	229.651503E+0	231.210000E+0	-1.276474E+0	42.000000E+0	7.016884E+6	7.016884E+6	461.150877E+3	461.150877E+3	999.906000E-3	
4.983875E+3	229.560265E+0	231.140000E+0	-1.274561E+0	43.000000E+0	6.305328E+6	6.305328E+6	405.501261E+3	405.501261E+3	1.000025E+0	
4.989380E+3	229.468826E+0	231.060000E+0	-1.290254E+0	42.000000E+0	6.412996E+6	6.412996E+6	408.383022E+3	408.383022E+3	1.000235E+0	
4.994858E+3	229.377071E+0	230.900000E+0	-1.289189E+0	42.000000E+0	6.671558E+6	6.671558E+6	445.598932E+3	445.598932E+3	999.733000E-3	
5.000346E+3	229.285783E+0	230.820000E+0	-1.126243E+0	42.000000E+0	6.856477E+6	6.856477E+6	409.624220E+3	409.624220E+3	999.880000E-3	
5.005828E+3	229.194311E+0	230.660000E+0	-1.128781E+0	42.000000E+0	7.326268E+6	7.326268E+6	416.476107E+3	416.476107E+3	999.596000E-3	
5.011311E+3	229.102939E+0	230.590000E+0	-1.148576E+0	42.000000E+0	6.254468E+6	6.254468E+6	385.396736E+3	385.396736E+3	1.000277E+0	
5.016798E+3	229.011567E+0	230.500000E+0	-1.312755E+0	41.000000E+0	8.979682E+6	8.979682E+6	497.965508E+3	497.965508E+3	999.708000E-3	
5.022281E+3	228.920112E+0	230.430000E+0	-1.294640E+0	43.000000E+0	8.715917E+6	8.715917E+6	475.640690E+3	475.640690E+3	999.890000E-3	
5.027763E+3	228.828723E+0	230.280000E+0	-1.149035E+0	42.000000E+0	8.834889E+6	8.834889E+6	454.065041E+3	454.065041E+3	999.756000E-3	
5.033252E+3	228.737368E+0	230.190000E+0	-1.002979E+0	42.000000E+0	7.476520E+6	7.476520E+6	474.269050E+3	474.269050E+3	999.835000E-3	
5.038729E+3	228.645879E+0	230.040000E+0	-984.304635E-3	43.000000E+0	8.214131E+6	8.214131E+6	438.443222E+3	438.443222E+3	1.000399E+0	
5.044211E+3	228.554591E+0	229.880000E+0	-1.129829E+0	42.000000E+0	8.621546E+6	8.621546E+6	451.628889E+3	451.628889E+3	1.000358E+0	
5.049708E+3	228.463236E+0	229.880000E+0	-1.274454E+0	43.000000E+0	7.329131E+6	7.329131E+6	395.301275E+3	395.301275E+3	999.840000E-3	
5.055210E+3	228.371614E+0	229.730000E+0	-1.437316E+0	42.000000E+0	7.423370E+6	7.423370E+6	420.143324E+3	420.143324E+3	999.631000E-3	
5.060696E+3	228.279908E+0	229.640000E+0	-1.290809E+0	42.000000E+0	7.509260E+6	7.509260E+6	398.347728E+3	398.347728E+3	999.858000E-3	
5.066175E+3	228.188470E+0	229.570000E+0	-1.127713E+0	42.000000E+0	6.805424E+6	6.805424E+6	416.068876E+3	416.068876E+3	999.921000E-3	
5.071653E+3	228.097165E+0	229.420000E+0	-1.001242E+0	42.000000E+0	6.422788E+6	6.422788E+6	416.954540E+3	416.954540E+3	1.000285E+0	
5.077134E+3	228.005859E+0	229.330000E+0	-1.001375E+0	42.000000E+0	7.499610E+6	7.499610E+6	384.159604E+3	384.159604E+3	999.923000E-3	
5.082622E+3	227.914504E+0	229.260000E+0	-1.128377E+0	41.000000E+0	8.111707E+6	8.111707E+6	492.970144E+3	492.970144E+3	999.849000E-3	
5.088105E+3	227.823049E+0	229.180000E+0	-1.127622E+0	42.000000E+0	6.497707E+6	6.497707E+6	400.432015E+3	400.432015E+3	1.000192E+0	
5.093626E+3	227.731660E+0	229.110000E+0	-1.128099E+0	42.000000E+0	6.767343E+6	6.767343E+6	384.846024E+3	384.846024E+3	999.875000E-3	
5.099110E+3	227.639638E+0	229.030000E+0	-1.001496E+0	42.000000E+0	9.459018E+6	9.459018E+6	503.974262E+3	503.974262E+3	999.629000E-3	
5.104591E+3	227.548250E+0	228.870000E+0	-838.724304E-3	42.000000E+0	7.287229E+6	7.287229E+6	460.545680E+3	460.545680E+3	1.000245E+0	
5.110076E+3	227.456895E+0	228.800000E+0	-820.522047E-3	42.000000E+0	6.588743E+6	6.588743E+6	410.930600E+3	410.930600E+3	999.710000E-3	
5.115571E+3	227.365473E+0	228.720000E+0	-983.338659E-3	42.000000E+0	6.504730E+6	6.504730E+6	418.303078E+3	418.303078E+3	999.712000E-3	
5.121054E+3	227.273901E+0	228.650000E+0	-1.127320E+0	41.000000E+0	7.316426E+6	7.316426E+6	364.074047E+3	364.074047E+3	999.936000E-3	
5.126537E+3	227.182512E+0	228.560000E+0	-1.126302E+0	41.000000E+0	8.426161E+6	8.426161E+6	475.865701E+3	475.865701E+3	1.000101E+0	
5.132020E+3	227.091124E+0	228.490000E+0	-962.170308E-3	41.000000E+0	6.944031E+6	6.944031E+6	442.700882E+3	442.700882E+3	999.871000E-3	
5.137520E+3	226.999752E+0	228.410000E+0	-835.342123E-3	40.000000E+0	6.832177E+6	6.832177E+6	401.038393E+3	401.038393E+3	1.000094E+0	
5.143001E+3	226.908080E+0	228.340000E+0	-853.952358E-3	41.000000E+0	6.876765E+6	6.876765E+6	366.309205E+3	366.309205E+3	1.000363E+0	
5.148494E+3	226.816725E+0	228.190000E+0	-854.075875E-3	41.000000E+0	6.920947E+6	6.920947E+6	390.346689E+3	390.346689E+3	1.000146E+0	
5.154010E+3	226.725169E+0	228.100000E+0	-836.200912E-3	40.000000E+0	7.758383E+6	7.758383E+6	398.130189E+3	398.130189E+3	999.978000E-3	
5.159489E+3	226.633248E+0	228.030000E+0	-946.466622E-3	41.000000E+0	8.820385E+6	8.820385E+6	454.802858E+3	454.802858E+3	999.967000E-3	
5.164972E+3	226.541926E+0	227.950000E+0	-1.110911E+0	41.000000E+0	7.417673E+6	7.417673E+6	471.987684E+3	471.987684E+3	999.754000E-3	
5.170456E+3	226.450537E+0	227.880000E+0	-1.128892E+0	41.000000E+0	7.189740E+6	7.189740E+6	383.919327E+3	383.919327E+3	999.949000E-3	
5.175941E+3	226.359149E+0	227.720000E+0	-1.000810E+0	41.000000E+0	7.919404E+6	7.919404E+6	494.428164E+3	494.428164E+3	999.904000E-3	
5.181424E+3	226.267727E+0	227.640000E+0	-836.736512E-3	41.000000E+0	6.719343E+6	6.719343E+6	363.816850E+3	363.816850E+3	1.000107E+0	
5.186906E+3	226.176338E+0	227.560000E+0	-964.028414E-3	41.000000E+0	8.027343E+6	8.027343E+6	418.511236E+3	418.511236E+3	1.000207E+0	
5.192383E+3	226.084983E+0	227.490000E+0	-1.128232E+0	40.000000E+0	7.702881E+6	7.702881E+6	487.422013E+3	487.422013E+3	1.000065E+0	
5.197872E+3	225.993694E+0	227.400000E+0	-1.147311E+0	40.000000E+0	7.955701E+6	7.955701E+6	500.787652E+3	500.787652E+3	999.952000E-3	
5.203351E+3	225.902206E+0	227.250000E+0	-1.002711E+0	40.000000E+0	6.796466E+6	6.796466E+6	399.218378E+3	399.218378E+3	999.964000E-3	
5.208827E+3	225.810900E+0	227.180000E+0	-856.906577E-3	40.000000E+0	8.130965E+6	8.130965E+6	413.218438E+3	413.218438E+3	1.000190E+0	
5.214311E+3	225.719629E+0	227.100000E+0	-1.002498E+0	39.000000E+0	7.305884E+6	7.305884E+6	394.522000E+3	394.522000E+3	999.591000E-3	
5.219790E+3	225.628223E+0	227.030000E+0	-1.130231E+0	40.000000E+0	9.010246E+6	9.010246E+6	461.228260E+3	461.228260E+3	999.867000E-3	
5.225269E+3	225.536918E+0	226.950000E+0	-1.112455E+0	40.000000E+0	6.804574E+6	6.804574E+6	399.710727E+3	399.710727E+3	999.728000E-3	
5.230749E+3	225.445596E+0	226.790000E+0	-948.879246E-3	40.000000E+0	7.768646E+6	7.768646E+6	488.425674E+3	488.425674E+3	999.747000E-3	
5.236233E+3	225.354258E+0	226.720000E+0	-820.573480E-3	40.000000E+0	9.541855E+6	9.541855E+6	517.196297E+3	517.196297E+3	999.891000E-3	
5.241721E+3	225.262852E+0	226.570000E+0	-983.000953E-3	40.000000E+0	7.099212E+6	7.099212E+6	382.566723E+3	382.566723E+3	1.000137E+0	
5.247209E+3	225.171397E+0	226.490000E+0	-1.127935E+0	40.000000E+0	7.256030E+6	7.256030E+6	455.838171E+3	455.838171E+3	999.881000E-3	
5.252691E+3	225.079925E+0	226.340000E+0	-1.254383E+0	40.000000E+0	7.837658E+6	7.837658E+6	398.389120E+3	398.389120E+3	999.850000E-3	
5.258205E+3	224.988553E+0	226.270000E+0	-1.236167E+0	41.000000E+0	7.371794E+6	7.371794E+6	377.277417E+3	377.277417E+3	1.000205E+0	
5.263735E+3	224.896665E+0	226.180000E+0	-1.236854E+0	40.000000E+0	6.631671E+6	6.631671E+6	394.828615E+3	394.828615E+3	1.000255E+0	
5.269278E+3	224.804493E+0	226.030000E+0	-1.238676E+0	39.000000E+0	8.909399E+6	8.909399E+6	478.672606E+3	478.672606E+3	1.000080E+0	
5.274762E+3	224.712104E+0	225.960000E+0	-1.111524E+0	41.000000E+0	7.081300E+6	7.081300E+6	379.692591E+3	379.692591E+3	999.738000E-3	
5.280248E+3	224.620716E+0	225.880000E+0	-1.128247E+0	40.000000E+0	9.370521E+6	9.370521E+6	563.844640E+3	563.844640E+3	1.000022E+0	
5.285746E+3	224.529277E+0	225.810000E+0	-1.127881E+0	40.000000E+0	6.988332E+6	6.988332E+6	402.511703E+3	402.511703E+3	1.000240E+0	
5.291236E+3	224.437639E+0	225.740000E+0	-1.110148E+0	40.000000E+0	7.097799E+6	7.097799E+6	448.796592E+3	448.796592E+3	999.725000E-3	
5.296721E+3	224.346150E+0	225.590000E+0	-947.454502E-3	40.000000E+0	8.729103E+6	8.729103E+6	450.593575E+3	450.593575E+3	1.000006E+0	
5.302223E+3	224.254728E+0	225.510000E+0	-801.932913E-3	40.000000E+0	6.618593E+6	6.618593E+6	403.974715E+3	403.974715E+3	999.937000E-3	
5.307703E+3	224.163023E+0	225.440000E+0	-929.991509E-3	40.000000E+0	9.785018E+6	9.785018E+6	508.279475E+3	508.279475E+3	999.246000E-3	
5.313185E+3	224.071701E+0	225.360000E+0	-1.075465E+0	40.000000E+0	7.036105E+6	7.036105E+6	450.689461E+3	450.689461E+3	1.000112E+0	
5.318664E+3	223.980329E+0	225.200000E+0	-1.093232E+0	39.000000E+0	7.873022E+6	7.873022E+6	388.601118E+3	388.601118E+3	1.000110E+0	
5.324154E+3	223.889007E+0	225.140000E+0	-965.223634E-3	39.000000E+0	6.982013E+6	6.982013E+6	384.085991E+3	384.085991E+3	1.000313E+0	
5.329650E+3	223.797519E+0	225.050000E+0	-983.435870E-3	39.000000E+0	9.218532E+6	9.218532E+6	462.074532E+3	462.074532E+3	999.381000E-3	
5.335133E+3	223.705913E+0	225.050000E+0	-1.111556E+0	39.000000E+0	6.849781E+6	6.849781E+6	417.421233E+3	417.421233E+3	1.000068E+0	
5.340630E+3	223.614525E+0	224.980000E+0	-1.111307E+0	39.000000E+0	8.446405E+6	8.446405E+6	423.130861E+3	423.130861E+3	999.801000E-3	
5.346123E+3	223.522903E+0	224.900000E+0	-837.974646E-3	38.000000E+0	9.926554E+6	9.926554E+6	507.132222E+3	507.132222E+3	1.000001E+0	
5.351612E+3	223.431364E+0	224.750000E+0	-564.404127E-3	38.000000E+0	8.136048E+6	8.136048E+6	402.652779E+3	402.652779E+3	999.839000E-3	
5.357108E+3	223.339876E+0	224.750000E+0	-564.602966E-3	38.000000E+0	9.506638E+6	9.506638E+6	512.504755E+3	512.504755E+3	999.718000E-3	
5.362586E+3	223.248271E+0	224.680000E+0	-819.723404E-3	39.000000E+0	6.754761E+6	6.754761E+6	391.116288E+3	391.116288E+3	1.000245E+0	
5.368068E+3	223.156982E+0	224.600000E+0	-965.298281E-3	37.000000E+0	8.745148E+6	8.745148E+6	494.068019E+3	494.068019E+3	1.000270E+0	
5.373544E+3	223.065610E+0	224.530000E+0	-819.393503E-3	38.000000E+0	7.611125E+6	7.611125E+6	478.003957E+3	478.003957E+3	1.000178E+0	
5.379024E+3	222.974338E+0	224.450000E+0	-673.571275E-3	38.000000E+0	6.966302E+6	6.966302E+6	407.433468E+3	407.433468E+3	999.943000E-3	
5.384509E+3	222.883016E+0	224.380000E+0	-674.070007E-3	38.000000E+0	8.300340E+6	8.300340E+6	418.081487E+3	418.081487E+3	1.000274E+0	
5.389990E+3	222.791594E+0	224.300000E+0	-819.775945E-3	37.000000E+0	8.974906E+6	8.974906E+6	551.840546E+3	551.840546E+3	999.625000E-3	
5.395470E+3	222.700239E+0	224.230000E+0	-819.453216E-3	38.000000E+0	7.016760E+6	7.016760E+6	370.201347E+3	370.201347E+3	1.000169E+0	
5.400943E+3	222.608917E+0	224.150000E+0	-817.740215E-3	36.000000E+0	8.004491E+6	8.004491E+6	394.136717E+3	394.136717E+3	1.000001E+0	
5.406423E+3	222.517695E+0	224.000000E+0	-816.282652E-3	37.000000E+0	9.043279E+6	9.043279E+6	473.800054E+3	473.800054E+3	1.000458E+0	
5.411903E+3	222.426357E+0	223.930000E+0	-815.985421E-3	37.000000E+0	8.834773E+6	8.834773E+6	486.840710E+3	486.840710E+3	1.000008E+0	
5.417383E+3	222.335035E+0	223.850000E+0	-962.441804E-3	36.000000E+0	6.884563E+6	6.884563E+6	402.357192E+3	402.357192E+3	1.000327E+0	
5.422867E+3	222.243696E+0	223.780000E+0	-1.092157E+0	36.000000E+0	8.534865E+6	8.534865E+6	403.159423E+3	403.159423E+3	999.518000E-3	
5.428353E+3	222.152291E+0	223.710000E+0	-1.092752E+0	36.000000E+0	7.092687E+6	7.092687E+6	437.076181E+3	437.076181E+3	999.927000E-3	
5.433894E+3	222.060853E+0	223.630000E+0	-947.037664E-3	36.000000E+0	7.182145E+6	7.182145E+6	340.677723E+3	340.677723E+3	1.000401E+0	
5.439377E+3	221.968514E+0	223.560000E+0	-800.258797E-3	36.000000E+0	8.972782E+6	8.972782E+6	453.346192E+3	453.346192E+3	1.000196E+0	
5.444857E+3	221.877125E+0	223.480000E+0	-798.874207E-3	36.000000E+0	7.450548E+6	7.450548E+6	454.982485E+3	454.982485E+3	999.640000E-3	
5.450344E+3	221.785787E+0	223.410000E+0	-798.576857E-3	36.000000E+0	7.494479E+6	7.494479E+6	395.782456E+3	395.782456E+3	1.000438E+0	
5.455823E+3	221.694348E+0	223.330000E+0	-817.845468E-3	36.000000E+0	9.097306E+6	9.097306E+6	413.945764E+3	413.945764E+3	999.703000E-3	
5.461304E+3	221.603026E+0	223.180000E+0	-818.116342E-3	35.000000E+0	7.547744E+6	7.547744E+6	454.688443E+3	454.688443E+3	1.000529E+0	
5.466777E+3	221.511671E+0	223.110000E+0	-817.351195E-3	35.000000E+0	8.158372E+6	8.158372E+6	394.417258E+3	394.417258E+3	1.000298E+0	
5.472248E+3	221.420466E+0	223.030000E+0	-962.983892E-3	35.000000E+0	8.801488E+6	8.801488E+6	435.499208E+3	435.499208E+3	999.673000E-3	
5.477733E+3	221.329277E+0	222.960000E+0	-1.092317E+0	35.000000E+0	9.207358E+6	9.207358E+6	495.501427E+3	495.501427E+3	999.827000E-3	
5.483216E+3	221.237856E+0	222.810000E+0	-1.094151E+0	34.000000E+0	7.326570E+6	7.326570E+6	432.289148E+3	432.289148E+3	999.857000E-3	
5.488700E+3	221.146484E+0	222.810000E+0	-948.044366E-3	34.000000E+0	8.259683E+6	8.259683E+6	426.655110E+3	426.655110E+3	1.000578E+0	
5.494184E+3	221.055078E+0	222.730000E+0	-947.678754E-3	34.000000E+0	6.864232E+6	6.864232E+6	384.243943E+3	384.243943E+3	1.000050E+0	
5.499668E+3	220.963673E+0	222.660000E+0	-947.529156E-3	33.000000E+0	9.251416E+6	9.251416E+6	434.050527E+3	434.050527E+3	999.708000E-3	
5.505148E+3	220.872285E+0	222.590000E+0	-819.980462E-3	33.000000E+0	9.610893E+6	9.610893E+6	493.058360E+3	493.058360E+3	999.629000E-3	
5.510625E+3	220.780946E+0	222.510000E+0	-692.549695E-3	33.000000E+0	9.470963E+6	9.470963E+6	452.680178E+3	452.680178E+3	1.000039E+0	
5.516109E+3	220.689658E+0	222.450000E+0	-673.788722E-3	34.000000E+0	6.406615E+6	6.406615E+6	391.652257E+3	391.652257E+3	1.000393E+0	
5.521588E+3	220.598269E+0	222.360000E+0	-800.890183E-3	32.000000E+0	7.015433E+6	7.015433E+6	429.324865E+3	429.324865E+3	999.629000E-3	
5.527071E+3	220.506947E+0	222.300000E+0	-782.496938E-3	31.000000E+0	7.687236E+6	7.687236E+6	378.940290E+3	378.940290E+3	1.000340E+0	
5.532550E+3	220.415559E+0	222.150000E+0	-800.339021E-3	32.000000E+0	9.658344E+6	9.658344E+6	446.825780E+3	446.825780E+3	999.542000E-3	
5.538033E+3	220.324237E+0	222.070000E+0	-799.325763E-3	32.000000E+0	9.843542E+6	9.843542E+6	500.295334E+3	500.295334E+3	999.907000E-3	
5.543517E+3	220.232865E+0	222.000000E+0	-924.674562E-3	32.000000E+0	6.973590E+6	6.973590E+6	438.611169E+3	438.611169E+3	1.000222E+0	
5.549002E+3	220.141460E+0	221.850000E+0	-1.070534E+0	31.000000E+0	7.764606E+6	7.764606E+6	374.518559E+3	374.518559E+3	999.926000E-3	
5.554486E+3	220.050038E+0	221.770000E+0	-1.071498E+0	31.000000E+0	8.464740E+6	8.464740E+6	518.197207E+3	518.197207E+3	1.000109E+0	
5.559967E+3	219.958649E+0	221.630000E+0	-1.091134E+0	31.000000E+0	7.528064E+6	7.528064E+6	450.406718E+3	450.406718E+3	999.501000E-3	
5.565467E+3	219.867294E+0	221.550000E+0	-1.092432E+0	32.000000E+0	6.957170E+6	6.957170E+6	366.863700E+3	366.863700E+3	1.000441E+0	
5.570953E+3	219.775622E+0	221.490000E+0	-1.221462E+0	31.000000E+0	9.061424E+6	9.061424E+6	468.282298E+3	468.282298E+3	1.000200E+0	
5.576441E+3	219.684200E+0	221.340000E+0	-1.223326E+0	31.000000E+0	6.851271E+6	6.851271E+6	410.642598E+3	410.642598E+3	1.000080E+0	
5.581922E+3	219.592728E+0	221.260000E+0	-1.058907E+0	31.000000E+0	7.690506E+6	7.690506E+6	377.913592E+3	377.913592E+3	1.000381E+0	
5.587422E+3	219.501373E+0	221.110000E+0	-1.039876E+0	31.000000E+0	8.557736E+6	8.557736E+6	396.880883E+3	396.880883E+3	1.000057E+0	
5.592908E+3	219.409718E+0	220.970000E+0	-1.057188E+0	31.000000E+0	7.484392E+6	7.484392E+6	439.884025E+3	439.884025E+3	1.000289E+0	
5.598386E+3	219.318279E+0	220.890000E+0	-1.221071E+0	31.000000E+0	7.194502E+6	7.194502E+6	432.835552E+3	432.835552E+3	999.676000E-3	
5.603906E+3	219.226974E+0	220.830000E+0	-1.366875E+0	31.000000E+0	7.134960E+6	7.134960E+6	415.061358E+3	415.061358E+3	1.000036E+0	
5.609400E+3	219.134985E+0	220.750000E+0	-1.348320E+0	31.000000E+0	7.610665E+6	7.610665E+6	451.038339E+3	451.038339E+3	1.000498E+0	
5.614887E+3	219.043413E+0	220.600000E+0	-1.184413E+0	31.000000E+0	8.934343E+6	8.934343E+6	405.732797E+3	405.732797E+3	999.753000E-3	
5.620385E+3	218.951958E+0	220.530000E+0	-911.286139E-3	31.000000E+0	7.835241E+6	7.835241E+6	408.672989E+3	408.672989E+3	999.620000E-3	
5.625868E+3	218.860320E+0	220.380000E+0	-930.569183E-3	31.000000E+0	8.589763E+6	8.589763E+6	387.886465E+3	387.886465E+3	1.000192E+0	
5.631347E+3	218.768948E+0	220.320000E+0	-1.077426E+0	31.000000E+0	7.965767E+6	7.965767E+6	357.294155E+3	357.294155E+3	1.000341E+0	
5.636877E+3	218.677626E+0	220.240000E+0	-1.224515E+0	30.000000E+0	7.064776E+6	7.064776E+6	379.470152E+3	379.470152E+3	1.000019E+0	
5.642364E+3	218.585454E+0	220.170000E+0	-1.188453E+0	31.000000E+0	8.039828E+6	8.039828E+6	413.841331E+3	413.841331E+3	1.000235E+0	
5.647922E+3	218.494015E+0	220.020000E+0	-1.041899E+0	31.000000E+0	8.135520E+6	8.135520E+6	441.929839E+3	441.929839E+3	999.530000E-3	
5.653435E+3	218.401377E+0	219.940000E+0	-913.278654E-3	31.000000E+0	7.226658E+6	7.226658E+6	429.010918E+3	429.010918E+3	999.519000E-3	
5.658946E+3	218.309488E+0	219.790000E+0	-930.825246E-3	31.000000E+0	8.917640E+6	8.917640E+6	461.945956E+3	461.945956E+3	999.935000E-3	
5.664429E+3	218.217650E+0	219.730000E+0	-1.095156E+0	30.000000E+0	9.391052E+6	9.391052E+6	502.938967E+3	502.938967E+3	1.000147E+0	
5.669906E+3	218.126261E+0	219.580000E+0	-1.238295E+0	32.000000E+0	8.811086E+6	8.811086E+6	479.873105E+3	479.873105E+3	999.882000E-3	
5.675394E+3	218.034972E+0	219.430000E+0	-1.217581E+0	30.000000E+0	7.516753E+6	7.516753E+6	405.606915E+3	405.606915E+3	1.000104E+0	
5.680879E+3	217.943517E+0	219.370000E+0	-1.180934E+0	31.000000E+0	11.352033E+6	11.352033E+6	531.633348E+3	531.633348E+3	999.433000E-3	
5.686363E+3	217.852095E+0	219.220000E+0	-1.309783E+0	31.000000E+0	7.545635E+6	7.545635E+6	455.006414E+3	455.006414E+3	1.000023E+0	
5.691865E+3	217.760690E+0	219.070000E+0	-1.311482E+0	30.000000E+0	7.276732E+6	7.276732E+6	431.220896E+3	431.220896E+3	1.000114E+0	
5.697341E+3	217.669001E+0	219.010000E+0	-1.311307E+0	31.000000E+0	7.249068E+6	7.249068E+6	433.554492E+3	433.554492E+3	999.719000E-3	
5.702852E+3	217.577730E+0	218.930000E+0	-1.312352E+0	31.000000E+0	10.363386E+6	10.363386E+6	565.755627E+3	565.755627E+3	999.134000E-3	
5.708341E+3	217.485874E+0	218.780000E+0	-1.312980E+0	31.000000E+0	7.971893E+6	7.971893E+6	383.997609E+3	383.997609E+3	1.000074E+0	
5.713817E+3	217.394386E+0	218.710000E+0	-1.185215E+0	31.000000E+0	9.081019E+6	9.081019E+6	416.958931E+3	416.958931E+3	999.457000E-3	
5.719336E+3	217.303131E+0	218.570000E+0	-1.057602E+0	31.000000E+0	9.406039E+6	9.406039E+6	426.319255E+3	426.319255E+3	999.956000E-3	
5.724843E+3	217.211142E+0	218.500000E+0	-1.075842E+0	31.000000E+0	8.006066E+6	8.006066E+6	469.455782E+3	469.455782E+3	1.000358E+0	
5.730328E+3	217.119353E+0	218.420000E+0	-1.203432E+0	31.000000E+0	8.659131E+6	8.659131E+6	387.342046E+3	387.342046E+3	1.000476E+0	
5.735826E+3	217.027948E+0	218.360000E+0	-1.167111E+0	31.000000E+0	9.682410E+6	9.682410E+6	433.954501E+3	433.954501E+3	1.000193E+0	
5.741312E+3	216.936310E+0	218.280000E+0	-1.039577E+0	31.000000E+0	10.520943E+6	10.520943E+6	549.957904E+3	549.957904E+3	999.700000E-3	
5.746801E+3	216.844871E+0	218.140000E+0	-911.778005E-3	31.000000E+0	7.490400E+6	7.490400E+6	361.977685E+3	361.977685E+3	1.000268E+0	
5.752289E+3	216.753399E+0	218.000000E+0	-783.351940E-3	31.000000E+0	10.048955E+6	10.048955E+6	463.462312E+3	463.462312E+3	999.871000E-3	
5.757769E+3	216.661927E+0	217.920000E+0	-910.008953E-3	31.000000E+0	8.308081E+6	8.308081E+6	474.850498E+3	474.850498E+3	1.000293E+0	
5.763256E+3	216.570589E+0	217.850000E+0	-1.165701E+0	30.000000E+0	7.262409E+6	7.262409E+6	378.968196E+3	378.968196E+3	1.000179E+0	
5.768739E+3	216.479150E+0	217.790000E+0	-1.312731E+0	31.000000E+0	9.038211E+6	9.038211E+6	409.218256E+3	409.218256E+3	1.000078E+0	
5.774262E+3	216.387762E+0	217.710000E+0	-1.186049E+0	31.000000E+0	11.103976E+6	11.103976E+6	520.707463E+3	520.707463E+3	999.802000E-3	
5.779742E+3	216.295706E+0	217.560000E+0	-912.355102E-3	30.000000E+0	8.602934E+6	8.602934E+6	378.879904E+3	378.879904E+3	1.000005E+0	
5.785217E+3	216.204384E+0	217.500000E+0	-765.998610E-3	31.000000E+0	8.082898E+6	8.082898E+6	396.043805E+3	396.043805E+3	1.000097E+0	
5.790697E+3	216.113129E+0	217.420000E+0	-910.272549E-3	30.000000E+0	9.031748E+6	9.031748E+6	402.017512E+3	402.017512E+3	1.000537E+0	
5.796220E+3	216.021791E+0	217.350000E+0	-1.054890E+0	31.000000E+0	9.856727E+6	9.856727E+6	454.514539E+3	454.514539E+3	999.965000E-3	
5.801721E+3	215.929752E+0	217.210000E+0	-1.055030E+0	30.000000E+0	9.557389E+6	9.557389E+6	410.724527E+3	410.724527E+3	999.894000E-3	
5.807239E+3	215.838063E+0	217.140000E+0	-910.581407E-3	30.000000E+0	8.036764E+6	8.036764E+6	376.552583E+3	376.552583E+3	1.000336E+0	
5.812724E+3	215.746091E+0	217.060000E+0	-911.450473E-3	30.000000E+0	8.872649E+6	8.872649E+6	392.272889E+3	392.272889E+3	1.000125E+0	
5.818222E+3	215.654670E+0	217.000000E+0	-1.038680E+0	30.000000E+0	8.473259E+6	8.473259E+6	379.984754E+3	379.984754E+3	1.000353E+0	
5.823703E+3	215.563048E+0	216.930000E+0	-1.038680E+0	29.000000E+0	9.863422E+6	9.863422E+6	477.603550E+3	477.603550E+3	1.000151E+0	
5.829183E+3	215.471692E+0	216.850000E+0	-911.496874E-3	29.000000E+0	11.633000E+6	11.633000E+6	559.899895E+3	559.899895E+3	999.391000E-3	
5.834695E+3	215.380354E+0	216.790000E+0	-765.638081E-3	29.000000E+0	9.284832E+6	9.284832E+6	443.738977E+3	443.738977E+3	1.000255E+0	
5.840197E+3	215.288499E+0	216.710000E+0	-765.264404E-3	29.000000E+0	7.656524E+6	7.656524E+6	451.443338E+3	451.443338E+3	999.942000E-3	
5.845694E+3	215.196793E+0	216.580000E+0	-765.054986E-3	29.000000E+0	8.656555E+6	8.656555E+6	501.775199E+3	501.775199E+3	999.659000E-3	
5.851171E+3	215.105171E+0	216.500000E+0	-782.663387E-3	29.000000E+0	8.606820E+6	8.606820E+6	518.160682E+3	518.160682E+3	999.510000E-3	
5.856654E+3	215.013900E+0	216.350000E+0	-891.484554E-3	29.000000E+0	8.018455E+6	8.018455E+6	362.196490E+3	362.196490E+3	1.000623E+0	
5.862138E+3	214.922511E+0	216.290000E+0	-1.019470E+0	28.000000E+0	11.451639E+6	11.451639E+6	598.647719E+3	598.647719E+3	999.270000E-3	
5.867621E+3	214.831106E+0	216.220000E+0	-1.184579E+0	28.000000E+0	7.224113E+6	7.224113E+6	398.461316E+3	398.461316E+3	1.000034E+0	
5.873138E+3	214.739734E+0	216.140000E+0	-1.185485E+0	29.000000E+0	7.944230E+6	7.944230E+6	376.836629E+3	376.836629E+3	1.000258E+0	
5.878670E+3	214.647779E+0	216.080000E+0	-1.039404E+0	29.000000E+0	7.430497E+6	7.430497E+6	423.032622E+3	423.032622E+3	999.922000E-3	
5.884158E+3	214.555573E+0	215.930000E+0	-893.557070E-3	28.000000E+0	10.365056E+6	10.365056E+6	508.201991E+3	508.201991E+3	999.606000E-3	
5.889661E+3	214.464118E+0	215.870000E+0	-766.153276E-3	29.000000E+0	8.207418E+6	8.207418E+6	469.547021E+3	469.547021E+3	1.000156E+0	
5.895144E+3	214.372396E+0	215.790000E+0	-912.093678E-3	29.000000E+0	7.842603E+6	7.842603E+6	375.245002E+3	375.245002E+3	1.000324E+0	
5.900632E+3	214.281008E+0	215.720000E+0	-1.021432E+0	28.000000E+0	8.902734E+6	8.902734E+6	518.633651E+3	518.633651E+3	999.510000E-3	
5.906110E+3	214.189536E+0	215.580000E+0	-1.021525E+0	28.000000E+0	9.152439E+6	9.152439E+6	503.825387E+3	503.825387E+3	1.000087E+0	
5.911590E+3	214.098247E+0	215.440000E+0	-912.251918E-3	28.000000E+0	7.884267E+6	7.884267E+6	393.690852E+3	393.690852E+3	999.725000E-3	
5.917074E+3	214.006909E+0	215.440000E+0	-912.426598E-3	28.000000E+0	9.448762E+6	9.448762E+6	387.783447E+3	387.783447E+3	1.000057E+0	
5.922562E+3	213.915503E+0	215.290000E+0	-1.167886E+0	28.000000E+0	8.619550E+6	8.619550E+6	496.461512E+3	496.461512E+3	999.954000E-3	
5.928048E+3	213.824048E+0	215.230000E+0	-1.149663E+0	28.000000E+0	8.835483E+6	8.835483E+6	407.443895E+3	407.443895E+3	1.000000E+0	
5.933526E+3	213.732610E+0	215.160000E+0	-1.040150E+0	28.000000E+0	11.267365E+6	11.267365E+6	490.449628E+3	490.449628E+3	999.866000E-3	
5.939031E+3	213.641304E+0	215.090000E+0	-911.895819E-3	27.000000E+0	9.240107E+6	9.240107E+6	517.369005E+3	517.369005E+3	999.872000E-3	
5.944519E+3	213.549566E+0	215.020000E+0	-893.301161E-3	28.000000E+0	9.218390E+6	9.218390E+6	392.302729E+3	392.302729E+3	1.000011E+0	
5.950002E+3	213.458094E+0	214.880000E+0	-874.921022E-3	27.000000E+0	8.940980E+6	8.940980E+6	509.055541E+3	509.055541E+3	999.691000E-3	
5.955486E+3	213.366705E+0	214.810000E+0	-746.762116E-3	28.000000E+0	8.413789E+6	8.413789E+6	434.956646E+3	434.956646E+3	999.474000E-3	
5.960967E+3	213.275317E+0	214.740000E+0	-890.183284E-3	27.000000E+0	9.176325E+6	9.176325E+6	384.938543E+3	384.938543E+3	1.000403E+0	
5.966467E+3	213.183962E+0	214.590000E+0	-1.014236E+0	28.000000E+0	10.578906E+6	10.578906E+6	497.598646E+3	497.598646E+3	1.000024E+0	
5.971960E+3	213.092290E+0	214.530000E+0	-1.013520E+0	27.000000E+0	9.597323E+6	9.597323E+6	406.994148E+3	406.994148E+3	1.000329E+0	
5.977446E+3	213.000751E+0	214.460000E+0	-1.034318E+0	28.000000E+0	9.831639E+6	9.831639E+6	498.800511E+3	498.800511E+3	999.976000E-3	
5.982998E+3	212.909313E+0	214.320000E+0	-1.037391E+0	27.000000E+0	10.090365E+6	10.090365E+6	517.836965E+3	517.836965E+3	1.000157E+0	
5.988518E+3	212.816774E+0	214.260000E+0	-1.020090E+0	27.000000E+0	8.910195E+6	8.910195E+6	493.766153E+3	493.766153E+3	999.813000E-3	
5.994005E+3	212.724785E+0	214.180000E+0	-1.001683E+0	27.000000E+0	9.348887E+6	9.348887E+6	391.757060E+3	391.757060E+3	999.770000E-3	
5.999490E+3	212.633330E+0	214.110000E+0	-983.376471E-3	26.000000E+0	7.529462E+6	7.529462E+6	437.407742E+3	437.407742E+3	999.762000E-3	
6.004975E+3	212.541908E+0	213.970000E+0	-1.001718E+0	26.000000E+0	10.658516E+6	10.658516E+6	552.504796E+3	552.504796E+3	999.982000E-3	
6.010464E+3	212.450486E+0	213.910000E+0	-892.699105E-3	26.000000E+0	8.506551E+6	8.506551E+6	387.387272E+3	387.387272E+3	999.860000E-3	
6.015948E+3	212.359014E+0	213.830000E+0	-911.808104E-3	27.000000E+0	9.772694E+6	9.772694E+6	487.436499E+3	487.436499E+3	1.000333E+0	
6.021431E+3	212.267609E+0	213.690000E+0	-1.021513E+0	27.000000E+0	7.701694E+6	7.701694E+6	394.420055E+3	394.420055E+3	999.988000E-3	
6.026913E+3	212.176221E+0	213.620000E+0	-1.002710E+0	26.000000E+0	9.840799E+6	9.840799E+6	411.379955E+3	411.379955E+3	1.000514E+0	
6.032391E+3	212.084865E+0	213.480000E+0	-1.020297E+0	26.000000E+0	9.125570E+6	9.125570E+6	466.069148E+3	466.069148E+3	1.000345E+0	
6.037876E+3	211.993560E+0	213.420000E+0	-1.038112E+0	26.000000E+0	8.370082E+6	8.370082E+6	450.405994E+3	450.405994E+3	999.890000E-3	
6.043360E+3	211.902138E+0	213.350000E+0	-1.165412E+0	26.000000E+0	11.651690E+6	11.651690E+6	519.458042E+3	519.458042E+3	999.715000E-3	
6.048840E+3	211.810750E+0	213.270000E+0	-1.128915E+0	26.000000E+0	8.271675E+6	8.271675E+6	455.918384E+3	455.918384E+3	999.301000E-3	
6.054322E+3	211.719411E+0	213.130000E+0	-983.096098E-3	26.000000E+0	10.099252E+6	10.099252E+6	450.990099E+3	450.990099E+3	999.624000E-3	
6.059806E+3	211.628039E+0	213.070000E+0	-874.300274E-3	26.000000E+0	8.923811E+6	8.923811E+6	495.497546E+3	495.497546E+3	999.913000E-3	
6.065308E+3	211.536651E+0	213.000000E+0	-911.529082E-3	26.000000E+0	7.924520E+6	7.924520E+6	453.202791E+3	453.202791E+3	999.599000E-3	
6.070789E+3	211.444945E+0	212.860000E+0	-1.039865E+0	26.000000E+0	12.131817E+6	12.131817E+6	493.000970E+3	493.000970E+3	1.000147E+0	
6.076264E+3	211.353590E+0	212.800000E+0	-1.003804E+0	26.000000E+0	8.318119E+6	8.318119E+6	353.754366E+3	353.754366E+3	1.000337E+0	
6.081753E+3	211.262352E+0	212.660000E+0	-985.380174E-3	25.000000E+0	7.503324E+6	7.503324E+6	403.631998E+3	403.631998E+3	999.893000E-3	
6.087261E+3	211.170863E+0	212.660000E+0	-985.113876E-3	25.000000E+0	12.416095E+6	12.416095E+6	572.187034E+3	572.187034E+3	999.744000E-3	
6.092783E+3	211.079058E+0	212.520000E+0	-1.112736E+0	25.000000E+0	8.267613E+6	8.267613E+6	444.436631E+3	444.436631E+3	999.389000E-3	
6.098270E+3	210.987019E+0	212.450000E+0	-985.332013E-3	26.000000E+0	11.408808E+6	11.408808E+6	487.615516E+3	487.615516E+3	999.982000E-3	
6.103754E+3	210.895581E+0	212.310000E+0	-876.212184E-3	25.000000E+0	9.057411E+6	9.057411E+6	515.650480E+3	515.650480E+3	999.757000E-3	
6.109229E+3	210.804175E+0	212.250000E+0	-894.494276E-3	25.000000E+0	8.863986E+6	8.863986E+6	500.026598E+3	500.026598E+3	999.769000E-3	
6.114747E+3	210.712920E+0	212.110000E+0	-1.022073E+0	25.000000E+0	7.773641E+6	7.773641E+6	396.683773E+3	396.683773E+3	999.768000E-3	
6.120232E+3	210.620965E+0	212.040000E+0	-1.131259E+0	25.000000E+0	10.500987E+6	10.500987E+6	450.640420E+3	450.640420E+3	1.000219E+0	
6.125717E+3	210.529543E+0	211.970000E+0	-1.112644E+0	26.000000E+0	7.095602E+6	7.095602E+6	362.939841E+3	362.939841E+3	1.000196E+0	
6.131205E+3	210.438121E+0	211.840000E+0	-1.110315E+0	25.000000E+0	12.302880E+6	12.302880E+6	518.397736E+3	518.397736E+3	999.732000E-3	
6.136686E+3	210.346666E+0	211.760000E+0	-999.505801E-3	25.000000E+0	11.574048E+6	11.574048E+6	486.751939E+3	486.751939E+3	999.882000E-3	
6.142170E+3	210.255311E+0	211.700000E+0	-999.738610E-3	25.000000E+0	7.672372E+6	7.672372E+6	409.774436E+3	409.774436E+3	1.000017E+0	
6.147656E+3	210.163906E+0	211.620000E+0	-1.001823E+0	24.000000E+0	9.878941E+6	9.878941E+6	401.843067E+3	401.843067E+3	999.650000E-3	
6.153154E+3	210.072484E+0	211.490000E+0	-1.003166E+0	25.000000E+0	9.978559E+6	9.978559E+6	397.685324E+3	397.685324E+3	1.000151E+0	
6.158636E+3	209.980845E+0	211.420000E+0	-893.783292E-3	24.000000E+0	8.664844E+6	8.664844E+6	484.202773E+3	484.202773E+3	999.923000E-3	
6.164154E+3	209.889473E+0	211.350000E+0	-894.237838E-3	24.000000E+0	7.981126E+6	7.981126E+6	381.852295E+3	381.852295E+3	999.636000E-3	
6.169641E+3	209.797518E+0	211.210000E+0	-1.004404E+0	24.000000E+0	11.073962E+6	11.073962E+6	484.434850E+3	484.434850E+3	1.000311E+0	
6.175153E+3	209.706063E+0	211.150000E+0	-1.004497E+0	24.000000E+0	10.615888E+6	10.615888E+6	442.315857E+3	442.315857E+3	1.000229E+0	
6.180654E+3	209.614191E+0	211.090000E+0	-1.004008E+0	24.000000E+0	8.579849E+6	8.579849E+6	475.652249E+3	475.652249E+3	999.724000E-3	
6.186157E+3	209.522519E+0	210.950000E+0	-1.003241E+0	24.000000E+0	7.829732E+6	7.829732E+6	361.625176E+3	361.625176E+3	1.000170E+0	
6.191641E+3	209.430797E+0	210.880000E+0	-966.494001E-3	25.000000E+0	11.279555E+6	11.279555E+6	536.742638E+3	536.742638E+3	999.707000E-3	
6.197124E+3	209.339392E+0	210.810000E+0	-948.258516E-3	24.000000E+0	8.777767E+6	8.777767E+6	392.359343E+3	392.359343E+3	1.000051E+0	
6.202632E+3	209.248003E+0	210.680000E+0	-966.600452E-3	24.000000E+0	8.653818E+6	8.653818E+6	480.251082E+3	480.251082E+3	999.516000E-3	
6.208119E+3	209.156215E+0	210.600000E+0	-1.003324E+0	24.000000E+0	10.496128E+6	10.496128E+6	425.860441E+3	425.860441E+3	1.000281E+0	
6.213600E+3	209.064759E+0	210.540000E+0	-1.003557E+0	24.000000E+0	10.100545E+6	10.100545E+6	529.390971E+3	529.390971E+3	1.000055E+0	
6.219107E+3	208.973404E+0	210.400000E+0	-1.003592E+0	23.000000E+0	8.089409E+6	8.089409E+6	339.708141E+3	339.708141E+3	1.000579E+0	
6.224590E+3	208.881632E+0	210.340000E+0	-1.003476E+0	24.000000E+0	13.076763E+6	13.076763E+6	540.468402E+3	540.468402E+3	999.457000E-3	
6.230068E+3	208.790244E+0	210.260000E+0	-1.003409E+0	24.000000E+0	9.000657E+6	9.000657E+6	367.309942E+3	367.309942E+3	1.000423E+0	
6.235555E+3	208.698938E+0	210.140000E+0	-985.198605E-3	23.000000E+0	8.087689E+6	8.087689E+6	436.738656E+3	436.738656E+3	999.881000E-3	
6.241038E+3	208.607500E+0	210.060000E+0	-985.105451E-3	23.000000E+0	9.451659E+6	9.451659E+6	400.718269E+3	400.718269E+3	1.000080E+0	
6.246521E+3	208.516111E+0	209.930000E+0	-984.872600E-3	23.000000E+0	10.110180E+6	10.110180E+6	410.129397E+3	410.129397E+3	1.000099E+0	
6.252024E+3	208.424723E+0	209.860000E+0	-984.639690E-3	24.000000E+0	10.784131E+6	10.784131E+6	522.331824E+3	522.331824E+3	1.000336E+0	
6.257509E+3	208.333017E+0	209.730000E+0	-1.112370E+0	23.000000E+0	8.262094E+6	8.262094E+6	455.260550E+3	455.260550E+3	1.000457E+0	
6.262988E+3	208.241596E+0	209.660000E+0	-1.111971E+0	23.000000E+0	8.421122E+6	8.421122E+6	459.971366E+3	459.971366E+3	999.924000E-3	
6.268508E+3	208.150274E+0	209.590000E+0	-1.111407E+0	23.000000E+0	7.760795E+6	7.760795E+6	422.388639E+3	422.388639E+3	1.000056E+0	
6.274012E+3	208.058285E+0	209.530000E+0	-1.092867E+0	23.000000E+0	10.693228E+6	10.693228E+6	455.579330E+3	455.579330E+3	999.496000E-3	
6.279522E+3	207.966547E+0	209.450000E+0	-983.872585E-3	23.000000E+0	10.694513E+6	10.694513E+6	486.272727E+3	486.272727E+3	999.937000E-3	
6.285022E+3	207.874708E+0	209.330000E+0	-856.541141E-3	22.000000E+0	9.396645E+6	9.396645E+6	488.830937E+3	488.830937E+3	999.897000E-3	
6.290530E+3	207.783036E+0	209.250000E+0	-746.909328E-3	23.000000E+0	8.764759E+6	8.764759E+6	392.188732E+3	392.188732E+3	1.000322E+0	
6.296072E+3	207.691247E+0	209.190000E+0	-856.468573E-3	22.000000E+0	8.773667E+6	8.773667E+6	372.302632E+3	372.302632E+3	1.000198E+0	
6.301554E+3	207.598875E+0	209.050000E+0	-983.402700E-3	22.000000E+0	12.377897E+6	12.377897E+6	515.180783E+3	515.180783E+3	999.639000E-3	
6.307035E+3	207.507504E+0	208.990000E+0	-982.754680E-3	22.000000E+0	12.869739E+6	12.869739E+6	605.753636E+3	605.753636E+3	999.850000E-3	
6.312563E+3	207.416165E+0	208.850000E+0	-982.189918E-3	21.000000E+0	9.404976E+6	9.404976E+6	389.809067E+3	389.809067E+3	999.937000E-3	
6.318069E+3	207.324026E+0	208.790000E+0	-982.587235E-3	22.000000E+0	7.421837E+6	7.421837E+6	386.751503E+3	386.751503E+3	1.000241E+0	
6.323554E+3	207.232255E+0	208.730000E+0	-1.092635E+0	21.000000E+0	9.534499E+6	9.534499E+6	373.444201E+3	373.444201E+3	1.000455E+0	
6.329034E+3	207.140849E+0	208.590000E+0	-1.093299E+0	21.000000E+0	10.686952E+6	10.686952E+6	463.256038E+3	463.256038E+3	1.000085E+0	
6.334547E+3	207.049511E+0	208.530000E+0	-947.178199E-3	21.000000E+0	9.658603E+6	9.658603E+6	406.583905E+3	406.583905E+3	999.762000E-3	
6.340034E+3	206.957622E+0	208.450000E+0	-945.987776E-3	21.000000E+0	8.540138E+6	8.540138E+6	459.473190E+3	459.473190E+3	1.000221E+0	
6.345516E+3	206.866184E+0	208.330000E+0	-943.245333E-3	21.000000E+0	8.036472E+6	8.036472E+6	392.498996E+3	392.498996E+3	1.000139E+0	
6.350996E+3	206.774812E+0	208.250000E+0	-978.152889E-3	20.000000E+0	10.586895E+6	10.586895E+6	461.558428E+3	461.558428E+3	999.297000E-3	
6.356472E+3	206.683473E+0	208.130000E+0	-977.922298E-3	21.000000E+0	10.745217E+6	10.745217E+6	422.694540E+3	422.694540E+3	999.735000E-3	
6.361964E+3	206.592218E+0	208.050000E+0	-979.602507E-3	21.000000E+0	8.249608E+6	8.249608E+6	459.989277E+3	459.989277E+3	1.000100E+0	
6.367449E+3	206.500679E+0	207.930000E+0	-1.091647E+0	21.000000E+0	8.793843E+6	8.793843E+6	398.210045E+3	398.210045E+3	999.772000E-3	
6.372935E+3	206.409257E+0	207.850000E+0	-1.093599E+0	21.000000E+0	9.431959E+6	9.431959E+6	409.046316E+3	409.046316E+3	999.882000E-3	
6.378443E+3	206.317836E+0	207.790000E+0	-1.094296E+0	21.000000E+0	11.233202E+6	11.233202E+6	438.792135E+3	438.792135E+3	999.755000E-3	
6.383918E+3	206.226030E+0	207.650000E+0	-1.093996E+0	21.000000E+0	9.476869E+6	9.476869E+6	383.568653E+3	383.568653E+3	1.000094E+0	
6.389400E+3	206.134775E+0	207.590000E+0	-984.065156E-3	20.000000E+0	10.301958E+6	10.301958E+6	419.709458E+3	419.709458E+3	999.908000E-3	
6.394886E+3	206.043403E+0	207.530000E+0	-983.899097E-3	20.000000E+0	12.772170E+6	12.772170E+6	549.086379E+3	549.086379E+3	999.550000E-3	
6.400369E+3	205.951981E+0	207.470000E+0	-983.301701E-3	20.000000E+0	10.839252E+6	10.839252E+6	524.466125E+3	524.466125E+3	999.921000E-3	
6.405852E+3	205.860593E+0	207.330000E+0	-946.592584E-3	20.000000E+0	9.620875E+6	9.620875E+6	519.037999E+3	519.037999E+3	1.000090E+0	
6.411362E+3	205.769204E+0	207.190000E+0	-801.100825E-3	20.000000E+0	11.809436E+6	11.809436E+6	559.772083E+3	559.772083E+3	1.000023E+0	
6.416879E+3	205.677382E+0	207.130000E+0	-800.869047E-3	20.000000E+0	10.662488E+6	10.662488E+6	462.829123E+3	462.829123E+3	1.000248E+0	
6.422362E+3	205.585427E+0	207.070000E+0	-1.090561E+0	19.000000E+0	8.025165E+6	8.025165E+6	412.674587E+3	412.674587E+3	999.775000E-3	
6.427862E+3	205.494038E+0	206.990000E+0	-1.235589E+0	19.000000E+0	8.470246E+6	8.470246E+6	390.607267E+3	390.607267E+3	1.000082E+0	
6.433352E+3	205.402383E+0	206.870000E+0	-1.090302E+0	20.000000E+0	11.595930E+6	11.595930E+6	549.484058E+3	549.484058E+3	1.000149E+0	
6.438832E+3	205.310878E+0	206.730000E+0	-837.341886E-3	20.000000E+0	9.205911E+6	9.205911E+6	490.416130E+3	490.416130E+3	999.946000E-3	
6.444355E+3	205.219539E+0	206.670000E+0	-837.905652E-3	20.000000E+0	7.974015E+6	7.974015E+6	426.785999E+3	426.785999E+3	1.000101E+0	
6.449863E+3	205.127501E+0	206.600000E+0	-1.093113E+0	19.000000E+0	9.416516E+6	9.416516E+6	369.058380E+3	369.058380E+3	1.000034E+0	
6.455375E+3	205.035696E+0	206.540000E+0	-1.202887E+0	19.000000E+0	8.861465E+6	8.861465E+6	449.061199E+3	449.061199E+3	1.000548E+0	
6.460855E+3	204.943824E+0	206.410000E+0	-1.075493E+0	20.000000E+0	10.019842E+6	10.019842E+6	480.744191E+3	480.744191E+3	1.000381E+0	
6.466334E+3	204.852502E+0	206.340000E+0	-838.777439E-3	19.000000E+0	9.551332E+6	9.551332E+6	474.926000E+3	474.926000E+3	1.000311E+0	
6.471817E+3	204.761180E+0	206.220000E+0	-819.347473E-3	19.000000E+0	10.633539E+6	10.633539E+6	509.642591E+3	509.642591E+3	999.659000E-3	
6.477300E+3	204.669791E+0	206.140000E+0	-945.814017E-3	19.000000E+0	10.325589E+6	10.325589E+6	536.255679E+3	536.255679E+3	999.930000E-3	
6.482782E+3	204.578403E+0	206.020000E+0	-1.055681E+0	19.000000E+0	8.066379E+6	8.066379E+6	426.904781E+3	426.904781E+3	1.000473E+0	
6.488266E+3	204.487048E+0	205.940000E+0	-1.075544E+0	19.000000E+0	10.657003E+6	10.657003E+6	434.646131E+3	434.646131E+3	999.840000E-3	
6.493764E+3	204.395642E+0	205.820000E+0	-1.075544E+0	19.000000E+0	9.258522E+6	9.258522E+6	444.891627E+3	444.891627E+3	999.550000E-3	
6.499245E+3	204.304004E+0	205.750000E+0	-1.091516E+0	19.000000E+0	9.026327E+6	9.026327E+6	372.405235E+3	372.405235E+3	1.000117E+0	
6.504727E+3	204.212665E+0	205.620000E+0	-1.089395E+0	19.000000E+0	9.559295E+6	9.559295E+6	369.420816E+3	369.420816E+3	1.000189E+0	
6.510216E+3	204.121293E+0	205.490000E+0	-1.071186E+0	19.000000E+0	13.317999E+6	13.317999E+6	586.757261E+3	586.757261E+3	999.649000E-3	
6.515705E+3	204.029805E+0	205.430000E+0	-1.072541E+0	19.000000E+0	10.033096E+6	10.033096E+6	409.556314E+3	409.556314E+3	999.497000E-3	
6.521185E+3	203.938333E+0	205.370000E+0	-1.183200E+0	19.000000E+0	8.877138E+6	8.877138E+6	370.087898E+3	370.087898E+3	999.832000E-3	
6.526662E+3	203.846994E+0	205.230000E+0	-1.184523E+0	18.000000E+0	12.263751E+6	12.263751E+6	442.363837E+3	442.363837E+3	999.741000E-3	
6.532146E+3	203.755706E+0	205.170000E+0	-1.038659E+0	19.000000E+0	11.533960E+6	11.533960E+6	515.676891E+3	515.676891E+3	1.000225E+0	
6.537634E+3	203.664317E+0	205.040000E+0	-928.198216E-3	19.000000E+0	8.999955E+6	8.999955E+6	362.868838E+3	362.868838E+3	1.000435E+0	
6.543125E+3	203.572845E+0	204.970000E+0	-945.182961E-3	19.000000E+0	9.070333E+6	9.070333E+6	415.142027E+3	415.142027E+3	999.460000E-3	
6.548655E+3	203.481323E+0	204.910000E+0	-1.073120E+0	19.000000E+0	8.805308E+6	8.805308E+6	367.097967E+3	367.097967E+3	1.000371E+0	
6.554153E+3	203.389168E+0	204.780000E+0	-1.074909E+0	18.000000E+0	8.204971E+6	8.204971E+6	401.911403E+3	401.911403E+3	1.000186E+0	
6.559635E+3	203.297529E+0	204.640000E+0	-948.321988E-3	18.000000E+0	8.510015E+6	8.510015E+6	385.062117E+3	385.062117E+3	1.000097E+0	
6.565114E+3	203.206158E+0	204.580000E+0	-948.543051E-3	18.000000E+0	9.916364E+6	9.916364E+6	497.535456E+3	497.535456E+3	999.867000E-3	
6.570592E+3	203.114852E+0	204.460000E+0	-1.074493E+0	19.000000E+0	10.130297E+6	10.130297E+6	510.857230E+3	510.857230E+3	999.759000E-3	
6.576071E+3	203.023547E+0	204.390000E+0	-1.199434E+0	18.000000E+0	13.066715E+6	13.066715E+6	497.098798E+3	497.098798E+3	999.865000E-3	
6.581559E+3	202.932225E+0	204.330000E+0	-1.179618E+0	18.000000E+0	8.517785E+6	8.517785E+6	431.248936E+3	431.248936E+3	1.000499E+0	
6.587072E+3	202.840753E+0	204.190000E+0	-1.034442E+0	19.000000E+0	11.269454E+6	11.269454E+6	408.016901E+3	408.016901E+3	1.000164E+0	
6.592555E+3	202.748881E+0	204.130000E+0	-909.090130E-3	18.000000E+0	11.684706E+6	11.684706E+6	508.295362E+3	508.295362E+3	1.000094E+0	
6.598044E+3	202.657493E+0	204.010000E+0	-946.977140E-3	18.000000E+0	8.683844E+6	8.683844E+6	408.403544E+3	408.403544E+3	999.771000E-3	
6.603548E+3	202.566004E+0	203.940000E+0	-966.004255E-3	18.000000E+0	12.639600E+6	12.639600E+6	466.904792E+3	466.904792E+3	999.666000E-3	
6.609024E+3	202.474282E+0	203.880000E+0	-1.057891E+0	18.000000E+0	9.727724E+6	9.727724E+6	381.432876E+3	381.432876E+3	1.000691E+0	
6.614548E+3	202.383010E+0	203.740000E+0	-1.039884E+0	18.000000E+0	13.732953E+6	13.732953E+6	530.976246E+3	530.976246E+3	1.000171E+0	
6.620030E+3	202.290939E+0	203.680000E+0	-912.082166E-3	18.000000E+0	8.385883E+6	8.385883E+6	425.960409E+3	425.960409E+3	999.765000E-3	
6.625520E+3	202.199583E+0	203.620000E+0	-948.054149E-3	18.000000E+0	9.770398E+6	9.770398E+6	520.300127E+3	520.300127E+3	999.414000E-3	
6.631048E+3	202.108078E+0	203.490000E+0	-966.294623E-3	17.000000E+0	12.379923E+6	12.379923E+6	490.871395E+3	490.871395E+3	1.000174E+0	
6.636595E+3	202.015939E+0	203.430000E+0	-947.846682E-3	17.000000E+0	8.412833E+6	8.412833E+6	366.352704E+3	366.352704E+3	1.000370E+0	
6.642078E+3	201.923501E+0	203.370000E+0	-929.022608E-3	16.000000E+0	12.385339E+6	12.385339E+6	481.506934E+3	481.506934E+3	1.000240E+0	
6.647557E+3	201.832112E+0	203.310000E+0	-910.561020E-3	17.000000E+0	12.467639E+6	12.467639E+6	538.215488E+3	538.215488E+3	999.780000E-3	
6.653039E+3	201.740790E+0	203.170000E+0	-910.879869E-3	16.000000E+0	10.674189E+6	10.674189E+6	501.996157E+3	501.996157E+3	999.958000E-3	
6.658529E+3	201.649435E+0	203.110000E+0	-784.079359E-3	16.000000E+0	10.231382E+6	10.231382E+6	405.460594E+3	405.460594E+3	999.606000E-3	
6.664022E+3	201.557930E+0	203.040000E+0	-801.976168E-3	16.000000E+0	10.812662E+6	10.812662E+6	526.092128E+3	526.092128E+3	999.955000E-3	
6.669522E+3	201.466375E+0	202.980000E+0	-947.010605E-3	16.000000E+0	9.209340E+6	9.209340E+6	486.082712E+3	486.082712E+3	999.858000E-3	
6.675046E+3	201.374703E+0	202.860000E+0	-964.948685E-3	16.000000E+0	8.608178E+6	8.608178E+6	435.994663E+3	435.994663E+3	1.000012E+0	
6.680558E+3	201.282648E+0	202.790000E+0	-836.240425E-3	15.000000E+0	10.549641E+6	10.549641E+6	523.237653E+3	523.237653E+3	999.684000E-3	
6.686077E+3	201.190776E+0	202.730000E+0	-797.515491E-3	15.000000E+0	12.773930E+6	12.773930E+6	505.527157E+3	505.527157E+3	999.560000E-3	
6.691566E+3	201.098787E+0	202.670000E+0	-905.938194E-3	15.000000E+0	9.744251E+6	9.744251E+6	396.652699E+3	396.652699E+3	999.955000E-3	
6.697047E+3	201.007315E+0	202.530000E+0	-907.355019E-3	15.000000E+0	10.127425E+6	10.127425E+6	379.140514E+3	379.140514E+3	1.000387E+0	
6.702533E+3	200.915960E+0	202.470000E+0	-800.965710E-3	15.000000E+0	14.258060E+6	14.258060E+6	575.271041E+3	575.271041E+3	999.490000E-3	
6.708018E+3	200.824521E+0	202.340000E+0	-820.229512E-3	15.000000E+0	12.837314E+6	12.837314E+6	549.666153E+3	549.666153E+3	999.770000E-3	
6.713504E+3	200.733116E+0	202.280000E+0	-947.819735E-3	15.000000E+0	9.609316E+6	9.609316E+6	470.659489E+3	470.659489E+3	999.561000E-3	
6.718987E+3	200.641678E+0	202.160000E+0	-1.075528E+0	15.000000E+0	8.695818E+6	8.695818E+6	377.371533E+3	377.371533E+3	1.000106E+0	
6.724515E+3	200.550289E+0	202.090000E+0	-1.057587E+0	15.000000E+0	13.692427E+6	13.692427E+6	532.087099E+3	532.087099E+3	999.821000E-3	
6.730025E+3	200.458167E+0	201.970000E+0	-1.021522E+0	15.000000E+0	9.107522E+6	9.107522E+6	360.203989E+3	360.203989E+3	1.000097E+0	
6.735502E+3	200.366328E+0	201.840000E+0	-1.021648E+0	15.000000E+0	10.818052E+6	10.818052E+6	391.623377E+3	391.623377E+3	999.588000E-3	
6.740982E+3	200.275040E+0	201.780000E+0	-1.021522E+0	14.000000E+0	12.730396E+6	12.730396E+6	460.938495E+3	460.938495E+3	999.718000E-3	
6.746515E+3	200.183718E+0	201.720000E+0	-1.149097E+0	14.000000E+0	9.287081E+6	9.287081E+6	409.273707E+3	409.273707E+3	999.940000E-3	
6.751998E+3	200.091496E+0	201.590000E+0	-1.149128E+0	14.000000E+0	9.990988E+6	9.990988E+6	380.552503E+3	380.552503E+3	999.998000E-3	
6.757481E+3	200.000108E+0	201.530000E+0	-1.021551E+0	14.000000E+0	12.175371E+6	12.175371E+6	532.322863E+3	532.322863E+3	1.000085E+0	
6.762965E+3	200.000000E+0	201.470000E+0	-911.404460E-3	14.000000E+0	8.230467E+6	8.230467E+6	397.152498E+3	397.152498E+3	1.000084E+0	
6.768478E+3	200.000000E+0	201.330000E+0	-910.741679E-3	14.000000E+0	10.469378E+6	10.469378E+6	523.162688E+3	523.162688E+3	1.000035E+0	
6.773962E+3	200.000000E+0	201.270000E+0	-910.941458E-3	14.000000E+0	8.950090E+6	8.950090E+6	451.231196E+3	451.231196E+3	999.546000E-3	
6.779443E+3	200.000000E+0	201.150000E+0	-929.877729E-3	15.000000E+0	9.490957E+6	9.490957E+6	476.767245E+3	476.767245E+3	1.000252E+0	
6.784924E+3	200.000000E+0	201.080000E+0	-947.623019E-3	16.000000E+0	9.020866E+6	9.020866E+6	417.749211E+3	417.749211E+3	999.963000E-3	
6.790411E+3	200.000000E+0	201.020000E+0	-1.054921E+0	16.000000E+0	11.808659E+6	11.808659E+6	437.737744E+3	437.737744E+3	999.603000E-3	
6.795899E+3	200.000000E+0	200.900000E+0	-1.035262E+0	16.000000E+0	14.044330E+6	14.044330E+6	501.081917E+3	501.081917E+3	999.535000E-3	
6.801384E+3	200.000000E+0	200.830000E+0	-908.544154E-3	16.000000E+0	12.476709E+6	12.476709E+6	455.108533E+3	455.108533E+3	1.000133E+0	
6.806862E+3	200.000000E+0	200.710000E+0	-910.658547E-3	17.000000E+0	13.546802E+6	13.546802E+6	523.584011E+3	523.584011E+3	999.754000E-3	
6.812363E+3	200.000000E+0	200.640000E+0	-911.160992E-3	18.000000E+0	13.216825E+6	13.216825E+6	537.007666E+3	537.007666E+3	999.985000E-3	
6.817846E+3	200.000000E+0	200.580000E+0	-1.019537E+0	18.000000E+0	12.548632E+6	12.548632E+6	463.946048E+3	463.946048E+3	1.000126E+0	
6.823345E+3	200.000000E+0	200.460000E+0	-1.037438E+0	19.000000E+0	11.680019E+6	11.680019E+6	416.343571E+3	416.343571E+3	1.000160E+0	
6.828824E+3	200.000000E+0	200.410000E+0	-928.704726E-3	20.000000E+0	8.955685E+6	8.955685E+6	348.979409E+3	348.979409E+3	1.000350E+0	
a