Tiempo (min),I pulso (mA),I bias (mA),Vinst 1 (V),Rinst 1 (Ohm),Rrem 1 (Ohm),Vbias 1 (V),Vinst 2 (V),Rinst 2 (Ohm),Rrem 2 (Ohm),Vbias 2 (V),Ancho pulso (s),Periodo (s),Vcc (V),Vrange,NPLC,Ch2?,N bias
0.0355,0.0,5e-05,0.0062196,nan,24053643.999999996,1.2026822,-0.003304714,nan,13639904.399999999,0.68199522,0.5,0.2,12.0,10 V,2.0,True,1
0.0678,-2e-05,5e-05,-0.4202351,21011755.0,24018559.999999996,1.200928,-0.29403635,14701817.5,15280694.2,0.76403471,0.5,0.2,12.0,10 V,2.0,True,1
0.1001,-4e-05,5e-05,-0.8783375,21958437.5,23640211.999999996,1.1820106,-0.58627291,14656822.75,15145176.199999997,0.75725881,0.5,0.2,12.0,10 V,2.0,True,1
0.1323,-6.000000000000001e-05,5e-05,-1.3184134,21973556.666666664,23249437.999999996,1.1624719,-0.83008796,13834799.33333333,14833107.399999999,0.74165537,0.5,0.2,12.0,10 V,2.0,True,1
0.1645,-8e-05,5e-05,-1.72457,21557125.0,23139343.999999996,1.1569672,-1.0386103,12982628.75,14858857.999999998,0.7429429,0.5,0.2,12.0,10 V,2.0,True,1
0.1997,-0.0001,5e-05,-2.1221314,21221313.999999996,22514300.0,1.125715,-1.1073144,11073143.999999998,13360605.599999998,0.66803028,0.5,0.2,12.0,10 V,2.0,True,1
0.2348,-0.00012,5e-05,-2.5105254,20921045.0,22234829.999999996,1.1117415,-1.2573664,10478053.333333332,13203816.799999997,0.66019084,0.5,0.2,12.0,10 V,2.0,True,1
0.2699,-0.00014000000000000001,5e-05,-2.8837907,20598505.0,21990883.999999996,1.0995442,-1.3924387,9945990.714285715,13046374.399999999,0.65231872,0.5,0.2,12.0,10 V,2.0,True,1
0.3051,-0.00016,5e-05,-3.2255071,20159419.375,21508161.999999996,1.0754081,-1.5054037,9408773.125,12492113.199999997,0.62460566,0.5,0.2,12.0,10 V,2.0,True,1
0.3404,-0.00018,5e-05,-3.571271,19840394.44444444,20980126.0,1.0490063,-1.6315452,9064139.999999998,12654080.999999998,0.63270405,0.5,0.2,12.0,10 V,2.0,True,1
0.3755,-0.0002,5e-05,-3.9029732,19514865.999999996,20828454.0,1.0414227,-1.7739311,8869655.5,12397272.8,0.61986364,0.5,0.2,12.0,10 V,2.0,True,1
0.4107,-0.00022,5e-05,-4.1807113,19003233.18181818,20337702.0,1.0168851,-1.9731957,8969071.363636363,12535008.799999999,0.62675044,0.5,0.2,12.0,10 V,2.0,True,1
0.4458,-0.00024,5e-05,-4.5157403,18815584.583333332,20529516.0,1.0264758,-2.1246445,8852685.416666666,12938358.599999998,0.64691793,0.5,0.2,12.0,10 V,2.0,True,1
0.4810,-0.00026000000000000003,5e-05,-4.9210715,18927198.076923072,17406172.0,0.8703086,-2.2919586,8815225.384615384,12126513.799999999,0.60632569,0.5,0.2,12.0,10 V,2.0,True,1
0.5162,-0.00028000000000000003,5e-05,-5.2605765,18787773.214285713,16719315.999999998,0.8359658,-2.5139184,8978280.0,11580060.599999998,0.57900303,0.5,0.2,12.0,10 V,2.0,True,1
0.5514,-0.0003,5e-05,-5.6212979,18737659.666666668,16356585.999999998,0.8178293,-2.7493953,9164651.000000002,11250269.999999998,0.5625135,0.5,0.2,12.0,10 V,2.0,True,1
0.5865,-0.00028,5e-05,-5.3971606,19275573.571428575,16299833.999999998,0.8149917,-2.6983569,9636988.92857143,10728269.6,0.53641348,0.5,0.2,12.0,10 V,2.0,True,1
0.6217,-0.00026,5e-05,-5.0793939,19536130.384615388,16929609.999999996,0.8464805,-2.5857713,9945274.230769232,11559843.799999999,0.57799219,0.5,0.2,12.0,10 V,2.0,True,1
0.6569,-0.00023999999999999998,5e-05,-4.7563809,19818253.75,19017337.999999996,0.9508669,-2.4021135,10008806.250000002,12642846.999999998,0.63214235,0.5,0.2,12.0,10 V,2.0,True,1
0.6921,-0.00021999999999999998,5e-05,-4.3899347,19954248.63636364,20313395.999999996,1.0156698,-2.2693073,10315033.181818182,13549155.6,0.67745778,0.5,0.2,12.0,10 V,2.0,True,1
0.7272,-0.00019999999999999998,5e-05,-4.0401622,20200811.0,20877946.0,1.0438973,-2.1164672,10582336.000000002,13238495.2,0.66192476,0.5,0.2,12.0,10 V,2.0,True,1
0.7623,-0.00017999999999999998,5e-05,-3.7093895,20607719.444444444,21361441.999999996,1.0680721,-1.9443687,10802048.333333334,13227449.799999999,0.66137249,0.5,0.2,12.0,10 V,2.0,True,1
0.7975,-0.00015999999999999999,5e-05,-3.3921062,21200663.750000004,21554245.999999996,1.0777123,-1.8223299,11389561.875000002,13641379.199999997,0.68206896,0.5,0.2,12.0,10 V,2.0,True,1
0.8326,-0.00014,5e-05,-2.9599991,21142850.714285716,22152891.999999996,1.1076446,-1.5811833,11294166.42857143,13875042.6,0.69375213,0.5,0.2,12.0,10 V,2.0,True,1
0.8678,-0.00011999999999999999,5e-05,-2.6135534,21779611.666666668,22256607.999999996,1.1128304,-1.4368889,11974074.166666668,13744891.799999999,0.68724459,0.5,0.2,12.0,10 V,2.0,True,1
0.9029,-9.999999999999999e-05,5e-05,-2.2283985,22283985.0,22798281.999999996,1.1399141,-1.2614579,12614579.0,13630522.0,0.6815261,0.5,0.2,12.0,10 V,2.0,True,1
0.9352,-7.999999999999999e-05,5e-05,-1.806877,22585962.500000004,23245477.999999996,1.1622739,-1.1601282,14501602.500000002,14862606.399999999,0.74313032,0.5,0.2,12.0,10 V,2.0,True,1
0.9675,-5.9999999999999995e-05,5e-05,-1.3979489,23299148.333333336,23556183.999999996,1.1778092,-0.91258161,15209693.500000002,14996028.799999999,0.74980144,0.5,0.2,12.0,10 V,2.0,True,1
0.9998,-3.9999999999999996e-05,5e-05,-0.9116188,22790470.000000004,24018449.999999996,1.2009225,-0.60708906,15177226.500000002,15124094.4,0.75620472,0.5,0.2,12.0,10 V,2.0,True,1
1.0320,-1.9999999999999995e-05,5e-05,-0.4522956,22614780.000000007,24290552.0,1.2145276,-0.31754903,15877451.500000006,15197908.399999999,0.75989542,0.5,0.2,12.0,10 V,2.0,True,1
1.0643,6.776263578034403e-21,5e-05,1.2631025,nan,25757091.999999996,1.2878546,0.79057001,nan,15874368.399999999,0.79371842,0.5,0.2,12.0,10 V,2.0,True,1
1.0965,2.000000000000001e-05,5e-05,0.5961716,29808579.999999985,25313634.0,1.2656817,0.36923093,18461546.499999993,15640627.399999999,0.78203137,0.5,0.2,12.0,10 V,2.0,True,1
1.1289,4.000000000000001e-05,5e-05,1.0594054,26485134.99999999,25534701.999999996,1.2767351,0.65702968,16425741.999999993,15891679.599999998,0.79458398,0.5,0.2,12.0,10 V,2.0,True,1
1.1610,6.000000000000001e-05,5e-05,1.5076865,25128108.33333333,26120589.999999996,1.3060295,0.91919915,15319985.83333333,16077057.999999998,0.8038529,0.5,0.2,12.0,10 V,2.0,True,1
1.1933,8e-05,5e-05,1.9119243,23899053.75,26401710.0,1.3200855,1.1722459,14653073.75,16525332.599999998,0.82626663,0.5,0.2,12.0,10 V,2.0,True,1
1.2285,0.0001,5e-05,2.3050484,23050483.999999996,26627619.999999996,1.331381,1.2722258,12722257.999999998,15291551.0,0.76457755,0.5,0.2,12.0,10 V,2.0,True,1
1.2636,0.00012,5e-05,2.7042818,22535681.666666664,27006296.0,1.3503148,1.4803883,12336569.166666664,15507271.399999999,0.77536357,0.5,0.2,12.0,10 V,2.0,True,1
1.2987,0.00014000000000000001,5e-05,3.0890196,22064425.714285713,27568649.999999996,1.3784325,1.6778439,11984599.285714285,15746513.399999999,0.78732567,0.5,0.2,12.0,10 V,2.0,True,1
1.3337,0.00016,5e-05,3.489881,21811756.25,27990332.0,1.3995166,1.8525271,11578294.375,15992420.399999999,0.79962102,0.5,0.2,12.0,10 V,2.0,True,1
1.3688,0.00018,5e-05,3.8436084,21353379.999999996,28450285.999999996,1.4225143,1.9807801,11004333.888888888,15823709.799999999,0.79118549,0.5,0.2,12.0,10 V,2.0,True,1
1.4039,0.0002,5e-05,4.2409176,21204588.0,28974584.0,1.4487292,2.1927537,10963768.499999998,15806564.999999998,0.79032825,0.5,0.2,12.0,10 V,2.0,True,1
1.4390,0.00022,5e-05,4.5089999,20495454.09090909,28635719.999999996,1.431786,2.2194144,10088247.272727272,15241214.199999997,0.76206071,0.5,0.2,12.0,10 V,2.0,True,1
1.4741,0.00024,5e-05,4.8746058,20310857.5,29179924.0,1.4589962,2.4175243,10073017.916666666,15581163.6,0.77905818,0.5,0.2,12.0,10 V,2.0,True,1
1.5093,0.00026000000000000003,5e-05,5.2237358,20091291.538461536,30017787.999999996,1.5008894,2.5331567,9742910.384615384,15753555.599999998,0.78767778,0.5,0.2,12.0,10 V,2.0,True,1
1.5445,0.00028000000000000003,5e-05,5.5109668,19682024.285714284,29663528.0,1.4831764,2.577024,9203657.142857144,14905569.0,0.74527845,0.5,0.2,12.0,10 V,2.0,True,1
1.5796,0.0003,5e-05,5.8353173,19451057.666666668,30201351.999999996,1.5100676,2.7095225,9031741.666666666,15194747.799999997,0.75973739,0.5,0.2,12.0,10 V,2.0,True,1
1.6146,0.00028,5e-05,5.5413665,19790594.642857146,29661107.999999996,1.4830554,2.598702,9281078.571428573,15256107.999999998,0.7628054,0.5,0.2,12.0,10 V,2.0,True,1
1.6497,0.00026,5e-05,5.1820627,19931010.384615388,29269231.999999996,1.4634616,2.479715,9537365.384615386,15021990.199999997,0.75109951,0.5,0.2,12.0,10 V,2.0,True,1
1.6849,0.00023999999999999998,5e-05,4.8484129,20201720.416666668,28823134.0,1.4411567,2.3598483,9832701.25,14839960.799999999,0.74199804,0.5,0.2,12.0,10 V,2.0,True,1
1.7200,0.00021999999999999998,5e-05,4.5043144,20474156.363636367,28635499.999999996,1.431775,2.2200908,10091321.818181818,14763507.399999999,0.73817537,0.5,0.2,12.0,10 V,2.0,True,1
1.7551,0.00019999999999999998,5e-05,4.160414,20802070.000000004,28478333.999999996,1.4239167,2.0347993,10173996.5,14733453.999999998,0.7366727,0.5,0.2,12.0,10 V,2.0,True,1
1.7901,0.00017999999999999998,5e-05,3.8276716,21264842.222222224,28368568.0,1.4184284,1.9103515,10613063.888888888,14607916.199999997,0.73039581,0.5,0.2,12.0,10 V,2.0,True,1
1.8251,0.00015999999999999999,5e-05,3.4745162,21715726.250000004,27870447.999999996,1.3935224,1.7014301,10633938.125000002,14394181.399999999,0.71970907,0.5,0.2,12.0,10 V,2.0,True,1
1.8603,0.00014,5e-05,3.1155094,22253638.571428575,27474834.0,1.3737417,1.5511249,11079463.571428573,14164410.599999998,0.70822053,0.5,0.2,12.0,10 V,2.0,True,1
1.8954,0.00011999999999999999,5e-05,2.7690685,23075570.833333336,27895194.0,1.3947597,1.3952162,11626801.666666666,14664130.799999999,0.73320654,0.5,0.2,12.0,10 V,2.0,True,1
1.9305,9.999999999999999e-05,5e-05,2.3923487,23923487.0,27426219.999999996,1.371311,1.1695659,11695659.000000002,14405382.2,0.72026911,0.5,0.2,12.0,10 V,2.0,True,1
1.9628,7.999999999999999e-05,5e-05,1.9837332,24796665.000000004,27075805.999999996,1.3537903,1.1520025,14400031.250000002,16292545.0,0.81462725,0.5,0.2,12.0,10 V,2.0,True,1
1.9951,5.9999999999999995e-05,5e-05,1.5582354,25970590.000000004,26755311.999999996,1.3377656,0.92621459,15436909.833333334,16109606.799999999,0.80548034,0.5,0.2,12.0,10 V,2.0,True,1
2.0272,3.9999999999999996e-05,5e-05,1.1041306,27603265.000000004,26394562.0,1.3197281,0.66390873,16597718.250000002,15691851.4,0.78459257,0.5,0.2,12.0,10 V,2.0,True,1
2.0595,1.9999999999999995e-05,5e-05,0.6206102,31030510.00000001,25978270.0,1.2989135,0.37889963,18944981.500000004,15743474.799999997,0.78717374,0.5,0.2,12.0,10 V,2.0,True,1
2.0919,-6.776263578034403e-21,5e-05,1.3113968,nan,26509825.999999996,1.3254913,0.79815438,nan,15936837.399999999,0.79684187,0.5,0.2,12.0,10 V,2.0,True,1
2.1242,-2.000000000000001e-05,5e-05,-0.3696145,18480724.999999993,24962665.999999996,1.2481333,-0.25562446,12781222.999999993,15453563.2,0.77267816,0.5,0.2,12.0,10 V,2.0,True,1
2.1563,-4.000000000000001e-05,5e-05,-0.8594916,21487289.999999993,24718391.999999996,1.2359196,-0.55631206,13907801.499999994,15251317.2,0.76256586,0.5,0.2,12.0,10 V,2.0,True,1
2.1886,-6.000000000000001e-05,5e-05,-1.3197332,21995553.33333333,24081030.0,1.2040515,-0.81155192,13525865.333333332,15122719.2,0.75613596,0.5,0.2,12.0,10 V,2.0,True,1
2.2208,-8e-05,5e-05,-1.7533695,21917118.75,23561793.999999996,1.1780897,-1.0402466,13003082.499999998,14882346.2,0.74411731,0.5,0.2,12.0,10 V,2.0,True,1
2.2560,-0.0001,5e-05,-2.1596306,21596305.999999996,23070601.999999996,1.1535301,-1.1198527,11198527.0,13621572.399999999,0.68107862,0.5,0.2,12.0,10 V,2.0,True,1
2.2912,-0.00012,5e-05,-2.5444391,21203659.166666664,22665310.0,1.1332655,-1.3170056,10975046.666666666,13357178.799999999,0.66785894,0.5,0.2,12.0,10 V,2.0,True,1
2.3265,-0.00014000000000000001,5e-05,-2.9244795,20889139.285714284,22574241.999999996,1.1287121,-1.4521438,10372455.714285713,13398765.6,0.66993828,0.5,0.2,12.0,10 V,2.0,True,1
2.3617,-0.00016,5e-05,-3.315953,20724706.25,21500574.0,1.0750287,-1.5929791,9956119.375,13410775.999999998,0.6705388,0.5,0.2,12.0,10 V,2.0,True,1
2.3969,-0.00018,5e-05,-3.6401928,20223293.33333333,20502570.0,1.0251285,-1.7554207,9752337.22222222,13178265.799999999,0.65891329,0.5,0.2,12.0,10 V,2.0,True,1
2.4320,-0.0002,5e-05,-3.9515258,19757629.0,20649728.0,1.0324864,-1.8622268,9311133.999999998,13447384.2,0.67236921,0.5,0.2,12.0,10 V,2.0,True,1
2.4671,-0.00022,5e-05,-4.3578303,19808319.545454543,19118193.999999996,0.9559097,-1.9831713,9014415.0,12462736.2,0.62313681,0.5,0.2,12.0,10 V,2.0,True,1
2.5022,-0.00024,5e-05,-4.6901153,19542147.083333332,18003058.0,0.9001529,-2.1509803,8962417.916666666,11641110.2,0.58205551,0.5,0.2,12.0,10 V,2.0,True,1
2.5374,-0.00026000000000000003,5e-05,-5.0545099,19440422.69230769,17642530.0,0.8821265,-2.3840541,9169438.846153844,11461188.2,0.57305941,0.5,0.2,12.0,10 V,2.0,True,1
2.5727,-0.00028000000000000003,5e-05,-5.3559934,19128547.857142854,18165726.0,0.9082863,-2.5575988,9134281.428571427,12039347.6,0.60196738,0.5,0.2,12.0,10 V,2.0,True,1
2.6079,-0.0003,5e-05,-5.6362448,18787482.666666668,17211609.999999996,0.8605805,-2.7695995,9231998.333333334,11614294.999999998,0.58071475,0.5,0.2,12.0,10 V,2.0,True,1
2.6429,-0.00028,5e-05,-5.3423168,19079702.85714286,18469063.999999996,0.9234532,-2.6737369,9549060.357142858,12227032.6,0.61135163,0.5,0.2,12.0,10 V,2.0,True,1
2.6780,-0.00026,5e-05,-5.0475479,19413645.769230768,19063091.999999996,0.9531546,-2.6144993,10055766.538461538,12241560.399999999,0.61207802,0.5,0.2,12.0,10 V,2.0,True,1
2.7132,-0.00023999999999999998,5e-05,-4.7131844,19638268.333333336,20061751.999999996,1.0030876,-2.4349933,10145805.416666668,12761031.599999998,0.63805158,0.5,0.2,12.0,10 V,2.0,True,1
2.7485,-0.00021999999999999998,5e-05,-4.39798,19990818.18181818,20527755.999999996,1.0263878,-2.2828904,10376774.545454545,12976141.599999998,0.64880708,0.5,0.2,12.0,10 V,2.0,True,1
2.7837,-0.00019999999999999998,5e-05,-4.090293,20451465.0,21083842.0,1.0541921,-2.1674285,10837142.500000002,13284640.0,0.664232,0.5,0.2,12.0,10 V,2.0,True,1
2.8189,-0.00017999999999999998,5e-05,-3.759097,20883872.222222224,21233640.0,1.061682,-1.9987343,11104079.444444444,13625675.6,0.68128378,0.5,0.2,12.0,10 V,2.0,True,1
2.8540,-0.00015999999999999999,5e-05,-3.390385,21189906.250000004,21547426.0,1.0773713,-1.8370073,11481295.625000002,13644384.599999998,0.68221923,0.5,0.2,12.0,10 V,2.0,True,1
2.8892,-0.00014,5e-05,-3.0209141,21577957.857142862,22249348.0,1.1124674,-1.6745105,11960789.285714287,14006457.2,0.70032286,0.5,0.2,12.0,10 V,2.0,True,1
2.9245,-0.00011999999999999999,5e-05,-2.6631343,22192785.833333336,22500111.999999996,1.1250056,-1.5149119,12624265.833333334,14232424.599999998,0.71162123,0.5,0.2,12.0,10 V,2.0,True,1
2.9597,-9.999999999999999e-05,5e-05,-2.2467,22467000.000000004,23049596.0,1.1524798,-1.306612,13066120.000000002,14272858.6,0.71364293,0.5,0.2,12.0,10 V,2.0,True,1
2.9950,-7.999999999999999e-05,5e-05,-1.8695682,23369602.500000004,23317407.999999996,1.1658704,-1.1117413,13896766.250000002,14315521.2,0.71577606,0.5,0.2,12.0,10 V,2.0,True,1
3.0272,-5.9999999999999995e-05,5e-05,-1.4245432,23742386.666666668,23978196.0,1.1989098,-0.97650816,16275136.0,15708031.6,0.78540158,0.5,0.2,12.0,10 V,2.0,True,1
3.0594,-3.9999999999999996e-05,5e-05,-0.9600009,24000022.500000004,24457947.999999996,1.2228974,-0.67720553,16930138.250000004,16024270.399999999,0.80121352,0.5,0.2,12.0,10 V,2.0,True,1
3.0918,-1.9999999999999995e-05,5e-05,-0.46011,23005500.000000007,24870719.999999996,1.243536,-0.34260654,17130327.000000007,16159444.799999999,0.80797224,0.5,0.2,12.0,10 V,2.0,True,1
3.1241,6.776263578034403e-21,5e-05,1.3012287,nan,26471439.999999996,1.323572,0.84339271,nan,17149669.999999996,0.8574835,0.5,0.2,12.0,10 V,2.0,True,1
3.1563,2.000000000000001e-05,5e-05,0.6193619,30968094.999999985,25893141.999999996,1.2946571,0.41012648,20506323.99999999,16920032.0,0.8460016,0.5,0.2,12.0,10 V,2.0,True,1
3.1884,4.000000000000001e-05,5e-05,1.104565,27614124.999999993,26535342.0,1.3267671,0.71967636,17991908.999999993,17154050.599999998,0.85770253,0.5,0.2,12.0,10 V,2.0,True,1
3.2207,6.000000000000001e-05,5e-05,1.5451252,25752086.666666664,26825922.0,1.3412961,0.99305322,16550886.999999996,17430664.799999997,0.87153324,0.5,0.2,12.0,10 V,2.0,True,1
3.2557,8e-05,5e-05,1.9740546,24675682.5,27596256.0,1.3798128,1.140046,14250574.999999998,16243283.999999998,0.8121642,0.5,0.2,12.0,10 V,2.0,True,1
3.2908,0.0001,5e-05,2.3700933,23700933.0,27636842.0,1.3818421,1.3442931,13442930.999999998,16237628.2,0.81188141,0.5,0.2,12.0,10 V,2.0,True,1
3.3260,0.00012,5e-05,2.7612981,23010817.499999996,28035426.0,1.4017713,1.553748,12947899.999999998,16611767.2,0.83058836,0.5,0.2,12.0,10 V,2.0,True,1
3.3611,0.00014000000000000001,5e-05,3.1536851,22526322.14285714,28771111.999999996,1.4385556,1.751847,12513192.857142856,16777472.0,0.8388736,0.5,0.2,12.0,10 V,2.0,True,1
3.3962,0.00016,5e-05,3.5547279,22217049.375,29392746.0,1.4696373,1.9446392,12153995.0,17176108.2,0.85880541,0.5,0.2,12.0,10 V,2.0,True,1
3.4313,0.00018,5e-05,3.8822353,21567973.888888888,29352159.999999996,1.467608,2.0747512,11526395.555555554,16777893.4,0.83889467,0.5,0.2,12.0,10 V,2.0,True,1
3.4665,0.0002,5e-05,4.2437442,21218721.0,29605345.999999996,1.4802673,2.2223345,11111672.5,16600987.799999999,0.83004939,0.5,0.2,12.0,10 V,2.0,True,1
3.5017,0.00022,5e-05,4.6379132,21081423.636363633,30757104.0,1.5378552,2.3410244,10641019.999999998,17161547.2,0.85807736,0.5,0.2,12.0,10 V,2.0,True,1
3.5369,0.00024,5e-05,4.9408167,20586736.249999996,30519978.0,1.5259989,2.5048135,10436722.916666666,16543509.0,0.82717545,0.5,0.2,12.0,10 V,2.0,True,1
3.5720,0.00026000000000000003,5e-05,5.330487,20501873.076923072,31592991.999999996,1.5796496,2.6466884,10179570.769230766,16778248.4,0.83891242,0.5,0.2,12.0,10 V,2.0,True,1
3.6073,0.00028000000000000003,5e-05,5.7310902,20468179.285714284,32908075.999999996,1.6454038,2.8495939,10177121.07142857,17496516.4,0.87482582,0.5,0.2,12.0,10 V,2.0,True,1
3.6427,0.0003,5e-05,5.9992278,19997426.0,32726381.999999996,1.6363191,2.9572525,9857508.333333334,17202901.599999998,0.86014508,0.5,0.2,12.0,10 V,2.0,True,1
3.6765,0.00028,5e-05,5.6833844,20297801.42857143,32827347.999999996,1.6413674,2.8696495,10248748.214285715,20147100.0,1.007355,0.5,0.2,12.0,10 V,2.0,True,1
3.7104,0.00026,5e-05,5.466709,21025803.846153844,32633556.0,1.6316778,2.9593917,11382275.769230768,17527057.8,0.87635289,0.5,0.2,12.0,10 V,2.0,True,1
3.7441,0.00023999999999999998,5e-05,5.1560623,21483592.91666667,32754538.0,1.6377269,2.705838,11274325.0,20292500.0,1.014625,0.5,0.2,12.0,10 V,2.0,True,1
3.7763,0.00021999999999999998,5e-05,4.8416984,22007720.000000004,32564703.999999996,1.6282352,2.7513885,12506311.363636365,20148419.999999996,1.007421,0.5,0.2,12.0,10 V,2.0,True,1
3.8083,0.00019999999999999998,5e-05,4.4870853,22435426.500000004,32318889.999999996,1.6159445,2.5844535,12922267.5,20161948.0,1.0080974,0.5,0.2,12.0,10 V,2.0,True,1
3.8404,0.00017999999999999998,5e-05,4.1140115,22855619.444444444,31852884.0,1.5926442,2.4045405,13358558.333333334,20094086.0,1.0047043,0.5,0.2,12.0,10 V,2.0,True,1
3.8743,0.00015999999999999999,5e-05,3.7275085,23296928.125000004,31236418.0,1.5618209,2.166209,13538806.25,17580067.2,0.87900336,0.5,0.2,12.0,10 V,2.0,True,1
3.9094,0.00014,5e-05,3.3825084,24160774.285714287,30803297.999999996,1.5401649,1.8471159,13193685.000000002,17561048.2,0.87805241,0.5,0.2,12.0,10 V,2.0,True,1
3.9445,0.00011999999999999999,5e-05,2.9952137,24960114.166666668,30814735.999999996,1.5407368,1.6474275,13728562.500000002,17687938.999999996,0.88439695,0.5,0.2,12.0,10 V,2.0,True,1
3.9796,9.999999999999999e-05,5e-05,2.5765951,25765951.0,30255795.999999996,1.5127898,1.4435049,14435049.0,17549947.2,0.87749736,0.5,0.2,12.0,10 V,2.0,True,1
4.0146,7.999999999999999e-05,5e-05,2.1566128,26957660.000000004,29792539.999999996,1.489627,1.2254545,15318181.25,17425375.0,0.87126875,0.5,0.2,12.0,10 V,2.0,True,1
4.0468,5.9999999999999995e-05,5e-05,1.70534,28422333.333333336,29271541.999999996,1.4635771,1.0818802,18031336.666666668,18935193.999999996,0.9467597,0.5,0.2,12.0,10 V,2.0,True,1
4.0791,3.9999999999999996e-05,5e-05,1.2339618,30849045.000000007,29042553.999999996,1.4521277,0.80312264,20078066.000000004,18662759.599999998,0.93313798,0.5,0.2,12.0,10 V,2.0,True,1
4.1113,1.9999999999999995e-05,5e-05,0.7156427,35782135.00000001,28586558.0,1.4293279,0.4695876,23479380.000000007,18477658.999999996,0.92388295,0.5,0.2,12.0,10 V,2.0,True,1
4.1437,-6.776263578034403e-21,5e-05,1.4509124,nan,29004500.0,1.450225,0.93718968,nan,18690440.4,0.93452202,0.5,0.2,12.0,10 V,2.0,True,1
4.1760,-2.000000000000001e-05,5e-05,-0.3598148,17990739.99999999,27130138.0,1.3565069,-0.2809265,14046324.999999994,17703475.799999997,0.88517379,0.5,0.2,12.0,10 V,2.0,True,1
4.2082,-4.000000000000001e-05,5e-05,-0.9383945,23459862.499999993,26308443.999999996,1.3154222,-0.65099972,16274992.999999993,17290600.0,0.86453,0.5,0.2,12.0,10 V,2.0,True,1
4.2405,-6.000000000000001e-05,5e-05,-1.4602551,24337584.999999996,25352787.999999996,1.2676394,-0.9401625,15669374.999999998,17122355.799999997,0.85611779,0.5,0.2,12.0,10 V,2.0,True,1
4.2728,-8e-05,5e-05,-1.8800773,23500966.25,24634801.999999996,1.2317401,-1.1563554,14454442.5,16635377.399999999,0.83176887,0.5,0.2,12.0,10 V,2.0,True,1
4.3078,-0.0001,5e-05,-2.2911337,22911337.0,23218971.999999996,1.1609486,-1.2364913,12364912.999999998,15122663.799999999,0.75613319,0.5,0.2,12.0,10 V,2.0,True,1
4.3430,-0.00012,5e-05,-2.6845043,22370869.166666664,21590319.999999996,1.079516,-1.4063022,11719184.999999998,14367321.799999997,0.71836609,0.5,0.2,12.0,10 V,2.0,True,1
4.3782,-0.00014000000000000001,5e-05,-3.0375381,21696700.714285713,20204841.999999996,1.0102421,-1.5558481,11113200.714285713,13115696.999999998,0.65578485,0.5,0.2,12.0,10 V,2.0,True,1
4.4134,-0.00016,5e-05,-3.4098852,21311782.5,19829904.0,0.9914952,-1.6983387,10614616.875,12070332.6,0.60351663,0.5,0.2,12.0,10 V,2.0,True,1
4.4486,-0.00018,5e-05,-3.7203604,20668668.888888888,19175716.0,0.9587858,-1.8332348,10184637.777777776,11810419.599999998,0.59052098,0.5,0.2,12.0,10 V,2.0,True,1
4.4837,-0.0002,5e-05,-4.0099384,20049692.0,18688042.0,0.9344021,-1.9978324,9989162.0,11478732.399999999,0.57393662,0.5,0.2,12.0,10 V,2.0,True,1
4.5189,-0.00022,5e-05,-4.3602829,19819467.727272723,18167816.0,0.9083908,-2.1624297,9829225.909090908,11218453.2,0.56092266,0.5,0.2,12.0,10 V,2.0,True,1
4.5541,-0.00024,5e-05,-4.6628061,19428358.749999996,17760982.0,0.8880491,-2.4508036,10211681.666666666,11078543.2,0.55392716,0.5,0.2,12.0,10 V,2.0,True,1
4.5893,-0.00026000000000000003,5e-05,-5.0225596,19317536.92307692,17550142.0,0.8775071,-2.5889719,9957584.23076923,11047513.799999999,0.55237569,0.5,0.2,12.0,10 V,2.0,True,1
4.6246,-0.00028000000000000003,5e-05,-5.310581,18966360.714285713,17640000.0,0.882,-2.7343659,9765592.499999998,11276186.999999998,0.56380935,0.5,0.2,12.0,10 V,2.0,True,1
4.6598,-0.0003,5e-05,-5.6036509,18678836.333333332,17428170.0,0.8714085,-2.8399674,9466558.0,11915684.399999999,0.59578422,0.5,0.2,12.0,10 V,2.0,True,1
4.6950,-0.00028,5e-05,-5.3493559,19104842.500000004,18634699.999999996,0.931735,-2.7688571,9888775.357142858,12595216.199999997,0.62976081,0.5,0.2,12.0,10 V,2.0,True,1
4.7302,-0.00026,5e-05,-5.016065,19292557.692307692,19646999.999999996,0.98235,-2.6634093,10243881.923076924,12892036.2,0.64460181,0.5,0.2,12.0,10 V,2.0,True,1
4.7654,-0.00023999999999999998,5e-05,-4.6697956,19457481.666666668,20095955.999999996,1.0047978,-2.5679813,10699922.083333334,13089912.999999998,0.65449565,0.5,0.2,12.0,10 V,2.0,True,1
4.8005,-0.00021999999999999998,5e-05,-4.331456,19688436.363636367,20532265.999999996,1.0266133,-2.4345809,11066276.818181818,13344691.6,0.66723458,0.5,0.2,12.0,10 V,2.0,True,1
4.8357,-0.00019999999999999998,5e-05,-4.0266836,20133418.0,20638179.999999996,1.031909,-2.2940098,11470049.0,13366217.0,0.66831085,0.5,0.2,12.0,10 V,2.0,True,1
4.8709,-0.00017999999999999998,5e-05,-3.6518786,20288214.444444444,21359023.999999996,1.0679512,-2.1928459,12182477.222222222,13822088.4,0.69110442,0.5,0.2,12.0,10 V,2.0,True,1
4.9061,-0.00015999999999999999,5e-05,-3.3664083,21040051.875,21418743.999999996,1.0709372,-1.9909529,12443455.625000002,13738105.0,0.68690525,0.5,0.2,12.0,10 V,2.0,True,1
4.9413,-0.00014,5e-05,-2.9767663,21262616.428571433,22285534.0,1.1142767,-1.8435679,13168342.142857146,14017968.399999999,0.70089842,0.5,0.2,12.0,10 V,2.0,True,1
4.9765,-0.00011999999999999999,5e-05,-2.6182552,21818793.333333336,22566323.999999996,1.1283162,-1.6561762,13801468.333333334,14308224.0,0.7154112,0.5,0.2,12.0,10 V,2.0,True,1
5.0116,-9.999999999999999e-05,5e-05,-2.2054008,22054008.0,23080612.0,1.1540306,-1.4831978,14831978.0,14423724.799999999,0.72118624,0.5,0.2,12.0,10 V,2.0,True,1
5.0468,-7.999999999999999e-05,5e-05,-1.7984412,22480515.000000004,23192905.999999996,1.1596453,-1.2510312,15637890.000000002,14651688.0,0.7325844,0.5,0.2,12.0,10 V,2.0,True,1
5.0790,-5.9999999999999995e-05,5e-05,-1.3575956,22626593.333333336,23697954.0,1.1848977,-1.0371571,17285951.666666668,15870852.799999997,0.79354264,0.5,0.2,12.0,10 V,2.0,True,1
5.1112,-3.9999999999999996e-05,5e-05,-0.9061636,22654090.000000004,24306610.0,1.2153305,-0.7076698,17691745.000000004,16126685.199999997,0.80633426,0.5,0.2,12.0,10 V,2.0,True,1
5.1435,-1.9999999999999995e-05,5e-05,-0.4327788,21638940.000000007,24668237.999999996,1.2334119,-0.34988146,17494073.000000004,16251812.0,0.8125906,0.5,0.2,12.0,10 V,2.0,True,1
5.1759,6.776263578034403e-21,5e-05,1.2980886,nan,26145225.999999996,1.3072613,0.84949216,nan,17168933.2,0.85844666,0.5,0.2,12.0,10 V,2.0,True,1
5.2082,2.000000000000001e-05,5e-05,0.6177781,30888904.999999985,25707377.999999996,1.2853689,0.40846133,20423066.49999999,17033204.4,0.85166022,0.5,0.2,12.0,10 V,2.0,True,1
5.2406,4.000000000000001e-05,5e-05,1.0841299,27103247.49999999,26066587.999999996,1.3033294,0.73124086,18281021.499999993,17449683.799999997,0.87248419,0.5,0.2,12.0,10 V,2.0,True,1
5.2728,6.000000000000001e-05,5e-05,1.5342862,25571436.66666666,26409189.999999996,1.3204595,1.0087908,16813180.0,17454408.2,0.87272041,0.5,0.2,12.0,10 V,2.0,True,1
5.3079,8e-05,5e-05,1.9230767,24038458.75,26499597.999999996,1.3249799,1.1539261,14424076.25,16241564.999999998,0.81207825,0.5,0.2,12.0,10 V,2.0,True,1
5.3430,0.0001,5e-05,2.3109821,23109820.999999996,26861776.0,1.3430888,1.3800988,13800988.0,16662369.999999998,0.8331185,0.5,0.2,12.0,10 V,2.0,True,1
5.3782,0.00012,5e-05,2.6592046,22160038.33333333,26860675.999999996,1.3430338,1.5935571,13279642.499999998,16795836.799999997,0.83979184,0.5,0.2,12.0,10 V,2.0,True,1
5.4133,0.00014000000000000001,5e-05,3.0085878,21489912.857142854,26463632.0,1.3231816,1.793009,12807207.142857142,17262298.799999997,0.86311494,0.5,0.2,12.0,10 V,2.0,True,1
5.4485,0.00016,5e-05,3.3463069,20914418.125,26510265.999999996,1.3255133,1.9737686,12336053.75,17141363.799999997,0.85706819,0.5,0.2,12.0,10 V,2.0,True,1
5.4835,0.00018,5e-05,3.6640858,20356032.22222222,26688879.999999996,1.334444,2.1519165,11955091.666666666,17719068.2,0.88595341,0.5,0.2,12.0,10 V,2.0,True,1
5.5186,0.0002,5e-05,3.9792581,19896290.5,27076025.999999996,1.3538013,2.3001375,11500687.499999998,17746648.599999998,0.88733243,0.5,0.2,12.0,10 V,2.0,True,1
5.5538,0.00022,5e-05,4.2645753,19384433.18181818,27181722.0,1.3590861,2.4776528,11262058.181818182,17990481.2,0.89952406,0.5,0.2,12.0,10 V,2.0,True,1
5.5888,0.00024,5e-05,4.7852761,19938650.416666664,29550464.0,1.4775232,2.5267281,10528033.75,17576973.2,0.87884866,0.5,0.2,12.0,10 V,2.0,True,1
5.6239,0.00026000000000000003,5e-05,5.1797475,19922105.769230768,30354011.999999996,1.5177006,2.6833792,10320689.230769228,17256443.4,0.86282217,0.5,0.2,12.0,10 V,2.0,True,1
5.6590,0.00028000000000000003,5e-05,5.574472,19908828.57142857,30744015.999999996,1.5372008,2.8415045,10148230.357142856,16969470.599999998,0.84847353,0.5,0.2,12.0,10 V,2.0,True,1
5.6940,0.0003,5e-05,5.8974204,19658068.0,31311315.999999996,1.5655658,2.9954612,9984870.666666666,17051857.599999998,0.85259288,0.5,0.2,12.0,10 V,2.0,True,1
5.7292,0.00028,5e-05,5.6023696,20008462.857142862,30951887.999999996,1.5475944,2.8752368,10268702.857142858,16738080.399999999,0.83690402,0.5,0.2,12.0,10 V,2.0,True,1
5.7644,0.00026,5e-05,5.2930703,20357962.692307692,30977844.0,1.5488922,2.7503711,10578350.384615386,16896177.8,0.84480889,0.5,0.2,12.0,10 V,2.0,True,1
5.7995,0.00023999999999999998,5e-05,4.9340361,20558483.750000004,30331133.999999996,1.5165567,2.5644693,10685288.75,16518368.2,0.82591841,0.5,0.2,12.0,10 V,2.0,True,1
5.8345,0.00021999999999999998,5e-05,4.5945239,20884199.54545455,29987872.0,1.4993936,2.4352868,11069485.454545455,16513488.599999998,0.82567443,0.5,0.2,12.0,10 V,2.0,True,1
5.8698,0.00019999999999999998,5e-05,4.2119477,21059738.5,29361730.0,1.4680865,2.2743517,11371758.5,16697602.6,0.83488013,0.5,0.2,12.0,10 V,2.0,True,1
5.9050,0.00017999999999999998,5e-05,3.8438394,21354663.333333332,28798718.0,1.4399359,2.134088,11856044.444444446,17056759.4,0.85283797,0.5,0.2,12.0,10 V,2.0,True,1
5.9400,0.00015999999999999999,5e-05,3.424473,21402956.250000004,27557762.0,1.3778881,1.971107,12319418.750000002,16784979.799999997,0.83924899,0.5,0.2,12.0,10 V,2.0,True,1
5.9750,0.00014,5e-05,3.0494252,21781608.571428575,27125409.999999996,1.3562705,1.7761921,12687086.428571431,16581968.6,0.82909843,0.5,0.2,12.0,10 V,2.0,True,1
6.0102,0.00011999999999999999,5e-05,2.6985736,22488113.333333336,26935136.0,1.3467568,1.5704932,13087443.333333334,16347672.6,0.81738363,0.5,0.2,12.0,10 V,2.0,True,1
6.0453,9.999999999999999e-05,5e-05,2.28959,22895900.0,26554370.0,1.3277185,1.3756389,13756389.0,16660529.2,0.83302646,0.5,0.2,12.0,10 V,2.0,True,1
6.0806,7.999999999999999e-05,5e-05,1.913695,23921187.500000004,26031171.999999996,1.3015586,1.1874604,14843255.000000002,16446439.399999999,0.82232197,0.5,0.2,12.0,10 V,2.0,True,1
6.1129,5.9999999999999995e-05,5e-05,1.4852111,24753518.333333332,25659646.0,1.2829823,1.0056474,16760790.000000002,17473183.2,0.87365916,0.5,0.2,12.0,10 V,2.0,True,1
6.1451,3.9999999999999996e-05,5e-05,1.0643437,26608592.500000004,25418668.0,1.2709334,0.72855601,18213900.250000004,17521989.599999998,0.87609948,0.5,0.2,12.0,10 V,2.0,True,1
6.1773,1.9999999999999995e-05,5e-05,0.6047779,30238895.000000007,24903496.0,1.2451748,0.41362366,20681183.000000007,17092202.4,0.85461012,0.5,0.2,12.0,10 V,2.0,True,1
6.2097,-6.776263578034403e-21,5e-05,1.2643399,nan,25276898.0,1.2638449,0.86409306,nan,17285033.0,0.86425165,0.5,0.2,12.0,10 V,2.0,True,1
6.2419,-2.000000000000001e-05,5e-05,-0.3645662,18228309.999999993,24130633.999999996,1.2065317,-0.27963343,13981671.499999994,16704699.999999998,0.835235,0.5,0.2,12.0,10 V,2.0,True,1
6.2741,-4.000000000000001e-05,5e-05,-0.8853985,22134962.499999993,23364372.0,1.1682186,-0.61680873,15420218.249999994,16285525.199999997,0.81427626,0.5,0.2,12.0,10 V,2.0,True,1
6.3063,-6.000000000000001e-05,5e-05,-1.3553462,22589103.333333332,23686956.0,1.1843478,-0.89477198,14912866.333333332,16013468.799999997,0.80067344,0.5,0.2,12.0,10 V,2.0,True,1
6.3385,-8e-05,5e-05,-1.789175,22364687.5,22488234.0,1.1244117,-1.1166053,13957566.25,15669982.2,0.78349911,0.5,0.2,12.0,10 V,2.0,True,1
6.3737,-0.0001,5e-05,-2.2256324,22256323.999999996,22624726.0,1.1312363,-1.2378551,12378550.999999998,13945407.599999998,0.69727038,0.5,0.2,12.0,10 V,2.0,True,1
6.4088,-0.00012,5e-05,-2.5733156,21444296.666666664,22195125.999999996,1.1097563,-1.3962276,11635229.999999998,14263787.0,0.71318935,0.5,0.2,12.0,10 V,2.0,True,1
6.4439,-0.00014000000000000001,5e-05,-2.9463281,21045200.714285713,21724502.0,1.0862251,-1.5821236,11300882.857142856,14290258.6,0.71451293,0.5,0.2,12.0,10 V,2.0,True,1
6.4790,-0.00016,5e-05,-3.2843875,20527421.875,20259064.0,1.0129532,-1.7442462,10901538.75,14128290.799999999,0.70641454,0.5,0.2,12.0,10 V,2.0,True,1
6.5142,-0.00018,5e-05,-3.6176624,20098124.44444444,18548472.0,0.9274236,-1.8949692,10527606.666666666,14076434.799999999,0.70382174,0.5,0.2,12.0,10 V,2.0,True,1
6.5494,-0.0002,5e-05,-3.9257235,19628617.5,18719387.999999996,0.9359694,-2.0468305,10234152.5,13195311.0,0.65976555,0.5,0.2,12.0,10 V,2.0,True,1
6.5846,-0.00022,5e-05,-4.2073551,19124341.363636363,18370518.0,0.9185259,-2.2602281,10273764.09090909,13378593.2,0.66892966,0.5,0.2,12.0,10 V,2.0,True,1
6.6198,-0.00024,5e-05,-4.5698692,19041121.666666664,18031653.999999996,0.9015827,-2.4536192,10223413.333333332,13256882.2,0.66284411,0.5,0.2,12.0,10 V,2.0,True,1
6.6551,-0.00026000000000000003,5e-05,-4.8704456,18732483.076923072,18271092.0,0.9135546,-2.6051506,10019809.999999998,13168196.2,0.65840981,0.5,0.2,12.0,10 V,2.0,True,1
6.6902,-0.00028000000000000003,5e-05,-5.1869696,18524891.42857143,19207722.0,0.9603861,-2.7617906,9863537.857142856,12765412.0,0.6382706,0.5,0.2,12.0,10 V,2.0,True,1
6.7254,-0.0003,5e-05,-5.4271479,18090493.0,19107525.999999996,0.9553763,-2.9576895,9858965.0,12020594.799999999,0.60102974,0.5,0.2,12.0,10 V,2.0,True,1
6.7606,-0.00028,5e-05,-5.1567898,18417106.428571433,19710019.999999996,0.985501,-2.8228375,10081562.5,12129186.599999998,0.60645933,0.5,0.2,12.0,10 V,2.0,True,1
6.7958,-0.00026,5e-05,-4.8656943,18714208.846153848,19898203.999999996,0.9949102,-2.6851698,10327576.153846154,12363725.999999998,0.6181863,0.5,0.2,12.0,10 V,2.0,True,1
6.8311,-0.00023999999999999998,5e-05,-4.620616,19252566.666666668,19721459.999999996,0.986073,-2.5490035,10620847.916666668,12629716.6,0.63148583,0.5,0.2,12.0,10 V,2.0,True,1
6.8662,-0.00021999999999999998,5e-05,-4.1816077,19007307.727272727,20038763.999999996,1.0019382,-2.4922403,11328365.000000002,12923952.799999999,0.64619764,0.5,0.2,12.0,10 V,2.0,True,1
6.9014,-0.00019999999999999998,5e-05,-3.8594797,19297398.5,19787340.0,0.989367,-2.3020056,11510028.000000002,12771722.2,0.63858611,0.5,0.2,12.0,10 V,2.0,True,1
6.9366,-0.00017999999999999998,5e-05,-3.4699146,19277303.333333336,20137529.999999996,1.0068765,-2.1460585,11922547.222222222,13116639.599999998,0.65583198,0.5,0.2,12.0,10 V,2.0,True,1
6.9717,-0.00015999999999999999,5e-05,-3.1646142,19778838.750000004,20549094.0,1.0274547,-1.9641714,12276071.250000002,13002835.6,0.65014178,0.5,0.2,12.0,10 V,2.0,True,1
7.0069,-0.00014,5e-05,-2.812466,20089042.857142862,20577139.999999996,1.028857,-1.7732382,12665987.142857144,13232639.799999997,0.66163199,0.5,0.2,12.0,10 V,2.0,True,1
7.0422,-0.00011999999999999999,5e-05,-2.4320292,20266910.000000004,20716380.0,1.035819,-1.5986873,13322394.166666668,13508755.4,0.67543777,0.5,0.2,12.0,10 V,2.0,True,1
7.0774,-9.999999999999999e-05,5e-05,-2.054436,20544360.0,20897413.999999996,1.0448707,-1.3939345,13939345.000000002,13803412.999999998,0.69017065,0.5,0.2,12.0,10 V,2.0,True,1
7.1126,-7.999999999999999e-05,5e-05,-1.6711121,20888901.250000004,21240459.999999996,1.062023,-1.1543548,14429435.0,13986229.4,0.69931147,0.5,0.2,12.0,10 V,2.0,True,1
7.1449,-5.9999999999999995e-05,5e-05,-1.2611279,21018798.333333336,21462848.0,1.0731424,-0.95152179,15858696.500000002,14981190.6,0.74905953,0.5,0.2,12.0,10 V,2.0,True,1
7.1772,-3.9999999999999996e-05,5e-05,-0.8423286,21058215.000000004,21794782.0,1.0897391,-0.6532249,16330622.500000002,15107437.399999999,0.75537187,0.5,0.2,12.0,10 V,2.0,True,1
7.2094,-1.9999999999999995e-05,5e-05,-0.3997997,19989985.000000004,22298732.0,1.1149366,-0.3220077,16100385.000000006,15454638.999999998,0.77273195,0.5,0.2,12.0,10 V,2.0,True,1
7.2418,6.776263578034403e-21,5e-05,1.1596398,nan,23492943.999999996,1.1746472,0.80434474,nan,16218952.799999999,0.81094764,0.5,0.2,12.0,10 V,2.0,True,1
7.2740,2.000000000000001e-05,5e-05,0.5242637,26213184.999999985,23123176.0,1.1561588,0.36775487,18387743.499999993,16078444.199999997,0.80392221,0.5,0.2,12.0,10 V,2.0,True,1
7.3063,4.000000000000001e-05,5e-05,0.9632017,24080042.499999993,23573121.999999996,1.1786561,0.67542557,16885639.249999996,16303934.399999999,0.81519672,0.5,0.2,12.0,10 V,2.0,True,1
7.3386,6.000000000000001e-05,5e-05,1.3865219,23108698.33333333,23647472.0,1.1823736,0.94127074,15687845.666666664,16278194.799999999,0.81390974,0.5,0.2,12.0,10 V,2.0,True,1
7.3737,8e-05,5e-05,1.785629,22320362.5,24062554.0,1.2031277,1.1057199,13821498.75,15434167.199999997,0.77170836,0.5,0.2,12.0,10 V,2.0,True,1
7.4088,0.0001,5e-05,2.1677872,21677871.999999996,24520420.0,1.226021,1.309703,13097030.0,15838315.199999997,0.79191576,0.5,0.2,12.0,10 V,2.0,True,1
7.4438,0.00012,5e-05,2.5270911,21059092.499999996,24736758.0,1.2368379,1.5182835,12652362.499999998,15774581.799999999,0.78872909,0.5,0.2,12.0,10 V,2.0,True,1
7.4790,0.00014000000000000001,5e-05,2.8870656,20621897.14285714,25103887.999999996,1.2551944,1.7013531,12152522.142857142,15984901.399999999,0.79924507,0.5,0.2,12.0,10 V,2.0,True,1
7.5141,0.00016,5e-05,3.2371414,20232133.75,25279427.999999996,1.2639714,1.8589777,11618610.625,16226094.799999999,0.81130474,0.5,0.2,12.0,10 V,2.0,True,1
7.5492,0.00018,5e-05,3.5771045,19872802.777777776,25555710.0,1.2777855,2.0395782,11330989.999999998,16300097.2,0.81500486,0.5,0.2,12.0,10 V,2.0,True,1
7.5844,0.0002,5e-05,3.9034073,19517036.5,25655136.0,1.2827568,2.1901471,10950735.499999998,16647365.599999998,0.83236828,0.5,0.2,12.0,10 V,2.0,True,1
7.6194,0.00022,5e-05,4.1936953,19062251.363636363,25982229.999999996,1.2991115,2.3540411,10700186.818181816,16801547.999999996,0.8400774,0.5,0.2,12.0,10 V,2.0,True,1
7.6546,0.00024,5e-05,4.4933764,18722401.666666664,26262579.999999996,1.313129,2.5134198,10472582.499999998,16676077.199999997,0.83380386,0.5,0.2,12.0,10 V,2.0,True,1
7.6896,0.00026000000000000003,5e-05,4.7943058,18439637.69230769,26642465.999999996,1.3321233,2.6704065,10270794.230769228,17001775.8,0.85008879,0.5,0.2,12.0,10 V,2.0,True,1
7.7247,0.00028000000000000003,5e-05,5.0795734,18141333.57142857,27009265.999999996,1.3504633,2.8814839,10291013.92857143,17267344.599999998,0.86336723,0.5,0.2,12.0,10 V,2.0,True,1
7.7598,0.0003,5e-05,5.3566195,17855398.333333332,27272571.999999996,1.3636286,3.0274227,10091409.0,17115335.799999997,0.85576679,0.5,0.2,12.0,10 V,2.0,True,1
7.7950,0.00028,5e-05,5.0862879,18165313.928571433,26999035.999999996,1.3499518,2.9034148,10369338.571428573,17094930.599999998,0.85474653,0.5,0.2,12.0,10 V,2.0,True,1
7.8302,0.00026,5e-05,4.7988702,18457193.076923076,26623879.999999996,1.331194,2.7603302,10616654.615384614,16948155.799999997,0.84740779,0.5,0.2,12.0,10 V,2.0,True,1
7.8652,0.00023999999999999998,5e-05,4.518849,18828537.500000004,26530611.999999996,1.3265306,2.5862133,10775888.75,16816042.4,0.84080212,0.5,0.2,12.0,10 V,2.0,True,1
7.9004,0.00021999999999999998,5e-05,4.2158521,19162964.090909094,26005546.0,1.3002773,2.4313383,11051537.727272728,16517824.799999999,0.82589124,0.5,0.2,12.0,10 V,2.0,True,1
7.9355,0.00019999999999999998,5e-05,3.8830712,19415356.0,25627970.0,1.2813985,2.2447878,11223939.000000002,16357132.399999999,0.81785662,0.5,0.2,12.0,10 V,2.0,True,1
7.9708,0.00017999999999999998,5e-05,3.5618824,19788235.555555556,25440665.999999996,1.2720333,2.0594854,11441585.555555554,16357387.399999999,0.81786937,0.5,0.2,12.0,10 V,2.0,True,1
8.0059,0.00015999999999999999,5e-05,3.2353982,20221238.750000004,25078040.0,1.253902,1.9054242,11908901.250000002,16172453.2,0.80862266,0.5,0.2,12.0,10 V,2.0,True,1
8.0412,0.00014,5e-05,2.8972007,20694290.714285716,24941219.999999996,1.247061,1.7147107,12247933.571428573,16163647.799999999,0.80818239,0.5,0.2,12.0,10 V,2.0,True,1
8.0764,0.00011999999999999999,5e-05,2.5261727,21051439.166666668,24749736.0,1.2374868,1.5368764,12807303.333333334,16086817.2,0.80434086,0.5,0.2,12.0,10 V,2.0,True,1
8.1115,9.999999999999999e-05,5e-05,2.1823877,21823877.0,24514700.0,1.225735,1.3379305,13379305.0,16050276.0,0.8025138,0.5,0.2,12.0,10 V,2.0,True,1
8.1467,7.999999999999999e-05,5e-05,1.8082474,22603092.500000004,24328166.0,1.2164083,1.143758,14296975.000000002,16082680.6,0.80413403,0.5,0.2,12.0,10 V,2.0,True,1
8.1788,5.9999999999999995e-05,5e-05,1.4079084,23465140.0,24108966.0,1.2054483,0.97738603,16289767.166666668,16983599.0,0.84917995,0.5,0.2,12.0,10 V,2.0,True,1
8.2111,3.9999999999999996e-05,5e-05,0.9959386,24898465.000000004,23862711.999999996,1.1931356,0.71337178,17834294.500000004,16963615.0,0.84818075,0.5,0.2,12.0,10 V,2.0,True,1
8.2433,1.9999999999999995e-05,5e-05,0.550682,27534100.000000007,23583129.999999996,1.1791565,0.38921488,19460744.000000004,16747684.199999997,0.83738421,0.5,0.2,12.0,10 V,2.0,True,1
8.2758,-6.776263578034403e-21,5e-05,1.189935,nan,23776153.999999996,1.1888077,0.84184346,nan,16777937.799999997,0.83889689,0.5,0.2,12.0,10 V,2.0,True,1
8.3080,-2.000000000000001e-05,5e-05,-0.3411615,17058074.999999993,22778374.0,1.1389187,-0.27283258,13641628.999999993,16338922.799999999,0.81694614,0.5,0.2,12.0,10 V,2.0,True,1
8.3402,-4.000000000000001e-05,5e-05,-0.7916255,19790637.499999993,22290041.999999996,1.1145021,-0.59777913,14944478.249999996,16005927.799999999,0.80029639,0.5,0.2,12.0,10 V,2.0,True,1
8.3725,-6.000000000000001e-05,5e-05,-1.2102105,20170175.0,22003751.999999996,1.1001876,-0.88095076,14682512.666666666,15934874.599999998,0.79674373,0.5,0.2,12.0,10 V,2.0,True,1
8.4047,-8e-05,5e-05,-1.6101147,20126433.75,21647072.0,1.0823536,-1.1240382,14050477.5,15857888.799999999,0.79289444,0.5,0.2,12.0,10 V,2.0,True,1
8.4398,-0.0001,5e-05,-2.0169202,20169201.999999996,21477365.999999996,1.0738683,-1.2902793,12902792.999999998,15167244.999999998,0.75836225,0.5,0.2,12.0,10 V,2.0,True,1
8.4749,-0.00012,5e-05,-2.3769381,19807817.499999996,21059315.999999996,1.0529658,-1.4693948,12244956.666666664,15072260.399999999,0.75361302,0.5,0.2,12.0,10 V,2.0,True,1
8.5101,-0.00014000000000000001,5e-05,-2.7301205,19500860.714285713,20838461.999999996,1.0419231,-1.6243852,11602751.42857143,14820908.399999999,0.74104542,0.5,0.2,12.0,10 V,2.0,True,1
8.5454,-0.00016,5e-05,-3.0786889,19241805.625,20532485.999999996,1.0266243,-1.7871073,11169420.625,14633101.399999999,0.73165507,0.5,0.2,12.0,10 V,2.0,True,1
8.5806,-0.00018,5e-05,-3.447401,19152227.777777776,20091117.999999996,1.0045559,-1.9223443,10679690.555555554,14184715.999999998,0.7092358,0.5,0.2,12.0,10 V,2.0,True,1
8.6156,-0.0002,5e-05,-3.7617036,18808518.0,19851352.0,0.9925676,-2.0549254,10274627.0,14388936.0,0.7194468,0.5,0.2,12.0,10 V,2.0,True,1
8.6508,-0.00022,5e-05,-4.0686537,18493880.454545453,19687144.0,0.9843572,-2.2795138,10361426.363636363,14305662.2,0.71528311,0.5,0.2,12.0,10 V,2.0,True,1
8.6860,-0.00024,5e-05,-4.43703,18487624.999999996,19788330.0,0.9894165,-2.5540023,10641676.249999998,14409840.399999999,0.72049202,0.5,0.2,12.0,10 V,2.0,True,1
8.7214,-0.00026000000000000003,5e-05,-4.7687981,18341531.15384615,19315286.0,0.9657643,-2.7262216,10485467.69230769,14067840.199999997,0.70339201,0.5,0.2,12.0,10 V,2.0,True,1
8.7564,-0.00028000000000000003,5e-05,-5.0632372,18082989.999999996,18642178.0,0.9321089,-2.8729848,10260659.999999998,13781033.799999999,0.68905169,0.5,0.2,12.0,10 V,2.0,True,1
8.7913,-0.0003,5e-05,-5.4865451,18288483.666666668,17470734.0,0.8735367,-3.088615,10295383.333333334,13710114.2,0.68550571,0.5,0.2,12.0,10 V,2.0,True,1
8.8262,-0.00028,5e-05,-5.1715607,18469859.642857146,18509758.0,0.9254879,-2.9773767,10633488.214285716,13887507.599999998,0.69437538,0.5,0.2,12.0,10 V,2.0,True,1
8.8612,-0.00026,5e-05,-4.8721284,18738955.384615384,18296057.999999996,0.9148029,-2.8901918,11116122.307692308,13691372.2,0.68456861,0.5,0.2,12.0,10 V,2.0,True,1
8.8962,-0.00023999999999999998,5e-05,-4.5468549,18945228.75,18962896.0,0.9481448,-2.7098613,11291088.750000002,14189373.799999999,0.70946869,0.5,0.2,12.0,10 V,2.0,True,1
8.9311,-0.00021999999999999998,5e-05,-4.1894001,19042727.72727273,19485322.0,0.9742661,-2.5447031,11566832.272727273,14306283.399999999,0.71531417,0.5,0.2,12.0,10 V,2.0,True,1
8.9662,-0.00019999999999999998,5e-05,-3.8919692,19459846.0,19505779.999999996,0.975289,-2.3352374,11676187.0,14220658.2,0.71103291,0.5,0.2,12.0,10 V,2.0,True,1
9.0013,-0.00017999999999999998,5e-05,-3.5802402,19890223.333333332,19772381.999999996,0.9886191,-2.2217995,12343330.555555556,14231603.999999998,0.7115802,0.5,0.2,12.0,10 V,2.0,True,1
9.0365,-0.00015999999999999999,5e-05,-3.2280423,20175264.375,19845192.0,0.9922596,-2.0339348,12712092.500000002,14458890.799999999,0.72294454,0.5,0.2,12.0,10 V,2.0,True,1
9.0716,-0.00014,5e-05,-2.8760753,20543395.000000004,20670845.999999996,1.0335423,-1.8382446,13130318.571428573,14685357.2,0.73426786,0.5,0.2,12.0,10 V,2.0,True,1
9.1065,-0.00011999999999999999,5e-05,-2.548976,21241466.666666668,21153902.0,1.0576951,-1.6412788,13677323.333333334,15022733.2,0.75113666,0.5,0.2,12.0,10 V,2.0,True,1
9.1416,-9.999999999999999e-05,5e-05,-2.1629301,21629301.0,21478025.999999996,1.0739013,-1.4133137,14133137.0,15082063.799999999,0.75410319,0.5,0.2,12.0,10 V,2.0,True,1
9.1766,-7.999999999999999e-05,5e-05,-1.7333028,21666285.000000004,21683477.999999996,1.0841739,-1.1894949,14868686.250000002,15084082.2,0.75420411,0.5,0.2,12.0,10 V,2.0,True,1
9.2086,-5.9999999999999995e-05,5e-05,-1.3193427,21989045.0,22105488.0,1.1052744,-0.97552227,16258704.500000002,16083845.0,0.80419225,0.5,0.2,12.0,10 V,2.0,True,1
9.2406,-3.9999999999999996e-05,5e-05,-0.8784255,21960637.500000004,22609547.999999996,1.1304774,-0.66686095,16671523.750000002,16423561.2,0.82117806,0.5,0.2,12.0,10 V,2.0,True,1
9.2727,-1.9999999999999995e-05,5e-05,-0.4131576,20657880.000000007,23195876.0,1.1597938,-0.33332379,16666189.500000006,16636331.2,0.83181656,0.5,0.2,12.0,10 V,2.0,True,1
9.3051,6.776263578034403e-21,5e-05,1.2122509,nan,24499631.999999996,1.2249816,0.86653726,nan,17480535.8,0.87402679,0.5,0.2,12.0,10 V,2.0,True,1
9.3374,2.000000000000001e-05,5e-05,0.5655959,28279794.99999999,24181116.0,1.2090558,0.41361424,20680711.99999999,17395144.0,0.8697572,0.5,0.2,12.0,10 V,2.0,True,1
9.3696,4.000000000000001e-05,5e-05,1.0124253,25310632.499999993,24605328.0,1.2302664,0.73503916,18375978.999999993,17618017.4,0.88090087,0.5,0.2,12.0,10 V,2.0,True,1
9.4018,6.000000000000001e-05,5e-05,1.4341067,23901778.333333332,24879408.0,1.2439704,1.0169518,16949196.666666664,17888266.2,0.89441331,0.5,0.2,12.0,10 V,2.0,True,1
9.4369,8e-05,5e-05,1.8382511,22978138.75,25459474.0,1.2729737,1.2103317,15129146.25,17150768.0,0.8575384,0.5,0.2,12.0,10 V,2.0,True,1
9.4721,0.0001,5e-05,2.2271903,22271903.0,25742573.999999996,1.2871287,1.4516328,14516328.0,17493799.2,0.87468996,0.5,0.2,12.0,10 V,2.0,True,1
9.5073,0.00012,5e-05,2.5907611,21589675.83333333,26170634.0,1.3085317,1.6531302,13776084.999999998,17700215.4,0.88501077,0.5,0.2,12.0,10 V,2.0,True,1
9.5423,0.00014000000000000001,5e-05,2.9576925,21126374.999999996,26421507.999999996,1.3210754,1.8263343,13045245.0,17761886.0,0.8880943,0.5,0.2,12.0,10 V,2.0,True,1
9.5775,0.00016,5e-05,3.2980786,20612991.25,26721655.999999996,1.3360828,2.0112626,12570391.249999998,17822813.599999998,0.89114068,0.5,0.2,12.0,10 V,2.0,True,1
9.6126,0.00018,5e-05,3.6527904,20293280.0,27396524.0,1.3698262,2.1866386,12147992.222222222,18322533.999999996,0.9161267,0.5,0.2,12.0,10 V,2.0,True,1
9.6477,0.0002,5e-05,4.0006228,20003114.0,27703052.0,1.3851526,2.3433121,11716560.499999998,18282898.999999996,0.91414495,0.5,0.2,12.0,10 V,2.0,True,1
9.6828,0.00022,5e-05,4.338694,19721336.363636363,27804897.999999996,1.3902449,2.5352244,11523747.272727273,18510817.599999998,0.92554088,0.5,0.2,12.0,10 V,2.0,True,1
9.7182,0.00024,5e-05,4.6525467,19385611.25,27987692.0,1.3993846,2.6967918,11236632.5,18541947.0,0.92709735,0.5,0.2,12.0,10 V,2.0,True,1
9.7518,0.00026000000000000003,5e-05,5.0119767,19276833.461538456,28618233.999999996,1.4309117,2.8635949,11013826.538461536,20261043.999999996,1.0130522,0.5,0.2,12.0,10 V,2.0,True,1
9.7840,0.00028000000000000003,5e-05,5.3205114,19001826.42857143,28989212.0,1.4494606,3.1451447,11232659.642857142,20513127.999999996,1.0256564,0.5,0.2,12.0,10 V,2.0,True,1
9.8161,0.0003,5e-05,5.6329343,18776447.666666668,29367559.999999996,1.468378,3.3509702,11169900.666666666,20727158.0,1.0363579,0.5,0.2,12.0,10 V,2.0,True,1
9.8484,0.00028,5e-05,5.3848251,19231518.214285716,29733588.0,1.4866794,3.2601175,11643276.785714285,21086041.999999996,1.0543021,0.5,0.2,12.0,10 V,2.0,True,1
9.8806,0.00026,5e-05,5.1069045,19641940.384615384,29176624.0,1.4588312,3.1720855,12200328.846153846,20708459.999999996,1.035423,0.5,0.2,12.0,10 V,2.0,True,1
9.9129,0.00023999999999999998,5e-05,4.7759219,19899674.583333336,28703362.0,1.4351681,3.0183379,12576407.916666668,20428440.0,1.021422,0.5,0.2,12.0,10 V,2.0,True,1
9.9450,0.00021999999999999998,5e-05,4.4311032,20141378.181818184,28212499.999999996,1.410625,2.8428848,12922203.636363639,20124552.0,1.0062276,0.5,0.2,12.0,10 V,2.0,True,1
9.9773,0.00019999999999999998,5e-05,4.0717993,20358996.500000004,28080188.0,1.4040094,2.6628231,13314115.500000002,20064172.0,1.0032086,0.5,0.2,12.0,10 V,2.0,True,1
10.0113,0.00017999999999999998,5e-05,3.7119402,20621890.0,27794120.0,1.389706,2.4715212,13730673.333333334,18611646.599999998,0.93058233,0.5,0.2,12.0,10 V,2.0,True,1
10.0465,0.00015999999999999999,5e-05,3.3988796,21242997.500000004,27150705.999999996,1.3575353,2.1701134,13563208.750000002,18419470.4,0.92097352,0.5,0.2,12.0,10 V,2.0,True,1
10.0817,0.00014,5e-05,3.0352536,21680382.85714286,27016854.0,1.3508427,1.9572984,13980702.857142858,18317166.599999998,0.91585833,0.5,0.2,12.0,10 V,2.0,True,1
10.1168,0.00011999999999999999,5e-05,2.6297012,21914176.666666668,26181412.0,1.3090706,1.698664,14155533.333333334,17854120.599999998,0.89270603,0.5,0.2,12.0,10 V,2.0,True,1
10.1520,9.999999999999999e-05,5e-05,2.2623084,22623084.000000004,25873894.0,1.2936947,1.4710671,14710671.0,17456293.4,0.87281467,0.5,0.2,12.0,10 V,2.0,True,1
10.1872,7.999999999999999e-05,5e-05,1.8859404,23574255.000000004,25796906.0,1.2898453,1.2444214,15555267.500000002,17325577.4,0.86627887,0.5,0.2,12.0,10 V,2.0,True,1
10.2194,5.9999999999999995e-05,5e-05,1.468477,24474616.666666668,25381273.999999996,1.2690637,1.0492727,17487878.333333336,18145728.4,0.90728642,0.5,0.2,12.0,10 V,2.0,True,1
10.2517,3.9999999999999996e-05,5e-05,1.0536862,26342155.000000004,25197929.999999996,1.2598965,0.76728074,19182018.500000004,18362002.799999997,0.91810014,0.5,0.2,12.0,10 V,2.0,True,1
10.2838,1.9999999999999995e-05,5e-05,0.6119104,30595520.000000007,24724879.999999996,1.236244,0.45085901,22542950.500000007,17718524.799999997,0.88592624,0.5,0.2,12.0,10 V,2.0,True,1
10.3161,-6.776263578034403e-21,5e-05,1.2581969,nan,25176481.999999996,1.2588241,0.90119808,nan,18264146.0,0.9132073,0.5,0.2,12.0,10 V,2.0,True,1
10.3484,-2.000000000000001e-05,5e-05,-0.3503562,17517809.999999993,23834995.999999996,1.1917498,-0.29938887,14969443.49999999,17518518.599999998,0.87592593,0.5,0.2,12.0,10 V,2.0,True,1
10.3808,-4.000000000000001e-05,5e-05,-0.8363564,20908909.999999993,23242728.0,1.1621364,-0.66285475,16571368.749999996,17252728.2,0.86263641,0.5,0.2,12.0,10 V,2.0,True,1
10.4131,-6.000000000000001e-05,5e-05,-1.3087457,21812428.333333332,22959187.999999996,1.1479594,-0.98634036,16439005.999999998,17217928.2,0.86089641,0.5,0.2,12.0,10 V,2.0,True,1
10.4482,-8e-05,5e-05,-1.7254609,21568261.25,22316547.999999996,1.1158274,-1.1804322,14755402.5,16567873.6,0.82839368,0.5,0.2,12.0,10 V,2.0,True,1
10.4834,-0.0001,5e-05,-2.1140145,21140145.0,21334385.999999996,1.0667193,-1.3932636,13932636.0,15953971.799999999,0.79769859,0.5,0.2,12.0,10 V,2.0,True,1
10.5186,-0.00012,5e-05,-2.4591679,20493065.833333332,20691084.0,1.0345542,-1.5547813,12956510.83333333,15844436.799999997,0.79222184,0.5,0.2,12.0,10 V,2.0,True,1
10.5538,-0.00014000000000000001,5e-05,-2.8215617,20154012.14285714,19354549.999999996,0.9677275,-1.7360139,12400099.285714285,15200536.799999999,0.76002684,0.5,0.2,12.0,10 V,2.0,True,1
10.5890,-0.00016,5e-05,-3.1782523,19864076.875,18876117.999999996,0.9438059,-1.8849881,11781175.625,14691367.999999998,0.7345684,0.5,0.2,12.0,10 V,2.0,True,1
10.6242,-0.00018,5e-05,-3.5116757,19509309.444444444,18045511.999999996,0.9022756,-2.0428656,11349253.33333333,13854481.999999998,0.6927241,0.5,0.2,12.0,10 V,2.0,True,1
10.6593,-0.0002,5e-05,-3.8412662,19206331.0,17911992.0,0.8955996,-2.2007429,11003714.499999998,13370486.6,0.66852433,0.5,0.2,12.0,10 V,2.0,True,1
10.6944,-0.00022,5e-05,-4.2083285,19128765.90909091,17673436.0,0.8836718,-2.3485016,10675007.272727273,13307740.2,0.66538701,0.5,0.2,12.0,10 V,2.0,True,1
10.7297,-0.00024,5e-05,-4.5895234,19123014.166666664,18724448.0,0.9362224,-2.5249224,10520509.999999998,13884612.999999998,0.69423065,0.5,0.2,12.0,10 V,2.0,True,1
10.7648,-0.00026000000000000003,5e-05,-4.9372446,18989402.307692304,17489429.999999996,0.8744715,-2.6924452,10355558.461538458,13187381.799999999,0.65936909,0.5,0.2,12.0,10 V,2.0,True,1
10.7999,-0.00028000000000000003,5e-05,-5.1763176,18486848.57142857,17352170.0,0.8676085,-2.8737492,10263389.999999998,13224355.599999998,0.66121778,0.5,0.2,12.0,10 V,2.0,True,1
10.8351,-0.0003,5e-05,-5.4402856,18134285.333333336,16917072.0,0.8458536,-3.0554711,10184903.666666668,13330640.799999999,0.66653204,0.5,0.2,12.0,10 V,2.0,True,1
10.8703,-0.00028,5e-05,-5.1544306,18408680.714285716,17919909.999999996,0.8959955,-2.8806177,10287920.357142858,13318475.2,0.66592376,0.5,0.2,12.0,10 V,2.0,True,1
10.9055,-0.00026,5e-05,-4.8164819,18524930.384615388,18540334.0,0.9270167,-2.7988224,10764701.53846154,13539197.0,0.67695985,0.5,0.2,12.0,10 V,2.0,True,1
10.9406,-0.00023999999999999998,5e-05,-4.4947719,18728216.25,19007769.999999996,0.9503885,-2.6491883,11038284.583333334,13612755.999999998,0.6806378,0.5,0.2,12.0,10 V,2.0,True,1
10.9758,-0.00021999999999999998,5e-05,-4.2089554,19131615.454545453,19240606.0,0.9620303,-2.4645132,11202332.727272727,13711200.999999998,0.68556005,0.5,0.2,12.0,10 V,2.0,True,1
11.0109,-0.00019999999999999998,5e-05,-3.8941469,19470734.5,19761273.999999996,0.9880637,-2.3137574,11568787.0,14046835.399999999,0.70234177,0.5,0.2,12.0,10 V,2.0,True,1
11.0461,-0.00017999999999999998,5e-05,-3.5352014,19640007.77777778,19958035.999999996,0.9979018,-2.1700956,12056086.666666666,14262578.2,0.71312891,0.5,0.2,12.0,10 V,2.0,True,1
11.0813,-0.00015999999999999999,5e-05,-3.2115886,20072428.75,20177016.0,1.0088508,-1.9970185,12481365.625000002,14378422.799999997,0.71892114,0.5,0.2,12.0,10 V,2.0,True,1
11.1165,-0.00014,5e-05,-2.8559152,20399394.285714287,20487502.0,1.0243751,-1.8132671,12951907.857142858,14592833.999999998,0.7296417,0.5,0.2,12.0,10 V,2.0,True,1
11.1517,-0.00011999999999999999,5e-05,-2.4669218,20557681.66666667,20771812.0,1.0385906,-1.5891076,13242563.333333334,15024174.799999999,0.75120874,0.5,0.2,12.0,10 V,2.0,True,1
11.1870,-9.999999999999999e-05,5e-05,-2.1159722,21159722.0,21030829.999999996,1.0515415,-1.4288656,14288656.0,14965188.0,0.7482594,0.5,0.2,12.0,10 V,2.0,True,1
11.2221,-7.999999999999999e-05,5e-05,-1.7130381,21412976.25,21493093.999999996,1.0746547,-1.1590347,14487933.750000004,15190788.799999997,0.75953944,0.5,0.2,12.0,10 V,2.0,True,1
11.2544,-5.9999999999999995e-05,5e-05,-1.292908,21548466.666666668,21868691.999999996,1.0934346,-0.96216578,16036096.333333334,15880678.399999999,0.79403392,0.5,0.2,12.0,10 V,2.0,True,1
11.2865,-3.9999999999999996e-05,5e-05,-0.8680594,21701485.000000004,22284543.999999996,1.1142272,-0.66024642,16506160.500000002,16290792.799999999,0.81453964,0.5,0.2,12.0,10 V,2.0,True,1
11.3188,-1.9999999999999995e-05,5e-05,-0.4063383,20316915.000000004,22758356.0,1.1379178,-0.33231628,16615814.000000006,16497452.799999999,0.82487264,0.5,0.2,12.0,10 V,2.0,True,1
11.3510,6.776263578034403e-21,5e-05,1.1898085,nan,24163519.999999996,1.208176,0.85857474,nan,17425530.2,0.87127651,0.5,0.2,12.0,10 V,2.0,True,1
11.3833,2.000000000000001e-05,5e-05,0.5574406,27872029.99999998,23822237.999999996,1.1911119,0.40703961,20351980.49999999,17395487.799999997,0.86977439,0.5,0.2,12.0,10 V,2.0,True,1
11.4156,4.000000000000001e-05,5e-05,0.9992601,24981502.499999993,24245127.999999996,1.2122564,0.72964115,18241028.749999993,17666635.4,0.88333177,0.5,0.2,12.0,10 V,2.0,True,1
11.4477,6.000000000000001e-05,5e-05,1.4208646,23681076.666666664,24487863.999999996,1.2243932,1.021578,17026300.0,17693550.4,0.88467752,0.5,0.2,12.0,10 V,2.0,True,1
11.4827,8e-05,5e-05,1.810513,22631412.5,24789552.0,1.2394776,1.2213851,15267313.75,17011357.4,0.85056787,0.5,0.2,12.0,10 V,2.0,True,1
11.5177,0.0001,5e-05,2.1902516,21902515.999999996,25474212.0,1.2737106,1.4633406,14633405.999999998,17376147.2,0.86880736,0.5,0.2,12.0,10 V,2.0,True,1
11.5527,0.00012,5e-05,2.5717613,21431344.166666664,25684062.0,1.2842031,1.6888038,14073364.999999998,17507916.599999998,0.87539583,0.5,0.2,12.0,10 V,2.0,True,1
11.5877,0.00014000000000000001,5e-05,2.9437024,21026445.714285713,25930976.0,1.2965488,1.9104615,13646153.57142857,17690866.599999998,0.88454333,0.5,0.2,12.0,10 V,2.0,True,1
11.6226,0.00016,5e-05,3.2843251,20527031.875,26722755.999999996,1.3361378,2.0864756,13040472.5,18050322.4,0.90251612,0.5,0.2,12.0,10 V,2.0,True,1
11.6575,0.00018,5e-05,3.6421659,20234255.0,27228463.999999996,1.3614232,2.2922627,12734792.777777778,18508854.8,0.92544274,0.5,0.2,12.0,10 V,2.0,True,1
11.6909,0.0002,5e-05,3.9583666,19791833.0,27821175.999999996,1.3910588,2.472742,12363710.0,20137640.0,1.006882,0.5,0.2,12.0,10 V,2.0,True,1
11.7229,0.00022,5e-05,4.3171151,19623250.454545453,27946887.999999996,1.3973444,2.744256,12473890.909090908,20220679.999999996,1.011034,0.5,0.2,12.0,10 V,2.0,True,1
11.7549,0.00024,5e-05,4.6480428,19366844.999999996,28612733.999999996,1.4306367,2.9284528,12201886.666666666,20538753.999999996,1.0269377,0.5,0.2,12.0,10 V,2.0,True,1
11.7872,0.00026000000000000003,5e-05,4.9820499,19161730.38461538,28788930.0,1.4394465,3.1052863,11943408.846153844,20355520.0,1.017776,0.5,0.2,12.0,10 V,2.0,True,1
11.8194,0.00028000000000000003,5e-05,5.2530909,18761038.92857143,29004609.999999996,1.4502305,3.2402155,11572198.214285715,20514668.0,1.0257334,0.5,0.2,12.0,10 V,2.0,True,1
11.8517,0.0003,5e-05,5.5987511,18662503.666666668,29842583.999999996,1.4921292,3.4324744,11441581.333333334,20864858.0,1.0432429,0.5,0.2,12.0,10 V,2.0,True,1
11.8838,0.00028,5e-05,5.3832193,19225783.214285716,29909454.0,1.4954727,3.3559581,11985564.642857144,21325257.999999996,1.0662629,0.5,0.2,12.0,10 V,2.0,True,1
11.9160,0.00026,5e-05,5.0726608,19510233.846153848,29660337.999999996,1.4830169,3.2416783,12467993.46153846,21167650.0,1.0583825,0.5,0.2,12.0,10 V,2.0,True,1
11.9482,0.00023999999999999998,5e-05,4.7650664,19854443.333333336,28537064.0,1.4268532,3.0910598,12879415.833333334,20655337.999999996,1.0327669,0.5,0.2,12.0,10 V,2.0,True,1
11.9805,0.00021999999999999998,5e-05,4.4334788,20152176.363636363,28431149.999999996,1.4215575,2.9119661,13236209.545454545,20495090.0,1.0247545,0.5,0.2,12.0,10 V,2.0,True,1
12.0127,0.00019999999999999998,5e-05,4.1104755,20552377.5,28416852.0,1.4208426,2.7567612,13783806.000000002,20494650.0,1.0247325,0.5,0.2,12.0,10 V,2.0,True,1
12.0465,0.00017999999999999998,5e-05,3.7827485,21015269.444444444,27267953.999999996,1.3633977,2.5678348,14265748.888888888,18084268.599999998,0.90421343,0.5,0.2,12.0,10 V,2.0,True,1
12.0817,0.00015999999999999999,5e-05,3.3771741,21107338.125000004,27409834.0,1.3704917,2.1257401,13285875.625,18524746.599999998,0.92623733,0.5,0.2,12.0,10 V,2.0,True,1
12.1168,0.00014,5e-05,3.0624913,21874937.85714286,27387836.0,1.3693918,1.971085,14079178.571428573,18618766.2,0.93093831,0.5,0.2,12.0,10 V,2.0,True,1
12.1523,0.00011999999999999999,5e-05,2.6827633,22356360.833333336,27377717.999999996,1.3688859,1.7534143,14611785.833333334,18857697.4,0.94288487,0.5,0.2,12.0,10 V,2.0,True,1
12.1875,9.999999999999999e-05,5e-05,2.3217276,23217276.0,26995957.999999996,1.3497979,1.5375748,15375748.0,18715946.999999996,0.93579735,0.5,0.2,12.0,10 V,2.0,True,1
12.2227,7.999999999999999e-05,5e-05,1.9373967,24217458.750000004,26975169.999999996,1.3487585,1.3110888,16388610.000000004,18697249.599999998,0.93486248,0.5,0.2,12.0,10 V,2.0,True,1
12.2549,5.9999999999999995e-05,5e-05,1.536365,25606083.333333336,26478480.0,1.323924,1.1201829,18669715.000000004,19517888.999999996,0.97589445,0.5,0.2,12.0,10 V,2.0,True,1
12.2872,3.9999999999999996e-05,5e-05,1.1006221,27515552.500000004,26156115.999999996,1.3078058,0.82090026,20522506.500000004,19240941.4,0.96204707,0.5,0.2,12.0,10 V,2.0,True,1
12.3195,1.9999999999999995e-05,5e-05,0.631136,31556800.00000001,25858387.999999996,1.2929194,0.47704054,23852027.000000007,19141698.4,0.95708492,0.5,0.2,12.0,10 V,2.0,True,1
12.3520,-6.776263578034403e-21,5e-05,1.3017896,nan,26026113.999999996,1.3013057,0.9602555,nan,19266226.2,0.96331131,0.5,0.2,12.0,10 V,2.0,True,1
12.3842,-2.000000000000001e-05,5e-05,-0.3444225,17221124.999999993,24647891.999999996,1.2323946,-0.3009481,15047404.999999993,18604105.4,0.93020527,0.5,0.2,12.0,10 V,2.0,True,1
12.4163,-4.000000000000001e-05,5e-05,-0.8400354,21000884.999999993,23977096.0,1.1988548,-0.67797129,16949282.249999993,18137688.4,0.90688442,0.5,0.2,12.0,10 V,2.0,True,1
12.4485,-6.000000000000001e-05,5e-05,-1.310038,21833966.666666664,23454888.0,1.1727444,-1.0071381,16785634.999999996,17804704.0,0.8902352,0.5,0.2,12.0,10 V,2.0,True,1
12.4836,-8e-05,5e-05,-1.7310316,21637895.0,22617136.0,1.1308568,-1.2130921,15163651.249999998,16958047.999999996,0.8479024,0.5,0.2,12.0,10 V,2.0,True,1
12.5188,-0.0001,5e-05,-2.0960925,20960925.0,21824588.0,1.0912294,-1.4177076,14177075.999999998,16678084.399999999,0.83390422,0.5,0.2,12.0,10 V,2.0,True,1
12.5540,-0.00012,5e-05,-2.4476965,20397470.833333332,20493660.0,1.024683,-1.6006835,13339029.166666664,16173373.6,0.80866868,0.5,0.2,12.0,10 V,2.0,True,1
12.5891,-0.00014000000000000001,5e-05,-2.7952479,19966056.42857143,19605866.0,0.9802933,-1.7735021,12667872.142857142,15533543.799999999,0.77667719,0.5,0.2,12.0,10 V,2.0,True,1
12.6242,-0.00016,5e-05,-3.1341431,19588394.375,18512618.0,0.9256309,-1.9225533,12015958.125,14522125.2,0.72610626,0.5,0.2,12.0,10 V,2.0,True,1
12.6593,-0.00018,5e-05,-3.4517124,19176179.999999996,18225228.0,0.9112614,-2.0749316,11527397.777777778,14221645.199999997,0.71108226,0.5,0.2,12.0,10 V,2.0,True,1
12.6946,-0.0002,5e-05,-3.7846517,18923258.499999996,17994479.999999996,0.899724,-2.2823294,11411647.0,13902279.2,0.69511396,0.5,0.2,12.0,10 V,2.0,True,1
12.7297,-0.00022,5e-05,-4.1537596,18880725.454545453,17852600.0,0.89263,-2.4624674,11193033.636363635,13623335.599999998,0.68116678,0.5,0.2,12.0,10 V,2.0,True,1
12.7650,-0.00024,5e-05,-4.5429834,18929097.499999996,18430788.0,0.9215394,-2.6009492,10837288.333333332,13652125.399999999,0.68260627,0.5,0.2,12.0,10 V,2.0,True,1
12.8002,-0.00026000000000000003,5e-05,-4.8359325,18599740.38461538,18000309.999999996,0.9000155,-2.7674823,10644162.69230769,13275313.6,0.66376568,0.5,0.2,12.0,10 V,2.0,True,1
12.8353,-0.00028000000000000003,5e-05,-5.2010421,18575150.357142854,17253073.999999996,0.8626537,-2.9317771,10470632.5,13535748.0,0.6767874,0.5,0.2,12.0,10 V,2.0,True,1
12.8704,-0.0003,5e-05,-5.3997178,17999059.333333336,16945448.0,0.8472724,-3.1287263,10429087.666666666,13491100.399999999,0.67455502,0.5,0.2,12.0,10 V,2.0,True,1
12.9057,-0.00028,5e-05,-5.1089082,18246100.714285716,18005038.0,0.9002519,-3.0270622,10810936.42857143,13658878.999999998,0.68294395,0.5,0.2,12.0,10 V,2.0,True,1
12.9410,-0.00026,5e-05,-4.7905366,18425140.76923077,18558040.0,0.927902,-2.903643,11167857.692307694,14325524.199999997,0.71627621,0.5,0.2,12.0,10 V,2.0,True,1
12.9761,-0.00023999999999999998,5e-05,-4.4642402,18601000.833333336,19016898.0,0.9508449,-2.8100518,11708549.166666668,14357440.799999999,0.71787204,0.5,0.2,12.0,10 V,2.0,True,1
13.0114,-0.00021999999999999998,5e-05,-4.1642687,18928494.090909094,19235658.0,0.9617829,-2.6503761,12047164.090909092,14711629.2,0.73558146,0.5,0.2,12.0,10 V,2.0,True,1
13.0465,-0.00019999999999999998,5e-05,-3.846375,19231875.0,19749395.999999996,0.9874698,-2.4700124,12350062.0,14830811.799999999,0.74154059,0.5,0.2,12.0,10 V,2.0,True,1
13.0817,-0.00017999999999999998,5e-05,-3.5901608,19945337.77777778,20214189.999999996,1.0107095,-2.2652434,12584685.555555556,15009258.999999998,0.75046295,0.5,0.2,12.0,10 V,2.0,True,1
13.1169,-0.00015999999999999999,5e-05,-3.2554835,20346771.875000004,20544693.999999996,1.0272347,-2.0809862,13006163.750000002,15216616.999999998,0.76083085,0.5,0.2,12.0,10 V,2.0,True,1
13.1521,-0.00014,5e-05,-2.8981547,20701105.000000004,20890045.999999996,1.0445023,-1.8912462,13508901.428571431,15266066.599999998,0.76330333,0.5,0.2,12.0,10 V,2.0,True,1
13.1872,-0.00011999999999999999,5e-05,-2.5572028,21310023.333333336,21218902.0,1.0609451,-1.6788164,13990136.666666668,15280328.199999997,0.76401641,0.5,0.2,12.0,10 V,2.0,True,1
13.2223,-9.999999999999999e-05,5e-05,-2.1566115,21566115.0,21360014.0,1.0680007,-1.4507745,14507745.000000002,15211138.6,0.76055693,0.5,0.2,12.0,10 V,2.0,True,1
13.2576,-7.999999999999999e-05,5e-05,-1.7437018,21796272.500000004,21844934.0,1.0922467,-1.2020771,15025963.75,15272953.399999999,0.76364767,0.5,0.2,12.0,10 V,2.0,True,1
13.2900,-5.9999999999999995e-05,5e-05,-1.320767,22012783.333333336,22327987.999999996,1.1163994,-0.98882116,16480352.666666668,16401436.799999999,0.82007184,0.5,0.2,12.0,10 V,2.0,True,1
13.3223,-3.9999999999999996e-05,5e-05,-0.8778151,21945377.500000004,22831166.0,1.1415583,-0.67404659,16851164.750000004,16590142.0,0.8295071,0.5,0.2,12.0,10 V,2.0,True,1
13.3546,-1.9999999999999995e-05,5e-05,-0.4149173,20745865.000000007,23130434.0,1.1565217,-0.33397643,16698821.500000006,16800383.599999998,0.84001918,0.5,0.2,12.0,10 V,2.0,True,1
13.3870,6.776263578034403e-21,5e-05,1.2170957,nan,24545276.0,1.2272638,0.87504484,nan,17692630.0,0.8846315,0.5,0.2,12.0,10 V,2.0,True,1
13.4193,2.000000000000001e-05,5e-05,0.5751701,28758504.999999985,24276474.0,1.2138237,0.4175783,20878914.99999999,17463424.2,0.87317121,0.5,0.2,12.0,10 V,2.0,True,1
13.4515,4.000000000000001e-05,5e-05,1.0223789,25559472.499999993,24817157.999999996,1.2408579,0.74566826,18641706.499999993,17855639.8,0.89278199,0.5,0.2,12.0,10 V,2.0,True,1
13.4837,6.000000000000001e-05,5e-05,1.4440603,24067671.666666664,25070671.999999996,1.2535336,1.0314995,17191658.333333332,18071570.599999998,0.90357853,0.5,0.2,12.0,10 V,2.0,True,1
13.5191,8e-05,5e-05,1.8440968,23051210.0,25458373.999999996,1.2729187,1.2288146,15360182.5,17212571.8,0.86062859,0.5,0.2,12.0,10 V,2.0,True,1
13.5543,0.0001,5e-05,2.2272893,22272892.999999996,25711227.999999996,1.2855614,1.4770393,14770392.999999998,17297220.599999998,0.86486103,0.5,0.2,12.0,10 V,2.0,True,1
13.5894,0.00012,5e-05,2.5991474,21659561.666666664,25873563.999999996,1.2936782,1.6988729,14157274.166666664,17571927.2,0.87859636,0.5,0.2,12.0,10 V,2.0,True,1
13.6244,0.00014000000000000001,5e-05,2.939743,20998164.285714284,26283477.999999996,1.3141739,1.9022456,13587468.57142857,17683802.4,0.88419012,0.5,0.2,12.0,10 V,2.0,True,1
13.6595,0.00016,5e-05,3.3051067,20656916.875,26614859.999999996,1.330743,2.1045186,13153241.25,17985701.599999998,0.89928508,0.5,0.2,12.0,10 V,2.0,True,1
13.6946,0.00018,5e-05,3.684631,20470172.22222222,27026861.999999996,1.3513431,2.3153485,12863047.22222222,18399608.599999998,0.91998043,0.5,0.2,12.0,10 V,2.0,True,1
13.7298,0.0002,5e-05,4.0042248,20021124.0,27486822.0,1.3743411,2.4989403,12494701.5,18567631.0,0.92838155,0.5,0.2,12.0,10 V,2.0,True,1
13.7651,0.00022,5e-05,4.3224053,19647296.818181816,27942597.999999996,1.3971299,2.6620367,12100166.818181816,18450843.599999998,0.92254218,0.5,0.2,12.0,10 V,2.0,True,1
13.8005,0.00024,5e-05,4.6508364,19378485.0,28233288.0,1.4116644,2.8243082,11767950.833333332,18523360.4,0.92616802,0.5,0.2,12.0,10 V,2.0,True,1
13.8358,0.00026000000000000003,5e-05,4.9897213,19191235.769230768,28266281.999999996,1.4133141,3.0141145,11592748.076923074,18586761.0,0.92933805,0.5,0.2,12.0,10 V,2.0,True,1
13.8696,0.00028000000000000003,5e-05,5.3241629,19014867.5,29291337.999999996,1.4645669,3.1893696,11390605.714285713,20728917.999999996,1.0364459,0.5,0.2,12.0,10 V,2.0,True,1
13.9018,0.0003,5e-05,5.6844898,18948299.333333332,30158567.999999996,1.5079284,3.5651324,11883774.666666668,21648941.999999996,1.0824471,0.5,0.2,12.0,10 V,2.0,True,1
13.9341,0.00028,5e-05,5.4970702,19632393.57142857,29076867.999999996,1.4538434,3.4782831,12422439.642857146,20775882.0,1.0387941,0.5,0.2,12.0,10 V,2.0,True,1
13.9664,0.00026,5e-05,5.1078229,19645472.692307696,28596455.999999996,1.4298228,3.2683223,12570470.384615384,20453405.999999996,1.0226703,0.5,0.2,12.0,10 V,2.0,True,1
14.0000,0.00023999999999999998,5e-05,4.7876243,19948434.583333336,27728457.999999996,1.3864229,3.1133757,12972398.750000002,18081729.0,0.90408645,0.5,0.2,12.0,10 V,2.0,True,1
14.0352,0.00021999999999999998,5e-05,4.3684449,19856567.72727273,27549404.0,1.3774702,2.6824883,12193128.636363639,18228536.4,0.91142682,0.5,0.2,12.0,10 V,2.0,True,1
14.0703,0.00019999999999999998,5e-05,3.966137,19830685.0,27368478.0,1.3684239,2.4912634,12456317.0,18411108.599999998,0.92055543,0.5,0.2,12.0,10 V,2.0,True,1
14.1054,0.00017999999999999998,5e-05,3.7589971,20883317.222222224,26967031.999999996,1.3483516,2.397287,13318261.111111112,18254586.599999998,0.91272933,0.5,0.2,12.0,10 V,2.0,True,1
14.1405,0.00015999999999999999,5e-05,3.3715814,21072383.750000004,26565257.999999996,1.3282629,2.1458948,13411842.500000004,17920526.599999998,0.89602633,0.5,0.2,12.0,10 V,2.0,True,1
14.1756,0.00014,5e-05,3.0161603,21544002.142857146,26395881.999999996,1.3197941,1.9310231,13793022.142857144,17782668.4,0.88913342,0.5,0.2,12.0,10 V,2.0,True,1
14.2108,0.00011999999999999999,5e-05,2.6438068,22031723.333333336,26116630.0,1.3058315,1.7090465,14242054.166666668,17840014.2,0.89200071,0.5,0.2,12.0,10 V,2.0,True,1
14.2460,9.999999999999999e-05,5e-05,2.2609775,22609775.000000004,25987287.999999996,1.2993644,1.5047609,15047609.0,17855318.2,0.89276591,0.5,0.2,12.0,10 V,2.0,True,1
14.2810,7.999999999999999e-05,5e-05,1.8937108,23671385.000000004,25762369.999999996,1.2881185,1.2803976,16004970.000000002,17849784.4,0.89248922,0.5,0.2,12.0,10 V,2.0,True,1
14.3132,5.9999999999999995e-05,5e-05,1.4810537,24684228.333333336,25310443.999999996,1.2655222,1.0775369,17958948.333333332,18598172.4,0.92990862,0.5,0.2,12.0,10 V,2.0,True,1
14.3453,3.9999999999999996e-05,5e-05,1.0517174,26292935.000000004,25089700.0,1.254485,0.78093958,19523489.500000004,18501114.0,0.9250557,0.5,0.2,12.0,10 V,2.0,True,1
14.3775,1.9999999999999995e-05,5e-05,0.5915138,29575690.000000007,24666697.999999996,1.2333349,0.44016173,22008086.500000004,18257259.2,0.91286296,0.5,0.2,12.0,10 V,2.0,True,1
14.4099,-6.776263578034403e-21,5e-05,1.2490352,nan,25037896.0,1.2518948,0.91831029,nan,18504862.4,0.92524312,0.5,0.2,12.0,10 V,2.0,True,1
14.4421,-2.000000000000001e-05,5e-05,-0.344692,17234599.999999993,23755586.0,1.1877793,-0.29505496,14752747.99999999,17626079.8,0.88130399,0.5,0.2,12.0,10 V,2.0,True,1
14.4742,-4.000000000000001e-05,5e-05,-0.8208814,20522034.999999993,23141981.999999996,1.1570991,-0.65242754,16310688.499999994,17368051.599999998,0.86840258,0.5,0.2,12.0,10 V,2.0,True,1
14.5063,-6.000000000000001e-05,5e-05,-1.2703831,21173051.666666664,22562693.999999996,1.1281347,-0.97820102,16303350.33333333,17115236.0,0.8557618,0.5,0.2,12.0,10 V,2.0,True,1
14.5415,-8e-05,5e-05,-1.7021222,21276527.5,21993413.999999996,1.0996707,-1.2053492,15066864.999999998,16127472.399999999,0.80637362,0.5,0.2,12.0,10 V,2.0,True,1
14.5767,-0.0001,5e-05,-2.0891196,20891196.0,21754527.999999996,1.0877264,-1.4221675,14221674.999999998,16066034.799999999,0.80330174,0.5,0.2,12.0,10 V,2.0,True,1
14.6118,-0.00012,5e-05,-2.4472621,20393850.833333332,20982105.999999996,1.0491053,-1.6083989,13403324.166666666,15648623.2,0.78243116,0.5,0.2,12.0,10 V,2.0,True,1
14.6469,-0.00014000000000000001,5e-05,-2.7989929,19992806.42857143,20602765.999999996,1.0301383,-1.7887736,12776954.285714285,15701510.599999998,0.78507553,0.5,0.2,12.0,10 V,2.0,True,1
14.6821,-0.00016,5e-05,-3.1256688,19535430.0,20100905.999999996,1.0050453,-1.9412232,12132645.0,15378917.599999998,0.76894588,0.5,0.2,12.0,10 V,2.0,True,1
14.7172,-0.00018,5e-05,-3.4336639,19075910.555555552,19463985.999999996,0.9731993,-2.1128157,11737864.999999998,15153471.399999999,0.75767357,0.5,0.2,12.0,10 V,2.0,True,1
14.7523,-0.0002,5e-05,-3.775622,18878109.999999996,19208381.999999996,0.9604191,-2.2741741,11370870.5,14944760.399999999,0.74723802,0.5,0.2,12.0,10 V,2.0,True,1
14.7875,-0.00022,5e-05,-4.0975245,18625111.36363636,18830252.0,0.9415126,-2.4721241,11236927.727272727,14579991.999999998,0.7289996,0.5,0.2,12.0,10 V,2.0,True,1
14.8226,-0.00024,5e-05,-4.4845928,18685803.33333333,18414180.0,0.920709,-2.6284727,10951969.583333332,14368630.399999999,0.71843152,0.5,0.2,12.0,10 V,2.0,True,1
14.8579,-0.00026000000000000003,5e-05,-4.8452757,18635675.769230768,17977541.999999996,0.8988771,-2.7647932,10633819.999999998,14109027.799999999,0.70545139,0.5,0.2,12.0,10 V,2.0,True,1
14.8931,-0.00028000000000000003,5e-05,-5.1427888,18367102.857142854,17336992.0,0.8668496,-2.9675551,10598411.071428569,13974717.999999998,0.6987359,0.5,0.2,12.0,10 V,2.0,True,1
14.9284,-0.0003,5e-05,-5.50147,18338233.333333336,16605701.999999998,0.8302851,-3.144333,10481110.0,13314693.6,0.66573468,0.5,0.2,12.0,10 V,2.0,True,1
14.9635,-0.00028,5e-05,-5.1241026,18300366.42857143,17678933.999999996,0.8839467,-2.9620943,10578908.214285715,13906837.2,0.69534186,0.5,0.2,12.0,10 V,2.0,True,1
14.9987,-0.00026,5e-05,-4.8478493,18645574.230769232,18352370.0,0.9176185,-2.7928887,10741879.615384614,14106754.399999999,0.70533772,0.5,0.2,12.0,10 V,2.0,True,1
15.0339,-0.00023999999999999998,5e-05,-4.5418341,18924308.75,19260404.0,0.9630202,-2.6202899,10917874.583333334,14424922.6,0.72124613,0.5,0.2,12.0,10 V,2.0,True,1
15.0691,-0.00021999999999999998,5e-05,-4.3002149,19546431.363636367,19716949.999999996,0.9858475,-2.3879035,10854106.81818182,14402587.6,0.72012938,0.5,0.2,12.0,10 V,2.0,True,1
15.1042,-0.00019999999999999998,5e-05,-3.9124318,19562159.0,19896004.0,0.9948002,-2.2798988,11399494.0,14598212.6,0.72991063,0.5,0.2,12.0,10 V,2.0,True,1
15.1396,-0.00017999999999999998,5e-05,-3.5052141,19473411.666666668,20414142.0,1.0207071,-2.117248,11762488.88888889,14876834.599999998,0.74384173,0.5,0.2,12.0,10 V,2.0,True,1
15.1747,-0.00015999999999999999,5e-05,-3.1881069,19925668.125000004,20536664.0,1.0268332,-1.9647599,12279749.375000002,14932450.799999997,0.74662254,0.5,0.2,12.0,10 V,2.0,True,1
15.2099,-0.00014,5e-05,-2.8548978,20392127.142857146,21027640.0,1.051382,-1.8043584,12888274.285714287,15204384.999999998,0.76021925,0.5,0.2,12.0,10 V,2.0,True,1
15.2451,-0.00011999999999999999,5e-05,-2.4884568,20737140.0,21290391.999999996,1.0645196,-1.5917528,13264606.666666668,15422822.199999997,0.77114111,0.5,0.2,12.0,10 V,2.0,True,1
15.2803,-9.999999999999999e-05,5e-05,-2.117787,21177870.0,21446350.0,1.0723175,-1.3841788,13841788.0,15399322.799999999,0.76996614,0.5,0.2,12.0,10 V,2.0,True,1
15.3157,-7.999999999999999e-05,5e-05,-1.7278366,21597957.500000004,21944580.0,1.097229,-1.1552292,14440365.000000002,15423454.399999999,0.77117272,0.5,0.2,12.0,10 V,2.0,True,1
15.3478,-5.9999999999999995e-05,5e-05,-1.3029495,21715825.0,22260455.999999996,1.1130228,-0.9652182,16086970.000000002,16554587.599999998,0.82772938,0.5,0.2,12.0,10 V,2.0,True,1
15.3801,-3.9999999999999996e-05,5e-05,-0.8767977,21919942.500000004,22620216.0,1.1310108,-0.66707942,16676985.500000002,16664610.2,0.83323051,0.5,0.2,12.0,10 V,2.0,True,1
15.4125,-1.9999999999999995e-05,5e-05,-0.411964,20598200.000000007,23149791.999999996,1.1574896,-0.33160431,16580215.500000006,16940548.2,0.84702741,0.5,0.2,12.0,10 V,2.0,True,1
15.4449,6.776263578034403e-21,5e-05,1.2166998,nan,24576842.0,1.2288421,0.88071508,nan,17807354.4,0.89036772,0.5,0.2,12.0,10 V,2.0,True,1
15.4770,2.000000000000001e-05,5e-05,0.5719475,28597374.99999999,24554184.0,1.2277092,0.42033029,21016514.49999999,17816437.0,0.89082185,0.5,0.2,12.0,10 V,2.0,True,1
15.5093,4.000000000000001e-05,5e-05,1.0225933,25564832.499999993,24731589.999999996,1.2365795,0.75045852,18761462.999999993,18061989.0,0.90309945,0.5,0.2,12.0,10 V,2.0,True,1
15.5415,6.000000000000001e-05,5e-05,1.4540359,24233931.666666664,25062861.999999996,1.2531431,1.0499403,17499005.0,18270766.599999998,0.91353833,0.5,0.2,12.0,10 V,2.0,True,1
15.5766,8e-05,5e-05,1.8566296,23207870.0,25521834.0,1.2760917,1.2593576,15741970.0,17761653.2,0.88808266,0.5,0.2,12.0,10 V,2.0,True,1
15.6118,0.0001,5e-05,2.2536416,22536415.999999996,25776997.999999996,1.2888499,1.5079119,15079119.0,17838639.0,0.89193195,0.5,0.2,12.0,10 V,2.0,True,1
15.6469,0.00012,5e-05,2.6294813,21912344.166666664,26315151.999999996,1.3157576,1.7336555,14447129.166666664,18083680.799999997,0.90418404,0.5,0.2,12.0,10 V,2.0,True,1
15.6820,0.00014000000000000001,5e-05,3.0232543,21594673.57142857,26641368.0,1.3320684,1.9444357,13888826.42857143,18350790.999999996,0.91753955,0.5,0.2,12.0,10 V,2.0,True,1
15.7171,0.00016,5e-05,3.3773611,21108506.875,27112649.999999996,1.3556325,2.1424138,13390086.25,18643175.0,0.93215875,0.5,0.2,12.0,10 V,2.0,True,1
15.7508,0.00018,5e-05,3.7436377,20797987.22222222,27518608.0,1.3759304,2.3408869,13004927.222222222,20159527.999999996,1.0079764,0.5,0.2,12.0,10 V,2.0,True,1
15.7847,0.0002,5e-05,4.0622582,20311290.999999996,27589768.0,1.3794884,2.6141823,13070911.499999998,18674626.2,0.93373131,0.5,0.2,12.0,10 V,2.0,True,1
15.8201,0.00022,5e-05,4.3737131,19880514.09090909,27807647.999999996,1.3903824,2.6732551,12151159.545454545,18609772.4,0.93048862,0.5,0.2,12.0,10 V,2.0,True,1
15.8538,0.00024,5e-05,4.7029086,19595452.499999996,28416301.999999996,1.4208151,2.8567593,11903163.749999998,20266321.999999996,1.0133161,0.5,0.2,12.0,10 V,2.0,True,1
15.8860,0.00026000000000000003,5e-05,5.0247459,19325945.769230764,28482731.999999996,1.4241366,3.1351691,12058342.69230769,20233878.0,1.0116939,0.5,0.2,12.0,10 V,2.0,True,1
15.9181,0.00028000000000000003,5e-05,5.3935303,19262608.214285713,29246685.999999996,1.4623343,3.3687053,12031090.357142856,20732767.999999996,1.0366384,0.5,0.2,12.0,10 V,2.0,True,1
15.9504,0.0003,5e-05,5.7586249,19195416.333333336,29590827.999999996,1.4795414,3.5922934,11974311.333333334,21283354.0,1.0641677,0.5,0.2,12.0,10 V,2.0,True,1
15.9826,0.00028,5e-05,5.4981096,19636105.714285716,29127241.999999996,1.4563621,3.4753355,12411912.500000002,20926999.999999996,1.04635,0.5,0.2,12.0,10 V,2.0,True,1
16.0148,0.00026,5e-05,5.1499912,19807658.46153846,28794647.999999996,1.4397324,3.3087251,12725865.76923077,20614973.999999996,1.0307487,0.5,0.2,12.0,10 V,2.0,True,1
16.0471,0.00023999999999999998,5e-05,4.8435791,20181579.583333336,28316875.999999996,1.4158438,3.1400524,13083551.666666668,20459676.0,1.0229838,0.5,0.2,12.0,10 V,2.0,True,1
16.0793,0.00021999999999999998,5e-05,4.5047103,20475955.90909091,28134852.0,1.4067426,2.9597547,13453430.454545455,20369378.0,1.0184689,0.5,0.2,12.0,10 V,2.0,True,1
16.1133,0.00019999999999999998,5e-05,4.1687948,20843974.0,27856809.999999996,1.3928405,2.7561783,13780891.500000002,18603684.0,0.9301842,0.5,0.2,12.0,10 V,2.0,True,1
16.1484,0.00017999999999999998,5e-05,3.7963755,21090975.0,27143665.999999996,1.3571833,2.3815867,13231037.222222224,18501857.2,0.92509286,0.5,0.2,12.0,10 V,2.0,True,1
16.1836,0.00015999999999999999,5e-05,3.4041313,21275820.625000004,26875193.999999996,1.3437597,2.1673803,13546126.875000002,18491233.0,0.92456165,0.5,0.2,12.0,10 V,2.0,True,1
16.2187,0.00014,5e-05,3.0432001,21737143.571428575,26793146.0,1.3396573,1.9434349,13881677.857142858,18062665.4,0.90313327,0.5,0.2,12.0,10 V,2.0,True,1
16.2539,0.00011999999999999999,5e-05,2.6654462,22212051.666666668,26291285.999999996,1.3145643,1.7264625,14387187.500000002,17889840.999999996,0.89449205,0.5,0.2,12.0,10 V,2.0,True,1
16.2889,9.999999999999999e-05,5e-05,2.2783331,22783331.000000004,25689559.999999996,1.284478,1.4861185,14861185.0,17630915.0,0.88154575,0.5,0.2,12.0,10 V,2.0,True,1
16.3240,7.999999999999999e-05,5e-05,1.8668856,23336070.000000004,25639408.0,1.2819704,1.2554693,15693366.250000002,17695036.4,0.88475182,0.5,0.2,12.0,10 V,2.0,True,1
16.3563,5.9999999999999995e-05,5e-05,1.4692799,24487998.333333336,25189461.999999996,1.2594731,1.0645085,17741808.333333336,18396059.799999997,0.91980299,0.5,0.2,12.0,10 V,2.0,True,1
16.3885,3.9999999999999996e-05,5e-05,1.0439083,26097707.500000004,24807917.999999996,1.2403959,0.76276326,19069081.500000004,18157117.799999997,0.90785589,0.5,0.2,12.0,10 V,2.0,True,1
16.4207,1.9999999999999995e-05,5e-05,0.5958967,29794835.000000007,24380297.999999996,1.2190149,0.43973699,21986849.500000007,17752737.0,0.88763685,0.5,0.2,12.0,10 V,2.0,True,1
16.4531,-6.776263578034403e-21,5e-05,1.243371,nan,25007209.999999996,1.2503605,0.91143292,nan,18245260.0,0.912263,0.5,0.2,12.0,10 V,2.0,True,1
16.4855,-2.000000000000001e-05,5e-05,-0.3465287,17326434.999999993,23798810.0,1.1899405,-0.29934784,14967391.99999999,17614734.0,0.8807367,0.5,0.2,12.0,10 V,2.0,True,1
16.5175,-4.000000000000001e-05,5e-05,-0.8276784,20691959.999999993,22942029.999999996,1.1471015,-0.67245187,16811296.749999993,17196358.4,0.85981792,0.5,0.2,12.0,10 V,2.0,True,1
16.5499,-6.000000000000001e-05,5e-05,-1.2901528,21502546.666666664,22610318.0,1.1305159,-0.98956141,16492690.166666664,16937797.999999996,0.8468899,0.5,0.2,12.0,10 V,2.0,True,1
16.5850,-8e-05,5e-05,-1.7150344,21437930.0,21468128.0,1.0734064,-1.2079888,15099860.0,15498831.999999998,0.7749416,0.5,0.2,12.0,10 V,2.0,True,1
16.6202,-0.0001,5e-05,-2.0917646,20917645.999999996,21168309.999999996,1.0584155,-1.4171852,14171852.0,15681160.799999999,0.78405804,0.5,0.2,12.0,10 V,2.0,True,1
16.6554,-0.00012,5e-05,-2.4389637,20324697.499999996,20422280.0,1.021114,-1.5946399,13288665.833333332,15492056.199999997,0.77460281,0.5,0.2,12.0,10 V,2.0,True,1
16.6906,-0.00014000000000000001,5e-05,-2.7889733,19921237.857142854,19395025.999999996,0.9697513,-1.774745,12676750.0,15048905.2,0.75244526,0.5,0.2,12.0,10 V,2.0,True,1
16.7258,-0.00016,5e-05,-3.1202795,19501746.875,18808476.0,0.9404238,-1.9323199,12076999.375,14602892.599999998,0.73014463,0.5,0.2,12.0,10 V,2.0,True,1
16.7611,-0.00018,5e-05,-3.4502936,19168297.777777776,17981062.0,0.8990531,-2.0792705,11551502.777777774,13894971.0,0.69474855,0.5,0.2,12.0,10 V,2.0,True,1
16.7963,-0.0002,5e-05,-3.7746926,18873462.999999996,17542223.999999996,0.8771112,-2.2059727,11029863.499999998,13357566.799999999,0.66787834,0.5,0.2,12.0,10 V,2.0,True,1
16.8314,-0.00022,5e-05,-4.1286667,18766666.818181816,17670796.0,0.8835398,-2.3362163,10619164.999999998,12988107.6,0.64940538,0.5,0.2,12.0,10 V,2.0,True,1
16.8666,-0.00024,5e-05,-4.5193918,18830799.166666664,16832714.0,0.8416357,-2.433437,10139320.833333332,12889552.2,0.64447761,0.5,0.2,12.0,10 V,2.0,True,1
16.9017,-0.00026000000000000003,5e-05,-4.7835031,18398088.84615384,16288066.0,0.8144033,-2.5995799,9998384.23076923,12580344.0,0.6290172,0.5,0.2,12.0,10 V,2.0,True,1
16.9369,-0.00028000000000000003,5e-05,-5.0704301,18108678.92857143,16379132.0,0.8189566,-2.7853988,9947852.857142856,12726763.999999998,0.6363382,0.5,0.2,12.0,10 V,2.0,True,1
16.9721,-0.0003,5e-05,-5.4292541,18097513.666666668,15901579.999999998,0.795079,-2.8789239,9596413.000000002,12851192.399999999,0.64255962,0.5,0.2,12.0,10 V,2.0,True,1
17.0073,-0.00028,5e-05,-4.9514546,17683766.42857143,17142649.999999996,0.8571325,-2.7628959,9867485.357142858,13493284.999999998,0.67466425,0.5,0.2,12.0,10 V,2.0,True,1
17.0425,-0.00026,5e-05,-4.6798427,17999395.0,17318624.0,0.8659312,-2.6035613,10013697.307692308,13867656.799999997,0.69338284,0.5,0.2,12.0,10 V,2.0,True,1
17.0777,-0.00023999999999999998,5e-05,-4.3367737,18069890.416666668,18208949.999999996,0.9104475,-2.4648046,10270019.166666668,14032795.6,0.70163978,0.5,0.2,12.0,10 V,2.0,True,1
17.1129,-0.00021999999999999998,5e-05,-4.009108,18223218.181818184,19021298.0,0.9510649,-2.3258117,10571871.363636365,14153098.799999997,0.70765494,0.5,0.2,12.0,10 V,2.0,True,1
17.1480,-0.00019999999999999998,5e-05,-3.7220377,18610188.5,19231917.999999996,0.9615959,-2.1430229,10715114.5,14175101.2,0.70875506,0.5,0.2,12.0,10 V,2.0,True,1
17.1831,-0.00017999999999999998,5e-05,-3.3950813,18861562.77777778,19575070.0,0.9787535,-1.9999386,11110770.0,14374896.2,0.71874481,0.5,0.2,12.0,10 V,2.0,True,1
17.2183,-0.00015999999999999999,5e-05,-3.059865,19124156.25,19852010.0,0.9926005,-1.8524381,11577738.125000002,14549284.199999997,0.72746421,0.5,0.2,12.0,10 V,2.0,True,1
17.2535,-0.00014,5e-05,-2.7237524,19455374.285714287,20198681.999999996,1.0099341,-1.6651895,11894210.714285716,14428282.799999999,0.72141414,0.5,0.2,12.0,10 V,2.0,True,1
17.2886,-0.00011999999999999999,5e-05,-2.369899,19749158.333333336,20392584.0,1.0196292,-1.4751854,12293211.666666668,14679578.799999999,0.73397894,0.5,0.2,12.0,10 V,2.0,True,1
17.3237,-9.999999999999999e-05,5e-05,-1.9962871,19962871.0,20599026.0,1.0299513,-1.2643945,12643945.000000002,15018518.999999998,0.75092595,0.5,0.2,12.0,10 V,2.0,True,1
17.3560,-7.999999999999999e-05,5e-05,-1.6383092,20478865.0,21019939.999999996,1.050997,-1.1408503,14260628.750000004,15776666.799999999,0.78883334,0.5,0.2,12.0,10 V,2.0,True,1
17.3882,-5.9999999999999995e-05,5e-05,-1.2411436,20685726.666666668,21342305.999999996,1.0671153,-0.90385838,15064306.333333334,15936970.599999998,0.79684853,0.5,0.2,12.0,10 V,2.0,True,1
17.4204,-3.9999999999999996e-05,5e-05,-0.8232405,20581012.500000004,21673469.999999996,1.0836735,-0.62547763,15636940.750000002,16006082.999999998,0.80030415,0.5,0.2,12.0,10 V,2.0,True,1
17.4526,-1.9999999999999995e-05,5e-05,-0.3926012,19630060.000000004,22325127.999999996,1.1162564,-0.31402689,15701344.500000006,16346275.4,0.81731377,0.5,0.2,12.0,10 V,2.0,True,1
17.4849,6.776263578034403e-21,5e-05,1.1783482,nan,23751627.999999996,1.1875814,0.84193939,nan,16910838.599999998,0.84554193,0.5,0.2,12.0,10 V,2.0,True,1
17.5172,2.000000000000001e-05,5e-05,0.5554829,27774144.999999985,23600728.0,1.1800364,0.39351885,19675942.49999999,16847349.2,0.84236746,0.5,0.2,12.0,10 V,2.0,True,1
17.5494,4.000000000000001e-05,5e-05,0.9991006,24977514.999999993,23769333.999999996,1.1884667,0.7124574,17811434.999999993,16942289.4,0.84711447,0.5,0.2,12.0,10 V,2.0,True,1
17.5815,6.000000000000001e-05,5e-05,1.3975918,23293196.666666664,24156479.999999996,1.207824,0.99696352,16616058.666666664,17233320.999999996,0.86166605,0.5,0.2,12.0,10 V,2.0,True,1
17.6166,8e-05,5e-05,1.7806299,22257873.75,24678466.0,1.2339233,1.1946754,14933442.499999998,16649916.199999997,0.83249581,0.5,0.2,12.0,10 V,2.0,True,1
17.6517,0.0001,5e-05,2.173347,21733470.0,25141832.0,1.2570916,1.4376097,14376097.0,17200428.4,0.86002142,0.5,0.2,12.0,10 V,2.0,True,1
17.6868,0.00012,5e-05,2.5449855,21208212.5,25690550.0,1.2845275,1.694699,14122491.666666664,17684523.2,0.88422616,0.5,0.2,12.0,10 V,2.0,True,1
17.7220,0.00014000000000000001,5e-05,2.9174873,20839194.999999996,26178001.999999996,1.3089001,1.9214819,13724870.714285715,18152914.599999998,0.90764573,0.5,0.2,12.0,10 V,2.0,True,1
17.7570,0.00016,5e-05,3.2876796,20547997.5,26692949.999999996,1.3346475,2.1167984,13229990.0,18439687.199999996,0.92198436,0.5,0.2,12.0,10 V,2.0,True,1
17.7921,0.00018,5e-05,3.6321298,20178498.888888884,26935796.0,1.3467898,2.3011219,12784010.555555554,18325206.799999997,0.91626034,0.5,0.2,12.0,10 V,2.0,True,1
17.8272,0.0002,5e-05,3.944657,19723284.999999996,26469461.999999996,1.3234731,2.4892067,12446033.499999998,17478129.4,0.87390647,0.5,0.2,12.0,10 V,2.0,True,1
17.8624,0.00022,5e-05,4.2334221,19242827.727272727,26764549.999999996,1.3382275,2.6233166,11924166.363636363,17704828.8,0.88524144,0.5,0.2,12.0,10 V,2.0,True,1
17.8975,0.00024,5e-05,4.5733409,19055587.08333333,27205148.0,1.3602574,2.7751836,11563264.999999998,17582928.4,0.87914642,0.5,0.2,12.0,10 V,2.0,True,1
17.9326,0.00026000000000000003,5e-05,4.9086955,18879598.076923076,27436449.999999996,1.3718225,2.9207154,11233520.769230768,18080908.2,0.90404541,0.5,0.2,12.0,10 V,2.0,True,1
17.9680,0.00028000000000000003,5e-05,5.2408714,18717397.857142854,28294437.999999996,1.4147219,3.1157129,11127546.07142857,18352265.999999996,0.9176133,0.5,0.2,12.0,10 V,2.0,True,1
18.0034,0.0003,5e-05,5.5925095,18641698.333333336,28683673.999999996,1.4341837,3.3326413,11108804.333333334,18150485.999999996,0.9075243,0.5,0.2,12.0,10 V,2.0,True,1
18.0385,0.00028,5e-05,5.2765946,18844980.714285716,27581299.999999996,1.379065,3.1836944,11370337.142857144,17995205.599999998,0.89976028,0.5,0.2,12.0,10 V,2.0,True,1
18.0736,0.00026,5e-05,4.8966962,18833446.923076924,27150376.0,1.3575188,2.9818231,11468550.384615386,17770048.2,0.88850241,0.5,0.2,12.0,10 V,2.0,True,1
18.1087,0.00023999999999999998,5e-05,4.5625184,19010493.333333336,26554809.999999996,1.3277405,2.8197109,11748795.416666668,17567990.4,0.87839952,0.5,0.2,12.0,10 V,2.0,True,1
18.1437,0.00021999999999999998,5e-05,4.2001573,19091624.09090909,25951103.999999996,1.2975552,2.5667955,11667252.272727273,17002796.2,0.85013981,0.5,0.2,12.0,10 V,2.0,True,1
18.1788,0.00019999999999999998,5e-05,3.8723144,19361572.0,25628079.999999996,1.281404,2.361883,11809415.000000002,16580870.799999999,0.82904354,0.5,0.2,12.0,10 V,2.0,True,1
18.2139,0.00017999999999999998,5e-05,3.5374933,19652740.555555556,25345089.999999996,1.2672545,2.151757,11954205.555555556,16526974.0,0.8263487,0.5,0.2,12.0,10 V,2.0,True,1
18.2490,0.00015999999999999999,5e-05,3.1931366,19957103.750000004,24760846.0,1.2380423,1.9358404,12099002.500000002,16025989.399999999,0.80129947,0.5,0.2,12.0,10 V,2.0,True,1
18.2841,0.00014,5e-05,2.8373031,20266450.714285716,24524048.0,1.2262024,1.7619106,12585075.714285716,15904643.599999998,0.79523218,0.5,0.2,12.0,10 V,2.0,True,1
18.3192,0.00011999999999999999,5e-05,2.4589169,20490974.16666667,24099507.999999996,1.2049754,1.5199058,12665881.666666668,15595114.599999998,0.77975573,0.5,0.2,12.0,10 V,2.0,True,1
18.3543,9.999999999999999e-05,5e-05,2.1105898,21105898.0,23796829.999999996,1.1898415,1.3305286,13305286.000000002,15615420.2,0.78077101,0.5,0.2,12.0,10 V,2.0,True,1
18.3894,7.999999999999999e-05,5e-05,1.744929,21811612.500000004,23608427.999999996,1.1804214,1.1085135,13856418.750000002,15182515.799999999,0.75912579,0.5,0.2,12.0,10 V,2.0,True,1
18.4216,5.9999999999999995e-05,5e-05,1.3509747,22516245.000000004,23192355.999999996,1.1596178,0.92842924,15473820.666666668,16073575.799999999,0.80367879,0.5,0.2,12.0,10 V,2.0,True,1
18.4534,3.9999999999999996e-05,5e-05,0.9563001,23907502.500000004,22786401.999999996,1.1393201,0.66811123,16702780.750000002,15759277.799999999,0.78796389,0.5,0.2,12.0,10 V,2.0,True,1
18.4854,1.9999999999999995e-05,5e-05,0.5285641,26428205.000000007,22333595.999999996,1.1166798,0.37131859,18565929.500000007,15508979.199999997,0.77544896,0.5,0.2,12.0,10 V,2.0,True,1
18.5177,-6.776263578034403e-21,5e-05,1.1339859,nan,22655191.999999996,1.1327596,0.79283067,nan,15742188.399999999,0.78710942,0.5,0.2,12.0,10 V,2.0,True,1
18.5497,-2.000000000000001e-05,5e-05,-0.3228325,16141624.999999993,21688315.999999996,1.0844158,-0.25401976,12700987.999999993,15050136.199999997,0.75250681,0.5,0.2,12.0,10 V,2.0,True,1
18.5820,-4.000000000000001e-05,5e-05,-0.7535818,18839544.999999993,21203286.0,1.0601643,-0.56599237,14149809.249999996,14903195.799999999,0.74515979,0.5,0.2,12.0,10 V,2.0,True,1
18.6143,-6.000000000000001e-05,5e-05,-1.1649133,19415221.666666664,20652808.0,1.0326404,-0.86118985,14353164.166666666,14645510.799999997,0.73227554,0.5,0.2,12.0,10 V,2.0,True,1
18.6466,-8e-05,5e-05,-1.5743312,19679140.0,20503779.999999996,1.025189,-1.1405293,14256616.25,14720999.999999998,0.73605,0.5,0.2,12.0,10 V,2.0,True,1
18.6818,-0.0001,5e-05,-1.9655353,19655353.0,20158208.0,1.0079104,-1.3134256,13134255.999999998,14147298.8,0.70736494,0.5,0.2,12.0,10 V,2.0,True,1
18.7170,-0.00012,5e-05,-2.3078898,19232414.999999996,19664048.0,0.9832024,-1.4986891,12489075.833333332,13606057.6,0.68030288,0.5,0.2,12.0,10 V,2.0,True,1
18.7522,-0.00014000000000000001,5e-05,-2.6392952,18852108.571428567,19109946.0,0.9554973,-1.6653544,11895388.57142857,13438046.599999998,0.67190233,0.5,0.2,12.0,10 V,2.0,True,1
18.7873,-0.00016,5e-05,-2.9825955,18641221.875,18919452.0,0.9459726,-1.8436284,11522677.5,13330818.2,0.66654091,0.5,0.2,12.0,10 V,2.0,True,1
18.8225,-0.00018,5e-05,-3.294737,18304094.444444444,18420669.999999996,0.9210335,-2.0024243,11124579.444444442,13511173.0,0.67555865,0.5,0.2,12.0,10 V,2.0,True,1
18.8575,-0.0002,5e-05,-3.6025781,18012890.5,18003608.0,0.9001804,-2.1368913,10684456.499999998,13082238.799999997,0.65411194,0.5,0.2,12.0,10 V,2.0,True,1
18.8927,-0.00022,5e-05,-3.9371069,17895940.454545453,17330174.0,0.8665087,-2.2917991,10417268.636363635,12518052.399999999,0.62590262,0.5,0.2,12.0,10 V,2.0,True,1
18.9279,-0.00024,5e-05,-4.2636452,17765188.333333332,17085018.0,0.8542509,-2.4326506,10136044.166666666,12406654.8,0.62033274,0.5,0.2,12.0,10 V,2.0,True,1
18.9631,-0.00026000000000000003,5e-05,-4.5981242,17685093.076923072,16891663.999999996,0.8445832,-2.5064668,9640256.923076922,12083784.6,0.60418923,0.5,0.2,12.0,10 V,2.0,True,1
18.9982,-0.00028000000000000003,5e-05,-4.9877275,17813312.5,16537399.999999998,0.82687,-2.5865412,9237647.142857142,11986837.2,0.59934186,0.5,0.2,12.0,10 V,2.0,True,1
19.0334,-0.0003,5e-05,-5.198386,17327953.333333336,16515074.0,0.8257537,-2.7324742,9108247.333333334,12047432.199999997,0.60237161,0.5,0.2,12.0,10 V,2.0,True,1
19.0686,-0.00028,5e-05,-4.8861459,17450521.071428575,16986692.0,0.8493346,-2.6531423,9475508.214285715,12230891.8,0.61154459,0.5,0.2,12.0,10 V,2.0,True,1
19.1038,-0.00026,5e-05,-4.596139,17677457.692307692,17579287.999999996,0.8789644,-2.5194671,9690258.076923076,12201159.999999998,0.610058,0.5,0.2,12.0,10 V,2.0,True,1
19.1390,-0.00023999999999999998,5e-05,-4.2842178,17850907.500000004,17764831.999999996,0.8882416,-2.4222681,10092783.750000002,12562955.2,0.62814776,0.5,0.2,12.0,10 V,2.0,True,1
19.1743,-0.00021999999999999998,5e-05,-4.0046152,18202796.363636363,18303536.0,0.9151768,-2.2389295,10176952.272727273,12123275.6,0.60616378,0.5,0.2,12.0,10 V,2.0,True,1
19.2096,-0.00019999999999999998,5e-05,-3.6478587,18239293.5,18190911.999999996,0.9095456,-2.0794025,10397012.5,12384752.4,0.61923762,0.5,0.2,12.0,10 V,2.0,True,1
19.2448,-0.00017999999999999998,5e-05,-3.3209683,18449823.888888888,18523286.0,0.9261643,-1.9156188,10642326.666666668,12420971.799999999,0.62104859,0.5,0.2,12.0,10 V,2.0,True,1
19.2799,-0.00015999999999999999,5e-05,-2.9632327,18520204.375,18575638.0,0.9287819,-1.7734691,11084181.875000002,12497558.399999999,0.62487792,0.5,0.2,12.0,10 V,2.0,True,1
19.3151,-0.00014,5e-05,-2.637079,18836278.571428575,19127212.0,0.9563606,-1.5479567,11056833.571428573,12416768.799999999,0.62083844,0.5,0.2,12.0,10 V,2.0,True,1
19.3502,-0.00011999999999999999,5e-05,-2.3057396,19214496.666666668,19468384.0,0.9734192,-1.3668178,11390148.333333334,12443462.0,0.6221731,0.5,0.2,12.0,10 V,2.0,True,1
19.3853,-9.999999999999999e-05,5e-05,-1.9550262,19550262.0,19659097.999999996,0.9829549,-1.1977052,11977052.0,12501683.799999999,0.62508419,0.5,0.2,12.0,10 V,2.0,True,1
19.4176,-7.999999999999999e-05,5e-05,-1.5999741,19999676.250000004,20016767.999999996,1.0008384,-1.0500173,13125216.250000002,13346066.799999999,0.66730334,0.5,0.2,12.0,10 V,2.0,True,1
19.4498,-5.9999999999999995e-05,5e-05,-1.2158472,20264120.000000004,20263683.999999996,1.0131842,-0.81554204,13592367.333333334,13499129.399999999,0.67495647,0.5,0.2,12.0,10 V,2.0,True,1
19.4821,-3.9999999999999996e-05,5e-05,-0.8034268,20085670.000000004,20629382.0,1.0314691,-0.55922315,13980578.750000002,13710591.0,0.68552955,0.5,0.2,12.0,10 V,2.0,True,1
19.5144,-1.9999999999999995e-05,5e-05,-0.3774894,18874470.000000004,21063274.0,1.0531637,-0.27964729,13982364.500000004,13943488.999999998,0.69717445,0.5,0.2,12.0,10 V,2.0,True,1
19.5467,6.776263578034403e-21,5e-05,1.0962887,nan,22082061.999999996,1.1041031,0.71369782,nan,14467141.599999998,0.72335708,0.5,0.2,12.0,10 V,2.0,True,1
19.5789,2.000000000000001e-05,5e-05,0.504626,25231299.99999999,21677097.999999996,1.0838549,0.32927747,16463873.499999993,14359359.399999999,0.71796797,0.5,0.2,12.0,10 V,2.0,True,1
19.6112,4.000000000000001e-05,5e-05,0.9023416,22558539.999999993,21930171.999999996,1.0965086,0.60204723,15051180.749999996,14545236.399999999,0.72726182,0.5,0.2,12.0,10 V,2.0,True,1
19.6433,6.000000000000001e-05,5e-05,1.2944151,21573584.999999996,22282563.999999996,1.1141282,0.85281357,14213559.499999998,14818002.999999998,0.74090015,0.5,0.2,12.0,10 V,2.0,True,1
19.6755,8e-05,5e-05,1.6616486,20770607.5,22549055.999999996,1.1274528,1.0751792,13439740.0,14879507.199999997,0.74397536,0.5,0.2,12.0,10 V,2.0,True,1
19.7106,0.0001,5e-05,2.0186811,20186810.999999996,23106567.999999996,1.1553284,1.2205382,12205382.0,14162247.999999998,0.7081124,0.5,0.2,12.0,10 V,2.0,True,1
19.7456,0.00012,5e-05,2.37942,19828500.0,23339403.999999996,1.1669702,1.4220799,11850665.833333332,14275597.799999999,0.71377989,0.5,0.2,12.0,10 V,2.0,True,1
19.7808,0.00014000000000000001,5e-05,2.7072514,19337510.0,23628664.0,1.1814332,1.6211797,11579854.999999998,14549062.399999999,0.72745312,0.5,0.2,12.0,10 V,2.0,True,1
19.8159,0.00016,5e-05,3.0541545,19088465.625,24175178.0,1.2087589,1.8149674,11343546.25,14861386.399999999,0.74306932,0.5,0.2,12.0,10 V,2.0,True,1
19.8509,0.00018,5e-05,3.3773391,18762994.999999996,24374579.999999996,1.218729,1.9963762,11090978.888888888,15096314.399999999,0.75481572,0.5,0.2,12.0,10 V,2.0,True,1
19.8859,0.0002,5e-05,3.6940457,18470228.5,24645361.999999996,1.2322681,2.1729125,10864562.499999998,15265456.6,0.76327283,0.5,0.2,12.0,10 V,2.0,True,1
19.9211,0.00022,5e-05,3.9979117,18172325.909090906,24679785.999999996,1.2339893,2.3158654,10526660.909090908,14722752.2,0.73613761,0.5,0.2,12.0,10 V,2.0,True,1
19.9563,0.00024,5e-05,4.3115774,17964905.833333332,25632478.0,1.2816239,2.5475812,10614921.666666666,16094979.199999997,0.80474896,0.5,0.2,12.0,10 V,2.0,True,1
19.9913,0.00026000000000000003,5e-05,4.6807742,18002977.69230769,26931286.0,1.3465643,2.7990503,10765578.076923076,17668775.8,0.88343879,0.5,0.2,12.0,10 V,2.0,True,1
20.0264,0.00028000000000000003,5e-05,5.0981772,18207775.714285713,26811953.999999996,1.3405977,3.0548089,10910031.785714284,16575237.199999997,0.82876186,0.5,0.2,12.0,10 V,2.0,True,1
20.0615,0.0003,5e-05,5.3765267,17921755.666666668,26767409.999999996,1.3383705,3.2303059,10767686.333333334,16568084.199999997,0.82840421,0.5,0.2,12.0,10 V,2.0,True,1
20.0965,0.00028,5e-05,5.0501855,18036376.78571429,26699988.0,1.3349994,3.00762,10741500.000000002,16611744.999999998,0.83058725,0.5,0.2,12.0,10 V,2.0,True,1
20.1316,0.00026,5e-05,4.7723639,18355245.76923077,26210778.0,1.3105389,2.8436767,10937218.076923078,16452572.199999997,0.82262861,0.5,0.2,12.0,10 V,2.0,True,1
20.1668,0.00023999999999999998,5e-05,4.417861,18407754.166666668,25508855.999999996,1.2754428,2.666766,11111525.0,16385777.999999998,0.8192889,0.5,0.2,12.0,10 V,2.0,True,1
20.2019,0.00021999999999999998,5e-05,4.1334843,18788565.0,25328371.999999996,1.2664186,2.4598023,11180919.545454547,16328686.799999999,0.81643434,0.5,0.2,12.0,10 V,2.0,True,1
20.2370,0.00019999999999999998,5e-05,3.8010389,19005194.5,24805060.0,1.240253,2.2751601,11375800.5,15831594.799999999,0.79157974,0.5,0.2,12.0,10 V,2.0,True,1
20.2721,0.00017999999999999998,5e-05,3.4775957,19319976.111111112,24620505.999999996,1.2310253,2.0801954,11556641.111111112,15978979.399999999,0.79894897,0.5,0.2,12.0,10 V,2.0,True,1
20.3072,0.00015999999999999999,5e-05,3.136368,19602300.000000004,24587289.999999996,1.2293645,1.8910217,11818885.625000002,16015176.799999999,0.80075884,0.5,0.2,12.0,10 V,2.0,True,1
20.3423,0.00014,5e-05,2.8032022,20022872.85714286,24314087.999999996,1.2157044,1.7168664,12263331.428571431,15768038.799999999,0.78840194,0.5,0.2,12.0,10 V,2.0,True,1
20.3774,0.00011999999999999999,5e-05,2.4724505,20603754.166666668,24058703.999999996,1.2029352,1.5186574,12655478.333333334,15662840.399999999,0.78314202,0.5,0.2,12.0,10 V,2.0,True,1
20.4125,9.999999999999999e-05,5e-05,2.1134604,21134604.000000004,23975886.0,1.1987943,1.3190847,13190847.000000002,15629604.2,0.78148021,0.5,0.2,12.0,10 V,2.0,True,1
20.4447,7.999999999999999e-05,5e-05,1.7422453,21778066.250000004,23643071.999999996,1.1821536,1.1842967,14803708.750000002,16413735.599999998,0.82068678,0.5,0.2,12.0,10 V,2.0,True,1
20.4769,5.9999999999999995e-05,5e-05,1.3529764,22549606.666666668,23306079.999999996,1.165304,0.92598503,15433083.833333334,16238116.199999997,0.81190581,0.5,0.2,12.0,10 V,2.0,True,1
20.5092,3.9999999999999996e-05,5e-05,0.9614584,24036460.000000004,23022429.999999996,1.1511215,0.6746892,16867230.000000004,16123413.6,0.80617068,0.5,0.2,12.0,10 V,2.0,True,1
20.5414,1.9999999999999995e-05,5e-05,0.5365985,26829925.000000007,22786181.999999996,1.1393091,0.37785164,18892582.000000004,16073941.799999999,0.80369709,0.5,0.2,12.0,10 V,2.0,True,1
20.5736,-6.776263578034403e-21,5e-05,1.1513414,nan,22932461.999999996,1.1466231,0.80408745,nan,16004974.0,0.8002487,0.5,0.2,12.0,10 V,2.0,True,1
20.6058,-2.000000000000001e-05,5e-05,-0.3241744,16208719.99999999,21806879.999999996,1.090344,-0.25919206,12959602.999999993,15580398.399999999,0.77901992,0.5,0.2,12.0,10 V,2.0,True,1
20.6379,-4.000000000000001e-05,5e-05,-0.7509422,18773554.999999993,21409175.999999996,1.0704588,-0.56560478,14140119.499999996,15301099.399999999,0.76505497,0.5,0.2,12.0,10 V,2.0,True,1
20.6702,-6.000000000000001e-05,5e-05,-1.1693402,19489003.33333333,21055906.0,1.0527953,-0.84871881,14145313.499999998,15121432.799999999,0.75607164,0.5,0.2,12.0,10 V,2.0,True,1
20.7024,-8e-05,5e-05,-1.5549517,19436896.25,20469354.0,1.0234677,-1.0985539,13731923.75,14850995.199999997,0.74254976,0.5,0.2,12.0,10 V,2.0,True,1
20.7376,-0.0001,5e-05,-1.9245385,19245384.999999996,20027876.0,1.0013938,-1.2723518,12723518.0,14049275.2,0.70246376,0.5,0.2,12.0,10 V,2.0,True,1
20.7727,-0.00012,5e-05,-2.253156,18776300.0,19385125.999999996,0.9692563,-1.4410958,12009131.666666666,13736396.999999998,0.68681985,0.5,0.2,12.0,10 V,2.0,True,1
20.8078,-0.00014000000000000001,5e-05,-2.5778084,18412917.14285714,19245776.0,0.9622888,-1.6284326,11631661.428571427,13713884.599999998,0.68569423,0.5,0.2,12.0,10 V,2.0,True,1
20.8429,-0.00016,5e-05,-2.9335424,18334640.0,18795717.999999996,0.9397859,-1.7860075,11162546.875,13291426.999999998,0.66457135,0.5,0.2,12.0,10 V,2.0,True,1
20.8781,-0.00018,5e-05,-3.215922,17866233.333333332,18460044.0,0.9230022,-1.960091,10889394.444444444,13336152.4,0.66680762,0.5,0.2,12.0,10 V,2.0,True,1
20.9134,-0.0002,5e-05,-3.5260617,17630308.5,18063329.999999996,0.9031665,-2.0937278,10468638.999999998,13151505.999999998,0.6575753,0.5,0.2,12.0,10 V,2.0,True,1
20.9485,-0.00022,5e-05,-3.8425036,17465925.454545453,17861617.999999996,0.8930809,-2.2000335,10000152.272727272,12742966.2,0.63714831,0.5,0.2,12.0,10 V,2.0,True,1
20.9838,-0.00024,5e-05,-4.1489368,17287236.666666668,17596445.999999996,0.8798223,-2.341413,9755887.5,12407797.199999997,0.62038986,0.5,0.2,12.0,10 V,2.0,True,1
21.0188,-0.00026000000000000003,5e-05,-4.4144447,16978633.461538456,17373288.0,0.8686644,-2.4666469,9487103.46153846,12241770.999999998,0.61208855,0.5,0.2,12.0,10 V,2.0,True,1
21.0540,-0.00028000000000000003,5e-05,-4.7679952,17028554.285714284,16732294.0,0.8366147,-2.5813774,9219205.0,11813236.399999999,0.59066182,0.5,0.2,12.0,10 V,2.0,True,1
21.0891,-0.0003,5e-05,-5.1391538,17130512.666666668,16327659.999999998,0.816383,-2.7177362,9059120.666666668,11828174.399999999,0.59140872,0.5,0.2,12.0,10 V,2.0,True,1
21.1242,-0.00028,5e-05,-4.7774649,17062374.642857146,17124832.0,0.8562416,-2.5832417,9225863.214285715,11725226.799999999,0.58626134,0.5,0.2,12.0,10 V,2.0,True,1
21.1592,-0.00026,5e-05,-4.4781148,17223518.461538464,17073360.0,0.853668,-2.4353837,9366860.384615384,11932330.2,0.59661651,0.5,0.2,12.0,10 V,2.0,True,1
