Tiempo (s)	Setpoint (K)	Temperatura (K)	dT/dt (K/min)	Potencia_LS (%)	Rrem1 (Ohm)	std Rrem1 (Ohm)	Rrem2 (Ohm)		std Rrem2 (Ohm)	V4W (V)	
26.838535E+0	260.651355E+0	260.560000E+0	0.000000E+0	27.000000E+0	2.088080E+6	2.088080E+6	286.102934E+3	286.102934E+3	1.000086E+0	
32.313848E+0	260.651355E+0	260.640000E+0	0.000000E+0	41.000000E+0	2.304755E+6	2.304755E+6	615.383729E+3	615.383729E+3	1.000033E+0	
37.755160E+0	260.742610E+0	260.640000E+0	0.000000E+0	43.000000E+0	2.260171E+6	2.260171E+6	584.055924E+3	584.055924E+3	999.877000E-3	
43.209472E+0	260.833299E+0	260.640000E+0	0.000000E+0	41.000000E+0	2.104189E+6	2.104189E+6	547.010704E+3	547.010704E+3	1.000605E+0	
48.686785E+0	260.924204E+0	260.640000E+0	0.000000E+0	45.000000E+0	2.194046E+6	2.194046E+6	567.007945E+3	567.007945E+3	999.695000E-3	
54.172099E+0	261.015493E+0	260.640000E+0	0.000000E+0	50.000000E+0	2.352881E+6	2.352881E+6	642.812272E+3	642.812272E+3	1.000045E+0	
59.676414E+0	261.106915E+0	260.640000E+0	0.000000E+0	47.000000E+0	2.111054E+6	2.111054E+6	558.665133E+3	558.665133E+3	999.964000E-3	
65.151727E+0	261.198653E+0	260.740000E+0	0.000000E+0	50.000000E+0	2.261287E+6	2.261287E+6	638.237356E+3	638.237356E+3	999.760000E-3	
70.610039E+0	261.289908E+0	260.740000E+0	0.000000E+0	52.000000E+0	2.253643E+6	2.253643E+6	617.062177E+3	617.062177E+3	1.000009E+0	
76.080352E+0	261.380880E+0	260.840000E+0	181.758215E-3	54.000000E+0	2.206087E+6	2.206087E+6	573.007170E+3	573.007170E+3	999.909000E-3	
81.542664E+0	261.472052E+0	260.840000E+0	363.897160E-3	57.000000E+0	2.354382E+6	2.354382E+6	618.121319E+3	618.121319E+3	999.435000E-3	
87.044979E+0	261.563091E+0	260.930000E+0	546.235379E-3	55.000000E+0	2.154208E+6	2.154208E+6	601.509308E+3	601.509308E+3	999.811000E-3	
92.517292E+0	261.654796E+0	261.030000E+0	546.931831E-3	58.000000E+0	2.324164E+6	2.324164E+6	615.354303E+3	615.354303E+3	999.716000E-3	
97.984605E+0	261.746001E+0	261.210000E+0	529.272192E-3	60.000000E+0	2.108042E+6	2.108042E+6	583.613986E+3	583.613986E+3	1.000245E+0	
103.449917E+0	261.837123E+0	261.310000E+0	694.422096E-3	58.000000E+0	2.249224E+6	2.249224E+6	584.159919E+3	584.159919E+3	1.000005E+0	
108.930231E+0	261.928212E+0	261.410000E+0	419.859860E-3	59.000000E+0	2.348391E+6	2.348391E+6	641.818566E+3	641.818566E+3	999.757000E-3	
114.397543E+0	262.019550E+0	261.500000E+0	163.567475E-3	57.000000E+0	2.149973E+6	2.149973E+6	596.146319E+3	596.146319E+3	999.759000E-3	
119.900858E+0	262.110672E+0	261.590000E+0	188.081884E-3	58.000000E+0	2.182894E+6	2.182894E+6	544.598105E+3	544.598105E+3	999.940000E-3	
125.365170E+0	262.202394E+0	261.780000E+0	627.106518E-3	56.000000E+0	2.231508E+6	2.231508E+6	638.990027E+3	638.990027E+3	1.000229E+0	
130.828483E+0	262.293466E+0	261.880000E+0	1.047458E+0	54.000000E+0	2.143278E+6	2.143278E+6	560.475109E+3	560.475109E+3	1.000118E+0	
136.299796E+0	262.384521E+0	262.060000E+0	1.186375E+0	54.000000E+0	2.112468E+6	2.112468E+6	574.811895E+3	574.811895E+3	999.493000E-3	
141.771109E+0	262.475710E+0	262.260000E+0	1.369302E+0	54.000000E+0	2.326604E+6	2.326604E+6	632.703627E+3	632.703627E+3	1.000044E+0	
147.234422E+0	262.566898E+0	262.350000E+0	1.552851E+0	53.000000E+0	2.086941E+6	2.086941E+6	570.364342E+3	570.364342E+3	1.000104E+0	
152.701734E+0	262.657953E+0	262.530000E+0	1.736781E+0	51.000000E+0	2.319173E+6	2.319173E+6	619.238800E+3	619.238800E+3	999.633000E-3	
158.158046E+0	262.749075E+0	262.630000E+0	1.736684E+0	50.000000E+0	2.152984E+6	2.152984E+6	542.026178E+3	542.026178E+3	1.000104E+0	
163.618359E+0	262.840014E+0	262.830000E+0	1.717854E+0	50.000000E+0	2.206385E+6	2.206385E+6	564.044981E+3	564.044981E+3	999.669000E-3	
169.092672E+0	262.931019E+0	263.030000E+0	1.534204E+0	45.000000E+0	2.130502E+6	2.130502E+6	567.661034E+3	567.661034E+3	999.866000E-3	
174.551984E+0	263.022258E+0	263.210000E+0	1.551971E+0	45.000000E+0	2.099658E+6	2.099658E+6	545.936837E+3	545.936837E+3	999.920000E-3	
180.015296E+0	263.113246E+0	263.310000E+0	1.788932E+0	44.000000E+0	2.208862E+6	2.208862E+6	582.130702E+3	582.130702E+3	999.466000E-3	
185.481609E+0	263.204301E+0	263.500000E+0	1.971440E+0	43.000000E+0	2.204073E+6	2.204073E+6	573.863311E+3	573.863311E+3	1.000054E+0	
190.945922E+0	263.295406E+0	263.580000E+0	1.935359E+0	39.000000E+0	2.343834E+6	2.343834E+6	632.581621E+3	632.581621E+3	999.317000E-3	
196.405234E+0	263.386478E+0	263.780000E+0	1.734356E+0	40.000000E+0	2.292715E+6	2.292715E+6	614.731570E+3	614.731570E+3	1.000174E+0	
201.868546E+0	263.477467E+0	263.880000E+0	1.533635E+0	41.000000E+0	2.201204E+6	2.201204E+6	626.117497E+3	626.117497E+3	999.655000E-3	
207.333859E+0	263.568522E+0	263.980000E+0	1.532750E+0	44.000000E+0	2.121866E+6	2.121866E+6	587.713249E+3	587.713249E+3	999.993000E-3	
212.818173E+0	263.659611E+0	264.080000E+0	1.549752E+0	43.000000E+0	2.212951E+6	2.212951E+6	562.285126E+3	562.285126E+3	1.000276E+0	
218.278485E+0	263.751016E+0	264.160000E+0	1.421142E+0	42.000000E+0	2.283764E+6	2.283764E+6	633.443383E+3	633.443383E+3	999.558000E-3	
223.746798E+0	263.842021E+0	264.260000E+0	1.275238E+0	45.000000E+0	2.089026E+6	2.089026E+6	555.480568E+3	555.480568E+3	999.808000E-3	
229.205110E+0	263.933160E+0	264.360000E+0	1.058944E+0	44.000000E+0	2.160315E+6	2.160315E+6	552.937555E+3	552.937555E+3	1.000161E+0	
234.675423E+0	264.024131E+0	264.460000E+0	1.026345E+0	41.000000E+0	2.208868E+6	2.208868E+6	609.713232E+3	609.713232E+3	999.800000E-3	
240.159737E+0	264.115303E+0	264.460000E+0	1.030752E+0	48.000000E+0	2.099019E+6	2.099019E+6	541.456527E+3	541.456527E+3	999.700000E-3	
245.623049E+0	264.206709E+0	264.560000E+0	1.067814E+0	47.000000E+0	2.306437E+6	2.306437E+6	623.072309E+3	623.072309E+3	999.656000E-3	
251.083361E+0	264.297764E+0	264.560000E+0	919.410626E-3	51.000000E+0	2.293593E+6	2.293593E+6	624.712011E+3	624.712011E+3	999.502000E-3	
256.542674E+0	264.388769E+0	264.560000E+0	734.834236E-3	47.000000E+0	2.170116E+6	2.170116E+6	606.112907E+3	606.112907E+3	1.000228E+0	
262.000986E+0	264.479758E+0	264.640000E+0	552.561895E-3	54.000000E+0	2.090420E+6	2.090420E+6	556.110310E+3	556.110310E+3	999.827000E-3	
267.465298E+0	264.570729E+0	264.640000E+0	369.187092E-3	55.000000E+0	2.324948E+6	2.324948E+6	606.223540E+3	606.223540E+3	999.495000E-3	
273.463642E+0	264.661801E+0	264.640000E+0	332.237805E-3	59.000000E+0	2.261078E+6	2.261078E+6	590.518353E+3	590.518353E+3	999.781000E-3	
278.921954E+0	264.761774E+0	264.740000E+0	295.363512E-3	61.000000E+0	2.225647E+6	2.225647E+6	596.094723E+3	596.094723E+3	1.000473E+0	
284.389266E+0	264.852746E+0	264.740000E+0	295.363512E-3	57.000000E+0	2.205506E+6	2.205506E+6	621.481808E+3	621.481808E+3	1.000197E+0	
290.359608E+0	264.943867E+0	264.840000E+0	332.636668E-3	55.000000E+0	2.275269E+6	2.275269E+6	597.356141E+3	597.356141E+3	999.571000E-3	
295.846921E+0	265.000000E+0	264.940000E+0	369.306456E-3	55.000000E+0	2.052715E+6	2.052715E+6	543.424427E+3	543.424427E+3	1.000514E+0	
301.350236E+0	265.000000E+0	264.940000E+0	553.119471E-3	54.000000E+0	2.175185E+6	2.175185E+6	568.481593E+3	568.481593E+3	1.000346E+0	
306.856552E+0	265.000000E+0	265.040000E+0	735.441216E-3	50.000000E+0	2.294372E+6	2.294372E+6	589.853393E+3	589.853393E+3	1.000025E+0	
312.333865E+0	265.000000E+0	265.140000E+0	734.729029E-3	52.000000E+0	2.238535E+6	2.238535E+6	573.770528E+3	573.770528E+3	1.000491E+0	
317.844180E+0	265.000000E+0	265.220000E+0	735.067539E-3	50.000000E+0	2.058761E+6	2.058761E+6	556.241377E+3	556.241377E+3	999.796000E-3	
323.356495E+0	265.000000E+0	265.420000E+0	736.318545E-3	45.000000E+0	2.162695E+6	2.162695E+6	600.373941E+3	600.373941E+3	1.000549E+0	
328.843809E+0	265.000000E+0	265.520000E+0	884.178421E-3	42.000000E+0	2.176257E+6	2.176257E+6	567.913990E+3	567.913990E+3	999.446000E-3	
334.340123E+0	265.000000E+0	265.620000E+0	1.212630E+0	42.000000E+0	2.119515E+6	2.119515E+6	599.862274E+3	599.862274E+3	1.000305E+0	
339.826437E+0	265.000000E+0	265.800000E+0	1.392925E+0	37.000000E+0	2.218566E+6	2.218566E+6	581.308214E+3	581.308214E+3	1.000396E+0	
345.315751E+0	265.000000E+0	265.900000E+0	1.429809E+0	36.000000E+0	2.070334E+6	2.070334E+6	564.528853E+3	564.528853E+3	999.909000E-3	
350.813066E+0	265.000000E+0	266.100000E+0	1.433972E+0	33.000000E+0	2.045804E+6	2.045804E+6	545.416982E+3	545.416982E+3	1.000132E+0	
356.277378E+0	265.000000E+0	266.100000E+0	1.400694E+0	31.000000E+0	2.243833E+6	2.243833E+6	606.494133E+3	606.494133E+3	1.000099E+0	
361.745691E+0	265.000000E+0	266.200000E+0	1.582530E+0	32.000000E+0	2.097016E+6	2.097016E+6	540.896793E+3	540.896793E+3	999.878000E-3	
367.246006E+0	265.000000E+0	266.200000E+0	1.433931E+0	27.000000E+0	2.174710E+6	2.174710E+6	566.683343E+3	566.683343E+3	999.801000E-3	
372.725319E+0	265.000000E+0	266.300000E+0	1.103138E+0	28.000000E+0	2.275713E+6	2.275713E+6	584.161187E+3	584.161187E+3	1.000153E+0	
378.221633E+0	265.000000E+0	266.300000E+0	736.895502E-3	28.000000E+0	2.233535E+6	2.233535E+6	585.155692E+3	585.155692E+3	999.909000E-3	
383.720948E+0	265.000000E+0	266.300000E+0	552.896529E-3	26.000000E+0	2.230019E+6	2.230019E+6	594.329885E+3	594.329885E+3	1.000342E+0	
389.218262E+0	265.000000E+0	266.380000E+0	552.998811E-3	25.000000E+0	2.233562E+6	2.233562E+6	619.845223E+3	619.845223E+3	1.000055E+0	
394.726577E+0	265.000000E+0	266.380000E+0	368.864239E-3	27.000000E+0	2.071990E+6	2.071990E+6	557.519015E+3	557.519015E+3	999.756000E-3	
400.209891E+0	265.000000E+0	266.300000E+0	332.220740E-3	28.000000E+0	2.179679E+6	2.179679E+6	555.969743E+3	555.969743E+3	999.884000E-3	
405.711205E+0	265.000000E+0	266.300000E+0	295.295242E-3	26.000000E+0	2.233687E+6	2.233687E+6	607.075872E+3	607.075872E+3	1.000379E+0	
411.207520E+0	265.000000E+0	266.300000E+0	147.443058E-3	28.000000E+0	2.291916E+6	2.291916E+6	614.494349E+3	614.494349E+3	999.665000E-3	
416.713835E+0	265.000000E+0	266.300000E+0	-147.975117E-3	26.000000E+0	2.103706E+6	2.103706E+6	577.754746E+3	577.754746E+3	999.639000E-3	
422.212149E+0	265.000000E+0	266.200000E+0	-295.745369E-3	28.000000E+0	2.193134E+6	2.193134E+6	616.750000E+3	616.750000E+3	1.000069E+0	
427.713464E+0	265.000000E+0	266.200000E+0	-147.893186E-3	31.000000E+0	2.113851E+6	2.113851E+6	582.722757E+3	582.722757E+3	999.957000E-3	
433.209778E+0	265.000000E+0	266.100000E+0	-184.559395E-3	28.000000E+0	2.083431E+6	2.083431E+6	564.042965E+3	564.042965E+3	999.880000E-3	
438.676091E+0	265.000000E+0	266.000000E+0	-369.408792E-3	31.000000E+0	2.208205E+6	2.208205E+6	560.843680E+3	560.843680E+3	999.566000E-3	
444.140404E+0	265.000000E+0	266.000000E+0	-553.340146E-3	29.000000E+0	2.088892E+6	2.088892E+6	571.105354E+3	571.105354E+3	999.890000E-3	
449.609716E+0	265.000000E+0	265.900000E+0	-735.732244E-3	31.000000E+0	2.219758E+6	2.219758E+6	598.671918E+3	598.671918E+3	1.000334E+0	
455.073029E+0	265.000000E+0	265.900000E+0	-734.493351E-3	33.000000E+0	2.123213E+6	2.123213E+6	587.173770E+3	587.173770E+3	999.842000E-3	
460.544342E+0	265.000000E+0	265.800000E+0	-734.577969E-3	34.000000E+0	2.155208E+6	2.155208E+6	601.118390E+3	601.118390E+3	1.000146E+0	
466.010654E+0	265.000000E+0	265.800000E+0	-552.288115E-3	34.000000E+0	2.188822E+6	2.188822E+6	551.084696E+3	551.084696E+3	999.876000E-3	
471.476967E+0	265.000000E+0	265.720000E+0	-553.390417E-3	35.000000E+0	2.110540E+6	2.110540E+6	594.592569E+3	594.592569E+3	999.763000E-3	
476.958281E+0	265.000000E+0	265.720000E+0	-553.729684E-3	35.000000E+0	2.118904E+6	2.118904E+6	586.850859E+3	586.850859E+3	1.000059E+0	
482.455595E+0	265.000000E+0	265.720000E+0	-516.565837E-3	35.000000E+0	2.128165E+6	2.128165E+6	603.072210E+3	603.072210E+3	1.000280E+0	
487.956910E+0	265.000000E+0	265.620000E+0	-479.500546E-3	35.000000E+0	2.129390E+6	2.129390E+6	547.618794E+3	547.618794E+3	1.000217E+0	
493.456224E+0	265.000000E+0	265.620000E+0	-295.145308E-3	36.000000E+0	2.234967E+6	2.234967E+6	584.182898E+3	584.182898E+3	1.000550E+0	
499.443567E+0	265.000000E+0	265.520000E+0	-332.428597E-3	37.000000E+0	2.164939E+6	2.164939E+6	620.108625E+3	620.108625E+3	1.000505E+0	
504.909879E+0	265.000000E+0	265.520000E+0	-369.528019E-3	37.000000E+0	2.112689E+6	2.112689E+6	532.693404E+3	532.693404E+3	1.000337E+0	
510.374192E+0	265.000000E+0	265.520000E+0	-554.292023E-3	37.000000E+0	2.286195E+6	2.286195E+6	626.284748E+3	626.284748E+3	1.000073E+0	
515.831504E+0	265.000000E+0	265.520000E+0	-554.172588E-3	36.000000E+0	2.174815E+6	2.174815E+6	616.833772E+3	616.833772E+3	999.958000E-3	
521.293817E+0	265.000000E+0	265.520000E+0	-369.425650E-3	36.000000E+0	2.127818E+6	2.127818E+6	589.411289E+3	589.411289E+3	999.734000E-3	
527.261158E+0	265.000000E+0	265.520000E+0	-184.661647E-3	37.000000E+0	2.372676E+6	2.372676E+6	647.361174E+3	647.361174E+3	999.395000E-3	
532.736471E+0	265.000000E+0	265.520000E+0	0.000000E+0	37.000000E+0	2.290770E+6	2.290770E+6	629.790426E+3	629.790426E+3	1.000150E+0	
538.205784E+0	265.000000E+0	265.520000E+0	0.000000E+0	37.000000E+0	2.107892E+6	2.107892E+6	544.145786E+3	544.145786E+3	1.000258E+0	
543.676097E+0	265.000000E+0	265.520000E+0	0.000000E+0	36.000000E+0	2.057590E+6	2.057590E+6	554.130064E+3	554.130064E+3	1.000133E+0	
549.136409E+0	265.000000E+0	265.520000E+0	0.000000E+0	37.000000E+0	2.161515E+6	2.161515E+6	567.328777E+3	567.328777E+3	999.506000E-3	
554.589721E+0	265.000000E+0	265.520000E+0	0.000000E+0	36.000000E+0	2.114317E+6	2.114317E+6	552.953051E+3	552.953051E+3	1.000220E+0	
560.060034E+0	265.000000E+0	265.520000E+0	0.000000E+0	36.000000E+0	2.192814E+6	2.192814E+6	618.947138E+3	618.947138E+3	999.704000E-3	
565.538347E+0	265.000000E+0	265.520000E+0	0.000000E+0	36.000000E+0	2.068735E+6	2.068735E+6	543.736296E+3	543.736296E+3	1.000068E+0	
571.007660E+0	265.000000E+0	265.520000E+0	0.000000E+0	36.000000E+0	2.098736E+6	2.098736E+6	557.636032E+3	557.636032E+3	999.754000E-3	
576.469973E+0	265.000000E+0	265.520000E+0	0.000000E+0	36.000000E+0	2.225467E+6	2.225467E+6	566.775766E+3	566.775766E+3	999.524000E-3	
581.929285E+0	265.000000E+0	265.620000E+0	0.000000E+0	35.000000E+0	2.292190E+6	2.292190E+6	635.938288E+3	635.938288E+3	999.899000E-3	
1.146752E+3	265.510989E+0	265.420000E+0	0.000000E+0	36.000000E+0	1.000000E+0	1.000000E+0	0.000000E+0	0.000000E+0	99.100000E+36	
1.152005E+3	265.510989E+0	265.520000E+0	0.000000E+0	50.000000E+0	2.134971E+6	2.134971E+6	294.623759E+3	294.623759E+3	1.000127E+0	
1.157483E+3	265.598544E+0	265.520000E+0	0.000000E+0	45.000000E+0	2.263145E+6	2.263145E+6	112.051793E+42	112.051793E+42	999.767000E-3	
1.163001E+3	265.689849E+0	265.520000E+0	0.000000E+0	48.000000E+0	2.128849E+6	2.128849E+6	598.631507E+3	598.631507E+3	1.000261E+0	
1.168486E+3	265.781804E+0	265.520000E+0	0.000000E+0	50.000000E+0	2.119727E+6	2.119727E+6	569.910989E+3	569.910989E+3	1.000193E+0	
1.173981E+3	265.873226E+0	265.520000E+0	0.000000E+0	54.000000E+0	2.286562E+6	2.286562E+6	626.279867E+3	626.279867E+3	1.000028E+0	
1.179440E+3	265.964814E+0	265.620000E+0	0.000000E+0	58.000000E+0	2.317998E+6	2.317998E+6	614.627136E+3	614.627136E+3	999.961000E-3	
1.184908E+3	266.055803E+0	265.620000E+0	0.000000E+0	56.000000E+0	2.231472E+6	2.231472E+6	638.611000E+3	638.611000E+3	999.744000E-3	
1.190374E+3	266.146925E+0	265.620000E+0	182.188725E-3	59.000000E+0	2.247764E+6	2.247764E+6	624.834794E+3	624.834794E+3	1.000030E+0	
1.195878E+3	266.238030E+0	265.720000E+0	363.946939E-3	60.000000E+0	2.205555E+6	2.205555E+6	615.329949E+3	615.329949E+3	999.337000E-3	
1.201341E+3	266.329769E+0	265.800000E+0	363.946939E-3	58.000000E+0	2.258040E+6	2.258040E+6	624.381210E+3	624.381210E+3	999.860000E-3	
1.206803E+3	266.420807E+0	265.900000E+0	364.096434E-3	58.000000E+0	2.325058E+6	2.325058E+6	644.364478E+3	644.364478E+3	999.868000E-3	
1.212266E+3	266.511846E+0	266.000000E+0	510.756619E-3	63.000000E+0	2.195357E+6	2.195357E+6	623.379233E+3	623.379233E+3	999.634000E-3	
1.217760E+3	266.602901E+0	266.200000E+0	839.715232E-3	62.000000E+0	2.282617E+6	2.282617E+6	633.140822E+3	633.140822E+3	999.946000E-3	
1.223226E+3	266.694456E+0	266.300000E+0	1.023154E+0	65.000000E+0	2.080684E+6	2.080684E+6	562.924095E+3	562.924095E+3	1.000247E+0	
1.228687E+3	266.785561E+0	266.380000E+0	596.048903E-3	64.000000E+0	2.159565E+6	2.159565E+6	553.167851E+3	553.167851E+3	1.000073E+0	
1.234150E+3	266.876583E+0	266.480000E+0	168.719134E-3	62.000000E+0	2.343605E+6	2.343605E+6	622.770525E+3	622.770525E+3	999.946000E-3	
1.239613E+3	266.967622E+0	266.680000E+0	137.744442E-3	60.000000E+0	2.267914E+6	2.267914E+6	612.697261E+3	612.697261E+3	1.000241E+0	
1.245082E+3	267.058677E+0	266.780000E+0	565.089395E-3	59.000000E+0	2.182227E+6	2.182227E+6	609.917725E+3	609.917725E+3	999.940000E-3	
1.250540E+3	267.149832E+0	266.970000E+0	1.211024E+0	58.000000E+0	2.290207E+6	2.290207E+6	618.082694E+3	618.082694E+3	999.790000E-3	
1.256006E+3	267.240787E+0	267.170000E+0	1.423636E+0	55.000000E+0	2.270731E+6	2.270731E+6	634.496969E+3	634.496969E+3	1.000098E+0	
1.261536E+3	267.331893E+0	267.270000E+0	1.624821E+0	51.000000E+0	2.122456E+6	2.122456E+6	565.048080E+3	565.048080E+3	999.868000E-3	
1.267002E+3	267.424065E+0	267.370000E+0	1.790523E+0	55.000000E+0	2.333576E+6	2.333576E+6	628.958669E+3	628.958669E+3	999.914000E-3	
1.272474E+3	267.515170E+0	267.570000E+0	1.791674E+0	54.000000E+0	2.093978E+6	2.093978E+6	570.453546E+3	570.453546E+3	1.000021E+0	
1.277936E+3	267.606358E+0	267.650000E+0	1.627173E+0	54.000000E+0	2.114889E+6	2.114889E+6	552.054157E+3	552.054157E+3	999.708000E-3	
1.283437E+3	267.697397E+0	267.850000E+0	1.461972E+0	51.000000E+0	2.078216E+6	2.078216E+6	559.457269E+3	559.457269E+3	1.000183E+0	
1.288916E+3	267.789085E+0	268.060000E+0	1.424606E+0	53.000000E+0	2.208158E+6	2.208158E+6	611.183005E+3	611.183005E+3	999.920000E-3	
1.294376E+3	267.880391E+0	268.060000E+0	1.570276E+0	54.000000E+0	2.126570E+6	2.126570E+6	599.655510E+3	599.655510E+3	1.000041E+0	
1.299844E+3	267.971396E+0	268.160000E+0	1.770686E+0	50.000000E+0	2.127838E+6	2.127838E+6	567.045092E+3	567.045092E+3	999.935000E-3	
1.305315E+3	268.062534E+0	268.340000E+0	1.642851E+0	51.000000E+0	2.247478E+6	2.247478E+6	576.133963E+3	576.133963E+3	999.903000E-3	
1.310786E+3	268.153706E+0	268.340000E+0	1.314493E+0	49.000000E+0	2.288524E+6	2.288524E+6	629.662026E+3	629.662026E+3	999.444000E-3	
1.316241E+3	268.244895E+0	268.540000E+0	1.076986E+0	53.000000E+0	2.272263E+6	2.272263E+6	597.307684E+3	597.307684E+3	999.273000E-3	
1.321744E+3	268.335817E+0	268.640000E+0	1.022279E+0	48.000000E+0	2.207714E+6	2.207714E+6	582.504139E+3	582.504139E+3	1.000205E+0	
1.327190E+3	268.427522E+0	268.750000E+0	1.204301E+0	54.000000E+0	2.236206E+6	2.236206E+6	590.129681E+3	590.129681E+3	1.000143E+0	
1.332644E+3	268.518294E+0	268.850000E+0	1.239553E+0	51.000000E+0	2.060510E+6	2.060510E+6	559.747229E+3	559.747229E+3	1.000213E+0	
1.338111E+3	268.609199E+0	268.950000E+0	1.293491E+0	53.000000E+0	2.178924E+6	2.178924E+6	564.039350E+3	564.039350E+3	1.000039E+0	
1.343576E+3	268.700304E+0	269.030000E+0	1.311690E+0	53.000000E+0	2.207929E+6	2.207929E+6	579.053413E+3	579.053413E+3	999.949000E-3	
1.349028E+3	268.791393E+0	269.030000E+0	1.132053E+0	49.000000E+0	2.082218E+6	2.082218E+6	583.859587E+3	583.859587E+3	1.000381E+0	
1.354451E+3	268.882265E+0	269.130000E+0	1.081235E+0	51.000000E+0	2.148814E+6	2.148814E+6	594.260095E+3	594.260095E+3	1.000488E+0	
1.359866E+3	268.972653E+0	269.130000E+0	845.980068E-3	53.000000E+0	2.259314E+6	2.259314E+6	607.557102E+3	607.557102E+3	1.000040E+0	
1.365295E+3	269.062892E+0	269.230000E+0	662.891098E-3	55.000000E+0	2.197633E+6	2.197633E+6	616.708794E+3	616.708794E+3	999.857000E-3	
1.370760E+3	269.153380E+0	269.340000E+0	514.487648E-3	54.000000E+0	2.151803E+6	2.151803E+6	547.855790E+3	547.855790E+3	1.000029E+0	
1.376280E+3	269.244469E+0	269.340000E+0	551.341658E-3	57.000000E+0	2.081315E+6	2.081315E+6	535.652183E+3	535.652183E+3	1.000634E+0	
1.381741E+3	269.336457E+0	269.440000E+0	755.745991E-3	57.000000E+0	2.232537E+6	2.232537E+6	578.658292E+3	578.658292E+3	1.000534E+0	
1.387206E+3	269.427479E+0	269.540000E+0	775.105882E-3	56.000000E+0	2.223833E+6	2.223833E+6	620.378646E+3	620.378646E+3	1.000191E+0	
1.392668E+3	269.518568E+0	269.540000E+0	775.037843E-3	59.000000E+0	2.141562E+6	2.141562E+6	600.313725E+3	600.313725E+3	1.000045E+0	
1.398138E+3	269.609590E+0	269.640000E+0	756.737238E-3	61.000000E+0	2.174316E+6	2.174316E+6	557.477713E+3	557.477713E+3	999.968000E-3	
1.403605E+3	269.700762E+0	269.720000E+0	738.800697E-3	63.000000E+0	2.291472E+6	2.291472E+6	627.696118E+3	627.696118E+3	999.288000E-3	
1.409045E+3	269.791883E+0	269.830000E+0	739.192606E-3	57.000000E+0	2.130588E+6	2.130588E+6	564.011843E+3	564.011843E+3	1.000226E+0	
1.414499E+3	269.882539E+0	269.830000E+0	701.711259E-3	63.000000E+0	2.218810E+6	2.218810E+6	617.249223E+3	617.249223E+3	999.796000E-3	
1.419960E+3	269.973444E+0	269.930000E+0	866.157833E-3	64.000000E+0	2.208591E+6	2.208591E+6	614.154651E+3	614.154651E+3	1.000249E+0	
1.425423E+3	270.064466E+0	270.030000E+0	883.275627E-3	61.000000E+0	2.243976E+6	2.243976E+6	613.630755E+3	613.630755E+3	1.000185E+0	
1.430877E+3	270.155504E+0	270.130000E+0	734.956791E-3	65.000000E+0	2.164674E+6	2.164674E+6	573.857044E+3	573.857044E+3	999.993000E-3	
1.436336E+3	270.246409E+0	270.230000E+0	754.015113E-3	61.000000E+0	2.065699E+6	2.065699E+6	556.507953E+3	556.507953E+3	1.000005E+0	
1.441823E+3	270.337398E+0	270.330000E+0	920.470070E-3	65.000000E+0	2.246866E+6	2.246866E+6	602.877722E+3	602.877722E+3	999.788000E-3	
1.447286E+3	270.428853E+0	270.440000E+0	1.105181E+0	64.000000E+0	2.331584E+6	2.331584E+6	620.871907E+3	620.871907E+3	999.853000E-3	
1.452757E+3	270.519892E+0	270.520000E+0	1.103023E+0	61.000000E+0	2.077840E+6	2.077840E+6	574.808803E+3	574.808803E+3	999.815000E-3	
1.458262E+3	270.611080E+0	270.620000E+0	1.118718E+0	60.000000E+0	2.068729E+6	2.068729E+6	563.811652E+3	563.811652E+3	999.941000E-3	
1.463728E+3	270.702835E+0	270.720000E+0	1.100325E+0	61.000000E+0	2.131249E+6	2.131249E+6	559.696466E+3	559.696466E+3	999.854000E-3	
1.469191E+3	270.793924E+0	270.830000E+0	1.066386E+0	61.000000E+0	2.179607E+6	2.179607E+6	565.737208E+3	565.737208E+3	999.764000E-3	
1.474652E+3	270.884979E+0	271.030000E+0	1.050454E+0	60.000000E+0	2.248079E+6	2.248079E+6	614.176504E+3	614.176504E+3	999.833000E-3	
1.480115E+3	270.976001E+0	271.130000E+0	1.085604E+0	61.000000E+0	2.232009E+6	2.232009E+6	600.963898E+3	600.963898E+3	1.000342E+0	
1.485572E+3	271.067040E+0	271.230000E+0	1.324057E+0	60.000000E+0	2.255106E+6	2.255106E+6	604.179071E+3	604.179071E+3	999.914000E-3	
1.491052E+3	271.157995E+0	271.320000E+0	1.509704E+0	61.000000E+0	2.237229E+6	2.237229E+6	586.322338E+3	586.322338E+3	999.728000E-3	
1.496522E+3	271.249333E+0	271.320000E+0	1.492709E+0	61.000000E+0	2.169378E+6	2.169378E+6	615.978129E+3	615.978129E+3	999.823000E-3	
1.502018E+3	271.340489E+0	271.420000E+0	1.271970E+0	61.000000E+0	2.257072E+6	2.257072E+6	598.726776E+3	598.726776E+3	999.815000E-3	
1.507504E+3	271.432094E+0	271.520000E+0	884.415448E-3	62.000000E+0	2.072571E+6	2.072571E+6	545.724202E+3	545.724202E+3	1.000223E+0	
1.513001E+3	271.523532E+0	271.630000E+0	700.552533E-3	60.000000E+0	2.185479E+6	2.185479E+6	616.789805E+3	616.789805E+3	999.813000E-3	
1.518483E+3	271.615138E+0	271.730000E+0	719.444878E-3	61.000000E+0	2.117587E+6	2.117587E+6	590.163483E+3	590.163483E+3	999.967000E-3	
1.523966E+3	271.706510E+0	271.830000E+0	941.115614E-3	61.000000E+0	2.188957E+6	2.188957E+6	618.310892E+3	618.310892E+3	999.806000E-3	
1.529532E+3	271.797898E+0	272.040000E+0	1.144821E+0	58.000000E+0	2.089799E+6	2.089799E+6	573.218242E+3	573.218242E+3	999.885000E-3	
1.534997E+3	271.890670E+0	272.120000E+0	1.145742E+0	55.000000E+0	2.056003E+6	2.056003E+6	560.000000E+3	560.000000E+3	999.937000E-3	
1.540457E+3	271.981742E+0	272.220000E+0	1.330719E+0	60.000000E+0	2.157951E+6	2.157951E+6	546.369993E+3	546.369993E+3	999.908000E-3	
1.545919E+3	272.072747E+0	272.330000E+0	1.477731E+0	61.000000E+0	2.263564E+6	2.263564E+6	649.262991E+3	649.262991E+3	999.703000E-3	
1.551385E+3	272.163786E+0	272.430000E+0	1.440205E+0	55.000000E+0	2.046639E+6	2.046639E+6	554.553177E+3	554.553177E+3	999.906000E-3	
1.556854E+3	272.254874E+0	272.530000E+0	1.255514E+0	62.000000E+0	2.271995E+6	2.271995E+6	614.843093E+3	614.843093E+3	999.837000E-3	
1.562385E+3	272.346029E+0	272.630000E+0	1.106646E+0	59.000000E+0	2.111580E+6	2.111580E+6	522.657784E+3	522.657784E+3	1.000023E+0	
1.567896E+3	272.438218E+0	272.740000E+0	1.141391E+0	60.000000E+0	2.257147E+6	2.257147E+6	624.006099E+3	624.006099E+3	999.239000E-3	
1.573364E+3	272.530057E+0	272.840000E+0	1.120428E+0	60.000000E+0	2.110667E+6	2.110667E+6	547.656794E+3	547.656794E+3	999.844000E-3	
1.578840E+3	272.621195E+0	272.840000E+0	1.120606E+0	58.000000E+0	2.087390E+6	2.087390E+6	563.863774E+3	563.863774E+3	999.672000E-3	
1.584318E+3	272.712467E+0	272.940000E+0	1.141444E+0	62.000000E+0	2.133206E+6	2.133206E+6	606.933038E+3	606.933038E+3	999.983000E-3	
1.589764E+3	272.803756E+0	273.030000E+0	958.935787E-3	60.000000E+0	2.175625E+6	2.175625E+6	569.765215E+3	569.765215E+3	999.852000E-3	
1.595238E+3	272.894528E+0	273.130000E+0	756.857486E-3	60.000000E+0	2.055887E+6	2.055887E+6	509.051777E+3	509.051777E+3	1.000600E+0	
1.600717E+3	272.985766E+0	273.230000E+0	719.375301E-3	60.000000E+0	2.164772E+6	2.164772E+6	566.593347E+3	566.593347E+3	998.934000E-3	
1.606205E+3	273.077071E+0	273.340000E+0	885.325344E-3	59.000000E+0	2.237943E+6	2.237943E+6	605.940738E+3	605.940738E+3	999.980000E-3	
1.611673E+3	273.168543E+0	273.440000E+0	1.070055E+0	61.000000E+0	2.180452E+6	2.180452E+6	612.081261E+3	612.081261E+3	999.781000E-3	
1.617133E+3	273.259682E+0	273.440000E+0	1.107788E+0	61.000000E+0	2.230080E+6	2.230080E+6	620.688271E+3	620.688271E+3	999.901000E-3	
1.622596E+3	273.350687E+0	273.540000E+0	1.145094E+0	60.000000E+0	2.252145E+6	2.252145E+6	620.405497E+3	620.405497E+3	999.727000E-3	
1.628072E+3	273.441725E+0	273.650000E+0	960.772843E-3	63.000000E+0	2.153597E+6	2.153597E+6	565.662287E+3	565.662287E+3	999.915000E-3	
1.633538E+3	273.532997E+0	273.750000E+0	757.394220E-3	60.000000E+0	2.170550E+6	2.170550E+6	554.651743E+3	554.651743E+3	999.712000E-3	
1.638997E+3	273.624103E+0	273.850000E+0	756.357633E-3	61.000000E+0	2.180444E+6	2.180444E+6	577.268960E+3	577.268960E+3	999.668000E-3	
1.644459E+3	273.715074E+0	273.960000E+0	958.311848E-3	59.000000E+0	2.161790E+6	2.161790E+6	556.788455E+3	556.788455E+3	999.936000E-3	
1.649919E+3	273.806113E+0	274.040000E+0	1.142259E+0	62.000000E+0	2.117598E+6	2.117598E+6	555.104828E+3	555.104828E+3	999.930000E-3	
1.655380E+3	273.897118E+0	274.040000E+0	1.142794E+0	63.000000E+0	2.123887E+6	2.123887E+6	562.199681E+3	562.199681E+3	999.820000E-3	
1.660856E+3	273.988123E+0	274.150000E+0	1.107225E+0	64.000000E+0	2.071304E+6	2.071304E+6	578.149146E+3	578.149146E+3	999.922000E-3	
1.666413E+3	274.079395E+0	274.250000E+0	886.318426E-3	63.000000E+0	2.155024E+6	2.155024E+6	618.145969E+3	618.145969E+3	1.000082E+0	
1.671875E+3	274.172017E+0	274.350000E+0	701.997540E-3	65.000000E+0	2.178220E+6	2.178220E+6	626.458547E+3	626.458547E+3	1.000217E+0	
1.677340E+3	274.263039E+0	274.460000E+0	738.101702E-3	63.000000E+0	2.125688E+6	2.125688E+6	565.661536E+3	565.661536E+3	999.966000E-3	
1.682804E+3	274.354128E+0	274.560000E+0	956.981196E-3	67.000000E+0	2.115612E+6	2.115612E+6	544.418472E+3	544.418472E+3	1.000092E+0	
1.688284E+3	274.445200E+0	274.560000E+0	1.138781E+0	63.000000E+0	2.208267E+6	2.208267E+6	579.880540E+3	579.880540E+3	1.000058E+0	
1.693745E+3	274.536521E+0	274.660000E+0	1.138709E+0	63.000000E+0	2.206034E+6	2.206034E+6	635.048760E+3	635.048760E+3	999.863000E-3	
1.699210E+3	274.627543E+0	274.770000E+0	956.976978E-3	62.000000E+0	2.077833E+6	2.077833E+6	542.981326E+3	542.981326E+3	1.000331E+0	
1.704704E+3	274.718632E+0	274.870000E+0	756.267430E-3	64.000000E+0	2.096798E+6	2.096798E+6	585.865691E+3	585.865691E+3	1.000089E+0	
1.710190E+3	274.810187E+0	274.980000E+0	753.855312E-3	65.000000E+0	2.118252E+6	2.118252E+6	530.921164E+3	530.921164E+3	1.000069E+0	
1.715685E+3	274.901626E+0	275.060000E+0	951.741711E-3	66.000000E+0	2.058275E+6	2.058275E+6	566.007368E+3	566.007368E+3	1.000054E+0	
1.721147E+3	274.993214E+0	275.170000E+0	1.150067E+0	65.000000E+0	2.170199E+6	2.170199E+6	569.781245E+3	569.781245E+3	1.000006E+0	
1.726610E+3	275.084253E+0	275.270000E+0	1.111519E+0	68.000000E+0	2.208478E+6	2.208478E+6	580.484277E+3	580.484277E+3	1.000087E+0	
1.732070E+3	275.175291E+0	275.370000E+0	1.074501E+0	67.000000E+0	2.192503E+6	2.192503E+6	594.372247E+3	594.372247E+3	1.000461E+0	
1.737532E+3	275.266297E+0	275.370000E+0	1.073805E+0	69.000000E+0	2.177309E+6	2.177309E+6	602.633298E+3	602.633298E+3	1.000060E+0	
1.743000E+3	275.357335E+0	275.480000E+0	1.091563E+0	63.000000E+0	2.204770E+6	2.204770E+6	581.386990E+3	581.386990E+3	999.863000E-3	
1.748539E+3	275.448457E+0	275.580000E+0	928.233434E-3	63.000000E+0	2.066884E+6	2.066884E+6	557.818700E+3	557.818700E+3	1.000041E+0	
1.754005E+3	275.540779E+0	275.690000E+0	746.957989E-3	59.000000E+0	2.205870E+6	2.205870E+6	569.921255E+3	569.921255E+3	1.000053E+0	
1.759475E+3	275.631884E+0	275.900000E+0	764.948405E-3	65.000000E+0	2.245317E+6	2.245317E+6	630.390109E+3	630.390109E+3	999.750000E-3	
1.764922E+3	275.723039E+0	276.000000E+0	964.356648E-3	65.000000E+0	2.150898E+6	2.150898E+6	603.451169E+3	603.451169E+3	999.673000E-3	
1.770370E+3	275.813828E+0	276.000000E+0	1.345181E+0	66.000000E+0	2.203837E+6	2.203837E+6	568.658131E+3	568.658131E+3	1.000035E+0	
1.775831E+3	275.904633E+0	276.100000E+0	1.527226E+0	67.000000E+0	2.252717E+6	2.252717E+6	604.540642E+3	604.540642E+3	999.936000E-3	
1.781301E+3	275.995638E+0	276.210000E+0	1.327950E+0	63.000000E+0	2.068596E+6	2.068596E+6	574.082616E+3	574.082616E+3	1.000042E+0	
1.786760E+3	276.086810E+0	276.300000E+0	929.040194E-3	68.000000E+0	2.105843E+6	2.105843E+6	588.514766E+3	588.514766E+3	999.728000E-3	
1.792219E+3	276.177799E+0	276.400000E+0	748.285592E-3	65.000000E+0	2.184806E+6	2.184806E+6	609.215155E+3	609.215155E+3	999.920000E-3	
1.797701E+3	276.268771E+0	276.400000E+0	930.407516E-3	66.000000E+0	2.063715E+6	2.063715E+6	562.115865E+3	562.115865E+3	999.932000E-3	
1.803166E+3	276.360142E+0	276.610000E+0	1.094188E+0	63.000000E+0	2.237305E+6	2.237305E+6	651.598184E+3	651.598184E+3	1.000232E+0	
1.808642E+3	276.451231E+0	276.610000E+0	893.332700E-3	63.000000E+0	2.123210E+6	2.123210E+6	534.455931E+3	534.455931E+3	1.000202E+0	
1.814100E+3	276.542503E+0	276.710000E+0	911.879257E-3	64.000000E+0	2.299524E+6	2.299524E+6	616.983280E+3	616.983280E+3	999.856000E-3	
1.819564E+3	276.633458E+0	276.820000E+0	948.121131E-3	65.000000E+0	2.082908E+6	2.082908E+6	576.464768E+3	576.464768E+3	1.000025E+0	
1.825038E+3	276.724530E+0	276.920000E+0	947.656495E-3	66.000000E+0	2.232090E+6	2.232090E+6	624.319648E+3	624.319648E+3	999.820000E-3	
1.830494E+3	276.815768E+0	277.030000E+0	946.888859E-3	65.000000E+0	2.230048E+6	2.230048E+6	627.411405E+3	627.411405E+3	999.931000E-3	
1.836054E+3	276.906690E+0	277.130000E+0	947.097996E-3	63.000000E+0	2.187690E+6	2.187690E+6	632.481951E+3	632.481951E+3	999.993000E-3	
1.841451E+3	276.999362E+0	277.240000E+0	1.147024E+0	65.000000E+0	2.176339E+6	2.176339E+6	630.403568E+3	630.403568E+3	1.000354E+0	
1.846914E+3	277.089317E+0	277.340000E+0	1.146572E+0	66.000000E+0	2.071334E+6	2.071334E+6	554.656462E+3	554.656462E+3	999.978000E-3	
1.852420E+3	277.180356E+0	277.450000E+0	1.146921E+0	66.000000E+0	2.223706E+6	2.223706E+6	586.837014E+3	586.837014E+3	999.934000E-3	
1.857883E+3	277.272128E+0	277.450000E+0	1.147060E+0	61.000000E+0	2.207663E+6	2.207663E+6	620.435234E+3	620.435234E+3	1.000270E+0	
1.863365E+3	277.363183E+0	277.550000E+0	1.145848E+0	68.000000E+0	2.172039E+6	2.172039E+6	619.621285E+3	619.621285E+3	999.659000E-3	
1.868785E+3	277.454538E+0	277.640000E+0	962.496987E-3	66.000000E+0	2.089032E+6	2.089032E+6	574.084098E+3	574.084098E+3	999.581000E-3	
1.874195E+3	277.544877E+0	277.740000E+0	762.730804E-3	66.000000E+0	2.238340E+6	2.238340E+6	618.600148E+3	618.600148E+3	999.844000E-3	
1.879638E+3	277.635049E+0	277.850000E+0	728.194530E-3	68.000000E+0	2.152399E+6	2.152399E+6	599.758766E+3	599.758766E+3	999.316000E-3	
1.885092E+3	277.725754E+0	277.950000E+0	873.863572E-3	65.000000E+0	2.090302E+6	2.090302E+6	591.590220E+3	591.590220E+3	1.000314E+0	
1.890555E+3	277.816659E+0	278.060000E+0	1.074047E+0	65.000000E+0	2.291589E+6	2.291589E+6	597.811232E+3	597.811232E+3	999.339000E-3	
1.896027E+3	277.907714E+0	278.060000E+0	1.110841E+0	65.000000E+0	2.269496E+6	2.269496E+6	624.022232E+3	624.022232E+3	1.000394E+0	
1.901493E+3	277.998919E+0	278.160000E+0	1.148872E+0	68.000000E+0	2.147459E+6	2.147459E+6	565.800889E+3	565.800889E+3	1.000007E+0	
1.906985E+3	278.090008E+0	278.270000E+0	967.369774E-3	67.000000E+0	2.059631E+6	2.059631E+6	558.395303E+3	558.395303E+3	999.848000E-3	
1.912458E+3	278.181547E+0	278.370000E+0	766.477107E-3	63.000000E+0	2.066623E+6	2.066623E+6	561.636319E+3	561.636319E+3	999.894000E-3	
1.917965E+3	278.272768E+0	278.480000E+0	764.492031E-3	74.000000E+0	2.247925E+6	2.247925E+6	593.732857E+3	593.732857E+3	999.832000E-3	
1.923440E+3	278.364540E+0	278.590000E+0	944.917581E-3	68.000000E+0	2.294791E+6	2.294791E+6	632.032093E+3	632.032093E+3	999.634000E-3	
1.928902E+3	278.455796E+0	278.590000E+0	1.143864E+0	63.000000E+0	2.151395E+6	2.151395E+6	602.649705E+3	602.649705E+3	999.495000E-3	
1.934365E+3	278.546834E+0	278.690000E+0	1.161521E+0	65.000000E+0	2.229233E+6	2.229233E+6	586.729985E+3	586.729985E+3	999.878000E-3	
1.939842E+3	278.637873E+0	278.800000E+0	980.400371E-3	68.000000E+0	2.183697E+6	2.183697E+6	561.482444E+3	561.482444E+3	1.000046E+0	
1.945311E+3	278.729161E+0	278.900000E+0	781.703013E-3	66.000000E+0	2.068194E+6	2.068194E+6	556.290453E+3	556.290453E+3	1.000158E+0	
1.950818E+3	278.820316E+0	279.010000E+0	765.262719E-3	70.000000E+0	2.258347E+6	2.258347E+6	622.304929E+3	622.304929E+3	999.680000E-3	
1.956280E+3	278.912088E+0	279.110000E+0	945.553963E-3	74.000000E+0	2.141201E+6	2.141201E+6	589.013909E+3	589.013909E+3	999.063000E-3	
1.961743E+3	279.003127E+0	279.200000E+0	1.143975E+0	69.000000E+0	2.254836E+6	2.254836E+6	590.370220E+3	590.370220E+3	1.000065E+0	
1.967208E+3	279.094182E+0	279.310000E+0	1.144849E+0	71.000000E+0	2.159667E+6	2.159667E+6	617.612937E+3	617.612937E+3	999.645000E-3	
1.972704E+3	279.185254E+0	279.310000E+0	1.111313E+0	68.000000E+0	2.125927E+6	2.125927E+6	598.218995E+3	598.218995E+3	999.696000E-3	
1.978172E+3	279.276859E+0	279.410000E+0	1.095363E+0	70.000000E+0	2.228821E+6	2.228821E+6	590.195051E+3	590.195051E+3	999.849000E-3	
1.983632E+3	279.367998E+0	279.520000E+0	912.688251E-3	70.000000E+0	2.248807E+6	2.248807E+6	591.615487E+3	591.615487E+3	999.617000E-3	
1.989091E+3	279.459003E+0	279.620000E+0	748.145846E-3	72.000000E+0	2.316803E+6	2.316803E+6	628.243037E+3	628.243037E+3	999.793000E-3	
1.994555E+3	279.549975E+0	279.730000E+0	766.038863E-3	74.000000E+0	2.128838E+6	2.128838E+6	599.669967E+3	599.669967E+3	999.809000E-3	
2.000020E+3	279.641047E+0	279.730000E+0	948.363551E-3	80.000000E+0	2.185155E+6	2.185155E+6	564.424148E+3	564.424148E+3	1.000080E+0	
2.005491E+3	279.732135E+0	279.840000E+0	1.148069E+0	76.000000E+0	2.042733E+6	2.042733E+6	560.348666E+3	560.348666E+3	1.000081E+0	
2.010970E+3	279.823307E+0	279.940000E+0	965.194894E-3	74.000000E+0	2.146310E+6	2.146310E+6	553.532720E+3	553.532720E+3	1.000030E+0	
2.016460E+3	279.914629E+0	280.050000E+0	782.357970E-3	71.000000E+0	2.059356E+6	2.059356E+6	578.006505E+3	578.006505E+3	1.000394E+0	
2.021925E+3	280.006134E+0	280.050000E+0	783.299103E-3	74.000000E+0	2.085628E+6	2.085628E+6	561.442366E+3	561.442366E+3	1.000038E+0	
2.027379E+3	280.097206E+0	280.160000E+0	966.697423E-3	72.000000E+0	2.124735E+6	2.124735E+6	558.849840E+3	558.849840E+3	999.964000E-3	
2.032847E+3	280.188111E+0	280.260000E+0	967.521927E-3	72.000000E+0	2.158090E+6	2.158090E+6	620.729313E+3	620.729313E+3	1.000167E+0	
2.038310E+3	280.279250E+0	280.370000E+0	785.540807E-3	78.000000E+0	2.140287E+6	2.140287E+6	562.162278E+3	562.162278E+3	999.728000E-3	
2.043764E+3	280.370288E+0	280.470000E+0	785.575797E-3	75.000000E+0	2.171318E+6	2.171318E+6	571.481305E+3	571.481305E+3	999.979000E-3	
2.049224E+3	280.461194E+0	280.580000E+0	967.973209E-3	73.000000E+0	2.264233E+6	2.264233E+6	610.109840E+3	610.109840E+3	999.772000E-3	
2.054685E+3	280.552199E+0	280.690000E+0	1.149605E+0	73.000000E+0	2.211038E+6	2.211038E+6	656.285379E+3	656.285379E+3	999.920000E-3	
2.060148E+3	280.643204E+0	280.790000E+0	1.146930E+0	72.000000E+0	2.097072E+6	2.097072E+6	552.687406E+3	552.687406E+3	1.000387E+0	
2.065617E+3	280.734259E+0	280.900000E+0	1.162679E+0	68.000000E+0	2.234559E+6	2.234559E+6	632.528438E+3	632.528438E+3	999.898000E-3	
2.071098E+3	280.825414E+0	281.010000E+0	1.163098E+0	70.000000E+0	2.154926E+6	2.154926E+6	606.354663E+3	606.354663E+3	999.864000E-3	
2.076596E+3	280.916770E+0	281.110000E+0	1.165040E+0	77.000000E+0	2.163114E+6	2.163114E+6	620.419488E+3	620.419488E+3	999.856000E-3	
2.082053E+3	281.008392E+0	281.220000E+0	1.166495E+0	72.000000E+0	2.074284E+6	2.074284E+6	559.816613E+3	559.816613E+3	999.888000E-3	
2.087489E+3	281.099347E+0	281.310000E+0	1.166390E+0	74.000000E+0	2.083224E+6	2.083224E+6	576.778757E+3	576.778757E+3	999.885000E-3	
2.092902E+3	281.189952E+0	281.420000E+0	1.166739E+0	73.000000E+0	2.198160E+6	2.198160E+6	606.439377E+3	606.439377E+3	999.679000E-3	
2.098310E+3	281.280157E+0	281.520000E+0	1.130271E+0	73.000000E+0	2.159796E+6	2.159796E+6	568.665759E+3	568.665759E+3	999.899000E-3	
2.103734E+3	281.370296E+0	281.630000E+0	1.110672E+0	73.000000E+0	2.170354E+6	2.170354E+6	601.201250E+3	601.201250E+3	1.000034E+0	
2.109187E+3	281.460701E+0	281.630000E+0	1.109975E+0	70.000000E+0	2.244830E+6	2.244830E+6	631.425653E+3	631.425653E+3	1.000027E+0	
2.114646E+3	281.551573E+0	281.740000E+0	1.128190E+0	77.000000E+0	2.254799E+6	2.254799E+6	640.125420E+3	640.125420E+3	999.575000E-3	
2.120106E+3	281.642561E+0	281.840000E+0	964.874033E-3	78.000000E+0	2.120413E+6	2.120413E+6	597.520407E+3	597.520407E+3	1.000093E+0	
2.125589E+3	281.733566E+0	281.950000E+0	782.612932E-3	78.000000E+0	2.151342E+6	2.151342E+6	565.574846E+3	565.574846E+3	999.987000E-3	
2.131050E+3	281.824938E+0	282.060000E+0	782.125783E-3	76.000000E+0	2.172501E+6	2.172501E+6	558.246449E+3	558.246449E+3	1.000176E+0	
2.136465E+3	281.915960E+0	282.160000E+0	964.867033E-3	74.000000E+0	2.175569E+6	2.175569E+6	569.934093E+3	569.934093E+3	1.000196E+0	
2.141885E+3	282.006215E+0	282.270000E+0	1.165767E+0	77.000000E+0	2.222387E+6	2.222387E+6	613.281111E+3	613.281111E+3	1.000074E+0	
2.147289E+3	282.096537E+0	282.380000E+0	1.166254E+0	77.000000E+0	2.077669E+6	2.077669E+6	565.728831E+3	565.728831E+3	999.878000E-3	
2.152748E+3	282.186609E+0	282.490000E+0	1.165800E+0	78.000000E+0	2.201700E+6	2.201700E+6	570.912054E+3	570.912054E+3	999.880000E-3	
2.158211E+3	282.277598E+0	282.590000E+0	1.165947E+0	78.000000E+0	2.268588E+6	2.268588E+6	658.303274E+3	658.303274E+3	999.971000E-3	
2.163674E+3	282.368653E+0	282.700000E+0	1.182961E+0	78.000000E+0	2.067393E+6	2.067393E+6	558.700686E+3	558.700686E+3	999.874000E-3	
2.169131E+3	282.459691E+0	282.810000E+0	1.181608E+0	72.000000E+0	2.209738E+6	2.209738E+6	570.033815E+3	570.033815E+3	999.818000E-3	
2.174625E+3	282.550646E+0	282.920000E+0	1.163276E+0	71.000000E+0	2.195683E+6	2.195683E+6	560.132628E+3	560.132628E+3	999.936000E-3	
2.180109E+3	282.642218E+0	283.020000E+0	1.164660E+0	78.000000E+0	2.305392E+6	2.305392E+6	628.164353E+3	628.164353E+3	999.572000E-3	
2.185566E+3	282.733607E+0	283.130000E+0	1.184808E+0	72.000000E+0	2.289854E+6	2.289854E+6	643.153651E+3	643.153651E+3	999.544000E-3	
2.191031E+3	282.824562E+0	283.130000E+0	1.186032E+0	77.000000E+0	2.144129E+6	2.144129E+6	558.320645E+3	558.320645E+3	999.829000E-3	
2.196495E+3	282.915651E+0	283.240000E+0	1.168893E+0	74.000000E+0	2.346183E+6	2.346183E+6	647.844099E+3	647.844099E+3	999.568000E-3	
2.202008E+3	283.006706E+0	283.350000E+0	968.357168E-3	78.000000E+0	2.211787E+6	2.211787E+6	573.448352E+3	573.448352E+3	999.949000E-3	
2.207476E+3	283.098594E+0	283.450000E+0	785.313605E-3	74.000000E+0	2.108226E+6	2.108226E+6	578.105367E+3	578.105367E+3	1.000016E+0	
2.212944E+3	283.189733E+0	283.450000E+0	802.051837E-3	74.000000E+0	2.268000E+6	2.268000E+6	612.331066E+3	612.331066E+3	1.000188E+0	
2.218402E+3	283.280855E+0	283.560000E+0	982.958200E-3	81.000000E+0	2.193723E+6	2.193723E+6	651.900899E+3	651.900899E+3	1.000557E+0	
2.223875E+3	283.371827E+0	283.670000E+0	963.572828E-3	73.000000E+0	2.270410E+6	2.270410E+6	638.990440E+3	638.990440E+3	999.866000E-3	
2.229369E+3	283.463049E+0	283.780000E+0	763.859607E-3	75.000000E+0	2.285739E+6	2.285739E+6	625.593728E+3	625.593728E+3	999.988000E-3	
2.234834E+3	283.554604E+0	283.780000E+0	785.585038E-3	78.000000E+0	2.105863E+6	2.105863E+6	560.090980E+3	560.090980E+3	999.927000E-3	
2.240297E+3	283.645692E+0	283.890000E+0	1.005085E+0	75.000000E+0	2.197834E+6	2.197834E+6	625.667721E+3	625.667721E+3	1.000630E+0	
2.245769E+3	283.736748E+0	283.990000E+0	1.004683E+0	77.000000E+0	2.214164E+6	2.214164E+6	585.347118E+3	585.347118E+3	1.000182E+0	
2.251243E+3	283.827953E+0	284.100000E+0	801.630548E-3	77.000000E+0	2.235655E+6	2.235655E+6	616.463974E+3	616.463974E+3	1.000031E+0	
2.256710E+3	283.919175E+0	284.210000E+0	783.161030E-3	79.000000E+0	2.131264E+6	2.131264E+6	568.997932E+3	568.997932E+3	999.840000E-3	
2.262177E+3	284.010297E+0	284.210000E+0	965.698604E-3	76.000000E+0	2.309163E+6	2.309163E+6	637.258456E+3	637.258456E+3	1.000214E+0	
2.267644E+3	284.101419E+0	284.320000E+0	1.165887E+0	78.000000E+0	2.139688E+6	2.139688E+6	563.520916E+3	563.520916E+3	999.983000E-3	
2.273102E+3	284.192524E+0	284.430000E+0	982.966825E-3	78.000000E+0	2.310375E+6	2.310375E+6	640.387948E+3	640.387948E+3	999.907000E-3	
2.278566E+3	284.283496E+0	284.530000E+0	799.919351E-3	76.000000E+0	2.243399E+6	2.243399E+6	590.752664E+3	590.752664E+3	999.995000E-3	
2.284039E+3	284.374567E+0	284.640000E+0	801.566237E-3	76.000000E+0	2.255126E+6	2.255126E+6	597.069176E+3	597.069176E+3	999.517000E-3	
2.289502E+3	284.465773E+0	284.750000E+0	984.661014E-3	77.000000E+0	2.230335E+6	2.230335E+6	628.093996E+3	628.093996E+3	1.000372E+0	
2.294970E+3	284.556828E+0	284.840000E+0	1.166803E+0	76.000000E+0	2.155260E+6	2.155260E+6	555.807967E+3	555.807967E+3	1.000450E+0	
2.300482E+3	284.647966E+0	284.840000E+0	1.167576E+0	76.000000E+0	2.157877E+6	2.157877E+6	551.181357E+3	551.181357E+3	1.000068E+0	
2.305956E+3	284.739822E+0	284.950000E+0	1.151962E+0	79.000000E+0	2.184687E+6	2.184687E+6	562.297392E+3	562.297392E+3	1.000106E+0	
2.311420E+3	284.831060E+0	285.060000E+0	934.884647E-3	76.000000E+0	2.192544E+6	2.192544E+6	632.882794E+3	632.882794E+3	1.000063E+0	
2.316882E+3	284.922132E+0	285.170000E+0	732.860922E-3	78.000000E+0	2.162588E+6	2.162588E+6	563.972656E+3	563.972656E+3	999.678000E-3	
2.322343E+3	285.013154E+0	285.270000E+0	766.696644E-3	76.000000E+0	2.249477E+6	2.249477E+6	634.925867E+3	634.925867E+3	999.825000E-3	
2.327844E+3	285.104176E+0	285.380000E+0	1.003355E+0	74.000000E+0	2.169158E+6	2.169158E+6	562.009719E+3	562.009719E+3	999.895000E-3	
2.333311E+3	285.195864E+0	285.490000E+0	1.185593E+0	81.000000E+0	2.095530E+6	2.095530E+6	580.946543E+3	580.946543E+3	1.000008E+0	
2.338815E+3	285.286986E+0	285.600000E+0	1.167685E+0	74.000000E+0	2.226496E+6	2.226496E+6	574.561325E+3	574.561325E+3	999.875000E-3	
2.344285E+3	285.378708E+0	285.600000E+0	1.167465E+0	76.000000E+0	2.104829E+6	2.104829E+6	557.382381E+3	557.382381E+3	999.899000E-3	
2.349784E+3	285.469880E+0	285.710000E+0	1.186000E+0	72.000000E+0	2.275836E+6	2.275836E+6	607.325761E+3	607.325761E+3	999.866000E-3	
2.355277E+3	285.561535E+0	285.820000E+0	1.003885E+0	77.000000E+0	2.265644E+6	2.265644E+6	614.308365E+3	614.308365E+3	1.000259E+0	
2.360772E+3	285.653074E+0	285.930000E+0	803.203627E-3	74.000000E+0	2.266755E+6	2.266755E+6	625.624377E+3	625.624377E+3	1.000183E+0	
2.366258E+3	285.744662E+0	286.040000E+0	802.837348E-3	74.000000E+0	2.056011E+6	2.056011E+6	554.897124E+3	554.897124E+3	1.000270E+0	
2.371749E+3	285.836101E+0	286.150000E+0	1.003116E+0	83.000000E+0	2.146301E+6	2.146301E+6	619.734103E+3	619.734103E+3	1.000112E+0	
2.377266E+3	285.927606E+0	286.150000E+0	1.203579E+0	79.000000E+0	2.087066E+6	2.087066E+6	563.844501E+3	563.844501E+3	1.000456E+0	
2.382729E+3	286.019562E+0	286.260000E+0	1.203469E+0	75.000000E+0	2.303730E+6	2.303730E+6	650.491867E+3	650.491867E+3	999.957000E-3	
2.388182E+3	286.110617E+0	286.360000E+0	1.001950E+0	82.000000E+0	2.324330E+6	2.324330E+6	643.730958E+3	643.730958E+3	999.392000E-3	
2.393659E+3	286.201489E+0	286.470000E+0	800.359074E-3	81.000000E+0	2.234304E+6	2.234304E+6	630.872333E+3	630.872333E+3	1.000186E+0	
2.399164E+3	286.292777E+0	286.470000E+0	782.090348E-3	80.000000E+0	2.239004E+6	2.239004E+6	587.617063E+3	587.617063E+3	999.357000E-3	
2.404619E+3	286.384532E+0	286.580000E+0	965.375004E-3	79.000000E+0	2.091819E+6	2.091819E+6	557.600669E+3	557.600669E+3	999.994000E-3	
2.410091E+3	286.475438E+0	286.690000E+0	966.284539E-3	81.000000E+0	2.203828E+6	2.203828E+6	579.938925E+3	579.938925E+3	999.524000E-3	
2.415565E+3	286.566643E+0	286.800000E+0	784.310932E-3	75.000000E+0	2.269108E+6	2.269108E+6	598.689466E+3	598.689466E+3	999.905000E-3	
2.421020E+3	286.657881E+0	286.910000E+0	802.691101E-3	81.000000E+0	2.159756E+6	2.159756E+6	566.795888E+3	566.795888E+3	1.000032E+0	
2.426524E+3	286.748803E+0	287.020000E+0	1.002206E+0	80.000000E+0	2.108425E+6	2.108425E+6	585.716847E+3	585.716847E+3	999.731000E-3	
2.431994E+3	286.840525E+0	287.020000E+0	1.201754E+0	81.000000E+0	2.173956E+6	2.173956E+6	631.327305E+3	631.327305E+3	1.000085E+0	
2.437453E+3	286.931697E+0	287.130000E+0	1.200841E+0	86.000000E+0	2.196202E+6	2.196202E+6	562.646620E+3	562.646620E+3	999.843000E-3	
2.442948E+3	287.022686E+0	287.240000E+0	1.001071E+0	81.000000E+0	2.224003E+6	2.224003E+6	593.610042E+3	593.610042E+3	1.000112E+0	
2.448450E+3	287.114257E+0	287.350000E+0	800.518610E-3	77.000000E+0	2.094355E+6	2.094355E+6	569.702999E+3	569.702999E+3	999.929000E-3	
2.453923E+3	287.205963E+0	287.460000E+0	799.863862E-3	85.000000E+0	2.102710E+6	2.102710E+6	552.193471E+3	552.193471E+3	1.000322E+0	
2.459383E+3	287.297185E+0	287.460000E+0	1.001021E+0	78.000000E+0	2.340518E+6	2.340518E+6	669.262391E+3	669.262391E+3	999.214000E-3	
2.464845E+3	287.388173E+0	287.570000E+0	1.202670E+0	82.000000E+0	2.295393E+6	2.295393E+6	606.487691E+3	606.487691E+3	999.506000E-3	
2.470320E+3	287.479212E+0	287.680000E+0	1.003812E+0	81.000000E+0	2.230491E+6	2.230491E+6	577.191808E+3	577.191808E+3	999.840000E-3	
2.475782E+3	287.570467E+0	287.790000E+0	803.295275E-3	82.000000E+0	2.130049E+6	2.130049E+6	603.657134E+3	603.657134E+3	1.000335E+0	
2.481248E+3	287.661489E+0	287.900000E+0	802.454152E-3	83.000000E+0	2.166155E+6	2.166155E+6	625.037902E+3	625.037902E+3	1.000157E+0	
2.486733E+3	287.752594E+0	288.010000E+0	1.000840E+0	81.000000E+0	2.333666E+6	2.333666E+6	640.372403E+3	640.372403E+3	999.509000E-3	
2.492187E+3	287.844016E+0	288.010000E+0	1.199607E+0	85.000000E+0	2.298775E+6	2.298775E+6	636.483784E+3	636.483784E+3	1.000128E+0	
2.497640E+3	287.934904E+0	288.120000E+0	1.199972E+0	80.000000E+0	2.190942E+6	2.190942E+6	618.687024E+3	618.687024E+3	1.000209E+0	
2.503137E+3	288.025793E+0	288.230000E+0	1.000873E+0	81.000000E+0	2.107439E+6	2.107439E+6	579.581384E+3	579.581384E+3	999.811000E-3	
2.508601E+3	288.117415E+0	288.340000E+0	800.866999E-3	84.000000E+0	2.210865E+6	2.210865E+6	647.203060E+3	647.203060E+3	999.930000E-3	
2.514066E+3	288.208487E+0	288.450000E+0	798.866191E-3	83.000000E+0	2.350663E+6	2.350663E+6	632.495415E+3	632.495415E+3	999.643000E-3	
2.519549E+3	288.299559E+0	288.450000E+0	996.917172E-3	83.000000E+0	2.145827E+6	2.145827E+6	610.471704E+3	610.471704E+3	999.891000E-3	
2.525034E+3	288.390947E+0	288.560000E+0	1.195261E+0	86.000000E+0	2.252632E+6	2.252632E+6	640.430396E+3	640.430396E+3	1.000191E+0	
2.530503E+3	288.482369E+0	288.670000E+0	995.490549E-3	80.000000E+0	2.289164E+6	2.289164E+6	645.394722E+3	645.394722E+3	1.000113E+0	
2.535971E+3	288.573508E+0	288.780000E+0	797.039735E-3	86.000000E+0	2.357486E+6	2.357486E+6	676.837837E+3	676.837837E+3	999.904000E-3	
2.541467E+3	288.664646E+0	288.890000E+0	799.940802E-3	88.000000E+0	2.186588E+6	2.186588E+6	620.790032E+3	620.790032E+3	999.424000E-3	
2.546952E+3	288.756251E+0	288.890000E+0	1.001895E+0	79.000000E+0	2.304682E+6	2.304682E+6	647.519594E+3	647.519594E+3	999.771000E-3	
2.552419E+3	288.847657E+0	289.020000E+0	1.202592E+0	78.000000E+0	2.274651E+6	2.274651E+6	631.184752E+3	631.184752E+3	1.000096E+0	
2.557894E+3	288.938779E+0	289.130000E+0	1.001729E+0	82.000000E+0	2.202434E+6	2.202434E+6	643.293905E+3	643.293905E+3	999.883000E-3	
2.563366E+3	289.030034E+0	289.240000E+0	837.255938E-3	80.000000E+0	2.119064E+6	2.119064E+6	603.241898E+3	603.241898E+3	1.000410E+0	
2.568834E+3	289.121222E+0	289.350000E+0	874.217887E-3	83.000000E+0	2.107364E+6	2.107364E+6	575.725516E+3	575.725516E+3	999.923000E-3	
2.574304E+3	289.212361E+0	289.460000E+0	1.074789E+0	90.000000E+0	2.211503E+6	2.211503E+6	651.058324E+3	651.058324E+3	999.887000E-3	
2.579772E+3	289.303533E+0	289.570000E+0	1.237695E+0	82.000000E+0	2.268548E+6	2.268548E+6	641.208504E+3	641.208504E+3	999.772000E-3	
2.585239E+3	289.394655E+0	289.570000E+0	1.200078E+0	84.000000E+0	2.308433E+6	2.308433E+6	621.769893E+3	621.769893E+3	999.990000E-3	
2.590703E+3	289.485776E+0	289.680000E+0	1.199604E+0	80.000000E+0	2.206192E+6	2.206192E+6	573.127068E+3	573.127068E+3	1.000067E+0	
2.596163E+3	289.576848E+0	289.790000E+0	1.000253E+0	86.000000E+0	2.288903E+6	2.288903E+6	662.722841E+3	662.722841E+3	1.000182E+0	
2.601630E+3	289.667854E+0	289.910000E+0	800.846551E-3	83.000000E+0	2.271765E+6	2.271765E+6	633.036526E+3	633.036526E+3	1.000122E+0	
2.607098E+3	289.758959E+0	290.020000E+0	801.137864E-3	83.000000E+0	2.227264E+6	2.227264E+6	574.738765E+3	574.738765E+3	999.663000E-3	
2.612568E+3	289.850097E+0	290.130000E+0	1.020028E+0	82.000000E+0	2.250693E+6	2.250693E+6	595.881890E+3	595.881890E+3	1.000433E+0	
2.618028E+3	289.941269E+0	290.240000E+0	1.238940E+0	83.000000E+0	2.254146E+6	2.254146E+6	654.035349E+3	654.035349E+3	999.894000E-3	
2.623491E+3	290.032258E+0	290.350000E+0	1.238977E+0	81.000000E+0	2.203808E+6	2.203808E+6	576.104683E+3	576.104683E+3	999.978000E-3	
2.628960E+3	290.123313E+0	290.460000E+0	1.219221E+0	89.000000E+0	2.180011E+6	2.180011E+6	588.085942E+3	588.085942E+3	999.426000E-3	
2.634423E+3	290.214468E+0	290.460000E+0	1.199497E+0	89.000000E+0	2.335968E+6	2.335968E+6	649.978969E+3	649.978969E+3	999.654000E-3	
2.639891E+3	290.305507E+0	290.570000E+0	1.198842E+0	83.000000E+0	2.263254E+6	2.263254E+6	597.879755E+3	597.879755E+3	1.000200E+0	
2.645355E+3	290.396645E+0	290.680000E+0	999.343344E-3	83.000000E+0	2.221991E+6	2.221991E+6	631.925556E+3	631.925556E+3	999.896000E-3	
2.650850E+3	290.487717E+0	290.800000E+0	799.699819E-3	81.000000E+0	2.201323E+6	2.201323E+6	598.886809E+3	598.886809E+3	999.621000E-3	
2.656318E+3	290.579289E+0	290.910000E+0	799.954265E-3	81.000000E+0	2.151429E+6	2.151429E+6	621.611501E+3	621.611501E+3	999.683000E-3	
2.661794E+3	290.670428E+0	291.020000E+0	1.019056E+0	88.000000E+0	2.117072E+6	2.117072E+6	564.395911E+3	564.395911E+3	1.000380E+0	
2.667264E+3	290.761699E+0	291.130000E+0	1.238730E+0	86.000000E+0	2.272871E+6	2.272871E+6	656.306102E+3	656.306102E+3	1.000177E+0	
2.672726E+3	290.852855E+0	291.240000E+0	1.240007E+0	85.000000E+0	2.128275E+6	2.128275E+6	574.328120E+3	574.328120E+3	1.000183E+0	
2.678191E+3	290.943893E+0	291.240000E+0	1.222262E+0	86.000000E+0	2.193449E+6	2.193449E+6	638.326025E+3	638.326025E+3	1.000432E+0	
2.683661E+3	291.034982E+0	291.350000E+0	1.204238E+0	86.000000E+0	2.312086E+6	2.312086E+6	654.939327E+3	654.939327E+3	1.000324E+0	
2.689131E+3	291.126154E+0	291.460000E+0	1.003702E+0	84.000000E+0	2.307334E+6	2.307334E+6	622.297204E+3	622.297204E+3	1.000091E+0	
2.694593E+3	291.217309E+0	291.580000E+0	803.166912E-3	83.000000E+0	2.205295E+6	2.205295E+6	640.377109E+3	640.377109E+3	999.991000E-3	
2.700056E+3	291.308347E+0	291.690000E+0	802.873896E-3	86.000000E+0	2.212156E+6	2.212156E+6	576.410795E+3	576.410795E+3	1.000005E+0	
2.705515E+3	291.399403E+0	291.800000E+0	1.021537E+0	82.000000E+0	2.335309E+6	2.335309E+6	664.683763E+3	664.683763E+3	999.886000E-3	
2.710984E+3	291.490374E+0	291.800000E+0	1.240314E+0	82.000000E+0	2.309442E+6	2.309442E+6	653.113815E+3	653.113815E+3	1.000150E+0	
2.716450E+3	291.581530E+0	291.910000E+0	1.240387E+0	83.000000E+0	2.202927E+6	2.202927E+6	573.495661E+3	573.495661E+3	1.000173E+0	
2.721960E+3	291.672635E+0	292.020000E+0	1.021505E+0	85.000000E+0	2.158589E+6	2.158589E+6	624.847818E+3	624.847818E+3	999.988000E-3	
2.727444E+3	291.764457E+0	292.140000E+0	802.416355E-3	82.000000E+0	2.309457E+6	2.309457E+6	618.042023E+3	618.042023E+3	1.000226E+0	
2.732912E+3	291.855862E+0	292.140000E+0	801.612441E-3	88.000000E+0	2.139669E+6	2.139669E+6	571.045424E+3	571.045424E+3	1.000017E+0	
2.738380E+3	291.947001E+0	292.250000E+0	1.019046E+0	86.000000E+0	2.125043E+6	2.125043E+6	600.778810E+3	600.778810E+3	1.000024E+0	
2.743841E+3	292.038122E+0	292.360000E+0	1.036735E+0	90.000000E+0	2.414235E+6	2.414235E+6	648.749698E+3	648.749698E+3	999.252000E-3	
2.749302E+3	292.129144E+0	292.470000E+0	836.072931E-3	84.000000E+0	2.353268E+6	2.353268E+6	672.446626E+3	672.446626E+3	999.739000E-3	
2.754770E+3	292.220166E+0	292.590000E+0	818.444532E-3	83.000000E+0	2.215819E+6	2.215819E+6	575.107976E+3	575.107976E+3	1.000420E+0	
2.760258E+3	292.311288E+0	292.590000E+0	1.001712E+0	85.000000E+0	2.179861E+6	2.179861E+6	562.738492E+3	562.738492E+3	999.706000E-3	
2.765739E+3	292.402760E+0	292.700000E+0	1.220925E+0	89.000000E+0	2.367928E+6	2.367928E+6	648.313875E+3	648.313875E+3	999.905000E-3	
2.771233E+3	292.494115E+0	292.830000E+0	1.039234E+0	89.000000E+0	2.310884E+6	2.310884E+6	642.300672E+3	642.300672E+3	1.000220E+0	
2.776741E+3	292.585670E+0	292.940000E+0	838.606715E-3	83.000000E+0	2.223287E+6	2.223287E+6	574.166907E+3	574.166907E+3	1.000101E+0	
2.782223E+3	292.677476E+0	292.940000E+0	857.667308E-3	85.000000E+0	2.363718E+6	2.363718E+6	655.892920E+3	655.892920E+3	999.971000E-3	
2.787686E+3	292.768848E+0	293.050000E+0	1.076673E+0	86.000000E+0	2.190456E+6	2.190456E+6	577.663023E+3	577.663023E+3	1.000009E+0	
2.793160E+3	292.859903E+0	293.170000E+0	1.076343E+0	82.000000E+0	2.154536E+6	2.154536E+6	607.566619E+3	607.566619E+3	1.000157E+0	
2.798625E+3	292.951125E+0	293.280000E+0	838.142579E-3	86.000000E+0	2.351831E+6	2.351831E+6	630.462704E+3	630.462704E+3	999.787000E-3	
2.804093E+3	293.042213E+0	293.390000E+0	818.229137E-3	87.000000E+0	2.155190E+6	2.155190E+6	611.790379E+3	611.790379E+3	999.965000E-3	
2.809561E+3	293.133352E+0	293.500000E+0	1.036097E+0	92.000000E+0	2.338260E+6	2.338260E+6	669.469968E+3	669.469968E+3	1.000097E+0	
2.815029E+3	293.224474E+0	293.500000E+0	1.236649E+0	82.000000E+0	2.231240E+6	2.231240E+6	574.650857E+3	574.650857E+3	1.000131E+0	
2.820526E+3	293.315612E+0	293.620000E+0	1.220235E+0	89.000000E+0	2.401720E+6	2.401720E+6	648.587421E+3	648.587421E+3	999.740000E-3	
2.826024E+3	293.407234E+0	293.730000E+0	1.002642E+0	89.000000E+0	2.337378E+6	2.337378E+6	679.231830E+3	679.231830E+3	999.860000E-3	
2.831495E+3	293.498856E+0	293.840000E+0	820.248406E-3	87.000000E+0	2.368201E+6	2.368201E+6	655.884512E+3	655.884512E+3	999.878000E-3	
2.836958E+3	293.590045E+0	293.840000E+0	836.132294E-3	88.000000E+0	2.269685E+6	2.269685E+6	669.159462E+3	669.159462E+3	1.000182E+0	
2.842424E+3	293.681100E+0	293.960000E+0	1.033761E+0	86.000000E+0	2.355378E+6	2.355378E+6	615.282228E+3	615.282228E+3	999.811000E-3	
2.847890E+3	293.772188E+0	294.070000E+0	1.014859E+0	88.000000E+0	2.290862E+6	2.290862E+6	652.557729E+3	652.557729E+3	1.000007E+0	
2.853383E+3	293.863294E+0	294.070000E+0	816.019054E-3	89.000000E+0	2.378194E+6	2.378194E+6	654.868709E+3	654.868709E+3	999.888000E-3	
2.858884E+3	293.954849E+0	294.180000E+0	836.440637E-3	91.000000E+0	2.207204E+6	2.207204E+6	646.598557E+3	646.598557E+3	1.000283E+0	
2.864352E+3	294.046521E+0	294.300000E+0	836.856483E-3	85.000000E+0	2.405997E+6	2.405997E+6	688.674432E+3	688.674432E+3	999.740000E-3	
2.869816E+3	294.137659E+0	294.410000E+0	817.496485E-3	88.000000E+0	2.138240E+6	2.138240E+6	584.543841E+3	584.543841E+3	1.000076E+0	
2.875282E+3	294.228731E+0	294.410000E+0	816.052448E-3	89.000000E+0	2.323609E+6	2.323609E+6	643.019258E+3	643.019258E+3	1.000244E+0	
2.880753E+3	294.319836E+0	294.520000E+0	1.035863E+0	91.000000E+0	2.182644E+6	2.182644E+6	586.128089E+3	586.128089E+3	999.913000E-3	
2.886243E+3	294.411008E+0	294.640000E+0	1.037552E+0	94.000000E+0	2.189644E+6	2.189644E+6	641.827555E+3	641.827555E+3	1.000317E+0	
2.891720E+3	294.502513E+0	294.750000E+0	820.799773E-3	91.000000E+0	2.158409E+6	2.158409E+6	582.687866E+3	582.687866E+3	999.840000E-3	
2.897211E+3	294.593802E+0	294.860000E+0	820.952847E-3	89.000000E+0	2.389709E+6	2.389709E+6	655.508809E+3	655.508809E+3	999.687000E-3	
2.902688E+3	294.685307E+0	294.860000E+0	1.038450E+0	91.000000E+0	2.350031E+6	2.350031E+6	678.779370E+3	678.779370E+3	1.000173E+0	
2.908157E+3	294.776596E+0	294.990000E+0	1.236550E+0	85.000000E+0	2.276402E+6	2.276402E+6	591.457778E+3	591.457778E+3	999.864000E-3	
2.913620E+3	294.867751E+0	295.110000E+0	1.016496E+0	86.000000E+0	2.304072E+6	2.304072E+6	667.984053E+3	667.984053E+3	999.829000E-3	
2.919107E+3	294.958790E+0	295.220000E+0	834.268510E-3	89.000000E+0	2.187547E+6	2.187547E+6	576.786222E+3	576.786222E+3	1.000256E+0	
2.924568E+3	295.050245E+0	295.220000E+0	890.368898E-3	89.000000E+0	2.299805E+6	2.299805E+6	606.333640E+3	606.333640E+3	1.000185E+0	
2.930037E+3	295.141267E+0	295.340000E+0	1.109202E+0	84.000000E+0	2.134129E+6	2.134129E+6	614.148689E+3	614.148689E+3	1.000117E+0	
2.935501E+3	295.232405E+0	295.560000E+0	1.072947E+0	86.000000E+0	2.175454E+6	2.175454E+6	576.797137E+3	576.797137E+3	999.882000E-3	
2.940964E+3	295.323477E+0	295.560000E+0	836.407152E-3	85.000000E+0	2.320648E+6	2.320648E+6	660.789364E+3	660.789364E+3	1.000153E+0	
2.946468E+3	295.414532E+0	295.680000E+0	1.035494E+0	85.000000E+0	2.169031E+6	2.169031E+6	609.404491E+3	609.404491E+3	999.815000E-3	
2.951930E+3	295.506254E+0	295.790000E+0	1.235246E+0	85.000000E+0	2.184287E+6	2.184287E+6	587.190272E+3	587.190272E+3	999.661000E-3	
2.957391E+3	295.597293E+0	295.910000E+0	1.234751E+0	85.000000E+0	2.196770E+6	2.196770E+6	593.497891E+3	593.497891E+3	999.882000E-3	
2.962854E+3	295.688315E+0	296.020000E+0	1.035056E+0	86.000000E+0	2.275371E+6	2.275371E+6	600.334357E+3	600.334357E+3	1.000367E+0	
2.968321E+3	295.779370E+0	296.130000E+0	1.055197E+0	84.000000E+0	2.148935E+6	2.148935E+6	593.006467E+3	593.006467E+3	1.000179E+0	
2.973796E+3	295.870475E+0	296.250000E+0	1.257146E+0	83.000000E+0	2.189336E+6	2.189336E+6	619.866673E+3	619.866673E+3	1.000023E+0	
2.979277E+3	295.961730E+0	296.360000E+0	1.240842E+0	83.000000E+0	2.344376E+6	2.344376E+6	630.257174E+3	630.257174E+3	1.000017E+0	
2.984747E+3	296.053085E+0	296.360000E+0	1.240727E+0	84.000000E+0	2.230614E+6	2.230614E+6	633.021730E+3	633.021730E+3	999.806000E-3	
2.990209E+3	296.144241E+0	296.480000E+0	1.239886E+0	85.000000E+0	2.272512E+6	2.272512E+6	660.915269E+3	660.915269E+3	999.860000E-3	
2.995675E+3	296.235279E+0	296.720000E+0	1.038838E+0	77.000000E+0	2.187713E+6	2.187713E+6	589.651023E+3	589.651023E+3	999.894000E-3	
3.001143E+3	296.326384E+0	296.720000E+0	838.232911E-3	80.000000E+0	2.297055E+6	2.297055E+6	599.847256E+3	599.847256E+3	1.000069E+0	
3.006636E+3	296.417506E+0	296.840000E+0	1.076068E+0	81.000000E+0	2.138107E+6	2.138107E+6	590.504178E+3	590.504178E+3	1.000399E+0	
3.012138E+3	296.509062E+0	296.950000E+0	1.312776E+0	81.000000E+0	2.180580E+6	2.180580E+6	590.962516E+3	590.962516E+3	999.992000E-3	
3.017608E+3	296.600767E+0	297.070000E+0	1.312477E+0	85.000000E+0	2.282037E+6	2.282037E+6	648.470983E+3	648.470983E+3	999.966000E-3	
3.023102E+3	296.691922E+0	297.180000E+0	1.075100E+0	81.000000E+0	2.383879E+6	2.383879E+6	649.741328E+3	649.741328E+3	999.918000E-3	
3.028589E+3	296.783494E+0	297.180000E+0	1.056352E+0	82.000000E+0	2.248357E+6	2.248357E+6	645.221390E+3	645.221390E+3	999.822000E-3	
3.034050E+3	296.874949E+0	297.300000E+0	1.256417E+0	81.000000E+0	2.343709E+6	2.343709E+6	704.815153E+3	704.815153E+3	999.756000E-3	
3.039524E+3	296.965954E+0	297.410000E+0	1.037704E+0	84.000000E+0	2.418610E+6	2.418610E+6	663.549300E+3	663.549300E+3	1.000071E+0	
3.044989E+3	297.057193E+0	297.410000E+0	838.103611E-3	89.000000E+0	2.442552E+6	2.442552E+6	682.786044E+3	682.786044E+3	999.712000E-3	
3.050460E+3	297.148281E+0	297.530000E+0	838.790742E-3	89.000000E+0	2.272196E+6	2.272196E+6	591.624838E+3	591.624838E+3	1.000425E+0	
3.055939E+3	297.239470E+0	297.640000E+0	838.644474E-3	81.000000E+0	2.274100E+6	2.274100E+6	588.699448E+3	588.699448E+3	1.000354E+0	
3.061408E+3	297.330775E+0	297.640000E+0	838.684368E-3	87.000000E+0	2.188086E+6	2.188086E+6	597.851686E+3	597.851686E+3	999.671000E-3	
3.066876E+3	297.421930E+0	297.760000E+0	838.569687E-3	86.000000E+0	2.466605E+6	2.466605E+6	672.189327E+3	672.189327E+3	999.789000E-3	
3.072335E+3	297.513069E+0	297.760000E+0	838.095781E-3	90.000000E+0	2.399227E+6	2.399227E+6	644.292226E+3	644.292226E+3	999.998000E-3	
3.077814E+3	297.604041E+0	297.870000E+0	837.340184E-3	86.000000E+0	2.388535E+6	2.388535E+6	648.625672E+3	648.625672E+3	1.000199E+0	
3.083322E+3	297.695363E+0	297.990000E+0	635.850347E-3	89.000000E+0	2.327169E+6	2.327169E+6	665.084111E+3	665.084111E+3	1.000194E+0	
3.088781E+3	297.787168E+0	297.990000E+0	635.252067E-3	83.000000E+0	2.408473E+6	2.408473E+6	671.690317E+3	671.690317E+3	999.685000E-3	
3.094246E+3	297.878140E+0	298.100000E+0	834.656619E-3	89.000000E+0	2.225011E+6	2.225011E+6	632.586744E+3	632.586744E+3	1.000365E+0	
3.099706E+3	297.969228E+0	298.240000E+0	834.795039E-3	89.000000E+0	2.176637E+6	2.176637E+6	610.165248E+3	610.165248E+3	999.751000E-3	
3.105167E+3	298.060234E+0	298.350000E+0	834.632488E-3	86.000000E+0	2.203326E+6	2.203326E+6	609.840654E+3	609.840654E+3	999.715000E-3	
3.110627E+3	298.151239E+0	298.350000E+0	869.374976E-3	83.000000E+0	2.168240E+6	2.168240E+6	598.841092E+3	598.841092E+3	1.000014E+0	
3.116091E+3	298.242244E+0	298.470000E+0	1.105240E+0	86.000000E+0	2.196378E+6	2.196378E+6	598.537292E+3	598.537292E+3	1.000055E+0	
3.121561E+3	298.333316E+0	298.580000E+0	1.106292E+0	85.000000E+0	2.405964E+6	2.405964E+6	660.791696E+3	660.791696E+3	1.000135E+0	
3.127031E+3	298.424471E+0	298.700000E+0	872.741327E-3	87.000000E+0	2.168847E+6	2.168847E+6	605.725688E+3	605.725688E+3	1.000012E+0	
3.132492E+3	298.515643E+0	298.810000E+0	837.845855E-3	88.000000E+0	2.143732E+6	2.143732E+6	571.621853E+3	571.621853E+3	1.000587E+0	
3.137946E+3	298.606665E+0	298.810000E+0	1.056277E+0	85.000000E+0	2.201927E+6	2.201927E+6	599.460554E+3	599.460554E+3	1.000049E+0	
3.143413E+3	298.697570E+0	298.930000E+0	1.256149E+0	88.000000E+0	2.438428E+6	2.438428E+6	693.020902E+3	693.020902E+3	999.780000E-3	
3.148879E+3	298.788675E+0	299.050000E+0	1.037165E+0	88.000000E+0	2.204785E+6	2.204785E+6	570.572417E+3	570.572417E+3	1.000289E+0	
3.154348E+3	298.879780E+0	299.160000E+0	836.803936E-3	90.000000E+0	2.274100E+6	2.274100E+6	663.714097E+3	663.714097E+3	999.990000E-3	
3.159815E+3	298.970936E+0	299.160000E+0	856.036949E-3	87.000000E+0	2.282004E+6	2.282004E+6	603.917987E+3	603.917987E+3	999.472000E-3	
3.165304E+3	299.062041E+0	299.280000E+0	1.075977E+0	91.000000E+0	2.346216E+6	2.346216E+6	678.703161E+3	678.703161E+3	999.934000E-3	
3.170765E+3	299.153529E+0	299.390000E+0	1.058510E+0	92.000000E+0	2.200026E+6	2.200026E+6	619.308107E+3	619.308107E+3	1.000022E+0	
3.176231E+3	299.244551E+0	299.530000E+0	839.784525E-3	86.000000E+0	2.469954E+6	2.469954E+6	674.745478E+3	674.745478E+3	999.541000E-3	
3.181690E+3	299.335640E+0	299.530000E+0	839.516435E-3	89.000000E+0	2.401950E+6	2.401950E+6	654.759846E+3	654.759846E+3	1.000172E+0	
3.187145E+3	299.426628E+0	299.640000E+0	1.094419E+0	95.000000E+0	2.263830E+6	2.263830E+6	604.460971E+3	604.460971E+3	999.979000E-3	
3.192611E+3	299.517550E+0	299.760000E+0	1.130670E+0	91.000000E+0	2.331827E+6	2.331827E+6	604.701931E+3	604.701931E+3	999.794000E-3	
3.198077E+3	299.608639E+0	299.880000E+0	911.837553E-3	96.000000E+0	2.399007E+6	2.399007E+6	690.371188E+3	690.371188E+3	999.834000E-3	
3.203577E+3	299.699744E+0	299.880000E+0	875.755864E-3	89.000000E+0	2.410834E+6	2.410834E+6	660.298763E+3	660.298763E+3	999.797000E-3	
3.209048E+3	299.791416E+0	299.990000E+0	1.055769E+0	87.000000E+0	2.333801E+6	2.333801E+6	685.443762E+3	685.443762E+3	999.497000E-3	
3.214549E+3	299.882588E+0	300.110000E+0	1.072707E+0	92.000000E+0	2.259324E+6	2.259324E+6	652.031896E+3	652.031896E+3	1.000180E+0	
3.220004E+3	300.000000E+0	300.220000E+0	853.812772E-3	91.000000E+0	2.361375E+6	2.361375E+6	636.023943E+3	636.023943E+3	1.000066E+0	
3.225405E+3	300.000000E+0	300.220000E+0	838.493592E-3	98.000000E+0	2.405940E+6	2.405940E+6	671.170824E+3	671.170824E+3	1.000125E+0	
3.230805E+3	300.000000E+0	300.340000E+0	1.040350E+0	95.000000E+0	2.308901E+6	2.308901E+6	606.403657E+3	606.403657E+3	1.000193E+0	
3.236303E+3	300.000000E+0	300.460000E+0	1.039929E+0	93.000000E+0	2.313968E+6	2.313968E+6	593.922281E+3	593.922281E+3	999.796000E-3	
3.241769E+3	300.000000E+0	300.460000E+0	838.425642E-3	89.000000E+0	2.477399E+6	2.477399E+6	699.176791E+3	699.176791E+3	999.135000E-3	
3.247239E+3	300.000000E+0	300.570000E+0	855.630444E-3	90.000000E+0	2.241765E+6	2.241765E+6	582.011347E+3	582.011347E+3	999.648000E-3	
3.252698E+3	300.000000E+0	300.690000E+0	873.829394E-3	89.000000E+0	2.378942E+6	2.378942E+6	619.756289E+3	619.756289E+3	999.560000E-3	
3.258163E+3	300.000000E+0	300.830000E+0	855.640374E-3	83.000000E+0	2.318814E+6	2.318814E+6	682.775447E+3	682.775447E+3	1.000313E+0	
3.263626E+3	300.000000E+0	300.940000E+0	837.481154E-3	81.000000E+0	2.198624E+6	2.198624E+6	602.517258E+3	602.517258E+3	1.000066E+0	
3.269090E+3	300.000000E+0	301.060000E+0	1.092781E+0	79.000000E+0	2.422134E+6	2.422134E+6	659.275678E+3	659.275678E+3	999.857000E-3	
3.274569E+3	300.000000E+0	301.060000E+0	1.347251E+0	75.000000E+0	2.413138E+6	2.413138E+6	688.652380E+3	688.652380E+3	999.908000E-3	
3.280038E+3	300.000000E+0	301.180000E+0	1.345657E+0	74.000000E+0	2.190927E+6	2.190927E+6	609.303727E+3	609.303727E+3	1.000005E+0	
3.285520E+3	300.000000E+0	301.290000E+0	1.089504E+0	71.000000E+0	2.193021E+6	2.193021E+6	585.336359E+3	585.336359E+3	1.000149E+0	
3.290978E+3	300.000000E+0	301.410000E+0	853.024800E-3	71.000000E+0	2.245503E+6	2.245503E+6	622.405549E+3	622.405549E+3	1.000304E+0	
3.296431E+3	300.000000E+0	301.530000E+0	854.047924E-3	70.000000E+0	2.364252E+6	2.364252E+6	687.671978E+3	687.671978E+3	1.000126E+0	
3.301904E+3	300.000000E+0	301.530000E+0	1.053997E+0	70.000000E+0	2.399299E+6	2.399299E+6	645.673665E+3	645.673665E+3	999.908000E-3	
3.307379E+3	300.000000E+0	301.530000E+0	1.272563E+0	67.000000E+0	2.188215E+6	2.188215E+6	605.705381E+3	605.705381E+3	1.000452E+0	
3.312835E+3	300.000000E+0	301.640000E+0	1.073503E+0	66.000000E+0	2.289435E+6	2.289435E+6	655.465726E+3	655.465726E+3	999.636000E-3	
3.318326E+3	300.000000E+0	301.640000E+0	655.800561E-3	66.000000E+0	2.299745E+6	2.299745E+6	603.719636E+3	603.719636E+3	999.745000E-3	
3.323811E+3	300.000000E+0	301.640000E+0	419.189013E-3	66.000000E+0	2.501091E+6	2.501091E+6	687.481550E+3	687.481550E+3	999.761000E-3	
3.329269E+3	300.000000E+0	301.640000E+0	400.541525E-3	66.000000E+0	2.402044E+6	2.402044E+6	644.286847E+3	644.286847E+3	1.000019E+0	
3.334762E+3	300.000000E+0	301.640000E+0	400.541525E-3	66.000000E+0	2.227330E+6	2.227330E+6	586.644766E+3	586.644766E+3	1.000071E+0	
3.340230E+3	300.000000E+0	301.530000E+0	200.298111E-3	68.000000E+0	2.420640E+6	2.420640E+6	665.335285E+3	665.335285E+3	1.000281E+0	
3.345694E+3	300.000000E+0	301.530000E+0	0.000000E+0	66.000000E+0	2.370901E+6	2.370901E+6	688.677657E+3	688.677657E+3	999.572000E-3	
3.351174E+3	300.000000E+0	301.530000E+0	-200.535479E-3	70.000000E+0	2.348817E+6	2.348817E+6	680.917142E+3	680.917142E+3	999.821000E-3	
3.356685E+3	300.000000E+0	301.530000E+0	-401.235612E-3	69.000000E+0	2.515173E+6	2.515173E+6	691.175879E+3	691.175879E+3	999.756000E-3	
3.362131E+3	300.000000E+0	301.410000E+0	-401.235612E-3	73.000000E+0	2.413034E+6	2.413034E+6	703.560390E+3	703.560390E+3	999.334000E-3	
3.367640E+3	300.000000E+0	301.410000E+0	-200.700133E-3	72.000000E+0	2.366268E+6	2.366268E+6	617.509880E+3	617.509880E+3	999.961000E-3	
3.373100E+3	300.000000E+0	301.290000E+0	-218.785918E-3	73.000000E+0	2.453964E+6	2.453964E+6	677.530489E+3	677.530489E+3	1.000064E+0	
3.378569E+3	300.000000E+0	301.180000E+0	-437.651648E-3	73.000000E+0	2.238086E+6	2.238086E+6	636.719642E+3	636.719642E+3	999.865000E-3	
3.384032E+3	300.000000E+0	301.180000E+0	-656.537338E-3	74.000000E+0	2.264758E+6	2.264758E+6	604.547821E+3	604.547821E+3	1.000457E+0	
3.389500E+3	300.000000E+0	301.180000E+0	-857.167578E-3	78.000000E+0	2.447472E+6	2.447472E+6	659.296691E+3	659.296691E+3	1.000135E+0	
3.394960E+3	300.000000E+0	301.060000E+0	-838.782499E-3	77.000000E+0	2.479700E+6	2.479700E+6	658.278351E+3	658.278351E+3	999.716000E-3	
3.400418E+3	300.000000E+0	300.940000E+0	-619.896809E-3	76.000000E+0	2.390359E+6	2.390359E+6	645.541607E+3	645.541607E+3	999.648000E-3	
3.405895E+3	300.000000E+0	300.940000E+0	-419.087199E-3	78.000000E+0	2.317891E+6	2.317891E+6	612.832433E+3	612.832433E+3	999.683000E-3	
3.411363E+3	300.000000E+0	300.940000E+0	-656.897617E-3	80.000000E+0	2.475450E+6	2.475450E+6	674.949875E+3	674.949875E+3	1.000057E+0	
3.416840E+3	300.000000E+0	300.830000E+0	-876.183322E-3	80.000000E+0	2.288626E+6	2.288626E+6	587.551483E+3	587.551483E+3	1.000221E+0	
3.422309E+3	300.000000E+0	300.830000E+0	-657.576774E-3	81.000000E+0	2.483144E+6	2.483144E+6	697.240780E+3	697.240780E+3	999.838000E-3	
3.428268E+3	300.000000E+0	300.830000E+0	-420.905557E-3	81.000000E+0	2.399844E+6	2.399844E+6	685.909898E+3	685.909898E+3	999.871000E-3	
3.433734E+3	300.000000E+0	300.830000E+0	-403.907136E-3	79.000000E+0	2.275123E+6	2.275123E+6	602.995518E+3	602.995518E+3	999.894000E-3	
3.439218E+3	300.000000E+0	300.830000E+0	-403.907136E-3	79.000000E+0	2.470396E+6	2.470396E+6	650.814103E+3	650.814103E+3	999.868000E-3	
3.445180E+3	300.000000E+0	300.830000E+0	-202.287284E-3	83.000000E+0	2.358674E+6	2.358674E+6	697.981465E+3	697.981465E+3	1.000243E+0	
3.450650E+3	300.000000E+0	300.690000E+0	0.000000E+0	81.000000E+0	2.444902E+6	2.444902E+6	689.435277E+3	689.435277E+3	1.000087E+0	
3.456120E+3	300.000000E+0	300.830000E+0	0.000000E+0	83.000000E+0	2.248771E+6	2.248771E+6	613.645765E+3	613.645765E+3	1.000231E+0	
3.461587E+3	300.000000E+0	300.830000E+0	-254.878462E-3	83.000000E+0	2.371186E+6	2.371186E+6	620.963458E+3	620.963458E+3	999.953000E-3	
3.467041E+3	300.000000E+0	300.830000E+0	-254.878462E-3	77.000000E+0	2.260250E+6	2.260250E+6	618.082991E+3	618.082991E+3	1.000070E+0	
3.473032E+3	300.000000E+0	300.830000E+0	301.982767E-6	79.000000E+0	2.445418E+6	2.445418E+6	656.859700E+3	656.859700E+3	999.956000E-3	
3.478496E+3	300.000000E+0	300.830000E+0	255.180445E-3	80.000000E+0	2.400987E+6	2.400987E+6	680.513664E+3	680.513664E+3	999.819000E-3	
3.484461E+3	300.000000E+0	300.830000E+0	255.180445E-3	76.000000E+0	2.459368E+6	2.459368E+6	696.339154E+3	696.339154E+3	999.979000E-3	
3.489919E+3	300.000000E+0	300.940000E+0	0.000000E+0	76.000000E+0	2.394788E+6	2.394788E+6	622.783779E+3	622.783779E+3	999.800000E-3	
3.495378E+3	300.000000E+0	300.940000E+0	0.000000E+0	81.000000E+0	2.294416E+6	2.294416E+6	625.591536E+3	625.591536E+3	999.746000E-3	
3.500841E+3	300.000000E+0	300.940000E+0	200.425853E-3	76.000000E+0	2.407443E+6	2.407443E+6	636.462172E+3	636.462172E+3	999.498000E-3	
3.506308E+3	300.000000E+0	300.940000E+0	400.742201E-3	76.000000E+0	2.482881E+6	2.482881E+6	727.939898E+3	727.939898E+3	999.732000E-3	
3.511800E+3	300.000000E+0	300.940000E+0	400.742201E-3	75.000000E+0	2.288914E+6	2.288914E+6	619.712089E+3	619.712089E+3	1.000118E+0	
3.517262E+3	300.000000E+0	300.940000E+0	200.316348E-3	74.000000E+0	2.322206E+6	2.322206E+6	621.264168E+3	621.264168E+3	999.849000E-3	
3.522723E+3	300.000000E+0	300.940000E+0	0.000000E+0	74.000000E+0	2.296724E+6	2.296724E+6	622.056425E+3	622.056425E+3	999.695000E-3	
3.528194E+3	300.000000E+0	301.060000E+0	0.000000E+0	75.000000E+0	2.343842E+6	2.343842E+6	620.916717E+3	620.916717E+3	1.000211E+0	
3.533650E+3	300.000000E+0	301.060000E+0	0.000000E+0	74.000000E+0	2.283464E+6	2.283464E+6	637.575951E+3	637.575951E+3	999.655000E-3	
3.539054E+3	300.000000E+0	301.060000E+0	218.885690E-3	76.000000E+0	2.271308E+6	2.271308E+6	615.787501E+3	615.787501E+3	999.807000E-3	
3.544515E+3	300.000000E+0	301.060000E+0	437.273412E-3	75.000000E+0	2.287820E+6	2.287820E+6	610.298221E+3	610.298221E+3	1.000372E+0	
3.550001E+3	300.000000E+0	301.060000E+0	437.273412E-3	74.000000E+0	2.487345E+6	2.487345E+6	705.614960E+3	705.614960E+3	1.000261E+0	
3.555490E+3	300.000000E+0	301.060000E+0	218.387722E-3	75.000000E+0	2.227669E+6	2.227669E+6	618.693358E+3	618.693358E+3	1.000424E+0	
3.560949E+3	300.000000E+0	301.060000E+0	0.000000E+0	76.000000E+0	2.305905E+6	2.305905E+6	612.370884E+3	612.370884E+3	1.000117E+0	
3.566414E+3	300.000000E+0	301.060000E+0	0.000000E+0	75.000000E+0	2.404585E+6	2.404585E+6	621.480609E+3	621.480609E+3	1.000091E+0	
3.571879E+3	300.000000E+0	301.060000E+0	0.000000E+0	74.000000E+0	2.353610E+6	2.353610E+6	687.770275E+3	687.770275E+3	1.000355E+0	
3.577310E+3	300.000000E+0	300.940000E+0	0.000000E+0	76.000000E+0	2.223660E+6	2.223660E+6	620.168908E+3	620.168908E+3	1.000536E+0	
3.582721E+3	300.000000E+0	300.940000E+0	0.000000E+0	74.000000E+0	2.587612E+6	2.587612E+6	701.097450E+3	701.097450E+3	999.724000E-3	
3.588153E+3	300.000000E+0	300.940000E+0	-218.726095E-3	78.000000E+0	2.416394E+6	2.416394E+6	689.235138E+3	689.235138E+3	999.904000E-3	
3.593614E+3	300.000000E+0	300.940000E+0	-436.479725E-3	76.000000E+0	2.319035E+6	2.319035E+6	672.043310E+3	672.043310E+3	1.000223E+0	
3.599082E+3	300.000000E+0	300.940000E+0	-436.479725E-3	75.000000E+0	2.280565E+6	2.280565E+6	635.923426E+3	635.923426E+3	1.000096E+0	
3.604543E+3	300.000000E+0	300.940000E+0	-217.753630E-3	77.000000E+0	2.308754E+6	2.308754E+6	648.104101E+3	648.104101E+3	999.783000E-3	
3.610002E+3	300.000000E+0	300.940000E+0	0.000000E+0	76.000000E+0	2.310446E+6	2.310446E+6	646.824498E+3	646.824498E+3	999.337000E-3	
3.615495E+3	300.000000E+0	300.940000E+0	0.000000E+0	75.000000E+0	2.489606E+6	2.489606E+6	698.619823E+3	698.619823E+3	1.000224E+0	
3.620961E+3	300.000000E+0	300.940000E+0	0.000000E+0	76.000000E+0	2.359003E+6	2.359003E+6	687.034766E+3	687.034766E+3	1.000170E+0	
3.626421E+3	300.000000E+0	300.940000E+0	0.000000E+0	78.000000E+0	2.250701E+6	2.250701E+6	633.718967E+3	633.718967E+3	999.964000E-3	
3.631889E+3	300.000000E+0	300.940000E+0	0.000000E+0	74.000000E+0	2.374716E+6	2.374716E+6	619.804285E+3	619.804285E+3	999.803000E-3	
3.637355E+3	300.000000E+0	300.940000E+0	0.000000E+0	77.000000E+0	2.371840E+6	2.371840E+6	694.600878E+3	694.600878E+3	999.849000E-3	
3.642857E+3	300.000000E+0	300.940000E+0	0.000000E+0	76.000000E+0	2.404258E+6	2.404258E+6	708.687602E+3	708.687602E+3	999.883000E-3	
3.648319E+3	300.000000E+0	300.940000E+0	0.000000E+0	76.000000E+0	2.416383E+6	2.416383E+6	702.477292E+3	702.477292E+3	1.000286E+0	
3.653798E+3	300.000000E+0	300.940000E+0	0.000000E+0	74.000000E+0	2.467493E+6	2.467493E+6	721.173539E+3	721.173539E+3	1.000001E+0	
3.659259E+3	300.000000E+0	300.940000E+0	0.000000E+0	76.000000E+0	2.405400E+6	2.405400E+6	696.845373E+3	696.845373E+3	999.636000E-3	
3.664723E+3	300.000000E+0	300.940000E+0	0.000000E+0	78.000000E+0	2.318477E+6	2.318477E+6	682.757062E+3	682.757062E+3	1.000446E+0	
3.670130E+3	300.000000E+0	300.940000E+0	0.000000E+0	78.000000E+0	2.318195E+6	2.318195E+6	634.471603E+3	634.471603E+3	999.629000E-3	
3.675545E+3	300.000000E+0	300.940000E+0	0.000000E+0	75.000000E+0	2.539124E+6	2.539124E+6	711.244031E+3	711.244031E+3	999.704000E-3	
3.680968E+3	300.000000E+0	300.940000E+0	0.000000E+0	78.000000E+0	2.550595E+6	2.550595E+6	716.893375E+3	716.893375E+3	999.425000E-3	
3.686419E+3	300.000000E+0	300.940000E+0	0.000000E+0	79.000000E+0	2.255459E+6	2.255459E+6	622.289618E+3	622.289618E+3	1.000251E+0	
3.691903E+3	300.000000E+0	300.940000E+0	0.000000E+0	74.000000E+0	2.272326E+6	2.272326E+6	624.899475E+3	624.899475E+3	1.000255E+0	
3.697371E+3	300.000000E+0	300.940000E+0	0.000000E+0	75.000000E+0	2.453648E+6	2.453648E+6	652.227346E+3	652.227346E+3	1.000254E+0	
3.702849E+3	300.000000E+0	300.940000E+0	0.000000E+0	79.000000E+0	2.342867E+6	2.342867E+6	633.373960E+3	633.373960E+3	999.584000E-3	
3.708306E+3	300.000000E+0	300.940000E+0	0.000000E+0	78.000000E+0	2.298644E+6	2.298644E+6	633.116838E+3	633.116838E+3	999.818000E-3	
3.713809E+3	300.000000E+0	300.940000E+0	0.000000E+0	74.000000E+0	2.309447E+6	2.309447E+6	617.873732E+3	617.873732E+3	999.367000E-3	
3.719288E+3	300.000000E+0	300.940000E+0	0.000000E+0	74.000000E+0	2.316202E+6	2.316202E+6	668.236656E+3	668.236656E+3	1.000252E+0	
3.724768E+3	300.000000E+0	300.940000E+0	0.000000E+0	74.000000E+0	2.465685E+6	2.465685E+6	691.571538E+3	691.571538E+3	1.000057E+0	
3.730257E+3	300.000000E+0	300.940000E+0	0.000000E+0	76.000000E+0	2.329077E+6	2.329077E+6	636.982759E+3	636.982759E+3	999.640000E-3	
3.735682E+3	300.000000E+0	300.940000E+0	0.000000E+0	75.000000E+0	2.249431E+6	2.249431E+6	643.475963E+3	643.475963E+3	1.000412E+0	
3.741134E+3	300.000000E+0	300.940000E+0	0.000000E+0	78.000000E+0	2.528087E+6	2.528087E+6	674.581458E+3	674.581458E+3	999.656000E-3	
3.746588E+3	300.000000E+0	300.940000E+0	0.000000E+0	79.000000E+0	2.313358E+6	2.313358E+6	663.990189E+3	663.990189E+3	999.741000E-3	
3.752042E+3	300.000000E+0	300.940000E+0	0.000000E+0	74.000000E+0	2.568818E+6	2.568818E+6	703.262406E+3	703.262406E+3	999.604000E-3	
3.757506E+3	300.000000E+0	300.940000E+0	0.000000E+0	76.000000E+0	2.448003E+6	2.448003E+6	704.632373E+3	704.632373E+3	999.838000E-3	
3.762966E+3	300.000000E+0	300.940000E+0	0.000000E+0	76.000000E+0	2.535135E+6	2.535135E+6	721.983054E+3	721.983054E+3	999.325000E-3	
3.768420E+3	300.000000E+0	300.940000E+0	0.000000E+0	73.000000E+0	2.587760E+6	2.587760E+6	707.182800E+3	707.182800E+3	999.574000E-3	
3.773914E+3	300.000000E+0	300.940000E+0	0.000000E+0	76.000000E+0	2.230833E+6	2.230833E+6	620.490067E+3	620.490067E+3	1.000551E+0	
3.779401E+3	300.000000E+0	300.940000E+0	0.000000E+0	72.000000E+0	2.494973E+6	2.494973E+6	686.519320E+3	686.519320E+3	1.000160E+0	
3.784862E+3	300.000000E+0	300.940000E+0	0.000000E+0	74.000000E+0	2.414886E+6	2.414886E+6	708.018834E+3	708.018834E+3	1.000125E+0	
3.790369E+3	300.000000E+0	300.940000E+0	0.000000E+0	75.000000E+0	2.365407E+6	2.365407E+6	681.616429E+3	681.616429E+3	999.763000E-3	
3.795828E+3	300.000000E+0	300.940000E+0	0.000000E+0	74.000000E+0	2.343313E+6	2.343313E+6	684.423829E+3	684.423829E+3	1.000290E+0	
3.801291E+3	300.000000E+0	300.940000E+0	0.000000E+0	74.000000E+0	2.290946E+6	2.290946E+6	660.810873E+3	660.810873E+3	1.000433E+0	
3.806761E+3	300.000000E+0	300.940000E+0	0.000000E+0	78.000000E+0	2.289151E+6	2.289151E+6	608.294994E+3	608.294994E+3	1.000107E+0	
3.812228E+3	300.000000E+0	300.940000E+0	0.000000E+0	76.000000E+0	2.466256E+6	2.466256E+6	673.204290E+3	673.204290E+3	1.000190E+0	
3.817718E+3	300.000000E+0	300.940000E+0	0.000000E+0	76.000000E+0	2.432872E+6	2.432872E+6	694.861189E+3	694.861189E+3	999.886000E-3	
3.823176E+3	300.000000E+0	300.940000E+0	0.000000E+0	79.000000E+0	2.500828E+6	2.500828E+6	704.135188E+3	704.135188E+3	999.681000E-3	
3.828669E+3	300.000000E+0	300.940000E+0	0.000000E+0	78.000000E+0	2.430852E+6	2.430852E+6	650.037699E+3	650.037699E+3	999.445000E-3	
3.834135E+3	300.000000E+0	300.940000E+0	0.000000E+0	73.000000E+0	2.548858E+6	2.548858E+6	676.852466E+3	676.852466E+3	999.611000E-3	
3.839596E+3	300.000000E+0	300.940000E+0	0.000000E+0	74.000000E+0	2.543814E+6	2.543814E+6	713.727162E+3	713.727162E+3	999.668000E-3	
3.845055E+3	300.000000E+0	300.940000E+0	0.000000E+0	72.000000E+0	2.506404E+6	2.506404E+6	704.534977E+3	704.534977E+3	1.000356E+0	
3.850539E+3	300.000000E+0	300.940000E+0	0.000000E+0	78.000000E+0	2.514383E+6	2.514383E+6	701.487339E+3	701.487339E+3	999.945000E-3	
3.856039E+3	300.000000E+0	300.940000E+0	0.000000E+0	77.000000E+0	2.543138E+6	2.543138E+6	700.613029E+3	700.613029E+3	999.784000E-3	
3.861503E+3	300.000000E+0	300.940000E+0	0.000000E+0	75.000000E+0	2.453432E+6	2.453432E+6	702.519432E+3	702.519432E+3	1.000583E+0	
3.866995E+3	300.000000E+0	300.940000E+0	0.000000E+0	78.000000E+0	2.374011E+6	2.374011E+6	634.067970E+3	634.067970E+3	999.625000E-3	
3.872457E+3	300.000000E+0	300.940000E+0	0.000000E+0	74.000000E+0	2.339657E+6	2.339657E+6	632.543991E+3	632.543991E+3	999.876000E-3	
3.877920E+3	300.000000E+0	300.940000E+0	0.000000E+0	76.000000E+0	2.557405E+6	2.557405E+6	688.748370E+3	688.748370E+3	999.971000E-3	
4.036152E+3	300.000000E+0	300.940000E+0	0.000000E+0	71.000000E+0	2.555453E+6	2.555453E+6	698.501648E+3	698.501648E+3	1.000281E+0	
4.041617E+3	300.000000E+0	300.940000E+0	0.000000E+0	77.000000E+0	2.535139E+6	2.535139E+6	737.969372E+3	737.969372E+3	999.884000E-3	
4.047118E+3	300.000000E+0	300.940000E+0	0.000000E+0	76.000000E+0	2.523169E+6	2.523169E+6	695.124874E+3	695.124874E+3	1.000184E+0	
4.052581E+3	300.000000E+0	300.940000E+0	0.000000E+0	75.000000E+0	2.435503E+6	2.435503E+6	716.391466E+3	716.391466E+3	1.000042E+0	
4.058078E+3	300.000000E+0	300.940000E+0	0.000000E+0	76.000000E+0	2.527776E+6	2.527776E+6	685.225952E+3	685.225952E+3	1.000140E+0	
4.063543E+3	300.000000E+0	300.940000E+0	0.000000E+0	72.000000E+0	2.556438E+6	2.556438E+6	779.575970E+3	779.575970E+3	999.593000E-3	
4.069001E+3	300.000000E+0	300.940000E+0	0.000000E+0	70.000000E+0	2.427667E+6	2.427667E+6	705.974950E+3	705.974950E+3	1.000126E+0	
4.074472E+3	300.000000E+0	300.940000E+0	0.000000E+0	72.000000E+0	2.373305E+6	2.373305E+6	627.677851E+3	627.677851E+3	1.000158E+0	
4.079945E+3	300.000000E+0	300.940000E+0	0.000000E+0	75.000000E+0	2.524356E+6	2.524356E+6	713.982024E+3	713.982024E+3	999.847000E-3	
4.085403E+3	300.000000E+0	300.940000E+0	0.000000E+0	72.000000E+0	2.507680E+6	2.507680E+6	677.279224E+3	677.279224E+3	1.000113E+0	
4.090865E+3	300.000000E+0	300.940000E+0	0.000000E+0	78.000000E+0	2.519019E+6	2.519019E+6	694.148909E+3	694.148909E+3	1.000101E+0	
4.096325E+3	300.000000E+0	300.940000E+0	0.000000E+0	77.000000E+0	2.473627E+6	2.473627E+6	721.086096E+3	721.086096E+3	999.840000E-3	
4.101791E+3	300.000000E+0	300.940000E+0	0.000000E+0	79.000000E+0	2.250660E+6	2.250660E+6	638.436959E+3	638.436959E+3	1.000171E+0	
4.107254E+3	300.000000E+0	300.940000E+0	0.000000E+0	78.000000E+0	2.417426E+6	2.417426E+6	653.108677E+3	653.108677E+3	999.654000E-3	
4.112738E+3	300.000000E+0	300.940000E+0	0.000000E+0	79.000000E+0	2.487429E+6	2.487429E+6	702.814467E+3	702.814467E+3	1.000021E+0	
4.118215E+3	300.000000E+0	300.940000E+0	0.000000E+0	78.000000E+0	2.460801E+6	2.460801E+6	719.040941E+3	719.040941E+3	1.000168E+0	
4.123680E+3	300.000000E+0	300.940000E+0	0.000000E+0	76.000000E+0	2.273266E+6	2.273266E+6	625.298864E+3	625.298864E+3	1.000237E+0	
4.129142E+3	300.000000E+0	300.940000E+0	0.000000E+0	75.000000E+0	2.437484E+6	2.437484E+6	640.831770E+3	640.831770E+3	1.000173E+0	
4.134611E+3	300.000000E+0	300.830000E+0	0.000000E+0	73.000000E+0	2.307039E+6	2.307039E+6	636.213142E+3	636.213142E+3	999.917000E-3	
4.140080E+3	300.000000E+0	300.830000E+0	0.000000E+0	74.000000E+0	2.495541E+6	2.495541E+6	721.532127E+3	721.532127E+3	1.000088E+0	
4.146055E+3	300.000000E+0	300.940000E+0	-200.700133E-3	76.000000E+0	2.580831E+6	2.580831E+6	702.389312E+3	702.389312E+3	999.685000E-3	
4.151527E+3	300.000000E+0	300.940000E+0	-401.308759E-3	72.000000E+0	2.559872E+6	2.559872E+6	690.285034E+3	690.285034E+3	999.579000E-3	
4.156987E+3	300.000000E+0	300.940000E+0	-201.156437E-3	79.000000E+0	2.534564E+6	2.534564E+6	717.885478E+3	717.885478E+3	999.911000E-3	
4.162459E+3	300.000000E+0	300.940000E+0	199.714228E-3	72.000000E+0	2.492210E+6	2.492210E+6	707.488350E+3	707.488350E+3	1.000099E+0	
4.167949E+3	300.000000E+0	300.940000E+0	400.322855E-3	75.000000E+0	2.495488E+6	2.495488E+6	650.867189E+3	650.867189E+3	999.992000E-3	
4.173415E+3	300.000000E+0	300.940000E+0	200.170532E-3	72.000000E+0	2.470666E+6	2.470666E+6	705.902048E+3	705.902048E+3	999.854000E-3	
4.178899E+3	300.000000E+0	300.940000E+0	0.000000E+0	76.000000E+0	2.427208E+6	2.427208E+6	628.421283E+3	628.421283E+3	999.961000E-3	
4.184368E+3	300.000000E+0	300.940000E+0	0.000000E+0	74.000000E+0	2.284761E+6	2.284761E+6	635.992005E+3	635.992005E+3	1.000154E+0	
4.189838E+3	300.000000E+0	300.940000E+0	0.000000E+0	74.000000E+0	2.542394E+6	2.542394E+6	711.407792E+3	711.407792E+3	999.771000E-3	
4.195293E+3	300.000000E+0	300.940000E+0	0.000000E+0	78.000000E+0	2.522721E+6	2.522721E+6	698.514052E+3	698.514052E+3	999.956000E-3	
4.200774E+3	300.000000E+0	300.940000E+0	0.000000E+0	77.000000E+0	2.408739E+6	2.408739E+6	713.587860E+3	713.587860E+3	999.988000E-3	
4.206239E+3	300.000000E+0	300.940000E+0	0.000000E+0	74.000000E+0	2.309372E+6	2.309372E+6	614.791335E+3	614.791335E+3	999.935000E-3	
4.211700E+3	300.000000E+0	300.940000E+0	0.000000E+0	73.000000E+0	2.512840E+6	2.512840E+6	669.424207E+3	669.424207E+3	1.000261E+0	
4.217158E+3	300.000000E+0	300.940000E+0	0.000000E+0	76.000000E+0	2.488120E+6	2.488120E+6	704.962183E+3	704.962183E+3	1.000075E+0	
4.222623E+3	300.000000E+0	300.940000E+0	0.000000E+0	74.000000E+0	2.249084E+6	2.249084E+6	633.137992E+3	633.137992E+3	999.763000E-3	
4.228108E+3	300.000000E+0	300.940000E+0	0.000000E+0	77.000000E+0	2.519765E+6	2.519765E+6	666.641037E+3	666.641037E+3	999.515000E-3	
4.233606E+3	300.000000E+0	300.940000E+0	0.000000E+0	76.000000E+0	2.465752E+6	2.465752E+6	673.173617E+3	673.173617E+3	1.000405E+0	
4.239095E+3	300.000000E+0	300.940000E+0	0.000000E+0	76.000000E+0	2.261153E+6	2.261153E+6	631.470888E+3	631.470888E+3	999.995000E-3	
4.244587E+3	300.000000E+0	300.940000E+0	0.000000E+0	72.000000E+0	2.407597E+6	2.407597E+6	702.090156E+3	702.090156E+3	999.827000E-3	
4.250006E+3	300.000000E+0	300.940000E+0	0.000000E+0	76.000000E+0	2.382479E+6	2.382479E+6	677.422737E+3	677.422737E+3	999.855000E-3	
4.255422E+3	300.000000E+0	300.940000E+0	0.000000E+0	71.000000E+0	2.347816E+6	2.347816E+6	683.384586E+3	683.384586E+3	1.000146E+0	
4.260863E+3	300.000000E+0	300.940000E+0	0.000000E+0	75.000000E+0	2.257570E+6	2.257570E+6	587.354156E+3	587.354156E+3	1.000352E+0	
4.266326E+3	300.000000E+0	300.940000E+0	0.000000E+0	72.000000E+0	2.525949E+6	2.525949E+6	675.752179E+3	675.752179E+3	999.897000E-3	
4.271787E+3	300.000000E+0	300.940000E+0	0.000000E+0	74.000000E+0	2.516388E+6	2.516388E+6	742.705921E+3	742.705921E+3	999.610000E-3	
4.277271E+3	300.000000E+0	300.940000E+0	0.000000E+0	72.000000E+0	2.258226E+6	2.258226E+6	644.687578E+3	644.687578E+3	1.000010E+0	
4.282741E+3	300.000000E+0	300.940000E+0	0.000000E+0	70.000000E+0	2.470607E+6	2.470607E+6	713.213818E+3	713.213818E+3	999.830000E-3	
4.288218E+3	300.000000E+0	300.940000E+0	0.000000E+0	76.000000E+0	2.433758E+6	2.433758E+6	695.265451E+3	695.265451E+3	999.812000E-3	
4.293682E+3	300.000000E+0	300.940000E+0	0.000000E+0	74.000000E+0	2.352689E+6	2.352689E+6	614.096227E+3	614.096227E+3	999.493000E-3	
4.299154E+3	300.000000E+0	300.940000E+0	0.000000E+0	70.000000E+0	2.307842E+6	2.307842E+6	655.577735E+3	655.577735E+3	1.000057E+0	
4.304610E+3	300.000000E+0	300.940000E+0	0.000000E+0	75.000000E+0	2.321321E+6	2.321321E+6	639.146738E+3	639.146738E+3	999.793000E-3	
4.310079E+3	300.000000E+0	300.940000E+0	0.000000E+0	72.000000E+0	2.521165E+6	2.521165E+6	682.827315E+3	682.827315E+3	999.793000E-3	
4.315556E+3	300.000000E+0	300.940000E+0	0.000000E+0	76.000000E+0	2.473482E+6	2.473482E+6	712.291919E+3	712.291919E+3	1.000004E+0	
4.321026E+3	300.000000E+0	300.940000E+0	0.000000E+0	75.000000E+0	2.376383E+6	2.376383E+6	636.131179E+3	636.131179E+3	999.982000E-3	
4.326467E+3	300.000000E+0	300.940000E+0	0.000000E+0	72.000000E+0	2.491797E+6	2.491797E+6	710.913984E+3	710.913984E+3	1.000008E+0	
4.331936E+3	300.000000E+0	300.940000E+0	0.000000E+0	75.000000E+0	2.388916E+6	2.388916E+6	630.057368E+3	630.057368E+3	999.403000E-3	
4.337431E+3	300.000000E+0	300.940000E+0	0.000000E+0	54.000000E+0	2.258413E+6	2.258413E+6	623.270021E+3	623.270021E+3	999.980000E-3	
4.827697E+3	300.000000E+0	301.290000E+0	0.000000E+0	55.000000E+0	1.624912E+6	1.624912E+6	461.679912E+3	461.679912E+3	999.857000E-3	
4.833211E+3	300.000000E+0	301.290000E+0	0.000000E+0	57.000000E+0	1.573874E+6	1.573874E+6	445.649916E+3	445.649916E+3	1.000024E+0	
4.838675E+3	300.000000E+0	301.290000E+0	636.038127E-3	56.000000E+0	1.568344E+6	1.568344E+6	432.187784E+3	432.187784E+3	999.882000E-3	
4.844137E+3	300.000000E+0	301.180000E+0	1.272423E+0	58.000000E+0	1.614688E+6	1.614688E+6	428.282355E+3	428.282355E+3	999.847000E-3	
4.849590E+3	300.000000E+0	301.180000E+0	1.272423E+0	57.000000E+0	1.574740E+6	1.574740E+6	424.551068E+3	424.551068E+3	999.708000E-3	
4.855054E+3	300.000000E+0	301.060000E+0	435.922723E-3	58.000000E+0	1.651829E+6	1.651829E+6	450.761606E+3	450.761606E+3	999.852000E-3	
4.860546E+3	300.000000E+0	301.060000E+0	-400.432765E-3	58.000000E+0	1.600634E+6	1.600634E+6	423.561488E+3	423.561488E+3	999.484000E-3	
4.866016E+3	300.000000E+0	300.940000E+0	-618.324790E-3	62.000000E+0	1.537718E+6	1.537718E+6	423.554196E+3	423.554196E+3	1.000024E+0	
4.871478E+3	300.000000E+0	300.940000E+0	-635.972262E-3	58.000000E+0	1.554518E+6	1.554518E+6	415.661386E+3	415.661386E+3	999.975000E-3	
4.876937E+3	300.000000E+0	300.830000E+0	-654.369726E-3	60.000000E+0	1.598162E+6	1.598162E+6	427.413581E+3	427.413581E+3	1.000018E+0	
4.882403E+3	300.000000E+0	300.830000E+0	-655.563216E-3	59.000000E+0	1.495692E+6	1.495692E+6	404.484878E+3	404.484878E+3	999.990000E-3	
4.887874E+3	300.000000E+0	300.830000E+0	-638.593919E-3	58.000000E+0	1.585318E+6	1.585318E+6	434.512973E+3	434.512973E+3	999.638000E-3	
4.893363E+3	300.000000E+0	300.830000E+0	-620.926208E-3	64.000000E+0	1.497451E+6	1.497451E+6	398.485938E+3	398.485938E+3	999.908000E-3	
4.898842E+3	300.000000E+0	300.830000E+0	-401.840693E-3	65.000000E+0	1.547328E+6	1.547328E+6	409.649680E+3	409.649680E+3	999.543000E-3	
4.904835E+3	300.000000E+0	300.830000E+0	-200.700142E-3	63.000000E+0	1.498828E+6	1.498828E+6	399.224899E+3	399.224899E+3	999.733000E-3	
4.910298E+3	300.000000E+0	300.830000E+0	0.000000E+0	58.000000E+0	1.552347E+6	1.552347E+6	430.177460E+3	430.177460E+3	999.851000E-3	
4.915773E+3	300.000000E+0	300.830000E+0	0.000000E+0	62.000000E+0	1.533777E+6	1.533777E+6	410.715545E+3	410.715545E+3	1.000590E+0	
4.921234E+3	300.000000E+0	300.830000E+0	0.000000E+0	57.000000E+0	1.490342E+6	1.490342E+6	421.256183E+3	421.256183E+3	1.000377E+0	
4.926694E+3	300.000000E+0	300.940000E+0	0.000000E+0	57.000000E+0	1.449944E+6	1.449944E+6	389.179315E+3	389.179315E+3	1.000157E+0	
4.932165E+3	300.000000E+0	300.940000E+0	0.000000E+0	54.000000E+0	1.526089E+6	1.526089E+6	425.984955E+3	425.984955E+3	1.000138E+0	
4.937643E+3	300.000000E+0	300.940000E+0	200.279870E-3	56.000000E+0	1.517974E+6	1.517974E+6	422.000668E+3	422.000668E+3	999.935000E-3	
4.943145E+3	300.000000E+0	300.940000E+0	400.213897E-3	57.000000E+0	1.446190E+6	1.446190E+6	411.094326E+3	411.094326E+3	1.000402E+0	
4.948611E+3	300.000000E+0	301.060000E+0	400.213897E-3	54.000000E+0	1.445825E+6	1.445825E+6	382.281108E+3	382.281108E+3	999.860000E-3	
4.954074E+3	300.000000E+0	301.060000E+0	199.934028E-3	53.000000E+0	1.456482E+6	1.456482E+6	401.648088E+3	401.648088E+3	1.000836E+0	
4.959570E+3	300.000000E+0	301.060000E+0	218.845764E-3	54.000000E+0	1.482351E+6	1.482351E+6	397.275221E+3	397.275221E+3	999.920000E-3	
4.965029E+3	300.000000E+0	301.060000E+0	437.233487E-3	54.000000E+0	1.473172E+6	1.473172E+6	406.062034E+3	406.062034E+3	1.000254E+0	
4.970488E+3	300.000000E+0	301.180000E+0	437.233487E-3	48.000000E+0	1.489225E+6	1.489225E+6	407.595465E+3	407.595465E+3	999.553000E-3	
4.975946E+3	300.000000E+0	301.180000E+0	218.387722E-3	48.000000E+0	1.475160E+6	1.475160E+6	412.911792E+3	412.911792E+3	999.908000E-3	
4.981416E+3	300.000000E+0	301.180000E+0	218.706165E-3	47.000000E+0	1.451029E+6	1.451029E+6	392.502140E+3	392.502140E+3	1.000238E+0	
4.986939E+3	300.000000E+0	301.290000E+0	437.611818E-3	51.000000E+0	1.412116E+6	1.412116E+6	392.965143E+3	392.965143E+3	1.000244E+0	
4.992404E+3	300.000000E+0	301.290000E+0	437.611818E-3	45.000000E+0	1.400555E+6	1.400555E+6	374.197389E+3	374.197389E+3	999.884000E-3	
4.997871E+3	300.000000E+0	301.290000E+0	419.258492E-3	44.000000E+0	1.455641E+6	1.455641E+6	404.511897E+3	404.511897E+3	999.647000E-3	
5.003337E+3	300.000000E+0	301.290000E+0	400.596261E-3	49.000000E+0	1.416553E+6	1.416553E+6	370.380054E+3	370.380054E+3	999.647000E-3	
5.008809E+3	300.000000E+0	301.410000E+0	400.596261E-3	48.000000E+0	1.391321E+6	1.391321E+6	380.129214E+3	380.129214E+3	999.233000E-3	
5.014269E+3	300.000000E+0	301.410000E+0	200.243422E-3	42.000000E+0	1.387258E+6	1.387258E+6	370.592110E+3	370.592110E+3	1.000421E+0	
5.019734E+3	300.000000E+0	301.410000E+0	218.169344E-3	42.000000E+0	1.440930E+6	1.440930E+6	393.027309E+3	393.027309E+3	1.000409E+0	
5.025213E+3	300.000000E+0	301.410000E+0	436.557066E-3	43.000000E+0	1.406069E+6	1.406069E+6	398.350698E+3	398.350698E+3	1.000010E+0	
5.030677E+3	300.000000E+0	301.410000E+0	436.557066E-3	42.000000E+0	1.360085E+6	1.360085E+6	366.164508E+3	366.164508E+3	999.880000E-3	
5.036158E+3	300.000000E+0	301.410000E+0	218.387722E-3	46.000000E+0	1.420512E+6	1.420512E+6	379.369080E+3	379.369080E+3	1.000339E+0	
5.041624E+3	300.000000E+0	301.410000E+0	0.000000E+0	42.000000E+0	1.331177E+6	1.331177E+6	365.636189E+3	365.636189E+3	1.000073E+0	
5.047089E+3	300.000000E+0	301.410000E+0	0.000000E+0	40.000000E+0	1.364761E+6	1.364761E+6	367.468424E+3	367.468424E+3	999.483000E-3	
5.052556E+3	300.000000E+0	301.410000E+0	0.000000E+0	42.000000E+0	1.416710E+6	1.416710E+6	379.424635E+3	379.424635E+3	1.000424E+0	
5.058004E+3	300.000000E+0	301.410000E+0	0.000000E+0	41.000000E+0	1.333301E+6	1.333301E+6	363.029451E+3	363.029451E+3	1.000069E+0	
5.063464E+3	300.000000E+0	301.410000E+0	0.000000E+0	40.000000E+0	1.356726E+6	1.356726E+6	364.626949E+3	364.626949E+3	999.948000E-3	
5.068923E+3	300.000000E+0	301.410000E+0	0.000000E+0	44.000000E+0	1.337887E+6	1.337887E+6	360.091344E+3	360.091344E+3	1.000365E+0	
5.074401E+3	300.000000E+0	301.410000E+0	0.000000E+0	43.000000E+0	1.346236E+6	1.346236E+6	374.781215E+3	374.781215E+3	999.903000E-3	
5.079859E+3	300.000000E+0	301.410000E+0	0.000000E+0	40.000000E+0	1.353694E+6	1.353694E+6	376.838678E+3	376.838678E+3	999.987000E-3	
5.085315E+3	300.000000E+0	301.290000E+0	0.000000E+0	42.000000E+0	1.364926E+6	1.364926E+6	381.885235E+3	381.885235E+3	1.000218E+0	
5.090779E+3	300.000000E+0	301.290000E+0	0.000000E+0	40.000000E+0	1.333721E+6	1.333721E+6	357.142381E+3	357.142381E+3	999.864000E-3	
5.096229E+3	300.000000E+0	301.290000E+0	-219.325782E-3	40.000000E+0	1.375098E+6	1.375098E+6	381.754675E+3	381.754675E+3	999.971000E-3	
5.101687E+3	300.000000E+0	301.290000E+0	-438.231444E-3	42.000000E+0	1.318500E+6	1.318500E+6	369.471097E+3	369.471097E+3	1.000399E+0	
5.107100E+3	300.000000E+0	301.290000E+0	-438.231444E-3	43.000000E+0	1.378701E+6	1.378701E+6	388.081191E+3	388.081191E+3	1.000179E+0	
5.112534E+3	300.000000E+0	301.290000E+0	-218.905662E-3	40.000000E+0	1.405003E+6	1.405003E+6	384.292300E+3	384.292300E+3	999.702000E-3	
5.117962E+3	300.000000E+0	301.290000E+0	0.000000E+0	41.000000E+0	1.319695E+6	1.319695E+6	358.785363E+3	358.785363E+3	999.682000E-3	
5.123420E+3	300.000000E+0	301.290000E+0	0.000000E+0	44.000000E+0	1.315771E+6	1.315771E+6	342.447468E+3	342.447468E+3	999.999000E-3	
5.128895E+3	300.000000E+0	301.290000E+0	0.000000E+0	38.000000E+0	1.317755E+6	1.317755E+6	347.589170E+3	347.589170E+3	999.728000E-3	
5.134364E+3	300.000000E+0	301.290000E+0	0.000000E+0	39.000000E+0	1.383175E+6	1.383175E+6	378.218869E+3	378.218869E+3	1.000146E+0	
5.139846E+3	300.000000E+0	301.290000E+0	0.000000E+0	39.000000E+0	1.335194E+6	1.335194E+6	376.156199E+3	376.156199E+3	999.780000E-3	
5.145354E+3	300.000000E+0	301.290000E+0	0.000000E+0	38.000000E+0	1.292614E+6	1.292614E+6	326.105337E+3	326.105337E+3	999.863000E-3	
5.150818E+3	300.000000E+0	301.180000E+0	0.000000E+0	39.000000E+0	1.373028E+6	1.373028E+6	359.132602E+3	359.132602E+3	999.935000E-3	
5.156334E+3	300.000000E+0	301.180000E+0	0.000000E+0	38.000000E+0	1.364459E+6	1.364459E+6	355.977349E+3	355.977349E+3	999.944000E-3	
5.161803E+3	300.000000E+0	301.180000E+0	-200.006737E-3	41.000000E+0	1.330494E+6	1.330494E+6	375.025282E+3	375.025282E+3	999.893000E-3	
5.167273E+3	300.000000E+0	301.180000E+0	-400.068042E-3	37.000000E+0	1.357078E+6	1.357078E+6	360.755388E+3	360.755388E+3	999.949000E-3	
5.172731E+3	300.000000E+0	301.180000E+0	-400.068042E-3	37.000000E+0	1.334632E+6	1.334632E+6	349.924560E+3	349.924560E+3	999.559000E-3	
5.178199E+3	300.000000E+0	301.180000E+0	-200.061305E-3	39.000000E+0	1.359662E+6	1.359662E+6	379.811785E+3	379.811785E+3	999.800000E-3	
5.183661E+3	300.000000E+0	301.180000E+0	0.000000E+0	37.000000E+0	1.333730E+6	1.333730E+6	376.113193E+3	376.113193E+3	1.000124E+0	
5.189128E+3	300.000000E+0	301.180000E+0	0.000000E+0	37.000000E+0	1.321630E+6	1.321630E+6	365.884694E+3	365.884694E+3	999.707000E-3	
5.194622E+3	300.000000E+0	301.180000E+0	0.000000E+0	40.000000E+0	1.345415E+6	1.345415E+6	373.851773E+3	373.851773E+3	1.000074E+0	
5.200089E+3	300.000000E+0	301.180000E+0	0.000000E+0	39.000000E+0	1.270881E+6	1.270881E+6	344.623970E+3	344.623970E+3	999.726000E-3	
5.205555E+3	300.000000E+0	301.180000E+0	0.000000E+0	40.000000E+0	1.300783E+6	1.300783E+6	342.224593E+3	342.224593E+3	1.000003E+0	
5.211029E+3	300.000000E+0	301.180000E+0	0.000000E+0	36.000000E+0	1.302099E+6	1.302099E+6	342.234015E+3	342.234015E+3	999.882000E-3	
5.216495E+3	300.000000E+0	301.180000E+0	0.000000E+0	39.000000E+0	1.375256E+6	1.375256E+6	377.290176E+3	377.290176E+3	999.536000E-3	
5.221977E+3	300.000000E+0	301.180000E+0	0.000000E+0	35.000000E+0	1.356486E+6	1.356486E+6	369.607590E+3	369.607590E+3	1.000056E+0	
5.227437E+3	300.000000E+0	301.180000E+0	0.000000E+0	37.000000E+0	1.348206E+6	1.348206E+6	369.430097E+3	369.430097E+3	999.735000E-3	
5.232901E+3	300.000000E+0	301.180000E+0	0.000000E+0	38.000000E+0	1.310229E+6	1.310229E+6	370.771509E+3	370.771509E+3	999.600000E-3	
5.238362E+3	300.000000E+0	301.180000E+0	0.000000E+0	36.000000E+0	1.256952E+6	1.256952E+6	345.196320E+3	345.196320E+3	1.000081E+0	
5.243825E+3	300.000000E+0	301.180000E+0	0.000000E+0	38.000000E+0	1.256091E+6	1.256091E+6	328.266576E+3	328.266576E+3	1.000062E+0	
5.249300E+3	300.000000E+0	301.180000E+0	0.000000E+0	34.000000E+0	1.258393E+6	1.258393E+6	335.034493E+3	335.034493E+3	999.617000E-3	
5.254765E+3	300.000000E+0	301.180000E+0	0.000000E+0	35.000000E+0	1.292915E+6	1.292915E+6	335.825489E+3	335.825489E+3	999.889000E-3	
5.260256E+3	300.000000E+0	301.180000E+0	0.000000E+0	37.000000E+0	1.261543E+6	1.261543E+6	329.534931E+3	329.534931E+3	999.861000E-3	
5.265722E+3	300.000000E+0	301.180000E+0	0.000000E+0	36.000000E+0	1.330492E+6	1.330492E+6	364.097719E+3	364.097719E+3	999.918000E-3	
5.271185E+3	300.000000E+0	301.180000E+0	0.000000E+0	36.000000E+0	1.288576E+6	1.288576E+6	361.086699E+3	361.086699E+3	999.961000E-3	
5.276649E+3	300.000000E+0	301.180000E+0	0.000000E+0	33.000000E+0	1.272507E+6	1.272507E+6	333.573729E+3	333.573729E+3	999.567000E-3	
5.282114E+3	300.000000E+0	301.180000E+0	0.000000E+0	34.000000E+0	1.345440E+6	1.345440E+6	367.117620E+3	367.117620E+3	999.985000E-3	
5.287593E+3	300.000000E+0	301.180000E+0	0.000000E+0	34.000000E+0	1.330772E+6	1.330772E+6	372.082856E+3	372.082856E+3	999.969000E-3	
5.293058E+3	300.000000E+0	301.180000E+0	0.000000E+0	32.000000E+0	1.235057E+6	1.235057E+6	331.885141E+3	331.885141E+3	1.000223E+0	
5.298547E+3	300.000000E+0	301.180000E+0	0.000000E+0	36.000000E+0	1.316811E+6	1.316811E+6	364.214073E+3	364.214073E+3	1.000434E+0	
5.304036E+3	300.000000E+0	301.180000E+0	0.000000E+0	33.000000E+0	1.274415E+6	1.274415E+6	356.767090E+3	356.767090E+3	1.000008E+0	
5.309524E+3	300.000000E+0	301.180000E+0	0.000000E+0	32.000000E+0	1.276840E+6	1.276840E+6	328.942058E+3	328.942058E+3	999.804000E-3	
5.315009E+3	300.000000E+0	301.180000E+0	0.000000E+0	35.000000E+0	1.280688E+6	1.280688E+6	330.474495E+3	330.474495E+3	999.731000E-3	
5.320475E+3	300.000000E+0	301.180000E+0	0.000000E+0	34.000000E+0	1.325662E+6	1.325662E+6	356.780402E+3	356.780402E+3	1.000053E+0	
5.325955E+3	300.000000E+0	301.180000E+0	0.000000E+0	31.000000E+0	1.324396E+6	1.324396E+6	349.936424E+3	349.936424E+3	999.919000E-3	
5.331419E+3	300.000000E+0	301.180000E+0	0.000000E+0	31.000000E+0	1.310210E+6	1.310210E+6	363.523516E+3	363.523516E+3	1.000083E+0	
5.336891E+3	300.000000E+0	301.180000E+0	0.000000E+0	31.000000E+0	1.291118E+6	1.291118E+6	334.578637E+3	334.578637E+3	999.984000E-3	
5.342357E+3	300.000000E+0	301.180000E+0	0.000000E+0	34.000000E+0	1.316084E+6	1.316084E+6	365.288565E+3	365.288565E+3	999.724000E-3	
5.347835E+3	300.000000E+0	301.180000E+0	0.000000E+0	31.000000E+0	1.325532E+6	1.325532E+6	360.759301E+3	360.759301E+3	1.000127E+0	
5.353320E+3	300.000000E+0	301.180000E+0	0.000000E+0	34.000000E+0	1.276056E+6	1.276056E+6	354.921820E+3	354.921820E+3	999.726000E-3	
5.358785E+3	300.000000E+0	301.180000E+0	0.000000E+0	32.000000E+0	1.219403E+6	1.219403E+6	319.646296E+3	319.646296E+3	1.000471E+0	
5.364274E+3	300.000000E+0	301.180000E+0	0.000000E+0	31.000000E+0	1.269665E+6	1.269665E+6	355.111501E+3	355.111501E+3	999.785000E-3	
5.369732E+3	300.000000E+0	301.180000E+0	0.000000E+0	30.000000E+0	1.282914E+6	1.282914E+6	353.609293E+3	353.609293E+3	999.518000E-3	
5.375189E+3	300.000000E+0	301.180000E+0	0.000000E+0	30.000000E+0	1.318799E+6	1.318799E+6	354.999538E+3	354.999538E+3	999.874000E-3	
5.380647E+3	300.000000E+0	301.180000E+0	0.000000E+0	32.000000E+0	1.274539E+6	1.274539E+6	338.790092E+3	338.790092E+3	999.799000E-3	
5.386122E+3	300.000000E+0	301.180000E+0	0.000000E+0	32.000000E+0	1.250139E+6	1.250139E+6	322.563712E+3	322.563712E+3	1.000224E+0	
5.391618E+3	300.000000E+0	301.180000E+0	0.000000E+0	30.000000E+0	1.282640E+6	1.282640E+6	337.690769E+3	337.690769E+3	1.000126E+0	
5.397090E+3	300.000000E+0	301.180000E+0	0.000000E+0	31.000000E+0	1.221570E+6	1.221570E+6	317.305673E+3	317.305673E+3	1.000441E+0	
5.402567E+3	300.000000E+0	301.180000E+0	0.000000E+0	29.000000E+0	1.248387E+6	1.248387E+6	325.935148E+3	325.935148E+3	1.000220E+0	
5.408033E+3	300.000000E+0	301.180000E+0	0.000000E+0	28.000000E+0	1.294204E+6	1.294204E+6	362.280622E+3	362.280622E+3	999.954000E-3	
5.413500E+3	300.000000E+0	301.180000E+0	0.000000E+0	30.000000E+0	1.254372E+6	1.254372E+6	327.321928E+3	327.321928E+3	1.000098E+0	
5.418966E+3	300.000000E+0	301.180000E+0	0.000000E+0	29.000000E+0	1.273378E+6	1.273378E+6	349.689967E+3	349.689967E+3	1.000111E+0	
5.424430E+3	300.000000E+0	301.180000E+0	0.000000E+0	0.000000E+0	1.227858E+6	1.227858E+6	324.301796E+3	324.301796E+3	1.000201E+0	
5.430588E+3	300.000000E+0	301.180000E+0	0.000000E+0	0.000000E+0	1.240311E+6	1.240311E+6	316.599032E+3	316.599032E+3	999.443000E-3	
5.436748E+3	300.000000E+0	301.180000E+0	0.000000E+0	0.000000E+0	1.258156E+6	1.258156E+6	330.943722E+3	330.943722E+3	999.756000E-3	
5.442895E+3	300.000000E+0	301.180000E+0	0.000000E+0	0.000000E+0	1.232545E+6	1.232545E+6	323.305607E+3	323.305607E+3	1.000210E+0	
5.449056E+3	300.000000E+0	301.180000E+0	0.000000E+0	0.000000E+0	1.223050E+6	1.223050E+6	329.455866E+3	329.455866E+3	1.000002E+0	
5.455202E+3	300.000000E+0	301.180000E+0	0.000000E+0	0.000000E+0	1.287057E+6	1.287057E+6	346.170777E+3	346.170777E+3	999.940000E-3	
5.461361E+3	300.000000E+0	301.060000E+0	0.000000E+0	0.000000E+0	1.301734E+6	1.301734E+6	356.299059E+3	356.299059E+3	1.000005E+0	
5.467507E+3	300.000000E+0	301.060000E+0	0.000000E+0	0.000000E+0	1.240130E+6	1.240130E+6	322.263615E+3	322.263615E+3	1.000326E+0	
5.473667E+3	300.000000E+0	300.940000E+0	-218.765977E-3	0.000000E+0	1.285494E+6	1.285494E+6	350.394759E+3	350.394759E+3	999.716000E-3	
5.479826E+3	300.000000E+0	300.940000E+0	-428.031996E-3	0.000000E+0	1.276110E+6	1.276110E+6	349.873650E+3	349.873650E+3	999.883000E-3	
5.485987E+3	300.000000E+0	300.830000E+0	-637.152136E-3	0.000000E+0	1.245087E+6	1.245087E+6	345.873490E+3	345.873490E+3	999.929000E-3	
5.492144E+3	300.000000E+0	300.690000E+0	-637.152136E-3	0.000000E+0	1.216504E+6	1.216504E+6	329.370872E+3	329.370872E+3	1.000076E+0	
5.498340E+3	300.000000E+0	300.570000E+0	-628.513036E-3	0.000000E+0	1.214063E+6	1.214063E+6	326.231529E+3	326.231529E+3	999.866000E-3	
5.504190E+3	300.000000E+0	300.460000E+0	-875.155328E-3	2.000000E+0	1.279517E+6	1.279517E+6	338.476800E+3	338.476800E+3	999.623000E-3	
5.509744E+3	300.000000E+0	300.340000E+0	-1.130771E+0	2.000000E+0	1.245843E+6	1.245843E+6	322.743239E+3	322.743239E+3	1.000175E+0	
5.515213E+3	300.000000E+0	300.220000E+0	-1.349752E+0	2.000000E+0	1.229202E+6	1.229202E+6	323.413054E+3	323.413054E+3	1.000165E+0	
5.520686E+3	300.000000E+0	300.110000E+0	-1.295153E+0	2.000000E+0	1.246672E+6	1.246672E+6	343.332918E+3	343.332918E+3	999.831000E-3	
5.526155E+3	300.000000E+0	299.990000E+0	-1.238029E+0	3.000000E+0	1.224547E+6	1.224547E+6	318.599469E+3	318.599469E+3	1.000075E+0	
5.531618E+3	300.000000E+0	299.760000E+0	-1.217462E+0	4.000000E+0	1.274569E+6	1.274569E+6	350.028039E+3	350.028039E+3	1.000065E+0	
5.537082E+3	300.000000E+0	299.640000E+0	-1.216485E+0	5.000000E+0	1.202053E+6	1.202053E+6	323.477691E+3	323.477691E+3	1.000060E+0	
5.542562E+3	300.000000E+0	299.530000E+0	-1.409479E+0	6.000000E+0	1.220576E+6	1.220576E+6	317.386502E+3	317.386502E+3	1.000140E+0	
5.548029E+3	300.000000E+0	299.390000E+0	-1.620958E+0	6.000000E+0	1.266868E+6	1.266868E+6	348.492048E+3	348.492048E+3	999.749000E-3	
5.553496E+3	300.000000E+0	299.280000E+0	-1.622110E+0	7.000000E+0	1.232106E+6	1.232106E+6	319.956865E+3	319.956865E+3	999.731000E-3	
5.558960E+3	300.000000E+0	299.280000E+0	-1.448094E+0	8.000000E+0	1.263996E+6	1.263996E+6	347.861611E+3	347.861611E+3	1.000137E+0	
5.564426E+3	300.000000E+0	299.160000E+0	-1.273280E+0	8.000000E+0	1.239258E+6	1.239258E+6	321.659126E+3	321.659126E+3	999.771000E-3	
5.569917E+3	300.000000E+0	299.050000E+0	-1.063435E+0	9.000000E+0	1.212766E+6	1.212766E+6	333.418627E+3	333.418627E+3	1.000047E+0	
5.575376E+3	300.000000E+0	298.930000E+0	-845.764880E-3	15.000000E+0	1.209958E+6	1.209958E+6	326.006119E+3	326.006119E+3	1.000563E+0	
5.580868E+3	300.000000E+0	298.930000E+0	-829.514342E-3	18.000000E+0	1.238953E+6	1.238953E+6	342.794925E+3	342.794925E+3	999.922000E-3	
5.586357E+3	300.000000E+0	298.810000E+0	-1.057514E+0	20.000000E+0	1.259180E+6	1.259180E+6	334.080980E+3	334.080980E+3	1.000129E+0	
5.591819E+3	300.000000E+0	298.700000E+0	-1.048304E+0	22.000000E+0	1.252037E+6	1.252037E+6	343.697679E+3	343.697679E+3	1.000565E+0	
5.597277E+3	300.000000E+0	298.580000E+0	-837.733466E-3	24.000000E+0	1.226846E+6	1.226846E+6	336.114620E+3	336.114620E+3	1.000358E+0	
5.602775E+3	300.000000E+0	298.580000E+0	-837.007835E-3	25.000000E+0	1.212214E+6	1.212214E+6	329.266519E+3	329.266519E+3	1.000040E+0	
5.608293E+3	300.000000E+0	298.580000E+0	-1.047335E+0	26.000000E+0	1.254620E+6	1.254620E+6	346.355056E+3	346.355056E+3	999.581000E-3	
5.613759E+3	300.000000E+0	298.470000E+0	-1.056402E+0	28.000000E+0	1.243235E+6	1.243235E+6	327.808025E+3	327.808025E+3	1.000158E+0	
5.619219E+3	300.000000E+0	298.470000E+0	-637.635418E-3	30.000000E+0	1.243298E+6	1.243298E+6	342.472744E+3	342.472744E+3	1.000121E+0	
5.624681E+3	300.000000E+0	298.470000E+0	-418.688148E-3	32.000000E+0	1.221548E+6	1.221548E+6	325.277364E+3	325.277364E+3	999.739000E-3	
5.630150E+3	300.000000E+0	298.350000E+0	-401.126100E-3	32.000000E+0	1.257108E+6	1.257108E+6	340.469035E+3	340.469035E+3	999.715000E-3	
5.635623E+3	300.000000E+0	298.350000E+0	-401.126100E-3	35.000000E+0	1.247970E+6	1.247970E+6	336.459243E+3	336.459243E+3	1.000348E+0	
5.641091E+3	300.000000E+0	298.350000E+0	-409.509475E-3	35.000000E+0	1.222468E+6	1.222468E+6	316.266548E+3	316.266548E+3	1.000089E+0	
5.646559E+3	300.000000E+0	298.350000E+0	-427.985870E-3	37.000000E+0	1.234582E+6	1.234582E+6	337.461721E+3	337.461721E+3	999.814000E-3	
5.652056E+3	300.000000E+0	298.350000E+0	-427.985870E-3	48.000000E+0	1.248994E+6	1.248994E+6	348.783291E+3	348.783291E+3	999.845000E-3	
5.657582E+3	300.000000E+0	298.350000E+0	-218.865730E-3	64.000000E+0	1.236385E+6	1.236385E+6	320.698439E+3	320.698439E+3	999.815000E-3	
5.663051E+3	300.000000E+0	298.350000E+0	0.000000E+0	78.000000E+0	1.202302E+6	1.202302E+6	323.136616E+3	323.136616E+3	1.000099E+0	
5.668546E+3	300.000000E+0	298.470000E+0	0.000000E+0	95.000000E+0	1.215744E+6	1.215744E+6	322.270251E+3	322.270251E+3	999.852000E-3	
5.674018E+3	300.000000E+0	298.470000E+0	0.000000E+0	100.000000E+0	1.211127E+6	1.211127E+6	332.756784E+3	332.756784E+3	1.000258E+0	
5.679476E+3	300.000000E+0	298.470000E+0	218.586648E-3	100.000000E+0	1.212798E+6	1.212798E+6	333.418810E+3	333.418810E+3	1.000304E+0	
5.684938E+3	300.000000E+0	298.580000E+0	437.233034E-3	100.000000E+0	1.204885E+6	1.204885E+6	322.466100E+3	322.466100E+3	999.633000E-3	
5.690389E+3	300.000000E+0	298.700000E+0	437.233034E-3	100.000000E+0	1.255018E+6	1.255018E+6	335.532527E+3	335.532527E+3	999.722000E-3	
5.695842E+3	300.000000E+0	298.810000E+0	419.291601E-3	100.000000E+0	1.208054E+6	1.208054E+6	316.769935E+3	316.769935E+3	1.000196E+0	
5.701311E+3	300.000000E+0	299.050000E+0	620.329232E-3	100.000000E+0	1.219902E+6	1.219902E+6	336.868139E+3	336.868139E+3	1.000076E+0	
5.706773E+3	300.000000E+0	299.280000E+0	1.040281E+0	100.000000E+0	1.209538E+6	1.209538E+6	320.733522E+3	320.733522E+3	999.756000E-3	
5.712240E+3	300.000000E+0	299.530000E+0	1.450635E+0	100.000000E+0	1.257696E+6	1.257696E+6	340.101494E+3	340.101494E+3	1.000019E+0	
5.717732E+3	300.000000E+0	299.880000E+0	1.850576E+0	100.000000E+0	1.255351E+6	1.255351E+6	332.616586E+3	332.616586E+3	999.498000E-3	
5.723189E+3	300.000000E+0	300.340000E+0	2.267834E+0	93.000000E+0	1.242932E+6	1.242932E+6	333.978814E+3	333.978814E+3	999.703000E-3	
5.728688E+3	300.000000E+0	300.940000E+0	2.703439E+0	71.000000E+0	1.201415E+6	1.201415E+6	331.873371E+3	331.873371E+3	1.000382E+0	
5.734161E+3	300.000000E+0	301.290000E+0	3.356055E+0	50.000000E+0	1.225427E+6	1.225427E+6	331.602699E+3	331.602699E+3	1.000635E+0	
5.739628E+3	300.000000E+0	301.760000E+0	4.440766E+0	30.000000E+0	1.197344E+6	1.197344E+6	306.647516E+3	306.647516E+3	1.000381E+0	
5.745098E+3	300.000000E+0	302.250000E+0	5.123537E+0	17.000000E+0	1.206086E+6	1.206086E+6	332.754275E+3	332.754275E+3	1.000111E+0	
5.750559E+3	300.000000E+0	302.720000E+0	5.144971E+0	6.000000E+0	1.195830E+6	1.195830E+6	313.907526E+3	313.907526E+3	999.869000E-3	
5.756032E+3	300.000000E+0	303.090000E+0	4.971743E+0	1.000000E+0	1.182688E+6	1.182688E+6	322.360597E+3	322.360597E+3	1.000471E+0	
5.761495E+3	300.000000E+0	303.450000E+0	4.994573E+0	1.000000E+0	1.167180E+6	1.167180E+6	305.916017E+3	305.916017E+3	1.000367E+0	
5.766963E+3	300.000000E+0	303.800000E+0	5.032818E+0	1.000000E+0	1.193990E+6	1.193990E+6	329.232111E+3	329.232111E+3	999.644000E-3	
5.772447E+3	300.000000E+0	304.060000E+0	4.614466E+0	1.000000E+0	1.190864E+6	1.190864E+6	312.442218E+3	312.442218E+3	999.564000E-3	
5.777943E+3	300.000000E+0	304.290000E+0	4.156627E+0	1.000000E+0	1.181135E+6	1.181135E+6	314.344103E+3	314.344103E+3	999.890000E-3	
5.783418E+3	300.000000E+0	304.410000E+0	2.621590E+0	1.000000E+0	1.190704E+6	1.190704E+6	311.370457E+3	311.370457E+3	999.858000E-3	
5.788890E+3	300.000000E+0	304.530000E+0	1.288745E+0	1.000000E+0	1.190745E+6	1.190745E+6	329.396043E+3	329.396043E+3	1.000178E+0	
5.794346E+3	300.000000E+0	304.530000E+0	635.603192E-3	1.000000E+0	1.203467E+6	1.203467E+6	329.807692E+3	329.807692E+3	1.000033E+0	
5.799808E+3	300.000000E+0	304.650000E+0	1.079264E+0	1.000000E+0	1.173825E+6	1.173825E+6	315.801458E+3	315.801458E+3	1.000111E+0	
5.805371E+3	300.000000E+0	304.650000E+0	1.301314E+0	1.000000E+0	1.161876E+6	1.161876E+6	308.627178E+3	308.627178E+3	1.000375E+0	
5.810828E+3	300.000000E+0	304.650000E+0	879.015999E-3	1.000000E+0	1.170919E+6	1.170919E+6	310.547762E+3	310.547762E+3	999.988000E-3	
5.816297E+3	300.000000E+0	304.650000E+0	656.859853E-3	1.000000E+0	1.214525E+6	1.214525E+6	329.526244E+3	329.526244E+3	1.000064E+0	
5.821818E+3	300.000000E+0	304.530000E+0	437.313352E-3	1.000000E+0	1.206047E+6	1.206047E+6	332.733205E+3	332.733205E+3	999.801000E-3	
5.827294E+3	300.000000E+0	304.410000E+0	218.387722E-3	1.000000E+0	1.211643E+6	1.211643E+6	334.060614E+3	334.060614E+3	999.872000E-3	
5.832755E+3	300.000000E+0	304.410000E+0	-219.606764E-3	1.000000E+0	1.193293E+6	1.193293E+6	329.910959E+3	329.910959E+3	999.765000E-3	
5.838166E+3	300.000000E+0	304.290000E+0	-658.659588E-3	1.000000E+0	1.206797E+6	1.206797E+6	323.171762E+3	323.171762E+3	1.000362E+0	
5.843576E+3	300.000000E+0	304.290000E+0	-877.545277E-3	1.000000E+0	1.172947E+6	1.172947E+6	312.522587E+3	312.522587E+3	999.656000E-3	
5.849031E+3	300.000000E+0	304.180000E+0	-876.624741E-3	1.000000E+0	1.180484E+6	1.180484E+6	305.722874E+3	305.722874E+3	999.504000E-3	
5.854534E+3	300.000000E+0	304.060000E+0	-656.957851E-3	1.000000E+0	1.217662E+6	1.217662E+6	322.692668E+3	322.692668E+3	999.664000E-3	
5.860000E+3	300.000000E+0	303.940000E+0	-639.304705E-3	1.000000E+0	1.207532E+6	1.207532E+6	331.313308E+3	331.313308E+3	1.000187E+0	
5.865453E+3	300.000000E+0	303.800000E+0	-840.877683E-3	1.000000E+0	1.220486E+6	1.220486E+6	327.592290E+3	327.592290E+3	999.773000E-3	
5.870935E+3	300.000000E+0	303.680000E+0	-1.059943E+0	1.000000E+0	1.192853E+6	1.192853E+6	329.533308E+3	329.533308E+3	999.897000E-3	
5.876424E+3	300.000000E+0	303.680000E+0	-1.332703E+0	1.000000E+0	1.188200E+6	1.188200E+6	309.106629E+3	309.106629E+3	999.775000E-3	
5.881893E+3	300.000000E+0	303.570000E+0	-1.386567E+0	1.000000E+0	1.189226E+6	1.189226E+6	328.520620E+3	328.520620E+3	999.770000E-3	
5.887421E+3	300.000000E+0	303.450000E+0	-1.167742E+0	1.000000E+0	1.148810E+6	1.148810E+6	305.278087E+3	305.278087E+3	1.000349E+0	
5.892909E+3	300.000000E+0	303.330000E+0	-894.945204E-3	1.000000E+0	1.209852E+6	1.209852E+6	324.892956E+3	324.892956E+3	1.000257E+0	
5.898381E+3	300.000000E+0	303.210000E+0	-841.197006E-3	1.000000E+0	1.169109E+6	1.169109E+6	308.391306E+3	308.391306E+3	999.927000E-3	
