Tiempo (s)	Setpoint (K)	Temperatura (K)	dT/dt (K/min)	Potencia_LS (%)	Rrem1 (Ohm)	std Rrem1 (Ohm)	Rrem2 (Ohm)		std Rrem2 (Ohm)	V4W (V)	
28.608636E+0	286.131272E+0	286.040000E+0	0.000000E+0	66.000000E+0	1.000000E+0	1.000000E+0	0.000000E+0	0.000000E+0	99.100000E+36	
33.869937E+0	286.131272E+0	285.820000E+0	0.000000E+0	10.000000E+0	48.767268E+6	48.767268E+6	-2.414634E+45	-2.414634E+45	999.729000E-3	
39.355251E+0	286.218960E+0	285.490000E+0	0.000000E+0	12.000000E+0	7.359260E+6	7.359260E+6	1.203915E+6	1.203915E+6	998.578000E-3	
44.838565E+0	286.310382E+0	285.270000E+0	0.000000E+0	15.000000E+0	6.593684E+6	6.593684E+6	1.097287E+6	1.097287E+6	999.009000E-3	
50.330879E+0	286.401771E+0	284.950000E+0	0.000000E+0	19.000000E+0	8.817596E+6	8.817596E+6	1.421108E+6	1.421108E+6	999.739000E-3	
55.847195E+0	286.493309E+0	284.640000E+0	-999.397684E-3	24.000000E+0	5.977749E+6	5.977749E+6	887.631595E+3	887.631595E+3	999.360000E-3	
61.347509E+0	286.585248E+0	284.210000E+0	-1.983038E+0	30.000000E+0	10.830200E+6	10.830200E+6	1.645498E+6	1.645498E+6	1.001252E+0	
66.848824E+0	286.676920E+0	283.890000E+0	-3.131873E+0	36.000000E+0	5.864042E+6	5.864042E+6	897.954532E+3	897.954532E+3	999.526000E-3	
72.323137E+0	286.768608E+0	283.450000E+0	-3.481286E+0	44.000000E+0	7.564664E+6	7.564664E+6	1.182086E+6	1.182086E+6	999.519000E-3	
77.818451E+0	286.859847E+0	283.020000E+0	-3.863067E+0	51.000000E+0	8.160194E+6	8.160194E+6	1.331260E+6	1.331260E+6	1.000603E+0	
83.383770E+0	286.951435E+0	282.490000E+0	-4.100760E+0	61.000000E+0	8.041048E+6	8.041048E+6	1.218823E+6	1.218823E+6	1.000226E+0	
88.881084E+0	287.000000E+0	282.060000E+0	-4.341335E+0	72.000000E+0	5.443877E+6	5.443877E+6	889.419820E+3	889.419820E+3	999.768000E-3	
94.361397E+0	287.000000E+0	281.740000E+0	-4.728919E+0	78.000000E+0	6.068442E+6	6.068442E+6	987.396637E+3	987.396637E+3	999.533000E-3	
99.854712E+0	287.000000E+0	281.310000E+0	-5.093156E+0	89.000000E+0	10.833756E+6	10.833756E+6	1.777336E+6	1.777336E+6	999.739000E-3	
105.330025E+0	287.000000E+0	280.900000E+0	-4.864607E+0	98.000000E+0	6.444836E+6	6.444836E+6	955.603159E+3	955.603159E+3	999.594000E-3	
110.809338E+0	287.000000E+0	280.580000E+0	-4.471329E+0	100.000000E+0	9.844605E+6	9.844605E+6	1.500548E+6	1.500548E+6	1.000015E+0	
116.295652E+0	287.000000E+0	280.370000E+0	-4.250948E+0	100.000000E+0	6.120576E+6	6.120576E+6	940.581445E+3	940.581445E+3	999.490000E-3	
121.807967E+0	287.000000E+0	280.160000E+0	-4.222031E+0	100.000000E+0	6.666402E+6	6.666402E+6	1.064317E+6	1.064317E+6	999.627000E-3	
127.291281E+0	287.000000E+0	279.940000E+0	-3.829314E+0	100.000000E+0	5.658521E+6	5.658521E+6	892.333258E+3	892.333258E+3	999.408000E-3	
132.773594E+0	287.000000E+0	279.730000E+0	-3.064959E+0	100.000000E+0	20.706825E+6	20.706825E+6	3.255293E+6	3.255293E+6	1.001175E+0	
138.270909E+0	287.000000E+0	279.520000E+0	-2.516451E+0	100.000000E+0	6.793080E+6	6.793080E+6	982.058864E+3	982.058864E+3	999.398000E-3	
143.766223E+0	287.000000E+0	279.310000E+0	-2.332853E+0	100.000000E+0	7.466677E+6	7.466677E+6	1.185924E+6	1.185924E+6	999.116000E-3	
149.268538E+0	287.000000E+0	279.200000E+0	-2.331041E+0	100.000000E+0	8.370604E+6	8.370604E+6	1.269547E+6	1.269547E+6	998.613000E-3	
154.748851E+0	287.000000E+0	279.110000E+0	-2.312126E+0	100.000000E+0	6.738627E+6	6.738627E+6	974.217001E+3	974.217001E+3	999.608000E-3	
160.228165E+0	287.000000E+0	279.010000E+0	-2.111984E+0	100.000000E+0	7.586667E+6	7.586667E+6	1.176093E+6	1.176093E+6	999.771000E-3	
165.709478E+0	287.000000E+0	278.900000E+0	-1.711944E+0	100.000000E+0	10.566287E+6	10.566287E+6	1.707532E+6	1.707532E+6	1.001050E+0	
171.227794E+0	287.000000E+0	278.900000E+0	-1.293891E+0	100.000000E+0	6.557626E+6	6.557626E+6	957.307793E+3	957.307793E+3	1.000497E+0	
176.712108E+0	287.000000E+0	278.900000E+0	-1.093881E+0	100.000000E+0	7.231689E+6	7.231689E+6	1.062874E+6	1.062874E+6	999.998000E-3	
182.199421E+0	287.000000E+0	278.900000E+0	-929.727246E-3	100.000000E+0	7.049834E+6	7.049834E+6	1.093089E+6	1.093089E+6	999.173000E-3	
187.715737E+0	287.000000E+0	278.900000E+0	-583.284629E-3	100.000000E+0	5.908703E+6	5.908703E+6	933.726128E+3	933.726128E+3	999.339000E-3	
193.193050E+0	287.000000E+0	278.900000E+0	-200.024929E-3	100.000000E+0	6.452049E+6	6.452049E+6	940.415618E+3	940.415618E+3	999.745000E-3	
198.713366E+0	287.000000E+0	279.010000E+0	0.000000E+0	100.000000E+0	6.213730E+6	6.213730E+6	954.844682E+3	954.844682E+3	1.000162E+0	
204.188679E+0	287.000000E+0	279.110000E+0	0.000000E+0	100.000000E+0	7.243395E+6	7.243395E+6	1.176817E+6	1.176817E+6	1.000168E+0	
209.704995E+0	287.000000E+0	279.110000E+0	200.718443E-3	100.000000E+0	7.116386E+6	7.116386E+6	1.051862E+6	1.051862E+6	1.000208E+0	
215.224310E+0	287.000000E+0	279.200000E+0	583.036136E-3	100.000000E+0	11.351431E+6	11.351431E+6	1.756035E+6	1.756035E+6	999.834000E-3	
220.707624E+0	287.000000E+0	279.310000E+0	765.092180E-3	100.000000E+0	7.690666E+6	7.690666E+6	1.248133E+6	1.248133E+6	999.402000E-3	
226.192938E+0	287.000000E+0	279.310000E+0	728.328648E-3	100.000000E+0	5.932263E+6	5.932263E+6	951.711658E+3	951.711658E+3	999.883000E-3	
231.679252E+0	287.000000E+0	279.410000E+0	710.488002E-3	100.000000E+0	8.602928E+6	8.602928E+6	1.350034E+6	1.350034E+6	998.886000E-3	
237.160565E+0	287.000000E+0	279.520000E+0	728.475082E-3	100.000000E+0	6.759253E+6	6.759253E+6	1.101317E+6	1.101317E+6	999.288000E-3	
242.639878E+0	287.000000E+0	279.620000E+0	746.278386E-3	100.000000E+0	8.781535E+6	8.781535E+6	1.373329E+6	1.373329E+6	1.001095E+0	
248.121192E+0	287.000000E+0	279.620000E+0	763.458891E-3	100.000000E+0	6.452962E+6	6.452962E+6	998.715632E+3	998.715632E+3	999.822000E-3	
253.605505E+0	287.000000E+0	279.730000E+0	945.351003E-3	100.000000E+0	8.997921E+6	8.997921E+6	1.450723E+6	1.450723E+6	999.849000E-3	
259.090819E+0	287.000000E+0	279.840000E+0	945.881146E-3	100.000000E+0	7.093098E+6	7.093098E+6	1.137411E+6	1.137411E+6	999.914000E-3	
264.582133E+0	287.000000E+0	279.940000E+0	763.740565E-3	100.000000E+0	9.200350E+6	9.200350E+6	1.318276E+6	1.318276E+6	1.000078E+0	
270.067447E+0	287.000000E+0	279.940000E+0	781.056556E-3	100.000000E+0	6.865419E+6	6.865419E+6	1.005031E+6	1.005031E+6	999.811000E-3	
275.553761E+0	287.000000E+0	280.050000E+0	981.818172E-3	100.000000E+0	7.677388E+6	7.677388E+6	1.114899E+6	1.114899E+6	999.212000E-3	
281.034074E+0	287.000000E+0	280.050000E+0	964.589558E-3	100.000000E+0	11.006513E+6	11.006513E+6	1.646982E+6	1.646982E+6	1.000382E+0	
286.516388E+0	287.000000E+0	280.160000E+0	765.563513E-3	100.000000E+0	7.302920E+6	7.302920E+6	1.177401E+6	1.177401E+6	1.000354E+0	
292.013702E+0	287.000000E+0	280.260000E+0	582.939393E-3	100.000000E+0	9.556855E+6	9.556855E+6	1.558447E+6	1.558447E+6	1.000316E+0	
297.499016E+0	287.000000E+0	280.260000E+0	601.314559E-3	100.000000E+0	6.712059E+6	6.712059E+6	1.083785E+6	1.083785E+6	999.694000E-3	
303.000331E+0	287.000000E+0	280.370000E+0	783.894929E-3	100.000000E+0	7.191429E+6	7.191429E+6	1.150864E+6	1.150864E+6	1.000184E+0	
308.482645E+0	287.000000E+0	280.470000E+0	765.591436E-3	100.000000E+0	6.701011E+6	6.701011E+6	1.072097E+6	1.072097E+6	1.000662E+0	
313.975958E+0	287.000000E+0	280.470000E+0	764.916477E-3	100.000000E+0	6.161662E+6	6.161662E+6	899.800234E+3	899.800234E+3	999.360000E-3	
319.461272E+0	287.000000E+0	280.580000E+0	764.080877E-3	100.000000E+0	7.025706E+6	7.025706E+6	1.027044E+6	1.027044E+6	999.758000E-3	
324.942586E+0	287.000000E+0	280.690000E+0	764.147234E-3	100.000000E+0	9.005870E+6	9.005870E+6	1.339437E+6	1.339437E+6	1.000282E+0	
330.420899E+0	287.000000E+0	280.690000E+0	764.675871E-3	100.000000E+0	6.900193E+6	6.900193E+6	1.097656E+6	1.097656E+6	999.907000E-3	
335.976217E+0	287.000000E+0	280.790000E+0	783.850020E-3	100.000000E+0	9.598627E+6	9.598627E+6	1.493571E+6	1.493571E+6	999.985000E-3	
341.471531E+0	287.000000E+0	280.790000E+0	802.160224E-3	100.000000E+0	8.781123E+6	8.781123E+6	1.324061E+6	1.324061E+6	999.643000E-3	
346.961845E+0	287.000000E+0	280.900000E+0	783.815144E-3	100.000000E+0	6.637179E+6	6.637179E+6	994.033147E+3	994.033147E+3	999.161000E-3	
352.438159E+0	287.000000E+0	280.900000E+0	564.198285E-3	100.000000E+0	6.889355E+6	6.889355E+6	1.009022E+6	1.009022E+6	999.232000E-3	
357.920472E+0	287.000000E+0	281.010000E+0	562.728964E-3	100.000000E+0	6.371705E+6	6.371705E+6	936.401377E+3	936.401377E+3	999.147000E-3	
363.428787E+0	287.000000E+0	281.010000E+0	580.236807E-3	100.000000E+0	7.527305E+6	7.527305E+6	1.209215E+6	1.209215E+6	999.325000E-3	
368.919101E+0	287.000000E+0	281.110000E+0	599.007676E-3	100.000000E+0	9.613613E+6	9.613613E+6	1.401175E+6	1.401175E+6	1.000008E+0	
374.400414E+0	287.000000E+0	281.110000E+0	600.130391E-3	100.000000E+0	10.508998E+6	10.508998E+6	1.559070E+6	1.559070E+6	998.565000E-3	
379.881728E+0	287.000000E+0	281.110000E+0	582.572785E-3	100.000000E+0	13.599171E+6	13.599171E+6	2.175799E+6	2.175799E+6	1.000899E+0	
385.369042E+0	287.000000E+0	281.220000E+0	564.563040E-3	100.000000E+0	6.325786E+6	6.325786E+6	1.003486E+6	1.003486E+6	999.664000E-3	
390.868357E+0	287.000000E+0	281.310000E+0	364.410726E-3	100.000000E+0	5.612848E+6	5.612848E+6	871.226987E+3	871.226987E+3	999.985000E-3	
396.357670E+0	287.000000E+0	281.310000E+0	382.750742E-3	100.000000E+0	5.872146E+6	5.872146E+6	891.854180E+3	891.854180E+3	999.498000E-3	
401.899988E+0	287.000000E+0	281.310000E+0	565.105573E-3	100.000000E+0	8.884015E+6	8.884015E+6	1.307074E+6	1.307074E+6	999.807000E-3	
407.407302E+0	287.000000E+0	281.420000E+0	729.209978E-3	100.000000E+0	7.194667E+6	7.194667E+6	1.163951E+6	1.163951E+6	999.627000E-3	
412.891616E+0	287.000000E+0	281.420000E+0	528.747602E-3	100.000000E+0	6.094976E+6	6.094976E+6	957.336605E+3	957.336605E+3	999.698000E-3	
418.371930E+0	287.000000E+0	281.420000E+0	364.274937E-3	100.000000E+0	6.191475E+6	6.191475E+6	980.111214E+3	980.111214E+3	999.304000E-3	
423.839242E+0	287.000000E+0	281.520000E+0	400.505128E-3	100.000000E+0	9.080323E+6	9.080323E+6	1.396803E+6	1.396803E+6	999.562000E-3	
429.337557E+0	287.000000E+0	281.520000E+0	400.505128E-3	100.000000E+0	7.567242E+6	7.567242E+6	1.126036E+6	1.126036E+6	999.330000E-3	
434.817870E+0	287.000000E+0	281.630000E+0	382.390640E-3	100.000000E+0	5.705733E+6	5.705733E+6	880.499886E+3	880.499886E+3	999.302000E-3	
440.308184E+0	287.000000E+0	281.630000E+0	364.261366E-3	100.000000E+0	8.587336E+6	8.587336E+6	1.332287E+6	1.332287E+6	998.793000E-3	
445.795498E+0	287.000000E+0	281.740000E+0	564.595953E-3	100.000000E+0	7.662399E+6	7.662399E+6	1.191149E+6	1.191149E+6	1.000556E+0	
451.282812E+0	287.000000E+0	281.740000E+0	582.819779E-3	100.000000E+0	6.296931E+6	6.296931E+6	999.119241E+3	999.119241E+3	999.134000E-3	
456.759125E+0	287.000000E+0	281.840000E+0	600.584837E-3	100.000000E+0	6.014153E+6	6.014153E+6	962.092806E+3	962.092806E+3	999.913000E-3	
462.235438E+0	287.000000E+0	281.840000E+0	600.493672E-3	100.000000E+0	8.406970E+6	8.406970E+6	1.349856E+6	1.349856E+6	999.925000E-3	
467.711752E+0	287.000000E+0	281.840000E+0	582.419123E-3	100.000000E+0	8.191590E+6	8.191590E+6	1.320861E+6	1.320861E+6	1.000357E+0	
473.199066E+0	287.000000E+0	281.950000E+0	564.355747E-3	100.000000E+0	6.052643E+6	6.052643E+6	883.013018E+3	883.013018E+3	999.594000E-3	
478.669378E+0	287.000000E+0	281.950000E+0	364.112325E-3	100.000000E+0	7.594966E+6	7.594966E+6	1.193002E+6	1.193002E+6	1.000257E+0	
484.143692E+0	287.000000E+0	282.060000E+0	381.841040E-3	100.000000E+0	6.663573E+6	6.663573E+6	1.039982E+6	1.039982E+6	1.000069E+0	
489.618005E+0	287.000000E+0	282.060000E+0	400.232148E-3	100.000000E+0	6.943134E+6	6.943134E+6	1.040564E+6	1.040564E+6	999.603000E-3	
495.111319E+0	287.000000E+0	282.060000E+0	600.512017E-3	100.000000E+0	7.069877E+6	7.069877E+6	1.156068E+6	1.156068E+6	999.822000E-3	
500.612634E+0	287.000000E+0	282.160000E+0	601.040366E-3	100.000000E+0	7.459310E+6	7.459310E+6	1.223291E+6	1.223291E+6	999.100000E-3	
506.100947E+0	287.000000E+0	282.160000E+0	400.742254E-3	100.000000E+0	6.337177E+6	6.337177E+6	1.022820E+6	1.022820E+6	999.753000E-3	
511.580261E+0	287.000000E+0	282.160000E+0	382.800604E-3	100.000000E+0	7.121205E+6	7.121205E+6	1.065875E+6	1.065875E+6	999.105000E-3	
517.109577E+0	287.000000E+0	282.270000E+0	364.361120E-3	100.000000E+0	6.086018E+6	6.086018E+6	905.005481E+3	905.005481E+3	999.385000E-3	
522.600891E+0	287.000000E+0	282.270000E+0	364.361120E-3	100.000000E+0	5.984107E+6	5.984107E+6	982.233367E+3	982.233367E+3	999.286000E-3	
528.081204E+0	287.000000E+0	282.270000E+0	382.321012E-3	100.000000E+0	6.118026E+6	6.118026E+6	998.485534E+3	998.485534E+3	1.000236E+0	
533.567518E+0	287.000000E+0	282.380000E+0	400.833590E-3	100.000000E+0	5.867712E+6	5.867712E+6	925.859751E+3	925.859751E+3	999.506000E-3	
539.055832E+0	287.000000E+0	282.380000E+0	400.833590E-3	100.000000E+0	6.008053E+6	6.008053E+6	887.173077E+3	887.173077E+3	999.740000E-3	
544.536146E+0	287.000000E+0	282.490000E+0	400.251696E-3	100.000000E+0	6.301444E+6	6.301444E+6	909.236663E+3	909.236663E+3	999.283000E-3	
550.020460E+0	287.000000E+0	282.490000E+0	399.868539E-3	100.000000E+0	5.965079E+6	5.965079E+6	901.600728E+3	901.600728E+3	999.628000E-3	
555.552776E+0	287.000000E+0	282.490000E+0	599.893468E-3	100.000000E+0	7.304473E+6	7.304473E+6	1.090995E+6	1.090995E+6	999.471000E-3	
561.030089E+0	287.000000E+0	282.490000E+0	600.093120E-3	100.000000E+0	6.889272E+6	6.889272E+6	1.062459E+6	1.062459E+6	999.220000E-3	
566.515403E+0	287.000000E+0	282.590000E+0	399.940798E-3	100.000000E+0	5.959248E+6	5.959248E+6	872.934355E+3	872.934355E+3	999.485000E-3	
572.002717E+0	287.000000E+0	282.590000E+0	199.915869E-3	100.000000E+0	6.653151E+6	6.653151E+6	1.077112E+6	1.077112E+6	999.902000E-3	
577.485031E+0	287.000000E+0	282.700000E+0	181.560205E-3	100.000000E+0	6.808689E+6	6.808689E+6	1.024639E+6	1.024639E+6	999.107000E-3	
582.967344E+0	287.000000E+0	282.700000E+0	363.881804E-3	100.000000E+0	7.816298E+6	7.816298E+6	1.142504E+6	1.142504E+6	1.000408E+0	
588.446657E+0	287.000000E+0	282.700000E+0	563.616151E-3	100.000000E+0	7.249801E+6	7.249801E+6	1.080448E+6	1.080448E+6	1.000400E+0	
593.971973E+0	287.000000E+0	282.700000E+0	581.772163E-3	100.000000E+0	6.338347E+6	6.338347E+6	992.488744E+3	992.488744E+3	999.494000E-3	
599.460288E+0	287.000000E+0	282.810000E+0	399.450565E-3	100.000000E+0	7.856109E+6	7.856109E+6	1.163340E+6	1.163340E+6	999.847000E-3	
604.947601E+0	287.000000E+0	282.810000E+0	199.716217E-3	100.000000E+0	5.643762E+6	5.643762E+6	867.159598E+3	867.159598E+3	999.341000E-3	
610.446916E+0	287.000000E+0	282.920000E+0	199.426540E-3	100.000000E+0	6.100867E+6	6.100867E+6	988.524170E+3	988.524170E+3	999.566000E-3	
615.947230E+0	287.000000E+0	282.920000E+0	399.034034E-3	100.000000E+0	9.036058E+6	9.036058E+6	1.465342E+6	1.465342E+6	1.000382E+0	
621.427544E+0	287.000000E+0	282.920000E+0	599.022590E-3	100.000000E+0	7.552396E+6	7.552396E+6	1.232642E+6	1.232642E+6	1.000617E+0	
626.930859E+0	287.000000E+0	282.920000E+0	599.548257E-3	100.000000E+0	6.979383E+6	6.979383E+6	1.146728E+6	1.146728E+6	999.657000E-3	
632.408172E+0	287.000000E+0	283.020000E+0	399.940763E-3	100.000000E+0	5.825283E+6	5.825283E+6	954.972316E+3	954.972316E+3	999.502000E-3	
637.908486E+0	287.000000E+0	283.020000E+0	199.952206E-3	100.000000E+0	9.845378E+6	9.845378E+6	1.553397E+6	1.553397E+6	1.001078E+0	
643.392800E+0	287.000000E+0	283.020000E+0	181.989769E-3	100.000000E+0	6.133965E+6	6.133965E+6	890.543805E+3	890.543805E+3	1.000511E+0	
648.867113E+0	287.000000E+0	283.130000E+0	356.013920E-3	100.000000E+0	9.283756E+6	9.283756E+6	1.381359E+6	1.381359E+6	999.025000E-3	
654.400430E+0	287.000000E+0	283.130000E+0	356.013920E-3	100.000000E+0	6.371485E+6	6.371485E+6	1.034778E+6	1.034778E+6	999.686000E-3	
659.924746E+0	287.000000E+0	283.130000E+0	373.414545E-3	100.000000E+0	8.247257E+6	8.247257E+6	1.294110E+6	1.294110E+6	999.815000E-3	
665.428061E+0	287.000000E+0	283.240000E+0	390.401437E-3	100.000000E+0	6.403004E+6	6.403004E+6	949.650567E+3	949.650567E+3	999.573000E-3	
670.905374E+0	287.000000E+0	283.240000E+0	390.401437E-3	100.000000E+0	8.315427E+6	8.315427E+6	1.264216E+6	1.264216E+6	999.348000E-3	
676.390687E+0	287.000000E+0	283.240000E+0	391.181575E-3	100.000000E+0	7.413631E+6	7.413631E+6	1.176715E+6	1.176715E+6	999.654000E-3	
681.884002E+0	287.000000E+0	283.240000E+0	400.760860E-3	100.000000E+0	7.497368E+6	7.497368E+6	1.111371E+6	1.111371E+6	999.699000E-3	
687.371315E+0	287.000000E+0	283.350000E+0	400.760860E-3	100.000000E+0	6.434937E+6	6.434937E+6	1.031954E+6	1.031954E+6	999.217000E-3	
692.859630E+0	287.000000E+0	283.350000E+0	200.590328E-3	100.000000E+0	7.004112E+6	7.004112E+6	1.057065E+6	1.057065E+6	999.907000E-3	
698.337943E+0	287.000000E+0	283.350000E+0	199.716217E-3	100.000000E+0	9.373134E+6	9.373134E+6	1.383814E+6	1.383814E+6	999.551000E-3	
703.821257E+0	287.000000E+0	283.450000E+0	399.996095E-3	100.000000E+0	6.863917E+6	6.863917E+6	1.069471E+6	1.069471E+6	999.455000E-3	
709.310570E+0	287.000000E+0	283.450000E+0	399.996095E-3	100.000000E+0	7.057276E+6	7.057276E+6	1.055969E+6	1.055969E+6	999.522000E-3	
714.793884E+0	287.000000E+0	283.450000E+0	382.402231E-3	100.000000E+0	6.141464E+6	6.141464E+6	903.814835E+3	903.814835E+3	999.339000E-3	
720.278198E+0	287.000000E+0	283.450000E+0	364.277885E-3	100.000000E+0	6.163506E+6	6.163506E+6	952.200715E+3	952.200715E+3	999.844000E-3	
725.755511E+0	287.000000E+0	283.560000E+0	364.277885E-3	100.000000E+0	7.030921E+6	7.030921E+6	1.100769E+6	1.100769E+6	1.000500E+0	
731.235825E+0	287.000000E+0	283.560000E+0	182.155532E-3	100.000000E+0	6.249055E+6	6.249055E+6	1.008953E+6	1.008953E+6	998.974000E-3	
736.719138E+0	287.000000E+0	283.560000E+0	203.635487E-3	100.000000E+0	6.980022E+6	6.980022E+6	1.139883E+6	1.139883E+6	999.609000E-3	
742.198452E+0	287.000000E+0	283.560000E+0	403.297332E-3	100.000000E+0	7.170428E+6	7.170428E+6	1.176937E+6	1.176937E+6	1.000705E+0	
747.678765E+0	287.000000E+0	283.560000E+0	403.297332E-3	100.000000E+0	7.441014E+6	7.441014E+6	1.144158E+6	1.144158E+6	999.477000E-3	
753.189080E+0	287.000000E+0	283.670000E+0	199.661845E-3	100.000000E+0	5.974715E+6	5.974715E+6	925.891352E+3	925.891352E+3	999.749000E-3	
758.689394E+0	287.000000E+0	283.670000E+0	0.000000E+0	100.000000E+0	6.648147E+6	6.648147E+6	1.066727E+6	1.066727E+6	999.283000E-3	
764.171708E+0	287.000000E+0	283.670000E+0	200.480651E-3	100.000000E+0	6.757527E+6	6.757527E+6	1.098116E+6	1.098116E+6	999.168000E-3	
769.659022E+0	287.000000E+0	283.670000E+0	400.924764E-3	100.000000E+0	6.762843E+6	6.762843E+6	1.044444E+6	1.044444E+6	999.413000E-3	
775.139336E+0	287.000000E+0	283.780000E+0	400.924764E-3	100.000000E+0	6.784600E+6	6.784600E+6	1.043406E+6	1.043406E+6	999.643000E-3	
780.632650E+0	287.000000E+0	283.780000E+0	200.444113E-3	100.000000E+0	5.806858E+6	5.806858E+6	956.032230E+3	956.032230E+3	999.941000E-3	
786.113963E+0	287.000000E+0	283.780000E+0	200.043115E-3	100.000000E+0	5.932294E+6	5.932294E+6	971.560088E+3	971.560088E+3	999.117000E-3	
791.597277E+0	287.000000E+0	283.780000E+0	400.761558E-3	100.000000E+0	6.844909E+6	6.844909E+6	1.092623E+6	1.092623E+6	999.562000E-3	
797.080591E+0	287.000000E+0	283.890000E+0	400.761558E-3	100.000000E+0	5.993088E+6	5.993088E+6	971.789269E+3	971.789269E+3	999.647000E-3	
802.558904E+0	287.000000E+0	283.890000E+0	200.718443E-3	100.000000E+0	7.200871E+6	7.200871E+6	1.175071E+6	1.175071E+6	1.000345E+0	
808.038217E+0	287.000000E+0	283.890000E+0	199.318132E-3	100.000000E+0	6.107752E+6	6.107752E+6	991.192498E+3	991.192498E+3	999.778000E-3	
813.523531E+0	287.000000E+0	283.890000E+0	398.943737E-3	100.000000E+0	7.608314E+6	7.608314E+6	1.233936E+6	1.233936E+6	998.439000E-3	
819.009845E+0	287.000000E+0	283.990000E+0	398.943737E-3	100.000000E+0	6.179557E+6	6.179557E+6	971.645437E+3	971.645437E+3	999.358000E-3	
824.492158E+0	287.000000E+0	283.990000E+0	199.625605E-3	100.000000E+0	6.337092E+6	6.337092E+6	957.776510E+3	957.776510E+3	999.803000E-3	
830.005474E+0	287.000000E+0	283.990000E+0	182.537931E-3	100.000000E+0	8.623515E+6	8.623515E+6	1.397436E+6	1.397436E+6	1.000414E+0	
835.530790E+0	287.000000E+0	283.990000E+0	364.593975E-3	100.000000E+0	6.168792E+6	6.168792E+6	960.673599E+3	960.673599E+3	999.591000E-3	
841.031105E+0	287.000000E+0	283.990000E+0	364.593975E-3	100.000000E+0	7.089960E+6	7.089960E+6	1.085291E+6	1.085291E+6	999.188000E-3	
846.502418E+0	287.000000E+0	283.990000E+0	182.056044E-3	100.000000E+0	8.302473E+6	8.302473E+6	1.342849E+6	1.342849E+6	1.000282E+0	
851.981731E+0	287.000000E+0	283.990000E+0	0.000000E+0	100.000000E+0	6.401684E+6	6.401684E+6	1.031677E+6	1.031677E+6	999.495000E-3	
857.463044E+0	287.000000E+0	284.100000E+0	0.000000E+0	100.000000E+0	5.980284E+6	5.980284E+6	984.349270E+3	984.349270E+3	999.425000E-3	
862.942358E+0	287.000000E+0	284.100000E+0	0.000000E+0	100.000000E+0	7.178075E+6	7.178075E+6	1.185408E+6	1.185408E+6	999.188000E-3	
868.424671E+0	287.000000E+0	284.100000E+0	199.426540E-3	100.000000E+0	5.784995E+6	5.784995E+6	859.298022E+3	859.298022E+3	1.000457E+0	
873.930986E+0	287.000000E+0	284.100000E+0	399.215308E-3	100.000000E+0	6.123684E+6	6.123684E+6	1.005065E+6	1.005065E+6	999.324000E-3	
879.423300E+0	287.000000E+0	284.100000E+0	399.215308E-3	100.000000E+0	6.135645E+6	6.135645E+6	915.242421E+3	915.242421E+3	999.742000E-3	
884.930615E+0	287.000000E+0	284.100000E+0	199.788768E-3	100.000000E+0	6.010163E+6	6.010163E+6	987.406840E+3	987.406840E+3	999.971000E-3	
890.429930E+0	287.000000E+0	284.100000E+0	0.000000E+0	100.000000E+0	6.735723E+6	6.735723E+6	1.061132E+6	1.061132E+6	999.716000E-3	
895.928244E+0	287.000000E+0	284.210000E+0	0.000000E+0	100.000000E+0	7.194715E+6	7.194715E+6	1.139008E+6	1.139008E+6	1.000569E+0	
901.430559E+0	287.000000E+0	284.210000E+0	0.000000E+0	100.000000E+0	5.873707E+6	5.873707E+6	890.655993E+3	890.655993E+3	999.705000E-3	
906.905872E+0	287.000000E+0	284.210000E+0	200.498921E-3	100.000000E+0	6.530225E+6	6.530225E+6	1.052320E+6	1.052320E+6	999.255000E-3	
912.381186E+0	287.000000E+0	284.210000E+0	400.924774E-3	100.000000E+0	8.774494E+6	8.774494E+6	1.344579E+6	1.344579E+6	1.000731E+0	
917.864499E+0	287.000000E+0	284.320000E+0	400.924774E-3	100.000000E+0	8.299012E+6	8.299012E+6	1.234893E+6	1.234893E+6	999.118000E-3	
923.352813E+0	287.000000E+0	284.320000E+0	200.425853E-3	100.000000E+0	7.002557E+6	7.002557E+6	1.110011E+6	1.110011E+6	999.615000E-3	
928.838127E+0	287.000000E+0	284.320000E+0	200.681827E-3	100.000000E+0	6.592003E+6	6.592003E+6	965.301881E+3	965.301881E+3	999.018000E-3	
934.323441E+0	287.000000E+0	284.320000E+0	400.961705E-3	100.000000E+0	7.360308E+6	7.360308E+6	1.125939E+6	1.125939E+6	998.941000E-3	
939.806754E+0	287.000000E+0	284.320000E+0	400.961705E-3	100.000000E+0	7.556275E+6	7.556275E+6	1.185628E+6	1.185628E+6	1.000753E+0	
945.290068E+0	287.000000E+0	284.320000E+0	200.279878E-3	100.000000E+0	6.196300E+6	6.196300E+6	920.674888E+3	920.674888E+3	999.835000E-3	
950.761381E+0	287.000000E+0	284.320000E+0	0.000000E+0	100.000000E+0	7.324853E+6	7.324853E+6	1.140182E+6	1.140182E+6	999.403000E-3	
956.244694E+0	287.000000E+0	284.320000E+0	0.000000E+0	100.000000E+0	8.280705E+6	8.280705E+6	1.282372E+6	1.282372E+6	998.653000E-3	
961.718007E+0	287.000000E+0	284.320000E+0	0.000000E+0	100.000000E+0	6.440798E+6	6.440798E+6	957.908265E+3	957.908265E+3	999.805000E-3	
967.189320E+0	287.000000E+0	284.320000E+0	0.000000E+0	100.000000E+0	5.700131E+6	5.700131E+6	900.440397E+3	900.440397E+3	999.860000E-3	
972.687634E+0	287.000000E+0	284.430000E+0	0.000000E+0	100.000000E+0	8.030076E+6	8.030076E+6	1.322236E+6	1.322236E+6	1.000146E+0	
978.212951E+0	287.000000E+0	284.430000E+0	0.000000E+0	100.000000E+0	6.870528E+6	6.870528E+6	1.092231E+6	1.092231E+6	999.387000E-3	
983.691264E+0	287.000000E+0	284.430000E+0	200.444113E-3	100.000000E+0	7.399438E+6	7.399438E+6	1.191784E+6	1.191784E+6	1.000552E+0	
989.174578E+0	287.000000E+0	284.430000E+0	400.943034E-3	100.000000E+0	6.900456E+6	6.900456E+6	1.127296E+6	1.127296E+6	999.738000E-3	
994.655891E+0	287.000000E+0	284.430000E+0	400.943034E-3	100.000000E+0	6.530360E+6	6.530360E+6	975.740717E+3	975.740717E+3	1.000647E+0	
1.000145E+3	287.000000E+0	284.430000E+0	200.498921E-3	100.000000E+0	9.098817E+6	9.098817E+6	1.404607E+6	1.404607E+6	999.596000E-3	
1.005626E+3	287.000000E+0	284.430000E+0	0.000000E+0	100.000000E+0	8.841961E+6	8.841961E+6	1.352574E+6	1.352574E+6	999.849000E-3	
1.011123E+3	287.000000E+0	284.530000E+0	0.000000E+0	100.000000E+0	5.153565E+6	5.153565E+6	787.621269E+3	787.621269E+3	999.740000E-3	
1.016643E+3	287.000000E+0	284.530000E+0	0.000000E+0	100.000000E+0	7.824752E+6	7.824752E+6	1.193548E+6	1.193548E+6	1.000238E+0	
1.022161E+3	287.000000E+0	284.530000E+0	182.122352E-3	100.000000E+0	8.503714E+6	8.503714E+6	1.279368E+6	1.279368E+6	1.000632E+0	
1.027689E+3	287.000000E+0	284.530000E+0	364.344273E-3	100.000000E+0	8.621640E+6	8.621640E+6	1.308351E+6	1.308351E+6	1.000024E+0	
1.033210E+3	287.000000E+0	284.530000E+0	364.344273E-3	100.000000E+0	7.209359E+6	7.209359E+6	1.066062E+6	1.066062E+6	999.866000E-3	
1.038735E+3	287.000000E+0	284.640000E+0	182.221921E-3	100.000000E+0	7.891978E+6	7.891978E+6	1.156373E+6	1.156373E+6	1.000545E+0	
1.044248E+3	287.000000E+0	284.640000E+0	0.000000E+0	100.000000E+0	5.479198E+6	5.479198E+6	854.207310E+3	854.207310E+3	999.844000E-3	
1.049756E+3	287.000000E+0	284.640000E+0	200.700133E-3	100.000000E+0	6.197115E+6	6.197115E+6	1.005008E+6	1.005008E+6	998.913000E-3	
1.055275E+3	287.000000E+0	284.640000E+0	401.235612E-3	100.000000E+0	8.029853E+6	8.029853E+6	1.317826E+6	1.317826E+6	1.000600E+0	
1.060787E+3	287.000000E+0	284.640000E+0	401.235612E-3	100.000000E+0	5.999520E+6	5.999520E+6	875.656441E+3	875.656441E+3	999.400000E-3	
1.066301E+3	287.000000E+0	284.640000E+0	200.535479E-3	100.000000E+0	7.387122E+6	7.387122E+6	1.140490E+6	1.140490E+6	1.000364E+0	
1.071812E+3	287.000000E+0	284.640000E+0	0.000000E+0	100.000000E+0	7.143533E+6	7.143533E+6	1.056330E+6	1.056330E+6	1.000166E+0	
1.077323E+3	287.000000E+0	284.640000E+0	0.000000E+0	100.000000E+0	7.579041E+6	7.579041E+6	1.150448E+6	1.150448E+6	1.000585E+0	
1.082838E+3	287.000000E+0	284.750000E+0	0.000000E+0	100.000000E+0	6.648362E+6	6.648362E+6	1.083664E+6	1.083664E+6	1.000645E+0	
1.088350E+3	287.000000E+0	284.750000E+0	0.000000E+0	100.000000E+0	6.006810E+6	6.006810E+6	885.216072E+3	885.216072E+3	999.413000E-3	
1.093870E+3	287.000000E+0	284.750000E+0	200.243422E-3	100.000000E+0	6.176961E+6	6.176961E+6	907.927199E+3	907.927199E+3	999.494000E-3	
1.099388E+3	287.000000E+0	284.750000E+0	400.797181E-3	100.000000E+0	7.645904E+6	7.645904E+6	1.144680E+6	1.144680E+6	1.000543E+0	
1.104909E+3	287.000000E+0	284.750000E+0	400.797181E-3	100.000000E+0	7.170544E+6	7.170544E+6	1.062945E+6	1.062945E+6	1.000506E+0	
1.110437E+3	287.000000E+0	284.750000E+0	200.553758E-3	100.000000E+0	6.034758E+6	6.034758E+6	989.753455E+3	989.753455E+3	999.899000E-3	
1.115945E+3	287.000000E+0	284.750000E+0	0.000000E+0	100.000000E+0	7.619698E+6	7.619698E+6	1.161800E+6	1.161800E+6	999.933000E-3	
1.121461E+3	287.000000E+0	284.750000E+0	0.000000E+0	100.000000E+0	7.490998E+6	7.490998E+6	1.111523E+6	1.111523E+6	1.000198E+0	
1.126968E+3	287.000000E+0	284.840000E+0	0.000000E+0	100.000000E+0	9.474351E+6	9.474351E+6	1.453450E+6	1.453450E+6	1.000681E+0	
1.132445E+3	287.000000E+0	284.840000E+0	0.000000E+0	100.000000E+0	6.781714E+6	6.781714E+6	1.040614E+6	1.040614E+6	1.000235E+0	
1.137931E+3	287.000000E+0	284.840000E+0	164.194222E-3	100.000000E+0	5.964237E+6	5.964237E+6	970.476347E+3	970.476347E+3	999.785000E-3	
1.143417E+3	287.000000E+0	284.840000E+0	328.298619E-3	100.000000E+0	6.877222E+6	6.877222E+6	1.117948E+6	1.117948E+6	1.000567E+0	
1.148897E+3	287.000000E+0	284.840000E+0	328.298619E-3	100.000000E+0	5.808742E+6	5.808742E+6	959.498954E+3	959.498954E+3	999.336000E-3	
1.154382E+3	287.000000E+0	284.840000E+0	164.104398E-3	100.000000E+0	6.786429E+6	6.786429E+6	1.079787E+6	1.079787E+6	999.641000E-3	
1.159880E+3	287.000000E+0	284.840000E+0	0.000000E+0	100.000000E+0	7.151948E+6	7.151948E+6	1.174283E+6	1.174283E+6	1.000343E+0	
1.165363E+3	287.000000E+0	284.840000E+0	0.000000E+0	100.000000E+0	6.377803E+6	6.377803E+6	1.006069E+6	1.006069E+6	999.338000E-3	
1.170850E+3	287.000000E+0	284.950000E+0	0.000000E+0	100.000000E+0	6.457474E+6	6.457474E+6	1.002683E+6	1.002683E+6	999.617000E-3	
1.176326E+3	287.000000E+0	284.950000E+0	0.000000E+0	100.000000E+0	7.104837E+6	7.104837E+6	1.155754E+6	1.155754E+6	1.000290E+0	
1.181800E+3	287.000000E+0	284.950000E+0	199.716226E-3	100.000000E+0	6.979376E+6	6.979376E+6	1.046932E+6	1.046932E+6	1.000354E+0	
1.187278E+3	287.000000E+0	284.950000E+0	400.215146E-3	100.000000E+0	7.113248E+6	7.113248E+6	1.040066E+6	1.040066E+6	999.198000E-3	
1.192753E+3	287.000000E+0	284.950000E+0	400.215146E-3	100.000000E+0	7.237467E+6	7.237467E+6	1.062719E+6	1.062719E+6	1.000218E+0	
1.198276E+3	287.000000E+0	284.950000E+0	200.498921E-3	100.000000E+0	7.074685E+6	7.074685E+6	1.040825E+6	1.040825E+6	999.936000E-3	
1.203766E+3	287.000000E+0	284.950000E+0	0.000000E+0	100.000000E+0	6.733477E+6	6.733477E+6	1.097777E+6	1.097777E+6	999.248000E-3	
1.209249E+3	287.000000E+0	284.950000E+0	0.000000E+0	100.000000E+0	5.443223E+6	5.443223E+6	892.668409E+3	892.668409E+3	999.539000E-3	
1.214738E+3	287.000000E+0	285.060000E+0	0.000000E+0	100.000000E+0	6.988471E+6	6.988471E+6	1.051527E+6	1.051527E+6	999.561000E-3	
1.220250E+3	287.000000E+0	285.060000E+0	0.000000E+0	100.000000E+0	8.052459E+6	8.052459E+6	1.243749E+6	1.243749E+6	998.666000E-3	
1.225749E+3	287.000000E+0	285.060000E+0	200.425853E-3	100.000000E+0	6.445102E+6	6.445102E+6	963.260141E+3	963.260141E+3	999.442000E-3	
1.231230E+3	287.000000E+0	285.060000E+0	400.396233E-3	100.000000E+0	8.081762E+6	8.081762E+6	1.259479E+6	1.259479E+6	998.825000E-3	
1.236761E+3	287.000000E+0	285.060000E+0	400.396233E-3	100.000000E+0	6.421349E+6	6.421349E+6	952.910055E+3	952.910055E+3	999.483000E-3	
1.242242E+3	287.000000E+0	285.060000E+0	199.970380E-3	100.000000E+0	6.904044E+6	6.904044E+6	1.098674E+6	1.098674E+6	1.000534E+0	
1.247724E+3	287.000000E+0	285.060000E+0	0.000000E+0	100.000000E+0	7.534453E+6	7.534453E+6	1.223829E+6	1.223829E+6	1.000500E+0	
1.253208E+3	287.000000E+0	285.060000E+0	0.000000E+0	100.000000E+0	6.381268E+6	6.381268E+6	970.103675E+3	970.103675E+3	1.000200E+0	
1.258691E+3	287.000000E+0	285.170000E+0	0.000000E+0	100.000000E+0	6.556181E+6	6.556181E+6	1.034989E+6	1.034989E+6	1.000211E+0	
1.264171E+3	287.000000E+0	285.170000E+0	0.000000E+0	100.000000E+0	7.737186E+6	7.737186E+6	1.275104E+6	1.275104E+6	1.000805E+0	
1.269671E+3	287.000000E+0	285.170000E+0	199.372317E-3	100.000000E+0	6.293157E+6	6.293157E+6	1.037234E+6	1.037234E+6	999.605000E-3	
1.275155E+3	287.000000E+0	285.170000E+0	397.791555E-3	100.000000E+0	6.248899E+6	6.248899E+6	1.016333E+6	1.016333E+6	999.074000E-3	
1.280640E+3	287.000000E+0	285.170000E+0	397.791555E-3	100.000000E+0	6.849345E+6	6.849345E+6	1.065851E+6	1.065851E+6	999.388000E-3	
1.286127E+3	287.000000E+0	285.170000E+0	198.419238E-3	100.000000E+0	12.673397E+6	12.673397E+6	1.905023E+6	1.905023E+6	999.931000E-3	
1.291635E+3	287.000000E+0	285.170000E+0	0.000000E+0	100.000000E+0	7.242070E+6	7.242070E+6	1.165704E+6	1.165704E+6	999.985000E-3	
1.297118E+3	287.000000E+0	285.170000E+0	0.000000E+0	100.000000E+0	10.318407E+6	10.318407E+6	1.522694E+6	1.522694E+6	1.000060E+0	
1.302597E+3	287.000000E+0	285.170000E+0	0.000000E+0	100.000000E+0	5.853105E+6	5.853105E+6	890.993965E+3	890.993965E+3	999.008000E-3	
1.308080E+3	287.000000E+0	285.170000E+0	0.000000E+0	100.000000E+0	6.668836E+6	6.668836E+6	1.053965E+6	1.053965E+6	999.325000E-3	
1.313610E+3	287.000000E+0	285.270000E+0	0.000000E+0	100.000000E+0	8.867096E+6	8.867096E+6	1.330977E+6	1.330977E+6	998.701000E-3	
1.319091E+3	287.000000E+0	285.270000E+0	0.000000E+0	100.000000E+0	6.056290E+6	6.056290E+6	889.736236E+3	889.736236E+3	999.954000E-3	
1.324573E+3	287.000000E+0	285.270000E+0	182.039475E-3	100.000000E+0	6.474146E+6	6.474146E+6	986.808325E+3	986.808325E+3	1.000126E+0	
1.330079E+3	287.000000E+0	285.270000E+0	363.434989E-3	100.000000E+0	6.037059E+6	6.037059E+6	945.925870E+3	945.925870E+3	999.254000E-3	
1.335562E+3	287.000000E+0	285.270000E+0	363.434989E-3	100.000000E+0	11.572218E+6	11.572218E+6	1.673988E+6	1.673988E+6	1.001344E+0	
1.341079E+3	287.000000E+0	285.270000E+0	181.395515E-3	100.000000E+0	6.172682E+6	6.172682E+6	914.319825E+3	914.319825E+3	999.172000E-3	
1.346571E+3	287.000000E+0	285.270000E+0	0.000000E+0	100.000000E+0	10.319447E+6	10.319447E+6	1.640995E+6	1.640995E+6	999.748000E-3	
1.352050E+3	287.000000E+0	285.270000E+0	0.000000E+0	100.000000E+0	7.121888E+6	7.121888E+6	1.161712E+6	1.161712E+6	999.557000E-3	
1.357534E+3	287.000000E+0	285.270000E+0	0.000000E+0	100.000000E+0	8.139004E+6	8.139004E+6	1.190421E+6	1.190421E+6	1.000365E+0	
1.363040E+3	287.000000E+0	285.270000E+0	0.000000E+0	100.000000E+0	6.751255E+6	6.751255E+6	1.097475E+6	1.097475E+6	1.000266E+0	
1.368525E+3	287.000000E+0	285.380000E+0	0.000000E+0	100.000000E+0	6.046523E+6	6.046523E+6	901.474785E+3	901.474785E+3	999.974000E-3	
1.374007E+3	287.000000E+0	285.380000E+0	0.000000E+0	100.000000E+0	6.165478E+6	6.165478E+6	921.686925E+3	921.686925E+3	999.239000E-3	
1.379482E+3	287.000000E+0	285.380000E+0	200.079507E-3	100.000000E+0	6.373770E+6	6.373770E+6	1.043453E+6	1.043453E+6	999.216000E-3	
1.384960E+3	287.000000E+0	285.380000E+0	400.523620E-3	100.000000E+0	6.880879E+6	6.880879E+6	1.095832E+6	1.095832E+6	1.000067E+0	
1.390473E+3	287.000000E+0	285.380000E+0	400.523620E-3	100.000000E+0	5.685047E+6	5.685047E+6	856.199966E+3	856.199966E+3	999.886000E-3	
1.395997E+3	287.000000E+0	285.380000E+0	200.444113E-3	100.000000E+0	5.837882E+6	5.837882E+6	908.646533E+3	908.646533E+3	999.387000E-3	
1.401502E+3	287.000000E+0	285.380000E+0	0.000000E+0	100.000000E+0	7.346304E+6	7.346304E+6	1.212157E+6	1.212157E+6	999.832000E-3	
1.407021E+3	287.000000E+0	285.380000E+0	0.000000E+0	100.000000E+0	6.539512E+6	6.539512E+6	1.070253E+6	1.070253E+6	999.826000E-3	
1.412547E+3	287.000000E+0	285.380000E+0	0.000000E+0	100.000000E+0	6.323883E+6	6.323883E+6	963.379413E+3	963.379413E+3	999.553000E-3	
1.418077E+3	287.000000E+0	285.490000E+0	0.000000E+0	100.000000E+0	6.568370E+6	6.568370E+6	1.041612E+6	1.041612E+6	999.903000E-3	
1.423561E+3	287.000000E+0	285.490000E+0	0.000000E+0	100.000000E+0	7.069852E+6	7.069852E+6	1.156005E+6	1.156005E+6	999.465000E-3	
1.429026E+3	287.000000E+0	285.490000E+0	200.590336E-3	100.000000E+0	6.168722E+6	6.168722E+6	930.624884E+3	930.624884E+3	999.518000E-3	
1.434507E+3	287.000000E+0	285.490000E+0	401.272163E-3	100.000000E+0	5.381289E+6	5.381289E+6	792.317113E+3	792.317113E+3	999.682000E-3	
1.440000E+3	287.000000E+0	285.490000E+0	401.272163E-3	100.000000E+0	11.293102E+6	11.293102E+6	1.735309E+6	1.735309E+6	1.000343E+0	
1.445483E+3	287.000000E+0	285.490000E+0	200.681827E-3	100.000000E+0	7.089442E+6	7.089442E+6	1.053195E+6	1.053195E+6	999.824000E-3	
1.450964E+3	287.000000E+0	285.490000E+0	0.000000E+0	100.000000E+0	6.786423E+6	6.786423E+6	1.093147E+6	1.093147E+6	999.165000E-3	
1.456449E+3	287.000000E+0	285.490000E+0	0.000000E+0	100.000000E+0	6.750709E+6	6.750709E+6	1.112609E+6	1.112609E+6	999.645000E-3	
1.461966E+3	287.000000E+0	285.490000E+0	0.000000E+0	100.000000E+0	6.108291E+6	6.108291E+6	1.007342E+6	1.007342E+6	999.744000E-3	
1.467462E+3	287.000000E+0	285.490000E+0	0.000000E+0	100.000000E+0	5.801922E+6	5.801922E+6	887.279194E+3	887.279194E+3	999.149000E-3	
1.472944E+3	287.000000E+0	285.490000E+0	0.000000E+0	100.000000E+0	5.872381E+6	5.872381E+6	918.094078E+3	918.094078E+3	1.000595E+0	
1.478424E+3	287.000000E+0	285.490000E+0	0.000000E+0	100.000000E+0	6.062846E+6	6.062846E+6	900.743629E+3	900.743629E+3	999.157000E-3	
1.483908E+3	287.000000E+0	285.600000E+0	0.000000E+0	100.000000E+0	6.015228E+6	6.015228E+6	946.055291E+3	946.055291E+3	999.791000E-3	
1.489435E+3	287.000000E+0	285.600000E+0	0.000000E+0	100.000000E+0	6.200781E+6	6.200781E+6	946.206843E+3	946.206843E+3	1.000372E+0	
1.494931E+3	287.000000E+0	285.600000E+0	200.608626E-3	100.000000E+0	6.070833E+6	6.070833E+6	1.006163E+6	1.006163E+6	999.502000E-3	
1.500416E+3	287.000000E+0	285.600000E+0	401.180668E-3	100.000000E+0	6.471664E+6	6.471664E+6	953.482877E+3	953.482877E+3	999.678000E-3	
1.505898E+3	287.000000E+0	285.600000E+0	401.180668E-3	100.000000E+0	6.272430E+6	6.272430E+6	959.946341E+3	959.946341E+3	999.449000E-3	
1.511381E+3	287.000000E+0	285.600000E+0	200.572041E-3	100.000000E+0	6.747964E+6	6.747964E+6	1.055704E+6	1.055704E+6	999.306000E-3	
1.516894E+3	287.000000E+0	285.600000E+0	0.000000E+0	100.000000E+0	5.949307E+6	5.949307E+6	873.298531E+3	873.298531E+3	1.000019E+0	
1.522391E+3	287.000000E+0	285.600000E+0	0.000000E+0	100.000000E+0	6.149575E+6	6.149575E+6	910.243722E+3	910.243722E+3	999.183000E-3	
1.527870E+3	287.000000E+0	285.600000E+0	0.000000E+0	100.000000E+0	5.900484E+6	5.900484E+6	929.956316E+3	929.956316E+3	999.542000E-3	
1.533354E+3	287.000000E+0	285.710000E+0	0.000000E+0	100.000000E+0	6.369947E+6	6.369947E+6	1.029279E+6	1.029279E+6	999.381000E-3	
1.538837E+3	287.000000E+0	285.710000E+0	0.000000E+0	100.000000E+0	5.959890E+6	5.959890E+6	926.122869E+3	926.122869E+3	999.712000E-3	
1.544312E+3	287.000000E+0	285.710000E+0	200.736765E-3	100.000000E+0	8.462817E+6	8.462817E+6	1.376804E+6	1.376804E+6	1.000305E+0	
1.549785E+3	287.000000E+0	285.710000E+0	400.925519E-3	100.000000E+0	8.968712E+6	8.968712E+6	1.421065E+6	1.421065E+6	1.001267E+0	
1.555260E+3	287.000000E+0	285.710000E+0	400.925519E-3	100.000000E+0	6.978543E+6	6.978543E+6	1.036028E+6	1.036028E+6	1.000095E+0	
1.560747E+3	287.000000E+0	285.710000E+0	200.188754E-3	100.000000E+0	6.225802E+6	6.225802E+6	939.932083E+3	939.932083E+3	999.179000E-3	
1.566223E+3	287.000000E+0	285.710000E+0	0.000000E+0	100.000000E+0	7.101677E+6	7.101677E+6	1.169103E+6	1.169103E+6	999.561000E-3	
1.571706E+3	287.000000E+0	285.710000E+0	0.000000E+0	100.000000E+0	7.163087E+6	7.163087E+6	1.162628E+6	1.162628E+6	999.967000E-3	
1.577194E+3	287.000000E+0	285.710000E+0	0.000000E+0	100.000000E+0	8.059698E+6	8.059698E+6	1.186969E+6	1.186969E+6	999.322000E-3	
1.582682E+3	287.000000E+0	285.710000E+0	0.000000E+0	100.000000E+0	6.205482E+6	6.205482E+6	998.874783E+3	998.874783E+3	999.579000E-3	
1.588165E+3	287.000000E+0	285.710000E+0	0.000000E+0	100.000000E+0	6.855277E+6	6.855277E+6	1.101061E+6	1.101061E+6	999.705000E-3	
1.593653E+3	287.000000E+0	285.710000E+0	0.000000E+0	100.000000E+0	6.318140E+6	6.318140E+6	964.619373E+3	964.619373E+3	999.277000E-3	
1.599167E+3	287.000000E+0	285.710000E+0	0.000000E+0	100.000000E+0	6.931603E+6	6.931603E+6	1.045291E+6	1.045291E+6	998.844000E-3	
1.604668E+3	287.000000E+0	285.710000E+0	0.000000E+0	100.000000E+0	5.351191E+6	5.351191E+6	863.608984E+3	863.608984E+3	999.442000E-3	
1.610176E+3	287.000000E+0	285.820000E+0	0.000000E+0	100.000000E+0	6.151096E+6	6.151096E+6	930.881032E+3	930.881032E+3	999.430000E-3	
1.615694E+3	287.000000E+0	285.820000E+0	0.000000E+0	100.000000E+0	5.062378E+6	5.062378E+6	795.592169E+3	795.592169E+3	999.364000E-3	
1.621204E+3	287.000000E+0	285.820000E+0	200.736765E-3	100.000000E+0	6.308786E+6	6.308786E+6	961.817407E+3	961.817407E+3	999.564000E-3	
1.626699E+3	287.000000E+0	285.820000E+0	400.798079E-3	100.000000E+0	5.696866E+6	5.696866E+6	849.356695E+3	849.356695E+3	999.800000E-3	
1.632199E+3	287.000000E+0	285.820000E+0	400.798079E-3	100.000000E+0	5.701768E+6	5.701768E+6	840.248132E+3	840.248132E+3	999.577000E-3	
1.637705E+3	287.000000E+0	285.820000E+0	200.061314E-3	100.000000E+0	5.791149E+6	5.791149E+6	947.820379E+3	947.820379E+3	999.147000E-3	
1.643203E+3	287.000000E+0	285.820000E+0	0.000000E+0	100.000000E+0	7.892627E+6	7.892627E+6	1.267625E+6	1.267625E+6	999.759000E-3	
1.648700E+3	287.000000E+0	285.820000E+0	0.000000E+0	100.000000E+0	6.212514E+6	6.212514E+6	1.012104E+6	1.012104E+6	999.345000E-3	
1.654198E+3	287.000000E+0	285.820000E+0	0.000000E+0	100.000000E+0	6.132797E+6	6.132797E+6	964.075597E+3	964.075597E+3	999.462000E-3	
1.659707E+3	287.000000E+0	285.820000E+0	0.000000E+0	100.000000E+0	6.362987E+6	6.362987E+6	941.065172E+3	941.065172E+3	998.798000E-3	
1.665205E+3	287.000000E+0	285.820000E+0	0.000000E+0	100.000000E+0	6.075447E+6	6.075447E+6	901.601520E+3	901.601520E+3	999.411000E-3	
1.670705E+3	287.000000E+0	285.930000E+0	0.000000E+0	100.000000E+0	7.065432E+6	7.065432E+6	1.071065E+6	1.071065E+6	999.476000E-3	
1.676211E+3	287.000000E+0	285.930000E+0	0.000000E+0	100.000000E+0	8.120431E+6	8.120431E+6	1.290129E+6	1.290129E+6	998.813000E-3	
1.681709E+3	287.000000E+0	285.930000E+0	200.663524E-3	100.000000E+0	8.595355E+6	8.595355E+6	1.315489E+6	1.315489E+6	1.001101E+0	
1.687192E+3	287.000000E+0	285.930000E+0	401.308739E-3	100.000000E+0	8.031015E+6	8.031015E+6	1.185611E+6	1.185611E+6	1.000022E+0	
1.692672E+3	287.000000E+0	285.930000E+0	401.308739E-3	100.000000E+0	7.009763E+6	7.009763E+6	1.109534E+6	1.109534E+6	1.000854E+0	
1.698158E+3	287.000000E+0	285.930000E+0	200.645215E-3	100.000000E+0	6.000330E+6	6.000330E+6	894.104849E+3	894.104849E+3	999.775000E-3	
1.703642E+3	287.000000E+0	285.930000E+0	0.000000E+0	100.000000E+0	13.553355E+6	13.553355E+6	2.126199E+6	2.126199E+6	999.831000E-3	
1.709134E+3	287.000000E+0	285.930000E+0	0.000000E+0	100.000000E+0	7.736878E+6	7.736878E+6	1.130728E+6	1.130728E+6	1.000301E+0	
1.714615E+3	287.000000E+0	285.930000E+0	0.000000E+0	100.000000E+0	7.309090E+6	7.309090E+6	1.114461E+6	1.114461E+6	999.518000E-3	
1.720096E+3	287.000000E+0	285.930000E+0	0.000000E+0	100.000000E+0	6.366314E+6	6.366314E+6	1.029173E+6	1.029173E+6	999.575000E-3	
1.725582E+3	287.000000E+0	285.930000E+0	0.000000E+0	100.000000E+0	6.176565E+6	6.176565E+6	915.475440E+3	915.475440E+3	999.677000E-3	
1.731082E+3	287.000000E+0	285.930000E+0	0.000000E+0	100.000000E+0	6.731090E+6	6.731090E+6	1.058830E+6	1.058830E+6	999.365000E-3	
1.736610E+3	287.000000E+0	286.040000E+0	0.000000E+0	100.000000E+0	6.038302E+6	6.038302E+6	920.931118E+3	920.931118E+3	999.339000E-3	
1.742136E+3	287.000000E+0	286.040000E+0	0.000000E+0	100.000000E+0	6.613876E+6	6.613876E+6	1.069923E+6	1.069923E+6	999.489000E-3	
1.747663E+3	287.000000E+0	286.040000E+0	200.334596E-3	100.000000E+0	6.011100E+6	6.011100E+6	879.460044E+3	879.460044E+3	999.706000E-3	
1.753187E+3	287.000000E+0	286.040000E+0	400.961515E-3	100.000000E+0	6.191930E+6	6.191930E+6	1.008450E+6	1.008450E+6	999.749000E-3	
1.758721E+3	287.000000E+0	286.040000E+0	400.961515E-3	100.000000E+0	5.124818E+6	5.124818E+6	788.586299E+3	788.586299E+3	999.442000E-3	
1.764242E+3	287.000000E+0	286.040000E+0	200.626919E-3	100.000000E+0	6.468265E+6	6.468265E+6	1.045122E+6	1.045122E+6	999.541000E-3	
1.769768E+3	287.000000E+0	286.040000E+0	0.000000E+0	100.000000E+0	5.814096E+6	5.814096E+6	909.192507E+3	909.192507E+3	999.385000E-3	
1.775295E+3	287.000000E+0	286.040000E+0	0.000000E+0	100.000000E+0	7.823572E+6	7.823572E+6	1.279539E+6	1.279539E+6	999.696000E-3	
1.780820E+3	287.000000E+0	286.040000E+0	0.000000E+0	100.000000E+0	6.538978E+6	6.538978E+6	1.025135E+6	1.025135E+6	999.352000E-3	
1.786348E+3	287.000000E+0	286.040000E+0	0.000000E+0	100.000000E+0	7.286814E+6	7.286814E+6	1.096952E+6	1.096952E+6	999.168000E-3	
1.791875E+3	287.000000E+0	286.040000E+0	0.000000E+0	100.000000E+0	6.807510E+6	6.807510E+6	1.111532E+6	1.111532E+6	999.887000E-3	
1.797399E+3	287.000000E+0	286.040000E+0	0.000000E+0	100.000000E+0	6.901367E+6	6.901367E+6	1.004589E+6	1.004589E+6	999.318000E-3	
1.802926E+3	287.000000E+0	286.040000E+0	0.000000E+0	100.000000E+0	13.262987E+6	13.262987E+6	2.115266E+6	2.115266E+6	1.000825E+0	
1.808457E+3	287.000000E+0	286.040000E+0	0.000000E+0	100.000000E+0	7.703425E+6	7.703425E+6	1.257709E+6	1.257709E+6	998.595000E-3	
1.813981E+3	287.000000E+0	286.040000E+0	0.000000E+0	100.000000E+0	7.046092E+6	7.046092E+6	1.091905E+6	1.091905E+6	1.000545E+0	
1.819503E+3	287.000000E+0	286.040000E+0	0.000000E+0	100.000000E+0	7.326432E+6	7.326432E+6	1.108919E+6	1.108919E+6	998.666000E-3	
1.825023E+3	287.000000E+0	286.040000E+0	0.000000E+0	100.000000E+0	9.539150E+6	9.539150E+6	1.540418E+6	1.540418E+6	1.000466E+0	
1.830544E+3	287.000000E+0	286.040000E+0	0.000000E+0	100.000000E+0	5.872824E+6	5.872824E+6	964.866882E+3	964.866882E+3	999.261000E-3	
1.836029E+3	287.000000E+0	286.040000E+0	0.000000E+0	100.000000E+0	6.252008E+6	6.252008E+6	949.777020E+3	949.777020E+3	999.571000E-3	
1.841517E+3	287.000000E+0	286.150000E+0	0.000000E+0	100.000000E+0	8.743659E+6	8.743659E+6	1.453460E+6	1.453460E+6	1.001149E+0	
1.847002E+3	287.000000E+0	286.150000E+0	0.000000E+0	100.000000E+0	5.442006E+6	5.442006E+6	822.571444E+3	822.571444E+3	999.751000E-3	
1.852983E+3	287.000000E+0	286.150000E+0	199.571273E-3	100.000000E+0	7.040710E+6	7.040710E+6	1.137308E+6	1.137308E+6	999.992000E-3	
1.858467E+3	287.000000E+0	286.150000E+0	399.505310E-3	100.000000E+0	5.797999E+6	5.797999E+6	871.235062E+3	871.235062E+3	999.459000E-3	
1.863994E+3	287.000000E+0	286.150000E+0	399.505310E-3	100.000000E+0	7.049242E+6	7.049242E+6	1.161833E+6	1.161833E+6	1.000076E+0	
1.870028E+3	287.000000E+0	286.150000E+0	199.934036E-3	100.000000E+0	9.269343E+6	9.269343E+6	1.507258E+6	1.507258E+6	1.001089E+0	
1.875517E+3	287.000000E+0	286.150000E+0	0.000000E+0	100.000000E+0	5.462129E+6	5.462129E+6	856.913203E+3	856.913203E+3	999.952000E-3	
1.881000E+3	287.000000E+0	286.150000E+0	0.000000E+0	100.000000E+0	7.179627E+6	7.179627E+6	1.158790E+6	1.158790E+6	1.000481E+0	
1.886484E+3	287.000000E+0	286.150000E+0	0.000000E+0	100.000000E+0	4.935870E+6	4.935870E+6	754.430152E+3	754.430152E+3	999.563000E-3	
1.891961E+3	287.000000E+0	286.150000E+0	0.000000E+0	100.000000E+0	6.632443E+6	6.632443E+6	1.072948E+6	1.072948E+6	1.000504E+0	
1.897482E+3	287.000000E+0	286.150000E+0	0.000000E+0	100.000000E+0	7.261088E+6	7.261088E+6	1.147659E+6	1.147659E+6	999.997000E-3	
1.903004E+3	287.000000E+0	286.150000E+0	0.000000E+0	100.000000E+0	7.392354E+6	7.392354E+6	1.085511E+6	1.085511E+6	999.742000E-3	
1.908538E+3	287.000000E+0	286.260000E+0	0.000000E+0	100.000000E+0	6.809444E+6	6.809444E+6	1.042154E+6	1.042154E+6	999.354000E-3	
1.914049E+3	287.000000E+0	286.260000E+0	0.000000E+0	100.000000E+0	7.201930E+6	7.201930E+6	1.130545E+6	1.130545E+6	1.000204E+0	
1.919545E+3	287.000000E+0	286.260000E+0	200.755081E-3	100.000000E+0	9.446654E+6	9.446654E+6	1.454084E+6	1.454084E+6	1.000873E+0	
1.925037E+3	287.000000E+0	286.260000E+0	401.071429E-3	100.000000E+0	7.561147E+6	7.561147E+6	1.166571E+6	1.166571E+6	1.000869E+0	
1.930528E+3	287.000000E+0	286.260000E+0	401.071429E-3	100.000000E+0	6.436533E+6	6.436533E+6	967.996199E+3	967.996199E+3	999.143000E-3	
1.936524E+3	287.000000E+0	286.260000E+0	200.316348E-3	100.000000E+0	6.957151E+6	6.957151E+6	1.065742E+6	1.065742E+6	999.186000E-3	
1.942029E+3	287.000000E+0	286.260000E+0	0.000000E+0	100.000000E+0	6.901553E+6	6.901553E+6	1.042454E+6	1.042454E+6	999.621000E-3	
1.947525E+3	287.000000E+0	286.260000E+0	0.000000E+0	100.000000E+0	5.951559E+6	5.951559E+6	895.663830E+3	895.663830E+3	1.000100E+0	
1.953015E+3	287.000000E+0	286.260000E+0	0.000000E+0	100.000000E+0	6.924662E+6	6.924662E+6	1.044761E+6	1.044761E+6	998.744000E-3	
1.958513E+3	287.000000E+0	286.260000E+0	0.000000E+0	100.000000E+0	6.739845E+6	6.739845E+6	1.082532E+6	1.082532E+6	1.000193E+0	
1.964001E+3	287.000000E+0	286.260000E+0	0.000000E+0	100.000000E+0	9.250962E+6	9.250962E+6	1.374712E+6	1.374712E+6	1.000029E+0	
1.969493E+3	287.000000E+0	286.260000E+0	0.000000E+0	100.000000E+0	7.502702E+6	7.502702E+6	1.151793E+6	1.151793E+6	999.660000E-3	
1.974987E+3	287.000000E+0	286.260000E+0	0.000000E+0	100.000000E+0	6.488385E+6	6.488385E+6	1.038685E+6	1.038685E+6	999.341000E-3	
1.980474E+3	287.000000E+0	286.260000E+0	0.000000E+0	100.000000E+0	6.626395E+6	6.626395E+6	1.061863E+6	1.061863E+6	999.658000E-3	
1.985972E+3	287.000000E+0	286.260000E+0	0.000000E+0	100.000000E+0	5.751111E+6	5.751111E+6	920.872280E+3	920.872280E+3	999.198000E-3	
1.991464E+3	287.000000E+0	286.260000E+0	0.000000E+0	100.000000E+0	5.970308E+6	5.970308E+6	947.172991E+3	947.172991E+3	999.131000E-3	
2.006330E+3	286.168461E+0	286.260000E+0	0.000000E+0	100.000000E+0	1.000000E+0	1.000000E+0	0.000000E+0	0.000000E+0	99.100000E+36	
2.011602E+3	286.168461E+0	286.260000E+0	0.000000E+0	100.000000E+0	27.125305E+6	27.125305E+6	-1.342555E+45	-1.342555E+45	1.000110E+0	
2.017081E+3	286.080590E+0	286.260000E+0	0.000000E+0	100.000000E+0	6.780680E+6	6.780680E+6	1.039746E+6	1.039746E+6	999.540000E-3	
2.022570E+3	285.989268E+0	286.260000E+0	0.000000E+0	100.000000E+0	7.380807E+6	7.380807E+6	1.180264E+6	1.180264E+6	1.000247E+0	
2.028058E+3	285.897796E+0	286.360000E+0	0.000000E+0	100.000000E+0	7.418448E+6	7.418448E+6	1.218569E+6	1.218569E+6	1.000081E+0	
2.033540E+3	285.806324E+0	286.360000E+0	0.000000E+0	100.000000E+0	5.815296E+6	5.815296E+6	939.055973E+3	939.055973E+3	999.475000E-3	
2.039021E+3	285.714952E+0	286.360000E+0	182.155540E-3	100.000000E+0	6.061595E+6	6.061595E+6	894.806491E+3	894.806491E+3	999.254000E-3	
2.044507E+3	285.623614E+0	286.360000E+0	364.510384E-3	100.000000E+0	8.508713E+6	8.508713E+6	1.370178E+6	1.370178E+6	999.944000E-3	
2.049990E+3	285.532175E+0	286.360000E+0	364.510384E-3	100.000000E+0	11.193628E+6	11.193628E+6	1.683868E+6	1.683868E+6	999.591000E-3	
2.055475E+3	285.440786E+0	286.360000E+0	182.354843E-3	100.000000E+0	6.306225E+6	6.306225E+6	974.752144E+3	974.752144E+3	999.915000E-3	
2.060963E+3	285.349381E+0	286.360000E+0	0.000000E+0	100.000000E+0	6.463450E+6	6.463450E+6	1.008289E+6	1.008289E+6	999.314000E-3	
2.066459E+3	285.257909E+0	286.360000E+0	0.000000E+0	100.000000E+0	5.868822E+6	5.868822E+6	909.203805E+3	909.203805E+3	999.519000E-3	
2.071955E+3	285.166304E+0	286.360000E+0	0.000000E+0	100.000000E+0	6.920926E+6	6.920926E+6	1.083367E+6	1.083367E+6	999.797000E-3	
2.077444E+3	285.074716E+0	286.360000E+0	0.000000E+0	100.000000E+0	6.296341E+6	6.296341E+6	929.666226E+3	929.666226E+3	999.796000E-3	
2.082921E+3	284.983227E+0	286.360000E+0	0.000000E+0	100.000000E+0	5.680352E+6	5.680352E+6	854.085276E+3	854.085276E+3	999.174000E-3	
2.088404E+3	284.891938E+0	286.360000E+0	0.000000E+0	100.000000E+0	6.908371E+6	6.908371E+6	1.082719E+6	1.082719E+6	1.000194E+0	
2.093882E+3	284.800550E+0	286.360000E+0	0.000000E+0	100.000000E+0	7.477861E+6	7.477861E+6	1.178151E+6	1.178151E+6	1.000463E+0	
2.099368E+3	284.709261E+0	286.360000E+0	0.000000E+0	100.000000E+0	6.211897E+6	6.211897E+6	1.025596E+6	1.025596E+6	999.867000E-3	
2.104863E+3	284.617823E+0	286.360000E+0	0.000000E+0	100.000000E+0	6.227264E+6	6.227264E+6	1.020079E+6	1.020079E+6	999.289000E-3	
2.110348E+3	284.526234E+0	286.360000E+0	0.000000E+0	100.000000E+0	5.828967E+6	5.828967E+6	896.290840E+3	896.290840E+3	999.085000E-3	
2.115839E+3	284.434829E+0	286.360000E+0	0.000000E+0	100.000000E+0	7.178422E+6	7.178422E+6	1.162595E+6	1.162595E+6	1.000026E+0	
2.121341E+3	284.343307E+0	286.360000E+0	0.000000E+0	100.000000E+0	9.920741E+6	9.920741E+6	1.602914E+6	1.602914E+6	999.217000E-3	
2.126827E+3	284.251602E+0	286.360000E+0	0.000000E+0	100.000000E+0	7.175065E+6	7.175065E+6	1.069128E+6	1.069128E+6	999.056000E-3	
2.132318E+3	284.160180E+0	286.360000E+0	0.000000E+0	100.000000E+0	6.405057E+6	6.405057E+6	1.015718E+6	1.015718E+6	999.317000E-3	
2.137881E+3	284.068658E+0	286.260000E+0	0.000000E+0	100.000000E+0	7.190851E+6	7.190851E+6	1.136353E+6	1.136353E+6	999.744000E-3	
2.143369E+3	283.975936E+0	286.260000E+0	0.000000E+0	100.000000E+0	7.047657E+6	7.047657E+6	1.166154E+6	1.166154E+6	999.992000E-3	
2.148850E+3	283.884481E+0	286.150000E+0	-182.338219E-3	100.000000E+0	5.883682E+6	5.883682E+6	975.458292E+3	975.458292E+3	999.461000E-3	
2.154340E+3	283.793126E+0	286.150000E+0	-364.842839E-3	100.000000E+0	6.583539E+6	6.583539E+6	993.286326E+3	993.286326E+3	999.052000E-3	
2.159828E+3	283.701620E+0	286.040000E+0	-564.867767E-3	100.000000E+0	6.971301E+6	6.971301E+6	1.075377E+6	1.075377E+6	999.336000E-3	
2.165323E+3	283.610165E+0	286.040000E+0	-582.481754E-3	99.000000E+0	8.373333E+6	8.373333E+6	1.378737E+6	1.378737E+6	999.776000E-3	
2.170813E+3	283.518577E+0	285.930000E+0	-600.329974E-3	100.000000E+0	7.417372E+6	7.417372E+6	1.089834E+6	1.089834E+6	1.000381E+0	
2.176294E+3	283.427071E+0	285.820000E+0	-600.603157E-3	98.000000E+0	6.978777E+6	6.978777E+6	1.038531E+6	1.038531E+6	999.989000E-3	
2.181776E+3	283.335716E+0	285.710000E+0	-601.369394E-3	98.000000E+0	11.710752E+6	11.710752E+6	1.799023E+6	1.799023E+6	999.864000E-3	
2.187262E+3	283.244361E+0	285.710000E+0	-802.453440E-3	98.000000E+0	8.309001E+6	8.309001E+6	1.246034E+6	1.246034E+6	1.000653E+0	
2.192747E+3	283.152922E+0	285.600000E+0	-1.002679E+0	97.000000E+0	6.580024E+6	6.580024E+6	954.815254E+3	954.815254E+3	999.045000E-3	
2.198228E+3	283.061500E+0	285.490000E+0	-1.002222E+0	98.000000E+0	8.076327E+6	8.076327E+6	1.203169E+6	1.203169E+6	999.930000E-3	
2.203714E+3	282.970162E+0	285.270000E+0	-801.174281E-3	98.000000E+0	9.832062E+6	9.832062E+6	1.426762E+6	1.426762E+6	1.000609E+0	
2.209205E+3	282.878723E+0	285.170000E+0	-801.575736E-3	100.000000E+0	6.194157E+6	6.194157E+6	1.005444E+6	1.005444E+6	999.737000E-3	
2.214694E+3	282.787201E+0	285.060000E+0	-1.201443E+0	98.000000E+0	6.711162E+6	6.711162E+6	1.059787E+6	1.059787E+6	999.292000E-3	
2.220174E+3	282.695729E+0	284.950000E+0	-1.582680E+0	96.000000E+0	7.659328E+6	7.659328E+6	1.261623E+6	1.261623E+6	1.000538E+0	
2.225656E+3	282.604391E+0	284.840000E+0	-1.563413E+0	96.000000E+0	6.376163E+6	6.376163E+6	1.022059E+6	1.022059E+6	999.336000E-3	
2.231160E+3	282.513019E+0	284.640000E+0	-1.363406E+0	97.000000E+0	8.140529E+6	8.140529E+6	1.294841E+6	1.294841E+6	1.000471E+0	
2.236642E+3	282.421297E+0	284.530000E+0	-1.182815E+0	97.000000E+0	6.471680E+6	6.471680E+6	989.526060E+3	989.526060E+3	999.551000E-3	
2.242126E+3	282.329925E+0	284.430000E+0	-1.363432E+0	96.000000E+0	6.165557E+6	6.165557E+6	940.184980E+3	940.184980E+3	999.930000E-3	
2.247620E+3	282.238520E+0	284.320000E+0	-1.525891E+0	96.000000E+0	5.957426E+6	5.957426E+6	939.268474E+3	939.268474E+3	999.656000E-3	
2.253121E+3	282.146965E+0	284.210000E+0	-1.507906E+0	98.000000E+0	8.043571E+6	8.043571E+6	1.283600E+6	1.283600E+6	999.655000E-3	
2.258609E+3	282.055276E+0	283.990000E+0	-1.328437E+0	97.000000E+0	9.105748E+6	9.105748E+6	1.355880E+6	1.355880E+6	999.629000E-3	
2.264088E+3	281.963804E+0	283.890000E+0	-1.166306E+0	98.000000E+0	7.535236E+6	7.535236E+6	1.249577E+6	1.249577E+6	999.549000E-3	
2.269566E+3	281.872482E+0	283.780000E+0	-1.384533E+0	99.000000E+0	6.825962E+6	6.825962E+6	1.055974E+6	1.055974E+6	1.000140E+0	
2.275062E+3	281.781194E+0	283.560000E+0	-1.585476E+0	98.000000E+0	6.189190E+6	6.189190E+6	1.000180E+6	1.000180E+6	999.121000E-3	
2.280551E+3	281.689589E+0	283.450000E+0	-1.567832E+0	98.000000E+0	6.595228E+6	6.595228E+6	970.638284E+3	970.638284E+3	999.177000E-3	
2.286038E+3	281.598100E+0	283.350000E+0	-1.567558E+0	98.000000E+0	6.251789E+6	6.251789E+6	912.231953E+3	912.231953E+3	999.411000E-3	
2.291513E+3	281.506661E+0	283.240000E+0	-1.583775E+0	98.000000E+0	7.032381E+6	7.032381E+6	1.135161E+6	1.135161E+6	999.864000E-3	
2.296996E+3	281.415406E+0	283.130000E+0	-1.582939E+0	98.000000E+0	6.408036E+6	6.408036E+6	935.611663E+3	935.611663E+3	999.974000E-3	
2.302479E+3	281.324018E+0	283.020000E+0	-1.364532E+0	98.000000E+0	6.058191E+6	6.058191E+6	943.793563E+3	943.793563E+3	999.541000E-3	
2.307963E+3	281.232646E+0	282.920000E+0	-1.165601E+0	100.000000E+0	7.702304E+6	7.702304E+6	1.247090E+6	1.247090E+6	999.605000E-3	
2.313448E+3	281.141241E+0	282.700000E+0	-1.184775E+0	99.000000E+0	6.681058E+6	6.681058E+6	1.083058E+6	1.083058E+6	1.000288E+0	
2.318932E+3	281.049819E+0	282.590000E+0	-1.184949E+0	99.000000E+0	7.197476E+6	7.197476E+6	1.115709E+6	1.115709E+6	1.000953E+0	
2.324419E+3	280.958430E+0	282.490000E+0	-1.366866E+0	99.000000E+0	8.393860E+6	8.393860E+6	1.344385E+6	1.344385E+6	999.373000E-3	
2.329942E+3	280.866975E+0	282.380000E+0	-1.564761E+0	100.000000E+0	6.759091E+6	6.759091E+6	1.034864E+6	1.034864E+6	999.602000E-3	
2.335455E+3	280.774920E+0	282.270000E+0	-1.561956E+0	99.000000E+0	6.340613E+6	6.340613E+6	1.025353E+6	1.025353E+6	999.344000E-3	
2.340974E+3	280.683048E+0	282.160000E+0	-1.360213E+0	98.000000E+0	5.979542E+6	5.979542E+6	945.513848E+3	945.513848E+3	999.600000E-3	
2.346454E+3	280.591059E+0	282.060000E+0	-1.161769E+0	100.000000E+0	6.539482E+6	6.539482E+6	959.194139E+3	959.194139E+3	999.756000E-3	
2.351933E+3	280.499721E+0	281.950000E+0	-1.182108E+0	98.000000E+0	14.146462E+6	14.146462E+6	2.165323E+6	2.165323E+6	1.001711E+0	
2.357423E+3	280.408415E+0	281.950000E+0	-1.183358E+0	99.000000E+0	9.006215E+6	9.006215E+6	1.325279E+6	1.325279E+6	999.870000E-3	
2.362902E+3	280.316910E+0	281.840000E+0	-1.165567E+0	98.000000E+0	7.941845E+6	7.941845E+6	1.178526E+6	1.178526E+6	999.640000E-3	
2.368387E+3	280.225588E+0	281.740000E+0	-965.633611E-3	98.000000E+0	8.016923E+6	8.016923E+6	1.198790E+6	1.198790E+6	999.069000E-3	
2.373888E+3	280.134166E+0	281.630000E+0	-783.639030E-3	95.000000E+0	7.316486E+6	7.316486E+6	1.064403E+6	1.064403E+6	1.000310E+0	
2.379371E+3	280.042494E+0	281.520000E+0	-783.708819E-3	98.000000E+0	9.629372E+6	9.629372E+6	1.440202E+6	1.440202E+6	998.951000E-3	
2.384848E+3	279.951106E+0	281.420000E+0	-966.248011E-3	92.000000E+0	7.842092E+6	7.842092E+6	1.249596E+6	1.249596E+6	1.000651E+0	
2.390346E+3	279.859817E+0	281.420000E+0	-1.166564E+0	93.000000E+0	6.296481E+6	6.296481E+6	963.011582E+3	963.011582E+3	1.000322E+0	
2.395864E+3	279.768195E+0	281.310000E+0	-1.165833E+0	92.000000E+0	7.206742E+6	7.206742E+6	1.064821E+6	1.064821E+6	999.431000E-3	
2.401361E+3	279.676223E+0	281.220000E+0	-965.044774E-3	91.000000E+0	6.869214E+6	6.869214E+6	1.054753E+6	1.054753E+6	998.715000E-3	
2.406852E+3	279.584602E+0	281.220000E+0	-764.545982E-3	93.000000E+0	9.967799E+6	9.967799E+6	1.449023E+6	1.449023E+6	1.000767E+0	
2.412330E+3	279.493096E+0	281.110000E+0	-746.514327E-3	90.000000E+0	6.407593E+6	6.407593E+6	976.393164E+3	976.393164E+3	999.200000E-3	
2.417838E+3	279.401791E+0	281.010000E+0	-728.376756E-3	91.000000E+0	6.653130E+6	6.653130E+6	971.942928E+3	971.942928E+3	999.034000E-3	
2.423317E+3	279.309986E+0	280.900000E+0	-728.431465E-3	87.000000E+0	10.001252E+6	10.001252E+6	1.578497E+6	1.578497E+6	998.825000E-3	
2.428811E+3	279.218681E+0	280.790000E+0	-746.671855E-3	89.000000E+0	6.237278E+6	6.237278E+6	920.180678E+3	920.180678E+3	999.399000E-3	
2.434292E+3	279.127109E+0	280.690000E+0	-964.448700E-3	90.000000E+0	6.062662E+6	6.062662E+6	878.357602E+3	878.357602E+3	999.248000E-3	
2.439780E+3	279.035753E+0	280.690000E+0	-1.164601E+0	89.000000E+0	7.283434E+6	7.283434E+6	1.051858E+6	1.051858E+6	1.000234E+0	
2.445279E+3	278.944298E+0	280.580000E+0	-1.164880E+0	87.000000E+0	6.740834E+6	6.740834E+6	1.041975E+6	1.041975E+6	999.396000E-3	
2.450809E+3	278.852643E+0	280.580000E+0	-965.025023E-3	90.000000E+0	7.526900E+6	7.526900E+6	1.089649E+6	1.089649E+6	999.497000E-3	
2.456306E+3	278.760471E+0	280.470000E+0	-764.272535E-3	86.000000E+0	5.891012E+6	5.891012E+6	941.919790E+3	941.919790E+3	999.587000E-3	
2.461788E+3	278.668849E+0	280.370000E+0	-581.575396E-3	86.000000E+0	6.765408E+6	6.765408E+6	1.082736E+6	1.082736E+6	999.386000E-3	
2.467277E+3	278.577494E+0	280.260000E+0	-599.966504E-3	89.000000E+0	7.315848E+6	7.315848E+6	1.160810E+6	1.160810E+6	999.857000E-3	
2.472788E+3	278.486005E+0	280.160000E+0	-782.584626E-3	85.000000E+0	5.994776E+6	5.994776E+6	908.718287E+3	908.718287E+3	999.509000E-3	
2.478326E+3	278.394150E+0	280.050000E+0	-965.351506E-3	88.000000E+0	9.704193E+6	9.704193E+6	1.493904E+6	1.493904E+6	999.920000E-3	
2.483800E+3	278.301861E+0	279.940000E+0	-1.147789E+0	86.000000E+0	10.114522E+6	10.114522E+6	1.637323E+6	1.637323E+6	1.001540E+0	
2.489275E+3	278.210623E+0	279.840000E+0	-1.148347E+0	89.000000E+0	5.526306E+6	5.526306E+6	802.554032E+3	802.554032E+3	999.764000E-3	
2.494765E+3	278.119368E+0	279.730000E+0	-1.166096E+0	88.000000E+0	5.963186E+6	5.963186E+6	956.837411E+3	956.837411E+3	999.430000E-3	
2.500298E+3	278.027879E+0	279.620000E+0	-1.165226E+0	89.000000E+0	7.403040E+6	7.403040E+6	1.052873E+6	1.052873E+6	998.596000E-3	
2.505777E+3	277.935657E+0	279.520000E+0	-1.164703E+0	86.000000E+0	5.715823E+6	5.715823E+6	906.894264E+3	906.894264E+3	999.526000E-3	
2.511257E+3	277.844335E+0	279.410000E+0	-1.165324E+0	85.000000E+0	7.254762E+6	7.254762E+6	1.170113E+6	1.170113E+6	999.416000E-3	
2.516771E+3	277.753013E+0	279.310000E+0	-1.165602E+0	88.000000E+0	8.238623E+6	8.238623E+6	1.212822E+6	1.212822E+6	998.274000E-3	
2.522259E+3	277.661108E+0	279.200000E+0	-1.164491E+0	88.000000E+0	12.674848E+6	12.674848E+6	1.846372E+6	1.846372E+6	1.000806E+0	
2.527754E+3	277.569636E+0	279.110000E+0	-1.145529E+0	87.000000E+0	8.640939E+6	8.640939E+6	1.386138E+6	1.386138E+6	999.843000E-3	
2.533275E+3	277.478064E+0	279.010000E+0	-1.145251E+0	89.000000E+0	8.006483E+6	8.006483E+6	1.284348E+6	1.284348E+6	999.049000E-3	
2.538803E+3	277.386042E+0	278.900000E+0	-1.127458E+0	89.000000E+0	12.848478E+6	12.848478E+6	1.964521E+6	1.964521E+6	1.000511E+0	
2.544309E+3	277.293904E+0	278.800000E+0	-1.091571E+0	87.000000E+0	6.470605E+6	6.470605E+6	930.367038E+3	930.367038E+3	999.579000E-3	
2.549836E+3	277.202149E+0	278.690000E+0	-1.090843E+0	90.000000E+0	6.482141E+6	6.482141E+6	945.765515E+3	945.765515E+3	999.611000E-3	
2.555317E+3	277.110027E+0	278.590000E+0	-1.108636E+0	91.000000E+0	7.764598E+6	7.764598E+6	1.135599E+6	1.135599E+6	999.459000E-3	
2.560796E+3	277.018671E+0	278.480000E+0	-1.145290E+0	89.000000E+0	6.989847E+6	6.989847E+6	1.105950E+6	1.105950E+6	999.618000E-3	
2.566276E+3	276.927350E+0	278.270000E+0	-1.145463E+0	89.000000E+0	7.620669E+6	7.620669E+6	1.219056E+6	1.219056E+6	1.000670E+0	
2.571767E+3	276.836028E+0	278.160000E+0	-1.145463E+0	90.000000E+0	6.248500E+6	6.248500E+6	910.343211E+3	910.343211E+3	999.510000E-3	
2.577244E+3	276.744506E+0	278.060000E+0	-1.345910E+0	89.000000E+0	7.165481E+6	7.165481E+6	1.151153E+6	1.151153E+6	999.298000E-3	
2.582729E+3	276.653217E+0	277.950000E+0	-1.547391E+0	90.000000E+0	7.182625E+6	7.182625E+6	1.138117E+6	1.138117E+6	999.965000E-3	
2.588214E+3	276.561812E+0	277.850000E+0	-1.546838E+0	92.000000E+0	7.021180E+6	7.021180E+6	1.042359E+6	1.042359E+6	999.465000E-3	
2.593704E+3	276.470390E+0	277.740000E+0	-1.344584E+0	92.000000E+0	6.408569E+6	6.408569E+6	1.040480E+6	1.040480E+6	999.160000E-3	
2.599202E+3	276.378885E+0	277.640000E+0	-1.143589E+0	91.000000E+0	7.343714E+6	7.343714E+6	1.198844E+6	1.198844E+6	999.406000E-3	
2.604695E+3	276.287263E+0	277.550000E+0	-1.144592E+0	91.000000E+0	7.436337E+6	7.436337E+6	1.157800E+6	1.157800E+6	999.518000E-3	
2.610178E+3	276.195708E+0	277.450000E+0	-1.146120E+0	91.000000E+0	6.275607E+6	6.275607E+6	1.003718E+6	1.003718E+6	999.516000E-3	
2.615672E+3	276.104319E+0	277.340000E+0	-1.110167E+0	93.000000E+0	8.754694E+6	8.754694E+6	1.267295E+6	1.267295E+6	999.786000E-3	
2.621158E+3	276.012764E+0	277.240000E+0	-1.074220E+0	93.000000E+0	6.534087E+6	6.534087E+6	964.938885E+3	964.938885E+3	999.650000E-3	
2.626691E+3	275.921325E+0	277.130000E+0	-1.057075E+0	91.000000E+0	16.491904E+6	16.491904E+6	2.650532E+6	2.650532E+6	1.000234E+0	
2.632181E+3	275.829103E+0	277.030000E+0	-1.076110E+0	91.000000E+0	7.056622E+6	7.056622E+6	1.019609E+6	1.019609E+6	1.000135E+0	
2.637677E+3	275.737615E+0	276.920000E+0	-1.110984E+0	92.000000E+0	7.028080E+6	7.028080E+6	1.038516E+6	1.038516E+6	999.393000E-3	
2.643207E+3	275.646010E+0	276.820000E+0	-1.110191E+0	91.000000E+0	7.185044E+6	7.185044E+6	1.129031E+6	1.129031E+6	999.727000E-3	
2.648706E+3	275.553838E+0	276.820000E+0	-1.110699E+0	91.000000E+0	6.441451E+6	6.441451E+6	960.792102E+3	960.792102E+3	999.842000E-3	
2.654204E+3	275.462182E+0	276.710000E+0	-1.112188E+0	91.000000E+0	6.589130E+6	6.589130E+6	962.032084E+3	962.032084E+3	1.000164E+0	
2.659683E+3	275.370560E+0	276.610000E+0	-929.885724E-3	90.000000E+0	7.132421E+6	7.132421E+6	1.054116E+6	1.054116E+6	1.000322E+0	
2.665170E+3	275.279239E+0	276.500000E+0	-765.143811E-3	89.000000E+0	6.054897E+6	6.054897E+6	857.634926E+3	857.634926E+3	999.603000E-3	
2.670698E+3	275.187783E+0	276.400000E+0	-764.657636E-3	92.000000E+0	8.758093E+6	8.758093E+6	1.321896E+6	1.321896E+6	1.000437E+0	
2.676215E+3	275.095661E+0	276.300000E+0	-963.579207E-3	90.000000E+0	9.448896E+6	9.448896E+6	1.396791E+6	1.396791E+6	1.001016E+0	
2.681693E+3	275.003706E+0	276.210000E+0	-1.145286E+0	93.000000E+0	6.724479E+6	6.724479E+6	1.024129E+6	1.024129E+6	999.392000E-3	
2.687207E+3	274.912401E+0	276.210000E+0	-1.127807E+0	90.000000E+0	6.800551E+6	6.800551E+6	1.030136E+6	1.030136E+6	999.613000E-3	
2.692696E+3	274.820512E+0	276.100000E+0	-1.092563E+0	91.000000E+0	7.614236E+6	7.614236E+6	1.223180E+6	1.223180E+6	1.000206E+0	
2.698180E+3	274.729024E+0	276.000000E+0	-874.150833E-3	91.000000E+0	8.315929E+6	8.315929E+6	1.227601E+6	1.227601E+6	999.741000E-3	
2.703667E+3	274.637619E+0	275.900000E+0	-506.694978E-3	89.000000E+0	6.735362E+6	6.735362E+6	1.047029E+6	1.047029E+6	999.393000E-3	
2.709152E+3	274.546180E+0	275.900000E+0	-154.407570E-3	91.000000E+0	10.311688E+6	10.311688E+6	1.547258E+6	1.547258E+6	999.615000E-3	
2.714664E+3	274.454758E+0	275.790000E+0	-360.713930E-3	89.000000E+0	14.428406E+6	14.428406E+6	2.212623E+6	2.212623E+6	999.600000E-3	
2.720155E+3	274.362886E+0	275.690000E+0	-545.502169E-3	89.000000E+0	6.402795E+6	6.402795E+6	929.563517E+3	929.563517E+3	998.964000E-3	
2.725642E+3	274.271381E+0	275.580000E+0	-752.493863E-3	89.000000E+0	6.085569E+6	6.085569E+6	968.826037E+3	968.826037E+3	999.433000E-3	
2.731122E+3	274.179926E+0	275.480000E+0	-764.878699E-3	90.000000E+0	8.539017E+6	8.539017E+6	1.340012E+6	1.340012E+6	1.000602E+0	
2.736620E+3	274.088587E+0	275.370000E+0	-965.581238E-3	89.000000E+0	6.156297E+6	6.156297E+6	979.581871E+3	979.581871E+3	999.721000E-3	
2.742104E+3	273.996965E+0	275.270000E+0	-1.147580E+0	89.000000E+0	6.796464E+6	6.796464E+6	982.079083E+3	982.079083E+3	999.488000E-3	
2.747590E+3	273.905560E+0	275.270000E+0	-1.147615E+0	87.000000E+0	9.146420E+6	9.146420E+6	1.392568E+6	1.392568E+6	1.000344E+0	
2.753096E+3	273.814121E+0	275.170000E+0	-1.148068E+0	87.000000E+0	8.206389E+6	8.206389E+6	1.315983E+6	1.315983E+6	999.374000E-3	
2.758599E+3	273.722350E+0	275.060000E+0	-947.189454E-3	89.000000E+0	7.319766E+6	7.319766E+6	1.117557E+6	1.117557E+6	999.148000E-3	
2.764086E+3	273.630644E+0	274.980000E+0	-746.380797E-3	85.000000E+0	7.176520E+6	7.176520E+6	1.068333E+6	1.068333E+6	999.474000E-3	
2.769571E+3	273.539189E+0	274.980000E+0	-746.904518E-3	86.000000E+0	6.687918E+6	6.687918E+6	1.073005E+6	1.073005E+6	999.710000E-3	
2.775082E+3	273.447767E+0	274.870000E+0	-911.710999E-3	86.000000E+0	13.086262E+6	13.086262E+6	1.892584E+6	1.892584E+6	999.267000E-3	
2.780590E+3	273.355929E+0	274.770000E+0	-875.352758E-3	87.000000E+0	6.654495E+6	6.654495E+6	1.026186E+6	1.026186E+6	1.000104E+0	
2.786076E+3	273.264123E+0	274.660000E+0	-691.481136E-3	87.000000E+0	8.058833E+6	8.058833E+6	1.211989E+6	1.211989E+6	999.940000E-3	
2.791566E+3	273.172685E+0	274.560000E+0	-725.920697E-3	86.000000E+0	6.475826E+6	6.475826E+6	1.001485E+6	1.001485E+6	999.220000E-3	
2.797048E+3	273.081196E+0	274.460000E+0	-963.087593E-3	86.000000E+0	7.135890E+6	7.135890E+6	1.112100E+6	1.112100E+6	999.310000E-3	
2.802564E+3	272.989824E+0	274.350000E+0	-1.146854E+0	87.000000E+0	6.150905E+6	6.150905E+6	975.705846E+3	975.705846E+3	999.522000E-3	
2.808069E+3	272.897886E+0	274.250000E+0	-1.130827E+0	84.000000E+0	6.290500E+6	6.290500E+6	971.828255E+3	971.828255E+3	999.183000E-3	
2.813554E+3	272.806147E+0	274.150000E+0	-1.130478E+0	86.000000E+0	6.294377E+6	6.294377E+6	957.524400E+3	957.524400E+3	999.610000E-3	
2.819046E+3	272.714725E+0	274.150000E+0	-1.129503E+0	86.000000E+0	8.370061E+6	8.370061E+6	1.242478E+6	1.242478E+6	1.000306E+0	
2.824530E+3	272.623187E+0	274.040000E+0	-1.129269E+0	86.000000E+0	6.218255E+6	6.218255E+6	910.704019E+3	910.704019E+3	999.398000E-3	
2.830012E+3	272.531798E+0	273.960000E+0	-929.523005E-3	84.000000E+0	12.336220E+6	12.336220E+6	1.767222E+6	1.767222E+6	999.974000E-3	
2.835491E+3	272.440426E+0	273.850000E+0	-748.150774E-3	85.000000E+0	7.538641E+6	7.538641E+6	1.129235E+6	1.129235E+6	999.473000E-3	
2.840969E+3	272.349104E+0	273.750000E+0	-729.088594E-3	86.000000E+0	8.401865E+6	8.401865E+6	1.248337E+6	1.248337E+6	1.000074E+0	
2.846452E+3	272.257799E+0	273.650000E+0	-890.981364E-3	87.000000E+0	6.198661E+6	6.198661E+6	964.991009E+3	964.991009E+3	999.658000E-3	
2.851936E+3	272.166427E+0	273.540000E+0	-1.071660E+0	86.000000E+0	8.230596E+6	8.230596E+6	1.209800E+6	1.209800E+6	1.000429E+0	
2.857414E+3	272.075022E+0	273.440000E+0	-1.089759E+0	85.000000E+0	7.454051E+6	7.454051E+6	1.086176E+6	1.086176E+6	999.961000E-3	
2.862922E+3	271.983717E+0	273.340000E+0	-1.126745E+0	86.000000E+0	7.782281E+6	7.782281E+6	1.124192E+6	1.124192E+6	999.634000E-3	
2.868407E+3	271.891928E+0	273.230000E+0	-1.127300E+0	86.000000E+0	7.945850E+6	7.945850E+6	1.274918E+6	1.274918E+6	999.429000E-3	
2.873911E+3	271.800506E+0	273.130000E+0	-1.126738E+0	83.000000E+0	11.128953E+6	11.128953E+6	1.606513E+6	1.606513E+6	1.000159E+0	
2.879392E+3	271.708768E+0	273.030000E+0	-1.126946E+0	83.000000E+0	7.451960E+6	7.451960E+6	1.075331E+6	1.075331E+6	999.904000E-3	
2.884879E+3	271.617429E+0	272.940000E+0	-1.127747E+0	85.000000E+0	7.089894E+6	7.089894E+6	1.088410E+6	1.088410E+6	999.746000E-3	
2.890409E+3	271.525974E+0	272.940000E+0	-1.128839E+0	86.000000E+0	7.880315E+6	7.880315E+6	1.267533E+6	1.267533E+6	1.000406E+0	
2.895890E+3	271.433802E+0	272.840000E+0	-1.092365E+0	86.000000E+0	9.088912E+6	9.088912E+6	1.397433E+6	1.397433E+6	1.000053E+0	
2.901408E+3	271.342463E+0	272.740000E+0	-873.295790E-3	85.000000E+0	6.741328E+6	6.741328E+6	981.778655E+3	981.778655E+3	999.267000E-3	
2.906902E+3	271.250492E+0	272.630000E+0	-691.323172E-3	83.000000E+0	7.386599E+6	7.386599E+6	1.081870E+6	1.081870E+6	999.333000E-3	
2.912386E+3	271.158920E+0	272.530000E+0	-710.284666E-3	85.000000E+0	8.241996E+6	8.241996E+6	1.254678E+6	1.254678E+6	999.919000E-3	
2.917869E+3	271.067531E+0	272.430000E+0	-929.040214E-3	83.000000E+0	7.731621E+6	7.731621E+6	1.203961E+6	1.203961E+6	999.544000E-3	
2.923349E+3	270.976142E+0	272.330000E+0	-1.129617E+0	83.000000E+0	7.667470E+6	7.667470E+6	1.106321E+6	1.106321E+6	999.608000E-3	
2.928854E+3	270.884804E+0	272.220000E+0	-1.130148E+0	84.000000E+0	8.361258E+6	8.361258E+6	1.317351E+6	1.317351E+6	1.000759E+0	
2.934342E+3	270.793065E+0	272.120000E+0	-1.111837E+0	84.000000E+0	7.787052E+6	7.787052E+6	1.111826E+6	1.111826E+6	1.000169E+0	
2.939820E+3	270.701593E+0	272.040000E+0	-1.111105E+0	83.000000E+0	7.146312E+6	7.146312E+6	1.020609E+6	1.020609E+6	999.912000E-3	
2.945308E+3	270.610288E+0	271.930000E+0	-1.129129E+0	82.000000E+0	7.156592E+6	7.156592E+6	1.063905E+6	1.063905E+6	999.919000E-3	
2.950820E+3	270.518816E+0	271.830000E+0	-1.092864E+0	83.000000E+0	8.380935E+6	8.380935E+6	1.327659E+6	1.327659E+6	1.000516E+0	
2.956302E+3	270.426961E+0	271.730000E+0	-1.056929E+0	81.000000E+0	6.501145E+6	6.501145E+6	984.383170E+3	984.383170E+3	999.681000E-3	
2.961820E+3	270.335589E+0	271.730000E+0	-1.056894E+0	85.000000E+0	7.166370E+6	7.166370E+6	1.076649E+6	1.076649E+6	999.637000E-3	
2.967295E+3	270.243617E+0	271.630000E+0	-1.093557E+0	81.000000E+0	6.184328E+6	6.184328E+6	921.616983E+3	921.616983E+3	999.944000E-3	
2.972781E+3	270.152379E+0	271.520000E+0	-929.630904E-3	83.000000E+0	8.699383E+6	8.699383E+6	1.275280E+6	1.275280E+6	1.000777E+0	
2.978308E+3	270.060940E+0	271.420000E+0	-728.855331E-3	83.000000E+0	6.578512E+6	6.578512E+6	1.045796E+6	1.045796E+6	1.000197E+0	
2.983792E+3	269.968818E+0	271.320000E+0	-746.073489E-3	83.000000E+0	6.594551E+6	6.594551E+6	929.927761E+3	929.927761E+3	999.602000E-3	
2.989271E+3	269.877430E+0	271.230000E+0	-946.632216E-3	83.000000E+0	6.492971E+6	6.492971E+6	965.141948E+3	965.141948E+3	999.463000E-3	
2.994752E+3	269.786108E+0	271.130000E+0	-1.129684E+0	82.000000E+0	9.027613E+6	9.027613E+6	1.400249E+6	1.400249E+6	1.000079E+0	
3.000231E+3	269.694753E+0	271.030000E+0	-1.093955E+0	82.000000E+0	10.219442E+6	10.219442E+6	1.622560E+6	1.622560E+6	1.000790E+0	
3.005748E+3	269.603447E+0	270.930000E+0	-1.057197E+0	83.000000E+0	7.933341E+6	7.933341E+6	1.223006E+6	1.223006E+6	999.363000E-3	
3.011226E+3	269.511492E+0	270.830000E+0	-1.057797E+0	82.000000E+0	8.786544E+6	8.786544E+6	1.398480E+6	1.398480E+6	999.733000E-3	
3.016716E+3	269.420187E+0	270.830000E+0	-1.077441E+0	81.000000E+0	8.045504E+6	8.045504E+6	1.167193E+6	1.167193E+6	999.332000E-3	
3.022211E+3	269.328698E+0	270.720000E+0	-1.096396E+0	81.000000E+0	6.184294E+6	6.184294E+6	897.781969E+3	897.781969E+3	1.000124E+0	
3.027736E+3	269.237110E+0	270.620000E+0	-913.307186E-3	80.000000E+0	7.870006E+6	7.870006E+6	1.225547E+6	1.225547E+6	999.176000E-3	
3.033215E+3	269.145021E+0	270.520000E+0	-748.166003E-3	78.000000E+0	7.673074E+6	7.673074E+6	1.110427E+6	1.110427E+6	999.955000E-3	
3.038764E+3	269.053699E+0	270.520000E+0	-766.040102E-3	82.000000E+0	6.681484E+6	6.681484E+6	1.003054E+6	1.003054E+6	1.000285E+0	
3.044249E+3	268.961227E+0	270.440000E+0	-947.763804E-3	80.000000E+0	8.581838E+6	8.581838E+6	1.310166E+6	1.310166E+6	1.000299E+0	
3.049734E+3	268.869805E+0	270.330000E+0	-929.201536E-3	78.000000E+0	6.791427E+6	6.791427E+6	1.002565E+6	1.002565E+6	999.766000E-3	
3.055223E+3	268.778383E+0	270.230000E+0	-691.915843E-3	81.000000E+0	7.121290E+6	7.121290E+6	1.147193E+6	1.147193E+6	999.473000E-3	
3.060701E+3	268.686912E+0	270.130000E+0	-674.432967E-3	81.000000E+0	9.966487E+6	9.966487E+6	1.593257E+6	1.593257E+6	1.000735E+0	
3.066189E+3	268.595606E+0	270.030000E+0	-875.335096E-3	78.000000E+0	7.668935E+6	7.668935E+6	1.114592E+6	1.114592E+6	999.799000E-3	
3.071675E+3	268.504134E+0	269.930000E+0	-1.093650E+0	81.000000E+0	7.855504E+6	7.855504E+6	1.150410E+6	1.150410E+6	999.770000E-3	
3.077162E+3	268.412713E+0	269.830000E+0	-1.111597E+0	77.000000E+0	15.390874E+6	15.390874E+6	2.440761E+6	2.440761E+6	1.000099E+0	
3.082646E+3	268.321257E+0	269.720000E+0	-1.092768E+0	81.000000E+0	8.387070E+6	8.387070E+6	1.314842E+6	1.314842E+6	999.571000E-3	
3.088161E+3	268.229852E+0	269.640000E+0	-1.091711E+0	79.000000E+0	9.345273E+6	9.345273E+6	1.309294E+6	1.309294E+6	1.000318E+0	
3.093651E+3	268.137947E+0	269.540000E+0	-1.108794E+0	80.000000E+0	7.694827E+6	7.694827E+6	1.219066E+6	1.219066E+6	999.635000E-3	
3.099134E+3	268.046442E+0	269.440000E+0	-1.090089E+0	81.000000E+0	6.715459E+6	6.715459E+6	1.051318E+6	1.051318E+6	999.126000E-3	
3.104632E+3	267.955053E+0	269.340000E+0	-1.054381E+0	81.000000E+0	7.755022E+6	7.755022E+6	1.127877E+6	1.127877E+6	1.000553E+0	
3.110174E+3	267.863431E+0	269.230000E+0	-1.037464E+0	80.000000E+0	6.569389E+6	6.569389E+6	1.001115E+6	1.001115E+6	999.204000E-3	
3.115665E+3	267.771059E+0	269.130000E+0	-1.056999E+0	80.000000E+0	8.060745E+6	8.060745E+6	1.273764E+6	1.273764E+6	999.613000E-3	
3.121143E+3	267.679537E+0	269.030000E+0	-1.112596E+0	79.000000E+0	9.413342E+6	9.413342E+6	1.476184E+6	1.476184E+6	999.038000E-3	
3.126626E+3	267.588249E+0	268.950000E+0	-1.129652E+0	79.000000E+0	8.117150E+6	8.117150E+6	1.228837E+6	1.228837E+6	999.627000E-3	
3.132106E+3	267.496860E+0	268.850000E+0	-1.128325E+0	80.000000E+0	8.993929E+6	8.993929E+6	1.341792E+6	1.341792E+6	1.000035E+0	
3.137588E+3	267.405522E+0	268.640000E+0	-1.073684E+0	80.000000E+0	7.601392E+6	7.601392E+6	1.088371E+6	1.088371E+6	999.583000E-3	
3.143068E+3	267.314150E+0	268.540000E+0	-1.020207E+0	81.000000E+0	7.719048E+6	7.719048E+6	1.087814E+6	1.087814E+6	999.308000E-3	
3.148568E+3	267.222828E+0	268.440000E+0	-1.221288E+0	78.000000E+0	7.165878E+6	7.165878E+6	1.026234E+6	1.026234E+6	999.425000E-3	
3.154053E+3	267.131156E+0	268.340000E+0	-1.455498E+0	79.000000E+0	12.457468E+6	12.457468E+6	1.967183E+6	1.967183E+6	1.000833E+0	
3.159535E+3	267.039734E+0	268.340000E+0	-1.490230E+0	81.000000E+0	8.785920E+6	8.785920E+6	1.320402E+6	1.320402E+6	1.000277E+0	
3.165022E+3	266.948379E+0	268.260000E+0	-1.290143E+0	81.000000E+0	6.884890E+6	6.884890E+6	1.018759E+6	1.018759E+6	999.273000E-3	
3.170524E+3	266.856924E+0	268.160000E+0	-909.935649E-3	78.000000E+0	6.548232E+6	6.548232E+6	1.045110E+6	1.045110E+6	1.000046E+0	
3.176005E+3	266.765218E+0	268.060000E+0	-692.699120E-3	76.000000E+0	10.930116E+6	10.930116E+6	1.573686E+6	1.573686E+6	998.794000E-3	
3.181498E+3	266.673880E+0	267.960000E+0	-656.633955E-3	79.000000E+0	6.346325E+6	6.346325E+6	982.397486E+3	982.397486E+3	999.800000E-3	
3.187010E+3	266.582325E+0	267.850000E+0	-839.038648E-3	78.000000E+0	7.520511E+6	7.520511E+6	1.124538E+6	1.124538E+6	1.000228E+0	
3.192496E+3	266.490453E+0	267.750000E+0	-1.057698E+0	77.000000E+0	12.832902E+6	12.832902E+6	2.049546E+6	2.049546E+6	1.001223E+0	
3.197973E+3	266.399031E+0	267.650000E+0	-1.112060E+0	79.000000E+0	11.290666E+6	11.290666E+6	1.749924E+6	1.749924E+6	1.000353E+0	
3.203455E+3	266.307742E+0	267.570000E+0	-1.130015E+0	78.000000E+0	8.344820E+6	8.344820E+6	1.312870E+6	1.312870E+6	999.626000E-3	
3.208937E+3	266.216370E+0	267.470000E+0	-1.129054E+0	78.000000E+0	8.056824E+6	8.056824E+6	1.213346E+6	1.213346E+6	999.449000E-3	
3.214420E+3	266.125015E+0	267.370000E+0	-1.073200E+0	78.000000E+0	7.818882E+6	7.818882E+6	1.191641E+6	1.191641E+6	1.000426E+0	
3.219910E+3	266.033626E+0	267.270000E+0	-1.018479E+0	80.000000E+0	7.760981E+6	7.760981E+6	1.081557E+6	1.081557E+6	1.000080E+0	
3.225391E+3	265.942121E+0	267.270000E+0	-1.014717E+0	78.000000E+0	8.910577E+6	8.910577E+6	1.249159E+6	1.249159E+6	1.000836E+0	
3.230880E+3	265.850766E+0	267.170000E+0	-1.047035E+0	78.000000E+0	9.580656E+6	9.580656E+6	1.426009E+6	1.426009E+6	998.975000E-3	
3.236359E+3	265.759294E+0	267.070000E+0	-900.883228E-3	78.000000E+0	8.711349E+6	8.711349E+6	1.264223E+6	1.264223E+6	998.669000E-3	
3.241866E+3	265.667972E+0	266.970000E+0	-722.770809E-3	76.000000E+0	8.018577E+6	8.018577E+6	1.221767E+6	1.221767E+6	999.676000E-3	
3.247356E+3	265.576184E+0	266.880000E+0	-725.962006E-3	77.000000E+0	8.803987E+6	8.803987E+6	1.271717E+6	1.271717E+6	1.000397E+0	
3.252845E+3	265.484695E+0	266.780000E+0	-904.966042E-3	78.000000E+0	5.880161E+6	5.880161E+6	916.685592E+3	916.685592E+3	999.451000E-3	
3.258320E+3	265.393206E+0	266.680000E+0	-1.066043E+0	76.000000E+0	8.398933E+6	8.398933E+6	1.330705E+6	1.330705E+6	999.641000E-3	
3.263808E+3	265.301951E+0	266.580000E+0	-1.047202E+0	77.000000E+0	7.456707E+6	7.456707E+6	1.173961E+6	1.173961E+6	999.497000E-3	
3.269323E+3	265.210496E+0	266.480000E+0	-1.047593E+0	75.000000E+0	6.576805E+6	6.576805E+6	1.042311E+6	1.042311E+6	1.000069E+0	
3.274808E+3	265.118574E+0	266.380000E+0	-1.066909E+0	74.000000E+0	9.319959E+6	9.319959E+6	1.482324E+6	1.482324E+6	1.000218E+0	
3.280292E+3	265.027152E+0	266.300000E+0	-1.086837E+0	75.000000E+0	9.104996E+6	9.104996E+6	1.433328E+6	1.433328E+6	1.000548E+0	
3.285774E+3	264.935764E+0	266.200000E+0	-1.088508E+0	78.000000E+0	6.758220E+6	6.758220E+6	1.028742E+6	1.028742E+6	999.338000E-3	
3.291281E+3	264.844392E+0	266.100000E+0	-1.054018E+0	74.000000E+0	7.053123E+6	7.053123E+6	1.009449E+6	1.009449E+6	999.357000E-3	
3.296759E+3	264.752603E+0	266.000000E+0	-1.019214E+0	75.000000E+0	9.765761E+6	9.765761E+6	1.377538E+6	1.377538E+6	999.721000E-3	
3.302260E+3	264.661315E+0	265.900000E+0	-1.020469E+0	77.000000E+0	9.567601E+6	9.567601E+6	1.355066E+6	1.355066E+6	999.910000E-3	
3.307741E+3	264.569626E+0	265.900000E+0	-1.055648E+0	74.000000E+0	7.269708E+6	7.269708E+6	1.030210E+6	1.030210E+6	999.294000E-3	
3.313249E+3	264.478271E+0	265.800000E+0	-1.090419E+0	74.000000E+0	8.093302E+6	8.093302E+6	1.242147E+6	1.242147E+6	999.280000E-3	
3.318735E+3	264.386482E+0	265.720000E+0	-908.645476E-3	74.000000E+0	8.236785E+6	8.236785E+6	1.153334E+6	1.153334E+6	999.122000E-3	
3.324219E+3	264.295044E+0	265.620000E+0	-728.259188E-3	72.000000E+0	7.908391E+6	7.908391E+6	1.220010E+6	1.220010E+6	998.988000E-3	
3.329702E+3	264.203638E+0	265.620000E+0	-693.278012E-3	75.000000E+0	7.619802E+6	7.619802E+6	1.117723E+6	1.117723E+6	1.000099E+0	
3.335195E+3	264.112250E+0	265.520000E+0	-839.451373E-3	73.000000E+0	7.577044E+6	7.577044E+6	1.134843E+6	1.134843E+6	998.806000E-3	
3.340703E+3	264.020711E+0	265.320000E+0	-839.401475E-3	74.000000E+0	8.635232E+6	8.635232E+6	1.278700E+6	1.278700E+6	1.000478E+0	
3.346186E+3	263.928906E+0	265.220000E+0	-692.459338E-3	72.000000E+0	8.289847E+6	8.289847E+6	1.164960E+6	1.164960E+6	1.000170E+0	
3.351662E+3	263.837518E+0	265.220000E+0	-907.674411E-3	72.000000E+0	8.942356E+6	8.942356E+6	1.338370E+6	1.338370E+6	999.666000E-3	
3.357160E+3	263.746262E+0	265.140000E+0	-1.270991E+0	73.000000E+0	8.015036E+6	8.015036E+6	1.256789E+6	1.256789E+6	999.475000E-3	
3.362643E+3	263.654624E+0	265.040000E+0	-1.271587E+0	72.000000E+0	9.190145E+6	9.190145E+6	1.451176E+6	1.451176E+6	999.704000E-3	
3.368120E+3	263.563235E+0	264.940000E+0	-873.577921E-3	71.000000E+0	8.055868E+6	8.055868E+6	1.168791E+6	1.168791E+6	1.000136E+0	
3.373596E+3	263.471963E+0	264.840000E+0	-655.428520E-3	70.000000E+0	6.990804E+6	6.990804E+6	1.039291E+6	1.039291E+6	999.615000E-3	
3.379098E+3	263.380691E+0	264.740000E+0	-837.219272E-3	71.000000E+0	8.157748E+6	8.157748E+6	1.272233E+6	1.272233E+6	999.161000E-3	
3.384615E+3	263.288986E+0	264.560000E+0	-1.056311E+0	74.000000E+0	9.097380E+6	9.097380E+6	1.392070E+6	1.392070E+6	999.984000E-3	
3.390091E+3	263.197048E+0	264.460000E+0	-1.093632E+0	74.000000E+0	9.246809E+6	9.246809E+6	1.313721E+6	1.313721E+6	999.765000E-3	
3.395570E+3	263.105776E+0	264.360000E+0	-1.240213E+0	73.000000E+0	7.770643E+6	7.770643E+6	1.142397E+6	1.142397E+6	999.227000E-3	
3.401053E+3	263.014454E+0	264.260000E+0	-1.386030E+0	70.000000E+0	9.153551E+6	9.153551E+6	1.335397E+6	1.335397E+6	1.000117E+0	
3.406539E+3	262.923082E+0	264.160000E+0	-1.385897E+0	73.000000E+0	7.888480E+6	7.888480E+6	1.176332E+6	1.176332E+6	999.076000E-3	
3.412094E+3	262.831643E+0	264.080000E+0	-1.240179E+0	72.000000E+0	7.578666E+6	7.578666E+6	1.174701E+6	1.174701E+6	999.626000E-3	
3.417575E+3	262.739055E+0	263.980000E+0	-1.093930E+0	71.000000E+0	7.531428E+6	7.531428E+6	1.117701E+6	1.117701E+6	1.000249E+0	
3.423075E+3	262.647699E+0	263.880000E+0	-1.056951E+0	74.000000E+0	7.804272E+6	7.804272E+6	1.115271E+6	1.115271E+6	999.259000E-3	
3.428577E+3	262.556044E+0	263.680000E+0	-1.020254E+0	75.000000E+0	7.011246E+6	7.011246E+6	992.110636E+3	992.110636E+3	999.383000E-3	
3.434119E+3	262.464339E+0	263.680000E+0	-1.019922E+0	74.000000E+0	7.866339E+6	7.866339E+6	1.102143E+6	1.102143E+6	999.025000E-3	
3.439596E+3	262.371967E+0	263.500000E+0	-1.238459E+0	72.000000E+0	8.347209E+6	8.347209E+6	1.199286E+6	1.199286E+6	1.000246E+0	
3.445116E+3	262.280695E+0	263.400000E+0	-1.275023E+0	74.000000E+0	8.031542E+6	8.031542E+6	1.189910E+6	1.189910E+6	999.927000E-3	
3.450598E+3	262.188690E+0	263.310000E+0	-1.239249E+0	76.000000E+0	7.152416E+6	7.152416E+6	1.136274E+6	1.136274E+6	998.978000E-3	
3.456118E+3	262.097318E+0	263.210000E+0	-1.201997E+0	76.000000E+0	11.290194E+6	11.290194E+6	1.777986E+6	1.777986E+6	1.000537E+0	
3.461601E+3	262.005329E+0	263.110000E+0	-1.181781E+0	76.000000E+0	10.949584E+6	10.949584E+6	1.634285E+6	1.634285E+6	1.001230E+0	
3.467082E+3	261.913941E+0	263.030000E+0	-1.199260E+0	77.000000E+0	7.313272E+6	7.313272E+6	1.040986E+6	1.040986E+6	998.993000E-3	
3.472580E+3	261.822586E+0	262.930000E+0	-1.054987E+0	78.000000E+0	6.941982E+6	6.941982E+6	972.753663E+3	972.753663E+3	999.576000E-3	
3.478089E+3	261.730964E+0	262.730000E+0	-1.038669E+0	78.000000E+0	7.433259E+6	7.433259E+6	1.099433E+6	1.099433E+6	999.476000E-3	
3.483610E+3	261.639142E+0	262.530000E+0	-1.021400E+0	80.000000E+0	15.890841E+6	15.890841E+6	2.339411E+6	2.339411E+6	1.001123E+0	
3.489112E+3	261.547120E+0	262.350000E+0	-1.204271E+0	79.000000E+0	8.034992E+6	8.034992E+6	1.165534E+6	1.165534E+6	999.312000E-3	
3.494603E+3	261.455431E+0	262.350000E+0	-1.603492E+0	78.000000E+0	7.144852E+6	7.144852E+6	1.098204E+6	1.098204E+6	999.279000E-3	
3.500092E+3	261.363909E+0	262.260000E+0	-1.965850E+0	77.000000E+0	7.183829E+6	7.183829E+6	1.093840E+6	1.093840E+6	999.989000E-3	
3.505576E+3	261.272421E+0	262.160000E+0	-1.745134E+0	77.000000E+0	6.803642E+6	6.803642E+6	1.070044E+6	1.070044E+6	999.523000E-3	
3.511060E+3	261.181032E+0	262.060000E+0	-1.181197E+0	78.000000E+0	7.350022E+6	7.350022E+6	1.158457E+6	1.158457E+6	999.603000E-3	
3.516543E+3	261.089627E+0	261.980000E+0	-836.991244E-3	78.000000E+0	8.039751E+6	8.039751E+6	1.216378E+6	1.216378E+6	999.743000E-3	
3.522044E+3	260.998238E+0	261.980000E+0	-875.069789E-3	77.000000E+0	10.377500E+6	10.377500E+6	1.508814E+6	1.508814E+6	1.000391E+0	
3.527520E+3	260.906550E+0	261.880000E+0	-1.039158E+0	78.000000E+0	6.886595E+6	6.886595E+6	1.014204E+6	1.014204E+6	999.176000E-3	
3.533005E+3	260.815295E+0	261.780000E+0	-838.096372E-3	76.000000E+0	8.851174E+6	8.851174E+6	1.272577E+6	1.272577E+6	999.386000E-3	
3.538516E+3	260.723873E+0	261.680000E+0	-655.408795E-3	75.000000E+0	8.911063E+6	8.911063E+6	1.235321E+6	1.235321E+6	999.643000E-3	
3.543999E+3	260.632018E+0	261.680000E+0	-691.178502E-3	74.000000E+0	7.854858E+6	7.854858E+6	1.076514E+6	1.076514E+6	999.295000E-3	
3.549503E+3	260.540646E+0	261.590000E+0	-909.255236E-3	73.000000E+0	8.413791E+6	8.413791E+6	1.207501E+6	1.207501E+6	1.000568E+0	
3.555008E+3	260.448907E+0	261.590000E+0	-909.388263E-3	75.000000E+0	11.352155E+6	11.352155E+6	1.663650E+6	1.663650E+6	1.000806E+0	
3.560489E+3	260.357152E+0	261.500000E+0	-710.216198E-3	74.000000E+0	9.760488E+6	9.760488E+6	1.402499E+6	1.402499E+6	1.000450E+0	
3.565992E+3	260.265813E+0	261.410000E+0	-510.899764E-3	75.000000E+0	7.300270E+6	7.300270E+6	1.111385E+6	1.111385E+6	999.407000E-3	
3.571474E+3	260.174091E+0	261.310000E+0	-492.732536E-3	72.000000E+0	7.214282E+6	7.214282E+6	1.091975E+6	1.091975E+6	999.683000E-3	
3.576962E+3	260.082719E+0	261.210000E+0	-656.284006E-3	74.000000E+0	8.438358E+6	8.438358E+6	1.164336E+6	1.164336E+6	999.186000E-3	
3.582447E+3	259.991264E+0	261.210000E+0	-837.828378E-3	72.000000E+0	8.473743E+6	8.473743E+6	1.252176E+6	1.252176E+6	999.478000E-3	
3.587945E+3	259.899842E+0	261.110000E+0	-1.038284E+0	74.000000E+0	6.802552E+6	6.802552E+6	994.789696E+3	994.789696E+3	999.499000E-3	
3.593435E+3	259.808204E+0	261.110000E+0	-893.074471E-3	72.000000E+0	8.570033E+6	8.570033E+6	1.306093E+6	1.306093E+6	999.523000E-3	
3.598919E+3	259.716715E+0	261.030000E+0	-729.718928E-3	72.000000E+0	10.224080E+6	10.224080E+6	1.491723E+6	1.491723E+6	1.000324E+0	
3.604400E+3	259.625310E+0	260.930000E+0	-546.883163E-3	73.000000E+0	7.351626E+6	7.351626E+6	1.088991E+6	1.088991E+6	999.380000E-3	
3.609878E+3	259.533955E+0	260.840000E+0	-509.768455E-3	72.000000E+0	6.596225E+6	6.596225E+6	988.381295E+3	988.381295E+3	999.394000E-3	
3.615368E+3	259.442649E+0	260.740000E+0	-655.489282E-3	72.000000E+0	8.307674E+6	8.307674E+6	1.159884E+6	1.159884E+6	1.000327E+0	
3.620854E+3	259.351161E+0	260.640000E+0	-819.175812E-3	72.000000E+0	6.138625E+6	6.138625E+6	957.222290E+3	957.222290E+3	999.675000E-3	
3.626336E+3	259.259722E+0	260.640000E+0	-1.019267E+0	70.000000E+0	8.531315E+6	8.531315E+6	1.323935E+6	1.323935E+6	1.000382E+0	
3.631821E+3	259.168350E+0	260.560000E+0	-1.055834E+0	71.000000E+0	8.248383E+6	8.248383E+6	1.247018E+6	1.247018E+6	999.539000E-3	
3.637372E+3	259.076945E+0	260.460000E+0	-892.645299E-3	68.000000E+0	10.209458E+6	10.209458E+6	1.535812E+6	1.535812E+6	999.608000E-3	
3.642855E+3	258.984423E+0	260.370000E+0	-693.018270E-3	70.000000E+0	10.357873E+6	10.357873E+6	1.591058E+6	1.591058E+6	1.000467E+0	
3.648335E+3	258.893035E+0	260.270000E+0	-656.480772E-3	69.000000E+0	7.602966E+6	7.602966E+6	1.104457E+6	1.104457E+6	999.562000E-3	
3.653829E+3	258.801713E+0	260.190000E+0	-820.741540E-3	67.000000E+0	8.032468E+6	8.032468E+6	1.121770E+6	1.121770E+6	999.239000E-3	
3.659305E+3	258.710141E+0	260.090000E+0	-1.021472E+0	67.000000E+0	8.043333E+6	8.043333E+6	1.155519E+6	1.155519E+6	998.982000E-3	
3.664792E+3	258.618869E+0	259.990000E+0	-1.021561E+0	67.000000E+0	7.309103E+6	7.309103E+6	1.090912E+6	1.090912E+6	999.666000E-3	
3.670276E+3	258.527430E+0	259.990000E+0	-1.003168E+0	67.000000E+0	7.872705E+6	7.872705E+6	1.217051E+6	1.217051E+6	999.125000E-3	
3.675754E+3	258.436025E+0	259.900000E+0	-1.021443E+0	67.000000E+0	8.573175E+6	8.573175E+6	1.267075E+6	1.267075E+6	1.000661E+0	
3.681236E+3	258.344720E+0	259.800000E+0	-875.087978E-3	68.000000E+0	10.907096E+6	10.907096E+6	1.618095E+6	1.618095E+6	999.090000E-3	
3.686717E+3	258.253365E+0	259.620000E+0	-710.595348E-3	68.000000E+0	24.830000E+6	24.830000E+6	3.580391E+6	3.580391E+6	1.000649E+0	
3.692200E+3	258.162010E+0	259.520000E+0	-691.877876E-3	66.000000E+0	8.107967E+6	8.107967E+6	1.123691E+6	1.123691E+6	1.000361E+0	
3.697683E+3	258.070621E+0	259.430000E+0	-1.020219E+0	67.000000E+0	7.381378E+6	7.381378E+6	1.051803E+6	1.051803E+6	999.291000E-3	
3.703157E+3	257.979232E+0	259.430000E+0	-1.367020E+0	66.000000E+0	7.107970E+6	7.107970E+6	1.125743E+6	1.125743E+6	999.736000E-3	
3.708661E+3	257.888011E+0	259.330000E+0	-1.366894E+0	65.000000E+0	10.539989E+6	10.539989E+6	1.497990E+6	1.497990E+6	999.718000E-3	
3.714144E+3	257.796272E+0	259.250000E+0	-1.020669E+0	66.000000E+0	8.748188E+6	8.748188E+6	1.240066E+6	1.240066E+6	999.218000E-3	
3.719659E+3	257.704883E+0	259.150000E+0	-692.194540E-3	66.000000E+0	9.053558E+6	9.053558E+6	1.346680E+6	1.346680E+6	999.875000E-3	
3.725189E+3	257.612978E+0	259.050000E+0	-673.982304E-3	66.000000E+0	12.697194E+6	12.697194E+6	1.968742E+6	1.968742E+6	999.904000E-3	
3.730682E+3	257.520806E+0	258.960000E+0	-838.191460E-3	64.000000E+0	7.721686E+6	7.721686E+6	1.078857E+6	1.078857E+6	999.109000E-3	
3.736161E+3	257.429251E+0	258.880000E+0	-1.019999E+0	66.000000E+0	8.661406E+6	8.661406E+6	1.288106E+6	1.288106E+6	999.353000E-3	
3.741645E+3	257.337946E+0	258.780000E+0	-1.037834E+0	65.000000E+0	8.751961E+6	8.751961E+6	1.312129E+6	1.312129E+6	999.824000E-3	
3.747141E+3	257.246541E+0	258.680000E+0	-1.019566E+0	67.000000E+0	7.484561E+6	7.484561E+6	1.140570E+6	1.140570E+6	999.114000E-3	
3.752640E+3	257.154935E+0	258.590000E+0	-984.314515E-3	64.000000E+0	9.635976E+6	9.635976E+6	1.332641E+6	1.332641E+6	1.000118E+0	
3.758142E+3	257.063297E+0	258.490000E+0	-1.003736E+0	65.000000E+0	9.792280E+6	9.792280E+6	1.405203E+6	1.405203E+6	999.498000E-3	
3.763660E+3	256.971591E+0	258.410000E+0	-1.040115E+0	63.000000E+0	11.259899E+6	11.259899E+6	1.726563E+6	1.726563E+6	1.000442E+0	
3.769142E+3	256.879620E+0	258.310000E+0	-1.057677E+0	65.000000E+0	8.493994E+6	8.493994E+6	1.238652E+6	1.238652E+6	999.828000E-3	
3.774659E+3	256.788264E+0	258.220000E+0	-1.020900E+0	65.000000E+0	7.775175E+6	7.775175E+6	1.164398E+6	1.164398E+6	1.000043E+0	
3.780162E+3	256.696309E+0	258.120000E+0	-1.002907E+0	63.000000E+0	9.976420E+6	9.976420E+6	1.408266E+6	1.408266E+6	999.338000E-3	
3.785673E+3	256.604587E+0	258.040000E+0	-1.003349E+0	63.000000E+0	10.234112E+6	10.234112E+6	1.572217E+6	1.572217E+6	998.747000E-3	
3.791168E+3	256.512749E+0	257.940000E+0	-1.021999E+0	64.000000E+0	15.045861E+6	15.045861E+6	2.111423E+6	2.111423E+6	1.001603E+0	
3.796692E+3	256.421160E+0	257.750000E+0	-1.022269E+0	65.000000E+0	7.127394E+6	7.127394E+6	999.606774E+3	999.606774E+3	999.617000E-3	
3.802170E+3	256.329088E+0	257.650000E+0	-1.004025E+0	65.000000E+0	23.213769E+6	23.213769E+6	3.478367E+6	3.478367E+6	1.001442E+0	
3.807654E+3	256.237783E+0	257.570000E+0	-1.184847E+0	65.000000E+0	13.793688E+6	13.793688E+6	1.998602E+6	1.998602E+6	1.000870E+0	
3.813137E+3	256.146394E+0	257.480000E+0	-1.384169E+0	65.000000E+0	8.345716E+6	8.345716E+6	1.179438E+6	1.179438E+6	999.316000E-3	
3.818614E+3	256.055006E+0	257.380000E+0	-1.383184E+0	65.000000E+0	15.361797E+6	15.361797E+6	2.352794E+6	2.352794E+6	1.000053E+0	
3.824094E+3	255.963717E+0	257.290000E+0	-1.163562E+0	66.000000E+0	25.167831E+6	25.167831E+6	3.881962E+6	3.881962E+6	1.001428E+0	
3.829581E+3	255.872395E+0	257.110000E+0	-980.265625E-3	63.000000E+0	8.234550E+6	8.234550E+6	1.229288E+6	1.229288E+6	999.098000E-3	
3.835092E+3	255.780940E+0	257.110000E+0	-998.203403E-3	66.000000E+0	7.229529E+6	7.229529E+6	995.629565E+3	995.629565E+3	999.627000E-3	
3.840570E+3	255.689085E+0	257.010000E+0	-1.181785E+0	65.000000E+0	7.894650E+6	7.894650E+6	1.090434E+6	1.090434E+6	1.000410E+0	
3.846080E+3	255.597796E+0	256.920000E+0	-1.165459E+0	63.000000E+0	7.143879E+6	7.143879E+6	1.074266E+6	1.074266E+6	999.000000E-3	
3.851566E+3	255.505958E+0	256.840000E+0	-1.002357E+0	66.000000E+0	9.485915E+6	9.485915E+6	1.434663E+6	1.434663E+6	1.000100E+0	
3.857049E+3	255.414519E+0	256.740000E+0	-856.376077E-3	65.000000E+0	6.661738E+6	6.661738E+6	1.028906E+6	1.028906E+6	999.394000E-3	
3.862533E+3	255.323147E+0	256.650000E+0	-837.482894E-3	66.000000E+0	7.649380E+6	7.649380E+6	1.176093E+6	1.176093E+6	999.621000E-3	
3.868017E+3	255.231742E+0	256.550000E+0	-983.184067E-3	64.000000E+0	13.372209E+6	13.372209E+6	1.930496E+6	1.930496E+6	998.904000E-3	
3.873508E+3	255.140337E+0	256.470000E+0	-983.404446E-3	63.000000E+0	7.414095E+6	7.414095E+6	1.000410E+6	1.000410E+6	998.901000E-3	
3.878995E+3	255.048831E+0	256.370000E+0	-1.019313E+0	64.000000E+0	8.042797E+6	8.042797E+6	1.177962E+6	1.177962E+6	1.000524E+0	
3.884501E+3	254.957376E+0	256.180000E+0	-1.018478E+0	65.000000E+0	7.658325E+6	7.658325E+6	1.093676E+6	1.093676E+6	999.488000E-3	
3.889987E+3	254.865604E+0	256.100000E+0	-1.000329E+0	63.000000E+0	7.300621E+6	7.300621E+6	1.128854E+6	1.128854E+6	999.528000E-3	
3.895470E+3	254.774166E+0	256.010000E+0	-1.184189E+0	64.000000E+0	11.160786E+6	11.160786E+6	1.753027E+6	1.753027E+6	1.000118E+0	
3.900951E+3	254.682794E+0	255.910000E+0	-1.348769E+0	66.000000E+0	7.246535E+6	7.246535E+6	1.124661E+6	1.124661E+6	999.732000E-3	
3.906427E+3	254.591439E+0	255.740000E+0	-1.330416E+0	65.000000E+0	10.520943E+6	10.520943E+6	1.638347E+6	1.638347E+6	999.700000E-3	
3.911918E+3	254.500167E+0	255.640000E+0	-1.147595E+0	64.000000E+0	7.624727E+6	7.624727E+6	1.069706E+6	1.069706E+6	999.373000E-3	
3.917402E+3	254.408662E+0	255.550000E+0	-1.148403E+0	64.000000E+0	7.384573E+6	7.384573E+6	1.079747E+6	1.079747E+6	999.502000E-3	
3.922881E+3	254.317256E+0	255.450000E+0	-1.330890E+0	65.000000E+0	9.905013E+6	9.905013E+6	1.465145E+6	1.465145E+6	999.812000E-3	
3.928363E+3	254.225934E+0	255.370000E+0	-1.330385E+0	65.000000E+0	17.560523E+6	17.560523E+6	2.630116E+6	2.630116E+6	1.000423E+0	
3.933841E+3	254.134579E+0	255.280000E+0	-1.184367E+0	65.000000E+0	9.215327E+6	9.215327E+6	1.290102E+6	1.290102E+6	1.000508E+0	
3.939367E+3	254.043274E+0	255.180000E+0	-1.020711E+0	64.000000E+0	12.907546E+6	12.907546E+6	1.949274E+6	1.949274E+6	1.000593E+0	
3.944850E+3	253.951169E+0	255.090000E+0	-984.042846E-3	66.000000E+0	7.408830E+6	7.408830E+6	1.126097E+6	1.126097E+6	999.303000E-3	
3.950335E+3	253.859797E+0	255.010000E+0	-983.286276E-3	65.000000E+0	7.630503E+6	7.630503E+6	1.132486E+6	1.132486E+6	999.367000E-3	
3.955812E+3	253.768375E+0	254.910000E+0	-1.001620E+0	65.000000E+0	7.242878E+6	7.242878E+6	1.099921E+6	1.099921E+6	999.155000E-3	
3.961294E+3	253.677086E+0	254.820000E+0	-1.002551E+0	66.000000E+0	8.760645E+6	8.760645E+6	1.331533E+6	1.331533E+6	999.502000E-3	
3.966784E+3	253.585731E+0	254.720000E+0	-985.281837E-3	66.000000E+0	26.118277E+6	26.118277E+6	3.811537E+6	3.811537E+6	1.000330E+0	
3.972267E+3	253.494226E+0	254.640000E+0	-985.281837E-3	66.000000E+0	9.855989E+6	9.855989E+6	1.391431E+6	1.391431E+6	999.693000E-3	
3.977751E+3	253.402837E+0	254.550000E+0	-1.021555E+0	65.000000E+0	10.207689E+6	10.207689E+6	1.496308E+6	1.496308E+6	1.000966E+0	
3.983236E+3	253.311449E+0	254.450000E+0	-1.021136E+0	66.000000E+0	9.982841E+6	9.982841E+6	1.472969E+6	1.472969E+6	1.000680E+0	
3.988714E+3	253.220027E+0	254.360000E+0	-984.535074E-3	66.000000E+0	8.782966E+6	8.782966E+6	1.324657E+6	1.324657E+6	999.238000E-3	
3.994198E+3	253.128722E+0	254.280000E+0	-984.724723E-3	66.000000E+0	8.617375E+6	8.617375E+6	1.280318E+6	1.280318E+6	999.874000E-3	
3.999685E+3	253.037316E+0	254.180000E+0	-1.001316E+0	65.000000E+0	9.708989E+6	9.708989E+6	1.503372E+6	1.503372E+6	1.000123E+0	
4.005169E+3	252.945878E+0	254.090000E+0	-999.628516E-3	64.000000E+0	7.095167E+6	7.095167E+6	1.063186E+6	1.063186E+6	999.709000E-3	
4.010653E+3	252.854473E+0	254.000000E+0	-981.203367E-3	64.000000E+0	7.056145E+6	7.056145E+6	1.065010E+6	1.065010E+6	999.644000E-3	
4.016135E+3	252.763067E+0	253.920000E+0	-983.246995E-3	65.000000E+0	8.449244E+6	8.449244E+6	1.260697E+6	1.260697E+6	999.630000E-3	
4.021624E+3	252.671712E+0	253.820000E+0	-1.003501E+0	65.000000E+0	21.781570E+6	21.781570E+6	2.928276E+6	2.928276E+6	998.685000E-3	
4.027104E+3	252.580224E+0	253.730000E+0	-985.406786E-3	65.000000E+0	8.254580E+6	8.254580E+6	1.132708E+6	1.132708E+6	999.382000E-3	
4.032582E+3	252.488885E+0	253.630000E+0	-965.551275E-3	64.000000E+0	8.674805E+6	8.674805E+6	1.200223E+6	1.200223E+6	999.164000E-3	
4.038064E+3	252.397597E+0	253.550000E+0	-981.948703E-3	65.000000E+0	8.949248E+6	8.949248E+6	1.284953E+6	1.284953E+6	999.989000E-3	
4.043568E+3	252.306225E+0	253.460000E+0	-1.018436E+0	63.000000E+0	19.191507E+6	19.191507E+6	2.833439E+6	2.833439E+6	1.001029E+0	
4.049056E+3	252.214486E+0	253.360000E+0	-1.020076E+0	64.000000E+0	9.007145E+6	9.007145E+6	1.256342E+6	1.256342E+6	1.000964E+0	
4.054546E+3	252.123031E+0	253.270000E+0	-984.914341E-3	63.000000E+0	10.318655E+6	10.318655E+6	1.452684E+6	1.452684E+6	998.949000E-3	
4.060035E+3	252.031526E+0	253.270000E+0	-984.566856E-3	63.000000E+0	8.204236E+6	8.204236E+6	1.259354E+6	1.259354E+6	999.358000E-3	
4.065521E+3	251.940037E+0	253.190000E+0	-1.002814E+0	63.000000E+0	8.362480E+6	8.362480E+6	1.163016E+6	1.163016E+6	999.400000E-3	
4.071002E+3	251.848615E+0	253.100000E+0	-856.950105E-3	64.000000E+0	17.056442E+6	17.056442E+6	2.351455E+6	2.351455E+6	1.000872E+0	
4.076517E+3	251.757260E+0	253.000000E+0	-656.270414E-3	64.000000E+0	10.354659E+6	10.354659E+6	1.508394E+6	1.508394E+6	1.000053E+0	
4.082004E+3	251.665338E+0	252.920000E+0	-619.436890E-3	65.000000E+0	14.528754E+6	14.528754E+6	2.184659E+6	2.184659E+6	999.433000E-3	
4.087492E+3	251.573883E+0	252.830000E+0	-801.688688E-3	65.000000E+0	9.690024E+6	9.690024E+6	1.410842E+6	1.410842E+6	999.526000E-3	
4.092977E+3	251.482428E+0	252.740000E+0	-983.367369E-3	63.000000E+0	8.337513E+6	8.337513E+6	1.124328E+6	1.124328E+6	998.834000E-3	
4.098491E+3	251.391006E+0	252.640000E+0	-982.691068E-3	63.000000E+0	7.501591E+6	7.501591E+6	1.128484E+6	1.128484E+6	999.662000E-3	
4.103997E+3	251.299100E+0	252.560000E+0	-964.678227E-3	63.000000E+0	8.306397E+6	8.306397E+6	1.214770E+6	1.214770E+6	999.841000E-3	
4.109517E+3	251.207345E+0	252.470000E+0	-983.837094E-3	60.000000E+0	11.267173E+6	11.267173E+6	1.742481E+6	1.742481E+6	1.000525E+0	
4.114997E+3	251.115340E+0	252.380000E+0	-1.002681E+0	63.000000E+0	7.963407E+6	7.963407E+6	1.223679E+6	1.223679E+6	999.328000E-3	
4.120516E+3	251.024001E+0	252.280000E+0	-984.786455E-3	63.000000E+0	8.596284E+6	8.596284E+6	1.241645E+6	1.241645E+6	999.404000E-3	
4.126002E+3	250.932029E+0	252.200000E+0	-967.062140E-3	62.000000E+0	9.653770E+6	9.653770E+6	1.431849E+6	1.431849E+6	1.000034E+0	
4.131484E+3	250.840591E+0	252.110000E+0	-985.665029E-3	61.000000E+0	7.792150E+6	7.792150E+6	1.109478E+6	1.109478E+6	999.577000E-3	
4.136977E+3	250.749219E+0	252.020000E+0	-1.003559E+0	61.000000E+0	9.049873E+6	9.049873E+6	1.316354E+6	1.316354E+6	999.287000E-3	
4.142465E+3	250.657680E+0	251.940000E+0	-984.900810E-3	63.000000E+0	14.462862E+6	14.462862E+6	1.971025E+6	1.971025E+6	999.673000E-3	
4.147954E+3	250.566208E+0	251.840000E+0	-966.686979E-3	60.000000E+0	8.628702E+6	8.628702E+6	1.286851E+6	1.286851E+6	999.894000E-3	
4.153443E+3	250.474720E+0	251.750000E+0	-948.453170E-3	62.000000E+0	8.651869E+6	8.651869E+6	1.167574E+6	1.167574E+6	999.637000E-3	
4.158936E+3	250.383248E+0	251.660000E+0	-966.721921E-3	61.000000E+0	8.756237E+6	8.756237E+6	1.201448E+6	1.201448E+6	999.612000E-3	
4.164426E+3	250.291693E+0	251.580000E+0	-985.220586E-3	61.000000E+0	7.326063E+6	7.326063E+6	1.117540E+6	1.117540E+6	999.568000E-3	
4.169906E+3	250.200188E+0	251.480000E+0	-1.003424E+0	63.000000E+0	7.580721E+6	7.580721E+6	1.108435E+6	1.108435E+6	999.518000E-3	
4.175389E+3	250.108866E+0	251.390000E+0	-984.281596E-3	61.000000E+0	13.274246E+6	13.274246E+6	1.815949E+6	1.815949E+6	998.887000E-3	
4.180875E+3	250.017477E+0	251.310000E+0	-965.244490E-3	61.000000E+0	9.160273E+6	9.160273E+6	1.360410E+6	1.360410E+6	1.000027E+0	
4.186351E+3	249.926038E+0	251.220000E+0	-982.531809E-3	60.000000E+0	9.022287E+6	9.022287E+6	1.274397E+6	1.274397E+6	999.489000E-3	
4.191838E+3	249.834767E+0	251.130000E+0	-981.830464E-3	60.000000E+0	10.510761E+6	10.510761E+6	1.484772E+6	1.484772E+6	1.000204E+0	
4.197319E+3	249.743328E+0	251.030000E+0	-962.911381E-3	59.000000E+0	12.780618E+6	12.780618E+6	1.781880E+6	1.781880E+6	1.000339E+0	
4.202810E+3	249.651973E+0	250.960000E+0	-945.086405E-3	60.000000E+0	11.886136E+6	11.886136E+6	1.816564E+6	1.816564E+6	999.624000E-3	
4.208293E+3	249.560451E+0	250.860000E+0	-982.886857E-3	60.000000E+0	8.451197E+6	8.451197E+6	1.264561E+6	1.264561E+6	999.185000E-3	
4.213775E+3	249.469079E+0	250.690000E+0	-982.326339E-3	60.000000E+0	12.572586E+6	12.572586E+6	1.784464E+6	1.784464E+6	1.001155E+0	
4.219259E+3	249.377707E+0	250.600000E+0	-962.778053E-3	59.000000E+0	9.337777E+6	9.337777E+6	1.301898E+6	1.301898E+6	999.609000E-3	
4.224745E+3	249.286302E+0	250.600000E+0	-1.108627E+0	59.000000E+0	7.681681E+6	7.681681E+6	1.171279E+6	1.171279E+6	1.000078E+0	
4.230242E+3	249.194880E+0	250.500000E+0	-1.274825E+0	58.000000E+0	8.873468E+6	8.873468E+6	1.267019E+6	1.267019E+6	999.330000E-3	
4.235729E+3	249.103258E+0	250.410000E+0	-1.130807E+0	58.000000E+0	8.450710E+6	8.450710E+6	1.144829E+6	1.144829E+6	999.888000E-3	
4.241220E+3	249.011803E+0	250.330000E+0	-820.795475E-3	59.000000E+0	10.658356E+6	10.658356E+6	1.507029E+6	1.507029E+6	999.434000E-3	
4.246705E+3	248.920298E+0	250.240000E+0	-691.161210E-3	59.000000E+0	13.079027E+6	13.079027E+6	1.924157E+6	1.924157E+6	1.000284E+0	
4.252217E+3	248.828876E+0	250.150000E+0	-836.047616E-3	58.000000E+0	8.378781E+6	8.378781E+6	1.163672E+6	1.163672E+6	999.421000E-3	
4.257712E+3	248.737004E+0	250.070000E+0	-962.998501E-3	58.000000E+0	8.443123E+6	8.443123E+6	1.145674E+6	1.145674E+6	999.328000E-3	
4.263194E+3	248.645432E+0	249.980000E+0	-945.288128E-3	58.000000E+0	9.940569E+6	9.940569E+6	1.502269E+6	1.502269E+6	999.723000E-3	
4.268692E+3	248.554060E+0	249.880000E+0	-946.415299E-3	60.000000E+0	10.946034E+6	10.946034E+6	1.621271E+6	1.621271E+6	999.154000E-3	
4.274182E+3	248.462421E+0	249.810000E+0	-947.543292E-3	58.000000E+0	10.316620E+6	10.316620E+6	1.536154E+6	1.536154E+6	998.752000E-3	
4.279667E+3	248.370916E+0	249.710000E+0	-966.795099E-3	59.000000E+0	9.014786E+6	9.014786E+6	1.296360E+6	1.296360E+6	999.289000E-3	
4.285153E+3	248.279511E+0	249.620000E+0	-964.604659E-3	58.000000E+0	10.573211E+6	10.573211E+6	1.545235E+6	1.545235E+6	998.957000E-3	
4.290639E+3	248.188072E+0	249.530000E+0	-962.412626E-3	58.000000E+0	8.256926E+6	8.256926E+6	1.189611E+6	1.189611E+6	999.088000E-3	
4.296150E+3	248.096634E+0	249.450000E+0	-962.665593E-3	57.000000E+0	10.678278E+6	10.678278E+6	1.530238E+6	1.530238E+6	999.380000E-3	
4.301638E+3	248.004795E+0	249.360000E+0	-983.006691E-3	58.000000E+0	7.724619E+6	7.724619E+6	1.174686E+6	1.174686E+6	999.643000E-3	
4.307115E+3	247.913323E+0	249.190000E+0	-984.436425E-3	57.000000E+0	12.315355E+6	12.315355E+6	1.853493E+6	1.853493E+6	1.000130E+0	
4.312601E+3	247.822035E+0	249.190000E+0	-947.285661E-3	60.000000E+0	17.854497E+6	17.854497E+6	2.514059E+6	2.514059E+6	998.602000E-3	
4.318079E+3	247.730613E+0	249.100000E+0	-1.093299E+0	60.000000E+0	9.559321E+6	9.559321E+6	1.317664E+6	1.317664E+6	999.427000E-3	
4.323582E+3	247.639308E+0	249.000000E+0	-1.093977E+0	58.000000E+0	9.624536E+6	9.624536E+6	1.431936E+6	1.431936E+6	1.000663E+0	
4.329073E+3	247.547586E+0	248.830000E+0	-948.562918E-3	59.000000E+0	9.179185E+6	9.179185E+6	1.244225E+6	1.244225E+6	1.000164E+0	
4.334562E+3	247.456081E+0	248.740000E+0	-821.037694E-3	58.000000E+0	11.634265E+6	11.634265E+6	1.752643E+6	1.752643E+6	998.918000E-3	
4.340079E+3	247.364592E+0	248.650000E+0	-1.002831E+0	59.000000E+0	8.958215E+6	8.958215E+6	1.377454E+6	1.377454E+6	999.468000E-3	
4.345572E+3	247.272637E+0	248.570000E+0	-1.312371E+0	59.000000E+0	10.265061E+6	10.265061E+6	1.381413E+6	1.381413E+6	999.509000E-3	
4.351077E+3	247.181098E+0	248.480000E+0	-1.292244E+0	58.000000E+0	8.090514E+6	8.090514E+6	1.162391E+6	1.162391E+6	1.000392E+0	
4.356550E+3	247.089343E+0	248.390000E+0	-1.108651E+0	60.000000E+0	9.940656E+6	9.940656E+6	1.394192E+6	1.394192E+6	999.533000E-3	
4.362033E+3	246.998121E+0	248.220000E+0	-944.497076E-3	57.000000E+0	12.102674E+6	12.102674E+6	1.810980E+6	1.810980E+6	1.000407E+0	
4.367514E+3	246.906732E+0	248.130000E+0	-945.597142E-3	60.000000E+0	11.082610E+6	11.082610E+6	1.614760E+6	1.614760E+6	1.000538E+0	
4.372998E+3	246.815394E+0	248.050000E+0	-1.111058E+0	58.000000E+0	11.316312E+6	11.316312E+6	1.523737E+6	1.523737E+6	999.004000E-3	
4.378484E+3	246.723989E+0	247.960000E+0	-1.275169E+0	58.000000E+0	9.116319E+6	9.116319E+6	1.335094E+6	1.335094E+6	1.000516E+0	
4.383973E+3	246.632550E+0	247.860000E+0	-1.256653E+0	56.000000E+0	14.220446E+6	14.220446E+6	1.900230E+6	1.900230E+6	1.000124E+0	
4.389454E+3	246.541078E+0	247.790000E+0	-1.092400E+0	58.000000E+0	19.207397E+6	19.207397E+6	2.561875E+6	2.561875E+6	999.745000E-3	
4.394967E+3	246.449723E+0	247.700000E+0	-965.562854E-3	55.000000E+0	8.555056E+6	8.555056E+6	1.143872E+6	1.143872E+6	999.915000E-3	
4.400469E+3	246.357834E+0	247.600000E+0	-966.352173E-3	56.000000E+0	11.616239E+6	11.616239E+6	1.555282E+6	1.555282E+6	1.000042E+0	
4.405999E+3	246.266146E+0	247.530000E+0	-948.490097E-3	57.000000E+0	11.061915E+6	11.061915E+6	1.644025E+6	1.644025E+6	1.000329E+0	
4.411486E+3	246.173974E+0	247.430000E+0	-948.331852E-3	57.000000E+0	9.065965E+6	9.065965E+6	1.311014E+6	1.311014E+6	999.160000E-3	
4.416964E+3	246.082519E+0	247.340000E+0	-948.529798E-3	57.000000E+0	14.754925E+6	14.754925E+6	1.977069E+6	1.977069E+6	1.000679E+0	
4.422445E+3	245.991230E+0	247.250000E+0	-966.166591E-3	57.000000E+0	9.379784E+6	9.379784E+6	1.252307E+6	1.252307E+6	999.416000E-3	
4.427943E+3	245.899875E+0	247.170000E+0	-965.031550E-3	58.000000E+0	10.658842E+6	10.658842E+6	1.628192E+6	1.628192E+6	999.373000E-3	
4.433455E+3	245.808236E+0	247.080000E+0	-981.934223E-3	55.000000E+0	9.174692E+6	9.174692E+6	1.303617E+6	1.303617E+6	999.491000E-3	
4.438942E+3	245.716381E+0	246.990000E+0	-981.484666E-3	56.000000E+0	8.338343E+6	8.338343E+6	1.131928E+6	1.131928E+6	999.267000E-3	
4.444431E+3	245.624926E+0	246.820000E+0	-946.040570E-3	58.000000E+0	9.403810E+6	9.403810E+6	1.298359E+6	1.298359E+6	999.719000E-3	
4.449915E+3	245.533437E+0	246.730000E+0	-947.743303E-3	58.000000E+0	12.844105E+6	12.844105E+6	1.730096E+6	1.730096E+6	1.000042E+0	
4.455423E+3	245.442049E+0	246.650000E+0	-1.114361E+0	57.000000E+0	7.691729E+6	7.691729E+6	1.097108E+6	1.097108E+6	999.694000E-3	
4.460931E+3	245.350243E+0	246.560000E+0	-1.279668E+0	55.000000E+0	8.446721E+6	8.446721E+6	1.276065E+6	1.276065E+6	999.585000E-3	
4.466415E+3	245.258438E+0	246.470000E+0	-1.260921E+0	54.000000E+0	18.180353E+6	18.180353E+6	2.781457E+6	2.781457E+6	998.465000E-3	
4.471905E+3	245.167033E+0	246.400000E+0	-1.094950E+0	54.000000E+0	7.797823E+6	7.797823E+6	1.065407E+6	1.065407E+6	999.525000E-3	
4.477388E+3	245.075544E+0	246.300000E+0	-946.335130E-3	55.000000E+0	7.648286E+6	7.648286E+6	1.128220E+6	1.128220E+6	999.478000E-3	
4.482878E+3	244.984156E+0	246.210000E+0	-926.247181E-3	54.000000E+0	9.352609E+6	9.352609E+6	1.413784E+6	1.413784E+6	1.000168E+0	
4.488398E+3	244.892651E+0	246.140000E+0	-925.712794E-3	54.000000E+0	12.212231E+6	12.212231E+6	1.718650E+6	1.718650E+6	1.000426E+0	
4.493887E+3	244.800662E+0	246.050000E+0	-945.063002E-3	55.000000E+0	9.307020E+6	9.307020E+6	1.380778E+6	1.380778E+6	999.574000E-3	
4.499366E+3	244.709173E+0	245.950000E+0	-946.250103E-3	54.000000E+0	8.189119E+6	8.189119E+6	1.226372E+6	1.226372E+6	999.482000E-3	
4.504900E+3	244.617852E+0	245.880000E+0	-928.446365E-3	55.000000E+0	13.129179E+6	13.129179E+6	1.817531E+6	1.817531E+6	1.000706E+0	
4.510380E+3	244.525630E+0	245.700000E+0	-928.698826E-3	56.000000E+0	9.259785E+6	9.259785E+6	1.353031E+6	1.353031E+6	999.779000E-3	
4.515894E+3	244.434291E+0	245.700000E+0	-947.401909E-3	56.000000E+0	8.106060E+6	8.106060E+6	1.095874E+6	1.095874E+6	999.153000E-3	
4.521383E+3	244.342386E+0	245.620000E+0	-1.111883E+0	54.000000E+0	10.867587E+6	10.867587E+6	1.545996E+6	1.545996E+6	999.818000E-3	
4.526859E+3	244.250914E+0	245.530000E+0	-1.092726E+0	56.000000E+0	9.913804E+6	9.913804E+6	1.306834E+6	1.306834E+6	999.708000E-3	
4.532339E+3	244.159642E+0	245.440000E+0	-928.008263E-3	57.000000E+0	9.109912E+6	9.109912E+6	1.288621E+6	1.288621E+6	999.084000E-3	
4.537820E+3	244.068303E+0	245.270000E+0	-781.753040E-3	57.000000E+0	9.221944E+6	9.221944E+6	1.330944E+6	1.330944E+6	999.751000E-3	
4.543334E+3	243.976965E+0	245.180000E+0	-782.050818E-3	58.000000E+0	9.327415E+6	9.327415E+6	1.240730E+6	1.240730E+6	999.246000E-3	
4.548811E+3	243.885060E+0	245.100000E+0	-1.110108E+0	54.000000E+0	7.870475E+6	7.870475E+6	1.175170E+6	1.175170E+6	999.629000E-3	
4.554292E+3	243.793771E+0	245.010000E+0	-1.274978E+0	54.000000E+0	10.684788E+6	10.684788E+6	1.605791E+6	1.605791E+6	1.000203E+0	
4.559761E+3	243.702416E+0	244.920000E+0	-1.257401E+0	55.000000E+0	10.625904E+6	10.625904E+6	1.582318E+6	1.582318E+6	999.260000E-3	
4.565252E+3	243.611277E+0	244.850000E+0	-1.094372E+0	54.000000E+0	9.457154E+6	9.457154E+6	1.336280E+6	1.336280E+6	1.000094E+0	
4.570727E+3	243.519755E+0	244.750000E+0	-948.687904E-3	54.000000E+0	13.790802E+6	13.790802E+6	2.065897E+6	2.065897E+6	998.592000E-3	
4.576213E+3	243.428500E+0	244.660000E+0	-931.227508E-3	54.000000E+0	9.067656E+6	9.067656E+6	1.300426E+6	1.300426E+6	999.165000E-3	
4.581695E+3	243.337078E+0	244.500000E+0	-931.936432E-3	53.000000E+0	10.602385E+6	10.602385E+6	1.427509E+6	1.427509E+6	1.000123E+0	
4.587170E+3	243.245706E+0	244.410000E+0	-950.316894E-3	55.000000E+0	8.759746E+6	8.759746E+6	1.297541E+6	1.297541E+6	999.925000E-3	
4.592655E+3	243.154451E+0	244.330000E+0	-1.114147E+0	55.000000E+0	7.689156E+6	7.689156E+6	1.136324E+6	1.136324E+6	999.744000E-3	
4.598162E+3	243.063046E+0	244.240000E+0	-1.261899E+0	55.000000E+0	18.438024E+6	18.438024E+6	2.637019E+6	2.637019E+6	998.419000E-3	
4.603644E+3	242.971257E+0	244.150000E+0	-1.227346E+0	55.000000E+0	7.852816E+6	7.852816E+6	1.176685E+6	1.176685E+6	999.585000E-3	
4.609225E+3	242.879885E+0	244.070000E+0	-1.082139E+0	54.000000E+0	7.788501E+6	7.788501E+6	1.178382E+6	1.178382E+6	999.732000E-3	
4.614709E+3	242.786880E+0	244.070000E+0	-952.342415E-3	53.000000E+0	9.939457E+6	9.939457E+6	1.500900E+6	1.500900E+6	1.000307E+0	
4.620217E+3	242.695475E+0	243.980000E+0	-950.119365E-3	53.000000E+0	8.677312E+6	8.677312E+6	1.198264E+6	1.198264E+6	999.366000E-3	
4.625708E+3	242.603670E+0	243.820000E+0	-784.679196E-3	53.000000E+0	9.177830E+6	9.177830E+6	1.392828E+6	1.392828E+6	999.741000E-3	
4.631191E+3	242.512164E+0	243.730000E+0	-619.900439E-3	53.000000E+0	27.576302E+6	27.576302E+6	3.705052E+6	3.705052E+6	1.000744E+0	
4.636671E+3	242.420776E+0	243.730000E+0	-765.822567E-3	53.000000E+0	9.687528E+6	9.687528E+6	1.283321E+6	1.283321E+6	999.656000E-3	
4.642190E+3	242.329437E+0	243.650000E+0	-1.075721E+0	51.000000E+0	13.176222E+6	13.176222E+6	1.769258E+6	1.769258E+6	1.000207E+0	
4.647672E+3	242.237465E+0	243.560000E+0	-1.075916E+0	54.000000E+0	12.341605E+6	12.341605E+6	1.660622E+6	1.660622E+6	999.670000E-3	
4.653152E+3	242.146094E+0	243.400000E+0	-765.691073E-3	53.000000E+0	10.323448E+6	10.323448E+6	1.398849E+6	1.398849E+6	999.413000E-3	
4.658655E+3	242.054755E+0	243.310000E+0	-619.872029E-3	51.000000E+0	33.726128E+6	33.726128E+6	5.059705E+6	5.059705E+6	1.001666E+0	
4.664137E+3	241.963033E+0	243.220000E+0	-912.201038E-3	54.000000E+0	9.060159E+6	9.060159E+6	1.273939E+6	1.273939E+6	1.000604E+0	
4.669621E+3	241.871678E+0	243.140000E+0	-1.222259E+0	53.000000E+0	8.801963E+6	8.801963E+6	1.203722E+6	1.203722E+6	999.903000E-3	
4.675102E+3	241.780273E+0	243.050000E+0	-1.240541E+0	50.000000E+0	38.093151E+6	38.093151E+6	5.055375E+6	5.055375E+6	1.001088E+0	
4.680605E+3	241.688917E+0	242.960000E+0	-1.093991E+0	50.000000E+0	12.225507E+6	12.225507E+6	1.662337E+6	1.662337E+6	1.000291E+0	
4.686132E+3	241.597212E+0	242.890000E+0	-947.839760E-3	50.000000E+0	9.190959E+6	9.190959E+6	1.310170E+6	1.310170E+6	999.333000E-3	
4.691615E+3	241.505090E+0	242.800000E+0	-948.049174E-3	51.000000E+0	9.806092E+6	9.806092E+6	1.451241E+6	1.451241E+6	999.633000E-3	
4.697101E+3	241.413702E+0	242.710000E+0	-929.840292E-3	50.000000E+0	7.872001E+6	7.872001E+6	1.164140E+6	1.164140E+6	999.508000E-3	
4.702585E+3	241.322280E+0	242.630000E+0	-911.618100E-3	50.000000E+0	22.800979E+6	22.800979E+6	3.354291E+6	3.354291E+6	1.001419E+0	
4.708069E+3	241.230874E+0	242.540000E+0	-909.861379E-3	51.000000E+0	10.850482E+6	10.850482E+6	1.602576E+6	1.602576E+6	1.000740E+0	
4.713558E+3	241.139469E+0	242.450000E+0	-926.243733E-3	51.000000E+0	10.770797E+6	10.770797E+6	1.579778E+6	1.579778E+6	1.000607E+0	
4.719036E+3	241.047997E+0	242.380000E+0	-944.437706E-3	51.000000E+0	9.105392E+6	9.105392E+6	1.220890E+6	1.220890E+6	999.772000E-3	
4.724552E+3	240.956692E+0	242.290000E+0	-946.554038E-3	50.000000E+0	9.679152E+6	9.679152E+6	1.347159E+6	1.347159E+6	999.566000E-3	
4.730030E+3	240.864754E+0	242.210000E+0	-930.091876E-3	51.000000E+0	8.028172E+6	8.028172E+6	1.172569E+6	1.172569E+6	999.668000E-3	
4.735516E+3	240.773465E+0	242.030000E+0	-912.137195E-3	52.000000E+0	13.662572E+6	13.662572E+6	2.014922E+6	2.014922E+6	999.827000E-3	
4.741002E+3	240.682026E+0	241.960000E+0	-893.965097E-3	51.000000E+0	12.315467E+6	12.315467E+6	1.770139E+6	1.770139E+6	999.277000E-3	
4.746480E+3	240.590588E+0	241.870000E+0	-1.077239E+0	50.000000E+0	9.298336E+6	9.298336E+6	1.320902E+6	1.320902E+6	1.000129E+0	
4.751971E+3	240.499283E+0	241.700000E+0	-1.240626E+0	50.000000E+0	11.856987E+6	11.856987E+6	1.599910E+6	1.599910E+6	1.000374E+0	
4.757464E+3	240.407777E+0	241.610000E+0	-1.221116E+0	52.000000E+0	45.948070E+6	45.948070E+6	6.840627E+6	6.840627E+6	999.830000E-3	
4.762984E+3	240.316222E+0	241.520000E+0	-1.220077E+0	50.000000E+0	9.281037E+6	9.281037E+6	1.375036E+6	1.375036E+6	998.918000E-3	
4.768479E+3	240.224217E+0	241.450000E+0	-1.238413E+0	53.000000E+0	12.344424E+6	12.344424E+6	1.663082E+6	1.663082E+6	1.000639E+0	
4.773989E+3	240.132645E+0	241.360000E+0	-1.274633E+0	51.000000E+0	14.878353E+6	14.878353E+6	2.214709E+6	2.214709E+6	1.000718E+0	
4.779500E+3	240.040806E+0	241.290000E+0	-1.091814E+0	51.000000E+0	12.025875E+6	12.025875E+6	1.617105E+6	1.617105E+6	1.000192E+0	
4.784983E+3	239.948951E+0	241.110000E+0	-910.249534E-3	53.000000E+0	12.580780E+6	12.580780E+6	1.687996E+6	1.687996E+6	999.543000E-3	
4.790466E+3	239.857579E+0	241.030000E+0	-874.109500E-3	53.000000E+0	24.000120E+6	24.000120E+6	3.237030E+6	3.237030E+6	1.000565E+0	
4.795949E+3	239.766191E+0	240.940000E+0	-1.037664E+0	50.000000E+0	13.789854E+6	13.789854E+6	1.833765E+6	1.833765E+6	998.937000E-3	
4.801431E+3	239.674802E+0	240.850000E+0	-1.218109E+0	53.000000E+0	11.198925E+6	11.198925E+6	1.542378E+6	1.542378E+6	1.000176E+0	
4.806910E+3	239.583447E+0	240.780000E+0	-1.234815E+0	49.000000E+0	10.942560E+6	10.942560E+6	1.509446E+6	1.509446E+6	1.000150E+0	
4.812401E+3	239.492125E+0	240.690000E+0	-1.107533E+0	53.000000E+0	10.132469E+6	10.132469E+6	1.311721E+6	1.311721E+6	1.000784E+0	
4.817885E+3	239.400603E+0	240.620000E+0	-927.193934E-3	51.000000E+0	15.258444E+6	15.258444E+6	2.022627E+6	2.022627E+6	1.000191E+0	
4.823368E+3	239.309215E+0	240.440000E+0	-911.577539E-3	51.000000E+0	11.862039E+6	11.862039E+6	1.585258E+6	1.585258E+6	1.000563E+0	
4.828860E+3	239.217826E+0	240.360000E+0	-875.995682E-3	53.000000E+0	8.664898E+6	8.664898E+6	1.289391E+6	1.289391E+6	999.496000E-3	
4.834375E+3	239.126287E+0	240.280000E+0	-1.039781E+0	51.000000E+0	10.302237E+6	10.302237E+6	1.422418E+6	1.422418E+6	999.420000E-3	
4.839907E+3	239.034382E+0	240.190000E+0	-1.222222E+0	53.000000E+0	9.326774E+6	9.326774E+6	1.367365E+6	1.367365E+6	999.084000E-3	
4.845385E+3	238.942177E+0	240.110000E+0	-1.222169E+0	49.000000E+0	27.303710E+6	27.303710E+6	3.816912E+6	3.816912E+6	1.000954E+0	
4.850860E+3	238.850872E+0	240.020000E+0	-1.076326E+0	49.000000E+0	8.309588E+6	8.309588E+6	1.103192E+6	1.103192E+6	999.228000E-3	
4.856341E+3	238.759616E+0	239.950000E+0	-912.170488E-3	49.000000E+0	11.287780E+6	11.287780E+6	1.587080E+6	1.587080E+6	999.420000E-3	
4.861844E+3	238.668278E+0	239.860000E+0	-930.915602E-3	49.000000E+0	15.092783E+6	15.092783E+6	2.212291E+6	2.212291E+6	999.595000E-3	
4.867326E+3	238.576556E+0	239.700000E+0	-912.786559E-3	50.000000E+0	9.186676E+6	9.186676E+6	1.386627E+6	1.386627E+6	999.786000E-3	
4.872807E+3	238.485184E+0	239.610000E+0	-893.942153E-3	49.000000E+0	8.587384E+6	8.587384E+6	1.237203E+6	1.237203E+6	999.228000E-3	
4.878331E+3	238.393846E+0	239.540000E+0	-1.039566E+0	49.000000E+0	11.341640E+6	11.341640E+6	1.650855E+6	1.650855E+6	999.879000E-3	
4.883832E+3	238.301774E+0	239.450000E+0	-1.203164E+0	50.000000E+0	10.329218E+6	10.329218E+6	1.547521E+6	1.547521E+6	999.765000E-3	
4.889349E+3	238.210085E+0	239.360000E+0	-1.202026E+0	51.000000E+0	10.359546E+6	10.359546E+6	1.538027E+6	1.538027E+6	999.489000E-3	
4.894870E+3	238.118146E+0	239.280000E+0	-1.036914E+0	48.000000E+0	12.564406E+6	12.564406E+6	1.807479E+6	1.807479E+6	1.000378E+0	
4.900391E+3	238.026125E+0	239.200000E+0	-909.980246E-3	50.000000E+0	10.257634E+6	10.257634E+6	1.373682E+6	1.373682E+6	999.709000E-3	
4.905891E+3	237.934103E+0	239.110000E+0	-929.962509E-3	49.000000E+0	12.177617E+6	12.177617E+6	1.593022E+6	1.593022E+6	1.000513E+0	
4.911372E+3	237.842447E+0	239.030000E+0	-931.051791E-3	50.000000E+0	9.824595E+6	9.824595E+6	1.368892E+6	1.368892E+6	999.849000E-3	
4.916859E+3	237.751092E+0	238.950000E+0	-912.856317E-3	50.000000E+0	11.507583E+6	11.507583E+6	1.659285E+6	1.659285E+6	1.000124E+0	
4.922345E+3	237.659637E+0	238.870000E+0	-912.799656E-3	49.000000E+0	9.899703E+6	9.899703E+6	1.346315E+6	1.346315E+6	999.276000E-3	
4.927827E+3	237.568215E+0	238.780000E+0	-912.081400E-3	49.000000E+0	13.855603E+6	13.855603E+6	1.865416E+6	1.865416E+6	1.000236E+0	
4.933303E+3	237.476843E+0	238.620000E+0	-892.604589E-3	49.000000E+0	8.563756E+6	8.563756E+6	1.143270E+6	1.143270E+6	999.476000E-3	
4.938791E+3	237.385571E+0	238.530000E+0	-891.054284E-3	49.000000E+0	9.710464E+6	9.710464E+6	1.371988E+6	1.371988E+6	999.401000E-3	
4.944278E+3	237.294099E+0	238.460000E+0	-1.053600E+0	48.000000E+0	8.533863E+6	8.533863E+6	1.249952E+6	1.249952E+6	999.742000E-3	
4.949763E+3	237.202661E+0	238.370000E+0	-1.217999E+0	48.000000E+0	8.837761E+6	8.837761E+6	1.304193E+6	1.304193E+6	999.374000E-3	
4.955252E+3	237.111239E+0	238.280000E+0	-1.201240E+0	48.000000E+0	15.088916E+6	15.088916E+6	2.010856E+6	2.010856E+6	999.188000E-3	
4.960768E+3	237.019750E+0	238.210000E+0	-1.039199E+0	48.000000E+0	11.728888E+6	11.728888E+6	1.628656E+6	1.628656E+6	1.000005E+0	
4.966250E+3	236.927828E+0	238.120000E+0	-912.263398E-3	47.000000E+0	9.520381E+6	9.520381E+6	1.233004E+6	1.233004E+6	999.640000E-3	
4.971725E+3	236.836456E+0	238.050000E+0	-912.130200E-3	48.000000E+0	10.908293E+6	10.908293E+6	1.511814E+6	1.511814E+6	999.636000E-3	
4.977207E+3	236.745201E+0	237.960000E+0	-912.130212E-3	47.000000E+0	12.212703E+6	12.212703E+6	1.808351E+6	1.808351E+6	1.000831E+0	
4.982683E+3	236.653846E+0	237.870000E+0	-875.649264E-3	49.000000E+0	11.215297E+6	11.215297E+6	1.480511E+6	1.480511E+6	999.283000E-3	
4.988172E+3	236.562574E+0	237.800000E+0	-875.622642E-3	47.000000E+0	11.942470E+6	11.942470E+6	1.715507E+6	1.715507E+6	1.000779E+0	
4.993663E+3	236.471086E+0	237.710000E+0	-911.422682E-3	48.000000E+0	8.681374E+6	8.681374E+6	1.178486E+6	1.178486E+6	999.747000E-3	
4.999141E+3	236.379580E+0	237.640000E+0	-910.203331E-3	47.000000E+0	11.180600E+6	11.180600E+6	1.503147E+6	1.503147E+6	999.322000E-3	
5.004646E+3	236.288275E+0	237.550000E+0	-909.645301E-3	47.000000E+0	9.849399E+6	9.849399E+6	1.310962E+6	1.310962E+6	999.911000E-3	
5.010127E+3	236.196520E+0	237.460000E+0	-873.765395E-3	47.000000E+0	13.703521E+6	13.703521E+6	1.957453E+6	1.957453E+6	1.000357E+0	
5.015610E+3	236.105181E+0	237.300000E+0	-874.241316E-3	48.000000E+0	8.945584E+6	8.945584E+6	1.331036E+6	1.331036E+6	1.000653E+0	
5.021101E+3	236.013793E+0	237.230000E+0	-909.141178E-3	48.000000E+0	12.674581E+6	12.674581E+6	1.761334E+6	1.761334E+6	999.264000E-3	
5.026579E+3	235.922271E+0	237.140000E+0	-1.071674E+0	47.000000E+0	11.460385E+6	11.460385E+6	1.537983E+6	1.537983E+6	999.804000E-3	
5.032060E+3	235.830982E+0	237.050000E+0	-1.200408E+0	47.000000E+0	15.045857E+6	15.045857E+6	1.937211E+6	1.937211E+6	1.000399E+0	
5.037534E+3	235.739627E+0	236.980000E+0	-1.166226E+0	46.000000E+0	12.103597E+6	12.103597E+6	1.624761E+6	1.624761E+6	999.273000E-3	
5.043022E+3	235.648389E+0	236.890000E+0	-1.040470E+0	48.000000E+0	9.793360E+6	9.793360E+6	1.278866E+6	1.278866E+6	1.000000E+0	
5.048574E+3	235.556917E+0	236.730000E+0	-912.586414E-3	47.000000E+0	19.302200E+6	19.302200E+6	2.646929E+6	2.646929E+6	1.000240E+0	
5.054058E+3	235.464395E+0	236.650000E+0	-911.550639E-3	47.000000E+0	18.483219E+6	18.483219E+6	2.531739E+6	2.531739E+6	1.000127E+0	
5.059543E+3	235.372989E+0	236.570000E+0	-1.037720E+0	48.000000E+0	12.031748E+6	12.031748E+6	1.564418E+6	1.564418E+6	999.357000E-3	
5.065024E+3	235.281568E+0	236.410000E+0	-1.181946E+0	48.000000E+0	11.027410E+6	11.027410E+6	1.484348E+6	1.484348E+6	999.745000E-3	
5.070506E+3	235.190229E+0	236.330000E+0	-1.181391E+0	48.000000E+0	11.097702E+6	11.097702E+6	1.516732E+6	1.516732E+6	999.792000E-3	
5.075982E+3	235.098857E+0	236.250000E+0	-1.163518E+0	45.000000E+0	21.188415E+6	21.188415E+6	2.850176E+6	2.850176E+6	998.610000E-3	
5.081516E+3	235.007585E+0	236.170000E+0	-1.164512E+0	46.000000E+0	13.290420E+6	13.290420E+6	1.930678E+6	1.930678E+6	1.000237E+0	
5.087007E+3	234.915363E+0	236.080000E+0	-1.165729E+0	45.000000E+0	10.134354E+6	10.134354E+6	1.344720E+6	1.344720E+6	999.450000E-3	
5.092490E+3	234.823841E+0	236.010000E+0	-1.020284E+0	47.000000E+0	14.847878E+6	14.847878E+6	1.939543E+6	1.939543E+6	1.000450E+0	
5.097972E+3	234.732453E+0	235.920000E+0	-892.802860E-3	47.000000E+0	16.510382E+6	16.510382E+6	2.173713E+6	2.173713E+6	998.713000E-3	
5.103494E+3	234.641098E+0	235.850000E+0	-892.909237E-3	47.000000E+0	9.736007E+6	9.736007E+6	1.275914E+6	1.275914E+6	999.109000E-3	
5.108971E+3	234.549059E+0	235.670000E+0	-892.458634E-3	47.000000E+0	14.275214E+6	14.275214E+6	1.929142E+6	1.929142E+6	1.000407E+0	
5.114459E+3	234.457770E+0	235.600000E+0	-872.552007E-3	48.000000E+0	42.536831E+6	42.536831E+6	6.319012E+6	6.319012E+6	1.001317E+0	
5.119966E+3	234.366315E+0	235.510000E+0	-1.035097E+0	45.000000E+0	11.246445E+6	11.246445E+6	1.543508E+6	1.543508E+6	999.809000E-3	
5.125448E+3	234.274527E+0	235.440000E+0	-1.200569E+0	45.000000E+0	96.672077E+6	96.672077E+6	14.435942E+6	14.435942E+6	1.000556E+0	
5.130925E+3	234.183155E+0	235.350000E+0	-1.202870E+0	46.000000E+0	9.581819E+6	9.581819E+6	1.326925E+6	1.326925E+6	999.767000E-3	
5.136409E+3	234.091866E+0	235.280000E+0	-1.040431E+0	45.000000E+0	9.274408E+6	9.274408E+6	1.267678E+6	1.267678E+6	999.503000E-3	
5.141897E+3	234.000478E+0	235.190000E+0	-875.330808E-3	46.000000E+0	13.048943E+6	13.048943E+6	1.801791E+6	1.801791E+6	1.000332E+0	
5.147405E+3	233.909006E+0	235.110000E+0	-873.818908E-3	44.000000E+0	14.248867E+6	14.248867E+6	2.107441E+6	2.107441E+6	1.000128E+0	
5.152894E+3	233.817200E+0	235.030000E+0	-872.863593E-3	44.000000E+0	12.478109E+6	12.478109E+6	1.624133E+6	1.624133E+6	999.247000E-3	
5.158367E+3	233.725729E+0	234.950000E+0	-891.582434E-3	45.000000E+0	15.996706E+6	15.996706E+6	2.179503E+6	2.179503E+6	1.000274E+0	
5.163891E+3	233.634507E+0	234.880000E+0	-893.067665E-3	44.000000E+0	9.439507E+6	9.439507E+6	1.280206E+6	1.280206E+6	999.927000E-3	
5.169377E+3	233.542435E+0	234.790000E+0	-893.810136E-3	45.000000E+0	10.041391E+6	10.041391E+6	1.451995E+6	1.451995E+6	1.000223E+0	
5.174911E+3	233.451013E+0	234.720000E+0	-857.079859E-3	45.000000E+0	9.881632E+6	9.881632E+6	1.463863E+6	1.463863E+6	999.033000E-3	
5.180391E+3	233.358774E+0	234.630000E+0	-856.973269E-3	45.000000E+0	10.387582E+6	10.387582E+6	1.515715E+6	1.515715E+6	1.000428E+0	
5.185875E+3	233.267436E+0	234.540000E+0	-857.106261E-3	44.000000E+0	14.453656E+6	14.453656E+6	2.098049E+6	2.098049E+6	1.000193E+0	
5.191358E+3	233.176047E+0	234.390000E+0	-875.675930E-3	45.000000E+0	9.276687E+6	9.276687E+6	1.261022E+6	1.261022E+6	999.563000E-3	
5.196853E+3	233.084659E+0	234.310000E+0	-912.320096E-3	43.000000E+0	13.369309E+6	13.369309E+6	1.898544E+6	1.898544E+6	1.000158E+0	
5.202355E+3	232.993070E+0	234.230000E+0	-1.058337E+0	44.000000E+0	15.920076E+6	15.920076E+6	2.270498E+6	2.270498E+6	999.940000E-3	
5.207841E+3	232.901381E+0	234.160000E+0	-1.183771E+0	43.000000E+0	9.787969E+6	9.787969E+6	1.269589E+6	1.269589E+6	999.841000E-3	
5.213333E+3	232.809943E+0	234.070000E+0	-1.145616E+0	43.000000E+0	12.733236E+6	12.733236E+6	1.750416E+6	1.750416E+6	999.941000E-3	
5.218817E+3	232.718404E+0	233.980000E+0	-981.411834E-3	43.000000E+0	11.600360E+6	11.600360E+6	1.522487E+6	1.522487E+6	999.255000E-3	
5.224318E+3	232.626999E+0	233.910000E+0	-855.898296E-3	42.000000E+0	13.817509E+6	13.817509E+6	1.801589E+6	1.801589E+6	1.000664E+0	
5.229818E+3	232.535327E+0	233.750000E+0	-893.843140E-3	44.000000E+0	9.964499E+6	9.964499E+6	1.324881E+6	1.324881E+6	999.240000E-3	
5.235329E+3	232.443655E+0	233.670000E+0	-912.136855E-3	43.000000E+0	15.260708E+6	15.260708E+6	1.965548E+6	1.965548E+6	1.000492E+0	
5.240838E+3	232.351800E+0	233.590000E+0	-1.039973E+0	43.000000E+0	9.586246E+6	9.586246E+6	1.392344E+6	1.392344E+6	999.462000E-3	
5.246346E+3	232.259995E+0	233.510000E+0	-1.147765E+0	44.000000E+0	11.677233E+6	11.677233E+6	1.651924E+6	1.651924E+6	1.000155E+0	
5.251828E+3	232.168189E+0	233.440000E+0	-1.146624E+0	42.000000E+0	18.197778E+6	18.197778E+6	2.350415E+6	2.350415E+6	999.058000E-3	
5.257345E+3	232.076818E+0	233.350000E+0	-1.018708E+0	42.000000E+0	49.324926E+6	49.324926E+6	6.325599E+6	6.325599E+6	1.001296E+0	
5.262830E+3	231.984879E+0	233.260000E+0	-855.935668E-3	43.000000E+0	11.886393E+6	11.886393E+6	1.701076E+6	1.701076E+6	998.457000E-3	
5.268357E+3	231.893457E+0	233.110000E+0	-857.022968E-3	42.000000E+0	9.233743E+6	9.233743E+6	1.264300E+6	1.264300E+6	999.922000E-3	
5.273849E+3	231.801335E+0	233.040000E+0	-893.583740E-3	43.000000E+0	-93.195158E+6	-93.195158E+6	-12.218017E+6	-12.218017E+6	1.000916E+0	
5.279322E+3	231.709813E+0	232.950000E+0	-1.057947E+0	41.000000E+0	8.638925E+6	8.638925E+6	1.257262E+6	1.257262E+6	999.610000E-3	
5.284829E+3	231.618591E+0	232.880000E+0	-1.167537E+0	42.000000E+0	8.597670E+6	8.597670E+6	1.146094E+6	1.146094E+6	999.823000E-3	
5.290314E+3	231.526803E+0	232.720000E+0	-1.131162E+0	42.000000E+0	53.917539E+6	53.917539E+6	7.117782E+6	7.117782E+6	999.092000E-3	
5.295798E+3	231.435398E+0	232.640000E+0	-984.892944E-3	42.000000E+0	9.446518E+6	9.446518E+6	1.263244E+6	1.263244E+6	999.725000E-3	
5.301280E+3	231.343992E+0	232.550000E+0	-1.002490E+0	40.000000E+0	15.932839E+6	15.932839E+6	2.282021E+6	2.282021E+6	998.511000E-3	
5.306762E+3	231.252620E+0	232.390000E+0	-1.148587E+0	40.000000E+0	15.339874E+6	15.339874E+6	2.180856E+6	2.180856E+6	1.000620E+0	
5.312232E+3	231.161265E+0	232.390000E+0	-1.167286E+0	41.000000E+0	10.375869E+6	10.375869E+6	1.386323E+6	1.386323E+6	999.715000E-3	
5.317724E+3	231.070093E+0	232.320000E+0	-1.203061E+0	41.000000E+0	12.591603E+6	12.591603E+6	1.805497E+6	1.805497E+6	1.000151E+0	
5.323211E+3	230.978555E+0	232.160000E+0	-1.056008E+0	42.000000E+0	8.859766E+6	8.859766E+6	1.165607E+6	1.165607E+6	999.736000E-3	
5.328698E+3	230.887100E+0	232.080000E+0	-873.490486E-3	43.000000E+0	7.537326E+6	7.537326E+6	1.095779E+6	1.095779E+6	999.374000E-3	
5.334194E+3	230.795661E+0	232.010000E+0	-838.442218E-3	41.000000E+0	18.086472E+6	18.086472E+6	2.567210E+6	2.567210E+6	998.735000E-3	
5.339692E+3	230.704056E+0	231.840000E+0	-985.135491E-3	41.000000E+0	9.941755E+6	9.941755E+6	1.459757E+6	1.459757E+6	999.047000E-3	
5.345180E+3	230.612417E+0	231.770000E+0	-1.131084E+0	41.000000E+0	8.463941E+6	8.463941E+6	1.079127E+6	1.079127E+6	999.930000E-3	
5.350663E+3	230.520962E+0	231.680000E+0	-1.149375E+0	42.000000E+0	8.429851E+6	8.429851E+6	1.172287E+6	1.172287E+6	999.696000E-3	
5.356161E+3	230.429573E+0	231.610000E+0	-1.149614E+0	43.000000E+0	12.920377E+6	12.920377E+6	1.675496E+6	1.675496E+6	1.000554E+0	
5.361639E+3	230.337935E+0	231.520000E+0	-1.167883E+0	42.000000E+0	9.831648E+6	9.831648E+6	1.312858E+6	1.312858E+6	999.682000E-3	
5.367150E+3	230.246646E+0	231.370000E+0	-1.020989E+0	42.000000E+0	10.453988E+6	10.453988E+6	1.377271E+6	1.377271E+6	999.924000E-3	
5.372630E+3	230.154791E+0	231.300000E+0	-873.396137E-3	41.000000E+0	10.259813E+6	10.259813E+6	1.471870E+6	1.471870E+6	999.511000E-3	
5.378140E+3	230.063452E+0	231.210000E+0	-1.017834E+0	40.000000E+0	10.716718E+6	10.716718E+6	1.451778E+6	1.451778E+6	999.977000E-3	
5.383619E+3	229.971630E+0	231.140000E+0	-1.126254E+0	41.000000E+0	27.317996E+6	27.317996E+6	3.534308E+6	3.534308E+6	1.000385E+0	
5.389094E+3	229.880309E+0	230.970000E+0	-1.126835E+0	42.000000E+0	11.193183E+6	11.193183E+6	1.526876E+6	1.526876E+6	999.887000E-3	
5.394574E+3	229.789053E+0	230.900000E+0	-982.610475E-3	40.000000E+0	8.351667E+6	8.351667E+6	1.240834E+6	1.240834E+6	999.444000E-3	
5.400056E+3	229.697731E+0	230.820000E+0	-1.021124E+0	40.000000E+0	8.769819E+6	8.769819E+6	1.289379E+6	1.289379E+6	999.584000E-3	
5.405561E+3	229.606360E+0	230.740000E+0	-1.168376E+0	40.000000E+0	13.216303E+6	13.216303E+6	1.943438E+6	1.943438E+6	999.549000E-3	
5.411079E+3	229.514604E+0	230.660000E+0	-1.149844E+0	40.000000E+0	8.733179E+6	8.733179E+6	1.270931E+6	1.270931E+6	999.949000E-3	
5.416568E+3	229.422632E+0	230.590000E+0	-1.003282E+0	42.000000E+0	12.404079E+6	12.404079E+6	1.798442E+6	1.798442E+6	1.000513E+0	
5.422095E+3	229.331161E+0	230.500000E+0	-856.851828E-3	40.000000E+0	14.362857E+6	14.362857E+6	1.961664E+6	1.961664E+6	1.000373E+0	
5.427641E+3	229.239039E+0	230.430000E+0	-857.126559E-3	40.000000E+0	12.036993E+6	12.036993E+6	1.674759E+6	1.674759E+6	1.000876E+0	
5.433152E+3	229.146600E+0	230.350000E+0	-857.658734E-3	40.000000E+0	13.321543E+6	13.321543E+6	1.752891E+6	1.752891E+6	999.915000E-3	
5.438633E+3	229.054761E+0	230.190000E+0	-857.871681E-3	42.000000E+0	12.396086E+6	12.396086E+6	1.619262E+6	1.619262E+6	1.000736E+0	
5.444112E+3	228.963406E+0	230.120000E+0	-857.771716E-3	40.000000E+0	12.115358E+6	12.115358E+6	1.769298E+6	1.769298E+6	999.517000E-3	
5.449623E+3	228.872084E+0	230.040000E+0	-1.003842E+0	41.000000E+0	10.914386E+6	10.914386E+6	1.425324E+6	1.425324E+6	999.212000E-3	
5.455124E+3	228.780246E+0	229.880000E+0	-1.132531E+0	39.000000E+0	8.890679E+6	8.890679E+6	1.147390E+6	1.147390E+6	999.668000E-3	
5.460603E+3	228.688557E+0	229.810000E+0	-1.132731E+0	39.000000E+0	10.202225E+6	10.202225E+6	1.470623E+6	1.470623E+6	999.512000E-3	
5.466080E+3	228.597235E+0	229.730000E+0	-1.132053E+0	41.000000E+0	9.584955E+6	9.584955E+6	1.375643E+6	1.375643E+6	999.615000E-3	
5.471565E+3	228.505963E+0	229.640000E+0	-1.104953E+0	41.000000E+0	17.906587E+6	17.906587E+6	2.546552E+6	2.546552E+6	1.000441E+0	
5.477052E+3	228.414541E+0	229.570000E+0	-1.073347E+0	41.000000E+0	16.098374E+6	16.098374E+6	2.142218E+6	2.142218E+6	999.870000E-3	
5.482538E+3	228.323086E+0	229.490000E+0	-911.249956E-3	41.000000E+0	10.328608E+6	10.328608E+6	1.495212E+6	1.495212E+6	999.706000E-3	
5.488065E+3	228.231664E+0	229.420000E+0	-776.905855E-3	40.000000E+0	11.994060E+6	11.994060E+6	1.651814E+6	1.651814E+6	999.585000E-3	
5.493557E+3	228.139542E+0	229.330000E+0	-777.534008E-3	38.000000E+0	10.561775E+6	10.561775E+6	1.557372E+6	1.557372E+6	999.672000E-3	
5.499061E+3	228.048004E+0	229.180000E+0	-745.040971E-3	39.000000E+0	11.557909E+6	11.557909E+6	1.518134E+6	1.518134E+6	999.528000E-3	
5.504586E+3	227.956282E+0	229.110000E+0	-744.957014E-3	39.000000E+0	11.227640E+6	11.227640E+6	1.544818E+6	1.544818E+6	999.260000E-3	
5.510090E+3	227.864193E+0	229.030000E+0	-889.583258E-3	40.000000E+0	9.390741E+6	9.390741E+6	1.373742E+6	1.373742E+6	998.987000E-3	
5.515606E+3	227.772455E+0	228.950000E+0	-1.002285E+0	38.000000E+0	28.255452E+6	28.255452E+6	3.965479E+6	3.965479E+6	1.000243E+0	
5.521096E+3	227.680516E+0	228.870000E+0	-986.327006E-3	38.000000E+0	11.666818E+6	11.666818E+6	1.643651E+6	1.643651E+6	999.263000E-3	
5.526578E+3	227.589028E+0	228.720000E+0	-858.025436E-3	39.000000E+0	16.553013E+6	16.553013E+6	2.430384E+6	2.430384E+6	999.802000E-3	
5.532065E+3	227.497656E+0	228.650000E+0	-761.555984E-3	39.000000E+0	11.951321E+6	11.951321E+6	1.559638E+6	1.559638E+6	999.728000E-3	
5.537551E+3	227.406200E+0	228.560000E+0	-890.365374E-3	39.000000E+0	10.023287E+6	10.023287E+6	1.367095E+6	1.367095E+6	999.021000E-3	
5.543031E+3	227.314779E+0	228.490000E+0	-997.248888E-3	39.000000E+0	25.235655E+6	25.235655E+6	3.517459E+6	3.517459E+6	1.000089E+0	
5.548518E+3	227.223440E+0	228.340000E+0	-1.020874E+0	39.000000E+0	10.131441E+6	10.131441E+6	1.315499E+6	1.315499E+6	999.264000E-3	
5.554002E+3	227.131985E+0	228.260000E+0	-940.834728E-3	39.000000E+0	9.834275E+6	9.834275E+6	1.330061E+6	1.330061E+6	999.359000E-3	
5.559490E+3	227.040596E+0	228.190000E+0	-964.073955E-3	39.000000E+0	8.732873E+6	8.732873E+6	1.110630E+6	1.110630E+6	1.000176E+0	
5.565010E+3	226.949124E+0	228.100000E+0	-1.088303E+0	39.000000E+0	10.710994E+6	10.710994E+6	1.477300E+6	1.477300E+6	999.550000E-3	
5.570490E+3	226.857119E+0	228.030000E+0	-1.070483E+0	39.000000E+0	9.148920E+6	9.148920E+6	1.303258E+6	1.303258E+6	999.245000E-3	
5.575977E+3	226.765797E+0	227.880000E+0	-973.409659E-3	39.000000E+0	19.936675E+6	19.936675E+6	2.863386E+6	2.863386E+6	1.000223E+0	
5.581467E+3	226.674342E+0	227.880000E+0	-858.548696E-3	39.000000E+0	10.412628E+6	10.412628E+6	1.440543E+6	1.440543E+6	999.404000E-3	
5.586941E+3	226.582837E+0	227.720000E+0	-984.964873E-3	39.000000E+0	13.134349E+6	13.134349E+6	1.803204E+6	1.803204E+6	999.918000E-3	
5.592424E+3	226.491615E+0	227.640000E+0	-965.247978E-3	39.000000E+0	11.489792E+6	11.489792E+6	1.630848E+6	1.630848E+6	999.497000E-3	
5.597918E+3	226.400226E+0	227.560000E+0	-963.419779E-3	37.000000E+0	18.226736E+6	18.226736E+6	2.582269E+6	2.582269E+6	1.000101E+0	
5.603402E+3	226.308654E+0	227.490000E+0	-997.614840E-3	37.000000E+0	11.150078E+6	11.150078E+6	1.451253E+6	1.451253E+6	998.824000E-3	
5.608884E+3	226.217249E+0	227.400000E+0	-1.016108E+0	38.000000E+0	33.112529E+6	33.112529E+6	4.583765E+6	4.583765E+6	999.005000E-3	
5.614413E+3	226.125894E+0	227.330000E+0	-999.206793E-3	39.000000E+0	10.588187E+6	10.588187E+6	1.381100E+6	1.381100E+6	999.419000E-3	
5.619900E+3	226.033739E+0	227.250000E+0	-856.016962E-3	40.000000E+0	11.485856E+6	11.485856E+6	1.516535E+6	1.516535E+6	998.810000E-3	
5.625379E+3	225.942283E+0	227.100000E+0	-856.467962E-3	37.000000E+0	10.542833E+6	10.542833E+6	1.390574E+6	1.390574E+6	999.566000E-3	
5.630854E+3	225.850978E+0	227.030000E+0	-856.368349E-3	37.000000E+0	13.688691E+6	13.688691E+6	1.860366E+6	1.860366E+6	999.822000E-3	
5.636341E+3	225.759723E+0	226.880000E+0	-984.179499E-3	37.000000E+0	32.248857E+6	32.248857E+6	4.283828E+6	4.283828E+6	1.001972E+0	
5.641814E+3	225.668268E+0	226.790000E+0	-1.094291E+0	38.000000E+0	10.580097E+6	10.580097E+6	1.447749E+6	1.447749E+6	999.925000E-3	
5.647305E+3	225.577062E+0	226.720000E+0	-1.222800E+0	38.000000E+0	9.009436E+6	9.009436E+6	1.222126E+6	1.222126E+6	999.687000E-3	
5.652819E+3	225.485541E+0	226.640000E+0	-1.241431E+0	40.000000E+0	10.281253E+6	10.281253E+6	1.322141E+6	1.322141E+6	999.749000E-3	
5.658299E+3	225.393635E+0	226.490000E+0	-1.131081E+0	39.000000E+0	12.567580E+6	12.567580E+6	1.637641E+6	1.637641E+6	1.000128E+0	
5.663779E+3	225.302313E+0	226.420000E+0	-994.386586E-3	39.000000E+0	16.944872E+6	16.944872E+6	2.372346E+6	2.372346E+6	999.578000E-3	
5.669260E+3	225.210975E+0	226.340000E+0	-963.507849E-3	38.000000E+0	9.270249E+6	9.270249E+6	1.293435E+6	1.293435E+6	998.962000E-3	
5.674740E+3	225.119620E+0	226.180000E+0	-1.073200E+0	40.000000E+0	9.364390E+6	9.364390E+6	1.283333E+6	1.283333E+6	999.555000E-3	
5.680223E+3	225.028298E+0	226.110000E+0	-1.081634E+0	37.000000E+0	24.543748E+6	24.543748E+6	3.242084E+6	3.242084E+6	999.176000E-3	
5.685703E+3	224.936909E+0	226.030000E+0	-1.112233E+0	38.000000E+0	9.096289E+6	9.096289E+6	1.204594E+6	1.204594E+6	999.955000E-3	
5.691185E+3	224.845571E+0	225.960000E+0	-1.130500E+0	38.000000E+0	18.718591E+6	18.718591E+6	2.438655E+6	2.438655E+6	998.824000E-3	
5.696675E+3	224.754215E+0	225.880000E+0	-1.131075E+0	38.000000E+0	15.293930E+6	15.293930E+6	2.200034E+6	2.200034E+6	1.000223E+0	
5.702163E+3	224.662710E+0	225.740000E+0	-967.565840E-3	36.000000E+0	11.977631E+6	11.977631E+6	1.632027E+6	1.632027E+6	1.000252E+0	
5.707655E+3	224.571238E+0	225.660000E+0	-821.672004E-3	35.000000E+0	15.516106E+6	15.516106E+6	2.242665E+6	2.242665E+6	1.000944E+0	
5.713143E+3	224.479700E+0	225.590000E+0	-948.478139E-3	38.000000E+0	44.711662E+6	44.711662E+6	6.327860E+6	6.327860E+6	1.000647E+0	
5.718628E+3	224.388244E+0	225.510000E+0	-1.075586E+0	36.000000E+0	9.657184E+6	9.657184E+6	1.266107E+6	1.266107E+6	999.422000E-3	
5.724118E+3	224.296823E+0	225.440000E+0	-1.074990E+0	37.000000E+0	12.219381E+6	12.219381E+6	1.697925E+6	1.697925E+6	999.301000E-3	
5.729600E+3	224.205317E+0	225.360000E+0	-946.219264E-3	36.000000E+0	8.014144E+6	8.014144E+6	1.165875E+6	1.165875E+6	1.000085E+0	
5.735081E+3	224.113962E+0	225.200000E+0	-817.838991E-3	35.000000E+0	21.252692E+6	21.252692E+6	2.936039E+6	2.936039E+6	998.664000E-3	
5.740616E+3	224.022607E+0	225.140000E+0	-818.735088E-3	36.000000E+0	9.381325E+6	9.381325E+6	1.225205E+6	1.225205E+6	999.674000E-3	
5.746113E+3	223.930352E+0	225.050000E+0	-984.788155E-3	36.000000E+0	22.029800E+6	22.029800E+6	3.008544E+6	3.008544E+6	1.001695E+0	
5.751589E+3	223.838746E+0	225.050000E+0	-1.112876E+0	34.000000E+0	10.267512E+6	10.267512E+6	1.489462E+6	1.489462E+6	999.645000E-3	
5.757057E+3	223.747474E+0	224.980000E+0	-1.104429E+0	34.000000E+0	11.475519E+6	11.475519E+6	1.470414E+6	1.470414E+6	999.862000E-3	
5.762544E+3	223.656336E+0	224.900000E+0	-825.583333E-3	34.000000E+0	95.166192E+6	95.166192E+6	13.633409E+6	13.633409E+6	1.002100E+0	
5.768044E+3	223.564897E+0	224.750000E+0	-552.233888E-3	33.000000E+0	14.277881E+6	14.277881E+6	2.055215E+6	2.055215E+6	999.880000E-3	
5.773525E+3	223.473225E+0	224.680000E+0	-560.580733E-3	35.000000E+0	11.464984E+6	11.464984E+6	1.656506E+6	1.656506E+6	999.288000E-3	
5.779003E+3	223.381870E+0	224.600000E+0	-820.671648E-3	34.000000E+0	9.547382E+6	9.547382E+6	1.396568E+6	1.396568E+6	999.229000E-3	
5.784508E+3	223.290582E+0	224.530000E+0	-1.093911E+0	33.000000E+0	-83.383236E+6	-83.383236E+6	-10.958632E+6	-10.958632E+6	999.765000E-3	
5.789989E+3	223.198826E+0	224.450000E+0	-1.093787E+0	35.000000E+0	14.310640E+6	14.310640E+6	1.876163E+6	1.876163E+6	999.312000E-3	
5.795472E+3	223.107471E+0	224.380000E+0	-947.952804E-3	35.000000E+0	10.198756E+6	10.198756E+6	1.362905E+6	1.362905E+6	1.000600E+0	
5.800960E+3	223.016083E+0	224.230000E+0	-820.821489E-3	32.000000E+0	14.326319E+6	14.326319E+6	1.998147E+6	1.998147E+6	999.404000E-3	
5.806451E+3	222.924627E+0	224.150000E+0	-821.046059E-3	34.000000E+0	17.504049E+6	17.504049E+6	2.384144E+6	2.384144E+6	998.606000E-3	
5.811934E+3	222.833106E+0	224.080000E+0	-948.754327E-3	34.000000E+0	11.321305E+6	11.321305E+6	1.584535E+6	1.584535E+6	999.558000E-3	
5.817414E+3	222.741717E+0	224.000000E+0	-1.093726E+0	33.000000E+0	13.226071E+6	13.226071E+6	1.803637E+6	1.803637E+6	999.891000E-3	
5.822921E+3	222.650395E+0	223.930000E+0	-1.093302E+0	33.000000E+0	55.454017E+6	55.454017E+6	8.137576E+6	8.137576E+6	1.000945E+0	
5.828401E+3	222.558606E+0	223.850000E+0	-965.071182E-3	32.000000E+0	11.738824E+6	11.738824E+6	1.668905E+6	1.668905E+6	1.000500E+0	
5.833886E+3	222.467268E+0	223.710000E+0	-810.714238E-3	32.000000E+0	15.058381E+6	15.058381E+6	1.945368E+6	1.945368E+6	1.000780E+0	
5.839378E+3	222.375863E+0	223.630000E+0	-802.550766E-3	30.000000E+0	11.467581E+6	11.467581E+6	1.530858E+6	1.530858E+6	999.285000E-3	
5.844859E+3	222.284324E+0	223.560000E+0	-930.270242E-3	31.000000E+0	16.544671E+6	16.544671E+6	2.075269E+6	2.075269E+6	999.629000E-3	
5.850340E+3	222.192969E+0	223.480000E+0	-1.065512E+0	30.000000E+0	11.574488E+6	11.574488E+6	1.467393E+6	1.467393E+6	999.457000E-3	
5.855829E+3	222.101630E+0	223.410000E+0	-1.073228E+0	31.000000E+0	14.939387E+6	14.939387E+6	1.950845E+6	1.950845E+6	999.445000E-3	
5.861311E+3	222.010142E+0	223.330000E+0	-946.056627E-3	30.000000E+0	18.964543E+6	18.964543E+6	2.480592E+6	2.480592E+6	1.000190E+0	
5.866799E+3	221.918770E+0	223.260000E+0	-819.253687E-3	30.000000E+0	10.853149E+6	10.853149E+6	1.482673E+6	1.482673E+6	999.358000E-3	
5.872278E+3	221.827315E+0	223.180000E+0	-819.228878E-3	30.000000E+0	10.542339E+6	10.542339E+6	1.367817E+6	1.367817E+6	999.730000E-3	
5.877772E+3	221.735993E+0	223.110000E+0	-819.129083E-3	30.000000E+0	20.599031E+6	20.599031E+6	2.985889E+6	2.985889E+6	999.465000E-3	
5.883277E+3	221.644421E+0	223.030000E+0	-819.850477E-3	30.000000E+0	58.111331E+6	58.111331E+6	7.870038E+6	7.870038E+6	1.000096E+0	
5.888805E+3	221.552682E+0	222.880000E+0	-820.621769E-3	31.000000E+0	10.352003E+6	10.352003E+6	1.435798E+6	1.435798E+6	999.900000E-3	
5.894288E+3	221.460544E+0	222.810000E+0	-820.546976E-3	29.000000E+0	24.683078E+6	24.683078E+6	3.181729E+6	3.181729E+6	1.000652E+0	
5.899769E+3	221.369155E+0	222.660000E+0	-966.201515E-3	29.000000E+0	17.789730E+6	17.789730E+6	2.394344E+6	2.394344E+6	1.001206E+0	
5.905257E+3	221.277800E+0	222.590000E+0	-1.093581E+0	29.000000E+0	25.458157E+6	25.458157E+6	3.620055E+6	3.620055E+6	1.000251E+0	
5.910761E+3	221.186345E+0	222.450000E+0	-1.221256E+0	30.000000E+0	13.125703E+6	13.125703E+6	1.782222E+6	1.782222E+6	999.391000E-3	
5.916242E+3	221.094606E+0	222.300000E+0	-1.202010E+0	31.000000E+0	12.288603E+6	12.288603E+6	1.734687E+6	1.734687E+6	998.449000E-3	
5.921722E+3	221.003251E+0	222.220000E+0	-1.182775E+0	30.000000E+0	9.637628E+6	9.637628E+6	1.423571E+6	1.423571E+6	1.000193E+0	
5.927204E+3	220.911929E+0	222.150000E+0	-1.310931E+0	31.000000E+0	13.961889E+6	13.961889E+6	1.904983E+6	1.904983E+6	999.392000E-3	
5.932686E+3	220.820557E+0	222.070000E+0	-1.330751E+0	32.000000E+0	10.179664E+6	10.179664E+6	1.308759E+6	1.308759E+6	999.643000E-3	
5.938175E+3	220.729185E+0	221.920000E+0	-1.222806E+0	31.000000E+0	15.658103E+6	15.658103E+6	2.185178E+6	2.185178E+6	998.987000E-3	
5.943660E+3	220.637713E+0	221.850000E+0	-966.775833E-3	31.000000E+0	9.188956E+6	9.188956E+6	1.225950E+6	1.225950E+6	999.299000E-3	
5.949147E+3	220.546291E+0	221.700000E+0	-965.515519E-3	32.000000E+0	12.462740E+6	12.462740E+6	1.641568E+6	1.641568E+6	999.761000E-3	
5.954635E+3	220.454836E+0	221.630000E+0	-1.092914E+0	31.000000E+0	12.360504E+6	12.360504E+6	1.747692E+6	1.747692E+6	1.000212E+0	
5.960121E+3	220.363381E+0	221.490000E+0	-1.221008E+0	31.000000E+0	11.497756E+6	11.497756E+6	1.451031E+6	1.451031E+6	999.155000E-3	
5.965601E+3	220.271942E+0	221.400000E+0	-1.191487E+0	31.000000E+0	10.923760E+6	10.923760E+6	1.430495E+6	1.430495E+6	999.524000E-3	
5.971092E+3	220.180604E+0	221.260000E+0	-1.161409E+0	32.000000E+0	12.335896E+6	12.335896E+6	1.650299E+6	1.650299E+6	999.701000E-3	
5.976594E+3	220.089099E+0	221.190000E+0	-1.179001E+0	33.000000E+0	12.178784E+6	12.178784E+6	1.638421E+6	1.638421E+6	999.391000E-3	
5.982076E+3	219.997393E+0	221.040000E+0	-1.208979E+0	31.000000E+0	11.100800E+6	11.100800E+6	1.513776E+6	1.513776E+6	999.516000E-3	
5.987550E+3	219.906021E+0	220.970000E+0	-1.220788E+0	31.000000E+0	10.970216E+6	10.970216E+6	1.576300E+6	1.576300E+6	999.277000E-3	
5.993031E+3	219.814783E+0	220.890000E+0	-1.190951E+0	32.000000E+0	11.671100E+6	11.671100E+6	1.567776E+6	1.567776E+6	999.513000E-3	
5.998519E+3	219.723444E+0	220.750000E+0	-1.161076E+0	31.000000E+0	8.924156E+6	8.924156E+6	1.285605E+6	1.285605E+6	999.684000E-3	
6.004009E+3	219.631972E+0	220.680000E+0	-1.050605E+0	33.000000E+0	14.776828E+6	14.776828E+6	1.917027E+6	1.917027E+6	1.000539E+0	
6.009497E+3	219.540467E+0	220.600000E+0	-1.060991E+0	31.000000E+0	13.123615E+6	13.123615E+6	1.867252E+6	1.867252E+6	999.757000E-3	
6.014985E+3	219.449012E+0	220.450000E+0	-1.054330E+0	33.000000E+0	12.919238E+6	12.919238E+6	1.644577E+6	1.644577E+6	999.949000E-3	
6.020475E+3	219.357540E+0	220.380000E+0	-1.055124E+0	33.000000E+0	12.133807E+6	12.133807E+6	1.730253E+6	1.730253E+6	999.583000E-3	
6.025960E+3	219.266035E+0	220.320000E+0	-1.075263E+0	31.000000E+0	15.064943E+6	15.064943E+6	1.926855E+6	1.926855E+6	999.559000E-3	
6.031449E+3	219.174630E+0	220.240000E+0	-1.094131E+0	32.000000E+0	17.333674E+6	17.333674E+6	2.290894E+6	2.290894E+6	1.000673E+0	
6.036948E+3	219.083141E+0	220.090000E+0	-1.057938E+0	32.000000E+0	35.212650E+6	35.212650E+6	4.977391E+6	4.977391E+6	999.335000E-3	
6.042432E+3	218.991486E+0	220.020000E+0	-893.487309E-3	32.000000E+0	16.813292E+6	16.813292E+6	2.366758E+6	2.366758E+6	1.000559E+0	
6.047911E+3	218.900097E+0	219.940000E+0	-911.307314E-3	31.000000E+0	12.859048E+6	12.859048E+6	1.847499E+6	1.847499E+6	999.791000E-3	
6.053409E+3	218.808775E+0	219.870000E+0	-1.075558E+0	31.000000E+0	12.969747E+6	12.969747E+6	1.864589E+6	1.864589E+6	999.319000E-3	
6.058908E+3	218.717137E+0	219.790000E+0	-1.093709E+0	30.000000E+0	12.324754E+6	12.324754E+6	1.698717E+6	1.698717E+6	1.000277E+0	
6.064391E+3	218.625498E+0	219.660000E+0	-939.296941E-3	32.000000E+0	15.371358E+6	15.371358E+6	1.986736E+6	1.986736E+6	1.000368E+0	
6.069876E+3	218.534110E+0	219.580000E+0	-803.172988E-3	31.000000E+0	16.056909E+6	16.056909E+6	2.303796E+6	2.303796E+6	1.000506E+0	
6.075361E+3	218.442688E+0	219.510000E+0	-901.130905E-3	31.000000E+0	12.655741E+6	12.655741E+6	1.644132E+6	1.644132E+6	999.677000E-3	
6.080851E+3	218.351266E+0	219.370000E+0	-1.005967E+0	30.000000E+0	61.427423E+6	61.427423E+6	8.737880E+6	8.737880E+6	1.001267E+0	
6.086348E+3	218.259777E+0	219.290000E+0	-1.012992E+0	30.000000E+0	16.275740E+6	16.275740E+6	2.324528E+6	2.324528E+6	1.000307E+0	
6.091823E+3	218.168155E+0	219.070000E+0	-1.024079E+0	31.000000E+0	14.059052E+6	14.059052E+6	1.945633E+6	1.945633E+6	999.458000E-3	
6.097309E+3	218.076900E+0	219.070000E+0	-1.042838E+0	31.000000E+0	13.043148E+6	13.043148E+6	1.679997E+6	1.679997E+6	999.366000E-3	
6.102817E+3	217.985478E+0	219.010000E+0	-1.300276E+0	31.000000E+0	9.492551E+6	9.492551E+6	1.245732E+6	1.245732E+6	999.091000E-3	
6.108309E+3	217.893673E+0	218.930000E+0	-1.318556E+0	30.000000E+0	10.346216E+6	10.346216E+6	1.383814E+6	1.383814E+6	999.341000E-3	
6.113801E+3	217.802134E+0	218.860000E+0	-1.036246E+0	30.000000E+0	10.985648E+6	10.985648E+6	1.508881E+6	1.508881E+6	999.694000E-3	
6.119286E+3	217.710613E+0	218.780000E+0	-753.579769E-3	30.000000E+0	588.485882E+6	588.485882E+6	76.919000E+6	76.919000E+6	1.000426E+0	
6.124783E+3	217.619191E+0	218.710000E+0	-625.857231E-3	31.000000E+0	23.435984E+6	23.435984E+6	3.200481E+6	3.200481E+6	999.076000E-3	
6.130267E+3	217.527569E+0	218.570000E+0	-793.257658E-3	30.000000E+0	13.847196E+6	13.847196E+6	1.841747E+6	1.841747E+6	1.000183E+0	
6.135753E+3	217.436180E+0	218.500000E+0	-819.401789E-3	31.000000E+0	10.902924E+6	10.902924E+6	1.443766E+6	1.443766E+6	999.471000E-3	
6.141233E+3	217.344742E+0	218.420000E+0	-927.456778E-3	29.000000E+0	26.851074E+6	26.851074E+6	3.552217E+6	3.552217E+6	999.934000E-3	
6.146721E+3	217.253403E+0	218.280000E+0	-1.035212E+0	29.000000E+0	13.422595E+6	13.422595E+6	1.935318E+6	1.935318E+6	999.178000E-3	
6.152199E+3	217.161948E+0	218.210000E+0	-1.035088E+0	31.000000E+0	74.255754E+6	74.255754E+6	9.631726E+6	9.631726E+6	1.000225E+0	
6.157680E+3	217.070643E+0	218.140000E+0	-1.055486E+0	28.000000E+0	49.098576E+6	49.098576E+6	6.425474E+6	6.425474E+6	999.647000E-3	
6.163162E+3	216.979287E+0	218.000000E+0	-1.057853E+0	30.000000E+0	14.292843E+6	14.292843E+6	1.851506E+6	1.851506E+6	1.000499E+0	
6.168649E+3	216.887932E+0	218.000000E+0	-1.040351E+0	28.000000E+0	16.857702E+6	16.857702E+6	2.324915E+6	2.324915E+6	999.156000E-3	
6.174127E+3	216.796477E+0	217.850000E+0	-1.022422E+0	29.000000E+0	8.423139E+6	8.423139E+6	1.055277E+6	1.055277E+6	999.237000E-3	
6.179601E+3	216.705172E+0	217.790000E+0	-893.726666E-3	30.000000E+0	11.772916E+6	11.772916E+6	1.655075E+6	1.655075E+6	999.756000E-3	
6.185080E+3	216.613933E+0	217.710000E+0	-911.104016E-3	28.000000E+0	12.148670E+6	12.148670E+6	1.720412E+6	1.720412E+6	1.000443E+0	
6.190565E+3	216.522628E+0	217.640000E+0	-909.639335E-3	29.000000E+0	18.240536E+6	18.240536E+6	2.494803E+6	2.494803E+6	1.000311E+0	
6.196083E+3	216.431206E+0	217.560000E+0	-909.453965E-3	28.000000E+0	9.366099E+6	9.366099E+6	1.334433E+6	1.334433E+6	1.000112E+0	
6.201564E+3	216.339234E+0	217.420000E+0	-901.572559E-3	28.000000E+0	11.970437E+6	11.970437E+6	1.684060E+6	1.684060E+6	1.000130E+0	
6.207042E+3	216.247896E+0	217.420000E+0	-784.534892E-3	28.000000E+0	11.059843E+6	11.059843E+6	1.565964E+6	1.565964E+6	999.478000E-3	
6.212555E+3	216.156590E+0	217.290000E+0	-931.092075E-3	28.000000E+0	11.434110E+6	11.434110E+6	1.447916E+6	1.447916E+6	1.000599E+0	
6.218054E+3	216.064702E+0	217.210000E+0	-921.433034E-3	27.000000E+0	9.865966E+6	9.865966E+6	1.251415E+6	1.251415E+6	999.225000E-3	
6.223559E+3	215.973063E+0	217.140000E+0	-893.410812E-3	28.000000E+0	45.319864E+6	45.319864E+6	5.898007E+6	5.898007E+6	1.001569E+0	
6.229028E+3	215.881308E+0	217.060000E+0	-874.026491E-3	28.000000E+0	8.961504E+6	8.961504E+6	1.238580E+6	1.238580E+6	999.835000E-3	
6.234513E+3	215.790153E+0	217.000000E+0	-891.492499E-3	28.000000E+0	18.542743E+6	18.542743E+6	2.427424E+6	2.427424E+6	1.000381E+0	
6.239990E+3	215.698747E+0	216.850000E+0	-928.364328E-3	27.000000E+0	12.733032E+6	12.733032E+6	1.726353E+6	1.726353E+6	999.925000E-3	
6.245487E+3	215.607459E+0	216.790000E+0	-802.237767E-3	26.000000E+0	19.413523E+6	19.413523E+6	2.619685E+6	2.619685E+6	1.000573E+0	
6.251047E+3	215.515837E+0	216.710000E+0	-912.292160E-3	26.000000E+0	13.145277E+6	13.145277E+6	1.889538E+6	1.889538E+6	1.000487E+0	
6.256533E+3	215.423182E+0	216.640000E+0	-1.020967E+0	27.000000E+0	35.954470E+6	35.954470E+6	4.558099E+6	4.558099E+6	1.001332E+0	
6.262021E+3	215.331743E+0	216.500000E+0	-1.019851E+0	26.000000E+0	11.352959E+6	11.352959E+6	1.606910E+6	1.606910E+6	999.401000E-3	
6.267502E+3	215.240271E+0	216.430000E+0	-908.882337E-3	27.000000E+0	13.938863E+6	13.938863E+6	1.977147E+6	1.977147E+6	999.974000E-3	
6.273003E+3	215.148916E+0	216.350000E+0	-907.909584E-3	26.000000E+0	19.300829E+6	19.300829E+6	2.734975E+6	2.734975E+6	1.000555E+0	
6.278528E+3	215.057244E+0	216.220000E+0	-1.036161E+0	26.000000E+0	11.859290E+6	11.859290E+6	1.543726E+6	1.543726E+6	999.501000E-3	
6.284011E+3	214.965156E+0	216.140000E+0	-1.037747E+0	26.000000E+0	31.650854E+6	31.650854E+6	4.208978E+6	4.208978E+6	1.000800E+0	
6.289516E+3	214.873767E+0	216.000000E+0	-1.039173E+0	26.000000E+0	13.857677E+6	13.857677E+6	1.778242E+6	1.778242E+6	999.970000E-3	
6.295001E+3	214.782028E+0	215.930000E+0	-1.039278E+0	26.000000E+0	27.426139E+6	27.426139E+6	3.535987E+6	3.535987E+6	998.860000E-3	
6.300483E+3	214.690606E+0	215.790000E+0	-1.167001E+0	26.000000E+0	12.859946E+6	12.859946E+6	1.793932E+6	1.793932E+6	999.475000E-3	
6.306026E+3	214.599235E+0	215.720000E+0	-1.167351E+0	26.000000E+0	15.856907E+6	15.856907E+6	2.219359E+6	2.219359E+6	998.668000E-3	
6.311528E+3	214.506863E+0	215.650000E+0	-1.167106E+0	26.000000E+0	15.103006E+6	15.103006E+6	2.051994E+6	2.051994E+6	999.819000E-3	
6.317051E+3	214.415157E+0	215.580000E+0	-1.148452E+0	26.000000E+0	9.417081E+6	9.417081E+6	1.338059E+6	1.338059E+6	999.529000E-3	
6.322572E+3	214.323102E+0	215.520000E+0	-1.020420E+0	27.000000E+0	20.312663E+6	20.312663E+6	2.845689E+6	2.845689E+6	999.383000E-3	
6.328057E+3	214.231097E+0	215.370000E+0	-892.191970E-3	26.000000E+0	34.797530E+6	34.797530E+6	4.381722E+6	4.381722E+6	1.000429E+0	
6.333540E+3	214.139675E+0	215.290000E+0	-746.015475E-3	26.000000E+0	16.098712E+6	16.098712E+6	2.225265E+6	2.225265E+6	1.000213E+0	
6.339017E+3	214.048286E+0	215.160000E+0	-872.758470E-3	25.000000E+0	10.436021E+6	10.436021E+6	1.404787E+6	1.404787E+6	999.249000E-3	
6.344507E+3	213.957015E+0	215.090000E+0	-1.037049E+0	27.000000E+0	22.592386E+6	22.592386E+6	2.879513E+6	2.879513E+6	999.939000E-3	
6.349990E+3	213.865509E+0	215.020000E+0	-1.183191E+0	25.000000E+0	11.974005E+6	11.974005E+6	1.568364E+6	1.568364E+6	999.111000E-3	
6.355509E+3	213.774121E+0	214.880000E+0	-1.165167E+0	26.000000E+0	15.201765E+6	15.201765E+6	2.099165E+6	2.099165E+6	999.060000E-3	
6.361031E+3	213.682149E+0	214.810000E+0	-1.001039E+0	26.000000E+0	10.683490E+6	10.683490E+6	1.495884E+6	1.495884E+6	999.120000E-3	
6.366512E+3	213.590110E+0	214.740000E+0	-1.000378E+0	25.000000E+0	10.166602E+6	10.166602E+6	1.433045E+6	1.433045E+6	999.682000E-3	
6.371994E+3	213.498755E+0	214.590000E+0	-1.019202E+0	25.000000E+0	9.007531E+6	9.007531E+6	1.146952E+6	1.146952E+6	999.926000E-3	
6.377477E+3	213.407383E+0	214.530000E+0	-1.019852E+0	27.000000E+0	14.112151E+6	14.112151E+6	1.878716E+6	1.878716E+6	999.987000E-3	
6.382962E+3	213.316011E+0	214.460000E+0	-1.039311E+0	25.000000E+0	13.406156E+6	13.406156E+6	1.909875E+6	1.909875E+6	999.563000E-3	
6.388444E+3	213.224589E+0	214.390000E+0	-1.039346E+0	26.000000E+0	14.088594E+6	14.088594E+6	1.975731E+6	1.975731E+6	999.304000E-3	
6.393924E+3	213.133217E+0	214.260000E+0	-1.020425E+0	26.000000E+0	16.057124E+6	16.057124E+6	2.099949E+6	2.099949E+6	999.556000E-3	
6.399417E+3	213.041896E+0	214.180000E+0	-873.318470E-3	25.000000E+0	12.284966E+6	12.284966E+6	1.651474E+6	1.651474E+6	999.382000E-3	
6.404903E+3	212.950340E+0	214.110000E+0	-853.732256E-3	26.000000E+0	13.302210E+6	13.302210E+6	1.852520E+6	1.852520E+6	999.395000E-3	
6.410388E+3	212.858902E+0	213.970000E+0	-998.437892E-3	26.000000E+0	13.649761E+6	13.649761E+6	1.914157E+6	1.914157E+6	1.000118E+0	
6.415899E+3	212.767496E+0	213.910000E+0	-1.016841E+0	25.000000E+0	14.122981E+6	14.122981E+6	1.780750E+6	1.780750E+6	1.000472E+0	
6.421404E+3	212.675641E+0	213.760000E+0	-1.035592E+0	25.000000E+0	20.449519E+6	20.449519E+6	2.561093E+6	2.561093E+6	999.777000E-3	
6.426893E+3	212.583886E+0	213.690000E+0	-1.017612E+0	25.000000E+0	14.231856E+6	14.231856E+6	1.977571E+6	1.977571E+6	998.934000E-3	
6.432372E+3	212.492414E+0	213.620000E+0	-1.127064E+0	25.000000E+0	13.198746E+6	13.198746E+6	1.717524E+6	1.717524E+6	1.000201E+0	
6.437865E+3	212.401092E+0	213.480000E+0	-1.146384E+0	26.000000E+0	38.934720E+6	38.934720E+6	5.078231E+6	5.078231E+6	1.001401E+0	
6.443357E+3	212.309537E+0	213.420000E+0	-1.038092E+0	25.000000E+0	14.976441E+6	14.976441E+6	2.148009E+6	2.148009E+6	1.000576E+0	
6.448841E+3	212.218015E+0	213.350000E+0	-1.037815E+0	25.000000E+0	29.131720E+6	29.131720E+6	3.760136E+6	3.760136E+6	999.218000E-3	
6.454323E+3	212.126610E+0	213.270000E+0	-1.000802E+0	26.000000E+0	17.061354E+6	17.061354E+6	2.339693E+6	2.339693E+6	1.000819E+0	
6.459845E+3	212.035238E+0	213.130000E+0	-982.346661E-3	25.000000E+0	18.468341E+6	18.468341E+6	2.637306E+6	2.637306E+6	999.876000E-3	
6.465363E+3	211.943199E+0	213.070000E+0	-873.296707E-3	26.000000E+0	12.355374E+6	12.355374E+6	1.790587E+6	1.790587E+6	1.000044E+0	
6.470838E+3	211.851244E+0	213.000000E+0	-909.980135E-3	25.000000E+0	11.039967E+6	11.039967E+6	1.577900E+6	1.577900E+6	999.669000E-3	
6.476325E+3	211.759989E+0	212.930000E+0	-1.038349E+0	25.000000E+0	10.865870E+6	10.865870E+6	1.373374E+6	1.373374E+6	999.986000E-3	
6.481801E+3	211.668534E+0	212.860000E+0	-1.002721E+0	24.000000E+0	47.293428E+6	47.293428E+6	6.090650E+6	6.090650E+6	1.000256E+0	
6.487278E+3	211.577278E+0	212.720000E+0	-856.916543E-3	24.000000E+0	11.738915E+6	11.738915E+6	1.486072E+6	1.486072E+6	999.686000E-3	
6.492793E+3	211.485990E+0	212.590000E+0	-747.350804E-3	24.000000E+0	11.622660E+6	11.622660E+6	1.463347E+6	1.463347E+6	999.665000E-3	
6.498284E+3	211.394068E+0	212.520000E+0	-893.317850E-3	24.000000E+0	41.552266E+6	41.552266E+6	5.814200E+6	5.814200E+6	999.332000E-3	
6.503768E+3	211.302563E+0	212.450000E+0	-1.131058E+0	24.000000E+0	14.905158E+6	14.905158E+6	2.037007E+6	2.037007E+6	999.838000E-3	
6.509270E+3	211.211157E+0	212.380000E+0	-1.240957E+0	23.000000E+0	12.546379E+6	12.546379E+6	1.584573E+6	1.584573E+6	999.570000E-3	
6.514768E+3	211.119452E+0	212.310000E+0	-1.112692E+0	23.000000E+0	11.552119E+6	11.552119E+6	1.432707E+6	1.432707E+6	1.000529E+0	
6.520257E+3	211.027830E+0	212.250000E+0	-874.279551E-3	23.000000E+0	15.367338E+6	15.367338E+6	2.117040E+6	2.117040E+6	999.799000E-3	
6.525738E+3	210.936342E+0	212.110000E+0	-764.125567E-3	23.000000E+0	12.119976E+6	12.119976E+6	1.513223E+6	1.513223E+6	999.292000E-3	
6.531214E+3	210.844987E+0	212.040000E+0	-745.368136E-3	22.000000E+0	12.464726E+6	12.464726E+6	1.599980E+6	1.599980E+6	1.000045E+0	
6.536720E+3	210.753731E+0	211.970000E+0	-854.399939E-3	23.000000E+0	14.325534E+6	14.325534E+6	1.943064E+6	1.943064E+6	999.206000E-3	
6.542204E+3	210.661959E+0	211.840000E+0	-982.454963E-3	23.000000E+0	14.556109E+6	14.556109E+6	1.859679E+6	1.859679E+6	999.568000E-3	
6.547723E+3	210.570554E+0	211.760000E+0	-1.001770E+0	22.000000E+0	20.671077E+6	20.671077E+6	2.625356E+6	2.625356E+6	999.860000E-3	
6.553223E+3	210.478582E+0	211.620000E+0	-1.001869E+0	22.000000E+0	13.782017E+6	13.782017E+6	1.727655E+6	1.727655E+6	1.000161E+0	
6.558704E+3	210.386910E+0	211.560000E+0	-1.000547E+0	23.000000E+0	13.142852E+6	13.142852E+6	1.666786E+6	1.666786E+6	1.000171E+0	
6.564176E+3	210.295555E+0	211.490000E+0	-1.146092E+0	21.000000E+0	12.727200E+6	12.727200E+6	1.571256E+6	1.571256E+6	999.467000E-3	
6.569705E+3	210.204350E+0	211.350000E+0	-1.146688E+0	22.000000E+0	23.803759E+6	23.803759E+6	3.359067E+6	3.359067E+6	1.000472E+0	
6.575201E+3	210.112211E+0	211.290000E+0	-1.002053E+0	22.000000E+0	14.078217E+6	14.078217E+6	1.987678E+6	1.987678E+6	999.835000E-3	
6.580687E+3	210.020606E+0	211.210000E+0	-984.214768E-3	21.000000E+0	11.837321E+6	11.837321E+6	1.642769E+6	1.642769E+6	999.425000E-3	
6.586186E+3	209.929167E+0	211.150000E+0	-984.746183E-3	21.000000E+0	326.319870E+6	326.319870E+6	45.750358E+6	45.750358E+6	1.001802E+0	
6.591665E+3	209.837529E+0	211.010000E+0	-1.002764E+0	21.000000E+0	10.726381E+6	10.726381E+6	1.490089E+6	1.490089E+6	999.806000E-3	
6.597148E+3	209.746207E+0	210.950000E+0	-874.639130E-3	22.000000E+0	13.030593E+6	13.030593E+6	1.790015E+6	1.790015E+6	1.000098E+0	
6.602665E+3	209.654818E+0	210.810000E+0	-874.174063E-3	22.000000E+0	20.041919E+6	20.041919E+6	2.720077E+6	2.720077E+6	1.000693E+0	
6.608150E+3	209.562880E+0	210.740000E+0	-983.447479E-3	21.000000E+0	13.542236E+6	13.542236E+6	1.685224E+6	1.685224E+6	999.417000E-3	
6.613653E+3	209.471458E+0	210.680000E+0	-1.093299E+0	22.000000E+0	26.377116E+6	26.377116E+6	3.416057E+6	3.416057E+6	1.000484E+0	
6.619160E+3	209.379736E+0	210.540000E+0	-1.111165E+0	22.000000E+0	13.795293E+6	13.795293E+6	1.713017E+6	1.713017E+6	999.331000E-3	
6.624645E+3	209.287964E+0	210.460000E+0	-983.463614E-3	21.000000E+0	13.740074E+6	13.740074E+6	1.895054E+6	1.895054E+6	1.000140E+0	
6.630126E+3	209.196542E+0	210.340000E+0	-983.496880E-3	22.000000E+0	18.107875E+6	18.107875E+6	2.566560E+6	2.566560E+6	1.000279E+0	
6.635612E+3	209.105187E+0	210.260000E+0	-1.001986E+0	21.000000E+0	16.950839E+6	16.950839E+6	2.202377E+6	2.202377E+6	999.591000E-3	
6.641173E+3	209.013765E+0	210.140000E+0	-1.129687E+0	21.000000E+0	25.416086E+6	25.416086E+6	3.472504E+6	3.472504E+6	1.000123E+0	
6.646656E+3	208.921076E+0	210.000000E+0	-1.129222E+0	22.000000E+0	13.647925E+6	13.647925E+6	1.734805E+6	1.734805E+6	999.574000E-3	
6.652138E+3	208.829688E+0	209.930000E+0	-1.092171E+0	22.000000E+0	11.135533E+6	11.135533E+6	1.440448E+6	1.440448E+6	999.080000E-3	
6.657620E+3	208.738316E+0	209.860000E+0	-1.201229E+0	21.000000E+0	34.503174E+6	34.503174E+6	4.751233E+6	4.751233E+6	1.000247E+0	
6.663107E+3	208.646961E+0	209.730000E+0	-1.220145E+0	21.000000E+0	11.978031E+6	11.978031E+6	1.612599E+6	1.612599E+6	999.926000E-3	
6.668589E+3	208.555506E+0	209.660000E+0	-1.111325E+0	21.000000E+0	11.419591E+6	11.419591E+6	1.604249E+6	1.604249E+6	999.671000E-3	
6.674138E+3	208.464134E+0	209.530000E+0	-1.001671E+0	21.000000E+0	9.096988E+6	9.096988E+6	1.280792E+6	1.280792E+6	999.577000E-3	
6.679613E+3	208.371662E+0	209.450000E+0	-981.136361E-3	21.000000E+0	14.348521E+6	14.348521E+6	1.996939E+6	1.996939E+6	999.231000E-3	
6.685099E+3	208.280406E+0	209.390000E+0	-1.088377E+0	21.000000E+0	11.091620E+6	11.091620E+6	1.394945E+6	1.394945E+6	999.355000E-3	
6.690582E+3	208.188968E+0	209.330000E+0	-1.106143E+0	21.000000E+0	95.928667E+6	95.928667E+6	12.707771E+6	12.707771E+6	1.000536E+0	
6.696070E+3	208.097596E+0	209.190000E+0	-998.157260E-3	21.000000E+0	11.164801E+6	11.164801E+6	1.403928E+6	1.403928E+6	999.473000E-3	
6.701548E+3	208.006124E+0	209.130000E+0	-855.000021E-3	21.000000E+0	9.835279E+6	9.835279E+6	1.258420E+6	1.258420E+6	999.166000E-3	
6.707018E+3	207.914819E+0	208.990000E+0	-837.630884E-3	21.000000E+0	15.412496E+6	15.412496E+6	1.886851E+6	1.886851E+6	1.000271E+0	
6.712500E+3	207.823664E+0	208.930000E+0	-946.606336E-3	21.000000E+0	26.757101E+6	26.757101E+6	3.519017E+6	3.519017E+6	1.000448E+0	
6.717984E+3	207.732292E+0	208.790000E+0	-1.091244E+0	21.000000E+0	13.779104E+6	13.779104E+6	1.944524E+6	1.944524E+6	999.674000E-3	
6.723465E+3	207.640887E+0	208.730000E+0	-1.089398E+0	22.000000E+0	18.375593E+6	18.375593E+6	2.634838E+6	2.634838E+6	999.081000E-3	
6.728952E+3	207.549548E+0	208.650000E+0	-1.089001E+0	21.000000E+0	11.909520E+6	11.909520E+6	1.506163E+6	1.506163E+6	999.566000E-3	
6.734471E+3	207.458093E+0	208.590000E+0	-1.090461E+0	21.000000E+0	10.549462E+6	10.549462E+6	1.324398E+6	1.324398E+6	999.456000E-3	
6.739962E+3	207.366104E+0	208.450000E+0	-982.053535E-3	20.000000E+0	17.539460E+6	17.539460E+6	2.504685E+6	2.504685E+6	1.000977E+0	
6.745449E+3	207.274599E+0	208.390000E+0	-872.343907E-3	21.000000E+0	20.784206E+6	20.784206E+6	2.680171E+6	2.680171E+6	1.000136E+0	
6.750938E+3	207.183144E+0	208.330000E+0	-872.044465E-3	20.000000E+0	20.618892E+6	20.618892E+6	2.740615E+6	2.740615E+6	1.000841E+0	
6.756416E+3	207.091655E+0	208.190000E+0	-983.028089E-3	20.000000E+0	128.516195E+6	128.516195E+6	15.768657E+6	15.768657E+6	999.856000E-3	
6.761906E+3	207.000350E+0	208.130000E+0	-948.265188E-3	20.000000E+0	14.797529E+6	14.797529E+6	1.968640E+6	1.968640E+6	1.000017E+0	
6.767379E+3	206.908861E+0	208.050000E+0	-947.933071E-3	21.000000E+0	18.078892E+6	18.078892E+6	2.436308E+6	2.436308E+6	998.678000E-3	
6.772872E+3	206.817639E+0	207.990000E+0	-947.600697E-3	20.000000E+0	19.063976E+6	19.063976E+6	2.532230E+6	2.532230E+6	999.143000E-3	
6.778351E+3	206.726084E+0	207.850000E+0	-983.935367E-3	20.000000E+0	14.439365E+6	14.439365E+6	1.992445E+6	1.992445E+6	999.926000E-3	
6.783834E+3	206.634779E+0	207.790000E+0	-874.572366E-3	20.000000E+0	14.269460E+6	14.269460E+6	1.840747E+6	1.840747E+6	999.433000E-3	
6.789317E+3	206.543390E+0	207.730000E+0	-874.738469E-3	19.000000E+0	12.791071E+6	12.791071E+6	1.673032E+6	1.673032E+6	999.878000E-3	
6.794818E+3	206.452002E+0	207.590000E+0	-983.338947E-3	19.000000E+0	19.886151E+6	19.886151E+6	2.526136E+6	2.526136E+6	1.000870E+0	
6.800330E+3	206.360330E+0	207.530000E+0	-946.619731E-3	18.000000E+0	22.030467E+6	22.030467E+6	2.778741E+6	2.778741E+6	999.302000E-3	
6.805850E+3	206.268458E+0	207.470000E+0	-946.387234E-3	18.000000E+0	15.738422E+6	15.738422E+6	1.941844E+6	1.941844E+6	999.075000E-3	
6.811357E+3	206.176453E+0	207.330000E+0	-945.924616E-3	19.000000E+0	14.823520E+6	14.823520E+6	2.054864E+6	2.054864E+6	998.957000E-3	
6.816851E+3	206.084681E+0	207.270000E+0	-945.114010E-3	19.000000E+0	-94.977040E+6	-94.977040E+6	-13.252268E+6	-13.252268E+6	1.001058E+0	
6.822351E+3	205.993109E+0	207.190000E+0	-943.034668E-3	18.000000E+0	11.675941E+6	11.675941E+6	1.644394E+6	1.644394E+6	999.227000E-3	
6.827836E+3	205.901437E+0	207.070000E+0	-943.497287E-3	17.000000E+0	16.017514E+6	16.017514E+6	2.190634E+6	2.190634E+6	998.692000E-3	
6.833325E+3	205.810032E+0	206.990000E+0	-980.633070E-3	19.000000E+0	14.095618E+6	14.095618E+6	1.808769E+6	1.808769E+6	1.000507E+0	
6.838805E+3	205.718543E+0	206.930000E+0	-982.016650E-3	18.000000E+0	22.999310E+6	22.999310E+6	2.946057E+6	2.946057E+6	1.000240E+0	
6.844287E+3	205.627205E+0	206.800000E+0	-983.145061E-3	18.000000E+0	11.420219E+6	11.420219E+6	1.549471E+6	1.549471E+6	1.000297E+0	
6.849773E+3	205.535833E+0	206.730000E+0	-984.260812E-3	17.000000E+0	11.889794E+6	11.889794E+6	1.623972E+6	1.623972E+6	999.575000E-3	
6.855252E+3	205.444411E+0	206.670000E+0	-967.686337E-3	17.000000E+0	10.484887E+6	10.484887E+6	1.335250E+6	1.335250E+6	999.734000E-3	
6.860740E+3	205.353089E+0	206.540000E+0	-967.386950E-3	18.000000E+0	13.890589E+6	13.890589E+6	1.915898E+6	1.915898E+6	1.000678E+0	
6.866228E+3	205.261617E+0	206.470000E+0	-948.648838E-3	18.000000E+0	18.547774E+6	18.547774E+6	2.617288E+6	2.617288E+6	999.725000E-3	
6.871716E+3	205.170162E+0	206.410000E+0	-947.857942E-3	17.000000E+0	13.718597E+6	13.718597E+6	1.684943E+6	1.684943E+6	999.537000E-3	
6.877198E+3	205.078690E+0	206.280000E+0	-947.691838E-3	17.000000E+0	26.451866E+6	26.451866E+6	3.302871E+6	3.302871E+6	999.616000E-3	
6.882682E+3	204.987318E+0	206.220000E+0	-947.691838E-3	17.000000E+0	16.036702E+6	16.036702E+6	1.996286E+6	1.996286E+6	999.728000E-3	
6.888192E+3	204.895930E+0	206.080000E+0	-947.408005E-3	18.000000E+0	24.247624E+6	24.247624E+6	3.396032E+6	3.396032E+6	999.972000E-3	
6.893692E+3	204.804091E+0	205.940000E+0	-929.312058E-3	17.000000E+0	23.252207E+6	23.252207E+6	2.937153E+6	2.937153E+6	1.000775E+0	
6.899173E+3	204.712419E+0	205.880000E+0	-1.057256E+0	17.000000E+0	10.039026E+6	10.039026E+6	1.336639E+6	1.336639E+6	999.385000E-3	
6.904660E+3	204.621081E+0	205.820000E+0	-1.222470E+0	16.000000E+0	13.591584E+6	13.591584E+6	1.891795E+6	1.891795E+6	999.661000E-3	
6.910140E+3	204.529625E+0	205.690000E+0	-1.241632E+0	16.000000E+0	12.180660E+6	12.180660E+6	1.664191E+6	1.664191E+6	999.545000E-3	
6.915627E+3	204.438287E+0	205.560000E+0	-1.096302E+0	17.000000E+0	69.022997E+6	69.022997E+6	8.552921E+6	8.552921E+6	999.453000E-3	
6.921103E+3	204.346848E+0	205.490000E+0	-932.385359E-3	16.000000E+0	53.286681E+6	53.286681E+6	6.567195E+6	6.567195E+6	1.000191E+0	
6.926652E+3	204.255576E+0	205.430000E+0	-1.041388E+0	16.000000E+0	14.630913E+6	14.630913E+6	1.954003E+6	1.954003E+6	999.584000E-3	
6.932140E+3	204.163088E+0	205.290000E+0	-1.187017E+0	16.000000E+0	82.102956E+6	82.102956E+6	10.315858E+6	10.315858E+6	1.000014E+0	
6.937624E+3	204.071616E+0	205.230000E+0	-1.076901E+0	17.000000E+0	16.130253E+6	16.130253E+6	2.043010E+6	2.043010E+6	1.000237E+0	
6.943150E+3	203.980227E+0	205.170000E+0	-967.464440E-3	16.000000E+0	15.801644E+6	15.801644E+6	2.116479E+6	2.116479E+6	999.612000E-3	
6.948658E+3	203.888122E+0	205.040000E+0	-964.915176E-3	17.000000E+0	13.652397E+6	13.652397E+6	1.786803E+6	1.786803E+6	999.765000E-3	
6.954172E+3	203.796317E+0	204.970000E+0	-945.258697E-3	16.000000E+0	22.409332E+6	22.409332E+6	3.026061E+6	3.026061E+6	999.008000E-3	
6.959674E+3	203.704428E+0	204.840000E+0	-926.878312E-3	17.000000E+0	11.953474E+6	11.953474E+6	1.465197E+6	1.465197E+6	999.430000E-3	
6.965157E+3	203.612723E+0	204.720000E+0	-928.165031E-3	16.000000E+0	27.622032E+6	27.622032E+6	3.416165E+6	3.416165E+6	1.000470E+0	
6.970695E+3	203.521334E+0	204.640000E+0	-1.074820E+0	16.000000E+0	-46.490474E+6	-46.490474E+6	-6.234761E+6	-6.234761E+6	1.000475E+0	
6.976172E+3	203.429046E+0	204.580000E+0	-1.184095E+0	16.000000E+0	15.305465E+6	15.305465E+6	1.917650E+6	1.917650E+6	999.906000E-3	
6.981651E+3	203.337757E+0	204.460000E+0	-1.184792E+0	17.000000E+0	31.406354E+6	31.406354E+6	3.886324E+6	3.886324E+6	998.408000E-3	
6.987136E+3	203.246435E+0	204.390000E+0	-1.075947E+0	16.000000E+0	-60.752034E+6	-60.752034E+6	-8.580829E+6	-8.580829E+6	1.000586E+0	
6.992625E+3	203.155030E+0	204.270000E+0	-948.155477E-3	17.000000E+0	17.714584E+6	17.714584E+6	2.252412E+6	2.252412E+6	999.634000E-3	
6.998146E+3	203.063541E+0	204.130000E+0	-929.924979E-3	15.000000E+0	15.552301E+6	15.552301E+6	2.045648E+6	2.045648E+6	1.000324E+0	
7.003626E+3	202.971520E+0	204.070000E+0	-1.021127E+0	16.000000E+0	19.438409E+6	19.438409E+6	2.563010E+6	2.563010E+6	999.523000E-3	
7.009099E+3	202.880198E+0	203.940000E+0	-1.166941E+0	15.000000E+0	20.811923E+6	20.811923E+6	2.686279E+6	2.686279E+6	1.000221E+0	
7.014588E+3	202.788976E+0	203.880000E+0	-1.185305E+0	16.000000E+0	45.267405E+6	45.267405E+6	6.023339E+6	6.023339E+6	1.001315E+0	
7.020071E+3	202.697487E+0	203.820000E+0	-1.185495E+0	15.000000E+0	17.727121E+6	17.727121E+6	2.146694E+6	2.146694E+6	1.000696E+0	
7.025573E+3	202.606115E+0	203.680000E+0	-1.057629E+0	17.000000E+0	16.848583E+6	16.848583E+6	2.083262E+6	2.083262E+6	999.121000E-3	
7.031056E+3	202.514410E+0	203.620000E+0	-911.074987E-3	15.000000E+0	13.919223E+6	13.919223E+6	1.865714E+6	1.865714E+6	999.957000E-3	
7.036543E+3	202.423021E+0	203.560000E+0	-928.328884E-3	14.000000E+0	16.575577E+6	16.575577E+6	2.057485E+6	2.057485E+6	999.010000E-3	
7.042027E+3	202.331566E+0	203.430000E+0	-947.011333E-3	16.000000E+0	13.639790E+6	13.639790E+6	1.648308E+6	1.648308E+6	999.251000E-3	
7.047504E+3	202.240178E+0	203.310000E+0	-947.867683E-3	15.000000E+0	13.912514E+6	13.912514E+6	1.721045E+6	1.721045E+6	999.475000E-3	
7.052991E+3	202.148889E+0	203.230000E+0	-930.582148E-3	16.000000E+0	14.014486E+6	14.014486E+6	1.964344E+6	1.964344E+6	999.373000E-3	
7.058503E+3	202.057434E+0	203.170000E+0	-1.021618E+0	14.000000E+0	14.766637E+6	14.766637E+6	1.835191E+6	1.835191E+6	998.963000E-3	
7.064022E+3	201.965579E+0	203.110000E+0	-1.167183E+0	15.000000E+0	13.674490E+6	13.674490E+6	1.830512E+6	1.830512E+6	999.195000E-3	
7.069500E+3	201.873590E+0	202.980000E+0	-1.074894E+0	14.000000E+0	17.060136E+6	17.060136E+6	2.422071E+6	2.422071E+6	1.000577E+0	
7.074991E+3	201.782285E+0	202.920000E+0	-837.138359E-3	15.000000E+0	13.233051E+6	13.233051E+6	1.885049E+6	1.885049E+6	999.360000E-3	
7.080494E+3	201.690780E+0	202.860000E+0	-819.097406E-3	15.000000E+0	25.128417E+6	25.128417E+6	3.321501E+6	3.321501E+6	1.000111E+0	
7.085974E+3	201.599058E+0	202.730000E+0	-911.164847E-3	14.000000E+0	12.210929E+6	12.210929E+6	1.541884E+6	1.541884E+6	999.953000E-3	
7.091483E+3	201.507719E+0	202.670000E+0	-911.661456E-3	14.000000E+0	12.277020E+6	12.277020E+6	1.502930E+6	1.502930E+6	999.595000E-3	
7.096959E+3	201.415914E+0	202.530000E+0	-911.251009E-3	14.000000E+0	23.955452E+6	23.955452E+6	3.082522E+6	3.082522E+6	999.661000E-3	
7.102447E+3	201.324642E+0	202.410000E+0	-911.251009E-3	14.000000E+0	20.680600E+6	20.680600E+6	2.503834E+6	2.503834E+6	998.873000E-3	
7.107991E+3	201.233170E+0	202.340000E+0	-1.057441E+0	13.000000E+0	102.378528E+6	102.378528E+6	12.701171E+6	12.701171E+6	1.001262E+0	
7.113499E+3	201.140781E+0	202.280000E+0	-1.184757E+0	14.000000E+0	23.129827E+6	23.129827E+6	2.809880E+6	2.809880E+6	1.000365E+0	
7.119019E+3	201.048976E+0	202.220000E+0	-1.184284E+0	13.000000E+0	22.543839E+6	22.543839E+6	3.084858E+6	3.084858E+6	1.000721E+0	
7.124508E+3	200.956971E+0	202.160000E+0	-1.056418E+0	13.000000E+0	20.149818E+6	20.149818E+6	2.473446E+6	2.473446E+6	999.028000E-3	
7.130001E+3	200.865482E+0	202.030000E+0	-800.953348E-3	13.000000E+0	10.443187E+6	10.443187E+6	1.446652E+6	1.446652E+6	999.413000E-3	
7.135504E+3	200.773944E+0	201.970000E+0	-673.209268E-3	14.000000E+0	10.927671E+6	10.927671E+6	1.482047E+6	1.482047E+6	999.117000E-3	
7.141012E+3	200.682222E+0	201.840000E+0	-782.931433E-3	13.000000E+0	20.720998E+6	20.720998E+6	2.821693E+6	2.821693E+6	1.000617E+0	
7.146521E+3	200.590417E+0	201.780000E+0	-911.426459E-3	13.000000E+0	13.781194E+6	13.781194E+6	1.709371E+6	1.709371E+6	999.550000E-3	
7.152005E+3	200.498611E+0	201.720000E+0	-1.039581E+0	14.000000E+0	27.761913E+6	27.761913E+6	3.399224E+6	3.399224E+6	998.596000E-3	
7.157520E+3	200.407206E+0	201.590000E+0	-1.039391E+0	12.000000E+0	15.325816E+6	15.325816E+6	2.026925E+6	2.026925E+6	999.703000E-3	
7.163025E+3	200.315284E+0	201.530000E+0	-911.770933E-3	13.000000E+0	33.604602E+6	33.604602E+6	4.256614E+6	4.256614E+6	1.000409E+0	
7.168558E+3	200.223546E+0	201.410000E+0	-912.087092E-3	13.000000E+0	16.003348E+6	16.003348E+6	2.221917E+6	2.221917E+6	999.089000E-3	
7.174060E+3	200.131324E+0	201.270000E+0	-912.150269E-3	12.000000E+0	17.173904E+6	17.173904E+6	2.338710E+6	2.338710E+6	999.006000E-3	
7.179556E+3	200.039618E+0	201.210000E+0	-1.021503E+0	12.000000E+0	11.221682E+6	11.221682E+6	1.421482E+6	1.421482E+6	999.403000E-3	
7.185040E+3	200.000000E+0	201.150000E+0	-1.149430E+0	12.000000E+0	13.198283E+6	13.198283E+6	1.709299E+6	1.709299E+6	999.374000E-3	
7.190528E+3	200.000000E+0	201.080000E+0	-1.167867E+0	12.000000E+0	17.105975E+6	17.105975E+6	2.225259E+6	2.225259E+6	999.160000E-3	
7.196036E+3	200.000000E+0	200.960000E+0	-1.058554E+0	14.000000E+0	12.491992E+6	12.491992E+6	1.530497E+6	1.530497E+6	999.859000E-3	
7.201518E+3	200.000000E+0	200.900000E+0	-821.145924E-3	15.000000E+0	18.685023E+6	18.685023E+6	2.286489E+6	2.286489E+6	1.000583E+0	
7.207013E+3	200.000000E+0	200.770000E+0	-802.930423E-3	16.000000E+0	15.054172E+6	15.054172E+6	2.109922E+6	2.109922E+6	999.597000E-3	
7.212495E+3	200.000000E+0	200.640000E+0	-912.333329E-3	17.000000E+0	21.169725E+6	21.169725E+6	2.717647E+6	2.717647E+6	999.211000E-3	
7.217990E+3	200.000000E+0	200.580000E+0	-1.021404E+0	17.000000E+0	14.094966E+6	14.094966E+6	1.959478E+6	1.959478E+6	999.615000E-3	
7.223476E+3	200.000000E+0	200.460000E+0	-1.148453E+0	19.000000E+0	17.637623E+6	17.637623E+6	2.483752E+6	2.483752E+6	1.000406E+0	
7.228953E+3	200.000000E+0	200.410000E+0	-1.166504E+0	20.000000E+0	16.406403E+6	16.406403E+6	2.058298E+6	2.058298E+6	999.314000E-3	
7.234432E+3	200.000000E+0	200.330000E+0	-1.147559E+0	21.000000E+0	17.300502E+6	17.300502E+6	2.097757E+6	2.097757E+6	999.104000E-3	
7.239914E+3	200.000000E+0	200.220000E+0	-981.652023E-3	22.000000E+0	15.582891E+6	15.582891E+6	1.888459E+6	1.888459E+6	999.175000E-3	
7.245399E+3	200.000000E+0	200.160000E+0	-870.064515E-3	23.000000E+0	12.516978E+6	12.516978E+6	1.519968E+6	1.519968E+6	999.731000E-3	
7.250933E+3	200.000000E+0	200.080000E+0	-887.281924E-3	24.000000E+0	13.696944E+6	13.696944E+6	1.864368E+6	1.864368E+6	999.466000E-3	
7.256412E+3	200.000000E+0	200.030000E+0	-889.358912E-3	26.000000E+0	13.906299E+6	13.906299E+6	1.844648E+6	1.844648E+6	1.000141E+0	
7.261891E+3	200.000000E+0	199.970000E+0	-909.468620E-3	27.000000E+0	16.729677E+6	16.729677E+6	2.262575E+6	2.262575E+6	998.929000E-3	
7.267375E+3	200.000000E+0	199.910000E+0	-801.478151E-3	28.000000E+0	127.702296E+6	127.702296E+6	17.525210E+6	17.525210E+6	1.001186E+0	
7.272859E+3	200.000000E+0	199.840000E+0	-691.993810E-3	30.000000E+0	15.245303E+6	15.245303E+6	2.094903E+6	2.094903E+6	999.787000E-3	
7.278344E+3	200.000000E+0	199.780000E+0	-655.519627E-3	30.000000E+0	83.878625E+6	83.878625E+6	11.770147E+6	11.770147E+6	1.000672E+0	
7.283833E+3	200.000000E+0	199.720000E+0	-655.648925E-3	31.000000E+0	38.565971E+6	38.565971E+6	4.794542E+6	4.794542E+6	998.473000E-3	
7.289317E+3	200.000000E+0	199.660000E+0	-692.377615E-3	33.000000E+0	78.145746E+6	78.145746E+6	9.515566E+6	9.515566E+6	1.001047E+0	
7.294841E+3	200.000000E+0	199.660000E+0	-692.895735E-3	34.000000E+0	14.489857E+6	14.489857E+6	1.852828E+6	1.852828E+6	999.945000E-3	
7.300322E+3	200.000000E+0	199.590000E+0	-674.942530E-3	35.000000E+0	15.621270E+6	15.621270E+6	1.923224E+6	1.923224E+6	998.824000E-3	
7.305831E+3	200.000000E+0	199.590000E+0	-546.985085E-3	35.000000E+0	37.148218E+6	37.148218E+6	4.854922E+6	4.854922E+6	1.000773E+0	
7.311814E+3	200.000000E+0	199.590000E+0	-455.548358E-3	35.000000E+0	10.933993E+6	10.933993E+6	1.336469E+6	1.336469E+6	999.367000E-3	
7.317302E+3	200.000000E+0	199.530000E+0	-364.239756E-3	35.000000E+0	16.382108E+6	16.382108E+6	2.126692E+6	2.126692E+6	1.000783E+0	
7.322791E+3	200.000000E+0	199.530000E+0	-255.006134E-3	35.000000E+0	57.155467E+6	57.155467E+6	7.949170E+6	7.949170E+6	998.506000E-3	
7.328267E+3	200.000000E+0	199.530000E+0	-236.770678E-3	38.000000E+0	11.921279E+6	11.921279E+6	1.436849E+6	1.436849E+6	999.480000E-3	
7.333749E+3	200.000000E+0	199.590000E+0	-218.507038E-3	38.000000E+0	20.296385E+6	20.296385E+6	2.677319E+6	2.677319E+6	999.394000E-3	
7.339242E+3	200.000000E+0	199.590000E+0	-218.507038E-3	38.000000E+0	17.962197E+6	17.962197E+6	2.521674E+6	2.521674E+6	999.237000E-3	
7.344728E+3	200.000000E+0	199.590000E+0	259.158920E-6	37.000000E+0	11.629313E+6	11.629313E+6	1.603315E+6	1.603315E+6	999.772000E-3	
7.350211E+3	200.000000E+0	199.660000E+0	218.995552E-3	37.000000E+0	14.819875E+6	14.819875E+6	2.080427E+6	2.080427E+6	999.156000E-3	
7.355703E+3	200.000000E+0	199.720000E+0	218.995552E-3	36.000000E+0	14.308046E+6	14.308046E+6	1.830406E+6	1.830406E+6	999.417000E-3	
7.361186E+3	200.000000E+0	199.720000E+0	237.186090E-3	37.000000E+0	111.784787E+6	111.784787E+6	14.336023E+6	14.336023E+6	999.356000E-3	
7.366673E+3	200.000000E+0	199.720000E+0	364.766230E-3	37.000000E+0	-433.217749E+6	-433.217749E+6	-54.353247E+6	-54.353247E+6	1.000733E+0	
7.372193E+3	200.000000E+0	199.780000E+0	474.249017E-3	37.000000E+0	61.944272E+6	61.944272E+6	7.649155E+6	7.649155E+6	1.000400E+0	
7.378193E+3	200.000000E+0	199.840000E+0	346.565698E-3	37.000000E+0	17.514431E+6	17.514431E+6	2.092835E+6	2.092835E+6	1.000074E+0	
7.383680E+3	200.000000E+0	199.910000E+0	219.035549E-3	36.000000E+0	25.591611E+6	25.591611E+6	3.428611E+6	3.428611E+6	1.000632E+0	
7.389183E+3	200.000000E+0	199.970000E+0	328.538314E-3	35.000000E+0	32.045767E+6	32.045767E+6	4.360342E+6	4.360342E+6	999.187000E-3	
7.394669E+3	200.000000E+0	199.970000E+0	565.772662E-3	34.000000E+0	54.871805E+6	54.871805E+6	6.877052E+6	6.877052E+6	1.000313E+0	
7.400149E+3	200.000000E+0	200.030000E+0	693.346074E-3	35.000000E+0	17.863784E+6	17.863784E+6	2.216929E+6	2.216929E+6	999.836000E-3	
7.405634E+3	200.000000E+0	200.030000E+0	583.743510E-3	35.000000E+0	18.444180E+6	18.444180E+6	2.337672E+6	2.337672E+6	999.859000E-3	
7.411617E+3	200.000000E+0	200.080000E+0	455.336602E-3	34.000000E+0	13.673393E+6	13.673393E+6	1.893670E+6	1.893670E+6	999.525000E-3	
7.417098E+3	200.000000E+0	200.160000E+0	327.067486E-3	33.000000E+0	16.365832E+6	16.365832E+6	2.120136E+6	2.120136E+6	999.625000E-3	
7.422592E+3	200.000000E+0	200.220000E+0	308.895190E-3	35.000000E+0	21.469994E+6	21.469994E+6	2.754104E+6	2.754104E+6	1.000287E+0	
7.428067E+3	200.000000E+0	200.220000E+0	437.150673E-3	32.000000E+0	11.548602E+6	11.548602E+6	1.530127E+6	1.530127E+6	999.647000E-3	
7.433549E+3	200.000000E+0	200.270000E+0	583.636966E-3	32.000000E+0	19.697382E+6	19.697382E+6	2.379504E+6	2.379504E+6	1.000627E+0	
7.439050E+3	200.000000E+0	200.270000E+0	601.909060E-3	33.000000E+0	83.039452E+6	83.039452E+6	11.414547E+6	11.414547E+6	999.795000E-3	
7.445033E+3	200.000000E+0	200.330000E+0	456.120103E-3	32.000000E+0	15.737900E+6	15.737900E+6	1.982432E+6	1.982432E+6	999.514000E-3	
7.450518E+3	200.000000E+0	200.410000E+0	292.154144E-3	33.000000E+0	15.834732E+6	15.834732E+6	2.042598E+6	2.042598E+6	1.000280E+0	
7.455996E+3	200.000000E+0	200.410000E+0	292.194115E-3	31.000000E+0	17.579810E+6	17.579810E+6	2.458554E+6	2.458554E+6	1.000467E+0	
7.461482E+3	200.000000E+0	200.410000E+0	456.196932E-3	31.000000E+0	14.755603E+6	14.755603E+6	1.963606E+6	1.963606E+6	999.397000E-3	
7.466989E+3	200.000000E+0	200.460000E+0	510.716722E-3	31.000000E+0	11.644829E+6	11.644829E+6	1.439173E+6	1.439173E+6	999.825000E-3	
7.472474E+3	200.000000E+0	200.460000E+0	401.193963E-3	31.000000E+0	15.826642E+6	15.826642E+6	2.029603E+6	2.029603E+6	999.769000E-3	
7.478458E+3	200.000000E+0	200.460000E+0	237.074604E-3	30.000000E+0	18.363820E+6	18.363820E+6	2.463444E+6	2.463444E+6	999.910000E-3	
7.483950E+3	200.000000E+0	200.520000E+0	182.388110E-3	31.000000E+0	16.073277E+6	16.073277E+6	2.073793E+6	2.073793E+6	1.000240E+0	
7.489432E+3	200.000000E+0	200.520000E+0	182.388110E-3	31.000000E+0	19.308696E+6	19.308696E+6	2.430926E+6	2.430926E+6	999.225000E-3	
7.494939E+3	200.000000E+0	200.520000E+0	200.693480E-3	30.000000E+0	10.193432E+6	10.193432E+6	1.297609E+6	1.297609E+6	999.466000E-3	
7.500447E+3	200.000000E+0	200.520000E+0	218.945606E-3	31.000000E+0	11.780912E+6	11.780912E+6	1.504701E+6	1.504701E+6	999.846000E-3	
7.505966E+3	200.000000E+0	200.520000E+0	218.945606E-3	30.000000E+0	18.153501E+6	18.153501E+6	2.277602E+6	2.277602E+6	1.000621E+0	
7.511450E+3	200.000000E+0	200.580000E+0	109.462815E-3	31.000000E+0	27.030324E+6	27.030324E+6	3.462109E+6	3.462109E+6	1.000122E+0	
7.516933E+3	200.000000E+0	200.580000E+0	0.000000E+0	30.000000E+0	20.681269E+6	20.681269E+6	2.499105E+6	2.499105E+6	1.000353E+0	
7.522418E+3	200.000000E+0	200.580000E+0	109.422887E-3	30.000000E+0	11.189566E+6	11.189566E+6	1.433986E+6	1.433986E+6	999.452000E-3	
7.527905E+3	200.000000E+0	200.580000E+0	218.815841E-3	29.000000E+0	19.233936E+6	19.233936E+6	2.694432E+6	2.694432E+6	999.780000E-3	
7.533394E+3	200.000000E+0	200.580000E+0	218.815841E-3	31.000000E+0	12.760794E+6	12.760794E+6	1.601842E+6	1.601842E+6	999.553000E-3	
7.548281E+3	200.671489E+0	200.580000E+0	109.392954E-3	31.000000E+0	1.000000E+0	1.000000E+0	0.000000E+0	0.000000E+0	99.100000E+36	
7.553549E+3	200.671489E+0	200.580000E+0	109.392954E-3	41.000000E+0	-19.801307E+6	-19.801307E+6	980.198020E+42	980.198020E+42	999.966000E-3	
7.559028E+3	200.759294E+0	200.580000E+0	109.392954E-3	43.000000E+0	16.282772E+6	16.282772E+6	2.183732E+6	2.183732E+6	999.925000E-3	
7.564512E+3	200.850615E+0	200.580000E+0	109.392954E-3	44.000000E+0	12.198743E+6	12.198743E+6	1.637330E+6	1.637330E+6	999.321000E-3	
7.570001E+3	200.942004E+0	200.580000E+0	109.392954E-3	45.000000E+0	15.203074E+6	15.203074E+6	2.149096E+6	2.149096E+6	998.994000E-3	
7.575481E+3	201.033493E+0	200.580000E+0	0.000000E+0	48.000000E+0	12.189907E+6	12.189907E+6	1.684299E+6	1.684299E+6	1.000060E+0	
7.580974E+3	201.124831E+0	200.580000E+0	0.000000E+0	50.000000E+0	19.354232E+6	19.354232E+6	2.504621E+6	2.504621E+6	999.259000E-3	
7.586457E+3	201.216370E+0	200.580000E+0	0.000000E+0	51.000000E+0	24.002279E+6	24.002279E+6	3.312945E+6	3.312945E+6	1.000415E+0	
7.591936E+3	201.307758E+0	200.580000E+0	0.000000E+0	53.000000E+0	13.944807E+6	13.944807E+6	1.776579E+6	1.776579E+6	999.006000E-3	
7.597422E+3	201.399080E+0	200.640000E+0	0.000000E+0	54.000000E+0	13.296078E+6	13.296078E+6	1.703420E+6	1.703420E+6	999.998000E-3	
7.602932E+3	201.490502E+0	200.710000E+0	0.000000E+0	55.000000E+0	17.808731E+6	17.808731E+6	2.183269E+6	2.183269E+6	999.426000E-3	
7.608418E+3	201.582341E+0	200.770000E+0	109.612804E-3	57.000000E+0	11.985937E+6	11.985937E+6	1.629577E+6	1.629577E+6	999.747000E-3	
7.613942E+3	201.673779E+0	200.830000E+0	346.998782E-3	58.000000E+0	30.538084E+6	30.538084E+6	3.673030E+6	3.673030E+6	1.000733E+0	
7.619429E+3	201.765851E+0	200.900000E+0	584.081694E-3	58.000000E+0	20.102213E+6	20.102213E+6	2.699474E+6	2.699474E+6	999.281000E-3	
7.624931E+3	201.857290E+0	200.960000E+0	692.202765E-3	58.000000E+0	12.335057E+6	12.335057E+6	1.549771E+6	1.549771E+6	999.263000E-3	
7.630432E+3	201.948995E+0	201.080000E+0	690.502698E-3	58.000000E+0	17.682959E+6	17.682959E+6	2.179928E+6	2.179928E+6	999.264000E-3	
7.635926E+3	202.040684E+0	201.210000E+0	690.265119E-3	58.000000E+0	18.498409E+6	18.498409E+6	2.286531E+6	2.286531E+6	1.000024E+0	
7.641447E+3	202.132239E+0	201.330000E+0	800.949642E-3	57.000000E+0	11.662128E+6	11.662128E+6	1.438035E+6	1.438035E+6	999.561000E-3	
7.646924E+3	202.224261E+0	201.470000E+0	1.021400E+0	58.000000E+0	17.601584E+6	17.601584E+6	2.180810E+6	2.180810E+6	1.000298E+0	
7.652427E+3	202.315549E+0	201.530000E+0	1.240525E+0	56.000000E+0	289.353468E+6	289.353468E+6	37.450824E+6	37.450824E+6	1.001163E+0	
7.657932E+3	202.407255E+0	201.660000E+0	1.385798E+0	57.000000E+0	13.218003E+6	13.218003E+6	1.817610E+6	1.817610E+6	999.281000E-3	
7.663417E+3	202.499010E+0	201.780000E+0	1.294038E+0	56.000000E+0	11.292451E+6	11.292451E+6	1.437008E+6	1.437008E+6	999.269000E-3	
7.668904E+3	202.590432E+0	201.910000E+0	1.183786E+0	57.000000E+0	14.532587E+6	14.532587E+6	2.046935E+6	2.046935E+6	999.406000E-3	
7.674389E+3	202.681870E+0	202.090000E+0	1.165152E+0	56.000000E+0	12.491052E+6	12.491052E+6	1.552366E+6	1.552366E+6	999.534000E-3	
7.679864E+3	202.773292E+0	202.220000E+0	1.256454E+0	55.000000E+0	12.113926E+6	12.113926E+6	1.624809E+6	1.624809E+6	999.520000E-3	
7.685364E+3	202.864547E+0	202.340000E+0	1.475213E+0	55.000000E+0	55.728595E+6	55.728595E+6	7.233289E+6	7.233289E+6	999.771000E-3	
7.690842E+3	202.956203E+0	202.470000E+0	1.585404E+0	57.000000E+0	11.691477E+6	11.691477E+6	1.484494E+6	1.484494E+6	999.972000E-3	
7.696330E+3	203.047508E+0	202.610000E+0	1.585987E+0	54.000000E+0	17.135504E+6	17.135504E+6	2.326866E+6	2.326866E+6	1.000028E+0	
7.701822E+3	203.138980E+0	202.730000E+0	1.476112E+0	57.000000E+0	12.314999E+6	12.314999E+6	1.514948E+6	1.514948E+6	999.239000E-3	
7.707313E+3	203.230502E+0	202.860000E+0	1.401655E+0	56.000000E+0	20.263379E+6	20.263379E+6	2.551800E+6	2.551800E+6	1.000403E+0	
7.712810E+3	203.322024E+0	203.040000E+0	1.418955E+0	54.000000E+0	22.686833E+6	22.686833E+6	2.921453E+6	2.921453E+6	999.355000E-3	
7.718308E+3	203.413645E+0	203.170000E+0	1.419576E+0	53.000000E+0	21.243430E+6	21.243430E+6	2.641128E+6	2.641128E+6	1.000778E+0	
7.723796E+3	203.505284E+0	203.310000E+0	1.494445E+0	54.000000E+0	11.676553E+6	11.676553E+6	1.619076E+6	1.619076E+6	999.980000E-3	
7.729277E+3	203.596739E+0	203.370000E+0	1.586545E+0	53.000000E+0	15.107090E+6	15.107090E+6	2.139543E+6	2.139543E+6	999.334000E-3	
7.734786E+3	203.688094E+0	203.490000E+0	1.622873E+0	52.000000E+0	114.987126E+6	114.987126E+6	14.292385E+6	14.292385E+6	1.000388E+0	
7.740257E+3	203.779916E+0	203.620000E+0	1.421324E+0	51.000000E+0	10.985505E+6	10.985505E+6	1.345273E+6	1.345273E+6	999.681000E-3	
7.745747E+3	203.871088E+0	203.740000E+0	1.183573E+0	53.000000E+0	22.850149E+6	22.850149E+6	3.140858E+6	3.140858E+6	1.000151E+0	
7.751242E+3	203.962593E+0	203.880000E+0	1.147618E+0	53.000000E+0	12.057014E+6	12.057014E+6	1.636869E+6	1.636869E+6	999.647000E-3	
7.756723E+3	204.054182E+0	204.070000E+0	1.238150E+0	51.000000E+0	12.356034E+6	12.356034E+6	1.730908E+6	1.730908E+6	999.356000E-3	
7.762208E+3	204.145521E+0	204.130000E+0	1.382811E+0	51.000000E+0	13.768679E+6	13.768679E+6	1.713416E+6	1.713416E+6	999.193000E-3	
7.767717E+3	204.236943E+0	204.270000E+0	1.526962E+0	51.000000E+0	13.011321E+6	13.011321E+6	1.843611E+6	1.843611E+6	999.920000E-3	
7.773288E+3	204.328764E+0	204.390000E+0	1.527004E+0	50.000000E+0	19.016365E+6	19.016365E+6	2.341502E+6	2.341502E+6	999.310000E-3	
7.778774E+3	204.421603E+0	204.460000E+0	1.419009E+0	52.000000E+0	14.672963E+6	14.672963E+6	1.868303E+6	1.868303E+6	999.669000E-3	
7.784252E+3	204.513042E+0	204.580000E+0	1.290847E+0	51.000000E+0	31.262875E+6	31.262875E+6	4.020961E+6	4.020961E+6	1.000412E+0	
7.789763E+3	204.604347E+0	204.640000E+0	1.180970E+0	53.000000E+0	14.674141E+6	14.674141E+6	1.857263E+6	1.857263E+6	999.309000E-3	
7.795247E+3	204.696185E+0	204.720000E+0	1.162962E+0	52.000000E+0	48.151422E+6	48.151422E+6	6.440867E+6	6.440867E+6	999.142000E-3	
7.800759E+3	204.787591E+0	204.840000E+0	1.019496E+0	52.000000E+0	23.857279E+6	23.857279E+6	3.062507E+6	3.062507E+6	999.620000E-3	
7.806248E+3	204.879463E+0	204.910000E+0	929.520117E-3	51.000000E+0	12.909224E+6	12.909224E+6	1.665310E+6	1.665310E+6	999.303000E-3	
7.811752E+3	204.970951E+0	205.040000E+0	947.361736E-3	51.000000E+0	12.311007E+6	12.311007E+6	1.523784E+6	1.523784E+6	998.792000E-3	
7.817235E+3	205.062673E+0	205.110000E+0	965.843324E-3	52.000000E+0	14.789822E+6	14.789822E+6	1.823203E+6	1.823203E+6	999.792000E-3	
7.822722E+3	205.154062E+0	205.230000E+0	1.075588E+0	53.000000E+0	10.455365E+6	10.455365E+6	1.273493E+6	1.273493E+6	999.742000E-3	
7.828210E+3	205.245517E+0	205.290000E+0	1.075422E+0	51.000000E+0	17.168733E+6	17.168733E+6	2.178522E+6	2.178522E+6	999.907000E-3	
7.833691E+3	205.336972E+0	205.370000E+0	1.074256E+0	53.000000E+0	11.060434E+6	11.060434E+6	1.406266E+6	1.406266E+6	999.089000E-3	
7.839166E+3	205.428327E+0	205.430000E+0	1.037082E+0	52.000000E+0	-70.303303E+6	-70.303303E+6	-8.513454E+6	-8.513454E+6	1.000416E+0	
7.844642E+3	205.519583E+0	205.560000E+0	927.901814E-3	55.000000E+0	14.599869E+6	14.599869E+6	1.981404E+6	1.981404E+6	999.507000E-3	
7.850124E+3	205.610838E+0	205.620000E+0	837.670732E-3	57.000000E+0	10.455093E+6	10.455093E+6	1.320157E+6	1.320157E+6	999.716000E-3	
7.855605E+3	205.702210E+0	205.690000E+0	856.710548E-3	54.000000E+0	17.054105E+6	17.054105E+6	2.086627E+6	2.086627E+6	999.200000E-3	
7.861131E+3	205.793565E+0	205.820000E+0	947.962662E-3	57.000000E+0	18.679761E+6	18.679761E+6	2.589931E+6	2.589931E+6	1.000488E+0	
7.866641E+3	205.885653E+0	205.880000E+0	929.582710E-3	55.000000E+0	13.205203E+6	13.205203E+6	1.798455E+6	1.798455E+6	999.898000E-3	
7.872119E+3	205.977492E+0	205.940000E+0	946.194561E-3	55.000000E+0	11.253300E+6	11.253300E+6	1.565578E+6	1.565578E+6	999.068000E-3	
7.877606E+3	206.068797E+0	206.080000E+0	943.656642E-3	57.000000E+0	18.503422E+6	18.503422E+6	2.592235E+6	2.592235E+6	1.000295E+0	
7.883096E+3	206.160236E+0	206.140000E+0	924.665572E-3	56.000000E+0	41.217257E+6	41.217257E+6	5.136965E+6	5.136965E+6	1.000755E+0	
7.888590E+3	206.251741E+0	206.220000E+0	925.789473E-3	57.000000E+0	12.534913E+6	12.534913E+6	1.739554E+6	1.739554E+6	999.534000E-3	
7.894074E+3	206.343313E+0	206.280000E+0	945.924372E-3	57.000000E+0	17.200981E+6	17.200981E+6	2.408621E+6	2.408621E+6	999.721000E-3	
7.899561E+3	206.434702E+0	206.410000E+0	983.062986E-3	58.000000E+0	15.018037E+6	15.018037E+6	2.072810E+6	2.072810E+6	999.150000E-3	
7.905051E+3	206.526157E+0	206.470000E+0	874.088314E-3	57.000000E+0	13.639187E+6	13.639187E+6	1.768932E+6	1.768932E+6	999.616000E-3	
7.910569E+3	206.617662E+0	206.600000E+0	856.270528E-3	57.000000E+0	11.094494E+6	11.094494E+6	1.508860E+6	1.508860E+6	999.392000E-3	
7.916054E+3	206.709634E+0	206.670000E+0	947.552419E-3	57.000000E+0	17.260822E+6	17.260822E+6	2.460566E+6	2.460566E+6	1.000092E+0	
7.921570E+3	206.801039E+0	206.800000E+0	1.038760E+0	56.000000E+0	12.153543E+6	12.153543E+6	1.626924E+6	1.626924E+6	999.872000E-3	
7.927098E+3	206.892978E+0	206.870000E+0	1.057341E+0	57.000000E+0	12.472068E+6	12.472068E+6	1.758794E+6	1.758794E+6	999.761000E-3	
7.932625E+3	206.985116E+0	206.930000E+0	1.075432E+0	57.000000E+0	43.846060E+6	43.846060E+6	6.166184E+6	6.166184E+6	1.001444E+0	
7.938140E+3	207.077222E+0	207.070000E+0	1.092967E+0	56.000000E+0	28.711258E+6	28.711258E+6	3.625396E+6	3.625396E+6	999.726000E-3	
7.943674E+3	207.169144E+0	207.130000E+0	965.049737E-3	59.000000E+0	22.119411E+6	22.119411E+6	3.009679E+6	3.009679E+6	999.355000E-3	
7.949160E+3	207.261382E+0	207.190000E+0	964.850724E-3	56.000000E+0	35.612504E+6	35.612504E+6	4.526158E+6	4.526158E+6	999.643000E-3	
7.954643E+3	207.352804E+0	207.330000E+0	965.016390E-3	60.000000E+0	12.739888E+6	12.739888E+6	1.614754E+6	1.614754E+6	999.699000E-3	
7.960122E+3	207.444193E+0	207.470000E+0	946.903707E-3	58.000000E+0	14.589750E+6	14.589750E+6	1.969788E+6	1.969788E+6	999.252000E-3	
7.965613E+3	207.535515E+0	207.530000E+0	947.003179E-3	57.000000E+0	38.941449E+6	38.941449E+6	4.842125E+6	4.842125E+6	999.627000E-3	
7.971092E+3	207.627020E+0	207.650000E+0	1.092694E+0	58.000000E+0	11.388619E+6	11.388619E+6	1.477249E+6	1.477249E+6	999.693000E-3	
7.976564E+3	207.718342E+0	207.730000E+0	1.237631E+0	58.000000E+0	19.667040E+6	19.667040E+6	2.698726E+6	2.698726E+6	1.000069E+0	
7.982050E+3	207.809547E+0	207.790000E+0	1.201057E+0	60.000000E+0	14.783609E+6	14.783609E+6	1.798915E+6	1.798915E+6	999.372000E-3	
7.987565E+3	207.900969E+0	207.930000E+0	1.055664E+0	60.000000E+0	17.716876E+6	17.716876E+6	2.244033E+6	2.244033E+6	999.409000E-3	
7.993098E+3	207.992891E+0	208.050000E+0	946.751502E-3	58.000000E+0	16.889037E+6	16.889037E+6	2.245795E+6	2.245795E+6	999.831000E-3	
7.998584E+3	208.085113E+0	208.130000E+0	982.233823E-3	58.000000E+0	10.141063E+6	10.141063E+6	1.310981E+6	1.310981E+6	999.706000E-3	
8.004073E+3	208.176551E+0	208.190000E+0	1.090395E+0	60.000000E+0	15.306367E+6	15.306367E+6	1.885601E+6	1.885601E+6	1.000118E+0	
8.009553E+3	208.268023E+0	208.330000E+0	1.199903E+0	56.000000E+0	15.180720E+6	15.180720E+6	1.917435E+6	1.917435E+6	999.954000E-3	
8.015035E+3	208.359362E+0	208.450000E+0	1.091651E+0	58.000000E+0	10.240885E+6	10.240885E+6	1.280233E+6	1.280233E+6	999.408000E-3	
8.020519E+3	208.450734E+0	208.590000E+0	983.557100E-3	56.000000E+0	22.094789E+6	22.094789E+6	2.817831E+6	2.817831E+6	1.000673E+0	
8.026029E+3	208.542122E+0	208.650000E+0	1.093242E+0	57.000000E+0	68.730261E+6	68.730261E+6	8.843267E+6	8.843267E+6	999.338000E-3	
8.031509E+3	208.633961E+0	208.730000E+0	1.312420E+0	57.000000E+0	12.228645E+6	12.228645E+6	1.511717E+6	1.511717E+6	998.958000E-3	
8.037030E+3	208.725299E+0	208.850000E+0	1.311989E+0	55.000000E+0	14.923603E+6	14.923603E+6	1.905091E+6	1.905091E+6	998.986000E-3	
8.042515E+3	208.817304E+0	208.930000E+0	1.092702E+0	58.000000E+0	14.959925E+6	14.959925E+6	1.850602E+6	1.850602E+6	999.323000E-3	
8.048016E+3	208.908726E+0	209.050000E+0	982.801367E-3	57.000000E+0	13.902517E+6	13.902517E+6	1.751440E+6	1.751440E+6	999.869000E-3	
8.053481E+3	209.000415E+0	209.130000E+0	983.365528E-3	58.000000E+0	12.535353E+6	12.535353E+6	1.623331E+6	1.623331E+6	999.193000E-3	
8.058963E+3	209.091487E+0	209.250000E+0	1.092735E+0	58.000000E+0	14.983086E+6	14.983086E+6	2.004759E+6	2.004759E+6	999.222000E-3	
8.064465E+3	209.182859E+0	209.330000E+0	1.091677E+0	58.000000E+0	10.623905E+6	10.623905E+6	1.445347E+6	1.445347E+6	999.497000E-3	
8.069895E+3	209.274564E+0	209.390000E+0	1.090980E+0	57.000000E+0	8.757441E+6	8.757441E+6	1.143889E+6	1.143889E+6	999.837000E-3	
8.075308E+3	209.365052E+0	209.530000E+0	1.090715E+0	58.000000E+0	19.094151E+6	19.094151E+6	2.465248E+6	2.465248E+6	999.006000E-3	
8.080726E+3	209.455274E+0	209.590000E+0	982.033381E-3	57.000000E+0	20.337805E+6	20.337805E+6	2.548322E+6	2.548322E+6	998.993000E-3	
8.086143E+3	209.545579E+0	209.660000E+0	982.563910E-3	58.000000E+0	14.348428E+6	14.348428E+6	1.751383E+6	1.751383E+6	999.368000E-3	
8.091618E+3	209.635851E+0	209.800000E+0	981.870801E-3	60.000000E+0	11.300294E+6	11.300294E+6	1.374385E+6	1.374385E+6	999.398000E-3	
8.097028E+3	209.727107E+0	209.860000E+0	963.460688E-3	58.000000E+0	-799.685600E+6	-799.685600E+6	-103.766440E+6	-103.766440E+6	999.607000E-3	
8.102465E+3	209.817278E+0	209.930000E+0	981.892203E-3	60.000000E+0	25.074711E+6	25.074711E+6	3.353943E+6	3.353943E+6	999.478000E-3	
8.107977E+3	209.907900E+0	210.000000E+0	982.056983E-3	59.000000E+0	21.799041E+6	21.799041E+6	3.062274E+6	3.062274E+6	1.000140E+0	
8.113391E+3	209.999755E+0	210.060000E+0	982.056973E-3	59.000000E+0	13.029674E+6	13.029674E+6	1.656273E+6	1.656273E+6	1.000679E+0	
8.118806E+3	210.089994E+0	210.140000E+0	854.385328E-3	61.000000E+0	20.253528E+6	20.253528E+6	2.557219E+6	2.557219E+6	998.904000E-3	
8.124219E+3	210.180249E+0	210.260000E+0	727.991037E-3	60.000000E+0	12.145850E+6	12.145850E+6	1.590617E+6	1.590617E+6	999.482000E-3	
8.129633E+3	210.270454E+0	210.340000E+0	745.778377E-3	59.000000E+0	20.389004E+6	20.389004E+6	2.773655E+6	2.773655E+6	999.469000E-3	
8.135045E+3	210.360693E+0	210.400000E+0	853.497381E-3	61.000000E+0	12.102591E+6	12.102591E+6	1.716116E+6	1.716116E+6	999.432000E-3	
8.140466E+3	210.450898E+0	210.460000E+0	980.353870E-3	61.000000E+0	14.301215E+6	14.301215E+6	1.947712E+6	1.947712E+6	1.000513E+0	
8.145884E+3	210.541236E+0	210.540000E+0	981.022900E-3	61.000000E+0	22.859324E+6	22.859324E+6	2.994334E+6	2.994334E+6	1.000324E+0	
8.151342E+3	210.631542E+0	210.680000E+0	836.726653E-3	60.000000E+0	13.771732E+6	13.771732E+6	1.711223E+6	1.711223E+6	999.690000E-3	
8.156760E+3	210.722513E+0	210.740000E+0	727.943156E-3	61.000000E+0	12.892737E+6	12.892737E+6	1.765871E+6	1.765871E+6	999.445000E-3	
8.162175E+3	210.812802E+0	210.880000E+0	873.836021E-3	60.000000E+0	12.926090E+6	12.926090E+6	1.768015E+6	1.768015E+6	999.316000E-3	
8.167605E+3	210.903057E+0	210.950000E+0	1.003258E+0	62.000000E+0	14.006770E+6	14.006770E+6	1.886724E+6	1.886724E+6	999.243000E-3	
8.173023E+3	210.993562E+0	211.010000E+0	1.095930E+0	61.000000E+0	21.666616E+6	21.666616E+6	3.023014E+6	3.023014E+6	1.000781E+0	
8.178436E+3	211.083867E+0	211.090000E+0	1.076207E+0	61.000000E+0	15.274255E+6	15.274255E+6	1.950738E+6	1.950738E+6	999.700000E-3	
8.183847E+3	211.174073E+0	211.210000E+0	953.898730E-3	62.000000E+0	13.278492E+6	13.278492E+6	1.864320E+6	1.864320E+6	1.000136E+0	
8.189296E+3	211.264261E+0	211.290000E+0	849.986136E-3	61.000000E+0	12.761254E+6	12.761254E+6	1.595837E+6	1.595837E+6	999.589000E-3	
8.194714E+3	211.355083E+0	211.350000E+0	833.278170E-3	61.000000E+0	18.660795E+6	18.660795E+6	2.540002E+6	2.540002E+6	1.000032E+0	
8.200129E+3	211.445371E+0	211.490000E+0	972.247534E-3	62.000000E+0	16.956249E+6	16.956249E+6	2.300651E+6	2.300651E+6	999.910000E-3	
8.205546E+3	211.535627E+0	211.560000E+0	984.022758E-3	61.000000E+0	25.612237E+6	25.612237E+6	3.646042E+6	3.646042E+6	998.365000E-3	
8.210974E+3	211.625915E+0	211.620000E+0	983.559735E-3	63.000000E+0	15.498125E+6	15.498125E+6	2.103478E+6	2.103478E+6	999.939000E-3	
8.216394E+3	211.716370E+0	211.760000E+0	1.000126E+0	65.000000E+0	12.244338E+6	12.244338E+6	1.574898E+6	1.574898E+6	999.138000E-3	
8.221806E+3	211.806709E+0	211.840000E+0	981.454215E-3	63.000000E+0	14.198111E+6	14.198111E+6	1.983856E+6	1.983856E+6	999.405000E-3	
8.227221E+3	211.896914E+0	211.900000E+0	982.149200E-3	63.000000E+0	16.637094E+6	16.637094E+6	2.319379E+6	2.319379E+6	999.723000E-3	
8.232635E+3	211.987152E+0	212.040000E+0	1.001542E+0	65.000000E+0	16.054327E+6	16.054327E+6	2.208869E+6	2.208869E+6	1.000024E+0	
8.238070E+3	212.077391E+0	212.110000E+0	1.019865E+0	63.000000E+0	19.727987E+6	19.727987E+6	2.792480E+6	2.792480E+6	998.828000E-3	
8.243484E+3	212.167979E+0	212.170000E+0	649.727884E-3	63.000000E+0	12.303926E+6	12.303926E+6	1.683110E+6	1.683110E+6	999.817000E-3	
8.248913E+3	212.258201E+0	212.310000E+0	242.803770E-3	64.000000E+0	16.235184E+6	16.235184E+6	2.000585E+6	2.000585E+6	999.925000E-3	
8.254348E+3	212.348690E+0	212.380000E+0	228.446145E-3	65.000000E+0	14.789178E+6	14.789178E+6	1.849021E+6	1.849021E+6	1.000340E+0	
8.259760E+3	212.439278E+0	212.520000E+0	597.426718E-3	63.000000E+0	-155.932866E+6	-155.932866E+6	-20.883980E+6	-20.883980E+6	1.001089E+0	
8.265233E+3	212.529483E+0	212.590000E+0	986.906373E-3	61.000000E+0	13.095154E+6	13.095154E+6	1.730593E+6	1.730593E+6	999.815000E-3	
8.270650E+3	212.620689E+0	212.720000E+0	1.128877E+0	65.000000E+0	21.506535E+6	21.506535E+6	2.801297E+6	2.801297E+6	1.000484E+0	
8.276065E+3	212.710977E+0	212.800000E+0	1.148069E+0	62.000000E+0	17.510712E+6	17.510712E+6	2.189253E+6	2.189253E+6	1.000387E+0	
8.281481E+3	212.801232E+0	212.860000E+0	1.129355E+0	63.000000E+0	14.986668E+6	14.986668E+6	1.891785E+6	1.891785E+6	999.311000E-3	
8.286918E+3	212.891488E+0	213.000000E+0	1.129390E+0	63.000000E+0	-131.405125E+6	-131.405125E+6	-17.258568E+6	-17.258568E+6	999.993000E-3	
8.292343E+3	212.982109E+0	213.070000E+0	1.002287E+0	62.000000E+0	17.496325E+6	17.496325E+6	2.401221E+6	2.401221E+6	999.915000E-3	
8.297758E+3	213.072531E+0	213.210000E+0	1.001491E+0	62.000000E+0	20.207835E+6	20.207835E+6	2.545768E+6	2.545768E+6	1.000692E+0	
8.303171E+3	213.162770E+0	213.270000E+0	1.000726E+0	63.000000E+0	18.060654E+6	18.060654E+6	2.238543E+6	2.238543E+6	1.000199E+0	
8.308589E+3	213.252992E+0	213.350000E+0	1.128805E+0	62.000000E+0	15.527404E+6	15.527404E+6	1.956175E+6	1.956175E+6	999.499000E-3	
8.314005E+3	213.343297E+0	213.480000E+0	1.130000E+0	64.000000E+0	26.731497E+6	26.731497E+6	3.492463E+6	3.492463E+6	999.758000E-3	
8.319421E+3	213.433552E+0	213.560000E+0	1.002723E+0	65.000000E+0	-14.312857E+9	-14.312857E+9	-2.034803E+9	-2.034803E+9	1.001900E+0	
8.324832E+3	213.523824E+0	213.690000E+0	1.000049E+0	65.000000E+0	15.421614E+6	15.421614E+6	1.949057E+6	1.949057E+6	999.629000E-3	
8.330240E+3	213.614012E+0	213.760000E+0	1.016243E+0	65.000000E+0	67.470937E+6	67.470937E+6	9.247111E+6	9.247111E+6	1.000594E+0	
8.335680E+3	213.704151E+0	213.830000E+0	1.144286E+0	62.000000E+0	25.125119E+6	25.125119E+6	3.428287E+6	3.428287E+6	1.000231E+0	
8.341098E+3	213.794806E+0	213.970000E+0	1.128612E+0	63.000000E+0	24.219729E+6	24.219729E+6	3.440034E+6	3.440034E+6	999.306000E-3	
8.346507E+3	213.885111E+0	214.040000E+0	1.003062E+0	63.000000E+0	19.207552E+6	19.207552E+6	2.486482E+6	2.486482E+6	999.561000E-3	
8.351928E+3	213.975266E+0	214.110000E+0	1.002714E+0	61.000000E+0	13.726674E+6	13.726674E+6	1.817182E+6	1.817182E+6	1.000400E+0	
8.357359E+3	214.065605E+0	214.180000E+0	1.019980E+0	64.000000E+0	30.833436E+6	30.833436E+6	3.836553E+6	3.836553E+6	998.695000E-3	
8.362772E+3	214.156127E+0	214.320000E+0	1.019817E+0	65.000000E+0	17.522734E+6	17.522734E+6	2.194373E+6	2.194373E+6	999.672000E-3	
8.368236E+3	214.246348E+0	214.390000E+0	893.098680E-3	62.000000E+0	14.797131E+6	14.797131E+6	2.013062E+6	2.013062E+6	1.000434E+0	
8.373652E+3	214.337404E+0	214.460000E+0	894.214417E-3	65.000000E+0	10.841124E+6	10.841124E+6	1.543319E+6	1.543319E+6	999.660000E-3	
8.379064E+3	214.427675E+0	214.590000E+0	1.021003E+0	65.000000E+0	15.395446E+6	15.395446E+6	2.159425E+6	2.159425E+6	1.000704E+0	
8.384481E+3	214.517881E+0	214.670000E+0	1.019219E+0	64.000000E+0	9.418270E+6	9.418270E+6	1.271869E+6	1.271869E+6	999.561000E-3	
8.389911E+3	214.608152E+0	214.740000E+0	999.246432E-3	65.000000E+0	14.138332E+6	14.138332E+6	1.892035E+6	1.892035E+6	1.000287E+0	
8.395385E+3	214.698658E+0	214.810000E+0	999.142106E-3	65.000000E+0	9.162389E+6	9.162389E+6	1.134059E+6	1.134059E+6	999.525000E-3	
8.400795E+3	214.789896E+0	214.940000E+0	1.017790E+0	63.000000E+0	12.070625E+6	12.070625E+6	1.735992E+6	1.735992E+6	1.000172E+0	
8.406207E+3	214.880068E+0	215.020000E+0	909.184832E-3	65.000000E+0	10.762066E+6	10.762066E+6	1.339921E+6	1.339921E+6	1.000334E+0	
8.411624E+3	214.970256E+0	215.090000E+0	890.428932E-3	65.000000E+0	16.713457E+6	16.713457E+6	2.144864E+6	2.144864E+6	999.799000E-3	
8.417055E+3	215.060545E+0	215.160000E+0	999.622518E-3	64.000000E+0	11.340894E+6	11.340894E+6	1.588120E+6	1.588120E+6	1.000040E+0	
8.422472E+3	215.151067E+0	215.230000E+0	1.018383E+0	66.000000E+0	10.913150E+6	10.913150E+6	1.346241E+6	1.346241E+6	999.208000E-3	
8.427926E+3	215.241339E+0	215.290000E+0	910.152638E-3	65.000000E+0	14.672198E+6	14.672198E+6	2.090120E+6	2.090120E+6	1.000057E+0	
8.433419E+3	215.332244E+0	215.370000E+0	782.840982E-3	65.000000E+0	11.513809E+6	11.513809E+6	1.517597E+6	1.517597E+6	999.744000E-3	
8.438917E+3	215.423799E+0	215.440000E+0	745.890952E-3	67.000000E+0	10.770537E+6	10.770537E+6	1.372694E+6	1.372694E+6	999.075000E-3	
8.444398E+3	215.515421E+0	215.580000E+0	746.216737E-3	66.000000E+0	13.894979E+6	13.894979E+6	1.822686E+6	1.822686E+6	999.049000E-3	
8.449873E+3	215.606776E+0	215.650000E+0	764.979749E-3	65.000000E+0	19.205895E+6	19.205895E+6	2.643271E+6	2.643271E+6	1.000243E+0	
8.455365E+3	215.698031E+0	215.720000E+0	910.979116E-3	66.000000E+0	11.630653E+6	11.630653E+6	1.537501E+6	1.537501E+6	999.422000E-3	
8.460897E+3	215.789553E+0	215.870000E+0	1.038581E+0	65.000000E+0	64.940883E+6	64.940883E+6	9.094130E+6	9.094130E+6	1.000739E+0	
8.466434E+3	215.881759E+0	215.930000E+0	1.020745E+0	66.000000E+0	21.734414E+6	21.734414E+6	2.928227E+6	2.928227E+6	998.479000E-3	
8.471934E+3	215.974047E+0	216.000000E+0	1.038848E+0	68.000000E+0	39.305808E+6	39.305808E+6	5.199633E+6	5.199633E+6	1.001512E+0	
8.477429E+3	216.065702E+0	216.080000E+0	1.038116E+0	68.000000E+0	45.212201E+6	45.212201E+6	5.664239E+6	5.664239E+6	1.000546E+0	
8.482912E+3	216.157291E+0	216.140000E+0	1.019753E+0	67.000000E+0	18.000522E+6	18.000522E+6	2.298632E+6	2.298632E+6	1.000649E+0	
8.488392E+3	216.248680E+0	216.290000E+0	892.426282E-3	68.000000E+0	14.052291E+6	14.052291E+6	1.837885E+6	1.837885E+6	999.961000E-3	
8.493889E+3	216.340001E+0	216.350000E+0	765.347103E-3	69.000000E+0	12.211182E+6	12.211182E+6	1.601716E+6	1.601716E+6	1.000340E+0	
8.499368E+3	216.431623E+0	216.430000E+0	911.103046E-3	67.000000E+0	14.804119E+6	14.804119E+6	1.915471E+6	1.915471E+6	999.130000E-3	
8.504848E+3	216.522945E+0	216.580000E+0	1.020640E+0	66.000000E+0	10.932283E+6	10.932283E+6	1.457460E+6	1.457460E+6	998.992000E-3	
8.510332E+3	216.614284E+0	216.640000E+0	1.020827E+0	68.000000E+0	13.317516E+6	13.317516E+6	1.911364E+6	1.911364E+6	1.000545E+0	
8.515817E+3	216.705672E+0	216.790000E+0	1.056509E+0	66.000000E+0	12.107690E+6	12.107690E+6	1.649425E+6	1.649425E+6	999.732000E-3	
8.521303E+3	216.797094E+0	216.790000E+0	1.055500E+0	70.000000E+0	16.274817E+6	16.274817E+6	2.163241E+6	2.163241E+6	1.001064E+0	
8.526791E+3	216.888533E+0	216.930000E+0	1.183090E+0	71.000000E+0	13.544461E+6	13.544461E+6	1.681513E+6	1.681513E+6	1.000123E+0	
8.532278E+3	216.979988E+0	217.000000E+0	1.038449E+0	66.000000E+0	10.945884E+6	10.945884E+6	1.414787E+6	1.414787E+6	999.797000E-3	
8.537765E+3	217.071443E+0	217.060000E+0	911.658365E-3	70.000000E+0	165.012685E+6	165.012685E+6	23.324720E+6	23.324720E+6	1.001627E+0	
8.543269E+3	217.162898E+0	217.140000E+0	911.344295E-3	72.000000E+0	12.603884E+6	12.603884E+6	1.799700E+6	1.799700E+6	999.488000E-3	
8.548757E+3	217.254620E+0	217.290000E+0	875.240268E-3	70.000000E+0	16.175069E+6	16.175069E+6	2.072218E+6	2.072218E+6	1.000428E+0	
8.554235E+3	217.346092E+0	217.350000E+0	876.242638E-3	68.000000E+0	15.579164E+6	15.579164E+6	2.201791E+6	2.201791E+6	998.936000E-3	
8.559754E+3	217.437398E+0	217.500000E+0	913.528840E-3	68.000000E+0	14.855498E+6	14.855498E+6	2.121273E+6	2.121273E+6	999.775000E-3	
8.565246E+3	217.529369E+0	217.560000E+0	1.059081E+0	70.000000E+0	11.579738E+6	11.579738E+6	1.518403E+6	1.518403E+6	998.984000E-3	
8.570729E+3	217.620908E+0	217.640000E+0	1.185947E+0	70.000000E+0	12.842490E+6	12.842490E+6	1.833483E+6	1.833483E+6	999.531000E-3	
8.576225E+3	217.712297E+0	217.710000E+0	1.149045E+0	67.000000E+0	19.586685E+6	19.586685E+6	2.581751E+6	2.581751E+6	1.000292E+0	
8.581705E+3	217.803885E+0	217.850000E+0	1.020815E+0	68.000000E+0	9.126000E+6	9.126000E+6	1.295905E+6	1.295905E+6	999.297000E-3	
8.587191E+3	217.895224E+0	217.920000E+0	910.934631E-3	70.000000E+0	17.789812E+6	17.789812E+6	2.425618E+6	2.425618E+6	1.000499E+0	
8.592674E+3	217.986662E+0	218.000000E+0	910.515866E-3	67.000000E+0	14.761737E+6	14.761737E+6	2.064742E+6	2.064742E+6	999.222000E-3	
8.598158E+3	218.078051E+0	218.140000E+0	1.038781E+0	68.000000E+0	12.682708E+6	12.682708E+6	1.800269E+6	1.800269E+6	1.000412E+0	
8.603636E+3	218.169439E+0	218.280000E+0	1.039303E+0	70.000000E+0	10.151874E+6	10.151874E+6	1.376472E+6	1.376472E+6	999.655000E-3	
8.609148E+3	218.260745E+0	218.360000E+0	1.057159E+0	68.000000E+0	44.783527E+6	44.783527E+6	6.460217E+6	6.460217E+6	1.000464E+0	
8.614662E+3	218.352617E+0	218.420000E+0	1.184470E+0	68.000000E+0	20.951468E+6	20.951468E+6	2.657547E+6	2.657547E+6	999.385000E-3	
8.620175E+3	218.444505E+0	218.500000E+0	1.311438E+0	68.000000E+0	21.494256E+6	21.494256E+6	3.070799E+6	3.070799E+6	999.053000E-3	
8.625658E+3	218.536394E+0	218.650000E+0	1.165066E+0	69.000000E+0	9.163320E+6	9.163320E+6	1.273303E+6	1.273303E+6	999.260000E-3	
8.631150E+3	218.627782E+0	218.710000E+0	909.050082E-3	68.000000E+0	13.619722E+6	13.619722E+6	1.730290E+6	1.730290E+6	999.960000E-3	
8.636638E+3	218.719304E+0	218.860000E+0	926.643595E-3	70.000000E+0	15.669098E+6	15.669098E+6	2.018582E+6	2.018582E+6	1.000942E+0	
8.642126E+3	218.810776E+0	218.930000E+0	1.054394E+0	70.000000E+0	25.442679E+6	25.442679E+6	3.442726E+6	3.442726E+6	999.134000E-3	
8.647609E+3	218.902248E+0	219.150000E+0	1.182960E+0	69.000000E+0	83.293516E+6	83.293516E+6	10.299302E+6	10.299302E+6	1.002021E+0	
8.653094E+3	218.993620E+0	219.150000E+0	1.166279E+0	70.000000E+0	16.158994E+6	16.158994E+6	2.226153E+6	2.226153E+6	998.949000E-3	
8.658576E+3	219.085042E+0	219.220000E+0	1.313194E+0	71.000000E+0	20.819071E+6	20.819071E+6	2.782185E+6	2.782185E+6	999.940000E-3	
8.664091E+3	219.176414E+0	219.290000E+0	1.330194E+0	69.000000E+0	13.854984E+6	13.854984E+6	1.777896E+6	1.777896E+6	999.360000E-3	
8.669597E+3	219.268319E+0	219.370000E+0	1.056073E+0	70.000000E+0	11.116941E+6	11.116941E+6	1.397431E+6	1.397431E+6	1.000080E+0	
8.675102E+3	219.360091E+0	219.430000E+0	782.612229E-3	70.000000E+0	13.481460E+6	13.481460E+6	1.708055E+6	1.708055E+6	999.111000E-3	
8.680583E+3	219.451846E+0	219.580000E+0	656.219408E-3	70.000000E+0	11.851667E+6	11.851667E+6	1.495826E+6	1.495826E+6	998.977000E-3	
8.686069E+3	219.543185E+0	219.660000E+0	783.971618E-3	72.000000E+0	38.421168E+6	38.421168E+6	4.889141E+6	4.889141E+6	1.000103E+0	
8.691549E+3	219.634623E+0	219.730000E+0	909.685826E-3	69.000000E+0	19.855567E+6	19.855567E+6	2.747319E+6	2.747319E+6	1.000522E+0	
8.697023E+3	219.725962E+0	219.790000E+0	1.053617E+0	70.000000E+0	12.533024E+6	12.533024E+6	1.777713E+6	1.777713E+6	999.634000E-3	
8.702503E+3	219.817200E+0	219.940000E+0	1.072030E+0	70.000000E+0	12.583602E+6	12.583602E+6	1.689311E+6	1.689311E+6	1.000648E+0	
8.708042E+3	219.908522E+0	220.020000E+0	927.949361E-3	69.000000E+0	11.697109E+6	11.697109E+6	1.494906E+6	1.494906E+6	999.518000E-3	
8.713545E+3	220.000844E+0	220.090000E+0	893.306077E-3	70.000000E+0	27.957227E+6	27.957227E+6	3.605379E+6	3.605379E+6	1.000030E+0	
8.719024E+3	220.092566E+0	220.240000E+0	1.039621E+0	71.000000E+0	15.393995E+6	15.393995E+6	2.154885E+6	2.154885E+6	999.840000E-3	
8.724530E+3	220.183871E+0	220.320000E+0	1.076175E+0	71.000000E+0	18.571362E+6	18.571362E+6	2.439296E+6	2.439296E+6	1.000625E+0	
8.730021E+3	220.275643E+0	220.450000E+0	1.094227E+0	70.000000E+0	10.854265E+6	10.854265E+6	1.370105E+6	1.370105E+6	1.000112E+0	
8.735501E+3	220.367165E+0	220.530000E+0	1.093807E+0	70.000000E+0	11.995091E+6	11.995091E+6	1.565805E+6	1.565805E+6	999.311000E-3	
8.740986E+3	220.458487E+0	220.600000E+0	1.202930E+0	69.000000E+0	12.448606E+6	12.448606E+6	1.667500E+6	1.667500E+6	1.000121E+0	
8.746467E+3	220.549909E+0	220.680000E+0	1.183694E+0	72.000000E+0	10.676584E+6	10.676584E+6	1.469870E+6	1.469870E+6	999.435000E-3	
8.751954E+3	220.641264E+0	220.750000E+0	1.036882E+0	72.000000E+0	11.056722E+6	11.056722E+6	1.440600E+6	1.440600E+6	999.196000E-3	
8.757434E+3	220.732703E+0	220.830000E+0	927.508547E-3	71.000000E+0	9.607022E+6	9.607022E+6	1.330330E+6	1.330330E+6	1.000091E+0	
8.762903E+3	220.824041E+0	220.890000E+0	815.612729E-3	72.000000E+0	25.926302E+6	25.926302E+6	3.404702E+6	3.404702E+6	1.000496E+0	
8.768416E+3	220.915196E+0	221.040000E+0	812.601945E-3	73.000000E+0	10.312807E+6	10.312807E+6	1.480337E+6	1.480337E+6	999.311000E-3	
8.773937E+3	221.007068E+0	221.110000E+0	793.805261E-3	72.000000E+0	14.045522E+6	14.045522E+6	2.019421E+6	2.019421E+6	999.058000E-3	
8.779418E+3	221.099090E+0	221.190000E+0	905.527651E-3	72.000000E+0	14.948751E+6	14.948751E+6	2.088184E+6	2.088184E+6	999.324000E-3	
8.784902E+3	221.190446E+0	221.260000E+0	1.034794E+0	70.000000E+0	12.533877E+6	12.533877E+6	1.746731E+6	1.746731E+6	999.326000E-3	
8.790396E+3	221.281851E+0	221.400000E+0	1.050905E+0	72.000000E+0	12.570117E+6	12.570117E+6	1.776704E+6	1.776704E+6	999.450000E-3	
8.795873E+3	221.373406E+0	221.490000E+0	939.936845E-3	72.000000E+0	14.446419E+6	14.446419E+6	2.033331E+6	2.033331E+6	1.000559E+0	
8.801352E+3	221.464695E+0	221.630000E+0	921.020370E-3	72.000000E+0	16.109463E+6	16.109463E+6	2.150688E+6	2.150688E+6	999.270000E-3	
8.806853E+3	221.556016E+0	221.700000E+0	1.065775E+0	72.000000E+0	33.961735E+6	33.961735E+6	4.302321E+6	4.302321E+6	998.475000E-3	
8.812336E+3	221.647688E+0	221.770000E+0	1.211571E+0	72.000000E+0	17.304570E+6	17.304570E+6	2.178231E+6	2.178231E+6	999.685000E-3	
8.817813E+3	221.739077E+0	221.850000E+0	1.213504E+0	74.000000E+0	16.799614E+6	16.799614E+6	2.425997E+6	2.425997E+6	1.000417E+0	
8.823308E+3	221.830365E+0	221.920000E+0	1.052155E+0	71.000000E+0	11.136839E+6	11.136839E+6	1.417163E+6	1.417163E+6	999.754000E-3	
8.828786E+3	221.921937E+0	222.070000E+0	908.747892E-3	73.000000E+0	9.976348E+6	9.976348E+6	1.303737E+6	1.303737E+6	999.231000E-3	
8.834268E+3	222.013243E+0	222.150000E+0	800.968220E-3	71.000000E+0	427.853419E+6	427.853419E+6	54.099915E+6	54.099915E+6	1.001177E+0	
8.839770E+3	222.104614E+0	222.220000E+0	947.478299E-3	74.000000E+0	13.440733E+6	13.440733E+6	1.706189E+6	1.706189E+6	1.000797E+0	
8.845202E+3	222.196303E+0	222.300000E+0	1.091678E+0	72.000000E+0	12.014492E+6	12.014492E+6	1.680368E+6	1.680368E+6	999.005000E-3	
8.850671E+3	222.286842E+0	222.360000E+0	1.090359E+0	74.000000E+0	15.579380E+6	15.579380E+6	2.019407E+6	2.019407E+6	999.573000E-3	
8.856156E+3	222.377997E+0	222.510000E+0	963.329254E-3	73.000000E+0	34.563498E+6	34.563498E+6	4.476988E+6	4.476988E+6	999.922000E-3	
8.861633E+3	222.469402E+0	222.590000E+0	801.486208E-3	75.000000E+0	21.210435E+6	21.210435E+6	2.755316E+6	2.755316E+6	1.000072E+0	
8.867114E+3	222.560691E+0	222.660000E+0	912.153780E-3	73.000000E+0	42.623945E+6	42.623945E+6	5.468651E+6	5.468651E+6	1.000384E+0	
8.872592E+3	222.652046E+0	222.730000E+0	1.058419E+0	73.000000E+0	44.739267E+6	44.739267E+6	5.774989E+6	5.774989E+6	1.000370E+0	
8.878069E+3	222.743351E+0	222.880000E+0	1.076584E+0	71.000000E+0	17.548709E+6	17.548709E+6	2.404068E+6	2.404068E+6	999.399000E-3	
8.883535E+3	222.834623E+0	222.960000E+0	947.531205E-3	72.000000E+0	10.930206E+6	10.930206E+6	1.386779E+6	1.386779E+6	999.458000E-3	
8.889024E+3	222.925728E+0	223.030000E+0	926.517383E-3	74.000000E+0	12.006544E+6	12.006544E+6	1.552885E+6	1.552885E+6	999.905000E-3	
8.894505E+3	223.017217E+0	223.110000E+0	1.071333E+0	72.000000E+0	11.992789E+6	11.992789E+6	1.592558E+6	1.592558E+6	999.479000E-3	
8.900028E+3	223.108555E+0	223.180000E+0	1.090389E+0	73.000000E+0	11.716250E+6	11.716250E+6	1.501696E+6	1.501696E+6	999.279000E-3	
8.905510E+3	223.200610E+0	223.330000E+0	964.839598E-3	72.000000E+0	11.531603E+6	11.531603E+6	1.548712E+6	1.548712E+6	999.444000E-3	
8.910991E+3	223.291982E+0	223.410000E+0	819.426523E-3	72.000000E+0	12.202638E+6	12.202638E+6	1.668168E+6	1.668168E+6	999.274000E-3	
8.916477E+3	223.383321E+0	223.480000E+0	946.507582E-3	72.000000E+0	22.046540E+6	22.046540E+6	3.203267E+6	3.203267E+6	1.000472E+0	
8.921966E+3	223.474760E+0	223.560000E+0	1.092842E+0	75.000000E+0	13.500770E+6	13.500770E+6	1.748746E+6	1.748746E+6	999.867000E-3	
8.927441E+3	223.566248E+0	223.630000E+0	1.093539E+0	74.000000E+0	32.304908E+6	32.304908E+6	4.484404E+6	4.484404E+6	1.000483E+0	
8.932923E+3	223.657487E+0	223.710000E+0	966.656992E-3	74.000000E+0	11.318391E+6	11.318391E+6	1.600631E+6	1.600631E+6	1.000093E+0	
8.938422E+3	223.748859E+0	223.850000E+0	820.696608E-3	74.000000E+0	11.461873E+6	11.461873E+6	1.605973E+6	1.605973E+6	1.000163E+0	
8.943900E+3	223.840514E+0	223.930000E+0	820.596807E-3	74.000000E+0	10.725577E+6	10.725577E+6	1.533113E+6	1.533113E+6	999.302000E-3	
8.949402E+3	223.931802E+0	224.000000E+0	948.428196E-3	74.000000E+0	28.519829E+6	28.519829E+6	3.984501E+6	3.984501E+6	999.620000E-3	
8.954890E+3	224.023508E+0	224.150000E+0	1.075675E+0	74.000000E+0	13.937275E+6	13.937275E+6	1.850508E+6	1.850508E+6	1.000557E+0	
8.960361E+3	224.114979E+0	224.230000E+0	1.075251E+0	75.000000E+0	13.886844E+6	13.886844E+6	1.823553E+6	1.823553E+6	1.000686E+0	
8.965869E+3	224.206151E+0	224.300000E+0	1.074995E+0	76.000000E+0	8.771161E+6	8.771161E+6	1.257215E+6	1.257215E+6	1.000614E+0	
8.971355E+3	224.297957E+0	224.380000E+0	1.092831E+0	76.000000E+0	55.080066E+6	55.080066E+6	6.994102E+6	6.994102E+6	1.000254E+0	
8.976842E+3	224.389395E+0	224.450000E+0	1.092856E+0	76.000000E+0	12.912878E+6	12.912878E+6	1.830652E+6	1.830652E+6	999.715000E-3	
8.982341E+3	224.480850E+0	224.530000E+0	965.305562E-3	76.000000E+0	21.246240E+6	21.246240E+6	2.998229E+6	2.998229E+6	1.000273E+0	
8.987820E+3	224.572489E+0	224.600000E+0	820.223283E-3	75.000000E+0	17.790878E+6	17.790878E+6	2.460231E+6	2.460231E+6	1.000559E+0	
8.993336E+3	224.663811E+0	224.750000E+0	819.776376E-3	76.000000E+0	10.850776E+6	10.850776E+6	1.497177E+6	1.497177E+6	999.248000E-3	
8.998817E+3	224.755749E+0	224.830000E+0	818.213749E-3	76.000000E+0	12.578250E+6	12.578250E+6	1.713431E+6	1.713431E+6	999.342000E-3	
9.004334E+3	224.847088E+0	224.900000E+0	944.986116E-3	80.000000E+0	18.851347E+6	18.851347E+6	2.589387E+6	2.589387E+6	1.000441E+0	
9.009831E+3	224.939043E+0	224.980000E+0	1.091754E+0	78.000000E+0	12.191059E+6	12.191059E+6	1.748536E+6	1.748536E+6	999.423000E-3	
9.015306E+3	225.030665E+0	225.050000E+0	1.093266E+0	78.000000E+0	11.316995E+6	11.316995E+6	1.649898E+6	1.649898E+6	999.517000E-3	
9.020786E+3	225.121904E+0	225.140000E+0	966.668697E-3	76.000000E+0	17.957587E+6	17.957587E+6	2.568263E+6	2.568263E+6	1.000058E+0	
9.026268E+3	225.213242E+0	225.200000E+0	821.021205E-3	78.000000E+0	10.379923E+6	10.379923E+6	1.404528E+6	1.404528E+6	999.898000E-3	
9.031750E+3	225.304614E+0	225.360000E+0	838.485692E-3	78.000000E+0	14.206064E+6	14.206064E+6	1.869637E+6	1.869637E+6	1.000391E+0	
9.037227E+3	225.395969E+0	225.440000E+0	837.465606E-3	78.000000E+0	12.538372E+6	12.538372E+6	1.625803E+6	1.625803E+6	999.559000E-3	
9.042727E+3	225.487258E+0	225.510000E+0	963.199953E-3	79.000000E+0	16.112705E+6	16.112705E+6	2.083870E+6	2.083870E+6	1.000599E+0	
9.048205E+3	225.578930E+0	225.590000E+0	1.108210E+0	78.000000E+0	18.642088E+6	18.642088E+6	2.478689E+6	2.478689E+6	1.000148E+0	
9.053689E+3	225.670218E+0	225.740000E+0	1.109155E+0	78.000000E+0	12.695032E+6	12.695032E+6	1.704083E+6	1.704083E+6	999.226000E-3	
9.059160E+3	225.761624E+0	225.810000E+0	983.345983E-3	79.000000E+0	11.390294E+6	11.390294E+6	1.497024E+6	1.497024E+6	999.840000E-3	
9.064661E+3	225.852812E+0	225.880000E+0	965.940504E-3	78.000000E+0	15.043321E+6	15.043321E+6	1.948922E+6	1.948922E+6	1.000080E+0	
9.070143E+3	225.944501E+0	226.030000E+0	1.092540E+0	78.000000E+0	11.764061E+6	11.764061E+6	1.493683E+6	1.493683E+6	999.357000E-3	
9.075639E+3	226.035856E+0	226.110000E+0	1.074012E+0	78.000000E+0	14.237824E+6	14.237824E+6	1.867462E+6	1.867462E+6	999.780000E-3	
9.081123E+3	226.127461E+0	226.270000E+0	1.055122E+0	79.000000E+0	8.969075E+6	8.969075E+6	1.282635E+6	1.282635E+6	999.155000E-3	
9.086610E+3	226.218866E+0	226.340000E+0	1.073048E+0	80.000000E+0	28.226516E+6	28.226516E+6	3.681034E+6	3.681034E+6	1.000630E+0	
9.092121E+3	226.310305E+0	226.420000E+0	1.255656E+0	78.000000E+0	9.722645E+6	9.722645E+6	1.406262E+6	1.406262E+6	999.974000E-3	
9.097604E+3	226.402160E+0	226.570000E+0	1.275538E+0	78.000000E+0	13.018054E+6	13.018054E+6	1.730756E+6	1.730756E+6	999.396000E-3	
9.103083E+3	226.493549E+0	226.640000E+0	1.131212E+0	77.000000E+0	14.392280E+6	14.392280E+6	1.895555E+6	1.895555E+6	1.001127E+0	
9.108573E+3	226.584854E+0	226.790000E+0	1.113162E+0	77.000000E+0	14.635489E+6	14.635489E+6	2.078305E+6	2.078305E+6	1.000482E+0	
9.114060E+3	226.676359E+0	226.880000E+0	1.094152E+0	80.000000E+0	17.187853E+6	17.187853E+6	2.245869E+6	2.245869E+6	998.958000E-3	
9.119545E+3	226.767815E+0	226.950000E+0	1.220771E+0	79.000000E+0	17.422528E+6	17.422528E+6	2.460890E+6	2.460890E+6	1.000750E+0	
9.125029E+3	226.859220E+0	227.030000E+0	1.238662E+0	78.000000E+0	14.489127E+6	14.489127E+6	1.952422E+6	1.952422E+6	999.460000E-3	
9.130510E+3	226.950625E+0	227.100000E+0	1.130136E+0	77.000000E+0	12.706917E+6	12.706917E+6	1.669810E+6	1.669810E+6	999.399000E-3	
9.136001E+3	227.041980E+0	227.180000E+0	1.003418E+0	80.000000E+0	9.963207E+6	9.963207E+6	1.443608E+6	1.443608E+6	999.210000E-3	
9.141484E+3	227.133485E+0	227.250000E+0	838.576872E-3	78.000000E+0	10.446703E+6	10.446703E+6	1.421397E+6	1.421397E+6	999.645000E-3	
9.146963E+3	227.224874E+0	227.400000E+0	819.180145E-3	81.000000E+0	10.205840E+6	10.205840E+6	1.365395E+6	1.365395E+6	999.560000E-3	
9.152439E+3	227.316196E+0	227.490000E+0	818.955522E-3	81.000000E+0	95.574212E+6	95.574212E+6	12.950287E+6	12.950287E+6	1.000662E+0	
9.157923E+3	227.407468E+0	227.560000E+0	946.267268E-3	81.000000E+0	13.448466E+6	13.448466E+6	1.905898E+6	1.905898E+6	999.490000E-3	
9.163466E+3	227.498856E+0	227.640000E+0	1.110048E+0	80.000000E+0	8.732372E+6	8.732372E+6	1.205609E+6	1.205609E+6	999.682000E-3	
9.168944E+3	227.591245E+0	227.720000E+0	1.128362E+0	80.000000E+0	13.778356E+6	13.778356E+6	1.924329E+6	1.924329E+6	1.000722E+0	
9.174424E+3	227.682550E+0	227.790000E+0	1.001796E+0	81.000000E+0	13.275897E+6	13.275897E+6	1.817683E+6	1.817683E+6	999.144000E-3	
9.179914E+3	227.773872E+0	227.880000E+0	857.119342E-3	81.000000E+0	12.206184E+6	12.206184E+6	1.661713E+6	1.661713E+6	1.000663E+0	
9.185394E+3	227.865377E+0	227.950000E+0	838.830634E-3	78.000000E+0	11.034246E+6	11.034246E+6	1.497005E+6	1.497005E+6	999.482000E-3	
9.190874E+3	227.956716E+0	228.100000E+0	857.174255E-3	81.000000E+0	25.255564E+6	25.255564E+6	3.400107E+6	3.400107E+6	998.605000E-3	
9.196371E+3	228.048038E+0	228.190000E+0	857.307321E-3	81.000000E+0	10.394726E+6	10.394726E+6	1.371767E+6	1.371767E+6	999.349000E-3	
9.201858E+3	228.139660E+0	228.260000E+0	985.065486E-3	81.000000E+0	10.261563E+6	10.261563E+6	1.495979E+6	1.495979E+6	999.271000E-3	
9.207346E+3	228.231115E+0	228.340000E+0	1.130816E+0	81.000000E+0	15.706615E+6	15.706615E+6	2.102459E+6	2.102459E+6	999.569000E-3	
9.212838E+3	228.322570E+0	228.490000E+0	1.130843E+0	81.000000E+0	30.387102E+6	30.387102E+6	3.978062E+6	3.978062E+6	1.001255E+0	
9.218317E+3	228.414109E+0	228.560000E+0	1.002512E+0	80.000000E+0	19.240939E+6	19.240939E+6	2.580846E+6	2.580846E+6	1.000144E+0	
9.223800E+3	228.505431E+0	228.650000E+0	983.322880E-3	78.000000E+0	24.072482E+6	24.072482E+6	3.317196E+6	3.317196E+6	999.008000E-3	
9.229288E+3	228.596802E+0	228.720000E+0	1.092237E+0	79.000000E+0	10.523074E+6	10.523074E+6	1.512582E+6	1.512582E+6	999.692000E-3	
9.234771E+3	228.688274E+0	228.870000E+0	1.110886E+0	81.000000E+0	15.494719E+6	15.494719E+6	2.255510E+6	2.255510E+6	1.000494E+0	
9.240257E+3	228.779663E+0	228.950000E+0	984.164565E-3	79.000000E+0	12.036727E+6	12.036727E+6	1.600338E+6	1.600338E+6	1.000252E+0	
9.245740E+3	228.871085E+0	229.030000E+0	984.018564E-3	78.000000E+0	11.938062E+6	11.938062E+6	1.578826E+6	1.578826E+6	1.000529E+0	
9.251232E+3	228.962473E+0	229.110000E+0	1.111750E+0	81.000000E+0	14.925060E+6	14.925060E+6	2.140909E+6	2.140909E+6	999.382000E-3	
9.256733E+3	229.054012E+0	229.180000E+0	1.111325E+0	79.000000E+0	11.199686E+6	11.199686E+6	1.573738E+6	1.573738E+6	999.796000E-3	
9.262216E+3	229.145701E+0	229.330000E+0	1.002052E+0	81.000000E+0	14.643646E+6	14.643646E+6	2.054198E+6	2.054198E+6	1.000161E+0	
9.267693E+3	229.237072E+0	229.420000E+0	856.294126E-3	81.000000E+0	10.831622E+6	10.831622E+6	1.376524E+6	1.376524E+6	999.867000E-3	
9.273178E+3	229.328361E+0	229.490000E+0	965.246170E-3	80.000000E+0	11.327699E+6	11.327699E+6	1.629551E+6	1.629551E+6	999.896000E-3	
9.278660E+3	229.419783E+0	229.570000E+0	1.110467E+0	78.000000E+0	11.702425E+6	11.702425E+6	1.670035E+6	1.670035E+6	998.919000E-3	
9.284139E+3	229.511138E+0	229.640000E+0	1.128679E+0	79.000000E+0	15.423547E+6	15.423547E+6	2.153524E+6	2.153524E+6	1.000217E+0	
9.289649E+3	229.602460E+0	229.730000E+0	1.002268E+0	80.000000E+0	24.984291E+6	24.984291E+6	3.526952E+6	3.526952E+6	1.000371E+0	
9.295164E+3	229.694299E+0	229.880000E+0	839.458154E-3	79.000000E+0	15.903310E+6	15.903310E+6	2.330004E+6	2.330004E+6	999.364000E-3	
9.300645E+3	229.786204E+0	229.970000E+0	839.378359E-3	81.000000E+0	30.920909E+6	30.920909E+6	4.424910E+6	4.424910E+6	999.673000E-3	
9.306128E+3	229.877559E+0	230.040000E+0	1.002814E+0	79.000000E+0	15.948478E+6	15.948478E+6	2.085864E+6	2.085864E+6	1.000767E+0	
9.311618E+3	229.968948E+0	230.120000E+0	1.166739E+0	79.000000E+0	12.951360E+6	12.951360E+6	1.848944E+6	1.848944E+6	999.845000E-3	
9.317104E+3	230.060436E+0	230.280000E+0	1.166952E+0	81.000000E+0	8.789229E+6	8.789229E+6	1.191057E+6	1.191057E+6	999.599000E-3	
9.322590E+3	230.151875E+0	230.350000E+0	1.003316E+0	81.000000E+0	10.959667E+6	10.959667E+6	1.458578E+6	1.458578E+6	999.412000E-3	
9.328076E+3	230.243313E+0	230.430000E+0	1.003836E+0	81.000000E+0	23.820267E+6	23.820267E+6	3.425498E+6	3.425498E+6	1.000213E+0	
9.333576E+3	230.334735E+0	230.500000E+0	1.131899E+0	81.000000E+0	8.887130E+6	8.887130E+6	1.227254E+6	1.227254E+6	999.891000E-3	
9.339057E+3	230.426407E+0	230.660000E+0	1.131899E+0	79.000000E+0	9.452429E+6	9.452429E+6	1.276562E+6	1.276562E+6	1.000067E+0	
9.344560E+3	230.517762E+0	230.740000E+0	966.632277E-3	82.000000E+0	9.993611E+6	9.993611E+6	1.315738E+6	1.315738E+6	999.561000E-3	
9.350033E+3	230.609484E+0	230.820000E+0	965.408720E-3	81.000000E+0	9.532049E+6	9.532049E+6	1.402978E+6	1.402978E+6	999.340000E-3	
9.355535E+3	230.700689E+0	230.900000E+0	1.128289E+0	80.000000E+0	11.333337E+6	11.333337E+6	1.508717E+6	1.508717E+6	999.147000E-3	
9.361026E+3	230.792395E+0	230.970000E+0	1.145327E+0	81.000000E+0	53.385256E+6	53.385256E+6	7.238937E+6	7.238937E+6	999.372000E-3	
9.366513E+3	230.883917E+0	231.060000E+0	1.016845E+0	81.000000E+0	10.250056E+6	10.250056E+6	1.462525E+6	1.462525E+6	999.483000E-3	
9.372022E+3	230.975355E+0	231.140000E+0	852.945189E-3	81.000000E+0	12.894917E+6	12.894917E+6	1.754826E+6	1.754826E+6	999.485000E-3	
9.377563E+3	231.067177E+0	231.210000E+0	854.318574E-3	81.000000E+0	20.415331E+6	20.415331E+6	2.742669E+6	2.742669E+6	998.718000E-3	
9.383068E+3	231.159532E+0	231.300000E+0	874.177727E-3	83.000000E+0	9.649566E+6	9.649566E+6	1.271446E+6	1.271446E+6	999.502000E-3	
9.388556E+3	231.251271E+0	231.450000E+0	874.898203E-3	81.000000E+0	12.067838E+6	12.067838E+6	1.544581E+6	1.544581E+6	999.217000E-3	
9.394042E+3	231.342743E+0	231.520000E+0	874.659577E-3	81.000000E+0	9.933168E+6	9.933168E+6	1.358088E+6	1.358088E+6	999.674000E-3	
9.399526E+3	231.434181E+0	231.610000E+0	1.001449E+0	81.000000E+0	11.413295E+6	11.413295E+6	1.633626E+6	1.633626E+6	1.000147E+0	
9.405028E+3	231.525570E+0	231.680000E+0	1.128907E+0	81.000000E+0	11.660506E+6	11.660506E+6	1.553819E+6	1.553819E+6	999.422000E-3	
9.410513E+3	231.617275E+0	231.770000E+0	1.129092E+0	82.000000E+0	11.317376E+6	11.317376E+6	1.551558E+6	1.551558E+6	1.000456E+0	
9.416041E+3	231.708697E+0	231.840000E+0	983.023921E-3	82.000000E+0	23.438676E+6	23.438676E+6	3.406953E+6	3.406953E+6	998.722000E-3	
9.421554E+3	231.800819E+0	231.920000E+0	872.969014E-3	83.000000E+0	7.969805E+6	7.969805E+6	1.079557E+6	1.079557E+6	999.573000E-3	
9.427072E+3	231.892708E+0	232.010000E+0	873.022070E-3	81.000000E+0	20.048817E+6	20.048817E+6	2.587208E+6	2.587208E+6	1.000035E+0	
9.432578E+3	231.984680E+0	232.080000E+0	855.912992E-3	83.000000E+0	23.454967E+6	23.454967E+6	3.434051E+6	3.434051E+6	1.001058E+0	
9.438085E+3	232.076435E+0	232.240000E+0	874.732515E-3	84.000000E+0	9.779824E+6	9.779824E+6	1.333128E+6	1.333128E+6	999.498000E-3	
9.443577E+3	232.168223E+0	232.320000E+0	874.599886E-3	84.000000E+0	14.008412E+6	14.008412E+6	1.897404E+6	1.897404E+6	999.220000E-3	
9.449134E+3	232.259762E+0	232.390000E+0	1.020221E+0	84.000000E+0	12.259696E+6	12.259696E+6	1.731601E+6	1.731601E+6	1.000146E+0	
9.454634E+3	232.352384E+0	232.480000E+0	1.148412E+0	81.000000E+0	11.051399E+6	11.051399E+6	1.594593E+6	1.594593E+6	999.599000E-3	
9.460127E+3	232.444039E+0	232.550000E+0	1.130457E+0	83.000000E+0	8.684936E+6	8.684936E+6	1.168614E+6	1.168614E+6	999.115000E-3	
9.465636E+3	232.535594E+0	232.640000E+0	1.002396E+0	84.000000E+0	10.405684E+6	10.405684E+6	1.531737E+6	1.531737E+6	999.570000E-3	
9.471146E+3	232.627416E+0	232.720000E+0	856.391931E-3	84.000000E+0	11.482529E+6	11.482529E+6	1.495077E+6	1.495077E+6	999.669000E-3	
9.476632E+3	232.719238E+0	232.790000E+0	874.904922E-3	85.000000E+0	11.528603E+6	11.528603E+6	1.487559E+6	1.487559E+6	999.991000E-3	
9.482135E+3	232.810677E+0	232.950000E+0	892.858769E-3	85.000000E+0	9.383055E+6	9.383055E+6	1.279636E+6	1.279636E+6	999.483000E-3	
9.487643E+3	232.902399E+0	233.040000E+0	874.025992E-3	88.000000E+0	14.441816E+6	14.441816E+6	2.050414E+6	2.050414E+6	1.000529E+0	
9.493137E+3	232.994187E+0	233.110000E+0	1.001812E+0	85.000000E+0	47.530674E+6	47.530674E+6	6.087068E+6	6.087068E+6	1.000996E+0	
9.498614E+3	233.085759E+0	233.190000E+0	1.148721E+0	85.000000E+0	11.237067E+6	11.237067E+6	1.548563E+6	1.548563E+6	999.200000E-3	
9.504105E+3	233.177048E+0	233.260000E+0	1.167740E+0	86.000000E+0	11.566840E+6	11.566840E+6	1.643529E+6	1.643529E+6	1.000763E+0	
9.509584E+3	233.268553E+0	233.350000E+0	1.021789E+0	85.000000E+0	18.397297E+6	18.397297E+6	2.732305E+6	2.732305E+6	1.000445E+0	
9.515061E+3	233.359875E+0	233.440000E+0	839.143412E-3	87.000000E+0	13.169594E+6	13.169594E+6	1.891831E+6	1.891831E+6	1.000099E+0	
9.520554E+3	233.451163E+0	233.510000E+0	838.770964E-3	86.000000E+0	8.566367E+6	8.566367E+6	1.195031E+6	1.195031E+6	999.438000E-3	
9.526033E+3	233.542702E+0	233.670000E+0	893.382574E-3	88.000000E+0	10.351346E+6	10.351346E+6	1.396158E+6	1.396158E+6	999.526000E-3	
9.531530E+3	233.634024E+0	233.750000E+0	911.777764E-3	89.000000E+0	14.286534E+6	14.286534E+6	1.796801E+6	1.796801E+6	1.000486E+0	
9.537016E+3	233.725646E+0	233.820000E+0	1.037368E+0	86.000000E+0	10.866130E+6	10.866130E+6	1.477630E+6	1.477630E+6	999.358000E-3	
9.542499E+3	233.817084E+0	233.910000E+0	1.144409E+0	88.000000E+0	11.486758E+6	11.486758E+6	1.604206E+6	1.604206E+6	1.000152E+0	
9.547983E+3	233.908456E+0	233.980000E+0	1.126014E+0	86.000000E+0	15.621806E+6	15.621806E+6	2.262041E+6	2.262041E+6	1.000108E+0	
9.553484E+3	233.999862E+0	234.160000E+0	1.000769E+0	86.000000E+0	13.798814E+6	13.798814E+6	2.047322E+6	2.047322E+6	1.000276E+0	
9.558965E+3	234.091550E+0	234.230000E+0	857.547090E-3	89.000000E+0	10.710006E+6	10.710006E+6	1.549892E+6	1.549892E+6	999.672000E-3	
9.564518E+3	234.182889E+0	234.390000E+0	1.040110E+0	86.000000E+0	15.359825E+6	15.359825E+6	2.232735E+6	2.232735E+6	1.000539E+0	
9.570006E+3	234.275444E+0	234.470000E+0	1.202083E+0	87.000000E+0	17.160230E+6	17.160230E+6	2.495390E+6	2.495390E+6	999.755000E-3	
9.575515E+3	234.366916E+0	234.540000E+0	1.327622E+0	86.000000E+0	9.585987E+6	9.585987E+6	1.370256E+6	1.370256E+6	999.435000E-3	
9.581019E+3	234.458721E+0	234.630000E+0	1.309378E+0	86.000000E+0	14.666217E+6	14.666217E+6	1.976947E+6	1.976947E+6	999.796000E-3	
9.586521E+3	234.550460E+0	234.720000E+0	1.129185E+0	85.000000E+0	11.031671E+6	11.031671E+6	1.512863E+6	1.512863E+6	1.000021E+0	
9.592041E+3	234.642165E+0	234.790000E+0	1.003166E+0	86.000000E+0	9.221211E+6	9.221211E+6	1.290418E+6	1.290418E+6	999.026000E-3	
9.597551E+3	234.734154E+0	234.880000E+0	893.374435E-3	88.000000E+0	8.725319E+6	8.725319E+6	1.152951E+6	1.152951E+6	999.398000E-3	
9.603033E+3	234.825992E+0	235.030000E+0	911.621566E-3	86.000000E+0	10.571007E+6	10.571007E+6	1.383026E+6	1.383026E+6	999.383000E-3	
9.608517E+3	234.917364E+0	235.110000E+0	911.515305E-3	86.000000E+0	11.418645E+6	11.418645E+6	1.647246E+6	1.647246E+6	999.474000E-3	
9.613998E+3	235.008753E+0	235.190000E+0	1.020271E+0	86.000000E+0	10.979956E+6	10.979956E+6	1.592945E+6	1.592945E+6	999.176000E-3	
9.619486E+3	235.100108E+0	235.280000E+0	1.147542E+0	86.000000E+0	11.219221E+6	11.219221E+6	1.474912E+6	1.474912E+6	999.857000E-3	
9.624969E+3	235.191580E+0	235.350000E+0	1.147595E+0	86.000000E+0	11.102299E+6	11.102299E+6	1.483802E+6	1.483802E+6	999.762000E-3	
9.630457E+3	235.282952E+0	235.540000E+0	1.019881E+0	86.000000E+0	14.733039E+6	14.733039E+6	2.164787E+6	2.164787E+6	1.000226E+0	
9.635945E+3	235.374423E+0	235.600000E+0	891.654669E-3	87.000000E+0	12.414522E+6	12.414522E+6	1.633187E+6	1.633187E+6	998.500000E-3	
9.641431E+3	235.465895E+0	235.670000E+0	1.074179E+0	90.000000E+0	7.477324E+6	7.477324E+6	1.032937E+6	1.032937E+6	999.120000E-3	
9.646912E+3	235.557334E+0	235.760000E+0	1.220923E+0	84.000000E+0	11.628726E+6	11.628726E+6	1.618396E+6	1.618396E+6	999.489000E-3	
9.652400E+3	235.648672E+0	235.850000E+0	1.166835E+0	88.000000E+0	15.473403E+6	15.473403E+6	2.194160E+6	2.194160E+6	1.000665E+0	
9.657880E+3	235.740144E+0	235.920000E+0	984.816331E-3	86.000000E+0	10.740221E+6	10.740221E+6	1.397259E+6	1.397259E+6	999.485000E-3	
9.663364E+3	235.831483E+0	236.010000E+0	857.689084E-3	86.000000E+0	9.597331E+6	9.597331E+6	1.272180E+6	1.272180E+6	999.754000E-3	
9.668842E+3	235.922871E+0	236.080000E+0	912.679830E-3	88.000000E+0	10.384968E+6	10.384968E+6	1.373772E+6	1.373772E+6	999.657000E-3	
9.674335E+3	236.014177E+0	236.170000E+0	912.360279E-3	89.000000E+0	38.868896E+6	38.868896E+6	5.236421E+6	5.236421E+6	999.708000E-3	
9.679834E+3	236.105732E+0	236.330000E+0	875.462951E-3	90.000000E+0	15.631041E+6	15.631041E+6	2.097831E+6	2.097831E+6	1.000074E+0	
9.685331E+3	236.197371E+0	236.410000E+0	875.489591E-3	86.000000E+0	8.571233E+6	8.571233E+6	1.265659E+6	1.265659E+6	999.320000E-3	
9.690810E+3	236.288992E+0	236.490000E+0	1.039594E+0	89.000000E+0	20.882069E+6	20.882069E+6	2.797652E+6	2.797652E+6	999.207000E-3	
9.696292E+3	236.380314E+0	236.570000E+0	1.185544E+0	87.000000E+0	9.799382E+6	9.799382E+6	1.284102E+6	1.284102E+6	999.341000E-3	
9.701775E+3	236.471670E+0	236.650000E+0	1.185758E+0	89.000000E+0	14.567997E+6	14.567997E+6	1.897099E+6	1.897099E+6	1.000093E+0	
9.707280E+3	236.563058E+0	236.730000E+0	1.021627E+0	87.000000E+0	11.412407E+6	11.412407E+6	1.606024E+6	1.606024E+6	999.841000E-3	
9.712784E+3	236.654813E+0	236.820000E+0	874.853506E-3	87.000000E+0	10.082991E+6	10.082991E+6	1.458079E+6	1.458079E+6	1.000031E+0	
9.718269E+3	236.746535E+0	236.890000E+0	874.161672E-3	89.000000E+0	28.741569E+6	28.741569E+6	4.143587E+6	4.143587E+6	1.000494E+0	
9.723742E+3	236.837957E+0	236.980000E+0	891.548448E-3	88.000000E+0	11.062157E+6	11.062157E+6	1.645770E+6	1.645770E+6	1.000019E+0	
9.729257E+3	236.929179E+0	237.140000E+0	890.888358E-3	90.000000E+0	11.694717E+6	11.694717E+6	1.704375E+6	1.704375E+6	1.000483E+0	
9.734742E+3	237.021101E+0	237.230000E+0	890.226213E-3	89.000000E+0	10.875264E+6	10.875264E+6	1.497759E+6	1.497759E+6	999.328000E-3	
9.740227E+3	237.112506E+0	237.300000E+0	1.036182E+0	89.000000E+0	11.557173E+6	11.557173E+6	1.547521E+6	1.547521E+6	999.811000E-3	
9.745726E+3	237.203928E+0	237.390000E+0	1.201482E+0	89.000000E+0	17.871250E+6	17.871250E+6	2.440708E+6	2.440708E+6	998.288000E-3	
9.751208E+3	237.295583E+0	237.460000E+0	1.200954E+0	89.000000E+0	16.853799E+6	16.853799E+6	2.280137E+6	2.280137E+6	1.000273E+0	
9.756695E+3	237.386939E+0	237.550000E+0	1.035867E+0	91.000000E+0	18.467536E+6	18.467536E+6	2.732114E+6	2.732114E+6	998.909000E-3	
9.762189E+3	237.478394E+0	237.640000E+0	871.863775E-3	91.000000E+0	11.544588E+6	11.544588E+6	1.515257E+6	1.515257E+6	1.000454E+0	
9.767677E+3	237.569966E+0	237.710000E+0	873.665317E-3	91.000000E+0	12.050753E+6	12.050753E+6	1.761620E+6	1.761620E+6	1.000574E+0	
9.773162E+3	237.661421E+0	237.800000E+0	911.844461E-3	92.000000E+0	11.361482E+6	11.361482E+6	1.670051E+6	1.670051E+6	999.924000E-3	
9.778652E+3	237.752843E+0	237.870000E+0	911.605431E-3	88.000000E+0	10.699529E+6	10.699529E+6	1.445804E+6	1.445804E+6	999.229000E-3	
9.784155E+3	237.844348E+0	237.960000E+0	910.041045E-3	87.000000E+0	13.517964E+6	13.517964E+6	1.917049E+6	1.917049E+6	1.000059E+0	
9.789653E+3	237.936053E+0	238.050000E+0	872.678798E-3	90.000000E+0	9.066512E+6	9.066512E+6	1.264297E+6	1.264297E+6	999.039000E-3	
9.795135E+3	238.027692E+0	238.120000E+0	872.175493E-3	89.000000E+0	10.262445E+6	10.262445E+6	1.487438E+6	1.487438E+6	999.870000E-3	
9.800614E+3	238.119064E+0	238.280000E+0	908.933179E-3	89.000000E+0	18.487745E+6	18.487745E+6	2.648624E+6	2.648624E+6	998.708000E-3	
9.806093E+3	238.210369E+0	238.370000E+0	909.994046E-3	89.000000E+0	14.426420E+6	14.426420E+6	1.967039E+6	1.967039E+6	1.000905E+0	
9.811580E+3	238.301691E+0	238.460000E+0	1.038786E+0	88.000000E+0	8.495698E+6	8.495698E+6	1.147418E+6	1.147418E+6	999.179000E-3	
9.817058E+3	238.393146E+0	238.530000E+0	1.167460E+0	90.000000E+0	11.032369E+6	11.032369E+6	1.558273E+6	1.558273E+6	999.643000E-3	
9.822541E+3	238.484435E+0	238.700000E+0	1.201622E+0	89.000000E+0	9.065968E+6	9.065968E+6	1.377763E+6	1.377763E+6	999.523000E-3	
9.828039E+3	238.575823E+0	238.780000E+0	1.071829E+0	89.000000E+0	14.176644E+6	14.176644E+6	2.086148E+6	2.086148E+6	1.000304E+0	
9.833547E+3	238.667462E+0	238.870000E+0	1.053911E+0	89.000000E+0	10.589778E+6	10.589778E+6	1.439438E+6	1.439438E+6	999.675000E-3	
9.839062E+3	238.759267E+0	238.950000E+0	1.183789E+0	89.000000E+0	8.157318E+6	8.157318E+6	1.146550E+6	1.146550E+6	999.353000E-3	
9.844581E+3	238.851172E+0	239.030000E+0	1.203337E+0	89.000000E+0	12.366160E+6	12.366160E+6	1.849673E+6	1.849673E+6	1.000546E+0	
9.850104E+3	238.943161E+0	239.110000E+0	1.074934E+0	89.000000E+0	19.493162E+6	19.493162E+6	2.588033E+6	2.588033E+6	1.000584E+0	
9.855597E+3	239.035216E+0	239.200000E+0	910.894542E-3	90.000000E+0	11.479527E+6	11.479527E+6	1.547166E+6	1.547166E+6	999.178000E-3	
9.861078E+3	239.126755E+0	239.280000E+0	893.329828E-3	89.000000E+0	13.419826E+6	13.419826E+6	1.758430E+6	1.758430E+6	999.777000E-3	
9.866562E+3	239.218110E+0	239.360000E+0	893.866443E-3	92.000000E+0	18.371644E+6	18.371644E+6	2.691453E+6	2.691453E+6	1.000336E+0	
9.872065E+3	239.309515E+0	239.540000E+0	912.248376E-3	89.000000E+0	9.122554E+6	9.122554E+6	1.208500E+6	1.208500E+6	999.467000E-3	
9.877549E+3	239.401220E+0	239.610000E+0	911.876119E-3	92.000000E+0	8.224050E+6	8.224050E+6	1.164005E+6	1.164005E+6	999.880000E-3	
9.883030E+3	239.492626E+0	239.700000E+0	1.075465E+0	90.000000E+0	9.392277E+6	9.392277E+6	1.398097E+6	1.398097E+6	999.620000E-3	
9.888505E+3	239.583981E+0	239.770000E+0	1.218848E+0	89.000000E+0	10.301740E+6	10.301740E+6	1.492716E+6	1.492716E+6	1.000505E+0	
9.893997E+3	239.675219E+0	239.860000E+0	1.217526E+0	90.000000E+0	11.379253E+6	11.379253E+6	1.576428E+6	1.576428E+6	999.326000E-3	
9.899491E+3	239.766758E+0	239.950000E+0	1.035162E+0	90.000000E+0	11.652975E+6	11.652975E+6	1.534753E+6	1.534753E+6	1.000641E+0	
9.904970E+3	239.858330E+0	240.020000E+0	872.839094E-3	92.000000E+0	8.774048E+6	8.774048E+6	1.131459E+6	1.131459E+6	1.000066E+0	
9.910454E+3	239.949635E+0	240.110000E+0	910.658362E-3	92.000000E+0	11.296091E+6	11.296091E+6	1.639986E+6	1.639986E+6	999.817000E-3	
9.915940E+3	240.041040E+0	240.190000E+0	910.791075E-3	95.000000E+0	9.145627E+6	9.145627E+6	1.220453E+6	1.220453E+6	999.617000E-3	
9.921416E+3	240.132479E+0	240.280000E+0	910.499680E-3	93.000000E+0	9.778715E+6	9.778715E+6	1.370371E+6	1.370371E+6	999.678000E-3	
9.926898E+3	240.223751E+0	240.440000E+0	892.023670E-3	91.000000E+0	10.397139E+6	10.397139E+6	1.391754E+6	1.391754E+6	999.373000E-3	
9.932395E+3	240.315106E+0	240.530000E+0	910.864542E-3	93.000000E+0	9.852075E+6	9.852075E+6	1.464485E+6	1.464485E+6	999.296000E-3	
9.937881E+3	240.406728E+0	240.620000E+0	1.075712E+0	91.000000E+0	14.882100E+6	14.882100E+6	2.015894E+6	2.015894E+6	999.333000E-3	
9.943383E+3	240.498167E+0	240.690000E+0	1.221909E+0	92.000000E+0	9.670706E+6	9.670706E+6	1.357251E+6	1.357251E+6	999.274000E-3	
9.948860E+3	240.589855E+0	240.780000E+0	1.240015E+0	93.000000E+0	15.765694E+6	15.765694E+6	2.244210E+6	2.244210E+6	999.545000E-3	
9.954345E+3	240.681144E+0	240.850000E+0	1.076097E+0	92.000000E+0	10.548042E+6	10.548042E+6	1.450537E+6	1.450537E+6	999.216000E-3	
9.959853E+3	240.772566E+0	240.940000E+0	911.479983E-3	92.000000E+0	11.675053E+6	11.675053E+6	1.573198E+6	1.573198E+6	1.000085E+0	
9.965325E+3	240.864354E+0	241.030000E+0	874.029897E-3	91.000000E+0	14.540762E+6	14.540762E+6	2.141815E+6	2.141815E+6	1.000259E+0	
9.970859E+3	240.955559E+0	241.200000E+0	872.836303E-3	93.000000E+0	9.576493E+6	9.576493E+6	1.238240E+6	1.238240E+6	999.307000E-3	
9.976377E+3	241.047798E+0	241.290000E+0	908.748321E-3	91.000000E+0	9.290389E+6	9.290389E+6	1.296471E+6	1.296471E+6	999.460000E-3	
9.981883E+3	241.139753E+0	241.360000E+0	1.092046E+0	95.000000E+0	36.390393E+6	36.390393E+6	4.923421E+6	4.923421E+6	1.000008E+0	
9.987362E+3	241.231525E+0	241.450000E+0	1.276214E+0	91.000000E+0	13.284754E+6	13.284754E+6	1.775936E+6	1.775936E+6	1.000342E+0	
9.992857E+3	241.322847E+0	241.520000E+0	1.241792E+0	95.000000E+0	16.635812E+6	16.635812E+6	2.198951E+6	2.198951E+6	1.000145E+0	
9.998335E+3	241.414419E+0	241.610000E+0	1.060065E+0	94.000000E+0	15.912339E+6	15.912339E+6	2.111488E+6	2.111488E+6	1.000727E+0	
10.003827E+3	241.505724E+0	241.780000E+0	876.957250E-3	94.000000E+0	13.191021E+6	13.191021E+6	1.935927E+6	1.935927E+6	998.956000E-3	
10.009302E+3	241.597263E+0	241.870000E+0	875.652085E-3	93.000000E+0	31.762154E+6	31.762154E+6	4.640847E+6	4.640847E+6	999.555000E-3	
10.014787E+3	241.688518E+0	241.960000E+0	1.055141E+0	93.000000E+0	10.288043E+6	10.288043E+6	1.401704E+6	1.401704E+6	999.792000E-3	
10.020296E+3	241.779923E+0	242.030000E+0	1.234504E+0	91.000000E+0	10.188206E+6	10.188206E+6	1.407830E+6	1.407830E+6	999.463000E-3	
10.025774E+3	241.871745E+0	242.120000E+0	1.270350E+0	93.000000E+0	11.087199E+6	11.087199E+6	1.468447E+6	1.468447E+6	999.511000E-3	
10.031259E+3	241.963050E+0	242.210000E+0	1.089795E+0	91.000000E+0	13.891862E+6	13.891862E+6	1.858489E+6	1.858489E+6	1.000353E+0	
10.036755E+3	242.054456E+0	242.290000E+0	909.767655E-3	95.000000E+0	10.948150E+6	10.948150E+6	1.492335E+6	1.492335E+6	1.000223E+0	
10.042242E+3	242.146061E+0	242.380000E+0	910.184390E-3	94.000000E+0	9.600500E+6	9.600500E+6	1.293075E+6	1.293075E+6	999.412000E-3	
10.047726E+3	242.237516E+0	242.450000E+0	928.629148E-3	93.000000E+0	10.778434E+6	10.778434E+6	1.528859E+6	1.528859E+6	999.592000E-3	
10.053214E+3	242.328905E+0	242.540000E+0	947.332231E-3	95.000000E+0	9.809705E+6	9.809705E+6	1.376014E+6	1.376014E+6	999.707000E-3	
10.058727E+3	242.420376E+0	242.630000E+0	911.388671E-3	93.000000E+0	10.787741E+6	10.787741E+6	1.467262E+6	1.467262E+6	999.700000E-3	
10.064253E+3	242.512265E+0	242.710000E+0	892.334399E-3	94.000000E+0	16.125419E+6	16.125419E+6	2.107263E+6	2.107263E+6	1.000421E+0	
10.069696E+3	242.604354E+0	242.800000E+0	909.012606E-3	93.000000E+0	8.679395E+6	8.679395E+6	1.199019E+6	1.199019E+6	999.172000E-3	
10.075175E+3	242.695076E+0	242.890000E+0	926.787006E-3	95.000000E+0	11.064955E+6	11.064955E+6	1.653130E+6	1.653130E+6	999.608000E-3	
10.080668E+3	242.786397E+0	242.960000E+0	945.249019E-3	93.000000E+0	11.982313E+6	11.982313E+6	1.688772E+6	1.688772E+6	999.924000E-3	
10.086180E+3	242.877936E+0	243.140000E+0	946.318662E-3	95.000000E+0	8.207051E+6	8.207051E+6	1.185620E+6	1.185620E+6	999.783000E-3	
10.091693E+3	242.969808E+0	243.220000E+0	928.783628E-3	95.000000E+0	10.307420E+6	10.307420E+6	1.441461E+6	1.441461E+6	1.000232E+0	
10.097173E+3	243.061696E+0	243.310000E+0	1.075275E+0	96.000000E+0	9.426957E+6	9.426957E+6	1.360346E+6	1.360346E+6	999.446000E-3	
10.102677E+3	243.153018E+0	243.400000E+0	1.222032E+0	93.000000E+0	14.677564E+6	14.677564E+6	2.098828E+6	2.098828E+6	1.000276E+0	
10.108156E+3	243.244757E+0	243.470000E+0	1.240499E+0	93.000000E+0	11.993910E+6	11.993910E+6	1.694515E+6	1.694515E+6	1.000532E+0	
10.113670E+3	243.336079E+0	243.560000E+0	1.113732E+0	95.000000E+0	9.770929E+6	9.770929E+6	1.448308E+6	1.448308E+6	999.566000E-3	
10.119160E+3	243.427984E+0	243.650000E+0	931.961456E-3	96.000000E+0	12.494304E+6	12.494304E+6	1.674602E+6	1.674602E+6	1.000294E+0	
10.124619E+3	243.519473E+0	243.730000E+0	913.814331E-3	95.000000E+0	17.883619E+6	17.883619E+6	2.438416E+6	2.438416E+6	1.000052E+0	
10.130119E+3	243.610461E+0	243.820000E+0	913.303721E-3	94.000000E+0	9.607635E+6	9.607635E+6	1.308458E+6	1.308458E+6	999.098000E-3	
10.135608E+3	243.702133E+0	243.890000E+0	932.587202E-3	95.000000E+0	9.176515E+6	9.176515E+6	1.336327E+6	1.336327E+6	999.506000E-3	
10.141113E+3	243.793605E+0	243.980000E+0	952.815815E-3	95.000000E+0	8.955524E+6	8.955524E+6	1.361056E+6	1.361056E+6	999.526000E-3	
10.146609E+3	243.885360E+0	244.150000E+0	917.083338E-3	95.000000E+0	10.049663E+6	10.049663E+6	1.543127E+6	1.543127E+6	999.640000E-3	
10.152089E+3	243.976966E+0	244.240000E+0	897.505912E-3	94.000000E+0	13.440449E+6	13.440449E+6	1.976639E+6	1.976639E+6	999.835000E-3	
10.157584E+3	244.068287E+0	244.330000E+0	1.059492E+0	94.000000E+0	9.110279E+6	9.110279E+6	1.219598E+6	1.219598E+6	999.762000E-3	
10.163060E+3	244.159876E+0	244.410000E+0	1.240174E+0	95.000000E+0	9.212798E+6	9.212798E+6	1.251447E+6	1.251447E+6	999.865000E-3	
10.168548E+3	244.251148E+0	244.500000E+0	1.275959E+0	96.000000E+0	10.888431E+6	10.888431E+6	1.590230E+6	1.590230E+6	999.558000E-3	
10.174025E+3	244.342603E+0	244.590000E+0	1.111722E+0	96.000000E+0	10.033404E+6	10.033404E+6	1.355951E+6	1.355951E+6	999.929000E-3	
10.179512E+3	244.433892E+0	244.660000E+0	948.009379E-3	95.000000E+0	8.361495E+6	8.361495E+6	1.258987E+6	1.258987E+6	999.115000E-3	
10.185024E+3	244.525347E+0	244.750000E+0	948.398507E-3	97.000000E+0	11.051414E+6	11.051414E+6	1.554575E+6	1.554575E+6	1.000595E+0	
10.190519E+3	244.617202E+0	244.850000E+0	929.995017E-3	95.000000E+0	11.645215E+6	11.645215E+6	1.592722E+6	1.592722E+6	999.043000E-3	
10.196006E+3	244.708791E+0	244.920000E+0	911.744600E-3	95.000000E+0	7.929640E+6	7.929640E+6	1.149855E+6	1.149855E+6	999.769000E-3	
10.201435E+3	244.800246E+0	245.100000E+0	930.276655E-3	98.000000E+0	10.318091E+6	10.318091E+6	1.411998E+6	1.411998E+6	999.823000E-3	
10.206925E+3	244.890734E+0	245.180000E+0	948.567003E-3	95.000000E+0	11.386601E+6	11.386601E+6	1.641634E+6	1.641634E+6	999.402000E-3	
10.212438E+3	244.982223E+0	245.270000E+0	1.112650E+0	96.000000E+0	7.912527E+6	7.912527E+6	1.039538E+6	1.039538E+6	999.906000E-3	
10.217920E+3	245.074112E+0	245.360000E+0	1.239792E+0	96.000000E+0	12.082138E+6	12.082138E+6	1.648111E+6	1.648111E+6	1.000401E+0	
10.223401E+3	245.165483E+0	245.440000E+0	1.239538E+0	95.000000E+0	17.055897E+6	17.055897E+6	2.321365E+6	2.321365E+6	999.305000E-3	
10.228952E+3	245.256822E+0	245.530000E+0	1.112169E+0	93.000000E+0	10.480337E+6	10.480337E+6	1.455168E+6	1.455168E+6	999.929000E-3	
10.234445E+3	245.349344E+0	245.620000E+0	948.077440E-3	97.000000E+0	11.062643E+6	11.062643E+6	1.658550E+6	1.658550E+6	998.846000E-3	
10.239927E+3	245.440899E+0	245.700000E+0	948.077440E-3	96.000000E+0	12.736963E+6	12.736963E+6	1.881127E+6	1.881127E+6	999.979000E-3	
10.245416E+3	245.532254E+0	245.790000E+0	946.320719E-3	96.000000E+0	8.705088E+6	8.705088E+6	1.220054E+6	1.220054E+6	999.257000E-3	
10.250962E+3	245.623743E+0	245.880000E+0	944.465925E-3	95.000000E+0	10.316845E+6	10.316845E+6	1.569694E+6	1.569694E+6	1.000115E+0	
10.256465E+3	245.716182E+0	245.950000E+0	944.437706E-3	98.000000E+0	11.579785E+6	11.579785E+6	1.703173E+6	1.703173E+6	1.000725E+0	
10.261954E+3	245.807887E+0	246.050000E+0	946.554038E-3	98.000000E+0	8.707241E+6	8.707241E+6	1.215126E+6	1.215126E+6	999.330000E-3	
10.267443E+3	245.899375E+0	246.050000E+0	930.091876E-3	97.000000E+0	8.203595E+6	8.203595E+6	1.198594E+6	1.198594E+6	999.444000E-3	
10.272923E+3	245.990864E+0	246.210000E+0	930.374343E-3	98.000000E+0	37.087769E+6	37.087769E+6	5.415767E+6	5.415767E+6	1.000628E+0	
10.278402E+3	246.082186E+0	246.210000E+0	784.367350E-3	99.000000E+0	10.169918E+6	10.169918E+6	1.535969E+6	1.535969E+6	1.000008E+0	
10.283884E+3	246.173508E+0	246.300000E+0	784.953591E-3	96.000000E+0	12.909835E+6	12.909835E+6	1.929817E+6	1.929817E+6	1.000254E+0	
10.289363E+3	246.264880E+0	246.470000E+0	766.238252E-3	98.000000E+0	9.394417E+6	9.394417E+6	1.390946E+6	1.390946E+6	999.566000E-3	
10.294848E+3	246.356185E+0	246.560000E+0	747.273733E-3	98.000000E+0	9.309049E+6	9.309049E+6	1.350798E+6	1.350798E+6	999.978000E-3	
10.300329E+3	246.447607E+0	246.650000E+0	928.922685E-3	98.000000E+0	8.814455E+6	8.814455E+6	1.234650E+6	1.234650E+6	999.471000E-3	
10.305844E+3	246.538962E+0	246.730000E+0	1.111125E+0	99.000000E+0	9.759426E+6	9.759426E+6	1.478962E+6	1.478962E+6	999.658000E-3	
10.311351E+3	246.630884E+0	246.820000E+0	1.274633E+0	98.000000E+0	9.542493E+6	9.542493E+6	1.414781E+6	1.414781E+6	999.767000E-3	
10.316863E+3	246.722656E+0	246.910000E+0	1.110009E+0	96.000000E+0	8.942824E+6	8.942824E+6	1.255760E+6	1.255760E+6	999.450000E-3	
10.322370E+3	246.814528E+0	246.990000E+0	946.692332E-3	97.000000E+0	9.687797E+6	9.687797E+6	1.394686E+6	1.394686E+6	999.490000E-3	
10.327854E+3	246.906316E+0	247.080000E+0	946.930390E-3	100.000000E+0	11.737060E+6	11.737060E+6	1.577145E+6	1.577145E+6	1.000467E+0	
10.333338E+3	246.997705E+0	247.170000E+0	946.789727E-3	99.000000E+0	12.104104E+6	12.104104E+6	1.706820E+6	1.706820E+6	999.920000E-3	
10.338821E+3	247.089110E+0	247.250000E+0	945.465149E-3	99.000000E+0	11.224145E+6	11.224145E+6	1.615090E+6	1.615090E+6	1.000408E+0	
10.344309E+3	247.180499E+0	247.340000E+0	943.894522E-3	100.000000E+0	8.870859E+6	8.870859E+6	1.191058E+6	1.191058E+6	999.391000E-3	
10.349793E+3	247.271954E+0	247.430000E+0	943.922652E-3	100.000000E+0	7.990094E+6	7.990094E+6	1.164042E+6	1.164042E+6	999.401000E-3	
10.355286E+3	247.363359E+0	247.530000E+0	945.360470E-3	100.000000E+0	10.811669E+6	10.811669E+6	1.501864E+6	1.501864E+6	999.755000E-3	
10.360774E+3	247.454914E+0	247.600000E+0	948.156538E-3	100.000000E+0	13.068536E+6	13.068536E+6	1.960633E+6	1.960633E+6	999.743000E-3	
10.366260E+3	247.546370E+0	247.700000E+0	985.480160E-3	100.000000E+0	9.925752E+6	9.925752E+6	1.332697E+6	1.332697E+6	999.424000E-3	
10.371742E+3	247.637808E+0	247.790000E+0	985.140651E-3	99.000000E+0	8.689185E+6	8.689185E+6	1.220826E+6	1.220826E+6	999.517000E-3	
10.377225E+3	247.729180E+0	247.860000E+0	966.798544E-3	100.000000E+0	10.216193E+6	10.216193E+6	1.561266E+6	1.561266E+6	999.348000E-3	
10.382753E+3	247.820552E+0	247.960000E+0	966.735355E-3	100.000000E+0	7.523013E+6	7.523013E+6	1.000515E+6	1.000515E+6	999.658000E-3	
10.388242E+3	247.912691E+0	248.050000E+0	948.528144E-3	100.000000E+0	10.669429E+6	10.669429E+6	1.615684E+6	1.615684E+6	999.192000E-3	
10.393726E+3	248.004179E+0	248.220000E+0	948.641459E-3	100.000000E+0	16.935974E+6	16.935974E+6	2.363475E+6	2.363475E+6	998.545000E-3	
10.399212E+3	248.095584E+0	248.220000E+0	949.211044E-3	99.000000E+0	8.746331E+6	8.746331E+6	1.204520E+6	1.204520E+6	1.000143E+0	
10.404694E+3	248.187006E+0	248.390000E+0	1.131739E+0	99.000000E+0	14.261442E+6	14.261442E+6	1.942416E+6	1.942416E+6	1.000868E+0	
10.410182E+3	248.278378E+0	248.480000E+0	1.131117E+0	100.000000E+0	8.864610E+6	8.864610E+6	1.270491E+6	1.270491E+6	999.928000E-3	
10.415655E+3	248.369850E+0	248.570000E+0	1.094246E+0	100.000000E+0	9.456543E+6	9.456543E+6	1.267076E+6	1.267076E+6	999.462000E-3	
10.421146E+3	248.461055E+0	248.650000E+0	1.093641E+0	100.000000E+0	14.575984E+6	14.575984E+6	2.199386E+6	2.199386E+6	1.000204E+0	
10.426633E+3	248.552577E+0	248.740000E+0	1.110583E+0	100.000000E+0	11.100610E+6	11.100610E+6	1.605264E+6	1.605264E+6	1.000276E+0	
10.432118E+3	248.644032E+0	248.830000E+0	1.109624E+0	100.000000E+0	8.544224E+6	8.544224E+6	1.162451E+6	1.162451E+6	1.000016E+0	
10.437602E+3	248.735438E+0	249.000000E+0	946.219317E-3	100.000000E+0	7.738918E+6	7.738918E+6	1.112694E+6	1.112694E+6	1.000023E+0	
10.443119E+3	248.826843E+0	249.100000E+0	948.158221E-3	99.000000E+0	11.682358E+6	11.682358E+6	1.592907E+6	1.592907E+6	999.893000E-3	
10.448605E+3	248.918798E+0	249.190000E+0	1.113630E+0	100.000000E+0	8.888791E+6	8.888791E+6	1.245619E+6	1.245619E+6	999.189000E-3	
10.454092E+3	249.010220E+0	249.260000E+0	1.296241E+0	100.000000E+0	10.377080E+6	10.377080E+6	1.560090E+6	1.560090E+6	1.000143E+0	
10.459580E+3	249.101675E+0	249.360000E+0	1.314436E+0	100.000000E+0	15.758541E+6	15.758541E+6	2.285529E+6	2.285529E+6	1.000037E+0	
10.465068E+3	249.193147E+0	249.450000E+0	1.131147E+0	100.000000E+0	13.089062E+6	13.089062E+6	1.787778E+6	1.787778E+6	1.000397E+0	
10.470554E+3	249.284602E+0	249.530000E+0	947.294634E-3	100.000000E+0	15.759036E+6	15.759036E+6	2.119757E+6	2.119757E+6	1.000226E+0	
10.476040E+3	249.376041E+0	249.620000E+0	945.561940E-3	100.000000E+0	13.326387E+6	13.326387E+6	1.781582E+6	1.781582E+6	998.946000E-3	
10.481542E+3	249.467480E+0	249.710000E+0	962.846545E-3	100.000000E+0	23.102610E+6	23.102610E+6	3.159120E+6	3.159120E+6	1.000112E+0	
10.487023E+3	249.559168E+0	249.810000E+0	963.381236E-3	100.000000E+0	9.156978E+6	9.156978E+6	1.327580E+6	1.327580E+6	999.301000E-3	
10.492504E+3	249.650523E+0	249.880000E+0	946.798484E-3	100.000000E+0	8.113126E+6	8.113126E+6	1.204642E+6	1.204642E+6	999.456000E-3	
10.497989E+3	249.741879E+0	249.980000E+0	984.750347E-3	100.000000E+0	8.160305E+6	8.160305E+6	1.227129E+6	1.227129E+6	999.311000E-3	
10.503469E+3	249.833300E+0	250.070000E+0	985.258584E-3	100.000000E+0	11.615734E+6	11.615734E+6	1.680703E+6	1.680703E+6	1.000347E+0	
10.508952E+3	249.924622E+0	250.150000E+0	966.864933E-3	100.000000E+0	7.889004E+6	7.889004E+6	1.050718E+6	1.050718E+6	999.379000E-3	
10.514432E+3	250.016011E+0	250.240000E+0	966.864948E-3	100.000000E+0	8.310112E+6	8.310112E+6	1.150842E+6	1.150842E+6	999.291000E-3	
10.519923E+3	250.107349E+0	250.330000E+0	966.864948E-3	100.000000E+0	9.938359E+6	9.938359E+6	1.376152E+6	1.376152E+6	999.302000E-3	
10.525406E+3	250.198855E+0	250.410000E+0	966.836662E-3	100.000000E+0	10.019232E+6	10.019232E+6	1.386236E+6	1.386236E+6	999.218000E-3	
10.530893E+3	250.290243E+0	250.500000E+0	947.905295E-3	100.000000E+0	10.838865E+6	10.838865E+6	1.516684E+6	1.516684E+6	999.235000E-3	
10.536382E+3	250.381699E+0	250.600000E+0	946.609734E-3	100.000000E+0	14.626890E+6	14.626890E+6	2.151564E+6	2.151564E+6	998.139000E-3	
10.541903E+3	250.473170E+0	250.690000E+0	946.016828E-3	100.000000E+0	12.790727E+6	12.790727E+6	1.825227E+6	1.825227E+6	999.979000E-3	
10.547390E+3	250.565192E+0	250.770000E+0	964.853354E-3	100.000000E+0	8.989839E+6	8.989839E+6	1.215250E+6	1.215250E+6	998.861000E-3	
10.552872E+3	250.656648E+0	250.860000E+0	1.001747E+0	100.000000E+0	20.644087E+6	20.644087E+6	3.027033E+6	3.027033E+6	1.000206E+0	
10.558351E+3	250.748003E+0	250.960000E+0	1.000317E+0	100.000000E+0	7.170031E+6	7.170031E+6	1.044935E+6	1.044935E+6	999.574000E-3	
10.563830E+3	250.839325E+0	251.030000E+0	962.740009E-3	100.000000E+0	9.540516E+6	9.540516E+6	1.299406E+6	1.299406E+6	998.892000E-3	
10.569329E+3	250.930647E+0	251.130000E+0	963.875907E-3	100.000000E+0	12.769683E+6	12.769683E+6	1.880059E+6	1.880059E+6	1.000377E+0	
10.574820E+3	251.022285E+0	251.220000E+0	966.069137E-3	100.000000E+0	10.494299E+6	10.494299E+6	1.451739E+6	1.451739E+6	999.582000E-3	
10.580313E+3	251.113807E+0	251.310000E+0	967.451066E-3	100.000000E+0	8.110350E+6	8.110350E+6	1.245029E+6	1.245029E+6	999.114000E-3	
10.585796E+3	251.205362E+0	251.480000E+0	967.324475E-3	100.000000E+0	9.637273E+6	9.637273E+6	1.365497E+6	1.365497E+6	999.578000E-3	
10.591305E+3	251.296751E+0	251.580000E+0	984.411356E-3	100.000000E+0	9.936412E+6	9.936412E+6	1.422224E+6	1.422224E+6	999.603000E-3	
10.596813E+3	251.388556E+0	251.660000E+0	1.147027E+0	100.000000E+0	9.336276E+6	9.336276E+6	1.242642E+6	1.242642E+6	1.000382E+0	
10.602325E+3	251.480361E+0	251.750000E+0	1.291034E+0	100.000000E+0	23.775154E+6	23.775154E+6	3.569563E+6	3.569563E+6	1.000934E+0	
10.607824E+3	251.572233E+0	251.840000E+0	1.290410E+0	100.000000E+0	8.256455E+6	8.256455E+6	1.154832E+6	1.154832E+6	999.609000E-3	
10.613311E+3	251.663872E+0	251.840000E+0	1.126919E+0	100.000000E+0	10.745239E+6	10.745239E+6	1.626700E+6	1.626700E+6	999.737000E-3	
10.618801E+3	251.755327E+0	252.020000E+0	964.096073E-3	100.000000E+0	7.672267E+6	7.672267E+6	1.039341E+6	1.039341E+6	999.543000E-3	
10.624287E+3	251.846832E+0	252.020000E+0	801.406574E-3	100.000000E+0	7.811075E+6	7.811075E+6	1.115269E+6	1.115269E+6	1.000130E+0	
10.629790E+3	251.938254E+0	252.110000E+0	819.819453E-3	100.000000E+0	8.622401E+6	8.622401E+6	1.235227E+6	1.235227E+6	999.250000E-3	
10.635291E+3	252.029976E+0	252.200000E+0	819.849331E-3	100.000000E+0	10.101072E+6	10.101072E+6	1.495936E+6	1.495936E+6	998.895000E-3	
10.640802E+3	252.121665E+0	252.280000E+0	819.909167E-3	100.000000E+0	11.166130E+6	11.166130E+6	1.629062E+6	1.629062E+6	999.592000E-3	
10.646284E+3	252.213503E+0	252.380000E+0	819.402240E-3	100.000000E+0	9.399445E+6	9.399445E+6	1.438857E+6	1.438857E+6	999.349000E-3	
10.651813E+3	252.304875E+0	252.560000E+0	799.390025E-3	100.000000E+0	9.189535E+6	9.189535E+6	1.249361E+6	1.249361E+6	999.270000E-3	
10.657321E+3	252.397030E+0	252.640000E+0	962.375988E-3	100.000000E+0	8.469828E+6	8.469828E+6	1.183056E+6	1.183056E+6	999.355000E-3	
10.662801E+3	252.488819E+0	252.830000E+0	1.146249E+0	100.000000E+0	8.490344E+6	8.490344E+6	1.156726E+6	1.156726E+6	999.738000E-3	
10.668284E+3	252.580158E+0	252.920000E+0	1.312993E+0	100.000000E+0	8.535488E+6	8.535488E+6	1.205669E+6	1.205669E+6	999.591000E-3	
10.673760E+3	252.671546E+0	253.000000E+0	1.478426E+0	100.000000E+0	10.011904E+6	10.011904E+6	1.407920E+6	1.407920E+6	999.989000E-3	
10.679246E+3	252.762801E+0	253.100000E+0	1.477076E+0	100.000000E+0	7.909081E+6	7.909081E+6	1.111378E+6	1.111378E+6	998.996000E-3	
10.684747E+3	252.854240E+0	253.270000E+0	1.311170E+0	100.000000E+0	8.566747E+6	8.566747E+6	1.171209E+6	1.171209E+6	999.311000E-3	
10.690240E+3	252.945928E+0	253.360000E+0	1.145916E+0	100.000000E+0	10.511005E+6	10.511005E+6	1.556701E+6	1.556701E+6	1.000017E+0	
10.695723E+3	253.037484E+0	253.460000E+0	1.128513E+0	100.000000E+0	8.769456E+6	8.769456E+6	1.213785E+6	1.213785E+6	998.578000E-3	
10.701200E+3	253.128856E+0	253.550000E+0	1.294375E+0	100.000000E+0	10.419458E+6	10.419458E+6	1.452967E+6	1.452967E+6	1.000268E+0	
10.706683E+3	253.220144E+0	253.630000E+0	1.313439E+0	100.000000E+0	8.680697E+6	8.680697E+6	1.162738E+6	1.162738E+6	999.235000E-3	
10.712171E+3	253.311533E+0	253.730000E+0	1.167200E+0	100.000000E+0	10.097749E+6	10.097749E+6	1.491046E+6	1.491046E+6	1.000485E+0	
10.717705E+3	253.402988E+0	253.820000E+0	1.002802E+0	100.000000E+0	9.526982E+6	9.526982E+6	1.291079E+6	1.291079E+6	999.571000E-3	
10.723213E+3	253.495227E+0	253.820000E+0	984.723101E-3	100.000000E+0	10.090347E+6	10.090347E+6	1.460328E+6	1.460328E+6	999.348000E-3	
10.728729E+3	253.587032E+0	253.920000E+0	985.133757E-3	100.000000E+0	7.159046E+6	7.159046E+6	1.049955E+6	1.049955E+6	999.904000E-3	
10.734212E+3	253.678954E+0	254.000000E+0	839.231659E-3	100.000000E+0	8.604175E+6	8.604175E+6	1.160057E+6	1.160057E+6	999.461000E-3	
10.739689E+3	253.770342E+0	254.090000E+0	693.384384E-3	100.000000E+0	8.421089E+6	8.421089E+6	1.178999E+6	1.178999E+6	999.499000E-3	
10.745181E+3	253.861631E+0	254.180000E+0	673.350962E-3	100.000000E+0	7.099624E+6	7.099624E+6	1.066694E+6	1.066694E+6	999.698000E-3	
10.750696E+3	253.953153E+0	254.180000E+0	817.648140E-3	100.000000E+0	10.206188E+6	10.206188E+6	1.454797E+6	1.454797E+6	999.492000E-3	
10.756185E+3	254.045075E+0	254.280000E+0	963.555304E-3	100.000000E+0	9.504766E+6	9.504766E+6	1.449470E+6	1.449470E+6	999.141000E-3	
10.761692E+3	254.136563E+0	254.360000E+0	801.089126E-3	100.000000E+0	7.971542E+6	7.971542E+6	1.137424E+6	1.137424E+6	1.000030E+0	
10.767179E+3	254.228335E+0	254.450000E+0	674.930832E-3	100.000000E+0	6.752371E+6	6.752371E+6	942.651331E+3	942.651331E+3	999.486000E-3	
10.772654E+3	254.319790E+0	254.550000E+0	674.990728E-3	100.000000E+0	12.339684E+6	12.339684E+6	1.661088E+6	1.661088E+6	1.000008E+0	
10.778151E+3	254.411046E+0	254.640000E+0	821.027704E-3	100.000000E+0	12.555780E+6	12.555780E+6	1.706113E+6	1.706113E+6	999.189000E-3	
10.783633E+3	254.502668E+0	254.720000E+0	983.898901E-3	100.000000E+0	9.403745E+6	9.403745E+6	1.259011E+6	1.259011E+6	999.336000E-3	
10.789116E+3	254.594023E+0	254.820000E+0	1.000788E+0	100.000000E+0	8.561785E+6	8.561785E+6	1.250297E+6	1.250297E+6	999.674000E-3	
10.794627E+3	254.685411E+0	254.910000E+0	1.000590E+0	100.000000E+0	11.489520E+6	11.489520E+6	1.589348E+6	1.589348E+6	1.000967E+0	
10.800113E+3	254.777267E+0	255.010000E+0	983.370231E-3	100.000000E+0	11.788929E+6	11.788929E+6	1.791553E+6	1.791553E+6	999.937000E-3	
10.805608E+3	254.868688E+0	255.010000E+0	984.661399E-3	100.000000E+0	8.999532E+6	8.999532E+6	1.372457E+6	1.372457E+6	999.308000E-3	
10.811089E+3	254.960277E+0	255.090000E+0	1.021227E+0	100.000000E+0	13.602298E+6	13.602298E+6	2.096015E+6	2.096015E+6	1.000313E+0	
10.816598E+3	255.051632E+0	255.180000E+0	875.542758E-3	100.000000E+0	10.020569E+6	10.020569E+6	1.378832E+6	1.378832E+6	999.652000E-3	
10.822100E+3	255.143438E+0	255.280000E+0	674.950799E-3	100.000000E+0	8.322956E+6	8.322956E+6	1.226263E+6	1.226263E+6	999.587000E-3	
10.827584E+3	255.235143E+0	255.370000E+0	638.583021E-3	100.000000E+0	9.123600E+6	9.123600E+6	1.320368E+6	1.320368E+6	1.000494E+0	
10.833072E+3	255.326548E+0	255.450000E+0	802.336856E-3	100.000000E+0	7.268736E+6	7.268736E+6	997.675002E+3	997.675002E+3	999.960000E-3	
10.838582E+3	255.418003E+0	255.550000E+0	1.002518E+0	100.000000E+0	12.337563E+6	12.337563E+6	1.882990E+6	1.882990E+6	999.466000E-3	
10.844105E+3	255.509842E+0	255.640000E+0	1.002603E+0	100.000000E+0	9.915688E+6	9.915688E+6	1.382881E+6	1.382881E+6	999.303000E-3	
10.849613E+3	255.601897E+0	255.740000E+0	984.893103E-3	100.000000E+0	19.274773E+6	19.274773E+6	2.815581E+6	2.815581E+6	999.397000E-3	
10.855092E+3	255.693686E+0	255.820000E+0	984.389284E-3	100.000000E+0	13.730689E+6	13.730689E+6	1.935824E+6	1.935824E+6	1.000418E+0	
10.860581E+3	255.785008E+0	255.910000E+0	1.019664E+0	100.000000E+0	11.005712E+6	11.005712E+6	1.632960E+6	1.632960E+6	999.979000E-3	
10.866126E+3	255.876496E+0	256.010000E+0	1.019544E+0	100.000000E+0	7.279091E+6	7.279091E+6	1.028381E+6	1.028381E+6	999.492000E-3	
10.871611E+3	255.968901E+0	256.100000E+0	984.146838E-3	100.000000E+0	8.284657E+6	8.284657E+6	1.186252E+6	1.186252E+6	999.461000E-3	
10.877095E+3	256.060323E+0	256.180000E+0	985.092196E-3	100.000000E+0	16.199935E+6	16.199935E+6	2.377475E+6	2.377475E+6	999.050000E-3	
10.882601E+3	256.151729E+0	256.280000E+0	1.003364E+0	100.000000E+0	7.431494E+6	7.431494E+6	1.141749E+6	1.141749E+6	999.313000E-3	
10.888079E+3	256.243500E+0	256.370000E+0	1.003393E+0	100.000000E+0	14.204631E+6	14.204631E+6	2.091570E+6	2.091570E+6	1.000006E+0	
10.893562E+3	256.334789E+0	256.470000E+0	985.335157E-3	100.000000E+0	10.856380E+6	10.856380E+6	1.476940E+6	1.476940E+6	1.000524E+0	
10.899045E+3	256.426178E+0	256.550000E+0	985.366786E-3	100.000000E+0	12.328300E+6	12.328300E+6	1.867521E+6	1.867521E+6	1.000195E+0	
10.904521E+3	256.517566E+0	256.650000E+0	1.020830E+0	100.000000E+0	9.437775E+6	9.437775E+6	1.368417E+6	1.368417E+6	999.366000E-3	
10.910002E+3	256.608821E+0	256.740000E+0	1.019012E+0	100.000000E+0	7.269780E+6	7.269780E+6	1.117998E+6	1.117998E+6	999.304000E-3	
10.915478E+3	256.700177E+0	256.920000E+0	999.633533E-3	100.000000E+0	11.687860E+6	11.687860E+6	1.825719E+6	1.825719E+6	999.312000E-3	
10.920964E+3	256.791448E+0	257.110000E+0	998.974137E-3	100.000000E+0	9.038173E+6	9.038173E+6	1.241932E+6	1.241932E+6	999.170000E-3	
10.926448E+3	256.882870E+0	257.290000E+0	1.163269E+0	100.000000E+0	9.496360E+6	9.496360E+6	1.439745E+6	1.439745E+6	999.207000E-3	
10.931936E+3	256.974276E+0	257.380000E+0	1.511529E+0	100.000000E+0	8.813940E+6	8.813940E+6	1.249905E+6	1.249905E+6	1.000294E+0	
10.937470E+3	257.065747E+0	257.380000E+0	1.841830E+0	100.000000E+0	8.284753E+6	8.284753E+6	1.170852E+6	1.170852E+6	999.224000E-3	
10.942956E+3	257.157969E+0	257.480000E+0	1.843846E+0	100.000000E+0	7.350489E+6	7.350489E+6	1.088377E+6	1.088377E+6	999.593000E-3	
10.948437E+3	257.249408E+0	257.650000E+0	1.332482E+0	100.000000E+0	10.134854E+6	10.134854E+6	1.388913E+6	1.388913E+6	999.702000E-3	
10.953923E+3	257.340763E+0	257.750000E+0	839.297027E-3	100.000000E+0	13.445506E+6	13.445506E+6	2.042387E+6	2.042387E+6	1.000749E+0	
10.959431E+3	257.432185E+0	257.850000E+0	838.667811E-3	100.000000E+0	10.016783E+6	10.016783E+6	1.492189E+6	1.492189E+6	1.000877E+0	
10.965001E+3	257.523990E+0	257.940000E+0	1.167461E+0	100.000000E+0	8.533129E+6	8.533129E+6	1.189170E+6	1.189170E+6	999.912000E-3	
10.970492E+3	257.616829E+0	258.040000E+0	1.350331E+0	100.000000E+0	9.281998E+6	9.281998E+6	1.429852E+6	1.429852E+6	1.000785E+0	
10.975985E+3	257.708351E+0	258.120000E+0	1.204714E+0	100.000000E+0	12.197267E+6	12.197267E+6	1.871316E+6	1.871316E+6	999.810000E-3	
10.981463E+3	257.799889E+0	258.220000E+0	1.058530E+0	100.000000E+0	10.488598E+6	10.488598E+6	1.576306E+6	1.576306E+6	1.000822E+0	
10.986957E+3	257.891195E+0	258.310000E+0	1.022053E+0	100.000000E+0	8.018277E+6	8.018277E+6	1.186340E+6	1.186340E+6	999.398000E-3	
10.992470E+3	257.982767E+0	258.410000E+0	1.004556E+0	100.000000E+0	10.086821E+6	10.086821E+6	1.561314E+6	1.561314E+6	1.000310E+0	
10.997954E+3	258.074639E+0	258.590000E+0	1.004810E+0	100.000000E+0	8.757768E+6	8.757768E+6	1.228826E+6	1.228826E+6	999.962000E-3	
11.003437E+3	258.166044E+0	258.590000E+0	1.022528E+0	100.000000E+0	9.445266E+6	9.445266E+6	1.317747E+6	1.317747E+6	999.687000E-3	
11.008928E+3	258.257432E+0	258.680000E+0	1.172425E+0	100.000000E+0	9.250157E+6	9.250157E+6	1.345735E+6	1.345735E+6	999.572000E-3	
11.014414E+3	258.348938E+0	258.780000E+0	1.116235E+0	100.000000E+0	29.562327E+6	29.562327E+6	4.391881E+6	4.391881E+6	1.001276E+0	
11.019898E+3	258.440376E+0	258.880000E+0	915.694497E-3	100.000000E+0	6.722357E+6	6.722357E+6	1.022698E+6	1.022698E+6	999.480000E-3	
11.025382E+3	258.531781E+0	258.960000E+0	744.397348E-3	100.000000E+0	6.518829E+6	6.518829E+6	901.289702E+3	901.289702E+3	999.532000E-3	
11.030859E+3	258.623170E+0	259.050000E+0	777.548435E-3	100.000000E+0	7.711136E+6	7.711136E+6	1.098035E+6	1.098035E+6	999.903000E-3	
11.036355E+3	258.714458E+0	259.150000E+0	923.206477E-3	100.000000E+0	8.889777E+6	8.889777E+6	1.259335E+6	1.259335E+6	1.000011E+0	
11.041843E+3	258.806064E+0	259.250000E+0	890.717343E-3	100.000000E+0	13.619469E+6	13.619469E+6	2.039683E+6	2.039683E+6	1.000350E+0	
11.047337E+3	258.897519E+0	259.330000E+0	873.599072E-3	100.000000E+0	9.641959E+6	9.641959E+6	1.470760E+6	1.470760E+6	1.000064E+0	
11.052822E+3	258.989091E+0	259.430000E+0	905.404908E-3	100.000000E+0	9.311770E+6	9.311770E+6	1.288598E+6	1.288598E+6	999.246000E-3	
11.058302E+3	259.080513E+0	259.520000E+0	921.883165E-3	100.000000E+0	7.561907E+6	7.561907E+6	1.058935E+6	1.058935E+6	999.306000E-3	
11.063809E+3	259.171851E+0	259.620000E+0	906.745907E-3	100.000000E+0	11.737006E+6	11.737006E+6	1.827778E+6	1.827778E+6	1.000345E+0	
11.069342E+3	259.263623E+0	259.720000E+0	891.180666E-3	100.000000E+0	7.377550E+6	7.377550E+6	1.069413E+6	1.069413E+6	999.658000E-3	
11.074823E+3	259.355845E+0	259.800000E+0	906.668834E-3	100.000000E+0	8.270830E+6	8.270830E+6	1.261483E+6	1.261483E+6	999.199000E-3	
11.080320E+3	259.447200E+0	259.900000E+0	947.849475E-3	100.000000E+0	8.013934E+6	8.013934E+6	1.143836E+6	1.143836E+6	999.578000E-3	
11.085800E+3	259.538806E+0	259.990000E+0	958.233976E-3	100.000000E+0	26.560445E+6	26.560445E+6	3.878819E+6	3.878819E+6	1.001860E+0	
11.091281E+3	259.630144E+0	260.090000E+0	979.375758E-3	100.000000E+0	10.180926E+6	10.180926E+6	1.419788E+6	1.419788E+6	1.000276E+0	
11.096763E+3	259.721499E+0	260.090000E+0	982.801092E-3	100.000000E+0	8.485557E+6	8.485557E+6	1.188217E+6	1.188217E+6	999.344000E-3	
11.102278E+3	259.812855E+0	260.190000E+0	1.000917E+0	100.000000E+0	10.026613E+6	10.026613E+6	1.424534E+6	1.424534E+6	1.000656E+0	
11.107777E+3	259.904777E+0	260.190000E+0	855.236266E-3	100.000000E+0	9.487569E+6	9.487569E+6	1.424958E+6	1.424958E+6	999.041000E-3	
11.113291E+3	259.996432E+0	260.370000E+0	701.634166E-3	100.000000E+0	11.194068E+6	11.194068E+6	1.704778E+6	1.704778E+6	1.000190E+0	
11.118800E+3	260.088320E+0	260.460000E+0	548.014065E-3	100.000000E+0	9.944556E+6	9.944556E+6	1.405673E+6	1.405673E+6	1.000124E+0	
11.124281E+3	260.180142E+0	260.560000E+0	692.976864E-3	100.000000E+0	7.937924E+6	7.937924E+6	1.131341E+6	1.131341E+6	998.829000E-3	
11.129790E+3	260.271497E+0	260.640000E+0	1.001003E+0	100.000000E+0	8.807742E+6	8.807742E+6	1.323674E+6	1.323674E+6	1.000031E+0	
11.135302E+3	260.363303E+0	260.740000E+0	1.163131E+0	100.000000E+0	7.926290E+6	7.926290E+6	1.161399E+6	1.161399E+6	999.743000E-3	
11.140781E+3	260.455175E+0	260.740000E+0	1.161469E+0	100.000000E+0	8.543415E+6	8.543415E+6	1.258120E+6	1.258120E+6	999.665000E-3	
11.146274E+3	260.546497E+0	260.840000E+0	998.243489E-3	100.000000E+0	8.357321E+6	8.357321E+6	1.231378E+6	1.231378E+6	999.452000E-3	
11.151799E+3	260.638035E+0	260.930000E+0	835.799268E-3	100.000000E+0	8.678244E+6	8.678244E+6	1.298807E+6	1.298807E+6	999.994000E-3	
11.157286E+3	260.730124E+0	261.030000E+0	691.965829E-3	100.000000E+0	10.940674E+6	10.940674E+6	1.554212E+6	1.554212E+6	1.000634E+0	
11.162763E+3	260.821579E+0	261.110000E+0	710.697056E-3	100.000000E+0	9.133961E+6	9.133961E+6	1.268966E+6	1.268966E+6	999.438000E-3	
11.168241E+3	260.912868E+0	261.210000E+0	874.585558E-3	100.000000E+0	12.834232E+6	12.834232E+6	1.819241E+6	1.819241E+6	999.530000E-3	
11.173718E+3	261.004156E+0	261.310000E+0	1.020559E+0	100.000000E+0	8.772163E+6	8.772163E+6	1.348921E+6	1.348921E+6	1.000202E+0	
11.179197E+3	261.095445E+0	261.410000E+0	1.002964E+0	100.000000E+0	9.042175E+6	9.042175E+6	1.345479E+6	1.345479E+6	999.522000E-3	
11.184690E+3	261.186767E+0	261.500000E+0	1.022080E+0	100.000000E+0	8.766866E+6	8.766866E+6	1.360211E+6	1.360211E+6	998.809000E-3	
11.190202E+3	261.278305E+0	261.590000E+0	1.058877E+0	100.000000E+0	6.953073E+6	6.953073E+6	996.005076E+3	996.005076E+3	999.991000E-3	
11.195687E+3	261.370177E+0	261.680000E+0	1.076188E+0	100.000000E+0	8.750630E+6	8.750630E+6	1.221793E+6	1.221793E+6	999.497000E-3	
11.201198E+3	261.461599E+0	261.780000E+0	1.029033E+0	100.000000E+0	9.551404E+6	9.551404E+6	1.489956E+6	1.489956E+6	1.000223E+0	
11.206682E+3	261.553437E+0	261.880000E+0	982.650813E-3	100.000000E+0	8.646384E+6	8.646384E+6	1.358285E+6	1.358285E+6	999.522000E-3	
11.212173E+3	261.644843E+0	261.980000E+0	983.029228E-3	100.000000E+0	10.396934E+6	10.396934E+6	1.544731E+6	1.544731E+6	1.000497E+0	
11.217657E+3	261.736365E+0	262.060000E+0	1.029618E+0	100.000000E+0	10.582892E+6	10.582892E+6	1.664916E+6	1.664916E+6	999.025000E-3	
11.223134E+3	261.827753E+0	262.060000E+0	1.075767E+0	100.000000E+0	8.303129E+6	8.303129E+6	1.182876E+6	1.182876E+6	1.000278E+0	
11.228608E+3	261.919042E+0	262.160000E+0	1.057568E+0	100.000000E+0	8.320408E+6	8.320408E+6	1.187951E+6	1.187951E+6	998.865000E-3	
11.234096E+3	262.010280E+0	262.260000E+0	839.069037E-3	100.000000E+0	7.068362E+6	7.068362E+6	993.716498E+3	993.716498E+3	999.537000E-3	
11.239585E+3	262.101736E+0	262.350000E+0	657.114276E-3	100.000000E+0	7.195790E+6	7.195790E+6	1.138014E+6	1.138014E+6	999.999000E-3	
11.245067E+3	262.193224E+0	262.450000E+0	693.508803E-3	100.000000E+0	9.445984E+6	9.445984E+6	1.479052E+6	1.479052E+6	999.574000E-3	
11.250542E+3	262.284596E+0	262.530000E+0	893.553338E-3	100.000000E+0	9.812440E+6	9.812440E+6	1.371869E+6	1.371869E+6	999.397000E-3	
11.256032E+3	262.375851E+0	262.630000E+0	1.057334E+0	100.000000E+0	7.215408E+6	7.215408E+6	1.042828E+6	1.042828E+6	999.767000E-3	
11.261513E+3	262.467340E+0	262.730000E+0	1.020164E+0	100.000000E+0	10.067911E+6	10.067911E+6	1.453348E+6	1.453348E+6	1.000247E+0	
11.266993E+3	262.558695E+0	262.830000E+0	1.000484E+0	100.000000E+0	8.823378E+6	8.823378E+6	1.380780E+6	1.380780E+6	999.777000E-3	
11.272518E+3	262.650034E+0	263.030000E+0	1.017795E+0	100.000000E+0	6.684369E+6	6.684369E+6	1.027803E+6	1.027803E+6	999.380000E-3	
11.277994E+3	262.742105E+0	263.110000E+0	1.055364E+0	100.000000E+0	13.878128E+6	13.878128E+6	1.948176E+6	1.948176E+6	1.000613E+0	
11.283494E+3	262.833377E+0	263.110000E+0	1.276537E+0	100.000000E+0	10.758417E+6	10.758417E+6	1.530757E+6	1.530757E+6	998.919000E-3	
11.288976E+3	262.925049E+0	263.210000E+0	1.423017E+0	100.000000E+0	6.864727E+6	6.864727E+6	1.063129E+6	1.063129E+6	999.161000E-3	
11.294477E+3	263.016404E+0	263.310000E+0	1.199547E+0	100.000000E+0	12.890217E+6	12.890217E+6	1.993815E+6	1.993815E+6	998.734000E-3	
11.299956E+3	263.108093E+0	263.400000E+0	828.861059E-3	100.000000E+0	9.255561E+6	9.255561E+6	1.319680E+6	1.319680E+6	998.675000E-3	
11.305477E+3	263.199415E+0	263.500000E+0	683.209873E-3	100.000000E+0	8.110532E+6	8.110532E+6	1.222278E+6	1.222278E+6	999.542000E-3	
11.311006E+3	263.291420E+0	263.580000E+0	888.306739E-3	100.000000E+0	8.198647E+6	8.198647E+6	1.252075E+6	1.252075E+6	1.000071E+0	
11.316531E+3	263.383575E+0	263.680000E+0	1.057753E+0	100.000000E+0	8.358021E+6	8.358021E+6	1.299745E+6	1.299745E+6	999.285000E-3	
11.322034E+3	263.475664E+0	263.780000E+0	1.021043E+0	100.000000E+0	8.509656E+6	8.509656E+6	1.255761E+6	1.255761E+6	1.000225E+0	
11.327548E+3	263.567369E+0	263.880000E+0	1.002653E+0	100.000000E+0	13.250086E+6	13.250086E+6	1.873982E+6	1.873982E+6	1.000514E+0	
11.333053E+3	263.659275E+0	263.980000E+0	1.020955E+0	100.000000E+0	7.610025E+6	7.610025E+6	1.131960E+6	1.131960E+6	999.729000E-3	
11.338573E+3	263.751030E+0	264.080000E+0	1.057964E+0	100.000000E+0	8.309508E+6	8.309508E+6	1.304398E+6	1.304398E+6	999.800000E-3	
11.344066E+3	263.843018E+0	264.160000E+0	1.094728E+0	100.000000E+0	10.724984E+6	10.724984E+6	1.559939E+6	1.559939E+6	998.925000E-3	
11.349551E+3	263.934574E+0	264.260000E+0	1.094761E+0	100.000000E+0	9.042131E+6	9.042131E+6	1.397421E+6	1.397421E+6	999.698000E-3	
11.355037E+3	264.025996E+0	264.360000E+0	1.057453E+0	100.000000E+0	23.878897E+6	23.878897E+6	3.726367E+6	3.726367E+6	1.000287E+0	
11.360521E+3	264.117434E+0	264.460000E+0	1.020450E+0	100.000000E+0	7.885011E+6	7.885011E+6	1.208325E+6	1.208325E+6	998.952000E-3	
11.366033E+3	264.208823E+0	264.560000E+0	1.019720E+0	100.000000E+0	9.299135E+6	9.299135E+6	1.341793E+6	1.341793E+6	999.843000E-3	
11.371516E+3	264.300695E+0	264.640000E+0	1.044515E+0	100.000000E+0	8.668205E+6	8.668205E+6	1.341186E+6	1.341186E+6	999.444000E-3	
11.377002E+3	264.392083E+0	264.740000E+0	1.070068E+0	100.000000E+0	8.558203E+6	8.558203E+6	1.297764E+6	1.297764E+6	999.427000E-3	
11.382491E+3	264.483505E+0	264.840000E+0	1.033899E+0	100.000000E+0	7.993787E+6	7.993787E+6	1.112236E+6	1.112236E+6	999.783000E-3	
11.388030E+3	264.574994E+0	264.940000E+0	1.008359E+0	100.000000E+0	16.002207E+6	16.002207E+6	2.527610E+6	2.527610E+6	1.000458E+0	
11.393518E+3	264.667316E+0	265.040000E+0	1.018648E+0	100.000000E+0	19.562739E+6	19.562739E+6	3.033957E+6	3.033957E+6	1.001221E+0	
11.398998E+3	264.758771E+0	265.040000E+0	1.055547E+0	100.000000E+0	8.709400E+6	8.709400E+6	1.302560E+6	1.302560E+6	998.794000E-3	
11.404503E+3	264.850109E+0	265.140000E+0	1.092338E+0	100.000000E+0	11.081520E+6	11.081520E+6	1.632381E+6	1.632381E+6	1.000218E+0	
11.409985E+3	264.941865E+0	265.220000E+0	910.431256E-3	100.000000E+0	8.307666E+6	8.307666E+6	1.175527E+6	1.175527E+6	1.000243E+0	
11.415463E+3	265.033220E+0	265.320000E+0	727.959977E-3	100.000000E+0	12.297330E+6	12.297330E+6	1.763201E+6	1.763201E+6	999.404000E-3	
11.420954E+3	265.124525E+0	265.420000E+0	692.450866E-3	100.000000E+0	7.831458E+6	7.831458E+6	1.153651E+6	1.153651E+6	999.529000E-3	
11.426436E+3	265.216047E+0	265.520000E+0	838.875547E-3	100.000000E+0	7.785392E+6	7.785392E+6	1.184701E+6	1.184701E+6	999.255000E-3	
11.431940E+3	265.307402E+0	265.520000E+0	1.021114E+0	100.000000E+0	10.122879E+6	10.122879E+6	1.556582E+6	1.556582E+6	1.000849E+0	
11.437418E+3	265.399141E+0	265.620000E+0	1.057386E+0	100.000000E+0	6.886686E+6	6.886686E+6	1.072012E+6	1.072012E+6	999.327000E-3	
11.442907E+3	265.490446E+0	265.720000E+0	911.342128E-3	100.000000E+0	8.344862E+6	8.344862E+6	1.157039E+6	1.157039E+6	1.000382E+0	
11.448435E+3	265.581935E+0	265.800000E+0	729.087011E-3	100.000000E+0	11.559746E+6	11.559746E+6	1.807512E+6	1.807512E+6	1.000496E+0	
11.453929E+3	265.674057E+0	265.900000E+0	728.159245E-3	100.000000E+0	7.415982E+6	7.415982E+6	1.053130E+6	1.053130E+6	999.526000E-3	
11.459430E+3	265.765628E+0	266.000000E+0	873.098627E-3	100.000000E+0	15.522619E+6	15.522619E+6	2.207085E+6	2.207085E+6	1.000588E+0	
11.464920E+3	265.857317E+0	266.200000E+0	1.019285E+0	100.000000E+0	7.733346E+6	7.733346E+6	1.209958E+6	1.209958E+6	999.303000E-3	
11.470411E+3	265.948806E+0	266.300000E+0	1.020712E+0	100.000000E+0	7.240795E+6	7.240795E+6	1.076710E+6	1.076710E+6	1.000171E+0	
11.475893E+3	266.040327E+0	266.380000E+0	1.241081E+0	100.000000E+0	12.968547E+6	12.968547E+6	1.840327E+6	1.840327E+6	999.875000E-3	
11.481378E+3	266.131699E+0	266.480000E+0	1.459040E+0	100.000000E+0	11.868181E+6	11.868181E+6	1.677211E+6	1.677211E+6	1.000369E+0	
11.486866E+3	266.223105E+0	266.580000E+0	1.421552E+0	100.000000E+0	10.307176E+6	10.307176E+6	1.558130E+6	1.558130E+6	999.693000E-3	
11.492348E+3	266.314576E+0	266.680000E+0	1.202227E+0	100.000000E+0	7.725902E+6	7.725902E+6	1.126633E+6	1.126633E+6	999.809000E-3	
11.497849E+3	266.405948E+0	266.780000E+0	1.020603E+0	100.000000E+0	9.130529E+6	9.130529E+6	1.288450E+6	1.288450E+6	999.519000E-3	
11.503333E+3	266.497620E+0	266.880000E+0	1.046699E+0	100.000000E+0	8.511854E+6	8.511854E+6	1.252911E+6	1.252911E+6	998.781000E-3	
11.508817E+3	266.589026E+0	266.970000E+0	1.071891E+0	100.000000E+0	7.517059E+6	7.517059E+6	1.176919E+6	1.176919E+6	999.393000E-3	
11.514335E+3	266.680431E+0	267.070000E+0	1.071326E+0	100.000000E+0	8.216591E+6	8.216591E+6	1.220217E+6	1.220217E+6	999.384000E-3	
11.519835E+3	266.772386E+0	267.170000E+0	1.063804E+0	100.000000E+0	7.847182E+6	7.847182E+6	1.156129E+6	1.156129E+6	999.574000E-3	
11.525315E+3	266.864058E+0	267.370000E+0	1.056816E+0	100.000000E+0	6.215005E+6	6.215005E+6	983.601455E+3	983.601455E+3	999.435000E-3	
11.530815E+3	266.955396E+0	267.370000E+0	1.046250E+0	100.000000E+0	7.676946E+6	7.676946E+6	1.141597E+6	1.141597E+6	1.000306E+0	
11.536320E+3	267.047052E+0	267.570000E+0	1.230722E+0	100.000000E+0	7.325401E+6	7.325401E+6	1.063331E+6	1.063331E+6	999.551000E-3	
11.541804E+3	267.138807E+0	267.650000E+0	1.247531E+0	100.000000E+0	8.284295E+6	8.284295E+6	1.203977E+6	1.203977E+6	999.086000E-3	
11.547285E+3	267.230212E+0	267.750000E+0	1.256973E+0	100.000000E+0	8.140446E+6	8.140446E+6	1.143643E+6	1.143643E+6	1.000298E+0	
11.552770E+3	267.321567E+0	267.850000E+0	1.236302E+0	100.000000E+0	9.677598E+6	9.677598E+6	1.518943E+6	1.518943E+6	999.212000E-3	
11.558280E+3	267.412973E+0	267.960000E+0	1.200929E+0	100.000000E+0	10.879673E+6	10.879673E+6	1.684485E+6	1.684485E+6	998.754000E-3	
11.563766E+3	267.504811E+0	268.060000E+0	1.202652E+0	100.000000E+0	7.277283E+6	7.277283E+6	1.080134E+6	1.080134E+6	999.171000E-3	
11.569254E+3	267.596250E+0	268.160000E+0	1.075806E+0	100.000000E+0	11.825198E+6	11.825198E+6	1.872505E+6	1.872505E+6	999.111000E-3	
11.574701E+3	267.687705E+0	268.260000E+0	1.130836E+0	100.000000E+0	7.966664E+6	7.966664E+6	1.127820E+6	1.127820E+6	1.000852E+0	
11.580256E+3	267.778494E+0	268.340000E+0	1.130470E+0	100.000000E+0	8.044172E+6	8.044172E+6	1.249871E+6	1.249871E+6	999.247000E-3	
11.585740E+3	267.871082E+0	268.440000E+0	1.111864E+0	100.000000E+0	10.033494E+6	10.033494E+6	1.507940E+6	1.507940E+6	999.336000E-3	
11.591221E+3	267.962471E+0	268.540000E+0	1.057283E+0	100.000000E+0	7.354011E+6	7.354011E+6	1.048122E+6	1.048122E+6	999.263000E-3	
11.596707E+3	268.053826E+0	268.640000E+0	1.020742E+0	100.000000E+0	6.064448E+6	6.064448E+6	920.968750E+3	920.968750E+3	999.421000E-3	
11.602184E+3	268.145265E+0	268.750000E+0	1.009229E+0	100.000000E+0	16.364524E+6	16.364524E+6	2.427377E+6	2.427377E+6	1.000527E+0	
11.607672E+3	268.236536E+0	268.850000E+0	1.034456E+0	100.000000E+0	10.835239E+6	10.835239E+6	1.707815E+6	1.707815E+6	999.009000E-3	
11.613156E+3	268.328008E+0	268.850000E+0	1.077753E+0	100.000000E+0	7.969354E+6	7.969354E+6	1.127377E+6	1.127377E+6	999.357000E-3	
11.618668E+3	268.419414E+0	268.950000E+0	1.094356E+0	100.000000E+0	7.659377E+6	7.659377E+6	1.213395E+6	1.213395E+6	1.000238E+0	
11.624167E+3	268.511269E+0	268.950000E+0	922.261769E-3	100.000000E+0	7.983806E+6	7.983806E+6	1.250615E+6	1.250615E+6	999.333000E-3	
11.629651E+3	268.602924E+0	269.030000E+0	733.068487E-3	100.000000E+0	8.196386E+6	8.196386E+6	1.158934E+6	1.158934E+6	1.000041E+0	
11.635135E+3	268.694329E+0	269.130000E+0	540.030804E-3	100.000000E+0	6.125573E+6	6.125573E+6	882.992522E+3	882.992522E+3	999.326000E-3	
11.640629E+3	268.785734E+0	269.230000E+0	499.804303E-3	100.000000E+0	6.678738E+6	6.678738E+6	1.059780E+6	1.059780E+6	999.206000E-3	
11.646111E+3	268.877290E+0	269.340000E+0	645.522074E-3	100.000000E+0	7.436512E+6	7.436512E+6	1.181699E+6	1.181699E+6	1.000434E+0	
11.651634E+3	268.968662E+0	269.440000E+0	822.299510E-3	100.000000E+0	14.469355E+6	14.469355E+6	2.308438E+6	2.308438E+6	1.000990E+0	
11.657119E+3	269.060717E+0	269.440000E+0	1.051512E+0	100.000000E+0	7.081055E+6	7.081055E+6	1.053463E+6	1.053463E+6	1.000199E+0	
11.662616E+3	269.152122E+0	269.540000E+0	1.105796E+0	100.000000E+0	6.409209E+6	6.409209E+6	982.874263E+3	982.874263E+3	1.000093E+0	
11.668099E+3	269.243744E+0	269.640000E+0	934.776550E-3	100.000000E+0	12.238849E+6	12.238849E+6	1.921689E+6	1.921689E+6	999.914000E-3	
11.673583E+3	269.335133E+0	269.720000E+0	746.401975E-3	100.000000E+0	8.279022E+6	8.279022E+6	1.259918E+6	1.259918E+6	1.000437E+0	
11.679071E+3	269.426521E+0	269.830000E+0	727.151704E-3	100.000000E+0	10.991865E+6	10.991865E+6	1.672619E+6	1.672619E+6	999.820000E-3	
11.684558E+3	269.517993E+0	269.830000E+0	871.586288E-3	100.000000E+0	8.598107E+6	8.598107E+6	1.228986E+6	1.228986E+6	999.186000E-3	
11.690044E+3	269.609448E+0	269.930000E+0	1.035294E+0	100.000000E+0	7.049457E+6	7.049457E+6	1.104820E+6	1.104820E+6	1.000459E+0	
11.695569E+3	269.700870E+0	270.030000E+0	873.152109E-3	100.000000E+0	6.532067E+6	6.532067E+6	1.040738E+6	1.040738E+6	999.341000E-3	
11.701067E+3	269.792959E+0	270.130000E+0	729.083666E-3	100.000000E+0	8.182244E+6	8.182244E+6	1.241920E+6	1.241920E+6	1.000443E+0	
11.706557E+3	269.884597E+0	270.130000E+0	748.279041E-3	100.000000E+0	7.247886E+6	7.247886E+6	1.160399E+6	1.160399E+6	999.556000E-3	
11.712041E+3	269.976086E+0	270.230000E+0	912.773072E-3	100.000000E+0	6.455500E+6	6.455500E+6	1.014796E+6	1.014796E+6	999.376000E-3	
11.717537E+3	270.067491E+0	270.330000E+0	912.158122E-3	100.000000E+0	9.730810E+6	9.730810E+6	1.476964E+6	1.476964E+6	999.938000E-3	
11.723016E+3	270.159096E+0	270.440000E+0	729.089190E-3	100.000000E+0	6.531935E+6	6.531935E+6	926.554248E+3	926.554248E+3	999.386000E-3	
11.728510E+3	270.250402E+0	270.520000E+0	727.694255E-3	100.000000E+0	7.985873E+6	7.985873E+6	1.155140E+6	1.155140E+6	1.000550E+0	
11.734054E+3	270.341973E+0	270.620000E+0	927.623162E-3	100.000000E+0	8.053645E+6	8.053645E+6	1.242118E+6	1.242118E+6	999.699000E-3	
11.739566E+3	270.434379E+0	270.620000E+0	1.081356E+0	100.000000E+0	7.325572E+6	7.325572E+6	1.046477E+6	1.046477E+6	999.501000E-3	
11.745077E+3	270.526251E+0	270.720000E+0	1.035494E+0	100.000000E+0	6.456764E+6	6.456764E+6	1.026487E+6	1.026487E+6	999.378000E-3	
11.750593E+3	270.618089E+0	270.830000E+0	835.913807E-3	100.000000E+0	8.717185E+6	8.717185E+6	1.311793E+6	1.311793E+6	1.000297E+0	
11.756082E+3	270.710028E+0	270.930000E+0	682.645084E-3	100.000000E+0	8.052178E+6	8.052178E+6	1.254409E+6	1.254409E+6	999.839000E-3	
11.761561E+3	270.801516E+0	271.030000E+0	747.427222E-3	100.000000E+0	8.965165E+6	8.965165E+6	1.433777E+6	1.433777E+6	999.078000E-3	
11.767086E+3	270.892822E+0	271.130000E+0	946.868722E-3	100.000000E+0	8.441985E+6	8.441985E+6	1.305755E+6	1.305755E+6	999.531000E-3	
11.772601E+3	270.984910E+0	271.320000E+0	1.128212E+0	100.000000E+0	8.477183E+6	8.477183E+6	1.262807E+6	1.262807E+6	999.799000E-3	
11.778084E+3	271.076832E+0	271.420000E+0	1.110554E+0	100.000000E+0	8.639090E+6	8.639090E+6	1.281082E+6	1.281082E+6	1.000493E+0	
11.783578E+3	271.168204E+0	271.520000E+0	1.258359E+0	100.000000E+0	7.477350E+6	7.477350E+6	1.169426E+6	1.169426E+6	998.974000E-3	
11.789106E+3	271.259776E+0	271.630000E+0	1.423329E+0	100.000000E+0	7.256149E+6	7.256149E+6	1.101119E+6	1.101119E+6	999.462000E-3	
11.794593E+3	271.351915E+0	271.730000E+0	1.422531E+0	100.000000E+0	7.525421E+6	7.525421E+6	1.093024E+6	1.093024E+6	999.978000E-3	
11.800081E+3	271.443353E+0	271.830000E+0	1.274760E+0	100.000000E+0	7.348486E+6	7.348486E+6	1.042946E+6	1.042946E+6	999.688000E-3	
11.805589E+3	271.534825E+0	271.930000E+0	1.126696E+0	100.000000E+0	8.656534E+6	8.656534E+6	1.327018E+6	1.327018E+6	998.964000E-3	
11.811073E+3	271.626630E+0	271.930000E+0	1.125769E+0	100.000000E+0	6.961515E+6	6.961515E+6	1.001115E+6	1.001115E+6	999.952000E-3	
11.816553E+3	271.718019E+0	272.040000E+0	1.108515E+0	100.000000E+0	6.303065E+6	6.303065E+6	961.963239E+3	961.963239E+3	999.603000E-3	
11.822035E+3	271.809357E+0	272.120000E+0	910.200001E-3	100.000000E+0	17.815026E+6	17.815026E+6	2.803803E+6	2.803803E+6	1.000670E+0	
11.827516E+3	271.900729E+0	272.220000E+0	747.453754E-3	100.000000E+0	6.607314E+6	6.607314E+6	1.043322E+6	1.043322E+6	1.000017E+0	
11.833002E+3	271.992085E+0	272.330000E+0	729.319639E-3	100.000000E+0	7.140544E+6	7.140544E+6	1.132683E+6	1.132683E+6	999.462000E-3	
11.838482E+3	272.083506E+0	272.330000E+0	875.253377E-3	100.000000E+0	6.157689E+6	6.157689E+6	901.991306E+3	901.991306E+3	998.654000E-3	
11.843967E+3	272.174845E+0	272.430000E+0	1.057941E+0	100.000000E+0	19.956784E+6	19.956784E+6	3.167004E+6	3.167004E+6	1.001631E+0	
11.849455E+3	272.266267E+0	272.530000E+0	911.942531E-3	100.000000E+0	6.422019E+6	6.422019E+6	1.030968E+6	1.030968E+6	999.523000E-3	
11.854966E+3	272.357722E+0	272.630000E+0	765.859346E-3	100.000000E+0	6.086414E+6	6.086414E+6	898.785075E+3	898.785075E+3	999.937000E-3	
11.860447E+3	272.449577E+0	272.740000E+0	747.209607E-3	100.000000E+0	7.539088E+6	7.539088E+6	1.136446E+6	1.136446E+6	1.000060E+0	
11.865969E+3	272.540933E+0	272.740000E+0	910.248893E-3	100.000000E+0	6.421541E+6	6.421541E+6	995.467044E+3	995.467044E+3	999.577000E-3	
11.871461E+3	272.632955E+0	272.840000E+0	1.109890E+0	100.000000E+0	7.827283E+6	7.827283E+6	1.229197E+6	1.229197E+6	998.683000E-3	
11.876946E+3	272.724493E+0	272.940000E+0	945.359258E-3	100.000000E+0	6.717886E+6	6.717886E+6	1.070935E+6	1.070935E+6	999.823000E-3	
11.882433E+3	272.815915E+0	273.030000E+0	763.931895E-3	100.000000E+0	10.164851E+6	10.164851E+6	1.600813E+6	1.600813E+6	1.000323E+0	
11.887944E+3	272.907354E+0	273.130000E+0	746.413433E-3	100.000000E+0	8.298887E+6	8.298887E+6	1.195001E+6	1.195001E+6	999.269000E-3	
11.893421E+3	272.999209E+0	273.130000E+0	892.083027E-3	100.000000E+0	16.812300E+6	16.812300E+6	2.681858E+6	2.681858E+6	1.000500E+0	
11.898927E+3	273.090497E+0	273.230000E+0	1.055556E+0	100.000000E+0	13.007260E+6	13.007260E+6	2.065952E+6	2.065952E+6	999.738000E-3	
11.904450E+3	273.182253E+0	273.340000E+0	873.102432E-3	100.000000E+0	7.669895E+6	7.669895E+6	1.198414E+6	1.198414E+6	999.464000E-3	
11.910002E+3	273.274308E+0	273.340000E+0	709.625078E-3	100.000000E+0	5.904394E+6	5.904394E+6	920.232105E+3	920.232105E+3	999.732000E-3	
11.915488E+3	273.366847E+0	273.440000E+0	746.971417E-3	100.000000E+0	7.077176E+6	7.077176E+6	1.133131E+6	1.133131E+6	1.000005E+0	
11.920967E+3	273.458268E+0	273.540000E+0	765.792319E-3	100.000000E+0	6.157585E+6	6.157585E+6	913.971666E+3	913.971666E+3	999.684000E-3	
11.926486E+3	273.549590E+0	273.650000E+0	765.808930E-3	100.000000E+0	7.347166E+6	7.347166E+6	1.129714E+6	1.129714E+6	999.288000E-3	
11.931965E+3	273.641579E+0	273.750000E+0	746.516082E-3	100.000000E+0	6.990755E+6	6.990755E+6	1.112766E+6	1.112766E+6	999.678000E-3	
11.937453E+3	273.732901E+0	273.750000E+0	927.147297E-3	100.000000E+0	7.148853E+6	7.148853E+6	1.069666E+6	1.069666E+6	1.000196E+0	
11.942940E+3	273.824356E+0	273.850000E+0	1.126239E+0	100.000000E+0	7.365851E+6	7.365851E+6	1.100837E+6	1.100837E+6	999.546000E-3	
11.948421E+3	273.915811E+0	273.960000E+0	944.101624E-3	100.000000E+0	7.489398E+6	7.489398E+6	1.077129E+6	1.077129E+6	1.000284E+0	
11.953910E+3	274.007166E+0	273.960000E+0	744.550373E-3	100.000000E+0	7.155525E+6	7.155525E+6	1.034351E+6	1.034351E+6	999.126000E-3	
11.959393E+3	274.098638E+0	274.040000E+0	745.140037E-3	100.000000E+0	6.394582E+6	6.394582E+6	944.511930E+3	944.511930E+3	999.665000E-3	
11.964877E+3	274.190027E+0	274.150000E+0	763.375105E-3	100.000000E+0	7.084561E+6	7.084561E+6	1.039305E+6	1.039305E+6	999.419000E-3	
11.970412E+3	274.281432E+0	274.250000E+0	727.188765E-3	100.000000E+0	6.704489E+6	6.704489E+6	1.081256E+6	1.081256E+6	999.103000E-3	
11.975885E+3	274.373671E+0	274.250000E+0	691.787820E-3	100.000000E+0	7.471390E+6	7.471390E+6	1.131010E+6	1.131010E+6	999.672000E-3	
11.981355E+3	274.464893E+0	274.350000E+0	874.251623E-3	100.000000E+0	8.021764E+6	8.021764E+6	1.121528E+6	1.121528E+6	1.000314E+0	
11.986846E+3	274.556065E+0	274.350000E+0	910.504038E-3	100.000000E+0	8.692942E+6	8.692942E+6	1.336850E+6	1.336850E+6	998.906000E-3	
11.992371E+3	274.647570E+0	274.460000E+0	746.073951E-3	100.000000E+0	6.773877E+6	6.773877E+6	1.015315E+6	1.015315E+6	1.000163E+0	
11.997850E+3	274.739658E+0	274.560000E+0	545.704924E-3	100.000000E+0	8.745811E+6	8.745811E+6	1.278049E+6	1.278049E+6	1.000171E+0	
12.003329E+3	274.830980E+0	274.560000E+0	563.902235E-3	100.000000E+0	6.449003E+6	6.449003E+6	1.046094E+6	1.046094E+6	999.015000E-3	
12.008821E+3	274.922285E+0	274.660000E+0	764.499087E-3	100.000000E+0	10.411901E+6	10.411901E+6	1.514315E+6	1.514315E+6	999.126000E-3	
12.014302E+3	275.013824E+0	274.770000E+0	765.062573E-3	100.000000E+0	12.494467E+6	12.494467E+6	1.897515E+6	1.897515E+6	1.000432E+0	
12.019796E+3	275.105179E+0	274.870000E+0	747.445478E-3	100.000000E+0	10.457977E+6	10.457977E+6	1.565364E+6	1.565364E+6	998.946000E-3	
12.025282E+3	275.196751E+0	274.870000E+0	747.445478E-3	100.000000E+0	8.802701E+6	8.802701E+6	1.382115E+6	1.382115E+6	1.000603E+0	
12.030793E+3	275.288173E+0	274.980000E+0	947.773310E-3	100.000000E+0	7.644209E+6	7.644209E+6	1.102915E+6	1.102915E+6	999.939000E-3	
12.036297E+3	275.380028E+0	275.060000E+0	947.806581E-3	100.000000E+0	7.333265E+6	7.333265E+6	1.062096E+6	1.062096E+6	999.084000E-3	
12.041793E+3	275.471767E+0	275.060000E+0	765.880842E-3	100.000000E+0	6.913756E+6	6.913756E+6	1.082398E+6	1.082398E+6	999.176000E-3	
12.047274E+3	275.563355E+0	275.170000E+0	729.973568E-3	100.000000E+0	6.869030E+6	6.869030E+6	1.062042E+6	1.062042E+6	999.650000E-3	
12.052752E+3	275.654711E+0	275.170000E+0	693.160648E-3	100.000000E+0	7.245313E+6	7.245313E+6	1.171614E+6	1.171614E+6	999.346000E-3	
12.058232E+3	275.746016E+0	275.270000E+0	692.302804E-3	100.000000E+0	9.465008E+6	9.465008E+6	1.527456E+6	1.527456E+6	1.000546E+0	
12.063722E+3	275.837338E+0	275.270000E+0	545.787441E-3	100.000000E+0	11.156449E+6	11.156449E+6	1.711374E+6	1.711374E+6	1.001626E+0	
12.069205E+3	275.928843E+0	275.370000E+0	581.755817E-3	100.000000E+0	8.379320E+6	8.379320E+6	1.272272E+6	1.272272E+6	1.000407E+0	
12.074685E+3	276.020232E+0	275.370000E+0	563.561825E-3	100.000000E+0	6.996212E+6	6.996212E+6	1.016992E+6	1.016992E+6	999.269000E-3	
12.080170E+3	276.111553E+0	275.480000E+0	545.656639E-3	100.000000E+0	7.327478E+6	7.327478E+6	1.128805E+6	1.128805E+6	999.468000E-3	
12.085697E+3	276.202975E+0	275.480000E+0	546.484550E-3	100.000000E+0	10.280395E+6	10.280395E+6	1.653430E+6	1.653430E+6	1.000488E+0	
12.091177E+3	276.295097E+0	275.580000E+0	564.714892E-3	100.000000E+0	6.395425E+6	6.395425E+6	1.002966E+6	1.002966E+6	999.541000E-3	
12.096658E+3	276.386419E+0	275.690000E+0	582.256202E-3	100.000000E+0	15.459193E+6	15.459193E+6	2.493721E+6	2.493721E+6	1.000519E+0	
12.102137E+3	276.477774E+0	275.690000E+0	582.090014E-3	100.000000E+0	6.838767E+6	6.838767E+6	1.071825E+6	1.071825E+6	999.349000E-3	
12.107619E+3	276.569096E+0	275.690000E+0	764.523576E-3	100.000000E+0	6.918705E+6	6.918705E+6	1.052899E+6	1.052899E+6	999.407000E-3	
12.113106E+3	276.660452E+0	275.790000E+0	765.142960E-3	100.000000E+0	8.173158E+6	8.173158E+6	1.234921E+6	1.234921E+6	999.332000E-3	
12.118585E+3	276.751907E+0	275.900000E+0	582.921039E-3	100.000000E+0	11.375879E+6	11.375879E+6	1.727780E+6	1.727780E+6	999.826000E-3	
12.124063E+3	276.843229E+0	275.900000E+0	382.870399E-3	100.000000E+0	8.281209E+6	8.281209E+6	1.245411E+6	1.245411E+6	999.956000E-3	
12.129551E+3	276.934534E+0	276.000000E+0	564.828435E-3	100.000000E+0	7.975118E+6	7.975118E+6	1.246380E+6	1.246380E+6	1.000638E+0	
12.135036E+3	277.025989E+0	276.000000E+0	765.126546E-3	100.000000E+0	10.496318E+6	10.496318E+6	1.675223E+6	1.675223E+6	1.000509E+0	
12.140516E+3	277.117411E+0	276.100000E+0	764.894013E-3	100.000000E+0	11.137899E+6	11.137899E+6	1.639486E+6	1.639486E+6	1.001854E+0	
12.146035E+3	277.208750E+0	276.100000E+0	564.559417E-3	100.000000E+0	6.066288E+6	6.066288E+6	870.204819E+3	870.204819E+3	999.603000E-3	
12.151510E+3	277.300722E+0	276.100000E+0	546.649413E-3	100.000000E+0	8.826556E+6	8.826556E+6	1.284478E+6	1.284478E+6	999.784000E-3	
12.157002E+3	277.391977E+0	276.210000E+0	546.483680E-3	100.000000E+0	6.484318E+6	6.484318E+6	986.390492E+3	986.390492E+3	999.817000E-3	
12.162489E+3	277.483515E+0	276.300000E+0	364.361319E-3	100.000000E+0	8.631313E+6	8.631313E+6	1.262562E+6	1.262562E+6	999.765000E-3	
12.167971E+3	277.574954E+0	276.300000E+0	382.618427E-3	100.000000E+0	7.197983E+6	7.197983E+6	1.160978E+6	1.160978E+6	999.368000E-3	
12.173460E+3	277.666326E+0	276.400000E+0	564.856757E-3	100.000000E+0	6.989175E+6	6.989175E+6	1.020483E+6	1.020483E+6	999.452000E-3	
12.178944E+3	277.757814E+0	276.400000E+0	728.766881E-3	100.000000E+0	6.478924E+6	6.478924E+6	1.019939E+6	1.019939E+6	999.698000E-3	
12.184476E+3	277.849203E+0	276.400000E+0	710.293797E-3	100.000000E+0	6.764560E+6	6.764560E+6	982.544156E+3	982.544156E+3	999.599000E-3	
12.189966E+3	277.941408E+0	276.500000E+0	527.873510E-3	100.000000E+0	7.865793E+6	7.865793E+6	1.222681E+6	1.222681E+6	999.113000E-3	
12.195483E+3	278.032913E+0	276.500000E+0	363.963385E-3	100.000000E+0	7.563853E+6	7.563853E+6	1.100128E+6	1.100128E+6	1.000017E+0	
12.200962E+3	278.124852E+0	276.610000E+0	364.295873E-3	100.000000E+0	7.549626E+6	7.549626E+6	1.136386E+6	1.136386E+6	999.344000E-3	
12.206506E+3	278.216174E+0	276.710000E+0	364.477830E-3	100.000000E+0	7.292594E+6	7.292594E+6	1.080176E+6	1.080176E+6	1.000398E+0	
12.212004E+3	278.308579E+0	276.710000E+0	564.484575E-3	100.000000E+0	6.810101E+6	6.810101E+6	1.057659E+6	1.057659E+6	999.791000E-3	
12.217489E+3	278.400218E+0	276.820000E+0	762.841455E-3	100.000000E+0	6.485817E+6	6.485817E+6	1.046055E+6	1.046055E+6	1.000113E+0	
12.222992E+3	278.491623E+0	276.820000E+0	761.869746E-3	100.000000E+0	6.178740E+6	6.178740E+6	910.224028E+3	910.224028E+3	999.782000E-3	
12.228475E+3	278.583345E+0	276.920000E+0	761.651777E-3	100.000000E+0	6.995336E+6	6.995336E+6	1.049376E+6	1.049376E+6	1.000403E+0	
12.233964E+3	278.674733E+0	276.920000E+0	580.942601E-3	100.000000E+0	6.317365E+6	6.317365E+6	1.022912E+6	1.022912E+6	1.000102E+0	
12.239453E+3	278.766205E+0	277.030000E+0	582.312569E-3	100.000000E+0	8.661303E+6	8.661303E+6	1.267846E+6	1.267846E+6	1.000034E+0	
12.244938E+3	278.857694E+0	277.030000E+0	564.546693E-3	100.000000E+0	5.998812E+6	5.998812E+6	934.388766E+3	934.388766E+3	999.582000E-3	
12.250418E+3	278.949116E+0	277.130000E+0	564.437495E-3	100.000000E+0	10.650644E+6	10.650644E+6	1.679300E+6	1.679300E+6	1.000202E+0	
12.255903E+3	279.040438E+0	277.130000E+0	581.981885E-3	100.000000E+0	7.270243E+6	7.270243E+6	1.104046E+6	1.104046E+6	999.513000E-3	
12.261399E+3	279.131860E+0	277.130000E+0	581.058825E-3	100.000000E+0	10.462639E+6	10.462639E+6	1.693760E+6	1.693760E+6	1.000019E+0	
12.266875E+3	279.223465E+0	277.240000E+0	562.674853E-3	100.000000E+0	8.136544E+6	8.136544E+6	1.314793E+6	1.314793E+6	998.598000E-3	
12.272400E+3	279.314720E+0	277.240000E+0	362.758993E-3	100.000000E+0	7.436136E+6	7.436136E+6	1.078633E+6	1.078633E+6	999.491000E-3	
12.277900E+3	279.406809E+0	277.340000E+0	381.067617E-3	100.000000E+0	7.467885E+6	7.467885E+6	1.089388E+6	1.089388E+6	998.755000E-3	
12.283381E+3	279.498481E+0	277.340000E+0	398.672425E-3	100.000000E+0	12.863904E+6	12.863904E+6	1.951757E+6	1.951757E+6	1.001069E+0	
12.288869E+3	279.589819E+0	277.340000E+0	580.994023E-3	100.000000E+0	7.213731E+6	7.213731E+6	1.149797E+6	1.149797E+6	999.246000E-3	
12.294341E+3	279.681291E+0	277.450000E+0	563.973666E-3	100.000000E+0	7.932399E+6	7.932399E+6	1.175434E+6	1.175434E+6	999.403000E-3	
12.299828E+3	279.772496E+0	277.450000E+0	364.709707E-3	100.000000E+0	7.125898E+6	7.125898E+6	1.158154E+6	1.158154E+6	999.621000E-3	
12.305341E+3	279.863935E+0	277.550000E+0	382.759203E-3	100.000000E+0	6.397427E+6	6.397427E+6	939.113280E+3	939.113280E+3	999.598000E-3	
12.310825E+3	279.955823E+0	277.550000E+0	400.815207E-3	100.000000E+0	6.606956E+6	6.606956E+6	997.049527E+3	997.049527E+3	999.170000E-3	
12.316319E+3	280.047229E+0	277.640000E+0	583.086954E-3	100.000000E+0	8.170563E+6	8.170563E+6	1.311675E+6	1.311675E+6	998.933000E-3	
12.321808E+3	280.138801E+0	277.640000E+0	564.821630E-3	100.000000E+0	6.527213E+6	6.527213E+6	999.559736E+3	999.559736E+3	999.251000E-3	
12.327308E+3	280.230272E+0	277.740000E+0	528.451992E-3	100.000000E+0	7.185121E+6	7.185121E+6	1.123629E+6	1.123629E+6	999.594000E-3	
12.332793E+3	280.321944E+0	277.740000E+0	509.881661E-3	100.000000E+0	8.463643E+6	8.463643E+6	1.340575E+6	1.340575E+6	1.000318E+0	
12.338283E+3	280.413366E+0	277.740000E+0	509.633276E-3	100.000000E+0	8.077901E+6	8.077901E+6	1.202384E+6	1.202384E+6	999.721000E-3	
12.343771E+3	280.504855E+0	277.850000E+0	527.747525E-3	100.000000E+0	7.165536E+6	7.165536E+6	1.092733E+6	1.092733E+6	999.449000E-3	
12.349258E+3	280.596327E+0	277.850000E+0	364.046110E-3	100.000000E+0	9.243025E+6	9.243025E+6	1.479927E+6	1.479927E+6	1.001759E+0	
12.354750E+3	280.687782E+0	277.950000E+0	381.488793E-3	100.000000E+0	9.277184E+6	9.277184E+6	1.413987E+6	1.413987E+6	1.000266E+0	
12.360261E+3	280.779304E+0	277.950000E+0	398.564028E-3	100.000000E+0	6.511354E+6	6.511354E+6	969.968408E+3	969.968408E+3	999.623000E-3	
12.365746E+3	280.871159E+0	278.060000E+0	580.454489E-3	100.000000E+0	8.238462E+6	8.238462E+6	1.211738E+6	1.211738E+6	1.000726E+0	
12.371251E+3	280.962581E+0	278.060000E+0	562.978734E-3	100.000000E+0	7.066714E+6	7.066714E+6	1.032691E+6	1.032691E+6	999.304000E-3	
12.376763E+3	281.054320E+0	278.060000E+0	563.739704E-3	100.000000E+0	7.455595E+6	7.455595E+6	1.200914E+6	1.200914E+6	999.497000E-3	
12.382270E+3	281.146191E+0	278.160000E+0	582.549376E-3	100.000000E+0	18.734575E+6	18.734575E+6	2.741101E+6	2.741101E+6	1.000801E+0	
12.387752E+3	281.237980E+0	278.160000E+0	400.725062E-3	100.000000E+0	8.232258E+6	8.232258E+6	1.248721E+6	1.248721E+6	1.000137E+0	
12.393237E+3	281.329335E+0	278.270000E+0	383.388141E-3	100.000000E+0	7.222829E+6	7.222829E+6	1.099067E+6	1.099067E+6	999.134000E-3	
12.398752E+3	281.420757E+0	278.270000E+0	364.992980E-3	100.000000E+0	6.544103E+6	6.544103E+6	1.036754E+6	1.036754E+6	999.808000E-3	
12.404258E+3	281.512679E+0	278.370000E+0	565.473631E-3	100.000000E+0	6.967778E+6	6.967778E+6	1.114843E+6	1.114843E+6	999.249000E-3	
12.409745E+3	281.604451E+0	278.370000E+0	583.284545E-3	100.000000E+0	8.453695E+6	8.453695E+6	1.251858E+6	1.251858E+6	1.001002E+0	
12.415236E+3	281.695890E+0	278.370000E+0	583.201493E-3	100.000000E+0	6.453167E+6	6.453167E+6	990.071996E+3	990.071996E+3	999.402000E-3	
12.420713E+3	281.787411E+0	278.480000E+0	564.975979E-3	100.000000E+0	6.975614E+6	6.975614E+6	1.035978E+6	1.035978E+6	999.745000E-3	
12.426232E+3	281.878700E+0	278.480000E+0	364.477058E-3	100.000000E+0	10.368521E+6	10.368521E+6	1.562449E+6	1.562449E+6	999.007000E-3	
12.431718E+3	281.970672E+0	278.590000E+0	382.772340E-3	100.000000E+0	6.312745E+6	6.312745E+6	911.717743E+3	911.717743E+3	999.055000E-3	
12.437278E+3	282.062111E+0	278.590000E+0	401.199029E-3	100.000000E+0	7.362502E+6	7.362502E+6	1.105905E+6	1.105905E+6	999.386000E-3	
12.442763E+3	282.154782E+0	278.590000E+0	602.045751E-3	100.000000E+0	6.940021E+6	6.940021E+6	1.019560E+6	1.019560E+6	999.363000E-3	
12.448255E+3	282.246188E+0	278.690000E+0	602.558803E-3	100.000000E+0	6.070383E+6	6.070383E+6	948.892026E+3	948.892026E+3	999.610000E-3	
12.453816E+3	282.337726E+0	278.690000E+0	401.876976E-3	100.000000E+0	7.438571E+6	7.438571E+6	1.125722E+6	1.125722E+6	999.372000E-3	
12.459302E+3	282.430415E+0	278.800000E+0	383.835156E-3	100.000000E+0	7.492656E+6	7.492656E+6	1.102379E+6	1.102379E+6	999.820000E-3	
12.464788E+3	282.521837E+0	278.800000E+0	365.309521E-3	100.000000E+0	6.755799E+6	6.755799E+6	996.482270E+3	996.482270E+3	1.000196E+0	
12.470269E+3	282.613275E+0	278.800000E+0	566.156243E-3	100.000000E+0	8.403066E+6	8.403066E+6	1.222436E+6	1.222436E+6	1.000217E+0	
12.475750E+3	282.704631E+0	278.900000E+0	584.069784E-3	100.000000E+0	8.437525E+6	8.437525E+6	1.283821E+6	1.283821E+6	1.000353E+0	
12.481246E+3	282.795969E+0	278.900000E+0	401.565165E-3	100.000000E+0	10.850553E+6	10.850553E+6	1.740419E+6	1.740419E+6	999.987000E-3	
12.486758E+3	282.887574E+0	279.010000E+0	382.031740E-3	100.000000E+0	8.746724E+6	8.746724E+6	1.267811E+6	1.267811E+6	1.000013E+0	
12.492245E+3	282.979446E+0	279.010000E+0	362.610152E-3	100.000000E+0	6.443530E+6	6.443530E+6	939.757560E+3	939.757560E+3	999.327000E-3	
12.497729E+3	283.070885E+0	279.110000E+0	563.328594E-3	100.000000E+0	9.275550E+6	9.275550E+6	1.414078E+6	1.414078E+6	998.884000E-3	
12.503230E+3	283.162290E+0	279.110000E+0	582.167620E-3	100.000000E+0	8.819023E+6	8.819023E+6	1.332541E+6	1.332541E+6	999.989000E-3	
12.508719E+3	283.253979E+0	279.110000E+0	582.976536E-3	100.000000E+0	10.024214E+6	10.024214E+6	1.448415E+6	1.448415E+6	1.000617E+0	
12.514210E+3	283.345467E+0	279.200000E+0	564.646201E-3	100.000000E+0	8.892610E+6	8.892610E+6	1.410256E+6	1.410256E+6	998.729000E-3	
12.519725E+3	283.436972E+0	279.200000E+0	364.493879E-3	100.000000E+0	6.966667E+6	6.966667E+6	1.122488E+6	1.122488E+6	999.438000E-3	
12.525205E+3	283.528894E+0	279.310000E+0	346.552375E-3	100.000000E+0	9.907695E+6	9.907695E+6	1.568887E+6	1.568887E+6	1.000380E+0	
12.530694E+3	283.620233E+0	279.310000E+0	328.253706E-3	100.000000E+0	9.712952E+6	9.712952E+6	1.470276E+6	1.470276E+6	998.880000E-3	
12.536183E+3	283.711705E+0	279.310000E+0	528.789185E-3	100.000000E+0	7.261043E+6	7.261043E+6	1.115594E+6	1.115594E+6	999.410000E-3	
12.541664E+3	283.803193E+0	279.410000E+0	565.270133E-3	100.000000E+0	7.591999E+6	7.591999E+6	1.136562E+6	1.136562E+6	1.000170E+0	
12.547155E+3	283.894549E+0	279.410000E+0	401.180694E-3	100.000000E+0	10.756217E+6	10.756217E+6	1.726443E+6	1.726443E+6	1.000866E+0	
12.552642E+3	283.986054E+0	279.410000E+0	383.016694E-3	100.000000E+0	7.193205E+6	7.193205E+6	1.126824E+6	1.126824E+6	999.352000E-3	
12.558121E+3	284.077509E+0	279.520000E+0	364.876097E-3	100.000000E+0	6.730614E+6	6.730614E+6	1.090987E+6	1.090987E+6	999.227000E-3	
12.563604E+3	284.168831E+0	279.520000E+0	364.876097E-3	100.000000E+0	6.753176E+6	6.753176E+6	1.108522E+6	1.108522E+6	999.335000E-3	
12.569123E+3	284.260203E+0	279.620000E+0	382.511364E-3	100.000000E+0	8.841854E+6	8.841854E+6	1.435401E+6	1.435401E+6	998.599000E-3	
12.574610E+3	284.352192E+0	279.620000E+0	400.213716E-3	100.000000E+0	8.102082E+6	8.102082E+6	1.336443E+6	1.336443E+6	1.000283E+0	
12.580090E+3	284.443647E+0	279.730000E+0	582.618457E-3	100.000000E+0	7.299218E+6	7.299218E+6	1.109405E+6	1.109405E+6	999.044000E-3	
12.585651E+3	284.534969E+0	279.730000E+0	565.149650E-3	100.000000E+0	5.635016E+6	5.635016E+6	824.592613E+3	824.592613E+3	999.370000E-3	
12.591171E+3	284.627657E+0	279.730000E+0	565.679445E-3	100.000000E+0	6.915747E+6	6.915747E+6	1.017145E+6	1.017145E+6	1.000017E+0	
12.596655E+3	284.719663E+0	279.840000E+0	583.846745E-3	100.000000E+0	8.625239E+6	8.625239E+6	1.262971E+6	1.262971E+6	1.000614E+0	
12.602139E+3	284.811068E+0	279.840000E+0	401.308806E-3	100.000000E+0	6.552507E+6	6.552507E+6	947.362832E+3	947.362832E+3	999.585000E-3	
12.607618E+3	284.902456E+0	279.840000E+0	400.487902E-3	100.000000E+0	7.297423E+6	7.297423E+6	1.050231E+6	1.050231E+6	999.601000E-3	
12.613112E+3	284.993778E+0	279.940000E+0	399.831721E-3	100.000000E+0	6.192676E+6	6.192676E+6	1.000611E+6	1.000611E+6	999.374000E-3	
12.618589E+3	285.085350E+0	279.940000E+0	399.831721E-3	100.000000E+0	7.292298E+6	7.292298E+6	1.179908E+6	1.179908E+6	999.847000E-3	
12.624073E+3	285.176622E+0	279.940000E+0	382.287339E-3	100.000000E+0	6.224897E+6	6.224897E+6	1.012522E+6	1.012522E+6	999.345000E-3	
12.629550E+3	285.268027E+0	280.050000E+0	364.527011E-3	100.000000E+0	6.162521E+6	6.162521E+6	995.021582E+3	995.021582E+3	999.376000E-3	
12.635053E+3	285.359316E+0	280.050000E+0	364.527011E-3	100.000000E+0	6.569754E+6	6.569754E+6	1.038943E+6	1.038943E+6	999.391000E-3	
12.640542E+3	285.451021E+0	280.160000E+0	382.764159E-3	100.000000E+0	6.679880E+6	6.679880E+6	967.904746E+3	967.904746E+3	999.310000E-3	
12.646018E+3	285.542510E+0	280.160000E+0	401.235545E-3	100.000000E+0	6.266090E+6	6.266090E+6	989.970232E+3	989.970232E+3	999.880000E-3	
12.651532E+3	285.633781E+0	280.160000E+0	601.551902E-3	100.000000E+0	6.746127E+6	6.746127E+6	1.036762E+6	1.036762E+6	999.911000E-3	
12.657031E+3	285.725670E+0	280.260000E+0	601.277872E-3	100.000000E+0	6.460717E+6	6.460717E+6	940.939257E+3	940.939257E+3	999.796000E-3	
12.662517E+3	285.817325E+0	280.260000E+0	400.650953E-3	100.000000E+0	5.971022E+6	5.971022E+6	962.830865E+3	962.830865E+3	999.788000E-3	
12.668009E+3	285.908764E+0	280.260000E+0	382.010249E-3	100.000000E+0	8.096762E+6	8.096762E+6	1.226500E+6	1.226500E+6	1.000193E+0	
12.673495E+3	286.000286E+0	280.260000E+0	363.582656E-3	100.000000E+0	8.111221E+6	8.111221E+6	1.269931E+6	1.269931E+6	1.000438E+0	
12.678983E+3	286.091724E+0	280.370000E+0	363.582656E-3	100.000000E+0	7.972413E+6	7.972413E+6	1.249671E+6	1.249671E+6	999.342000E-3	
12.684464E+3	286.183196E+0	280.370000E+0	181.907004E-3	100.000000E+0	7.520909E+6	7.520909E+6	1.122993E+6	1.122993E+6	999.228000E-3	
12.689958E+3	286.274535E+0	280.470000E+0	200.572041E-3	100.000000E+0	9.242269E+6	9.242269E+6	1.469912E+6	1.469912E+6	998.812000E-3	
12.695444E+3	286.366107E+0	280.470000E+0	401.144083E-3	100.000000E+0	10.784465E+6	10.784465E+6	1.569645E+6	1.569645E+6	998.965000E-3	
12.700954E+3	286.457545E+0	280.580000E+0	583.548832E-3	100.000000E+0	7.089266E+6	7.089266E+6	1.140070E+6	1.140070E+6	999.232000E-3	
12.706438E+3	286.549384E+0	280.580000E+0	565.481410E-3	100.000000E+0	5.512519E+6	5.512519E+6	828.272211E+3	828.272211E+3	999.585000E-3	
12.711910E+3	286.640772E+0	280.580000E+0	565.517986E-3	100.000000E+0	6.088576E+6	6.088576E+6	891.497168E+3	891.497168E+3	999.805000E-3	
12.717397E+3	286.731978E+0	280.580000E+0	583.703564E-3	100.000000E+0	8.233144E+6	8.233144E+6	1.328102E+6	1.328102E+6	1.000080E+0	
12.722885E+3	286.823433E+0	280.580000E+0	401.198945E-3	100.000000E+0	6.595921E+6	6.595921E+6	997.240298E+3	997.240298E+3	999.414000E-3	
12.728375E+3	286.914888E+0	280.690000E+0	200.590328E-3	100.000000E+0	9.838509E+6	9.838509E+6	1.523883E+6	1.523883E+6	999.199000E-3	
12.733856E+3	287.006393E+0	280.690000E+0	0.000000E+0	100.000000E+0	7.554981E+6	7.554981E+6	1.097736E+6	1.097736E+6	1.000204E+0	
12.739339E+3	287.097749E+0	280.690000E+0	200.773401E-3	100.000000E+0	6.358884E+6	6.358884E+6	1.032850E+6	1.032850E+6	999.553000E-3	
12.744835E+3	287.189120E+0	280.790000E+0	401.510165E-3	100.000000E+0	6.222534E+6	6.222534E+6	1.011167E+6	1.011167E+6	999.339000E-3	
12.750312E+3	287.280726E+0	280.790000E+0	401.510165E-3	100.000000E+0	7.585598E+6	7.585598E+6	1.218169E+6	1.218169E+6	999.706000E-3	
12.755811E+3	287.372014E+0	280.790000E+0	383.025123E-3	100.000000E+0	6.851433E+6	6.851433E+6	1.075318E+6	1.075318E+6	999.350000E-3	
12.761299E+3	287.463653E+0	280.790000E+0	364.510279E-3	100.000000E+0	5.808243E+6	5.808243E+6	909.671278E+3	909.671278E+3	999.192000E-3	
12.766774E+3	287.555125E+0	280.900000E+0	364.510279E-3	100.000000E+0	7.110554E+6	7.110554E+6	1.062741E+6	1.062741E+6	999.815000E-3	
12.772254E+3	287.646380E+0	280.900000E+0	182.221921E-3	100.000000E+0	6.176803E+6	6.176803E+6	949.833735E+3	949.833735E+3	999.345000E-3	
12.777733E+3	287.737702E+0	280.900000E+0	199.209825E-3	100.000000E+0	7.034018E+6	7.034018E+6	1.134840E+6	1.134840E+6	999.956000E-3	
12.783218E+3	287.829024E+0	281.010000E+0	397.879941E-3	100.000000E+0	6.834450E+6	6.834450E+6	1.056608E+6	1.056608E+6	999.675000E-3	
12.788699E+3	287.920446E+0	281.010000E+0	397.879941E-3	100.000000E+0	8.089187E+6	8.089187E+6	1.193082E+6	1.193082E+6	1.000956E+0	
12.794186E+3	288.011801E+0	281.010000E+0	399.223875E-3	100.000000E+0	11.523253E+6	11.523253E+6	1.774068E+6	1.774068E+6	999.527000E-3	
12.799693E+3	288.103239E+0	281.010000E+0	400.833637E-3	100.000000E+0	6.229254E+6	6.229254E+6	911.322154E+3	911.322154E+3	999.297000E-3	
12.805213E+3	288.195028E+0	281.110000E+0	400.833637E-3	100.000000E+0	8.120979E+6	8.120979E+6	1.189965E+6	1.189965E+6	998.718000E-3	
12.810739E+3	288.287033E+0	281.110000E+0	200.279878E-3	100.000000E+0	6.353343E+6	6.353343E+6	1.020401E+6	1.020401E+6	999.635000E-3	
12.816224E+3	288.379122E+0	281.110000E+0	182.022900E-3	100.000000E+0	13.332455E+6	13.332455E+6	2.127045E+6	2.127045E+6	1.001534E+0	
12.821697E+3	288.470544E+0	281.110000E+0	364.145261E-3	100.000000E+0	10.183648E+6	10.183648E+6	1.642348E+6	1.642348E+6	998.914000E-3	
12.827223E+3	288.561766E+0	281.220000E+0	364.145261E-3	100.000000E+0	8.729687E+6	8.729687E+6	1.293216E+6	1.293216E+6	999.811000E-3	
12.832715E+3	288.653854E+0	281.220000E+0	182.122360E-3	100.000000E+0	7.331162E+6	7.331162E+6	1.192721E+6	1.192721E+6	999.604000E-3	
12.838204E+3	288.745393E+0	281.220000E+0	200.572041E-3	100.000000E+0	7.115444E+6	7.115444E+6	1.034393E+6	1.034393E+6	999.791000E-3	
12.843720E+3	288.836881E+0	281.220000E+0	400.833681E-3	100.000000E+0	8.311646E+6	8.311646E+6	1.216204E+6	1.216204E+6	1.000556E+0	
12.849232E+3	288.928803E+0	281.220000E+0	400.833681E-3	100.000000E+0	6.149529E+6	6.149529E+6	982.550612E+3	982.550612E+3	999.360000E-3	
12.854763E+3	289.020675E+0	281.310000E+0	200.261640E-3	100.000000E+0	7.564537E+6	7.564537E+6	1.215862E+6	1.215862E+6	1.000410E+0	
12.860248E+3	289.112864E+0	281.310000E+0	0.000000E+0	100.000000E+0	6.980715E+6	6.980715E+6	1.102527E+6	1.102527E+6	999.429000E-3	
12.865751E+3	289.204269E+0	281.310000E+0	163.910124E-3	100.000000E+0	6.196819E+6	6.196819E+6	984.570959E+3	984.570959E+3	999.485000E-3	
12.871239E+3	289.295991E+0	281.310000E+0	327.760557E-3	100.000000E+0	6.207252E+6	6.207252E+6	906.695436E+3	906.695436E+3	999.678000E-3	
12.876738E+3	289.387463E+0	281.420000E+0	327.760557E-3	100.000000E+0	7.089195E+6	7.089195E+6	1.051225E+6	1.051225E+6	999.222000E-3	
12.882223E+3	289.479101E+0	281.420000E+0	163.850433E-3	100.000000E+0	7.533728E+6	7.533728E+6	1.191686E+6	1.191686E+6	999.801000E-3	
12.887721E+3	289.570523E+0	281.420000E+0	200.755081E-3	100.000000E+0	12.547755E+6	12.547755E+6	1.937492E+6	1.937492E+6	1.000307E+0	
12.893204E+3	289.662162E+0	281.420000E+0	401.565140E-3	100.000000E+0	7.588832E+6	7.588832E+6	1.133215E+6	1.133215E+6	999.525000E-3	
12.898728E+3	289.753550E+0	281.420000E+0	401.565140E-3	100.000000E+0	6.989424E+6	6.989424E+6	1.104858E+6	1.104858E+6	1.000536E+0	
12.904239E+3	289.845606E+0	281.420000E+0	200.810059E-3	100.000000E+0	6.298909E+6	6.298909E+6	954.773988E+3	954.773988E+3	999.133000E-3	
12.909752E+3	289.937461E+0	281.520000E+0	0.000000E+0	100.000000E+0	5.440977E+6	5.440977E+6	827.661352E+3	827.661352E+3	999.834000E-3	
12.915243E+3	290.000000E+0	281.520000E+0	0.000000E+0	100.000000E+0	6.920770E+6	6.920770E+6	1.028334E+6	1.028334E+6	999.290000E-3	
12.920732E+3	290.000000E+0	281.520000E+0	182.587937E-3	100.000000E+0	8.112397E+6	8.112397E+6	1.287186E+6	1.287186E+6	998.555000E-3	
12.926217E+3	290.000000E+0	281.520000E+0	365.075897E-3	100.000000E+0	6.996809E+6	6.996809E+6	1.059813E+6	1.059813E+6	999.774000E-3	
12.931697E+3	290.000000E+0	281.630000E+0	365.075897E-3	100.000000E+0	6.964626E+6	6.964626E+6	1.118318E+6	1.118318E+6	998.797000E-3	
12.937237E+3	290.000000E+0	281.630000E+0	182.487960E-3	100.000000E+0	8.110874E+6	8.110874E+6	1.315037E+6	1.315037E+6	998.773000E-3	
12.942718E+3	290.000000E+0	281.630000E+0	200.535479E-3	100.000000E+0	6.399629E+6	6.399629E+6	933.176376E+3	933.176376E+3	999.622000E-3	
12.948196E+3	290.000000E+0	281.630000E+0	400.052450E-3	100.000000E+0	7.183352E+6	7.183352E+6	1.067864E+6	1.067864E+6	1.000210E+0	
12.953689E+3	290.000000E+0	281.630000E+0	400.052450E-3	100.000000E+0	6.193318E+6	6.193318E+6	914.355298E+3	914.355298E+3	1.000035E+0	
12.959173E+3	290.000000E+0	281.740000E+0	199.516972E-3	100.000000E+0	7.507228E+6	7.507228E+6	1.219160E+6	1.219160E+6	999.137000E-3	
12.964658E+3	290.000000E+0	281.740000E+0	0.000000E+0	100.000000E+0	7.113626E+6	7.113626E+6	1.060780E+6	1.060780E+6	1.000247E+0	
12.970113E+3	290.000000E+0	281.740000E+0	200.626919E-3	100.000000E+0	6.585963E+6	6.585963E+6	969.398261E+3	969.398261E+3	999.815000E-3	
