Tiempo (min),I pulso (mA),I bias (mA),Vinst 1 (V),Rinst 1 (Ohm),Rrem 1 (Ohm),Vbias 1 (V),Vinst 2 (V),Rinst 2 (Ohm),Rrem 2 (Ohm),Vbias 2 (V),Ancho pulso (s),Periodo (s),Vcc (V),Vrange,NPLC,Ch2?,N bias
0.0248,1e-05,0.0001,0.0003959,39590.0,39208.99999999999,0.0039209,0.000169733,16973.3,18950.481999999996,0.0018950482,0.33,1.0,3.0,10 V,2.0,True,1
0.0585,0.00011,0.0001,0.0043169,39244.545454545456,39264.0,0.0039264,0.0020847861,18952.600909090906,18909.881999999998,0.0018909882,0.33,1.0,3.0,10 V,2.0,True,1
0.0921,0.00021,0.0001,0.0082433,39253.80952380953,39264.0,0.0039264,0.004002702,19060.485714285714,18932.150999999998,0.0018932151,0.33,1.0,3.0,10 V,2.0,True,1
0.1256,0.00031,0.0001,0.0121643,39239.67741935484,39208.99999999999,0.0039209,0.0059204923,19098.362258064517,18929.469999999998,0.001892947,0.33,1.0,3.0,10 V,2.0,True,1
0.1588,0.00041,0.0001,0.0160962,39259.0243902439,39208.99999999999,0.0039209,0.0078366572,19113.798048780485,18923.67,0.001892367,0.33,1.0,3.0,10 V,2.0,True,1
0.1924,0.00051,0.0001,0.0200282,39270.98039215685,39208.99999999999,0.0039209,0.0097555031,19128.43745098039,18878.363999999998,0.0018878364,0.33,1.0,3.0,10 V,2.0,True,1
0.2275,0.0006100000000000001,0.0001,0.0239381,39242.7868852459,39319.0,0.0039319,0.011666633,19125.627868852454,18896.311999999998,0.0018896312,0.33,1.0,3.0,10 V,2.0,True,1
0.2610,0.0007100000000000001,0.0001,0.0278481,39222.676056338016,39264.0,0.0039264,0.013583066,19131.078873239432,18924.381999999998,0.0018924382,0.33,1.0,3.0,10 V,2.0,True,1
0.2945,0.0008100000000000002,0.0001,0.03178,39234.567901234564,39319.0,0.0039319,0.015495955,19130.808641975305,18921.7,0.00189217,0.33,1.0,3.0,10 V,2.0,True,1
0.3280,0.0009100000000000002,0.0001,0.0356955,39225.824175824164,39208.99999999999,0.0039209,0.017408954,19130.718681318674,18931.385,0.0018931385,0.33,1.0,3.0,10 V,2.0,True,1
0.3614,0.0010100000000000003,0.0001,0.0396164,39224.15841584158,39264.0,0.0039264,0.019330982,19139.586138613857,18920.222999999998,0.0018920223,0.33,1.0,3.0,10 V,2.0,True,1
0.3949,0.0011100000000000003,0.0001,0.0435484,39232.79279279278,39264.0,0.0039264,0.021240548,19135.628828828823,18903.425,0.0018903425,0.33,1.0,3.0,10 V,2.0,True,1
0.4283,0.0012100000000000004,0.0001,0.0474748,39235.37190082643,39154.0,0.0039154,0.023154879,19136.26363636363,18922.630999999998,0.0018922631,0.33,1.0,3.0,10 V,2.0,True,1
0.4617,0.0013100000000000004,0.0001,0.0514013,39237.633587786244,39319.0,0.0039319,0.025078621,19143.9854961832,18932.916999999998,0.0018932917,0.33,1.0,3.0,10 V,2.0,True,1
0.4953,0.0014100000000000004,0.0001,0.0553222,39235.60283687942,39154.0,0.0039154,0.027002255,19150.5354609929,18920.113999999998,0.0018920114,0.33,1.0,3.0,10 V,2.0,True,1
0.5288,0.0015100000000000005,0.0001,0.0592597,39244.83443708608,39264.0,0.0039264,0.028930764,19159.44635761589,18938.225,0.0018938225,0.33,1.0,3.0,10 V,2.0,True,1
0.5624,0.0016100000000000005,0.0001,0.0631861,39246.02484472048,39264.0,0.0039264,0.030843488,19157.445962732912,18902.878,0.0018902878,0.33,1.0,3.0,10 V,2.0,True,1
0.5957,0.0017100000000000006,0.0001,0.0671071,39243.91812865496,39208.99999999999,0.0039209,0.03275311,19153.865497076018,18946.213999999996,0.0018946214,0.33,1.0,3.0,10 V,2.0,True,1
0.6293,0.0018100000000000006,0.0001,0.071017,39235.911602209926,39264.0,0.0039264,0.034664614,19151.720441988946,18942.657,0.0018942657,0.33,1.0,3.0,10 V,2.0,True,1
0.6629,0.0019100000000000007,0.0001,0.074916,39223.03664921464,39208.99999999999,0.0039209,0.036574844,19149.13298429319,18958.033,0.0018958033,0.33,1.0,3.0,10 V,2.0,True,1
0.6965,0.0020100000000000005,0.0001,0.0788479,39227.81094527362,39373.99999999999,0.0039374,0.03848225,19145.398009950244,18945.501999999997,0.0018945502,0.33,1.0,3.0,10 V,2.0,True,1
0.7298,0.0021100000000000003,0.0001,0.0827964,39239.99999999999,39264.0,0.0039264,0.040398187,19146.060189573454,18907.036,0.0018907036,0.33,1.0,3.0,10 V,2.0,True,1
0.7633,0.00221,0.0001,0.0866953,39228.642533936654,39319.0,0.0039319,0.042285102,19133.53031674208,18941.781999999996,0.0018941782,0.33,1.0,3.0,10 V,2.0,True,1
0.7968,0.00231,0.0001,0.0906218,39230.21645021645,39319.0,0.0039319,0.044214551,19140.498268398267,18925.476,0.0018925476,0.33,1.0,3.0,10 V,2.0,True,1
0.8301,0.00241,0.0001,0.0945427,39229.33609958506,39264.0,0.0039264,0.046128713,19140.54481327801,18926.186999999998,0.0018926187,0.33,1.0,3.0,10 V,2.0,True,1
0.8636,0.0025099999999999996,0.0001,0.0984582,39226.37450199203,39319.0,0.0039319,0.048037117,19138.29362549801,18947.636,0.0018947636,0.33,1.0,3.0,10 V,2.0,True,1
0.8970,0.0026099999999999995,0.0001,0.1023791,39225.70881226054,39319.0,0.0039319,0.049944302,19135.747892720312,18928.320999999996,0.0018928321,0.33,1.0,3.0,10 V,2.0,True,1
0.9303,0.0027099999999999993,0.0001,0.1062836,39219.040590405915,39373.99999999999,0.0039374,0.051852761,19133.860147601477,18933.792999999998,0.0018933793,0.33,1.0,3.0,10 V,2.0,True,1
0.9639,0.002809999999999999,0.0001,0.11021,39220.64056939503,39319.0,0.0039319,0.053766537,19133.998932384347,18935.161,0.0018935161,0.33,1.0,3.0,10 V,2.0,True,1
0.9973,0.002909999999999999,0.0001,0.1141475,39225.945017182145,39319.0,0.0039319,0.055712992,19145.358075601383,18946.98,0.001894698,0.33,1.0,3.0,10 V,2.0,True,1
1.0310,0.003009999999999999,0.0001,0.1180849,39230.863787375434,39429.0,0.0039429,0.057622003,19143.522591362133,18938.335,0.0018938335,0.33,1.0,3.0,10 V,2.0,True,1
1.0645,0.0031099999999999986,0.0001,0.1219784,39221.35048231513,39319.0,0.0039319,0.059535503,19143.24855305467,18939.921,0.0018939921,0.33,1.0,3.0,10 V,2.0,True,1
1.0980,0.0032099999999999984,0.0001,0.1258938,39219.25233644862,39319.0,0.0039319,0.061449556,19143.16386292836,18942.821,0.0018942821,0.33,1.0,3.0,10 V,2.0,True,1
1.1316,0.0033099999999999983,0.0001,0.1298093,39217.31117824775,39319.0,0.0039319,0.063329934,19132.910574018137,18931.331,0.0018931331,0.33,1.0,3.0,10 V,2.0,True,1
1.1653,0.003409999999999998,0.0001,0.1337302,39217.06744868037,39373.99999999999,0.0039374,0.0652796,19143.57771260998,18929.524999999998,0.0018929525,0.33,1.0,3.0,10 V,2.0,True,1
1.1990,0.003509999999999998,0.0001,0.1376622,39220.00000000002,39373.99999999999,0.0039374,0.067184627,19140.91937321938,18931.986999999997,0.0018931987,0.33,1.0,3.0,10 V,2.0,True,1
1.2325,0.0036099999999999978,0.0001,0.1415666,39215.12465373964,39373.99999999999,0.0039374,0.069093471,19139.46565096954,18946.98,0.001894698,0.33,1.0,3.0,10 V,2.0,True,1
1.2659,0.0037099999999999976,0.0001,0.1455096,39220.91644204854,39319.0,0.0039319,0.071018047,19142.330727762816,18955.68,0.001895568,0.33,1.0,3.0,10 V,2.0,True,1
1.2994,0.0038099999999999974,0.0001,0.14937,39204.72440944885,39264.0,0.0039264,0.072913268,19137.340682414713,18934.996999999996,0.0018934997,0.33,1.0,3.0,10 V,2.0,True,1
1.3329,0.003909999999999998,0.0001,0.153324,39213.29923273659,39319.0,0.0039319,0.074822615,19136.218670076734,18946.761,0.0018946761,0.33,1.0,3.0,10 V,2.0,True,1
1.3665,0.004009999999999998,0.0001,0.1572779,39221.42144638406,39429.0,0.0039429,0.076771227,19144.94438902744,18956.282,0.0018956282,0.33,1.0,3.0,10 V,2.0,True,1
1.4000,0.004109999999999998,0.0001,0.1612208,39226.47201946474,39429.0,0.0039429,0.07870101,19148.664233576652,18941.727,0.0018941727,0.33,1.0,3.0,10 V,2.0,True,1
1.4334,0.0042099999999999985,0.0001,0.1651253,39222.161520190035,39429.0,0.0039429,0.080581387,19140.471971496445,18962.847999999998,0.0018962848,0.33,1.0,3.0,10 V,2.0,True,1
1.4669,0.004309999999999999,0.0001,0.1690023,39211.670533642704,39429.0,0.0039429,0.08245296,19130.617169373556,18945.119,0.0018945119,0.33,1.0,3.0,10 V,2.0,True,1
1.5005,0.004409999999999999,0.0001,0.1729342,39214.10430839003,39429.0,0.0039429,0.084368009,19131.067800453515,18946.652,0.0018946652,0.33,1.0,3.0,10 V,2.0,True,1
1.5339,0.004509999999999999,0.0001,0.1768717,39217.67184035477,39319.0,0.0039319,0.086336007,19143.23880266076,18955.242,0.0018955242,0.33,1.0,3.0,10 V,2.0,True,1
1.5674,0.0046099999999999995,0.0001,0.1807541,39209.132321041216,39373.99999999999,0.0039374,0.088215222,19135.62299349241,18967.826999999997,0.0018967827,0.33,1.0,3.0,10 V,2.0,True,1
1.6009,0.00471,0.0001,0.184708,39216.13588110404,39429.0,0.0039429,0.090135918,19137.137579617833,18980.084,0.0018980084,0.33,1.0,3.0,10 V,2.0,True,1
1.6343,0.00481,0.0001,0.1886235,39214.86486486486,39373.99999999999,0.0039374,0.092042216,19135.59584199584,18960.057,0.0018960057,0.33,1.0,3.0,10 V,2.0,True,1
1.6679,0.00491,0.0001,0.192528,39211.40529531568,39429.0,0.0039429,0.093976484,19139.813441955193,18986.594999999998,0.0018986595,0.33,1.0,3.0,10 V,2.0,True,1
1.7013,0.005,0.0001,0.1960695,39213.9,39429.0,0.0039429,0.095714746,19142.9492,18967.444,0.0018967444,0.33,1.0,3.0,10 V,2.0,True,1
1.7348,0.0049,0.0001,0.1921485,39213.97959183674,39429.0,0.0039429,0.093764526,19135.61755102041,18964.654,0.0018964654,0.33,1.0,3.0,10 V,2.0,True,1
1.7683,0.0048,0.0001,0.1882276,39214.083333333336,39373.99999999999,0.0039374,0.091864597,19138.457708333335,18977.128999999997,0.0018977129,0.33,1.0,3.0,10 V,2.0,True,1
1.8019,0.004699999999999999,0.0001,0.1843011,39213.00000000001,39373.99999999999,0.0039374,0.089930219,19134.089148936175,18987.963,0.0018987963,0.33,1.0,3.0,10 V,2.0,True,1
1.8354,0.004599999999999999,0.0001,0.1803747,39211.89130434783,39373.99999999999,0.0039374,0.088023808,19135.61043478261,19007.004999999997,0.0019007005,0.33,1.0,3.0,10 V,2.0,True,1
1.8691,0.004499999999999999,0.0001,0.1764702,39215.600000000006,39373.99999999999,0.0039374,0.086118842,19137.520444444446,19005.253999999997,0.0019005254,0.33,1.0,3.0,10 V,2.0,True,1
1.9025,0.0043999999999999985,0.0001,0.1725713,39220.750000000015,39264.0,0.0039264,0.084219466,19140.787727272735,18976.746,0.0018976746,0.33,1.0,3.0,10 V,2.0,True,1
1.9362,0.004299999999999998,0.0001,0.1686393,39218.44186046513,39373.99999999999,0.0039374,0.082295058,19138.385581395356,18998.852,0.0018998852,0.33,1.0,3.0,10 V,2.0,True,1
1.9697,0.004199999999999998,0.0001,0.1647679,39230.452380952396,39373.99999999999,0.0039374,0.080399891,19142.8311904762,19012.147999999997,0.0019012148,0.33,1.0,3.0,10 V,2.0,True,1
2.0032,0.004099999999999998,0.0001,0.1608414,39229.609756097576,39484.0,0.0039484,0.078501955,19146.818292682936,19010.998999999996,0.0019010999,0.33,1.0,3.0,10 V,2.0,True,1
2.0367,0.0039999999999999975,0.0001,0.1569095,39227.37500000003,39484.0,0.0039484,0.076601639,19150.409750000013,18982.546,0.0018982546,0.33,1.0,3.0,10 V,2.0,True,1
2.0702,0.0038999999999999977,0.0001,0.152972,39223.58974358977,39429.0,0.0039429,0.07465059,19141.176923076935,18999.179999999997,0.001899918,0.33,1.0,3.0,10 V,2.0,True,1
2.1036,0.003799999999999998,0.0001,0.1490456,39222.526315789495,39373.99999999999,0.0039374,0.072750159,19144.778684210534,19008.755999999998,0.0019008756,0.33,1.0,3.0,10 V,2.0,True,1
2.1372,0.003699999999999998,0.0001,0.1451191,39221.3783783784,39484.0,0.0039484,0.070834834,19144.54972972974,19002.19,0.001900219,0.33,1.0,3.0,10 V,2.0,True,1
2.1707,0.003599999999999998,0.0001,0.1411817,39217.138888888905,39429.0,0.0039429,0.068907212,19140.89222222223,19016.909,0.0019016909,0.33,1.0,3.0,10 V,2.0,True,1
2.2043,0.0034999999999999983,0.0001,0.1372717,39220.485714285736,39429.0,0.0039429,0.067000912,19143.117714285723,18989.056999999997,0.0018989057,0.33,1.0,3.0,10 V,2.0,True,1
2.2378,0.0033999999999999985,0.0001,0.1333728,39227.29411764708,39429.0,0.0039429,0.065091901,19144.676764705888,19007.442,0.0019007442,0.33,1.0,3.0,10 V,2.0,True,1
2.2712,0.0032999999999999987,0.0001,0.1294408,39224.48484848486,39373.99999999999,0.0039374,0.063175742,19144.164242424245,19012.859,0.0019012859,0.33,1.0,3.0,10 V,2.0,True,1
2.3047,0.003199999999999999,0.0001,0.1254924,39216.375000000015,39484.0,0.0039484,0.061260527,19143.914687500008,18982.381999999998,0.0018982382,0.33,1.0,3.0,10 V,2.0,True,1
2.3383,0.003099999999999999,0.0001,0.1215769,39218.35483870969,39484.0,0.0039484,0.059314462,19133.697419354845,18975.761,0.0018975761,0.33,1.0,3.0,10 V,2.0,True,1
2.3718,0.002999999999999999,0.0001,0.117656,39218.66666666668,39429.0,0.0039429,0.057413479,19137.826333333338,18994.693,0.0018994693,0.33,1.0,3.0,10 V,2.0,True,1
2.4053,0.0028999999999999994,0.0001,0.1137735,39232.241379310355,39429.0,0.0039429,0.055536645,19150.567241379315,19016.197,0.0019016197,0.33,1.0,3.0,10 V,2.0,True,1
2.4387,0.0027999999999999995,0.0001,0.1098416,39229.14285714286,39373.99999999999,0.0039374,0.053614838,19148.15642857143,18998.249999999996,0.001899825,0.33,1.0,3.0,10 V,2.0,True,1
2.4723,0.0026999999999999997,0.0001,0.1059041,39223.740740740745,39373.99999999999,0.0039374,0.051708705,19151.372222222224,18997.647999999997,0.0018997648,0.33,1.0,3.0,10 V,2.0,True,1
2.5058,0.0026,0.0001,0.1019832,39224.30769230769,39429.0,0.0039429,0.049765963,19140.755,19009.466999999997,0.0019009467,0.33,1.0,3.0,10 V,2.0,True,1
2.5395,0.0025,0.0001,0.0980897,39235.88,39429.0,0.0039429,0.047868802,19147.5208,18989.714,0.0018989714,0.33,1.0,3.0,10 V,2.0,True,1
2.5729,0.0024000000000000002,0.0001,0.0941743,39239.291666666664,39484.0,0.0039484,0.045967044,19152.934999999998,18994.309999999998,0.001899431,0.33,1.0,3.0,10 V,2.0,True,1
2.6065,0.0023000000000000004,0.0001,0.0901928,39214.26086956521,39429.0,0.0039429,0.044008795,19134.258695652174,18977.731,0.0018977731,0.33,1.0,3.0,10 V,2.0,True,1
2.6399,0.0022000000000000006,0.0001,0.0862884,39221.99999999999,39484.0,0.0039484,0.042102387,19137.44863636363,18973.790999999997,0.0018973791,0.33,1.0,3.0,10 V,2.0,True,1
2.6736,0.0021000000000000007,0.0001,0.0823949,39235.66666666665,39373.99999999999,0.0039374,0.040191546,19138.831428571422,18979.263,0.0018979263,0.33,1.0,3.0,10 V,2.0,True,1
2.7072,0.002000000000000001,0.0001,0.078441,39220.499999999985,39373.99999999999,0.0039374,0.03827079,19135.394999999993,18977.785999999996,0.0018977786,0.33,1.0,3.0,10 V,2.0,True,1
2.7405,0.0019000000000000009,0.0001,0.0745255,39223.94736842103,39373.99999999999,0.0039374,0.036362941,19138.389999999992,18892.809999999998,0.001889281,0.33,1.0,3.0,10 V,2.0,True,1
2.7741,0.0018000000000000008,0.0001,0.0706211,39233.94444444443,39264.0,0.0039264,0.034434654,19130.363333333327,18918.855,0.0018918855,0.33,1.0,3.0,10 V,2.0,True,1
2.8075,0.0017000000000000008,0.0001,0.0666396,39199.76470588233,39264.0,0.0039264,0.032491136,19112.43294117646,18964.270999999997,0.0018964271,0.33,1.0,3.0,10 V,2.0,True,1
2.8412,0.0016000000000000007,0.0001,0.0627682,39230.12499999998,39484.0,0.0039484,0.030625825,19141.14062499999,18955.624999999996,0.0018955625,0.33,1.0,3.0,10 V,2.0,True,1
2.8747,0.0015000000000000007,0.0001,0.0588307,39220.466666666645,39264.0,0.0039264,0.028706012,19137.341333333323,18951.466999999997,0.0018951467,0.33,1.0,3.0,10 V,2.0,True,1
2.9083,0.0014000000000000006,0.0001,0.0549263,39233.07142857141,39538.99999999999,0.0039539,0.026778112,19127.22285714285,18954.749999999996,0.001895475,0.33,1.0,3.0,10 V,2.0,True,1
2.9418,0.0013000000000000006,0.0001,0.0510053,39234.846153846134,39373.99999999999,0.0039374,0.024873697,19133.613076923066,18942.493,0.0018942493,0.33,1.0,3.0,10 V,2.0,True,1
2.9753,0.0012000000000000005,0.0001,0.0470844,39236.99999999998,39373.99999999999,0.0039374,0.022960809,19134.00749999999,18974.447999999997,0.0018974448,0.33,1.0,3.0,10 V,2.0,True,1
3.0087,0.0011000000000000005,0.0001,0.0431524,39229.45454545453,39373.99999999999,0.0039374,0.021045704,19132.458181818172,18988.51,0.001898851,0.33,1.0,3.0,10 V,2.0,True,1
3.0423,0.0010000000000000005,0.0001,0.039237,39236.999999999985,39319.0,0.0039319,0.01913143,19131.429999999993,18952.560999999998,0.0018952561,0.33,1.0,3.0,10 V,2.0,True,1
3.0758,0.0009000000000000004,0.0001,0.0353215,39246.111111111095,39319.0,0.0039319,0.017219593,19132.881111111103,18962.191,0.0018962191,0.33,1.0,3.0,10 V,2.0,True,1
3.1091,0.0008000000000000004,0.0001,0.0313896,39236.99999999998,39373.99999999999,0.0039374,0.0153046,19130.74999999999,18982.436999999998,0.0018982437,0.33,1.0,3.0,10 V,2.0,True,1
3.1428,0.0007000000000000003,0.0001,0.0274631,39232.999999999985,39319.0,0.0039319,0.013387225,19124.607142857138,18964.872,0.0018964872,0.33,1.0,3.0,10 V,2.0,True,1
3.1762,0.0006000000000000003,0.0001,0.0235477,39246.16666666665,39373.99999999999,0.0039374,0.011466637,19111.061666666657,18951.739999999998,0.001895174,0.33,1.0,3.0,10 V,2.0,True,1
3.2082,0.0005000000000000002,0.0001,0.0196267,39253.39999999999,39319.0,0.0039319,0.0095552483,19110.49659999999,18998.413999999997,0.0018998414,0.33,1.0,3.0,10 V,2.0,True,1
3.2417,0.00040000000000000024,0.0001,0.0157003,39250.74999999998,39373.99999999999,0.0039374,0.0076422406,19105.60149999999,18960.659,0.0018960659,0.33,1.0,3.0,10 V,2.0,True,1
3.2750,0.00030000000000000024,0.0001,0.0117738,39245.99999999996,39319.0,0.0039319,0.0057217476,19072.491999999984,18946.269,0.0018946269,0.33,1.0,3.0,10 V,2.0,True,1
3.3086,0.00020000000000000025,0.0001,0.0078529,39264.49999999995,39319.0,0.0039319,0.003814857,19074.284999999974,18944.790999999997,0.0018944791,0.33,1.0,3.0,10 V,2.0,True,1
3.3423,0.00010000000000000025,0.0001,0.0039319,39318.999999999905,39373.99999999999,0.0039374,0.0018923889,18923.888999999952,18949.879999999997,0.001894988,0.33,1.0,3.0,10 V,2.0,True,1
3.3758,1e-05,0.0001,0.0004014,40140.0,39319.0,0.0039319,0.0001729066,17290.66,18962.574,0.0018962574,0.33,1.0,3.0,10 V,2.0,True,1
3.4094,-9e-05,0.0001,-0.003503,38922.22222222222,39319.0,0.0039319,-0.0017346324,19273.69333333333,18963.613999999998,0.0018963614,0.33,1.0,3.0,10 V,2.0,True,1
3.4428,-0.00019,0.0001,-0.0074185,39044.73684210526,39373.99999999999,0.0039374,-0.0036504433,19212.85947368421,18964.106,0.0018964106,0.33,1.0,3.0,10 V,2.0,True,1
3.4764,-0.00029,0.0001,-0.0113559,39158.275862068964,39264.0,0.0039264,-0.0055694582,19205.028275862067,18953.984,0.0018953984,0.33,1.0,3.0,10 V,2.0,True,1
3.5098,-0.00039,0.0001,-0.0152824,39185.64102564102,39319.0,0.0039319,-0.0074834037,19188.214615384615,18951.630999999998,0.0018951631,0.33,1.0,3.0,10 V,2.0,True,1
3.5433,-0.00049,0.0001,-0.0192033,39190.40816326531,39319.0,0.0039319,-0.0094026482,19189.077959183676,18958.197,0.0018958197,0.33,1.0,3.0,10 V,2.0,True,1
3.5784,-0.00059,0.0001,-0.0231243,39193.72881355932,39264.0,0.0039264,-0.011312499,19173.727118644067,18926.406,0.0018926406,0.33,1.0,3.0,10 V,2.0,True,1
3.6120,-0.0006900000000000001,0.0001,-0.0270507,39203.91304347826,39319.0,0.0039319,-0.013227878,19170.837681159417,18938.935999999998,0.0018938936,0.33,1.0,3.0,10 V,2.0,True,1
3.6455,-0.0007900000000000001,0.0001,-0.0309607,39190.75949367088,39319.0,0.0039319,-0.015138217,19162.299999999996,18941.946,0.0018941946,0.33,1.0,3.0,10 V,2.0,True,1
3.6790,-0.0008900000000000002,0.0001,-0.0348981,39211.34831460674,39264.0,0.0039264,-0.017063067,19171.985393258426,18937.239999999998,0.001893724,0.33,1.0,3.0,10 V,2.0,True,1
3.7125,-0.0009900000000000002,0.0001,-0.038808,39199.99999999999,39373.99999999999,0.0039374,-0.018978834,19170.539393939387,18939.046,0.0018939046,0.33,1.0,3.0,10 V,2.0,True,1
3.7460,-0.0010900000000000003,0.0001,-0.0427345,39205.96330275228,39264.0,0.0039264,-0.020891389,19166.4119266055,18952.069,0.0018952069,0.33,1.0,3.0,10 V,2.0,True,1
3.7795,-0.0011900000000000003,0.0001,-0.0466554,39206.21848739495,39264.0,0.0039264,-0.022804386,19163.349579831927,18943.752,0.0018943752,0.33,1.0,3.0,10 V,2.0,True,1
3.8129,-0.0012900000000000003,0.0001,-0.0505764,39206.51162790697,39264.0,0.0039264,-0.024722642,19164.838759689916,18923.944,0.0018923944,0.33,1.0,3.0,10 V,2.0,True,1
3.8464,-0.0013900000000000004,0.0001,-0.0545028,39210.64748201437,39264.0,0.0039264,-0.026633092,19160.497841726614,18911.906,0.0018911906,0.33,1.0,3.0,10 V,2.0,True,1
3.8799,-0.0014900000000000004,0.0001,-0.0584238,39210.60402684562,39373.99999999999,0.0039374,-0.028553343,19163.31744966442,18932.206,0.0018932206,0.33,1.0,3.0,10 V,2.0,True,1
3.9135,-0.0015900000000000005,0.0001,-0.0623502,39213.962264150934,39208.99999999999,0.0039209,-0.030471158,19164.250314465404,18920.824999999997,0.0018920825,0.33,1.0,3.0,10 V,2.0,True,1
3.9471,-0.0016900000000000005,0.0001,-0.0662602,39207.21893491123,39319.0,0.0039319,-0.032373686,19156.027218934905,18921.153,0.0018921153,0.33,1.0,3.0,10 V,2.0,True,1
3.9807,-0.0017900000000000006,0.0001,-0.0701866,39210.3910614525,39264.0,0.0039264,-0.034291778,19157.417877094966,18916.831,0.0018916831,0.33,1.0,3.0,10 V,2.0,True,1
4.0143,-0.0018900000000000006,0.0001,-0.0741186,39216.190476190466,39208.99999999999,0.0039209,-0.03620854,19157.95767195766,18912.836,0.0018912836,0.33,1.0,3.0,10 V,2.0,True,1
4.0477,-0.0019900000000000004,0.0001,-0.078012,39202.01005025124,39208.99999999999,0.0039209,-0.038122253,19156.911055276378,18920.333,0.0018920333,0.33,1.0,3.0,10 V,2.0,True,1
4.0813,-0.0020900000000000003,0.0001,-0.081955,39212.918660287076,39264.0,0.0039264,-0.040032978,19154.53492822966,18929.415999999997,0.0018929416,0.33,1.0,3.0,10 V,2.0,True,1
4.1149,-0.00219,0.0001,-0.0858759,39212.739726027394,39208.99999999999,0.0039209,-0.041946638,19153.71598173516,18908.130999999998,0.0018908131,0.33,1.0,3.0,10 V,2.0,True,1
4.1484,-0.00229,0.0001,-0.0898079,39217.423580786024,39208.99999999999,0.0039209,-0.043872703,19158.38558951965,18903.643999999997,0.0018903644,0.33,1.0,3.0,10 V,2.0,True,1
4.1818,-0.0023899999999999998,0.0001,-0.0937068,39207.86610878661,39264.0,0.0039264,-0.045774177,19152.37531380753,18884.273999999998,0.0018884274,0.33,1.0,3.0,10 V,2.0,True,1
4.2155,-0.0024899999999999996,0.0001,-0.0976278,39207.95180722892,39208.99999999999,0.0039209,-0.047684569,19150.42931726908,18929.250999999997,0.0018929251,0.33,1.0,3.0,10 V,2.0,True,1
4.2489,-0.0025899999999999994,0.0001,-0.1015654,39214.44015444016,39154.0,0.0039154,-0.04963251,19163.13127413128,18894.068,0.0018894068,0.33,1.0,3.0,10 V,2.0,True,1
4.2822,-0.0026899999999999992,0.0001,-0.1054809,39212.230483271385,39208.99999999999,0.0039209,-0.051535699,19158.25241635688,18898.063,0.0018898063,0.33,1.0,3.0,10 V,2.0,True,1
4.3157,-0.002789999999999999,0.0001,-0.1093798,39204.229390681016,39154.0,0.0039154,-0.05343983,19154.060931899647,18888.213,0.0018888213,0.33,1.0,3.0,10 V,2.0,True,1
4.3493,-0.002889999999999999,0.0001,-0.1133118,39208.235294117665,39208.99999999999,0.0039209,-0.055364956,19157.424221453293,18904.41,0.001890441,0.33,1.0,3.0,10 V,2.0,True,1
4.3826,-0.0029899999999999987,0.0001,-0.1172492,39213.77926421406,39208.99999999999,0.0039209,-0.057267924,19153.15183946489,18884.766,0.0018884766,0.33,1.0,3.0,10 V,2.0,True,1
4.4161,-0.0030899999999999986,0.0001,-0.1211702,39213.65695792882,39264.0,0.0039264,-0.059177426,19151.27055016182,18864.356999999996,0.0018864357,0.33,1.0,3.0,10 V,2.0,True,1
4.4496,-0.0031899999999999984,0.0001,-0.1250801,39210.06269592479,39208.99999999999,0.0039209,-0.061123373,19160.93197492164,18862.715,0.0018862715,0.33,1.0,3.0,10 V,2.0,True,1
4.4832,-0.0032899999999999982,0.0001,-0.1290011,39210.06079027358,39100.0,0.00391,-0.063021353,19155.426443769007,18877.27,0.001887727,0.33,1.0,3.0,10 V,2.0,True,1
4.5167,-0.003389999999999998,0.0001,-0.1329385,39214.89675516226,39154.0,0.0039154,-0.064935289,19154.95250737464,18883.999999999996,0.0018884,0.33,1.0,3.0,10 V,2.0,True,1
4.5503,-0.003489999999999998,0.0001,-0.136821,39203.724928366784,39154.0,0.0039154,-0.066842742,19152.648137535827,18888.98,0.001888898,0.33,1.0,3.0,10 V,2.0,True,1
4.5835,-0.0035899999999999977,0.0001,-0.1407859,39216.128133704755,39154.0,0.0039154,-0.068759445,19153.048746518118,18898.938,0.0018898938,0.33,1.0,3.0,10 V,2.0,True,1
4.6171,-0.0036899999999999975,0.0001,-0.1447124,39217.45257452577,39154.0,0.0039154,-0.070684286,19155.633062330635,18872.728,0.0018872728,0.33,1.0,3.0,10 V,2.0,True,1
4.6507,-0.0037899999999999974,0.0001,-0.1486388,39218.6807387863,39045.0,0.0039045,-0.072579552,19150.277572559382,18884.382999999998,0.0018884383,0.33,1.0,3.0,10 V,2.0,True,1
4.6843,-0.003889999999999997,0.0001,-0.1525543,39217.043701799514,39100.0,0.00391,-0.07450157,19152.07455012855,18882.304,0.0018882304,0.33,1.0,3.0,10 V,2.0,True,1
4.7179,-0.003989999999999997,0.0001,-0.1565027,39223.734335839625,39154.0,0.0039154,-0.076443806,19158.848621553898,18876.942,0.0018876942,0.33,1.0,3.0,10 V,2.0,True,1
4.7515,-0.004089999999999997,0.0001,-0.1604237,39223.39853300736,39208.99999999999,0.0039209,-0.078365381,19160.239853300747,18870.978,0.0018870978,0.33,1.0,3.0,10 V,2.0,True,1
4.7849,-0.0041899999999999975,0.0001,-0.1643336,39220.42959427209,39154.0,0.0039154,-0.080242203,19150.883770883065,18862.659999999996,0.001886266,0.33,1.0,3.0,10 V,2.0,True,1
4.8185,-0.004289999999999998,0.0001,-0.1682546,39220.1864801865,39154.0,0.0039154,-0.082175352,19155.093706293716,18888.595999999998,0.0018888596,0.33,1.0,3.0,10 V,2.0,True,1
4.8521,-0.004389999999999998,0.0001,-0.17217,39218.678815489766,39045.0,0.0039045,-0.084074436,19151.35216400912,18855.93,0.001885593,0.33,1.0,3.0,10 V,2.0,True,1
4.8855,-0.004489999999999998,0.0001,-0.1761185,39224.61024498888,39208.99999999999,0.0039209,-0.086024422,19159.11403118041,18835.849,0.0018835849,0.33,1.0,3.0,10 V,2.0,True,1
4.9193,-0.004589999999999999,0.0001,-0.1799899,39213.48583877997,39100.0,0.00391,-0.087902964,19150.972549019614,18842.087,0.0018842087,0.33,1.0,3.0,10 V,2.0,True,1
4.9527,-0.004689999999999999,0.0001,-0.1839274,39216.92963752666,39154.0,0.0039154,-0.08981584,19150.498933901923,18857.298,0.0018857298,0.33,1.0,3.0,10 V,2.0,True,1
4.9863,-0.004789999999999999,0.0001,-0.1877933,39205.28183716076,39154.0,0.0039154,-0.091752364,19154.982045929024,18871.414999999997,0.0018871415,0.33,1.0,3.0,10 V,2.0,True,1
5.0198,-0.004889999999999999,0.0001,-0.1917528,39213.25153374233,39154.0,0.0039154,-0.093663079,19154.00388548057,18858.447,0.0018858447,0.33,1.0,3.0,10 V,2.0,True,1
5.0535,-0.00499,0.0001,-0.1956737,39213.166332665336,39154.0,0.0039154,-0.095561278,19150.556713426857,18845.041999999998,0.0018845042,0.33,1.0,3.0,10 V,2.0,True,1
5.0870,-0.005,0.0001,-0.1960587,39211.74,39045.0,0.0039045,-0.095786584,19157.316799999997,18864.028,0.0018864028,0.33,1.0,3.0,10 V,2.0,True,1
5.1205,-0.0049,0.0001,-0.1921542,39215.14285714286,39154.0,0.0039154,-0.093886889,19160.589591836735,18854.398,0.0018854398,0.33,1.0,3.0,10 V,2.0,True,1
5.1540,-0.0048,0.0001,-0.1882662,39222.125,39154.0,0.0039154,-0.091993787,19165.372291666667,18860.527,0.0018860527,0.33,1.0,3.0,10 V,2.0,True,1
5.1873,-0.004699999999999999,0.0001,-0.1843563,39224.74468085107,39154.0,0.0039154,-0.090082961,19166.587446808517,18880.444,0.0018880444,0.33,1.0,3.0,10 V,2.0,True,1
5.2210,-0.004599999999999999,0.0001,-0.1804354,39225.08695652174,39154.0,0.0039154,-0.088181214,19169.829130434784,18876.066,0.0018876066,0.33,1.0,3.0,10 V,2.0,True,1
5.2545,-0.004499999999999999,0.0001,-0.1765144,39225.42222222222,39100.0,0.00391,-0.086258589,19168.575333333334,18855.875999999997,0.0018855876,0.33,1.0,3.0,10 V,2.0,True,1
5.2879,-0.0043999999999999985,0.0001,-0.1726099,39229.52272727274,39100.0,0.00391,-0.084340782,19168.359545454554,18858.228,0.0018858228,0.33,1.0,3.0,10 V,2.0,True,1
5.3215,-0.004299999999999998,0.0001,-0.1686395,39218.48837209304,39154.0,0.0039154,-0.082382326,19158.680465116286,18867.256999999998,0.0018867257,0.33,1.0,3.0,10 V,2.0,True,1
5.3551,-0.004199999999999998,0.0001,-0.1647406,39223.952380952396,39208.99999999999,0.0039209,-0.080464906,19158.31095238096,18850.075999999997,0.0018850076,0.33,1.0,3.0,10 V,2.0,True,1
5.3886,-0.004099999999999998,0.0001,-0.1608141,39222.95121951221,38990.0,0.003899,-0.07858243,19166.446341463423,18845.425,0.0018845425,0.33,1.0,3.0,10 V,2.0,True,1
5.4221,-0.0039999999999999975,0.0001,-0.1569042,39226.050000000025,39154.0,0.0039154,-0.076668943,19167.235750000014,18852.264,0.0018852264,0.33,1.0,3.0,10 V,2.0,True,1
5.4556,-0.0038999999999999977,0.0001,-0.1529777,39225.05128205131,38990.0,0.003899,-0.074758501,19168.846410256425,18873.002,0.0018873002,0.33,1.0,3.0,10 V,2.0,True,1
5.4894,-0.003799999999999998,0.0001,-0.1490843,39232.71052631581,39045.0,0.0039045,-0.072831609,19166.212894736855,18829.174,0.0018829174,0.33,1.0,3.0,10 V,2.0,True,1
5.5227,-0.003699999999999998,0.0001,-0.1451468,39228.86486486488,39100.0,0.00391,-0.070934293,19171.43054054055,18822.553,0.0018822553,0.33,1.0,3.0,10 V,2.0,True,1
5.5562,-0.003599999999999998,0.0001,-0.1412204,39227.888888888905,39154.0,0.0039154,-0.06904296,19178.60000000001,18838.091999999997,0.0018838092,0.33,1.0,3.0,10 V,2.0,True,1
5.5896,-0.0034999999999999983,0.0001,-0.1372939,39226.82857142859,39100.0,0.00391,-0.067049547,19157.013428571438,18838.967999999997,0.0018838968,0.33,1.0,3.0,10 V,2.0,True,1
5.6233,-0.0033999999999999985,0.0001,-0.1333675,39225.73529411766,39154.0,0.0039154,-0.065153835,19162.892647058827,18790.433999999997,0.0018790434,0.33,1.0,3.0,10 V,2.0,True,1
5.6569,-0.0032999999999999987,0.0001,-0.129408,39214.54545454546,39154.0,0.0039154,-0.063208997,19154.241515151523,18810.624,0.0018810624,0.33,1.0,3.0,10 V,2.0,True,1
5.6903,-0.003199999999999999,0.0001,-0.1255091,39221.593750000015,39208.99999999999,0.0039209,-0.061323866,19163.708125000005,18816.315,0.0018816315,0.33,1.0,3.0,10 V,2.0,True,1
5.7239,-0.003099999999999999,0.0001,-0.1216101,39229.064516129045,39045.0,0.0039045,-0.059438234,19173.623870967745,18811.663999999997,0.0018811664,0.33,1.0,3.0,10 V,2.0,True,1
5.7572,-0.002099999999999999,0.0001,-0.0823234,39201.61904761907,38879.99999999999,0.003888,-0.040236462,19160.22000000001,19095.264,0.0019095264,0.33,1.0,3.0,10 V,2.0,True,1
5.7909,-0.001099999999999999,0.0001,-0.0431304,39209.45454545458,38990.0,0.003899,-0.021088171,19171.064545454563,18831.525999999998,0.0018831526,0.33,1.0,3.0,10 V,2.0,True,1
5.8231,-9.999999999999896e-05,0.0001,-0.0039209,39209.00000000041,39208.99999999999,0.0039209,-0.0019392752,19392.7520000002,18845.095999999998,0.0018845096,0.33,1.0,3.0,10 V,2.0,True,1
5.8582,0.0009000000000000011,0.0001,0.035294,39215.555555555504,39264.0,0.0039264,0.017210621,19122.912222222196,18862.058999999997,0.0018862059,0.33,1.0,3.0,10 V,2.0,True,1
5.8917,0.001900000000000001,0.0001,0.074509,39215.26315789472,39208.99999999999,0.0039209,0.036359175,19136.407894736833,18889.963999999996,0.0018889964,0.33,1.0,3.0,10 V,2.0,True,1
5.9252,0.002900000000000001,0.0001,0.1137405,39220.8620689655,39100.0,0.00391,0.055517592,19143.997241379304,19054.226,0.0019054226,0.33,1.0,3.0,10 V,2.0,True,1
5.9587,0.003400000000000001,0.0001,0.1333343,39215.97058823528,39264.0,0.0039264,0.065109181,19149.759117647052,18909.17,0.001890917,0.33,1.0,3.0,10 V,2.0,True,1
5.9923,0.003900000000000001,0.0001,0.1529335,39213.71794871793,39264.0,0.0039264,0.07461614,19132.34358974358,18911.797,0.0018911797,0.33,1.0,3.0,10 V,2.0,True,1
6.0256,0.004400000000000001,0.0001,0.1725768,39221.99999999999,39319.0,0.0039319,0.084196094,19135.475909090903,18920.551,0.0018920551,0.33,1.0,3.0,10 V,2.0,True,1
6.0592,0.004900000000000002,0.0001,0.192165,39217.3469387755,39208.99999999999,0.0039209,0.093805067,19143.89122448979,18916.94,0.001891694,0.33,1.0,3.0,10 V,2.0,True,1
6.0927,0.005400000000000002,0.0001,0.2118414,39229.888888888876,39264.0,0.0039264,0.1034255,19152.87037037036,18937.076,0.0018937076,0.33,1.0,3.0,10 V,2.0,True,1
6.1260,0.0059000000000000025,0.0001,0.2314352,39226.30508474575,39373.99999999999,0.0039374,0.11298944,19150.752542372873,18951.685999999998,0.0018951686,0.33,1.0,3.0,10 V,2.0,True,1
6.1607,0.006400000000000003,0.0001,0.2510894,39232.718749999985,39373.99999999999,0.0039374,0.12260503,19157.03593749999,18951.302999999996,0.0018951303,0.33,1.0,3.0,10 V,2.0,True,1
6.1943,0.006900000000000003,0.0001,0.2707107,39233.43478260868,39373.99999999999,0.0039374,0.13212791,19148.972463768103,18919.292999999998,0.0018919293,0.33,1.0,3.0,10 V,2.0,True,1
6.2278,0.007400000000000004,0.0001,0.2902054,39216.945945945925,39429.0,0.0039429,0.14164635,19141.39864864864,18966.896999999997,0.0018966897,0.33,1.0,3.0,10 V,2.0,True,1
6.2612,0.007900000000000004,0.0001,0.3097772,39212.30379746833,39429.0,0.0039429,0.15119527,19138.64177215189,18981.288,0.0018981288,0.33,1.0,3.0,10 V,2.0,True,1
6.2948,0.008400000000000005,0.0001,0.3293929,39213.44047619045,39484.0,0.0039484,0.16080686,19143.6738095238,18974.94,0.001897494,0.33,1.0,3.0,10 V,2.0,True,1
6.3283,0.008900000000000005,0.0001,0.3489152,39203.95505617975,39484.0,0.0039484,0.17032529,19137.673033707855,19004.871,0.0019004871,0.33,1.0,3.0,10 V,2.0,True,1
6.3619,0.009400000000000006,0.0001,0.3684429,39196.053191489336,39538.99999999999,0.0039539,0.179877,19135.851063829774,19031.463,0.0019031463,0.33,1.0,3.0,10 V,2.0,True,1
6.3952,0.009900000000000006,0.0001,0.3879982,39191.73737373735,39538.99999999999,0.0039539,0.189381,19129.393939393925,19018.331,0.0019018331,0.33,1.0,3.0,10 V,2.0,True,1
6.4288,0.010400000000000006,0.0001,0.4076194,39194.17307692305,39538.99999999999,0.0039539,0.19895043,19129.849038461525,19020.574999999997,0.0019020575,0.33,1.0,3.0,10 V,2.0,True,1
6.4622,0.010900000000000007,0.0001,0.4272024,39192.88073394493,39538.99999999999,0.0039539,0.20857368,19135.199999999986,19024.514,0.0019024514,0.33,1.0,3.0,10 V,2.0,True,1
6.4959,0.011400000000000007,0.0001,0.4467741,39190.710526315765,39538.99999999999,0.0039539,0.21816308,19137.112280701742,18982.490999999998,0.0018982491,0.33,1.0,3.0,10 V,2.0,True,1
6.5294,0.011900000000000008,0.0001,0.4663019,39185.033613445354,39538.99999999999,0.0039539,0.22770482,19134.858823529397,19099.367,0.0019099367,0.33,1.0,3.0,10 V,2.0,True,1
6.5628,0.012400000000000008,0.0001,0.4858736,39183.35483870965,39759.0,0.0039759,0.23728369,19135.78145161289,19056.852,0.0019056852,0.33,1.0,3.0,10 V,2.0,True,1
6.5965,0.012900000000000009,0.0001,0.5054564,39182.66666666664,39703.99999999999,0.0039704,0.2467633,19128.93798449611,19057.563,0.0019057563,0.33,1.0,3.0,10 V,2.0,True,1
6.6298,0.013400000000000009,0.0001,0.5250006,39179.14925373132,39703.99999999999,0.0039704,0.25638099,19132.90970149252,19074.198,0.0019074198,0.33,1.0,3.0,10 V,2.0,True,1
6.6634,0.01390000000000001,0.0001,0.5444899,39171.93525179853,39759.0,0.0039759,0.26588832,19128.6561151079,19087.821999999996,0.0019087822,0.33,1.0,3.0,10 V,2.0,True,1
6.6971,0.01440000000000001,0.0001,0.5640067,39167.131944444416,39759.0,0.0039759,0.27542008,19126.39444444443,19097.999999999996,0.0019098,0.33,1.0,3.0,10 V,2.0,True,1
6.7305,0.01490000000000001,0.0001,0.5834684,39158.9530201342,39814.0,0.0039814,0.28487142,19118.88724832213,19072.228,0.0019072228,0.33,1.0,3.0,10 V,2.0,True,1
6.7642,0.015,0.0001,0.5874114,39160.76,39759.0,0.0039759,0.28679606,19119.737333333334,19087.110999999997,0.0019087111,0.33,1.0,3.0,10 V,2.0,True,1
6.7976,0.014499999999999999,0.0001,0.5678726,39163.627586206894,39814.0,0.0039814,0.27723493,19119.650344827587,19103.525999999998,0.0019103526,0.33,1.0,3.0,10 V,2.0,True,1
6.8311,0.013999999999999999,0.0001,0.5483174,39165.52857142857,39814.0,0.0039814,0.26769098,19120.78428571429,19084.101,0.0019084101,0.33,1.0,3.0,10 V,2.0,True,1
6.8647,0.013499999999999998,0.0001,0.5288611,39174.8962962963,39868.99999999999,0.0039869,0.25825129,19129.72518518519,19153.264,0.0019153264,0.33,1.0,3.0,10 V,2.0,True,1
6.8982,0.012999999999999998,0.0001,0.5093333,39179.48461538462,39759.0,0.0039759,0.24868683,19129.756153846156,19101.611,0.0019101611,0.33,1.0,3.0,10 V,2.0,True,1
6.9315,0.012499999999999997,0.0001,0.4897781,39182.24800000001,39868.99999999999,0.0039869,0.23907525,19126.020000000004,19122.074999999997,0.0019122075,0.33,1.0,3.0,10 V,2.0,True,1
6.9652,0.011999999999999997,0.0001,0.4703438,39195.31666666667,39814.0,0.0039814,0.22960063,19133.385833333337,19127.874999999996,0.0019127875,0.33,1.0,3.0,10 V,2.0,True,1
6.9986,0.011499999999999996,0.0001,0.4508546,39204.74782608697,39703.99999999999,0.0039704,0.22007053,19136.56782608696,19106.534999999996,0.0019106535,0.33,1.0,3.0,10 V,2.0,True,1
7.0321,0.010999999999999996,0.0001,0.4312003,39200.02727272728,39814.0,0.0039814,0.21042403,19129.45727272728,19106.371,0.0019106371,0.33,1.0,3.0,10 V,2.0,True,1
7.0658,0.010499999999999995,0.0001,0.4118153,39220.50476190478,39868.99999999999,0.0039869,0.20097769,19140.732380952388,19074.909,0.0019074909,0.33,1.0,3.0,10 V,2.0,True,1
7.0993,0.009999999999999995,0.0001,0.3920621,39206.21000000002,39759.0,0.0039759,0.19131452,19131.45200000001,19103.034,0.0019103034,0.33,1.0,3.0,10 V,2.0,True,1
7.1328,0.009499999999999995,0.0001,0.3725069,39211.252631578966,39759.0,0.0039759,0.18177614,19134.3305263158,19114.578999999998,0.0019114579,0.33,1.0,3.0,10 V,2.0,True,1
7.1662,0.008999999999999994,0.0001,0.3529626,39218.06666666669,39703.99999999999,0.0039704,0.17225437,19139.374444444453,19115.181,0.0019115181,0.33,1.0,3.0,10 V,2.0,True,1
7.1997,0.008499999999999994,0.0001,0.3333689,39219.87058823533,39649.0,0.0039649,0.16263502,19133.5317647059,19090.394,0.0019090394,0.33,1.0,3.0,10 V,2.0,True,1
7.2335,0.007999999999999993,0.0001,0.3137531,39219.13750000003,39703.99999999999,0.0039704,0.15309108,19136.385000000017,19106.097999999998,0.0019106098,0.33,1.0,3.0,10 V,2.0,True,1
7.2669,0.007499999999999993,0.0001,0.2941979,39226.38666666671,39649.0,0.0039649,0.14353772,19138.362666666686,19093.074999999997,0.0019093075,0.33,1.0,3.0,10 V,2.0,True,1
7.3005,0.006999999999999992,0.0001,0.2746151,39230.72857142861,39703.99999999999,0.0039704,0.13401208,19144.58285714288,19086.728,0.0019086728,0.33,1.0,3.0,10 V,2.0,True,1
7.3340,0.006499999999999992,0.0001,0.2550379,39236.60000000005,39594.0,0.0039594,0.1244465,19145.61538461541,19087.494,0.0019087494,0.33,1.0,3.0,10 V,2.0,True,1
7.3663,0.0059999999999999915,0.0001,0.2354606,39243.433333333385,39649.0,0.0039649,0.11483221,19138.701666666693,19078.52,0.001907852,0.33,1.0,3.0,10 V,2.0,True,1
7.3998,0.005499999999999991,0.0001,0.2158229,39240.52727272733,39703.99999999999,0.0039704,0.1052778,19141.41818181821,19140.733999999997,0.0019140734,0.33,1.0,3.0,10 V,2.0,True,1
7.4334,0.0049999999999999906,0.0001,0.1961794,39235.88000000008,39649.0,0.0039649,0.095670382,19134.076400000038,19045.854,0.0019045854,0.33,1.0,3.0,10 V,2.0,True,1
7.4669,0.00449999999999999,0.0001,0.1765307,39229.04444444454,39538.99999999999,0.0039539,0.086103888,19134.197333333377,19078.356,0.0019078356,0.33,1.0,3.0,10 V,2.0,True,1
7.5004,0.00399999999999999,0.0001,0.1569699,39242.4750000001,39594.0,0.0039594,0.07655506,19138.765000000047,19049.246,0.0019049246,0.33,1.0,3.0,10 V,2.0,True,1
7.5340,0.0034999999999999897,0.0001,0.1373102,39231.48571428582,39538.99999999999,0.0039539,0.06694608,19127.451428571487,19013.734999999997,0.0019013735,0.33,1.0,3.0,10 V,2.0,True,1
7.5676,0.0029999999999999897,0.0001,0.117733,39244.33333333347,39594.0,0.0039594,0.057420347,19140.11566666673,19027.907,0.0019027907,0.33,1.0,3.0,10 V,2.0,True,1
7.6012,0.0024999999999999896,0.0001,0.0981172,39246.880000000165,39538.99999999999,0.0039539,0.047857172,19142.86880000008,19017.291999999998,0.0019017292,0.33,1.0,3.0,10 V,2.0,True,1
7.6349,0.0019999999999999896,0.0001,0.078518,39259.000000000204,39484.0,0.0039484,0.03829383,19146.9150000001,19039.232999999997,0.0019039233,0.33,1.0,3.0,10 V,2.0,True,1
7.6685,0.0014999999999999896,0.0001,0.0589242,39282.80000000027,39594.0,0.0039594,0.028731046,19154.0306666668,19046.236999999997,0.0019046237,0.33,1.0,3.0,10 V,2.0,True,1
7.7019,0.0009999999999999896,0.0001,0.0392975,39297.50000000041,39484.0,0.0039484,0.0191373,19137.3000000002,19262.752999999997,0.0019262753,0.33,1.0,3.0,10 V,2.0,True,1
7.7341,0.0004999999999999896,0.0001,0.0196432,39286.40000000082,39484.0,0.0039484,0.009570509,19141.018000000397,19027.085999999996,0.0019027086,0.33,1.0,3.0,10 V,2.0,True,1
7.7676,-1e-05,0.0001,-0.0003794,37940.0,39538.99999999999,0.0039539,-0.0001832429,18324.29,19051.654,0.0019051654,0.33,1.0,3.0,10 V,2.0,True,1
7.8009,-0.00051,0.0001,-0.0199842,39184.70588235294,39484.0,0.0039484,-0.0097809231,19178.28058823529,19037.482,0.0019037482,0.33,1.0,3.0,10 V,2.0,True,1
7.8361,-0.00101,0.0001,-0.0396054,39213.26732673267,39538.99999999999,0.0039539,-0.019357833,19166.171287128713,18992.394999999997,0.0018992395,0.33,1.0,3.0,10 V,2.0,True,1
7.8695,-0.00151,0.0001,-0.0592322,39226.62251655629,39484.0,0.0039484,-0.028944859,19168.780794701986,18995.239999999998,0.001899524,0.33,1.0,3.0,10 V,2.0,True,1
7.9030,-0.00201,0.0001,-0.0788809,39244.22885572139,39538.99999999999,0.0039539,-0.0385362,19172.238805970148,19015.376,0.0019015376,0.33,1.0,3.0,10 V,2.0,True,1
7.9365,-0.00251,0.0001,-0.0985409,39259.322709163345,39429.0,0.0039429,-0.048136178,19177.76015936255,19003.01,0.001900301,0.33,1.0,3.0,10 V,2.0,True,1
7.9700,-0.00301,0.0001,-0.1181346,39247.3754152824,39373.99999999999,0.0039374,-0.057695494,19167.938205980066,18981.889,0.0018981889,0.33,1.0,3.0,10 V,2.0,True,1
8.0034,-0.00351,0.0001,-0.1377778,39252.934472934474,39429.0,0.0039429,-0.067306034,19175.508262108262,18961.535,0.0018961535,0.33,1.0,3.0,10 V,2.0,True,1
8.0371,-0.00401,0.0001,-0.1573991,39251.64588528678,39319.0,0.0039319,-0.076892754,19175.25037406484,18967.499,0.0018967499,0.33,1.0,3.0,10 V,2.0,True,1
8.0705,-0.00451,0.0001,-0.1770148,39249.40133037694,39264.0,0.0039264,-0.086465563,19171.965188470065,18936.911999999997,0.0018936912,0.33,1.0,3.0,10 V,2.0,True,1
8.1040,-0.0050100000000000006,0.0001,-0.1966361,39248.72255489022,39264.0,0.0039264,-0.096043737,19170.406586826346,18952.233,0.0018952233,0.33,1.0,3.0,10 V,2.0,True,1
8.1374,-0.005510000000000001,0.0001,-0.2163345,39262.15970961886,39373.99999999999,0.0039374,-0.10567523,19178.80762250453,18961.316,0.0018961316,0.33,1.0,3.0,10 V,2.0,True,1
8.1709,-0.0060100000000000015,0.0001,-0.2359283,39255.956738768706,39319.0,0.0039319,-0.11526934,19179.590682196333,18954.147999999997,0.0018954148,0.33,1.0,3.0,10 V,2.0,True,1
8.2057,-0.006510000000000002,0.0001,-0.255544,39254.07066052226,39264.0,0.0039264,-0.12485126,19178.380952380947,18948.128999999997,0.0018948129,0.33,1.0,3.0,10 V,2.0,True,1
8.2391,-0.007010000000000002,0.0001,-0.2751817,39255.59201141225,39319.0,0.0039319,-0.134439,19178.174037089866,18950.590999999997,0.0018950591,0.33,1.0,3.0,10 V,2.0,True,1
8.2728,-0.007510000000000003,0.0001,-0.294759,39248.86817576563,39208.99999999999,0.0039209,-0.14406002,19182.42609853528,18931.002,0.0018931002,0.33,1.0,3.0,10 V,2.0,True,1
8.3062,-0.008010000000000003,0.0001,-0.3143692,39247.091136079885,39208.99999999999,0.0039209,-0.15366104,19183.6504369538,18917.925,0.0018917925,0.33,1.0,3.0,10 V,2.0,True,1
8.3398,-0.008510000000000004,0.0001,-0.3340345,39251.99764982372,39100.0,0.00391,-0.16323215,19181.21621621621,18916.392999999996,0.0018916393,0.33,1.0,3.0,10 V,2.0,True,1
8.3734,-0.009010000000000004,0.0001,-0.3536062,39245.97114317423,39154.0,0.0039154,-0.17290693,19190.558268590445,18893.357,0.0018893357,0.33,1.0,3.0,10 V,2.0,True,1
8.4069,-0.009510000000000005,0.0001,-0.373134,39235.96214511039,39154.0,0.0039154,-0.18245363,19185.450052576223,18873.823,0.0018873823,0.33,1.0,3.0,10 V,2.0,True,1
8.4402,-0.010010000000000005,0.0001,-0.3927772,39238.481518481494,39100.0,0.00391,-0.19199755,19180.574425574414,18915.627,0.0018915627,0.33,1.0,3.0,10 V,2.0,True,1
8.4738,-0.010510000000000005,0.0001,-0.4123435,39233.444338725,39045.0,0.0039045,-0.20166237,19187.66603235013,18963.395,0.0018963395,0.33,1.0,3.0,10 V,2.0,True,1
8.5075,-0.011010000000000006,0.0001,-0.4319484,39232.37057220706,38990.0,0.003899,-0.21122791,19185.096276112614,18834.481,0.0018834481,0.33,1.0,3.0,10 V,2.0,True,1
8.5408,-0.011510000000000006,0.0001,-0.4514762,39224.69157254559,39045.0,0.0039045,-0.22078737,19182.22154648131,18850.459,0.0018850459,0.33,1.0,3.0,10 V,2.0,True,1
8.5746,-0.012010000000000007,0.0001,-0.4711524,39230.00832639465,39100.0,0.00391,-0.23042056,19185.725228975843,18833.058,0.0018833058,0.33,1.0,3.0,10 V,2.0,True,1
8.6081,-0.012510000000000007,0.0001,-0.4906967,39224.356514788145,38934.99999999999,0.0038935,-0.24000995,19185.44764188648,18830.706,0.0018830706,0.33,1.0,3.0,10 V,2.0,True,1
8.6416,-0.013010000000000008,0.0001,-0.5102134,39217.01767870867,38990.0,0.003899,-0.24965089,19189.1537279016,18836.123,0.0018836123,0.33,1.0,3.0,10 V,2.0,True,1
8.6751,-0.013510000000000008,0.0001,-0.5296312,39202.90155440412,38934.99999999999,0.0038935,-0.25912054,19179.906735751283,18818.394,0.0018818394,0.33,1.0,3.0,10 V,2.0,True,1
8.7086,-0.014010000000000009,0.0001,-0.5492304,39202.74089935758,38879.99999999999,0.003888,-0.2687637,19183.704496787996,18788.463999999996,0.0018788464,0.33,1.0,3.0,10 V,2.0,True,1
8.7419,-0.014510000000000009,0.0001,-0.5688572,39204.493452791154,38934.99999999999,0.0038935,-0.27836918,19184.643694004124,18794.428,0.0018794428,0.33,1.0,3.0,10 V,2.0,True,1
8.7752,-0.015,0.0001,-0.5879835,39198.9,38825.0,0.0038825,-0.28783435,19188.95666666667,18794.975,0.0018794975,0.33,1.0,3.0,10 V,2.0,True,1
8.8087,-0.014499999999999999,0.0001,-0.5683568,39197.020689655175,38825.0,0.0038825,-0.27817178,19184.26068965517,18788.081,0.0018788081,0.33,1.0,3.0,10 V,2.0,True,1
8.8423,-0.013999999999999999,0.0001,-0.548796,39199.71428571429,38769.99999999999,0.003877,-0.26852749,19180.535,18777.137,0.0018777137,0.33,1.0,3.0,10 V,2.0,True,1
8.8757,-0.013499999999999998,0.0001,-0.5293617,39211.977777777785,38879.99999999999,0.003888,-0.25904623,19188.60962962963,18773.306999999997,0.0018773307,0.33,1.0,3.0,10 V,2.0,True,1
8.9093,-0.012999999999999998,0.0001,-0.5097295,39209.96153846154,38879.99999999999,0.003888,-0.24946181,19189.370000000003,18791.528,0.0018791528,0.33,1.0,3.0,10 V,2.0,True,1
8.9426,-0.012499999999999997,0.0001,-0.4901962,39215.69600000001,38769.99999999999,0.003877,-0.23982641,19186.112800000003,18750.709,0.0018750709,0.33,1.0,3.0,10 V,2.0,True,1
8.9762,-0.011999999999999997,0.0001,-0.4707455,39228.79166666668,38879.99999999999,0.003888,-0.23024589,19187.157500000005,18754.922,0.0018754922,0.33,1.0,3.0,10 V,2.0,True,1
9.0096,-0.011499999999999996,0.0001,-0.4511242,39228.191304347834,38825.0,0.0038825,-0.22070087,19191.380000000005,18770.735,0.0018770735,0.33,1.0,3.0,10 V,2.0,True,1
9.0428,-0.010999999999999996,0.0001,-0.4315525,39232.04545454547,38769.99999999999,0.003877,-0.21105879,19187.162727272735,18796.89,0.001879689,0.33,1.0,3.0,10 V,2.0,True,1
9.0764,-0.010499999999999995,0.0001,-0.4121015,39247.76190476192,38879.99999999999,0.003888,-0.2014927,19189.78095238096,18787.698,0.0018787698,0.33,1.0,3.0,10 V,2.0,True,1
9.1097,-0.009999999999999995,0.0001,-0.3923978,39239.78000000002,38825.0,0.0038825,-0.1919787,19197.87000000001,18770.626,0.0018770626,0.33,1.0,3.0,10 V,2.0,True,1
9.1433,-0.009499999999999995,0.0001,-0.372903,39252.94736842107,38934.99999999999,0.0038935,-0.1824442,19204.652631578956,18791.747,0.0018791747,0.33,1.0,3.0,10 V,2.0,True,1
9.1768,-0.008999999999999994,0.0001,-0.3532983,39255.36666666669,38879.99999999999,0.003888,-0.1728365,19204.055555555566,18821.129999999997,0.001882113,0.33,1.0,3.0,10 V,2.0,True,1
9.2102,-0.008499999999999994,0.0001,-0.33371,39260.00000000003,38879.99999999999,0.003888,-0.16322384,19202.80470588237,18793.825999999997,0.0018793826,0.33,1.0,3.0,10 V,2.0,True,1
9.2440,-0.007999999999999993,0.0001,-0.3140943,39261.787500000035,38934.99999999999,0.0038935,-0.15362333,19202.916250000017,18801.704999999998,0.0018801705,0.33,1.0,3.0,10 V,2.0,True,1
9.2773,-0.007499999999999993,0.0001,-0.2944675,39262.33333333337,38934.99999999999,0.0038935,-0.14403617,19204.822666666685,18832.675,0.0018832675,0.33,1.0,3.0,10 V,2.0,True,1
9.3107,-0.006999999999999992,0.0001,-0.2748628,39266.114285714335,38934.99999999999,0.0038935,-0.13441349,19201.927142857163,18792.513,0.0018792513,0.33,1.0,3.0,10 V,2.0,True,1
9.3442,-0.006499999999999992,0.0001,-0.255236,39267.07692307697,38934.99999999999,0.0038935,-0.12478417,19197.56461538464,18804.387,0.0018804387,0.33,1.0,3.0,10 V,2.0,True,1
9.3767,-0.0059999999999999915,0.0001,-0.2356368,39272.800000000054,39045.0,0.0039045,-0.11516649,19194.415000000026,18795.139,0.0018795139,0.33,1.0,3.0,10 V,2.0,True,1
9.4103,-0.005499999999999991,0.0001,-0.2159771,39268.5636363637,38990.0,0.003899,-0.10560401,19200.72909090912,18791.308999999997,0.0018791309,0.33,1.0,3.0,10 V,2.0,True,1
9.4438,-0.0049999999999999906,0.0001,-0.1963226,39264.52000000008,38990.0,0.003899,-0.095955841,19191.168200000036,18807.834,0.0018807834,0.33,1.0,3.0,10 V,2.0,True,1
9.4773,-0.00449999999999999,0.0001,-0.1767179,39270.64444444454,39045.0,0.0039045,-0.086417046,19203.788000000044,18830.267999999996,0.0018830268,0.33,1.0,3.0,10 V,2.0,True,1
9.5107,-0.00399999999999999,0.0001,-0.1570691,39267.275000000096,39045.0,0.0039045,-0.076807516,19201.87900000005,18835.793999999998,0.0018835794,0.33,1.0,3.0,10 V,2.0,True,1
9.5442,-0.0034999999999999897,0.0001,-0.1374589,39273.971428571545,39100.0,0.00391,-0.067230212,19208.632000000056,18844.056999999997,0.0018844057,0.33,1.0,3.0,10 V,2.0,True,1
9.5779,-0.0029999999999999897,0.0001,-0.1178101,39270.033333333464,39100.0,0.00391,-0.057587495,19195.83166666673,18842.195999999996,0.0018842196,0.33,1.0,3.0,10 V,2.0,True,1
9.6114,-0.0024999999999999896,0.0001,-0.0981722,39268.880000000165,39045.0,0.0039045,-0.048003199,19201.27960000008,18873.659,0.0018873659,0.33,1.0,3.0,10 V,2.0,True,1
9.6449,-0.0019999999999999896,0.0001,-0.078529,39264.500000000204,39100.0,0.00391,-0.03839663,19198.3150000001,18860.527,0.0018860527,0.33,1.0,3.0,10 V,2.0,True,1
9.6782,-0.0014999999999999896,0.0001,-0.0589022,39268.13333333361,39100.0,0.00391,-0.028803018,19202.012000000133,18837.982999999997,0.0018837983,0.33,1.0,3.0,10 V,2.0,True,1
9.7119,-0.0009999999999999896,0.0001,-0.03927,39270.00000000041,39045.0,0.0039045,-0.019207297,19207.297000000202,18847.448999999997,0.0018847449,0.33,1.0,3.0,10 V,2.0,True,1
9.7439,-0.0004999999999999896,0.0001,-0.0196432,39286.40000000082,39045.0,0.0039045,-0.0096236176,19247.2352000004,18872.126999999997,0.0018872127,0.33,1.0,3.0,10 V,2.0,True,1
9.7775,1e-05,0.0001,0.0003739,37390.0,39045.0,0.0039045,0.000160743,16074.3,18877.214999999997,0.0018877215,0.33,1.0,3.0,10 V,2.0,True,1
9.8109,0.00051,0.0001,0.0200282,39270.98039215685,39100.0,0.00391,0.0097529751,19123.480588235292,18877.543999999998,0.0018877544,0.33,1.0,3.0,10 V,2.0,True,1
9.8461,0.00101,0.0001,0.0396439,39251.38613861386,39154.0,0.0039154,0.019338071,19146.604950495046,18860.855,0.0018860855,0.33,1.0,3.0,10 V,2.0,True,1
9.8795,0.00151,0.0001,0.0592762,39255.76158940397,39208.99999999999,0.0039209,0.028932703,19160.730463576157,18867.803999999996,0.0018867804,0.33,1.0,3.0,10 V,2.0,True,1
9.9130,0.00201,0.0001,0.0789029,39255.174129353225,39154.0,0.0039154,0.038504016,19156.22686567164,18885.313,0.0018885313,0.33,1.0,3.0,10 V,2.0,True,1
9.9468,0.00251,0.0001,0.0985022,39243.904382470115,39208.99999999999,0.0039209,0.048083751,19156.872908366535,18892.974,0.0018892974,0.33,1.0,3.0,10 V,2.0,True,1
9.9802,0.00301,0.0001,0.1181234,39243.65448504983,39154.0,0.0039154,0.057687083,19165.1438538206,18894.67,0.001889467,0.33,1.0,3.0,10 V,2.0,True,1
10.0136,0.00351,0.0001,0.1377556,39246.609686609685,39264.0,0.0039264,0.067246547,19158.560398860398,18891.058999999997,0.0018891059,0.33,1.0,3.0,10 V,2.0,True,1
10.0472,0.00401,0.0001,0.1573714,39244.73815461347,39208.99999999999,0.0039209,0.076846662,19163.756109725688,18875.737999999998,0.0018875738,0.33,1.0,3.0,10 V,2.0,True,1
10.0807,0.00451,0.0001,0.1769926,39244.47893569845,39319.0,0.0039319,0.086410444,19159.743680709536,18881.373999999996,0.0018881374,0.33,1.0,3.0,10 V,2.0,True,1
10.1145,0.0050100000000000006,0.0001,0.1966139,39244.29141716567,39264.0,0.0039264,0.09600092,19161.860279441116,18892.646,0.0018892646,0.33,1.0,3.0,10 V,2.0,True,1
10.1479,0.005510000000000001,0.0001,0.2162738,39251.14337568057,39319.0,0.0039319,0.10560634,19166.304900181483,18906.433999999997,0.0018906434,0.33,1.0,3.0,10 V,2.0,True,1
10.1815,0.0060100000000000015,0.0001,0.2359116,39253.17803660565,39319.0,0.0039319,0.11517826,19164.43594009983,18905.395,0.0018905395,0.33,1.0,3.0,10 V,2.0,True,1
10.2161,0.006510000000000002,0.0001,0.2555328,39252.35023041473,39373.99999999999,0.0039374,0.12477254,19166.288786482328,18959.729,0.0018959729,0.33,1.0,3.0,10 V,2.0,True,1
10.2497,0.007010000000000002,0.0001,0.2750716,39239.885877318105,39319.0,0.0039319,0.13433091,19162.754636233945,18954.092999999997,0.0018954093,0.33,1.0,3.0,10 V,2.0,True,1
10.2834,0.007510000000000003,0.0001,0.2946543,39234.92676431423,39373.99999999999,0.0039374,0.14387818,19158.213049267637,18975.541999999998,0.0018975542,0.33,1.0,3.0,10 V,2.0,True,1
10.3169,0.008010000000000003,0.0001,0.3142481,39231.97253433207,39429.0,0.0039429,0.15347923,19160.952559300866,18992.175999999996,0.0018992176,0.33,1.0,3.0,10 V,2.0,True,1
10.3504,0.008510000000000004,0.0001,0.3338033,39224.82961222091,39484.0,0.0039484,0.16304868,19159.65687426556,19010.233,0.0019010233,0.33,1.0,3.0,10 V,2.0,True,1
10.3839,0.009010000000000004,0.0001,0.353485,39232.51942286347,39484.0,0.0039484,0.17260647,19157.210876803547,18991.41,0.001899141,0.33,1.0,3.0,10 V,2.0,True,1
10.4174,0.009510000000000005,0.0001,0.3729523,39216.8559411146,39484.0,0.0039484,0.18211161,19149.485804416392,18983.531,0.0018983531,0.33,1.0,3.0,10 V,2.0,True,1
10.4508,0.010010000000000005,0.0001,0.3924691,39207.70229770228,39538.99999999999,0.0039539,0.19164943,19145.797202797192,19003.775999999998,0.0019003776,0.33,1.0,3.0,10 V,2.0,True,1
10.4845,0.010510000000000005,0.0001,0.4121343,39213.5394862036,39538.99999999999,0.0039539,0.20129153,19152.381541389143,19008.372999999996,0.0019008373,0.33,1.0,3.0,10 V,2.0,True,1
10.5180,0.011010000000000006,0.0001,0.4318052,39219.364214350564,39649.0,0.0039649,0.21089867,19155.19255222524,19023.857999999997,0.0019023858,0.33,1.0,3.0,10 V,2.0,True,1
10.5516,0.011510000000000006,0.0001,0.4512175,39202.215464813184,39594.0,0.0039594,0.22031067,19140.80538662032,19022.38,0.001902238,0.33,1.0,3.0,10 V,2.0,True,1
10.5850,0.012010000000000007,0.0001,0.4707453,39196.11157368857,39538.99999999999,0.0039539,0.22987677,19140.44712739383,19033.871,0.0019033871,0.33,1.0,3.0,10 V,2.0,True,1
10.6184,0.012510000000000007,0.0001,0.4902785,39190.92725819342,39594.0,0.0039594,0.23940407,19137.01598721022,19057.509,0.0019057509,0.33,1.0,3.0,10 V,2.0,True,1
10.6520,0.013010000000000008,0.0001,0.5098173,39186.57186779399,39594.0,0.0039594,0.24891085,19132.271329746338,19042.626,0.0019042626,0.33,1.0,3.0,10 V,2.0,True,1
10.6856,0.013510000000000008,0.0001,0.5293615,39182.93856402663,39703.99999999999,0.0039704,0.25844536,19129.930421909685,19031.079999999998,0.001903108,0.33,1.0,3.0,10 V,2.0,True,1
10.7189,0.014010000000000009,0.0001,0.5488563,39176.03854389719,39649.0,0.0039649,0.26809299,19135.83083511776,19055.156,0.0019055156,0.33,1.0,3.0,10 V,2.0,True,1
10.7524,0.014510000000000009,0.0001,0.568472,39177.94624396965,39703.99999999999,0.0039704,0.2775277,19126.650585802883,19073.377,0.0019073377,0.33,1.0,3.0,10 V,2.0,True,1
10.7858,0.01501000000000001,0.0001,0.5878238,39162.145236508964,39759.0,0.0039759,0.2869491,19117.195203197854,19080.817999999996,0.0019080818,0.33,1.0,3.0,10 V,2.0,True,1
10.8195,0.01551000000000001,0.0001,0.6073406,39158.00128949063,39759.0,0.0039759,0.29653852,19119.182462927136,19102.431999999997,0.0019102432,0.33,1.0,3.0,10 V,2.0,True,1
10.8527,0.01601000000000001,0.0001,0.6269893,39162.35477826356,39759.0,0.0039759,0.30609299,19118.86258588381,19099.586,0.0019099586,0.33,1.0,3.0,10 V,2.0,True,1
10.8864,0.01651000000000001,0.0001,0.6462974,39145.81465778314,39759.0,0.0039759,0.31554377,19112.28164748636,19097.506999999998,0.0019097507,0.33,1.0,3.0,10 V,2.0,True,1
10.9198,0.01701000000000001,0.0001,0.6658197,39142.839506172815,39814.0,0.0039814,0.32511046,19112.901822457363,19126.944999999996,0.0019126945,0.33,1.0,3.0,10 V,2.0,True,1
10.9533,0.01751000000000001,0.0001,0.6853749,39141.91319246142,39868.99999999999,0.0039869,0.33467323,19113.262707024543,19125.740999999998,0.0019125741,0.33,1.0,3.0,10 V,2.0,True,1
10.9868,0.018010000000000012,0.0001,0.7048147,39134.63076068848,39814.0,0.0039814,0.34418944,19111.018323153792,19147.902,0.0019147902,0.33,1.0,3.0,10 V,2.0,True,1
11.0205,0.018510000000000013,0.0001,0.7242489,39127.43922204211,39868.99999999999,0.0039869,0.35362803,19104.70178282008,18970.234999999997,0.0018970235,0.33,1.0,3.0,10 V,2.0,True,1
11.0540,0.019010000000000013,0.0001,0.7438702,39130.4681746449,39979.0,0.0039979,0.36310045,19100.49710678589,19203.658999999996,0.0019203659,0.33,1.0,3.0,10 V,2.0,True,1
11.0873,0.019510000000000013,0.0001,0.763167,39116.7093798052,40089.0,0.0040089,0.37267932,19101.964120963592,19182.483,0.0019182483,0.33,1.0,3.0,10 V,2.0,True,1
11.1209,0.020010000000000014,0.0001,0.7824033,39100.614692653646,40033.99999999999,0.0040034,0.38215173,19098.037481259358,19256.57,0.001925657,0.33,1.0,3.0,10 V,2.0,True,1
11.1543,0.020510000000000014,0.0001,0.8017936,39092.813261823474,40089.0,0.0040089,0.39154541,19090.46367625547,19186.641999999996,0.0019186642,0.33,1.0,3.0,10 V,2.0,True,1
11.1881,0.021010000000000015,0.0001,0.8213103,39091.39933365062,40144.0,0.0040144,0.40098622,19085.493574488326,19225.326999999997,0.0019225327,0.33,1.0,3.0,10 V,2.0,True,1
11.2217,0.021510000000000015,0.0001,0.8407448,39086.229660622936,40089.0,0.0040089,0.41071702,19094.2361692236,19239.880999999998,0.0019239881,0.33,1.0,3.0,10 V,2.0,True,1
11.2551,0.022010000000000016,0.0001,0.8601626,39080.53611994546,40144.0,0.0040144,0.41995323,19080.110404361643,19214.766,0.0019214766,0.33,1.0,3.0,10 V,2.0,True,1
11.2887,0.022510000000000016,0.0001,0.8796408,39077.77876499331,40198.99999999999,0.0040199,0.42945391,19078.36117281207,19226.037999999997,0.0019226038,0.33,1.0,3.0,10 V,2.0,True,1
11.3220,0.023010000000000017,0.0001,0.8988551,39063.67231638415,40198.99999999999,0.0040199,0.43894074,19076.08604954366,19254.655,0.0019254655,0.33,1.0,3.0,10 V,2.0,True,1
11.3554,0.023510000000000017,0.0001,0.9183939,39063.968524032294,40198.99999999999,0.0040199,0.44846526,19075.510846448306,19253.78,0.001925378,0.33,1.0,3.0,10 V,2.0,True,1
11.3892,0.024010000000000017,0.0001,0.9379601,39065.3935860058,40419.0,0.0040419,0.45807131,19078.355268638054,19198.461,0.0019198461,0.33,1.0,3.0,10 V,2.0,True,1
11.4226,0.024510000000000018,0.0001,0.9571305,39050.61199510401,40308.99999999999,0.0040309,0.46746888,19072.5777233782,19272.548,0.0019272548,0.33,1.0,3.0,10 V,2.0,True,1
11.4562,0.025,0.0001,0.9766418,39065.672,40198.99999999999,0.0040199,0.47695681,19078.272399999998,19199.938,0.0019199938,0.33,1.0,3.0,10 V,2.0,True,1
11.4896,0.0245,0.0001,0.957301,39073.51020408163,40363.99999999999,0.0040364,0.46757091,19084.526938775507,19270.632999999998,0.0019270633,0.33,1.0,3.0,10 V,2.0,True,1
11.5231,0.024,0.0001,0.9380701,39086.254166666666,40363.99999999999,0.0040364,0.45802584,19084.41,19335.582,0.0019335582,0.33,1.0,3.0,10 V,2.0,True,1
11.5568,0.0235,0.0001,0.9185259,39086.208510638295,40254.0,0.0040254,0.44852626,19086.22382978723,19383.678999999996,0.0019383679,0.33,1.0,3.0,10 V,2.0,True,1
11.5903,0.023,0.0001,0.8991576,39093.80869565217,40419.0,0.0040419,0.43896791,19085.561304347826,19292.792999999998,0.0019292793,0.33,1.0,3.0,10 V,2.0,True,1
11.6237,0.0225,0.0001,0.8796573,39095.880000000005,40363.99999999999,0.0040364,0.42953264,19090.339555555558,19325.678,0.0019325678,0.33,1.0,3.0,10 V,2.0,True,1
11.6572,0.022,0.0001,0.8603935,39108.795454545456,40308.99999999999,0.0040309,0.42002476,19092.034545454546,19311.505999999998,0.0019311506,0.33,1.0,3.0,10 V,2.0,True,1
11.6907,0.0215,0.0001,0.8409318,39113.10697674419,40363.99999999999,0.0040364,0.41045918,19091.12465116279,19307.347999999998,0.0019307348,0.33,1.0,3.0,10 V,2.0,True,1
11.7241,0.020999999999999998,0.0001,0.8215633,39122.061904761904,40419.0,0.0040419,0.40089584,19090.278095238096,19279.168999999998,0.0019279169,0.33,1.0,3.0,10 V,2.0,True,1
11.7578,0.020499999999999997,0.0001,0.801975,39120.73170731708,40308.99999999999,0.0040309,0.39141622,19093.474146341465,19113.702999999998,0.0019113703,0.33,1.0,3.0,10 V,2.0,True,1
11.7914,0.019999999999999997,0.0001,0.7825353,39126.76500000001,40254.0,0.0040254,0.38174806,19087.403000000002,19136.904,0.0019136904,0.33,1.0,3.0,10 V,2.0,True,1
11.8247,0.019499999999999997,0.0001,0.7630735,39131.97435897437,40198.99999999999,0.0040199,0.37220855,19087.617948717954,19305.049999999996,0.001930505,0.33,1.0,3.0,10 V,2.0,True,1
11.8583,0.018999999999999996,0.0001,0.7435787,39135.72105263158,40308.99999999999,0.0040309,0.36263967,19086.298421052634,19341.272999999997,0.0019341273,0.33,1.0,3.0,10 V,2.0,True,1
11.8725,0.018999999999999996,0.0001,0.7435787,39135.72105263158,40144.0,0.0040144,0.36263967,19086.298421052634,19279.004,0.0019279004,0.33,1.0,3.0,10 V,2.0,True,1
11.8891,0.018999999999999996,0.0001,0.7435787,39135.72105263158,39979.0,0.0039979,0.36263967,19086.298421052634,19258.211999999996,0.0019258212,0.33,1.0,3.0,10 V,2.0,True,1
11.9059,0.018999999999999996,0.0001,0.7435787,39135.72105263158,39979.0,0.0039979,0.36263967,19086.298421052634,19236.488999999998,0.0019236489,0.33,1.0,3.0,10 V,2.0,True,1
11.9226,0.018999999999999996,0.0001,0.7435787,39135.72105263158,39979.0,0.0039979,0.36263967,19086.298421052634,19222.043999999998,0.0019222044,0.33,1.0,3.0,10 V,2.0,True,1
11.9392,0.018999999999999996,0.0001,0.7435787,39135.72105263158,39924.0,0.0039924,0.36263967,19086.298421052634,19218.979,0.0019218979,0.33,1.0,3.0,10 V,2.0,True,1
11.9560,0.018999999999999996,0.0001,0.7435787,39135.72105263158,39924.0,0.0039924,0.36263967,19086.298421052634,19210.608,0.0019210608,0.33,1.0,3.0,10 V,2.0,True,1
11.9727,0.018999999999999996,0.0001,0.7435787,39135.72105263158,39924.0,0.0039924,0.36263967,19086.298421052634,19207.324999999997,0.0019207325,0.33,1.0,3.0,10 V,2.0,True,1
11.9893,0.018999999999999996,0.0001,0.7435787,39135.72105263158,39924.0,0.0039924,0.36263967,19086.298421052634,19175.642999999996,0.0019175643,0.33,1.0,3.0,10 V,2.0,True,1
12.0062,0.018999999999999996,0.0001,0.7435787,39135.72105263158,39924.0,0.0039924,0.36263967,19086.298421052634,19175.424999999996,0.0019175425,0.33,1.0,3.0,10 V,2.0,True,1
12.0229,0.018999999999999996,0.0001,0.7435787,39135.72105263158,39868.99999999999,0.0039869,0.36263967,19086.298421052634,19170.007999999998,0.0019170008,0.33,1.0,3.0,10 V,2.0,True,1
12.0397,0.018999999999999996,0.0001,0.7435787,39135.72105263158,39814.0,0.0039814,0.36263967,19086.298421052634,19147.956,0.0019147956,0.33,1.0,3.0,10 V,2.0,True,1
12.0566,0.018999999999999996,0.0001,0.7435787,39135.72105263158,39924.0,0.0039924,0.36263967,19086.298421052634,19149.051,0.0019149051,0.33,1.0,3.0,10 V,2.0,True,1
12.0731,0.018999999999999996,0.0001,0.7435787,39135.72105263158,39924.0,0.0039924,0.36263967,19086.298421052634,19160.486999999997,0.0019160487,0.33,1.0,3.0,10 V,2.0,True,1
12.0900,0.018999999999999996,0.0001,0.7435787,39135.72105263158,39759.0,0.0039759,0.36263967,19086.298421052634,19140.351,0.0019140351,0.33,1.0,3.0,10 V,2.0,True,1
12.1066,0.018999999999999996,0.0001,0.7435787,39135.72105263158,39814.0,0.0039814,0.36263967,19086.298421052634,19134.441,0.0019134441,0.33,1.0,3.0,10 V,2.0,True,1
12.1235,0.018999999999999996,0.0001,0.7435787,39135.72105263158,39703.99999999999,0.0039704,0.36263967,19086.298421052634,19138.709,0.0019138709,0.33,1.0,3.0,10 V,2.0,True,1
12.1400,0.018999999999999996,0.0001,0.7435787,39135.72105263158,39703.99999999999,0.0039704,0.36263967,19086.298421052634,19150.583,0.0019150583,0.33,1.0,3.0,10 V,2.0,True,1
12.1570,0.018999999999999996,0.0001,0.7435787,39135.72105263158,39759.0,0.0039759,0.36263967,19086.298421052634,19125.03,0.001912503,0.33,1.0,3.0,10 V,2.0,True,1
12.1737,0.018999999999999996,0.0001,0.7435787,39135.72105263158,39703.99999999999,0.0039704,0.36263967,19086.298421052634,19128.038999999997,0.0019128039,0.33,1.0,3.0,10 V,2.0,True,1
12.1906,0.018999999999999996,0.0001,0.7435787,39135.72105263158,39703.99999999999,0.0039704,0.36263967,19086.298421052634,19119.502999999997,0.0019119503,0.33,1.0,3.0,10 V,2.0,True,1
12.2071,0.018999999999999996,0.0001,0.7435787,39135.72105263158,39759.0,0.0039759,0.36263967,19086.298421052634,19123.114999999998,0.0019123115,0.33,1.0,3.0,10 V,2.0,True,1
12.2240,0.018999999999999996,0.0001,0.7435787,39135.72105263158,39759.0,0.0039759,0.36263967,19086.298421052634,19119.011,0.0019119011,0.33,1.0,3.0,10 V,2.0,True,1
12.2406,0.018999999999999996,0.0001,0.7435787,39135.72105263158,39703.99999999999,0.0039704,0.36263967,19086.298421052634,19103.8,0.00191038,0.33,1.0,3.0,10 V,2.0,True,1
12.2574,0.018999999999999996,0.0001,0.7435787,39135.72105263158,39759.0,0.0039759,0.36263967,19086.298421052634,19116.385,0.0019116385,0.33,1.0,3.0,10 V,2.0,True,1
12.2741,0.018999999999999996,0.0001,0.7435787,39135.72105263158,39759.0,0.0039759,0.36263967,19086.298421052634,19087.329999999998,0.001908733,0.33,1.0,3.0,10 V,2.0,True,1
12.2909,0.018999999999999996,0.0001,0.7435787,39135.72105263158,39703.99999999999,0.0039704,0.36263967,19086.298421052634,19112.226,0.0019112226,0.33,1.0,3.0,10 V,2.0,True,1
12.3077,0.018999999999999996,0.0001,0.7435787,39135.72105263158,39703.99999999999,0.0039704,0.36263967,19086.298421052634,19100.023999999998,0.0019100024,0.33,1.0,3.0,10 V,2.0,True,1
12.3243,0.018999999999999996,0.0001,0.7435787,39135.72105263158,39759.0,0.0039759,0.36263967,19086.298421052634,19079.504999999997,0.0019079505,0.33,1.0,3.0,10 V,2.0,True,1
12.3412,0.018999999999999996,0.0001,0.7435787,39135.72105263158,39649.0,0.0039649,0.36263967,19086.298421052634,19113.211,0.0019113211,0.33,1.0,3.0,10 V,2.0,True,1
12.3580,0.018999999999999996,0.0001,0.7435787,39135.72105263158,39649.0,0.0039649,0.36263967,19086.298421052634,19094.059999999998,0.001909406,0.33,1.0,3.0,10 V,2.0,True,1
12.3746,0.018999999999999996,0.0001,0.7435787,39135.72105263158,39759.0,0.0039759,0.36263967,19086.298421052634,19109.216999999997,0.0019109217,0.33,1.0,3.0,10 V,2.0,True,1
12.3915,0.018999999999999996,0.0001,0.7435787,39135.72105263158,39649.0,0.0039649,0.36263967,19086.298421052634,19092.472999999998,0.0019092473,0.33,1.0,3.0,10 V,2.0,True,1
12.4275,0.018499999999999996,0.0001,0.7246559,39170.5891891892,40033.99999999999,0.0040034,0.35375223,19121.742162162165,19172.962,0.0019172962,0.33,1.0,3.0,10 V,2.0,True,1
12.4610,0.017999999999999995,0.0001,0.7052931,39182.950000000004,40033.99999999999,0.0040034,0.34432584,19129.213333333337,19185.273999999998,0.0019185274,0.33,1.0,3.0,10 V,2.0,True,1
12.4948,0.017499999999999995,0.0001,0.6857159,39183.76571428573,40144.0,0.0040144,0.3346943,19125.388571428575,19222.043999999998,0.0019222044,0.33,1.0,3.0,10 V,2.0,True,1
12.5283,0.016999999999999994,0.0001,0.6661386,39184.62352941178,40089.0,0.0040089,0.32512931,19125.253529411773,19181.279,0.0019181279,0.33,1.0,3.0,10 V,2.0,True,1
12.5615,0.016499999999999994,0.0001,0.6466823,39192.86666666668,40033.99999999999,0.0040034,0.31556872,19125.37696969698,19189.595999999998,0.0019189596,0.33,1.0,3.0,10 V,2.0,True,1
12.5950,0.015999999999999993,0.0001,0.6270718,39191.98750000002,40144.0,0.0040144,0.30594605,19121.62812500001,19217.775999999998,0.0019217776,0.33,1.0,3.0,10 V,2.0,True,1
12.6286,0.015499999999999993,0.0001,0.6076265,39201.70967741937,40144.0,0.0040144,0.29649805,19128.90645161291,19212.085,0.0019212085,0.33,1.0,3.0,10 V,2.0,True,1
12.6622,0.014999999999999993,0.0001,0.5879448,39196.32000000002,40144.0,0.0040144,0.28677167,19118.11133333334,19212.522999999997,0.0019212523,0.33,1.0,3.0,10 V,2.0,True,1
12.6954,0.014499999999999992,0.0001,0.568362,39197.379310344855,40089.0,0.0040089,0.27713679,19112.88206896553,19190.8,0.00191908,0.33,1.0,3.0,10 V,2.0,True,1
12.7291,0.013999999999999992,0.0001,0.5488233,39201.66428571431,40089.0,0.0040089,0.26770817,19122.012142857155,19197.53,0.001919753,0.33,1.0,3.0,10 V,2.0,True,1
12.7625,0.013499999999999991,0.0001,0.5294605,39219.29629629632,40144.0,0.0040144,0.25812542,19120.401481481495,19216.954999999998,0.0019216955,0.33,1.0,3.0,10 V,2.0,True,1
12.7958,0.01299999999999999,0.0001,0.5097733,39213.33076923079,40033.99999999999,0.0040034,0.2486397,19126.130769230782,19197.858999999997,0.0019197859,0.33,1.0,3.0,10 V,2.0,True,1
12.8294,0.01249999999999999,0.0001,0.490372,39229.76000000003,40089.0,0.0040089,0.23905529,19124.423200000016,19210.552999999996,0.0019210553,0.33,1.0,3.0,10 V,2.0,True,1
12.8629,0.01199999999999999,0.0001,0.4707453,39228.77500000003,40144.0,0.0040144,0.22955294,19129.411666666685,19177.011,0.0019177011,0.33,1.0,3.0,10 V,2.0,True,1
12.8962,0.01149999999999999,0.0001,0.451223,39236.782608695685,40089.0,0.0040089,0.21992525,19123.93478260871,19203.002,0.0019203002,0.33,1.0,3.0,10 V,2.0,True,1
12.9299,0.010999999999999989,0.0001,0.4316018,39236.52727272731,40033.99999999999,0.0040034,0.21040739,19127.944545454564,19209.295,0.0019209295,0.33,1.0,3.0,10 V,2.0,True,1
12.9634,0.010499999999999989,0.0001,0.4120078,39238.838095238134,40033.99999999999,0.0040034,0.20083185,19126.842857142878,19184.179,0.0019184179,0.33,1.0,3.0,10 V,2.0,True,1
12.9969,0.009999999999999988,0.0001,0.3923976,39239.760000000046,39979.0,0.0039979,0.19123356,19123.35600000002,19194.246999999996,0.0019194247,0.33,1.0,3.0,10 V,2.0,True,1
13.0305,0.009499999999999988,0.0001,0.3728863,39251.18947368426,40033.99999999999,0.0040034,0.1817401,19130.536842105284,19198.734,0.0019198734,0.33,1.0,3.0,10 V,2.0,True,1
13.0638,0.008999999999999987,0.0001,0.3532596,39251.066666666724,39979.0,0.0039979,0.1722089,19134.32222222225,19187.680999999997,0.0019187681,0.33,1.0,3.0,10 V,2.0,True,1
13.0975,0.008499999999999987,0.0001,0.3336438,39252.21176470594,39979.0,0.0039979,0.16259011,19128.248235294148,19151.568,0.0019151568,0.33,1.0,3.0,10 V,2.0,True,1
13.1308,0.007999999999999986,0.0001,0.3140611,39257.63750000006,39979.0,0.0039979,0.15305615,19132.018750000032,19177.832,0.0019177832,0.33,1.0,3.0,10 V,2.0,True,1
13.1644,0.007499999999999986,0.0001,0.2944398,39258.64000000007,39924.0,0.0039924,0.14346675,19128.900000000038,19177.832,0.0019177832,0.33,1.0,3.0,10 V,2.0,True,1
13.1977,0.006999999999999985,0.0001,0.2748626,39266.0857142858,39924.0,0.0039924,0.13388399,19126.284285714326,19158.407,0.0019158407,0.33,1.0,3.0,10 V,2.0,True,1
13.2312,0.006499999999999985,0.0001,0.2552523,39269.5846153847,39979.0,0.0039979,0.12437386,19134.440000000042,19162.675,0.0019162675,0.33,1.0,3.0,10 V,2.0,True,1
13.2636,0.0059999999999999845,0.0001,0.2356641,39277.35000000009,39814.0,0.0039814,0.11478818,19131.363333333382,19162.237999999998,0.0019162238,0.33,1.0,3.0,10 V,2.0,True,1
13.2970,0.005499999999999984,0.0001,0.2160373,39279.5090909092,39924.0,0.0039924,0.1052732,19140.581818181876,19162.346999999998,0.0019162347,0.33,1.0,3.0,10 V,2.0,True,1
13.3307,0.004999999999999984,0.0001,0.1963224,39264.480000000134,39924.0,0.0039924,0.095628013,19125.602600000064,19137.779,0.0019137779,0.33,1.0,3.0,10 V,2.0,True,1
13.3640,0.004499999999999983,0.0001,0.1767122,39269.377777777925,39924.0,0.0039924,0.086088602,19130.800444444518,19163.332,0.0019163332,0.33,1.0,3.0,10 V,2.0,True,1
13.3975,0.003999999999999983,0.0001,0.1571184,39279.600000000166,39814.0,0.0039814,0.076517783,19129.445750000083,19128.148999999998,0.0019128149,0.33,1.0,3.0,10 V,2.0,True,1
13.4309,0.0034999999999999827,0.0001,0.1374862,39281.77142857162,39814.0,0.0039814,0.066992992,19140.85485714295,19127.0,0.0019127,0.33,1.0,3.0,10 V,2.0,True,1
13.4646,0.0029999999999999827,0.0001,0.1178374,39279.13333333356,39759.0,0.0039759,0.05740794,19135.98000000011,19104.893999999997,0.0019104894,0.33,1.0,3.0,10 V,2.0,True,1
13.4983,0.0024999999999999827,0.0001,0.0982217,39288.68000000027,39814.0,0.0039814,0.047814581,19125.83240000013,19112.281,0.0019112281,0.33,1.0,3.0,10 V,2.0,True,1
13.5316,0.0019999999999999827,0.0001,0.0785785,39289.25000000034,39814.0,0.0039814,0.038266027,19133.01350000017,19092.747,0.0019092747,0.33,1.0,3.0,10 V,2.0,True,1
13.5651,0.0014999999999999827,0.0001,0.0589517,39301.13333333379,39759.0,0.0039759,0.028700307,19133.538000000222,19104.291999999998,0.0019104292,0.33,1.0,3.0,10 V,2.0,True,1
13.5986,0.0009999999999999827,0.0001,0.0393195,39319.500000000684,39703.99999999999,0.0039704,0.019137356,19137.356000000334,19098.217999999997,0.0019098218,0.33,1.0,3.0,10 V,2.0,True,1
13.6306,0.0004999999999999827,0.0001,0.0196982,39396.40000000136,39703.99999999999,0.0039704,0.0095731026,19146.20520000066,19085.086,0.0019085086,0.33,1.0,3.0,10 V,2.0,True,1
13.6641,-1e-05,0.0001,-0.0003245,32449.999999999996,39649.0,0.0039649,-0.0001915545,19155.45,19090.448999999997,0.0019090449,0.33,1.0,3.0,10 V,2.0,True,1
13.6974,-0.00051,0.0001,-0.0199787,39173.92156862744,39759.0,0.0039759,-0.0097649949,19147.04882352941,19091.105,0.0019091105,0.33,1.0,3.0,10 V,2.0,True,1
13.7324,-0.00101,0.0001,-0.0395944,39202.376237623765,39703.99999999999,0.0039704,-0.019330639,19139.246534653463,19078.793999999998,0.0019078794,0.33,1.0,3.0,10 V,2.0,True,1
13.7660,-0.00151,0.0001,-0.0592597,39244.83443708609,39703.99999999999,0.0039704,-0.028922373,19153.88940397351,19069.93,0.001906993,0.33,1.0,3.0,10 V,2.0,True,1
13.7996,-0.00201,0.0001,-0.0788864,39246.96517412935,39484.0,0.0039484,-0.038484471,19146.502985074625,19042.570999999996,0.0019042571,0.33,1.0,3.0,10 V,2.0,True,1
13.8332,-0.00251,0.0001,-0.0985189,39250.5577689243,39538.99999999999,0.0039539,-0.04805227,19144.330677290836,19025.609,0.0019025609,0.33,1.0,3.0,10 V,2.0,True,1
13.8665,-0.00301,0.0001,-0.1181951,39267.47508305648,39703.99999999999,0.0039704,-0.057654509,19154.3219269103,19037.810999999998,0.0019037811,0.33,1.0,3.0,10 V,2.0,True,1
13.9002,-0.00351,0.0001,-0.1378163,39263.90313390313,39594.0,0.0039594,-0.067208612,19147.752706552707,19023.092,0.0019023092,0.33,1.0,3.0,10 V,2.0,True,1
13.9336,-0.00401,0.0001,-0.1574816,39272.21945137157,39538.99999999999,0.0039539,-0.076812612,19155.264837905237,19000.384,0.0019000384,0.33,1.0,3.0,10 V,2.0,True,1
13.9671,-0.00451,0.0001,-0.1771028,39268.913525498894,39594.0,0.0039594,-0.086403033,19158.10044345898,18988.838999999996,0.0018988839,0.33,1.0,3.0,10 V,2.0,True,1
14.0005,-0.0050100000000000006,0.0001,-0.1967241,39266.2874251497,39484.0,0.0039484,-0.095976112,19156.90858283433,19022.161,0.0019022161,0.33,1.0,3.0,10 V,2.0,True,1
14.0341,-0.005510000000000001,0.0001,-0.21645,39283.12159709618,39594.0,0.0039594,-0.10559005,19163.34845735027,19000.603,0.0019000603,0.33,1.0,3.0,10 V,2.0,True,1
14.0676,-0.0060100000000000015,0.0001,-0.2360602,39277.90349417636,39373.99999999999,0.0039374,-0.11515513,19160.587354409312,18989.769,0.0018989769,0.33,1.0,3.0,10 V,2.0,True,1
14.1023,-0.006510000000000002,0.0001,-0.2556595,39271.81259600613,39484.0,0.0039484,-0.12476032,19164.41167434715,18966.130999999998,0.0018966131,0.33,1.0,3.0,10 V,2.0,True,1
14.1357,-0.007010000000000002,0.0001,-0.2753027,39272.853067047065,39429.0,0.0039429,-0.13428596,19156.342368045644,18964.708,0.0018964708,0.33,1.0,3.0,10 V,2.0,True,1
14.1691,-0.007510000000000003,0.0001,-0.2948745,39264.24766977362,39373.99999999999,0.0039374,-0.14379774,19147.50199733688,18955.68,0.001895568,0.33,1.0,3.0,10 V,2.0,True,1
14.2027,-0.008010000000000003,0.0001,-0.3145012,39263.57053682895,39373.99999999999,0.0039374,-0.15344312,19156.444444444434,18959.345999999998,0.0018959346,0.33,1.0,3.0,10 V,2.0,True,1
14.2362,-0.008510000000000004,0.0001,-0.334051,39253.936545240875,39484.0,0.0039484,-0.16301923,19156.19623971797,18959.565,0.0018959565,0.33,1.0,3.0,10 V,2.0,True,1
14.2694,-0.009010000000000004,0.0001,-0.3537767,39264.89456159821,39264.0,0.0039264,-0.17260528,19157.078801331845,18942.821,0.0018942821,0.33,1.0,3.0,10 V,2.0,True,1
14.3030,-0.009510000000000005,0.0001,-0.3733594,39259.66351209251,39373.99999999999,0.0039374,-0.18222906,19161.835962145098,18950.700999999997,0.0018950701,0.33,1.0,3.0,10 V,2.0,True,1
14.3366,-0.010010000000000005,0.0001,-0.3930247,39263.20679320677,39319.0,0.0039319,-0.19189442,19170.271728271717,18931.220999999998,0.0018931221,0.33,1.0,3.0,10 V,2.0,True,1
14.3702,-0.010510000000000005,0.0001,-0.4126404,39261.69362511891,39264.0,0.0039264,-0.20149436,19171.68030447192,18929.799,0.0018929799,0.33,1.0,3.0,10 V,2.0,True,1
14.4036,-0.011010000000000006,0.0001,-0.4321299,39248.85558583104,39319.0,0.0039319,-0.21103938,19167.972752043584,18910.811999999998,0.0018910812,0.33,1.0,3.0,10 V,2.0,True,1
14.4371,-0.011510000000000006,0.0001,-0.4517346,39247.141615986075,39154.0,0.0039154,-0.22060217,19166.13119026932,18894.014,0.0018894014,0.33,1.0,3.0,10 V,2.0,True,1
14.4704,-0.012010000000000007,0.0001,-0.4712624,39239.16736053287,39208.99999999999,0.0039209,-0.2302043,19167.718567860105,18916.01,0.001891601,0.33,1.0,3.0,10 V,2.0,True,1
14.5039,-0.012510000000000007,0.0001,-0.4909606,39245.451638689025,39154.0,0.0039154,-0.23983972,19171.84012789767,18867.803999999996,0.0018867804,0.33,1.0,3.0,10 V,2.0,True,1
14.5377,-0.013010000000000008,0.0001,-0.5104664,39236.46425826285,39154.0,0.0039154,-0.24934426,19165.584934665632,18877.488999999998,0.0018877489,0.33,1.0,3.0,10 V,2.0,True,1
14.5711,-0.013510000000000008,0.0001,-0.5298842,39221.62842339006,39045.0,0.0039045,-0.2588882,19162.709104367124,18840.499999999996,0.00188405,0.33,1.0,3.0,10 V,2.0,True,1
14.6045,-0.014010000000000009,0.0001,-0.5495824,39227.8658101356,39045.0,0.0039045,-0.26845984,19162.015703069224,18831.361999999997,0.0018831362,0.33,1.0,3.0,10 V,2.0,True,1
14.6379,-0.014510000000000009,0.0001,-0.5691431,39224.1971054445,39100.0,0.00391,-0.27810857,19166.682977257053,18827.859999999997,0.001882786,0.33,1.0,3.0,10 V,2.0,True,1
14.6713,-0.01501000000000001,0.0001,-0.5885224,39208.68754163888,39045.0,0.0039045,-0.28758483,19159.548967355084,18834.153,0.0018834153,0.33,1.0,3.0,10 V,2.0,True,1
14.7047,-0.01551000000000001,0.0001,-0.6081217,39208.362346872964,39045.0,0.0039045,-0.29728956,19167.605415860726,18806.574999999997,0.0018806575,0.33,1.0,3.0,10 V,2.0,True,1
14.7382,-0.01601000000000001,0.0001,-0.6277265,39208.400999375364,38934.99999999999,0.0038935,-0.30689391,19168.888819487805,18818.557999999997,0.0018818558,0.33,1.0,3.0,10 V,2.0,True,1
14.7720,-0.01651000000000001,0.0001,-0.6472268,39202.107813446375,38934.99999999999,0.0038935,-0.31635909,19161.66505148394,18791.583,0.0018791583,0.33,1.0,3.0,10 V,2.0,True,1
14.8053,-0.01701000000000001,0.0001,-0.6666775,39193.26866549086,38879.99999999999,0.003888,-0.32599895,19165.135214579648,18801.049,0.0018801049,0.33,1.0,3.0,10 V,2.0,True,1
14.8389,-0.01751000000000001,0.0001,-0.6861228,39184.62592804109,38934.99999999999,0.0038935,-0.33557557,19164.795545402612,18802.470999999998,0.0018802471,0.33,1.0,3.0,10 V,2.0,True,1
14.8724,-0.018010000000000012,0.0001,-0.7057276,39185.31926707382,38825.0,0.0038825,-0.34525424,19170.141032759566,18797.874999999996,0.0018797875,0.33,1.0,3.0,10 V,2.0,True,1
14.9060,-0.018510000000000013,0.0001,-0.7253103,39184.781199351666,38825.0,0.0038825,-0.35485747,19171.12209616422,18784.688,0.0018784688,0.33,1.0,3.0,10 V,2.0,True,1
14.9396,-0.019010000000000013,0.0001,-0.7448601,39182.54076801681,38825.0,0.0038825,-0.36436093,19166.803261441335,18761.215,0.0018761215,0.33,1.0,3.0,10 V,2.0,True,1
14.9730,-0.019510000000000013,0.0001,-0.7643548,39177.59097898511,38660.0,0.003866,-0.37403958,19171.685289595065,18757.985999999997,0.0018757986,0.33,1.0,3.0,10 V,2.0,True,1
15.0067,-0.020010000000000014,0.0001,-0.7835746,39159.15042478758,38714.99999999999,0.0038715,-0.38355631,19168.231384307834,18740.093999999997,0.0018740094,0.33,1.0,3.0,10 V,2.0,True,1
15.0401,-0.020510000000000014,0.0001,-0.8031354,39158.23500731348,38714.99999999999,0.0038715,-0.3931252,19167.489029741577,18722.639,0.0018722639,0.33,1.0,3.0,10 V,2.0,True,1
15.0736,-0.021010000000000015,0.0001,-0.8225916,39152.384578771984,38605.0,0.0038605,-0.40271568,19167.80961446929,18681.656,0.0018681656,0.33,1.0,3.0,10 V,2.0,True,1
15.1071,-0.021510000000000015,0.0001,-0.8418886,39139.404927940464,38549.99999999999,0.003855,-0.41220968,19163.62993956298,18677.442,0.0018677442,0.33,1.0,3.0,10 V,2.0,True,1
15.1406,-0.022010000000000016,0.0001,-0.8612624,39130.50431621987,38605.0,0.0038605,-0.42173143,19160.900954111756,18675.199,0.0018675199,0.33,1.0,3.0,10 V,2.0,True,1
15.1741,-0.022510000000000016,0.0001,-0.8810651,39141.05286539313,38605.0,0.0038605,-0.43146053,19167.5046645935,18647.183999999997,0.0018647184,0.33,1.0,3.0,10 V,2.0,True,1
15.2075,-0.023010000000000017,0.0001,-0.9003014,39126.52759669706,38549.99999999999,0.003855,-0.44104714,19167.628857018673,18628.635,0.0018628635,0.33,1.0,3.0,10 V,2.0,True,1
15.2411,-0.023510000000000017,0.0001,-0.9198677,39126.65674181197,38495.0,0.0038495,-0.45075073,19172.72352190556,18640.563,0.0018640563,0.33,1.0,3.0,10 V,2.0,True,1
15.2746,-0.024010000000000017,0.0001,-0.9394503,39127.45939192,38440.0,0.003844,-0.46047043,19178.276967930015,18632.519999999997,0.001863252,0.33,1.0,3.0,10 V,2.0,True,1
15.3081,-0.024510000000000018,0.0001,-0.9587581,39117.01754385962,38440.0,0.003844,-0.47005927,19178.264789881665,18620.481999999996,0.0018620482,0.33,1.0,3.0,10 V,2.0,True,1
15.3220,-0.024510000000000018,0.0001,-0.9587581,39117.01754385962,38714.99999999999,0.0038715,-0.47005927,19178.264789881665,18669.125,0.0018669125,0.33,1.0,3.0,10 V,2.0,True,1
15.3388,-0.024510000000000018,0.0001,-0.9587581,39117.01754385962,38825.0,0.0038825,-0.47005927,19178.264789881665,18708.795,0.0018708795,0.33,1.0,3.0,10 V,2.0,True,1
15.3558,-0.024510000000000018,0.0001,-0.9587581,39117.01754385962,38879.99999999999,0.003888,-0.47005927,19178.264789881665,18740.202999999998,0.0018740203,0.33,1.0,3.0,10 V,2.0,True,1
15.3726,-0.024510000000000018,0.0001,-0.9587581,39117.01754385962,38990.0,0.003899,-0.47005927,19178.264789881665,18739.492,0.0018739492,0.33,1.0,3.0,10 V,2.0,True,1
15.3893,-0.024510000000000018,0.0001,-0.9587581,39117.01754385962,38879.99999999999,0.003888,-0.47005927,19178.264789881665,18749.232,0.0018749232,0.33,1.0,3.0,10 V,2.0,True,1
15.4060,-0.024510000000000018,0.0001,-0.9587581,39117.01754385962,38990.0,0.003899,-0.47005927,19178.264789881665,18749.504999999997,0.0018749505,0.33,1.0,3.0,10 V,2.0,True,1
15.4228,-0.024510000000000018,0.0001,-0.9587581,39117.01754385962,39045.0,0.0039045,-0.47005927,19178.264789881665,18767.617,0.0018767617,0.33,1.0,3.0,10 V,2.0,True,1
15.4395,-0.024510000000000018,0.0001,-0.9587581,39117.01754385962,39045.0,0.0039045,-0.47005927,19178.264789881665,18766.302999999996,0.0018766303,0.33,1.0,3.0,10 V,2.0,True,1
15.4564,-0.024510000000000018,0.0001,-0.9587581,39117.01754385962,39045.0,0.0039045,-0.47005927,19178.264789881665,18774.839,0.0018774839,0.33,1.0,3.0,10 V,2.0,True,1
15.4731,-0.024510000000000018,0.0001,-0.9587581,39117.01754385962,39045.0,0.0039045,-0.47005927,19178.264789881665,18768.217999999997,0.0018768218,0.33,1.0,3.0,10 V,2.0,True,1
15.4899,-0.024510000000000018,0.0001,-0.9587581,39117.01754385962,39100.0,0.00391,-0.47005927,19178.264789881665,18788.846999999998,0.0018788847,0.33,1.0,3.0,10 V,2.0,True,1
15.5261,-0.025,0.0001,-0.9781429,39125.716,38660.0,0.003866,-0.47949283,19179.7132,18741.352,0.0018741352,0.33,1.0,3.0,10 V,2.0,True,1
15.5596,-0.0245,0.0001,-0.9587196,39131.412244897954,38549.99999999999,0.003855,-0.46996944,19182.42612244898,18694.624,0.0018694624,0.33,1.0,3.0,10 V,2.0,True,1
15.5932,-0.024,0.0001,-0.9394393,39143.30416666666,38495.0,0.0038495,-0.46056081,19190.03375,18654.898999999998,0.0018654899,0.33,1.0,3.0,10 V,2.0,True,1
15.6268,-0.0235,0.0001,-0.9199447,39146.582978723396,38440.0,0.003844,-0.45097253,19190.320425531914,18632.519999999997,0.001863252,0.33,1.0,3.0,10 V,2.0,True,1
15.6601,-0.023,0.0001,-0.9005874,39155.97391304348,38384.99999999999,0.0038385,-0.44145247,19193.58565217391,18644.12,0.001864412,0.33,1.0,3.0,10 V,2.0,True,1
15.6936,-0.0225,0.0001,-0.8813731,39172.13777777778,38605.0,0.0038605,-0.43193961,19197.316,18634.051999999996,0.0018634052,0.33,1.0,3.0,10 V,2.0,True,1
15.7272,-0.022,0.0001,-0.8618178,39173.53636363636,38440.0,0.003844,-0.42233194,19196.906363636364,18638.976,0.0018638976,0.33,1.0,3.0,10 V,2.0,True,1
15.7607,-0.0215,0.0001,-0.842598,39190.604651162794,38440.0,0.003844,-0.41299984,19209.294883720933,18622.069,0.0018622069,0.33,1.0,3.0,10 V,2.0,True,1
15.7941,-0.020999999999999998,0.0001,-0.8229216,39186.74285714286,38440.0,0.003844,-0.40333948,19206.641904761906,18636.239999999998,0.001863624,0.33,1.0,3.0,10 V,2.0,True,1
15.8276,-0.020499999999999997,0.0001,-0.8034543,39192.89268292683,38440.0,0.003844,-0.39367858,19203.833170731712,18643.408,0.0018643408,0.33,1.0,3.0,10 V,2.0,True,1
15.8613,-0.019999999999999997,0.0001,-0.7839706,39198.53,38495.0,0.0038495,-0.38409971,19204.985500000003,18624.037999999997,0.0018624038,0.33,1.0,3.0,10 V,2.0,True,1
15.8949,-0.019499999999999997,0.0001,-0.7644703,39203.60512820514,38440.0,0.003844,-0.37461182,19210.86256410257,18634.325,0.0018634325,0.33,1.0,3.0,10 V,2.0,True,1
15.9282,-0.018999999999999996,0.0001,-0.744926,39206.631578947374,38440.0,0.003844,-0.36504739,19213.020526315795,18648.606,0.0018648606,0.33,1.0,3.0,10 V,2.0,True,1
15.9615,-0.018499999999999996,0.0001,-0.7254203,39211.90810810812,38384.99999999999,0.0038385,-0.35544135,19213.04594594595,18638.647999999997,0.0018638648,0.33,1.0,3.0,10 V,2.0,True,1
15.9951,-0.017999999999999995,0.0001,-0.7062335,39235.194444444445,38440.0,0.003844,-0.34592737,19218.187222222226,18611.672,0.0018611672,0.33,1.0,3.0,10 V,2.0,True,1
16.0285,-0.017499999999999995,0.0001,-0.6864308,39224.617142857154,38440.0,0.003844,-0.33615225,19208.700000000004,18628.635,0.0018628635,0.33,1.0,3.0,10 V,2.0,True,1
16.0619,-0.016999999999999994,0.0001,-0.667024,39236.70588235295,38440.0,0.003844,-0.32657007,19210.004117647066,18640.124999999996,0.0018640125,0.33,1.0,3.0,10 V,2.0,True,1
16.0956,-0.016499999999999994,0.0001,-0.6474907,39241.86060606062,38495.0,0.0038495,-0.31701561,19213.06727272728,18655.173,0.0018655173,0.33,1.0,3.0,10 V,2.0,True,1
16.1290,-0.015999999999999993,0.0001,-0.6279245,39245.281250000015,38495.0,0.0038495,-0.30747003,19216.87687500001,18649.536999999997,0.0018649537,0.33,1.0,3.0,10 V,2.0,True,1
16.1625,-0.015499999999999993,0.0001,-0.6083801,39250.32903225808,38440.0,0.003844,-0.29793166,19221.397419354846,18650.905,0.0018650905,0.33,1.0,3.0,10 V,2.0,True,1
16.1959,-0.014999999999999993,0.0001,-0.5887039,39246.92666666668,38660.0,0.003866,-0.28819809,19213.20600000001,18653.039,0.0018653039,0.33,1.0,3.0,10 V,2.0,True,1
16.2291,-0.014499999999999992,0.0001,-0.5692366,39257.69655172416,38440.0,0.003844,-0.27870798,19221.240000000013,18652.326999999997,0.0018652327,0.33,1.0,3.0,10 V,2.0,True,1
16.2626,-0.013999999999999992,0.0001,-0.5496429,39260.20714285717,38549.99999999999,0.003855,-0.26907976,19219.98285714287,18686.360999999997,0.0018686361,0.33,1.0,3.0,10 V,2.0,True,1
16.2961,-0.013499999999999991,0.0001,-0.5300931,39266.15555555558,38495.0,0.0038495,-0.25939944,19214.773333333345,18655.773999999998,0.0018655774,0.33,1.0,3.0,10 V,2.0,True,1
16.3297,-0.01299999999999999,0.0001,-0.5105049,39269.60769230772,38549.99999999999,0.003855,-0.24981613,19216.6253846154,18655.828999999998,0.0018655829,0.33,1.0,3.0,10 V,2.0,True,1
16.3633,-0.01249999999999999,0.0001,-0.4907846,39262.76800000003,38549.99999999999,0.003855,-0.24021012,19216.809600000015,18676.458,0.0018676458,0.33,1.0,3.0,10 V,2.0,True,1
16.3967,-0.01199999999999999,0.0001,-0.4713229,39276.90833333336,38605.0,0.0038605,-0.23063903,19219.91916666668,18680.835,0.0018680835,0.33,1.0,3.0,10 V,2.0,True,1
16.4301,-0.01149999999999999,0.0001,-0.4516796,39276.486956521774,38549.99999999999,0.003855,-0.22100196,19217.56173913045,18672.791999999998,0.0018672792,0.33,1.0,3.0,10 V,2.0,True,1
16.4636,-0.010999999999999989,0.0001,-0.4320694,39279.0363636364,38605.0,0.0038605,-0.21143196,19221.08727272729,18683.461,0.0018683461,0.33,1.0,3.0,10 V,2.0,True,1
16.4972,-0.010499999999999989,0.0001,-0.4125634,39291.75238095242,38660.0,0.003866,-0.20185257,19224.054285714305,18688.275999999998,0.0018688276,0.33,1.0,3.0,10 V,2.0,True,1
16.5304,-0.009999999999999988,0.0001,-0.3928267,39282.67000000004,38660.0,0.003866,-0.19221325,19221.325000000023,18689.096999999998,0.0018689097,0.33,1.0,3.0,10 V,2.0,True,1
16.5641,-0.009499999999999988,0.0001,-0.373211,39285.36842105268,38714.99999999999,0.0038715,-0.18259835,19220.878947368445,18713.009,0.0018713009,0.33,1.0,3.0,10 V,2.0,True,1
16.5975,-0.008999999999999987,0.0001,-0.3536997,39299.966666666725,38660.0,0.003866,-0.17298345,19220.383333333364,18711.75,0.001871175,0.33,1.0,3.0,10 V,2.0,True,1
16.6312,-0.008499999999999987,0.0001,-0.333897,39282.000000000065,38714.99999999999,0.0038715,-0.16336357,19219.243529411797,18700.588,0.0018700588,0.33,1.0,3.0,10 V,2.0,True,1
16.6646,-0.007999999999999986,0.0001,-0.3143637,39295.462500000074,38714.99999999999,0.0038715,-0.1537797,19222.46250000003,18722.037,0.0018722037,0.33,1.0,3.0,10 V,2.0,True,1
16.6979,-0.007499999999999986,0.0001,-0.2947425,39299.00000000008,38769.99999999999,0.003877,-0.14415428,19220.570666666703,18750.271,0.0018750271,0.33,1.0,3.0,10 V,2.0,True,1
16.7317,-0.006999999999999985,0.0001,-0.2751707,39310.10000000008,38825.0,0.0038825,-0.13453215,19218.87857142861,18734.458,0.0018734458,0.33,1.0,3.0,10 V,2.0,True,1
16.7649,-0.006499999999999985,0.0001,-0.255511,39309.384615384704,38714.99999999999,0.0038715,-0.1249677,19225.800000000043,18744.307,0.0018744307,0.33,1.0,3.0,10 V,2.0,True,1
16.7975,-0.0059999999999999845,0.0001,-0.2358568,39309.46666666677,38769.99999999999,0.003877,-0.11533219,19222.031666666717,18714.048,0.0018714048,0.33,1.0,3.0,10 V,2.0,True,1
16.8307,-0.005499999999999984,0.0001,-0.2162025,39309.54545454557,38769.99999999999,0.003877,-0.10570276,19218.683636363694,18724.992,0.0018724992,0.33,1.0,3.0,10 V,2.0,True,1
16.8642,-0.004999999999999984,0.0001,-0.1965041,39300.82000000013,38879.99999999999,0.003888,-0.096093251,19218.650200000066,18769.477,0.0018769477,0.33,1.0,3.0,10 V,2.0,True,1
16.8978,-0.004499999999999983,0.0001,-0.1768334,39296.31111111126,38769.99999999999,0.003877,-0.086438258,19208.501777777852,18764.443,0.0018764443,0.33,1.0,3.0,10 V,2.0,True,1
16.9311,-0.003999999999999983,0.0001,-0.1572176,39304.40000000017,38825.0,0.0038825,-0.076860686,19215.17150000008,18670.658,0.0018670658,0.33,1.0,3.0,10 V,2.0,True,1
16.9648,-0.0034999999999999827,0.0001,-0.1375469,39299.11428571447,38879.99999999999,0.003888,-0.067209609,19202.74542857152,18779.380999999998,0.0018779381,0.33,1.0,3.0,10 V,2.0,True,1
16.9983,-0.0029999999999999827,0.0001,-0.1179146,39304.866666666894,38934.99999999999,0.0038935,-0.057623881,19207.960333333445,18791.583,0.0018791583,0.33,1.0,3.0,10 V,2.0,True,1
17.0320,-0.0024999999999999827,0.0001,-0.0982657,39306.28000000027,39045.0,0.0039045,-0.048045901,19218.360400000132,18776.152,0.0018776152,0.33,1.0,3.0,10 V,2.0,True,1
17.0652,-0.0019999999999999827,0.0001,-0.0786115,39305.75000000034,38879.99999999999,0.003888,-0.038430249,19215.12450000017,18769.038999999997,0.0018769039,0.33,1.0,3.0,10 V,2.0,True,1
17.0987,-0.0014999999999999827,0.0001,-0.0589627,39308.46666666712,38990.0,0.003899,-0.028835806,19223.870666666888,18776.207,0.0018776207,0.33,1.0,3.0,10 V,2.0,True,1
17.1322,-0.0009999999999999827,0.0001,-0.0393085,39308.500000000684,38934.99999999999,0.0038935,-0.019220645,19220.645000000335,18800.228,0.0018800228,0.33,1.0,3.0,10 V,2.0,True,1
17.1642,-0.0004999999999999827,0.0001,-0.0196652,39330.40000000136,38879.99999999999,0.003888,-0.0096334175,19266.835000000665,18777.958,0.0018777958,0.33,1.0,3.0,10 V,2.0,True,1
17.1978,1e-05,0.0001,0.0003629,36290.0,39045.0,0.0039045,0.000152125,15212.5,18811.938,0.0018811938,0.33,1.0,3.0,10 V,2.0,True,1
17.2312,0.00051,0.0001,0.0200062,39227.843137254895,38990.0,0.003899,0.0097485756,19114.854117647053,18800.885,0.0018800885,0.33,1.0,3.0,10 V,2.0,True,1
17.2660,0.00101,0.0001,0.0396439,39251.38613861386,39100.0,0.00391,0.019338348,19146.879207920792,18813.634,0.0018813634,0.33,1.0,3.0,10 V,2.0,True,1
17.2994,0.00151,0.0001,0.0592872,39263.04635761589,39045.0,0.0039045,0.028931927,19160.216556291387,18816.753,0.0018816753,0.33,1.0,3.0,10 V,2.0,True,1
17.3331,0.00201,0.0001,0.0789249,39266.119402985074,39045.0,0.0039045,0.038508336,19158.376119402983,18820.144999999997,0.0018820145,0.33,1.0,3.0,10 V,2.0,True,1
17.3665,0.00251,0.0001,0.0985352,39257.051792828686,39100.0,0.00391,0.048091616,19160.00637450199,18832.182999999997,0.0018832183,0.33,1.0,3.0,10 V,2.0,True,1
17.4002,0.00301,0.0001,0.1182004,39269.23588039867,38990.0,0.003899,0.057710621,19172.963787375415,18848.542999999998,0.0018848543,0.33,1.0,3.0,10 V,2.0,True,1
17.4336,0.00351,0.0001,0.1378161,39263.84615384615,39154.0,0.0039154,0.067260449,19162.521082621082,18865.888999999996,0.0018865889,0.33,1.0,3.0,10 V,2.0,True,1
17.4671,0.00401,0.0001,0.1574924,39274.91271820449,39208.99999999999,0.0039209,0.07689169,19174.985037406484,18868.788999999997,0.0018868789,0.33,1.0,3.0,10 V,2.0,True,1
17.5006,0.00451,0.0001,0.1770971,39267.64966740576,39154.0,0.0039154,0.086476684,19174.431042128603,18880.661999999997,0.0018880662,0.33,1.0,3.0,10 V,2.0,True,1
17.5343,0.0050100000000000006,0.0001,0.1966909,39259.660678642715,39154.0,0.0039154,0.096016317,19164.93353293413,18878.309999999998,0.001887831,0.33,1.0,3.0,10 V,2.0,True,1
17.5676,0.005510000000000001,0.0001,0.2163728,39269.110707803986,39208.99999999999,0.0039209,0.10560634,19166.304900181483,18881.319,0.0018881319,0.33,1.0,3.0,10 V,2.0,True,1
17.6012,0.0060100000000000015,0.0001,0.235983,39265.05823627287,39208.99999999999,0.0039209,0.11523082,19173.181364392673,18905.667999999998,0.0018905668,0.33,1.0,3.0,10 V,2.0,True,1
17.6359,0.006510000000000002,0.0001,0.2556263,39266.71274961596,39208.99999999999,0.0039209,0.12480304,19170.97388632872,18900.360999999997,0.0018900361,0.33,1.0,3.0,10 V,2.0,True,1
17.6693,0.007010000000000002,0.0001,0.2752365,39263.40941512124,39264.0,0.0039264,0.13438747,19170.823109843077,18904.574,0.0018904574,0.33,1.0,3.0,10 V,2.0,True,1
17.7030,0.007510000000000003,0.0001,0.2947698,39250.30625832223,39208.99999999999,0.0039209,0.14394361,19166.925432756318,18918.527,0.0018918527,0.33,1.0,3.0,10 V,2.0,True,1
17.7364,0.008010000000000003,0.0001,0.314402,39251.18601747814,39319.0,0.0039319,0.15354299,19168.912609238443,18923.999,0.0018923999,0.33,1.0,3.0,10 V,2.0,True,1
17.7699,0.008510000000000004,0.0001,0.3340123,39249.38895417155,39319.0,0.0039319,0.16306753,19161.871915393647,18931.002,0.0018931002,0.33,1.0,3.0,10 V,2.0,True,1
17.8033,0.009010000000000004,0.0001,0.353595,39244.72807991119,39373.99999999999,0.0039374,0.17266081,19163.24195338512,18935.982,0.0018935982,0.33,1.0,3.0,10 V,2.0,True,1
17.8368,0.009510000000000005,0.0001,0.3731998,39242.881177707655,39429.0,0.0039429,0.18218702,19157.415352260767,18953.874,0.0018953874,0.33,1.0,3.0,10 V,2.0,True,1
17.8705,0.010010000000000005,0.0001,0.392689,39229.670329670305,39484.0,0.0039484,0.19170433,19151.28171828171,18954.913999999997,0.0018954914,0.33,1.0,3.0,10 V,2.0,True,1
17.9041,0.010510000000000005,0.0001,0.4124368,39242.32159847762,39484.0,0.0039484,0.20139522,19162.24738344433,18984.461,0.0018984461,0.33,1.0,3.0,10 V,2.0,True,1
17.9373,0.011010000000000006,0.0001,0.4319702,39234.35059037237,39538.99999999999,0.0039539,0.21089146,19154.537693006347,18996.717999999997,0.0018996718,0.33,1.0,3.0,10 V,2.0,True,1
17.9709,0.011510000000000006,0.0001,0.4515365,39229.930495221524,39484.0,0.0039484,0.22037055,19146.007819287566,18979.099,0.0018979099,0.33,1.0,3.0,10 V,2.0,True,1
18.0043,0.012010000000000007,0.0001,0.4709597,39213.963363863426,39484.0,0.0039484,0.22988176,19140.862614487916,18975.541999999998,0.0018975542,0.33,1.0,3.0,10 V,2.0,True,1
18.0379,0.012510000000000007,0.0001,0.4904875,39207.63389288567,39429.0,0.0039429,0.23938189,19135.243005595512,18974.612,0.0018974612,0.33,1.0,3.0,10 V,2.0,True,1
18.0716,0.013010000000000008,0.0001,0.5099987,39200.514988470386,39538.99999999999,0.0039539,0.24895909,19135.97924673327,18987.908,0.0018987908,0.33,1.0,3.0,10 V,2.0,True,1
18.1051,0.013510000000000008,0.0001,0.529631,39202.88675055512,39594.0,0.0039594,0.25840544,19126.975573649135,19021.888,0.0019021888,0.33,1.0,3.0,10 V,2.0,True,1
18.1385,0.014010000000000009,0.0001,0.5490543,39190.17130620983,39594.0,0.0039594,0.26791167,19122.888650963585,18996.772999999997,0.0018996773,0.33,1.0,3.0,10 V,2.0,True,1
18.1722,0.014510000000000009,0.0001,0.5686425,39189.69676085456,39649.0,0.0039649,0.27744841,19121.186078566494,19004.378,0.0019004378,0.33,1.0,3.0,10 V,2.0,True,1
18.2053,0.01501000000000001,0.0001,0.5880988,39180.4663557628,39594.0,0.0039594,0.28708994,19126.57828114589,19036.770999999997,0.0019036771,0.33,1.0,3.0,10 V,2.0,True,1
18.2391,0.01551000000000001,0.0001,0.6077365,39183.52675693099,39703.99999999999,0.0039704,0.29661172,19123.9019987105,19048.644999999997,0.0019048645,0.33,1.0,3.0,10 V,2.0,True,1
18.2726,0.01601000000000001,0.0001,0.6271928,39175.065584009964,39703.99999999999,0.0039704,0.30605251,19116.334166146145,19057.946999999996,0.0019057947,0.33,1.0,3.0,10 V,2.0,True,1
18.3061,0.01651000000000001,0.0001,0.6467703,39174.457904300405,39759.0,0.0039759,0.31568738,19120.98001211386,19059.040999999997,0.0019059041,0.33,1.0,3.0,10 V,2.0,True,1
18.3396,0.01701000000000001,0.0001,0.6662596,39168.70076425629,39814.0,0.0039814,0.32517533,19116.715461493226,19071.352,0.0019071352,0.33,1.0,3.0,10 V,2.0,True,1
18.3730,0.01751000000000001,0.0001,0.6857489,39163.27241576239,39759.0,0.0039759,0.33459948,19109.050828098214,19098.819999999996,0.001909882,0.33,1.0,3.0,10 V,2.0,True,1
18.4065,0.018010000000000012,0.0001,0.7051446,39152.948362021074,39924.0,0.0039924,0.34415672,19109.201554691826,19083.553999999996,0.0019083554,0.33,1.0,3.0,10 V,2.0,True,1
18.4398,0.018510000000000013,0.0001,0.7246009,39146.45596974605,39868.99999999999,0.0039869,0.35357923,19102.06537007022,19103.087999999996,0.0019103088,0.33,1.0,3.0,10 V,2.0,True,1
18.4733,0.019010000000000013,0.0001,0.7440847,39141.751709626486,39868.99999999999,0.0039869,0.36314536,19102.85954760651,19100.352,0.0019100352,0.33,1.0,3.0,10 V,2.0,True,1
18.5071,0.019510000000000013,0.0001,0.7636399,39140.94823167603,39814.0,0.0039814,0.37270704,19103.3849308047,19114.36,0.001911436,0.33,1.0,3.0,10 V,2.0,True,1
18.5405,0.020010000000000014,0.0001,0.7828102,39120.94952523735,39868.99999999999,0.0039869,0.38202752,19091.83008495751,19123.825999999997,0.0019123826,0.33,1.0,3.0,10 V,2.0,True,1
18.5740,0.020510000000000014,0.0001,0.802118,39108.62993661626,39979.0,0.0039979,0.39157924,19092.113115553373,19139.038,0.0019139038,0.33,1.0,3.0,10 V,2.0,True,1
18.6075,0.021010000000000015,0.0001,0.8217173,39110.771061399304,39924.0,0.0039924,0.4011692,19094.202760590182,19133.456,0.0019133456,0.33,1.0,3.0,10 V,2.0,True,1
18.6409,0.021510000000000015,0.0001,0.8410967,39102.58949325892,39979.0,0.0039979,0.41050243,19084.259879125973,19147.627999999997,0.0019147628,0.33,1.0,3.0,10 V,2.0,True,1
18.6746,0.022010000000000016,0.0001,0.8606355,39102.021808268946,40033.99999999999,0.0040034,0.42009685,19086.635620172638,19173.947,0.0019173947,0.33,1.0,3.0,10 V,2.0,True,1
18.7079,0.022510000000000016,0.0001,0.8801028,39098.30297645488,40089.0,0.0040089,0.42947221,19079.17414482451,19174.274999999998,0.0019174275,0.33,1.0,3.0,10 V,2.0,True,1
18.7413,0.023010000000000017,0.0001,0.899515,39092.35115167315,40089.0,0.0040089,0.43907659,19081.99000434592,19191.894,0.0019191894,0.33,1.0,3.0,10 V,2.0,True,1
18.7750,0.023510000000000017,0.0001,0.9187733,39080.1063377286,40033.99999999999,0.0040034,0.4484819,19076.21863037004,19190.691,0.0019190691,0.33,1.0,3.0,10 V,2.0,True,1
18.8083,0.024010000000000017,0.0001,0.9385045,39088.06747188668,40198.99999999999,0.0040199,0.45808184,19078.79383590169,19216.572,0.0019216572,0.33,1.0,3.0,10 V,2.0,True,1
18.8419,0.024510000000000018,0.0001,0.957642,39071.48102815175,40144.0,0.0040144,0.46748718,19073.324357405127,19210.990999999998,0.0019210991,0.33,1.0,3.0,10 V,2.0,True,1
18.8756,0.02501000000000002,0.0001,0.9771257,39069.400239904004,40254.0,0.0040254,0.47688972,19067.961615353845,19232.275999999998,0.0019232276,0.33,1.0,3.0,10 V,2.0,True,1
18.9090,0.02551000000000002,0.0001,0.9964775,39062.23049784396,40254.0,0.0040254,0.48636823,19065.787142297126,19247.706,0.0019247706,0.33,1.0,3.0,10 V,2.0,True,1
18.9423,0.02601000000000002,0.0001,1.0160548,39064.00615148017,40254.0,0.0040254,0.4958911,19065.401768550542,19246.283,0.0019246283,0.33,1.0,3.0,10 V,2.0,True,1
18.9760,0.02651000000000002,0.0001,1.035313,39053.677857412265,40254.0,0.0040254,0.5052382,19058.40060354582,19264.012,0.0019264012,0.33,1.0,3.0,10 V,2.0,True,1
19.0096,0.02701000000000002,0.0001,1.054654,39046.79748241389,40308.99999999999,0.0040309,0.51477882,19058.82339874119,19274.299,0.0019274299,0.33,1.0,3.0,10 V,2.0,True,1
19.0235,0.02701000000000002,0.0001,1.054654,39046.79748241389,40089.0,0.0040089,0.51477882,19058.82339874119,19237.035999999996,0.0019237036,0.33,1.0,3.0,10 V,2.0,True,1
19.0404,0.02701000000000002,0.0001,1.054654,39046.79748241389,39979.0,0.0039979,0.51477882,19058.82339874119,19169.515,0.0019169515,0.33,1.0,3.0,10 V,2.0,True,1
19.0571,0.02701000000000002,0.0001,1.054654,39046.79748241389,39924.0,0.0039924,0.51477882,19058.82339874119,19160.104,0.0019160104,0.33,1.0,3.0,10 V,2.0,True,1
19.0737,0.02701000000000002,0.0001,1.054654,39046.79748241389,39868.99999999999,0.0039869,0.51477882,19058.82339874119,19144.017,0.0019144017,0.33,1.0,3.0,10 V,2.0,True,1
19.0906,0.02701000000000002,0.0001,1.054654,39046.79748241389,39759.0,0.0039759,0.51477882,19058.82339874119,19143.196,0.0019143196,0.33,1.0,3.0,10 V,2.0,True,1
19.1072,0.02701000000000002,0.0001,1.054654,39046.79748241389,39759.0,0.0039759,0.51477882,19058.82339874119,19137.341,0.0019137341,0.33,1.0,3.0,10 V,2.0,True,1
19.1240,0.02701000000000002,0.0001,1.054654,39046.79748241389,39703.99999999999,0.0039704,0.51477882,19058.82339874119,19104.675,0.0019104675,0.33,1.0,3.0,10 V,2.0,True,1
19.1408,0.02701000000000002,0.0001,1.054654,39046.79748241389,39649.0,0.0039649,0.51477882,19058.82339874119,19131.924,0.0019131924,0.33,1.0,3.0,10 V,2.0,True,1
19.1576,0.02701000000000002,0.0001,1.054654,39046.79748241389,39703.99999999999,0.0039704,0.51477882,19058.82339874119,19098.327999999998,0.0019098328,0.33,1.0,3.0,10 V,2.0,True,1
19.1743,0.02701000000000002,0.0001,1.054654,39046.79748241389,39649.0,0.0039649,0.51477882,19058.82339874119,19090.612999999998,0.0019090613,0.33,1.0,3.0,10 V,2.0,True,1
19.1910,0.02701000000000002,0.0001,1.054654,39046.79748241389,39594.0,0.0039594,0.51477882,19058.82339874119,19087.274999999998,0.0019087275,0.33,1.0,3.0,10 V,2.0,True,1
19.2076,0.02701000000000002,0.0001,1.054654,39046.79748241389,39703.99999999999,0.0039704,0.51477882,19058.82339874119,19061.557999999997,0.0019061558,0.33,1.0,3.0,10 V,2.0,True,1
19.2244,0.02701000000000002,0.0001,1.054654,39046.79748241389,39649.0,0.0039649,0.51477882,19058.82339874119,19096.521999999997,0.0019096522,0.33,1.0,3.0,10 V,2.0,True,1
19.2412,0.02701000000000002,0.0001,1.054654,39046.79748241389,39649.0,0.0039649,0.51477882,19058.82339874119,19082.185999999998,0.0019082186,0.33,1.0,3.0,10 V,2.0,True,1
19.2580,0.02701000000000002,0.0001,1.054654,39046.79748241389,39594.0,0.0039594,0.51477882,19058.82339874119,19080.052,0.0019080052,0.33,1.0,3.0,10 V,2.0,True,1
19.2749,0.02701000000000002,0.0001,1.054654,39046.79748241389,39703.99999999999,0.0039704,0.51477882,19058.82339874119,19061.557999999997,0.0019061558,0.33,1.0,3.0,10 V,2.0,True,1
19.2915,0.02701000000000002,0.0001,1.054654,39046.79748241389,39538.99999999999,0.0039539,0.51477882,19058.82339874119,19049.738999999998,0.0019049739,0.33,1.0,3.0,10 V,2.0,True,1
19.3084,0.02701000000000002,0.0001,1.054654,39046.79748241389,39649.0,0.0039649,0.51477882,19058.82339874119,19045.525999999998,0.0019045526,0.33,1.0,3.0,10 V,2.0,True,1
19.3251,0.02701000000000002,0.0001,1.054654,39046.79748241389,39594.0,0.0039594,0.51477882,19058.82339874119,19048.917999999998,0.0019048918,0.33,1.0,3.0,10 V,2.0,True,1
19.3421,0.02701000000000002,0.0001,1.054654,39046.79748241389,39594.0,0.0039594,0.51477882,19058.82339874119,19049.137,0.0019049137,0.33,1.0,3.0,10 V,2.0,True,1
19.3588,0.02701000000000002,0.0001,1.054654,39046.79748241389,39594.0,0.0039594,0.51477882,19058.82339874119,19054.717999999997,0.0019054718,0.33,1.0,3.0,10 V,2.0,True,1
19.3755,0.02701000000000002,0.0001,1.054654,39046.79748241389,39594.0,0.0039594,0.51477882,19058.82339874119,19039.78,0.001903978,0.33,1.0,3.0,10 V,2.0,True,1
19.3922,0.02701000000000002,0.0001,1.054654,39046.79748241389,39649.0,0.0039649,0.51477882,19058.82339874119,19051.709,0.0019051709,0.33,1.0,3.0,10 V,2.0,True,1
19.4091,0.02701000000000002,0.0001,1.054654,39046.79748241389,39594.0,0.0039594,0.51477882,19058.82339874119,19048.59,0.001904859,0.33,1.0,3.0,10 V,2.0,True,1
19.4257,0.02701000000000002,0.0001,1.054654,39046.79748241389,39538.99999999999,0.0039539,0.51477882,19058.82339874119,19027.359999999997,0.001902736,0.33,1.0,3.0,10 V,2.0,True,1
19.4425,0.02701000000000002,0.0001,1.054654,39046.79748241389,39594.0,0.0039594,0.51477882,19058.82339874119,19031.845999999998,0.0019031846,0.33,1.0,3.0,10 V,2.0,True,1
19.4593,0.02701000000000002,0.0001,1.054654,39046.79748241389,39649.0,0.0039649,0.51477882,19058.82339874119,19024.897,0.0019024897,0.33,1.0,3.0,10 V,2.0,True,1
19.4760,0.02701000000000002,0.0001,1.054654,39046.79748241389,39538.99999999999,0.0039539,0.51477882,19058.82339874119,19043.555999999997,0.0019043556,0.33,1.0,3.0,10 V,2.0,True,1
19.4928,0.02701000000000002,0.0001,1.054654,39046.79748241389,39484.0,0.0039484,0.51477882,19058.82339874119,19048.262,0.0019048262,0.33,1.0,3.0,10 V,2.0,True,1
19.5095,0.02701000000000002,0.0001,1.054654,39046.79748241389,39538.99999999999,0.0039539,0.51477882,19058.82339874119,19040.492,0.0019040492,0.33,1.0,3.0,10 V,2.0,True,1
19.5263,0.02701000000000002,0.0001,1.054654,39046.79748241389,39484.0,0.0039484,0.51477882,19058.82339874119,19006.238999999998,0.0019006239,0.33,1.0,3.0,10 V,2.0,True,1
19.5431,0.02701000000000002,0.0001,1.054654,39046.79748241389,39594.0,0.0039594,0.51477882,19058.82339874119,19011.983999999997,0.0019011984,0.33,1.0,3.0,10 V,2.0,True,1
19.5600,0.02701000000000002,0.0001,1.054654,39046.79748241389,39594.0,0.0039594,0.51477882,19058.82339874119,19014.774999999998,0.0019014775,0.33,1.0,3.0,10 V,2.0,True,1
19.5769,0.02701000000000002,0.0001,1.054654,39046.79748241389,39538.99999999999,0.0039539,0.51477882,19058.82339874119,19017.729,0.0019017729,0.33,1.0,3.0,10 V,2.0,True,1
19.5934,0.02701000000000002,0.0001,1.054654,39046.79748241389,39538.99999999999,0.0039539,0.51477882,19058.82339874119,19017.565,0.0019017565,0.33,1.0,3.0,10 V,2.0,True,1
19.6102,0.02701000000000002,0.0001,1.054654,39046.79748241389,39594.0,0.0039594,0.51477882,19058.82339874119,19014.227,0.0019014227,0.33,1.0,3.0,10 V,2.0,True,1
19.6270,0.02701000000000002,0.0001,1.054654,39046.79748241389,39594.0,0.0039594,0.51477882,19058.82339874119,19007.934999999998,0.0019007935,0.33,1.0,3.0,10 V,2.0,True,1
19.6439,0.02701000000000002,0.0001,1.054654,39046.79748241389,39484.0,0.0039484,0.51477882,19058.82339874119,19020.683999999997,0.0019020684,0.33,1.0,3.0,10 V,2.0,True,1
19.6604,0.02701000000000002,0.0001,1.054654,39046.79748241389,39538.99999999999,0.0039539,0.51477882,19058.82339874119,19009.85,0.001900985,0.33,1.0,3.0,10 V,2.0,True,1
19.6771,0.02701000000000002,0.0001,1.054654,39046.79748241389,39484.0,0.0039484,0.51477882,19058.82339874119,19002.518,0.0019002518,0.33,1.0,3.0,10 V,2.0,True,1
19.6938,0.02701000000000002,0.0001,1.054654,39046.79748241389,39538.99999999999,0.0039539,0.51477882,19058.82339874119,19003.611999999997,0.0019003612,0.33,1.0,3.0,10 V,2.0,True,1
19.7105,0.02701000000000002,0.0001,1.054654,39046.79748241389,39538.99999999999,0.0039539,0.51477882,19058.82339874119,18999.563,0.0018999563,0.33,1.0,3.0,10 V,2.0,True,1
19.7273,0.02701000000000002,0.0001,1.054654,39046.79748241389,39538.99999999999,0.0039539,0.51477882,19058.82339874119,18992.285999999996,0.0018992286,0.33,1.0,3.0,10 V,2.0,True,1
19.7440,0.02701000000000002,0.0001,1.054654,39046.79748241389,39484.0,0.0039484,0.51477882,19058.82339874119,19002.407999999996,0.0019002408,0.33,1.0,3.0,10 V,2.0,True,1
19.7608,0.02701000000000002,0.0001,1.054654,39046.79748241389,39538.99999999999,0.0039539,0.51477882,19058.82339874119,18999.071,0.0018999071,0.33,1.0,3.0,10 V,2.0,True,1
19.7775,0.02701000000000002,0.0001,1.054654,39046.79748241389,39484.0,0.0039484,0.51477882,19058.82339874119,19003.12,0.001900312,0.33,1.0,3.0,10 V,2.0,True,1
19.7944,0.02701000000000002,0.0001,1.054654,39046.79748241389,39538.99999999999,0.0039539,0.51477882,19058.82339874119,18987.415999999997,0.0018987416,0.33,1.0,3.0,10 V,2.0,True,1
19.8110,0.02701000000000002,0.0001,1.054654,39046.79748241389,39538.99999999999,0.0039539,0.51477882,19058.82339874119,18994.639,0.0018994639,0.33,1.0,3.0,10 V,2.0,True,1
19.8279,0.02701000000000002,0.0001,1.054654,39046.79748241389,39429.0,0.0039429,0.51477882,19058.82339874119,19008.208,0.0019008208,0.33,1.0,3.0,10 V,2.0,True,1
19.8446,0.02701000000000002,0.0001,1.054654,39046.79748241389,39538.99999999999,0.0039539,0.51477882,19058.82339874119,19004.432999999997,0.0019004433,0.33,1.0,3.0,10 V,2.0,True,1
19.8615,0.02701000000000002,0.0001,1.054654,39046.79748241389,39484.0,0.0039484,0.51477882,19058.82339874119,19007.442,0.0019007442,0.33,1.0,3.0,10 V,2.0,True,1
19.8781,0.02701000000000002,0.0001,1.054654,39046.79748241389,39429.0,0.0039429,0.51477882,19058.82339874119,18995.841999999997,0.0018995842,0.33,1.0,3.0,10 V,2.0,True,1
19.8948,0.02701000000000002,0.0001,1.054654,39046.79748241389,39429.0,0.0039429,0.51477882,19058.82339874119,19002.407999999996,0.0019002408,0.33,1.0,3.0,10 V,2.0,True,1
19.9116,0.02701000000000002,0.0001,1.054654,39046.79748241389,39538.99999999999,0.0039539,0.51477882,19058.82339874119,18989.386,0.0018989386,0.33,1.0,3.0,10 V,2.0,True,1
19.9285,0.02701000000000002,0.0001,1.054654,39046.79748241389,39594.0,0.0039594,0.51477882,19058.82339874119,18991.628999999997,0.0018991629,0.33,1.0,3.0,10 V,2.0,True,1
19.9453,0.02701000000000002,0.0001,1.054654,39046.79748241389,39484.0,0.0039484,0.51477882,19058.82339874119,18999.453999999998,0.0018999454,0.33,1.0,3.0,10 V,2.0,True,1
19.9620,0.02701000000000002,0.0001,1.054654,39046.79748241389,39484.0,0.0039484,0.51477882,19058.82339874119,19005.965,0.0019005965,0.33,1.0,3.0,10 V,2.0,True,1
19.9790,0.02701000000000002,0.0001,1.054654,39046.79748241389,39484.0,0.0039484,0.51477882,19058.82339874119,18989.932999999997,0.0018989933,0.33,1.0,3.0,10 V,2.0,True,1
19.9958,0.02701000000000002,0.0001,1.054654,39046.79748241389,39484.0,0.0039484,0.51477882,19058.82339874119,18993.708,0.0018993708,0.33,1.0,3.0,10 V,2.0,True,1
20.0125,0.02701000000000002,0.0001,1.054654,39046.79748241389,39484.0,0.0039484,0.51477882,19058.82339874119,18983.805,0.0018983805,0.33,1.0,3.0,10 V,2.0,True,1
20.0291,0.02701000000000002,0.0001,1.054654,39046.79748241389,39319.0,0.0039319,0.51477882,19058.82339874119,18970.124999999996,0.0018970125,0.33,1.0,3.0,10 V,2.0,True,1
20.0460,0.02701000000000002,0.0001,1.054654,39046.79748241389,39429.0,0.0039429,0.51477882,19058.82339874119,18978.988999999998,0.0018978989,0.33,1.0,3.0,10 V,2.0,True,1
20.0628,0.02701000000000002,0.0001,1.054654,39046.79748241389,39484.0,0.0039484,0.51477882,19058.82339874119,18991.738999999998,0.0018991739,0.33,1.0,3.0,10 V,2.0,True,1
20.0797,0.02701000000000002,0.0001,1.054654,39046.79748241389,39484.0,0.0039484,0.51477882,19058.82339874119,18983.367,0.0018983367,0.33,1.0,3.0,10 V,2.0,True,1
20.0966,0.02701000000000002,0.0001,1.054654,39046.79748241389,39429.0,0.0039429,0.51477882,19058.82339874119,18980.139,0.0018980139,0.33,1.0,3.0,10 V,2.0,True,1
20.1133,0.02701000000000002,0.0001,1.054654,39046.79748241389,39594.0,0.0039594,0.51477882,19058.82339874119,18990.972999999998,0.0018990973,0.33,1.0,3.0,10 V,2.0,True,1
20.1300,0.02701000000000002,0.0001,1.054654,39046.79748241389,39484.0,0.0039484,0.51477882,19058.82339874119,18986.594999999998,0.0018986595,0.33,1.0,3.0,10 V,2.0,True,1
20.1468,0.02701000000000002,0.0001,1.054654,39046.79748241389,39484.0,0.0039484,0.51477882,19058.82339874119,18984.352,0.0018984352,0.33,1.0,3.0,10 V,2.0,True,1
20.1637,0.02701000000000002,0.0001,1.054654,39046.79748241389,39429.0,0.0039429,0.51477882,19058.82339874119,18984.625,0.0018984625,0.33,1.0,3.0,10 V,2.0,True,1
20.1803,0.02701000000000002,0.0001,1.054654,39046.79748241389,39429.0,0.0039429,0.51477882,19058.82339874119,18963.722999999998,0.0018963723,0.33,1.0,3.0,10 V,2.0,True,1
20.1971,0.02701000000000002,0.0001,1.054654,39046.79748241389,39373.99999999999,0.0039374,0.51477882,19058.82339874119,18985.773999999998,0.0018985774,0.33,1.0,3.0,10 V,2.0,True,1
20.2139,0.02701000000000002,0.0001,1.054654,39046.79748241389,39429.0,0.0039429,0.51477882,19058.82339874119,19000.985999999997,0.0019000986,0.33,1.0,3.0,10 V,2.0,True,1
20.2305,0.02701000000000002,0.0001,1.054654,39046.79748241389,39538.99999999999,0.0039539,0.51477882,19058.82339874119,18961.535,0.0018961535,0.33,1.0,3.0,10 V,2.0,True,1
20.2473,0.02701000000000002,0.0001,1.054654,39046.79748241389,39373.99999999999,0.0039374,0.51477882,19058.82339874119,18962.519999999997,0.001896252,0.33,1.0,3.0,10 V,2.0,True,1
20.2641,0.02701000000000002,0.0001,1.054654,39046.79748241389,39373.99999999999,0.0039374,0.51477882,19058.82339874119,18956.719999999998,0.001895672,0.33,1.0,3.0,10 V,2.0,True,1
20.2808,0.02701000000000002,0.0001,1.054654,39046.79748241389,39484.0,0.0039484,0.51477882,19058.82339874119,18977.84,0.001897784,0.33,1.0,3.0,10 V,2.0,True,1
20.2975,0.02701000000000002,0.0001,1.054654,39046.79748241389,39484.0,0.0039484,0.51477882,19058.82339874119,18956.938,0.0018956938,0.33,1.0,3.0,10 V,2.0,True,1
20.3143,0.02701000000000002,0.0001,1.054654,39046.79748241389,39484.0,0.0039484,0.51477882,19058.82339874119,18972.149999999998,0.001897215,0.33,1.0,3.0,10 V,2.0,True,1
20.3310,0.02701000000000002,0.0001,1.054654,39046.79748241389,39373.99999999999,0.0039374,0.51477882,19058.82339874119,18989.056999999997,0.0018989057,0.33,1.0,3.0,10 V,2.0,True,1
20.3478,0.02701000000000002,0.0001,1.054654,39046.79748241389,39484.0,0.0039484,0.51477882,19058.82339874119,18989.658999999996,0.0018989659,0.33,1.0,3.0,10 V,2.0,True,1
20.3646,0.02701000000000002,0.0001,1.054654,39046.79748241389,39429.0,0.0039429,0.51477882,19058.82339874119,18984.788999999997,0.0018984789,0.33,1.0,3.0,10 V,2.0,True,1
20.3814,0.02701000000000002,0.0001,1.054654,39046.79748241389,39373.99999999999,0.0039374,0.51477882,19058.82339874119,18968.21,0.001896821,0.33,1.0,3.0,10 V,2.0,True,1
20.3981,0.02701000000000002,0.0001,1.054654,39046.79748241389,39484.0,0.0039484,0.51477882,19058.82339874119,18971.493,0.0018971493,0.33,1.0,3.0,10 V,2.0,True,1
20.4150,0.02701000000000002,0.0001,1.054654,39046.79748241389,39429.0,0.0039429,0.51477882,19058.82339874119,18976.417999999998,0.0018976418,0.33,1.0,3.0,10 V,2.0,True,1
20.4318,0.02701000000000002,0.0001,1.054654,39046.79748241389,39373.99999999999,0.0039374,0.51477882,19058.82339874119,18978.552,0.0018978552,0.33,1.0,3.0,10 V,2.0,True,1
20.4486,0.02701000000000002,0.0001,1.054654,39046.79748241389,39373.99999999999,0.0039374,0.51477882,19058.82339874119,18969.577999999998,0.0018969578,0.33,1.0,3.0,10 V,2.0,True,1
20.4652,0.02701000000000002,0.0001,1.054654,39046.79748241389,39484.0,0.0039484,0.51477882,19058.82339874119,18974.995,0.0018974995,0.33,1.0,3.0,10 V,2.0,True,1
20.4820,0.02701000000000002,0.0001,1.054654,39046.79748241389,39484.0,0.0039484,0.51477882,19058.82339874119,18963.778,0.0018963778,0.33,1.0,3.0,10 V,2.0,True,1
20.4988,0.02701000000000002,0.0001,1.054654,39046.79748241389,39429.0,0.0039429,0.51477882,19058.82339874119,18976.965,0.0018976965,0.33,1.0,3.0,10 V,2.0,True,1
20.5155,0.02701000000000002,0.0001,1.054654,39046.79748241389,39373.99999999999,0.0039374,0.51477882,19058.82339874119,18965.912,0.0018965912,0.33,1.0,3.0,10 V,2.0,True,1
20.5324,0.02701000000000002,0.0001,1.054654,39046.79748241389,39429.0,0.0039429,0.51477882,19058.82339874119,18967.607999999997,0.0018967608,0.33,1.0,3.0,10 V,2.0,True,1
20.5491,0.02701000000000002,0.0001,1.054654,39046.79748241389,39429.0,0.0039429,0.51477882,19058.82339874119,18993.107,0.0018993107,0.33,1.0,3.0,10 V,2.0,True,1
20.5659,0.02701000000000002,0.0001,1.054654,39046.79748241389,39319.0,0.0039319,0.51477882,19058.82339874119,18980.084,0.0018980084,0.33,1.0,3.0,10 V,2.0,True,1
20.5827,0.02701000000000002,0.0001,1.054654,39046.79748241389,39373.99999999999,0.0039374,0.51477882,19058.82339874119,18992.231,0.0018992231,0.33,1.0,3.0,10 V,2.0,True,1
20.5995,0.02701000000000002,0.0001,1.054654,39046.79748241389,39484.0,0.0039484,0.51477882,19058.82339874119,18972.039999999997,0.001897204,0.33,1.0,3.0,10 V,2.0,True,1
20.6163,0.02701000000000002,0.0001,1.054654,39046.79748241389,39484.0,0.0039484,0.51477882,19058.82339874119,18981.288,0.0018981288,0.33,1.0,3.0,10 V,2.0,True,1
20.6331,0.02701000000000002,0.0001,1.054654,39046.79748241389,39373.99999999999,0.0039374,0.51477882,19058.82339874119,18974.284,0.0018974284,0.33,1.0,3.0,10 V,2.0,True,1
20.6499,0.02701000000000002,0.0001,1.054654,39046.79748241389,39484.0,0.0039484,0.51477882,19058.82339874119,18972.533,0.0018972533,0.33,1.0,3.0,10 V,2.0,True,1
20.6665,0.02701000000000002,0.0001,1.054654,39046.79748241389,39373.99999999999,0.0039374,0.51477882,19058.82339874119,18956.391,0.0018956391,0.33,1.0,3.0,10 V,2.0,True,1
20.6834,0.02701000000000002,0.0001,1.054654,39046.79748241389,39484.0,0.0039484,0.51477882,19058.82339874119,18963.121,0.0018963121,0.33,1.0,3.0,10 V,2.0,True,1
20.7000,0.02701000000000002,0.0001,1.054654,39046.79748241389,39484.0,0.0039484,0.51477882,19058.82339874119,18981.999,0.0018981999,0.33,1.0,3.0,10 V,2.0,True,1
20.7168,0.02701000000000002,0.0001,1.054654,39046.79748241389,39538.99999999999,0.0039539,0.51477882,19058.82339874119,18966.786999999997,0.0018966787,0.33,1.0,3.0,10 V,2.0,True,1
20.7335,0.02701000000000002,0.0001,1.054654,39046.79748241389,39429.0,0.0039429,0.51477882,19058.82339874119,18976.909999999996,0.001897691,0.33,1.0,3.0,10 V,2.0,True,1
20.7503,0.02701000000000002,0.0001,1.054654,39046.79748241389,39484.0,0.0039484,0.51477882,19058.82339874119,18962.082,0.0018962082,0.33,1.0,3.0,10 V,2.0,True,1
20.7863,0.02751000000000002,0.0001,1.0748087,39069.74554707376,39868.99999999999,0.0039869,0.52522159,19092.024354780067,19072.282,0.0019072282,0.33,1.0,3.0,10 V,2.0,True,1
20.8199,0.02801000000000002,0.0001,1.0940945,39060.853266690436,39979.0,0.0039979,0.53444834,19080.626204926797,19110.146999999997,0.0019110147,0.33,1.0,3.0,10 V,2.0,True,1
20.8532,0.02851000000000002,0.0001,1.1135013,39056.517011574855,40033.99999999999,0.0040034,0.54399672,19080.90915468255,19140.623999999996,0.0019140624,0.33,1.0,3.0,10 V,2.0,True,1
20.8870,0.029010000000000022,0.0001,1.1328035,39048.72457773179,40089.0,0.0040089,0.5534065,19076.404688038594,19163.988999999998,0.0019163989,0.33,1.0,3.0,10 V,2.0,True,1
20.9205,0.029510000000000022,0.0001,1.1519079,39034.49339207046,40198.99999999999,0.0040199,0.56278908,19071.131141985752,19197.421,0.0019197421,0.33,1.0,3.0,10 V,2.0,True,1
20.9540,0.030010000000000023,0.0001,1.1711607,39025.68143952013,40198.99999999999,0.0040199,0.57198203,19059.714428523814,19201.798,0.0019201798,0.33,1.0,3.0,10 V,2.0,True,1
20.9875,0.030510000000000023,0.0001,1.1905509,39021.66175024579,40419.0,0.0040419,0.58151322,19059.758112094383,19238.239999999998,0.001923824,0.33,1.0,3.0,10 V,2.0,True,1
21.0209,0.031010000000000024,0.0001,1.2097047,39010.14833924538,40308.99999999999,0.0040309,0.59093962,19056.421154466287,19235.448999999997,0.0019235449,0.33,1.0,3.0,10 V,2.0,True,1
21.0545,0.031510000000000024,0.0001,1.2292765,39012.26594731829,40419.0,0.0040419,0.6005013,19057.483338622646,19264.175999999996,0.0019264176,0.33,1.0,3.0,10 V,2.0,True,1
21.0880,0.032010000000000025,0.0001,1.2484083,39000.57169634486,40473.99999999999,0.0040474,0.60968427,19046.68134957824,19290.55,0.001929055,0.33,1.0,3.0,10 V,2.0,True,1
21.1217,0.032510000000000025,0.0001,1.2676559,38992.799138726514,40584.0,0.0040584,0.6191794,19045.813595816657,19311.889,0.0019311889,0.33,1.0,3.0,10 V,2.0,True,1
21.1553,0.033010000000000025,0.0001,1.2869472,38986.58588306571,40584.0,0.0040584,0.62853812,19040.83974553164,19315.554999999997,0.0019315555,0.33,1.0,3.0,10 V,2.0,True,1
21.1888,0.033510000000000026,0.0001,1.3063265,38983.18412414201,40584.0,0.0040584,0.63786527,19035.072217248566,19339.193,0.0019339193,0.33,1.0,3.0,10 V,2.0,True,1
21.2224,0.034010000000000026,0.0001,1.3256618,38978.58865039691,40638.99999999999,0.0040639,0.64754395,19039.810349897074,19338.755999999998,0.0019338756,0.33,1.0,3.0,10 V,2.0,True,1
21.2559,0.03451000000000003,0.0001,1.34492,38971.89220515789,40528.99999999999,0.0040529,0.65695538,19036.667053028094,19369.999,0.0019369999,0.33,1.0,3.0,10 V,2.0,True,1
21.2894,0.035,0.0001,1.3642115,38977.47142857142,40749.0,0.0040749,0.66626865,19036.24714285714,19388.767,0.0019388767,0.33,1.0,3.0,10 V,2.0,True,1
21.3227,0.0345,0.0001,1.344986,38985.10144927536,40638.99999999999,0.0040639,0.65684892,19039.099130434777,19360.643,0.0019360643,0.33,1.0,3.0,10 V,2.0,True,1
21.3561,0.034,0.0001,1.3256343,38989.24411764705,40749.0,0.0040749,0.64740921,19041.44735294117,19403.267,0.0019403267,0.33,1.0,3.0,10 V,2.0,True,1
21.3897,0.0335,0.0001,1.3060735,38987.26865671642,40693.99999999999,0.0040694,0.6375919,19032.594029850745,19408.082,0.0019408082,0.33,1.0,3.0,10 V,2.0,True,1
21.4232,0.033,0.0001,1.2870022,39000.066666666666,40693.99999999999,0.0040694,0.62819212,19036.124848484847,19420.502999999997,0.0019420503,0.33,1.0,3.0,10 V,2.0,True,1
21.4566,0.0325,0.0001,1.2675789,39002.42769230768,40749.0,0.0040749,0.61883506,19041.078769230768,19409.067,0.0019409067,0.33,1.0,3.0,10 V,2.0,True,1
21.4903,0.032,0.0001,1.2482213,39006.915625,40803.99999999999,0.0040804,0.60920297,19037.592812500003,19442.39,0.001944239,0.33,1.0,3.0,10 V,2.0,True,1
21.5237,0.0315,0.0001,1.2291995,39022.206349206346,40749.0,0.0040749,0.59971947,19038.713333333333,19391.941,0.0019391941,0.33,1.0,3.0,10 V,2.0,True,1
21.5572,0.031,0.0001,1.2096553,39021.13870967742,40749.0,0.0040749,0.59010123,19035.523548387097,19404.470999999998,0.0019404471,0.33,1.0,3.0,10 V,2.0,True,1
21.5909,0.0305,0.0001,1.190287,39025.80327868853,40858.99999999999,0.0040859,0.5806959,19039.209836065576,19419.245,0.0019419245,0.33,1.0,3.0,10 V,2.0,True,1
21.6244,0.03,0.0001,1.1709462,39031.53999999999,40803.99999999999,0.0040804,0.57118578,19039.525999999998,19455.468,0.0019455468,0.33,1.0,3.0,10 V,2.0,True,1
21.6578,0.0295,0.0001,1.1515559,39035.79322033899,40803.99999999999,0.0040804,0.56179599,19043.931864406783,19422.855999999996,0.0019422856,0.33,1.0,3.0,10 V,2.0,True,1
21.6915,0.028999999999999998,0.0001,1.1324241,39049.10689655172,40749.0,0.0040749,0.55196315,19033.212068965517,19435.496,0.0019435496,0.33,1.0,3.0,10 V,2.0,True,1
21.7250,0.028499999999999998,0.0001,1.1130503,39054.39649122807,40749.0,0.0040749,0.54260217,19038.67263157895,19429.313,0.0019429313,0.33,1.0,3.0,10 V,2.0,True,1
21.7583,0.027999999999999997,0.0001,1.0936491,39058.89642857143,40749.0,0.0040749,0.53318687,19042.388214285715,19435.605,0.0019435605,0.33,1.0,3.0,10 V,2.0,True,1
21.7921,0.027499999999999997,0.0001,1.0740718,39057.156363636364,40803.99999999999,0.0040804,0.52364404,19041.601454545456,19423.349,0.0019423349,0.33,1.0,3.0,10 V,2.0,True,1
21.8255,0.026999999999999996,0.0001,1.0546925,39062.68518518519,40749.0,0.0040749,0.51404966,19038.876296296297,19436.589999999997,0.001943659,0.33,1.0,3.0,10 V,2.0,True,1
21.8589,0.026499999999999996,0.0001,1.035456,39073.81132075472,40749.0,0.0040749,0.50461661,19042.136226415096,19427.617,0.0019427617,0.33,1.0,3.0,10 V,2.0,True,1
21.8923,0.025999999999999995,0.0001,1.0160822,39080.08461538462,40749.0,0.0040749,0.49512646,19043.32538461539,19424.716,0.0019424716,0.33,1.0,3.0,10 V,2.0,True,1
21.9257,0.025499999999999995,0.0001,0.996725,39087.25490196079,40749.0,0.0040749,0.48556311,19041.6905882353,19444.688,0.0019444688,0.33,1.0,3.0,10 V,2.0,True,1
21.9592,0.024999999999999994,0.0001,0.9774612,39098.44800000001,40749.0,0.0040749,0.47611066,19044.426400000004,19429.696,0.0019429696,0.33,1.0,3.0,10 V,2.0,True,1
21.9928,0.024499999999999994,0.0001,0.9580104,39102.46530612246,40749.0,0.0040749,0.46674472,19050.804897959188,19414.702999999998,0.0019414703,0.33,1.0,3.0,10 V,2.0,True,1
22.0261,0.023999999999999994,0.0001,0.9386915,39112.14583333334,40803.99999999999,0.0040804,0.45700446,19041.852500000005,19403.924,0.0019403924,0.33,1.0,3.0,10 V,2.0,True,1
22.0596,0.023499999999999993,0.0001,0.9190703,39109.374468085116,40693.99999999999,0.0040694,0.44750821,19042.902553191492,19420.832,0.0019420832,0.33,1.0,3.0,10 V,2.0,True,1
22.0932,0.022999999999999993,0.0001,0.8996965,39117.23913043479,40749.0,0.0040749,0.43796372,19041.900869565223,19407.426,0.0019407426,0.33,1.0,3.0,10 V,2.0,True,1
22.1268,0.022499999999999992,0.0001,0.8803777,39127.8977777778,40803.99999999999,0.0040804,0.42858945,19048.420000000006,19398.014,0.0019398014,0.33,1.0,3.0,10 V,2.0,True,1
22.1603,0.021999999999999992,0.0001,0.860872,39130.54545454546,40803.99999999999,0.0040804,0.41911148,19050.521818181824,19407.59,0.001940759,0.33,1.0,3.0,10 V,2.0,True,1
22.1938,0.02149999999999999,0.0001,0.8414817,39138.68372093025,40693.99999999999,0.0040694,0.40965017,19053.496279069775,19406.878999999997,0.0019406879,0.33,1.0,3.0,10 V,2.0,True,1
22.2275,0.02099999999999999,0.0001,0.8219977,39142.74761904764,40638.99999999999,0.0040639,0.40015115,19054.816666666673,19412.842999999997,0.0019412843,0.33,1.0,3.0,10 V,2.0,True,1
22.2611,0.02049999999999999,0.0001,0.8025964,39151.04390243904,40693.99999999999,0.0040694,0.39063826,19055.52487804879,19406.331,0.0019406331,0.33,1.0,3.0,10 V,2.0,True,1
22.2945,0.01999999999999999,0.0001,0.7832117,39160.585000000014,40638.99999999999,0.0040639,0.3811298,19056.49000000001,19417.985999999997,0.0019417986,0.33,1.0,3.0,10 V,2.0,True,1
22.3278,0.01949999999999999,0.0001,0.7635464,39156.22564102566,40638.99999999999,0.0040639,0.37157809,19055.286666666678,19393.362999999998,0.0019393363,0.33,1.0,3.0,10 V,2.0,True,1
22.3612,0.01899999999999999,0.0001,0.7441342,39164.95789473686,40693.99999999999,0.0040694,0.3621068,19058.25263157896,19399.82,0.001939982,0.33,1.0,3.0,10 V,2.0,True,1
22.3948,0.01849999999999999,0.0001,0.7246779,39171.7783783784,40693.99999999999,0.0040694,0.35259667,19059.27945945947,19382.912,0.0019382912,0.33,1.0,3.0,10 V,2.0,True,1
22.4284,0.017999999999999988,0.0001,0.7051941,39177.450000000026,40584.0,0.0040584,0.34303055,19057.252777777787,19396.209,0.0019396209,0.33,1.0,3.0,10 V,2.0,True,1
22.4619,0.017499999999999988,0.0001,0.6857269,39184.39428571431,40528.99999999999,0.0040529,0.33366794,19066.73942857144,19372.571,0.0019372571,0.33,1.0,3.0,10 V,2.0,True,1
22.4953,0.016999999999999987,0.0001,0.6661716,39186.56470588238,40638.99999999999,0.0040639,0.32406521,19062.659411764722,19346.415999999997,0.0019346416,0.33,1.0,3.0,10 V,2.0,True,1
22.5288,0.016499999999999987,0.0001,0.6465944,39187.53939393943,40638.99999999999,0.0040639,0.31444864,19057.493333333347,19357.305,0.0019357305,0.33,1.0,3.0,10 V,2.0,True,1
22.5623,0.015999999999999986,0.0001,0.6271268,39195.42500000003,40693.99999999999,0.0040694,0.30500508,19062.817500000016,19356.429,0.0019356429,0.33,1.0,3.0,10 V,2.0,True,1
22.5958,0.015499999999999986,0.0001,0.607577,39198.516129032294,40528.99999999999,0.0040529,0.29551604,19065.55096774195,19357.743,0.0019357743,0.33,1.0,3.0,10 V,2.0,True,1
22.6295,0.014999999999999986,0.0001,0.5880603,39204.02000000004,40693.99999999999,0.0040694,0.28593605,19062.403333333354,19353.529,0.0019353529,0.33,1.0,3.0,10 V,2.0,True,1
22.6629,0.014499999999999985,0.0001,0.5685435,39209.896551724174,40584.0,0.0040584,0.2764908,19068.331034482777,19354.896999999997,0.0019354897,0.33,1.0,3.0,10 V,2.0,True,1
22.6962,0.013999999999999985,0.0001,0.5490873,39220.52142857147,40473.99999999999,0.0040474,0.26692356,19065.96857142859,19345.485999999997,0.0019345486,0.33,1.0,3.0,10 V,2.0,True,1
22.7299,0.013499999999999984,0.0001,0.5295265,39224.18518518523,40528.99999999999,0.0040529,0.25742399,19068.443703703724,19351.231,0.0019351231,0.33,1.0,3.0,10 V,2.0,True,1
22.7634,0.012999999999999984,0.0001,0.5099603,39227.71538461543,40528.99999999999,0.0040529,0.24795601,19073.539230769256,19322.888,0.0019322888,0.33,1.0,3.0,10 V,2.0,True,1
22.7968,0.012499999999999983,0.0001,0.4905535,39244.28000000005,40473.99999999999,0.0040474,0.23844978,19075.982400000026,19322.558999999997,0.0019322559,0.33,1.0,3.0,10 V,2.0,True,1
22.8303,0.011999999999999983,0.0001,0.4708882,39240.683333333385,40473.99999999999,0.0040474,0.22893358,19077.79833333336,19329.945999999996,0.0019329946,0.33,1.0,3.0,10 V,2.0,True,1
22.8637,0.011499999999999982,0.0001,0.4513275,39245.86956521745,40473.99999999999,0.0040474,0.21949109,19086.18173913046,19314.132999999998,0.0019314133,0.33,1.0,3.0,10 V,2.0,True,1
22.8971,0.010999999999999982,0.0001,0.4317997,39254.51818181825,40419.0,0.0040419,0.20989338,19081.21636363639,19307.02,0.001930702,0.33,1.0,3.0,10 V,2.0,True,1
22.9308,0.010499999999999982,0.0001,0.4121948,39256.64761904768,40308.99999999999,0.0040309,0.20039713,19085.440952380985,19307.129,0.0019307129,0.33,1.0,3.0,10 V,2.0,True,1
22.9643,0.009999999999999981,0.0001,0.392623,39262.300000000076,40419.0,0.0040419,0.19083655,19083.655000000035,19309.154,0.0019309154,0.33,1.0,3.0,10 V,2.0,True,1
22.9978,0.00949999999999998,0.0001,0.3730238,39265.66315789482,40419.0,0.0040419,0.18133476,19087.86947368425,19283.71,0.001928371,0.33,1.0,3.0,10 V,2.0,True,1
23.0315,0.00899999999999998,0.0001,0.3533916,39265.73333333342,40254.0,0.0040254,0.17175366,19083.74000000004,19275.392999999996,0.0019275393,0.33,1.0,3.0,10 V,2.0,True,1
23.0651,0.00849999999999998,0.0001,0.3338418,39275.505882353034,40308.99999999999,0.0040309,0.16226851,19090.412941176517,19276.706,0.0019276706,0.33,1.0,3.0,10 V,2.0,True,1
23.0987,0.00799999999999998,0.0001,0.3142261,39278.262500000106,40308.99999999999,0.0040309,0.15272456,19090.57000000005,19256.734,0.0019256734,0.33,1.0,3.0,10 V,2.0,True,1
23.1321,0.007499999999999979,0.0001,0.2946268,39283.57333333344,40254.0,0.0040254,0.14317398,19089.864000000056,19250.113999999998,0.0019250114,0.33,1.0,3.0,10 V,2.0,True,1
23.1657,0.0069999999999999785,0.0001,0.2750221,39288.87142857155,40254.0,0.0040254,0.13366885,19095.550000000057,19264.722999999998,0.0019264723,0.33,1.0,3.0,10 V,2.0,True,1
23.1991,0.006499999999999978,0.0001,0.2554393,39298.35384615397,40144.0,0.0040144,0.12414708,19099.550769230835,19238.349,0.0019238349,0.33,1.0,3.0,10 V,2.0,True,1
23.2314,0.005999999999999978,0.0001,0.2358071,39301.18333333348,40198.99999999999,0.0040199,0.11463554,19105.923333333405,19249.84,0.001924984,0.33,1.0,3.0,10 V,2.0,True,1
23.2649,0.005499999999999977,0.0001,0.2161748,39304.509090909254,40198.99999999999,0.0040199,0.10504828,19099.68727272735,19251.153,0.0019251153,0.33,1.0,3.0,10 V,2.0,True,1
23.2984,0.004999999999999977,0.0001,0.1964929,39298.580000000184,40198.99999999999,0.0040199,0.095514474,19102.89480000009,19230.962999999996,0.0019230963,0.33,1.0,3.0,10 V,2.0,True,1
23.3319,0.004499999999999976,0.0001,0.1768717,39304.82222222243,40254.0,0.0040254,0.085941554,19098.123111111214,19196.490999999998,0.0019196491,0.33,1.0,3.0,10 V,2.0,True,1
23.3656,0.003999999999999976,0.0001,0.1572119,39302.97500000023,40308.99999999999,0.0040309,0.076389954,19097.488500000112,19214.984999999997,0.0019214985,0.33,1.0,3.0,10 V,2.0,True,1
23.3992,0.003499999999999976,0.0001,0.1375907,39311.628571428846,40254.0,0.0040254,0.066853089,19100.882571428705,19179.308999999997,0.0019179309,0.33,1.0,3.0,10 V,2.0,True,1
23.4327,0.0029999999999999758,0.0001,0.1179309,39310.300000000316,40198.99999999999,0.0040199,0.057282604,19094.201333333487,19193.591,0.0019193591,0.33,1.0,3.0,10 V,2.0,True,1
23.4661,0.0024999999999999758,0.0001,0.0983042,39321.68000000038,40033.99999999999,0.0040034,0.047756205,19102.482000000186,19141.772999999997,0.0019141773,0.33,1.0,3.0,10 V,2.0,True,1
23.4997,0.0019999999999999758,0.0001,0.0786609,39330.45000000048,40144.0,0.0040144,0.038211362,19105.68100000023,19185.657,0.0019185657,0.33,1.0,3.0,10 V,2.0,True,1
23.5332,0.0014999999999999757,0.0001,0.0589957,39330.4666666673,39979.0,0.0039979,0.028662202,19108.134666666978,19154.796,0.0019154796,0.33,1.0,3.0,10 V,2.0,True,1
23.5667,0.0009999999999999757,0.0001,0.039358,39358.000000000946,39924.0,0.0039924,0.01910706,19107.06000000046,19141.827999999998,0.0019141828,0.33,1.0,3.0,10 V,2.0,True,1
23.5986,0.0004999999999999757,0.0001,0.0197312,39462.400000001915,40033.99999999999,0.0040034,0.0095571361,19114.272200000927,19143.359999999997,0.001914336,0.33,1.0,3.0,10 V,2.0,True,1
23.6323,-1e-05,0.0001,-0.000308,30800.0,39979.0,0.0039979,-0.0001817218,18172.18,19129.680999999997,0.0019129681,0.33,1.0,3.0,10 V,2.0,True,1
23.6658,-0.00051,0.0001,-0.0199622,39141.56862745097,40033.99999999999,0.0040034,-0.0097395684,19097.19294117647,19143.032,0.0019143032,0.33,1.0,3.0,10 V,2.0,True,1
23.6827,-0.00051,0.0001,-0.0199622,39141.56862745097,39979.0,0.0039979,-0.0097395684,19097.19294117647,19136.356,0.0019136356,0.33,1.0,3.0,10 V,2.0,True,1
23.6993,-0.00051,0.0001,-0.0199622,39141.56862745097,39979.0,0.0039979,-0.0097395684,19097.19294117647,19130.009,0.0019130009,0.33,1.0,3.0,10 V,2.0,True,1
23.7162,-0.00051,0.0001,-0.0199622,39141.56862745097,39868.99999999999,0.0039869,-0.0097395684,19097.19294117647,19138.764,0.0019138764,0.33,1.0,3.0,10 V,2.0,True,1
23.7329,-0.00051,0.0001,-0.0199622,39141.56862745097,39979.0,0.0039979,-0.0097395684,19097.19294117647,19135.481,0.0019135481,0.33,1.0,3.0,10 V,2.0,True,1
23.7497,-0.00051,0.0001,-0.0199622,39141.56862745097,39979.0,0.0039979,-0.0097395684,19097.19294117647,19125.521999999997,0.0019125522,0.33,1.0,3.0,10 V,2.0,True,1
23.7664,-0.00051,0.0001,-0.0199622,39141.56862745097,39924.0,0.0039924,-0.0097395684,19097.19294117647,19136.465999999997,0.0019136466,0.33,1.0,3.0,10 V,2.0,True,1
23.7833,-0.00051,0.0001,-0.0199622,39141.56862745097,39979.0,0.0039979,-0.0097395684,19097.19294117647,19128.477,0.0019128477,0.33,1.0,3.0,10 V,2.0,True,1
23.8000,-0.00051,0.0001,-0.0199622,39141.56862745097,39924.0,0.0039924,-0.0097395684,19097.19294117647,19128.038999999997,0.0019128039,0.33,1.0,3.0,10 V,2.0,True,1
23.8165,-0.00051,0.0001,-0.0199622,39141.56862745097,39924.0,0.0039924,-0.0097395684,19097.19294117647,19134.605,0.0019134605,0.33,1.0,3.0,10 V,2.0,True,1
23.8333,-0.00051,0.0001,-0.0199622,39141.56862745097,39868.99999999999,0.0039869,-0.0097395684,19097.19294117647,19124.318999999996,0.0019124319,0.33,1.0,3.0,10 V,2.0,True,1
23.8500,-0.00051,0.0001,-0.0199622,39141.56862745097,39924.0,0.0039924,-0.0097395684,19097.19294117647,19140.131999999998,0.0019140132,0.33,1.0,3.0,10 V,2.0,True,1
23.8669,-0.00051,0.0001,-0.0199622,39141.56862745097,39814.0,0.0039814,-0.0097395684,19097.19294117647,19110.036999999997,0.0019110037,0.33,1.0,3.0,10 V,2.0,True,1
23.8836,-0.00051,0.0001,-0.0199622,39141.56862745097,39924.0,0.0039924,-0.0097395684,19097.19294117647,19110.365999999998,0.0019110366,0.33,1.0,3.0,10 V,2.0,True,1
23.9004,-0.00051,0.0001,-0.0199622,39141.56862745097,39868.99999999999,0.0039869,-0.0097395684,19097.19294117647,19102.103,0.0019102103,0.33,1.0,3.0,10 V,2.0,True,1
23.9171,-0.00051,0.0001,-0.0199622,39141.56862745097,39979.0,0.0039979,-0.0097395684,19097.19294117647,19107.356,0.0019107356,0.33,1.0,3.0,10 V,2.0,True,1
23.9340,-0.00051,0.0001,-0.0199622,39141.56862745097,39924.0,0.0039924,-0.0097395684,19097.19294117647,19086.782999999996,0.0019086783,0.33,1.0,3.0,10 V,2.0,True,1
23.9507,-0.00051,0.0001,-0.0199622,39141.56862745097,39979.0,0.0039979,-0.0097395684,19097.19294117647,19107.629999999997,0.001910763,0.33,1.0,3.0,10 V,2.0,True,1
23.9675,-0.00051,0.0001,-0.0199622,39141.56862745097,39924.0,0.0039924,-0.0097395684,19097.19294117647,19106.042999999998,0.0019106043,0.33,1.0,3.0,10 V,2.0,True,1
23.9843,-0.00051,0.0001,-0.0199622,39141.56862745097,39868.99999999999,0.0039869,-0.0097395684,19097.19294117647,19084.757999999998,0.0019084758,0.33,1.0,3.0,10 V,2.0,True,1
24.0010,-0.00051,0.0001,-0.0199622,39141.56862745097,39759.0,0.0039759,-0.0097395684,19097.19294117647,19085.086,0.0019085086,0.33,1.0,3.0,10 V,2.0,True,1
24.0176,-0.00051,0.0001,-0.0199622,39141.56862745097,39814.0,0.0039814,-0.0097395684,19097.19294117647,19091.16,0.001909116,0.33,1.0,3.0,10 V,2.0,True,1
24.0343,-0.00051,0.0001,-0.0199622,39141.56862745097,39868.99999999999,0.0039869,-0.0097395684,19097.19294117647,19076.441,0.0019076441,0.33,1.0,3.0,10 V,2.0,True,1
24.0511,-0.00051,0.0001,-0.0199622,39141.56862745097,39868.99999999999,0.0039869,-0.0097395684,19097.19294117647,19085.743,0.0019085743,0.33,1.0,3.0,10 V,2.0,True,1
24.0680,-0.00051,0.0001,-0.0199622,39141.56862745097,39814.0,0.0039814,-0.0097395684,19097.19294117647,19075.456,0.0019075456,0.33,1.0,3.0,10 V,2.0,True,1
24.0847,-0.00051,0.0001,-0.0199622,39141.56862745097,39759.0,0.0039759,-0.0097395684,19097.19294117647,19087.767,0.0019087767,0.33,1.0,3.0,10 V,2.0,True,1
24.1015,-0.00051,0.0001,-0.0199622,39141.56862745097,39814.0,0.0039814,-0.0097395684,19097.19294117647,19075.947999999997,0.0019075948,0.33,1.0,3.0,10 V,2.0,True,1
24.1182,-0.00051,0.0001,-0.0199622,39141.56862745097,39814.0,0.0039814,-0.0097395684,19097.19294117647,19070.257999999998,0.0019070258,0.33,1.0,3.0,10 V,2.0,True,1
24.1349,-0.00051,0.0001,-0.0199622,39141.56862745097,39924.0,0.0039924,-0.0097395684,19097.19294117647,19100.953999999998,0.0019100954,0.33,1.0,3.0,10 V,2.0,True,1
24.1516,-0.00051,0.0001,-0.0199622,39141.56862745097,39868.99999999999,0.0039869,-0.0097395684,19097.19294117647,19077.097999999998,0.0019077098,0.33,1.0,3.0,10 V,2.0,True,1
24.1683,-0.00051,0.0001,-0.0199622,39141.56862745097,39814.0,0.0039814,-0.0097395684,19097.19294117647,19066.099,0.0019066099,0.33,1.0,3.0,10 V,2.0,True,1
24.1850,-0.00051,0.0001,-0.0199622,39141.56862745097,39759.0,0.0039759,-0.0097395684,19097.19294117647,19066.646999999997,0.0019066647,0.33,1.0,3.0,10 V,2.0,True,1
24.2019,-0.00051,0.0001,-0.0199622,39141.56862745097,39814.0,0.0039814,-0.0097395684,19097.19294117647,19065.715999999997,0.0019065716,0.33,1.0,3.0,10 V,2.0,True,1
24.2185,-0.00051,0.0001,-0.0199622,39141.56862745097,39814.0,0.0039814,-0.0097395684,19097.19294117647,19079.559999999998,0.001907956,0.33,1.0,3.0,10 V,2.0,True,1
24.2352,-0.00051,0.0001,-0.0199622,39141.56862745097,39759.0,0.0039759,-0.0097395684,19097.19294117647,19072.392,0.0019072392,0.33,1.0,3.0,10 V,2.0,True,1
24.2522,-0.00051,0.0001,-0.0199622,39141.56862745097,39759.0,0.0039759,-0.0097395684,19097.19294117647,19074.470999999998,0.0019074471,0.33,1.0,3.0,10 V,2.0,True,1
24.2689,-0.00051,0.0001,-0.0199622,39141.56862745097,39814.0,0.0039814,-0.0097395684,19097.19294117647,19078.465,0.0019078465,0.33,1.0,3.0,10 V,2.0,True,1
24.2855,-0.00051,0.0001,-0.0199622,39141.56862745097,39814.0,0.0039814,-0.0097395684,19097.19294117647,19074.909,0.0019074909,0.33,1.0,3.0,10 V,2.0,True,1
24.3023,-0.00051,0.0001,-0.0199622,39141.56862745097,39814.0,0.0039814,-0.0097395684,19097.19294117647,19085.852,0.0019085852,0.33,1.0,3.0,10 V,2.0,True,1
24.3191,-0.00051,0.0001,-0.0199622,39141.56862745097,39814.0,0.0039814,-0.0097395684,19097.19294117647,19083.717999999997,0.0019083718,0.33,1.0,3.0,10 V,2.0,True,1
24.3359,-0.00051,0.0001,-0.0199622,39141.56862745097,39814.0,0.0039814,-0.0097395684,19097.19294117647,19066.209,0.0019066209,0.33,1.0,3.0,10 V,2.0,True,1
24.3527,-0.00051,0.0001,-0.0199622,39141.56862745097,39868.99999999999,0.0039869,-0.0097395684,19097.19294117647,19073.048,0.0019073048,0.33,1.0,3.0,10 V,2.0,True,1
24.3693,-0.00051,0.0001,-0.0199622,39141.56862745097,39868.99999999999,0.0039869,-0.0097395684,19097.19294117647,19062.762,0.0019062762,0.33,1.0,3.0,10 V,2.0,True,1
24.3862,-0.00051,0.0001,-0.0199622,39141.56862745097,39868.99999999999,0.0039869,-0.0097395684,19097.19294117647,19042.461999999996,0.0019042462,0.33,1.0,3.0,10 V,2.0,True,1
24.4029,-0.00051,0.0001,-0.0199622,39141.56862745097,39814.0,0.0039814,-0.0097395684,19097.19294117647,19062.926,0.0019062926,0.33,1.0,3.0,10 V,2.0,True,1
24.4198,-0.00051,0.0001,-0.0199622,39141.56862745097,39703.99999999999,0.0039704,-0.0097395684,19097.19294117647,19030.424,0.0019030424,0.33,1.0,3.0,10 V,2.0,True,1
24.4364,-0.00051,0.0001,-0.0199622,39141.56862745097,39759.0,0.0039759,-0.0097395684,19097.19294117647,19060.299,0.0019060299,0.33,1.0,3.0,10 V,2.0,True,1
24.4531,-0.00051,0.0001,-0.0199622,39141.56862745097,39814.0,0.0039814,-0.0097395684,19097.19294117647,19048.207,0.0019048207,0.33,1.0,3.0,10 V,2.0,True,1
24.4699,-0.00051,0.0001,-0.0199622,39141.56862745097,39703.99999999999,0.0039704,-0.0097395684,19097.19294117647,19053.624,0.0019053624,0.33,1.0,3.0,10 V,2.0,True,1
24.4868,-0.00051,0.0001,-0.0199622,39141.56862745097,39759.0,0.0039759,-0.0097395684,19097.19294117647,19074.581,0.0019074581,0.33,1.0,3.0,10 V,2.0,True,1
24.5034,-0.00051,0.0001,-0.0199622,39141.56862745097,39759.0,0.0039759,-0.0097395684,19097.19294117647,19066.318,0.0019066318,0.33,1.0,3.0,10 V,2.0,True,1
24.5200,-0.00051,0.0001,-0.0199622,39141.56862745097,39759.0,0.0039759,-0.0097395684,19097.19294117647,19067.905,0.0019067905,0.33,1.0,3.0,10 V,2.0,True,1
24.5369,-0.00051,0.0001,-0.0199622,39141.56862745097,39703.99999999999,0.0039704,-0.0097395684,19097.19294117647,19031.463,0.0019031463,0.33,1.0,3.0,10 V,2.0,True,1
24.5536,-0.00051,0.0001,-0.0199622,39141.56862745097,39759.0,0.0039759,-0.0097395684,19097.19294117647,19038.905,0.0019038905,0.33,1.0,3.0,10 V,2.0,True,1
24.5703,-0.00051,0.0001,-0.0199622,39141.56862745097,39759.0,0.0039759,-0.0097395684,19097.19294117647,19033.05,0.001903305,0.33,1.0,3.0,10 V,2.0,True,1
24.6054,-0.00101,0.0001,-0.0396439,39251.38613861386,39649.0,0.0039649,-0.019305605,19114.4603960396,19043.118,0.0019043118,0.33,1.0,3.0,10 V,2.0,True,1
24.6389,-0.00151,0.0001,-0.0593037,39273.97350993377,39814.0,0.0039814,-0.028869757,19119.044370860924,19047.331,0.0019047331,0.33,1.0,3.0,10 V,2.0,True,1
24.6724,-0.00201,0.0001,-0.0789854,39296.21890547263,39759.0,0.0039759,-0.038449911,19129.30895522388,19033.652,0.0019033652,0.33,1.0,3.0,10 V,2.0,True,1
24.7059,-0.00251,0.0001,-0.0986233,39292.151394422304,39703.99999999999,0.0039704,-0.048000596,19123.74342629482,19023.145999999997,0.0019023146,0.33,1.0,3.0,10 V,2.0,True,1
24.7397,-0.00301,0.0001,-0.1182776,39294.88372093023,39649.0,0.0039649,-0.05755587,19121.55149501661,19042.844999999998,0.0019042845,0.33,1.0,3.0,10 V,2.0,True,1
24.7733,-0.00351,0.0001,-0.1379208,39293.67521367521,39649.0,0.0039649,-0.067122378,19123.184615384613,19014.118,0.0019014118,0.33,1.0,3.0,10 V,2.0,True,1
24.8066,-0.00401,0.0001,-0.1576191,39306.50872817956,39649.0,0.0039649,-0.076707546,19129.063840399005,19021.504999999997,0.0019021505,0.33,1.0,3.0,10 V,2.0,True,1
24.8402,-0.00451,0.0001,-0.1772403,39299.40133037694,39703.99999999999,0.0039704,-0.086281851,19131.230820399116,19026.265,0.0019026265,0.33,1.0,3.0,10 V,2.0,True,1
24.8738,-0.0050100000000000006,0.0001,-0.1969385,39309.08183632734,39594.0,0.0039594,-0.095869219,19135.57265469062,18988.51,0.001898851,0.33,1.0,3.0,10 V,2.0,True,1
24.9072,-0.005510000000000001,0.0001,-0.2166645,39322.05081669691,39649.0,0.0039649,-0.10547856,19143.11433756805,18994.255999999998,0.0018994256,0.33,1.0,3.0,10 V,2.0,True,1
24.9407,-0.0060100000000000015,0.0001,-0.2362637,39311.76372712145,39703.99999999999,0.0039704,-0.11501291,19136.923460898495,18981.671,0.0018981671,0.33,1.0,3.0,10 V,2.0,True,1
24.9755,-0.006510000000000002,0.0001,-0.2559564,39317.41935483869,39594.0,0.0039594,-0.1246461,19146.866359446998,18994.474,0.0018994474,0.33,1.0,3.0,10 V,2.0,True,1
25.0089,-0.007010000000000002,0.0001,-0.2755942,39314.43651925819,39538.99999999999,0.0039539,-0.13420223,19144.39800285306,18990.041999999998,0.0018990042,0.33,1.0,3.0,10 V,2.0,True,1
25.0424,-0.007510000000000003,0.0001,-0.2952209,39310.37283621836,39484.0,0.0039484,-0.14373286,19138.862849533947,19005.034999999996,0.0019005035,0.33,1.0,3.0,10 V,2.0,True,1
25.0756,-0.008010000000000003,0.0001,-0.3148367,39305.45568039949,39538.99999999999,0.0039539,-0.15330894,19139.692883895124,18963.121,0.0018963121,0.33,1.0,3.0,10 V,2.0,True,1
25.1092,-0.008510000000000004,0.0001,-0.3344579,39301.75088131608,39429.0,0.0039429,-0.16288282,19140.16686251468,18950.645999999997,0.0018950646,0.33,1.0,3.0,10 V,2.0,True,1
25.1427,-0.009010000000000004,0.0001,-0.3541121,39302.11986681463,39484.0,0.0039484,-0.17249106,19144.401775804654,18944.681999999997,0.0018944682,0.33,1.0,3.0,10 V,2.0,True,1
25.1761,-0.009510000000000005,0.0001,-0.3737169,39297.25552050471,39484.0,0.0039484,-0.18207325,19145.452155625644,18925.531,0.0018925531,0.33,1.0,3.0,10 V,2.0,True,1
25.2097,-0.010010000000000005,0.0001,-0.3933986,39300.55944055942,39319.0,0.0039319,-0.19165599,19146.452547452536,18915.462999999996,0.0018915463,0.33,1.0,3.0,10 V,2.0,True,1
25.2432,-0.010510000000000005,0.0001,-0.4130256,39298.34443387248,39264.0,0.0039264,-0.20126758,19150.10275927687,18924.490999999998,0.0018924491,0.33,1.0,3.0,10 V,2.0,True,1
25.2766,-0.011010000000000006,0.0001,-0.4327183,39302.29791098999,39373.99999999999,0.0039374,-0.21094235,19159.159854677553,18924.819,0.0018924819,0.33,1.0,3.0,10 V,2.0,True,1
25.3102,-0.011510000000000006,0.0001,-0.4522901,39295.403996524736,39319.0,0.0039319,-0.22043471,19151.582102519536,18906.488999999998,0.0018906489,0.33,1.0,3.0,10 V,2.0,True,1
25.3438,-0.012010000000000007,0.0001,-0.4718948,39291.82348043295,39373.99999999999,0.0039374,-0.22994647,19146.250624479588,18890.894999999997,0.0018890895,0.33,1.0,3.0,10 V,2.0,True,1
25.3774,-0.012510000000000007,0.0001,-0.4914721,39286.338928856894,39373.99999999999,0.0039374,-0.23959297,19152.11590727417,18898.554999999997,0.0018898555,0.33,1.0,3.0,10 V,2.0,True,1
25.4107,-0.013010000000000008,0.0001,-0.5111043,39285.49577248268,39264.0,0.0039264,-0.24925,19158.339738662555,18897.242,0.0018897242,0.33,1.0,3.0,10 V,2.0,True,1
25.4441,-0.013510000000000008,0.0001,-0.5306925,39281.45817912655,39264.0,0.0039264,-0.25877065,19154.008142116938,18867.038,0.0018867038,0.33,1.0,3.0,10 V,2.0,True,1
25.4776,-0.014010000000000009,0.0001,-0.5503413,39282.03426124195,39154.0,0.0039154,-0.2684238,19159.443254817976,18862.550999999996,0.0018862551,0.33,1.0,3.0,10 V,2.0,True,1
25.5109,-0.014510000000000009,0.0001,-0.5700065,39283.70089593381,39208.99999999999,0.0039209,-0.27801264,19160.071674707087,18882.742,0.0018882742,0.33,1.0,3.0,10 V,2.0,True,1
25.5445,-0.01501000000000001,0.0001,-0.5894518,39270.606262491645,39154.0,0.0039154,-0.28756819,19158.440373084595,18837.161999999997,0.0018837162,0.33,1.0,3.0,10 V,2.0,True,1
25.5780,-0.01551000000000001,0.0001,-0.6091115,39272.17923920049,39045.0,0.0039045,-0.29722579,19163.493874919393,18814.289999999997,0.001881429,0.33,1.0,3.0,10 V,2.0,True,1
25.6114,-0.01601000000000001,0.0001,-0.6287824,39274.35352904432,39100.0,0.00391,-0.30684124,19165.599000624596,18846.682999999997,0.0018846683,0.33,1.0,3.0,10 V,2.0,True,1
25.6450,-0.01651000000000001,0.0001,-0.6482551,39264.3912780133,39045.0,0.0039045,-0.31635521,19161.430042398533,18805.153,0.0018805153,0.33,1.0,3.0,10 V,2.0,True,1
25.6785,-0.01701000000000001,0.0001,-0.6678434,39261.81069958845,39100.0,0.00391,-0.32600948,19165.754262198694,18814.891999999996,0.0018814892,0.33,1.0,3.0,10 V,2.0,True,1
25.6927,-0.01701000000000001,0.0001,-0.6678434,39261.81069958845,39264.0,0.0039264,-0.32600948,19165.754262198694,18844.549,0.0018844549,0.33,1.0,3.0,10 V,2.0,True,1
25.7094,-0.01701000000000001,0.0001,-0.6678434,39261.81069958845,39264.0,0.0039264,-0.32600948,19165.754262198694,18856.914999999997,0.0018856915,0.33,1.0,3.0,10 V,2.0,True,1
25.7262,-0.01701000000000001,0.0001,-0.6678434,39261.81069958845,39429.0,0.0039429,-0.32600948,19165.754262198694,18893.411999999997,0.0018893412,0.33,1.0,3.0,10 V,2.0,True,1
25.7429,-0.01701000000000001,0.0001,-0.6678434,39261.81069958845,39319.0,0.0039319,-0.32600948,19165.754262198694,18883.781,0.0018883781,0.33,1.0,3.0,10 V,2.0,True,1
25.7598,-0.01701000000000001,0.0001,-0.6678434,39261.81069958845,39429.0,0.0039429,-0.32600948,19165.754262198694,18910.155,0.0018910155,0.33,1.0,3.0,10 V,2.0,True,1
25.7764,-0.01701000000000001,0.0001,-0.6678434,39261.81069958845,39429.0,0.0039429,-0.32600948,19165.754262198694,18879.295,0.0018879295,0.33,1.0,3.0,10 V,2.0,True,1
25.7934,-0.01701000000000001,0.0001,-0.6678434,39261.81069958845,39373.99999999999,0.0039374,-0.32600948,19165.754262198694,18902.111999999997,0.0018902112,0.33,1.0,3.0,10 V,2.0,True,1
25.8101,-0.01701000000000001,0.0001,-0.6678434,39261.81069958845,39429.0,0.0039429,-0.32600948,19165.754262198694,18893.684999999998,0.0018893685,0.33,1.0,3.0,10 V,2.0,True,1
25.8269,-0.01701000000000001,0.0001,-0.6678434,39261.81069958845,39429.0,0.0039429,-0.32600948,19165.754262198694,18900.305999999997,0.0018900306,0.33,1.0,3.0,10 V,2.0,True,1
25.8438,-0.01701000000000001,0.0001,-0.6678434,39261.81069958845,39319.0,0.0039319,-0.32600948,19165.754262198694,18885.368,0.0018885368,0.33,1.0,3.0,10 V,2.0,True,1
25.8799,-0.01751000000000001,0.0001,-0.6872446,39248.69217589946,39208.99999999999,0.0039209,-0.33542531,19156.214163335222,18878.363999999998,0.0018878364,0.33,1.0,3.0,10 V,2.0,True,1
25.9132,-0.018010000000000012,0.0001,-0.7068549,39247.91227096055,39208.99999999999,0.0039209,-0.34509898,19161.520266518586,18822.717,0.0018822717,0.33,1.0,3.0,10 V,2.0,True,1
25.9469,-0.018510000000000013,0.0001,-0.7264706,39247.46623446782,39045.0,0.0039045,-0.35475933,19165.820097244716,18837.6,0.00188376,0.33,1.0,3.0,10 V,2.0,True,1
25.9802,-0.019010000000000013,0.0001,-0.7459764,39241.26249342449,38990.0,0.003899,-0.36436481,19167.007364544963,18737.576999999997,0.0018737577,0.33,1.0,3.0,10 V,2.0,True,1
26.0137,-0.019510000000000013,0.0001,-0.7657956,39251.44028703226,38879.99999999999,0.003888,-0.37417266,19178.50640697077,18787.479,0.0018787479,0.33,1.0,3.0,10 V,2.0,True,1
26.0473,-0.020010000000000014,0.0001,-0.7848449,39222.63368315839,38990.0,0.003899,-0.38355132,19167.98200899549,18796.836,0.0018796836,0.33,1.0,3.0,10 V,2.0,True,1
26.0806,-0.020510000000000014,0.0001,-0.8042957,39214.807411018985,38990.0,0.003899,-0.39319451,19170.86835689906,18801.486999999997,0.0018801487,0.33,1.0,3.0,10 V,2.0,True,1
26.1142,-0.021010000000000015,0.0001,-0.8239829,39218.6054259876,38879.99999999999,0.003888,-0.40270569,19167.334126606365,18768.436999999998,0.0018768437,0.33,1.0,3.0,10 V,2.0,True,1
26.1479,-0.021510000000000015,0.0001,-0.8435164,39215.08135750811,38825.0,0.0038825,-0.41251687,19177.911204091106,18746.878999999997,0.0018746879,0.33,1.0,3.0,10 V,2.0,True,1
26.1814,-0.022010000000000016,0.0001,-0.8633246,39224.19809177644,38825.0,0.0038825,-0.42225376,19184.632439800076,18751.584,0.0018751584,0.33,1.0,3.0,10 V,2.0,True,1
26.2148,-0.022510000000000016,0.0001,-0.8827864,39217.521101732535,38769.99999999999,0.003877,-0.43190468,19187.235895157693,18764.880999999998,0.0018764881,0.33,1.0,3.0,10 V,2.0,True,1
26.2485,-0.023010000000000017,0.0001,-0.9024681,39220.69100391131,38660.0,0.003866,-0.44157945,19190.76271186439,18734.019999999997,0.001873402,0.33,1.0,3.0,10 V,2.0,True,1
26.2819,-0.023510000000000017,0.0001,-0.9221114,39222.09272649934,38769.99999999999,0.003877,-0.45098806,19182.818375159495,18709.124,0.0018709124,0.33,1.0,3.0,10 V,2.0,True,1
26.3152,-0.024010000000000017,0.0001,-0.941342,39206.24739691792,38714.99999999999,0.0038715,-0.46066228,19186.267388588072,18715.579999999998,0.001871558,0.33,1.0,3.0,10 V,2.0,True,1
26.3489,-0.024510000000000018,0.0001,-0.9605069,39188.36801305587,38660.0,0.003866,-0.47019733,19183.897592819245,18721.326,0.0018721326,0.33,1.0,3.0,10 V,2.0,True,1
26.3823,-0.02501000000000002,0.0001,-0.9798806,39179.55217912832,38549.99999999999,0.003855,-0.47986434,19186.8988404638,18658.018,0.0018658018,0.33,1.0,3.0,10 V,2.0,True,1
26.4160,-0.02551000000000002,0.0001,-0.9993094,39173.2418659349,38605.0,0.0038605,-0.48920031,19176.80556644452,18681.601,0.0018681601,0.33,1.0,3.0,10 V,2.0,True,1
26.4494,-0.02601000000000002,0.0001,-1.0187272,39166.75124951939,38549.99999999999,0.003855,-0.49884901,19179.123798539007,18647.621999999996,0.0018647622,0.33,1.0,3.0,10 V,2.0,True,1
26.4827,-0.02651000000000002,0.0001,-1.0382494,39164.443606186316,38440.0,0.003844,-0.50859919,19185.182572614092,18630.275999999998,0.0018630276,0.33,1.0,3.0,10 V,2.0,True,1
26.5162,-0.02701000000000002,0.0001,-1.0578214,39164.06516105143,38495.0,0.0038495,-0.51826397,19187.855238800432,18642.970999999998,0.0018642971,0.33,1.0,3.0,10 V,2.0,True,1
26.5498,-0.02751000000000002,0.0001,-1.0771402,39154.49654671027,38384.99999999999,0.0038385,-0.52792431,19190.269356597586,18629.674,0.0018629674,0.33,1.0,3.0,10 V,2.0,True,1
26.5832,-0.02801000000000002,0.0001,-1.0969044,39161.17101035341,38384.99999999999,0.0038385,-0.53763734,19194.47840057121,18596.186999999998,0.0018596187,0.33,1.0,3.0,10 V,2.0,True,1
26.6168,-0.02851000000000002,0.0001,-1.1162067,39151.41003156784,38330.0,0.003833,-0.54712526,19190.6439845668,18596.843999999997,0.0018596844,0.33,1.0,3.0,10 V,2.0,True,1
26.6502,-0.029010000000000022,0.0001,-1.1354595,39140.27921406409,38440.0,0.003844,-0.5569403,19198.217855911742,18579.772,0.0018579772,0.33,1.0,3.0,10 V,2.0,True,1
26.6837,-0.029510000000000022,0.0001,-1.1550037,39139.400203320874,38219.99999999999,0.003822,-0.56658124,19199.635377838003,18577.911999999997,0.0018577912,0.33,1.0,3.0,10 V,2.0,True,1
26.7170,-0.030010000000000023,0.0001,-1.174537,39138.187270909664,38219.99999999999,0.003822,-0.57635581,19205.45851382871,18574.41,0.001857441,0.33,1.0,3.0,10 V,2.0,True,1
26.7508,-0.030510000000000023,0.0001,-1.1939823,39134.12979351029,38165.0,0.0038165,-0.5858892,19203.18584070795,18571.235999999997,0.0018571236,0.33,1.0,3.0,10 V,2.0,True,1
26.7843,-0.031010000000000024,0.0001,-1.2131636,39121.6897774911,38219.99999999999,0.003822,-0.59569371,19209.729442115433,18547.981,0.0018547981,0.33,1.0,3.0,10 V,2.0,True,1
26.8175,-0.031510000000000024,0.0001,-1.2328013,39124.12884798474,38110.0,0.003811,-0.60550432,19216.258965407793,18533.918999999998,0.0018533919,0.33,1.0,3.0,10 V,2.0,True,1
26.8510,-0.032010000000000025,0.0001,-1.2521257,39116.70415495154,38054.99999999999,0.0038055,-0.61484805,19207.99906279286,18513.235999999997,0.0018513236,0.33,1.0,3.0,10 V,2.0,True,1
26.8844,-0.032510000000000025,0.0001,-1.2717304,39118.129806213445,38054.99999999999,0.0038055,-0.624764,19217.594586281128,18516.191,0.0018516191,0.33,1.0,3.0,10 V,2.0,True,1
26.9180,-0.033010000000000025,0.0001,-1.2908073,39103.52317479549,38054.99999999999,0.0038055,-0.63433839,19216.55225689184,18490.747,0.0018490747,0.33,1.0,3.0,10 V,2.0,True,1
26.9515,-0.033510000000000026,0.0001,-1.310181,39098.20948970453,37945.0,0.0037945,-0.64386122,19214.002387347045,18474.112999999998,0.0018474113,0.33,1.0,3.0,10 V,2.0,True,1
26.9849,-0.034010000000000026,0.0001,-1.3294833,39090.95266098203,38054.99999999999,0.0038055,-0.65352599,19215.700970302834,18494.194,0.0018494194,0.33,1.0,3.0,10 V,2.0,True,1
27.0184,-0.03451000000000003,0.0001,-1.3489341,39088.20921472034,37945.0,0.0037945,-0.66330222,19220.58012170384,18466.069999999996,0.001846607,0.33,1.0,3.0,10 V,2.0,True,1
27.0519,-0.035,0.0001,-1.3682146,39091.84571428571,37835.0,0.0037835,-0.67311116,19231.747428571427,18474.605,0.0018474605,0.33,1.0,3.0,10 V,2.0,True,1
27.0856,-0.0345,0.0001,-1.3491101,39104.64057971014,37889.99999999999,0.003789,-0.66333882,19227.21217391304,18451.733999999997,0.0018451734,0.33,1.0,3.0,10 V,2.0,True,1
27.1192,-0.034,0.0001,-1.3297363,39109.89117647058,37889.99999999999,0.003789,-0.6537866,19229.01764705882,18424.648999999998,0.0018424649,0.33,1.0,3.0,10 V,2.0,True,1
27.1527,-0.0335,0.0001,-1.3104065,39116.611940298506,37889.99999999999,0.003789,-0.64451774,19239.335522388057,18433.513,0.0018433513,0.33,1.0,3.0,10 V,2.0,True,1
27.1861,-0.033,0.0001,-1.2914177,39133.8696969697,37889.99999999999,0.003789,-0.6347781,19235.699999999997,18455.946999999996,0.0018455947,0.33,1.0,3.0,10 V,2.0,True,1
27.2195,-0.0325,0.0001,-1.2720824,39140.99692307692,38000.0,0.0038,-0.62518153,19236.354769230766,18481.663999999997,0.0018481664,0.33,1.0,3.0,10 V,2.0,True,1
27.2531,-0.032,0.0001,-1.2524281,39138.378125,37889.99999999999,0.003789,-0.61542583,19232.0571875,18441.665999999997,0.0018441666,0.33,1.0,3.0,10 V,2.0,True,1
27.2865,-0.0315,0.0001,-1.2331258,39146.850793650796,37835.0,0.0037835,-0.60599837,19238.04349206349,18464.646999999997,0.0018464647,0.33,1.0,3.0,10 V,2.0,True,1
27.3199,-0.031,0.0001,-1.2140214,39161.98064516129,37945.0,0.0037945,-0.59666518,19247.26387096774,18471.924,0.0018471924,0.33,1.0,3.0,10 V,2.0,True,1
27.3536,-0.0305,0.0001,-1.1943617,39159.4,37835.0,0.0037835,-0.58708743,19248.76819672131,18442.704999999998,0.0018442705,0.33,1.0,3.0,10 V,2.0,True,1
27.3870,-0.03,0.0001,-1.1749824,39166.08,37945.0,0.0037945,-0.57710272,19236.75733333333,18446.535999999996,0.0018446536,0.33,1.0,3.0,10 V,2.0,True,1
27.4204,-0.0295,0.0001,-1.1556306,39173.9186440678,38000.0,0.0038,-0.56777118,19246.480677966105,18441.994,0.0018441994,0.33,1.0,3.0,10 V,2.0,True,1
27.4539,-0.028999999999999998,0.0001,-1.1362679,39181.65172413793,37835.0,0.0037835,-0.5580881,19244.41724137931,18408.999,0.0018408999,0.33,1.0,3.0,10 V,2.0,True,1
27.4874,-0.028499999999999998,0.0001,-1.1170151,39193.512280701754,37889.99999999999,0.003789,-0.54852369,19246.445263157897,18460.051,0.0018460051,0.33,1.0,3.0,10 V,2.0,True,1
27.5209,-0.027999999999999997,0.0001,-1.0975698,39198.92142857143,37945.0,0.0037945,-0.53890768,19246.70285714286,18432.800999999996,0.0018432801,0.33,1.0,3.0,10 V,2.0,True,1
27.5544,-0.027499999999999997,0.0001,-1.0781575,39205.72727272728,37945.0,0.0037945,-0.52919521,19243.462181818184,18438.109,0.0018438109,0.33,1.0,3.0,10 V,2.0,True,1
27.5879,-0.026999999999999996,0.0001,-1.0584868,39203.214814814826,37889.99999999999,0.003789,-0.51987754,19254.723703703705,18455.344999999998,0.0018455345,0.33,1.0,3.0,10 V,2.0,True,1
27.6213,-0.026499999999999996,0.0001,-1.0394318,39223.841509433965,37889.99999999999,0.003789,-0.51036136,19258.91924528302,18461.035999999996,0.0018461036,0.33,1.0,3.0,10 V,2.0,True,1
27.6550,-0.025999999999999995,0.0001,-1.019926,39227.923076923085,37945.0,0.0037945,-0.50061008,19254.23384615385,18441.391999999996,0.0018441392,0.33,1.0,3.0,10 V,2.0,True,1
27.6883,-0.025499999999999995,0.0001,-1.0002773,39226.56078431373,38000.0,0.0038,-0.49114214,19260.476078431377,18449.489999999998,0.001844949,0.33,1.0,3.0,10 V,2.0,True,1
27.7220,-0.024999999999999994,0.0001,-0.9808155,39232.62000000001,38000.0,0.0038,-0.48150952,19260.380800000006,18454.086,0.0018454086,0.33,1.0,3.0,10 V,2.0,True,1
27.7556,-0.024499999999999994,0.0001,-0.9613372,39238.253061224495,37889.99999999999,0.003789,-0.47169723,19252.94816326531,18460.817,0.0018460817,0.33,1.0,3.0,10 V,2.0,True,1
27.7891,-0.023999999999999994,0.0001,-0.941892,39245.50000000001,37945.0,0.0037945,-0.46243832,19268.26333333334,18440.352,0.0018440352,0.33,1.0,3.0,10 V,2.0,True,1
27.8227,-0.023499999999999993,0.0001,-0.9222158,39243.225531914904,38054.99999999999,0.0038055,-0.45249129,19254.9485106383,18447.411,0.0018447411,0.33,1.0,3.0,10 V,2.0,True,1
27.8562,-0.022999999999999993,0.0001,-0.9027541,39250.17826086958,37945.0,0.0037945,-0.44296069,19259.160434782614,18462.513,0.0018462513,0.33,1.0,3.0,10 V,2.0,True,1
27.8895,-0.022499999999999992,0.0001,-0.8833143,39258.41333333335,38000.0,0.0038,-0.43355873,19269.276888888897,18440.844999999998,0.0018440845,0.33,1.0,3.0,10 V,2.0,True,1
27.9232,-0.021999999999999992,0.0001,-0.8638305,39265.022727272735,38110.0,0.003811,-0.42394385,19270.175000000007,18449.270999999997,0.0018449271,0.33,1.0,3.0,10 V,2.0,True,1
27.9564,-0.02149999999999999,0.0001,-0.8442148,39265.80465116281,38000.0,0.0038,-0.4141493,19262.758139534893,18488.887,0.0018488887,0.33,1.0,3.0,10 V,2.0,True,1
27.9900,-0.02099999999999999,0.0001,-0.8246318,39268.18095238097,38054.99999999999,0.0038055,-0.40433313,19253.95857142858,18475.372,0.0018475372,0.33,1.0,3.0,10 V,2.0,True,1
28.0236,-0.02049999999999999,0.0001,-0.8049721,39266.93170731709,38054.99999999999,0.0038055,-0.39473267,19255.25219512196,18495.672,0.0018495672,0.33,1.0,3.0,10 V,2.0,True,1
28.0569,-0.01999999999999999,0.0001,-0.7853784,39268.92000000002,38054.99999999999,0.0038055,-0.38510667,19255.333500000008,18482.484999999997,0.0018482485,0.33,1.0,3.0,10 V,2.0,True,1
28.0903,-0.01949999999999999,0.0001,-0.7658891,39276.36410256413,38165.0,0.0038165,-0.37541583,19252.093846153857,18516.519,0.0018516519,0.33,1.0,3.0,10 V,2.0,True,1
28.1240,-0.01899999999999999,0.0001,-0.7463173,39279.85789473686,38110.0,0.003811,-0.3659196,19258.926315789482,18516.628,0.0018516628,0.33,1.0,3.0,10 V,2.0,True,1
28.1575,-0.01849999999999999,0.0001,-0.7268281,39288.00540540543,38110.0,0.003811,-0.35630803,19259.893513513525,18499.885,0.0018499885,0.33,1.0,3.0,10 V,2.0,True,1
28.1908,-0.017999999999999988,0.0001,-0.7071409,39285.60555555557,38054.99999999999,0.0038055,-0.34666041,19258.911666666674,18510.117,0.0018510117,0.33,1.0,3.0,10 V,2.0,True,1
28.2243,-0.017499999999999988,0.0001,-0.6875031,39285.891428571456,38219.99999999999,0.003822,-0.33693075,19253.185714285726,18513.619,0.0018513619,0.33,1.0,3.0,10 V,2.0,True,1
28.2577,-0.016999999999999987,0.0001,-0.6679919,39293.64117647062,38219.99999999999,0.003822,-0.32741124,19259.48470588237,18534.739999999998,0.001853474,0.33,1.0,3.0,10 V,2.0,True,1
28.2913,-0.016499999999999987,0.0001,-0.6484421,39299.521212121246,38219.99999999999,0.003822,-0.31776473,19258.468484848498,18519.583,0.0018519583,0.33,1.0,3.0,10 V,2.0,True,1
28.3246,-0.015999999999999986,0.0001,-0.6289748,39310.92500000003,38165.0,0.0038165,-0.30824188,19265.11750000002,18563.138,0.0018563138,0.33,1.0,3.0,10 V,2.0,True,1
28.3581,-0.015499999999999986,0.0001,-0.6093645,39313.83870967745,38330.0,0.003833,-0.29860371,19264.755483870984,18583.054999999997,0.0018583055,0.33,1.0,3.0,10 V,2.0,True,1
28.3917,-0.014999999999999986,0.0001,-0.5897377,39315.84666666671,38165.0,0.0038165,-0.28890674,19260.449333333352,18535.395999999997,0.0018535396,0.33,1.0,3.0,10 V,2.0,True,1
28.4251,-0.014499999999999985,0.0001,-0.570166,39321.79310344831,38165.0,0.0038165,-0.2793157,19263.15172413795,18527.680999999997,0.0018527681,0.33,1.0,3.0,10 V,2.0,True,1
28.4587,-0.013999999999999985,0.0001,-0.5504733,39319.521428571476,38275.0,0.0038275,-0.26951947,19251.390714285735,18547.597999999998,0.0018547598,0.33,1.0,3.0,10 V,2.0,True,1
28.4922,-0.013499999999999984,0.0001,-0.53083,39320.74074074079,38219.99999999999,0.003822,-0.25984359,19247.673333333358,18565.052999999996,0.0018565053,0.33,1.0,3.0,10 V,2.0,True,1
28.5257,-0.012999999999999984,0.0001,-0.5111923,39322.48461538467,38219.99999999999,0.003822,-0.2503612,19258.55384615387,18526.423,0.0018526423,0.33,1.0,3.0,10 V,2.0,True,1
28.5590,-0.012499999999999983,0.0001,-0.4916095,39328.76000000005,38384.99999999999,0.0038385,-0.24071636,19257.308800000024,18554.657,0.0018554657,0.33,1.0,3.0,10 V,2.0,True,1
28.5926,-0.011999999999999983,0.0001,-0.4719773,39331.44166666672,38440.0,0.003844,-0.23104547,19253.789166666695,18587.924999999996,0.0018587925,0.33,1.0,3.0,10 V,2.0,True,1
28.6262,-0.011499999999999982,0.0001,-0.4523505,39334.82608695658,38440.0,0.003844,-0.22143613,19255.315652173944,18575.066,0.0018575066,0.33,1.0,3.0,10 V,2.0,True,1
28.6598,-0.010999999999999982,0.0001,-0.4328118,39346.52727272733,38330.0,0.003833,-0.211875,19261.36363636367,18613.642,0.0018613642,0.33,1.0,3.0,10 V,2.0,True,1
28.6933,-0.010499999999999982,0.0001,-0.413229,39355.14285714292,38384.99999999999,0.0038385,-0.20221742,19258.80190476194,18586.665999999997,0.0018586666,0.33,1.0,3.0,10 V,2.0,True,1
28.7268,-0.009999999999999981,0.0001,-0.3934756,39347.56000000008,38440.0,0.003844,-0.19256591,19256.591000000037,18638.101,0.0018638101,0.33,1.0,3.0,10 V,2.0,True,1
28.7601,-0.00949999999999998,0.0001,-0.3738379,39351.357894736924,38384.99999999999,0.0038385,-0.18289168,19251.755789473726,18604.942,0.0018604942,0.33,1.0,3.0,10 V,2.0,True,1
28.7937,-0.00899999999999998,0.0001,-0.3541561,39350.67777777786,38440.0,0.003844,-0.17329063,19254.51444444449,18640.453999999998,0.0018640454,0.33,1.0,3.0,10 V,2.0,True,1
28.8272,-0.00849999999999998,0.0001,-0.3345404,39357.69411764715,38495.0,0.0038495,-0.16367464,19255.840000000047,18623.655,0.0018623655,0.33,1.0,3.0,10 V,2.0,True,1
28.8607,-0.00799999999999998,0.0001,-0.3148147,39351.8375000001,38549.99999999999,0.003855,-0.15400372,19250.46500000005,18631.698999999997,0.0018631699,0.33,1.0,3.0,10 V,2.0,True,1
28.8941,-0.007499999999999979,0.0001,-0.2951824,39357.653333333445,38384.99999999999,0.0038385,-0.14438883,19251.844000000052,18656.923,0.0018656923,0.33,1.0,3.0,10 V,2.0,True,1
28.9275,-0.0069999999999999785,0.0001,-0.2754732,39353.314285714405,38495.0,0.0038495,-0.13475561,19250.801428571485,18639.195,0.0018639195,0.33,1.0,3.0,10 V,2.0,True,1
28.9610,-0.006499999999999978,0.0001,-0.255797,39353.38461538475,38605.0,0.0038605,-0.12514126,19252.5015384616,18644.12,0.001864412,0.33,1.0,3.0,10 V,2.0,True,1
28.9934,-0.005999999999999978,0.0001,-0.2361262,39354.366666666814,38660.0,0.003866,-0.11548688,19247.813333333404,18672.299,0.0018672299,0.33,1.0,3.0,10 V,2.0,True,1
29.0269,-0.005499999999999977,0.0001,-0.216494,39362.545454545616,38549.99999999999,0.003855,-0.10591294,19256.898181818262,18684.664999999997,0.0018684665,0.33,1.0,3.0,10 V,2.0,True,1
29.0607,-0.004999999999999977,0.0001,-0.1967571,39351.42000000018,38605.0,0.0038605,-0.09619887,19239.774000000092,18677.716,0.0018677716,0.33,1.0,3.0,10 V,2.0,True,1
29.0943,-0.004499999999999976,0.0001,-0.1771083,39357.400000000205,38605.0,0.0038605,-0.086619367,19248.748222222323,18713.337,0.0018713337,0.33,1.0,3.0,10 V,2.0,True,1
29.1278,-0.003999999999999976,0.0001,-0.1574596,39364.900000000234,38660.0,0.003866,-0.07701809,19254.522500000116,18704.145,0.0018704145,0.33,1.0,3.0,10 V,2.0,True,1
29.1612,-0.003499999999999976,0.0001,-0.1377668,39361.94285714313,38825.0,0.0038825,-0.067377869,19250.819714285848,18705.458,0.0018705458,0.33,1.0,3.0,10 V,2.0,True,1
29.1947,-0.0029999999999999758,0.0001,-0.1180796,39359.86666666698,38769.99999999999,0.003877,-0.057734873,19244.95766666682,18695.060999999998,0.0018695061,0.33,1.0,3.0,10 V,2.0,True,1
29.2280,-0.0024999999999999758,0.0001,-0.0984034,39361.360000000386,38660.0,0.003866,-0.048110867,19244.34680000019,18721.654,0.0018721654,0.33,1.0,3.0,10 V,2.0,True,1
29.2618,-0.0019999999999999758,0.0001,-0.0787159,39357.95000000048,38714.99999999999,0.0038715,-0.03850308,19251.540000000234,18744.088,0.0018744088,0.33,1.0,3.0,10 V,2.0,True,1
29.2951,-0.0014999999999999757,0.0001,-0.0590617,39374.46666666731,38769.99999999999,0.003877,-0.028880225,19253.483333333646,18735.770999999997,0.0018735771,0.33,1.0,3.0,10 V,2.0,True,1
29.3287,-0.0009999999999999757,0.0001,-0.039369,39369.00000000095,38825.0,0.0038825,-0.019258473,19258.473000000467,18741.953999999998,0.0018741954,0.33,1.0,3.0,10 V,2.0,True,1
29.3609,-0.0004999999999999757,0.0001,-0.0197202,39440.400000001915,38825.0,0.0038825,-0.0096596429,19319.285800000936,18760.284,0.0018760284,0.33,1.0,3.0,10 V,2.0,True,1
29.3943,1e-05,0.0001,0.0003355,33550.0,38879.99999999999,0.003888,0.0001436548,14365.48,18770.626,0.0018770626,0.33,1.0,3.0,10 V,2.0,True,1
29.4279,0.00051,0.0001,0.0200062,39227.843137254895,38879.99999999999,0.003888,0.0097583593,19134.037843137252,18743.649999999998,0.001874365,0.33,1.0,3.0,10 V,2.0,True,1
29.4631,0.00101,0.0001,0.0396824,39289.504950495044,38879.99999999999,0.003888,0.019356846,19165.19405940594,18751.53,0.001875153,0.33,1.0,3.0,10 V,2.0,True,1
29.4966,0.00151,0.0001,0.0593477,39303.112582781454,38934.99999999999,0.0038935,0.028966764,19183.28741721854,18786.767999999996,0.0018786768,0.33,1.0,3.0,10 V,2.0,True,1
29.5300,0.00201,0.0001,0.0789964,39301.69154228855,38879.99999999999,0.003888,0.038586651,19197.338805970146,18777.246999999996,0.0018777247,0.33,1.0,3.0,10 V,2.0,True,1
29.5637,0.00251,0.0001,0.0986561,39305.21912350597,38990.0,0.003899,0.048172201,19192.111952191233,18802.853999999996,0.0018802854,0.33,1.0,3.0,10 V,2.0,True,1
29.5971,0.00301,0.0001,0.1183214,39309.43521594684,38879.99999999999,0.003888,0.057756591,19188.236212624586,18824.085,0.0018824085,0.33,1.0,3.0,10 V,2.0,True,1
29.6307,0.00351,0.0001,0.1379756,39309.287749287745,38934.99999999999,0.0038935,0.067358258,19190.386894586893,18799.953999999998,0.0018799954,0.33,1.0,3.0,10 V,2.0,True,1
29.6642,0.00401,0.0001,0.1576134,39305.08728179551,38990.0,0.003899,0.076978201,19196.55885286783,18793.279,0.0018793279,0.33,1.0,3.0,10 V,2.0,True,1
29.6975,0.00451,0.0001,0.1772786,39307.89356984479,38990.0,0.003899,0.086566353,19194.313303769402,18809.201999999997,0.0018809202,0.33,1.0,3.0,10 V,2.0,True,1
29.7312,0.0050100000000000006,0.0001,0.1969328,39307.94411177644,39100.0,0.00391,0.096157936,19193.20079840319,18841.593999999997,0.0018841594,0.33,1.0,3.0,10 V,2.0,True,1
29.7645,0.005510000000000001,0.0001,0.2166423,39318.021778584385,39045.0,0.0039045,0.10577926,19197.687840290375,18850.623,0.0018850623,0.33,1.0,3.0,10 V,2.0,True,1
29.7982,0.0060100000000000015,0.0001,0.23628,39314.47587354408,39045.0,0.0039045,0.11540994,19202.985024958398,18853.358999999997,0.0018853359,0.33,1.0,3.0,10 V,2.0,True,1
29.8328,0.006510000000000002,0.0001,0.2559122,39310.6298003072,39154.0,0.0039154,0.12506365,19211.006144393235,18879.239999999998,0.001887924,0.33,1.0,3.0,10 V,2.0,True,1
29.8663,0.007010000000000002,0.0001,0.2755885,39313.62339514978,39045.0,0.0039045,0.13462036,19204.045649072745,18866.982999999997,0.0018866983,0.33,1.0,3.0,10 V,2.0,True,1
29.8998,0.007510000000000003,0.0001,0.2951437,39300.09320905458,39045.0,0.0039045,0.144146,19193.874833555252,18875.518999999997,0.0018875519,0.33,1.0,3.0,10 V,2.0,True,1
29.9333,0.008010000000000003,0.0001,0.314798,39300.62421972533,39208.99999999999,0.0039209,0.15370934,19189.680399500616,18919.182999999997,0.0018919183,0.33,1.0,3.0,10 V,2.0,True,1
29.9666,0.008510000000000004,0.0001,0.3343862,39293.32549941244,39208.99999999999,0.0039209,0.16329875,19189.04230317273,18891.988999999998,0.0018891989,0.33,1.0,3.0,10 V,2.0,True,1
30.0002,0.009010000000000004,0.0001,0.354002,39289.90011098777,39319.0,0.0039319,0.17290201,19190.01220865704,18887.119,0.0018887119,0.33,1.0,3.0,10 V,2.0,True,1
30.0337,0.009510000000000005,0.0001,0.3736947,39294.92113564666,39264.0,0.0039264,0.18248035,19188.259726603566,18887.446999999996,0.0018887447,0.33,1.0,3.0,10 V,2.0,True,1
30.0672,0.010010000000000005,0.0001,0.393217,39282.417582417555,39373.99999999999,0.0039374,0.19205532,19186.345654345645,18924.71,0.001892471,0.33,1.0,3.0,10 V,2.0,True,1
30.1009,0.010510000000000005,0.0001,0.4129207,39288.363463368194,39264.0,0.0039264,0.20171849,19193.005708848705,18936.254999999997,0.0018936255,0.33,1.0,3.0,10 V,2.0,True,1
30.1342,0.011010000000000006,0.0001,0.4325256,39284.795640326956,39319.0,0.0039319,0.21118645,19181.330608537683,18934.449999999997,0.001893445,0.33,1.0,3.0,10 V,2.0,True,1
30.1677,0.011510000000000006,0.0001,0.4520204,39271.972198088595,39429.0,0.0039429,0.22081914,19184.981754995646,18949.387,0.0018949387,0.33,1.0,3.0,10 V,2.0,True,1
30.2013,0.012010000000000007,0.0001,0.4716636,39272.57285595335,39429.0,0.0039429,0.2303187,19177.24396336385,18971.493,0.0018971493,0.33,1.0,3.0,10 V,2.0,True,1
30.2349,0.012510000000000007,0.0001,0.4912299,39266.97841726617,39484.0,0.0039484,0.23988925,19175.79936051158,18955.077999999998,0.0018955078,0.33,1.0,3.0,10 V,2.0,True,1
30.2683,0.013010000000000008,0.0001,0.5108126,39263.074558032255,39484.0,0.0039484,0.24940767,19170.458877786306,18966.239999999998,0.001896624,0.33,1.0,3.0,10 V,2.0,True,1
30.3019,0.013510000000000008,0.0001,0.5304229,39261.502590673554,39429.0,0.0039429,0.25895383,19167.566987416718,18973.900999999998,0.0018973901,0.33,1.0,3.0,10 V,2.0,True,1
30.3356,0.014010000000000009,0.0001,0.5500001,39257.68022840826,39429.0,0.0039429,0.26853159,19167.13704496787,18952.178,0.0018952178,0.33,1.0,3.0,10 V,2.0,True,1
30.3690,0.014510000000000009,0.0001,0.5694289,39243.893866299084,39538.99999999999,0.0039539,0.27801566,19160.279807029623,19023.255999999998,0.0019023256,0.33,1.0,3.0,10 V,2.0,True,1
30.4025,0.01501000000000001,0.0001,0.5890611,39244.57694870084,39484.0,0.0039484,0.28770488,19167.54696868753,18997.922,0.0018997922,0.33,1.0,3.0,10 V,2.0,True,1
30.4358,0.01551000000000001,0.0001,0.6086824,39244.51321727915,39594.0,0.0039594,0.29735252,19171.66473243068,19046.073,0.0019046073,0.33,1.0,3.0,10 V,2.0,True,1
30.4692,0.01601000000000001,0.0001,0.6281881,39237.23297938786,39703.99999999999,0.0039704,0.3068898,19168.6321049344,19002.135,0.0019002135,0.33,1.0,3.0,10 V,2.0,True,1
30.5029,0.01651000000000001,0.0001,0.6476832,39229.75166565715,39703.99999999999,0.0039704,0.31615704,19149.42701393094,19058.822,0.0019058822,0.33,1.0,3.0,10 V,2.0,True,1
30.5362,0.01701000000000001,0.0001,0.667079,39216.87242798351,39649.0,0.0039649,0.32575533,19150.81305114637,19047.111999999997,0.0019047112,0.33,1.0,3.0,10 V,2.0,True,1
30.5698,0.01751000000000001,0.0001,0.6867607,39221.05653912047,39814.0,0.0039814,0.33536302,19152.65676756138,19057.125999999997,0.0019057126,0.33,1.0,3.0,10 V,2.0,True,1
30.6031,0.018010000000000012,0.0001,0.70614,39208.217656857276,39759.0,0.0039759,0.34498403,19155.137701277054,19089.025999999998,0.0019089026,0.33,1.0,3.0,10 V,2.0,True,1
30.6367,0.018510000000000013,0.0001,0.7257227,39207.06104808209,39814.0,0.0039814,0.35446808,19150.08535926525,19102.869,0.0019102869,0.33,1.0,3.0,10 V,2.0,True,1
30.6702,0.019010000000000013,0.0001,0.745245,39202.78800631245,39814.0,0.0039814,0.36416175,19156.325618095725,19074.088,0.0019074088,0.33,1.0,3.0,10 V,2.0,True,1
30.7036,0.019510000000000013,0.0001,0.7647783,39199.29779600202,39759.0,0.0039759,0.37361973,19150.165556125048,19107.028,0.0019107028,0.33,1.0,3.0,10 V,2.0,True,1
30.7372,0.020010000000000014,0.0001,0.7839376,39177.29135432281,39814.0,0.0039814,0.38276167,19128.519240379796,19124.427999999996,0.0019124428,0.33,1.0,3.0,10 V,2.0,True,1
30.7706,0.020510000000000014,0.0001,0.8032783,39165.20234032177,39868.99999999999,0.0039869,0.3923034,19127.42077035591,19123.334,0.0019123334,0.33,1.0,3.0,10 V,2.0,True,1
30.8042,0.021010000000000015,0.0001,0.8229876,39171.23274631126,39924.0,0.0039924,0.40183847,19126.057591623023,19137.341,0.0019137341,0.33,1.0,3.0,10 V,2.0,True,1
30.8380,0.021510000000000015,0.0001,0.8423561,39161.13900511387,39868.99999999999,0.0039869,0.41128703,19120.73593677358,19160.049,0.0019160049,0.33,1.0,3.0,10 V,2.0,True,1
30.8713,0.022010000000000016,0.0001,0.8618123,39155.48841435708,39924.0,0.0039924,0.42075836,19116.690595183994,19161.034,0.0019161034,0.33,1.0,3.0,10 V,2.0,True,1
30.9050,0.022510000000000016,0.0001,0.8814006,39155.95735228784,39979.0,0.0039979,0.43030951,19116.370946246097,19145.658,0.0019145658,0.33,1.0,3.0,10 V,2.0,True,1
30.9383,0.023010000000000017,0.0001,0.9007579,39146.366797044735,39924.0,0.0039924,0.4399366,19119.365493263784,19186.969999999998,0.001918697,0.33,1.0,3.0,10 V,2.0,True,1
30.9718,0.023510000000000017,0.0001,0.9202636,39143.496384517195,40089.0,0.0040089,0.44955706,19121.950659293903,19166.177,0.0019166177,0.33,1.0,3.0,10 V,2.0,True,1
31.0054,0.024010000000000017,0.0001,0.9397914,39141.66597251142,40033.99999999999,0.0040034,0.45908215,19120.456059974997,19217.557,0.0019217557,0.33,1.0,3.0,10 V,2.0,True,1
31.0388,0.024510000000000018,0.0001,0.9591213,39131.835985312086,40033.99999999999,0.0040034,0.46849802,19114.566299469592,19225.6,0.00192256,0.33,1.0,3.0,10 V,2.0,True,1
31.0723,0.02501000000000002,0.0001,0.978891,39139.98400639741,40089.0,0.0040089,0.4781035,19116.49340263893,19224.889,0.0019224889,0.33,1.0,3.0,10 V,2.0,True,1
31.1060,0.02551000000000002,0.0001,0.9977863,39113.53586828692,40198.99999999999,0.0040199,0.48748831,19109.694629557023,19207.872,0.0019207872,0.33,1.0,3.0,10 V,2.0,True,1
31.1393,0.02601000000000002,0.0001,1.0176275,39124.47135717028,40198.99999999999,0.0040199,0.49729452,19119.358708189146,19206.778,0.0019206778,0.33,1.0,3.0,10 V,2.0,True,1
31.1730,0.02651000000000002,0.0001,1.0369848,39116.740852508454,40198.99999999999,0.0040199,0.5066078,19110.06412674461,19247.650999999998,0.0019247651,0.33,1.0,3.0,10 V,2.0,True,1
31.2064,0.02701000000000002,0.0001,1.0564193,39112.15475749719,40308.99999999999,0.0040309,0.51612679,19108.729729729712,19252.576,0.0019252576,0.33,1.0,3.0,10 V,2.0,True,1
31.2400,0.02751000000000002,0.0001,1.0757436,39103.72955288983,40254.0,0.0040254,0.52561694,19106.395492548152,19259.634,0.0019259634,0.33,1.0,3.0,10 V,2.0,True,1
31.2734,0.02801000000000002,0.0001,1.0951998,39100.31417350943,40254.0,0.0040254,0.53509546,19103.729382363425,19319.713999999996,0.0019319714,0.33,1.0,3.0,10 V,2.0,True,1
31.3069,0.02851000000000002,0.0001,1.1144416,39089.49842160642,40363.99999999999,0.0040364,0.54470647,19105.803928446145,19274.353,0.0019274353,0.33,1.0,3.0,10 V,2.0,True,1
31.3405,0.029010000000000022,0.0001,1.1340024,39090.051706308135,40419.0,0.0040419,0.55405248,19098.67218200619,19316.978,0.0019316978,0.33,1.0,3.0,10 V,2.0,True,1
31.3739,0.029510000000000022,0.0001,1.1530297,39072.507624534024,40473.99999999999,0.0040474,0.56333359,19089.582853270065,19291.37,0.001929137,0.33,1.0,3.0,10 V,2.0,True,1
31.4076,0.030010000000000023,0.0001,1.1726455,39075.158280573116,40419.0,0.0040419,0.57281321,19087.411196267894,19338.154,0.0019338154,0.33,1.0,3.0,10 V,2.0,True,1
31.4411,0.030510000000000023,0.0001,1.1919037,39066.001311045526,40473.99999999999,0.0040474,0.58256509,19094.234349393628,19328.195,0.0019328195,0.33,1.0,3.0,10 V,2.0,True,1
31.4747,0.031010000000000024,0.0001,1.2111785,39057.67494356656,40419.0,0.0040419,0.59161776,19078.289584005146,19338.373,0.0019338373,0.33,1.0,3.0,10 V,2.0,True,1
31.5082,0.031510000000000024,0.0001,1.2307393,39058.689304982516,40528.99999999999,0.0040529,0.60121549,19080.14884163756,19339.740999999998,0.0019339741,0.33,1.0,3.0,10 V,2.0,True,1
31.5419,0.032010000000000025,0.0001,1.2501956,39056.407372696005,40584.0,0.0040584,0.61080324,19081.638238050593,19351.888,0.0019351888,0.33,1.0,3.0,10 V,2.0,True,1
31.5752,0.032510000000000025,0.0001,1.2695091,39049.80313749613,40584.0,0.0040584,0.62042313,19084.070439864645,19372.297,0.0019372297,0.33,1.0,3.0,10 V,2.0,True,1
31.6089,0.033010000000000025,0.0001,1.2888114,39043.059678885154,40638.99999999999,0.0040639,0.62983178,19080.029687973325,19404.362,0.0019404362,0.33,1.0,3.0,10 V,2.0,True,1
31.6423,0.033510000000000026,0.0001,1.3081797,39038.48701880032,40638.99999999999,0.0040639,0.63924152,19076.142047150086,19367.427,0.0019367427,0.33,1.0,3.0,10 V,2.0,True,1
31.6756,0.034010000000000026,0.0001,1.3273335,39027.74184063507,40693.99999999999,0.0040694,0.64851265,19068.293149073786,19389.751999999997,0.0019389752,0.33,1.0,3.0,10 V,2.0,True,1
31.7091,0.03451000000000003,0.0001,1.3467953,39026.232975948966,40638.99999999999,0.0040639,0.65832331,19076.30570849028,19404.306999999997,0.0019404307,0.33,1.0,3.0,10 V,2.0,True,1
31.7424,0.035,0.0001,1.3662682,39036.23428571428,40749.0,0.0040749,0.66781458,19080.41657142857,19404.525999999998,0.0019404526,0.33,1.0,3.0,10 V,2.0,True,1
31.7762,0.0345,0.0001,1.3470482,39044.87536231883,40749.0,0.0040749,0.65837821,19083.42637681159,19423.183999999997,0.0019423184,0.33,1.0,3.0,10 V,2.0,True,1
31.8098,0.034,0.0001,1.327823,39053.61764705882,40749.0,0.0040749,0.64883592,19083.409411764704,19396.975,0.0019396975,0.33,1.0,3.0,10 V,2.0,True,1
31.8433,0.0335,0.0001,1.3083612,39055.55820895522,40749.0,0.0040749,0.6392149,19081.041791044776,19415.468999999997,0.0019415469,0.33,1.0,3.0,10 V,2.0,True,1
31.8766,0.033,0.0001,1.2891414,39064.89090909091,40803.99999999999,0.0040804,0.62965934,19080.58606060606,19449.448999999997,0.0019449449,0.33,1.0,3.0,10 V,2.0,True,1
31.9102,0.0325,0.0001,1.2699656,39075.864615384606,40749.0,0.0040749,0.62002999,19077.845846153843,19466.904,0.0019466904,0.33,1.0,3.0,10 V,2.0,True,1
31.9436,0.032,0.0001,1.2505365,39079.265625,40803.99999999999,0.0040804,0.61079603,19087.3759375,19456.397999999997,0.0019456398,0.33,1.0,3.0,10 V,2.0,True,1
31.9771,0.0315,0.0001,1.2310088,39079.64444444444,40858.99999999999,0.0040859,0.60093935,19077.439682539683,19436.207,0.0019436207,0.33,1.0,3.0,10 V,2.0,True,1
32.0107,0.031,0.0001,1.211668,39086.06451612903,40858.99999999999,0.0040859,0.59125734,19072.817419354837,19444.195999999996,0.0019444196,0.33,1.0,3.0,10 V,2.0,True,1
32.0441,0.0305,0.0001,1.1924097,39095.4,40914.0,0.0040914,0.58183871,19076.679016393442,19466.465999999997,0.0019466466,0.33,1.0,3.0,10 V,2.0,True,1
32.0776,0.03,0.0001,1.1728929,39096.42999999999,40803.99999999999,0.0040804,0.57221381,19073.79366666667,19469.639,0.0019469639,0.33,1.0,3.0,10 V,2.0,True,1
32.1111,0.0295,0.0001,1.1536291,39106.071186440684,40858.99999999999,0.0040859,0.56270203,19074.645084745764,19453.059999999998,0.001945306,0.33,1.0,3.0,10 V,2.0,True,1
32.1446,0.028999999999999998,0.0001,1.1342553,39112.25172413793,40749.0,0.0040749,0.55335715,19081.281034482756,19465.317,0.0019465317,0.33,1.0,3.0,10 V,2.0,True,1
32.1784,0.028499999999999998,0.0001,1.1148376,39117.10877192982,40749.0,0.0040749,0.54414921,19092.954736842108,19450.597999999998,0.0019450598,0.33,1.0,3.0,10 V,2.0,True,1
32.2117,0.027999999999999997,0.0001,1.0954968,39124.88571428572,40914.0,0.0040914,0.5343818,19085.06428571429,19445.892,0.0019445892,0.33,1.0,3.0,10 V,2.0,True,1
32.2452,0.027499999999999997,0.0001,1.076233,39135.74545454546,40803.99999999999,0.0040804,0.52467819,19079.206909090914,19403.321999999996,0.0019403322,0.33,1.0,3.0,10 V,2.0,True,1
32.2789,0.026999999999999996,0.0001,1.0564743,39128.67777777779,40693.99999999999,0.0040694,0.51511373,19078.2862962963,19433.745,0.0019433745,0.33,1.0,3.0,10 V,2.0,True,1
32.3124,0.026499999999999996,0.0001,1.0370948,39135.65283018869,40803.99999999999,0.0040804,0.50571506,19083.587169811322,19437.410999999996,0.0019437411,0.33,1.0,3.0,10 V,2.0,True,1
32.3460,0.025999999999999995,0.0001,1.0176385,39139.94230769231,40858.99999999999,0.0040859,0.49600588,19077.149230769235,19442.006999999998,0.0019442007,0.33,1.0,3.0,10 V,2.0,True,1
32.3794,0.025499999999999995,0.0001,0.9981493,39143.10980392157,40803.99999999999,0.0040804,0.48629726,19070.480784313728,19436.426,0.0019436426,0.33,1.0,3.0,10 V,2.0,True,1
32.4129,0.024999999999999994,0.0001,0.978803,39152.12000000001,40803.99999999999,0.0040804,0.47689693,19075.877200000003,19415.468999999997,0.0019415469,0.33,1.0,3.0,10 V,2.0,True,1
32.4465,0.024499999999999994,0.0001,0.9593852,39158.579591836744,40858.99999999999,0.0040859,0.46749051,19081.245306122455,19425.428,0.0019425428,0.33,1.0,3.0,10 V,2.0,True,1
32.4800,0.023999999999999994,0.0001,0.9399508,39164.616666666676,40693.99999999999,0.0040694,0.45810569,19087.737083333337,19416.289999999997,0.001941629,0.33,1.0,3.0,10 V,2.0,True,1
32.5133,0.023499999999999993,0.0001,0.9204066,39166.23829787235,40749.0,0.0040749,0.44840704,19081.150638297877,19402.500999999997,0.0019402501,0.33,1.0,3.0,10 V,2.0,True,1
32.5468,0.022999999999999993,0.0001,0.9010713,39177.01304347828,40858.99999999999,0.0040859,0.43894406,19084.524347826093,19429.038999999997,0.0019429039,0.33,1.0,3.0,10 V,2.0,True,1
32.5805,0.022499999999999992,0.0001,0.881637,39183.86666666668,40749.0,0.0040749,0.42942618,19085.608000000007,19423.731999999996,0.0019423732,0.33,1.0,3.0,10 V,2.0,True,1
32.6138,0.021999999999999992,0.0001,0.8620873,39185.786363636376,40693.99999999999,0.0040694,0.42005692,19093.496363636372,19399.82,0.001939982,0.33,1.0,3.0,10 V,2.0,True,1
32.6473,0.02149999999999999,0.0001,0.842653,39193.162790697694,40638.99999999999,0.0040639,0.41041482,19089.061395348846,19423.513,0.0019423513,0.33,1.0,3.0,10 V,2.0,True,1
32.6810,0.02099999999999999,0.0001,0.8233725,39208.2142857143,40749.0,0.0040749,0.40103501,19096.905238095245,19405.838999999996,0.0019405839,0.33,1.0,3.0,10 V,2.0,True,1
32.7143,0.02049999999999999,0.0001,0.8034708,39193.697560975634,40693.99999999999,0.0040694,0.39142287,19093.798536585375,19410.873,0.0019410873,0.33,1.0,3.0,10 V,2.0,True,1
32.7477,0.01999999999999999,0.0001,0.784218,39210.900000000016,40693.99999999999,0.0040694,0.38187892,19093.946000000007,19396.646999999997,0.0019396647,0.33,1.0,3.0,10 V,2.0,True,1
32.7813,0.01949999999999999,0.0001,0.7646243,39211.502564102586,40749.0,0.0040749,0.37224737,19089.60871794873,19396.755999999998,0.0019396756,0.33,1.0,3.0,10 V,2.0,True,1
32.8149,0.01899999999999999,0.0001,0.7450635,39213.86842105265,40638.99999999999,0.0040639,0.36265131,19086.91105263159,19392.378999999997,0.0019392379,0.33,1.0,3.0,10 V,2.0,True,1
32.8484,0.01849999999999999,0.0001,0.7254753,39214.881081081105,40693.99999999999,0.0040694,0.35308684,19085.775135135147,19379.356,0.0019379356,0.33,1.0,3.0,10 V,2.0,True,1
32.8819,0.017999999999999988,0.0001,0.7060685,39226.027777777796,40638.99999999999,0.0040639,0.34357617,19087.56500000001,19391.666999999998,0.0019391667,0.33,1.0,3.0,10 V,2.0,True,1
32.9155,0.017499999999999988,0.0001,0.6863923,39222.417142857164,40693.99999999999,0.0040694,0.33407771,19090.154857142872,19346.635,0.0019346635,0.33,1.0,3.0,10 V,2.0,True,1
32.9491,0.016999999999999987,0.0001,0.6667435,39220.20588235297,40584.0,0.0040584,0.32448163,19087.15470588237,19342.694999999996,0.0019342695,0.33,1.0,3.0,10 V,2.0,True,1
32.9826,0.016499999999999987,0.0001,0.6473862,39235.527272727304,40693.99999999999,0.0040694,0.31503364,19092.947878787894,19342.039,0.0019342039,0.33,1.0,3.0,10 V,2.0,True,1
33.0161,0.015999999999999986,0.0001,0.6279407,39246.29375000003,40528.99999999999,0.0040529,0.30542206,19088.878750000018,19339.466999999997,0.0019339467,0.33,1.0,3.0,10 V,2.0,True,1
33.0495,0.015499999999999986,0.0001,0.6084184,39252.80000000003,40584.0,0.0040584,0.29593135,19092.345161290337,19341.656,0.0019341656,0.33,1.0,3.0,10 V,2.0,True,1
33.0831,0.014999999999999986,0.0001,0.5887202,39248.01333333337,40584.0,0.0040584,0.28638352,19092.234666666685,19320.917999999998,0.0019320918,0.33,1.0,3.0,10 V,2.0,True,1
33.1165,0.014499999999999985,0.0001,0.5692474,39258.44137931038,40584.0,0.0040584,0.27695103,19100.07103448278,19321.301,0.0019321301,0.33,1.0,3.0,10 V,2.0,True,1
33.1502,0.013999999999999985,0.0001,0.5495932,39256.657142857184,40473.99999999999,0.0040474,0.26732113,19094.36642857145,19338.373,0.0019338373,0.33,1.0,3.0,10 V,2.0,True,1
33.1837,0.013499999999999984,0.0001,0.5300544,39263.288888888936,40473.99999999999,0.0040474,0.25773284,19091.321481481504,19338.591,0.0019338591,0.33,1.0,3.0,10 V,2.0,True,1
33.2170,0.012999999999999984,0.0001,0.5104497,39265.361538461584,40473.99999999999,0.0040474,0.24823492,19094.99384615387,19332.408,0.0019332408,0.33,1.0,3.0,10 V,2.0,True,1
33.2503,0.012499999999999983,0.0001,0.4908669,39269.35200000005,40419.0,0.0040419,0.23868323,19094.658400000026,19316.54,0.001931654,0.33,1.0,3.0,10 V,2.0,True,1
33.2836,0.011999999999999983,0.0001,0.4713282,39277.35000000005,40363.99999999999,0.0040364,0.22923134,19102.611666666693,19300.016,0.0019300016,0.33,1.0,3.0,10 V,2.0,True,1
33.3172,0.011499999999999982,0.0001,0.4517014,39278.382608695705,40363.99999999999,0.0040364,0.21964801,19099.826956521767,19286.554999999997,0.0019286555,0.33,1.0,3.0,10 V,2.0,True,1
33.3508,0.010999999999999982,0.0001,0.4321352,39285.01818181825,40363.99999999999,0.0040364,0.21010242,19100.22000000003,19290.275999999998,0.0019290276,0.33,1.0,3.0,10 V,2.0,True,1
33.3844,0.010499999999999982,0.0001,0.4126127,39296.447619047685,40363.99999999999,0.0040364,0.20059841,19104.610476190508,19262.150999999998,0.0019262151,0.33,1.0,3.0,10 V,2.0,True,1
33.4177,0.009999999999999981,0.0001,0.3930355,39303.550000000076,40473.99999999999,0.0040474,0.1910528,19105.280000000035,19269.319,0.0019269319,0.33,1.0,3.0,10 V,2.0,True,1
33.4513,0.00949999999999998,0.0001,0.3733153,39296.347368421135,40473.99999999999,0.0040474,0.18151996,19107.364210526357,19270.031,0.0019270031,0.33,1.0,3.0,10 V,2.0,True,1
33.4846,0.00899999999999998,0.0001,0.3537215,39302.38888888898,40254.0,0.0040254,0.17193332,19103.702222222266,19264.34,0.001926434,0.33,1.0,3.0,10 V,2.0,True,1
33.5181,0.00849999999999998,0.0001,0.3341333,39309.8000000001,40308.99999999999,0.0040309,0.16246979,19114.092941176517,19239.716999999997,0.0019239717,0.33,1.0,3.0,10 V,2.0,True,1
33.5516,0.00799999999999998,0.0001,0.3144845,39310.5625000001,40308.99999999999,0.0040309,0.15289812,19112.26500000005,19260.016999999996,0.0019260017,0.33,1.0,3.0,10 V,2.0,True,1
33.5848,0.007499999999999979,0.0001,0.2948578,39314.373333333446,40254.0,0.0040254,0.14329042,19105.389333333387,19212.522999999997,0.0019212523,0.33,1.0,3.0,10 V,2.0,True,1
33.6185,0.0069999999999999785,0.0001,0.275275,39325.00000000012,40254.0,0.0040254,0.13377476,19110.68000000006,19232.713999999996,0.0019232714,0.33,1.0,3.0,10 V,2.0,True,1
33.6518,0.006499999999999978,0.0001,0.2556483,39330.50769230782,40308.99999999999,0.0040309,0.12431398,19125.227692307755,19237.693,0.0019237693,0.33,1.0,3.0,10 V,2.0,True,1
33.6841,0.005999999999999978,0.0001,0.236005,39334.16666666682,40254.0,0.0040254,0.11468134,19113.55666666674,19225.6,0.00192256,0.33,1.0,3.0,10 V,2.0,True,1
33.7177,0.005499999999999977,0.0001,0.2163783,39341.509090909254,40198.99999999999,0.0040199,0.10515573,19119.223636363717,19223.739999999998,0.001922374,0.33,1.0,3.0,10 V,2.0,True,1
33.7512,0.004999999999999977,0.0001,0.1966744,39334.88000000019,40198.99999999999,0.0040199,0.095575508,19115.10160000009,19234.246,0.0019234246,0.33,1.0,3.0,10 V,2.0,True,1
33.7847,0.004499999999999976,0.0001,0.1770256,39339.02222222243,40144.0,0.0040144,0.086045291,19121.175777777877,19229.703999999998,0.0019229704,0.33,1.0,3.0,10 V,2.0,True,1
33.8181,0.003999999999999976,0.0001,0.1574154,39353.85000000024,40089.0,0.0040089,0.076507869,19126.967250000114,19196.545,0.0019196545,0.33,1.0,3.0,10 V,2.0,True,1
33.8517,0.003499999999999976,0.0001,0.1377062,39344.628571428846,40089.0,0.0040089,0.066927527,19122.150571428705,19211.21,0.001921121,0.33,1.0,3.0,10 V,2.0,True,1
33.8851,0.0029999999999999758,0.0001,0.1180739,39357.96666666698,40089.0,0.0040089,0.057382076,19127.35866666682,19185.493,0.0019185493,0.33,1.0,3.0,10 V,2.0,True,1
33.9187,0.0024999999999999758,0.0001,0.0984032,39361.280000000384,40089.0,0.0040089,0.047826433,19130.573200000188,19165.574999999997,0.0019165575,0.33,1.0,3.0,10 V,2.0,True,1
33.9521,0.0019999999999999758,0.0001,0.0787434,39371.70000000048,39979.0,0.0039979,0.038263258,19131.629000000234,19183.468,0.0019183468,0.33,1.0,3.0,10 V,2.0,True,1
33.9857,0.0014999999999999757,0.0001,0.0590782,39385.4666666673,40089.0,0.0040089,0.02868408,19122.72000000031,19172.853,0.0019172853,0.33,1.0,3.0,10 V,2.0,True,1
34.0192,0.0009999999999999757,0.0001,0.0393965,39396.50000000095,40089.0,0.0040089,0.019128439,19128.439000000464,19146.479,0.0019146479,0.33,1.0,3.0,10 V,2.0,True,1
34.0511,0.0004999999999999757,0.0001,0.0197422,39484.40000000192,40089.0,0.0040089,0.0095712312,19142.46240000093,19177.667999999998,0.0019177668,0.33,1.0,3.0,10 V,2.0,True,1
34.0847,-1e-05,0.0001,-0.000319,31900.0,40033.99999999999,0.0040034,-0.0001837901,18379.010000000002,19145.274999999998,0.0019145275,0.33,1.0,3.0,10 V,2.0,True,1
34.1182,-0.00051,0.0001,-0.0199952,39206.274509803916,39979.0,0.0039979,-0.0097540132,19125.51607843137,19128.641,0.0019128641,0.33,1.0,3.0,10 V,2.0,True,1
34.1532,-0.00101,0.0001,-0.0396494,39256.83168316832,39868.99999999999,0.0039869,-0.019327648,19136.28514851485,19120.324,0.0019120324,0.33,1.0,3.0,10 V,2.0,True,1
34.1868,-0.00151,0.0001,-0.0593202,39284.900662251646,39979.0,0.0039979,-0.028898336,19137.97086092715,19114.743,0.0019114743,0.33,1.0,3.0,10 V,2.0,True,1
34.2205,-0.00201,0.0001,-0.0790074,39307.164179104475,39814.0,0.0039814,-0.038464034,19136.335323383082,19094.880999999998,0.0019094881,0.33,1.0,3.0,10 V,2.0,True,1
34.2540,-0.00251,0.0001,-0.0986673,39309.681274900395,39924.0,0.0039924,-0.048028067,19134.688047808766,19075.456,0.0019075456,0.33,1.0,3.0,10 V,2.0,True,1
34.2875,-0.00301,0.0001,-0.1183546,39320.46511627907,39703.99999999999,0.0039704,-0.05760793,19138.847176079737,19077.753999999997,0.0019077754,0.33,1.0,3.0,10 V,2.0,True,1
34.3208,-0.00351,0.0001,-0.1380473,39329.7150997151,39814.0,0.0039814,-0.06718236,19140.2735042735,19095.045,0.0019095045,0.33,1.0,3.0,10 V,2.0,True,1
34.3545,-0.00401,0.0001,-0.15774,39336.65835411471,39814.0,0.0039814,-0.076766919,19143.87007481297,19060.135,0.0019060135,0.33,1.0,3.0,10 V,2.0,True,1
34.3880,-0.00451,0.0001,-0.1773668,39327.450110864746,39759.0,0.0039759,-0.086332971,19142.565631929047,19050.177,0.0019050177,0.33,1.0,3.0,10 V,2.0,True,1
34.4214,-0.0050100000000000006,0.0001,-0.197032,39327.744510978046,39703.99999999999,0.0039704,-0.095891096,19139.939321357284,19040.711,0.0019040711,0.33,1.0,3.0,10 V,2.0,True,1
34.4550,-0.005510000000000001,0.0001,-0.2167964,39345.98911070779,39703.99999999999,0.0039704,-0.10550299,19147.548094373862,19046.236999999997,0.0019046237,0.33,1.0,3.0,10 V,2.0,True,1
34.4887,-0.0060100000000000015,0.0001,-0.2364232,39338.30282861896,39759.0,0.0039759,-0.11506768,19146.036605657235,19023.529,0.0019023529,0.33,1.0,3.0,10 V,2.0,True,1
34.5233,-0.006510000000000002,0.0001,-0.2560719,39335.16129032257,39703.99999999999,0.0039704,-0.12466717,19150.10291858678,19017.127,0.0019017127,0.33,1.0,3.0,10 V,2.0,True,1
34.5566,-0.007010000000000002,0.0001,-0.2757757,39340.3281027104,39703.99999999999,0.0039704,-0.1342843,19156.105563480734,19016.033,0.0019016033,0.33,1.0,3.0,10 V,2.0,True,1
34.5901,-0.007510000000000003,0.0001,-0.2953859,39332.34354194406,39594.0,0.0039594,-0.14387315,19157.543275632484,18995.787999999997,0.0018995788,0.33,1.0,3.0,10 V,2.0,True,1
34.6238,-0.008010000000000003,0.0001,-0.3150181,39328.10237203495,39594.0,0.0039594,-0.15343592,19155.545568039943,18979.700999999997,0.0018979701,0.33,1.0,3.0,10 V,2.0,True,1
34.6573,-0.008510000000000004,0.0001,-0.3346889,39328.89541715627,39594.0,0.0039594,-0.16294881,19147.921269095175,18952.835,0.0018952835,0.33,1.0,3.0,10 V,2.0,True,1
34.6905,-0.009010000000000004,0.0001,-0.3543651,39330.1997780244,39538.99999999999,0.0039539,-0.17260639,19157.201997780237,18983.695,0.0018983695,0.33,1.0,3.0,10 V,2.0,True,1
34.7239,-0.009510000000000005,0.0001,-0.3740688,39334.25867507884,39484.0,0.0039484,-0.18216419,19155.014721345942,18946.98,0.001894698,0.33,1.0,3.0,10 V,2.0,True,1
34.7576,-0.010010000000000005,0.0001,-0.3937396,39334.62537462536,39484.0,0.0039484,-0.19185948,19166.78121878121,18963.997,0.0018963997,0.33,1.0,3.0,10 V,2.0,True,1
34.7910,-0.010510000000000005,0.0001,-0.413504,39343.862987630804,39594.0,0.0039594,-0.20153207,19175.268315889618,18944.189,0.0018944189,0.33,1.0,3.0,10 V,2.0,True,1
34.8247,-0.011010000000000006,0.0001,-0.4332077,39346.74841053585,39429.0,0.0039429,-0.21120462,19182.980926430508,18978.442,0.0018978442,0.33,1.0,3.0,10 V,2.0,True,1
34.8580,-0.011510000000000006,0.0001,-0.452796,39339.35708079928,39429.0,0.0039429,-0.22065817,19170.996524761063,18918.307999999997,0.0018918308,0.33,1.0,3.0,10 V,2.0,True,1
34.8918,-0.012010000000000007,0.0001,-0.4722413,39320.67443796834,39429.0,0.0039429,-0.23020264,19167.580349708565,18941.836,0.0018941836,0.33,1.0,3.0,10 V,2.0,True,1
34.9250,-0.012510000000000007,0.0001,-0.491989,39327.65787370102,39429.0,0.0039429,-0.23980423,19169.003197442034,18923.341999999997,0.0018923342,0.33,1.0,3.0,10 V,2.0,True,1
34.9586,-0.013010000000000008,0.0001,-0.5116542,39327.76325903149,39373.99999999999,0.0039374,-0.24947512,19175.643351268245,18921.974,0.0018921974,0.33,1.0,3.0,10 V,2.0,True,1
34.9923,-0.013510000000000008,0.0001,-0.5313415,39329.49666913395,39373.99999999999,0.0039374,-0.25919151,19185.159881569198,18923.177999999996,0.0018923178,0.33,1.0,3.0,10 V,2.0,True,1
35.0257,-0.014010000000000009,0.0001,-0.5509352,39324.4254104211,39373.99999999999,0.0039374,-0.26875871,19183.348322626684,18884.273999999998,0.0018884274,0.33,1.0,3.0,10 V,2.0,True,1
35.0590,-0.014510000000000009,0.0001,-0.5705289,39319.70365265332,39264.0,0.0039264,-0.27834589,19183.03859407304,18896.53,0.001889653,0.33,1.0,3.0,10 V,2.0,True,1
35.0926,-0.01501000000000001,0.0001,-0.5902272,39322.26515656226,39208.99999999999,0.0039209,-0.2879885,19186.44237175215,18915.845999999998,0.0018915846,0.33,1.0,3.0,10 V,2.0,True,1
35.1261,-0.01551000000000001,0.0001,-0.6096724,39308.3430045132,39208.99999999999,0.0039209,-0.29770266,19194.239845261112,18857.517,0.0018857517,0.33,1.0,3.0,10 V,2.0,True,1
35.1595,-0.01601000000000001,0.0001,-0.6294533,39316.25858838223,39154.0,0.0039154,-0.3072072,19188.457214241087,18857.134,0.0018857134,0.33,1.0,3.0,10 V,2.0,True,1
35.1930,-0.01651000000000001,0.0001,-0.6491625,39319.351907934564,39208.99999999999,0.0039209,-0.31691025,19195.048455481516,18873.275999999998,0.0018873276,0.33,1.0,3.0,10 V,2.0,True,1
35.2264,-0.01701000000000001,0.0001,-0.6687617,39315.79659024101,39154.0,0.0039154,-0.32645751,19192.093474426794,18846.025999999998,0.0018846026,0.33,1.0,3.0,10 V,2.0,True,1
35.2600,-0.01751000000000001,0.0001,-0.68824,39305.53969160476,39154.0,0.0039154,-0.33602305,19190.351227869774,18829.502,0.0018829502,0.33,1.0,3.0,10 V,2.0,True,1
35.2935,-0.018010000000000012,0.0001,-0.7078283,39301.96002220985,39045.0,0.0039045,-0.3457455,19197.418101054955,18803.948999999997,0.0018803949,0.33,1.0,3.0,10 V,2.0,True,1
35.3285,-0.018510000000000013,0.0001,-0.727367,39295.89411129116,39045.0,0.0039045,-0.35531215,19195.686115613167,18843.07,0.001884307,0.33,1.0,3.0,10 V,2.0,True,1
35.3605,-0.019010000000000013,0.0001,-0.7468893,39289.28458705942,39100.0,0.00391,-0.36490045,19195.184113624393,18820.09,0.001882009,0.33,1.0,3.0,10 V,2.0,True,1
35.3942,-0.019510000000000013,0.0001,-0.7664115,39283.00871348024,39100.0,0.00391,-0.37452088,19196.3546899026,18797.109,0.0018797109,0.33,1.0,3.0,10 V,2.0,True,1
35.4276,-0.020010000000000014,0.0001,-0.7857798,39269.35532233881,38934.99999999999,0.0038935,-0.38406312,19193.55922038979,18798.969999999998,0.001879897,0.33,1.0,3.0,10 V,2.0,True,1
35.4610,-0.020510000000000014,0.0001,-0.8052526,39261.462701121374,38879.99999999999,0.003888,-0.39368856,19194.956606533386,18786.219999999998,0.001878622,0.33,1.0,3.0,10 V,2.0,True,1
35.4945,-0.021010000000000015,0.0001,-0.8248243,39258.65302237027,39045.0,0.0039045,-0.40332451,19196.78772013326,18797.219,0.0018797219,0.33,1.0,3.0,10 V,2.0,True,1
35.5281,-0.021510000000000015,0.0001,-0.8444348,39257.77777777775,38934.99999999999,0.0038935,-0.41314678,19207.195722919558,18740.202999999998,0.0018740203,0.33,1.0,3.0,10 V,2.0,True,1
35.5617,-0.022010000000000016,0.0001,-0.864034,39256.42889595636,38825.0,0.0038825,-0.4227955,19209.24579736482,18772.76,0.001877276,0.33,1.0,3.0,10 V,2.0,True,1
35.5951,-0.022510000000000016,0.0001,-0.8835783,39252.70102176807,38825.0,0.0038825,-0.43240927,19209.65215459794,18758.916999999998,0.0018758917,0.33,1.0,3.0,10 V,2.0,True,1
35.6288,-0.023010000000000017,0.0001,-0.903106,39248.41373315946,38825.0,0.0038825,-0.4419066,19204.980443285513,18765.865999999998,0.0018765866,0.33,1.0,3.0,10 V,2.0,True,1
35.6622,-0.023510000000000017,0.0001,-0.9225293,39239.86814121647,38825.0,0.0038825,-0.45170612,19213.3611229264,18708.029,0.0018708029,0.33,1.0,3.0,10 V,2.0,True,1
35.6957,-0.024010000000000017,0.0001,-0.9422439,39243.81091211992,38825.0,0.0038825,-0.46121345,19209.22324031652,18737.576999999997,0.0018737577,0.33,1.0,3.0,10 V,2.0,True,1
35.7293,-0.024510000000000018,0.0001,-0.9618432,39242.88861689104,38769.99999999999,0.003877,-0.47116936,19223.556099551188,18702.557999999997,0.0018702558,0.33,1.0,3.0,10 V,2.0,True,1
35.7627,-0.02501000000000002,0.0001,-0.9813599,39238.70051979205,38660.0,0.003866,-0.48070884,19220.66533386644,18714.649999999998,0.001871465,0.33,1.0,3.0,10 V,2.0,True,1
35.7964,-0.02551000000000002,0.0001,-1.0005632,39222.39121912973,38660.0,0.003866,-0.49024775,19217.86554292433,18688.987999999998,0.0018688988,0.33,1.0,3.0,10 V,2.0,True,1
35.8299,-0.02601000000000002,0.0001,-1.0201955,39223.20261437906,38549.99999999999,0.003855,-0.50009219,19226.92003075739,18692.709,0.0018692709,0.33,1.0,3.0,10 V,2.0,True,1
35.8633,-0.02651000000000002,0.0001,-1.0397342,39220.4526593738,38549.99999999999,0.003855,-0.50931947,19212.352697095423,18698.945999999996,0.0018698946,0.33,1.0,3.0,10 V,2.0,True,1
35.8966,-0.02701000000000002,0.0001,-1.0591632,39213.74305812659,38605.0,0.0038605,-0.51915892,19220.989263235824,18642.204999999998,0.0018642205,0.33,1.0,3.0,10 V,2.0,True,1
35.9300,-0.02751000000000002,0.0001,-1.0784985,39203.87131952015,38440.0,0.003844,-0.52897397,19228.424936386757,18629.454999999998,0.0018629455,0.33,1.0,3.0,10 V,2.0,True,1
35.9636,-0.02801000000000002,0.0001,-1.0979712,39199.257408068515,38549.99999999999,0.003855,-0.53838257,19221.084255622976,18622.396999999997,0.0018622397,0.33,1.0,3.0,10 V,2.0,True,1
35.9972,-0.02851000000000002,0.0001,-1.1175155,39197.31673097156,38440.0,0.003844,-0.54811392,19225.321641529274,18624.367,0.0018624367,0.33,1.0,3.0,10 V,2.0,True,1
36.0305,-0.029010000000000022,0.0001,-1.1370213,39194.11582213027,38495.0,0.0038495,-0.55797055,19233.731471906223,18631.206,0.0018631206,0.33,1.0,3.0,10 V,2.0,True,1
36.0642,-0.029510000000000022,0.0001,-1.1564115,39187.106065740394,38384.99999999999,0.0038385,-0.56759874,19234.11521518128,18591.864999999998,0.0018591865,0.33,1.0,3.0,10 V,2.0,True,1
36.0976,-0.030010000000000023,0.0001,-1.1759448,39185.098300566446,38384.99999999999,0.0038385,-0.57710604,19230.45784738419,18598.978,0.0018598978,0.33,1.0,3.0,10 V,2.0,True,1
36.1310,-0.030510000000000023,0.0001,-1.1954615,39182.61225827594,38384.99999999999,0.0038385,-0.58695269,19238.042936742037,18576.269999999997,0.001857627,0.33,1.0,3.0,10 V,2.0,True,1
36.1645,-0.031010000000000024,0.0001,-1.2149178,39178.25862624957,38330.0,0.003833,-0.59652045,19236.389874234104,18608.225,0.0018608225,0.33,1.0,3.0,10 V,2.0,True,1
36.1982,-0.031510000000000024,0.0001,-1.2343411,39172.995874325585,38219.99999999999,0.003822,-0.606422,19245.3824182799,18569.212,0.0018569212,0.33,1.0,3.0,10 V,2.0,True,1
36.2314,-0.032010000000000025,0.0001,-1.2539569,39173.911277725674,38219.99999999999,0.003822,-0.61621432,19250.681661980616,18557.174,0.0018557174,0.33,1.0,3.0,10 V,2.0,True,1
36.2649,-0.032510000000000025,0.0001,-1.2732867,39166.00123039062,38165.0,0.0038165,-0.62587686,19251.825899723146,18554.109999999997,0.001855411,0.33,1.0,3.0,10 V,2.0,True,1
36.2985,-0.033010000000000025,0.0001,-1.292776,39163.16267797634,38110.0,0.003811,-0.63545901,19250.500151469238,18540.759,0.0018540759,0.33,1.0,3.0,10 V,2.0,True,1
36.3320,-0.033510000000000026,0.0001,-1.3122432,39159.7493285586,38054.99999999999,0.0038055,-0.64530012,19256.941808415384,18530.471999999998,0.0018530472,0.33,1.0,3.0,10 V,2.0,True,1
36.3655,-0.034010000000000026,0.0001,-1.3315675,39152.23463687148,38219.99999999999,0.003822,-0.65500704,19259.248456336354,18530.963999999996,0.0018530964,0.33,1.0,3.0,10 V,2.0,True,1
36.3988,-0.03451000000000003,0.0001,-1.3511503,39152.42828165746,38000.0,0.0038,-0.66468901,19260.7652854245,18511.047,0.0018511047,0.33,1.0,3.0,10 V,2.0,True,1
36.4324,-0.035,0.0001,-1.3705407,39158.305714285714,38000.0,0.0038,-0.67447078,19270.593714285715,18494.96,0.001849496,0.33,1.0,3.0,10 V,2.0,True,1
36.4657,-0.0345,0.0001,-1.3516287,39177.64347826086,38054.99999999999,0.0038055,-0.66493243,19273.40376811594,18499.556999999997,0.0018499557,0.33,1.0,3.0,10 V,2.0,True,1
36.4991,-0.034,0.0001,-1.3322549,39183.96764705882,38054.99999999999,0.0038055,-0.65567964,19284.695294117642,18485.658,0.0018485658,0.33,1.0,3.0,10 V,2.0,True,1
36.5326,-0.0335,0.0001,-1.3128482,39189.49850746268,38000.0,0.0038,-0.64596718,19282.6023880597,18471.87,0.001847187,0.33,1.0,3.0,10 V,2.0,True,1
36.5661,-0.033,0.0001,-1.2933149,39191.3606060606,38000.0,0.0038,-0.63614658,19277.16909090909,18506.998,0.0018506998,0.33,1.0,3.0,10 V,2.0,True,1
36.5998,-0.0325,0.0001,-1.2742161,39206.64923076923,37945.0,0.0037945,-0.62668476,19282.607999999997,18469.735999999997,0.0018469736,0.33,1.0,3.0,10 V,2.0,True,1
36.6332,-0.032,0.0001,-1.2548093,39212.790625,38000.0,0.0038,-0.61717969,19286.8653125,18486.752999999997,0.0018486753,0.33,1.0,3.0,10 V,2.0,True,1
36.6667,-0.0315,0.0001,-1.2355069,39222.44126984127,38054.99999999999,0.0038055,-0.6075415,19287.031746031746,18468.532,0.0018468532,0.33,1.0,3.0,10 V,2.0,True,1
36.7001,-0.031,0.0001,-1.2160232,39226.55483870967,37945.0,0.0037945,-0.59797099,19289.386774193546,18453.648999999998,0.0018453649,0.33,1.0,3.0,10 V,2.0,True,1
36.7338,-0.0305,0.0001,-1.1966164,39233.32459016393,38000.0,0.0038,-0.58862226,19299.09049180328,18468.038999999997,0.0018468039,0.33,1.0,3.0,10 V,2.0,True,1
36.7671,-0.03,0.0001,-1.1773581,39245.27,38054.99999999999,0.0038055,-0.57897025,19299.008333333335,18486.589,0.0018486589,0.33,1.0,3.0,10 V,2.0,True,1
36.8007,-0.0295,0.0001,-1.1577588,39246.061016949156,38000.0,0.0038,-0.569026,19289.016949152545,18459.449,0.0018459449,0.33,1.0,3.0,10 V,2.0,True,1
36.8341,-0.028999999999999998,0.0001,-1.1380276,39242.33103448276,38000.0,0.0038,-0.55933017,19287.247241379308,18485.822999999997,0.0018485823,0.33,1.0,3.0,10 V,2.0,True,1
36.8677,-0.028499999999999998,0.0001,-1.1185439,39247.15438596491,38000.0,0.0038,-0.54985613,19293.19754385965,18468.148999999998,0.0018468149,0.33,1.0,3.0,10 V,2.0,True,1
36.9012,-0.027999999999999997,0.0001,-1.0993845,39263.732142857145,38000.0,0.0038,-0.54032718,19297.399285714288,18494.303999999996,0.0018494304,0.33,1.0,3.0,10 V,2.0,True,1
36.9348,-0.027499999999999997,0.0001,-1.0800218,39273.520000000004,37945.0,0.0037945,-0.53088641,19304.960363636368,18499.720999999998,0.0018499721,0.33,1.0,3.0,10 V,2.0,True,1
36.9683,-0.026999999999999996,0.0001,-1.0603125,39270.83333333334,38000.0,0.0038,-0.52083016,19290.005925925932,18514.931999999997,0.0018514932,0.33,1.0,3.0,10 V,2.0,True,1
37.0016,-0.026499999999999996,0.0001,-1.0408341,39276.75849056605,38110.0,0.003811,-0.51143874,19299.575094339623,18498.680999999997,0.0018498681,0.33,1.0,3.0,10 V,2.0,True,1
37.0353,-0.025999999999999995,0.0001,-1.0214933,39288.203846153854,38110.0,0.003811,-0.50193698,19305.268461538464,18483.743,0.0018483743,0.33,1.0,3.0,10 V,2.0,True,1
37.0686,-0.025499999999999995,0.0001,-1.001938,39291.68627450981,38165.0,0.0038165,-0.49202822,19295.22431372549,18507.545,0.0018507545,0.33,1.0,3.0,10 V,2.0,True,1
37.1022,-0.024999999999999994,0.0001,-0.9824213,39296.85200000001,38000.0,0.0038,-0.48228468,19291.387200000005,18475.536,0.0018475536,0.33,1.0,3.0,10 V,2.0,True,1
37.1359,-0.024499999999999994,0.0001,-0.962833,39299.30612244899,38165.0,0.0038165,-0.47290602,19302.286530612248,18492.334,0.0018492334,0.33,1.0,3.0,10 V,2.0,True,1
37.1693,-0.023999999999999994,0.0001,-0.9434098,39308.741666666676,38054.99999999999,0.0038055,-0.4633671,19306.962500000005,18489.762,0.0018489762,0.33,1.0,3.0,10 V,2.0,True,1
37.2030,-0.023499999999999993,0.0001,-0.9238216,39311.55744680852,38054.99999999999,0.0038055,-0.45363631,19303.67276595745,18498.517,0.0018498517,0.33,1.0,3.0,10 V,2.0,True,1
37.2363,-0.022999999999999993,0.0001,-0.9042829,39316.64782608697,38165.0,0.0038165,-0.44392329,19301.01260869566,18518.105999999996,0.0018518106,0.33,1.0,3.0,10 V,2.0,True,1
37.2700,-0.022499999999999992,0.0001,-0.8848101,39324.89333333335,38165.0,0.0038165,-0.4341781,19296.804444444453,18504.042999999998,0.0018504043,0.33,1.0,3.0,10 V,2.0,True,1
37.3033,-0.021999999999999992,0.0001,-0.8651339,39324.268181818195,38110.0,0.003811,-0.42438744,19290.338181818188,18526.368,0.0018526368,0.33,1.0,3.0,10 V,2.0,True,1
37.3369,-0.02149999999999999,0.0001,-0.8454411,39322.84186046513,38219.99999999999,0.003822,-0.41470046,19288.3934883721,18516.245,0.0018516245,0.33,1.0,3.0,10 V,2.0,True,1
37.3705,-0.02099999999999999,0.0001,-0.8261606,39340.98095238097,38110.0,0.003811,-0.40549867,19309.460476190485,18535.889,0.0018535889,0.33,1.0,3.0,10 V,2.0,True,1
37.4037,-0.02049999999999999,0.0001,-0.8063964,39336.40975609758,38165.0,0.0038165,-0.3957119,19303.019512195133,18515.095999999998,0.0018515096,0.33,1.0,3.0,10 V,2.0,True,1
37.4374,-0.01999999999999999,0.0001,-0.7867642,39338.21000000002,38165.0,0.0038165,-0.38598,19299.000000000007,18553.179999999997,0.001855318,0.33,1.0,3.0,10 V,2.0,True,1
37.4707,-0.01949999999999999,0.0001,-0.7671924,39343.20000000002,38165.0,0.0038165,-0.37640172,19302.65230769232,18532.606,0.0018532606,0.33,1.0,3.0,10 V,2.0,True,1
37.5043,-0.01899999999999999,0.0001,-0.7474612,39340.06315789476,38165.0,0.0038165,-0.36665041,19297.390000000007,18529.541999999998,0.0018529542,0.33,1.0,3.0,10 V,2.0,True,1
37.5376,-0.01849999999999999,0.0001,-0.7280654,39354.88648648651,38275.0,0.0038275,-0.35710817,19303.144324324338,18564.725,0.0018564725,0.33,1.0,3.0,10 V,2.0,True,1
37.5711,-0.017999999999999988,0.0001,-0.7083727,39354.03888888891,38275.0,0.0038275,-0.34738236,19299.02000000001,18549.404,0.0018549404,0.33,1.0,3.0,10 V,2.0,True,1
37.6046,-0.017499999999999988,0.0001,-0.6888559,39363.19428571431,38330.0,0.003833,-0.33787727,19307.272571428584,18552.085,0.0018552085,0.33,1.0,3.0,10 V,2.0,True,1
37.6382,-0.016999999999999987,0.0001,-0.6692842,39369.65882352944,38219.99999999999,0.003822,-0.32823521,19307.95352941178,18549.459,0.0018549459,0.33,1.0,3.0,10 V,2.0,True,1
37.6717,-0.016499999999999987,0.0001,-0.6496684,39373.84242424246,38275.0,0.0038275,-0.31869128,19314.623030303046,18542.180999999997,0.0018542181,0.33,1.0,3.0,10 V,2.0,True,1
37.7053,-0.015999999999999986,0.0001,-0.6299812,39373.82500000003,38275.0,0.0038275,-0.30892502,19307.813750000016,18581.304,0.0018581304,0.33,1.0,3.0,10 V,2.0,True,1
37.7389,-0.015499999999999986,0.0001,-0.6103543,39377.69677419358,38440.0,0.003844,-0.29929682,19309.472258064532,18590.222999999998,0.0018590223,0.33,1.0,3.0,10 V,2.0,True,1
37.7723,-0.014999999999999986,0.0001,-0.5907166,39381.10666666671,38219.99999999999,0.003822,-0.28954385,19302.92333333335,18553.07,0.001855307,0.33,1.0,3.0,10 V,2.0,True,1
37.8057,-0.014499999999999985,0.0001,-0.5709799,39377.92413793108,38275.0,0.0038275,-0.27980199,19296.68896551726,18584.751,0.0018584751,0.33,1.0,3.0,10 V,2.0,True,1
37.8391,-0.013999999999999985,0.0001,-0.5513861,39384.72142857147,38384.99999999999,0.0038385,-0.27022313,19301.65214285716,18613.149999999998,0.001861315,0.33,1.0,3.0,10 V,2.0,True,1
37.8724,-0.013499999999999984,0.0001,-0.5317044,39385.511111111155,38384.99999999999,0.0038385,-0.26049512,19295.93481481484,18614.408,0.0018614408,0.33,1.0,3.0,10 V,2.0,True,1
37.9058,-0.012999999999999984,0.0001,-0.5121326,39394.81538461544,38549.99999999999,0.003855,-0.25088852,19299.11692307695,18606.747999999996,0.0018606748,0.33,1.0,3.0,10 V,2.0,True,1
37.9395,-0.012499999999999983,0.0001,-0.4924674,39397.39200000005,38440.0,0.003844,-0.24127307,19301.845600000026,18616.541999999998,0.0018616542,0.33,1.0,3.0,10 V,2.0,True,1
37.9729,-0.011999999999999983,0.0001,-0.4727912,39399.26666666672,38384.99999999999,0.0038385,-0.23156891,19297.409166666694,18599.853,0.0018599853,0.33,1.0,3.0,10 V,2.0,True,1
38.0063,-0.011499999999999982,0.0001,-0.4530929,39399.38260869571,38605.0,0.0038605,-0.22192463,19297.793913043508,18617.746,0.0018617746,0.33,1.0,3.0,10 V,2.0,True,1
38.0400,-0.010999999999999982,0.0001,-0.4334332,39403.01818181825,38440.0,0.003844,-0.21228921,19299.01909090912,18634.160999999996,0.0018634161,0.33,1.0,3.0,10 V,2.0,True,1
38.0733,-0.010499999999999982,0.0001,-0.4138175,39411.19047619054,38549.99999999999,0.003855,-0.20263662,19298.725714285745,18627.157,0.0018627157,0.33,1.0,3.0,10 V,2.0,True,1
38.1069,-0.009999999999999981,0.0001,-0.394141,39414.10000000008,38495.0,0.0038495,-0.19303612,19303.612000000037,18640.289,0.0018640289,0.33,1.0,3.0,10 V,2.0,True,1
38.1404,-0.00949999999999998,0.0001,-0.3744318,39413.87368421061,38495.0,0.0038495,-0.18342288,19307.67157894741,18663.763,0.0018663763,0.33,1.0,3.0,10 V,2.0,True,1
38.1740,-0.00899999999999998,0.0001,-0.3547116,39412.40000000009,38605.0,0.0038605,-0.17376362,19307.068888888934,18668.852,0.0018668852,0.33,1.0,3.0,10 V,2.0,True,1
38.2074,-0.00849999999999998,0.0001,-0.3349968,39411.38823529421,38605.0,0.0038605,-0.16406611,19301.89529411769,18674.925,0.0018674925,0.33,1.0,3.0,10 V,2.0,True,1
38.2410,-0.00799999999999998,0.0001,-0.3153921,39424.012500000106,38495.0,0.0038495,-0.15439685,19299.60625000005,18677.660999999996,0.0018677661,0.33,1.0,3.0,10 V,2.0,True,1
38.2744,-0.007499999999999979,0.0001,-0.2956664,39422.18666666678,38660.0,0.003866,-0.1447365,19298.20000000005,18686.799,0.0018686799,0.33,1.0,3.0,10 V,2.0,True,1
38.3079,-0.0069999999999999785,0.0001,-0.2759681,39424.0142857144,38660.0,0.003866,-0.13509385,19299.121428571485,18682.257999999998,0.0018682258,0.33,1.0,3.0,10 V,2.0,True,1
38.3415,-0.006499999999999978,0.0001,-0.2563359,39436.29230769244,38549.99999999999,0.003855,-0.12544236,19298.82461538468,18666.662999999997,0.0018666663,0.33,1.0,3.0,10 V,2.0,True,1
38.3736,-0.005999999999999978,0.0001,-0.2366102,39435.03333333348,38769.99999999999,0.003877,-0.11579527,19299.21166666674,18697.632999999998,0.0018697633,0.33,1.0,3.0,10 V,2.0,True,1
38.4071,-0.005499999999999977,0.0001,-0.2168734,39431.527272727435,38660.0,0.003866,-0.10610407,19291.64909090917,18732.707,0.0018732707,0.33,1.0,3.0,10 V,2.0,True,1
38.4405,-0.004999999999999977,0.0001,-0.197043,39408.60000000018,38660.0,0.003866,-0.096436798,19287.35960000009,18688.057999999997,0.0018688058,0.33,1.0,3.0,10 V,2.0,True,1
38.4741,-0.004499999999999976,0.0001,-0.1773503,39411.17777777798,38660.0,0.003866,-0.086784636,19285.474666666767,18715.415999999997,0.0018715416,0.33,1.0,3.0,10 V,2.0,True,1
38.5077,-0.003999999999999976,0.0001,-0.1576795,39419.87500000023,38769.99999999999,0.003877,-0.077168571,19292.142750000115,18733.363999999998,0.0018733364,0.33,1.0,3.0,10 V,2.0,True,1
38.5414,-0.003499999999999976,0.0001,-0.1379978,39427.94285714313,38769.99999999999,0.003877,-0.067527907,19293.687714285847,18731.777,0.0018731777,0.33,1.0,3.0,10 V,2.0,True,1
38.5748,-0.0029999999999999758,0.0001,-0.1182941,39431.36666666698,38769.99999999999,0.003877,-0.057909834,19303.278000000155,18362.270999999997,0.0018362271,0.33,1.0,3.0,10 V,2.0,True,1
38.6083,-0.0024999999999999758,0.0001,-0.0985739,39429.56000000038,38879.99999999999,0.003888,-0.048246946,19298.77840000019,18749.779,0.0018749779,0.33,1.0,3.0,10 V,2.0,True,1
