Tiempo (min),I pulso (mA),I bias (mA),Vinst 1 (V),Rinst 1 (Ohm),Rrem 1 (Ohm),Vbias 1 (V),Vinst 2 (V),Rinst 2 (Ohm),Rrem 2 (Ohm),Vbias 2 (V),Ancho pulso (s),Periodo (s),Vcc (V),Vrange,NPLC,Ch2?,N bias
0.0296,1e-05,0.001,0.0003959,39590.0,39764.9,0.0397649,0.0001801074,18010.739999999998,19396.502,0.019396502,0.5,1.0,20.0,10 V,2.0,True,1
0.0615,0.00101,0.001,0.0401719,39774.158415841586,39770.4,0.0397704,0.019587691,19393.753465346534,19397.831000000002,0.019397831,0.5,1.0,20.0,10 V,2.0,True,1
0.0950,0.00201,0.001,0.0799313,39766.815920398,39786.9,0.0397869,0.039002595,19404.276119402984,19396.945,0.019396945,0.5,1.0,20.0,10 V,2.0,True,1
0.1286,0.00301,0.001,0.1197072,39769.83388704319,39775.9,0.0397759,0.058393407,19399.802990033222,19397.942000000003,0.019397942,0.5,1.0,20.0,10 V,2.0,True,1
0.1621,0.00401,0.001,0.1594831,39771.34663341646,39775.9,0.0397759,0.077814905,19405.213216957607,19395.339000000004,0.019395339,0.5,1.0,20.0,10 V,2.0,True,1
0.1957,0.00501,0.001,0.1992095,39762.375249501005,39775.9,0.0397759,0.097210142,19403.221956087826,19398.108,0.019398108,0.5,1.0,20.0,10 V,2.0,True,1
0.2293,0.00601,0.001,0.2389911,39765.57404326124,39786.9,0.0397869,0.11660786,19402.30615640599,19399.548,0.019399548,0.5,1.0,20.0,10 V,2.0,True,1
0.2641,0.00701,0.001,0.2787285,39761.55492154066,39803.4,0.0398034,0.13604208,19406.85877318117,19396.557,0.019396557,0.5,1.0,20.0,10 V,2.0,True,1
0.2977,0.00801,0.001,0.3184165,39752.37203495631,39792.4,0.0397924,0.15538114,19398.394506866418,19394.176,0.019394176,0.5,1.0,20.0,10 V,2.0,True,1
0.3129,0.00801,0.001,0.3184165,39752.37203495631,39781.4,0.0397814,0.15538114,19398.394506866418,19393.567000000003,0.019393567,0.5,1.0,20.0,10 V,2.0,True,1
0.3296,0.00801,0.001,0.3184165,39752.37203495631,39786.9,0.0397869,0.15538114,19398.394506866418,19398.053,0.019398053,0.5,1.0,20.0,10 V,2.0,True,1
0.3463,0.00801,0.001,0.3184165,39752.37203495631,39786.9,0.0397869,0.15538114,19398.394506866418,19399.16,0.01939916,0.5,1.0,20.0,10 V,2.0,True,1
0.3630,0.00801,0.001,0.3184165,39752.37203495631,39786.9,0.0397869,0.15538114,19398.394506866418,19401.874,0.019401874,0.5,1.0,20.0,10 V,2.0,True,1
0.3797,0.00801,0.001,0.3184165,39752.37203495631,39764.9,0.0397649,0.15538114,19398.394506866418,19401.819000000003,0.019401819,0.5,1.0,20.0,10 V,2.0,True,1
0.3964,0.00801,0.001,0.3184165,39752.37203495631,39759.4,0.0397594,0.15538114,19398.394506866418,19400.157000000003,0.019400157,0.5,1.0,20.0,10 V,2.0,True,1
0.4316,0.00901,0.001,0.3580659,39740.943396226416,39803.4,0.0398034,0.17471853,19391.62375138735,19403.425,0.019403425,0.5,1.0,20.0,10 V,2.0,True,1
0.4651,0.010010000000000002,0.001,0.3977373,39733.996003996,39786.9,0.0397869,0.19412302,19392.90909090909,19396.834000000003,0.019396834,0.5,1.0,20.0,10 V,2.0,True,1
0.4988,0.011010000000000002,0.001,0.4374199,39729.32788374204,39797.9,0.0397979,0.21341773,19383.99000908265,19393.511,0.019393511,0.5,1.0,20.0,10 V,2.0,True,1
0.5322,0.012010000000000003,0.001,0.4770309,39719.475437135705,39808.9,0.0398089,0.23275792,19380.343047460443,19393.013000000003,0.019393013,0.5,1.0,20.0,10 V,2.0,True,1
0.5659,0.013010000000000004,0.001,0.5166253,39709.86164488853,39797.9,0.0397979,0.25211583,19378.61875480399,19393.954,0.019393954,0.5,1.0,20.0,10 V,2.0,True,1
0.5993,0.014010000000000005,0.001,0.5560548,39689.85010706636,39803.4,0.0398034,0.27135285,19368.51177730192,19399.050000000003,0.01939905,0.5,1.0,20.0,10 V,2.0,True,1
0.6327,0.015010000000000006,0.001,0.5955887,39679.46035976014,39819.9,0.0398199,0.2906143,19361.379080612915,19424.194,0.019424194,0.5,1.0,20.0,10 V,2.0,True,1
0.6661,0.016010000000000007,0.001,0.6348755,39654.93441598999,39808.9,0.0398089,0.30962123,19339.239850093683,19372.576,0.019372576,0.5,1.0,20.0,10 V,2.0,True,1
0.6997,0.017010000000000008,0.001,0.674327,39642.97472075248,39803.4,0.0398034,0.32883831,19332.058201058193,19378.225,0.019378225,0.5,1.0,20.0,10 V,2.0,True,1
0.7332,0.01801000000000001,0.001,0.7136244,39623.78678511936,39792.4,0.0397924,0.34813134,19329.89117157134,19369.086000000003,0.019369086,0.5,1.0,20.0,10 V,2.0,True,1
0.7668,0.01901000000000001,0.001,0.7530099,39611.25197264596,39792.4,0.0397924,0.36726082,19319.34876380851,19376.730000000003,0.01937673,0.5,1.0,20.0,10 V,2.0,True,1
0.8003,0.02001000000000001,0.001,0.7923404,39597.22138930533,39946.4,0.0399464,0.38652224,19316.453773113433,19500.183,0.019500183,0.5,1.0,20.0,10 V,2.0,True,1
0.8340,0.02101000000000001,0.001,0.8341235,39701.26130414087,39885.9,0.0398859,0.40779317,19409.479771537353,19456.318,0.019456318,0.5,1.0,20.0,10 V,2.0,True,1
0.8673,0.022010000000000012,0.001,0.8726678,39648.69604725123,39891.4,0.0398914,0.42662322,19383.154020899583,19455.542,0.019455542,0.5,1.0,20.0,10 V,2.0,True,1
0.9008,0.023010000000000013,0.001,0.9121193,39640.126032159904,39891.4,0.0398914,0.44584861,19376.297696653615,19444.632,0.019444632,0.5,1.0,20.0,10 V,2.0,True,1
0.9343,0.024010000000000014,0.001,0.9514553,39627.459391920005,39891.4,0.0398914,0.4650951,19370.891295293615,19443.856,0.019443856,0.5,1.0,20.0,10 V,2.0,True,1
0.9678,0.025010000000000015,0.001,0.9906538,39610.307876849234,39880.40000000001,0.0398804,0.48427059,19363.078368652525,19434.884000000002,0.019434884,0.5,1.0,20.0,10 V,2.0,True,1
1.0013,0.026010000000000016,0.001,1.0300943,39603.7793156478,39891.4,0.0398914,0.50361465,19362.347174163773,19437.819,0.019437819,0.5,1.0,20.0,10 V,2.0,True,1
1.0350,0.027010000000000017,0.001,1.0691225,39582.4694557571,39902.4,0.0399024,0.52269087,19351.75379489077,19440.478000000003,0.019440478,0.5,1.0,20.0,10 V,2.0,True,1
1.0684,0.028010000000000018,0.001,1.1086399,39580.14637629416,39896.9,0.0398969,0.54195785,19348.727240271317,19436.047000000002,0.019436047,0.5,1.0,20.0,10 V,2.0,True,1
1.1019,0.02901000000000002,0.001,1.1477779,39564.90520510166,39918.9,0.0399189,0.56113836,19342.928645294713,19434.939,0.019434939,0.5,1.0,20.0,10 V,2.0,True,1
1.1350,0.03001000000000002,0.001,1.1869214,39550.86304565142,39907.9,0.0399079,0.58017246,19332.637787404186,19437.099000000002,0.019437099,0.5,1.0,20.0,10 V,2.0,True,1
1.1687,0.03101000000000002,0.001,1.2261914,39541.805869074466,39902.4,0.0399024,0.59967123,19337.99516285068,19440.699,0.019440699,0.5,1.0,20.0,10 V,2.0,True,1
1.2021,0.03201000000000002,0.001,1.2653572,39530.059356451085,39918.9,0.0399189,0.61876963,19330.51015307715,19436.49,0.01943649,0.5,1.0,20.0,10 V,2.0,True,1
1.2356,0.03301000000000002,0.001,1.3043138,39512.68706452588,39913.4,0.0399134,0.63754754,19313.769766737343,19436.767,0.019436767,0.5,1.0,20.0,10 V,2.0,True,1
1.2508,0.03301000000000002,0.001,1.3043138,39512.68706452588,39891.4,0.0398914,0.63754754,19313.769766737343,19426.798,0.019426798,0.5,1.0,20.0,10 V,2.0,True,1
1.2676,0.03301000000000002,0.001,1.3043138,39512.68706452588,39885.9,0.0398859,0.63754754,19313.769766737343,19433.942,0.019433942,0.5,1.0,20.0,10 V,2.0,True,1
1.2845,0.03301000000000002,0.001,1.3043138,39512.68706452588,39880.40000000001,0.0398804,0.63754754,19313.769766737343,19421.868,0.019421868,0.5,1.0,20.0,10 V,2.0,True,1
1.3011,0.03301000000000002,0.001,1.3043138,39512.68706452588,39863.9,0.0398639,0.63754754,19313.769766737343,19425.69,0.01942569,0.5,1.0,20.0,10 V,2.0,True,1
1.3179,0.03301000000000002,0.001,1.3043138,39512.68706452588,39858.4,0.0398584,0.63754754,19313.769766737343,19412.896,0.019412896,0.5,1.0,20.0,10 V,2.0,True,1
1.3346,0.03301000000000002,0.001,1.3043138,39512.68706452588,39869.4,0.0398694,0.63754754,19313.769766737343,19421.813000000002,0.019421813,0.5,1.0,20.0,10 V,2.0,True,1
1.3513,0.03301000000000002,0.001,1.3043138,39512.68706452588,39858.4,0.0398584,0.63754754,19313.769766737343,19426.244,0.019426244,0.5,1.0,20.0,10 V,2.0,True,1
1.3682,0.03301000000000002,0.001,1.3043138,39512.68706452588,39869.4,0.0398694,0.63754754,19313.769766737343,19427.019,0.019427019,0.5,1.0,20.0,10 V,2.0,True,1
1.3848,0.03301000000000002,0.001,1.3043138,39512.68706452588,39869.4,0.0398694,0.63754754,19313.769766737343,19431.007,0.019431007,0.5,1.0,20.0,10 V,2.0,True,1
1.4016,0.03301000000000002,0.001,1.3043138,39512.68706452588,39863.9,0.0398639,0.63754754,19313.769766737343,19425.634000000002,0.019425634,0.5,1.0,20.0,10 V,2.0,True,1
1.4183,0.03301000000000002,0.001,1.3043138,39512.68706452588,39863.9,0.0398639,0.63754754,19313.769766737343,19424.693,0.019424693,0.5,1.0,20.0,10 V,2.0,True,1
1.4350,0.03301000000000002,0.001,1.3043138,39512.68706452588,39858.4,0.0398584,0.63754754,19313.769766737343,19420.816000000003,0.019420816,0.5,1.0,20.0,10 V,2.0,True,1
1.4520,0.03301000000000002,0.001,1.3043138,39512.68706452588,39852.9,0.0398529,0.63754754,19313.769766737343,19418.656,0.019418656,0.5,1.0,20.0,10 V,2.0,True,1
1.4685,0.03301000000000002,0.001,1.3043138,39512.68706452588,39852.9,0.0398529,0.63754754,19313.769766737343,19424.028000000002,0.019424028,0.5,1.0,20.0,10 V,2.0,True,1
1.4852,0.03301000000000002,0.001,1.3043138,39512.68706452588,39847.4,0.0398474,0.63754754,19313.769766737343,19423.363999999998,0.019423364,0.5,1.0,20.0,10 V,2.0,True,1
1.5021,0.03301000000000002,0.001,1.3043138,39512.68706452588,39852.9,0.0398529,0.63754754,19313.769766737343,19422.367000000002,0.019422367,0.5,1.0,20.0,10 V,2.0,True,1
1.5186,0.03301000000000002,0.001,1.3043138,39512.68706452588,39852.9,0.0398529,0.63754754,19313.769766737343,19415.444000000003,0.019415444,0.5,1.0,20.0,10 V,2.0,True,1
1.5354,0.03301000000000002,0.001,1.3043138,39512.68706452588,39852.9,0.0398529,0.63754754,19313.769766737343,19422.976000000002,0.019422976,0.5,1.0,20.0,10 V,2.0,True,1
1.5522,0.03301000000000002,0.001,1.3043138,39512.68706452588,39858.4,0.0398584,0.63754754,19313.769766737343,19419.21,0.01941921,0.5,1.0,20.0,10 V,2.0,True,1
1.5689,0.03301000000000002,0.001,1.3043138,39512.68706452588,39836.4,0.0398364,0.63754754,19313.769766737343,19416.053,0.019416053,0.5,1.0,20.0,10 V,2.0,True,1
1.5857,0.03301000000000002,0.001,1.3043138,39512.68706452588,39847.4,0.0398474,0.63754754,19313.769766737343,19412.619,0.019412619,0.5,1.0,20.0,10 V,2.0,True,1
1.6023,0.03301000000000002,0.001,1.3043138,39512.68706452588,39858.4,0.0398584,0.63754754,19313.769766737343,19414.779000000002,0.019414779,0.5,1.0,20.0,10 V,2.0,True,1
1.6191,0.03301000000000002,0.001,1.3043138,39512.68706452588,39863.9,0.0398639,0.63754754,19313.769766737343,19421.536,0.019421536,0.5,1.0,20.0,10 V,2.0,True,1
1.6358,0.03301000000000002,0.001,1.3043138,39512.68706452588,39869.4,0.0398694,0.63754754,19313.769766737343,19424.305,0.019424305,0.5,1.0,20.0,10 V,2.0,True,1
1.6526,0.03301000000000002,0.001,1.3043138,39512.68706452588,39863.9,0.0398639,0.63754754,19313.769766737343,19430.73,0.01943073,0.5,1.0,20.0,10 V,2.0,True,1
1.6694,0.03301000000000002,0.001,1.3043138,39512.68706452588,39852.9,0.0398529,0.63754754,19313.769766737343,19430.287,0.019430287,0.5,1.0,20.0,10 V,2.0,True,1
1.6860,0.03301000000000002,0.001,1.3043138,39512.68706452588,39858.4,0.0398584,0.63754754,19313.769766737343,19424.361,0.019424361,0.5,1.0,20.0,10 V,2.0,True,1
1.7030,0.03301000000000002,0.001,1.3043138,39512.68706452588,39869.4,0.0398694,0.63754754,19313.769766737343,19428.182,0.019428182,0.5,1.0,20.0,10 V,2.0,True,1
1.7197,0.03301000000000002,0.001,1.3043138,39512.68706452588,39858.4,0.0398584,0.63754754,19313.769766737343,19423.751,0.019423751,0.5,1.0,20.0,10 V,2.0,True,1
1.7365,0.03301000000000002,0.001,1.3043138,39512.68706452588,39863.9,0.0398639,0.63754754,19313.769766737343,19427.739,0.019427739,0.5,1.0,20.0,10 V,2.0,True,1
1.7530,0.03301000000000002,0.001,1.3043138,39512.68706452588,39863.9,0.0398639,0.63754754,19313.769766737343,19429.456000000002,0.019429456,0.5,1.0,20.0,10 V,2.0,True,1
1.7699,0.03301000000000002,0.001,1.3043138,39512.68706452588,39858.4,0.0398584,0.63754754,19313.769766737343,19425.247,0.019425247,0.5,1.0,20.0,10 V,2.0,True,1
1.7867,0.03301000000000002,0.001,1.3043138,39512.68706452588,39858.4,0.0398584,0.63754754,19313.769766737343,19426.244,0.019426244,0.5,1.0,20.0,10 V,2.0,True,1
1.8034,0.03301000000000002,0.001,1.3043138,39512.68706452588,39863.9,0.0398639,0.63754754,19313.769766737343,19426.908,0.019426908,0.5,1.0,20.0,10 V,2.0,True,1
1.8201,0.03301000000000002,0.001,1.3043138,39512.68706452588,39858.4,0.0398584,0.63754754,19313.769766737343,19420.982,0.019420982,0.5,1.0,20.0,10 V,2.0,True,1
1.8368,0.03301000000000002,0.001,1.3043138,39512.68706452588,39858.4,0.0398584,0.63754754,19313.769766737343,19424.97,0.01942497,0.5,1.0,20.0,10 V,2.0,True,1
1.8537,0.03301000000000002,0.001,1.3043138,39512.68706452588,39858.4,0.0398584,0.63754754,19313.769766737343,19421.093,0.019421093,0.5,1.0,20.0,10 V,2.0,True,1
1.8705,0.03301000000000002,0.001,1.3043138,39512.68706452588,39858.4,0.0398584,0.63754754,19313.769766737343,19425.634000000002,0.019425634,0.5,1.0,20.0,10 V,2.0,True,1
1.8872,0.03301000000000002,0.001,1.3043138,39512.68706452588,39847.4,0.0398474,0.63754754,19313.769766737343,19428.459,0.019428459,0.5,1.0,20.0,10 V,2.0,True,1
1.9041,0.03301000000000002,0.001,1.3043138,39512.68706452588,39852.9,0.0398529,0.63754754,19313.769766737343,19424.914,0.019424914,0.5,1.0,20.0,10 V,2.0,True,1
1.9210,0.03301000000000002,0.001,1.3043138,39512.68706452588,39858.4,0.0398584,0.63754754,19313.769766737343,19430.065000000002,0.019430065,0.5,1.0,20.0,10 V,2.0,True,1
1.9377,0.03301000000000002,0.001,1.3043138,39512.68706452588,39847.4,0.0398474,0.63754754,19313.769766737343,19427.241,0.019427241,0.5,1.0,20.0,10 V,2.0,True,1
1.9545,0.03301000000000002,0.001,1.3043138,39512.68706452588,39852.9,0.0398529,0.63754754,19313.769766737343,19417.659,0.019417659,0.5,1.0,20.0,10 V,2.0,True,1
1.9714,0.03301000000000002,0.001,1.3043138,39512.68706452588,39847.4,0.0398474,0.63754754,19313.769766737343,19420.705,0.019420705,0.5,1.0,20.0,10 V,2.0,True,1
1.9881,0.03301000000000002,0.001,1.3043138,39512.68706452588,39847.4,0.0398474,0.63754754,19313.769766737343,19416.662,0.019416662,0.5,1.0,20.0,10 V,2.0,True,1
2.0049,0.03301000000000002,0.001,1.3043138,39512.68706452588,39852.9,0.0398529,0.63754754,19313.769766737343,19421.093,0.019421093,0.5,1.0,20.0,10 V,2.0,True,1
2.0217,0.03301000000000002,0.001,1.3043138,39512.68706452588,39852.9,0.0398529,0.63754754,19313.769766737343,19418.158000000003,0.019418158,0.5,1.0,20.0,10 V,2.0,True,1
2.0382,0.03301000000000002,0.001,1.3043138,39512.68706452588,39858.4,0.0398584,0.63754754,19313.769766737343,19429.511000000002,0.019429511,0.5,1.0,20.0,10 V,2.0,True,1
2.0550,0.03301000000000002,0.001,1.3043138,39512.68706452588,39863.9,0.0398639,0.63754754,19313.769766737343,19432.115,0.019432115,0.5,1.0,20.0,10 V,2.0,True,1
2.0903,0.03401000000000002,0.001,1.3444911,39532.228756248136,39913.4,0.0399134,0.65765959,19337.24169361951,19428.459,0.019428459,0.5,1.0,20.0,10 V,2.0,True,1
2.1237,0.03501000000000002,0.001,1.3833104,39511.86518137673,39918.9,0.0399189,0.67674582,19330.071979434437,19436.933,0.019436933,0.5,1.0,20.0,10 V,2.0,True,1
2.1571,0.03601000000000002,0.001,1.4223769,39499.4973618439,39918.9,0.0399189,0.69557253,19316.09358511523,19434.828,0.019434828,0.5,1.0,20.0,10 V,2.0,True,1
2.1906,0.03701000000000002,0.001,1.4613389,39484.9743312618,39929.9,0.0399299,0.71472141,19311.575520129685,19432.945,0.019432945,0.5,1.0,20.0,10 V,2.0,True,1
2.2242,0.03801000000000002,0.001,1.5006035,39479.17653249142,39935.4,0.0399354,0.73376435,19304.508024204144,19434.828,0.019434828,0.5,1.0,20.0,10 V,2.0,True,1
2.2577,0.039010000000000024,0.001,1.5398295,39472.6864906434,39946.4,0.0399464,0.75340232,19313.056139451408,19439.093,0.019439093,0.5,1.0,20.0,10 V,2.0,True,1
2.2912,0.040010000000000025,0.001,1.5785937,39454.97875531115,39946.4,0.0399464,0.7720904,19297.435641089713,19436.656000000003,0.019436656,0.5,1.0,20.0,10 V,2.0,True,1
2.3246,0.041010000000000026,0.001,1.6178362,39449.797610338916,39951.9,0.0399519,0.79146551,19299.32967568884,19432.779000000002,0.019432779,0.5,1.0,20.0,10 V,2.0,True,1
2.3580,0.042010000000000026,0.001,1.6569027,39440.67364913114,39962.9,0.0399629,0.81058334,19295.009283503914,19435.382,0.019435382,0.5,1.0,20.0,10 V,2.0,True,1
2.3913,0.04301000000000003,0.001,1.6954414,39419.70239479188,39968.4,0.0399684,0.82969562,19290.760753313167,19437.431000000004,0.019437431,0.5,1.0,20.0,10 V,2.0,True,1
2.4250,0.04401000000000003,0.001,1.7346729,39415.42603953645,39984.9,0.0399849,0.84889882,19288.77118836627,19429.678,0.019429678,0.5,1.0,20.0,10 V,2.0,True,1
2.4584,0.04501000000000003,0.001,1.7737834,39408.65141079757,39968.4,0.0399684,0.86842753,19294.101977338356,19417.327,0.019417327,0.5,1.0,20.0,10 V,2.0,True,1
2.4918,0.04601000000000003,0.001,1.8125972,39395.72266898498,39979.4,0.0399794,0.88737734,19286.618995870453,19432.391,0.019432391,0.5,1.0,20.0,10 V,2.0,True,1
2.5252,0.04701000000000003,0.001,1.8517682,39390.94235269089,39995.9,0.0399959,0.90676631,19288.796213571568,19433.056,0.019433056,0.5,1.0,20.0,10 V,2.0,True,1
2.5587,0.04801000000000003,0.001,1.8910272,39388.19412622368,39995.9,0.0399959,0.92639259,19295.825661320545,19435.105000000003,0.019435105,0.5,1.0,20.0,10 V,2.0,True,1
2.5921,0.04901000000000003,0.001,1.9299838,39379.38788002446,39995.9,0.0399959,0.94537292,19289.388288104456,19425.745000000003,0.019425745,0.5,1.0,20.0,10 V,2.0,True,1
2.6256,0.05,0.001,1.9686763,39373.526,40017.9,0.0400179,0.96405211,19281.0422,19433.001,0.019433001,0.5,1.0,20.0,10 V,2.0,True,1
2.6590,0.049,0.001,1.9301047,39389.89183673469,40017.9,0.0400179,0.94501416,19286.00326530612,19437.431000000004,0.019437431,0.5,1.0,20.0,10 V,2.0,True,1
2.6927,0.048,0.001,1.8917201,39410.83541666666,40017.9,0.0400179,0.92605989,19292.914375,19433.555000000004,0.019433555,0.5,1.0,20.0,10 V,2.0,True,1
2.7263,0.047,0.001,1.8525986,39416.9914893617,40028.9,0.0400289,0.906697,19291.42553191489,19437.376,0.019437376,0.5,1.0,20.0,10 V,2.0,True,1
2.7415,0.047,0.001,1.8525986,39416.9914893617,39968.4,0.0399684,0.906697,19291.42553191489,19429.733,0.019429733,0.5,1.0,20.0,10 V,2.0,True,1
2.7582,0.047,0.001,1.8525986,39416.9914893617,39962.9,0.0399629,0.906697,19291.42553191489,19425.69,0.01942569,0.5,1.0,20.0,10 V,2.0,True,1
2.7749,0.047,0.001,1.8525986,39416.9914893617,39962.9,0.0399629,0.906697,19291.42553191489,19428.293,0.019428293,0.5,1.0,20.0,10 V,2.0,True,1
2.7916,0.047,0.001,1.8525986,39416.9914893617,39935.4,0.0399354,0.906697,19291.42553191489,19424.139,0.019424139,0.5,1.0,20.0,10 V,2.0,True,1
2.8084,0.047,0.001,1.8525986,39416.9914893617,39946.4,0.0399464,0.906697,19291.42553191489,19425.468,0.019425468,0.5,1.0,20.0,10 V,2.0,True,1
2.8252,0.047,0.001,1.8525986,39416.9914893617,39951.9,0.0399519,0.906697,19291.42553191489,19422.754,0.019422754,0.5,1.0,20.0,10 V,2.0,True,1
2.8418,0.047,0.001,1.8525986,39416.9914893617,39935.4,0.0399354,0.906697,19291.42553191489,19415.277000000002,0.019415277,0.5,1.0,20.0,10 V,2.0,True,1
2.8586,0.047,0.001,1.8525986,39416.9914893617,39924.4,0.0399244,0.906697,19291.42553191489,19429.733,0.019429733,0.5,1.0,20.0,10 V,2.0,True,1
2.8753,0.047,0.001,1.8525986,39416.9914893617,39924.4,0.0399244,0.906697,19291.42553191489,19418.213,0.019418213,0.5,1.0,20.0,10 V,2.0,True,1
2.8921,0.047,0.001,1.8525986,39416.9914893617,39935.4,0.0399354,0.906697,19291.42553191489,19421.259000000002,0.019421259,0.5,1.0,20.0,10 V,2.0,True,1
2.9089,0.047,0.001,1.8525986,39416.9914893617,39929.9,0.0399299,0.906697,19291.42553191489,19421.204,0.019421204,0.5,1.0,20.0,10 V,2.0,True,1
2.9257,0.047,0.001,1.8525986,39416.9914893617,39924.4,0.0399244,0.906697,19291.42553191489,19411.068,0.019411068,0.5,1.0,20.0,10 V,2.0,True,1
2.9424,0.047,0.001,1.8525986,39416.9914893617,39924.4,0.0399244,0.906697,19291.42553191489,19417.714,0.019417714,0.5,1.0,20.0,10 V,2.0,True,1
2.9593,0.047,0.001,1.8525986,39416.9914893617,39913.4,0.0399134,0.906697,19291.42553191489,19416.385000000002,0.019416385,0.5,1.0,20.0,10 V,2.0,True,1
2.9759,0.047,0.001,1.8525986,39416.9914893617,39929.9,0.0399299,0.906697,19291.42553191489,19414.004,0.019414004,0.5,1.0,20.0,10 V,2.0,True,1
2.9928,0.047,0.001,1.8525986,39416.9914893617,39924.4,0.0399244,0.906697,19291.42553191489,19422.81,0.01942281,0.5,1.0,20.0,10 V,2.0,True,1
3.0095,0.047,0.001,1.8525986,39416.9914893617,39924.4,0.0399244,0.906697,19291.42553191489,19414.779000000002,0.019414779,0.5,1.0,20.0,10 V,2.0,True,1
3.0263,0.047,0.001,1.8525986,39416.9914893617,39924.4,0.0399244,0.906697,19291.42553191489,19421.536,0.019421536,0.5,1.0,20.0,10 V,2.0,True,1
3.0431,0.047,0.001,1.8525986,39416.9914893617,39929.9,0.0399299,0.906697,19291.42553191489,19421.425,0.019421425,0.5,1.0,20.0,10 V,2.0,True,1
3.0598,0.047,0.001,1.8525986,39416.9914893617,39929.9,0.0399299,0.906697,19291.42553191489,19418.601000000002,0.019418601,0.5,1.0,20.0,10 V,2.0,True,1
3.0766,0.047,0.001,1.8525986,39416.9914893617,39929.9,0.0399299,0.906697,19291.42553191489,19424.471,0.019424471,0.5,1.0,20.0,10 V,2.0,True,1
3.0933,0.047,0.001,1.8525986,39416.9914893617,39918.9,0.0399189,0.906697,19291.42553191489,19420.428,0.019420428,0.5,1.0,20.0,10 V,2.0,True,1
3.1101,0.047,0.001,1.8525986,39416.9914893617,39907.9,0.0399079,0.906697,19291.42553191489,19418.047000000002,0.019418047,0.5,1.0,20.0,10 V,2.0,True,1
3.1268,0.047,0.001,1.8525986,39416.9914893617,39929.9,0.0399299,0.906697,19291.42553191489,19420.705,0.019420705,0.5,1.0,20.0,10 V,2.0,True,1
3.1435,0.047,0.001,1.8525986,39416.9914893617,39935.4,0.0399354,0.906697,19291.42553191489,19429.345,0.019429345,0.5,1.0,20.0,10 V,2.0,True,1
3.1602,0.047,0.001,1.8525986,39416.9914893617,39918.9,0.0399189,0.906697,19291.42553191489,19425.69,0.01942569,0.5,1.0,20.0,10 V,2.0,True,1
3.1770,0.047,0.001,1.8525986,39416.9914893617,39924.4,0.0399244,0.906697,19291.42553191489,19423.253,0.019423253,0.5,1.0,20.0,10 V,2.0,True,1
3.1937,0.047,0.001,1.8525986,39416.9914893617,39940.9,0.0399409,0.906697,19291.42553191489,19435.715,0.019435715,0.5,1.0,20.0,10 V,2.0,True,1
3.2105,0.047,0.001,1.8525986,39416.9914893617,39924.4,0.0399244,0.906697,19291.42553191489,19424.693,0.019424693,0.5,1.0,20.0,10 V,2.0,True,1
3.2273,0.047,0.001,1.8525986,39416.9914893617,39929.9,0.0399299,0.906697,19291.42553191489,19424.139,0.019424139,0.5,1.0,20.0,10 V,2.0,True,1
3.2440,0.047,0.001,1.8525986,39416.9914893617,39924.4,0.0399244,0.906697,19291.42553191489,19425.911,0.019425911,0.5,1.0,20.0,10 V,2.0,True,1
3.2607,0.047,0.001,1.8525986,39416.9914893617,39929.9,0.0399299,0.906697,19291.42553191489,19430.785,0.019430785,0.5,1.0,20.0,10 V,2.0,True,1
3.2774,0.047,0.001,1.8525986,39416.9914893617,39929.9,0.0399299,0.906697,19291.42553191489,19432.668,0.019432668,0.5,1.0,20.0,10 V,2.0,True,1
3.2943,0.047,0.001,1.8525986,39416.9914893617,39924.4,0.0399244,0.906697,19291.42553191489,19437.376,0.019437376,0.5,1.0,20.0,10 V,2.0,True,1
3.3110,0.047,0.001,1.8525986,39416.9914893617,39913.4,0.0399134,0.906697,19291.42553191489,19431.339,0.019431339,0.5,1.0,20.0,10 V,2.0,True,1
3.3278,0.047,0.001,1.8525986,39416.9914893617,39918.9,0.0399189,0.906697,19291.42553191489,19421.647,0.019421647,0.5,1.0,20.0,10 V,2.0,True,1
3.3445,0.047,0.001,1.8525986,39416.9914893617,39907.9,0.0399079,0.906697,19291.42553191489,19414.502,0.019414502,0.5,1.0,20.0,10 V,2.0,True,1
3.3613,0.047,0.001,1.8525986,39416.9914893617,39918.9,0.0399189,0.906697,19291.42553191489,19419.154000000002,0.019419154,0.5,1.0,20.0,10 V,2.0,True,1
3.3780,0.047,0.001,1.8525986,39416.9914893617,39918.9,0.0399189,0.906697,19291.42553191489,19419.93,0.01941993,0.5,1.0,20.0,10 V,2.0,True,1
3.3949,0.047,0.001,1.8525986,39416.9914893617,39913.4,0.0399134,0.906697,19291.42553191489,19417.548,0.019417548,0.5,1.0,20.0,10 V,2.0,True,1
3.4116,0.047,0.001,1.8525986,39416.9914893617,39918.9,0.0399189,0.906697,19291.42553191489,19413.505,0.019413505,0.5,1.0,20.0,10 V,2.0,True,1
3.4283,0.047,0.001,1.8525986,39416.9914893617,39913.4,0.0399134,0.906697,19291.42553191489,19412.785,0.019412785,0.5,1.0,20.0,10 V,2.0,True,1
3.4450,0.047,0.001,1.8525986,39416.9914893617,39907.9,0.0399079,0.906697,19291.42553191489,19418.656,0.019418656,0.5,1.0,20.0,10 V,2.0,True,1
3.4618,0.047,0.001,1.8525986,39416.9914893617,39918.9,0.0399189,0.906697,19291.42553191489,19421.314,0.019421314,0.5,1.0,20.0,10 V,2.0,True,1
3.4786,0.047,0.001,1.8525986,39416.9914893617,39918.9,0.0399189,0.906697,19291.42553191489,19420.428,0.019420428,0.5,1.0,20.0,10 V,2.0,True,1
3.4953,0.047,0.001,1.8525986,39416.9914893617,39913.4,0.0399134,0.906697,19291.42553191489,19423.585000000003,0.019423585,0.5,1.0,20.0,10 V,2.0,True,1
3.5120,0.047,0.001,1.8525986,39416.9914893617,39913.4,0.0399134,0.906697,19291.42553191489,19419.598,0.019419598,0.5,1.0,20.0,10 V,2.0,True,1
3.5288,0.047,0.001,1.8525986,39416.9914893617,39907.9,0.0399079,0.906697,19291.42553191489,19416.329999999998,0.01941633,0.5,1.0,20.0,10 V,2.0,True,1
3.5455,0.047,0.001,1.8525986,39416.9914893617,39924.4,0.0399244,0.906697,19291.42553191489,19422.311,0.019422311,0.5,1.0,20.0,10 V,2.0,True,1
3.5623,0.047,0.001,1.8525986,39416.9914893617,39913.4,0.0399134,0.906697,19291.42553191489,19421.370000000003,0.01942137,0.5,1.0,20.0,10 V,2.0,True,1
3.5789,0.047,0.001,1.8525986,39416.9914893617,39918.9,0.0399189,0.906697,19291.42553191489,19427.684,0.019427684,0.5,1.0,20.0,10 V,2.0,True,1
3.5958,0.047,0.001,1.8525986,39416.9914893617,39913.4,0.0399134,0.906697,19291.42553191489,19425.302,0.019425302,0.5,1.0,20.0,10 V,2.0,True,1
3.6123,0.047,0.001,1.8525986,39416.9914893617,39913.4,0.0399134,0.906697,19291.42553191489,19420.761000000002,0.019420761,0.5,1.0,20.0,10 V,2.0,True,1
3.6293,0.047,0.001,1.8525986,39416.9914893617,39907.9,0.0399079,0.906697,19291.42553191489,19423.031000000003,0.019423031,0.5,1.0,20.0,10 V,2.0,True,1
3.6459,0.047,0.001,1.8525986,39416.9914893617,39907.9,0.0399079,0.906697,19291.42553191489,19426.908,0.019426908,0.5,1.0,20.0,10 V,2.0,True,1
3.6628,0.047,0.001,1.8525986,39416.9914893617,39907.9,0.0399079,0.906697,19291.42553191489,19422.034000000003,0.019422034,0.5,1.0,20.0,10 V,2.0,True,1
3.6795,0.047,0.001,1.8525986,39416.9914893617,39907.9,0.0399079,0.906697,19291.42553191489,19426.908,0.019426908,0.5,1.0,20.0,10 V,2.0,True,1
3.6963,0.047,0.001,1.8525986,39416.9914893617,39913.4,0.0399134,0.906697,19291.42553191489,19418.047000000002,0.019418047,0.5,1.0,20.0,10 V,2.0,True,1
3.7130,0.047,0.001,1.8525986,39416.9914893617,39918.9,0.0399189,0.906697,19291.42553191489,19421.425,0.019421425,0.5,1.0,20.0,10 V,2.0,True,1
3.7299,0.047,0.001,1.8525986,39416.9914893617,39918.9,0.0399189,0.906697,19291.42553191489,19422.034000000003,0.019422034,0.5,1.0,20.0,10 V,2.0,True,1
3.7467,0.047,0.001,1.8525986,39416.9914893617,39907.9,0.0399079,0.906697,19291.42553191489,19420.096,0.019420096,0.5,1.0,20.0,10 V,2.0,True,1
3.7634,0.047,0.001,1.8525986,39416.9914893617,39907.9,0.0399079,0.906697,19291.42553191489,19422.533,0.019422533,0.5,1.0,20.0,10 V,2.0,True,1
3.7801,0.047,0.001,1.8525986,39416.9914893617,39924.4,0.0399244,0.906697,19291.42553191489,19430.619,0.019430619,0.5,1.0,20.0,10 V,2.0,True,1
3.7968,0.047,0.001,1.8525986,39416.9914893617,39924.4,0.0399244,0.906697,19291.42553191489,19433.721,0.019433721,0.5,1.0,20.0,10 V,2.0,True,1
3.8136,0.047,0.001,1.8525986,39416.9914893617,39907.9,0.0399079,0.906697,19291.42553191489,19426.742000000002,0.019426742,0.5,1.0,20.0,10 V,2.0,True,1
3.8303,0.047,0.001,1.8525986,39416.9914893617,39907.9,0.0399079,0.906697,19291.42553191489,19427.628,0.019427628,0.5,1.0,20.0,10 V,2.0,True,1
3.8471,0.047,0.001,1.8525986,39416.9914893617,39907.9,0.0399079,0.906697,19291.42553191489,19429.844,0.019429844,0.5,1.0,20.0,10 V,2.0,True,1
3.8639,0.047,0.001,1.8525986,39416.9914893617,39913.4,0.0399134,0.906697,19291.42553191489,19428.348,0.019428348,0.5,1.0,20.0,10 V,2.0,True,1
3.8809,0.047,0.001,1.8525986,39416.9914893617,39913.4,0.0399134,0.906697,19291.42553191489,19423.253,0.019423253,0.5,1.0,20.0,10 V,2.0,True,1
3.8975,0.047,0.001,1.8525986,39416.9914893617,39918.9,0.0399189,0.906697,19291.42553191489,19427.351,0.019427351,0.5,1.0,20.0,10 V,2.0,True,1
3.9141,0.047,0.001,1.8525986,39416.9914893617,39924.4,0.0399244,0.906697,19291.42553191489,19425.358,0.019425358,0.5,1.0,20.0,10 V,2.0,True,1
3.9311,0.047,0.001,1.8525986,39416.9914893617,39907.9,0.0399079,0.906697,19291.42553191489,19427.296000000002,0.019427296,0.5,1.0,20.0,10 V,2.0,True,1
3.9478,0.047,0.001,1.8525986,39416.9914893617,39907.9,0.0399079,0.906697,19291.42553191489,19420.539,0.019420539,0.5,1.0,20.0,10 V,2.0,True,1
3.9645,0.047,0.001,1.8525986,39416.9914893617,39907.9,0.0399079,0.906697,19291.42553191489,19421.481000000003,0.019421481,0.5,1.0,20.0,10 V,2.0,True,1
3.9814,0.047,0.001,1.8525986,39416.9914893617,39902.4,0.0399024,0.906697,19291.42553191489,19425.468,0.019425468,0.5,1.0,20.0,10 V,2.0,True,1
3.9981,0.047,0.001,1.8525986,39416.9914893617,39907.9,0.0399079,0.906697,19291.42553191489,19427.019,0.019427019,0.5,1.0,20.0,10 V,2.0,True,1
4.0148,0.047,0.001,1.8525986,39416.9914893617,39913.4,0.0399134,0.906697,19291.42553191489,19420.539,0.019420539,0.5,1.0,20.0,10 V,2.0,True,1
4.0314,0.047,0.001,1.8525986,39416.9914893617,39907.9,0.0399079,0.906697,19291.42553191489,19421.868,0.019421868,0.5,1.0,20.0,10 V,2.0,True,1
4.0484,0.047,0.001,1.8525986,39416.9914893617,39913.4,0.0399134,0.906697,19291.42553191489,19417.382,0.019417382,0.5,1.0,20.0,10 V,2.0,True,1
4.0652,0.047,0.001,1.8525986,39416.9914893617,39913.4,0.0399134,0.906697,19291.42553191489,19418.988,0.019418988,0.5,1.0,20.0,10 V,2.0,True,1
4.0819,0.047,0.001,1.8525986,39416.9914893617,39924.4,0.0399244,0.906697,19291.42553191489,19413.339000000004,0.019413339,0.5,1.0,20.0,10 V,2.0,True,1
4.0987,0.047,0.001,1.8525986,39416.9914893617,39913.4,0.0399134,0.906697,19291.42553191489,19427.462,0.019427462,0.5,1.0,20.0,10 V,2.0,True,1
4.1155,0.047,0.001,1.8525986,39416.9914893617,39913.4,0.0399134,0.906697,19291.42553191489,19420.096,0.019420096,0.5,1.0,20.0,10 V,2.0,True,1
4.1323,0.047,0.001,1.8525986,39416.9914893617,39913.4,0.0399134,0.906697,19291.42553191489,19418.933,0.019418933,0.5,1.0,20.0,10 V,2.0,True,1
4.1490,0.047,0.001,1.8525986,39416.9914893617,39918.9,0.0399189,0.906697,19291.42553191489,19420.041,0.019420041,0.5,1.0,20.0,10 V,2.0,True,1
4.1658,0.047,0.001,1.8525986,39416.9914893617,39918.9,0.0399189,0.906697,19291.42553191489,19423.142000000003,0.019423142,0.5,1.0,20.0,10 V,2.0,True,1
4.1824,0.047,0.001,1.8525986,39416.9914893617,39913.4,0.0399134,0.906697,19291.42553191489,19420.262000000002,0.019420262,0.5,1.0,20.0,10 V,2.0,True,1
4.1992,0.047,0.001,1.8525986,39416.9914893617,39896.9,0.0398969,0.906697,19291.42553191489,19414.668,0.019414668,0.5,1.0,20.0,10 V,2.0,True,1
4.2159,0.047,0.001,1.8525986,39416.9914893617,39918.9,0.0399189,0.906697,19291.42553191489,19421.314,0.019421314,0.5,1.0,20.0,10 V,2.0,True,1
4.2326,0.047,0.001,1.8525986,39416.9914893617,39907.9,0.0399079,0.906697,19291.42553191489,19420.761000000002,0.019420761,0.5,1.0,20.0,10 V,2.0,True,1
4.2495,0.047,0.001,1.8525986,39416.9914893617,39918.9,0.0399189,0.906697,19291.42553191489,19422.865,0.019422865,0.5,1.0,20.0,10 V,2.0,True,1
4.2661,0.047,0.001,1.8525986,39416.9914893617,39907.9,0.0399079,0.906697,19291.42553191489,19419.154000000002,0.019419154,0.5,1.0,20.0,10 V,2.0,True,1
4.2830,0.047,0.001,1.8525986,39416.9914893617,39902.4,0.0399024,0.906697,19291.42553191489,19420.484,0.019420484,0.5,1.0,20.0,10 V,2.0,True,1
4.2996,0.047,0.001,1.8525986,39416.9914893617,39902.4,0.0399024,0.906697,19291.42553191489,19415.554000000004,0.019415554,0.5,1.0,20.0,10 V,2.0,True,1
4.3165,0.047,0.001,1.8525986,39416.9914893617,39902.4,0.0399024,0.906697,19291.42553191489,19416.385000000002,0.019416385,0.5,1.0,20.0,10 V,2.0,True,1
4.3331,0.047,0.001,1.8525986,39416.9914893617,39907.9,0.0399079,0.906697,19291.42553191489,19412.619,0.019412619,0.5,1.0,20.0,10 V,2.0,True,1
4.3499,0.047,0.001,1.8525986,39416.9914893617,39896.9,0.0398969,0.906697,19291.42553191489,19412.841,0.019412841,0.5,1.0,20.0,10 V,2.0,True,1
4.3667,0.047,0.001,1.8525986,39416.9914893617,39896.9,0.0398969,0.906697,19291.42553191489,19413.893000000004,0.019413893,0.5,1.0,20.0,10 V,2.0,True,1
4.3834,0.047,0.001,1.8525986,39416.9914893617,39907.9,0.0399079,0.906697,19291.42553191489,19414.502,0.019414502,0.5,1.0,20.0,10 V,2.0,True,1
4.4000,0.047,0.001,1.8525986,39416.9914893617,39896.9,0.0398969,0.906697,19291.42553191489,19414.724000000002,0.019414724,0.5,1.0,20.0,10 V,2.0,True,1
4.4168,0.047,0.001,1.8525986,39416.9914893617,39902.4,0.0399024,0.906697,19291.42553191489,19419.099,0.019419099,0.5,1.0,20.0,10 V,2.0,True,1
4.4335,0.047,0.001,1.8525986,39416.9914893617,39902.4,0.0399024,0.906697,19291.42553191489,19418.433999999997,0.019418434,0.5,1.0,20.0,10 V,2.0,True,1
4.4501,0.047,0.001,1.8525986,39416.9914893617,39902.4,0.0399024,0.906697,19291.42553191489,19415.776,0.019415776,0.5,1.0,20.0,10 V,2.0,True,1
4.4670,0.047,0.001,1.8525986,39416.9914893617,39907.9,0.0399079,0.906697,19291.42553191489,19418.601000000002,0.019418601,0.5,1.0,20.0,10 V,2.0,True,1
4.4838,0.047,0.001,1.8525986,39416.9914893617,39913.4,0.0399134,0.906697,19291.42553191489,19428.459,0.019428459,0.5,1.0,20.0,10 V,2.0,True,1
4.5004,0.047,0.001,1.8525986,39416.9914893617,39924.4,0.0399244,0.906697,19291.42553191489,19420.207,0.019420207,0.5,1.0,20.0,10 V,2.0,True,1
4.5172,0.047,0.001,1.8525986,39416.9914893617,39907.9,0.0399079,0.906697,19291.42553191489,19414.059,0.019414059,0.5,1.0,20.0,10 V,2.0,True,1
4.5341,0.047,0.001,1.8525986,39416.9914893617,39891.4,0.0398914,0.906697,19291.42553191489,19417.050000000003,0.01941705,0.5,1.0,20.0,10 V,2.0,True,1
4.5508,0.047,0.001,1.8525986,39416.9914893617,39896.9,0.0398969,0.906697,19291.42553191489,19416.441,0.019416441,0.5,1.0,20.0,10 V,2.0,True,1
4.5675,0.047,0.001,1.8525986,39416.9914893617,39902.4,0.0399024,0.906697,19291.42553191489,19412.674000000003,0.019412674,0.5,1.0,20.0,10 V,2.0,True,1
4.5842,0.047,0.001,1.8525986,39416.9914893617,39907.9,0.0399079,0.906697,19291.42553191489,19419.598,0.019419598,0.5,1.0,20.0,10 V,2.0,True,1
4.6011,0.047,0.001,1.8525986,39416.9914893617,39902.4,0.0399024,0.906697,19291.42553191489,19422.533,0.019422533,0.5,1.0,20.0,10 V,2.0,True,1
4.6178,0.047,0.001,1.8525986,39416.9914893617,39896.9,0.0398969,0.906697,19291.42553191489,19415.056,0.019415056,0.5,1.0,20.0,10 V,2.0,True,1
4.6346,0.047,0.001,1.8525986,39416.9914893617,39907.9,0.0399079,0.906697,19291.42553191489,19418.601000000002,0.019418601,0.5,1.0,20.0,10 V,2.0,True,1
4.6514,0.047,0.001,1.8525986,39416.9914893617,39902.4,0.0399024,0.906697,19291.42553191489,19419.985,0.019419985,0.5,1.0,20.0,10 V,2.0,True,1
4.6682,0.047,0.001,1.8525986,39416.9914893617,39902.4,0.0399024,0.906697,19291.42553191489,19420.982,0.019420982,0.5,1.0,20.0,10 V,2.0,True,1
4.6849,0.047,0.001,1.8525986,39416.9914893617,39896.9,0.0398969,0.906697,19291.42553191489,19411.456000000002,0.019411456,0.5,1.0,20.0,10 V,2.0,True,1
4.7017,0.047,0.001,1.8525986,39416.9914893617,39885.9,0.0398859,0.906697,19291.42553191489,19414.391,0.019414391,0.5,1.0,20.0,10 V,2.0,True,1
4.7184,0.047,0.001,1.8525986,39416.9914893617,39896.9,0.0398969,0.906697,19291.42553191489,19414.502,0.019414502,0.5,1.0,20.0,10 V,2.0,True,1
4.7352,0.047,0.001,1.8525986,39416.9914893617,39907.9,0.0399079,0.906697,19291.42553191489,19419.598,0.019419598,0.5,1.0,20.0,10 V,2.0,True,1
4.7520,0.047,0.001,1.8525986,39416.9914893617,39902.4,0.0399024,0.906697,19291.42553191489,19418.933,0.019418933,0.5,1.0,20.0,10 V,2.0,True,1
4.7688,0.047,0.001,1.8525986,39416.9914893617,39896.9,0.0398969,0.906697,19291.42553191489,19419.321,0.019419321,0.5,1.0,20.0,10 V,2.0,True,1
4.7855,0.047,0.001,1.8525986,39416.9914893617,39902.4,0.0399024,0.906697,19291.42553191489,19421.702,0.019421702,0.5,1.0,20.0,10 V,2.0,True,1
4.8021,0.047,0.001,1.8525986,39416.9914893617,39907.9,0.0399079,0.906697,19291.42553191489,19420.096,0.019420096,0.5,1.0,20.0,10 V,2.0,True,1
4.8191,0.047,0.001,1.8525986,39416.9914893617,39907.9,0.0399079,0.906697,19291.42553191489,19415.721,0.019415721,0.5,1.0,20.0,10 V,2.0,True,1
4.8358,0.047,0.001,1.8525986,39416.9914893617,39902.4,0.0399024,0.906697,19291.42553191489,19419.431,0.019419431,0.5,1.0,20.0,10 V,2.0,True,1
4.8526,0.047,0.001,1.8525986,39416.9914893617,39907.9,0.0399079,0.906697,19291.42553191489,19425.634000000002,0.019425634,0.5,1.0,20.0,10 V,2.0,True,1
4.8693,0.047,0.001,1.8525986,39416.9914893617,39913.4,0.0399134,0.906697,19291.42553191489,19417.216,0.019417216,0.5,1.0,20.0,10 V,2.0,True,1
4.8861,0.047,0.001,1.8525986,39416.9914893617,39913.4,0.0399134,0.906697,19291.42553191489,19428.791,0.019428791,0.5,1.0,20.0,10 V,2.0,True,1
4.9027,0.047,0.001,1.8525986,39416.9914893617,39913.4,0.0399134,0.906697,19291.42553191489,19421.813000000002,0.019421813,0.5,1.0,20.0,10 V,2.0,True,1
4.9196,0.047,0.001,1.8525986,39416.9914893617,39907.9,0.0399079,0.906697,19291.42553191489,19429.567,0.019429567,0.5,1.0,20.0,10 V,2.0,True,1
4.9362,0.047,0.001,1.8525986,39416.9914893617,39913.4,0.0399134,0.906697,19291.42553191489,19431.061999999998,0.019431062,0.5,1.0,20.0,10 V,2.0,True,1
4.9529,0.047,0.001,1.8525986,39416.9914893617,39913.4,0.0399134,0.906697,19291.42553191489,19418.822,0.019418822,0.5,1.0,20.0,10 V,2.0,True,1
4.9697,0.047,0.001,1.8525986,39416.9914893617,39907.9,0.0399079,0.906697,19291.42553191489,19415.056,0.019415056,0.5,1.0,20.0,10 V,2.0,True,1
4.9866,0.047,0.001,1.8525986,39416.9914893617,39896.9,0.0398969,0.906697,19291.42553191489,19415.444000000003,0.019415444,0.5,1.0,20.0,10 V,2.0,True,1
5.0034,0.047,0.001,1.8525986,39416.9914893617,39902.4,0.0399024,0.906697,19291.42553191489,19412.121000000003,0.019412121,0.5,1.0,20.0,10 V,2.0,True,1
5.0201,0.047,0.001,1.8525986,39416.9914893617,39913.4,0.0399134,0.906697,19291.42553191489,19411.788,0.019411788,0.5,1.0,20.0,10 V,2.0,True,1
5.0368,0.047,0.001,1.8525986,39416.9914893617,39907.9,0.0399079,0.906697,19291.42553191489,19419.154000000002,0.019419154,0.5,1.0,20.0,10 V,2.0,True,1
5.0537,0.047,0.001,1.8525986,39416.9914893617,39907.9,0.0399079,0.906697,19291.42553191489,19419.653,0.019419653,0.5,1.0,20.0,10 V,2.0,True,1
5.0702,0.047,0.001,1.8525986,39416.9914893617,39896.9,0.0398969,0.906697,19291.42553191489,19417.271,0.019417271,0.5,1.0,20.0,10 V,2.0,True,1
5.0871,0.047,0.001,1.8525986,39416.9914893617,39907.9,0.0399079,0.906697,19291.42553191489,19419.985,0.019419985,0.5,1.0,20.0,10 V,2.0,True,1
5.1038,0.047,0.001,1.8525986,39416.9914893617,39902.4,0.0399024,0.906697,19291.42553191489,19429.567,0.019429567,0.5,1.0,20.0,10 V,2.0,True,1
5.1206,0.047,0.001,1.8525986,39416.9914893617,39907.9,0.0399079,0.906697,19291.42553191489,19415.277000000002,0.019415277,0.5,1.0,20.0,10 V,2.0,True,1
5.1373,0.047,0.001,1.8525986,39416.9914893617,39907.9,0.0399079,0.906697,19291.42553191489,19421.038000000004,0.019421038,0.5,1.0,20.0,10 V,2.0,True,1
5.1541,0.047,0.001,1.8525986,39416.9914893617,39907.9,0.0399079,0.906697,19291.42553191489,19424.361,0.019424361,0.5,1.0,20.0,10 V,2.0,True,1
5.1709,0.047,0.001,1.8525986,39416.9914893617,39907.9,0.0399079,0.906697,19291.42553191489,19423.031000000003,0.019423031,0.5,1.0,20.0,10 V,2.0,True,1
5.1878,0.047,0.001,1.8525986,39416.9914893617,39918.9,0.0399189,0.906697,19291.42553191489,19420.428,0.019420428,0.5,1.0,20.0,10 V,2.0,True,1
5.2046,0.047,0.001,1.8525986,39416.9914893617,39896.9,0.0398969,0.906697,19291.42553191489,19422.533,0.019422533,0.5,1.0,20.0,10 V,2.0,True,1
5.2214,0.047,0.001,1.8525986,39416.9914893617,39907.9,0.0399079,0.906697,19291.42553191489,19419.542,0.019419542,0.5,1.0,20.0,10 V,2.0,True,1
5.2381,0.047,0.001,1.8525986,39416.9914893617,39918.9,0.0399189,0.906697,19291.42553191489,19421.702,0.019421702,0.5,1.0,20.0,10 V,2.0,True,1
5.2549,0.047,0.001,1.8525986,39416.9914893617,39907.9,0.0399079,0.906697,19291.42553191489,19416.219,0.019416219,0.5,1.0,20.0,10 V,2.0,True,1
5.2717,0.047,0.001,1.8525986,39416.9914893617,39918.9,0.0399189,0.906697,19291.42553191489,19428.791,0.019428791,0.5,1.0,20.0,10 V,2.0,True,1
5.2883,0.047,0.001,1.8525986,39416.9914893617,39907.9,0.0399079,0.906697,19291.42553191489,19420.318,0.019420318,0.5,1.0,20.0,10 V,2.0,True,1
5.3050,0.047,0.001,1.8525986,39416.9914893617,39913.4,0.0399134,0.906697,19291.42553191489,19419.985,0.019419985,0.5,1.0,20.0,10 V,2.0,True,1
5.3217,0.047,0.001,1.8525986,39416.9914893617,39902.4,0.0399024,0.906697,19291.42553191489,19417.659,0.019417659,0.5,1.0,20.0,10 V,2.0,True,1
5.3385,0.047,0.001,1.8525986,39416.9914893617,39902.4,0.0399024,0.906697,19291.42553191489,19422.921,0.019422921,0.5,1.0,20.0,10 V,2.0,True,1
5.3552,0.047,0.001,1.8525986,39416.9914893617,39913.4,0.0399134,0.906697,19291.42553191489,19424.804,0.019424804,0.5,1.0,20.0,10 V,2.0,True,1
5.3720,0.047,0.001,1.8525986,39416.9914893617,39896.9,0.0398969,0.906697,19291.42553191489,19414.225000000002,0.019414225,0.5,1.0,20.0,10 V,2.0,True,1
5.3886,0.047,0.001,1.8525986,39416.9914893617,39918.9,0.0399189,0.906697,19291.42553191489,19425.081000000002,0.019425081,0.5,1.0,20.0,10 V,2.0,True,1
5.4055,0.047,0.001,1.8525986,39416.9914893617,39913.4,0.0399134,0.906697,19291.42553191489,19426.964000000004,0.019426964,0.5,1.0,20.0,10 V,2.0,True,1
5.4222,0.047,0.001,1.8525986,39416.9914893617,39918.9,0.0399189,0.906697,19291.42553191489,19424.582,0.019424582,0.5,1.0,20.0,10 V,2.0,True,1
5.4391,0.047,0.001,1.8525986,39416.9914893617,39907.9,0.0399079,0.906697,19291.42553191489,19421.924000000003,0.019421924,0.5,1.0,20.0,10 V,2.0,True,1
5.4558,0.047,0.001,1.8525986,39416.9914893617,39907.9,0.0399079,0.906697,19291.42553191489,19423.198,0.019423198,0.5,1.0,20.0,10 V,2.0,True,1
5.4726,0.047,0.001,1.8525986,39416.9914893617,39913.4,0.0399134,0.906697,19291.42553191489,19420.207,0.019420207,0.5,1.0,20.0,10 V,2.0,True,1
5.4893,0.047,0.001,1.8525986,39416.9914893617,39913.4,0.0399134,0.906697,19291.42553191489,19426.687,0.019426687,0.5,1.0,20.0,10 V,2.0,True,1
5.5061,0.047,0.001,1.8525986,39416.9914893617,39918.9,0.0399189,0.906697,19291.42553191489,19423.807,0.019423807,0.5,1.0,20.0,10 V,2.0,True,1
5.5228,0.047,0.001,1.8525986,39416.9914893617,39918.9,0.0399189,0.906697,19291.42553191489,19425.745000000003,0.019425745,0.5,1.0,20.0,10 V,2.0,True,1
5.5396,0.047,0.001,1.8525986,39416.9914893617,39918.9,0.0399189,0.906697,19291.42553191489,19423.474000000002,0.019423474,0.5,1.0,20.0,10 V,2.0,True,1
5.5563,0.047,0.001,1.8525986,39416.9914893617,39907.9,0.0399079,0.906697,19291.42553191489,19420.982,0.019420982,0.5,1.0,20.0,10 V,2.0,True,1
5.5732,0.047,0.001,1.8525986,39416.9914893617,39907.9,0.0399079,0.906697,19291.42553191489,19418.601000000002,0.019418601,0.5,1.0,20.0,10 V,2.0,True,1
5.5897,0.047,0.001,1.8525986,39416.9914893617,39902.4,0.0399024,0.906697,19291.42553191489,19424.305,0.019424305,0.5,1.0,20.0,10 V,2.0,True,1
5.6064,0.047,0.001,1.8525986,39416.9914893617,39924.4,0.0399244,0.906697,19291.42553191489,19421.093,0.019421093,0.5,1.0,20.0,10 V,2.0,True,1
5.6232,0.047,0.001,1.8525986,39416.9914893617,39924.4,0.0399244,0.906697,19291.42553191489,19420.65,0.01942065,0.5,1.0,20.0,10 V,2.0,True,1
5.6401,0.047,0.001,1.8525986,39416.9914893617,39907.9,0.0399079,0.906697,19291.42553191489,19422.201,0.019422201,0.5,1.0,20.0,10 V,2.0,True,1
5.6567,0.047,0.001,1.8525986,39416.9914893617,39913.4,0.0399134,0.906697,19291.42553191489,19420.705,0.019420705,0.5,1.0,20.0,10 V,2.0,True,1
5.6736,0.047,0.001,1.8525986,39416.9914893617,39918.9,0.0399189,0.906697,19291.42553191489,19429.844,0.019429844,0.5,1.0,20.0,10 V,2.0,True,1
5.6903,0.047,0.001,1.8525986,39416.9914893617,39918.9,0.0399189,0.906697,19291.42553191489,19425.634000000002,0.019425634,0.5,1.0,20.0,10 V,2.0,True,1
5.7069,0.047,0.001,1.8525986,39416.9914893617,39913.4,0.0399134,0.906697,19291.42553191489,19425.247,0.019425247,0.5,1.0,20.0,10 V,2.0,True,1
5.7237,0.047,0.001,1.8525986,39416.9914893617,39913.4,0.0399134,0.906697,19291.42553191489,19423.585000000003,0.019423585,0.5,1.0,20.0,10 V,2.0,True,1
5.7405,0.047,0.001,1.8525986,39416.9914893617,39891.4,0.0398914,0.906697,19291.42553191489,19429.068000000003,0.019429068,0.5,1.0,20.0,10 V,2.0,True,1
5.7572,0.047,0.001,1.8525986,39416.9914893617,39902.4,0.0399024,0.906697,19291.42553191489,19419.487,0.019419487,0.5,1.0,20.0,10 V,2.0,True,1
5.7740,0.047,0.001,1.8525986,39416.9914893617,39907.9,0.0399079,0.906697,19291.42553191489,19425.468,0.019425468,0.5,1.0,20.0,10 V,2.0,True,1
5.7907,0.047,0.001,1.8525986,39416.9914893617,39929.9,0.0399299,0.906697,19291.42553191489,19429.567,0.019429567,0.5,1.0,20.0,10 V,2.0,True,1
5.8075,0.047,0.001,1.8525986,39416.9914893617,39924.4,0.0399244,0.906697,19291.42553191489,19427.462,0.019427462,0.5,1.0,20.0,10 V,2.0,True,1
5.8241,0.047,0.001,1.8525986,39416.9914893617,39907.9,0.0399079,0.906697,19291.42553191489,19426.908,0.019426908,0.5,1.0,20.0,10 V,2.0,True,1
5.8409,0.047,0.001,1.8525986,39416.9914893617,39918.9,0.0399189,0.906697,19291.42553191489,19432.835,0.019432835,0.5,1.0,20.0,10 V,2.0,True,1
5.8576,0.047,0.001,1.8525986,39416.9914893617,39907.9,0.0399079,0.906697,19291.42553191489,19427.351,0.019427351,0.5,1.0,20.0,10 V,2.0,True,1
5.8744,0.047,0.001,1.8525986,39416.9914893617,39907.9,0.0399079,0.906697,19291.42553191489,19416.053,0.019416053,0.5,1.0,20.0,10 V,2.0,True,1
5.8912,0.047,0.001,1.8525986,39416.9914893617,39918.9,0.0399189,0.906697,19291.42553191489,19427.13,0.01942713,0.5,1.0,20.0,10 V,2.0,True,1
5.9079,0.047,0.001,1.8525986,39416.9914893617,39907.9,0.0399079,0.906697,19291.42553191489,19426.078,0.019426078,0.5,1.0,20.0,10 V,2.0,True,1
5.9247,0.047,0.001,1.8525986,39416.9914893617,39907.9,0.0399079,0.906697,19291.42553191489,19418.988,0.019418988,0.5,1.0,20.0,10 V,2.0,True,1
5.9415,0.047,0.001,1.8525986,39416.9914893617,39913.4,0.0399134,0.906697,19291.42553191489,19415.499,0.019415499,0.5,1.0,20.0,10 V,2.0,True,1
5.9581,0.047,0.001,1.8525986,39416.9914893617,39918.9,0.0399189,0.906697,19291.42553191489,19417.881,0.019417881,0.5,1.0,20.0,10 V,2.0,True,1
5.9750,0.047,0.001,1.8525986,39416.9914893617,39902.4,0.0399024,0.906697,19291.42553191489,19417.714,0.019417714,0.5,1.0,20.0,10 V,2.0,True,1
5.9917,0.047,0.001,1.8525986,39416.9914893617,39896.9,0.0398969,0.906697,19291.42553191489,19415.665,0.019415665,0.5,1.0,20.0,10 V,2.0,True,1
6.0085,0.047,0.001,1.8525986,39416.9914893617,39896.9,0.0398969,0.906697,19291.42553191489,19414.834,0.019414834,0.5,1.0,20.0,10 V,2.0,True,1
6.0253,0.047,0.001,1.8525986,39416.9914893617,39913.4,0.0399134,0.906697,19291.42553191489,19419.099,0.019419099,0.5,1.0,20.0,10 V,2.0,True,1
6.0421,0.047,0.001,1.8525986,39416.9914893617,39896.9,0.0398969,0.906697,19291.42553191489,19418.102,0.019418102,0.5,1.0,20.0,10 V,2.0,True,1
6.0588,0.047,0.001,1.8525986,39416.9914893617,39907.9,0.0399079,0.906697,19291.42553191489,19416.662,0.019416662,0.5,1.0,20.0,10 V,2.0,True,1
6.0755,0.047,0.001,1.8525986,39416.9914893617,39902.4,0.0399024,0.906697,19291.42553191489,19415.997000000003,0.019415997,0.5,1.0,20.0,10 V,2.0,True,1
6.0922,0.047,0.001,1.8525986,39416.9914893617,39913.4,0.0399134,0.906697,19291.42553191489,19417.161,0.019417161,0.5,1.0,20.0,10 V,2.0,True,1
6.1090,0.047,0.001,1.8525986,39416.9914893617,39896.9,0.0398969,0.906697,19291.42553191489,19412.841,0.019412841,0.5,1.0,20.0,10 V,2.0,True,1
6.1257,0.047,0.001,1.8525986,39416.9914893617,39913.4,0.0399134,0.906697,19291.42553191489,19419.985,0.019419985,0.5,1.0,20.0,10 V,2.0,True,1
6.1425,0.047,0.001,1.8525986,39416.9914893617,39902.4,0.0399024,0.906697,19291.42553191489,19415.499,0.019415499,0.5,1.0,20.0,10 V,2.0,True,1
6.1591,0.047,0.001,1.8525986,39416.9914893617,39896.9,0.0398969,0.906697,19291.42553191489,19417.050000000003,0.01941705,0.5,1.0,20.0,10 V,2.0,True,1
6.1759,0.047,0.001,1.8525986,39416.9914893617,39913.4,0.0399134,0.906697,19291.42553191489,19417.936,0.019417936,0.5,1.0,20.0,10 V,2.0,True,1
6.1926,0.047,0.001,1.8525986,39416.9914893617,39902.4,0.0399024,0.906697,19291.42553191489,19412.619,0.019412619,0.5,1.0,20.0,10 V,2.0,True,1
6.2093,0.047,0.001,1.8525986,39416.9914893617,39907.9,0.0399079,0.906697,19291.42553191489,19422.588000000003,0.019422588,0.5,1.0,20.0,10 V,2.0,True,1
6.2262,0.047,0.001,1.8525986,39416.9914893617,39896.9,0.0398969,0.906697,19291.42553191489,19409.351,0.019409351,0.5,1.0,20.0,10 V,2.0,True,1
6.2430,0.047,0.001,1.8525986,39416.9914893617,39902.4,0.0399024,0.906697,19291.42553191489,19420.871,0.019420871,0.5,1.0,20.0,10 V,2.0,True,1
6.2597,0.047,0.001,1.8525986,39416.9914893617,39907.9,0.0399079,0.906697,19291.42553191489,19414.225000000002,0.019414225,0.5,1.0,20.0,10 V,2.0,True,1
6.2765,0.047,0.001,1.8525986,39416.9914893617,39896.9,0.0398969,0.906697,19291.42553191489,19417.050000000003,0.01941705,0.5,1.0,20.0,10 V,2.0,True,1
6.2933,0.047,0.001,1.8525986,39416.9914893617,39907.9,0.0399079,0.906697,19291.42553191489,19414.502,0.019414502,0.5,1.0,20.0,10 V,2.0,True,1
6.3099,0.047,0.001,1.8525986,39416.9914893617,39913.4,0.0399134,0.906697,19291.42553191489,19417.714,0.019417714,0.5,1.0,20.0,10 V,2.0,True,1
6.3267,0.047,0.001,1.8525986,39416.9914893617,39902.4,0.0399024,0.906697,19291.42553191489,19415.499,0.019415499,0.5,1.0,20.0,10 V,2.0,True,1
6.3435,0.047,0.001,1.8525986,39416.9914893617,39885.9,0.0398859,0.906697,19291.42553191489,19418.711000000003,0.019418711,0.5,1.0,20.0,10 V,2.0,True,1
6.3603,0.047,0.001,1.8525986,39416.9914893617,39907.9,0.0399079,0.906697,19291.42553191489,19414.170000000002,0.01941417,0.5,1.0,20.0,10 V,2.0,True,1
6.3770,0.047,0.001,1.8525986,39416.9914893617,39902.4,0.0399024,0.906697,19291.42553191489,19413.505,0.019413505,0.5,1.0,20.0,10 V,2.0,True,1
6.3939,0.047,0.001,1.8525986,39416.9914893617,39902.4,0.0399024,0.906697,19291.42553191489,19416.662,0.019416662,0.5,1.0,20.0,10 V,2.0,True,1
6.4107,0.047,0.001,1.8525986,39416.9914893617,39913.4,0.0399134,0.906697,19291.42553191489,19419.93,0.01941993,0.5,1.0,20.0,10 V,2.0,True,1
6.4272,0.047,0.001,1.8525986,39416.9914893617,39918.9,0.0399189,0.906697,19291.42553191489,19421.647,0.019421647,0.5,1.0,20.0,10 V,2.0,True,1
6.4441,0.047,0.001,1.8525986,39416.9914893617,39902.4,0.0399024,0.906697,19291.42553191489,19420.65,0.01942065,0.5,1.0,20.0,10 V,2.0,True,1
6.4608,0.047,0.001,1.8525986,39416.9914893617,39913.4,0.0399134,0.906697,19291.42553191489,19413.45,0.01941345,0.5,1.0,20.0,10 V,2.0,True,1
6.4959,0.046,0.001,1.8151324,39459.4,39979.4,0.0399794,0.88831,19311.08695652174,19428.293,0.019428293,0.5,1.0,20.0,10 V,2.0,True,1
6.5295,0.045,0.001,1.7759281,39465.06888888889,39979.4,0.0399794,0.86823567,19294.126,19426.521,0.019426521,0.5,1.0,20.0,10 V,2.0,True,1
6.5631,0.044,0.001,1.7368066,39472.87727272727,40001.4,0.0400014,0.84897423,19294.868863636366,19422.976000000002,0.019422976,0.5,1.0,20.0,10 V,2.0,True,1
6.5965,0.043,0.001,1.6980645,39489.87209302326,40006.9,0.0400069,0.82988637,19299.683023255817,19421.481000000003,0.019421481,0.5,1.0,20.0,10 V,2.0,True,1
6.6302,0.041999999999999996,0.001,1.6589869,39499.688095238096,40012.4,0.0400124,0.81079128,19304.554285714286,19426.631,0.019426631,0.5,1.0,20.0,10 V,2.0,True,1
6.6636,0.040999999999999995,0.001,1.6199204,39510.25365853659,39990.4,0.0399904,0.7914888,19304.604878048784,19425.191000000003,0.019425191,0.5,1.0,20.0,10 V,2.0,True,1
6.6972,0.039999999999999994,0.001,1.5811564,39528.91,40006.9,0.0400069,0.77173608,19293.402000000002,19416.551000000003,0.019416551,0.5,1.0,20.0,10 V,2.0,True,1
6.7306,0.03899999999999999,0.001,1.5414462,39524.26153846155,40023.4,0.0400234,0.75232993,19290.51102564103,19420.151,0.019420151,0.5,1.0,20.0,10 V,2.0,True,1
6.7641,0.03799999999999999,0.001,1.5028802,39549.47894736843,40017.9,0.0400179,0.7335969,19305.18157894737,19418.988,0.019418988,0.5,1.0,20.0,10 V,2.0,True,1
6.7975,0.03699999999999999,0.001,1.4636376,39557.77297297298,40006.9,0.0400069,0.71399669,19297.207837837843,19412.619,0.019412619,0.5,1.0,20.0,10 V,2.0,True,1
6.8313,0.03599999999999999,0.001,1.4242686,39563.01666666667,40006.9,0.0400069,0.69452453,19292.348055555558,19416.164,0.019416164,0.5,1.0,20.0,10 V,2.0,True,1
6.8646,0.03499999999999999,0.001,1.3848226,39566.36000000001,40017.9,0.0400179,0.67544941,19298.554571428576,19415.887,0.019415887,0.5,1.0,20.0,10 V,2.0,True,1
6.8980,0.03399999999999999,0.001,1.3457944,39582.18823529413,40012.4,0.0400124,0.65605045,19295.60147058824,19411.733,0.019411733,0.5,1.0,20.0,10 V,2.0,True,1
6.9316,0.03299999999999999,0.001,1.3066674,39595.981818181834,40001.4,0.0400014,0.6368206,19297.593939393944,19416.385000000002,0.019416385,0.5,1.0,20.0,10 V,2.0,True,1
6.9651,0.03199999999999999,0.001,1.2674469,39607.71562500002,40012.4,0.0400124,0.61760797,19300.24906250001,19409.573,0.019409573,0.5,1.0,20.0,10 V,2.0,True,1
6.9986,0.030999999999999986,0.001,1.2282976,39622.50322580647,40001.4,0.0400014,0.59806043,19292.271935483877,19406.693,0.019406693,0.5,1.0,20.0,10 V,2.0,True,1
7.0320,0.029999999999999985,0.001,1.1888902,39629.67333333335,40006.9,0.0400069,0.57928915,19309.638333333343,19407.911,0.019407911,0.5,1.0,20.0,10 V,2.0,True,1
7.0656,0.028999999999999984,0.001,1.1495432,39639.4206896552,40034.4,0.0400344,0.55976488,19302.237241379324,19416.329999999998,0.01941633,0.5,1.0,20.0,10 V,2.0,True,1
7.0991,0.027999999999999983,0.001,1.1104547,39659.09642857145,40023.4,0.0400234,0.54053891,19304.961071428585,19415.388,0.019415388,0.5,1.0,20.0,10 V,2.0,True,1
7.1326,0.026999999999999982,0.001,1.0710967,39670.248148148174,40023.4,0.0400234,0.52142995,19312.220370370385,19422.644,0.019422644,0.5,1.0,20.0,10 V,2.0,True,1
7.1661,0.02599999999999998,0.001,1.0318155,39685.21153846157,40028.9,0.0400289,0.50219956,19315.367692307707,19416.607,0.019416607,0.5,1.0,20.0,10 V,2.0,True,1
7.1998,0.02499999999999998,0.001,0.9922541,39690.16400000003,40017.9,0.0400179,0.48299414,19319.765600000017,19411.400999999998,0.019411401,0.5,1.0,20.0,10 V,2.0,True,1
7.2335,0.02399999999999998,0.001,0.9528301,39701.2541666667,40023.4,0.0400234,0.46346379,19310.991250000014,19413.561,0.019413561,0.5,1.0,20.0,10 V,2.0,True,1
7.2667,0.02299999999999998,0.001,0.9133951,39712.83043478264,40023.4,0.0400234,0.44431211,19317.917826086974,19408.465,0.019408465,0.5,1.0,20.0,10 V,2.0,True,1
7.3002,0.021999999999999978,0.001,0.8738501,39720.45909090913,40017.9,0.0400179,0.42517489,19326.131363636385,19414.114,0.019414114,0.5,1.0,20.0,10 V,2.0,True,1
7.3339,0.020999999999999977,0.001,0.8342885,39728.02380952385,40012.4,0.0400124,0.40581474,19324.511428571448,19410.514000000003,0.019410514,0.5,1.0,20.0,10 V,2.0,True,1
7.3676,0.019999999999999976,0.001,0.794914,39745.70000000004,40012.4,0.0400124,0.3865239,19326.19500000002,19407.025,0.019407025,0.5,1.0,20.0,10 V,2.0,True,1
7.4010,0.018999999999999975,0.001,0.7552701,39751.05789473689,40012.4,0.0400124,0.3672708,19330.042105263183,19411.400999999998,0.019411401,0.5,1.0,20.0,10 V,2.0,True,1
7.4345,0.017999999999999974,0.001,0.7157856,39765.86666666673,40017.9,0.0400179,0.34796167,19331.20388888892,19411.899,0.019411899,0.5,1.0,20.0,10 V,2.0,True,1
7.4679,0.016999999999999973,0.001,0.6760592,39768.18823529418,40017.9,0.0400179,0.3286154,19330.317647058855,19407.413,0.019407413,0.5,1.0,20.0,10 V,2.0,True,1
7.5015,0.015999999999999973,0.001,0.6366463,39790.39375000007,40023.4,0.0400234,0.30923142,19326.96375000003,19406.582,0.019406582,0.5,1.0,20.0,10 V,2.0,True,1
7.5351,0.014999999999999972,0.001,0.5969085,39793.900000000074,40001.4,0.0400014,0.29007755,19338.50333333337,19409.296000000002,0.019409296,0.5,1.0,20.0,10 V,2.0,True,1
7.5684,0.01399999999999997,0.001,0.5573251,39808.9357142858,40012.4,0.0400124,0.27075677,19339.769285714323,19411.844,0.019411844,0.5,1.0,20.0,10 V,2.0,True,1
7.6019,0.01299999999999997,0.001,0.5176427,39818.66923076932,40012.4,0.0400124,0.25143656,19341.273846153887,19404.976000000002,0.019404976,0.5,1.0,20.0,10 V,2.0,True,1
7.6354,0.011999999999999969,0.001,0.4779657,39830.4750000001,40001.4,0.0400014,0.23220953,19350.794166666714,19400.988,0.019400988,0.5,1.0,20.0,10 V,2.0,True,1
7.6507,0.011999999999999969,0.001,0.4779657,39830.4750000001,39990.4,0.0399904,0.23220953,19350.794166666714,19401.099000000002,0.019401099,0.5,1.0,20.0,10 V,2.0,True,1
7.6674,0.011999999999999969,0.001,0.4779657,39830.4750000001,39990.4,0.0399904,0.23220953,19350.794166666714,19401.044,0.019401044,0.5,1.0,20.0,10 V,2.0,True,1
7.6842,0.011999999999999969,0.001,0.4779657,39830.4750000001,39968.4,0.0399684,0.23220953,19350.794166666714,19399.382,0.019399382,0.5,1.0,20.0,10 V,2.0,True,1
7.7009,0.011999999999999969,0.001,0.4779657,39830.4750000001,39984.9,0.0399849,0.23220953,19350.794166666714,19398.551,0.019398551,0.5,1.0,20.0,10 V,2.0,True,1
7.7177,0.011999999999999969,0.001,0.4779657,39830.4750000001,39968.4,0.0399684,0.23220953,19350.794166666714,19402.151,0.019402151,0.5,1.0,20.0,10 V,2.0,True,1
7.7344,0.011999999999999969,0.001,0.4779657,39830.4750000001,39990.4,0.0399904,0.23220953,19350.794166666714,19409.905000000002,0.019409905,0.5,1.0,20.0,10 V,2.0,True,1
7.7513,0.011999999999999969,0.001,0.4779657,39830.4750000001,39984.9,0.0399849,0.23220953,19350.794166666714,19403.924,0.019403924,0.5,1.0,20.0,10 V,2.0,True,1
7.7681,0.011999999999999969,0.001,0.4779657,39830.4750000001,39979.4,0.0399794,0.23220953,19350.794166666714,19408.244000000002,0.019408244,0.5,1.0,20.0,10 V,2.0,True,1
7.7847,0.011999999999999969,0.001,0.4779657,39830.4750000001,39973.9,0.0399739,0.23220953,19350.794166666714,19403.647,0.019403647,0.5,1.0,20.0,10 V,2.0,True,1
7.8015,0.011999999999999969,0.001,0.4779657,39830.4750000001,39979.4,0.0399794,0.23220953,19350.794166666714,19402.65,0.01940265,0.5,1.0,20.0,10 V,2.0,True,1
7.8182,0.011999999999999969,0.001,0.4779657,39830.4750000001,39984.9,0.0399849,0.23220953,19350.794166666714,19403.813,0.019403813,0.5,1.0,20.0,10 V,2.0,True,1
7.8349,0.011999999999999969,0.001,0.4779657,39830.4750000001,39984.9,0.0399849,0.23220953,19350.794166666714,19405.862,0.019405862,0.5,1.0,20.0,10 V,2.0,True,1
7.8516,0.011999999999999969,0.001,0.4779657,39830.4750000001,39984.9,0.0399849,0.23220953,19350.794166666714,19409.517000000003,0.019409517,0.5,1.0,20.0,10 V,2.0,True,1
7.8683,0.011999999999999969,0.001,0.4779657,39830.4750000001,39973.9,0.0399739,0.23220953,19350.794166666714,19402.594,0.019402594,0.5,1.0,20.0,10 V,2.0,True,1
7.8851,0.011999999999999969,0.001,0.4779657,39830.4750000001,39984.9,0.0399849,0.23220953,19350.794166666714,19397.056,0.019397056,0.5,1.0,20.0,10 V,2.0,True,1
7.9018,0.011999999999999969,0.001,0.4779657,39830.4750000001,39979.4,0.0399794,0.23220953,19350.794166666714,19397.277000000002,0.019397277,0.5,1.0,20.0,10 V,2.0,True,1
7.9185,0.011999999999999969,0.001,0.4779657,39830.4750000001,39973.9,0.0399739,0.23220953,19350.794166666714,19407.136,0.019407136,0.5,1.0,20.0,10 V,2.0,True,1
7.9353,0.011999999999999969,0.001,0.4779657,39830.4750000001,39968.4,0.0399684,0.23220953,19350.794166666714,19398.607,0.019398607,0.5,1.0,20.0,10 V,2.0,True,1
7.9520,0.011999999999999969,0.001,0.4779657,39830.4750000001,39968.4,0.0399684,0.23220953,19350.794166666714,19404.865,0.019404865,0.5,1.0,20.0,10 V,2.0,True,1
7.9690,0.011999999999999969,0.001,0.4779657,39830.4750000001,39973.9,0.0399739,0.23220953,19350.794166666714,19402.04,0.01940204,0.5,1.0,20.0,10 V,2.0,True,1
7.9857,0.011999999999999969,0.001,0.4779657,39830.4750000001,39973.9,0.0399739,0.23220953,19350.794166666714,19405.807,0.019405807,0.5,1.0,20.0,10 V,2.0,True,1
8.0024,0.011999999999999969,0.001,0.4779657,39830.4750000001,39979.4,0.0399794,0.23220953,19350.794166666714,19407.191000000003,0.019407191,0.5,1.0,20.0,10 V,2.0,True,1
8.0193,0.011999999999999969,0.001,0.4779657,39830.4750000001,39984.9,0.0399849,0.23220953,19350.794166666714,19396.724000000002,0.019396724,0.5,1.0,20.0,10 V,2.0,True,1
8.0361,0.011999999999999969,0.001,0.4779657,39830.4750000001,39968.4,0.0399684,0.23220953,19350.794166666714,19406.084000000003,0.019406084,0.5,1.0,20.0,10 V,2.0,True,1
8.0528,0.011999999999999969,0.001,0.4779657,39830.4750000001,39990.4,0.0399904,0.23220953,19350.794166666714,19405.031,0.019405031,0.5,1.0,20.0,10 V,2.0,True,1
8.0695,0.011999999999999969,0.001,0.4779657,39830.4750000001,39979.4,0.0399794,0.23220953,19350.794166666714,19399.990999999998,0.019399991,0.5,1.0,20.0,10 V,2.0,True,1
8.0863,0.011999999999999969,0.001,0.4779657,39830.4750000001,39973.9,0.0399739,0.23220953,19350.794166666714,19412.674000000003,0.019412674,0.5,1.0,20.0,10 V,2.0,True,1
8.1029,0.011999999999999969,0.001,0.4779657,39830.4750000001,39973.9,0.0399739,0.23220953,19350.794166666714,19402.816,0.019402816,0.5,1.0,20.0,10 V,2.0,True,1
8.1197,0.011999999999999969,0.001,0.4779657,39830.4750000001,39984.9,0.0399849,0.23220953,19350.794166666714,19402.760000000002,0.01940276,0.5,1.0,20.0,10 V,2.0,True,1
8.1363,0.011999999999999969,0.001,0.4779657,39830.4750000001,39990.4,0.0399904,0.23220953,19350.794166666714,19412.231,0.019412231,0.5,1.0,20.0,10 V,2.0,True,1
8.1532,0.011999999999999969,0.001,0.4779657,39830.4750000001,39973.9,0.0399739,0.23220953,19350.794166666714,19400.434,0.019400434,0.5,1.0,20.0,10 V,2.0,True,1
8.1700,0.011999999999999969,0.001,0.4779657,39830.4750000001,39973.9,0.0399739,0.23220953,19350.794166666714,19402.484,0.019402484,0.5,1.0,20.0,10 V,2.0,True,1
8.1868,0.011999999999999969,0.001,0.4779657,39830.4750000001,39968.4,0.0399684,0.23220953,19350.794166666714,19400.268,0.019400268,0.5,1.0,20.0,10 V,2.0,True,1
8.2034,0.011999999999999969,0.001,0.4779657,39830.4750000001,39973.9,0.0399739,0.23220953,19350.794166666714,19407.967000000004,0.019407967,0.5,1.0,20.0,10 V,2.0,True,1
8.2203,0.011999999999999969,0.001,0.4779657,39830.4750000001,39973.9,0.0399739,0.23220953,19350.794166666714,19402.207000000002,0.019402207,0.5,1.0,20.0,10 V,2.0,True,1
8.2371,0.011999999999999969,0.001,0.4779657,39830.4750000001,39979.4,0.0399794,0.23220953,19350.794166666714,19412.507999999998,0.019412508,0.5,1.0,20.0,10 V,2.0,True,1
8.2538,0.011999999999999969,0.001,0.4779657,39830.4750000001,39968.4,0.0399684,0.23220953,19350.794166666714,19406.471,0.019406471,0.5,1.0,20.0,10 V,2.0,True,1
8.2704,0.011999999999999969,0.001,0.4779657,39830.4750000001,39984.9,0.0399849,0.23220953,19350.794166666714,19410.791,0.019410791,0.5,1.0,20.0,10 V,2.0,True,1
8.2873,0.011999999999999969,0.001,0.4779657,39830.4750000001,39979.4,0.0399794,0.23220953,19350.794166666714,19414.391,0.019414391,0.5,1.0,20.0,10 V,2.0,True,1
8.3039,0.011999999999999969,0.001,0.4779657,39830.4750000001,39962.9,0.0399629,0.23220953,19350.794166666714,19407.801,0.019407801,0.5,1.0,20.0,10 V,2.0,True,1
8.3207,0.011999999999999969,0.001,0.4779657,39830.4750000001,39968.4,0.0399684,0.23220953,19350.794166666714,19414.059,0.019414059,0.5,1.0,20.0,10 V,2.0,True,1
8.3375,0.011999999999999969,0.001,0.4779657,39830.4750000001,39979.4,0.0399794,0.23220953,19350.794166666714,19415.776,0.019415776,0.5,1.0,20.0,10 V,2.0,True,1
8.3541,0.011999999999999969,0.001,0.4779657,39830.4750000001,39973.9,0.0399739,0.23220953,19350.794166666714,19405.807,0.019405807,0.5,1.0,20.0,10 V,2.0,True,1
8.3710,0.011999999999999969,0.001,0.4779657,39830.4750000001,39968.4,0.0399684,0.23220953,19350.794166666714,19407.081000000002,0.019407081,0.5,1.0,20.0,10 V,2.0,True,1
8.3876,0.011999999999999969,0.001,0.4779657,39830.4750000001,39984.9,0.0399849,0.23220953,19350.794166666714,19405.973,0.019405973,0.5,1.0,20.0,10 V,2.0,True,1
8.4045,0.011999999999999969,0.001,0.4779657,39830.4750000001,39968.4,0.0399684,0.23220953,19350.794166666714,19410.681,0.019410681,0.5,1.0,20.0,10 V,2.0,True,1
8.4212,0.011999999999999969,0.001,0.4779657,39830.4750000001,39962.9,0.0399629,0.23220953,19350.794166666714,19405.364,0.019405364,0.5,1.0,20.0,10 V,2.0,True,1
8.4380,0.011999999999999969,0.001,0.4779657,39830.4750000001,39968.4,0.0399684,0.23220953,19350.794166666714,19405.917,0.019405917,0.5,1.0,20.0,10 V,2.0,True,1
8.4548,0.011999999999999969,0.001,0.4779657,39830.4750000001,39957.4,0.0399574,0.23220953,19350.794166666714,19404.533000000003,0.019404533,0.5,1.0,20.0,10 V,2.0,True,1
8.4715,0.011999999999999969,0.001,0.4779657,39830.4750000001,39968.4,0.0399684,0.23220953,19350.794166666714,19402.816,0.019402816,0.5,1.0,20.0,10 V,2.0,True,1
8.4883,0.011999999999999969,0.001,0.4779657,39830.4750000001,39962.9,0.0399629,0.23220953,19350.794166666714,19407.745000000003,0.019407745,0.5,1.0,20.0,10 V,2.0,True,1
8.5052,0.011999999999999969,0.001,0.4779657,39830.4750000001,39962.9,0.0399629,0.23220953,19350.794166666714,19410.237,0.019410237,0.5,1.0,20.0,10 V,2.0,True,1
8.5220,0.011999999999999969,0.001,0.4779657,39830.4750000001,39979.4,0.0399794,0.23220953,19350.794166666714,19403.979,0.019403979,0.5,1.0,20.0,10 V,2.0,True,1
8.5387,0.011999999999999969,0.001,0.4779657,39830.4750000001,39962.9,0.0399629,0.23220953,19350.794166666714,19413.394,0.019413394,0.5,1.0,20.0,10 V,2.0,True,1
8.5554,0.011999999999999969,0.001,0.4779657,39830.4750000001,39968.4,0.0399684,0.23220953,19350.794166666714,19412.010000000002,0.01941201,0.5,1.0,20.0,10 V,2.0,True,1
8.5722,0.011999999999999969,0.001,0.4779657,39830.4750000001,39973.9,0.0399739,0.23220953,19350.794166666714,19411.953999999998,0.019411954,0.5,1.0,20.0,10 V,2.0,True,1
8.5890,0.011999999999999969,0.001,0.4779657,39830.4750000001,39968.4,0.0399684,0.23220953,19350.794166666714,19413.948,0.019413948,0.5,1.0,20.0,10 V,2.0,True,1
8.6058,0.011999999999999969,0.001,0.4779657,39830.4750000001,39979.4,0.0399794,0.23220953,19350.794166666714,19417.493000000002,0.019417493,0.5,1.0,20.0,10 V,2.0,True,1
8.6226,0.011999999999999969,0.001,0.4779657,39830.4750000001,39973.9,0.0399739,0.23220953,19350.794166666714,19409.517000000003,0.019409517,0.5,1.0,20.0,10 V,2.0,True,1
8.6392,0.011999999999999969,0.001,0.4779657,39830.4750000001,39973.9,0.0399739,0.23220953,19350.794166666714,19402.927,0.019402927,0.5,1.0,20.0,10 V,2.0,True,1
8.6561,0.011999999999999969,0.001,0.4779657,39830.4750000001,39973.9,0.0399739,0.23220953,19350.794166666714,19405.696,0.019405696,0.5,1.0,20.0,10 V,2.0,True,1
8.6727,0.011999999999999969,0.001,0.4779657,39830.4750000001,39968.4,0.0399684,0.23220953,19350.794166666714,19402.428,0.019402428,0.5,1.0,20.0,10 V,2.0,True,1
8.6895,0.011999999999999969,0.001,0.4779657,39830.4750000001,39968.4,0.0399684,0.23220953,19350.794166666714,19401.542,0.019401542,0.5,1.0,20.0,10 V,2.0,True,1
8.7064,0.011999999999999969,0.001,0.4779657,39830.4750000001,39962.9,0.0399629,0.23220953,19350.794166666714,19400.047000000002,0.019400047,0.5,1.0,20.0,10 V,2.0,True,1
8.7229,0.011999999999999969,0.001,0.4779657,39830.4750000001,39957.4,0.0399574,0.23220953,19350.794166666714,19408.410000000003,0.01940841,0.5,1.0,20.0,10 V,2.0,True,1
8.7397,0.011999999999999969,0.001,0.4779657,39830.4750000001,39962.9,0.0399629,0.23220953,19350.794166666714,19405.364,0.019405364,0.5,1.0,20.0,10 V,2.0,True,1
8.7564,0.011999999999999969,0.001,0.4779657,39830.4750000001,39962.9,0.0399629,0.23220953,19350.794166666714,19408.244000000002,0.019408244,0.5,1.0,20.0,10 V,2.0,True,1
8.7732,0.011999999999999969,0.001,0.4779657,39830.4750000001,39962.9,0.0399629,0.23220953,19350.794166666714,19409.241,0.019409241,0.5,1.0,20.0,10 V,2.0,True,1
8.7900,0.011999999999999969,0.001,0.4779657,39830.4750000001,39968.4,0.0399684,0.23220953,19350.794166666714,19407.468,0.019407468,0.5,1.0,20.0,10 V,2.0,True,1
8.8066,0.011999999999999969,0.001,0.4779657,39830.4750000001,39962.9,0.0399629,0.23220953,19350.794166666714,19408.853000000003,0.019408853,0.5,1.0,20.0,10 V,2.0,True,1
8.8232,0.011999999999999969,0.001,0.4779657,39830.4750000001,39962.9,0.0399629,0.23220953,19350.794166666714,19413.616,0.019413616,0.5,1.0,20.0,10 V,2.0,True,1
8.8400,0.011999999999999969,0.001,0.4779657,39830.4750000001,39962.9,0.0399629,0.23220953,19350.794166666714,19414.724000000002,0.019414724,0.5,1.0,20.0,10 V,2.0,True,1
8.8566,0.011999999999999969,0.001,0.4779657,39830.4750000001,39968.4,0.0399684,0.23220953,19350.794166666714,19411.234,0.019411234,0.5,1.0,20.0,10 V,2.0,True,1
8.8733,0.011999999999999969,0.001,0.4779657,39830.4750000001,39968.4,0.0399684,0.23220953,19350.794166666714,19412.507999999998,0.019412508,0.5,1.0,20.0,10 V,2.0,True,1
8.8901,0.011999999999999969,0.001,0.4779657,39830.4750000001,39957.4,0.0399574,0.23220953,19350.794166666714,19405.862,0.019405862,0.5,1.0,20.0,10 V,2.0,True,1
8.9070,0.011999999999999969,0.001,0.4779657,39830.4750000001,39979.4,0.0399794,0.23220953,19350.794166666714,19417.493000000002,0.019417493,0.5,1.0,20.0,10 V,2.0,True,1
8.9236,0.011999999999999969,0.001,0.4779657,39830.4750000001,39979.4,0.0399794,0.23220953,19350.794166666714,19410.459000000003,0.019410459,0.5,1.0,20.0,10 V,2.0,True,1
8.9403,0.011999999999999969,0.001,0.4779657,39830.4750000001,39962.9,0.0399629,0.23220953,19350.794166666714,19409.019,0.019409019,0.5,1.0,20.0,10 V,2.0,True,1
8.9571,0.011999999999999969,0.001,0.4779657,39830.4750000001,39973.9,0.0399739,0.23220953,19350.794166666714,19405.087000000003,0.019405087,0.5,1.0,20.0,10 V,2.0,True,1
8.9739,0.011999999999999969,0.001,0.4779657,39830.4750000001,39973.9,0.0399739,0.23220953,19350.794166666714,19407.967000000004,0.019407967,0.5,1.0,20.0,10 V,2.0,True,1
8.9907,0.011999999999999969,0.001,0.4779657,39830.4750000001,39968.4,0.0399684,0.23220953,19350.794166666714,19409.407,0.019409407,0.5,1.0,20.0,10 V,2.0,True,1
9.0076,0.011999999999999969,0.001,0.4779657,39830.4750000001,39968.4,0.0399684,0.23220953,19350.794166666714,19403.536,0.019403536,0.5,1.0,20.0,10 V,2.0,True,1
9.0243,0.011999999999999969,0.001,0.4779657,39830.4750000001,39968.4,0.0399684,0.23220953,19350.794166666714,19398.773,0.019398773,0.5,1.0,20.0,10 V,2.0,True,1
9.0410,0.011999999999999969,0.001,0.4779657,39830.4750000001,39957.4,0.0399574,0.23220953,19350.794166666714,19395.56,0.01939556,0.5,1.0,20.0,10 V,2.0,True,1
9.0578,0.011999999999999969,0.001,0.4779657,39830.4750000001,39957.4,0.0399574,0.23220953,19350.794166666714,19396.447,0.019396447,0.5,1.0,20.0,10 V,2.0,True,1
9.0745,0.011999999999999969,0.001,0.4779657,39830.4750000001,39968.4,0.0399684,0.23220953,19350.794166666714,19403.757,0.019403757,0.5,1.0,20.0,10 V,2.0,True,1
9.0913,0.011999999999999969,0.001,0.4779657,39830.4750000001,39962.9,0.0399629,0.23220953,19350.794166666714,19397.277000000002,0.019397277,0.5,1.0,20.0,10 V,2.0,True,1
9.1081,0.011999999999999969,0.001,0.4779657,39830.4750000001,39957.4,0.0399574,0.23220953,19350.794166666714,19402.594,0.019402594,0.5,1.0,20.0,10 V,2.0,True,1
9.1248,0.011999999999999969,0.001,0.4779657,39830.4750000001,39962.9,0.0399629,0.23220953,19350.794166666714,19398.385000000002,0.019398385,0.5,1.0,20.0,10 V,2.0,True,1
9.1416,0.011999999999999969,0.001,0.4779657,39830.4750000001,39962.9,0.0399629,0.23220953,19350.794166666714,19408.964,0.019408964,0.5,1.0,20.0,10 V,2.0,True,1
9.1583,0.011999999999999969,0.001,0.4779657,39830.4750000001,39968.4,0.0399684,0.23220953,19350.794166666714,19405.751,0.019405751,0.5,1.0,20.0,10 V,2.0,True,1
9.1751,0.011999999999999969,0.001,0.4779657,39830.4750000001,39962.9,0.0399629,0.23220953,19350.794166666714,19400.656,0.019400656,0.5,1.0,20.0,10 V,2.0,True,1
9.1920,0.011999999999999969,0.001,0.4779657,39830.4750000001,39973.9,0.0399739,0.23220953,19350.794166666714,19397.000000000004,0.019397,0.5,1.0,20.0,10 V,2.0,True,1
9.2086,0.011999999999999969,0.001,0.4779657,39830.4750000001,39957.4,0.0399574,0.23220953,19350.794166666714,19400.157000000003,0.019400157,0.5,1.0,20.0,10 V,2.0,True,1
9.2251,0.011999999999999969,0.001,0.4779657,39830.4750000001,39957.4,0.0399574,0.23220953,19350.794166666714,19396.557,0.019396557,0.5,1.0,20.0,10 V,2.0,True,1
9.2419,0.011999999999999969,0.001,0.4779657,39830.4750000001,39957.4,0.0399574,0.23220953,19350.794166666714,19402.096,0.019402096,0.5,1.0,20.0,10 V,2.0,True,1
9.2587,0.011999999999999969,0.001,0.4779657,39830.4750000001,39951.9,0.0399519,0.23220953,19350.794166666714,19399.714,0.019399714,0.5,1.0,20.0,10 V,2.0,True,1
9.2753,0.011999999999999969,0.001,0.4779657,39830.4750000001,39962.9,0.0399629,0.23220953,19350.794166666714,19405.530000000002,0.01940553,0.5,1.0,20.0,10 V,2.0,True,1
9.2921,0.011999999999999969,0.001,0.4779657,39830.4750000001,39968.4,0.0399684,0.23220953,19350.794166666714,19402.484,0.019402484,0.5,1.0,20.0,10 V,2.0,True,1
9.3088,0.011999999999999969,0.001,0.4779657,39830.4750000001,39968.4,0.0399684,0.23220953,19350.794166666714,19404.034,0.019404034,0.5,1.0,20.0,10 V,2.0,True,1
9.3256,0.011999999999999969,0.001,0.4779657,39830.4750000001,39962.9,0.0399629,0.23220953,19350.794166666714,19397.167,0.019397167,0.5,1.0,20.0,10 V,2.0,True,1
9.3424,0.011999999999999969,0.001,0.4779657,39830.4750000001,39946.4,0.0399464,0.23220953,19350.794166666714,19395.671000000002,0.019395671,0.5,1.0,20.0,10 V,2.0,True,1
9.3592,0.011999999999999969,0.001,0.4779657,39830.4750000001,39957.4,0.0399574,0.23220953,19350.794166666714,19399.714,0.019399714,0.5,1.0,20.0,10 V,2.0,True,1
9.3759,0.011999999999999969,0.001,0.4779657,39830.4750000001,39946.4,0.0399464,0.23220953,19350.794166666714,19399.77,0.01939977,0.5,1.0,20.0,10 V,2.0,True,1
9.3926,0.011999999999999969,0.001,0.4779657,39830.4750000001,39957.4,0.0399574,0.23220953,19350.794166666714,19391.739,0.019391739,0.5,1.0,20.0,10 V,2.0,True,1
9.4094,0.011999999999999969,0.001,0.4779657,39830.4750000001,39951.9,0.0399519,0.23220953,19350.794166666714,19397.887,0.019397887,0.5,1.0,20.0,10 V,2.0,True,1
9.4262,0.011999999999999969,0.001,0.4779657,39830.4750000001,39962.9,0.0399629,0.23220953,19350.794166666714,19395.394,0.019395394,0.5,1.0,20.0,10 V,2.0,True,1
9.4429,0.011999999999999969,0.001,0.4779657,39830.4750000001,39946.4,0.0399464,0.23220953,19350.794166666714,19396.447,0.019396447,0.5,1.0,20.0,10 V,2.0,True,1
9.4597,0.011999999999999969,0.001,0.4779657,39830.4750000001,39957.4,0.0399574,0.23220953,19350.794166666714,19401.930000000004,0.01940193,0.5,1.0,20.0,10 V,2.0,True,1
9.4772,0.011999999999999969,0.001,0.4779657,39830.4750000001,39940.9,0.0399409,0.23220953,19350.794166666714,19397.72,0.01939772,0.5,1.0,20.0,10 V,2.0,True,1
9.4933,0.011999999999999969,0.001,0.4779657,39830.4750000001,39957.4,0.0399574,0.23220953,19350.794166666714,19400.600000000002,0.0194006,0.5,1.0,20.0,10 V,2.0,True,1
9.5101,0.011999999999999969,0.001,0.4779657,39830.4750000001,39957.4,0.0399574,0.23220953,19350.794166666714,19404.201,0.019404201,0.5,1.0,20.0,10 V,2.0,True,1
9.5269,0.011999999999999969,0.001,0.4779657,39830.4750000001,39962.9,0.0399629,0.23220953,19350.794166666714,19407.634000000002,0.019407634,0.5,1.0,20.0,10 V,2.0,True,1
9.5436,0.011999999999999969,0.001,0.4779657,39830.4750000001,39962.9,0.0399629,0.23220953,19350.794166666714,19402.594,0.019402594,0.5,1.0,20.0,10 V,2.0,True,1
9.5607,0.011999999999999969,0.001,0.4779657,39830.4750000001,39968.4,0.0399684,0.23220953,19350.794166666714,19402.373000000003,0.019402373,0.5,1.0,20.0,10 V,2.0,True,1
9.5774,0.011999999999999969,0.001,0.4779657,39830.4750000001,39979.4,0.0399794,0.23220953,19350.794166666714,19409.961,0.019409961,0.5,1.0,20.0,10 V,2.0,True,1
9.5940,0.011999999999999969,0.001,0.4779657,39830.4750000001,39962.9,0.0399629,0.23220953,19350.794166666714,19402.65,0.01940265,0.5,1.0,20.0,10 V,2.0,True,1
9.6108,0.011999999999999969,0.001,0.4779657,39830.4750000001,39962.9,0.0399629,0.23220953,19350.794166666714,19408.576,0.019408576,0.5,1.0,20.0,10 V,2.0,True,1
9.6275,0.011999999999999969,0.001,0.4779657,39830.4750000001,39973.9,0.0399739,0.23220953,19350.794166666714,19412.010000000002,0.01941201,0.5,1.0,20.0,10 V,2.0,True,1
9.6440,0.011999999999999969,0.001,0.4779657,39830.4750000001,39957.4,0.0399574,0.23220953,19350.794166666714,19403.093,0.019403093,0.5,1.0,20.0,10 V,2.0,True,1
9.6608,0.011999999999999969,0.001,0.4779657,39830.4750000001,39957.4,0.0399574,0.23220953,19350.794166666714,19401.265000000003,0.019401265,0.5,1.0,20.0,10 V,2.0,True,1
9.6774,0.011999999999999969,0.001,0.4779657,39830.4750000001,39962.9,0.0399629,0.23220953,19350.794166666714,19403.757,0.019403757,0.5,1.0,20.0,10 V,2.0,True,1
9.6943,0.011999999999999969,0.001,0.4779657,39830.4750000001,39968.4,0.0399684,0.23220953,19350.794166666714,19400.213,0.019400213,0.5,1.0,20.0,10 V,2.0,True,1
9.7110,0.011999999999999969,0.001,0.4779657,39830.4750000001,39962.9,0.0399629,0.23220953,19350.794166666714,19401.154000000002,0.019401154,0.5,1.0,20.0,10 V,2.0,True,1
9.7278,0.011999999999999969,0.001,0.4779657,39830.4750000001,39957.4,0.0399574,0.23220953,19350.794166666714,19407.468,0.019407468,0.5,1.0,20.0,10 V,2.0,True,1
9.7446,0.011999999999999969,0.001,0.4779657,39830.4750000001,39940.9,0.0399409,0.23220953,19350.794166666714,19400.933,0.019400933,0.5,1.0,20.0,10 V,2.0,True,1
9.7612,0.011999999999999969,0.001,0.4779657,39830.4750000001,39973.9,0.0399739,0.23220953,19350.794166666714,19407.579,0.019407579,0.5,1.0,20.0,10 V,2.0,True,1
9.7780,0.011999999999999969,0.001,0.4779657,39830.4750000001,39968.4,0.0399684,0.23220953,19350.794166666714,19406.084000000003,0.019406084,0.5,1.0,20.0,10 V,2.0,True,1
9.7949,0.011999999999999969,0.001,0.4779657,39830.4750000001,39957.4,0.0399574,0.23220953,19350.794166666714,19400.711000000003,0.019400711,0.5,1.0,20.0,10 V,2.0,True,1
9.8117,0.011999999999999969,0.001,0.4779657,39830.4750000001,39979.4,0.0399794,0.23220953,19350.794166666714,19405.917,0.019405917,0.5,1.0,20.0,10 V,2.0,True,1
9.8284,0.011999999999999969,0.001,0.4779657,39830.4750000001,39957.4,0.0399574,0.23220953,19350.794166666714,19401.985,0.019401985,0.5,1.0,20.0,10 V,2.0,True,1
9.8451,0.011999999999999969,0.001,0.4779657,39830.4750000001,39979.4,0.0399794,0.23220953,19350.794166666714,19410.957000000002,0.019410957,0.5,1.0,20.0,10 V,2.0,True,1
9.8620,0.011999999999999969,0.001,0.4779657,39830.4750000001,39968.4,0.0399684,0.23220953,19350.794166666714,19408.797,0.019408797,0.5,1.0,20.0,10 V,2.0,True,1
9.8788,0.011999999999999969,0.001,0.4779657,39830.4750000001,39973.9,0.0399739,0.23220953,19350.794166666714,19416.385000000002,0.019416385,0.5,1.0,20.0,10 V,2.0,True,1
9.8954,0.011999999999999969,0.001,0.4779657,39830.4750000001,39962.9,0.0399629,0.23220953,19350.794166666714,19406.804,0.019406804,0.5,1.0,20.0,10 V,2.0,True,1
9.9123,0.011999999999999969,0.001,0.4779657,39830.4750000001,39968.4,0.0399684,0.23220953,19350.794166666714,19409.351,0.019409351,0.5,1.0,20.0,10 V,2.0,True,1
9.9290,0.011999999999999969,0.001,0.4779657,39830.4750000001,39962.9,0.0399629,0.23220953,19350.794166666714,19409.85,0.01940985,0.5,1.0,20.0,10 V,2.0,True,1
9.9458,0.011999999999999969,0.001,0.4779657,39830.4750000001,39962.9,0.0399629,0.23220953,19350.794166666714,19401.487,0.019401487,0.5,1.0,20.0,10 V,2.0,True,1
9.9626,0.011999999999999969,0.001,0.4779657,39830.4750000001,39957.4,0.0399574,0.23220953,19350.794166666714,19407.468,0.019407468,0.5,1.0,20.0,10 V,2.0,True,1
9.9793,0.011999999999999969,0.001,0.4779657,39830.4750000001,39973.9,0.0399739,0.23220953,19350.794166666714,19402.65,0.01940265,0.5,1.0,20.0,10 V,2.0,True,1
9.9962,0.011999999999999969,0.001,0.4779657,39830.4750000001,39968.4,0.0399684,0.23220953,19350.794166666714,19404.921,0.019404921,0.5,1.0,20.0,10 V,2.0,True,1
10.0129,0.011999999999999969,0.001,0.4779657,39830.4750000001,39957.4,0.0399574,0.23220953,19350.794166666714,19404.422000000002,0.019404422,0.5,1.0,20.0,10 V,2.0,True,1
10.0295,0.011999999999999969,0.001,0.4779657,39830.4750000001,39962.9,0.0399629,0.23220953,19350.794166666714,19402.65,0.01940265,0.5,1.0,20.0,10 V,2.0,True,1
10.0465,0.011999999999999969,0.001,0.4779657,39830.4750000001,39962.9,0.0399629,0.23220953,19350.794166666714,19400.047000000002,0.019400047,0.5,1.0,20.0,10 V,2.0,True,1
10.0632,0.011999999999999969,0.001,0.4779657,39830.4750000001,39962.9,0.0399629,0.23220953,19350.794166666714,19398.496000000003,0.019398496,0.5,1.0,20.0,10 V,2.0,True,1
10.0799,0.011999999999999969,0.001,0.4779657,39830.4750000001,39968.4,0.0399684,0.23220953,19350.794166666714,19410.57,0.01941057,0.5,1.0,20.0,10 V,2.0,True,1
10.0966,0.011999999999999969,0.001,0.4779657,39830.4750000001,39973.9,0.0399739,0.23220953,19350.794166666714,19404.644,0.019404644,0.5,1.0,20.0,10 V,2.0,True,1
10.1133,0.011999999999999969,0.001,0.4779657,39830.4750000001,39968.4,0.0399684,0.23220953,19350.794166666714,19409.628000000004,0.019409628,0.5,1.0,20.0,10 V,2.0,True,1
10.1301,0.011999999999999969,0.001,0.4779657,39830.4750000001,39979.4,0.0399794,0.23220953,19350.794166666714,19405.308,0.019405308,0.5,1.0,20.0,10 V,2.0,True,1
10.1468,0.011999999999999969,0.001,0.4779657,39830.4750000001,39962.9,0.0399629,0.23220953,19350.794166666714,19403.536,0.019403536,0.5,1.0,20.0,10 V,2.0,True,1
10.1636,0.011999999999999969,0.001,0.4779657,39830.4750000001,39962.9,0.0399629,0.23220953,19350.794166666714,19408.742000000002,0.019408742,0.5,1.0,20.0,10 V,2.0,True,1
10.1803,0.011999999999999969,0.001,0.4779657,39830.4750000001,39973.9,0.0399739,0.23220953,19350.794166666714,19405.585,0.019405585,0.5,1.0,20.0,10 V,2.0,True,1
10.1971,0.011999999999999969,0.001,0.4779657,39830.4750000001,39968.4,0.0399684,0.23220953,19350.794166666714,19405.973,0.019405973,0.5,1.0,20.0,10 V,2.0,True,1
10.2137,0.011999999999999969,0.001,0.4779657,39830.4750000001,39957.4,0.0399574,0.23220953,19350.794166666714,19402.484,0.019402484,0.5,1.0,20.0,10 V,2.0,True,1
10.2304,0.011999999999999969,0.001,0.4779657,39830.4750000001,39951.9,0.0399519,0.23220953,19350.794166666714,19405.696,0.019405696,0.5,1.0,20.0,10 V,2.0,True,1
10.2474,0.011999999999999969,0.001,0.4779657,39830.4750000001,39962.9,0.0399629,0.23220953,19350.794166666714,19405.364,0.019405364,0.5,1.0,20.0,10 V,2.0,True,1
10.2642,0.011999999999999969,0.001,0.4779657,39830.4750000001,39973.9,0.0399739,0.23220953,19350.794166666714,19411.179,0.019411179,0.5,1.0,20.0,10 V,2.0,True,1
10.2809,0.011999999999999969,0.001,0.4779657,39830.4750000001,39962.9,0.0399629,0.23220953,19350.794166666714,19411.456000000002,0.019411456,0.5,1.0,20.0,10 V,2.0,True,1
10.2976,0.011999999999999969,0.001,0.4779657,39830.4750000001,39973.9,0.0399739,0.23220953,19350.794166666714,19406.914,0.019406914,0.5,1.0,20.0,10 V,2.0,True,1
10.3144,0.011999999999999969,0.001,0.4779657,39830.4750000001,39968.4,0.0399684,0.23220953,19350.794166666714,19408.964,0.019408964,0.5,1.0,20.0,10 V,2.0,True,1
10.3311,0.011999999999999969,0.001,0.4779657,39830.4750000001,39973.9,0.0399739,0.23220953,19350.794166666714,19415.167,0.019415167,0.5,1.0,20.0,10 V,2.0,True,1
10.3479,0.011999999999999969,0.001,0.4779657,39830.4750000001,39962.9,0.0399629,0.23220953,19350.794166666714,19405.253,0.019405253,0.5,1.0,20.0,10 V,2.0,True,1
10.3647,0.011999999999999969,0.001,0.4779657,39830.4750000001,39979.4,0.0399794,0.23220953,19350.794166666714,19408.410000000003,0.01940841,0.5,1.0,20.0,10 V,2.0,True,1
10.3814,0.011999999999999969,0.001,0.4779657,39830.4750000001,39973.9,0.0399739,0.23220953,19350.794166666714,19414.779000000002,0.019414779,0.5,1.0,20.0,10 V,2.0,True,1
10.3981,0.011999999999999969,0.001,0.4779657,39830.4750000001,39962.9,0.0399629,0.23220953,19350.794166666714,19415.554000000004,0.019415554,0.5,1.0,20.0,10 V,2.0,True,1
10.4149,0.011999999999999969,0.001,0.4779657,39830.4750000001,39968.4,0.0399684,0.23220953,19350.794166666714,19415.333000000002,0.019415333,0.5,1.0,20.0,10 V,2.0,True,1
10.4316,0.011999999999999969,0.001,0.4779657,39830.4750000001,39973.9,0.0399739,0.23220953,19350.794166666714,19418.433999999997,0.019418434,0.5,1.0,20.0,10 V,2.0,True,1
10.4483,0.011999999999999969,0.001,0.4779657,39830.4750000001,39979.4,0.0399794,0.23220953,19350.794166666714,19407.911,0.019407911,0.5,1.0,20.0,10 V,2.0,True,1
10.4650,0.011999999999999969,0.001,0.4779657,39830.4750000001,39973.9,0.0399739,0.23220953,19350.794166666714,19415.167,0.019415167,0.5,1.0,20.0,10 V,2.0,True,1
10.4818,0.011999999999999969,0.001,0.4779657,39830.4750000001,39968.4,0.0399684,0.23220953,19350.794166666714,19408.964,0.019408964,0.5,1.0,20.0,10 V,2.0,True,1
10.4986,0.011999999999999969,0.001,0.4779657,39830.4750000001,39973.9,0.0399739,0.23220953,19350.794166666714,19414.336000000003,0.019414336,0.5,1.0,20.0,10 V,2.0,True,1
10.5153,0.011999999999999969,0.001,0.4779657,39830.4750000001,39973.9,0.0399739,0.23220953,19350.794166666714,19406.028,0.019406028,0.5,1.0,20.0,10 V,2.0,True,1
10.5320,0.011999999999999969,0.001,0.4779657,39830.4750000001,39979.4,0.0399794,0.23220953,19350.794166666714,19409.628000000004,0.019409628,0.5,1.0,20.0,10 V,2.0,True,1
10.5488,0.011999999999999969,0.001,0.4779657,39830.4750000001,39962.9,0.0399629,0.23220953,19350.794166666714,19407.69,0.01940769,0.5,1.0,20.0,10 V,2.0,True,1
10.5655,0.011999999999999969,0.001,0.4779657,39830.4750000001,39957.4,0.0399574,0.23220953,19350.794166666714,19408.022,0.019408022,0.5,1.0,20.0,10 V,2.0,True,1
10.5824,0.011999999999999969,0.001,0.4779657,39830.4750000001,39962.9,0.0399629,0.23220953,19350.794166666714,19405.530000000002,0.01940553,0.5,1.0,20.0,10 V,2.0,True,1
10.5992,0.011999999999999969,0.001,0.4779657,39830.4750000001,39968.4,0.0399684,0.23220953,19350.794166666714,19409.684,0.019409684,0.5,1.0,20.0,10 V,2.0,True,1
10.6156,0.011999999999999969,0.001,0.4779657,39830.4750000001,39973.9,0.0399739,0.23220953,19350.794166666714,19410.514000000003,0.019410514,0.5,1.0,20.0,10 V,2.0,True,1
10.6325,0.011999999999999969,0.001,0.4779657,39830.4750000001,39973.9,0.0399739,0.23220953,19350.794166666714,19401.653000000002,0.019401653,0.5,1.0,20.0,10 V,2.0,True,1
10.6493,0.011999999999999969,0.001,0.4779657,39830.4750000001,39968.4,0.0399684,0.23220953,19350.794166666714,19404.422000000002,0.019404422,0.5,1.0,20.0,10 V,2.0,True,1
10.6659,0.011999999999999969,0.001,0.4779657,39830.4750000001,39968.4,0.0399684,0.23220953,19350.794166666714,19414.945,0.019414945,0.5,1.0,20.0,10 V,2.0,True,1
10.6828,0.011999999999999969,0.001,0.4779657,39830.4750000001,39968.4,0.0399684,0.23220953,19350.794166666714,19413.284,0.019413284,0.5,1.0,20.0,10 V,2.0,True,1
10.6995,0.011999999999999969,0.001,0.4779657,39830.4750000001,39973.9,0.0399739,0.23220953,19350.794166666714,19413.948,0.019413948,0.5,1.0,20.0,10 V,2.0,True,1
10.7163,0.011999999999999969,0.001,0.4779657,39830.4750000001,39973.9,0.0399739,0.23220953,19350.794166666714,19411.567000000003,0.019411567,0.5,1.0,20.0,10 V,2.0,True,1
10.7329,0.011999999999999969,0.001,0.4779657,39830.4750000001,39968.4,0.0399684,0.23220953,19350.794166666714,19410.237,0.019410237,0.5,1.0,20.0,10 V,2.0,True,1
10.7498,0.011999999999999969,0.001,0.4779657,39830.4750000001,39984.9,0.0399849,0.23220953,19350.794166666714,19410.182,0.019410182,0.5,1.0,20.0,10 V,2.0,True,1
10.7666,0.011999999999999969,0.001,0.4779657,39830.4750000001,39979.4,0.0399794,0.23220953,19350.794166666714,19414.724000000002,0.019414724,0.5,1.0,20.0,10 V,2.0,True,1
10.7834,0.011999999999999969,0.001,0.4779657,39830.4750000001,39973.9,0.0399739,0.23220953,19350.794166666714,19417.77,0.01941777,0.5,1.0,20.0,10 V,2.0,True,1
10.8002,0.011999999999999969,0.001,0.4779657,39830.4750000001,39979.4,0.0399794,0.23220953,19350.794166666714,19415.388,0.019415388,0.5,1.0,20.0,10 V,2.0,True,1
10.8169,0.011999999999999969,0.001,0.4779657,39830.4750000001,39979.4,0.0399794,0.23220953,19350.794166666714,19411.511,0.019411511,0.5,1.0,20.0,10 V,2.0,True,1
10.8335,0.011999999999999969,0.001,0.4779657,39830.4750000001,39968.4,0.0399684,0.23220953,19350.794166666714,19410.681,0.019410681,0.5,1.0,20.0,10 V,2.0,True,1
10.8505,0.011999999999999969,0.001,0.4779657,39830.4750000001,39968.4,0.0399684,0.23220953,19350.794166666714,19411.953999999998,0.019411954,0.5,1.0,20.0,10 V,2.0,True,1
10.8671,0.011999999999999969,0.001,0.4779657,39830.4750000001,39979.4,0.0399794,0.23220953,19350.794166666714,19414.834,0.019414834,0.5,1.0,20.0,10 V,2.0,True,1
10.8839,0.011999999999999969,0.001,0.4779657,39830.4750000001,39968.4,0.0399684,0.23220953,19350.794166666714,19414.890000000003,0.01941489,0.5,1.0,20.0,10 V,2.0,True,1
10.9007,0.011999999999999969,0.001,0.4779657,39830.4750000001,39973.9,0.0399739,0.23220953,19350.794166666714,19407.579,0.019407579,0.5,1.0,20.0,10 V,2.0,True,1
10.9173,0.011999999999999969,0.001,0.4779657,39830.4750000001,39979.4,0.0399794,0.23220953,19350.794166666714,19408.521,0.019408521,0.5,1.0,20.0,10 V,2.0,True,1
10.9341,0.011999999999999969,0.001,0.4779657,39830.4750000001,39973.9,0.0399739,0.23220953,19350.794166666714,19416.496,0.019416496,0.5,1.0,20.0,10 V,2.0,True,1
10.9506,0.011999999999999969,0.001,0.4779657,39830.4750000001,39979.4,0.0399794,0.23220953,19350.794166666714,19411.733,0.019411733,0.5,1.0,20.0,10 V,2.0,True,1
10.9676,0.011999999999999969,0.001,0.4779657,39830.4750000001,39984.9,0.0399849,0.23220953,19350.794166666714,19413.007,0.019413007,0.5,1.0,20.0,10 V,2.0,True,1
10.9842,0.011999999999999969,0.001,0.4779657,39830.4750000001,39990.4,0.0399904,0.23220953,19350.794166666714,19418.711000000003,0.019418711,0.5,1.0,20.0,10 V,2.0,True,1
11.0010,0.011999999999999969,0.001,0.4779657,39830.4750000001,39973.9,0.0399739,0.23220953,19350.794166666714,19404.699,0.019404699,0.5,1.0,20.0,10 V,2.0,True,1
11.0178,0.011999999999999969,0.001,0.4779657,39830.4750000001,39973.9,0.0399739,0.23220953,19350.794166666714,19406.582,0.019406582,0.5,1.0,20.0,10 V,2.0,True,1
11.0347,0.011999999999999969,0.001,0.4779657,39830.4750000001,39973.9,0.0399739,0.23220953,19350.794166666714,19408.576,0.019408576,0.5,1.0,20.0,10 V,2.0,True,1
11.0514,0.011999999999999969,0.001,0.4779657,39830.4750000001,39979.4,0.0399794,0.23220953,19350.794166666714,19411.179,0.019411179,0.5,1.0,20.0,10 V,2.0,True,1
11.0681,0.011999999999999969,0.001,0.4779657,39830.4750000001,39968.4,0.0399684,0.23220953,19350.794166666714,19413.45,0.01941345,0.5,1.0,20.0,10 V,2.0,True,1
11.0849,0.011999999999999969,0.001,0.4779657,39830.4750000001,39973.9,0.0399739,0.23220953,19350.794166666714,19410.514000000003,0.019410514,0.5,1.0,20.0,10 V,2.0,True,1
11.1016,0.011999999999999969,0.001,0.4779657,39830.4750000001,39968.4,0.0399684,0.23220953,19350.794166666714,19418.545,0.019418545,0.5,1.0,20.0,10 V,2.0,True,1
11.1184,0.011999999999999969,0.001,0.4779657,39830.4750000001,39979.4,0.0399794,0.23220953,19350.794166666714,19412.841,0.019412841,0.5,1.0,20.0,10 V,2.0,True,1
11.1352,0.011999999999999969,0.001,0.4779657,39830.4750000001,39973.9,0.0399739,0.23220953,19350.794166666714,19416.053,0.019416053,0.5,1.0,20.0,10 V,2.0,True,1
11.1519,0.011999999999999969,0.001,0.4779657,39830.4750000001,39973.9,0.0399739,0.23220953,19350.794166666714,19419.431,0.019419431,0.5,1.0,20.0,10 V,2.0,True,1
11.1686,0.011999999999999969,0.001,0.4779657,39830.4750000001,39973.9,0.0399739,0.23220953,19350.794166666714,19410.791,0.019410791,0.5,1.0,20.0,10 V,2.0,True,1
11.1855,0.011999999999999969,0.001,0.4779657,39830.4750000001,39979.4,0.0399794,0.23220953,19350.794166666714,19417.659,0.019417659,0.5,1.0,20.0,10 V,2.0,True,1
11.2022,0.011999999999999969,0.001,0.4779657,39830.4750000001,39979.4,0.0399794,0.23220953,19350.794166666714,19418.545,0.019418545,0.5,1.0,20.0,10 V,2.0,True,1
11.2189,0.011999999999999969,0.001,0.4779657,39830.4750000001,39979.4,0.0399794,0.23220953,19350.794166666714,19409.794,0.019409794,0.5,1.0,20.0,10 V,2.0,True,1
11.2357,0.011999999999999969,0.001,0.4779657,39830.4750000001,39979.4,0.0399794,0.23220953,19350.794166666714,19423.087,0.019423087,0.5,1.0,20.0,10 V,2.0,True,1
11.2525,0.011999999999999969,0.001,0.4779657,39830.4750000001,39973.9,0.0399739,0.23220953,19350.794166666714,19411.622,0.019411622,0.5,1.0,20.0,10 V,2.0,True,1
11.2693,0.011999999999999969,0.001,0.4779657,39830.4750000001,39973.9,0.0399739,0.23220953,19350.794166666714,19411.456000000002,0.019411456,0.5,1.0,20.0,10 V,2.0,True,1
11.2861,0.011999999999999969,0.001,0.4779657,39830.4750000001,39984.9,0.0399849,0.23220953,19350.794166666714,19418.49,0.01941849,0.5,1.0,20.0,10 V,2.0,True,1
11.3027,0.011999999999999969,0.001,0.4779657,39830.4750000001,39990.4,0.0399904,0.23220953,19350.794166666714,19422.367000000002,0.019422367,0.5,1.0,20.0,10 V,2.0,True,1
11.3195,0.011999999999999969,0.001,0.4779657,39830.4750000001,39984.9,0.0399849,0.23220953,19350.794166666714,19423.308,0.019423308,0.5,1.0,20.0,10 V,2.0,True,1
11.3363,0.011999999999999969,0.001,0.4779657,39830.4750000001,39984.9,0.0399849,0.23220953,19350.794166666714,19423.917999999998,0.019423918,0.5,1.0,20.0,10 V,2.0,True,1
11.3530,0.011999999999999969,0.001,0.4779657,39830.4750000001,39979.4,0.0399794,0.23220953,19350.794166666714,19420.318,0.019420318,0.5,1.0,20.0,10 V,2.0,True,1
11.3698,0.011999999999999969,0.001,0.4779657,39830.4750000001,39984.9,0.0399849,0.23220953,19350.794166666714,19421.259000000002,0.019421259,0.5,1.0,20.0,10 V,2.0,True,1
11.3864,0.011999999999999969,0.001,0.4779657,39830.4750000001,39979.4,0.0399794,0.23220953,19350.794166666714,19423.696,0.019423696,0.5,1.0,20.0,10 V,2.0,True,1
11.4032,0.011999999999999969,0.001,0.4779657,39830.4750000001,39968.4,0.0399684,0.23220953,19350.794166666714,19414.890000000003,0.01941489,0.5,1.0,20.0,10 V,2.0,True,1
11.4199,0.011999999999999969,0.001,0.4779657,39830.4750000001,39968.4,0.0399684,0.23220953,19350.794166666714,19418.711000000003,0.019418711,0.5,1.0,20.0,10 V,2.0,True,1
11.4367,0.011999999999999969,0.001,0.4779657,39830.4750000001,39979.4,0.0399794,0.23220953,19350.794166666714,19414.114,0.019414114,0.5,1.0,20.0,10 V,2.0,True,1
11.4534,0.011999999999999969,0.001,0.4779657,39830.4750000001,39973.9,0.0399739,0.23220953,19350.794166666714,19416.994000000002,0.019416994,0.5,1.0,20.0,10 V,2.0,True,1
11.4702,0.011999999999999969,0.001,0.4779657,39830.4750000001,39968.4,0.0399684,0.23220953,19350.794166666714,19414.834,0.019414834,0.5,1.0,20.0,10 V,2.0,True,1
11.4868,0.011999999999999969,0.001,0.4779657,39830.4750000001,39979.4,0.0399794,0.23220953,19350.794166666714,19417.105,0.019417105,0.5,1.0,20.0,10 V,2.0,True,1
11.5036,0.011999999999999969,0.001,0.4779657,39830.4750000001,39973.9,0.0399739,0.23220953,19350.794166666714,19414.225000000002,0.019414225,0.5,1.0,20.0,10 V,2.0,True,1
11.5201,0.011999999999999969,0.001,0.4779657,39830.4750000001,39962.9,0.0399629,0.23220953,19350.794166666714,19411.899,0.019411899,0.5,1.0,20.0,10 V,2.0,True,1
11.5368,0.011999999999999969,0.001,0.4779657,39830.4750000001,39968.4,0.0399684,0.23220953,19350.794166666714,19400.545000000002,0.019400545,0.5,1.0,20.0,10 V,2.0,True,1
11.5536,0.011999999999999969,0.001,0.4779657,39830.4750000001,39973.9,0.0399739,0.23220953,19350.794166666714,19410.237,0.019410237,0.5,1.0,20.0,10 V,2.0,True,1
11.5703,0.011999999999999969,0.001,0.4779657,39830.4750000001,39968.4,0.0399684,0.23220953,19350.794166666714,19411.179,0.019411179,0.5,1.0,20.0,10 V,2.0,True,1
11.5870,0.011999999999999969,0.001,0.4779657,39830.4750000001,39973.9,0.0399739,0.23220953,19350.794166666714,19412.73,0.01941273,0.5,1.0,20.0,10 V,2.0,True,1
11.6037,0.011999999999999969,0.001,0.4779657,39830.4750000001,39968.4,0.0399684,0.23220953,19350.794166666714,19415.056,0.019415056,0.5,1.0,20.0,10 V,2.0,True,1
11.6204,0.011999999999999969,0.001,0.4779657,39830.4750000001,39962.9,0.0399629,0.23220953,19350.794166666714,19409.628000000004,0.019409628,0.5,1.0,20.0,10 V,2.0,True,1
11.6373,0.011999999999999969,0.001,0.4779657,39830.4750000001,39957.4,0.0399574,0.23220953,19350.794166666714,19404.699,0.019404699,0.5,1.0,20.0,10 V,2.0,True,1
11.6541,0.011999999999999969,0.001,0.4779657,39830.4750000001,39962.9,0.0399629,0.23220953,19350.794166666714,19413.837,0.019413837,0.5,1.0,20.0,10 V,2.0,True,1
11.6708,0.011999999999999969,0.001,0.4779657,39830.4750000001,39979.4,0.0399794,0.23220953,19350.794166666714,19407.745000000003,0.019407745,0.5,1.0,20.0,10 V,2.0,True,1
11.6876,0.011999999999999969,0.001,0.4779657,39830.4750000001,39979.4,0.0399794,0.23220953,19350.794166666714,19413.45,0.01941345,0.5,1.0,20.0,10 V,2.0,True,1
11.7044,0.011999999999999969,0.001,0.4779657,39830.4750000001,39973.9,0.0399739,0.23220953,19350.794166666714,19414.170000000002,0.01941417,0.5,1.0,20.0,10 V,2.0,True,1
11.7210,0.011999999999999969,0.001,0.4779657,39830.4750000001,39979.4,0.0399794,0.23220953,19350.794166666714,19417.714,0.019417714,0.5,1.0,20.0,10 V,2.0,True,1
11.7379,0.011999999999999969,0.001,0.4779657,39830.4750000001,39968.4,0.0399684,0.23220953,19350.794166666714,19410.404,0.019410404,0.5,1.0,20.0,10 V,2.0,True,1
11.7545,0.011999999999999969,0.001,0.4779657,39830.4750000001,39968.4,0.0399684,0.23220953,19350.794166666714,19410.846999999998,0.019410847,0.5,1.0,20.0,10 V,2.0,True,1
11.7712,0.011999999999999969,0.001,0.4779657,39830.4750000001,39968.4,0.0399684,0.23220953,19350.794166666714,19412.674000000003,0.019412674,0.5,1.0,20.0,10 V,2.0,True,1
11.7880,0.011999999999999969,0.001,0.4779657,39830.4750000001,39984.9,0.0399849,0.23220953,19350.794166666714,19414.447000000004,0.019414447,0.5,1.0,20.0,10 V,2.0,True,1
11.8048,0.011999999999999969,0.001,0.4779657,39830.4750000001,39973.9,0.0399739,0.23220953,19350.794166666714,19420.207,0.019420207,0.5,1.0,20.0,10 V,2.0,True,1
11.8216,0.011999999999999969,0.001,0.4779657,39830.4750000001,39973.9,0.0399739,0.23220953,19350.794166666714,19417.936,0.019417936,0.5,1.0,20.0,10 V,2.0,True,1
11.8385,0.011999999999999969,0.001,0.4779657,39830.4750000001,39968.4,0.0399684,0.23220953,19350.794166666714,19412.342,0.019412342,0.5,1.0,20.0,10 V,2.0,True,1
11.8552,0.011999999999999969,0.001,0.4779657,39830.4750000001,39979.4,0.0399794,0.23220953,19350.794166666714,19412.397,0.019412397,0.5,1.0,20.0,10 V,2.0,True,1
11.8720,0.011999999999999969,0.001,0.4779657,39830.4750000001,39973.9,0.0399739,0.23220953,19350.794166666714,19416.441,0.019416441,0.5,1.0,20.0,10 V,2.0,True,1
11.8887,0.011999999999999969,0.001,0.4779657,39830.4750000001,39973.9,0.0399739,0.23220953,19350.794166666714,19410.625,0.019410625,0.5,1.0,20.0,10 V,2.0,True,1
11.9055,0.011999999999999969,0.001,0.4779657,39830.4750000001,39973.9,0.0399739,0.23220953,19350.794166666714,19413.45,0.01941345,0.5,1.0,20.0,10 V,2.0,True,1
11.9222,0.011999999999999969,0.001,0.4779657,39830.4750000001,39968.4,0.0399684,0.23220953,19350.794166666714,19422.034000000003,0.019422034,0.5,1.0,20.0,10 V,2.0,True,1
11.9390,0.011999999999999969,0.001,0.4779657,39830.4750000001,39973.9,0.0399739,0.23220953,19350.794166666714,19414.447000000004,0.019414447,0.5,1.0,20.0,10 V,2.0,True,1
11.9558,0.011999999999999969,0.001,0.4779657,39830.4750000001,39962.9,0.0399629,0.23220953,19350.794166666714,19414.834,0.019414834,0.5,1.0,20.0,10 V,2.0,True,1
11.9726,0.011999999999999969,0.001,0.4779657,39830.4750000001,39973.9,0.0399739,0.23220953,19350.794166666714,19413.727,0.019413727,0.5,1.0,20.0,10 V,2.0,True,1
11.9892,0.011999999999999969,0.001,0.4779657,39830.4750000001,39968.4,0.0399684,0.23220953,19350.794166666714,19412.564000000002,0.019412564,0.5,1.0,20.0,10 V,2.0,True,1
12.0062,0.011999999999999969,0.001,0.4779657,39830.4750000001,39973.9,0.0399739,0.23220953,19350.794166666714,19420.816000000003,0.019420816,0.5,1.0,20.0,10 V,2.0,True,1
12.0228,0.011999999999999969,0.001,0.4779657,39830.4750000001,39973.9,0.0399739,0.23220953,19350.794166666714,19415.665,0.019415665,0.5,1.0,20.0,10 V,2.0,True,1
12.0396,0.011999999999999969,0.001,0.4779657,39830.4750000001,39973.9,0.0399739,0.23220953,19350.794166666714,19414.447000000004,0.019414447,0.5,1.0,20.0,10 V,2.0,True,1
12.0562,0.011999999999999969,0.001,0.4779657,39830.4750000001,39968.4,0.0399684,0.23220953,19350.794166666714,19416.607,0.019416607,0.5,1.0,20.0,10 V,2.0,True,1
12.0730,0.011999999999999969,0.001,0.4779657,39830.4750000001,39968.4,0.0399684,0.23220953,19350.794166666714,19414.281,0.019414281,0.5,1.0,20.0,10 V,2.0,True,1
12.0899,0.011999999999999969,0.001,0.4779657,39830.4750000001,39973.9,0.0399739,0.23220953,19350.794166666714,19411.953999999998,0.019411954,0.5,1.0,20.0,10 V,2.0,True,1
12.1064,0.011999999999999969,0.001,0.4779657,39830.4750000001,39973.9,0.0399739,0.23220953,19350.794166666714,19404.976000000002,0.019404976,0.5,1.0,20.0,10 V,2.0,True,1
12.1233,0.011999999999999969,0.001,0.4779657,39830.4750000001,39979.4,0.0399794,0.23220953,19350.794166666714,19412.176,0.019412176,0.5,1.0,20.0,10 V,2.0,True,1
12.1399,0.011999999999999969,0.001,0.4779657,39830.4750000001,39979.4,0.0399794,0.23220953,19350.794166666714,19418.878,0.019418878,0.5,1.0,20.0,10 V,2.0,True,1
12.1566,0.011999999999999969,0.001,0.4779657,39830.4750000001,39968.4,0.0399684,0.23220953,19350.794166666714,19416.441,0.019416441,0.5,1.0,20.0,10 V,2.0,True,1
12.1733,0.011999999999999969,0.001,0.4779657,39830.4750000001,39979.4,0.0399794,0.23220953,19350.794166666714,19418.933,0.019418933,0.5,1.0,20.0,10 V,2.0,True,1
12.1902,0.011999999999999969,0.001,0.4779657,39830.4750000001,39968.4,0.0399684,0.23220953,19350.794166666714,19410.736,0.019410736,0.5,1.0,20.0,10 V,2.0,True,1
12.2068,0.011999999999999969,0.001,0.4779657,39830.4750000001,39968.4,0.0399684,0.23220953,19350.794166666714,19415.665,0.019415665,0.5,1.0,20.0,10 V,2.0,True,1
12.2237,0.011999999999999969,0.001,0.4779657,39830.4750000001,39973.9,0.0399739,0.23220953,19350.794166666714,19415.61,0.01941561,0.5,1.0,20.0,10 V,2.0,True,1
12.2404,0.011999999999999969,0.001,0.4779657,39830.4750000001,39973.9,0.0399739,0.23220953,19350.794166666714,19410.681,0.019410681,0.5,1.0,20.0,10 V,2.0,True,1
12.2569,0.011999999999999969,0.001,0.4779657,39830.4750000001,39962.9,0.0399629,0.23220953,19350.794166666714,19419.044,0.019419044,0.5,1.0,20.0,10 V,2.0,True,1
12.2740,0.011999999999999969,0.001,0.4779657,39830.4750000001,39973.9,0.0399739,0.23220953,19350.794166666714,19414.225000000002,0.019414225,0.5,1.0,20.0,10 V,2.0,True,1
12.2904,0.011999999999999969,0.001,0.4779657,39830.4750000001,39973.9,0.0399739,0.23220953,19350.794166666714,19409.628000000004,0.019409628,0.5,1.0,20.0,10 V,2.0,True,1
12.3072,0.011999999999999969,0.001,0.4779657,39830.4750000001,39973.9,0.0399739,0.23220953,19350.794166666714,19408.908,0.019408908,0.5,1.0,20.0,10 V,2.0,True,1
12.3240,0.011999999999999969,0.001,0.4779657,39830.4750000001,39984.9,0.0399849,0.23220953,19350.794166666714,19414.502,0.019414502,0.5,1.0,20.0,10 V,2.0,True,1
12.3407,0.011999999999999969,0.001,0.4779657,39830.4750000001,39979.4,0.0399794,0.23220953,19350.794166666714,19414.945,0.019414945,0.5,1.0,20.0,10 V,2.0,True,1
12.3574,0.011999999999999969,0.001,0.4779657,39830.4750000001,39979.4,0.0399794,0.23220953,19350.794166666714,19415.554000000004,0.019415554,0.5,1.0,20.0,10 V,2.0,True,1
12.3740,0.011999999999999969,0.001,0.4779657,39830.4750000001,39979.4,0.0399794,0.23220953,19350.794166666714,19411.788,0.019411788,0.5,1.0,20.0,10 V,2.0,True,1
12.3908,0.011999999999999969,0.001,0.4779657,39830.4750000001,39973.9,0.0399739,0.23220953,19350.794166666714,19414.004,0.019414004,0.5,1.0,20.0,10 V,2.0,True,1
12.4075,0.011999999999999969,0.001,0.4779657,39830.4750000001,39979.4,0.0399794,0.23220953,19350.794166666714,19419.598,0.019419598,0.5,1.0,20.0,10 V,2.0,True,1
12.4243,0.011999999999999969,0.001,0.4779657,39830.4750000001,39968.4,0.0399684,0.23220953,19350.794166666714,19416.994000000002,0.019416994,0.5,1.0,20.0,10 V,2.0,True,1
12.4410,0.011999999999999969,0.001,0.4779657,39830.4750000001,39968.4,0.0399684,0.23220953,19350.794166666714,19411.29,0.01941129,0.5,1.0,20.0,10 V,2.0,True,1
12.4578,0.011999999999999969,0.001,0.4779657,39830.4750000001,39973.9,0.0399739,0.23220953,19350.794166666714,19412.010000000002,0.01941201,0.5,1.0,20.0,10 V,2.0,True,1
12.4745,0.011999999999999969,0.001,0.4779657,39830.4750000001,39968.4,0.0399684,0.23220953,19350.794166666714,19411.511,0.019411511,0.5,1.0,20.0,10 V,2.0,True,1
12.4914,0.011999999999999969,0.001,0.4779657,39830.4750000001,39973.9,0.0399739,0.23220953,19350.794166666714,19415.721,0.019415721,0.5,1.0,20.0,10 V,2.0,True,1
12.5080,0.011999999999999969,0.001,0.4779657,39830.4750000001,39979.4,0.0399794,0.23220953,19350.794166666714,19423.641,0.019423641,0.5,1.0,20.0,10 V,2.0,True,1
12.5247,0.011999999999999969,0.001,0.4779657,39830.4750000001,39973.9,0.0399739,0.23220953,19350.794166666714,19411.511,0.019411511,0.5,1.0,20.0,10 V,2.0,True,1
12.5416,0.011999999999999969,0.001,0.4779657,39830.4750000001,39979.4,0.0399794,0.23220953,19350.794166666714,19411.013000000003,0.019411013,0.5,1.0,20.0,10 V,2.0,True,1
12.5583,0.011999999999999969,0.001,0.4779657,39830.4750000001,39979.4,0.0399794,0.23220953,19350.794166666714,19414.225000000002,0.019414225,0.5,1.0,20.0,10 V,2.0,True,1
12.5749,0.011999999999999969,0.001,0.4779657,39830.4750000001,39979.4,0.0399794,0.23220953,19350.794166666714,19416.274,0.019416274,0.5,1.0,20.0,10 V,2.0,True,1
12.5918,0.011999999999999969,0.001,0.4779657,39830.4750000001,39973.9,0.0399739,0.23220953,19350.794166666714,19414.779000000002,0.019414779,0.5,1.0,20.0,10 V,2.0,True,1
12.6085,0.011999999999999969,0.001,0.4779657,39830.4750000001,39973.9,0.0399739,0.23220953,19350.794166666714,19415.444000000003,0.019415444,0.5,1.0,20.0,10 V,2.0,True,1
12.6251,0.011999999999999969,0.001,0.4779657,39830.4750000001,39984.9,0.0399849,0.23220953,19350.794166666714,19415.167,0.019415167,0.5,1.0,20.0,10 V,2.0,True,1
12.6418,0.011999999999999969,0.001,0.4779657,39830.4750000001,39979.4,0.0399794,0.23220953,19350.794166666714,19416.772999999997,0.019416773,0.5,1.0,20.0,10 V,2.0,True,1
12.6586,0.011999999999999969,0.001,0.4779657,39830.4750000001,39979.4,0.0399794,0.23220953,19350.794166666714,19417.825,0.019417825,0.5,1.0,20.0,10 V,2.0,True,1
12.6753,0.011999999999999969,0.001,0.4779657,39830.4750000001,39979.4,0.0399794,0.23220953,19350.794166666714,19417.382,0.019417382,0.5,1.0,20.0,10 V,2.0,True,1
12.6921,0.011999999999999969,0.001,0.4779657,39830.4750000001,39979.4,0.0399794,0.23220953,19350.794166666714,19417.050000000003,0.01941705,0.5,1.0,20.0,10 V,2.0,True,1
12.7086,0.011999999999999969,0.001,0.4779657,39830.4750000001,39984.9,0.0399849,0.23220953,19350.794166666714,19421.204,0.019421204,0.5,1.0,20.0,10 V,2.0,True,1
12.7255,0.011999999999999969,0.001,0.4779657,39830.4750000001,39979.4,0.0399794,0.23220953,19350.794166666714,19417.77,0.01941777,0.5,1.0,20.0,10 V,2.0,True,1
12.7422,0.011999999999999969,0.001,0.4779657,39830.4750000001,39979.4,0.0399794,0.23220953,19350.794166666714,19416.718,0.019416718,0.5,1.0,20.0,10 V,2.0,True,1
12.7591,0.011999999999999969,0.001,0.4779657,39830.4750000001,39973.9,0.0399739,0.23220953,19350.794166666714,19424.028000000002,0.019424028,0.5,1.0,20.0,10 V,2.0,True,1
12.7758,0.011999999999999969,0.001,0.4779657,39830.4750000001,39984.9,0.0399849,0.23220953,19350.794166666714,19418.601000000002,0.019418601,0.5,1.0,20.0,10 V,2.0,True,1
12.7927,0.011999999999999969,0.001,0.4779657,39830.4750000001,39973.9,0.0399739,0.23220953,19350.794166666714,19417.327,0.019417327,0.5,1.0,20.0,10 V,2.0,True,1
12.8094,0.011999999999999969,0.001,0.4779657,39830.4750000001,39979.4,0.0399794,0.23220953,19350.794166666714,19420.816000000003,0.019420816,0.5,1.0,20.0,10 V,2.0,True,1
12.8261,0.011999999999999969,0.001,0.4779657,39830.4750000001,39979.4,0.0399794,0.23220953,19350.794166666714,19417.327,0.019417327,0.5,1.0,20.0,10 V,2.0,True,1
12.8428,0.011999999999999969,0.001,0.4779657,39830.4750000001,39979.4,0.0399794,0.23220953,19350.794166666714,19415.333000000002,0.019415333,0.5,1.0,20.0,10 V,2.0,True,1
12.8597,0.011999999999999969,0.001,0.4779657,39830.4750000001,39979.4,0.0399794,0.23220953,19350.794166666714,19415.111,0.019415111,0.5,1.0,20.0,10 V,2.0,True,1
12.8765,0.011999999999999969,0.001,0.4779657,39830.4750000001,39973.9,0.0399739,0.23220953,19350.794166666714,19414.391,0.019414391,0.5,1.0,20.0,10 V,2.0,True,1
12.8931,0.011999999999999969,0.001,0.4779657,39830.4750000001,39990.4,0.0399904,0.23220953,19350.794166666714,19415.776,0.019415776,0.5,1.0,20.0,10 V,2.0,True,1
12.9099,0.011999999999999969,0.001,0.4779657,39830.4750000001,39979.4,0.0399794,0.23220953,19350.794166666714,19419.487,0.019419487,0.5,1.0,20.0,10 V,2.0,True,1
12.9267,0.011999999999999969,0.001,0.4779657,39830.4750000001,39973.9,0.0399739,0.23220953,19350.794166666714,19423.363999999998,0.019423364,0.5,1.0,20.0,10 V,2.0,True,1
12.9434,0.011999999999999969,0.001,0.4779657,39830.4750000001,39979.4,0.0399794,0.23220953,19350.794166666714,19415.721,0.019415721,0.5,1.0,20.0,10 V,2.0,True,1
12.9603,0.011999999999999969,0.001,0.4779657,39830.4750000001,39979.4,0.0399794,0.23220953,19350.794166666714,19411.013000000003,0.019411013,0.5,1.0,20.0,10 V,2.0,True,1
12.9768,0.011999999999999969,0.001,0.4779657,39830.4750000001,39990.4,0.0399904,0.23220953,19350.794166666714,19418.933,0.019418933,0.5,1.0,20.0,10 V,2.0,True,1
12.9937,0.011999999999999969,0.001,0.4779657,39830.4750000001,39973.9,0.0399739,0.23220953,19350.794166666714,19427.518000000004,0.019427518,0.5,1.0,20.0,10 V,2.0,True,1
13.0102,0.011999999999999969,0.001,0.4779657,39830.4750000001,39973.9,0.0399739,0.23220953,19350.794166666714,19418.324,0.019418324,0.5,1.0,20.0,10 V,2.0,True,1
13.0269,0.011999999999999969,0.001,0.4779657,39830.4750000001,39973.9,0.0399739,0.23220953,19350.794166666714,19417.105,0.019417105,0.5,1.0,20.0,10 V,2.0,True,1
13.0437,0.011999999999999969,0.001,0.4779657,39830.4750000001,39984.9,0.0399849,0.23220953,19350.794166666714,19419.93,0.01941993,0.5,1.0,20.0,10 V,2.0,True,1
13.0605,0.011999999999999969,0.001,0.4779657,39830.4750000001,39973.9,0.0399739,0.23220953,19350.794166666714,19414.945,0.019414945,0.5,1.0,20.0,10 V,2.0,True,1
13.0772,0.011999999999999969,0.001,0.4779657,39830.4750000001,39984.9,0.0399849,0.23220953,19350.794166666714,19414.668,0.019414668,0.5,1.0,20.0,10 V,2.0,True,1
13.0941,0.011999999999999969,0.001,0.4779657,39830.4750000001,39984.9,0.0399849,0.23220953,19350.794166666714,19421.314,0.019421314,0.5,1.0,20.0,10 V,2.0,True,1
13.1109,0.011999999999999969,0.001,0.4779657,39830.4750000001,39979.4,0.0399794,0.23220953,19350.794166666714,19419.376,0.019419376,0.5,1.0,20.0,10 V,2.0,True,1
13.1276,0.011999999999999969,0.001,0.4779657,39830.4750000001,39984.9,0.0399849,0.23220953,19350.794166666714,19418.047000000002,0.019418047,0.5,1.0,20.0,10 V,2.0,True,1
13.1443,0.011999999999999969,0.001,0.4779657,39830.4750000001,39979.4,0.0399794,0.23220953,19350.794166666714,19420.484,0.019420484,0.5,1.0,20.0,10 V,2.0,True,1
13.1611,0.011999999999999969,0.001,0.4779657,39830.4750000001,39990.4,0.0399904,0.23220953,19350.794166666714,19415.776,0.019415776,0.5,1.0,20.0,10 V,2.0,True,1
13.1778,0.011999999999999969,0.001,0.4779657,39830.4750000001,39990.4,0.0399904,0.23220953,19350.794166666714,19422.754,0.019422754,0.5,1.0,20.0,10 V,2.0,True,1
13.1945,0.011999999999999969,0.001,0.4779657,39830.4750000001,39995.9,0.0399959,0.23220953,19350.794166666714,19422.034000000003,0.019422034,0.5,1.0,20.0,10 V,2.0,True,1
13.2115,0.011999999999999969,0.001,0.4779657,39830.4750000001,39973.9,0.0399739,0.23220953,19350.794166666714,19418.379,0.019418379,0.5,1.0,20.0,10 V,2.0,True,1
13.2281,0.011999999999999969,0.001,0.4779657,39830.4750000001,39979.4,0.0399794,0.23220953,19350.794166666714,19420.539,0.019420539,0.5,1.0,20.0,10 V,2.0,True,1
13.2451,0.011999999999999969,0.001,0.4779657,39830.4750000001,39979.4,0.0399794,0.23220953,19350.794166666714,19410.016,0.019410016,0.5,1.0,20.0,10 V,2.0,True,1
13.2618,0.011999999999999969,0.001,0.4779657,39830.4750000001,39990.4,0.0399904,0.23220953,19350.794166666714,19418.878,0.019418878,0.5,1.0,20.0,10 V,2.0,True,1
13.2785,0.011999999999999969,0.001,0.4779657,39830.4750000001,39979.4,0.0399794,0.23220953,19350.794166666714,19420.539,0.019420539,0.5,1.0,20.0,10 V,2.0,True,1
13.2954,0.011999999999999969,0.001,0.4779657,39830.4750000001,39979.4,0.0399794,0.23220953,19350.794166666714,19417.050000000003,0.01941705,0.5,1.0,20.0,10 V,2.0,True,1
13.3122,0.011999999999999969,0.001,0.4779657,39830.4750000001,39984.9,0.0399849,0.23220953,19350.794166666714,19411.788,0.019411788,0.5,1.0,20.0,10 V,2.0,True,1
13.3289,0.011999999999999969,0.001,0.4779657,39830.4750000001,39979.4,0.0399794,0.23220953,19350.794166666714,19418.545,0.019418545,0.5,1.0,20.0,10 V,2.0,True,1
13.3457,0.011999999999999969,0.001,0.4779657,39830.4750000001,39979.4,0.0399794,0.23220953,19350.794166666714,19414.004,0.019414004,0.5,1.0,20.0,10 V,2.0,True,1
13.3623,0.011999999999999969,0.001,0.4779657,39830.4750000001,39984.9,0.0399849,0.23220953,19350.794166666714,19415.001000000004,0.019415001,0.5,1.0,20.0,10 V,2.0,True,1
13.3792,0.011999999999999969,0.001,0.4779657,39830.4750000001,39973.9,0.0399739,0.23220953,19350.794166666714,19415.388,0.019415388,0.5,1.0,20.0,10 V,2.0,True,1
13.3959,0.011999999999999969,0.001,0.4779657,39830.4750000001,39984.9,0.0399849,0.23220953,19350.794166666714,19410.016,0.019410016,0.5,1.0,20.0,10 V,2.0,True,1
13.4127,0.011999999999999969,0.001,0.4779657,39830.4750000001,39979.4,0.0399794,0.23220953,19350.794166666714,19407.191000000003,0.019407191,0.5,1.0,20.0,10 V,2.0,True,1
13.4295,0.011999999999999969,0.001,0.4779657,39830.4750000001,39973.9,0.0399739,0.23220953,19350.794166666714,19412.785,0.019412785,0.5,1.0,20.0,10 V,2.0,True,1
13.4462,0.011999999999999969,0.001,0.4779657,39830.4750000001,39979.4,0.0399794,0.23220953,19350.794166666714,19415.111,0.019415111,0.5,1.0,20.0,10 V,2.0,True,1
13.4630,0.011999999999999969,0.001,0.4779657,39830.4750000001,39973.9,0.0399739,0.23220953,19350.794166666714,19410.514000000003,0.019410514,0.5,1.0,20.0,10 V,2.0,True,1
13.4799,0.011999999999999969,0.001,0.4779657,39830.4750000001,39973.9,0.0399739,0.23220953,19350.794166666714,19411.953999999998,0.019411954,0.5,1.0,20.0,10 V,2.0,True,1
13.4965,0.011999999999999969,0.001,0.4779657,39830.4750000001,39973.9,0.0399739,0.23220953,19350.794166666714,19416.994000000002,0.019416994,0.5,1.0,20.0,10 V,2.0,True,1
13.5134,0.011999999999999969,0.001,0.4779657,39830.4750000001,39979.4,0.0399794,0.23220953,19350.794166666714,19408.576,0.019408576,0.5,1.0,20.0,10 V,2.0,True,1
13.5301,0.011999999999999969,0.001,0.4779657,39830.4750000001,39990.4,0.0399904,0.23220953,19350.794166666714,19411.567000000003,0.019411567,0.5,1.0,20.0,10 V,2.0,True,1
13.5468,0.011999999999999969,0.001,0.4779657,39830.4750000001,39973.9,0.0399739,0.23220953,19350.794166666714,19416.164,0.019416164,0.5,1.0,20.0,10 V,2.0,True,1
13.5636,0.011999999999999969,0.001,0.4779657,39830.4750000001,39979.4,0.0399794,0.23220953,19350.794166666714,19422.422000000002,0.019422422,0.5,1.0,20.0,10 V,2.0,True,1
13.5804,0.011999999999999969,0.001,0.4779657,39830.4750000001,39990.4,0.0399904,0.23220953,19350.794166666714,19413.616,0.019413616,0.5,1.0,20.0,10 V,2.0,True,1
13.5973,0.011999999999999969,0.001,0.4779657,39830.4750000001,39984.9,0.0399849,0.23220953,19350.794166666714,19418.158000000003,0.019418158,0.5,1.0,20.0,10 V,2.0,True,1
13.6139,0.011999999999999969,0.001,0.4779657,39830.4750000001,39979.4,0.0399794,0.23220953,19350.794166666714,19420.65,0.01942065,0.5,1.0,20.0,10 V,2.0,True,1
13.6307,0.011999999999999969,0.001,0.4779657,39830.4750000001,39979.4,0.0399794,0.23220953,19350.794166666714,19418.268,0.019418268,0.5,1.0,20.0,10 V,2.0,True,1
13.6473,0.011999999999999969,0.001,0.4779657,39830.4750000001,39979.4,0.0399794,0.23220953,19350.794166666714,19421.093,0.019421093,0.5,1.0,20.0,10 V,2.0,True,1
13.6641,0.011999999999999969,0.001,0.4779657,39830.4750000001,39968.4,0.0399684,0.23220953,19350.794166666714,19418.268,0.019418268,0.5,1.0,20.0,10 V,2.0,True,1
13.6809,0.011999999999999969,0.001,0.4779657,39830.4750000001,39990.4,0.0399904,0.23220953,19350.794166666714,19417.825,0.019417825,0.5,1.0,20.0,10 V,2.0,True,1
13.6977,0.011999999999999969,0.001,0.4779657,39830.4750000001,39990.4,0.0399904,0.23220953,19350.794166666714,19420.705,0.019420705,0.5,1.0,20.0,10 V,2.0,True,1
13.7143,0.011999999999999969,0.001,0.4779657,39830.4750000001,39973.9,0.0399739,0.23220953,19350.794166666714,19416.329999999998,0.01941633,0.5,1.0,20.0,10 V,2.0,True,1
13.7311,0.011999999999999969,0.001,0.4779657,39830.4750000001,39973.9,0.0399739,0.23220953,19350.794166666714,19415.499,0.019415499,0.5,1.0,20.0,10 V,2.0,True,1
13.7479,0.011999999999999969,0.001,0.4779657,39830.4750000001,39973.9,0.0399739,0.23220953,19350.794166666714,19418.656,0.019418656,0.5,1.0,20.0,10 V,2.0,True,1
13.7646,0.011999999999999969,0.001,0.4779657,39830.4750000001,39979.4,0.0399794,0.23220953,19350.794166666714,19414.779000000002,0.019414779,0.5,1.0,20.0,10 V,2.0,True,1
13.7813,0.011999999999999969,0.001,0.4779657,39830.4750000001,39984.9,0.0399849,0.23220953,19350.794166666714,19414.059,0.019414059,0.5,1.0,20.0,10 V,2.0,True,1
13.7982,0.011999999999999969,0.001,0.4779657,39830.4750000001,39973.9,0.0399739,0.23220953,19350.794166666714,19414.281,0.019414281,0.5,1.0,20.0,10 V,2.0,True,1
13.8148,0.011999999999999969,0.001,0.4779657,39830.4750000001,39990.4,0.0399904,0.23220953,19350.794166666714,19414.391,0.019414391,0.5,1.0,20.0,10 V,2.0,True,1
13.8317,0.011999999999999969,0.001,0.4779657,39830.4750000001,39979.4,0.0399794,0.23220953,19350.794166666714,19410.016,0.019410016,0.5,1.0,20.0,10 V,2.0,True,1
13.8485,0.011999999999999969,0.001,0.4779657,39830.4750000001,39984.9,0.0399849,0.23220953,19350.794166666714,19414.890000000003,0.01941489,0.5,1.0,20.0,10 V,2.0,True,1
13.8650,0.011999999999999969,0.001,0.4779657,39830.4750000001,39979.4,0.0399794,0.23220953,19350.794166666714,19413.616,0.019413616,0.5,1.0,20.0,10 V,2.0,True,1
13.8820,0.011999999999999969,0.001,0.4779657,39830.4750000001,39979.4,0.0399794,0.23220953,19350.794166666714,19411.677,0.019411677,0.5,1.0,20.0,10 V,2.0,True,1
13.8988,0.011999999999999969,0.001,0.4779657,39830.4750000001,39973.9,0.0399739,0.23220953,19350.794166666714,19408.299000000003,0.019408299,0.5,1.0,20.0,10 V,2.0,True,1
13.9155,0.011999999999999969,0.001,0.4779657,39830.4750000001,39979.4,0.0399794,0.23220953,19350.794166666714,19408.853000000003,0.019408853,0.5,1.0,20.0,10 V,2.0,True,1
13.9322,0.011999999999999969,0.001,0.4779657,39830.4750000001,39968.4,0.0399684,0.23220953,19350.794166666714,19407.468,0.019407468,0.5,1.0,20.0,10 V,2.0,True,1
13.9490,0.011999999999999969,0.001,0.4779657,39830.4750000001,39984.9,0.0399849,0.23220953,19350.794166666714,19413.173,0.019413173,0.5,1.0,20.0,10 V,2.0,True,1
13.9658,0.011999999999999969,0.001,0.4779657,39830.4750000001,39957.4,0.0399574,0.23220953,19350.794166666714,19412.010000000002,0.01941201,0.5,1.0,20.0,10 V,2.0,True,1
13.9825,0.011999999999999969,0.001,0.4779657,39830.4750000001,39973.9,0.0399739,0.23220953,19350.794166666714,19412.785,0.019412785,0.5,1.0,20.0,10 V,2.0,True,1
13.9992,0.011999999999999969,0.001,0.4779657,39830.4750000001,39968.4,0.0399684,0.23220953,19350.794166666714,19416.772999999997,0.019416773,0.5,1.0,20.0,10 V,2.0,True,1
14.0160,0.011999999999999969,0.001,0.4779657,39830.4750000001,39979.4,0.0399794,0.23220953,19350.794166666714,19414.613,0.019414613,0.5,1.0,20.0,10 V,2.0,True,1
14.0328,0.011999999999999969,0.001,0.4779657,39830.4750000001,39968.4,0.0399684,0.23220953,19350.794166666714,19415.997000000003,0.019415997,0.5,1.0,20.0,10 V,2.0,True,1
14.0496,0.011999999999999969,0.001,0.4779657,39830.4750000001,39973.9,0.0399739,0.23220953,19350.794166666714,19402.262000000002,0.019402262,0.5,1.0,20.0,10 V,2.0,True,1
14.0662,0.011999999999999969,0.001,0.4779657,39830.4750000001,39979.4,0.0399794,0.23220953,19350.794166666714,19416.164,0.019416164,0.5,1.0,20.0,10 V,2.0,True,1
14.0830,0.011999999999999969,0.001,0.4779657,39830.4750000001,39968.4,0.0399684,0.23220953,19350.794166666714,19410.736,0.019410736,0.5,1.0,20.0,10 V,2.0,True,1
14.1000,0.011999999999999969,0.001,0.4779657,39830.4750000001,39973.9,0.0399739,0.23220953,19350.794166666714,19415.001000000004,0.019415001,0.5,1.0,20.0,10 V,2.0,True,1
14.1167,0.011999999999999969,0.001,0.4779657,39830.4750000001,39984.9,0.0399849,0.23220953,19350.794166666714,19414.779000000002,0.019414779,0.5,1.0,20.0,10 V,2.0,True,1
14.1333,0.011999999999999969,0.001,0.4779657,39830.4750000001,39979.4,0.0399794,0.23220953,19350.794166666714,19417.604000000003,0.019417604,0.5,1.0,20.0,10 V,2.0,True,1
14.1501,0.011999999999999969,0.001,0.4779657,39830.4750000001,39979.4,0.0399794,0.23220953,19350.794166666714,19418.656,0.019418656,0.5,1.0,20.0,10 V,2.0,True,1
14.1670,0.011999999999999969,0.001,0.4779657,39830.4750000001,39979.4,0.0399794,0.23220953,19350.794166666714,19419.487,0.019419487,0.5,1.0,20.0,10 V,2.0,True,1
14.1836,0.011999999999999969,0.001,0.4779657,39830.4750000001,39973.9,0.0399739,0.23220953,19350.794166666714,19419.598,0.019419598,0.5,1.0,20.0,10 V,2.0,True,1
14.2005,0.011999999999999969,0.001,0.4779657,39830.4750000001,39984.9,0.0399849,0.23220953,19350.794166666714,19421.204,0.019421204,0.5,1.0,20.0,10 V,2.0,True,1
14.2171,0.011999999999999969,0.001,0.4779657,39830.4750000001,39979.4,0.0399794,0.23220953,19350.794166666714,19417.438,0.019417438,0.5,1.0,20.0,10 V,2.0,True,1
14.2338,0.011999999999999969,0.001,0.4779657,39830.4750000001,39984.9,0.0399849,0.23220953,19350.794166666714,19426.853000000003,0.019426853,0.5,1.0,20.0,10 V,2.0,True,1
14.2508,0.011999999999999969,0.001,0.4779657,39830.4750000001,39973.9,0.0399739,0.23220953,19350.794166666714,19417.050000000003,0.01941705,0.5,1.0,20.0,10 V,2.0,True,1
14.2675,0.011999999999999969,0.001,0.4779657,39830.4750000001,39979.4,0.0399794,0.23220953,19350.794166666714,19411.788,0.019411788,0.5,1.0,20.0,10 V,2.0,True,1
14.2840,0.011999999999999969,0.001,0.4779657,39830.4750000001,39979.4,0.0399794,0.23220953,19350.794166666714,19412.507999999998,0.019412508,0.5,1.0,20.0,10 V,2.0,True,1
14.3009,0.011999999999999969,0.001,0.4779657,39830.4750000001,39990.4,0.0399904,0.23220953,19350.794166666714,19413.505,0.019413505,0.5,1.0,20.0,10 V,2.0,True,1
14.3176,0.011999999999999969,0.001,0.4779657,39830.4750000001,39968.4,0.0399684,0.23220953,19350.794166666714,19417.161,0.019417161,0.5,1.0,20.0,10 V,2.0,True,1
14.3343,0.011999999999999969,0.001,0.4779657,39830.4750000001,39990.4,0.0399904,0.23220953,19350.794166666714,19417.382,0.019417382,0.5,1.0,20.0,10 V,2.0,True,1
14.3509,0.011999999999999969,0.001,0.4779657,39830.4750000001,39984.9,0.0399849,0.23220953,19350.794166666714,19419.154000000002,0.019419154,0.5,1.0,20.0,10 V,2.0,True,1
14.3677,0.011999999999999969,0.001,0.4779657,39830.4750000001,39979.4,0.0399794,0.23220953,19350.794166666714,19420.262000000002,0.019420262,0.5,1.0,20.0,10 V,2.0,True,1
14.4027,0.010999999999999968,0.001,0.4389872,39907.92727272739,39990.4,0.0399904,0.21346542,19405.947272727328,19428.902000000002,0.019428902,0.5,1.0,20.0,10 V,2.0,True,1
14.4362,0.009999999999999967,0.001,0.3990736,39907.36000000013,40001.4,0.0400014,0.19405926,19405.926000000065,19424.748,0.019424748,0.5,1.0,20.0,10 V,2.0,True,1
14.4698,0.008999999999999966,0.001,0.3592592,39917.68888888904,40001.4,0.0400014,0.17464534,19405.037777777852,19428.404000000002,0.019428404,0.5,1.0,20.0,10 V,2.0,True,1
14.5032,0.007999999999999965,0.001,0.3194778,39934.725000000166,40001.4,0.0400014,0.15529186,19411.482500000082,19418.324,0.019418324,0.5,1.0,20.0,10 V,2.0,True,1
14.5365,0.0069999999999999655,0.001,0.2795424,39934.628571428766,40006.9,0.0400069,0.1359029,19414.70000000009,19428.57,0.01942857,0.5,1.0,20.0,10 V,2.0,True,1
14.5685,0.005999999999999965,0.001,0.239695,39949.1666666669,40006.9,0.0400069,0.11651088,19418.480000000112,19430.675000000003,0.019430675,0.5,1.0,20.0,10 V,2.0,True,1
14.6020,0.004999999999999965,0.001,0.1997264,39945.280000000275,40001.4,0.0400014,0.097081372,19416.274400000133,19435.715,0.019435715,0.5,1.0,20.0,10 V,2.0,True,1
14.6354,0.003999999999999965,0.001,0.159813,39953.25000000035,40001.4,0.0400014,0.077703858,19425.96450000017,19436.49,0.01943649,0.5,1.0,20.0,10 V,2.0,True,1
14.6688,0.0029999999999999654,0.001,0.1198722,39957.40000000046,40006.9,0.0400069,0.05825932,19419.77333333356,19434.607,0.019434607,0.5,1.0,20.0,10 V,2.0,True,1
14.7022,0.0019999999999999653,0.001,0.0799643,39982.1500000007,40017.9,0.0400179,0.038859535,19429.76750000034,19440.865,0.019440865,0.5,1.0,20.0,10 V,2.0,True,1
14.7358,0.0009999999999999653,0.001,0.0400014,40001.400000001384,39984.9,0.0399849,0.019433222,19433.22200000067,19432.502,0.019432502,0.5,1.0,20.0,10 V,2.0,True,1
14.7708,-1e-05,0.001,-0.0003355,33550.0,39995.9,0.0399959,-0.0001899896,18998.96,19428.736,0.019428736,0.5,1.0,20.0,10 V,2.0,True,1
14.8027,-0.00101,0.001,-0.0402983,39899.30693069307,40001.4,0.0400014,-0.019627613,19433.2801980198,19436.988,0.019436988,0.5,1.0,20.0,10 V,2.0,True,1
14.8365,-0.00201,0.001,-0.0802502,39925.47263681591,39995.9,0.0399959,-0.039081023,19443.29502487562,19429.954999999998,0.019429955,0.5,1.0,20.0,10 V,2.0,True,1
14.8700,-0.00301,0.001,-0.1202133,39937.97342192691,39990.4,0.0399904,-0.058517241,19440.943853820598,19430.065000000002,0.019430065,0.5,1.0,20.0,10 V,2.0,True,1
14.9034,-0.00401,0.001,-0.1601927,39948.3042394015,39984.9,0.0399849,-0.077967219,19443.19675810474,19422.422000000002,0.019422422,0.5,1.0,20.0,10 V,2.0,True,1
14.9370,-0.00501,0.001,-0.2001501,39950.11976047904,39990.4,0.0399904,-0.097420269,19445.163473053894,19428.459,0.019428459,0.5,1.0,20.0,10 V,2.0,True,1
14.9706,-0.00601,0.001,-0.2401792,39963.2612312812,39984.9,0.0399849,-0.11692029,19454.29118136439,19425.081000000002,0.019425081,0.5,1.0,20.0,10 V,2.0,True,1
15.0055,-0.00701,0.001,-0.280142,39963.195435092726,39973.9,0.0399739,-0.13635812,19451.94293865906,19422.256,0.019422256,0.5,1.0,20.0,10 V,2.0,True,1
15.0391,-0.00801,0.001,-0.3200664,39958.35205992509,39968.4,0.0399684,-0.15588345,19461.10486891386,19423.973,0.019423973,0.5,1.0,20.0,10 V,2.0,True,1
15.0727,-0.00901,0.001,-0.3599468,39949.70033296337,39973.9,0.0399739,-0.17527904,19453.833518312986,19424.693,0.019424693,0.5,1.0,20.0,10 V,2.0,True,1
15.1060,-0.010010000000000002,0.001,-0.3998217,39942.227772227765,39968.4,0.0399684,-0.19475116,19455.660339660335,19420.484,0.019420484,0.5,1.0,20.0,10 V,2.0,True,1
15.1396,-0.011010000000000002,0.001,-0.4397683,39942.62488646684,39968.4,0.0399684,-0.21426819,19461.23433242506,19421.813000000002,0.019421813,0.5,1.0,20.0,10 V,2.0,True,1
15.1732,-0.012010000000000003,0.001,-0.4796377,39936.527893422135,39957.4,0.0399574,-0.23380074,19467.172356369687,19430.841,0.019430841,0.5,1.0,20.0,10 V,2.0,True,1
15.2067,-0.013010000000000004,0.001,-0.5195621,39935.595695618744,39957.4,0.0399574,-0.25329947,19469.598001537273,19423.474000000002,0.019423474,0.5,1.0,20.0,10 V,2.0,True,1
15.2401,-0.014010000000000005,0.001,-0.5592665,39919.09350463953,39951.9,0.0399519,-0.27271724,19465.898643825833,19426.576,0.019426576,0.5,1.0,20.0,10 V,2.0,True,1
15.2737,-0.015010000000000006,0.001,-0.5991194,39914.68354430378,39946.4,0.0399464,-0.2922664,19471.445702864745,19422.478,0.019422478,0.5,1.0,20.0,10 V,2.0,True,1
15.3070,-0.016010000000000007,0.001,-0.6389614,39910.14366021235,39946.4,0.0399464,-0.31160044,19462.86321049343,19423.917999999998,0.019423918,0.5,1.0,20.0,10 V,2.0,True,1
15.3406,-0.017010000000000008,0.001,-0.6786714,39898.37742504408,39940.9,0.0399409,-0.33107144,19463.341563785998,19412.231,0.019412231,0.5,1.0,20.0,10 V,2.0,True,1
15.3742,-0.01801000000000001,0.001,-0.7183538,39886.38534147694,39940.9,0.0399409,-0.35051968,19462.503053858956,19417.714,0.019417714,0.5,1.0,20.0,10 V,2.0,True,1
15.4076,-0.01901000000000001,0.001,-0.7581187,39879.994739610716,39940.9,0.0399409,-0.37015425,19471.554445028924,19425.634000000002,0.019425634,0.5,1.0,20.0,10 V,2.0,True,1
15.4412,-0.02001000000000001,0.001,-0.7975536,39857.75112443776,39946.4,0.0399464,-0.38934467,19457.50474762618,19429.068000000003,0.019429068,0.5,1.0,20.0,10 V,2.0,True,1
15.4748,-0.02101000000000001,0.001,-0.8373628,39855.44026653972,39935.4,0.0399354,-0.40910397,19471.869109947635,19426.244,0.019426244,0.5,1.0,20.0,10 V,2.0,True,1
15.5082,-0.022010000000000012,0.001,-0.8769352,39842.58064516127,39913.4,0.0399134,-0.42842526,19465.027714675136,19418.767,0.019418767,0.5,1.0,20.0,10 V,2.0,True,1
15.5417,-0.023010000000000013,0.001,-0.9167001,39839.20469361145,39913.4,0.0399134,-0.44825776,19480.99782703171,19418.933,0.019418933,0.5,1.0,20.0,10 V,2.0,True,1
15.5756,-0.024010000000000014,0.001,-0.9563549,39831.52436484795,39902.4,0.0399024,-0.4676633,19477.855060391492,19424.693,0.019424693,0.5,1.0,20.0,10 V,2.0,True,1
15.6089,-0.025010000000000015,0.001,-0.9960264,39825.125949620124,39896.9,0.0398969,-0.48711043,19476.626549380235,19416.607,0.019416607,0.5,1.0,20.0,10 V,2.0,True,1
15.6424,-0.026010000000000016,0.001,-1.0355768,39814.5636293733,39902.4,0.0399024,-0.5067128,19481.460976547467,19418.822,0.019418822,0.5,1.0,20.0,10 V,2.0,True,1
15.6759,-0.027010000000000017,0.001,-1.0751494,39805.605331358725,39902.4,0.0399024,-0.52638283,19488.442428730086,19417.881,0.019417881,0.5,1.0,20.0,10 V,2.0,True,1
15.7095,-0.028010000000000018,0.001,-1.1149859,39806.70831845767,39896.9,0.0398969,-0.54607172,19495.598714744723,19421.481000000003,0.019421481,0.5,1.0,20.0,10 V,2.0,True,1
15.7430,-0.02901000000000002,0.001,-1.1544098,39793.51258186829,39885.9,0.0398859,-0.56566744,19499.04998276455,19430.398,0.019430398,0.5,1.0,20.0,10 V,2.0,True,1
15.7765,-0.03001000000000002,0.001,-1.1939053,39783.582139286875,39880.40000000001,0.0398804,-0.58493603,19491.370543152272,19426.521,0.019426521,0.5,1.0,20.0,10 V,2.0,True,1
15.8102,-0.03101000000000002,0.001,-1.2335107,39777.83618187679,39891.4,0.0398914,-0.60463487,19498.060948081253,19429.622000000003,0.019429622,0.5,1.0,20.0,10 V,2.0,True,1
15.8435,-0.03201000000000002,0.001,-1.2728083,39762.83348953449,39874.9,0.0398749,-0.62419841,19500.10652920961,19429.400999999998,0.019429401,0.5,1.0,20.0,10 V,2.0,True,1
15.8769,-0.03301000000000002,0.001,-1.3122872,39754.232050893654,39874.9,0.0398749,-0.64387064,19505.32081187518,19435.715,0.019435715,0.5,1.0,20.0,10 V,2.0,True,1
15.9104,-0.03401000000000002,0.001,-1.3516727,39743.39017935898,39869.4,0.0398694,-0.66359167,19511.663334313424,19440.035000000003,0.019440035,0.5,1.0,20.0,10 V,2.0,True,1
15.9440,-0.03501000000000002,0.001,-1.3909484,39730.03141959438,39858.4,0.0398584,-0.68319126,19514.17480719793,19430.342,0.019430342,0.5,1.0,20.0,10 V,2.0,True,1
15.9775,-0.03601000000000002,0.001,-1.4303613,39721.22465981669,39858.4,0.0398584,-0.70270432,19514.143848930842,19428.625000000004,0.019428625,0.5,1.0,20.0,10 V,2.0,True,1
16.0109,-0.03701000000000002,0.001,-1.4696642,39709.92164279922,39858.4,0.0398584,-0.72245088,19520.423669278563,19431.228,0.019431228,0.5,1.0,20.0,10 V,2.0,True,1
16.0446,-0.03801000000000002,0.001,-1.5091377,39703.701657458536,39841.9,0.0398419,-0.74217132,19525.685872138896,19433.333000000002,0.019433333,0.5,1.0,20.0,10 V,2.0,True,1
16.0780,-0.039010000000000024,0.001,-1.5486386,39698.502947962035,39830.9,0.0398309,-0.76201709,19533.89105357599,19436.49,0.01943649,0.5,1.0,20.0,10 V,2.0,True,1
16.1114,-0.040010000000000025,0.001,-1.5877823,39684.636340914745,39825.4,0.0398254,-0.78145697,19531.541364658824,19425.302,0.019425302,0.5,1.0,20.0,10 V,2.0,True,1
16.1450,-0.041010000000000026,0.001,-1.6270963,39675.59863447937,39825.4,0.0398254,-0.8010582,19533.24067300657,19433.555000000004,0.019433555,0.5,1.0,20.0,10 V,2.0,True,1
16.1785,-0.042010000000000026,0.001,-1.6665643,39670.65698643178,39808.9,0.0398089,-0.82119617,19547.635562961186,19422.921,0.019422921,0.5,1.0,20.0,10 V,2.0,True,1
16.2120,-0.04301000000000003,0.001,-1.7056417,39656.863520111576,39808.9,0.0398089,-0.84077463,19548.35224366425,19433.056,0.019433056,0.5,1.0,20.0,10 V,2.0,True,1
16.2456,-0.04401000000000003,0.001,-1.7452471,39655.69416041806,39814.4,0.0398144,-0.86058823,19554.379231992716,19440.699,0.019440699,0.5,1.0,20.0,10 V,2.0,True,1
16.2791,-0.04501000000000003,0.001,-1.7843687,39643.8280382137,39797.9,0.0397979,-0.88027206,19557.255276605185,19435.659000000003,0.019435659,0.5,1.0,20.0,10 V,2.0,True,1
16.3125,-0.04601000000000003,0.001,-1.8240016,39643.59052379915,39797.9,0.0397979,-0.90044998,19570.74505542272,19440.755,0.019440755,0.5,1.0,20.0,10 V,2.0,True,1
16.3464,-0.04701000000000003,0.001,-1.8633926,39638.21740055305,39803.4,0.0398034,-0.92031567,19577.01914486278,19453.272,0.019453272,0.5,1.0,20.0,10 V,2.0,True,1
16.3797,-0.04801000000000003,0.001,-1.9024811,39626.76734013745,39786.9,0.0397869,-0.94007766,19580.871901687136,19451.832,0.019451832,0.5,1.0,20.0,10 V,2.0,True,1
16.4132,-0.04901000000000003,0.001,-1.9416631,39617.69230769228,39781.4,0.0397814,-0.95961567,19579.997347480094,19450.668,0.019450668,0.5,1.0,20.0,10 V,2.0,True,1
16.4467,-0.05,0.001,-1.9809826,39619.651999999995,39775.9,0.0397759,-0.97937987,19587.5974,19446.072,0.019446072,0.5,1.0,20.0,10 V,2.0,True,1
16.4804,-0.049,0.001,-1.942708,39647.102040816324,39781.4,0.0397814,-0.96036479,19599.281428571427,19457.315,0.019457315,0.5,1.0,20.0,10 V,2.0,True,1
16.5141,-0.048,0.001,-1.9040264,39667.21666666667,39775.9,0.0397759,-0.94118609,19608.043541666666,19468.669,0.019468669,0.5,1.0,20.0,10 V,2.0,True,1
16.5476,-0.047,0.001,-1.8654768,39690.99574468085,39781.4,0.0397814,-0.92183664,19613.545531914893,19475.702,0.019475702,0.5,1.0,20.0,10 V,2.0,True,1
16.5811,-0.046,0.001,-1.8261078,39697.995652173915,39781.4,0.0397814,-0.90221542,19613.378695652173,19460.139000000003,0.019460139,0.5,1.0,20.0,10 V,2.0,True,1
16.6145,-0.045,0.001,-1.7874483,39721.07333333334,39775.9,0.0397759,-0.88282384,19618.30755555556,19467.782,0.019467782,0.5,1.0,20.0,10 V,2.0,True,1
16.6301,-0.045,0.001,-1.7874483,39721.07333333334,39847.4,0.0398474,-0.88282384,19618.30755555556,19481.795000000002,0.019481795,0.5,1.0,20.0,10 V,2.0,True,1
16.6468,-0.045,0.001,-1.7874483,39721.07333333334,39869.4,0.0398694,-0.88282384,19618.30755555556,19484.952,0.019484952,0.5,1.0,20.0,10 V,2.0,True,1
16.6637,-0.045,0.001,-1.7874483,39721.07333333334,39891.4,0.0398914,-0.88282384,19618.30755555556,19489.826,0.019489826,0.5,1.0,20.0,10 V,2.0,True,1
16.6805,-0.045,0.001,-1.7874483,39721.07333333334,39874.9,0.0398749,-0.88282384,19618.30755555556,19477.419,0.019477419,0.5,1.0,20.0,10 V,2.0,True,1
16.6971,-0.045,0.001,-1.7874483,39721.07333333334,39896.9,0.0398969,-0.88282384,19618.30755555556,19499.573,0.019499573,0.5,1.0,20.0,10 V,2.0,True,1
16.7138,-0.045,0.001,-1.7874483,39721.07333333334,39907.9,0.0399079,-0.88282384,19618.30755555556,19493.647,0.019493647,0.5,1.0,20.0,10 V,2.0,True,1
16.7305,-0.045,0.001,-1.7874483,39721.07333333334,39902.4,0.0399024,-0.88282384,19618.30755555556,19496.472,0.019496472,0.5,1.0,20.0,10 V,2.0,True,1
16.7470,-0.045,0.001,-1.7874483,39721.07333333334,39913.4,0.0399134,-0.88282384,19618.30755555556,19501.29,0.01950129,0.5,1.0,20.0,10 V,2.0,True,1
16.7639,-0.045,0.001,-1.7874483,39721.07333333334,39913.4,0.0399134,-0.88282384,19618.30755555556,19504.281,0.019504281,0.5,1.0,20.0,10 V,2.0,True,1
16.7806,-0.045,0.001,-1.7874483,39721.07333333334,39907.9,0.0399079,-0.88282384,19618.30755555556,19499.186,0.019499186,0.5,1.0,20.0,10 V,2.0,True,1
16.7974,-0.045,0.001,-1.7874483,39721.07333333334,39929.9,0.0399299,-0.88282384,19618.30755555556,19512.921,0.019512921,0.5,1.0,20.0,10 V,2.0,True,1
16.8141,-0.045,0.001,-1.7874483,39721.07333333334,39918.9,0.0399189,-0.88282384,19618.30755555556,19497.247,0.019497247,0.5,1.0,20.0,10 V,2.0,True,1
16.8309,-0.045,0.001,-1.7874483,39721.07333333334,39913.4,0.0399134,-0.88282384,19618.30755555556,19500.404,0.019500404,0.5,1.0,20.0,10 V,2.0,True,1
16.8476,-0.045,0.001,-1.7874483,39721.07333333334,39924.4,0.0399244,-0.88282384,19618.30755555556,19507.826,0.019507826,0.5,1.0,20.0,10 V,2.0,True,1
16.8642,-0.045,0.001,-1.7874483,39721.07333333334,39924.4,0.0399244,-0.88282384,19618.30755555556,19499.795000000002,0.019499795,0.5,1.0,20.0,10 V,2.0,True,1
16.8810,-0.045,0.001,-1.7874483,39721.07333333334,39924.4,0.0399244,-0.88282384,19618.30755555556,19501.235,0.019501235,0.5,1.0,20.0,10 V,2.0,True,1
16.8979,-0.045,0.001,-1.7874483,39721.07333333334,39929.9,0.0399299,-0.88282384,19618.30755555556,19497.801,0.019497801,0.5,1.0,20.0,10 V,2.0,True,1
16.9145,-0.045,0.001,-1.7874483,39721.07333333334,39929.9,0.0399299,-0.88282384,19618.30755555556,19506.663,0.019506663,0.5,1.0,20.0,10 V,2.0,True,1
16.9315,-0.045,0.001,-1.7874483,39721.07333333334,39935.4,0.0399354,-0.88282384,19618.30755555556,19511.813000000002,0.019511813,0.5,1.0,20.0,10 V,2.0,True,1
16.9480,-0.045,0.001,-1.7874483,39721.07333333334,39935.4,0.0399354,-0.88282384,19618.30755555556,19510.761000000002,0.019510761,0.5,1.0,20.0,10 V,2.0,True,1
16.9649,-0.045,0.001,-1.7874483,39721.07333333334,39935.4,0.0399354,-0.88282384,19618.30755555556,19505.943000000003,0.019505943,0.5,1.0,20.0,10 V,2.0,True,1
16.9818,-0.045,0.001,-1.7874483,39721.07333333334,39929.9,0.0399299,-0.88282384,19618.30755555556,19495.530000000002,0.01949553,0.5,1.0,20.0,10 V,2.0,True,1
16.9984,-0.045,0.001,-1.7874483,39721.07333333334,39935.4,0.0399354,-0.88282384,19618.30755555556,19507.992,0.019507992,0.5,1.0,20.0,10 V,2.0,True,1
17.0150,-0.045,0.001,-1.7874483,39721.07333333334,39929.9,0.0399299,-0.88282384,19618.30755555556,19504.170000000002,0.01950417,0.5,1.0,20.0,10 V,2.0,True,1
17.0318,-0.045,0.001,-1.7874483,39721.07333333334,39935.4,0.0399354,-0.88282384,19618.30755555556,19497.136000000002,0.019497136,0.5,1.0,20.0,10 V,2.0,True,1
17.0485,-0.045,0.001,-1.7874483,39721.07333333334,39935.4,0.0399354,-0.88282384,19618.30755555556,19495.364,0.019495364,0.5,1.0,20.0,10 V,2.0,True,1
17.0651,-0.045,0.001,-1.7874483,39721.07333333334,39940.9,0.0399409,-0.88282384,19618.30755555556,19499.906000000003,0.019499906,0.5,1.0,20.0,10 V,2.0,True,1
17.0818,-0.045,0.001,-1.7874483,39721.07333333334,39935.4,0.0399354,-0.88282384,19618.30755555556,19505.5,0.0195055,0.5,1.0,20.0,10 V,2.0,True,1
17.0986,-0.045,0.001,-1.7874483,39721.07333333334,39929.9,0.0399299,-0.88282384,19618.30755555556,19503.45,0.01950345,0.5,1.0,20.0,10 V,2.0,True,1
17.1154,-0.045,0.001,-1.7874483,39721.07333333334,39940.9,0.0399409,-0.88282384,19618.30755555556,19507.327,0.019507327,0.5,1.0,20.0,10 V,2.0,True,1
17.1322,-0.045,0.001,-1.7874483,39721.07333333334,39940.9,0.0399409,-0.88282384,19618.30755555556,19501.456000000002,0.019501456,0.5,1.0,20.0,10 V,2.0,True,1
17.1489,-0.045,0.001,-1.7874483,39721.07333333334,39935.4,0.0399354,-0.88282384,19618.30755555556,19514.029,0.019514029,0.5,1.0,20.0,10 V,2.0,True,1
17.1657,-0.045,0.001,-1.7874483,39721.07333333334,39951.9,0.0399519,-0.88282384,19618.30755555556,19509.82,0.01950982,0.5,1.0,20.0,10 V,2.0,True,1
17.1824,-0.045,0.001,-1.7874483,39721.07333333334,39951.9,0.0399519,-0.88282384,19618.30755555556,19515.247,0.019515247,0.5,1.0,20.0,10 V,2.0,True,1
17.1991,-0.045,0.001,-1.7874483,39721.07333333334,39946.4,0.0399464,-0.88282384,19618.30755555556,19498.244000000002,0.019498244,0.5,1.0,20.0,10 V,2.0,True,1
17.2157,-0.045,0.001,-1.7874483,39721.07333333334,39940.9,0.0399409,-0.88282384,19618.30755555556,19503.284,0.019503284,0.5,1.0,20.0,10 V,2.0,True,1
17.2325,-0.045,0.001,-1.7874483,39721.07333333334,39924.4,0.0399244,-0.88282384,19618.30755555556,19498.3,0.0194983,0.5,1.0,20.0,10 V,2.0,True,1
17.2492,-0.045,0.001,-1.7874483,39721.07333333334,39951.9,0.0399519,-0.88282384,19618.30755555556,19506.773,0.019506773,0.5,1.0,20.0,10 V,2.0,True,1
17.2661,-0.045,0.001,-1.7874483,39721.07333333334,39935.4,0.0399354,-0.88282384,19618.30755555556,19494.533000000003,0.019494533,0.5,1.0,20.0,10 V,2.0,True,1
17.2829,-0.045,0.001,-1.7874483,39721.07333333334,39940.9,0.0399409,-0.88282384,19618.30755555556,19499.961,0.019499961,0.5,1.0,20.0,10 V,2.0,True,1
17.2998,-0.045,0.001,-1.7874483,39721.07333333334,39946.4,0.0399464,-0.88282384,19618.30755555556,19490.047000000002,0.019490047,0.5,1.0,20.0,10 V,2.0,True,1
17.3165,-0.045,0.001,-1.7874483,39721.07333333334,39929.9,0.0399299,-0.88282384,19618.30755555556,19495.586,0.019495586,0.5,1.0,20.0,10 V,2.0,True,1
17.3333,-0.045,0.001,-1.7874483,39721.07333333334,39935.4,0.0399354,-0.88282384,19618.30755555556,19501.789,0.019501789,0.5,1.0,20.0,10 V,2.0,True,1
17.3502,-0.045,0.001,-1.7874483,39721.07333333334,39929.9,0.0399299,-0.88282384,19618.30755555556,19495.143,0.019495143,0.5,1.0,20.0,10 V,2.0,True,1
17.3668,-0.045,0.001,-1.7874483,39721.07333333334,39929.9,0.0399299,-0.88282384,19618.30755555556,19489.161000000004,0.019489161,0.5,1.0,20.0,10 V,2.0,True,1
17.3837,-0.045,0.001,-1.7874483,39721.07333333334,39929.9,0.0399299,-0.88282384,19618.30755555556,19488.33,0.01948833,0.5,1.0,20.0,10 V,2.0,True,1
17.4005,-0.045,0.001,-1.7874483,39721.07333333334,39951.9,0.0399519,-0.88282384,19618.30755555556,19489.493000000002,0.019489493,0.5,1.0,20.0,10 V,2.0,True,1
17.4175,-0.045,0.001,-1.7874483,39721.07333333334,39929.9,0.0399299,-0.88282384,19618.30755555556,19491.543,0.019491543,0.5,1.0,20.0,10 V,2.0,True,1
17.4340,-0.045,0.001,-1.7874483,39721.07333333334,39929.9,0.0399299,-0.88282384,19618.30755555556,19491.543,0.019491543,0.5,1.0,20.0,10 V,2.0,True,1
17.4507,-0.045,0.001,-1.7874483,39721.07333333334,39935.4,0.0399354,-0.88282384,19618.30755555556,19486.89,0.01948689,0.5,1.0,20.0,10 V,2.0,True,1
17.4674,-0.045,0.001,-1.7874483,39721.07333333334,39940.9,0.0399409,-0.88282384,19618.30755555556,19486.613,0.019486613,0.5,1.0,20.0,10 V,2.0,True,1
17.4842,-0.045,0.001,-1.7874483,39721.07333333334,39935.4,0.0399354,-0.88282384,19618.30755555556,19493.924,0.019493924,0.5,1.0,20.0,10 V,2.0,True,1
17.5009,-0.045,0.001,-1.7874483,39721.07333333334,39946.4,0.0399464,-0.88282384,19618.30755555556,19496.97,0.01949697,0.5,1.0,20.0,10 V,2.0,True,1
17.5176,-0.045,0.001,-1.7874483,39721.07333333334,39946.4,0.0399464,-0.88282384,19618.30755555556,19494.866,0.019494866,0.5,1.0,20.0,10 V,2.0,True,1
17.5346,-0.045,0.001,-1.7874483,39721.07333333334,39940.9,0.0399409,-0.88282384,19618.30755555556,19507.937,0.019507937,0.5,1.0,20.0,10 V,2.0,True,1
17.5512,-0.045,0.001,-1.7874483,39721.07333333334,39940.9,0.0399409,-0.88282384,19618.30755555556,19492.983,0.019492983,0.5,1.0,20.0,10 V,2.0,True,1
17.5681,-0.045,0.001,-1.7874483,39721.07333333334,39935.4,0.0399354,-0.88282384,19618.30755555556,19496.306000000004,0.019496306,0.5,1.0,20.0,10 V,2.0,True,1
17.5848,-0.045,0.001,-1.7874483,39721.07333333334,39940.9,0.0399409,-0.88282384,19618.30755555556,19492.263,0.019492263,0.5,1.0,20.0,10 V,2.0,True,1
17.6016,-0.045,0.001,-1.7874483,39721.07333333334,39946.4,0.0399464,-0.88282384,19618.30755555556,19493.426000000003,0.019493426,0.5,1.0,20.0,10 V,2.0,True,1
17.6183,-0.045,0.001,-1.7874483,39721.07333333334,39951.9,0.0399519,-0.88282384,19618.30755555556,19501.235,0.019501235,0.5,1.0,20.0,10 V,2.0,True,1
17.6351,-0.045,0.001,-1.7874483,39721.07333333334,39940.9,0.0399409,-0.88282384,19618.30755555556,19486.89,0.01948689,0.5,1.0,20.0,10 V,2.0,True,1
17.6518,-0.045,0.001,-1.7874483,39721.07333333334,39940.9,0.0399409,-0.88282384,19618.30755555556,19481.961,0.019481961,0.5,1.0,20.0,10 V,2.0,True,1
17.6686,-0.045,0.001,-1.7874483,39721.07333333334,39935.4,0.0399354,-0.88282384,19618.30755555556,19491.653000000002,0.019491653,0.5,1.0,20.0,10 V,2.0,True,1
17.6853,-0.045,0.001,-1.7874483,39721.07333333334,39935.4,0.0399354,-0.88282384,19618.30755555556,19492.152,0.019492152,0.5,1.0,20.0,10 V,2.0,True,1
17.7022,-0.045,0.001,-1.7874483,39721.07333333334,39935.4,0.0399354,-0.88282384,19618.30755555556,19482.183,0.019482183,0.5,1.0,20.0,10 V,2.0,True,1
17.7191,-0.045,0.001,-1.7874483,39721.07333333334,39946.4,0.0399464,-0.88282384,19618.30755555556,19482.183,0.019482183,0.5,1.0,20.0,10 V,2.0,True,1
17.7357,-0.045,0.001,-1.7874483,39721.07333333334,39951.9,0.0399519,-0.88282384,19618.30755555556,19488.053000000004,0.019488053,0.5,1.0,20.0,10 V,2.0,True,1
17.7524,-0.045,0.001,-1.7874483,39721.07333333334,39951.9,0.0399519,-0.88282384,19618.30755555556,19483.899,0.019483899,0.5,1.0,20.0,10 V,2.0,True,1
17.7692,-0.045,0.001,-1.7874483,39721.07333333334,39946.4,0.0399464,-0.88282384,19618.30755555556,19503.893000000004,0.019503893,0.5,1.0,20.0,10 V,2.0,True,1
17.7860,-0.045,0.001,-1.7874483,39721.07333333334,39946.4,0.0399464,-0.88282384,19618.30755555556,19493.813,0.019493813,0.5,1.0,20.0,10 V,2.0,True,1
17.8027,-0.045,0.001,-1.7874483,39721.07333333334,39935.4,0.0399354,-0.88282384,19618.30755555556,19486.724000000002,0.019486724,0.5,1.0,20.0,10 V,2.0,True,1
17.8196,-0.045,0.001,-1.7874483,39721.07333333334,39957.4,0.0399574,-0.88282384,19618.30755555556,19494.256,0.019494256,0.5,1.0,20.0,10 V,2.0,True,1
17.8362,-0.045,0.001,-1.7874483,39721.07333333334,39940.9,0.0399409,-0.88282384,19618.30755555556,19484.896,0.019484896,0.5,1.0,20.0,10 V,2.0,True,1
17.8531,-0.045,0.001,-1.7874483,39721.07333333334,39940.9,0.0399409,-0.88282384,19618.30755555556,19484.232,0.019484232,0.5,1.0,20.0,10 V,2.0,True,1
17.8697,-0.045,0.001,-1.7874483,39721.07333333334,39946.4,0.0399464,-0.88282384,19618.30755555556,19483.124000000003,0.019483124,0.5,1.0,20.0,10 V,2.0,True,1
17.8866,-0.045,0.001,-1.7874483,39721.07333333334,39946.4,0.0399464,-0.88282384,19618.30755555556,19494.256,0.019494256,0.5,1.0,20.0,10 V,2.0,True,1
17.9033,-0.045,0.001,-1.7874483,39721.07333333334,39924.4,0.0399244,-0.88282384,19618.30755555556,19482.903,0.019482903,0.5,1.0,20.0,10 V,2.0,True,1
17.9200,-0.045,0.001,-1.7874483,39721.07333333334,39946.4,0.0399464,-0.88282384,19618.30755555556,19486.004,0.019486004,0.5,1.0,20.0,10 V,2.0,True,1
17.9367,-0.045,0.001,-1.7874483,39721.07333333334,39946.4,0.0399464,-0.88282384,19618.30755555556,19486.226,0.019486226,0.5,1.0,20.0,10 V,2.0,True,1
17.9535,-0.045,0.001,-1.7874483,39721.07333333334,39951.9,0.0399519,-0.88282384,19618.30755555556,19489.604000000003,0.019489604,0.5,1.0,20.0,10 V,2.0,True,1
17.9701,-0.045,0.001,-1.7874483,39721.07333333334,39946.4,0.0399464,-0.88282384,19618.30755555556,19485.783,0.019485783,0.5,1.0,20.0,10 V,2.0,True,1
17.9868,-0.045,0.001,-1.7874483,39721.07333333334,39946.4,0.0399464,-0.88282384,19618.30755555556,19488.441,0.019488441,0.5,1.0,20.0,10 V,2.0,True,1
18.0036,-0.045,0.001,-1.7874483,39721.07333333334,39946.4,0.0399464,-0.88282384,19618.30755555556,19484.896,0.019484896,0.5,1.0,20.0,10 V,2.0,True,1
18.0204,-0.045,0.001,-1.7874483,39721.07333333334,39946.4,0.0399464,-0.88282384,19618.30755555556,19485.672,0.019485672,0.5,1.0,20.0,10 V,2.0,True,1
18.0371,-0.045,0.001,-1.7874483,39721.07333333334,39940.9,0.0399409,-0.88282384,19618.30755555556,19484.841,0.019484841,0.5,1.0,20.0,10 V,2.0,True,1
18.0538,-0.045,0.001,-1.7874483,39721.07333333334,39951.9,0.0399519,-0.88282384,19618.30755555556,19489.383,0.019489383,0.5,1.0,20.0,10 V,2.0,True,1
18.0704,-0.045,0.001,-1.7874483,39721.07333333334,39951.9,0.0399519,-0.88282384,19618.30755555556,19491.709,0.019491709,0.5,1.0,20.0,10 V,2.0,True,1
18.0873,-0.045,0.001,-1.7874483,39721.07333333334,39940.9,0.0399409,-0.88282384,19618.30755555556,19493.093,0.019493093,0.5,1.0,20.0,10 V,2.0,True,1
18.1040,-0.045,0.001,-1.7874483,39721.07333333334,39946.4,0.0399464,-0.88282384,19618.30755555556,19490.103000000003,0.019490103,0.5,1.0,20.0,10 V,2.0,True,1
18.1209,-0.045,0.001,-1.7874483,39721.07333333334,39946.4,0.0399464,-0.88282384,19618.30755555556,19489.161000000004,0.019489161,0.5,1.0,20.0,10 V,2.0,True,1
18.1376,-0.045,0.001,-1.7874483,39721.07333333334,39946.4,0.0399464,-0.88282384,19618.30755555556,19482.404,0.019482404,0.5,1.0,20.0,10 V,2.0,True,1
18.1542,-0.045,0.001,-1.7874483,39721.07333333334,39946.4,0.0399464,-0.88282384,19618.30755555556,19484.066000000003,0.019484066,0.5,1.0,20.0,10 V,2.0,True,1
18.1709,-0.045,0.001,-1.7874483,39721.07333333334,39968.4,0.0399684,-0.88282384,19618.30755555556,19491.93,0.01949193,0.5,1.0,20.0,10 V,2.0,True,1
18.1876,-0.045,0.001,-1.7874483,39721.07333333334,39946.4,0.0399464,-0.88282384,19618.30755555556,19475.426000000003,0.019475426,0.5,1.0,20.0,10 V,2.0,True,1
18.2045,-0.045,0.001,-1.7874483,39721.07333333334,39946.4,0.0399464,-0.88282384,19618.30755555556,19481.795000000002,0.019481795,0.5,1.0,20.0,10 V,2.0,True,1
18.2212,-0.045,0.001,-1.7874483,39721.07333333334,39946.4,0.0399464,-0.88282384,19618.30755555556,19485.560999999998,0.019485561,0.5,1.0,20.0,10 V,2.0,True,1
18.2380,-0.045,0.001,-1.7874483,39721.07333333334,39946.4,0.0399464,-0.88282384,19618.30755555556,19475.702,0.019475702,0.5,1.0,20.0,10 V,2.0,True,1
18.2548,-0.045,0.001,-1.7874483,39721.07333333334,39951.9,0.0399519,-0.88282384,19618.30755555556,19473.155,0.019473155,0.5,1.0,20.0,10 V,2.0,True,1
18.2714,-0.045,0.001,-1.7874483,39721.07333333334,39951.9,0.0399519,-0.88282384,19618.30755555556,19483.179,0.019483179,0.5,1.0,20.0,10 V,2.0,True,1
18.2883,-0.045,0.001,-1.7874483,39721.07333333334,39951.9,0.0399519,-0.88282384,19618.30755555556,19480.466,0.019480466,0.5,1.0,20.0,10 V,2.0,True,1
18.3051,-0.045,0.001,-1.7874483,39721.07333333334,39940.9,0.0399409,-0.88282384,19618.30755555556,19472.656000000003,0.019472656,0.5,1.0,20.0,10 V,2.0,True,1
18.3218,-0.045,0.001,-1.7874483,39721.07333333334,39951.9,0.0399519,-0.88282384,19618.30755555556,19484.343,0.019484343,0.5,1.0,20.0,10 V,2.0,True,1
18.3386,-0.045,0.001,-1.7874483,39721.07333333334,39946.4,0.0399464,-0.88282384,19618.30755555556,19476.699,0.019476699,0.5,1.0,20.0,10 V,2.0,True,1
18.3553,-0.045,0.001,-1.7874483,39721.07333333334,39940.9,0.0399409,-0.88282384,19618.30755555556,19477.475000000002,0.019477475,0.5,1.0,20.0,10 V,2.0,True,1
18.3721,-0.045,0.001,-1.7874483,39721.07333333334,39946.4,0.0399464,-0.88282384,19618.30755555556,19476.090000000004,0.01947609,0.5,1.0,20.0,10 V,2.0,True,1
18.3889,-0.045,0.001,-1.7874483,39721.07333333334,39962.9,0.0399629,-0.88282384,19618.30755555556,19471.992000000002,0.019471992,0.5,1.0,20.0,10 V,2.0,True,1
18.4057,-0.045,0.001,-1.7874483,39721.07333333334,39962.9,0.0399629,-0.88282384,19618.30755555556,19481.407,0.019481407,0.5,1.0,20.0,10 V,2.0,True,1
18.4225,-0.045,0.001,-1.7874483,39721.07333333334,39957.4,0.0399574,-0.88282384,19618.30755555556,19487.61,0.01948761,0.5,1.0,20.0,10 V,2.0,True,1
18.4392,-0.045,0.001,-1.7874483,39721.07333333334,39962.9,0.0399629,-0.88282384,19618.30755555556,19492.152,0.019492152,0.5,1.0,20.0,10 V,2.0,True,1
18.4561,-0.045,0.001,-1.7874483,39721.07333333334,39957.4,0.0399574,-0.88282384,19618.30755555556,19494.201,0.019494201,0.5,1.0,20.0,10 V,2.0,True,1
18.4729,-0.045,0.001,-1.7874483,39721.07333333334,39957.4,0.0399574,-0.88282384,19618.30755555556,19488.552,0.019488552,0.5,1.0,20.0,10 V,2.0,True,1
18.4895,-0.045,0.001,-1.7874483,39721.07333333334,39968.4,0.0399684,-0.88282384,19618.30755555556,19494.478,0.019494478,0.5,1.0,20.0,10 V,2.0,True,1
18.5063,-0.045,0.001,-1.7874483,39721.07333333334,39968.4,0.0399684,-0.88282384,19618.30755555556,19498.687,0.019498687,0.5,1.0,20.0,10 V,2.0,True,1
18.5229,-0.045,0.001,-1.7874483,39721.07333333334,39962.9,0.0399629,-0.88282384,19618.30755555556,19492.429,0.019492429,0.5,1.0,20.0,10 V,2.0,True,1
18.5397,-0.045,0.001,-1.7874483,39721.07333333334,39979.4,0.0399794,-0.88282384,19618.30755555556,19492.096,0.019492096,0.5,1.0,20.0,10 V,2.0,True,1
18.5566,-0.045,0.001,-1.7874483,39721.07333333334,39962.9,0.0399629,-0.88282384,19618.30755555556,19494.533000000003,0.019494533,0.5,1.0,20.0,10 V,2.0,True,1
18.5733,-0.045,0.001,-1.7874483,39721.07333333334,39962.9,0.0399629,-0.88282384,19618.30755555556,19495.696,0.019495696,0.5,1.0,20.0,10 V,2.0,True,1
18.5900,-0.045,0.001,-1.7874483,39721.07333333334,39962.9,0.0399629,-0.88282384,19618.30755555556,19494.423000000003,0.019494423,0.5,1.0,20.0,10 V,2.0,True,1
18.6067,-0.045,0.001,-1.7874483,39721.07333333334,39957.4,0.0399574,-0.88282384,19618.30755555556,19486.392000000003,0.019486392,0.5,1.0,20.0,10 V,2.0,True,1
18.6235,-0.045,0.001,-1.7874483,39721.07333333334,39957.4,0.0399574,-0.88282384,19618.30755555556,19492.927,0.019492927,0.5,1.0,20.0,10 V,2.0,True,1
18.6402,-0.045,0.001,-1.7874483,39721.07333333334,39962.9,0.0399629,-0.88282384,19618.30755555556,19489.77,0.01948977,0.5,1.0,20.0,10 V,2.0,True,1
18.6572,-0.045,0.001,-1.7874483,39721.07333333334,39940.9,0.0399409,-0.88282384,19618.30755555556,19480.909000000003,0.019480909,0.5,1.0,20.0,10 V,2.0,True,1
18.6738,-0.045,0.001,-1.7874483,39721.07333333334,39957.4,0.0399574,-0.88282384,19618.30755555556,19482.736,0.019482736,0.5,1.0,20.0,10 V,2.0,True,1
18.6907,-0.045,0.001,-1.7874483,39721.07333333334,39951.9,0.0399519,-0.88282384,19618.30755555556,19488.053000000004,0.019488053,0.5,1.0,20.0,10 V,2.0,True,1
18.7074,-0.045,0.001,-1.7874483,39721.07333333334,39957.4,0.0399574,-0.88282384,19618.30755555556,19483.401,0.019483401,0.5,1.0,20.0,10 V,2.0,True,1
18.7241,-0.045,0.001,-1.7874483,39721.07333333334,39957.4,0.0399574,-0.88282384,19618.30755555556,19484.176,0.019484176,0.5,1.0,20.0,10 V,2.0,True,1
18.7409,-0.045,0.001,-1.7874483,39721.07333333334,39957.4,0.0399574,-0.88282384,19618.30755555556,19483.124000000003,0.019483124,0.5,1.0,20.0,10 V,2.0,True,1
18.7577,-0.045,0.001,-1.7874483,39721.07333333334,39962.9,0.0399629,-0.88282384,19618.30755555556,19485.173000000003,0.019485173,0.5,1.0,20.0,10 V,2.0,True,1
18.7744,-0.045,0.001,-1.7874483,39721.07333333334,39968.4,0.0399684,-0.88282384,19618.30755555556,19486.779,0.019486779,0.5,1.0,20.0,10 V,2.0,True,1
18.7911,-0.045,0.001,-1.7874483,39721.07333333334,39962.9,0.0399629,-0.88282384,19618.30755555556,19487.333,0.019487333,0.5,1.0,20.0,10 V,2.0,True,1
18.8078,-0.045,0.001,-1.7874483,39721.07333333334,39962.9,0.0399629,-0.88282384,19618.30755555556,19487.775999999998,0.019487776,0.5,1.0,20.0,10 V,2.0,True,1
18.8247,-0.045,0.001,-1.7874483,39721.07333333334,39957.4,0.0399574,-0.88282384,19618.30755555556,19485.45,0.01948545,0.5,1.0,20.0,10 V,2.0,True,1
18.8414,-0.045,0.001,-1.7874483,39721.07333333334,39957.4,0.0399574,-0.88282384,19618.30755555556,19490.601000000002,0.019490601,0.5,1.0,20.0,10 V,2.0,True,1
18.8582,-0.045,0.001,-1.7874483,39721.07333333334,39968.4,0.0399684,-0.88282384,19618.30755555556,19491.487,0.019491487,0.5,1.0,20.0,10 V,2.0,True,1
18.8750,-0.045,0.001,-1.7874483,39721.07333333334,39957.4,0.0399574,-0.88282384,19618.30755555556,19491.875,0.019491875,0.5,1.0,20.0,10 V,2.0,True,1
18.8919,-0.045,0.001,-1.7874483,39721.07333333334,39968.4,0.0399684,-0.88282384,19618.30755555556,19494.09,0.01949409,0.5,1.0,20.0,10 V,2.0,True,1
18.9085,-0.045,0.001,-1.7874483,39721.07333333334,39962.9,0.0399629,-0.88282384,19618.30755555556,19491.21,0.01949121,0.5,1.0,20.0,10 V,2.0,True,1
18.9254,-0.045,0.001,-1.7874483,39721.07333333334,39973.9,0.0399739,-0.88282384,19618.30755555556,19496.029000000002,0.019496029,0.5,1.0,20.0,10 V,2.0,True,1
18.9421,-0.045,0.001,-1.7874483,39721.07333333334,39962.9,0.0399629,-0.88282384,19618.30755555556,19489.659,0.019489659,0.5,1.0,20.0,10 V,2.0,True,1
18.9588,-0.045,0.001,-1.7874483,39721.07333333334,39968.4,0.0399684,-0.88282384,19618.30755555556,19493.426000000003,0.019493426,0.5,1.0,20.0,10 V,2.0,True,1
18.9756,-0.045,0.001,-1.7874483,39721.07333333334,39968.4,0.0399684,-0.88282384,19618.30755555556,19491.543,0.019491543,0.5,1.0,20.0,10 V,2.0,True,1
18.9923,-0.045,0.001,-1.7874483,39721.07333333334,39962.9,0.0399629,-0.88282384,19618.30755555556,19498.576,0.019498576,0.5,1.0,20.0,10 V,2.0,True,1
19.0089,-0.045,0.001,-1.7874483,39721.07333333334,39973.9,0.0399739,-0.88282384,19618.30755555556,19501.623,0.019501623,0.5,1.0,20.0,10 V,2.0,True,1
19.0256,-0.045,0.001,-1.7874483,39721.07333333334,39968.4,0.0399684,-0.88282384,19618.30755555556,19486.779,0.019486779,0.5,1.0,20.0,10 V,2.0,True,1
19.0424,-0.045,0.001,-1.7874483,39721.07333333334,39968.4,0.0399684,-0.88282384,19618.30755555556,19484.398,0.019484398,0.5,1.0,20.0,10 V,2.0,True,1
19.0774,-0.044,0.001,-1.7447577,39653.58409090909,39880.40000000001,0.0398804,-0.85950253,19534.14840909091,19489.383,0.019489383,0.5,1.0,20.0,10 V,2.0,True,1
19.1109,-0.043,0.001,-1.7062411,39680.025581395355,39869.4,0.0398694,-0.84041477,19544.529534883724,19480.355000000003,0.019480355,0.5,1.0,20.0,10 V,2.0,True,1
19.1446,-0.041999999999999996,0.001,-1.6673452,39698.69523809524,39863.9,0.0398639,-0.82140577,19557.28023809524,19482.404,0.019482404,0.5,1.0,20.0,10 V,2.0,True,1
19.1782,-0.040999999999999995,0.001,-1.6283556,39715.990243902444,39858.4,0.0398584,-0.80193762,19559.454146341468,19485.506,0.019485506,0.5,1.0,20.0,10 V,2.0,True,1
19.2116,-0.039999999999999994,0.001,-1.5895366,39738.415,39858.4,0.0398584,-0.78267298,19566.824500000002,19472.546000000002,0.019472546,0.5,1.0,20.0,10 V,2.0,True,1
19.2451,-0.03899999999999999,0.001,-1.5502939,39751.12564102565,39852.9,0.0398529,-0.76323253,19570.064871794875,19491.875,0.019491875,0.5,1.0,20.0,10 V,2.0,True,1
19.2786,-0.03799999999999999,0.001,-1.5112989,39771.02368421053,39852.9,0.0398529,-0.74422957,19584.98868421053,19484.121,0.019484121,0.5,1.0,20.0,10 V,2.0,True,1
19.3119,-0.03699999999999999,0.001,-1.4716274,39773.713513513525,39830.9,0.0398309,-0.72467324,19585.763243243247,19474.152000000002,0.019474152,0.5,1.0,20.0,10 V,2.0,True,1
19.3453,-0.03599999999999999,0.001,-1.4323741,39788.16944444445,39830.9,0.0398309,-0.70499548,19583.20777777778,19475.426000000003,0.019475426,0.5,1.0,20.0,10 V,2.0,True,1
19.3787,-0.03499999999999999,0.001,-1.3931921,39805.488571428585,39847.4,0.0398474,-0.68574414,19592.68971428572,19486.059,0.019486059,0.5,1.0,20.0,10 V,2.0,True,1
19.4124,-0.03399999999999999,0.001,-1.3538614,39819.45294117649,39852.9,0.0398529,-0.66629537,19596.922647058833,19489.493000000002,0.019489493,0.5,1.0,20.0,10 V,2.0,True,1
19.4458,-0.03299999999999999,0.001,-1.3145859,39835.93636363638,39847.4,0.0398474,-0.64672517,19597.73242424243,19486.835000000003,0.019486835,0.5,1.0,20.0,10 V,2.0,True,1
19.4793,-0.03199999999999999,0.001,-1.274931,39841.59375000002,39852.9,0.0398529,-0.62723481,19601.08781250001,19485.229,0.019485229,0.5,1.0,20.0,10 V,2.0,True,1
19.5128,-0.030999999999999986,0.001,-1.235111,39842.290322580666,39863.9,0.0398639,-0.60765906,19601.90516129033,19488.718,0.019488718,0.5,1.0,20.0,10 V,2.0,True,1
19.5463,-0.029999999999999985,0.001,-1.1958135,39860.45000000002,39841.9,0.0398419,-0.58810603,19603.53433333334,19489.493000000002,0.019489493,0.5,1.0,20.0,10 V,2.0,True,1
19.5798,-0.028999999999999984,0.001,-1.1561311,39866.589655172436,39841.9,0.0398419,-0.56835451,19598.431379310357,19488.053000000004,0.019488053,0.5,1.0,20.0,10 V,2.0,True,1
19.6133,-0.027999999999999983,0.001,-1.1167071,39882.396428571454,39852.9,0.0398529,-0.54903382,19608.350714285727,19488.884000000002,0.019488884,0.5,1.0,20.0,10 V,2.0,True,1
19.6468,-0.024999999999999984,0.001,-0.9975826,39903.304000000026,39858.4,0.0398584,-0.4903093,19612.372000000014,19502.73,0.01950273,0.5,1.0,20.0,10 V,2.0,True,1
19.6805,-0.021999999999999985,0.001,-0.878376,39926.181818181845,39852.9,0.0398529,-0.43151986,19614.539090909104,19495.032,0.019495032,0.5,1.0,20.0,10 V,2.0,True,1
19.7139,-0.018999999999999986,0.001,-0.7589931,39947.00526315792,39869.4,0.0398694,-0.3723944,19599.70526315791,19495.918,0.019495918,0.5,1.0,20.0,10 V,2.0,True,1
19.7474,-0.015999999999999986,0.001,-0.6395498,39971.86250000003,39874.9,0.0398749,-0.31375021,19609.388125000016,19505.5,0.0195055,0.5,1.0,20.0,10 V,2.0,True,1
19.7809,-0.012999999999999987,0.001,-0.5199745,39998.0384615385,39880.40000000001,0.0398804,-0.25494022,19610.786153846173,19507.881,0.019507881,0.5,1.0,20.0,10 V,2.0,True,1
19.8146,-0.009999999999999988,0.001,-0.4001572,40015.720000000045,39891.4,0.0398914,-0.19617842,19617.842000000022,19515.026,0.019515026,0.5,1.0,20.0,10 V,2.0,True,1
19.8481,-0.006999999999999988,0.001,-0.280197,40028.14285714292,39896.9,0.0398969,-0.13725917,19608.452857142893,19508.878,0.019508878,0.5,1.0,20.0,10 V,2.0,True,1
19.8801,-0.003999999999999988,0.001,-0.1601322,40033.05000000012,39902.4,0.0399024,-0.078391911,19597.977750000056,19512.035,0.019512035,0.5,1.0,20.0,10 V,2.0,True,1
19.9136,-0.0009999999999999879,0.001,-0.0400619,40061.90000000048,39907.9,0.0399079,-0.019616481,19616.48100000024,19506.607,0.019506607,0.5,1.0,20.0,10 V,2.0,True,1
19.9471,0.002000000000000012,0.001,0.0798928,39946.399999999754,39918.9,0.0399189,0.039064294,19532.14699999988,19514.25,0.01951425,0.5,1.0,20.0,10 V,2.0,True,1
19.9805,0.005000000000000012,0.001,0.1997924,39958.4799999999,39924.4,0.0399244,0.097724393,19544.878599999953,19520.73,0.01952073,0.5,1.0,20.0,10 V,2.0,True,1
20.0155,0.008000000000000012,0.001,0.3196043,39950.53749999993,39935.4,0.0399354,0.1563088,19538.599999999966,19512.257,0.019512257,0.5,1.0,20.0,10 V,2.0,True,1
20.0491,0.011000000000000013,0.001,0.4391577,39923.427272727225,39951.9,0.0399519,0.21484777,19531.61545454543,19519.9,0.0195199,0.5,1.0,20.0,10 V,2.0,True,1
20.0828,0.014000000000000012,0.001,0.5586064,39900.4571428571,39957.4,0.0399574,0.27310895,19507.782142857126,19517.518000000004,0.019517518,0.5,1.0,20.0,10 V,2.0,True,1
20.1161,0.01700000000000001,0.001,0.6778245,39872.02941176468,39979.4,0.0399794,0.33145163,19497.154705882338,19509.487,0.019509487,0.5,1.0,20.0,10 V,2.0,True,1
20.1496,0.02000000000000001,0.001,0.7969542,39847.70999999998,39973.9,0.0399739,0.38966957,19483.47849999999,19505.998,0.019505998,0.5,1.0,20.0,10 V,2.0,True,1
20.1832,0.02300000000000001,0.001,0.9157762,39816.356521739115,39973.9,0.0399739,0.44798452,19477.587826086947,19508.38,0.01950838,0.5,1.0,20.0,10 V,2.0,True,1
20.2165,0.02600000000000001,0.001,1.0341747,39775.94999999998,39979.4,0.0399794,0.50595128,19459.66461538461,19511.426,0.019511426,0.5,1.0,20.0,10 V,2.0,True,1
20.2502,0.02900000000000001,0.001,1.1525568,39743.33793103447,39995.9,0.0399959,0.56406164,19450.40137931034,19513.641000000003,0.019513641,0.5,1.0,20.0,10 V,2.0,True,1
20.2835,0.03200000000000001,0.001,1.2707795,39711.85937499999,40001.4,0.0400014,0.62186203,19433.188437499994,19507.106,0.019507106,0.5,1.0,20.0,10 V,2.0,True,1
20.3170,0.03500000000000001,0.001,1.3882982,39665.662857142845,40006.9,0.0400069,0.67986317,19424.661999999993,19499.684,0.019499684,0.5,1.0,20.0,10 V,2.0,True,1
20.3507,0.03800000000000001,0.001,1.5060532,39632.97894736841,40012.4,0.0400124,0.73751719,19408.34710526315,19501.124000000003,0.019501124,0.5,1.0,20.0,10 V,2.0,True,1
20.3840,0.041000000000000016,0.001,1.6234179,39595.558536585355,40023.4,0.0400234,0.79518338,19394.716585365848,19493.481,0.019493481,0.5,1.0,20.0,10 V,2.0,True,1
20.4176,0.04400000000000002,0.001,1.7412335,39573.48863636362,40045.4,0.0400454,0.85292336,19384.62181818181,19502.675000000003,0.019502675,0.5,1.0,20.0,10 V,2.0,True,1
20.4511,0.04700000000000002,0.001,1.8580649,39533.29574468083,40045.4,0.0400454,0.91013762,19364.630212765947,19500.903000000002,0.019500903,0.5,1.0,20.0,10 V,2.0,True,1
20.4845,0.050000000000000024,0.001,1.9749619,39499.23799999998,40067.4,0.0400674,0.96820972,19364.194399999993,19505.112,0.019505112,0.5,1.0,20.0,10 V,2.0,True,1
20.5180,0.053000000000000026,0.001,2.0934541,39499.13396226413,40072.9,0.0400729,1.0270381,19378.077358490555,19494.367,0.019494367,0.5,1.0,20.0,10 V,2.0,True,1
20.5514,0.05600000000000003,0.001,2.2104287,39471.94107142855,40083.9,0.0400839,1.0847253,19370.09464285713,19487.832000000002,0.019487832,0.5,1.0,20.0,10 V,2.0,True,1
20.5848,0.05900000000000003,0.001,2.3270564,39441.63389830507,40083.9,0.0400839,1.1426443,19366.85254237287,19491.82,0.01949182,0.5,1.0,20.0,10 V,2.0,True,1
20.6195,0.062000000000000034,0.001,2.4437831,39415.85645161288,40122.4,0.0401224,1.2008895,19369.18548387096,19493.980000000003,0.01949398,0.5,1.0,20.0,10 V,2.0,True,1
20.6531,0.06500000000000003,0.001,2.5609278,39398.88923076921,40133.4,0.0401334,1.2584007,19360.010769230757,19498.964,0.019498964,0.5,1.0,20.0,10 V,2.0,True,1
20.6866,0.06800000000000003,0.001,2.6792603,39400.88676470586,40166.4,0.0401664,1.3179408,19381.482352941162,19503.783,0.019503783,0.5,1.0,20.0,10 V,2.0,True,1
20.7201,0.07100000000000004,0.001,2.7954098,39371.96901408449,40177.4,0.0401774,1.3760569,19381.08309859154,19479.690000000002,0.01947969,0.5,1.0,20.0,10 V,2.0,True,1
20.7535,0.07400000000000004,0.001,2.9136928,39374.22702702701,40193.9,0.0401939,1.4352561,19395.35270270269,19478.693,0.019478693,0.5,1.0,20.0,10 V,2.0,True,1
20.7873,0.07700000000000004,0.001,3.0315471,39370.741558441536,40193.9,0.0401939,1.493526,19396.441558441547,19482.681000000004,0.019482681,0.5,1.0,20.0,10 V,2.0,True,1
20.8206,0.08000000000000004,0.001,3.1493792,39367.239999999976,40237.799999999996,0.0402378,1.5532696,19415.869999999988,19501.733,0.019501733,0.5,1.0,20.0,10 V,2.0,True,1
20.8542,0.08300000000000005,0.001,3.266975,39361.14457831323,40265.299999999996,0.0402653,1.6132389,19436.613253012038,19485.173000000003,0.019485173,0.5,1.0,20.0,10 V,2.0,True,1
20.8878,0.08600000000000005,0.001,3.3860609,39372.801162790674,40292.799999999996,0.0402928,1.6719376,19441.13488372092,19502.232000000004,0.019502232,0.5,1.0,20.0,10 V,2.0,True,1
20.9213,0.08900000000000005,0.001,3.5052183,39384.475280898856,40342.3,0.0403423,1.7327812,19469.451685393247,19512.755,0.019512755,0.5,1.0,20.0,10 V,2.0,True,1
20.9547,0.09200000000000005,0.001,3.6249478,39401.60652173911,40375.3,0.0403753,1.7918542,19476.67608695651,19534.798,0.019534798,0.5,1.0,20.0,10 V,2.0,True,1
20.9882,0.09500000000000006,0.001,3.7446991,39417.88526315787,40402.8,0.0404028,1.8529451,19504.68526315788,19525.383,0.019525383,0.5,1.0,20.0,10 V,2.0,True,1
21.0216,0.09800000000000006,0.001,3.8649289,39438.049999999974,40441.3,0.0404413,1.9135246,19525.761224489783,19550.749,0.019550749,0.5,1.0,20.0,10 V,2.0,True,1
21.0553,0.1,0.001,3.9471702,39471.702,40501.8,0.0405018,1.9542023,19542.022999999997,19574.897,0.019574897,0.5,1.0,20.0,10 V,2.0,True,1
21.0886,0.097,0.001,3.8330664,39516.14845360825,40501.8,0.0405018,1.8967739,19554.370103092784,19555.678,0.019555678,0.5,1.0,20.0,10 V,2.0,True,1
21.1220,0.094,0.001,3.7187042,39560.6829787234,40529.299999999996,0.0405293,1.8365409,19537.66914893617,19564.817000000003,0.019564817,0.5,1.0,20.0,10 V,2.0,True,1
21.1556,0.091,0.001,3.6037098,39601.20659340659,40512.8,0.0405128,1.7778748,19537.085714285713,19554.681,0.019554681,0.5,1.0,20.0,10 V,2.0,True,1
21.1890,0.088,0.001,3.4880663,39637.11704545454,40556.799999999996,0.0405568,1.7189836,19533.904545454545,19564.928,0.019564928,0.5,1.0,20.0,10 V,2.0,True,1
21.2225,0.08499999999999999,0.001,3.3704101,39651.88352941177,40540.3,0.0405403,1.6598448,19527.58588235294,19568.528000000002,0.019568528,0.5,1.0,20.0,10 V,2.0,True,1
21.2560,0.08199999999999999,0.001,3.2540353,39683.357317073176,40523.8,0.0405238,1.6004037,19517.118292682928,19554.238,0.019554238,0.5,1.0,20.0,10 V,2.0,True,1
21.2895,0.07899999999999999,0.001,3.1360875,39697.310126582284,40545.8,0.0405458,1.5405884,19501.11898734178,19565.758,0.019565758,0.5,1.0,20.0,10 V,2.0,True,1
21.3228,0.07599999999999998,0.001,3.017986,39710.34210526316,40540.3,0.0405403,1.4815157,19493.62763157895,19563.488,0.019563488,0.5,1.0,20.0,10 V,2.0,True,1
21.3564,0.07299999999999998,0.001,2.9000438,39726.62739726029,40540.3,0.0405403,1.4219094,19478.210958904114,19543.161,0.019543161,0.5,1.0,20.0,10 V,2.0,True,1
21.3899,0.06999999999999998,0.001,2.7821016,39744.30857142858,40534.8,0.0405348,1.3637771,19482.530000000006,19553.629,0.019553629,0.5,1.0,20.0,10 V,2.0,True,1
21.4234,0.06699999999999998,0.001,2.6644784,39768.33432835823,40534.8,0.0405348,1.3047372,19473.68955223881,19550.749,0.019550749,0.5,1.0,20.0,10 V,2.0,True,1
21.4569,0.06399999999999997,0.001,2.545519,39773.73437500002,40501.8,0.0405018,1.2440584,19438.412500000006,19522.226000000002,0.019522226,0.5,1.0,20.0,10 V,2.0,True,1
21.4894,0.06099999999999997,0.001,2.4258446,39767.9442622951,40496.3,0.0404963,1.1847586,19422.27213114755,19535.851000000002,0.019535851,0.5,1.0,20.0,10 V,2.0,True,1
21.5229,0.05799999999999997,0.001,2.3077761,39789.243103448294,40501.8,0.0405018,1.1259629,19413.153448275873,19535.352,0.019535352,0.5,1.0,20.0,10 V,2.0,True,1
21.5563,0.054999999999999966,0.001,2.1899711,39817.656363636386,40485.3,0.0404853,1.0678271,19415.038181818192,19531.475000000002,0.019531475,0.5,1.0,20.0,10 V,2.0,True,1
21.5897,0.05199999999999996,0.001,2.0708963,39824.92884615387,40479.8,0.0404798,1.0089466,19402.819230769244,19532.084000000003,0.019532084,0.5,1.0,20.0,10 V,2.0,True,1
21.6233,0.04899999999999996,0.001,1.9514252,39825.00408163268,40468.8,0.0404688,0.95059735,19399.94591836736,19535.352,0.019535352,0.5,1.0,20.0,10 V,2.0,True,1
21.6569,0.04599999999999996,0.001,1.8328564,39844.704347826126,40446.8,0.0404468,0.89192863,19389.752826086973,19516.134000000002,0.019516134,0.5,1.0,20.0,10 V,2.0,True,1
21.6903,0.042999999999999955,0.001,1.7138693,39857.42558139539,40397.299999999996,0.0403973,0.83331701,19379.46534883723,19473.819,0.019473819,0.5,1.0,20.0,10 V,2.0,True,1
21.7239,0.03999999999999995,0.001,1.5935681,39839.20250000004,40369.799999999996,0.0403698,0.77285117,19321.27925000002,19454.435,0.019454435,0.5,1.0,20.0,10 V,2.0,True,1
21.7575,0.03699999999999995,0.001,1.4743502,39847.30270270276,40380.8,0.0403808,0.71503082,19325.157297297323,19448.675,0.019448675,0.5,1.0,20.0,10 V,2.0,True,1
21.7910,0.03399999999999995,0.001,1.355616,39871.05882352947,40358.8,0.0403588,0.65690437,19320.716764705914,19442.139000000003,0.019442139,0.5,1.0,20.0,10 V,2.0,True,1
21.8247,0.030999999999999948,0.001,1.2369809,39902.60967741942,40342.3,0.0403423,0.59915999,19327.741612903257,19432.059,0.019432059,0.5,1.0,20.0,10 V,2.0,True,1
21.8581,0.02799999999999995,0.001,1.1179666,39927.37857142864,40342.3,0.0403423,0.54159466,19342.666428571465,19429.013,0.019429013,0.5,1.0,20.0,10 V,2.0,True,1
21.8916,0.02499999999999995,0.001,0.9982757,39931.02800000008,40309.3,0.0403093,0.48273963,19309.585200000038,19419.542,0.019419542,0.5,1.0,20.0,10 V,2.0,True,1
21.9251,0.02199999999999995,0.001,0.8788159,39946.17727272736,40320.3,0.0403203,0.4248494,19311.336363636405,19421.979,0.019421979,0.5,1.0,20.0,10 V,2.0,True,1
21.9587,0.01899999999999995,0.001,0.7590866,39951.92631578958,40287.3,0.0402873,0.36689928,19310.488421052683,19410.016,0.019410016,0.5,1.0,20.0,10 V,2.0,True,1
21.9920,0.015999999999999952,0.001,0.6397313,39983.20625000012,40292.799999999996,0.0402928,0.30904899,19315.56187500006,19412.507999999998,0.019412508,0.5,1.0,20.0,10 V,2.0,True,1
22.0254,0.012999999999999953,0.001,0.5201228,40009.4461538463,40276.3,0.0402763,0.25123195,19325.534615384684,19408.853000000003,0.019408853,0.5,1.0,20.0,10 V,2.0,True,1
22.0587,0.009999999999999953,0.001,0.4002285,40022.85000000019,40254.3,0.0402543,0.19321476,19321.47600000009,19397.499,0.019397499,0.5,1.0,20.0,10 V,2.0,True,1
22.0922,0.006999999999999953,0.001,0.2803453,40049.32857142884,40259.8,0.0402598,0.13537724,19339.605714285844,19406.693,0.019406693,0.5,1.0,20.0,10 V,2.0,True,1
22.1243,0.003999999999999953,0.001,0.1603245,40081.12500000047,40232.3,0.0402323,0.077413084,19353.271000000226,19402.65,0.01940265,0.5,1.0,20.0,10 V,2.0,True,1
22.1579,0.0009999999999999532,0.001,0.0402378,40237.80000000188,40248.8,0.0402488,0.019402927,19402.92700000091,19411.013000000003,0.019411013,0.5,1.0,20.0,10 V,2.0,True,1
22.1914,-0.002000000000000047,0.001,-0.0798323,39916.14999999906,40232.3,0.0402323,-0.038606484,19303.241999999547,19401.431,0.019401431,0.5,1.0,20.0,10 V,2.0,True,1
22.2083,-0.002000000000000047,0.001,-0.0798323,39916.14999999906,40215.8,0.0402158,-0.038606484,19303.241999999547,19391.573,0.019391573,0.5,1.0,20.0,10 V,2.0,True,1
22.2249,-0.002000000000000047,0.001,-0.0798323,39916.14999999906,40215.8,0.0402158,-0.038606484,19303.241999999547,19401.154000000002,0.019401154,0.5,1.0,20.0,10 V,2.0,True,1
22.2416,-0.002000000000000047,0.001,-0.0798323,39916.14999999906,40215.8,0.0402158,-0.038606484,19303.241999999547,19393.29,0.01939329,0.5,1.0,20.0,10 V,2.0,True,1
22.2584,-0.002000000000000047,0.001,-0.0798323,39916.14999999906,40210.4,0.0402104,-0.038606484,19303.241999999547,19398.717,0.019398717,0.5,1.0,20.0,10 V,2.0,True,1
22.2751,-0.002000000000000047,0.001,-0.0798323,39916.14999999906,40199.4,0.0401994,-0.038606484,19303.241999999547,19390.576,0.019390576,0.5,1.0,20.0,10 V,2.0,True,1
22.2920,-0.002000000000000047,0.001,-0.0798323,39916.14999999906,40210.4,0.0402104,-0.038606484,19303.241999999547,19389.745,0.019389745,0.5,1.0,20.0,10 V,2.0,True,1
22.3088,-0.002000000000000047,0.001,-0.0798323,39916.14999999906,40204.9,0.0402049,-0.038606484,19303.241999999547,19381.327,0.019381327,0.5,1.0,20.0,10 V,2.0,True,1
22.3256,-0.002000000000000047,0.001,-0.0798323,39916.14999999906,40204.9,0.0402049,-0.038606484,19303.241999999547,19379.887,0.019379887,0.5,1.0,20.0,10 V,2.0,True,1
22.3422,-0.002000000000000047,0.001,-0.0798323,39916.14999999906,40199.4,0.0401994,-0.038606484,19303.241999999547,19386.699,0.019386699,0.5,1.0,20.0,10 V,2.0,True,1
22.3592,-0.002000000000000047,0.001,-0.0798323,39916.14999999906,40193.9,0.0401939,-0.038606484,19303.241999999547,19392.514,0.019392514,0.5,1.0,20.0,10 V,2.0,True,1
22.3760,-0.002000000000000047,0.001,-0.0798323,39916.14999999906,40221.3,0.0402213,-0.038606484,19303.241999999547,19386.2,0.0193862,0.5,1.0,20.0,10 V,2.0,True,1
22.3927,-0.002000000000000047,0.001,-0.0798323,39916.14999999906,40199.4,0.0401994,-0.038606484,19303.241999999547,19394.010000000002,0.01939401,0.5,1.0,20.0,10 V,2.0,True,1
22.4095,-0.002000000000000047,0.001,-0.0798323,39916.14999999906,40199.4,0.0401994,-0.038606484,19303.241999999547,19393.788,0.019393788,0.5,1.0,20.0,10 V,2.0,True,1
22.4260,-0.002000000000000047,0.001,-0.0798323,39916.14999999906,40210.4,0.0402104,-0.038606484,19303.241999999547,19400.379,0.019400379,0.5,1.0,20.0,10 V,2.0,True,1
22.4428,-0.002000000000000047,0.001,-0.0798323,39916.14999999906,40199.4,0.0401994,-0.038606484,19303.241999999547,19406.416,0.019406416,0.5,1.0,20.0,10 V,2.0,True,1
22.4596,-0.002000000000000047,0.001,-0.0798323,39916.14999999906,40188.4,0.0401884,-0.038606484,19303.241999999547,19403.979,0.019403979,0.5,1.0,20.0,10 V,2.0,True,1
22.4762,-0.002000000000000047,0.001,-0.0798323,39916.14999999906,40204.9,0.0402049,-0.038606484,19303.241999999547,19402.04,0.01940204,0.5,1.0,20.0,10 V,2.0,True,1
22.4930,-0.002000000000000047,0.001,-0.0798323,39916.14999999906,40204.9,0.0402049,-0.038606484,19303.241999999547,19406.748000000003,0.019406748,0.5,1.0,20.0,10 V,2.0,True,1
22.5097,-0.002000000000000047,0.001,-0.0798323,39916.14999999906,40215.8,0.0402158,-0.038606484,19303.241999999547,19402.428,0.019402428,0.5,1.0,20.0,10 V,2.0,True,1
22.5264,-0.002000000000000047,0.001,-0.0798323,39916.14999999906,40188.4,0.0401884,-0.038606484,19303.241999999547,19394.564000000002,0.019394564,0.5,1.0,20.0,10 V,2.0,True,1
22.5431,-0.002000000000000047,0.001,-0.0798323,39916.14999999906,40193.9,0.0401939,-0.038606484,19303.241999999547,19400.379,0.019400379,0.5,1.0,20.0,10 V,2.0,True,1
22.5598,-0.002000000000000047,0.001,-0.0798323,39916.14999999906,40199.4,0.0401994,-0.038606484,19303.241999999547,19396.336,0.019396336,0.5,1.0,20.0,10 V,2.0,True,1
22.5766,-0.002000000000000047,0.001,-0.0798323,39916.14999999906,40210.4,0.0402104,-0.038606484,19303.241999999547,19387.696,0.019387696,0.5,1.0,20.0,10 V,2.0,True,1
22.5935,-0.002000000000000047,0.001,-0.0798323,39916.14999999906,40193.9,0.0401939,-0.038606484,19303.241999999547,19399.548,0.019399548,0.5,1.0,20.0,10 V,2.0,True,1
22.6102,-0.002000000000000047,0.001,-0.0798323,39916.14999999906,40204.9,0.0402049,-0.038606484,19303.241999999547,19397.997,0.019397997,0.5,1.0,20.0,10 V,2.0,True,1
22.6269,-0.002000000000000047,0.001,-0.0798323,39916.14999999906,40188.4,0.0401884,-0.038606484,19303.241999999547,19388.637000000002,0.019388637,0.5,1.0,20.0,10 V,2.0,True,1
22.6438,-0.002000000000000047,0.001,-0.0798323,39916.14999999906,40182.9,0.0401829,-0.038606484,19303.241999999547,19393.677000000003,0.019393677,0.5,1.0,20.0,10 V,2.0,True,1
22.6607,-0.002000000000000047,0.001,-0.0798323,39916.14999999906,40182.9,0.0401829,-0.038606484,19303.241999999547,19389.690000000002,0.01938969,0.5,1.0,20.0,10 V,2.0,True,1
22.6774,-0.002000000000000047,0.001,-0.0798323,39916.14999999906,40177.4,0.0401774,-0.038606484,19303.241999999547,19396.502,0.019396502,0.5,1.0,20.0,10 V,2.0,True,1
22.6942,-0.002000000000000047,0.001,-0.0798323,39916.14999999906,40188.4,0.0401884,-0.038606484,19303.241999999547,19378.225,0.019378225,0.5,1.0,20.0,10 V,2.0,True,1
22.7109,-0.002000000000000047,0.001,-0.0798323,39916.14999999906,40177.4,0.0401774,-0.038606484,19303.241999999547,19378.280000000002,0.01937828,0.5,1.0,20.0,10 V,2.0,True,1
22.7276,-0.002000000000000047,0.001,-0.0798323,39916.14999999906,40171.90000000001,0.0401719,-0.038606484,19303.241999999547,19381.548,0.019381548,0.5,1.0,20.0,10 V,2.0,True,1
22.7445,-0.002000000000000047,0.001,-0.0798323,39916.14999999906,40166.4,0.0401664,-0.038606484,19303.241999999547,19381.105,0.019381105,0.5,1.0,20.0,10 V,2.0,True,1
22.7611,-0.002000000000000047,0.001,-0.0798323,39916.14999999906,40166.4,0.0401664,-0.038606484,19303.241999999547,19376.452999999998,0.019376453,0.5,1.0,20.0,10 V,2.0,True,1
22.7778,-0.002000000000000047,0.001,-0.0798323,39916.14999999906,40155.4,0.0401554,-0.038606484,19303.241999999547,19381.548,0.019381548,0.5,1.0,20.0,10 V,2.0,True,1
22.7945,-0.002000000000000047,0.001,-0.0798323,39916.14999999906,40171.90000000001,0.0401719,-0.038606484,19303.241999999547,19374.293,0.019374293,0.5,1.0,20.0,10 V,2.0,True,1
22.8114,-0.002000000000000047,0.001,-0.0798323,39916.14999999906,40155.4,0.0401554,-0.038606484,19303.241999999547,19378.059,0.019378059,0.5,1.0,20.0,10 V,2.0,True,1
22.8281,-0.002000000000000047,0.001,-0.0798323,39916.14999999906,40177.4,0.0401774,-0.038606484,19303.241999999547,19376.397,0.019376397,0.5,1.0,20.0,10 V,2.0,True,1
22.8448,-0.002000000000000047,0.001,-0.0798323,39916.14999999906,40155.4,0.0401554,-0.038606484,19303.241999999547,19380.108,0.019380108,0.5,1.0,20.0,10 V,2.0,True,1
22.8613,-0.002000000000000047,0.001,-0.0798323,39916.14999999906,40166.4,0.0401664,-0.038606484,19303.241999999547,19375.677000000003,0.019375677,0.5,1.0,20.0,10 V,2.0,True,1
22.8782,-0.002000000000000047,0.001,-0.0798323,39916.14999999906,40166.4,0.0401664,-0.038606484,19303.241999999547,19381.493000000002,0.019381493,0.5,1.0,20.0,10 V,2.0,True,1
22.8949,-0.002000000000000047,0.001,-0.0798323,39916.14999999906,40171.90000000001,0.0401719,-0.038606484,19303.241999999547,19388.194000000003,0.019388194,0.5,1.0,20.0,10 V,2.0,True,1
22.9116,-0.002000000000000047,0.001,-0.0798323,39916.14999999906,40166.4,0.0401664,-0.038606484,19303.241999999547,19388.637000000002,0.019388637,0.5,1.0,20.0,10 V,2.0,True,1
22.9286,-0.002000000000000047,0.001,-0.0798323,39916.14999999906,40160.9,0.0401609,-0.038606484,19303.241999999547,19382.711000000003,0.019382711,0.5,1.0,20.0,10 V,2.0,True,1
22.9450,-0.002000000000000047,0.001,-0.0798323,39916.14999999906,40171.90000000001,0.0401719,-0.038606484,19303.241999999547,19385.923,0.019385923,0.5,1.0,20.0,10 V,2.0,True,1
22.9618,-0.002000000000000047,0.001,-0.0798323,39916.14999999906,40149.9,0.0401499,-0.038606484,19303.241999999547,19371.690000000002,0.01937169,0.5,1.0,20.0,10 V,2.0,True,1
22.9789,-0.002000000000000047,0.001,-0.0798323,39916.14999999906,40177.4,0.0401774,-0.038606484,19303.241999999547,19388.803,0.019388803,0.5,1.0,20.0,10 V,2.0,True,1
22.9954,-0.002000000000000047,0.001,-0.0798323,39916.14999999906,40160.9,0.0401609,-0.038606484,19303.241999999547,19386.367000000002,0.019386367,0.5,1.0,20.0,10 V,2.0,True,1
23.0123,-0.002000000000000047,0.001,-0.0798323,39916.14999999906,40166.4,0.0401664,-0.038606484,19303.241999999547,19377.173000000003,0.019377173,0.5,1.0,20.0,10 V,2.0,True,1
23.0291,-0.002000000000000047,0.001,-0.0798323,39916.14999999906,40160.9,0.0401609,-0.038606484,19303.241999999547,19392.459000000003,0.019392459,0.5,1.0,20.0,10 V,2.0,True,1
23.0457,-0.002000000000000047,0.001,-0.0798323,39916.14999999906,40155.4,0.0401554,-0.038606484,19303.241999999547,19381.548,0.019381548,0.5,1.0,20.0,10 V,2.0,True,1
23.0626,-0.002000000000000047,0.001,-0.0798323,39916.14999999906,40155.4,0.0401554,-0.038606484,19303.241999999547,19380.44,0.01938044,0.5,1.0,20.0,10 V,2.0,True,1
23.0793,-0.002000000000000047,0.001,-0.0798323,39916.14999999906,40138.9,0.0401389,-0.038606484,19303.241999999547,19370.028000000002,0.019370028,0.5,1.0,20.0,10 V,2.0,True,1
23.0961,-0.002000000000000047,0.001,-0.0798323,39916.14999999906,40149.9,0.0401499,-0.038606484,19303.241999999547,19366.871000000003,0.019366871,0.5,1.0,20.0,10 V,2.0,True,1
23.1129,-0.002000000000000047,0.001,-0.0798323,39916.14999999906,40144.4,0.0401444,-0.038606484,19303.241999999547,19371.911,0.019371911,0.5,1.0,20.0,10 V,2.0,True,1
23.1295,-0.002000000000000047,0.001,-0.0798323,39916.14999999906,40149.9,0.0401499,-0.038606484,19303.241999999547,19374.459000000003,0.019374459,0.5,1.0,20.0,10 V,2.0,True,1
23.1464,-0.002000000000000047,0.001,-0.0798323,39916.14999999906,40155.4,0.0401554,-0.038606484,19303.241999999547,19371.911,0.019371911,0.5,1.0,20.0,10 V,2.0,True,1
23.1630,-0.002000000000000047,0.001,-0.0798323,39916.14999999906,40149.9,0.0401499,-0.038606484,19303.241999999547,19372.354000000003,0.019372354,0.5,1.0,20.0,10 V,2.0,True,1
23.1799,-0.002000000000000047,0.001,-0.0798323,39916.14999999906,40149.9,0.0401499,-0.038606484,19303.241999999547,19377.616,0.019377616,0.5,1.0,20.0,10 V,2.0,True,1
23.1966,-0.002000000000000047,0.001,-0.0798323,39916.14999999906,40144.4,0.0401444,-0.038606484,19303.241999999547,19377.893,0.019377893,0.5,1.0,20.0,10 V,2.0,True,1
23.2134,-0.002000000000000047,0.001,-0.0798323,39916.14999999906,40138.9,0.0401389,-0.038606484,19303.241999999547,19373.628,0.019373628,0.5,1.0,20.0,10 V,2.0,True,1
23.2303,-0.002000000000000047,0.001,-0.0798323,39916.14999999906,40144.4,0.0401444,-0.038606484,19303.241999999547,19372.243000000002,0.019372243,0.5,1.0,20.0,10 V,2.0,True,1
23.2470,-0.002000000000000047,0.001,-0.0798323,39916.14999999906,40138.9,0.0401389,-0.038606484,19303.241999999547,19385.923,0.019385923,0.5,1.0,20.0,10 V,2.0,True,1
23.2637,-0.002000000000000047,0.001,-0.0798323,39916.14999999906,40149.9,0.0401499,-0.038606484,19303.241999999547,19378.779,0.019378779,0.5,1.0,20.0,10 V,2.0,True,1
23.2805,-0.002000000000000047,0.001,-0.0798323,39916.14999999906,40144.4,0.0401444,-0.038606484,19303.241999999547,19371.302,0.019371302,0.5,1.0,20.0,10 V,2.0,True,1
23.2973,-0.002000000000000047,0.001,-0.0798323,39916.14999999906,40144.4,0.0401444,-0.038606484,19303.241999999547,19374.846,0.019374846,0.5,1.0,20.0,10 V,2.0,True,1
23.3141,-0.002000000000000047,0.001,-0.0798323,39916.14999999906,40149.9,0.0401499,-0.038606484,19303.241999999547,19389.247,0.019389247,0.5,1.0,20.0,10 V,2.0,True,1
23.3308,-0.002000000000000047,0.001,-0.0798323,39916.14999999906,40155.4,0.0401554,-0.038606484,19303.241999999547,19370.748,0.019370748,0.5,1.0,20.0,10 V,2.0,True,1
23.3476,-0.002000000000000047,0.001,-0.0798323,39916.14999999906,40149.9,0.0401499,-0.038606484,19303.241999999547,19380.994,0.019380994,0.5,1.0,20.0,10 V,2.0,True,1
23.3641,-0.002000000000000047,0.001,-0.0798323,39916.14999999906,40144.4,0.0401444,-0.038606484,19303.241999999547,19378.280000000002,0.01937828,0.5,1.0,20.0,10 V,2.0,True,1
23.3810,-0.002000000000000047,0.001,-0.0798323,39916.14999999906,40160.9,0.0401609,-0.038606484,19303.241999999547,19378.502,0.019378502,0.5,1.0,20.0,10 V,2.0,True,1
23.3976,-0.002000000000000047,0.001,-0.0798323,39916.14999999906,40149.9,0.0401499,-0.038606484,19303.241999999547,19374.348,0.019374348,0.5,1.0,20.0,10 V,2.0,True,1
23.4142,-0.002000000000000047,0.001,-0.0798323,39916.14999999906,40138.9,0.0401389,-0.038606484,19303.241999999547,19369.418999999998,0.019369419,0.5,1.0,20.0,10 V,2.0,True,1
23.4311,-0.002000000000000047,0.001,-0.0798323,39916.14999999906,40155.4,0.0401554,-0.038606484,19303.241999999547,19378.225,0.019378225,0.5,1.0,20.0,10 V,2.0,True,1
23.4481,-0.002000000000000047,0.001,-0.0798323,39916.14999999906,40138.9,0.0401389,-0.038606484,19303.241999999547,19376.452999999998,0.019376453,0.5,1.0,20.0,10 V,2.0,True,1
23.4648,-0.002000000000000047,0.001,-0.0798323,39916.14999999906,40155.4,0.0401554,-0.038606484,19303.241999999547,19386.311,0.019386311,0.5,1.0,20.0,10 V,2.0,True,1
23.4814,-0.002000000000000047,0.001,-0.0798323,39916.14999999906,40155.4,0.0401554,-0.038606484,19303.241999999547,19396.225000000002,0.019396225,0.5,1.0,20.0,10 V,2.0,True,1
23.4983,-0.002000000000000047,0.001,-0.0798323,39916.14999999906,40138.9,0.0401389,-0.038606484,19303.241999999547,19385.425000000003,0.019385425,0.5,1.0,20.0,10 V,2.0,True,1
23.5150,-0.002000000000000047,0.001,-0.0798323,39916.14999999906,40149.9,0.0401499,-0.038606484,19303.241999999547,19387.640000000003,0.01938764,0.5,1.0,20.0,10 V,2.0,True,1
23.5318,-0.002000000000000047,0.001,-0.0798323,39916.14999999906,40144.4,0.0401444,-0.038606484,19303.241999999547,19384.982,0.019384982,0.5,1.0,20.0,10 V,2.0,True,1
23.5484,-0.002000000000000047,0.001,-0.0798323,39916.14999999906,40155.4,0.0401554,-0.038606484,19303.241999999547,19389.634000000002,0.019389634,0.5,1.0,20.0,10 V,2.0,True,1
23.5651,-0.002000000000000047,0.001,-0.0798323,39916.14999999906,40155.4,0.0401554,-0.038606484,19303.241999999547,19384.428,0.019384428,0.5,1.0,20.0,10 V,2.0,True,1
23.5818,-0.002000000000000047,0.001,-0.0798323,39916.14999999906,40149.9,0.0401499,-0.038606484,19303.241999999547,19385.37,0.01938537,0.5,1.0,20.0,10 V,2.0,True,1
23.5985,-0.002000000000000047,0.001,-0.0798323,39916.14999999906,40138.9,0.0401389,-0.038606484,19303.241999999547,19382.877,0.019382877,0.5,1.0,20.0,10 V,2.0,True,1
23.6153,-0.002000000000000047,0.001,-0.0798323,39916.14999999906,40149.9,0.0401499,-0.038606484,19303.241999999547,19381.050000000003,0.01938105,0.5,1.0,20.0,10 V,2.0,True,1
23.6321,-0.002000000000000047,0.001,-0.0798323,39916.14999999906,40155.4,0.0401554,-0.038606484,19303.241999999547,19388.25,0.01938825,0.5,1.0,20.0,10 V,2.0,True,1
23.6489,-0.002000000000000047,0.001,-0.0798323,39916.14999999906,40133.4,0.0401334,-0.038606484,19303.241999999547,19378.723,0.019378723,0.5,1.0,20.0,10 V,2.0,True,1
23.6657,-0.002000000000000047,0.001,-0.0798323,39916.14999999906,40155.4,0.0401554,-0.038606484,19303.241999999547,19378.336,0.019378336,0.5,1.0,20.0,10 V,2.0,True,1
23.6825,-0.002000000000000047,0.001,-0.0798323,39916.14999999906,40149.9,0.0401499,-0.038606484,19303.241999999547,19387.530000000002,0.01938753,0.5,1.0,20.0,10 V,2.0,True,1
23.6994,-0.002000000000000047,0.001,-0.0798323,39916.14999999906,40138.9,0.0401389,-0.038606484,19303.241999999547,19388.969999999998,0.01938897,0.5,1.0,20.0,10 V,2.0,True,1
23.7161,-0.002000000000000047,0.001,-0.0798323,39916.14999999906,40138.9,0.0401389,-0.038606484,19303.241999999547,19380.662,0.019380662,0.5,1.0,20.0,10 V,2.0,True,1
23.7326,-0.002000000000000047,0.001,-0.0798323,39916.14999999906,40133.4,0.0401334,-0.038606484,19303.241999999547,19379.61,0.01937961,0.5,1.0,20.0,10 V,2.0,True,1
23.7493,-0.002000000000000047,0.001,-0.0798323,39916.14999999906,40144.4,0.0401444,-0.038606484,19303.241999999547,19376.231,0.019376231,0.5,1.0,20.0,10 V,2.0,True,1
23.7663,-0.002000000000000047,0.001,-0.0798323,39916.14999999906,40138.9,0.0401389,-0.038606484,19303.241999999547,19384.594,0.019384594,0.5,1.0,20.0,10 V,2.0,True,1
23.7829,-0.002000000000000047,0.001,-0.0798323,39916.14999999906,40149.9,0.0401499,-0.038606484,19303.241999999547,19382.434,0.019382434,0.5,1.0,20.0,10 V,2.0,True,1
23.7998,-0.002000000000000047,0.001,-0.0798323,39916.14999999906,40133.4,0.0401334,-0.038606484,19303.241999999547,19380.551,0.019380551,0.5,1.0,20.0,10 V,2.0,True,1
23.8164,-0.002000000000000047,0.001,-0.0798323,39916.14999999906,40122.4,0.0401224,-0.038606484,19303.241999999547,19376.785,0.019376785,0.5,1.0,20.0,10 V,2.0,True,1
23.8332,-0.002000000000000047,0.001,-0.0798323,39916.14999999906,40144.4,0.0401444,-0.038606484,19303.241999999547,19376.508,0.019376508,0.5,1.0,20.0,10 V,2.0,True,1
23.8498,-0.002000000000000047,0.001,-0.0798323,39916.14999999906,40133.4,0.0401334,-0.038606484,19303.241999999547,19374.126,0.019374126,0.5,1.0,20.0,10 V,2.0,True,1
23.8666,-0.002000000000000047,0.001,-0.0798323,39916.14999999906,40127.9,0.0401279,-0.038606484,19303.241999999547,19370.471,0.019370471,0.5,1.0,20.0,10 V,2.0,True,1
23.8835,-0.002000000000000047,0.001,-0.0798323,39916.14999999906,40127.9,0.0401279,-0.038606484,19303.241999999547,19374.459000000003,0.019374459,0.5,1.0,20.0,10 V,2.0,True,1
23.9003,-0.002000000000000047,0.001,-0.0798323,39916.14999999906,40133.4,0.0401334,-0.038606484,19303.241999999547,19382.545000000002,0.019382545,0.5,1.0,20.0,10 V,2.0,True,1
23.9169,-0.002000000000000047,0.001,-0.0798323,39916.14999999906,40149.9,0.0401499,-0.038606484,19303.241999999547,19385.093,0.019385093,0.5,1.0,20.0,10 V,2.0,True,1
23.9336,-0.002000000000000047,0.001,-0.0798323,39916.14999999906,40144.4,0.0401444,-0.038606484,19303.241999999547,19382.434,0.019382434,0.5,1.0,20.0,10 V,2.0,True,1
23.9506,-0.002000000000000047,0.001,-0.0798323,39916.14999999906,40144.4,0.0401444,-0.038606484,19303.241999999547,19390.41,0.01939041,0.5,1.0,20.0,10 V,2.0,True,1
23.9673,-0.002000000000000047,0.001,-0.0798323,39916.14999999906,40138.9,0.0401389,-0.038606484,19303.241999999547,19392.016000000003,0.019392016,0.5,1.0,20.0,10 V,2.0,True,1
23.9838,-0.002000000000000047,0.001,-0.0798323,39916.14999999906,40149.9,0.0401499,-0.038606484,19303.241999999547,19392.404,0.019392404,0.5,1.0,20.0,10 V,2.0,True,1
24.0008,-0.002000000000000047,0.001,-0.0798323,39916.14999999906,40144.4,0.0401444,-0.038606484,19303.241999999547,19384.760000000002,0.01938476,0.5,1.0,20.0,10 V,2.0,True,1
24.0174,-0.002000000000000047,0.001,-0.0798323,39916.14999999906,40122.4,0.0401224,-0.038606484,19303.241999999547,19381.659,0.019381659,0.5,1.0,20.0,10 V,2.0,True,1
24.0343,-0.002000000000000047,0.001,-0.0798323,39916.14999999906,40155.4,0.0401554,-0.038606484,19303.241999999547,19387.807,0.019387807,0.5,1.0,20.0,10 V,2.0,True,1
24.0510,-0.002000000000000047,0.001,-0.0798323,39916.14999999906,40133.4,0.0401334,-0.038606484,19303.241999999547,19379.443,0.019379443,0.5,1.0,20.0,10 V,2.0,True,1
24.0676,-0.002000000000000047,0.001,-0.0798323,39916.14999999906,40138.9,0.0401389,-0.038606484,19303.241999999547,19378.779,0.019378779,0.5,1.0,20.0,10 V,2.0,True,1
24.0844,-0.002000000000000047,0.001,-0.0798323,39916.14999999906,40127.9,0.0401279,-0.038606484,19303.241999999547,19382.323,0.019382323,0.5,1.0,20.0,10 V,2.0,True,1
24.1011,-0.002000000000000047,0.001,-0.0798323,39916.14999999906,40133.4,0.0401334,-0.038606484,19303.241999999547,19383.597,0.019383597,0.5,1.0,20.0,10 V,2.0,True,1
24.1180,-0.002000000000000047,0.001,-0.0798323,39916.14999999906,40144.4,0.0401444,-0.038606484,19303.241999999547,19382.711000000003,0.019382711,0.5,1.0,20.0,10 V,2.0,True,1
24.1348,-0.002000000000000047,0.001,-0.0798323,39916.14999999906,40144.4,0.0401444,-0.038606484,19303.241999999547,19378.89,0.01937889,0.5,1.0,20.0,10 V,2.0,True,1
24.1514,-0.002000000000000047,0.001,-0.0798323,39916.14999999906,40138.9,0.0401389,-0.038606484,19303.241999999547,19383.819,0.019383819,0.5,1.0,20.0,10 V,2.0,True,1
24.1682,-0.002000000000000047,0.001,-0.0798323,39916.14999999906,40127.9,0.0401279,-0.038606484,19303.241999999547,19381.88,0.01938188,0.5,1.0,20.0,10 V,2.0,True,1
24.1850,-0.002000000000000047,0.001,-0.0798323,39916.14999999906,40138.9,0.0401389,-0.038606484,19303.241999999547,19380.773,0.019380773,0.5,1.0,20.0,10 V,2.0,True,1
24.2018,-0.002000000000000047,0.001,-0.0798323,39916.14999999906,40133.4,0.0401334,-0.038606484,19303.241999999547,19380.773,0.019380773,0.5,1.0,20.0,10 V,2.0,True,1
24.2187,-0.002000000000000047,0.001,-0.0798323,39916.14999999906,40127.9,0.0401279,-0.038606484,19303.241999999547,19386.2,0.0193862,0.5,1.0,20.0,10 V,2.0,True,1
24.2354,-0.002000000000000047,0.001,-0.0798323,39916.14999999906,40122.4,0.0401224,-0.038606484,19303.241999999547,19377.45,0.01937745,0.5,1.0,20.0,10 V,2.0,True,1
24.2521,-0.002000000000000047,0.001,-0.0798323,39916.14999999906,40122.4,0.0401224,-0.038606484,19303.241999999547,19380.717,0.019380717,0.5,1.0,20.0,10 V,2.0,True,1
24.2688,-0.002000000000000047,0.001,-0.0798323,39916.14999999906,40138.9,0.0401389,-0.038606484,19303.241999999547,19378.945000000003,0.019378945,0.5,1.0,20.0,10 V,2.0,True,1
24.2853,-0.002000000000000047,0.001,-0.0798323,39916.14999999906,40111.4,0.0401114,-0.038606484,19303.241999999547,19377.394,0.019377394,0.5,1.0,20.0,10 V,2.0,True,1
24.3023,-0.002000000000000047,0.001,-0.0798323,39916.14999999906,40111.4,0.0401114,-0.038606484,19303.241999999547,19367.979000000003,0.019367979,0.5,1.0,20.0,10 V,2.0,True,1
24.3189,-0.002000000000000047,0.001,-0.0798323,39916.14999999906,40122.4,0.0401224,-0.038606484,19303.241999999547,19377.45,0.01937745,0.5,1.0,20.0,10 V,2.0,True,1
24.3358,-0.002000000000000047,0.001,-0.0798323,39916.14999999906,40127.9,0.0401279,-0.038606484,19303.241999999547,19374.514,0.019374514,0.5,1.0,20.0,10 V,2.0,True,1
24.3526,-0.002000000000000047,0.001,-0.0798323,39916.14999999906,40138.9,0.0401389,-0.038606484,19303.241999999547,19386.145,0.019386145,0.5,1.0,20.0,10 V,2.0,True,1
24.3692,-0.002000000000000047,0.001,-0.0798323,39916.14999999906,40171.90000000001,0.0401719,-0.038606484,19303.241999999547,19398.44,0.01939844,0.5,1.0,20.0,10 V,2.0,True,1
24.3862,-0.002000000000000047,0.001,-0.0798323,39916.14999999906,40215.8,0.0402158,-0.038606484,19303.241999999547,19407.967000000004,0.019407967,0.5,1.0,20.0,10 V,2.0,True,1
24.4028,-0.002000000000000047,0.001,-0.0798323,39916.14999999906,40188.4,0.0401884,-0.038606484,19303.241999999547,19408.299000000003,0.019408299,0.5,1.0,20.0,10 V,2.0,True,1
24.4195,-0.002000000000000047,0.001,-0.0798323,39916.14999999906,40155.4,0.0401554,-0.038606484,19303.241999999547,19394.342,0.019394342,0.5,1.0,20.0,10 V,2.0,True,1
24.4363,-0.002000000000000047,0.001,-0.0798323,39916.14999999906,40155.4,0.0401554,-0.038606484,19303.241999999547,19382.656000000003,0.019382656,0.5,1.0,20.0,10 V,2.0,True,1
24.4532,-0.002000000000000047,0.001,-0.0798323,39916.14999999906,40138.9,0.0401389,-0.038606484,19303.241999999547,19381.271,0.019381271,0.5,1.0,20.0,10 V,2.0,True,1
24.4700,-0.002000000000000047,0.001,-0.0798323,39916.14999999906,40149.9,0.0401499,-0.038606484,19303.241999999547,19375.733,0.019375733,0.5,1.0,20.0,10 V,2.0,True,1
24.4869,-0.002000000000000047,0.001,-0.0798323,39916.14999999906,40138.9,0.0401389,-0.038606484,19303.241999999547,19384.150999999998,0.019384151,0.5,1.0,20.0,10 V,2.0,True,1
24.5036,-0.002000000000000047,0.001,-0.0798323,39916.14999999906,40133.4,0.0401334,-0.038606484,19303.241999999547,19375.566000000003,0.019375566,0.5,1.0,20.0,10 V,2.0,True,1
24.5202,-0.002000000000000047,0.001,-0.0798323,39916.14999999906,40138.9,0.0401389,-0.038606484,19303.241999999547,19380.717,0.019380717,0.5,1.0,20.0,10 V,2.0,True,1
24.5368,-0.002000000000000047,0.001,-0.0798323,39916.14999999906,40138.9,0.0401389,-0.038606484,19303.241999999547,19376.397,0.019376397,0.5,1.0,20.0,10 V,2.0,True,1
24.5535,-0.002000000000000047,0.001,-0.0798323,39916.14999999906,40127.9,0.0401279,-0.038606484,19303.241999999547,19374.846,0.019374846,0.5,1.0,20.0,10 V,2.0,True,1
24.5703,-0.002000000000000047,0.001,-0.0798323,39916.14999999906,40127.9,0.0401279,-0.038606484,19303.241999999547,19387.530000000002,0.01938753,0.5,1.0,20.0,10 V,2.0,True,1
24.5870,-0.002000000000000047,0.001,-0.0798323,39916.14999999906,40122.4,0.0401224,-0.038606484,19303.241999999547,19380.662,0.019380662,0.5,1.0,20.0,10 V,2.0,True,1
24.6038,-0.002000000000000047,0.001,-0.0798323,39916.14999999906,40127.9,0.0401279,-0.038606484,19303.241999999547,19372.963,0.019372963,0.5,1.0,20.0,10 V,2.0,True,1
24.6206,-0.002000000000000047,0.001,-0.0798323,39916.14999999906,40127.9,0.0401279,-0.038606484,19303.241999999547,19380.883,0.019380883,0.5,1.0,20.0,10 V,2.0,True,1
24.6374,-0.002000000000000047,0.001,-0.0798323,39916.14999999906,40133.4,0.0401334,-0.038606484,19303.241999999547,19370.305,0.019370305,0.5,1.0,20.0,10 V,2.0,True,1
24.6543,-0.002000000000000047,0.001,-0.0798323,39916.14999999906,40116.9,0.0401169,-0.038606484,19303.241999999547,19379.942000000003,0.019379942,0.5,1.0,20.0,10 V,2.0,True,1
24.6708,-0.002000000000000047,0.001,-0.0798323,39916.14999999906,40122.4,0.0401224,-0.038606484,19303.241999999547,19369.640000000003,0.01936964,0.5,1.0,20.0,10 V,2.0,True,1
24.6876,-0.002000000000000047,0.001,-0.0798323,39916.14999999906,40138.9,0.0401389,-0.038606484,19303.241999999547,19380.219,0.019380219,0.5,1.0,20.0,10 V,2.0,True,1
24.7043,-0.002000000000000047,0.001,-0.0798323,39916.14999999906,40127.9,0.0401279,-0.038606484,19303.241999999547,19381.714000000004,0.019381714,0.5,1.0,20.0,10 V,2.0,True,1
24.7210,-0.002000000000000047,0.001,-0.0798323,39916.14999999906,40122.4,0.0401224,-0.038606484,19303.241999999547,19377.45,0.01937745,0.5,1.0,20.0,10 V,2.0,True,1
24.7378,-0.002000000000000047,0.001,-0.0798323,39916.14999999906,40122.4,0.0401224,-0.038606484,19303.241999999547,19379.222,0.019379222,0.5,1.0,20.0,10 V,2.0,True,1
24.7546,-0.002000000000000047,0.001,-0.0798323,39916.14999999906,40127.9,0.0401279,-0.038606484,19303.241999999547,19372.742,0.019372742,0.5,1.0,20.0,10 V,2.0,True,1
24.7714,-0.002000000000000047,0.001,-0.0798323,39916.14999999906,40127.9,0.0401279,-0.038606484,19303.241999999547,19375.179,0.019375179,0.5,1.0,20.0,10 V,2.0,True,1
24.7882,-0.002000000000000047,0.001,-0.0798323,39916.14999999906,40133.4,0.0401334,-0.038606484,19303.241999999547,19383.487,0.019383487,0.5,1.0,20.0,10 V,2.0,True,1
24.8050,-0.002000000000000047,0.001,-0.0798323,39916.14999999906,40133.4,0.0401334,-0.038606484,19303.241999999547,19384.704999999998,0.019384705,0.5,1.0,20.0,10 V,2.0,True,1
24.8218,-0.002000000000000047,0.001,-0.0798323,39916.14999999906,40127.9,0.0401279,-0.038606484,19303.241999999547,19384.04,0.01938404,0.5,1.0,20.0,10 V,2.0,True,1
24.8386,-0.002000000000000047,0.001,-0.0798323,39916.14999999906,40122.4,0.0401224,-0.038606484,19303.241999999547,19374.293,0.019374293,0.5,1.0,20.0,10 V,2.0,True,1
24.8554,-0.002000000000000047,0.001,-0.0798323,39916.14999999906,40122.4,0.0401224,-0.038606484,19303.241999999547,19383.154000000002,0.019383154,0.5,1.0,20.0,10 V,2.0,True,1
24.8720,-0.002000000000000047,0.001,-0.0798323,39916.14999999906,40122.4,0.0401224,-0.038606484,19303.241999999547,19380.994,0.019380994,0.5,1.0,20.0,10 V,2.0,True,1
24.8888,-0.002000000000000047,0.001,-0.0798323,39916.14999999906,40122.4,0.0401224,-0.038606484,19303.241999999547,19382.434,0.019382434,0.5,1.0,20.0,10 V,2.0,True,1
24.9055,-0.002000000000000047,0.001,-0.0798323,39916.14999999906,40127.9,0.0401279,-0.038606484,19303.241999999547,19381.105,0.019381105,0.5,1.0,20.0,10 V,2.0,True,1
24.9367,-0.002000000000000047,0.001,-0.0798323,39916.14999999906,40127.9,0.0401279,-0.038606484,19303.241999999547,19375.954,0.019375954,0.5,1.0,20.0,10 V,2.0,True,1
24.9535,-0.002000000000000047,0.001,-0.0798323,39916.14999999906,40133.4,0.0401334,-0.038606484,19303.241999999547,19375.733,0.019375733,0.5,1.0,20.0,10 V,2.0,True,1
24.9704,-0.002000000000000047,0.001,-0.0798323,39916.14999999906,40127.9,0.0401279,-0.038606484,19303.241999999547,19379.277000000002,0.019379277,0.5,1.0,20.0,10 V,2.0,True,1
24.9870,-0.002000000000000047,0.001,-0.0798323,39916.14999999906,40122.4,0.0401224,-0.038606484,19303.241999999547,19379.831000000002,0.019379831,0.5,1.0,20.0,10 V,2.0,True,1
25.0040,-0.002000000000000047,0.001,-0.0798323,39916.14999999906,40122.4,0.0401224,-0.038606484,19303.241999999547,19379.72,0.01937972,0.5,1.0,20.0,10 V,2.0,True,1
25.0208,-0.002000000000000047,0.001,-0.0798323,39916.14999999906,40127.9,0.0401279,-0.038606484,19303.241999999547,19380.33,0.01938033,0.5,1.0,20.0,10 V,2.0,True,1
25.0375,-0.002000000000000047,0.001,-0.0798323,39916.14999999906,40122.4,0.0401224,-0.038606484,19303.241999999547,19380.717,0.019380717,0.5,1.0,20.0,10 V,2.0,True,1
25.0543,-0.002000000000000047,0.001,-0.0798323,39916.14999999906,40127.9,0.0401279,-0.038606484,19303.241999999547,19391.24,0.01939124,0.5,1.0,20.0,10 V,2.0,True,1
25.0710,-0.002000000000000047,0.001,-0.0798323,39916.14999999906,40127.9,0.0401279,-0.038606484,19303.241999999547,19384.594,0.019384594,0.5,1.0,20.0,10 V,2.0,True,1
25.0878,-0.002000000000000047,0.001,-0.0798323,39916.14999999906,40127.9,0.0401279,-0.038606484,19303.241999999547,19380.773,0.019380773,0.5,1.0,20.0,10 V,2.0,True,1
25.1045,-0.002000000000000047,0.001,-0.0798323,39916.14999999906,40127.9,0.0401279,-0.038606484,19303.241999999547,19378.225,0.019378225,0.5,1.0,20.0,10 V,2.0,True,1
25.1214,-0.002000000000000047,0.001,-0.0798323,39916.14999999906,40122.4,0.0401224,-0.038606484,19303.241999999547,19376.619000000002,0.019376619,0.5,1.0,20.0,10 V,2.0,True,1
25.1381,-0.002000000000000047,0.001,-0.0798323,39916.14999999906,40127.9,0.0401279,-0.038606484,19303.241999999547,19376.563000000002,0.019376563,0.5,1.0,20.0,10 V,2.0,True,1
25.1546,-0.002000000000000047,0.001,-0.0798323,39916.14999999906,40111.4,0.0401114,-0.038606484,19303.241999999547,19378.557,0.019378557,0.5,1.0,20.0,10 V,2.0,True,1
25.1715,-0.002000000000000047,0.001,-0.0798323,39916.14999999906,40133.4,0.0401334,-0.038606484,19303.241999999547,19376.342,0.019376342,0.5,1.0,20.0,10 V,2.0,True,1
25.1882,-0.002000000000000047,0.001,-0.0798323,39916.14999999906,40122.4,0.0401224,-0.038606484,19303.241999999547,19382.489999999998,0.01938249,0.5,1.0,20.0,10 V,2.0,True,1
25.2049,-0.002000000000000047,0.001,-0.0798323,39916.14999999906,40122.4,0.0401224,-0.038606484,19303.241999999547,19373.739,0.019373739,0.5,1.0,20.0,10 V,2.0,True,1
25.2218,-0.002000000000000047,0.001,-0.0798323,39916.14999999906,40122.4,0.0401224,-0.038606484,19303.241999999547,19378.613,0.019378613,0.5,1.0,20.0,10 V,2.0,True,1
25.2385,-0.002000000000000047,0.001,-0.0798323,39916.14999999906,40105.9,0.0401059,-0.038606484,19303.241999999547,19374.791,0.019374791,0.5,1.0,20.0,10 V,2.0,True,1
25.2553,-0.002000000000000047,0.001,-0.0798323,39916.14999999906,40122.4,0.0401224,-0.038606484,19303.241999999547,19379.665,0.019379665,0.5,1.0,20.0,10 V,2.0,True,1
25.2720,-0.002000000000000047,0.001,-0.0798323,39916.14999999906,40116.9,0.0401169,-0.038606484,19303.241999999547,19385.259,0.019385259,0.5,1.0,20.0,10 V,2.0,True,1
25.2886,-0.002000000000000047,0.001,-0.0798323,39916.14999999906,40127.9,0.0401279,-0.038606484,19303.241999999547,19383.819,0.019383819,0.5,1.0,20.0,10 V,2.0,True,1
25.3054,-0.002000000000000047,0.001,-0.0798323,39916.14999999906,40116.9,0.0401169,-0.038606484,19303.241999999547,19385.148,0.019385148,0.5,1.0,20.0,10 V,2.0,True,1
25.3223,-0.002000000000000047,0.001,-0.0798323,39916.14999999906,40133.4,0.0401334,-0.038606484,19303.241999999547,19392.348,0.019392348,0.5,1.0,20.0,10 V,2.0,True,1
25.3390,-0.002000000000000047,0.001,-0.0798323,39916.14999999906,40127.9,0.0401279,-0.038606484,19303.241999999547,19390.52,0.01939052,0.5,1.0,20.0,10 V,2.0,True,1
25.3559,-0.002000000000000047,0.001,-0.0798323,39916.14999999906,40122.4,0.0401224,-0.038606484,19303.241999999547,19387.087000000003,0.019387087,0.5,1.0,20.0,10 V,2.0,True,1
25.3725,-0.002000000000000047,0.001,-0.0798323,39916.14999999906,40127.9,0.0401279,-0.038606484,19303.241999999547,19380.163,0.019380163,0.5,1.0,20.0,10 V,2.0,True,1
25.3894,-0.002000000000000047,0.001,-0.0798323,39916.14999999906,40138.9,0.0401389,-0.038606484,19303.241999999547,19388.028000000002,0.019388028,0.5,1.0,20.0,10 V,2.0,True,1
25.4062,-0.002000000000000047,0.001,-0.0798323,39916.14999999906,40122.4,0.0401224,-0.038606484,19303.241999999547,19391.407,0.019391407,0.5,1.0,20.0,10 V,2.0,True,1
25.4229,-0.002000000000000047,0.001,-0.0798323,39916.14999999906,40133.4,0.0401334,-0.038606484,19303.241999999547,19387.585,0.019387585,0.5,1.0,20.0,10 V,2.0,True,1
25.4396,-0.002000000000000047,0.001,-0.0798323,39916.14999999906,40122.4,0.0401224,-0.038606484,19303.241999999547,19387.917,0.019387917,0.5,1.0,20.0,10 V,2.0,True,1
25.4565,-0.002000000000000047,0.001,-0.0798323,39916.14999999906,40122.4,0.0401224,-0.038606484,19303.241999999547,19382.877,0.019382877,0.5,1.0,20.0,10 V,2.0,True,1
25.4733,-0.002000000000000047,0.001,-0.0798323,39916.14999999906,40111.4,0.0401114,-0.038606484,19303.241999999547,19383.763,0.019383763,0.5,1.0,20.0,10 V,2.0,True,1
25.4898,-0.002000000000000047,0.001,-0.0798323,39916.14999999906,40122.4,0.0401224,-0.038606484,19303.241999999547,19384.373,0.019384373,0.5,1.0,20.0,10 V,2.0,True,1
25.5066,-0.002000000000000047,0.001,-0.0798323,39916.14999999906,40127.9,0.0401279,-0.038606484,19303.241999999547,19380.883,0.019380883,0.5,1.0,20.0,10 V,2.0,True,1
25.5234,-0.002000000000000047,0.001,-0.0798323,39916.14999999906,40122.4,0.0401224,-0.038606484,19303.241999999547,19378.723,0.019378723,0.5,1.0,20.0,10 V,2.0,True,1
25.5402,-0.002000000000000047,0.001,-0.0798323,39916.14999999906,40116.9,0.0401169,-0.038606484,19303.241999999547,19376.286,0.019376286,0.5,1.0,20.0,10 V,2.0,True,1
25.5570,-0.002000000000000047,0.001,-0.0798323,39916.14999999906,40122.4,0.0401224,-0.038606484,19303.241999999547,19375.566000000003,0.019375566,0.5,1.0,20.0,10 V,2.0,True,1
25.5738,-0.002000000000000047,0.001,-0.0798323,39916.14999999906,40111.4,0.0401114,-0.038606484,19303.241999999547,19383.542,0.019383542,0.5,1.0,20.0,10 V,2.0,True,1
25.5904,-0.002000000000000047,0.001,-0.0798323,39916.14999999906,40116.9,0.0401169,-0.038606484,19303.241999999547,19380.939000000002,0.019380939,0.5,1.0,20.0,10 V,2.0,True,1
25.6070,-0.002000000000000047,0.001,-0.0798323,39916.14999999906,40111.4,0.0401114,-0.038606484,19303.241999999547,19379.277000000002,0.019379277,0.5,1.0,20.0,10 V,2.0,True,1
25.6240,-0.002000000000000047,0.001,-0.0798323,39916.14999999906,40122.4,0.0401224,-0.038606484,19303.241999999547,19390.465,0.019390465,0.5,1.0,20.0,10 V,2.0,True,1
25.6408,-0.002000000000000047,0.001,-0.0798323,39916.14999999906,40116.9,0.0401169,-0.038606484,19303.241999999547,19384.982,0.019384982,0.5,1.0,20.0,10 V,2.0,True,1
25.6577,-0.002000000000000047,0.001,-0.0798323,39916.14999999906,40122.4,0.0401224,-0.038606484,19303.241999999547,19379.887,0.019379887,0.5,1.0,20.0,10 V,2.0,True,1
25.6744,-0.002000000000000047,0.001,-0.0798323,39916.14999999906,40105.9,0.0401059,-0.038606484,19303.241999999547,19385.37,0.01938537,0.5,1.0,20.0,10 V,2.0,True,1
25.6911,-0.002000000000000047,0.001,-0.0798323,39916.14999999906,40122.4,0.0401224,-0.038606484,19303.241999999547,19387.419,0.019387419,0.5,1.0,20.0,10 V,2.0,True,1
25.7079,-0.002000000000000047,0.001,-0.0798323,39916.14999999906,40127.9,0.0401279,-0.038606484,19303.241999999547,19379.0,0.019379,0.5,1.0,20.0,10 V,2.0,True,1
25.7246,-0.002000000000000047,0.001,-0.0798323,39916.14999999906,40116.9,0.0401169,-0.038606484,19303.241999999547,19381.160000000003,0.01938116,0.5,1.0,20.0,10 V,2.0,True,1
25.7413,-0.002000000000000047,0.001,-0.0798323,39916.14999999906,40111.4,0.0401114,-0.038606484,19303.241999999547,19375.733,0.019375733,0.5,1.0,20.0,10 V,2.0,True,1
25.7581,-0.002000000000000047,0.001,-0.0798323,39916.14999999906,40111.4,0.0401114,-0.038606484,19303.241999999547,19373.462000000003,0.019373462,0.5,1.0,20.0,10 V,2.0,True,1
25.7748,-0.002000000000000047,0.001,-0.0798323,39916.14999999906,40116.9,0.0401169,-0.038606484,19303.241999999547,19377.173000000003,0.019377173,0.5,1.0,20.0,10 V,2.0,True,1
25.7915,-0.002000000000000047,0.001,-0.0798323,39916.14999999906,40105.9,0.0401059,-0.038606484,19303.241999999547,19374.846,0.019374846,0.5,1.0,20.0,10 V,2.0,True,1
25.8084,-0.002000000000000047,0.001,-0.0798323,39916.14999999906,40111.4,0.0401114,-0.038606484,19303.241999999547,19378.834000000003,0.019378834,0.5,1.0,20.0,10 V,2.0,True,1
25.8251,-0.002000000000000047,0.001,-0.0798323,39916.14999999906,40100.4,0.0401004,-0.038606484,19303.241999999547,19369.142,0.019369142,0.5,1.0,20.0,10 V,2.0,True,1
25.8417,-0.002000000000000047,0.001,-0.0798323,39916.14999999906,40111.4,0.0401114,-0.038606484,19303.241999999547,19379.166,0.019379166,0.5,1.0,20.0,10 V,2.0,True,1
25.8584,-0.002000000000000047,0.001,-0.0798323,39916.14999999906,40111.4,0.0401114,-0.038606484,19303.241999999547,19373.019,0.019373019,0.5,1.0,20.0,10 V,2.0,True,1
25.8753,-0.002000000000000047,0.001,-0.0798323,39916.14999999906,40111.4,0.0401114,-0.038606484,19303.241999999547,19376.508,0.019376508,0.5,1.0,20.0,10 V,2.0,True,1
25.8922,-0.002000000000000047,0.001,-0.0798323,39916.14999999906,40100.4,0.0401004,-0.038606484,19303.241999999547,19376.730000000003,0.01937673,0.5,1.0,20.0,10 V,2.0,True,1
25.9089,-0.002000000000000047,0.001,-0.0798323,39916.14999999906,40111.4,0.0401114,-0.038606484,19303.241999999547,19374.071,0.019374071,0.5,1.0,20.0,10 V,2.0,True,1
25.9256,-0.002000000000000047,0.001,-0.0798323,39916.14999999906,40116.9,0.0401169,-0.038606484,19303.241999999547,19377.117,0.019377117,0.5,1.0,20.0,10 V,2.0,True,1
25.9423,-0.002000000000000047,0.001,-0.0798323,39916.14999999906,40116.9,0.0401169,-0.038606484,19303.241999999547,19382.047,0.019382047,0.5,1.0,20.0,10 V,2.0,True,1
25.9592,-0.002000000000000047,0.001,-0.0798323,39916.14999999906,40111.4,0.0401114,-0.038606484,19303.241999999547,19376.508,0.019376508,0.5,1.0,20.0,10 V,2.0,True,1
25.9759,-0.002000000000000047,0.001,-0.0798323,39916.14999999906,40105.9,0.0401059,-0.038606484,19303.241999999547,19375.898999999998,0.019375899,0.5,1.0,20.0,10 V,2.0,True,1
25.9925,-0.002000000000000047,0.001,-0.0798323,39916.14999999906,40105.9,0.0401059,-0.038606484,19303.241999999547,19384.539,0.019384539,0.5,1.0,20.0,10 V,2.0,True,1
26.0095,-0.002000000000000047,0.001,-0.0798323,39916.14999999906,40105.9,0.0401059,-0.038606484,19303.241999999547,19368.754,0.019368754,0.5,1.0,20.0,10 V,2.0,True,1
26.0262,-0.002000000000000047,0.001,-0.0798323,39916.14999999906,40105.9,0.0401059,-0.038606484,19303.241999999547,19373.24,0.01937324,0.5,1.0,20.0,10 V,2.0,True,1
26.0429,-0.002000000000000047,0.001,-0.0798323,39916.14999999906,40105.9,0.0401059,-0.038606484,19303.241999999547,19373.850000000002,0.01937385,0.5,1.0,20.0,10 V,2.0,True,1
26.0595,-0.002000000000000047,0.001,-0.0798323,39916.14999999906,40122.4,0.0401224,-0.038606484,19303.241999999547,19371.079999999998,0.01937108,0.5,1.0,20.0,10 V,2.0,True,1
26.0763,-0.002000000000000047,0.001,-0.0798323,39916.14999999906,40105.9,0.0401059,-0.038606484,19303.241999999547,19370.028000000002,0.019370028,0.5,1.0,20.0,10 V,2.0,True,1
26.0930,-0.002000000000000047,0.001,-0.0798323,39916.14999999906,40116.9,0.0401169,-0.038606484,19303.241999999547,19381.659,0.019381659,0.5,1.0,20.0,10 V,2.0,True,1
26.1099,-0.002000000000000047,0.001,-0.0798323,39916.14999999906,40105.9,0.0401059,-0.038606484,19303.241999999547,19384.539,0.019384539,0.5,1.0,20.0,10 V,2.0,True,1
26.1266,-0.002000000000000047,0.001,-0.0798323,39916.14999999906,40116.9,0.0401169,-0.038606484,19303.241999999547,19380.274,0.019380274,0.5,1.0,20.0,10 V,2.0,True,1
26.1432,-0.002000000000000047,0.001,-0.0798323,39916.14999999906,40116.9,0.0401169,-0.038606484,19303.241999999547,19384.483,0.019384483,0.5,1.0,20.0,10 V,2.0,True,1
26.1600,-0.002000000000000047,0.001,-0.0798323,39916.14999999906,40105.9,0.0401059,-0.038606484,19303.241999999547,19375.511000000002,0.019375511,0.5,1.0,20.0,10 V,2.0,True,1
26.1770,-0.002000000000000047,0.001,-0.0798323,39916.14999999906,40105.9,0.0401059,-0.038606484,19303.241999999547,19374.293,0.019374293,0.5,1.0,20.0,10 V,2.0,True,1
26.1936,-0.002000000000000047,0.001,-0.0798323,39916.14999999906,40105.9,0.0401059,-0.038606484,19303.241999999547,19378.280000000002,0.01937828,0.5,1.0,20.0,10 V,2.0,True,1
26.2105,-0.002000000000000047,0.001,-0.0798323,39916.14999999906,40100.4,0.0401004,-0.038606484,19303.241999999547,19373.517,0.019373517,0.5,1.0,20.0,10 V,2.0,True,1
26.2273,-0.002000000000000047,0.001,-0.0798323,39916.14999999906,40094.9,0.0400949,-0.038606484,19303.241999999547,19373.185,0.019373185,0.5,1.0,20.0,10 V,2.0,True,1
26.2442,-0.002000000000000047,0.001,-0.0798323,39916.14999999906,40105.9,0.0401059,-0.038606484,19303.241999999547,19376.397,0.019376397,0.5,1.0,20.0,10 V,2.0,True,1
26.2607,-0.002000000000000047,0.001,-0.0798323,39916.14999999906,40111.4,0.0401114,-0.038606484,19303.241999999547,19375.511000000002,0.019375511,0.5,1.0,20.0,10 V,2.0,True,1
26.2774,-0.002000000000000047,0.001,-0.0798323,39916.14999999906,40105.9,0.0401059,-0.038606484,19303.241999999547,19373.96,0.01937396,0.5,1.0,20.0,10 V,2.0,True,1
26.2943,-0.002000000000000047,0.001,-0.0798323,39916.14999999906,40094.9,0.0400949,-0.038606484,19303.241999999547,19369.474000000002,0.019369474,0.5,1.0,20.0,10 V,2.0,True,1
26.3109,-0.002000000000000047,0.001,-0.0798323,39916.14999999906,40105.9,0.0401059,-0.038606484,19303.241999999547,19366.926,0.019366926,0.5,1.0,20.0,10 V,2.0,True,1
26.3277,-0.002000000000000047,0.001,-0.0798323,39916.14999999906,40089.4,0.0400894,-0.038606484,19303.241999999547,19368.865,0.019368865,0.5,1.0,20.0,10 V,2.0,True,1
26.3445,-0.002000000000000047,0.001,-0.0798323,39916.14999999906,40094.9,0.0400949,-0.038606484,19303.241999999547,19376.231,0.019376231,0.5,1.0,20.0,10 V,2.0,True,1
26.3610,-0.002000000000000047,0.001,-0.0798323,39916.14999999906,40100.4,0.0401004,-0.038606484,19303.241999999547,19372.797000000002,0.019372797,0.5,1.0,20.0,10 V,2.0,True,1
26.3778,-0.002000000000000047,0.001,-0.0798323,39916.14999999906,40116.9,0.0401169,-0.038606484,19303.241999999547,19378.89,0.01937889,0.5,1.0,20.0,10 V,2.0,True,1
26.3945,-0.002000000000000047,0.001,-0.0798323,39916.14999999906,40111.4,0.0401114,-0.038606484,19303.241999999547,19377.062,0.019377062,0.5,1.0,20.0,10 V,2.0,True,1
26.4112,-0.002000000000000047,0.001,-0.0798323,39916.14999999906,40105.9,0.0401059,-0.038606484,19303.241999999547,19382.600000000002,0.0193826,0.5,1.0,20.0,10 V,2.0,True,1
26.4281,-0.002000000000000047,0.001,-0.0798323,39916.14999999906,40111.4,0.0401114,-0.038606484,19303.241999999547,19377.782,0.019377782,0.5,1.0,20.0,10 V,2.0,True,1
26.4448,-0.002000000000000047,0.001,-0.0798323,39916.14999999906,40100.4,0.0401004,-0.038606484,19303.241999999547,19376.674,0.019376674,0.5,1.0,20.0,10 V,2.0,True,1
26.4617,-0.002000000000000047,0.001,-0.0798323,39916.14999999906,40105.9,0.0401059,-0.038606484,19303.241999999547,19376.674,0.019376674,0.5,1.0,20.0,10 V,2.0,True,1
26.4782,-0.002000000000000047,0.001,-0.0798323,39916.14999999906,40111.4,0.0401114,-0.038606484,19303.241999999547,19383.597,0.019383597,0.5,1.0,20.0,10 V,2.0,True,1
26.4951,-0.002000000000000047,0.001,-0.0798323,39916.14999999906,40111.4,0.0401114,-0.038606484,19303.241999999547,19384.927,0.019384927,0.5,1.0,20.0,10 V,2.0,True,1
26.5117,-0.002000000000000047,0.001,-0.0798323,39916.14999999906,40111.4,0.0401114,-0.038606484,19303.241999999547,19382.434,0.019382434,0.5,1.0,20.0,10 V,2.0,True,1
26.5284,-0.002000000000000047,0.001,-0.0798323,39916.14999999906,40105.9,0.0401059,-0.038606484,19303.241999999547,19384.428,0.019384428,0.5,1.0,20.0,10 V,2.0,True,1
26.5451,-0.002000000000000047,0.001,-0.0798323,39916.14999999906,40100.4,0.0401004,-0.038606484,19303.241999999547,19378.113999999998,0.019378114,0.5,1.0,20.0,10 V,2.0,True,1
26.5619,-0.002000000000000047,0.001,-0.0798323,39916.14999999906,40111.4,0.0401114,-0.038606484,19303.241999999547,19386.477,0.019386477,0.5,1.0,20.0,10 V,2.0,True,1
26.5786,-0.002000000000000047,0.001,-0.0798323,39916.14999999906,40111.4,0.0401114,-0.038606484,19303.241999999547,19388.637000000002,0.019388637,0.5,1.0,20.0,10 V,2.0,True,1
26.5954,-0.002000000000000047,0.001,-0.0798323,39916.14999999906,40111.4,0.0401114,-0.038606484,19303.241999999547,19382.323,0.019382323,0.5,1.0,20.0,10 V,2.0,True,1
26.6121,-0.002000000000000047,0.001,-0.0798323,39916.14999999906,40111.4,0.0401114,-0.038606484,19303.241999999547,19380.108,0.019380108,0.5,1.0,20.0,10 V,2.0,True,1
26.6288,-0.002000000000000047,0.001,-0.0798323,39916.14999999906,40100.4,0.0401004,-0.038606484,19303.241999999547,19381.327,0.019381327,0.5,1.0,20.0,10 V,2.0,True,1
26.6455,-0.002000000000000047,0.001,-0.0798323,39916.14999999906,40116.9,0.0401169,-0.038606484,19303.241999999547,19380.939000000002,0.019380939,0.5,1.0,20.0,10 V,2.0,True,1
26.6623,-0.002000000000000047,0.001,-0.0798323,39916.14999999906,40116.9,0.0401169,-0.038606484,19303.241999999547,19380.662,0.019380662,0.5,1.0,20.0,10 V,2.0,True,1
26.6793,-0.002000000000000047,0.001,-0.0798323,39916.14999999906,40111.4,0.0401114,-0.038606484,19303.241999999547,19387.308,0.019387308,0.5,1.0,20.0,10 V,2.0,True,1
26.6961,-0.002000000000000047,0.001,-0.0798323,39916.14999999906,40111.4,0.0401114,-0.038606484,19303.241999999547,19379.111,0.019379111,0.5,1.0,20.0,10 V,2.0,True,1
26.7128,-0.002000000000000047,0.001,-0.0798323,39916.14999999906,40100.4,0.0401004,-0.038606484,19303.241999999547,19376.508,0.019376508,0.5,1.0,20.0,10 V,2.0,True,1
26.7294,-0.002000000000000047,0.001,-0.0798323,39916.14999999906,40111.4,0.0401114,-0.038606484,19303.241999999547,19383.32,0.01938332,0.5,1.0,20.0,10 V,2.0,True,1
26.7461,-0.002000000000000047,0.001,-0.0798323,39916.14999999906,40105.9,0.0401059,-0.038606484,19303.241999999547,19384.04,0.01938404,0.5,1.0,20.0,10 V,2.0,True,1
26.7630,-0.002000000000000047,0.001,-0.0798323,39916.14999999906,40111.4,0.0401114,-0.038606484,19303.241999999547,19377.228,0.019377228,0.5,1.0,20.0,10 V,2.0,True,1
26.7798,-0.002000000000000047,0.001,-0.0798323,39916.14999999906,40116.9,0.0401169,-0.038606484,19303.241999999547,19382.767,0.019382767,0.5,1.0,20.0,10 V,2.0,True,1
26.7965,-0.002000000000000047,0.001,-0.0798323,39916.14999999906,40105.9,0.0401059,-0.038606484,19303.241999999547,19379.831000000002,0.019379831,0.5,1.0,20.0,10 V,2.0,True,1
26.8134,-0.002000000000000047,0.001,-0.0798323,39916.14999999906,40094.9,0.0400949,-0.038606484,19303.241999999547,19372.631,0.019372631,0.5,1.0,20.0,10 V,2.0,True,1
26.8300,-0.002000000000000047,0.001,-0.0798323,39916.14999999906,40100.4,0.0401004,-0.038606484,19303.241999999547,19377.45,0.01937745,0.5,1.0,20.0,10 V,2.0,True,1
26.8467,-0.002000000000000047,0.001,-0.0798323,39916.14999999906,40105.9,0.0401059,-0.038606484,19303.241999999547,19374.957000000002,0.019374957,0.5,1.0,20.0,10 V,2.0,True,1
26.8637,-0.002000000000000047,0.001,-0.0798323,39916.14999999906,40105.9,0.0401059,-0.038606484,19303.241999999547,19382.434,0.019382434,0.5,1.0,20.0,10 V,2.0,True,1
26.8801,-0.002000000000000047,0.001,-0.0798323,39916.14999999906,40111.4,0.0401114,-0.038606484,19303.241999999547,19385.48,0.01938548,0.5,1.0,20.0,10 V,2.0,True,1
26.8969,-0.002000000000000047,0.001,-0.0798323,39916.14999999906,40105.9,0.0401059,-0.038606484,19303.241999999547,19383.542,0.019383542,0.5,1.0,20.0,10 V,2.0,True,1
26.9139,-0.002000000000000047,0.001,-0.0798323,39916.14999999906,40122.4,0.0401224,-0.038606484,19303.241999999547,19385.425000000003,0.019385425,0.5,1.0,20.0,10 V,2.0,True,1
26.9306,-0.002000000000000047,0.001,-0.0798323,39916.14999999906,40111.4,0.0401114,-0.038606484,19303.241999999547,19383.043,0.019383043,0.5,1.0,20.0,10 V,2.0,True,1
26.9472,-0.002000000000000047,0.001,-0.0798323,39916.14999999906,40105.9,0.0401059,-0.038606484,19303.241999999547,19386.034,0.019386034,0.5,1.0,20.0,10 V,2.0,True,1
26.9643,-0.002000000000000047,0.001,-0.0798323,39916.14999999906,40100.4,0.0401004,-0.038606484,19303.241999999547,19379.554,0.019379554,0.5,1.0,20.0,10 V,2.0,True,1
26.9809,-0.002000000000000047,0.001,-0.0798323,39916.14999999906,40105.9,0.0401059,-0.038606484,19303.241999999547,19385.48,0.01938548,0.5,1.0,20.0,10 V,2.0,True,1
26.9975,-0.002000000000000047,0.001,-0.0798323,39916.14999999906,40105.9,0.0401059,-0.038606484,19303.241999999547,19386.090000000004,0.01938609,0.5,1.0,20.0,10 V,2.0,True,1
27.0144,-0.002000000000000047,0.001,-0.0798323,39916.14999999906,40116.9,0.0401169,-0.038606484,19303.241999999547,19382.157000000003,0.019382157,0.5,1.0,20.0,10 V,2.0,True,1
27.0311,-0.002000000000000047,0.001,-0.0798323,39916.14999999906,40127.9,0.0401279,-0.038606484,19303.241999999547,19383.265,0.019383265,0.5,1.0,20.0,10 V,2.0,True,1
27.0478,-0.002000000000000047,0.001,-0.0798323,39916.14999999906,40111.4,0.0401114,-0.038606484,19303.241999999547,19381.105,0.019381105,0.5,1.0,20.0,10 V,2.0,True,1
27.0646,-0.002000000000000047,0.001,-0.0798323,39916.14999999906,40105.9,0.0401059,-0.038606484,19303.241999999547,19381.050000000003,0.01938105,0.5,1.0,20.0,10 V,2.0,True,1
27.0814,-0.002000000000000047,0.001,-0.0798323,39916.14999999906,40111.4,0.0401114,-0.038606484,19303.241999999547,19375.622,0.019375622,0.5,1.0,20.0,10 V,2.0,True,1
27.0981,-0.002000000000000047,0.001,-0.0798323,39916.14999999906,40111.4,0.0401114,-0.038606484,19303.241999999547,19385.979000000003,0.019385979,0.5,1.0,20.0,10 V,2.0,True,1
27.1150,-0.002000000000000047,0.001,-0.0798323,39916.14999999906,40111.4,0.0401114,-0.038606484,19303.241999999547,19383.043,0.019383043,0.5,1.0,20.0,10 V,2.0,True,1
27.1317,-0.002000000000000047,0.001,-0.0798323,39916.14999999906,40105.9,0.0401059,-0.038606484,19303.241999999547,19385.591,0.019385591,0.5,1.0,20.0,10 V,2.0,True,1
27.1485,-0.002000000000000047,0.001,-0.0798323,39916.14999999906,40105.9,0.0401059,-0.038606484,19303.241999999547,19387.142,0.019387142,0.5,1.0,20.0,10 V,2.0,True,1
27.1655,-0.002000000000000047,0.001,-0.0798323,39916.14999999906,40105.9,0.0401059,-0.038606484,19303.241999999547,19379.665,0.019379665,0.5,1.0,20.0,10 V,2.0,True,1
27.1822,-0.002000000000000047,0.001,-0.0798323,39916.14999999906,40111.4,0.0401114,-0.038606484,19303.241999999547,19391.517,0.019391517,0.5,1.0,20.0,10 V,2.0,True,1
27.1989,-0.002000000000000047,0.001,-0.0798323,39916.14999999906,40122.4,0.0401224,-0.038606484,19303.241999999547,19382.600000000002,0.0193826,0.5,1.0,20.0,10 V,2.0,True,1
27.2155,-0.002000000000000047,0.001,-0.0798323,39916.14999999906,40116.9,0.0401169,-0.038606484,19303.241999999547,19383.874,0.019383874,0.5,1.0,20.0,10 V,2.0,True,1
27.2323,-0.002000000000000047,0.001,-0.0798323,39916.14999999906,40111.4,0.0401114,-0.038606484,19303.241999999547,19385.591,0.019385591,0.5,1.0,20.0,10 V,2.0,True,1
27.2491,-0.002000000000000047,0.001,-0.0798323,39916.14999999906,40116.9,0.0401169,-0.038606484,19303.241999999547,19386.422000000002,0.019386422,0.5,1.0,20.0,10 V,2.0,True,1
27.2660,-0.002000000000000047,0.001,-0.0798323,39916.14999999906,40116.9,0.0401169,-0.038606484,19303.241999999547,19384.594,0.019384594,0.5,1.0,20.0,10 V,2.0,True,1
27.2828,-0.002000000000000047,0.001,-0.0798323,39916.14999999906,40105.9,0.0401059,-0.038606484,19303.241999999547,19381.216,0.019381216,0.5,1.0,20.0,10 V,2.0,True,1
27.2994,-0.002000000000000047,0.001,-0.0798323,39916.14999999906,40105.9,0.0401059,-0.038606484,19303.241999999547,19385.923,0.019385923,0.5,1.0,20.0,10 V,2.0,True,1
27.3162,-0.002000000000000047,0.001,-0.0798323,39916.14999999906,40111.4,0.0401114,-0.038606484,19303.241999999547,19387.363,0.019387363,0.5,1.0,20.0,10 V,2.0,True,1
27.3329,-0.002000000000000047,0.001,-0.0798323,39916.14999999906,40116.9,0.0401169,-0.038606484,19303.241999999547,19390.963,0.019390963,0.5,1.0,20.0,10 V,2.0,True,1
27.3495,-0.002000000000000047,0.001,-0.0798323,39916.14999999906,40105.9,0.0401059,-0.038606484,19303.241999999547,19381.936,0.019381936,0.5,1.0,20.0,10 V,2.0,True,1
27.3663,-0.002000000000000047,0.001,-0.0798323,39916.14999999906,40111.4,0.0401114,-0.038606484,19303.241999999547,19390.465,0.019390465,0.5,1.0,20.0,10 V,2.0,True,1
27.3831,-0.002000000000000047,0.001,-0.0798323,39916.14999999906,40116.9,0.0401169,-0.038606484,19303.241999999547,19391.24,0.01939124,0.5,1.0,20.0,10 V,2.0,True,1
27.3998,-0.002000000000000047,0.001,-0.0798323,39916.14999999906,40122.4,0.0401224,-0.038606484,19303.241999999547,19390.465,0.019390465,0.5,1.0,20.0,10 V,2.0,True,1
27.4165,-0.002000000000000047,0.001,-0.0798323,39916.14999999906,40111.4,0.0401114,-0.038606484,19303.241999999547,19385.259,0.019385259,0.5,1.0,20.0,10 V,2.0,True,1
27.4334,-0.002000000000000047,0.001,-0.0798323,39916.14999999906,40116.9,0.0401169,-0.038606484,19303.241999999547,19389.690000000002,0.01938969,0.5,1.0,20.0,10 V,2.0,True,1
27.4500,-0.002000000000000047,0.001,-0.0798323,39916.14999999906,40138.9,0.0401389,-0.038606484,19303.241999999547,19394.065,0.019394065,0.5,1.0,20.0,10 V,2.0,True,1
27.4668,-0.002000000000000047,0.001,-0.0798323,39916.14999999906,40133.4,0.0401334,-0.038606484,19303.241999999547,19401.431,0.019401431,0.5,1.0,20.0,10 V,2.0,True,1
27.4837,-0.002000000000000047,0.001,-0.0798323,39916.14999999906,40116.9,0.0401169,-0.038606484,19303.241999999547,19394.176,0.019394176,0.5,1.0,20.0,10 V,2.0,True,1
27.5006,-0.002000000000000047,0.001,-0.0798323,39916.14999999906,40122.4,0.0401224,-0.038606484,19303.241999999547,19391.184999999998,0.019391185,0.5,1.0,20.0,10 V,2.0,True,1
27.5173,-0.002000000000000047,0.001,-0.0798323,39916.14999999906,40122.4,0.0401224,-0.038606484,19303.241999999547,19398.551,0.019398551,0.5,1.0,20.0,10 V,2.0,True,1
27.5340,-0.002000000000000047,0.001,-0.0798323,39916.14999999906,40122.4,0.0401224,-0.038606484,19303.241999999547,19400.379,0.019400379,0.5,1.0,20.0,10 V,2.0,True,1
27.5508,-0.002000000000000047,0.001,-0.0798323,39916.14999999906,40122.4,0.0401224,-0.038606484,19303.241999999547,19386.477,0.019386477,0.5,1.0,20.0,10 V,2.0,True,1
27.5674,-0.002000000000000047,0.001,-0.0798323,39916.14999999906,40111.4,0.0401114,-0.038606484,19303.241999999547,19386.976000000002,0.019386976,0.5,1.0,20.0,10 V,2.0,True,1
27.5842,-0.002000000000000047,0.001,-0.0798323,39916.14999999906,40100.4,0.0401004,-0.038606484,19303.241999999547,19386.2,0.0193862,0.5,1.0,20.0,10 V,2.0,True,1
27.6011,-0.002000000000000047,0.001,-0.0798323,39916.14999999906,40122.4,0.0401224,-0.038606484,19303.241999999547,19382.323,0.019382323,0.5,1.0,20.0,10 V,2.0,True,1
27.6177,-0.002000000000000047,0.001,-0.0798323,39916.14999999906,40111.4,0.0401114,-0.038606484,19303.241999999547,19387.696,0.019387696,0.5,1.0,20.0,10 V,2.0,True,1
27.6345,-0.002000000000000047,0.001,-0.0798323,39916.14999999906,40111.4,0.0401114,-0.038606484,19303.241999999547,19387.530000000002,0.01938753,0.5,1.0,20.0,10 V,2.0,True,1
27.6512,-0.002000000000000047,0.001,-0.0798323,39916.14999999906,40111.4,0.0401114,-0.038606484,19303.241999999547,19387.862,0.019387862,0.5,1.0,20.0,10 V,2.0,True,1
27.6681,-0.002000000000000047,0.001,-0.0798323,39916.14999999906,40122.4,0.0401224,-0.038606484,19303.241999999547,19384.594,0.019384594,0.5,1.0,20.0,10 V,2.0,True,1
27.6849,-0.002000000000000047,0.001,-0.0798323,39916.14999999906,40105.9,0.0401059,-0.038606484,19303.241999999547,19384.262,0.019384262,0.5,1.0,20.0,10 V,2.0,True,1
27.7015,-0.002000000000000047,0.001,-0.0798323,39916.14999999906,40105.9,0.0401059,-0.038606484,19303.241999999547,19384.704999999998,0.019384705,0.5,1.0,20.0,10 V,2.0,True,1
27.7182,-0.002000000000000047,0.001,-0.0798323,39916.14999999906,40116.9,0.0401169,-0.038606484,19303.241999999547,19379.72,0.01937972,0.5,1.0,20.0,10 V,2.0,True,1
27.7350,-0.002000000000000047,0.001,-0.0798323,39916.14999999906,40111.4,0.0401114,-0.038606484,19303.241999999547,19383.376,0.019383376,0.5,1.0,20.0,10 V,2.0,True,1
27.7516,-0.002000000000000047,0.001,-0.0798323,39916.14999999906,40111.4,0.0401114,-0.038606484,19303.241999999547,19383.154000000002,0.019383154,0.5,1.0,20.0,10 V,2.0,True,1
27.7684,-0.002000000000000047,0.001,-0.0798323,39916.14999999906,40105.9,0.0401059,-0.038606484,19303.241999999547,19380.33,0.01938033,0.5,1.0,20.0,10 V,2.0,True,1
27.7852,-0.002000000000000047,0.001,-0.0798323,39916.14999999906,40116.9,0.0401169,-0.038606484,19303.241999999547,19383.708,0.019383708,0.5,1.0,20.0,10 V,2.0,True,1
27.8019,-0.002000000000000047,0.001,-0.0798323,39916.14999999906,40100.4,0.0401004,-0.038606484,19303.241999999547,19377.671,0.019377671,0.5,1.0,20.0,10 V,2.0,True,1
27.8185,-0.002000000000000047,0.001,-0.0798323,39916.14999999906,40111.4,0.0401114,-0.038606484,19303.241999999547,19377.948,0.019377948,0.5,1.0,20.0,10 V,2.0,True,1
27.8353,-0.002000000000000047,0.001,-0.0798323,39916.14999999906,40100.4,0.0401004,-0.038606484,19303.241999999547,19382.711000000003,0.019382711,0.5,1.0,20.0,10 V,2.0,True,1
27.8522,-0.002000000000000047,0.001,-0.0798323,39916.14999999906,40100.4,0.0401004,-0.038606484,19303.241999999547,19383.985,0.019383985,0.5,1.0,20.0,10 V,2.0,True,1
27.8690,-0.002000000000000047,0.001,-0.0798323,39916.14999999906,40111.4,0.0401114,-0.038606484,19303.241999999547,19384.704999999998,0.019384705,0.5,1.0,20.0,10 V,2.0,True,1
27.8859,-0.002000000000000047,0.001,-0.0798323,39916.14999999906,40105.9,0.0401059,-0.038606484,19303.241999999547,19387.087000000003,0.019387087,0.5,1.0,20.0,10 V,2.0,True,1
27.9026,-0.002000000000000047,0.001,-0.0798323,39916.14999999906,40116.9,0.0401169,-0.038606484,19303.241999999547,19396.059,0.019396059,0.5,1.0,20.0,10 V,2.0,True,1
27.9193,-0.002000000000000047,0.001,-0.0798323,39916.14999999906,40111.4,0.0401114,-0.038606484,19303.241999999547,19397.61,0.01939761,0.5,1.0,20.0,10 V,2.0,True,1
27.9359,-0.002000000000000047,0.001,-0.0798323,39916.14999999906,40105.9,0.0401059,-0.038606484,19303.241999999547,19397.056,0.019397056,0.5,1.0,20.0,10 V,2.0,True,1
27.9526,-0.002000000000000047,0.001,-0.0798323,39916.14999999906,40122.4,0.0401224,-0.038606484,19303.241999999547,19393.844,0.019393844,0.5,1.0,20.0,10 V,2.0,True,1
27.9694,-0.002000000000000047,0.001,-0.0798323,39916.14999999906,40105.9,0.0401059,-0.038606484,19303.241999999547,19388.139,0.019388139,0.5,1.0,20.0,10 V,2.0,True,1
27.9862,-0.002000000000000047,0.001,-0.0798323,39916.14999999906,40105.9,0.0401059,-0.038606484,19303.241999999547,19386.533000000003,0.019386533,0.5,1.0,20.0,10 V,2.0,True,1
28.0030,-0.002000000000000047,0.001,-0.0798323,39916.14999999906,40116.9,0.0401169,-0.038606484,19303.241999999547,19376.231,0.019376231,0.5,1.0,20.0,10 V,2.0,True,1
28.0199,-0.002000000000000047,0.001,-0.0798323,39916.14999999906,40122.4,0.0401224,-0.038606484,19303.241999999547,19390.630999999998,0.019390631,0.5,1.0,20.0,10 V,2.0,True,1
28.0368,-0.002000000000000047,0.001,-0.0798323,39916.14999999906,40122.4,0.0401224,-0.038606484,19303.241999999547,19390.299,0.019390299,0.5,1.0,20.0,10 V,2.0,True,1
28.0533,-0.002000000000000047,0.001,-0.0798323,39916.14999999906,40116.9,0.0401169,-0.038606484,19303.241999999547,19386.865,0.019386865,0.5,1.0,20.0,10 V,2.0,True,1
28.0702,-0.002000000000000047,0.001,-0.0798323,39916.14999999906,40122.4,0.0401224,-0.038606484,19303.241999999547,19388.416,0.019388416,0.5,1.0,20.0,10 V,2.0,True,1
28.0869,-0.002000000000000047,0.001,-0.0798323,39916.14999999906,40105.9,0.0401059,-0.038606484,19303.241999999547,19386.034,0.019386034,0.5,1.0,20.0,10 V,2.0,True,1
28.1037,-0.002000000000000047,0.001,-0.0798323,39916.14999999906,40111.4,0.0401114,-0.038606484,19303.241999999547,19394.120000000003,0.01939412,0.5,1.0,20.0,10 V,2.0,True,1
28.1203,-0.002000000000000047,0.001,-0.0798323,39916.14999999906,40100.4,0.0401004,-0.038606484,19303.241999999547,19386.81,0.01938681,0.5,1.0,20.0,10 V,2.0,True,1
28.1371,-0.002000000000000047,0.001,-0.0798323,39916.14999999906,40111.4,0.0401114,-0.038606484,19303.241999999547,19385.203,0.019385203,0.5,1.0,20.0,10 V,2.0,True,1
28.1538,-0.002000000000000047,0.001,-0.0798323,39916.14999999906,40100.4,0.0401004,-0.038606484,19303.241999999547,19389.357,0.019389357,0.5,1.0,20.0,10 V,2.0,True,1
28.1706,-0.002000000000000047,0.001,-0.0798323,39916.14999999906,40111.4,0.0401114,-0.038606484,19303.241999999547,19385.591,0.019385591,0.5,1.0,20.0,10 V,2.0,True,1
28.1873,-0.002000000000000047,0.001,-0.0798323,39916.14999999906,40100.4,0.0401004,-0.038606484,19303.241999999547,19384.262,0.019384262,0.5,1.0,20.0,10 V,2.0,True,1
28.2040,-0.002000000000000047,0.001,-0.0798323,39916.14999999906,40105.9,0.0401059,-0.038606484,19303.241999999547,19383.376,0.019383376,0.5,1.0,20.0,10 V,2.0,True,1
28.2207,-0.002000000000000047,0.001,-0.0798323,39916.14999999906,40105.9,0.0401059,-0.038606484,19303.241999999547,19388.083000000002,0.019388083,0.5,1.0,20.0,10 V,2.0,True,1
28.2376,-0.002000000000000047,0.001,-0.0798323,39916.14999999906,40100.4,0.0401004,-0.038606484,19303.241999999547,19380.274,0.019380274,0.5,1.0,20.0,10 V,2.0,True,1
28.2542,-0.002000000000000047,0.001,-0.0798323,39916.14999999906,40105.9,0.0401059,-0.038606484,19303.241999999547,19383.265,0.019383265,0.5,1.0,20.0,10 V,2.0,True,1
28.2712,-0.002000000000000047,0.001,-0.0798323,39916.14999999906,40094.9,0.0400949,-0.038606484,19303.241999999547,19383.154000000002,0.019383154,0.5,1.0,20.0,10 V,2.0,True,1
28.2878,-0.002000000000000047,0.001,-0.0798323,39916.14999999906,40105.9,0.0401059,-0.038606484,19303.241999999547,19380.44,0.01938044,0.5,1.0,20.0,10 V,2.0,True,1
28.3044,-0.002000000000000047,0.001,-0.0798323,39916.14999999906,40105.9,0.0401059,-0.038606484,19303.241999999547,19393.511,0.019393511,0.5,1.0,20.0,10 V,2.0,True,1
28.3211,-0.002000000000000047,0.001,-0.0798323,39916.14999999906,40105.9,0.0401059,-0.038606484,19303.241999999547,19390.963,0.019390963,0.5,1.0,20.0,10 V,2.0,True,1
28.3380,-0.002000000000000047,0.001,-0.0798323,39916.14999999906,40111.4,0.0401114,-0.038606484,19303.241999999547,19388.693,0.019388693,0.5,1.0,20.0,10 V,2.0,True,1
28.3548,-0.002000000000000047,0.001,-0.0798323,39916.14999999906,40105.9,0.0401059,-0.038606484,19303.241999999547,19382.434,0.019382434,0.5,1.0,20.0,10 V,2.0,True,1
28.3716,-0.002000000000000047,0.001,-0.0798323,39916.14999999906,40122.4,0.0401224,-0.038606484,19303.241999999547,19387.031,0.019387031,0.5,1.0,20.0,10 V,2.0,True,1
28.3880,-0.002000000000000047,0.001,-0.0798323,39916.14999999906,40105.9,0.0401059,-0.038606484,19303.241999999547,19389.08,0.01938908,0.5,1.0,20.0,10 V,2.0,True,1
28.4049,-0.002000000000000047,0.001,-0.0798323,39916.14999999906,40111.4,0.0401114,-0.038606484,19303.241999999547,19385.425000000003,0.019385425,0.5,1.0,20.0,10 V,2.0,True,1
28.4216,-0.002000000000000047,0.001,-0.0798323,39916.14999999906,40100.4,0.0401004,-0.038606484,19303.241999999547,19386.588,0.019386588,0.5,1.0,20.0,10 V,2.0,True,1
28.4384,-0.002000000000000047,0.001,-0.0798323,39916.14999999906,40100.4,0.0401004,-0.038606484,19303.241999999547,19381.105,0.019381105,0.5,1.0,20.0,10 V,2.0,True,1
28.4550,-0.002000000000000047,0.001,-0.0798323,39916.14999999906,40100.4,0.0401004,-0.038606484,19303.241999999547,19378.89,0.01937889,0.5,1.0,20.0,10 V,2.0,True,1
28.4716,-0.002000000000000047,0.001,-0.0798323,39916.14999999906,40111.4,0.0401114,-0.038606484,19303.241999999547,19379.222,0.019379222,0.5,1.0,20.0,10 V,2.0,True,1
28.4886,-0.002000000000000047,0.001,-0.0798323,39916.14999999906,40100.4,0.0401004,-0.038606484,19303.241999999547,19385.093,0.019385093,0.5,1.0,20.0,10 V,2.0,True,1
28.5053,-0.002000000000000047,0.001,-0.0798323,39916.14999999906,40105.9,0.0401059,-0.038606484,19303.241999999547,19380.994,0.019380994,0.5,1.0,20.0,10 V,2.0,True,1
28.5221,-0.002000000000000047,0.001,-0.0798323,39916.14999999906,40094.9,0.0400949,-0.038606484,19303.241999999547,19383.708,0.019383708,0.5,1.0,20.0,10 V,2.0,True,1
28.5388,-0.002000000000000047,0.001,-0.0798323,39916.14999999906,40100.4,0.0401004,-0.038606484,19303.241999999547,19381.603000000003,0.019381603,0.5,1.0,20.0,10 V,2.0,True,1
28.5556,-0.002000000000000047,0.001,-0.0798323,39916.14999999906,40100.4,0.0401004,-0.038606484,19303.241999999547,19378.723,0.019378723,0.5,1.0,20.0,10 V,2.0,True,1
28.5724,-0.002000000000000047,0.001,-0.0798323,39916.14999999906,40089.4,0.0400894,-0.038606484,19303.241999999547,19379.166,0.019379166,0.5,1.0,20.0,10 V,2.0,True,1
28.5892,-0.002000000000000047,0.001,-0.0798323,39916.14999999906,40111.4,0.0401114,-0.038606484,19303.241999999547,19382.434,0.019382434,0.5,1.0,20.0,10 V,2.0,True,1
28.6060,-0.002000000000000047,0.001,-0.0798323,39916.14999999906,40089.4,0.0400894,-0.038606484,19303.241999999547,19381.548,0.019381548,0.5,1.0,20.0,10 V,2.0,True,1
28.6227,-0.002000000000000047,0.001,-0.0798323,39916.14999999906,40105.9,0.0401059,-0.038606484,19303.241999999547,19382.102,0.019382102,0.5,1.0,20.0,10 V,2.0,True,1
28.6394,-0.002000000000000047,0.001,-0.0798323,39916.14999999906,40116.9,0.0401169,-0.038606484,19303.241999999547,19386.090000000004,0.01938609,0.5,1.0,20.0,10 V,2.0,True,1
28.6563,-0.002000000000000047,0.001,-0.0798323,39916.14999999906,40100.4,0.0401004,-0.038606484,19303.241999999547,19380.828,0.019380828,0.5,1.0,20.0,10 V,2.0,True,1
28.6730,-0.002000000000000047,0.001,-0.0798323,39916.14999999906,40111.4,0.0401114,-0.038606484,19303.241999999547,19383.597,0.019383597,0.5,1.0,20.0,10 V,2.0,True,1
28.6898,-0.002000000000000047,0.001,-0.0798323,39916.14999999906,40111.4,0.0401114,-0.038606484,19303.241999999547,19382.711000000003,0.019382711,0.5,1.0,20.0,10 V,2.0,True,1
28.7065,-0.002000000000000047,0.001,-0.0798323,39916.14999999906,40094.9,0.0400949,-0.038606484,19303.241999999547,19375.345,0.019375345,0.5,1.0,20.0,10 V,2.0,True,1
28.7232,-0.002000000000000047,0.001,-0.0798323,39916.14999999906,40100.4,0.0401004,-0.038606484,19303.241999999547,19381.493000000002,0.019381493,0.5,1.0,20.0,10 V,2.0,True,1
28.7400,-0.002000000000000047,0.001,-0.0798323,39916.14999999906,40100.4,0.0401004,-0.038606484,19303.241999999547,19385.923,0.019385923,0.5,1.0,20.0,10 V,2.0,True,1
28.7567,-0.002000000000000047,0.001,-0.0798323,39916.14999999906,40100.4,0.0401004,-0.038606484,19303.241999999547,19382.933,0.019382933,0.5,1.0,20.0,10 V,2.0,True,1
28.7733,-0.002000000000000047,0.001,-0.0798323,39916.14999999906,40100.4,0.0401004,-0.038606484,19303.241999999547,19380.108,0.019380108,0.5,1.0,20.0,10 V,2.0,True,1
28.7903,-0.002000000000000047,0.001,-0.0798323,39916.14999999906,40100.4,0.0401004,-0.038606484,19303.241999999547,19373.517,0.019373517,0.5,1.0,20.0,10 V,2.0,True,1
28.8070,-0.002000000000000047,0.001,-0.0798323,39916.14999999906,40089.4,0.0400894,-0.038606484,19303.241999999547,19377.062,0.019377062,0.5,1.0,20.0,10 V,2.0,True,1
28.8236,-0.002000000000000047,0.001,-0.0798323,39916.14999999906,40105.9,0.0401059,-0.038606484,19303.241999999547,19381.548,0.019381548,0.5,1.0,20.0,10 V,2.0,True,1
28.8403,-0.002000000000000047,0.001,-0.0798323,39916.14999999906,40094.9,0.0400949,-0.038606484,19303.241999999547,19387.197,0.019387197,0.5,1.0,20.0,10 V,2.0,True,1
28.8571,-0.002000000000000047,0.001,-0.0798323,39916.14999999906,40105.9,0.0401059,-0.038606484,19303.241999999547,19384.096,0.019384096,0.5,1.0,20.0,10 V,2.0,True,1
28.8738,-0.002000000000000047,0.001,-0.0798323,39916.14999999906,40094.9,0.0400949,-0.038606484,19303.241999999547,19384.207000000002,0.019384207,0.5,1.0,20.0,10 V,2.0,True,1
28.8906,-0.002000000000000047,0.001,-0.0798323,39916.14999999906,40100.4,0.0401004,-0.038606484,19303.241999999547,19381.216,0.019381216,0.5,1.0,20.0,10 V,2.0,True,1
28.9073,-0.002000000000000047,0.001,-0.0798323,39916.14999999906,40100.4,0.0401004,-0.038606484,19303.241999999547,19382.434,0.019382434,0.5,1.0,20.0,10 V,2.0,True,1
28.9240,-0.002000000000000047,0.001,-0.0798323,39916.14999999906,40100.4,0.0401004,-0.038606484,19303.241999999547,19384.04,0.01938404,0.5,1.0,20.0,10 V,2.0,True,1
28.9409,-0.002000000000000047,0.001,-0.0798323,39916.14999999906,40089.4,0.0400894,-0.038606484,19303.241999999547,19383.708,0.019383708,0.5,1.0,20.0,10 V,2.0,True,1
28.9578,-0.002000000000000047,0.001,-0.0798323,39916.14999999906,40111.4,0.0401114,-0.038606484,19303.241999999547,19389.911,0.019389911,0.5,1.0,20.0,10 V,2.0,True,1
28.9744,-0.002000000000000047,0.001,-0.0798323,39916.14999999906,40116.9,0.0401169,-0.038606484,19303.241999999547,19391.13,0.01939113,0.5,1.0,20.0,10 V,2.0,True,1
28.9913,-0.002000000000000047,0.001,-0.0798323,39916.14999999906,40105.9,0.0401059,-0.038606484,19303.241999999547,19386.256,0.019386256,0.5,1.0,20.0,10 V,2.0,True,1
29.0079,-0.002000000000000047,0.001,-0.0798323,39916.14999999906,40105.9,0.0401059,-0.038606484,19303.241999999547,19391.13,0.01939113,0.5,1.0,20.0,10 V,2.0,True,1
29.0247,-0.002000000000000047,0.001,-0.0798323,39916.14999999906,40105.9,0.0401059,-0.038606484,19303.241999999547,19382.767,0.019382767,0.5,1.0,20.0,10 V,2.0,True,1
29.0414,-0.002000000000000047,0.001,-0.0798323,39916.14999999906,40100.4,0.0401004,-0.038606484,19303.241999999547,19381.659,0.019381659,0.5,1.0,20.0,10 V,2.0,True,1
29.0582,-0.002000000000000047,0.001,-0.0798323,39916.14999999906,40111.4,0.0401114,-0.038606484,19303.241999999547,19383.763,0.019383763,0.5,1.0,20.0,10 V,2.0,True,1
29.0748,-0.002000000000000047,0.001,-0.0798323,39916.14999999906,40116.9,0.0401169,-0.038606484,19303.241999999547,19392.127,0.019392127,0.5,1.0,20.0,10 V,2.0,True,1
29.0917,-0.002000000000000047,0.001,-0.0798323,39916.14999999906,40105.9,0.0401059,-0.038606484,19303.241999999547,19386.588,0.019386588,0.5,1.0,20.0,10 V,2.0,True,1
29.1083,-0.002000000000000047,0.001,-0.0798323,39916.14999999906,40100.4,0.0401004,-0.038606484,19303.241999999547,19387.031,0.019387031,0.5,1.0,20.0,10 V,2.0,True,1
29.1251,-0.002000000000000047,0.001,-0.0798323,39916.14999999906,40100.4,0.0401004,-0.038606484,19303.241999999547,19383.376,0.019383376,0.5,1.0,20.0,10 V,2.0,True,1
29.1419,-0.002000000000000047,0.001,-0.0798323,39916.14999999906,40100.4,0.0401004,-0.038606484,19303.241999999547,19387.640000000003,0.01938764,0.5,1.0,20.0,10 V,2.0,True,1
29.1587,-0.002000000000000047,0.001,-0.0798323,39916.14999999906,40105.9,0.0401059,-0.038606484,19303.241999999547,19398.329999999998,0.01939833,0.5,1.0,20.0,10 V,2.0,True,1
29.1755,-0.002000000000000047,0.001,-0.0798323,39916.14999999906,40100.4,0.0401004,-0.038606484,19303.241999999547,19388.803,0.019388803,0.5,1.0,20.0,10 V,2.0,True,1
29.1922,-0.002000000000000047,0.001,-0.0798323,39916.14999999906,40111.4,0.0401114,-0.038606484,19303.241999999547,19389.8,0.0193898,0.5,1.0,20.0,10 V,2.0,True,1
29.2089,-0.002000000000000047,0.001,-0.0798323,39916.14999999906,40111.4,0.0401114,-0.038606484,19303.241999999547,19394.453,0.019394453,0.5,1.0,20.0,10 V,2.0,True,1
29.2259,-0.002000000000000047,0.001,-0.0798323,39916.14999999906,40111.4,0.0401114,-0.038606484,19303.241999999547,19391.296,0.019391296,0.5,1.0,20.0,10 V,2.0,True,1
29.2426,-0.002000000000000047,0.001,-0.0798323,39916.14999999906,40100.4,0.0401004,-0.038606484,19303.241999999547,19386.090000000004,0.01938609,0.5,1.0,20.0,10 V,2.0,True,1
29.2592,-0.002000000000000047,0.001,-0.0798323,39916.14999999906,40111.4,0.0401114,-0.038606484,19303.241999999547,19390.963,0.019390963,0.5,1.0,20.0,10 V,2.0,True,1
29.2760,-0.002000000000000047,0.001,-0.0798323,39916.14999999906,40116.9,0.0401169,-0.038606484,19303.241999999547,19399.271,0.019399271,0.5,1.0,20.0,10 V,2.0,True,1
29.2929,-0.002000000000000047,0.001,-0.0798323,39916.14999999906,40100.4,0.0401004,-0.038606484,19303.241999999547,19399.548,0.019399548,0.5,1.0,20.0,10 V,2.0,True,1
29.3097,-0.002000000000000047,0.001,-0.0798323,39916.14999999906,40100.4,0.0401004,-0.038606484,19303.241999999547,19394.120000000003,0.01939412,0.5,1.0,20.0,10 V,2.0,True,1
29.3263,-0.002000000000000047,0.001,-0.0798323,39916.14999999906,40100.4,0.0401004,-0.038606484,19303.241999999547,19387.474,0.019387474,0.5,1.0,20.0,10 V,2.0,True,1
29.3432,-0.002000000000000047,0.001,-0.0798323,39916.14999999906,40111.4,0.0401114,-0.038606484,19303.241999999547,19389.967,0.019389967,0.5,1.0,20.0,10 V,2.0,True,1
29.3599,-0.002000000000000047,0.001,-0.0798323,39916.14999999906,40111.4,0.0401114,-0.038606484,19303.241999999547,19388.748000000003,0.019388748,0.5,1.0,20.0,10 V,2.0,True,1
29.3768,-0.002000000000000047,0.001,-0.0798323,39916.14999999906,40100.4,0.0401004,-0.038606484,19303.241999999547,19389.690000000002,0.01938969,0.5,1.0,20.0,10 V,2.0,True,1
29.3935,-0.002000000000000047,0.001,-0.0798323,39916.14999999906,40105.9,0.0401059,-0.038606484,19303.241999999547,19387.751000000004,0.019387751,0.5,1.0,20.0,10 V,2.0,True,1
29.4104,-0.002000000000000047,0.001,-0.0798323,39916.14999999906,40094.9,0.0400949,-0.038606484,19303.241999999547,19390.908,0.019390908,0.5,1.0,20.0,10 V,2.0,True,1
29.4270,-0.002000000000000047,0.001,-0.0798323,39916.14999999906,40111.4,0.0401114,-0.038606484,19303.241999999547,19397.000000000004,0.019397,0.5,1.0,20.0,10 V,2.0,True,1
29.4439,-0.002000000000000047,0.001,-0.0798323,39916.14999999906,40116.9,0.0401169,-0.038606484,19303.241999999547,19401.044,0.019401044,0.5,1.0,20.0,10 V,2.0,True,1
29.4604,-0.002000000000000047,0.001,-0.0798323,39916.14999999906,40100.4,0.0401004,-0.038606484,19303.241999999547,19392.514,0.019392514,0.5,1.0,20.0,10 V,2.0,True,1
29.4772,-0.002000000000000047,0.001,-0.0798323,39916.14999999906,40105.9,0.0401059,-0.038606484,19303.241999999547,19389.136000000002,0.019389136,0.5,1.0,20.0,10 V,2.0,True,1
29.4940,-0.002000000000000047,0.001,-0.0798323,39916.14999999906,40111.4,0.0401114,-0.038606484,19303.241999999547,19393.954,0.019393954,0.5,1.0,20.0,10 V,2.0,True,1
29.5107,-0.002000000000000047,0.001,-0.0798323,39916.14999999906,40111.4,0.0401114,-0.038606484,19303.241999999547,19392.847,0.019392847,0.5,1.0,20.0,10 V,2.0,True,1
29.5273,-0.002000000000000047,0.001,-0.0798323,39916.14999999906,40111.4,0.0401114,-0.038606484,19303.241999999547,19401.154000000002,0.019401154,0.5,1.0,20.0,10 V,2.0,True,1
29.5443,-0.002000000000000047,0.001,-0.0798323,39916.14999999906,40105.9,0.0401059,-0.038606484,19303.241999999547,19400.545000000002,0.019400545,0.5,1.0,20.0,10 V,2.0,True,1
29.5609,-0.002000000000000047,0.001,-0.0798323,39916.14999999906,40116.9,0.0401169,-0.038606484,19303.241999999547,19399.990999999998,0.019399991,0.5,1.0,20.0,10 V,2.0,True,1
29.5777,-0.002000000000000047,0.001,-0.0798323,39916.14999999906,40111.4,0.0401114,-0.038606484,19303.241999999547,19400.49,0.01940049,0.5,1.0,20.0,10 V,2.0,True,1
29.5944,-0.002000000000000047,0.001,-0.0798323,39916.14999999906,40116.9,0.0401169,-0.038606484,19303.241999999547,19412.896,0.019412896,0.5,1.0,20.0,10 V,2.0,True,1
29.6113,-0.002000000000000047,0.001,-0.0798323,39916.14999999906,40111.4,0.0401114,-0.038606484,19303.241999999547,19399.050000000003,0.01939905,0.5,1.0,20.0,10 V,2.0,True,1
29.6279,-0.002000000000000047,0.001,-0.0798323,39916.14999999906,40111.4,0.0401114,-0.038606484,19303.241999999547,19404.367,0.019404367,0.5,1.0,20.0,10 V,2.0,True,1
29.6447,-0.002000000000000047,0.001,-0.0798323,39916.14999999906,40122.4,0.0401224,-0.038606484,19303.241999999547,19405.585,0.019405585,0.5,1.0,20.0,10 V,2.0,True,1
29.6615,-0.002000000000000047,0.001,-0.0798323,39916.14999999906,40122.4,0.0401224,-0.038606484,19303.241999999547,19406.859,0.019406859,0.5,1.0,20.0,10 V,2.0,True,1
29.6784,-0.002000000000000047,0.001,-0.0798323,39916.14999999906,40111.4,0.0401114,-0.038606484,19303.241999999547,19400.379,0.019400379,0.5,1.0,20.0,10 V,2.0,True,1
29.6951,-0.002000000000000047,0.001,-0.0798323,39916.14999999906,40116.9,0.0401169,-0.038606484,19303.241999999547,19406.914,0.019406914,0.5,1.0,20.0,10 V,2.0,True,1
29.7287,-0.005000000000000047,0.001,-0.2003261,40065.21999999962,40111.4,0.0401114,-0.097104131,19420.826199999818,19403.868000000002,0.019403868,0.5,1.0,20.0,10 V,2.0,True,1
29.7637,-0.008000000000000047,0.001,-0.3205559,40069.48749999976,40100.4,0.0401004,-0.1554454,19430.674999999886,19394.564000000002,0.019394564,0.5,1.0,20.0,10 V,2.0,True,1
29.7972,-0.011000000000000048,0.001,-0.4406042,40054.927272727095,40083.9,0.0400839,-0.21377026,19433.659999999913,19391.683,0.019391683,0.5,1.0,20.0,10 V,2.0,True,1
29.8309,-0.014000000000000047,0.001,-0.5606248,40044.62857142844,40067.4,0.0400674,-0.27204908,19432.077142857077,19388.914,0.019388914,0.5,1.0,20.0,10 V,2.0,True,1
29.8642,-0.017000000000000046,0.001,-0.6805851,40034.41764705871,40078.4,0.0400784,-0.33051251,19441.912352941123,19384.150999999998,0.019384151,0.5,1.0,20.0,10 V,2.0,True,1
29.8979,-0.020000000000000046,0.001,-0.8001108,40005.539999999906,40061.9,0.0400619,-0.38878907,19439.453499999956,19393.511,0.019393511,0.5,1.0,20.0,10 V,2.0,True,1
29.9312,-0.023000000000000045,0.001,-0.9198512,39993.53043478253,40050.9,0.0400509,-0.44724248,19445.325217391266,19386.477,0.019386477,0.5,1.0,20.0,10 V,2.0,True,1
29.9649,-0.026000000000000044,0.001,-1.0388928,39957.41538461531,40039.9,0.0400399,-0.505453,19440.499999999967,19391.573,0.019391573,0.5,1.0,20.0,10 V,2.0,True,1
29.9984,-0.029000000000000043,0.001,-1.1584957,39948.127586206836,40045.4,0.0400454,-0.56412043,19452.428620689625,19395.837,0.019395837,0.5,1.0,20.0,10 V,2.0,True,1
30.0322,-0.03200000000000004,0.001,-1.2774551,39920.471874999945,40023.4,0.0400234,-0.62240075,19450.02343749997,19393.954,0.019393954,0.5,1.0,20.0,10 V,2.0,True,1
30.0655,-0.035000000000000045,0.001,-1.3963266,39895.04571428567,40006.9,0.0400069,-0.68131874,19466.249714285692,19393.899,0.019393899,0.5,1.0,20.0,10 V,2.0,True,1
30.0992,-0.03800000000000005,0.001,-1.5150988,39871.02105263153,40001.4,0.0400014,-0.7398297,19469.202631578923,19390.742,0.019390742,0.5,1.0,20.0,10 V,2.0,True,1
30.1326,-0.04100000000000005,0.001,-1.6337064,39846.497560975564,39990.4,0.0399904,-0.79885742,19484.327317073148,19398.219,0.019398219,0.5,1.0,20.0,10 V,2.0,True,1
30.1662,-0.04400000000000005,0.001,-1.7523961,39827.18409090904,39979.4,0.0399794,-0.85782968,19496.129090909068,19393.844,0.019393844,0.5,1.0,20.0,10 V,2.0,True,1
30.1998,-0.047000000000000056,0.001,-1.8705526,39798.99148936165,39951.9,0.0399519,-0.91610873,19491.675106382954,19387.419,0.019387419,0.5,1.0,20.0,10 V,2.0,True,1
30.2333,-0.05000000000000006,0.001,-1.9880768,39761.53599999996,39935.4,0.0399354,-0.9750515,19501.029999999977,19387.253,0.019387253,0.5,1.0,20.0,10 V,2.0,True,1
30.2665,-0.05300000000000006,0.001,-2.106761,39750.20754716977,39913.4,0.0399134,-1.034343,19515.905660377335,19384.704999999998,0.019384705,0.5,1.0,20.0,10 V,2.0,True,1
30.2999,-0.056000000000000064,0.001,-2.2244941,39723.108928571375,39891.4,0.0398914,-1.093457,19526.017857142833,19386.699,0.019386699,0.5,1.0,20.0,10 V,2.0,True,1
30.3337,-0.059000000000000066,0.001,-2.342106,39696.71186440673,39902.4,0.0399024,-1.1524718,19533.42033898303,19399.77,0.01939977,0.5,1.0,20.0,10 V,2.0,True,1
30.3681,-0.06200000000000007,0.001,-2.4592009,39664.53064516124,39847.4,0.0398474,-1.2115963,19541.875806451593,19396.89,0.01939689,0.5,1.0,20.0,10 V,2.0,True,1
30.4015,-0.06500000000000007,0.001,-2.5769121,39644.80153846149,39830.9,0.0398309,-1.270944,19552.984615384594,19407.856000000003,0.019407856,0.5,1.0,20.0,10 V,2.0,True,1
30.4353,-0.06800000000000007,0.001,-2.694326,39622.441176470544,39819.9,0.0398199,-1.3303797,19564.40735294115,19384.373,0.019384373,0.5,1.0,20.0,10 V,2.0,True,1
30.4687,-0.07100000000000008,0.001,-2.8117951,39602.7478873239,39803.4,0.0398034,-1.3899255,19576.415492957727,19398.164,0.019398164,0.5,1.0,20.0,10 V,2.0,True,1
30.5022,-0.07400000000000008,0.001,-2.9299679,39594.16081081077,39775.9,0.0397759,-1.45078,19605.135135135115,19379.776,0.019379776,0.5,1.0,20.0,10 V,2.0,True,1
30.5357,-0.07700000000000008,0.001,-3.0480637,39585.24285714282,39742.9,0.0397429,-1.510364,19615.11688311686,19382.102,0.019382102,0.5,1.0,20.0,10 V,2.0,True,1
30.5690,-0.08000000000000008,0.001,-3.166308,39578.849999999955,39726.4,0.0397264,-1.5705313,19631.64124999998,19375.345,0.019375345,0.5,1.0,20.0,10 V,2.0,True,1
30.6026,-0.08300000000000009,0.001,-3.2842995,39569.87349397586,39693.4,0.0396934,-1.6304948,19644.515662650578,19385.813,0.019385813,0.5,1.0,20.0,10 V,2.0,True,1
30.6361,-0.08600000000000009,0.001,-3.4026208,39565.35813953484,39704.4,0.0397044,-1.6921301,19675.931395348813,19401.431,0.019401431,0.5,1.0,20.0,10 V,2.0,True,1
30.6699,-0.08900000000000009,0.001,-3.5211069,39562.998876404454,39682.4,0.0396824,-1.7526381,19692.562921348293,19403.701999999997,0.019403702,0.5,1.0,20.0,10 V,2.0,True,1
30.7033,-0.0920000000000001,0.001,-3.6404182,39569.76304347822,39654.9,0.0396549,-1.8145815,19723.711956521718,19409.241,0.019409241,0.5,1.0,20.0,10 V,2.0,True,1
30.7368,-0.0950000000000001,0.001,-3.758866,39567.010526315746,39649.4,0.0396494,-1.8760298,19747.68210526314,19399.936,0.019399936,0.5,1.0,20.0,10 V,2.0,True,1
30.7702,-0.0980000000000001,0.001,-3.8784961,39576.490816326484,39616.4,0.0396164,-1.9377697,19773.16020408161,19397.831000000002,0.019397831,0.5,1.0,20.0,10 V,2.0,True,1
30.8039,-0.1,0.001,-3.9591313,39591.313,39616.4,0.0396164,-1.9797508,19797.507999999998,19400.324,0.019400324,0.5,1.0,20.0,10 V,2.0,True,1
30.8373,-0.097,0.001,-3.8474199,39664.12268041237,39588.9,0.0395889,-1.9230812,19825.5793814433,19389.468,0.019389468,0.5,1.0,20.0,10 V,2.0,True,1
30.8710,-0.094,0.001,-3.7335036,39718.12340425532,39616.4,0.0396164,-1.8656803,19847.662765957444,19408.354,0.019408354,0.5,1.0,20.0,10 V,2.0,True,1
30.9043,-0.091,0.001,-3.6191527,39770.908791208785,39638.4,0.0396384,-1.8086478,19875.25054945055,19442.859,0.019442859,0.5,1.0,20.0,10 V,2.0,True,1
30.9378,-0.088,0.001,-3.5044717,39823.542045454546,39643.9,0.0396439,-1.7503944,19890.845454545455,19446.736,0.019446736,0.5,1.0,20.0,10 V,2.0,True,1
30.9520,-0.088,0.001,-3.5044717,39823.542045454546,39792.4,0.0397924,-1.7503944,19890.845454545455,19464.349,0.019464349,0.5,1.0,20.0,10 V,2.0,True,1
30.9688,-0.088,0.001,-3.5044717,39823.542045454546,39836.4,0.0398364,-1.7503944,19890.845454545455,19479.967,0.019479967,0.5,1.0,20.0,10 V,2.0,True,1
30.9855,-0.088,0.001,-3.5044717,39823.542045454546,39874.9,0.0398749,-1.7503944,19890.845454545455,19483.29,0.01948329,0.5,1.0,20.0,10 V,2.0,True,1
31.0024,-0.088,0.001,-3.5044717,39823.542045454546,39891.4,0.0398914,-1.7503944,19890.845454545455,19496.306000000004,0.019496306,0.5,1.0,20.0,10 V,2.0,True,1
31.0191,-0.088,0.001,-3.5044717,39823.542045454546,39902.4,0.0399024,-1.7503944,19890.845454545455,19501.29,0.01950129,0.5,1.0,20.0,10 V,2.0,True,1
31.0360,-0.088,0.001,-3.5044717,39823.542045454546,39896.9,0.0398969,-1.7503944,19890.845454545455,19493.204,0.019493204,0.5,1.0,20.0,10 V,2.0,True,1
31.0526,-0.088,0.001,-3.5044717,39823.542045454546,39907.9,0.0399079,-1.7503944,19890.845454545455,19490.656,0.019490656,0.5,1.0,20.0,10 V,2.0,True,1
31.0694,-0.088,0.001,-3.5044717,39823.542045454546,39924.4,0.0399244,-1.7503944,19890.845454545455,19490.712,0.019490712,0.5,1.0,20.0,10 V,2.0,True,1
31.0860,-0.088,0.001,-3.5044717,39823.542045454546,39924.4,0.0399244,-1.7503944,19890.845454545455,19498.521,0.019498521,0.5,1.0,20.0,10 V,2.0,True,1
31.1029,-0.088,0.001,-3.5044717,39823.542045454546,39946.4,0.0399464,-1.7503944,19890.845454545455,19498.244000000002,0.019498244,0.5,1.0,20.0,10 V,2.0,True,1
31.1197,-0.088,0.001,-3.5044717,39823.542045454546,39951.9,0.0399519,-1.7503944,19890.845454545455,19504.226,0.019504226,0.5,1.0,20.0,10 V,2.0,True,1
31.1363,-0.088,0.001,-3.5044717,39823.542045454546,39951.9,0.0399519,-1.7503944,19890.845454545455,19503.007,0.019503007,0.5,1.0,20.0,10 V,2.0,True,1
31.1532,-0.088,0.001,-3.5044717,39823.542045454546,39946.4,0.0399464,-1.7503944,19890.845454545455,19499.573,0.019499573,0.5,1.0,20.0,10 V,2.0,True,1
31.1699,-0.088,0.001,-3.5044717,39823.542045454546,39957.4,0.0399574,-1.7503944,19890.845454545455,19512.921,0.019512921,0.5,1.0,20.0,10 V,2.0,True,1
31.1869,-0.088,0.001,-3.5044717,39823.542045454546,39973.9,0.0399739,-1.7503944,19890.845454545455,19513.198,0.019513198,0.5,1.0,20.0,10 V,2.0,True,1
31.2034,-0.088,0.001,-3.5044717,39823.542045454546,39973.9,0.0399739,-1.7503944,19890.845454545455,19505.333000000002,0.019505333,0.5,1.0,20.0,10 V,2.0,True,1
31.2203,-0.088,0.001,-3.5044717,39823.542045454546,39984.9,0.0399849,-1.7503944,19890.845454545455,19520.177,0.019520177,0.5,1.0,20.0,10 V,2.0,True,1
31.2370,-0.088,0.001,-3.5044717,39823.542045454546,39973.9,0.0399739,-1.7503944,19890.845454545455,19514.361,0.019514361,0.5,1.0,20.0,10 V,2.0,True,1
31.2537,-0.088,0.001,-3.5044717,39823.542045454546,39979.4,0.0399794,-1.7503944,19890.845454545455,19511.980000000003,0.01951198,0.5,1.0,20.0,10 V,2.0,True,1
31.2706,-0.088,0.001,-3.5044717,39823.542045454546,39973.9,0.0399739,-1.7503944,19890.845454545455,19498.964,0.019498964,0.5,1.0,20.0,10 V,2.0,True,1
31.3066,-0.08499999999999999,0.001,-3.3741238,39695.57411764706,39786.9,0.0397869,-1.6765838,19724.51529411765,19521.672000000002,0.019521672,0.5,1.0,20.0,10 V,2.0,True,1
31.3400,-0.08199999999999999,0.001,-3.2601029,39757.3524390244,39759.4,0.0397594,-1.6195899,19751.096341463417,19490.213,0.019490213,0.5,1.0,20.0,10 V,2.0,True,1
31.3735,-0.07899999999999999,0.001,-3.1451084,39811.49873417722,39737.4,0.0397374,-1.564119,19798.974683544307,19477.032,0.019477032,0.5,1.0,20.0,10 V,2.0,True,1
31.4071,-0.07599999999999998,0.001,-3.0291519,39857.26184210527,39759.4,0.0397594,-1.5061681,19818.001315789475,19524.718,0.019524718,0.5,1.0,20.0,10 V,2.0,True,1
31.4408,-0.07299999999999998,0.001,-2.9114574,39882.97808219179,39742.9,0.0397429,-1.4456877,19803.941095890415,19497.690000000002,0.01949769,0.5,1.0,20.0,10 V,2.0,True,1
31.4744,-0.06999999999999998,0.001,-2.7940766,39915.38000000001,39759.4,0.0397594,-1.3876104,19823.00571428572,19492.429,0.019492429,0.5,1.0,20.0,10 V,2.0,True,1
31.5078,-0.06699999999999998,0.001,-2.6750952,39926.79402985076,39770.4,0.0397704,-1.3276301,19815.37462686568,19524.774,0.019524774,0.5,1.0,20.0,10 V,2.0,True,1
31.5412,-0.06399999999999997,0.001,-2.5579012,39967.20625000002,39792.4,0.0397924,-1.2689093,19826.707812500008,19548.091,0.019548091,0.5,1.0,20.0,10 V,2.0,True,1
31.5747,-0.06099999999999997,0.001,-2.4387328,39979.22622950821,39808.9,0.0398089,-1.2086707,19814.273770491815,19542.497,0.019542497,0.5,1.0,20.0,10 V,2.0,True,1
31.6072,-0.05799999999999997,0.001,-2.3198671,39997.70862068968,39814.4,0.0398144,-1.1485399,19802.41206896553,19533.081000000002,0.019533081,0.5,1.0,20.0,10 V,2.0,True,1
31.6405,-0.054999999999999966,0.001,-2.2014963,40027.20545454548,39830.9,0.0398309,-1.0896367,19811.576363636374,19563.045000000002,0.019563045,0.5,1.0,20.0,10 V,2.0,True,1
31.6741,-0.05199999999999996,0.001,-2.0822071,40042.444230769266,39836.4,0.0398364,-1.0292012,19792.330769230783,19540.558,0.019540558,0.5,1.0,20.0,10 V,2.0,True,1
31.7078,-0.04899999999999996,0.001,-1.9620432,40041.69795918371,39841.9,0.0398419,-0.96947781,19785.261428571444,19523.61,0.01952361,0.5,1.0,20.0,10 V,2.0,True,1
31.7411,-0.04599999999999996,0.001,-1.8422701,40049.350000000035,39858.4,0.0398584,-0.90952862,19772.361304347844,19544.38,0.01954438,0.5,1.0,20.0,10 V,2.0,True,1
31.7748,-0.042999999999999955,0.001,-1.7230247,40070.34186046516,39863.9,0.0398639,-0.84999858,19767.40883720932,19547.592,0.019547592,0.5,1.0,20.0,10 V,2.0,True,1
31.8083,-0.03999999999999995,0.001,-1.6035046,40087.61500000004,39863.9,0.0398639,-0.79105352,19776.33800000002,19551.635000000002,0.019551635,0.5,1.0,20.0,10 V,2.0,True,1
31.8418,-0.03699999999999995,0.001,-1.4832198,40087.02162162168,39880.40000000001,0.0398804,-0.73081868,19751.856216216245,19584.866,0.019584866,0.5,1.0,20.0,10 V,2.0,True,1
31.8753,-0.03399999999999995,0.001,-1.3636117,40106.2264705883,39874.9,0.0398749,-0.67146432,19748.950588235326,19564.762,0.019564762,0.5,1.0,20.0,10 V,2.0,True,1
31.9087,-0.030999999999999948,0.001,-1.2444102,40142.2645161291,39896.9,0.0398969,-0.61273322,19765.587741935517,19567.531,0.019567531,0.5,1.0,20.0,10 V,2.0,True,1
31.9423,-0.02799999999999995,0.001,-1.1241036,40146.557142857215,39896.9,0.0398969,-0.55283708,19744.181428571464,19570.3,0.0195703,0.5,1.0,20.0,10 V,2.0,True,1
31.9757,-0.02499999999999995,0.001,-1.0037088,40148.35200000008,39907.9,0.0399079,-0.49336342,19734.536800000038,19576.337,0.019576337,0.5,1.0,20.0,10 V,2.0,True,1
32.0090,-0.02199999999999995,0.001,-0.8836937,40167.89545454554,39929.9,0.0399299,-0.43456125,19752.784090909136,19583.482,0.019583482,0.5,1.0,20.0,10 V,2.0,True,1
32.0425,-0.01899999999999995,0.001,-0.7633869,40178.25789473695,39935.4,0.0399354,-0.37487243,19730.127894736892,19581.765000000003,0.019581765,0.5,1.0,20.0,10 V,2.0,True,1
32.0760,-0.015999999999999952,0.001,-0.6429759,40185.993750000125,39929.9,0.0399299,-0.3157497,19734.356250000063,19587.58,0.01958758,0.5,1.0,20.0,10 V,2.0,True,1
32.1096,-0.012999999999999953,0.001,-0.5225812,40198.55384615399,39946.4,0.0399464,-0.25649169,19730.13000000007,19578.275,0.019578275,0.5,1.0,20.0,10 V,2.0,True,1
32.1430,-0.009999999999999953,0.001,-0.4019884,40198.84000000019,39951.9,0.0399519,-0.19727743,19727.743000000093,19575.506,0.019575506,0.5,1.0,20.0,10 V,2.0,True,1
32.1768,-0.006999999999999953,0.001,-0.2815333,40219.042857143126,39979.4,0.0399794,-0.13815634,19736.62000000013,19597.106,0.019597106,0.5,1.0,20.0,10 V,2.0,True,1
32.2086,-0.003999999999999953,0.001,-0.1609241,40231.02500000047,39984.9,0.0399849,-0.078916844,19729.211000000232,19595.222999999998,0.019595223,0.5,1.0,20.0,10 V,2.0,True,1
32.2421,-0.0009999999999999532,0.001,-0.0403423,40342.30000000189,39995.9,0.0399959,-0.019785793,19785.793000000926,19589.574,0.019589574,0.5,1.0,20.0,10 V,2.0,True,1
32.2755,0.002000000000000047,0.001,0.0801622,40081.09999999906,40001.4,0.0400014,0.039287772,19643.88599999954,19599.266000000003,0.019599266,0.5,1.0,20.0,10 V,2.0,True,1
32.2923,0.002000000000000047,0.001,0.0801622,40081.09999999906,40006.9,0.0400069,0.039287772,19643.88599999954,19587.192,0.019587192,0.5,1.0,20.0,10 V,2.0,True,1
32.3089,0.002000000000000047,0.001,0.0801622,40081.09999999906,39995.9,0.0399959,0.039287772,19643.88599999954,19591.402000000002,0.019591402,0.5,1.0,20.0,10 V,2.0,True,1
32.3257,0.002000000000000047,0.001,0.0801622,40081.09999999906,40001.4,0.0400014,0.039287772,19643.88599999954,19596.940000000002,0.01959694,0.5,1.0,20.0,10 V,2.0,True,1
32.3426,0.002000000000000047,0.001,0.0801622,40081.09999999906,40006.9,0.0400069,0.039287772,19643.88599999954,19581.931,0.019581931,0.5,1.0,20.0,10 V,2.0,True,1
32.3593,0.002000000000000047,0.001,0.0801622,40081.09999999906,39990.4,0.0399904,0.039287772,19643.88599999954,19584.534000000003,0.019584534,0.5,1.0,20.0,10 V,2.0,True,1
32.3759,0.002000000000000047,0.001,0.0801622,40081.09999999906,40006.9,0.0400069,0.039287772,19643.88599999954,19582.319000000003,0.019582319,0.5,1.0,20.0,10 V,2.0,True,1
32.3929,0.002000000000000047,0.001,0.0801622,40081.09999999906,40012.4,0.0400124,0.039287772,19643.88599999954,19585.088,0.019585088,0.5,1.0,20.0,10 V,2.0,True,1
32.4096,0.002000000000000047,0.001,0.0801622,40081.09999999906,39990.4,0.0399904,0.039287772,19643.88599999954,19580.103000000003,0.019580103,0.5,1.0,20.0,10 V,2.0,True,1
32.4265,0.002000000000000047,0.001,0.0801622,40081.09999999906,40017.9,0.0400179,0.039287772,19643.88599999954,19586.362,0.019586362,0.5,1.0,20.0,10 V,2.0,True,1
32.4432,0.002000000000000047,0.001,0.0801622,40081.09999999906,40006.9,0.0400069,0.039287772,19643.88599999954,19587.414,0.019587414,0.5,1.0,20.0,10 V,2.0,True,1
32.4600,0.002000000000000047,0.001,0.0801622,40081.09999999906,40017.9,0.0400179,0.039287772,19643.88599999954,19583.149,0.019583149,0.5,1.0,20.0,10 V,2.0,True,1
32.4767,0.002000000000000047,0.001,0.0801622,40081.09999999906,40017.9,0.0400179,0.039287772,19643.88599999954,19599.931,0.019599931,0.5,1.0,20.0,10 V,2.0,True,1
32.4934,0.002000000000000047,0.001,0.0801622,40081.09999999906,40017.9,0.0400179,0.039287772,19643.88599999954,19586.416999999998,0.019586417,0.5,1.0,20.0,10 V,2.0,True,1
32.5102,0.002000000000000047,0.001,0.0801622,40081.09999999906,40012.4,0.0400124,0.039287772,19643.88599999954,19585.254,0.019585254,0.5,1.0,20.0,10 V,2.0,True,1
32.5269,0.002000000000000047,0.001,0.0801622,40081.09999999906,40012.4,0.0400124,0.039287772,19643.88599999954,19584.7,0.0195847,0.5,1.0,20.0,10 V,2.0,True,1
32.5437,0.002000000000000047,0.001,0.0801622,40081.09999999906,40017.9,0.0400179,0.039287772,19643.88599999954,19577.943000000003,0.019577943,0.5,1.0,20.0,10 V,2.0,True,1
32.5604,0.002000000000000047,0.001,0.0801622,40081.09999999906,40012.4,0.0400124,0.039287772,19643.88599999954,19582.54,0.01958254,0.5,1.0,20.0,10 V,2.0,True,1
32.5771,0.002000000000000047,0.001,0.0801622,40081.09999999906,40017.9,0.0400179,0.039287772,19643.88599999954,19582.817,0.019582817,0.5,1.0,20.0,10 V,2.0,True,1
32.5940,0.002000000000000047,0.001,0.0801622,40081.09999999906,40028.9,0.0400289,0.039287772,19643.88599999954,19590.959000000003,0.019590959,0.5,1.0,20.0,10 V,2.0,True,1
32.6106,0.002000000000000047,0.001,0.0801622,40081.09999999906,40023.4,0.0400234,0.039287772,19643.88599999954,19587.248000000003,0.019587248,0.5,1.0,20.0,10 V,2.0,True,1
32.6277,0.002000000000000047,0.001,0.0801622,40081.09999999906,40028.9,0.0400289,0.039287772,19643.88599999954,19589.906000000003,0.019589906,0.5,1.0,20.0,10 V,2.0,True,1
32.6444,0.002000000000000047,0.001,0.0801622,40081.09999999906,40001.4,0.0400014,0.039287772,19643.88599999954,19590.516,0.019590516,0.5,1.0,20.0,10 V,2.0,True,1
32.6610,0.002000000000000047,0.001,0.0801622,40081.09999999906,40023.4,0.0400234,0.039287772,19643.88599999954,19585.254,0.019585254,0.5,1.0,20.0,10 V,2.0,True,1
32.6779,0.002000000000000047,0.001,0.0801622,40081.09999999906,40023.4,0.0400234,0.039287772,19643.88599999954,19575.617000000002,0.019575617,0.5,1.0,20.0,10 V,2.0,True,1
32.6948,0.002000000000000047,0.001,0.0801622,40081.09999999906,40017.9,0.0400179,0.039287772,19643.88599999954,19584.866,0.019584866,0.5,1.0,20.0,10 V,2.0,True,1
32.7115,0.002000000000000047,0.001,0.0801622,40081.09999999906,40034.4,0.0400344,0.039287772,19643.88599999954,19586.971,0.019586971,0.5,1.0,20.0,10 V,2.0,True,1
32.7281,0.002000000000000047,0.001,0.0801622,40081.09999999906,40028.9,0.0400289,0.039287772,19643.88599999954,19583.426000000003,0.019583426,0.5,1.0,20.0,10 V,2.0,True,1
32.7448,0.002000000000000047,0.001,0.0801622,40081.09999999906,40017.9,0.0400179,0.039287772,19643.88599999954,19580.879,0.019580879,0.5,1.0,20.0,10 V,2.0,True,1
32.7616,0.002000000000000047,0.001,0.0801622,40081.09999999906,40028.9,0.0400289,0.039287772,19643.88599999954,19582.928,0.019582928,0.5,1.0,20.0,10 V,2.0,True,1
32.7786,0.002000000000000047,0.001,0.0801622,40081.09999999906,40023.4,0.0400234,0.039287772,19643.88599999954,19570.245000000003,0.019570245,0.5,1.0,20.0,10 V,2.0,True,1
32.7953,0.002000000000000047,0.001,0.0801622,40081.09999999906,40028.9,0.0400289,0.039287772,19643.88599999954,19573.125,0.019573125,0.5,1.0,20.0,10 V,2.0,True,1
32.8120,0.002000000000000047,0.001,0.0801622,40081.09999999906,40023.4,0.0400234,0.039287772,19643.88599999954,19579.549000000003,0.019579549,0.5,1.0,20.0,10 V,2.0,True,1
32.8289,0.002000000000000047,0.001,0.0801622,40081.09999999906,40028.9,0.0400289,0.039287772,19643.88599999954,19565.260000000002,0.01956526,0.5,1.0,20.0,10 V,2.0,True,1
32.8457,0.002000000000000047,0.001,0.0801622,40081.09999999906,40039.9,0.0400399,0.039287772,19643.88599999954,19580.159,0.019580159,0.5,1.0,20.0,10 V,2.0,True,1
32.8623,0.002000000000000047,0.001,0.0801622,40081.09999999906,40028.9,0.0400289,0.039287772,19643.88599999954,19587.359,0.019587359,0.5,1.0,20.0,10 V,2.0,True,1
32.8791,0.002000000000000047,0.001,0.0801622,40081.09999999906,40050.9,0.0400509,0.039287772,19643.88599999954,19592.232000000004,0.019592232,0.5,1.0,20.0,10 V,2.0,True,1
32.8958,0.002000000000000047,0.001,0.0801622,40081.09999999906,40039.9,0.0400399,0.039287772,19643.88599999954,19590.017000000003,0.019590017,0.5,1.0,20.0,10 V,2.0,True,1
32.9124,0.002000000000000047,0.001,0.0801622,40081.09999999906,40034.4,0.0400344,0.039287772,19643.88599999954,19581.100000000002,0.0195811,0.5,1.0,20.0,10 V,2.0,True,1
32.9292,0.002000000000000047,0.001,0.0801622,40081.09999999906,40023.4,0.0400234,0.039287772,19643.88599999954,19581.765000000003,0.019581765,0.5,1.0,20.0,10 V,2.0,True,1
32.9461,0.002000000000000047,0.001,0.0801622,40081.09999999906,40045.4,0.0400454,0.039287772,19643.88599999954,19588.522,0.019588522,0.5,1.0,20.0,10 V,2.0,True,1
32.9629,0.002000000000000047,0.001,0.0801622,40081.09999999906,40056.4,0.0400564,0.039287772,19643.88599999954,19590.183,0.019590183,0.5,1.0,20.0,10 V,2.0,True,1
32.9796,0.002000000000000047,0.001,0.0801622,40081.09999999906,40034.4,0.0400344,0.039287772,19643.88599999954,19589.519,0.019589519,0.5,1.0,20.0,10 V,2.0,True,1
32.9962,0.002000000000000047,0.001,0.0801622,40081.09999999906,40050.9,0.0400509,0.039287772,19643.88599999954,19591.402000000002,0.019591402,0.5,1.0,20.0,10 V,2.0,True,1
33.0130,0.002000000000000047,0.001,0.0801622,40081.09999999906,40028.9,0.0400289,0.039287772,19643.88599999954,19585.475000000002,0.019585475,0.5,1.0,20.0,10 V,2.0,True,1
33.0297,0.002000000000000047,0.001,0.0801622,40081.09999999906,40045.4,0.0400454,0.039287772,19643.88599999954,19601.148999999998,0.019601149,0.5,1.0,20.0,10 V,2.0,True,1
33.0464,0.002000000000000047,0.001,0.0801622,40081.09999999906,40056.4,0.0400564,0.039287772,19643.88599999954,19585.752000000004,0.019585752,0.5,1.0,20.0,10 V,2.0,True,1
33.0634,0.002000000000000047,0.001,0.0801622,40081.09999999906,40045.4,0.0400454,0.039287772,19643.88599999954,19587.857,0.019587857,0.5,1.0,20.0,10 V,2.0,True,1
33.0801,0.002000000000000047,0.001,0.0801622,40081.09999999906,40039.9,0.0400399,0.039287772,19643.88599999954,19594.448,0.019594448,0.5,1.0,20.0,10 V,2.0,True,1
33.0968,0.002000000000000047,0.001,0.0801622,40081.09999999906,40039.9,0.0400399,0.039287772,19643.88599999954,19594.614,0.019594614,0.5,1.0,20.0,10 V,2.0,True,1
33.1135,0.002000000000000047,0.001,0.0801622,40081.09999999906,40045.4,0.0400454,0.039287772,19643.88599999954,19593.34,0.01959334,0.5,1.0,20.0,10 V,2.0,True,1
33.1303,0.002000000000000047,0.001,0.0801622,40081.09999999906,40050.9,0.0400509,0.039287772,19643.88599999954,19593.229,0.019593229,0.5,1.0,20.0,10 V,2.0,True,1
33.1472,0.002000000000000047,0.001,0.0801622,40081.09999999906,40045.4,0.0400454,0.039287772,19643.88599999954,19582.208000000002,0.019582208,0.5,1.0,20.0,10 V,2.0,True,1
33.1638,0.002000000000000047,0.001,0.0801622,40081.09999999906,40061.9,0.0400619,0.039287772,19643.88599999954,19584.866,0.019584866,0.5,1.0,20.0,10 V,2.0,True,1
33.1805,0.002000000000000047,0.001,0.0801622,40081.09999999906,40067.4,0.0400674,0.039287772,19643.88599999954,19599.876,0.019599876,0.5,1.0,20.0,10 V,2.0,True,1
33.1974,0.002000000000000047,0.001,0.0801622,40081.09999999906,40056.4,0.0400564,0.039287772,19643.88599999954,19602.146,0.019602146,0.5,1.0,20.0,10 V,2.0,True,1
33.2140,0.002000000000000047,0.001,0.0801622,40081.09999999906,40061.9,0.0400619,0.039287772,19643.88599999954,19597.383,0.019597383,0.5,1.0,20.0,10 V,2.0,True,1
33.2307,0.002000000000000047,0.001,0.0801622,40081.09999999906,40061.9,0.0400619,0.039287772,19643.88599999954,19596.497000000003,0.019596497,0.5,1.0,20.0,10 V,2.0,True,1
33.2475,0.002000000000000047,0.001,0.0801622,40081.09999999906,40050.9,0.0400509,0.039287772,19643.88599999954,19596.608000000004,0.019596608,0.5,1.0,20.0,10 V,2.0,True,1
33.2641,0.002000000000000047,0.001,0.0801622,40081.09999999906,40061.9,0.0400619,0.039287772,19643.88599999954,19591.734,0.019591734,0.5,1.0,20.0,10 V,2.0,True,1
33.2808,0.002000000000000047,0.001,0.0801622,40081.09999999906,40050.9,0.0400509,0.039287772,19643.88599999954,19594.116,0.019594116,0.5,1.0,20.0,10 V,2.0,True,1
33.2977,0.002000000000000047,0.001,0.0801622,40081.09999999906,40050.9,0.0400509,0.039287772,19643.88599999954,19592.952,0.019592952,0.5,1.0,20.0,10 V,2.0,True,1
33.3144,0.002000000000000047,0.001,0.0801622,40081.09999999906,40056.4,0.0400564,0.039287772,19643.88599999954,19596.22,0.01959622,0.5,1.0,20.0,10 V,2.0,True,1
33.3311,0.002000000000000047,0.001,0.0801622,40081.09999999906,40050.9,0.0400509,0.039287772,19643.88599999954,19600.319000000003,0.019600319,0.5,1.0,20.0,10 V,2.0,True,1
33.3479,0.002000000000000047,0.001,0.0801622,40081.09999999906,40067.4,0.0400674,0.039287772,19643.88599999954,19593.174000000003,0.019593174,0.5,1.0,20.0,10 V,2.0,True,1
33.3644,0.002000000000000047,0.001,0.0801622,40081.09999999906,40072.9,0.0400729,0.039287772,19643.88599999954,19595.057,0.019595057,0.5,1.0,20.0,10 V,2.0,True,1
33.3813,0.002000000000000047,0.001,0.0801622,40081.09999999906,40067.4,0.0400674,0.039287772,19643.88599999954,19595.777000000002,0.019595777,0.5,1.0,20.0,10 V,2.0,True,1
33.3980,0.002000000000000047,0.001,0.0801622,40081.09999999906,40072.9,0.0400729,0.039287772,19643.88599999954,19599.654000000002,0.019599654,0.5,1.0,20.0,10 V,2.0,True,1
33.4148,0.002000000000000047,0.001,0.0801622,40081.09999999906,40078.4,0.0400784,0.039287772,19643.88599999954,19601.148999999998,0.019601149,0.5,1.0,20.0,10 V,2.0,True,1
33.4315,0.002000000000000047,0.001,0.0801622,40081.09999999906,40083.9,0.0400839,0.039287772,19643.88599999954,19598.38,0.01959838,0.5,1.0,20.0,10 V,2.0,True,1
33.4482,0.002000000000000047,0.001,0.0801622,40081.09999999906,40072.9,0.0400729,0.039287772,19643.88599999954,19594.337,0.019594337,0.5,1.0,20.0,10 V,2.0,True,1
33.4650,0.002000000000000047,0.001,0.0801622,40081.09999999906,40072.9,0.0400729,0.039287772,19643.88599999954,19593.561999999998,0.019593562,0.5,1.0,20.0,10 V,2.0,True,1
33.4817,0.002000000000000047,0.001,0.0801622,40081.09999999906,40061.9,0.0400619,0.039287772,19643.88599999954,19596.331000000002,0.019596331,0.5,1.0,20.0,10 V,2.0,True,1
33.4984,0.002000000000000047,0.001,0.0801622,40081.09999999906,40072.9,0.0400729,0.039287772,19643.88599999954,19596.442,0.019596442,0.5,1.0,20.0,10 V,2.0,True,1
33.5153,0.002000000000000047,0.001,0.0801622,40081.09999999906,40067.4,0.0400674,0.039287772,19643.88599999954,19594.725000000002,0.019594725,0.5,1.0,20.0,10 V,2.0,True,1
33.5321,0.002000000000000047,0.001,0.0801622,40081.09999999906,40067.4,0.0400674,0.039287772,19643.88599999954,19592.731,0.019592731,0.5,1.0,20.0,10 V,2.0,True,1
33.5488,0.002000000000000047,0.001,0.0801622,40081.09999999906,40061.9,0.0400619,0.039287772,19643.88599999954,19584.257,0.019584257,0.5,1.0,20.0,10 V,2.0,True,1
33.5655,0.002000000000000047,0.001,0.0801622,40081.09999999906,40078.4,0.0400784,0.039287772,19643.88599999954,19593.396,0.019593396,0.5,1.0,20.0,10 V,2.0,True,1
33.5823,0.002000000000000047,0.001,0.0801622,40081.09999999906,40072.9,0.0400729,0.039287772,19643.88599999954,19594.06,0.01959406,0.5,1.0,20.0,10 V,2.0,True,1
33.5988,0.002000000000000047,0.001,0.0801622,40081.09999999906,40072.9,0.0400729,0.039287772,19643.88599999954,19594.559,0.019594559,0.5,1.0,20.0,10 V,2.0,True,1
33.6157,0.002000000000000047,0.001,0.0801622,40081.09999999906,40078.4,0.0400784,0.039287772,19643.88599999954,19597.826,0.019597826,0.5,1.0,20.0,10 V,2.0,True,1
33.6324,0.002000000000000047,0.001,0.0801622,40081.09999999906,40078.4,0.0400784,0.039287772,19643.88599999954,19595.888,0.019595888,0.5,1.0,20.0,10 V,2.0,True,1
33.6490,0.002000000000000047,0.001,0.0801622,40081.09999999906,40067.4,0.0400674,0.039287772,19643.88599999954,19595.832000000002,0.019595832,0.5,1.0,20.0,10 V,2.0,True,1
33.6658,0.002000000000000047,0.001,0.0801622,40081.09999999906,40061.9,0.0400619,0.039287772,19643.88599999954,19593.672,0.019593672,0.5,1.0,20.0,10 V,2.0,True,1
33.6825,0.002000000000000047,0.001,0.0801622,40081.09999999906,40072.9,0.0400729,0.039287772,19643.88599999954,19591.623,0.019591623,0.5,1.0,20.0,10 V,2.0,True,1
33.6991,0.002000000000000047,0.001,0.0801622,40081.09999999906,40056.4,0.0400564,0.039287772,19643.88599999954,19578.663,0.019578663,0.5,1.0,20.0,10 V,2.0,True,1
33.7159,0.002000000000000047,0.001,0.0801622,40081.09999999906,40067.4,0.0400674,0.039287772,19643.88599999954,19579.882,0.019579882,0.5,1.0,20.0,10 V,2.0,True,1
33.7327,0.002000000000000047,0.001,0.0801622,40081.09999999906,40067.4,0.0400674,0.039287772,19643.88599999954,19581.432,0.019581432,0.5,1.0,20.0,10 V,2.0,True,1
33.7496,0.002000000000000047,0.001,0.0801622,40081.09999999906,40072.9,0.0400729,0.039287772,19643.88599999954,19587.082,0.019587082,0.5,1.0,20.0,10 V,2.0,True,1
33.7664,0.002000000000000047,0.001,0.0801622,40081.09999999906,40067.4,0.0400674,0.039287772,19643.88599999954,19594.725000000002,0.019594725,0.5,1.0,20.0,10 V,2.0,True,1
33.7832,0.002000000000000047,0.001,0.0801622,40081.09999999906,40072.9,0.0400729,0.039287772,19643.88599999954,19588.466,0.019588466,0.5,1.0,20.0,10 V,2.0,True,1
33.7998,0.002000000000000047,0.001,0.0801622,40081.09999999906,40083.9,0.0400839,0.039287772,19643.88599999954,19598.879,0.019598879,0.5,1.0,20.0,10 V,2.0,True,1
33.8167,0.002000000000000047,0.001,0.0801622,40081.09999999906,40078.4,0.0400784,0.039287772,19643.88599999954,19588.909000000003,0.019588909,0.5,1.0,20.0,10 V,2.0,True,1
33.8334,0.002000000000000047,0.001,0.0801622,40081.09999999906,40072.9,0.0400729,0.039287772,19643.88599999954,19592.232000000004,0.019592232,0.5,1.0,20.0,10 V,2.0,True,1
33.8502,0.002000000000000047,0.001,0.0801622,40081.09999999906,40072.9,0.0400729,0.039287772,19643.88599999954,19593.949,0.019593949,0.5,1.0,20.0,10 V,2.0,True,1
33.8668,0.002000000000000047,0.001,0.0801622,40081.09999999906,40083.9,0.0400839,0.039287772,19643.88599999954,19596.996,0.019596996,0.5,1.0,20.0,10 V,2.0,True,1
33.8836,0.002000000000000047,0.001,0.0801622,40081.09999999906,40078.4,0.0400784,0.039287772,19643.88599999954,19593.063000000002,0.019593063,0.5,1.0,20.0,10 V,2.0,True,1
33.9006,0.002000000000000047,0.001,0.0801622,40081.09999999906,40083.9,0.0400839,0.039287772,19643.88599999954,19593.617000000002,0.019593617,0.5,1.0,20.0,10 V,2.0,True,1
33.9174,0.002000000000000047,0.001,0.0801622,40081.09999999906,40072.9,0.0400729,0.039287772,19643.88599999954,19590.294,0.019590294,0.5,1.0,20.0,10 V,2.0,True,1
33.9341,0.002000000000000047,0.001,0.0801622,40081.09999999906,40083.9,0.0400839,0.039287772,19643.88599999954,19587.192,0.019587192,0.5,1.0,20.0,10 V,2.0,True,1
33.9508,0.002000000000000047,0.001,0.0801622,40081.09999999906,40067.4,0.0400674,0.039287772,19643.88599999954,19589.242000000002,0.019589242,0.5,1.0,20.0,10 V,2.0,True,1
33.9676,0.002000000000000047,0.001,0.0801622,40081.09999999906,40083.9,0.0400839,0.039287772,19643.88599999954,19591.734,0.019591734,0.5,1.0,20.0,10 V,2.0,True,1
33.9844,0.002000000000000047,0.001,0.0801622,40081.09999999906,40061.9,0.0400619,0.039287772,19643.88599999954,19592.122,0.019592122,0.5,1.0,20.0,10 V,2.0,True,1
34.0012,0.002000000000000047,0.001,0.0801622,40081.09999999906,40072.9,0.0400729,0.039287772,19643.88599999954,19588.023,0.019588023,0.5,1.0,20.0,10 V,2.0,True,1
34.0181,0.002000000000000047,0.001,0.0801622,40081.09999999906,40078.4,0.0400784,0.039287772,19643.88599999954,19600.429,0.019600429,0.5,1.0,20.0,10 V,2.0,True,1
34.0347,0.002000000000000047,0.001,0.0801622,40081.09999999906,40089.4,0.0400894,0.039287772,19643.88599999954,19593.063000000002,0.019593063,0.5,1.0,20.0,10 V,2.0,True,1
34.0515,0.002000000000000047,0.001,0.0801622,40081.09999999906,40083.9,0.0400839,0.039287772,19643.88599999954,19600.872,0.019600872,0.5,1.0,20.0,10 V,2.0,True,1
34.0682,0.002000000000000047,0.001,0.0801622,40081.09999999906,40083.9,0.0400839,0.039287772,19643.88599999954,19595.943000000003,0.019595943,0.5,1.0,20.0,10 V,2.0,True,1
34.0849,0.002000000000000047,0.001,0.0801622,40081.09999999906,40078.4,0.0400784,0.039287772,19643.88599999954,19595.722,0.019595722,0.5,1.0,20.0,10 V,2.0,True,1
34.1017,0.002000000000000047,0.001,0.0801622,40081.09999999906,40078.4,0.0400784,0.039287772,19643.88599999954,19597.217,0.019597217,0.5,1.0,20.0,10 V,2.0,True,1
34.1184,0.002000000000000047,0.001,0.0801622,40081.09999999906,40094.9,0.0400949,0.039287772,19643.88599999954,19596.497000000003,0.019596497,0.5,1.0,20.0,10 V,2.0,True,1
34.1352,0.002000000000000047,0.001,0.0801622,40081.09999999906,40089.4,0.0400894,0.039287772,19643.88599999954,19606.189000000002,0.019606189,0.5,1.0,20.0,10 V,2.0,True,1
34.1519,0.002000000000000047,0.001,0.0801622,40081.09999999906,40100.4,0.0401004,0.039287772,19643.88599999954,19603.199000000004,0.019603199,0.5,1.0,20.0,10 V,2.0,True,1
34.1686,0.002000000000000047,0.001,0.0801622,40081.09999999906,40083.9,0.0400839,0.039287772,19643.88599999954,19598.214,0.019598214,0.5,1.0,20.0,10 V,2.0,True,1
34.1853,0.002000000000000047,0.001,0.0801622,40081.09999999906,40100.4,0.0401004,0.039287772,19643.88599999954,19605.026,0.019605026,0.5,1.0,20.0,10 V,2.0,True,1
34.2020,0.002000000000000047,0.001,0.0801622,40081.09999999906,40105.9,0.0401059,0.039287772,19643.88599999954,19609.789,0.019609789,0.5,1.0,20.0,10 V,2.0,True,1
34.2189,0.002000000000000047,0.001,0.0801622,40081.09999999906,40100.4,0.0401004,0.039287772,19643.88599999954,19610.122000000003,0.019610122,0.5,1.0,20.0,10 V,2.0,True,1
34.2355,0.002000000000000047,0.001,0.0801622,40081.09999999906,40089.4,0.0400894,0.039287772,19643.88599999954,19602.146,0.019602146,0.5,1.0,20.0,10 V,2.0,True,1
34.2525,0.002000000000000047,0.001,0.0801622,40081.09999999906,40094.9,0.0400949,0.039287772,19643.88599999954,19603.753,0.019603753,0.5,1.0,20.0,10 V,2.0,True,1
34.2873,0.015000000000000046,0.001,0.601011,40067.39999999988,40111.4,0.0401114,0.29395514,19597.009333333273,19614.83,0.01961483,0.5,1.0,20.0,10 V,2.0,True,1
34.3208,0.028000000000000046,0.001,1.118588,39949.57142857136,40144.4,0.0401444,0.54744071,19551.453928571398,19602.977000000003,0.019602977,0.5,1.0,20.0,10 V,2.0,True,1
34.3546,0.04100000000000004,0.001,1.6323872,39814.32195121947,40177.4,0.0401774,0.79983505,19508.171951219494,19600.429,0.019600429,0.5,1.0,20.0,10 V,2.0,True,1
34.3878,0.05400000000000004,0.001,2.144718,39716.99999999997,40215.8,0.0402158,1.0516931,19475.798148148133,19598.214,0.019598214,0.5,1.0,20.0,10 V,2.0,True,1
34.4225,0.06700000000000005,0.001,2.6542718,39615.99701492535,40298.3,0.0402983,1.3033899,19453.580597014912,19617.599000000002,0.019617599,0.5,1.0,20.0,10 V,2.0,True,1
34.4560,0.07700000000000004,0.001,3.0466151,39566.42987012985,40358.8,0.0403588,1.4969575,19441.006493506484,19622.417,0.019622417,0.5,1.0,20.0,10 V,2.0,True,1
34.4895,0.08700000000000004,0.001,3.4408112,39549.55402298849,40424.799999999996,0.0404248,1.6949905,19482.64942528735,19649.722,0.019649722,0.5,1.0,20.0,10 V,2.0,True,1
34.5231,0.09700000000000003,0.001,3.8368169,39554.813402061845,40512.8,0.0405128,1.8945357,19531.295876288656,19662.35,0.01966235,0.5,1.0,20.0,10 V,2.0,True,1
34.5566,0.10700000000000003,0.001,4.2367932,39596.19813084111,40644.8,0.0406448,2.0947079,19576.70934579439,19690.762000000002,0.019690762,0.5,1.0,20.0,10 V,2.0,True,1
34.5902,0.11700000000000002,0.001,4.6448917,39699.929059829046,40831.8,0.0408318,2.3051858,19702.44273504273,19766.75,0.01976675,0.5,1.0,20.0,10 V,2.0,True,1
34.6236,0.12700000000000003,0.001,5.060678,39847.85826771653,41095.700000000004,0.0410957,2.5158999,19810.235433070862,19861.957000000002,0.019861957,0.5,1.0,20.0,10 V,2.0,True,1
34.6570,0.13700000000000004,0.001,5.5099384,40218.52846715327,41546.700000000004,0.0415467,2.7592908,20140.80875912408,20046.337000000003,0.020046337,0.5,1.0,20.0,10 V,2.0,True,1
34.6907,0.14700000000000005,0.001,6.0356216,41058.65034013604,42289.100000000006,0.0422891,3.0734018,20907.49523809523,20479.059,0.020479059,0.5,1.0,20.0,10 V,2.0,True,1
34.7242,0.15700000000000006,0.001,6.6081199,42089.935668789796,43196.4,0.0431964,3.40687,21699.808917197446,21046.258,0.021046258,0.5,1.0,20.0,10 V,2.0,True,1
34.7577,0.16700000000000007,0.001,7.1876076,43039.566467065844,44103.8,0.0441038,3.7389029,22388.64011976047,21594.015000000003,0.021594015,0.5,1.0,20.0,10 V,2.0,True,1
34.7913,0.17700000000000007,0.001,7.7839946,43977.37062146891,45099.200000000004,0.0450992,4.0868507,23089.551977401123,22226.958000000002,0.022226958,0.5,1.0,20.0,10 V,2.0,True,1
34.8053,0.17700000000000007,0.001,7.7839946,43977.37062146891,44004.799999999996,0.0440048,4.0868507,23089.551977401123,21840.589,0.021840589,0.5,1.0,20.0,10 V,2.0,True,1
34.8221,0.17700000000000007,0.001,7.7839946,43977.37062146891,43471.4,0.0434714,4.0868507,23089.551977401123,21565.824,0.021565824,0.5,1.0,20.0,10 V,2.0,True,1
34.8389,0.17700000000000007,0.001,7.7839946,43977.37062146891,43146.9,0.0431469,4.0868507,23089.551977401123,21363.558,0.021363558,0.5,1.0,20.0,10 V,2.0,True,1
34.8555,0.17700000000000007,0.001,7.7839946,43977.37062146891,42888.50000000001,0.0428885,4.0868507,23089.551977401123,21214.296000000002,0.021214296,0.5,1.0,20.0,10 V,2.0,True,1
34.8724,0.17700000000000007,0.001,7.7839946,43977.37062146891,42696.0,0.042696,4.0868507,23089.551977401123,21098.098,0.021098098,0.5,1.0,20.0,10 V,2.0,True,1
34.8892,0.17700000000000007,0.001,7.7839946,43977.37062146891,42536.5,0.0425365,4.0868507,23089.551977401123,21003.445,0.021003445,0.5,1.0,20.0,10 V,2.0,True,1
34.9058,0.17700000000000007,0.001,7.7839946,43977.37062146891,42421.0,0.042421,4.0868507,23089.551977401123,20929.561,0.020929561,0.5,1.0,20.0,10 V,2.0,True,1
34.9227,0.17700000000000007,0.001,7.7839946,43977.37062146891,42305.6,0.0423056,4.0868507,23089.551977401123,20857.948,0.020857948,0.5,1.0,20.0,10 V,2.0,True,1
34.9393,0.17700000000000007,0.001,7.7839946,43977.37062146891,42212.100000000006,0.0422121,4.0868507,23089.551977401123,20792.926,0.020792926,0.5,1.0,20.0,10 V,2.0,True,1
34.9560,0.17700000000000007,0.001,7.7839946,43977.37062146891,42135.100000000006,0.0421351,4.0868507,23089.551977401123,20749.006,0.020749006,0.5,1.0,20.0,10 V,2.0,True,1
34.9727,0.17700000000000007,0.001,7.7839946,43977.37062146891,42074.6,0.0420746,4.0868507,23089.551977401123,20709.682,0.020709682,0.5,1.0,20.0,10 V,2.0,True,1
34.9896,0.17700000000000007,0.001,7.7839946,43977.37062146891,42014.1,0.0420141,4.0868507,23089.551977401123,20674.679000000004,0.020674679,0.5,1.0,20.0,10 V,2.0,True,1
35.0063,0.17700000000000007,0.001,7.7839946,43977.37062146891,41964.6,0.0419646,4.0868507,23089.551977401123,20638.347,0.020638347,0.5,1.0,20.0,10 V,2.0,True,1
35.0230,0.17700000000000007,0.001,7.7839946,43977.37062146891,41920.600000000006,0.0419206,4.0868507,23089.551977401123,20611.042,0.020611042,0.5,1.0,20.0,10 V,2.0,True,1
35.0395,0.17700000000000007,0.001,7.7839946,43977.37062146891,41876.6,0.0418766,4.0868507,23089.551977401123,20583.959,0.020583959,0.5,1.0,20.0,10 V,2.0,True,1
35.0563,0.17700000000000007,0.001,7.7839946,43977.37062146891,41838.100000000006,0.0418381,4.0868507,23089.551977401123,20562.192,0.020562192,0.5,1.0,20.0,10 V,2.0,True,1
35.0731,0.17700000000000007,0.001,7.7839946,43977.37062146891,41805.1,0.0418051,4.0868507,23089.551977401123,20534.001,0.020534001,0.5,1.0,20.0,10 V,2.0,True,1
35.0898,0.17700000000000007,0.001,7.7839946,43977.37062146891,41766.600000000006,0.0417666,4.0868507,23089.551977401123,20508.912,0.020508912,0.5,1.0,20.0,10 V,2.0,True,1
35.1066,0.17700000000000007,0.001,7.7839946,43977.37062146891,41744.6,0.0417446,4.0868507,23089.551977401123,20500.272,0.020500272,0.5,1.0,20.0,10 V,2.0,True,1
35.1233,0.17700000000000007,0.001,7.7839946,43977.37062146891,41695.1,0.0416951,4.0868507,23089.551977401123,20474.85,0.02047485,0.5,1.0,20.0,10 V,2.0,True,1
35.1400,0.17700000000000007,0.001,7.7839946,43977.37062146891,41689.6,0.0416896,4.0868507,23089.551977401123,20459.232,0.020459232,0.5,1.0,20.0,10 V,2.0,True,1
35.1566,0.17700000000000007,0.001,7.7839946,43977.37062146891,41667.6,0.0416676,4.0868507,23089.551977401123,20445.828,0.020445828,0.5,1.0,20.0,10 V,2.0,True,1
35.1734,0.17700000000000007,0.001,7.7839946,43977.37062146891,41651.100000000006,0.0416511,4.0868507,23089.551977401123,20436.302,0.020436302,0.5,1.0,20.0,10 V,2.0,True,1
35.1901,0.17700000000000007,0.001,7.7839946,43977.37062146891,41612.700000000004,0.0416127,4.0868507,23089.551977401123,20416.253,0.020416253,0.5,1.0,20.0,10 V,2.0,True,1
35.2068,0.17700000000000007,0.001,7.7839946,43977.37062146891,41596.200000000004,0.0415962,4.0868507,23089.551977401123,20401.742000000002,0.020401742,0.5,1.0,20.0,10 V,2.0,True,1
35.2237,0.17700000000000007,0.001,7.7839946,43977.37062146891,41579.7,0.0415797,4.0868507,23089.551977401123,20390.887000000002,0.020390887,0.5,1.0,20.0,10 V,2.0,True,1
35.2404,0.17700000000000007,0.001,7.7839946,43977.37062146891,41546.700000000004,0.0415467,4.0868507,23089.551977401123,20375.766,0.020375766,0.5,1.0,20.0,10 V,2.0,True,1
35.2570,0.17700000000000007,0.001,7.7839946,43977.37062146891,41541.200000000004,0.0415412,4.0868507,23089.551977401123,20369.84,0.02036984,0.5,1.0,20.0,10 V,2.0,True,1
35.2738,0.17700000000000007,0.001,7.7839946,43977.37062146891,41530.200000000004,0.0415302,4.0868507,23089.551977401123,20361.034,0.020361034,0.5,1.0,20.0,10 V,2.0,True,1
35.2907,0.17700000000000007,0.001,7.7839946,43977.37062146891,41502.7,0.0415027,4.0868507,23089.551977401123,20350.012000000002,0.020350012,0.5,1.0,20.0,10 V,2.0,True,1
35.3074,0.17700000000000007,0.001,7.7839946,43977.37062146891,41475.2,0.0414752,4.0868507,23089.551977401123,20334.228,0.020334228,0.5,1.0,20.0,10 V,2.0,True,1
35.3242,0.17700000000000007,0.001,7.7839946,43977.37062146891,41469.7,0.0414697,4.0868507,23089.551977401123,20326.585000000003,0.020326585,0.5,1.0,20.0,10 V,2.0,True,1
35.3407,0.17700000000000007,0.001,7.7839946,43977.37062146891,41469.7,0.0414697,4.0868507,23089.551977401123,20323.705,0.020323705,0.5,1.0,20.0,10 V,2.0,True,1
35.3577,0.17700000000000007,0.001,7.7839946,43977.37062146891,41447.7,0.0414477,4.0868507,23089.551977401123,20317.612,0.020317612,0.5,1.0,20.0,10 V,2.0,True,1
35.3742,0.17700000000000007,0.001,7.7839946,43977.37062146891,41425.700000000004,0.0414257,4.0868507,23089.551977401123,20305.095,0.020305095,0.5,1.0,20.0,10 V,2.0,True,1
35.3909,0.17700000000000007,0.001,7.7839946,43977.37062146891,41414.7,0.0414147,4.0868507,23089.551977401123,20303.434,0.020303434,0.5,1.0,20.0,10 V,2.0,True,1
35.4077,0.17700000000000007,0.001,7.7839946,43977.37062146891,41420.2,0.0414202,4.0868507,23089.551977401123,20301.772,0.020301772,0.5,1.0,20.0,10 V,2.0,True,1
35.4247,0.17700000000000007,0.001,7.7839946,43977.37062146891,41403.700000000004,0.0414037,4.0868507,23089.551977401123,20294.628,0.020294628,0.5,1.0,20.0,10 V,2.0,True,1
35.4413,0.17700000000000007,0.001,7.7839946,43977.37062146891,41392.7,0.0413927,4.0868507,23089.551977401123,20287.317,0.020287317,0.5,1.0,20.0,10 V,2.0,True,1
35.4582,0.17700000000000007,0.001,7.7839946,43977.37062146891,41387.200000000004,0.0413872,4.0868507,23089.551977401123,20280.781000000003,0.020280781,0.5,1.0,20.0,10 V,2.0,True,1
35.4750,0.17700000000000007,0.001,7.7839946,43977.37062146891,41376.200000000004,0.0413762,4.0868507,23089.551977401123,20269.04,0.02026904,0.5,1.0,20.0,10 V,2.0,True,1
35.4916,0.17700000000000007,0.001,7.7839946,43977.37062146891,41343.2,0.0413432,4.0868507,23089.551977401123,20251.926,0.020251926,0.5,1.0,20.0,10 V,2.0,True,1
35.5084,0.17700000000000007,0.001,7.7839946,43977.37062146891,41337.7,0.0413377,4.0868507,23089.551977401123,20249.544,0.020249544,0.5,1.0,20.0,10 V,2.0,True,1
35.5252,0.17700000000000007,0.001,7.7839946,43977.37062146891,41321.200000000004,0.0413212,4.0868507,23089.551977401123,20251.15,0.02025115,0.5,1.0,20.0,10 V,2.0,True,1
35.5419,0.17700000000000007,0.001,7.7839946,43977.37062146891,41326.700000000004,0.0413267,4.0868507,23089.551977401123,20247.329,0.020247329,0.5,1.0,20.0,10 V,2.0,True,1
35.5587,0.17700000000000007,0.001,7.7839946,43977.37062146891,41315.7,0.0413157,4.0868507,23089.551977401123,20241.347,0.020241347,0.5,1.0,20.0,10 V,2.0,True,1
35.5755,0.17700000000000007,0.001,7.7839946,43977.37062146891,41304.700000000004,0.0413047,4.0868507,23089.551977401123,20231.876,0.020231876,0.5,1.0,20.0,10 V,2.0,True,1
35.5921,0.17700000000000007,0.001,7.7839946,43977.37062146891,41304.700000000004,0.0413047,4.0868507,23089.551977401123,20238.246000000003,0.020238246,0.5,1.0,20.0,10 V,2.0,True,1
35.6089,0.17700000000000007,0.001,7.7839946,43977.37062146891,41304.700000000004,0.0413047,4.0868507,23089.551977401123,20232.763000000003,0.020232763,0.5,1.0,20.0,10 V,2.0,True,1
35.6255,0.17700000000000007,0.001,7.7839946,43977.37062146891,41277.200000000004,0.0412772,4.0868507,23089.551977401123,20227.224,0.020227224,0.5,1.0,20.0,10 V,2.0,True,1
35.6422,0.17700000000000007,0.001,7.7839946,43977.37062146891,41271.700000000004,0.0412717,4.0868507,23089.551977401123,20220.966,0.020220966,0.5,1.0,20.0,10 V,2.0,True,1
35.6592,0.17700000000000007,0.001,7.7839946,43977.37062146891,41271.700000000004,0.0412717,4.0868507,23089.551977401123,20207.341,0.020207341,0.5,1.0,20.0,10 V,2.0,True,1
35.6758,0.17700000000000007,0.001,7.7839946,43977.37062146891,41255.2,0.0412552,4.0868507,23089.551977401123,20211.605000000003,0.020211605,0.5,1.0,20.0,10 V,2.0,True,1
35.6927,0.17700000000000007,0.001,7.7839946,43977.37062146891,41255.2,0.0412552,4.0868507,23089.551977401123,20206.565,0.020206565,0.5,1.0,20.0,10 V,2.0,True,1
35.7096,0.17700000000000007,0.001,7.7839946,43977.37062146891,41249.700000000004,0.0412497,4.0868507,23089.551977401123,20203.796000000002,0.020203796,0.5,1.0,20.0,10 V,2.0,True,1
35.7262,0.17700000000000007,0.001,7.7839946,43977.37062146891,41244.200000000004,0.0412442,4.0868507,23089.551977401123,20199.144,0.020199144,0.5,1.0,20.0,10 V,2.0,True,1
35.7431,0.17700000000000007,0.001,7.7839946,43977.37062146891,41238.700000000004,0.0412387,4.0868507,23089.551977401123,20200.639,0.020200639,0.5,1.0,20.0,10 V,2.0,True,1
35.7598,0.17700000000000007,0.001,7.7839946,43977.37062146891,41227.700000000004,0.0412277,4.0868507,23089.551977401123,20197.372000000003,0.020197372,0.5,1.0,20.0,10 V,2.0,True,1
35.7767,0.17700000000000007,0.001,7.7839946,43977.37062146891,41211.200000000004,0.0412112,4.0868507,23089.551977401123,20191.224000000002,0.020191224,0.5,1.0,20.0,10 V,2.0,True,1
35.7934,0.17700000000000007,0.001,7.7839946,43977.37062146891,41200.200000000004,0.0412002,4.0868507,23089.551977401123,20185.962,0.020185962,0.5,1.0,20.0,10 V,2.0,True,1
35.8100,0.17700000000000007,0.001,7.7839946,43977.37062146891,41194.700000000004,0.0411947,4.0868507,23089.551977401123,20182.916,0.020182916,0.5,1.0,20.0,10 V,2.0,True,1
35.8268,0.17700000000000007,0.001,7.7839946,43977.37062146891,41205.7,0.0412057,4.0868507,23089.551977401123,20181.587000000003,0.020181587,0.5,1.0,20.0,10 V,2.0,True,1
35.8437,0.17700000000000007,0.001,7.7839946,43977.37062146891,41178.2,0.0411782,4.0868507,23089.551977401123,20179.15,0.02017915,0.5,1.0,20.0,10 V,2.0,True,1
35.8603,0.17700000000000007,0.001,7.7839946,43977.37062146891,41189.200000000004,0.0411892,4.0868507,23089.551977401123,20175.938000000002,0.020175938,0.5,1.0,20.0,10 V,2.0,True,1
35.8772,0.17700000000000007,0.001,7.7839946,43977.37062146891,41183.7,0.0411837,4.0868507,23089.551977401123,20167.962000000003,0.020167962,0.5,1.0,20.0,10 V,2.0,True,1
35.8939,0.17700000000000007,0.001,7.7839946,43977.37062146891,41172.700000000004,0.0411727,4.0868507,23089.551977401123,20166.301000000003,0.020166301,0.5,1.0,20.0,10 V,2.0,True,1
35.9106,0.17700000000000007,0.001,7.7839946,43977.37062146891,41178.2,0.0411782,4.0868507,23089.551977401123,20168.848,0.020168848,0.5,1.0,20.0,10 V,2.0,True,1
35.9274,0.17700000000000007,0.001,7.7839946,43977.37062146891,41172.700000000004,0.0411727,4.0868507,23089.551977401123,20161.759000000002,0.020161759,0.5,1.0,20.0,10 V,2.0,True,1
35.9441,0.17700000000000007,0.001,7.7839946,43977.37062146891,41167.200000000004,0.0411672,4.0868507,23089.551977401123,20160.374,0.020160374,0.5,1.0,20.0,10 V,2.0,True,1
35.9607,0.17700000000000007,0.001,7.7839946,43977.37062146891,41156.2,0.0411562,4.0868507,23089.551977401123,20150.571,0.020150571,0.5,1.0,20.0,10 V,2.0,True,1
35.9775,0.17700000000000007,0.001,7.7839946,43977.37062146891,41139.700000000004,0.0411397,4.0868507,23089.551977401123,20149.297000000002,0.020149297,0.5,1.0,20.0,10 V,2.0,True,1
35.9944,0.17700000000000007,0.001,7.7839946,43977.37062146891,41139.700000000004,0.0411397,4.0868507,23089.551977401123,20146.750000000004,0.02014675,0.5,1.0,20.0,10 V,2.0,True,1
36.0112,0.17700000000000007,0.001,7.7839946,43977.37062146891,41134.200000000004,0.0411342,4.0868507,23089.551977401123,20139.771,0.020139771,0.5,1.0,20.0,10 V,2.0,True,1
36.0281,0.17700000000000007,0.001,7.7839946,43977.37062146891,41128.7,0.0411287,4.0868507,23089.551977401123,20134.953,0.020134953,0.5,1.0,20.0,10 V,2.0,True,1
36.0447,0.17700000000000007,0.001,7.7839946,43977.37062146891,41117.700000000004,0.0411177,4.0868507,23089.551977401123,20129.026,0.020129026,0.5,1.0,20.0,10 V,2.0,True,1
36.0614,0.17700000000000007,0.001,7.7839946,43977.37062146891,41128.7,0.0411287,4.0868507,23089.551977401123,20134.953,0.020134953,0.5,1.0,20.0,10 V,2.0,True,1
36.0780,0.17700000000000007,0.001,7.7839946,43977.37062146891,41106.700000000004,0.0411067,4.0868507,23089.551977401123,20120.83,0.02012083,0.5,1.0,20.0,10 V,2.0,True,1
36.0949,0.17700000000000007,0.001,7.7839946,43977.37062146891,41128.7,0.0411287,4.0868507,23089.551977401123,20129.746000000003,0.020129746,0.5,1.0,20.0,10 V,2.0,True,1
36.1116,0.17700000000000007,0.001,7.7839946,43977.37062146891,41112.200000000004,0.0411122,4.0868507,23089.551977401123,20117.894,0.020117894,0.5,1.0,20.0,10 V,2.0,True,1
36.1282,0.17700000000000007,0.001,7.7839946,43977.37062146891,41117.700000000004,0.0411177,4.0868507,23089.551977401123,20116.288,0.020116288,0.5,1.0,20.0,10 V,2.0,True,1
36.1451,0.17700000000000007,0.001,7.7839946,43977.37062146891,41095.700000000004,0.0410957,4.0868507,23089.551977401123,20111.857,0.020111857,0.5,1.0,20.0,10 V,2.0,True,1
36.1619,0.17700000000000007,0.001,7.7839946,43977.37062146891,41095.700000000004,0.0410957,4.0868507,23089.551977401123,20115.236,0.020115236,0.5,1.0,20.0,10 V,2.0,True,1
36.1787,0.17700000000000007,0.001,7.7839946,43977.37062146891,41079.200000000004,0.0410792,4.0868507,23089.551977401123,20105.322,0.020105322,0.5,1.0,20.0,10 V,2.0,True,1
36.1953,0.17700000000000007,0.001,7.7839946,43977.37062146891,41079.200000000004,0.0410792,4.0868507,23089.551977401123,20110.306,0.020110306,0.5,1.0,20.0,10 V,2.0,True,1
36.2122,0.17700000000000007,0.001,7.7839946,43977.37062146891,41073.7,0.0410737,4.0868507,23089.551977401123,20110.306,0.020110306,0.5,1.0,20.0,10 V,2.0,True,1
36.2288,0.17700000000000007,0.001,7.7839946,43977.37062146891,41068.200000000004,0.0410682,4.0868507,23089.551977401123,20101.832000000002,0.020101832,0.5,1.0,20.0,10 V,2.0,True,1
36.2457,0.17700000000000007,0.001,7.7839946,43977.37062146891,41068.200000000004,0.0410682,4.0868507,23089.551977401123,20094.356000000003,0.020094356,0.5,1.0,20.0,10 V,2.0,True,1
36.2625,0.17700000000000007,0.001,7.7839946,43977.37062146891,41068.200000000004,0.0410682,4.0868507,23089.551977401123,20097.236,0.020097236,0.5,1.0,20.0,10 V,2.0,True,1
36.2792,0.17700000000000007,0.001,7.7839946,43977.37062146891,41035.200000000004,0.0410352,4.0868507,23089.551977401123,20090.257,0.020090257,0.5,1.0,20.0,10 V,2.0,True,1
36.2959,0.17700000000000007,0.001,7.7839946,43977.37062146891,41062.700000000004,0.0410627,4.0868507,23089.551977401123,20096.349000000002,0.020096349,0.5,1.0,20.0,10 V,2.0,True,1
36.3127,0.17700000000000007,0.001,7.7839946,43977.37062146891,41040.700000000004,0.0410407,4.0868507,23089.551977401123,20085.605,0.020085605,0.5,1.0,20.0,10 V,2.0,True,1
36.3293,0.17700000000000007,0.001,7.7839946,43977.37062146891,41051.700000000004,0.0410517,4.0868507,23089.551977401123,20091.752,0.020091752,0.5,1.0,20.0,10 V,2.0,True,1
36.3461,0.17700000000000007,0.001,7.7839946,43977.37062146891,41046.2,0.0410462,4.0868507,23089.551977401123,20086.879,0.020086879,0.5,1.0,20.0,10 V,2.0,True,1
36.3630,0.17700000000000007,0.001,7.7839946,43977.37062146891,41040.700000000004,0.0410407,4.0868507,23089.551977401123,20080.343,0.020080343,0.5,1.0,20.0,10 V,2.0,True,1
36.3797,0.17700000000000007,0.001,7.7839946,43977.37062146891,41035.200000000004,0.0410352,4.0868507,23089.551977401123,20079.18,0.02007918,0.5,1.0,20.0,10 V,2.0,True,1
36.3965,0.17700000000000007,0.001,7.7839946,43977.37062146891,41024.2,0.0410242,4.0868507,23089.551977401123,20074.638,0.020074638,0.5,1.0,20.0,10 V,2.0,True,1
36.4131,0.17700000000000007,0.001,7.7839946,43977.37062146891,41018.7,0.0410187,4.0868507,23089.551977401123,20076.3,0.0200763,0.5,1.0,20.0,10 V,2.0,True,1
36.4299,0.17700000000000007,0.001,7.7839946,43977.37062146891,41018.7,0.0410187,4.0868507,23089.551977401123,20073.752,0.020073752,0.5,1.0,20.0,10 V,2.0,True,1
36.4466,0.17700000000000007,0.001,7.7839946,43977.37062146891,41024.2,0.0410242,4.0868507,23089.551977401123,20072.811,0.020072811,0.5,1.0,20.0,10 V,2.0,True,1
36.4634,0.17700000000000007,0.001,7.7839946,43977.37062146891,41024.2,0.0410242,4.0868507,23089.551977401123,20069.432000000004,0.020069432,0.5,1.0,20.0,10 V,2.0,True,1
36.4801,0.17700000000000007,0.001,7.7839946,43977.37062146891,41024.2,0.0410242,4.0868507,23089.551977401123,20074.306,0.020074306,0.5,1.0,20.0,10 V,2.0,True,1
36.4969,0.17700000000000007,0.001,7.7839946,43977.37062146891,41018.7,0.0410187,4.0868507,23089.551977401123,20069.542999999998,0.020069543,0.5,1.0,20.0,10 V,2.0,True,1
36.5136,0.17700000000000007,0.001,7.7839946,43977.37062146891,41002.200000000004,0.0410022,4.0868507,23089.551977401123,20053.371000000003,0.020053371,0.5,1.0,20.0,10 V,2.0,True,1
36.5302,0.17700000000000007,0.001,7.7839946,43977.37062146891,41007.700000000004,0.0410077,4.0868507,23089.551977401123,20066.441000000003,0.020066441,0.5,1.0,20.0,10 V,2.0,True,1
36.5471,0.17700000000000007,0.001,7.7839946,43977.37062146891,41002.200000000004,0.0410022,4.0868507,23089.551977401123,20063.34,0.02006334,0.5,1.0,20.0,10 V,2.0,True,1
36.5639,0.17700000000000007,0.001,7.7839946,43977.37062146891,41007.700000000004,0.0410077,4.0868507,23089.551977401123,20051.875,0.020051875,0.5,1.0,20.0,10 V,2.0,True,1
36.5805,0.17700000000000007,0.001,7.7839946,43977.37062146891,40996.7,0.0409967,4.0868507,23089.551977401123,20049.826,0.020049826,0.5,1.0,20.0,10 V,2.0,True,1
36.5974,0.17700000000000007,0.001,7.7839946,43977.37062146891,40980.200000000004,0.0409802,4.0868507,23089.551977401123,20046.392,0.020046392,0.5,1.0,20.0,10 V,2.0,True,1
36.6141,0.17700000000000007,0.001,7.7839946,43977.37062146891,40974.700000000004,0.0409747,4.0868507,23089.551977401123,20051.654,0.020051654,0.5,1.0,20.0,10 V,2.0,True,1
36.6309,0.17700000000000007,0.001,7.7839946,43977.37062146891,40985.700000000004,0.0409857,4.0868507,23089.551977401123,20034.54,0.02003454,0.5,1.0,20.0,10 V,2.0,True,1
36.6474,0.17700000000000007,0.001,7.7839946,43977.37062146891,40969.2,0.0409692,4.0868507,23089.551977401123,20041.684,0.020041684,0.5,1.0,20.0,10 V,2.0,True,1
36.6642,0.17700000000000007,0.001,7.7839946,43977.37062146891,40969.2,0.0409692,4.0868507,23089.551977401123,20038.86,0.02003886,0.5,1.0,20.0,10 V,2.0,True,1
36.6811,0.17700000000000007,0.001,7.7839946,43977.37062146891,40969.2,0.0409692,4.0868507,23089.551977401123,20040.355,0.020040355,0.5,1.0,20.0,10 V,2.0,True,1
36.6979,0.17700000000000007,0.001,7.7839946,43977.37062146891,40963.7,0.0409637,4.0868507,23089.551977401123,20039.469,0.020039469,0.5,1.0,20.0,10 V,2.0,True,1
36.7148,0.17700000000000007,0.001,7.7839946,43977.37062146891,40963.7,0.0409637,4.0868507,23089.551977401123,20035.371,0.020035371,0.5,1.0,20.0,10 V,2.0,True,1
36.7314,0.17700000000000007,0.001,7.7839946,43977.37062146891,40969.2,0.0409692,4.0868507,23089.551977401123,20031.992,0.020031992,0.5,1.0,20.0,10 V,2.0,True,1
36.7480,0.17700000000000007,0.001,7.7839946,43977.37062146891,40963.7,0.0409637,4.0868507,23089.551977401123,20024.626,0.020024626,0.5,1.0,20.0,10 V,2.0,True,1
36.7646,0.17700000000000007,0.001,7.7839946,43977.37062146891,40952.700000000004,0.0409527,4.0868507,23089.551977401123,20028.226000000002,0.020028226,0.5,1.0,20.0,10 V,2.0,True,1
36.7815,0.17700000000000007,0.001,7.7839946,43977.37062146891,40963.7,0.0409637,4.0868507,23089.551977401123,20025.29,0.02002529,0.5,1.0,20.0,10 V,2.0,True,1
36.7982,0.17700000000000007,0.001,7.7839946,43977.37062146891,40952.700000000004,0.0409527,4.0868507,23089.551977401123,20020.804,0.020020804,0.5,1.0,20.0,10 V,2.0,True,1
36.8149,0.17700000000000007,0.001,7.7839946,43977.37062146891,40952.700000000004,0.0409527,4.0868507,23089.551977401123,20034.207,0.020034207,0.5,1.0,20.0,10 V,2.0,True,1
36.8317,0.17700000000000007,0.001,7.7839946,43977.37062146891,40952.700000000004,0.0409527,4.0868507,23089.551977401123,20038.251,0.020038251,0.5,1.0,20.0,10 V,2.0,True,1
36.8484,0.17700000000000007,0.001,7.7839946,43977.37062146891,40952.700000000004,0.0409527,4.0868507,23089.551977401123,20032.823000000004,0.020032823,0.5,1.0,20.0,10 V,2.0,True,1
36.8651,0.17700000000000007,0.001,7.7839946,43977.37062146891,40941.7,0.0409417,4.0868507,23089.551977401123,20022.023,0.020022023,0.5,1.0,20.0,10 V,2.0,True,1
36.8819,0.17700000000000007,0.001,7.7839946,43977.37062146891,40952.700000000004,0.0409527,4.0868507,23089.551977401123,20028.004,0.020028004,0.5,1.0,20.0,10 V,2.0,True,1
36.8986,0.17700000000000007,0.001,7.7839946,43977.37062146891,40952.700000000004,0.0409527,4.0868507,23089.551977401123,20030.663,0.020030663,0.5,1.0,20.0,10 V,2.0,True,1
36.9152,0.17700000000000007,0.001,7.7839946,43977.37062146891,40947.200000000004,0.0409472,4.0868507,23089.551977401123,20021.081000000002,0.020021081,0.5,1.0,20.0,10 V,2.0,True,1
36.9322,0.17700000000000007,0.001,7.7839946,43977.37062146891,40958.200000000004,0.0409582,4.0868507,23089.551977401123,20036.201,0.020036201,0.5,1.0,20.0,10 V,2.0,True,1
36.9488,0.17700000000000007,0.001,7.7839946,43977.37062146891,40941.7,0.0409417,4.0868507,23089.551977401123,20035.924000000003,0.020035924,0.5,1.0,20.0,10 V,2.0,True,1
36.9657,0.17700000000000007,0.001,7.7839946,43977.37062146891,40952.700000000004,0.0409527,4.0868507,23089.551977401123,20027.949,0.020027949,0.5,1.0,20.0,10 V,2.0,True,1
36.9825,0.17700000000000007,0.001,7.7839946,43977.37062146891,40936.200000000004,0.0409362,4.0868507,23089.551977401123,20021.801,0.020021801,0.5,1.0,20.0,10 V,2.0,True,1
36.9992,0.17700000000000007,0.001,7.7839946,43977.37062146891,40930.700000000004,0.0409307,4.0868507,23089.551977401123,20019.198,0.020019198,0.5,1.0,20.0,10 V,2.0,True,1
37.0161,0.17700000000000007,0.001,7.7839946,43977.37062146891,40936.200000000004,0.0409362,4.0868507,23089.551977401123,20020.86,0.02002086,0.5,1.0,20.0,10 V,2.0,True,1
37.0327,0.17700000000000007,0.001,7.7839946,43977.37062146891,40919.8,0.0409198,4.0868507,23089.551977401123,20015.487,0.020015487,0.5,1.0,20.0,10 V,2.0,True,1
37.0493,0.17700000000000007,0.001,7.7839946,43977.37062146891,40914.3,0.0409143,4.0868507,23089.551977401123,20008.453,0.020008453,0.5,1.0,20.0,10 V,2.0,True,1
37.0662,0.17700000000000007,0.001,7.7839946,43977.37062146891,40914.3,0.0409143,4.0868507,23089.551977401123,19995.77,0.01999577,0.5,1.0,20.0,10 V,2.0,True,1
37.0830,0.17700000000000007,0.001,7.7839946,43977.37062146891,40908.8,0.0409088,4.0868507,23089.551977401123,20003.081,0.020003081,0.5,1.0,20.0,10 V,2.0,True,1
37.0997,0.17700000000000007,0.001,7.7839946,43977.37062146891,40897.8,0.0408978,4.0868507,23089.551977401123,20012.718,0.020012718,0.5,1.0,20.0,10 V,2.0,True,1
37.1165,0.17700000000000007,0.001,7.7839946,43977.37062146891,40925.3,0.0409253,4.0868507,23089.551977401123,20008.509000000002,0.020008509,0.5,1.0,20.0,10 V,2.0,True,1
37.1334,0.17700000000000007,0.001,7.7839946,43977.37062146891,40919.8,0.0409198,4.0868507,23089.551977401123,20004.244000000002,0.020004244,0.5,1.0,20.0,10 V,2.0,True,1
37.1502,0.17700000000000007,0.001,7.7839946,43977.37062146891,40914.3,0.0409143,4.0868507,23089.551977401123,20000.201,0.020000201,0.5,1.0,20.0,10 V,2.0,True,1
37.1669,0.17700000000000007,0.001,7.7839946,43977.37062146891,40892.3,0.0408923,4.0868507,23089.551977401123,19996.767,0.019996767,0.5,1.0,20.0,10 V,2.0,True,1
37.1836,0.17700000000000007,0.001,7.7839946,43977.37062146891,40897.8,0.0408978,4.0868507,23089.551977401123,19989.733,0.019989733,0.5,1.0,20.0,10 V,2.0,True,1
37.2004,0.17700000000000007,0.001,7.7839946,43977.37062146891,40897.8,0.0408978,4.0868507,23089.551977401123,19990.343,0.019990343,0.5,1.0,20.0,10 V,2.0,True,1
37.2170,0.17700000000000007,0.001,7.7839946,43977.37062146891,40886.8,0.0408868,4.0868507,23089.551977401123,19990.287,0.019990287,0.5,1.0,20.0,10 V,2.0,True,1
37.2339,0.17700000000000007,0.001,7.7839946,43977.37062146891,40886.8,0.0408868,4.0868507,23089.551977401123,19986.355000000003,0.019986355,0.5,1.0,20.0,10 V,2.0,True,1
37.2506,0.17700000000000007,0.001,7.7839946,43977.37062146891,40892.3,0.0408923,4.0868507,23089.551977401123,19984.195,0.019984195,0.5,1.0,20.0,10 V,2.0,True,1
37.2674,0.17700000000000007,0.001,7.7839946,43977.37062146891,40897.8,0.0408978,4.0868507,23089.551977401123,19996.213,0.019996213,0.5,1.0,20.0,10 V,2.0,True,1
37.2841,0.17700000000000007,0.001,7.7839946,43977.37062146891,40886.8,0.0408868,4.0868507,23089.551977401123,19989.955,0.019989955,0.5,1.0,20.0,10 V,2.0,True,1
37.3006,0.17700000000000007,0.001,7.7839946,43977.37062146891,40897.8,0.0408978,4.0868507,23089.551977401123,19989.678,0.019989678,0.5,1.0,20.0,10 V,2.0,True,1
37.3175,0.17700000000000007,0.001,7.7839946,43977.37062146891,40881.3,0.0408813,4.0868507,23089.551977401123,19975.832,0.019975832,0.5,1.0,20.0,10 V,2.0,True,1
37.3343,0.17700000000000007,0.001,7.7839946,43977.37062146891,40881.3,0.0408813,4.0868507,23089.551977401123,19981.149,0.019981149,0.5,1.0,20.0,10 V,2.0,True,1
37.3510,0.17700000000000007,0.001,7.7839946,43977.37062146891,40881.3,0.0408813,4.0868507,23089.551977401123,19979.653000000002,0.019979653,0.5,1.0,20.0,10 V,2.0,True,1
37.3679,0.17700000000000007,0.001,7.7839946,43977.37062146891,40886.8,0.0408868,4.0868507,23089.551977401123,19987.241,0.019987241,0.5,1.0,20.0,10 V,2.0,True,1
37.3844,0.17700000000000007,0.001,7.7839946,43977.37062146891,40897.8,0.0408978,4.0868507,23089.551977401123,19997.321,0.019997321,0.5,1.0,20.0,10 V,2.0,True,1
37.4014,0.17700000000000007,0.001,7.7839946,43977.37062146891,40892.3,0.0408923,4.0868507,23089.551977401123,19984.195,0.019984195,0.5,1.0,20.0,10 V,2.0,True,1
37.4181,0.17700000000000007,0.001,7.7839946,43977.37062146891,40897.8,0.0408978,4.0868507,23089.551977401123,19984.084,0.019984084,0.5,1.0,20.0,10 V,2.0,True,1
37.4348,0.17700000000000007,0.001,7.7839946,43977.37062146891,40892.3,0.0408923,4.0868507,23089.551977401123,19988.570000000003,0.01998857,0.5,1.0,20.0,10 V,2.0,True,1
37.4515,0.17700000000000007,0.001,7.7839946,43977.37062146891,40875.799999999996,0.0408758,4.0868507,23089.551977401123,19995.604,0.019995604,0.5,1.0,20.0,10 V,2.0,True,1
37.4682,0.17700000000000007,0.001,7.7839946,43977.37062146891,40881.3,0.0408813,4.0868507,23089.551977401123,19997.432,0.019997432,0.5,1.0,20.0,10 V,2.0,True,1
37.4851,0.17700000000000007,0.001,7.7839946,43977.37062146891,40875.799999999996,0.0408758,4.0868507,23089.551977401123,19991.506,0.019991506,0.5,1.0,20.0,10 V,2.0,True,1
37.5017,0.17700000000000007,0.001,7.7839946,43977.37062146891,40886.8,0.0408868,4.0868507,23089.551977401123,19997.875,0.019997875,0.5,1.0,20.0,10 V,2.0,True,1
37.5185,0.17700000000000007,0.001,7.7839946,43977.37062146891,40881.3,0.0408813,4.0868507,23089.551977401123,19990.066000000003,0.019990066,0.5,1.0,20.0,10 V,2.0,True,1
37.5354,0.17700000000000007,0.001,7.7839946,43977.37062146891,40875.799999999996,0.0408758,4.0868507,23089.551977401123,19987.573000000004,0.019987573,0.5,1.0,20.0,10 V,2.0,True,1
37.5520,0.17700000000000007,0.001,7.7839946,43977.37062146891,40875.799999999996,0.0408758,4.0868507,23089.551977401123,19980.872,0.019980872,0.5,1.0,20.0,10 V,2.0,True,1
37.5689,0.17700000000000007,0.001,7.7839946,43977.37062146891,40875.799999999996,0.0408758,4.0868507,23089.551977401123,19986.687,0.019986687,0.5,1.0,20.0,10 V,2.0,True,1
37.5857,0.17700000000000007,0.001,7.7839946,43977.37062146891,40875.799999999996,0.0408758,4.0868507,23089.551977401123,19986.078,0.019986078,0.5,1.0,20.0,10 V,2.0,True,1
37.6023,0.17700000000000007,0.001,7.7839946,43977.37062146891,40875.799999999996,0.0408758,4.0868507,23089.551977401123,19981.204,0.019981204,0.5,1.0,20.0,10 V,2.0,True,1
37.6191,0.17700000000000007,0.001,7.7839946,43977.37062146891,40875.799999999996,0.0408758,4.0868507,23089.551977401123,19972.896,0.019972896,0.5,1.0,20.0,10 V,2.0,True,1
37.6359,0.17700000000000007,0.001,7.7839946,43977.37062146891,40864.8,0.0408648,4.0868507,23089.551977401123,19973.727000000003,0.019973727,0.5,1.0,20.0,10 V,2.0,True,1
37.6528,0.17700000000000007,0.001,7.7839946,43977.37062146891,40870.3,0.0408703,4.0868507,23089.551977401123,19978.435,0.019978435,0.5,1.0,20.0,10 V,2.0,True,1
37.6695,0.17700000000000007,0.001,7.7839946,43977.37062146891,40875.799999999996,0.0408758,4.0868507,23089.551977401123,19980.262,0.019980262,0.5,1.0,20.0,10 V,2.0,True,1
37.6862,0.17700000000000007,0.001,7.7839946,43977.37062146891,40881.3,0.0408813,4.0868507,23089.551977401123,19973.672000000002,0.019973672,0.5,1.0,20.0,10 V,2.0,True,1
37.7029,0.17700000000000007,0.001,7.7839946,43977.37062146891,40848.299999999996,0.0408483,4.0868507,23089.551977401123,19968.964,0.019968964,0.5,1.0,20.0,10 V,2.0,True,1
37.7197,0.17700000000000007,0.001,7.7839946,43977.37062146891,40870.3,0.0408703,4.0868507,23089.551977401123,19974.502000000004,0.019974502,0.5,1.0,20.0,10 V,2.0,True,1
37.7365,0.17700000000000007,0.001,7.7839946,43977.37062146891,40864.8,0.0408648,4.0868507,23089.551977401123,19967.690000000002,0.01996769,0.5,1.0,20.0,10 V,2.0,True,1
37.7532,0.17700000000000007,0.001,7.7839946,43977.37062146891,40870.3,0.0408703,4.0868507,23089.551977401123,19968.798,0.019968798,0.5,1.0,20.0,10 V,2.0,True,1
37.7699,0.17700000000000007,0.001,7.7839946,43977.37062146891,40859.3,0.0408593,4.0868507,23089.551977401123,19967.302,0.019967302,0.5,1.0,20.0,10 V,2.0,True,1
37.7866,0.17700000000000007,0.001,7.7839946,43977.37062146891,40848.299999999996,0.0408483,4.0868507,23089.551977401123,19966.250000000004,0.01996625,0.5,1.0,20.0,10 V,2.0,True,1
37.8033,0.17700000000000007,0.001,7.7839946,43977.37062146891,40853.8,0.0408538,4.0868507,23089.551977401123,19966.97,0.01996697,0.5,1.0,20.0,10 V,2.0,True,1
37.8202,0.17700000000000007,0.001,7.7839946,43977.37062146891,40864.8,0.0408648,4.0868507,23089.551977401123,19971.235,0.019971235,0.5,1.0,20.0,10 V,2.0,True,1
37.8371,0.17700000000000007,0.001,7.7839946,43977.37062146891,40848.299999999996,0.0408483,4.0868507,23089.551977401123,19972.398,0.019972398,0.5,1.0,20.0,10 V,2.0,True,1
37.8537,0.17700000000000007,0.001,7.7839946,43977.37062146891,40859.3,0.0408593,4.0868507,23089.551977401123,19966.195,0.019966195,0.5,1.0,20.0,10 V,2.0,True,1
37.8705,0.17700000000000007,0.001,7.7839946,43977.37062146891,40848.299999999996,0.0408483,4.0868507,23089.551977401123,19967.192000000003,0.019967192,0.5,1.0,20.0,10 V,2.0,True,1
37.8874,0.17700000000000007,0.001,7.7839946,43977.37062146891,40859.3,0.0408593,4.0868507,23089.551977401123,19964.81,0.01996481,0.5,1.0,20.0,10 V,2.0,True,1
37.9039,0.17700000000000007,0.001,7.7839946,43977.37062146891,40842.8,0.0408428,4.0868507,23089.551977401123,19954.675000000003,0.019954675,0.5,1.0,20.0,10 V,2.0,True,1
37.9208,0.17700000000000007,0.001,7.7839946,43977.37062146891,40842.8,0.0408428,4.0868507,23089.551977401123,19963.647,0.019963647,0.5,1.0,20.0,10 V,2.0,True,1
37.9375,0.17700000000000007,0.001,7.7839946,43977.37062146891,40848.299999999996,0.0408483,4.0868507,23089.551977401123,19965.309,0.019965309,0.5,1.0,20.0,10 V,2.0,True,1
37.9543,0.17700000000000007,0.001,7.7839946,43977.37062146891,40864.8,0.0408648,4.0868507,23089.551977401123,19967.635000000002,0.019967635,0.5,1.0,20.0,10 V,2.0,True,1
37.9709,0.17700000000000007,0.001,7.7839946,43977.37062146891,40853.8,0.0408538,4.0868507,23089.551977401123,19958.219,0.019958219,0.5,1.0,20.0,10 V,2.0,True,1
37.9878,0.17700000000000007,0.001,7.7839946,43977.37062146891,40837.3,0.0408373,4.0868507,23089.551977401123,19958.829,0.019958829,0.5,1.0,20.0,10 V,2.0,True,1
38.0046,0.17700000000000007,0.001,7.7839946,43977.37062146891,40837.3,0.0408373,4.0868507,23089.551977401123,19954.342,0.019954342,0.5,1.0,20.0,10 V,2.0,True,1
38.0213,0.17700000000000007,0.001,7.7839946,43977.37062146891,40842.8,0.0408428,4.0868507,23089.551977401123,19953.512,0.019953512,0.5,1.0,20.0,10 V,2.0,True,1
38.0379,0.17700000000000007,0.001,7.7839946,43977.37062146891,40831.8,0.0408318,4.0868507,23089.551977401123,19942.601000000002,0.019942601,0.5,1.0,20.0,10 V,2.0,True,1
38.0547,0.17700000000000007,0.001,7.7839946,43977.37062146891,40837.3,0.0408373,4.0868507,23089.551977401123,19941.825,0.019941825,0.5,1.0,20.0,10 V,2.0,True,1
38.0716,0.17700000000000007,0.001,7.7839946,43977.37062146891,40831.8,0.0408318,4.0868507,23089.551977401123,19941.991,0.019941991,0.5,1.0,20.0,10 V,2.0,True,1
38.0882,0.17700000000000007,0.001,7.7839946,43977.37062146891,40826.3,0.0408263,4.0868507,23089.551977401123,19950.188000000002,0.019950188,0.5,1.0,20.0,10 V,2.0,True,1
38.1050,0.17700000000000007,0.001,7.7839946,43977.37062146891,40826.3,0.0408263,4.0868507,23089.551977401123,19949.967,0.019949967,0.5,1.0,20.0,10 V,2.0,True,1
38.1218,0.17700000000000007,0.001,7.7839946,43977.37062146891,40820.799999999996,0.0408208,4.0868507,23089.551977401123,19942.49,0.01994249,0.5,1.0,20.0,10 V,2.0,True,1
38.1385,0.17700000000000007,0.001,7.7839946,43977.37062146891,40820.799999999996,0.0408208,4.0868507,23089.551977401123,19936.176,0.019936176,0.5,1.0,20.0,10 V,2.0,True,1
38.1551,0.17700000000000007,0.001,7.7839946,43977.37062146891,40815.3,0.0408153,4.0868507,23089.551977401123,19936.176,0.019936176,0.5,1.0,20.0,10 V,2.0,True,1
38.1719,0.17700000000000007,0.001,7.7839946,43977.37062146891,40820.799999999996,0.0408208,4.0868507,23089.551977401123,19927.536,0.019927536,0.5,1.0,20.0,10 V,2.0,True,1
38.1885,0.17700000000000007,0.001,7.7839946,43977.37062146891,40815.3,0.0408153,4.0868507,23089.551977401123,19924.767,0.019924767,0.5,1.0,20.0,10 V,2.0,True,1
38.2054,0.17700000000000007,0.001,7.7839946,43977.37062146891,40815.3,0.0408153,4.0868507,23089.551977401123,19929.308,0.019929308,0.5,1.0,20.0,10 V,2.0,True,1
38.2221,0.17700000000000007,0.001,7.7839946,43977.37062146891,40809.8,0.0408098,4.0868507,23089.551977401123,19942.822,0.019942822,0.5,1.0,20.0,10 V,2.0,True,1
38.2389,0.17700000000000007,0.001,7.7839946,43977.37062146891,40804.3,0.0408043,4.0868507,23089.551977401123,19923.77,0.01992377,0.5,1.0,20.0,10 V,2.0,True,1
38.2556,0.17700000000000007,0.001,7.7839946,43977.37062146891,40793.3,0.0407933,4.0868507,23089.551977401123,19933.518,0.019933518,0.5,1.0,20.0,10 V,2.0,True,1
38.2724,0.17700000000000007,0.001,7.7839946,43977.37062146891,40815.3,0.0408153,4.0868507,23089.551977401123,19930.748000000003,0.019930748,0.5,1.0,20.0,10 V,2.0,True,1
38.2891,0.17700000000000007,0.001,7.7839946,43977.37062146891,40804.3,0.0408043,4.0868507,23089.551977401123,19931.801,0.019931801,0.5,1.0,20.0,10 V,2.0,True,1
38.3058,0.17700000000000007,0.001,7.7839946,43977.37062146891,40815.3,0.0408153,4.0868507,23089.551977401123,19939.942,0.019939942,0.5,1.0,20.0,10 V,2.0,True,1
38.3224,0.17700000000000007,0.001,7.7839946,43977.37062146891,40820.799999999996,0.0408208,4.0868507,23089.551977401123,19939.998,0.019939998,0.5,1.0,20.0,10 V,2.0,True,1
38.3394,0.17700000000000007,0.001,7.7839946,43977.37062146891,40809.8,0.0408098,4.0868507,23089.551977401123,19938.724000000002,0.019938724,0.5,1.0,20.0,10 V,2.0,True,1
38.3559,0.17700000000000007,0.001,7.7839946,43977.37062146891,40820.799999999996,0.0408208,4.0868507,23089.551977401123,19930.914,0.019930914,0.5,1.0,20.0,10 V,2.0,True,1
38.3728,0.17700000000000007,0.001,7.7839946,43977.37062146891,40815.3,0.0408153,4.0868507,23089.551977401123,19926.871,0.019926871,0.5,1.0,20.0,10 V,2.0,True,1
38.3896,0.17700000000000007,0.001,7.7839946,43977.37062146891,40793.3,0.0407933,4.0868507,23089.551977401123,19930.638000000003,0.019930638,0.5,1.0,20.0,10 V,2.0,True,1
38.4063,0.17700000000000007,0.001,7.7839946,43977.37062146891,40809.8,0.0408098,4.0868507,23089.551977401123,19929.862,0.019929862,0.5,1.0,20.0,10 V,2.0,True,1
38.4231,0.17700000000000007,0.001,7.7839946,43977.37062146891,40804.3,0.0408043,4.0868507,23089.551977401123,19932.798000000003,0.019932798,0.5,1.0,20.0,10 V,2.0,True,1
38.4399,0.17700000000000007,0.001,7.7839946,43977.37062146891,40809.8,0.0408098,4.0868507,23089.551977401123,19924.545,0.019924545,0.5,1.0,20.0,10 V,2.0,True,1
38.4566,0.17700000000000007,0.001,7.7839946,43977.37062146891,40793.3,0.0407933,4.0868507,23089.551977401123,19912.247000000003,0.019912247,0.5,1.0,20.0,10 V,2.0,True,1
38.4735,0.17700000000000007,0.001,7.7839946,43977.37062146891,40804.3,0.0408043,4.0868507,23089.551977401123,19918.893,0.019918893,0.5,1.0,20.0,10 V,2.0,True,1
38.4900,0.17700000000000007,0.001,7.7839946,43977.37062146891,40793.3,0.0407933,4.0868507,23089.551977401123,19919.668,0.019919668,0.5,1.0,20.0,10 V,2.0,True,1
38.5068,0.17700000000000007,0.001,7.7839946,43977.37062146891,40793.3,0.0407933,4.0868507,23089.551977401123,19915.57,0.01991557,0.5,1.0,20.0,10 V,2.0,True,1
38.5237,0.17700000000000007,0.001,7.7839946,43977.37062146891,40787.8,0.0407878,4.0868507,23089.551977401123,19906.431,0.019906431,0.5,1.0,20.0,10 V,2.0,True,1
38.5404,0.17700000000000007,0.001,7.7839946,43977.37062146891,40776.8,0.0407768,4.0868507,23089.551977401123,19902.665,0.019902665,0.5,1.0,20.0,10 V,2.0,True,1
38.5571,0.17700000000000007,0.001,7.7839946,43977.37062146891,40793.3,0.0407933,4.0868507,23089.551977401123,19907.151,0.019907151,0.5,1.0,20.0,10 V,2.0,True,1
38.5739,0.17700000000000007,0.001,7.7839946,43977.37062146891,40804.3,0.0408043,4.0868507,23089.551977401123,19918.893,0.019918893,0.5,1.0,20.0,10 V,2.0,True,1
38.5905,0.17700000000000007,0.001,7.7839946,43977.37062146891,40798.8,0.0407988,4.0868507,23089.551977401123,19916.29,0.01991629,0.5,1.0,20.0,10 V,2.0,True,1
38.6073,0.17700000000000007,0.001,7.7839946,43977.37062146891,40787.8,0.0407878,4.0868507,23089.551977401123,19920.278000000002,0.019920278,0.5,1.0,20.0,10 V,2.0,True,1
38.6240,0.17700000000000007,0.001,7.7839946,43977.37062146891,40771.3,0.0407713,4.0868507,23089.551977401123,19917.398,0.019917398,0.5,1.0,20.0,10 V,2.0,True,1
38.6407,0.17700000000000007,0.001,7.7839946,43977.37062146891,40798.8,0.0407988,4.0868507,23089.551977401123,19912.856,0.019912856,0.5,1.0,20.0,10 V,2.0,True,1
38.6575,0.17700000000000007,0.001,7.7839946,43977.37062146891,40782.3,0.0407823,4.0868507,23089.551977401123,19906.653000000002,0.019906653,0.5,1.0,20.0,10 V,2.0,True,1
38.6742,0.17700000000000007,0.001,7.7839946,43977.37062146891,40771.3,0.0407713,4.0868507,23089.551977401123,19900.173000000003,0.019900173,0.5,1.0,20.0,10 V,2.0,True,1
38.6910,0.17700000000000007,0.001,7.7839946,43977.37062146891,40771.3,0.0407713,4.0868507,23089.551977401123,19900.228,0.019900228,0.5,1.0,20.0,10 V,2.0,True,1
38.7078,0.17700000000000007,0.001,7.7839946,43977.37062146891,40782.3,0.0407823,4.0868507,23089.551977401123,19901.281,0.019901281,0.5,1.0,20.0,10 V,2.0,True,1
38.7246,0.17700000000000007,0.001,7.7839946,43977.37062146891,40765.8,0.0407658,4.0868507,23089.551977401123,19887.213000000003,0.019887213,0.5,1.0,20.0,10 V,2.0,True,1
38.7411,0.17700000000000007,0.001,7.7839946,43977.37062146891,40776.8,0.0407768,4.0868507,23089.551977401123,19897.237,0.019897237,0.5,1.0,20.0,10 V,2.0,True,1
38.7579,0.17700000000000007,0.001,7.7839946,43977.37062146891,40782.3,0.0407823,4.0868507,23089.551977401123,19895.52,0.01989552,0.5,1.0,20.0,10 V,2.0,True,1
38.7746,0.17700000000000007,0.001,7.7839946,43977.37062146891,40771.3,0.0407713,4.0868507,23089.551977401123,19887.988,0.019887988,0.5,1.0,20.0,10 V,2.0,True,1
38.7915,0.17700000000000007,0.001,7.7839946,43977.37062146891,40771.3,0.0407713,4.0868507,23089.551977401123,19881.896,0.019881896,0.5,1.0,20.0,10 V,2.0,True,1
38.8083,0.17700000000000007,0.001,7.7839946,43977.37062146891,40776.8,0.0407768,4.0868507,23089.551977401123,19887.988,0.019887988,0.5,1.0,20.0,10 V,2.0,True,1
38.8250,0.17700000000000007,0.001,7.7839946,43977.37062146891,40765.8,0.0407658,4.0868507,23089.551977401123,19887.711,0.019887711,0.5,1.0,20.0,10 V,2.0,True,1
38.8416,0.17700000000000007,0.001,7.7839946,43977.37062146891,40782.3,0.0407823,4.0868507,23089.551977401123,19893.36,0.01989336,0.5,1.0,20.0,10 V,2.0,True,1
38.8584,0.17700000000000007,0.001,7.7839946,43977.37062146891,40776.8,0.0407768,4.0868507,23089.551977401123,19895.964,0.019895964,0.5,1.0,20.0,10 V,2.0,True,1
38.8753,0.17700000000000007,0.001,7.7839946,43977.37062146891,40771.3,0.0407713,4.0868507,23089.551977401123,19884.111,0.019884111,0.5,1.0,20.0,10 V,2.0,True,1
38.8920,0.17700000000000007,0.001,7.7839946,43977.37062146891,40776.8,0.0407768,4.0868507,23089.551977401123,19888.099000000002,0.019888099,0.5,1.0,20.0,10 V,2.0,True,1
38.9089,0.17700000000000007,0.001,7.7839946,43977.37062146891,40765.8,0.0407658,4.0868507,23089.551977401123,19888.819,0.019888819,0.5,1.0,20.0,10 V,2.0,True,1
38.9255,0.17700000000000007,0.001,7.7839946,43977.37062146891,40765.8,0.0407658,4.0868507,23089.551977401123,19885.274,0.019885274,0.5,1.0,20.0,10 V,2.0,True,1
38.9423,0.17700000000000007,0.001,7.7839946,43977.37062146891,40765.8,0.0407658,4.0868507,23089.551977401123,19880.899,0.019880899,0.5,1.0,20.0,10 V,2.0,True,1
38.9591,0.17700000000000007,0.001,7.7839946,43977.37062146891,40771.3,0.0407713,4.0868507,23089.551977401123,19880.456000000002,0.019880456,0.5,1.0,20.0,10 V,2.0,True,1
38.9760,0.17700000000000007,0.001,7.7839946,43977.37062146891,40771.3,0.0407713,4.0868507,23089.551977401123,19885.884000000002,0.019885884,0.5,1.0,20.0,10 V,2.0,True,1
38.9927,0.17700000000000007,0.001,7.7839946,43977.37062146891,40771.3,0.0407713,4.0868507,23089.551977401123,19882.837,0.019882837,0.5,1.0,20.0,10 V,2.0,True,1
39.0095,0.17700000000000007,0.001,7.7839946,43977.37062146891,40760.3,0.0407603,4.0868507,23089.551977401123,19894.413,0.019894413,0.5,1.0,20.0,10 V,2.0,True,1
39.0261,0.17700000000000007,0.001,7.7839946,43977.37062146891,40754.8,0.0407548,4.0868507,23089.551977401123,19883.502,0.019883502,0.5,1.0,20.0,10 V,2.0,True,1
39.0430,0.17700000000000007,0.001,7.7839946,43977.37062146891,40765.8,0.0407658,4.0868507,23089.551977401123,19877.465,0.019877465,0.5,1.0,20.0,10 V,2.0,True,1
39.0599,0.17700000000000007,0.001,7.7839946,43977.37062146891,40754.8,0.0407548,4.0868507,23089.551977401123,19887.268,0.019887268,0.5,1.0,20.0,10 V,2.0,True,1
39.0765,0.17700000000000007,0.001,7.7839946,43977.37062146891,40760.3,0.0407603,4.0868507,23089.551977401123,19880.567,0.019880567,0.5,1.0,20.0,10 V,2.0,True,1
39.0931,0.17700000000000007,0.001,7.7839946,43977.37062146891,40760.3,0.0407603,4.0868507,23089.551977401123,19881.508,0.019881508,0.5,1.0,20.0,10 V,2.0,True,1
39.1100,0.17700000000000007,0.001,7.7839946,43977.37062146891,40760.3,0.0407603,4.0868507,23089.551977401123,19888.874000000003,0.019888874,0.5,1.0,20.0,10 V,2.0,True,1
39.1266,0.17700000000000007,0.001,7.7839946,43977.37062146891,40754.8,0.0407548,4.0868507,23089.551977401123,19883.17,0.01988317,0.5,1.0,20.0,10 V,2.0,True,1
39.1434,0.17700000000000007,0.001,7.7839946,43977.37062146891,40749.3,0.0407493,4.0868507,23089.551977401123,19875.360000000004,0.01987536,0.5,1.0,20.0,10 V,2.0,True,1
39.1601,0.17700000000000007,0.001,7.7839946,43977.37062146891,40754.8,0.0407548,4.0868507,23089.551977401123,19876.191000000003,0.019876191,0.5,1.0,20.0,10 V,2.0,True,1
39.1770,0.17700000000000007,0.001,7.7839946,43977.37062146891,40749.3,0.0407493,4.0868507,23089.551977401123,19880.068000000003,0.019880068,0.5,1.0,20.0,10 V,2.0,True,1
39.1936,0.17700000000000007,0.001,7.7839946,43977.37062146891,40749.3,0.0407493,4.0868507,23089.551977401123,19878.739,0.019878739,0.5,1.0,20.0,10 V,2.0,True,1
39.2104,0.17700000000000007,0.001,7.7839946,43977.37062146891,40760.3,0.0407603,4.0868507,23089.551977401123,19874.862,0.019874862,0.5,1.0,20.0,10 V,2.0,True,1
39.2270,0.17700000000000007,0.001,7.7839946,43977.37062146891,40749.3,0.0407493,4.0868507,23089.551977401123,19891.034,0.019891034,0.5,1.0,20.0,10 V,2.0,True,1
39.2438,0.17700000000000007,0.001,7.7839946,43977.37062146891,40760.3,0.0407603,4.0868507,23089.551977401123,19877.797,0.019877797,0.5,1.0,20.0,10 V,2.0,True,1
39.2606,0.17700000000000007,0.001,7.7839946,43977.37062146891,40743.799999999996,0.0407438,4.0868507,23089.551977401123,19874.363,0.019874363,0.5,1.0,20.0,10 V,2.0,True,1
39.2774,0.17700000000000007,0.001,7.7839946,43977.37062146891,40749.3,0.0407493,4.0868507,23089.551977401123,19876.136,0.019876136,0.5,1.0,20.0,10 V,2.0,True,1
39.2941,0.17700000000000007,0.001,7.7839946,43977.37062146891,40754.8,0.0407548,4.0868507,23089.551977401123,19867.108000000004,0.019867108,0.5,1.0,20.0,10 V,2.0,True,1
39.3110,0.17700000000000007,0.001,7.7839946,43977.37062146891,40738.3,0.0407383,4.0868507,23089.551977401123,19878.905,0.019878905,0.5,1.0,20.0,10 V,2.0,True,1
39.3277,0.17700000000000007,0.001,7.7839946,43977.37062146891,40754.8,0.0407548,4.0868507,23089.551977401123,19869.600000000002,0.0198696,0.5,1.0,20.0,10 V,2.0,True,1
39.3445,0.17700000000000007,0.001,7.7839946,43977.37062146891,40754.8,0.0407548,4.0868507,23089.551977401123,19864.671000000002,0.019864671,0.5,1.0,20.0,10 V,2.0,True,1
39.3614,0.17700000000000007,0.001,7.7839946,43977.37062146891,40765.8,0.0407658,4.0868507,23089.551977401123,19884.665,0.019884665,0.5,1.0,20.0,10 V,2.0,True,1
39.3781,0.17700000000000007,0.001,7.7839946,43977.37062146891,40754.8,0.0407548,4.0868507,23089.551977401123,19872.037,0.019872037,0.5,1.0,20.0,10 V,2.0,True,1
39.3948,0.17700000000000007,0.001,7.7839946,43977.37062146891,40749.3,0.0407493,4.0868507,23089.551977401123,19880.622000000003,0.019880622,0.5,1.0,20.0,10 V,2.0,True,1
39.4116,0.17700000000000007,0.001,7.7839946,43977.37062146891,40760.3,0.0407603,4.0868507,23089.551977401123,19866.942,0.019866942,0.5,1.0,20.0,10 V,2.0,True,1
39.4284,0.17700000000000007,0.001,7.7839946,43977.37062146891,40749.3,0.0407493,4.0868507,23089.551977401123,19869.545,0.019869545,0.5,1.0,20.0,10 V,2.0,True,1
39.4451,0.17700000000000007,0.001,7.7839946,43977.37062146891,40760.3,0.0407603,4.0868507,23089.551977401123,19875.083000000002,0.019875083,0.5,1.0,20.0,10 V,2.0,True,1
39.4619,0.17700000000000007,0.001,7.7839946,43977.37062146891,40749.3,0.0407493,4.0868507,23089.551977401123,19870.431,0.019870431,0.5,1.0,20.0,10 V,2.0,True,1
39.4786,0.17700000000000007,0.001,7.7839946,43977.37062146891,40760.3,0.0407603,4.0868507,23089.551977401123,19876.357,0.019876357,0.5,1.0,20.0,10 V,2.0,True,1
39.4954,0.17700000000000007,0.001,7.7839946,43977.37062146891,40754.8,0.0407548,4.0868507,23089.551977401123,19875.803000000004,0.019875803,0.5,1.0,20.0,10 V,2.0,True,1
39.5120,0.17700000000000007,0.001,7.7839946,43977.37062146891,40749.3,0.0407493,4.0868507,23089.551977401123,19879.348,0.019879348,0.5,1.0,20.0,10 V,2.0,True,1
39.5288,0.17700000000000007,0.001,7.7839946,43977.37062146891,40738.3,0.0407383,4.0868507,23089.551977401123,19867.994000000002,0.019867994,0.5,1.0,20.0,10 V,2.0,True,1
39.5456,0.17700000000000007,0.001,7.7839946,43977.37062146891,40749.3,0.0407493,4.0868507,23089.551977401123,19871.539,0.019871539,0.5,1.0,20.0,10 V,2.0,True,1
39.5623,0.17700000000000007,0.001,7.7839946,43977.37062146891,40738.3,0.0407383,4.0868507,23089.551977401123,19873.976000000002,0.019873976,0.5,1.0,20.0,10 V,2.0,True,1
39.5790,0.17700000000000007,0.001,7.7839946,43977.37062146891,40749.3,0.0407493,4.0868507,23089.551977401123,19875.582,0.019875582,0.5,1.0,20.0,10 V,2.0,True,1
39.5958,0.17700000000000007,0.001,7.7839946,43977.37062146891,40749.3,0.0407493,4.0868507,23089.551977401123,19876.8,0.0198768,0.5,1.0,20.0,10 V,2.0,True,1
39.6126,0.17700000000000007,0.001,7.7839946,43977.37062146891,40738.3,0.0407383,4.0868507,23089.551977401123,19863.951,0.019863951,0.5,1.0,20.0,10 V,2.0,True,1
39.6293,0.17700000000000007,0.001,7.7839946,43977.37062146891,40727.3,0.0407273,4.0868507,23089.551977401123,19862.953999999998,0.019862954,0.5,1.0,20.0,10 V,2.0,True,1
39.6460,0.17700000000000007,0.001,7.7839946,43977.37062146891,40732.8,0.0407328,4.0868507,23089.551977401123,19871.705,0.019871705,0.5,1.0,20.0,10 V,2.0,True,1
39.6626,0.17700000000000007,0.001,7.7839946,43977.37062146891,40721.8,0.0407218,4.0868507,23089.551977401123,19865.945,0.019865945,0.5,1.0,20.0,10 V,2.0,True,1
39.6793,0.17700000000000007,0.001,7.7839946,43977.37062146891,40732.8,0.0407328,4.0868507,23089.551977401123,19859.853000000003,0.019859853,0.5,1.0,20.0,10 V,2.0,True,1
39.6962,0.17700000000000007,0.001,7.7839946,43977.37062146891,40721.8,0.0407218,4.0868507,23089.551977401123,19860.019,0.019860019,0.5,1.0,20.0,10 V,2.0,True,1
39.7130,0.17700000000000007,0.001,7.7839946,43977.37062146891,40727.3,0.0407273,4.0868507,23089.551977401123,19869.046000000002,0.019869046,0.5,1.0,20.0,10 V,2.0,True,1
39.7298,0.17700000000000007,0.001,7.7839946,43977.37062146891,40732.8,0.0407328,4.0868507,23089.551977401123,19874.807,0.019874807,0.5,1.0,20.0,10 V,2.0,True,1
39.7463,0.17700000000000007,0.001,7.7839946,43977.37062146891,40727.3,0.0407273,4.0868507,23089.551977401123,19861.902000000002,0.019861902,0.5,1.0,20.0,10 V,2.0,True,1
39.7631,0.17700000000000007,0.001,7.7839946,43977.37062146891,40727.3,0.0407273,4.0868507,23089.551977401123,19870.653,0.019870653,0.5,1.0,20.0,10 V,2.0,True,1
39.7799,0.17700000000000007,0.001,7.7839946,43977.37062146891,40721.8,0.0407218,4.0868507,23089.551977401123,19862.179,0.019862179,0.5,1.0,20.0,10 V,2.0,True,1
39.7966,0.17700000000000007,0.001,7.7839946,43977.37062146891,40727.3,0.0407273,4.0868507,23089.551977401123,19864.061999999998,0.019864062,0.5,1.0,20.0,10 V,2.0,True,1
39.8133,0.17700000000000007,0.001,7.7839946,43977.37062146891,40732.8,0.0407328,4.0868507,23089.551977401123,19880.954,0.019880954,0.5,1.0,20.0,10 V,2.0,True,1
39.8300,0.17700000000000007,0.001,7.7839946,43977.37062146891,40738.3,0.0407383,4.0868507,23089.551977401123,19869.379,0.019869379,0.5,1.0,20.0,10 V,2.0,True,1
39.8469,0.17700000000000007,0.001,7.7839946,43977.37062146891,40738.3,0.0407383,4.0868507,23089.551977401123,19879.293,0.019879293,0.5,1.0,20.0,10 V,2.0,True,1
39.8637,0.17700000000000007,0.001,7.7839946,43977.37062146891,40721.8,0.0407218,4.0868507,23089.551977401123,19864.948,0.019864948,0.5,1.0,20.0,10 V,2.0,True,1
39.8803,0.17700000000000007,0.001,7.7839946,43977.37062146891,40716.299999999996,0.0407163,4.0868507,23089.551977401123,19860.517000000003,0.019860517,0.5,1.0,20.0,10 V,2.0,True,1
39.8970,0.17700000000000007,0.001,7.7839946,43977.37062146891,40710.8,0.0407108,4.0868507,23089.551977401123,19860.406000000003,0.019860406,0.5,1.0,20.0,10 V,2.0,True,1
39.9138,0.17700000000000007,0.001,7.7839946,43977.37062146891,40727.3,0.0407273,4.0868507,23089.551977401123,19864.837,0.019864837,0.5,1.0,20.0,10 V,2.0,True,1
39.9307,0.17700000000000007,0.001,7.7839946,43977.37062146891,40721.8,0.0407218,4.0868507,23089.551977401123,19855.865,0.019855865,0.5,1.0,20.0,10 V,2.0,True,1
39.9475,0.17700000000000007,0.001,7.7839946,43977.37062146891,40721.8,0.0407218,4.0868507,23089.551977401123,19861.126,0.019861126,0.5,1.0,20.0,10 V,2.0,True,1
39.9642,0.17700000000000007,0.001,7.7839946,43977.37062146891,40727.3,0.0407273,4.0868507,23089.551977401123,19866.277000000002,0.019866277,0.5,1.0,20.0,10 V,2.0,True,1
39.9809,0.17700000000000007,0.001,7.7839946,43977.37062146891,40727.3,0.0407273,4.0868507,23089.551977401123,19850.88,0.01985088,0.5,1.0,20.0,10 V,2.0,True,1
39.9978,0.17700000000000007,0.001,7.7839946,43977.37062146891,40732.8,0.0407328,4.0868507,23089.551977401123,19859.409000000003,0.019859409,0.5,1.0,20.0,10 V,2.0,True,1
40.0144,0.17700000000000007,0.001,7.7839946,43977.37062146891,40721.8,0.0407218,4.0868507,23089.551977401123,19859.742000000002,0.019859742,0.5,1.0,20.0,10 V,2.0,True,1
40.0313,0.17700000000000007,0.001,7.7839946,43977.37062146891,40727.3,0.0407273,4.0868507,23089.551977401123,19854.701999999997,0.019854702,0.5,1.0,20.0,10 V,2.0,True,1
40.0478,0.17700000000000007,0.001,7.7839946,43977.37062146891,40738.3,0.0407383,4.0868507,23089.551977401123,19866.942,0.019866942,0.5,1.0,20.0,10 V,2.0,True,1
40.0648,0.17700000000000007,0.001,7.7839946,43977.37062146891,40721.8,0.0407218,4.0868507,23089.551977401123,19870.653,0.019870653,0.5,1.0,20.0,10 V,2.0,True,1
40.0814,0.17700000000000007,0.001,7.7839946,43977.37062146891,40710.8,0.0407108,4.0868507,23089.551977401123,19859.133,0.019859133,0.5,1.0,20.0,10 V,2.0,True,1
40.0984,0.17700000000000007,0.001,7.7839946,43977.37062146891,40721.8,0.0407218,4.0868507,23089.551977401123,19867.551000000003,0.019867551,0.5,1.0,20.0,10 V,2.0,True,1
40.1150,0.17700000000000007,0.001,7.7839946,43977.37062146891,40738.3,0.0407383,4.0868507,23089.551977401123,19861.791,0.019861791,0.5,1.0,20.0,10 V,2.0,True,1
40.1317,0.17700000000000007,0.001,7.7839946,43977.37062146891,40710.8,0.0407108,4.0868507,23089.551977401123,19853.483000000004,0.019853483,0.5,1.0,20.0,10 V,2.0,True,1
40.1485,0.17700000000000007,0.001,7.7839946,43977.37062146891,40716.299999999996,0.0407163,4.0868507,23089.551977401123,19858.689,0.019858689,0.5,1.0,20.0,10 V,2.0,True,1
40.1653,0.17700000000000007,0.001,7.7839946,43977.37062146891,40727.3,0.0407273,4.0868507,23089.551977401123,19865.779000000002,0.019865779,0.5,1.0,20.0,10 V,2.0,True,1
40.1820,0.17700000000000007,0.001,7.7839946,43977.37062146891,40727.3,0.0407273,4.0868507,23089.551977401123,19864.228000000003,0.019864228,0.5,1.0,20.0,10 V,2.0,True,1
40.1988,0.17700000000000007,0.001,7.7839946,43977.37062146891,40727.3,0.0407273,4.0868507,23089.551977401123,19858.523,0.019858523,0.5,1.0,20.0,10 V,2.0,True,1
40.2154,0.17700000000000007,0.001,7.7839946,43977.37062146891,40721.8,0.0407218,4.0868507,23089.551977401123,19855.366,0.019855366,0.5,1.0,20.0,10 V,2.0,True,1
40.2323,0.17700000000000007,0.001,7.7839946,43977.37062146891,40727.3,0.0407273,4.0868507,23089.551977401123,19866.61,0.01986661,0.5,1.0,20.0,10 V,2.0,True,1
40.2491,0.17700000000000007,0.001,7.7839946,43977.37062146891,40727.3,0.0407273,4.0868507,23089.551977401123,19863.507999999998,0.019863508,0.5,1.0,20.0,10 V,2.0,True,1
40.2657,0.17700000000000007,0.001,7.7839946,43977.37062146891,40721.8,0.0407218,4.0868507,23089.551977401123,19863.73,0.01986373,0.5,1.0,20.0,10 V,2.0,True,1
40.2826,0.17700000000000007,0.001,7.7839946,43977.37062146891,40743.799999999996,0.0407438,4.0868507,23089.551977401123,19865.613,0.019865613,0.5,1.0,20.0,10 V,2.0,True,1
40.2993,0.17700000000000007,0.001,7.7839946,43977.37062146891,40721.8,0.0407218,4.0868507,23089.551977401123,19858.191000000003,0.019858191,0.5,1.0,20.0,10 V,2.0,True,1
40.3160,0.17700000000000007,0.001,7.7839946,43977.37062146891,40721.8,0.0407218,4.0868507,23089.551977401123,19856.696,0.019856696,0.5,1.0,20.0,10 V,2.0,True,1
40.3330,0.17700000000000007,0.001,7.7839946,43977.37062146891,40716.299999999996,0.0407163,4.0868507,23089.551977401123,19855.533000000003,0.019855533,0.5,1.0,20.0,10 V,2.0,True,1
40.3497,0.17700000000000007,0.001,7.7839946,43977.37062146891,40721.8,0.0407218,4.0868507,23089.551977401123,19865.613,0.019865613,0.5,1.0,20.0,10 V,2.0,True,1
40.3664,0.17700000000000007,0.001,7.7839946,43977.37062146891,40732.8,0.0407328,4.0868507,23089.551977401123,19861.957000000002,0.019861957,0.5,1.0,20.0,10 V,2.0,True,1
40.3830,0.17700000000000007,0.001,7.7839946,43977.37062146891,40721.8,0.0407218,4.0868507,23089.551977401123,19861.625,0.019861625,0.5,1.0,20.0,10 V,2.0,True,1
40.3998,0.17700000000000007,0.001,7.7839946,43977.37062146891,40727.3,0.0407273,4.0868507,23089.551977401123,19858.357,0.019858357,0.5,1.0,20.0,10 V,2.0,True,1
40.4166,0.17700000000000007,0.001,7.7839946,43977.37062146891,40710.8,0.0407108,4.0868507,23089.551977401123,19856.973,0.019856973,0.5,1.0,20.0,10 V,2.0,True,1
40.4335,0.17700000000000007,0.001,7.7839946,43977.37062146891,40721.8,0.0407218,4.0868507,23089.551977401123,19858.523,0.019858523,0.5,1.0,20.0,10 V,2.0,True,1
40.4500,0.17700000000000007,0.001,7.7839946,43977.37062146891,40721.8,0.0407218,4.0868507,23089.551977401123,19860.517000000003,0.019860517,0.5,1.0,20.0,10 V,2.0,True,1
40.4666,0.17700000000000007,0.001,7.7839946,43977.37062146891,40727.3,0.0407273,4.0868507,23089.551977401123,19866.277000000002,0.019866277,0.5,1.0,20.0,10 V,2.0,True,1
40.4835,0.17700000000000007,0.001,7.7839946,43977.37062146891,40721.8,0.0407218,4.0868507,23089.551977401123,19855.256,0.019855256,0.5,1.0,20.0,10 V,2.0,True,1
40.5002,0.17700000000000007,0.001,7.7839946,43977.37062146891,40727.3,0.0407273,4.0868507,23089.551977401123,19859.022,0.019859022,0.5,1.0,20.0,10 V,2.0,True,1
40.5169,0.17700000000000007,0.001,7.7839946,43977.37062146891,40710.8,0.0407108,4.0868507,23089.551977401123,19856.086,0.019856086,0.5,1.0,20.0,10 V,2.0,True,1
40.5337,0.17700000000000007,0.001,7.7839946,43977.37062146891,40710.8,0.0407108,4.0868507,23089.551977401123,19860.85,0.01986085,0.5,1.0,20.0,10 V,2.0,True,1
40.5505,0.17700000000000007,0.001,7.7839946,43977.37062146891,40710.8,0.0407108,4.0868507,23089.551977401123,19850.16,0.01985016,0.5,1.0,20.0,10 V,2.0,True,1
40.5672,0.17700000000000007,0.001,7.7839946,43977.37062146891,40705.3,0.0407053,4.0868507,23089.551977401123,19850.326,0.019850326,0.5,1.0,20.0,10 V,2.0,True,1
40.5838,0.17700000000000007,0.001,7.7839946,43977.37062146891,40710.8,0.0407108,4.0868507,23089.551977401123,19857.028,0.019857028,0.5,1.0,20.0,10 V,2.0,True,1
40.6008,0.17700000000000007,0.001,7.7839946,43977.37062146891,40705.3,0.0407053,4.0868507,23089.551977401123,19858.025,0.019858025,0.5,1.0,20.0,10 V,2.0,True,1
40.6175,0.17700000000000007,0.001,7.7839946,43977.37062146891,40721.8,0.0407218,4.0868507,23089.551977401123,19852.763,0.019852763,0.5,1.0,20.0,10 V,2.0,True,1
40.6344,0.17700000000000007,0.001,7.7839946,43977.37062146891,40716.299999999996,0.0407163,4.0868507,23089.551977401123,19856.585,0.019856585,0.5,1.0,20.0,10 V,2.0,True,1
40.6510,0.17700000000000007,0.001,7.7839946,43977.37062146891,40710.8,0.0407108,4.0868507,23089.551977401123,19858.856000000003,0.019858856,0.5,1.0,20.0,10 V,2.0,True,1
40.6678,0.17700000000000007,0.001,7.7839946,43977.37062146891,40699.8,0.0406998,4.0868507,23089.551977401123,19853.373000000003,0.019853373,0.5,1.0,20.0,10 V,2.0,True,1
40.6843,0.17700000000000007,0.001,7.7839946,43977.37062146891,40721.8,0.0407218,4.0868507,23089.551977401123,19850.990999999998,0.019850991,0.5,1.0,20.0,10 V,2.0,True,1
40.7013,0.17700000000000007,0.001,7.7839946,43977.37062146891,40705.3,0.0407053,4.0868507,23089.551977401123,19855.145,0.019855145,0.5,1.0,20.0,10 V,2.0,True,1
40.7178,0.17700000000000007,0.001,7.7839946,43977.37062146891,40710.8,0.0407108,4.0868507,23089.551977401123,19853.096,0.019853096,0.5,1.0,20.0,10 V,2.0,True,1
40.7346,0.17700000000000007,0.001,7.7839946,43977.37062146891,40705.3,0.0407053,4.0868507,23089.551977401123,19844.012000000002,0.019844012,0.5,1.0,20.0,10 V,2.0,True,1
40.7515,0.17700000000000007,0.001,7.7839946,43977.37062146891,40716.299999999996,0.0407163,4.0868507,23089.551977401123,19846.339000000004,0.019846339,0.5,1.0,20.0,10 V,2.0,True,1
40.7682,0.17700000000000007,0.001,7.7839946,43977.37062146891,40705.3,0.0407053,4.0868507,23089.551977401123,19848.831000000002,0.019848831,0.5,1.0,20.0,10 V,2.0,True,1
40.7849,0.17700000000000007,0.001,7.7839946,43977.37062146891,40699.8,0.0406998,4.0868507,23089.551977401123,19842.96,0.01984296,0.5,1.0,20.0,10 V,2.0,True,1
40.8016,0.17700000000000007,0.001,7.7839946,43977.37062146891,40705.3,0.0407053,4.0868507,23089.551977401123,19852.708000000002,0.019852708,0.5,1.0,20.0,10 V,2.0,True,1
40.8181,0.17700000000000007,0.001,7.7839946,43977.37062146891,40705.3,0.0407053,4.0868507,23089.551977401123,19841.797000000002,0.019841797,0.5,1.0,20.0,10 V,2.0,True,1
40.8349,0.17700000000000007,0.001,7.7839946,43977.37062146891,40710.8,0.0407108,4.0868507,23089.551977401123,19852.486,0.019852486,0.5,1.0,20.0,10 V,2.0,True,1
40.8516,0.17700000000000007,0.001,7.7839946,43977.37062146891,40705.3,0.0407053,4.0868507,23089.551977401123,19845.729,0.019845729,0.5,1.0,20.0,10 V,2.0,True,1
40.8683,0.17700000000000007,0.001,7.7839946,43977.37062146891,40710.8,0.0407108,4.0868507,23089.551977401123,19853.483000000004,0.019853483,0.5,1.0,20.0,10 V,2.0,True,1
40.8850,0.17700000000000007,0.001,7.7839946,43977.37062146891,40705.3,0.0407053,4.0868507,23089.551977401123,19852.763,0.019852763,0.5,1.0,20.0,10 V,2.0,True,1
40.9018,0.17700000000000007,0.001,7.7839946,43977.37062146891,40705.3,0.0407053,4.0868507,23089.551977401123,19845.896,0.019845896,0.5,1.0,20.0,10 V,2.0,True,1
40.9185,0.17700000000000007,0.001,7.7839946,43977.37062146891,40705.3,0.0407053,4.0868507,23089.551977401123,19853.317,0.019853317,0.5,1.0,20.0,10 V,2.0,True,1
40.9356,0.17700000000000007,0.001,7.7839946,43977.37062146891,40710.8,0.0407108,4.0868507,23089.551977401123,19844.289,0.019844289,0.5,1.0,20.0,10 V,2.0,True,1
40.9521,0.17700000000000007,0.001,7.7839946,43977.37062146891,40705.3,0.0407053,4.0868507,23089.551977401123,19849.994,0.019849994,0.5,1.0,20.0,10 V,2.0,True,1
40.9688,0.17700000000000007,0.001,7.7839946,43977.37062146891,40705.3,0.0407053,4.0868507,23089.551977401123,19847.668,0.019847668,0.5,1.0,20.0,10 V,2.0,True,1
40.9857,0.17700000000000007,0.001,7.7839946,43977.37062146891,40705.3,0.0407053,4.0868507,23089.551977401123,19850.493000000002,0.019850493,0.5,1.0,20.0,10 V,2.0,True,1
41.0026,0.17700000000000007,0.001,7.7839946,43977.37062146891,40705.3,0.0407053,4.0868507,23089.551977401123,19850.16,0.01985016,0.5,1.0,20.0,10 V,2.0,True,1
41.0192,0.17700000000000007,0.001,7.7839946,43977.37062146891,40705.3,0.0407053,4.0868507,23089.551977401123,19845.231000000003,0.019845231,0.5,1.0,20.0,10 V,2.0,True,1
41.0359,0.17700000000000007,0.001,7.7839946,43977.37062146891,40705.3,0.0407053,4.0868507,23089.551977401123,19842.628,0.019842628,0.5,1.0,20.0,10 V,2.0,True,1
41.0526,0.17700000000000007,0.001,7.7839946,43977.37062146891,40705.3,0.0407053,4.0868507,23089.551977401123,19842.24,0.01984224,0.5,1.0,20.0,10 V,2.0,True,1
41.0695,0.17700000000000007,0.001,7.7839946,43977.37062146891,40694.3,0.0406943,4.0868507,23089.551977401123,19848.056,0.019848056,0.5,1.0,20.0,10 V,2.0,True,1
41.0862,0.17700000000000007,0.001,7.7839946,43977.37062146891,40699.8,0.0406998,4.0868507,23089.551977401123,19849.053,0.019849053,0.5,1.0,20.0,10 V,2.0,True,1
41.1028,0.17700000000000007,0.001,7.7839946,43977.37062146891,40705.3,0.0407053,4.0868507,23089.551977401123,19853.649,0.019853649,0.5,1.0,20.0,10 V,2.0,True,1
41.1196,0.17700000000000007,0.001,7.7839946,43977.37062146891,40694.3,0.0406943,4.0868507,23089.551977401123,19840.911,0.019840911,0.5,1.0,20.0,10 V,2.0,True,1
41.1361,0.17700000000000007,0.001,7.7839946,43977.37062146891,40716.299999999996,0.0407163,4.0868507,23089.551977401123,19854.536,0.019854536,0.5,1.0,20.0,10 V,2.0,True,1
41.1529,0.17700000000000007,0.001,7.7839946,43977.37062146891,40727.3,0.0407273,4.0868507,23089.551977401123,19855.643,0.019855643,0.5,1.0,20.0,10 V,2.0,True,1
41.1699,0.17700000000000007,0.001,7.7839946,43977.37062146891,40721.8,0.0407218,4.0868507,23089.551977401123,19859.243,0.019859243,0.5,1.0,20.0,10 V,2.0,True,1
41.1865,0.17700000000000007,0.001,7.7839946,43977.37062146891,40716.299999999996,0.0407163,4.0868507,23089.551977401123,19853.373000000003,0.019853373,0.5,1.0,20.0,10 V,2.0,True,1
41.2033,0.17700000000000007,0.001,7.7839946,43977.37062146891,40705.3,0.0407053,4.0868507,23089.551977401123,19850.326,0.019850326,0.5,1.0,20.0,10 V,2.0,True,1
41.2200,0.17700000000000007,0.001,7.7839946,43977.37062146891,40710.8,0.0407108,4.0868507,23089.551977401123,19845.397,0.019845397,0.5,1.0,20.0,10 V,2.0,True,1
41.2366,0.17700000000000007,0.001,7.7839946,43977.37062146891,40699.8,0.0406998,4.0868507,23089.551977401123,19848.388000000003,0.019848388,0.5,1.0,20.0,10 V,2.0,True,1
41.2533,0.17700000000000007,0.001,7.7839946,43977.37062146891,40716.299999999996,0.0407163,4.0868507,23089.551977401123,19844.954,0.019844954,0.5,1.0,20.0,10 V,2.0,True,1
41.2702,0.17700000000000007,0.001,7.7839946,43977.37062146891,40705.3,0.0407053,4.0868507,23089.551977401123,19846.283,0.019846283,0.5,1.0,20.0,10 V,2.0,True,1
41.2870,0.17700000000000007,0.001,7.7839946,43977.37062146891,40710.8,0.0407108,4.0868507,23089.551977401123,19842.406,0.019842406,0.5,1.0,20.0,10 V,2.0,True,1
41.3037,0.17700000000000007,0.001,7.7839946,43977.37062146891,40694.3,0.0406943,4.0868507,23089.551977401123,19849.219,0.019849219,0.5,1.0,20.0,10 V,2.0,True,1
41.3206,0.17700000000000007,0.001,7.7839946,43977.37062146891,40705.3,0.0407053,4.0868507,23089.551977401123,19857.969,0.019857969,0.5,1.0,20.0,10 V,2.0,True,1
41.3372,0.17700000000000007,0.001,7.7839946,43977.37062146891,40705.3,0.0407053,4.0868507,23089.551977401123,19855.311,0.019855311,0.5,1.0,20.0,10 V,2.0,True,1
41.3539,0.17700000000000007,0.001,7.7839946,43977.37062146891,40710.8,0.0407108,4.0868507,23089.551977401123,19843.845999999998,0.019843846,0.5,1.0,20.0,10 V,2.0,True,1
41.3707,0.17700000000000007,0.001,7.7839946,43977.37062146891,40710.8,0.0407108,4.0868507,23089.551977401123,19849.828,0.019849828,0.5,1.0,20.0,10 V,2.0,True,1
41.3877,0.17700000000000007,0.001,7.7839946,43977.37062146891,40705.3,0.0407053,4.0868507,23089.551977401123,19860.628000000004,0.019860628,0.5,1.0,20.0,10 V,2.0,True,1
41.4042,0.17700000000000007,0.001,7.7839946,43977.37062146891,40705.3,0.0407053,4.0868507,23089.551977401123,19861.016,0.019861016,0.5,1.0,20.0,10 V,2.0,True,1
41.4210,0.17700000000000007,0.001,7.7839946,43977.37062146891,40710.8,0.0407108,4.0868507,23089.551977401123,19858.302000000003,0.019858302,0.5,1.0,20.0,10 V,2.0,True,1
41.4380,0.17700000000000007,0.001,7.7839946,43977.37062146891,40705.3,0.0407053,4.0868507,23089.551977401123,19857.028,0.019857028,0.5,1.0,20.0,10 V,2.0,True,1
41.4548,0.17700000000000007,0.001,7.7839946,43977.37062146891,40694.3,0.0406943,4.0868507,23089.551977401123,19849.329,0.019849329,0.5,1.0,20.0,10 V,2.0,True,1
41.4715,0.17700000000000007,0.001,7.7839946,43977.37062146891,40705.3,0.0407053,4.0868507,23089.551977401123,19848.665,0.019848665,0.5,1.0,20.0,10 V,2.0,True,1
41.4883,0.17700000000000007,0.001,7.7839946,43977.37062146891,40710.8,0.0407108,4.0868507,23089.551977401123,19857.249,0.019857249,0.5,1.0,20.0,10 V,2.0,True,1
41.5051,0.17700000000000007,0.001,7.7839946,43977.37062146891,40710.8,0.0407108,4.0868507,23089.551977401123,19863.507999999998,0.019863508,0.5,1.0,20.0,10 V,2.0,True,1
41.5216,0.17700000000000007,0.001,7.7839946,43977.37062146891,40710.8,0.0407108,4.0868507,23089.551977401123,19857.914,0.019857914,0.5,1.0,20.0,10 V,2.0,True,1
41.5385,0.17700000000000007,0.001,7.7839946,43977.37062146891,40721.8,0.0407218,4.0868507,23089.551977401123,19853.483000000004,0.019853483,0.5,1.0,20.0,10 V,2.0,True,1
41.5552,0.17700000000000007,0.001,7.7839946,43977.37062146891,40716.299999999996,0.0407163,4.0868507,23089.551977401123,19859.299000000003,0.019859299,0.5,1.0,20.0,10 V,2.0,True,1
41.5721,0.17700000000000007,0.001,7.7839946,43977.37062146891,40699.8,0.0406998,4.0868507,23089.551977401123,19850.436999999998,0.019850437,0.5,1.0,20.0,10 V,2.0,True,1
41.5889,0.17700000000000007,0.001,7.7839946,43977.37062146891,40721.8,0.0407218,4.0868507,23089.551977401123,19853.206000000002,0.019853206,0.5,1.0,20.0,10 V,2.0,True,1
41.6055,0.17700000000000007,0.001,7.7839946,43977.37062146891,40710.8,0.0407108,4.0868507,23089.551977401123,19853.483000000004,0.019853483,0.5,1.0,20.0,10 V,2.0,True,1
41.6224,0.17700000000000007,0.001,7.7839946,43977.37062146891,40716.299999999996,0.0407163,4.0868507,23089.551977401123,19857.194000000003,0.019857194,0.5,1.0,20.0,10 V,2.0,True,1
41.6390,0.17700000000000007,0.001,7.7839946,43977.37062146891,40705.3,0.0407053,4.0868507,23089.551977401123,19851.822000000004,0.019851822,0.5,1.0,20.0,10 V,2.0,True,1
41.6558,0.17700000000000007,0.001,7.7839946,43977.37062146891,40705.3,0.0407053,4.0868507,23089.551977401123,19846.782000000003,0.019846782,0.5,1.0,20.0,10 V,2.0,True,1
41.6726,0.17700000000000007,0.001,7.7839946,43977.37062146891,40688.799999999996,0.0406888,4.0868507,23089.551977401123,19856.197,0.019856197,0.5,1.0,20.0,10 V,2.0,True,1
41.6893,0.17700000000000007,0.001,7.7839946,43977.37062146891,40694.3,0.0406943,4.0868507,23089.551977401123,19852.154000000002,0.019852154,0.5,1.0,20.0,10 V,2.0,True,1
41.7059,0.17700000000000007,0.001,7.7839946,43977.37062146891,40694.3,0.0406943,4.0868507,23089.551977401123,19835.982,0.019835982,0.5,1.0,20.0,10 V,2.0,True,1
41.7227,0.17700000000000007,0.001,7.7839946,43977.37062146891,40694.3,0.0406943,4.0868507,23089.551977401123,19840.136000000002,0.019840136,0.5,1.0,20.0,10 V,2.0,True,1
41.7394,0.17700000000000007,0.001,7.7839946,43977.37062146891,40710.8,0.0407108,4.0868507,23089.551977401123,19849.882999999998,0.019849883,0.5,1.0,20.0,10 V,2.0,True,1
41.7561,0.17700000000000007,0.001,7.7839946,43977.37062146891,40705.3,0.0407053,4.0868507,23089.551977401123,19853.428,0.019853428,0.5,1.0,20.0,10 V,2.0,True,1
41.7730,0.17700000000000007,0.001,7.7839946,43977.37062146891,40694.3,0.0406943,4.0868507,23089.551977401123,19848.388000000003,0.019848388,0.5,1.0,20.0,10 V,2.0,True,1
41.7896,0.17700000000000007,0.001,7.7839946,43977.37062146891,40688.799999999996,0.0406888,4.0868507,23089.551977401123,19847.612,0.019847612,0.5,1.0,20.0,10 V,2.0,True,1
41.8064,0.17700000000000007,0.001,7.7839946,43977.37062146891,40716.299999999996,0.0407163,4.0868507,23089.551977401123,19847.945,0.019847945,0.5,1.0,20.0,10 V,2.0,True,1
41.8230,0.17700000000000007,0.001,7.7839946,43977.37062146891,40705.3,0.0407053,4.0868507,23089.551977401123,19857.526,0.019857526,0.5,1.0,20.0,10 V,2.0,True,1
41.8400,0.17700000000000007,0.001,7.7839946,43977.37062146891,40705.3,0.0407053,4.0868507,23089.551977401123,19851.545000000002,0.019851545,0.5,1.0,20.0,10 V,2.0,True,1
41.8565,0.17700000000000007,0.001,7.7839946,43977.37062146891,40721.8,0.0407218,4.0868507,23089.551977401123,19850.493000000002,0.019850493,0.5,1.0,20.0,10 V,2.0,True,1
41.8735,0.17700000000000007,0.001,7.7839946,43977.37062146891,40705.3,0.0407053,4.0868507,23089.551977401123,19850.16,0.01985016,0.5,1.0,20.0,10 V,2.0,True,1
41.8901,0.17700000000000007,0.001,7.7839946,43977.37062146891,40705.3,0.0407053,4.0868507,23089.551977401123,19849.219,0.019849219,0.5,1.0,20.0,10 V,2.0,True,1
41.9068,0.17700000000000007,0.001,7.7839946,43977.37062146891,40699.8,0.0406998,4.0868507,23089.551977401123,19847.336,0.019847336,0.5,1.0,20.0,10 V,2.0,True,1
41.9234,0.17700000000000007,0.001,7.7839946,43977.37062146891,40705.3,0.0407053,4.0868507,23089.551977401123,19845.785000000003,0.019845785,0.5,1.0,20.0,10 V,2.0,True,1
41.9402,0.17700000000000007,0.001,7.7839946,43977.37062146891,40694.3,0.0406943,4.0868507,23089.551977401123,19839.859000000004,0.019839859,0.5,1.0,20.0,10 V,2.0,True,1
41.9570,0.17700000000000007,0.001,7.7839946,43977.37062146891,40694.3,0.0406943,4.0868507,23089.551977401123,19840.468,0.019840468,0.5,1.0,20.0,10 V,2.0,True,1
41.9739,0.17700000000000007,0.001,7.7839946,43977.37062146891,40699.8,0.0406998,4.0868507,23089.551977401123,19851.766,0.019851766,0.5,1.0,20.0,10 V,2.0,True,1
41.9908,0.17700000000000007,0.001,7.7839946,43977.37062146891,40688.799999999996,0.0406888,4.0868507,23089.551977401123,19838.419,0.019838419,0.5,1.0,20.0,10 V,2.0,True,1
42.0074,0.17700000000000007,0.001,7.7839946,43977.37062146891,40716.299999999996,0.0407163,4.0868507,23089.551977401123,19839.139,0.019839139,0.5,1.0,20.0,10 V,2.0,True,1
42.0241,0.17700000000000007,0.001,7.7839946,43977.37062146891,40694.3,0.0406943,4.0868507,23089.551977401123,19837.256,0.019837256,0.5,1.0,20.0,10 V,2.0,True,1
42.0409,0.17700000000000007,0.001,7.7839946,43977.37062146891,40694.3,0.0406943,4.0868507,23089.551977401123,19832.215,0.019832215,0.5,1.0,20.0,10 V,2.0,True,1
42.0577,0.17700000000000007,0.001,7.7839946,43977.37062146891,40688.799999999996,0.0406888,4.0868507,23089.551977401123,19841.465,0.019841465,0.5,1.0,20.0,10 V,2.0,True,1
42.0743,0.17700000000000007,0.001,7.7839946,43977.37062146891,40677.8,0.0406778,4.0868507,23089.551977401123,19836.203,0.019836203,0.5,1.0,20.0,10 V,2.0,True,1
42.0911,0.17700000000000007,0.001,7.7839946,43977.37062146891,40694.3,0.0406943,4.0868507,23089.551977401123,19851.379,0.019851379,0.5,1.0,20.0,10 V,2.0,True,1
42.1077,0.17700000000000007,0.001,7.7839946,43977.37062146891,40688.799999999996,0.0406888,4.0868507,23089.551977401123,19842.628,0.019842628,0.5,1.0,20.0,10 V,2.0,True,1
42.1245,0.17700000000000007,0.001,7.7839946,43977.37062146891,40705.3,0.0407053,4.0868507,23089.551977401123,19837.92,0.01983792,0.5,1.0,20.0,10 V,2.0,True,1
42.1413,0.17700000000000007,0.001,7.7839946,43977.37062146891,40694.3,0.0406943,4.0868507,23089.551977401123,19828.228,0.019828228,0.5,1.0,20.0,10 V,2.0,True,1
42.1581,0.17700000000000007,0.001,7.7839946,43977.37062146891,40688.799999999996,0.0406888,4.0868507,23089.551977401123,19837.588,0.019837588,0.5,1.0,20.0,10 V,2.0,True,1
42.1748,0.17700000000000007,0.001,7.7839946,43977.37062146891,40694.3,0.0406943,4.0868507,23089.551977401123,19832.326,0.019832326,0.5,1.0,20.0,10 V,2.0,True,1
42.1915,0.17700000000000007,0.001,7.7839946,43977.37062146891,40705.3,0.0407053,4.0868507,23089.551977401123,19843.237,0.019843237,0.5,1.0,20.0,10 V,2.0,True,1
42.2084,0.17700000000000007,0.001,7.7839946,43977.37062146891,40694.3,0.0406943,4.0868507,23089.551977401123,19842.184999999998,0.019842185,0.5,1.0,20.0,10 V,2.0,True,1
42.2251,0.17700000000000007,0.001,7.7839946,43977.37062146891,40683.3,0.0406833,4.0868507,23089.551977401123,19840.689000000002,0.019840689,0.5,1.0,20.0,10 V,2.0,True,1
42.2420,0.17700000000000007,0.001,7.7839946,43977.37062146891,40688.799999999996,0.0406888,4.0868507,23089.551977401123,19838.585,0.019838585,0.5,1.0,20.0,10 V,2.0,True,1
42.2588,0.17700000000000007,0.001,7.7839946,43977.37062146891,40694.3,0.0406943,4.0868507,23089.551977401123,19839.914,0.019839914,0.5,1.0,20.0,10 V,2.0,True,1
42.2756,0.17700000000000007,0.001,7.7839946,43977.37062146891,40688.799999999996,0.0406888,4.0868507,23089.551977401123,19829.723,0.019829723,0.5,1.0,20.0,10 V,2.0,True,1
42.2925,0.17700000000000007,0.001,7.7839946,43977.37062146891,40699.8,0.0406998,4.0868507,23089.551977401123,19837.865,0.019837865,0.5,1.0,20.0,10 V,2.0,True,1
42.3093,0.17700000000000007,0.001,7.7839946,43977.37062146891,40694.3,0.0406943,4.0868507,23089.551977401123,19840.745000000003,0.019840745,0.5,1.0,20.0,10 V,2.0,True,1
42.3258,0.17700000000000007,0.001,7.7839946,43977.37062146891,40694.3,0.0406943,4.0868507,23089.551977401123,19841.742,0.019841742,0.5,1.0,20.0,10 V,2.0,True,1
42.3426,0.17700000000000007,0.001,7.7839946,43977.37062146891,40694.3,0.0406943,4.0868507,23089.551977401123,19841.520000000004,0.01984152,0.5,1.0,20.0,10 V,2.0,True,1
42.3593,0.17700000000000007,0.001,7.7839946,43977.37062146891,40688.799999999996,0.0406888,4.0868507,23089.551977401123,19828.228,0.019828228,0.5,1.0,20.0,10 V,2.0,True,1
42.3760,0.17700000000000007,0.001,7.7839946,43977.37062146891,40683.3,0.0406833,4.0868507,23089.551977401123,19839.526,0.019839526,0.5,1.0,20.0,10 V,2.0,True,1
42.3928,0.17700000000000007,0.001,7.7839946,43977.37062146891,40677.8,0.0406778,4.0868507,23089.551977401123,19837.365999999998,0.019837366,0.5,1.0,20.0,10 V,2.0,True,1
42.4096,0.17700000000000007,0.001,7.7839946,43977.37062146891,40688.799999999996,0.0406888,4.0868507,23089.551977401123,19835.649,0.019835649,0.5,1.0,20.0,10 V,2.0,True,1
42.4263,0.17700000000000007,0.001,7.7839946,43977.37062146891,40683.3,0.0406833,4.0868507,23089.551977401123,19831.219,0.019831219,0.5,1.0,20.0,10 V,2.0,True,1
42.4431,0.17700000000000007,0.001,7.7839946,43977.37062146891,40688.799999999996,0.0406888,4.0868507,23089.551977401123,19832.105,0.019832105,0.5,1.0,20.0,10 V,2.0,True,1
42.4600,0.17700000000000007,0.001,7.7839946,43977.37062146891,40683.3,0.0406833,4.0868507,23089.551977401123,19829.889,0.019829889,0.5,1.0,20.0,10 V,2.0,True,1
42.4766,0.17700000000000007,0.001,7.7839946,43977.37062146891,40666.8,0.0406668,4.0868507,23089.551977401123,19827.452,0.019827452,0.5,1.0,20.0,10 V,2.0,True,1
42.4934,0.17700000000000007,0.001,7.7839946,43977.37062146891,40672.3,0.0406723,4.0868507,23089.551977401123,19830.554,0.019830554,0.5,1.0,20.0,10 V,2.0,True,1
42.5102,0.17700000000000007,0.001,7.7839946,43977.37062146891,40672.3,0.0406723,4.0868507,23089.551977401123,19829.059,0.019829059,0.5,1.0,20.0,10 V,2.0,True,1
42.5269,0.17700000000000007,0.001,7.7839946,43977.37062146891,40683.3,0.0406833,4.0868507,23089.551977401123,19826.123000000003,0.019826123,0.5,1.0,20.0,10 V,2.0,True,1
42.5435,0.17700000000000007,0.001,7.7839946,43977.37062146891,40688.799999999996,0.0406888,4.0868507,23089.551977401123,19833.046000000002,0.019833046,0.5,1.0,20.0,10 V,2.0,True,1
42.5602,0.17700000000000007,0.001,7.7839946,43977.37062146891,40683.3,0.0406833,4.0868507,23089.551977401123,19833.212,0.019833212,0.5,1.0,20.0,10 V,2.0,True,1
42.5770,0.17700000000000007,0.001,7.7839946,43977.37062146891,40694.3,0.0406943,4.0868507,23089.551977401123,19836.148,0.019836148,0.5,1.0,20.0,10 V,2.0,True,1
42.5937,0.17700000000000007,0.001,7.7839946,43977.37062146891,40683.3,0.0406833,4.0868507,23089.551977401123,19831.772,0.019831772,0.5,1.0,20.0,10 V,2.0,True,1
42.6104,0.17700000000000007,0.001,7.7839946,43977.37062146891,40694.3,0.0406943,4.0868507,23089.551977401123,19836.314000000002,0.019836314,0.5,1.0,20.0,10 V,2.0,True,1
42.6272,0.17700000000000007,0.001,7.7839946,43977.37062146891,40699.8,0.0406998,4.0868507,23089.551977401123,19836.314000000002,0.019836314,0.5,1.0,20.0,10 V,2.0,True,1
42.6441,0.17700000000000007,0.001,7.7839946,43977.37062146891,40699.8,0.0406998,4.0868507,23089.551977401123,19835.372000000003,0.019835372,0.5,1.0,20.0,10 V,2.0,True,1
42.6608,0.17700000000000007,0.001,7.7839946,43977.37062146891,40694.3,0.0406943,4.0868507,23089.551977401123,19837.532000000003,0.019837532,0.5,1.0,20.0,10 V,2.0,True,1
42.6776,0.17700000000000007,0.001,7.7839946,43977.37062146891,40694.3,0.0406943,4.0868507,23089.551977401123,19844.732,0.019844732,0.5,1.0,20.0,10 V,2.0,True,1
42.6943,0.17700000000000007,0.001,7.7839946,43977.37062146891,40694.3,0.0406943,4.0868507,23089.551977401123,19840.302000000003,0.019840302,0.5,1.0,20.0,10 V,2.0,True,1
42.7111,0.17700000000000007,0.001,7.7839946,43977.37062146891,40688.799999999996,0.0406888,4.0868507,23089.551977401123,19829.723,0.019829723,0.5,1.0,20.0,10 V,2.0,True,1
42.7278,0.17700000000000007,0.001,7.7839946,43977.37062146891,40677.8,0.0406778,4.0868507,23089.551977401123,19834.431,0.019834431,0.5,1.0,20.0,10 V,2.0,True,1
42.7445,0.17700000000000007,0.001,7.7839946,43977.37062146891,40683.3,0.0406833,4.0868507,23089.551977401123,19827.84,0.01982784,0.5,1.0,20.0,10 V,2.0,True,1
42.7613,0.17700000000000007,0.001,7.7839946,43977.37062146891,40677.8,0.0406778,4.0868507,23089.551977401123,19823.132,0.019823132,0.5,1.0,20.0,10 V,2.0,True,1
42.7780,0.17700000000000007,0.001,7.7839946,43977.37062146891,40666.8,0.0406668,4.0868507,23089.551977401123,19823.52,0.01982352,0.5,1.0,20.0,10 V,2.0,True,1
42.7948,0.17700000000000007,0.001,7.7839946,43977.37062146891,40683.3,0.0406833,4.0868507,23089.551977401123,19827.951,0.019827951,0.5,1.0,20.0,10 V,2.0,True,1
42.8116,0.17700000000000007,0.001,7.7839946,43977.37062146891,40677.8,0.0406778,4.0868507,23089.551977401123,19833.046000000002,0.019833046,0.5,1.0,20.0,10 V,2.0,True,1
42.8284,0.17700000000000007,0.001,7.7839946,43977.37062146891,40688.799999999996,0.0406888,4.0868507,23089.551977401123,19828.449000000004,0.019828449,0.5,1.0,20.0,10 V,2.0,True,1
42.8452,0.17700000000000007,0.001,7.7839946,43977.37062146891,40666.8,0.0406668,4.0868507,23089.551977401123,19833.600000000002,0.0198336,0.5,1.0,20.0,10 V,2.0,True,1
42.8617,0.17700000000000007,0.001,7.7839946,43977.37062146891,40688.799999999996,0.0406888,4.0868507,23089.551977401123,19824.683,0.019824683,0.5,1.0,20.0,10 V,2.0,True,1
42.8785,0.17700000000000007,0.001,7.7839946,43977.37062146891,40672.3,0.0406723,4.0868507,23089.551977401123,19829.779,0.019829779,0.5,1.0,20.0,10 V,2.0,True,1
42.8951,0.17700000000000007,0.001,7.7839946,43977.37062146891,40688.799999999996,0.0406888,4.0868507,23089.551977401123,19828.948,0.019828948,0.5,1.0,20.0,10 V,2.0,True,1
42.9119,0.17700000000000007,0.001,7.7839946,43977.37062146891,40683.3,0.0406833,4.0868507,23089.551977401123,19825.846,0.019825846,0.5,1.0,20.0,10 V,2.0,True,1
42.9287,0.17700000000000007,0.001,7.7839946,43977.37062146891,40688.799999999996,0.0406888,4.0868507,23089.551977401123,19828.449000000004,0.019828449,0.5,1.0,20.0,10 V,2.0,True,1
42.9454,0.17700000000000007,0.001,7.7839946,43977.37062146891,40688.799999999996,0.0406888,4.0868507,23089.551977401123,19831.551,0.019831551,0.5,1.0,20.0,10 V,2.0,True,1
42.9621,0.17700000000000007,0.001,7.7839946,43977.37062146891,40677.8,0.0406778,4.0868507,23089.551977401123,19820.252,0.019820252,0.5,1.0,20.0,10 V,2.0,True,1
42.9791,0.17700000000000007,0.001,7.7839946,43977.37062146891,40672.3,0.0406723,4.0868507,23089.551977401123,19819.2,0.0198192,0.5,1.0,20.0,10 V,2.0,True,1
42.9958,0.17700000000000007,0.001,7.7839946,43977.37062146891,40672.3,0.0406723,4.0868507,23089.551977401123,19833.157000000003,0.019833157,0.5,1.0,20.0,10 V,2.0,True,1
43.0126,0.17700000000000007,0.001,7.7839946,43977.37062146891,40672.3,0.0406723,4.0868507,23089.551977401123,19827.785,0.019827785,0.5,1.0,20.0,10 V,2.0,True,1
43.0293,0.17700000000000007,0.001,7.7839946,43977.37062146891,40683.3,0.0406833,4.0868507,23089.551977401123,19825.846,0.019825846,0.5,1.0,20.0,10 V,2.0,True,1
43.0459,0.17700000000000007,0.001,7.7839946,43977.37062146891,40688.799999999996,0.0406888,4.0868507,23089.551977401123,19834.375000000004,0.019834375,0.5,1.0,20.0,10 V,2.0,True,1
43.0626,0.17700000000000007,0.001,7.7839946,43977.37062146891,40677.8,0.0406778,4.0868507,23089.551977401123,19832.160000000003,0.01983216,0.5,1.0,20.0,10 V,2.0,True,1
43.0794,0.17700000000000007,0.001,7.7839946,43977.37062146891,40688.799999999996,0.0406888,4.0868507,23089.551977401123,19824.849,0.019824849,0.5,1.0,20.0,10 V,2.0,True,1
43.0960,0.17700000000000007,0.001,7.7839946,43977.37062146891,40683.3,0.0406833,4.0868507,23089.551977401123,19828.726000000002,0.019828726,0.5,1.0,20.0,10 V,2.0,True,1
43.1129,0.17700000000000007,0.001,7.7839946,43977.37062146891,40688.799999999996,0.0406888,4.0868507,23089.551977401123,19820.751,0.019820751,0.5,1.0,20.0,10 V,2.0,True,1
43.1298,0.17700000000000007,0.001,7.7839946,43977.37062146891,40677.8,0.0406778,4.0868507,23089.551977401123,19831.108,0.019831108,0.5,1.0,20.0,10 V,2.0,True,1
43.1464,0.17700000000000007,0.001,7.7839946,43977.37062146891,40683.3,0.0406833,4.0868507,23089.551977401123,19819.588,0.019819588,0.5,1.0,20.0,10 V,2.0,True,1
43.1631,0.17700000000000007,0.001,7.7839946,43977.37062146891,40688.799999999996,0.0406888,4.0868507,23089.551977401123,19834.652000000002,0.019834652,0.5,1.0,20.0,10 V,2.0,True,1
43.1798,0.17700000000000007,0.001,7.7839946,43977.37062146891,40699.8,0.0406998,4.0868507,23089.551977401123,19834.708,0.019834708,0.5,1.0,20.0,10 V,2.0,True,1
43.1967,0.17700000000000007,0.001,7.7839946,43977.37062146891,40683.3,0.0406833,4.0868507,23089.551977401123,19836.148,0.019836148,0.5,1.0,20.0,10 V,2.0,True,1
43.2136,0.17700000000000007,0.001,7.7839946,43977.37062146891,40677.8,0.0406778,4.0868507,23089.551977401123,19821.803,0.019821803,0.5,1.0,20.0,10 V,2.0,True,1
43.2304,0.17700000000000007,0.001,7.7839946,43977.37062146891,40683.3,0.0406833,4.0868507,23089.551977401123,19817.206000000002,0.019817206,0.5,1.0,20.0,10 V,2.0,True,1
43.2472,0.17700000000000007,0.001,7.7839946,43977.37062146891,40672.3,0.0406723,4.0868507,23089.551977401123,19826.622,0.019826622,0.5,1.0,20.0,10 V,2.0,True,1
43.2639,0.17700000000000007,0.001,7.7839946,43977.37062146891,40683.3,0.0406833,4.0868507,23089.551977401123,19821.914,0.019821914,0.5,1.0,20.0,10 V,2.0,True,1
43.2808,0.17700000000000007,0.001,7.7839946,43977.37062146891,40688.799999999996,0.0406888,4.0868507,23089.551977401123,19813.274,0.019813274,0.5,1.0,20.0,10 V,2.0,True,1
43.2975,0.17700000000000007,0.001,7.7839946,43977.37062146891,40661.3,0.0406613,4.0868507,23089.551977401123,19814.658,0.019814658,0.5,1.0,20.0,10 V,2.0,True,1
43.3141,0.17700000000000007,0.001,7.7839946,43977.37062146891,40672.3,0.0406723,4.0868507,23089.551977401123,19828.671,0.019828671,0.5,1.0,20.0,10 V,2.0,True,1
43.3308,0.17700000000000007,0.001,7.7839946,43977.37062146891,40677.8,0.0406778,4.0868507,23089.551977401123,19821.138,0.019821138,0.5,1.0,20.0,10 V,2.0,True,1
43.3477,0.17700000000000007,0.001,7.7839946,43977.37062146891,40677.8,0.0406778,4.0868507,23089.551977401123,19818.868000000002,0.019818868,0.5,1.0,20.0,10 V,2.0,True,1
43.3643,0.17700000000000007,0.001,7.7839946,43977.37062146891,40683.3,0.0406833,4.0868507,23089.551977401123,19827.951,0.019827951,0.5,1.0,20.0,10 V,2.0,True,1
43.3812,0.17700000000000007,0.001,7.7839946,43977.37062146891,40672.3,0.0406723,4.0868507,23089.551977401123,19817.04,0.01981704,0.5,1.0,20.0,10 V,2.0,True,1
43.3981,0.17700000000000007,0.001,7.7839946,43977.37062146891,40672.3,0.0406723,4.0868507,23089.551977401123,19811.114,0.019811114,0.5,1.0,20.0,10 V,2.0,True,1
43.4147,0.17700000000000007,0.001,7.7839946,43977.37062146891,40672.3,0.0406723,4.0868507,23089.551977401123,19815.545000000002,0.019815545,0.5,1.0,20.0,10 V,2.0,True,1
43.4314,0.17700000000000007,0.001,7.7839946,43977.37062146891,40672.3,0.0406723,4.0868507,23089.551977401123,19812.665,0.019812665,0.5,1.0,20.0,10 V,2.0,True,1
43.4483,0.17700000000000007,0.001,7.7839946,43977.37062146891,40666.8,0.0406668,4.0868507,23089.551977401123,19816.209000000003,0.019816209,0.5,1.0,20.0,10 V,2.0,True,1
43.4653,0.17700000000000007,0.001,7.7839946,43977.37062146891,40661.3,0.0406613,4.0868507,23089.551977401123,19812.055,0.019812055,0.5,1.0,20.0,10 V,2.0,True,1
43.4820,0.17700000000000007,0.001,7.7839946,43977.37062146891,40666.8,0.0406668,4.0868507,23089.551977401123,19823.797000000002,0.019823797,0.5,1.0,20.0,10 V,2.0,True,1
43.4988,0.17700000000000007,0.001,7.7839946,43977.37062146891,40666.8,0.0406668,4.0868507,23089.551977401123,19818.037,0.019818037,0.5,1.0,20.0,10 V,2.0,True,1
43.5154,0.17700000000000007,0.001,7.7839946,43977.37062146891,40677.8,0.0406778,4.0868507,23089.551977401123,19816.818,0.019816818,0.5,1.0,20.0,10 V,2.0,True,1
43.5322,0.17700000000000007,0.001,7.7839946,43977.37062146891,40672.3,0.0406723,4.0868507,23089.551977401123,19821.858000000004,0.019821858,0.5,1.0,20.0,10 V,2.0,True,1
43.5489,0.17700000000000007,0.001,7.7839946,43977.37062146891,40666.8,0.0406668,4.0868507,23089.551977401123,19804.468,0.019804468,0.5,1.0,20.0,10 V,2.0,True,1
43.5655,0.17700000000000007,0.001,7.7839946,43977.37062146891,40688.799999999996,0.0406888,4.0868507,23089.551977401123,19835.428,0.019835428,0.5,1.0,20.0,10 V,2.0,True,1
43.5823,0.17700000000000007,0.001,7.7839946,43977.37062146891,40672.3,0.0406723,4.0868507,23089.551977401123,19821.526,0.019821526,0.5,1.0,20.0,10 V,2.0,True,1
43.5990,0.17700000000000007,0.001,7.7839946,43977.37062146891,40677.8,0.0406778,4.0868507,23089.551977401123,19819.588,0.019819588,0.5,1.0,20.0,10 V,2.0,True,1
43.6158,0.17700000000000007,0.001,7.7839946,43977.37062146891,40672.3,0.0406723,4.0868507,23089.551977401123,19834.763,0.019834763,0.5,1.0,20.0,10 V,2.0,True,1
43.6325,0.17700000000000007,0.001,7.7839946,43977.37062146891,40672.3,0.0406723,4.0868507,23089.551977401123,19830.554,0.019830554,0.5,1.0,20.0,10 V,2.0,True,1
43.6492,0.17700000000000007,0.001,7.7839946,43977.37062146891,40688.799999999996,0.0406888,4.0868507,23089.551977401123,19834.486,0.019834486,0.5,1.0,20.0,10 V,2.0,True,1
43.6659,0.17700000000000007,0.001,7.7839946,43977.37062146891,40677.8,0.0406778,4.0868507,23089.551977401123,19820.418,0.019820418,0.5,1.0,20.0,10 V,2.0,True,1
43.6824,0.17700000000000007,0.001,7.7839946,43977.37062146891,40672.3,0.0406723,4.0868507,23089.551977401123,19825.348,0.019825348,0.5,1.0,20.0,10 V,2.0,True,1
43.6994,0.17700000000000007,0.001,7.7839946,43977.37062146891,40677.8,0.0406778,4.0868507,23089.551977401123,19826.732,0.019826732,0.5,1.0,20.0,10 V,2.0,True,1
43.7160,0.17700000000000007,0.001,7.7839946,43977.37062146891,40677.8,0.0406778,4.0868507,23089.551977401123,19820.308,0.019820308,0.5,1.0,20.0,10 V,2.0,True,1
43.7330,0.17700000000000007,0.001,7.7839946,43977.37062146891,40661.3,0.0406613,4.0868507,23089.551977401123,19824.849,0.019824849,0.5,1.0,20.0,10 V,2.0,True,1
43.7497,0.17700000000000007,0.001,7.7839946,43977.37062146891,40683.3,0.0406833,4.0868507,23089.551977401123,19816.042999999998,0.019816043,0.5,1.0,20.0,10 V,2.0,True,1
43.7664,0.17700000000000007,0.001,7.7839946,43977.37062146891,40677.8,0.0406778,4.0868507,23089.551977401123,19830.388000000003,0.019830388,0.5,1.0,20.0,10 V,2.0,True,1
43.7834,0.17700000000000007,0.001,7.7839946,43977.37062146891,40666.8,0.0406668,4.0868507,23089.551977401123,19829.335,0.019829335,0.5,1.0,20.0,10 V,2.0,True,1
43.7999,0.17700000000000007,0.001,7.7839946,43977.37062146891,40677.8,0.0406778,4.0868507,23089.551977401123,19831.551,0.019831551,0.5,1.0,20.0,10 V,2.0,True,1
43.8167,0.17700000000000007,0.001,7.7839946,43977.37062146891,40666.8,0.0406668,4.0868507,23089.551977401123,19826.068,0.019826068,0.5,1.0,20.0,10 V,2.0,True,1
43.8334,0.17700000000000007,0.001,7.7839946,43977.37062146891,40661.3,0.0406613,4.0868507,23089.551977401123,19824.019,0.019824019,0.5,1.0,20.0,10 V,2.0,True,1
43.8499,0.17700000000000007,0.001,7.7839946,43977.37062146891,40666.8,0.0406668,4.0868507,23089.551977401123,19824.794,0.019824794,0.5,1.0,20.0,10 V,2.0,True,1
43.8668,0.17700000000000007,0.001,7.7839946,43977.37062146891,40677.8,0.0406778,4.0868507,23089.551977401123,19823.742,0.019823742,0.5,1.0,20.0,10 V,2.0,True,1
43.8836,0.17700000000000007,0.001,7.7839946,43977.37062146891,40672.3,0.0406723,4.0868507,23089.551977401123,19824.96,0.01982496,0.5,1.0,20.0,10 V,2.0,True,1
43.9002,0.17700000000000007,0.001,7.7839946,43977.37062146891,40677.8,0.0406778,4.0868507,23089.551977401123,19829.169,0.019829169,0.5,1.0,20.0,10 V,2.0,True,1
43.9169,0.17700000000000007,0.001,7.7839946,43977.37062146891,40677.8,0.0406778,4.0868507,23089.551977401123,19835.594,0.019835594,0.5,1.0,20.0,10 V,2.0,True,1
43.9337,0.17700000000000007,0.001,7.7839946,43977.37062146891,40677.8,0.0406778,4.0868507,23089.551977401123,19830.609,0.019830609,0.5,1.0,20.0,10 V,2.0,True,1
43.9505,0.17700000000000007,0.001,7.7839946,43977.37062146891,40666.8,0.0406668,4.0868507,23089.551977401123,19827.286,0.019827286,0.5,1.0,20.0,10 V,2.0,True,1
43.9674,0.17700000000000007,0.001,7.7839946,43977.37062146891,40677.8,0.0406778,4.0868507,23089.551977401123,19826.954,0.019826954,0.5,1.0,20.0,10 V,2.0,True,1
43.9842,0.17700000000000007,0.001,7.7839946,43977.37062146891,40666.8,0.0406668,4.0868507,23089.551977401123,19825.237,0.019825237,0.5,1.0,20.0,10 V,2.0,True,1
44.0006,0.17700000000000007,0.001,7.7839946,43977.37062146891,40683.3,0.0406833,4.0868507,23089.551977401123,19826.898999999998,0.019826899,0.5,1.0,20.0,10 V,2.0,True,1
44.0172,0.17700000000000007,0.001,7.7839946,43977.37062146891,40677.8,0.0406778,4.0868507,23089.551977401123,19836.259,0.019836259,0.5,1.0,20.0,10 V,2.0,True,1
44.0339,0.17700000000000007,0.001,7.7839946,43977.37062146891,40672.3,0.0406723,4.0868507,23089.551977401123,19823.908000000003,0.019823908,0.5,1.0,20.0,10 V,2.0,True,1
44.0508,0.17700000000000007,0.001,7.7839946,43977.37062146891,40688.799999999996,0.0406888,4.0868507,23089.551977401123,19826.123000000003,0.019826123,0.5,1.0,20.0,10 V,2.0,True,1
44.0675,0.17700000000000007,0.001,7.7839946,43977.37062146891,40672.3,0.0406723,4.0868507,23089.551977401123,19828.837,0.019828837,0.5,1.0,20.0,10 V,2.0,True,1
44.0844,0.17700000000000007,0.001,7.7839946,43977.37062146891,40672.3,0.0406723,4.0868507,23089.551977401123,19820.640000000003,0.01982064,0.5,1.0,20.0,10 V,2.0,True,1
44.1009,0.17700000000000007,0.001,7.7839946,43977.37062146891,40677.8,0.0406778,4.0868507,23089.551977401123,19821.471,0.019821471,0.5,1.0,20.0,10 V,2.0,True,1
44.1177,0.17700000000000007,0.001,7.7839946,43977.37062146891,40677.8,0.0406778,4.0868507,23089.551977401123,19833.434,0.019833434,0.5,1.0,20.0,10 V,2.0,True,1
44.1347,0.17700000000000007,0.001,7.7839946,43977.37062146891,40672.3,0.0406723,4.0868507,23089.551977401123,19825.459000000003,0.019825459,0.5,1.0,20.0,10 V,2.0,True,1
44.1513,0.17700000000000007,0.001,7.7839946,43977.37062146891,40666.8,0.0406668,4.0868507,23089.551977401123,19822.855,0.019822855,0.5,1.0,20.0,10 V,2.0,True,1
44.1681,0.17700000000000007,0.001,7.7839946,43977.37062146891,40661.3,0.0406613,4.0868507,23089.551977401123,19820.806,0.019820806,0.5,1.0,20.0,10 V,2.0,True,1
44.1847,0.17700000000000007,0.001,7.7839946,43977.37062146891,40666.8,0.0406668,4.0868507,23089.551977401123,19820.086000000003,0.019820086,0.5,1.0,20.0,10 V,2.0,True,1
44.2016,0.17700000000000007,0.001,7.7839946,43977.37062146891,40672.3,0.0406723,4.0868507,23089.551977401123,19822.745,0.019822745,0.5,1.0,20.0,10 V,2.0,True,1
44.2184,0.17700000000000007,0.001,7.7839946,43977.37062146891,40672.3,0.0406723,4.0868507,23089.551977401123,19825.182,0.019825182,0.5,1.0,20.0,10 V,2.0,True,1
44.2352,0.17700000000000007,0.001,7.7839946,43977.37062146891,40677.8,0.0406778,4.0868507,23089.551977401123,19819.754,0.019819754,0.5,1.0,20.0,10 V,2.0,True,1
44.2520,0.17700000000000007,0.001,7.7839946,43977.37062146891,40672.3,0.0406723,4.0868507,23089.551977401123,19817.483,0.019817483,0.5,1.0,20.0,10 V,2.0,True,1
44.2686,0.17700000000000007,0.001,7.7839946,43977.37062146891,40672.3,0.0406723,4.0868507,23089.551977401123,19817.151,0.019817151,0.5,1.0,20.0,10 V,2.0,True,1
44.2854,0.17700000000000007,0.001,7.7839946,43977.37062146891,40672.3,0.0406723,4.0868507,23089.551977401123,19817.483,0.019817483,0.5,1.0,20.0,10 V,2.0,True,1
44.3022,0.17700000000000007,0.001,7.7839946,43977.37062146891,40672.3,0.0406723,4.0868507,23089.551977401123,19826.622,0.019826622,0.5,1.0,20.0,10 V,2.0,True,1
44.3188,0.17700000000000007,0.001,7.7839946,43977.37062146891,40677.8,0.0406778,4.0868507,23089.551977401123,19825.237,0.019825237,0.5,1.0,20.0,10 V,2.0,True,1
44.3358,0.17700000000000007,0.001,7.7839946,43977.37062146891,40666.8,0.0406668,4.0868507,23089.551977401123,19824.074,0.019824074,0.5,1.0,20.0,10 V,2.0,True,1
44.3522,0.17700000000000007,0.001,7.7839946,43977.37062146891,40672.3,0.0406723,4.0868507,23089.551977401123,19823.963,0.019823963,0.5,1.0,20.0,10 V,2.0,True,1
44.3691,0.17700000000000007,0.001,7.7839946,43977.37062146891,40661.3,0.0406613,4.0868507,23089.551977401123,19803.914,0.019803914,0.5,1.0,20.0,10 V,2.0,True,1
44.3859,0.17700000000000007,0.001,7.7839946,43977.37062146891,40666.8,0.0406668,4.0868507,23089.551977401123,19825.071,0.019825071,0.5,1.0,20.0,10 V,2.0,True,1
44.4029,0.17700000000000007,0.001,7.7839946,43977.37062146891,40666.8,0.0406668,4.0868507,23089.551977401123,19809.895,0.019809895,0.5,1.0,20.0,10 V,2.0,True,1
44.4195,0.17700000000000007,0.001,7.7839946,43977.37062146891,40672.3,0.0406723,4.0868507,23089.551977401123,19813.440000000002,0.01981344,0.5,1.0,20.0,10 V,2.0,True,1
44.4361,0.17700000000000007,0.001,7.7839946,43977.37062146891,40655.8,0.0406558,4.0868507,23089.551977401123,19821.471,0.019821471,0.5,1.0,20.0,10 V,2.0,True,1
44.4530,0.17700000000000007,0.001,7.7839946,43977.37062146891,40666.8,0.0406668,4.0868507,23089.551977401123,19814.603,0.019814603,0.5,1.0,20.0,10 V,2.0,True,1
44.4697,0.17700000000000007,0.001,7.7839946,43977.37062146891,40655.8,0.0406558,4.0868507,23089.551977401123,19813.883,0.019813883,0.5,1.0,20.0,10 V,2.0,True,1
44.4864,0.17700000000000007,0.001,7.7839946,43977.37062146891,40655.8,0.0406558,4.0868507,23089.551977401123,19818.535000000003,0.019818535,0.5,1.0,20.0,10 V,2.0,True,1
44.5032,0.17700000000000007,0.001,7.7839946,43977.37062146891,40688.799999999996,0.0406888,4.0868507,23089.551977401123,19836.646,0.019836646,0.5,1.0,20.0,10 V,2.0,True,1
44.5199,0.17700000000000007,0.001,7.7839946,43977.37062146891,40683.3,0.0406833,4.0868507,23089.551977401123,19836.148,0.019836148,0.5,1.0,20.0,10 V,2.0,True,1
44.5367,0.17700000000000007,0.001,7.7839946,43977.37062146891,40666.8,0.0406668,4.0868507,23089.551977401123,19830.055,0.019830055,0.5,1.0,20.0,10 V,2.0,True,1
44.5535,0.17700000000000007,0.001,7.7839946,43977.37062146891,40677.8,0.0406778,4.0868507,23089.551977401123,19812.498000000003,0.019812498,0.5,1.0,20.0,10 V,2.0,True,1
44.5701,0.17700000000000007,0.001,7.7839946,43977.37062146891,40655.8,0.0406558,4.0868507,23089.551977401123,19812.222,0.019812222,0.5,1.0,20.0,10 V,2.0,True,1
44.5868,0.17700000000000007,0.001,7.7839946,43977.37062146891,40661.3,0.0406613,4.0868507,23089.551977401123,19807.347999999998,0.019807348,0.5,1.0,20.0,10 V,2.0,True,1
44.6036,0.17700000000000007,0.001,7.7839946,43977.37062146891,40672.3,0.0406723,4.0868507,23089.551977401123,19820.308,0.019820308,0.5,1.0,20.0,10 V,2.0,True,1
44.6205,0.17700000000000007,0.001,7.7839946,43977.37062146891,40666.8,0.0406668,4.0868507,23089.551977401123,19813.052000000003,0.019813052,0.5,1.0,20.0,10 V,2.0,True,1
44.6371,0.17700000000000007,0.001,7.7839946,43977.37062146891,40655.8,0.0406558,4.0868507,23089.551977401123,19816.098,0.019816098,0.5,1.0,20.0,10 V,2.0,True,1
44.6538,0.17700000000000007,0.001,7.7839946,43977.37062146891,40672.3,0.0406723,4.0868507,23089.551977401123,19808.954,0.019808954,0.5,1.0,20.0,10 V,2.0,True,1
44.6705,0.17700000000000007,0.001,7.7839946,43977.37062146891,40650.3,0.0406503,4.0868507,23089.551977401123,19812.72,0.01981272,0.5,1.0,20.0,10 V,2.0,True,1
44.6872,0.17700000000000007,0.001,7.7839946,43977.37062146891,40655.8,0.0406558,4.0868507,23089.551977401123,19806.461000000003,0.019806461,0.5,1.0,20.0,10 V,2.0,True,1
44.7040,0.17700000000000007,0.001,7.7839946,43977.37062146891,40666.8,0.0406668,4.0868507,23089.551977401123,19804.578,0.019804578,0.5,1.0,20.0,10 V,2.0,True,1
44.7208,0.17700000000000007,0.001,7.7839946,43977.37062146891,40650.3,0.0406503,4.0868507,23089.551977401123,19806.517,0.019806517,0.5,1.0,20.0,10 V,2.0,True,1
44.7375,0.17700000000000007,0.001,7.7839946,43977.37062146891,40655.8,0.0406558,4.0868507,23089.551977401123,19803.914,0.019803914,0.5,1.0,20.0,10 V,2.0,True,1
44.7543,0.17700000000000007,0.001,7.7839946,43977.37062146891,40650.3,0.0406503,4.0868507,23089.551977401123,19794.719999999998,0.01979472,0.5,1.0,20.0,10 V,2.0,True,1
44.7709,0.17700000000000007,0.001,7.7839946,43977.37062146891,40666.8,0.0406668,4.0868507,23089.551977401123,19799.261,0.019799261,0.5,1.0,20.0,10 V,2.0,True,1
44.7877,0.17700000000000007,0.001,7.7839946,43977.37062146891,40655.8,0.0406558,4.0868507,23089.551977401123,19801.698,0.019801698,0.5,1.0,20.0,10 V,2.0,True,1
44.8044,0.17700000000000007,0.001,7.7839946,43977.37062146891,40650.3,0.0406503,4.0868507,23089.551977401123,19805.354000000003,0.019805354,0.5,1.0,20.0,10 V,2.0,True,1
44.8212,0.17700000000000007,0.001,7.7839946,43977.37062146891,40650.3,0.0406503,4.0868507,23089.551977401123,19806.018000000004,0.019806018,0.5,1.0,20.0,10 V,2.0,True,1
44.8379,0.17700000000000007,0.001,7.7839946,43977.37062146891,40677.8,0.0406778,4.0868507,23089.551977401123,19815.046,0.019815046,0.5,1.0,20.0,10 V,2.0,True,1
44.8549,0.17700000000000007,0.001,7.7839946,43977.37062146891,40661.3,0.0406613,4.0868507,23089.551977401123,19808.843,0.019808843,0.5,1.0,20.0,10 V,2.0,True,1
44.8716,0.17700000000000007,0.001,7.7839946,43977.37062146891,40661.3,0.0406613,4.0868507,23089.551977401123,19810.615,0.019810615,0.5,1.0,20.0,10 V,2.0,True,1
44.8883,0.17700000000000007,0.001,7.7839946,43977.37062146891,40655.8,0.0406558,4.0868507,23089.551977401123,19811.335,0.019811335,0.5,1.0,20.0,10 V,2.0,True,1
44.9049,0.17700000000000007,0.001,7.7839946,43977.37062146891,40672.3,0.0406723,4.0868507,23089.551977401123,19821.415,0.019821415,0.5,1.0,20.0,10 V,2.0,True,1
44.9219,0.17700000000000007,0.001,7.7839946,43977.37062146891,40650.3,0.0406503,4.0868507,23089.551977401123,19815.434,0.019815434,0.5,1.0,20.0,10 V,2.0,True,1
44.9387,0.17700000000000007,0.001,7.7839946,43977.37062146891,40661.3,0.0406613,4.0868507,23089.551977401123,19811.335,0.019811335,0.5,1.0,20.0,10 V,2.0,True,1
44.9554,0.17700000000000007,0.001,7.7839946,43977.37062146891,40661.3,0.0406613,4.0868507,23089.551977401123,19803.083,0.019803083,0.5,1.0,20.0,10 V,2.0,True,1
44.9723,0.17700000000000007,0.001,7.7839946,43977.37062146891,40655.8,0.0406558,4.0868507,23089.551977401123,19805.963,0.019805963,0.5,1.0,20.0,10 V,2.0,True,1
44.9891,0.17700000000000007,0.001,7.7839946,43977.37062146891,40655.8,0.0406558,4.0868507,23089.551977401123,19802.417999999998,0.019802418,0.5,1.0,20.0,10 V,2.0,True,1
45.0057,0.17700000000000007,0.001,7.7839946,43977.37062146891,40661.3,0.0406613,4.0868507,23089.551977401123,19800.701,0.019800701,0.5,1.0,20.0,10 V,2.0,True,1
45.0224,0.17700000000000007,0.001,7.7839946,43977.37062146891,40666.8,0.0406668,4.0868507,23089.551977401123,19812.277000000002,0.019812277,0.5,1.0,20.0,10 V,2.0,True,1
45.0392,0.17700000000000007,0.001,7.7839946,43977.37062146891,40666.8,0.0406668,4.0868507,23089.551977401123,19803.969,0.019803969,0.5,1.0,20.0,10 V,2.0,True,1
45.0559,0.17700000000000007,0.001,7.7839946,43977.37062146891,40666.8,0.0406668,4.0868507,23089.551977401123,19808.068000000003,0.019808068,0.5,1.0,20.0,10 V,2.0,True,1
45.0728,0.17700000000000007,0.001,7.7839946,43977.37062146891,40661.3,0.0406613,4.0868507,23089.551977401123,19795.052,0.019795052,0.5,1.0,20.0,10 V,2.0,True,1
45.0897,0.17700000000000007,0.001,7.7839946,43977.37062146891,40650.3,0.0406503,4.0868507,23089.551977401123,19797.101000000002,0.019797101,0.5,1.0,20.0,10 V,2.0,True,1
45.1064,0.17700000000000007,0.001,7.7839946,43977.37062146891,40633.8,0.0406338,4.0868507,23089.551977401123,19799.705,0.019799705,0.5,1.0,20.0,10 V,2.0,True,1
45.1229,0.17700000000000007,0.001,7.7839946,43977.37062146891,40650.3,0.0406503,4.0868507,23089.551977401123,19793.335,0.019793335,0.5,1.0,20.0,10 V,2.0,True,1
45.1399,0.17700000000000007,0.001,7.7839946,43977.37062146891,40655.8,0.0406558,4.0868507,23089.551977401123,19805.188000000002,0.019805188,0.5,1.0,20.0,10 V,2.0,True,1
45.1568,0.17700000000000007,0.001,7.7839946,43977.37062146891,40650.3,0.0406503,4.0868507,23089.551977401123,19801.421000000002,0.019801421,0.5,1.0,20.0,10 V,2.0,True,1
45.1733,0.17700000000000007,0.001,7.7839946,43977.37062146891,40655.8,0.0406558,4.0868507,23089.551977401123,19800.978000000003,0.019800978,0.5,1.0,20.0,10 V,2.0,True,1
45.1902,0.17700000000000007,0.001,7.7839946,43977.37062146891,40661.3,0.0406613,4.0868507,23089.551977401123,19799.428000000004,0.019799428,0.5,1.0,20.0,10 V,2.0,True,1
45.2070,0.17700000000000007,0.001,7.7839946,43977.37062146891,40628.3,0.0406283,4.0868507,23089.551977401123,19798.154,0.019798154,0.5,1.0,20.0,10 V,2.0,True,1
45.2238,0.17700000000000007,0.001,7.7839946,43977.37062146891,40655.8,0.0406558,4.0868507,23089.551977401123,19807.015000000003,0.019807015,0.5,1.0,20.0,10 V,2.0,True,1
45.2404,0.17700000000000007,0.001,7.7839946,43977.37062146891,40655.8,0.0406558,4.0868507,23089.551977401123,19802.64,0.01980264,0.5,1.0,20.0,10 V,2.0,True,1
45.2575,0.17700000000000007,0.001,7.7839946,43977.37062146891,40639.3,0.0406393,4.0868507,23089.551977401123,19800.037,0.019800037,0.5,1.0,20.0,10 V,2.0,True,1
45.2740,0.17700000000000007,0.001,7.7839946,43977.37062146891,40650.3,0.0406503,4.0868507,23089.551977401123,19810.117,0.019810117,0.5,1.0,20.0,10 V,2.0,True,1
45.2907,0.17700000000000007,0.001,7.7839946,43977.37062146891,40650.3,0.0406503,4.0868507,23089.551977401123,19795.163,0.019795163,0.5,1.0,20.0,10 V,2.0,True,1
45.3075,0.17700000000000007,0.001,7.7839946,43977.37062146891,40661.3,0.0406613,4.0868507,23089.551977401123,19804.689000000002,0.019804689,0.5,1.0,20.0,10 V,2.0,True,1
45.3242,0.17700000000000007,0.001,7.7839946,43977.37062146891,40644.8,0.0406448,4.0868507,23089.551977401123,19795.717,0.019795717,0.5,1.0,20.0,10 V,2.0,True,1
45.3409,0.17700000000000007,0.001,7.7839946,43977.37062146891,40639.3,0.0406393,4.0868507,23089.551977401123,19802.971999999998,0.019802972,0.5,1.0,20.0,10 V,2.0,True,1
45.3577,0.17700000000000007,0.001,7.7839946,43977.37062146891,40639.3,0.0406393,4.0868507,23089.551977401123,19794.831,0.019794831,0.5,1.0,20.0,10 V,2.0,True,1
45.3744,0.17700000000000007,0.001,7.7839946,43977.37062146891,40644.8,0.0406448,4.0868507,23089.551977401123,19794.664,0.019794664,0.5,1.0,20.0,10 V,2.0,True,1
45.3910,0.17700000000000007,0.001,7.7839946,43977.37062146891,40650.3,0.0406503,4.0868507,23089.551977401123,19798.209000000003,0.019798209,0.5,1.0,20.0,10 V,2.0,True,1
45.4078,0.17700000000000007,0.001,7.7839946,43977.37062146891,40644.8,0.0406448,4.0868507,23089.551977401123,19791.009,0.019791009,0.5,1.0,20.0,10 V,2.0,True,1
45.4247,0.17700000000000007,0.001,7.7839946,43977.37062146891,40650.3,0.0406503,4.0868507,23089.551977401123,19797.212000000003,0.019797212,0.5,1.0,20.0,10 V,2.0,True,1
45.4415,0.17700000000000007,0.001,7.7839946,43977.37062146891,40650.3,0.0406503,4.0868507,23089.551977401123,19799.261,0.019799261,0.5,1.0,20.0,10 V,2.0,True,1
45.4582,0.17700000000000007,0.001,7.7839946,43977.37062146891,40650.3,0.0406503,4.0868507,23089.551977401123,19798.597,0.019798597,0.5,1.0,20.0,10 V,2.0,True,1
45.4749,0.17700000000000007,0.001,7.7839946,43977.37062146891,40639.3,0.0406393,4.0868507,23089.551977401123,19796.548000000003,0.019796548,0.5,1.0,20.0,10 V,2.0,True,1
45.4916,0.17700000000000007,0.001,7.7839946,43977.37062146891,40650.3,0.0406503,4.0868507,23089.551977401123,19802.64,0.01980264,0.5,1.0,20.0,10 V,2.0,True,1
45.5084,0.17700000000000007,0.001,7.7839946,43977.37062146891,40644.8,0.0406448,4.0868507,23089.551977401123,19789.015,0.019789015,0.5,1.0,20.0,10 V,2.0,True,1
45.5250,0.17700000000000007,0.001,7.7839946,43977.37062146891,40644.8,0.0406448,4.0868507,23089.551977401123,19791.452,0.019791452,0.5,1.0,20.0,10 V,2.0,True,1
45.5418,0.17700000000000007,0.001,7.7839946,43977.37062146891,40650.3,0.0406503,4.0868507,23089.551977401123,19793.557,0.019793557,0.5,1.0,20.0,10 V,2.0,True,1
45.5586,0.17700000000000007,0.001,7.7839946,43977.37062146891,40639.3,0.0406393,4.0868507,23089.551977401123,19797.046,0.019797046,0.5,1.0,20.0,10 V,2.0,True,1
45.5752,0.17700000000000007,0.001,7.7839946,43977.37062146891,40639.3,0.0406393,4.0868507,23089.551977401123,19790.621000000003,0.019790621,0.5,1.0,20.0,10 V,2.0,True,1
45.5920,0.17700000000000007,0.001,7.7839946,43977.37062146891,40644.8,0.0406448,4.0868507,23089.551977401123,19806.96,0.01980696,0.5,1.0,20.0,10 V,2.0,True,1
45.6087,0.17700000000000007,0.001,7.7839946,43977.37062146891,40661.3,0.0406613,4.0868507,23089.551977401123,19811.889,0.019811889,0.5,1.0,20.0,10 V,2.0,True,1
45.6253,0.17700000000000007,0.001,7.7839946,43977.37062146891,40650.3,0.0406503,4.0868507,23089.551977401123,19804.191,0.019804191,0.5,1.0,20.0,10 V,2.0,True,1
45.6421,0.17700000000000007,0.001,7.7839946,43977.37062146891,40655.8,0.0406558,4.0868507,23089.551977401123,19808.178,0.019808178,0.5,1.0,20.0,10 V,2.0,True,1
45.6588,0.17700000000000007,0.001,7.7839946,43977.37062146891,40655.8,0.0406558,4.0868507,23089.551977401123,19804.800000000003,0.0198048,0.5,1.0,20.0,10 V,2.0,True,1
45.6756,0.17700000000000007,0.001,7.7839946,43977.37062146891,40661.3,0.0406613,4.0868507,23089.551977401123,19810.449,0.019810449,0.5,1.0,20.0,10 V,2.0,True,1
45.6921,0.17700000000000007,0.001,7.7839946,43977.37062146891,40661.3,0.0406613,4.0868507,23089.551977401123,19806.572000000004,0.019806572,0.5,1.0,20.0,10 V,2.0,True,1
45.7090,0.17700000000000007,0.001,7.7839946,43977.37062146891,40666.8,0.0406668,4.0868507,23089.551977401123,19809.563,0.019809563,0.5,1.0,20.0,10 V,2.0,True,1
45.7259,0.17700000000000007,0.001,7.7839946,43977.37062146891,40655.8,0.0406558,4.0868507,23089.551977401123,19806.406,0.019806406,0.5,1.0,20.0,10 V,2.0,True,1
45.7427,0.17700000000000007,0.001,7.7839946,43977.37062146891,40655.8,0.0406558,4.0868507,23089.551977401123,19813.994000000002,0.019813994,0.5,1.0,20.0,10 V,2.0,True,1
45.7595,0.17700000000000007,0.001,7.7839946,43977.37062146891,40650.3,0.0406503,4.0868507,23089.551977401123,19812.055,0.019812055,0.5,1.0,20.0,10 V,2.0,True,1
45.7761,0.17700000000000007,0.001,7.7839946,43977.37062146891,40661.3,0.0406613,4.0868507,23089.551977401123,19809.951,0.019809951,0.5,1.0,20.0,10 V,2.0,True,1
45.7930,0.17700000000000007,0.001,7.7839946,43977.37062146891,40661.3,0.0406613,4.0868507,23089.551977401123,19809.84,0.01980984,0.5,1.0,20.0,10 V,2.0,True,1
45.8097,0.17700000000000007,0.001,7.7839946,43977.37062146891,40655.8,0.0406558,4.0868507,23089.551977401123,19800.369000000002,0.019800369,0.5,1.0,20.0,10 V,2.0,True,1
45.8264,0.17700000000000007,0.001,7.7839946,43977.37062146891,40650.3,0.0406503,4.0868507,23089.551977401123,19799.428000000004,0.019799428,0.5,1.0,20.0,10 V,2.0,True,1
45.8430,0.17700000000000007,0.001,7.7839946,43977.37062146891,40650.3,0.0406503,4.0868507,23089.551977401123,19797.046,0.019797046,0.5,1.0,20.0,10 V,2.0,True,1
45.8600,0.17700000000000007,0.001,7.7839946,43977.37062146891,40644.8,0.0406448,4.0868507,23089.551977401123,19795.274,0.019795274,0.5,1.0,20.0,10 V,2.0,True,1
45.8768,0.17700000000000007,0.001,7.7839946,43977.37062146891,40650.3,0.0406503,4.0868507,23089.551977401123,19794.443,0.019794443,0.5,1.0,20.0,10 V,2.0,True,1
45.8935,0.17700000000000007,0.001,7.7839946,43977.37062146891,40650.3,0.0406503,4.0868507,23089.551977401123,19805.963,0.019805963,0.5,1.0,20.0,10 V,2.0,True,1
45.9103,0.17700000000000007,0.001,7.7839946,43977.37062146891,40655.8,0.0406558,4.0868507,23089.551977401123,19796.437,0.019796437,0.5,1.0,20.0,10 V,2.0,True,1
45.9270,0.17700000000000007,0.001,7.7839946,43977.37062146891,40655.8,0.0406558,4.0868507,23089.551977401123,19808.178,0.019808178,0.5,1.0,20.0,10 V,2.0,True,1
45.9437,0.17700000000000007,0.001,7.7839946,43977.37062146891,40661.3,0.0406613,4.0868507,23089.551977401123,19804.578,0.019804578,0.5,1.0,20.0,10 V,2.0,True,1
45.9605,0.17700000000000007,0.001,7.7839946,43977.37062146891,40639.3,0.0406393,4.0868507,23089.551977401123,19812.609,0.019812609,0.5,1.0,20.0,10 V,2.0,True,1
45.9774,0.17700000000000007,0.001,7.7839946,43977.37062146891,40655.8,0.0406558,4.0868507,23089.551977401123,19810.726000000002,0.019810726,0.5,1.0,20.0,10 V,2.0,True,1
45.9940,0.17700000000000007,0.001,7.7839946,43977.37062146891,40644.8,0.0406448,4.0868507,23089.551977401123,19798.431,0.019798431,0.5,1.0,20.0,10 V,2.0,True,1
46.0108,0.17700000000000007,0.001,7.7839946,43977.37062146891,40655.8,0.0406558,4.0868507,23089.551977401123,19800.258,0.019800258,0.5,1.0,20.0,10 V,2.0,True,1
46.0275,0.17700000000000007,0.001,7.7839946,43977.37062146891,40644.8,0.0406448,4.0868507,23089.551977401123,19800.812,0.019800812,0.5,1.0,20.0,10 V,2.0,True,1
46.0444,0.17700000000000007,0.001,7.7839946,43977.37062146891,40633.8,0.0406338,4.0868507,23089.551977401123,19797.988,0.019797988,0.5,1.0,20.0,10 V,2.0,True,1
46.0611,0.17700000000000007,0.001,7.7839946,43977.37062146891,40661.3,0.0406613,4.0868507,23089.551977401123,19803.969,0.019803969,0.5,1.0,20.0,10 V,2.0,True,1
46.0779,0.17700000000000007,0.001,7.7839946,43977.37062146891,40650.3,0.0406503,4.0868507,23089.551977401123,19812.166,0.019812166,0.5,1.0,20.0,10 V,2.0,True,1
46.0944,0.17700000000000007,0.001,7.7839946,43977.37062146891,40650.3,0.0406503,4.0868507,23089.551977401123,19804.357000000004,0.019804357,0.5,1.0,20.0,10 V,2.0,True,1
46.1113,0.17700000000000007,0.001,7.7839946,43977.37062146891,40644.8,0.0406448,4.0868507,23089.551977401123,19806.129,0.019806129,0.5,1.0,20.0,10 V,2.0,True,1
46.1280,0.17700000000000007,0.001,7.7839946,43977.37062146891,40666.8,0.0406668,4.0868507,23089.551977401123,19803.525999999998,0.019803526,0.5,1.0,20.0,10 V,2.0,True,1
46.1448,0.17700000000000007,0.001,7.7839946,43977.37062146891,40655.8,0.0406558,4.0868507,23089.551977401123,19804.412,0.019804412,0.5,1.0,20.0,10 V,2.0,True,1
46.1616,0.17700000000000007,0.001,7.7839946,43977.37062146891,40661.3,0.0406613,4.0868507,23089.551977401123,19814.105,0.019814105,0.5,1.0,20.0,10 V,2.0,True,1
46.1785,0.17700000000000007,0.001,7.7839946,43977.37062146891,40650.3,0.0406503,4.0868507,23089.551977401123,19807.957000000002,0.019807957,0.5,1.0,20.0,10 V,2.0,True,1
46.1951,0.17700000000000007,0.001,7.7839946,43977.37062146891,40644.8,0.0406448,4.0868507,23089.551977401123,19806.683,0.019806683,0.5,1.0,20.0,10 V,2.0,True,1
46.2119,0.17700000000000007,0.001,7.7839946,43977.37062146891,40655.8,0.0406558,4.0868507,23089.551977401123,19805.132,0.019805132,0.5,1.0,20.0,10 V,2.0,True,1
46.2287,0.17700000000000007,0.001,7.7839946,43977.37062146891,40644.8,0.0406448,4.0868507,23089.551977401123,19805.465000000004,0.019805465,0.5,1.0,20.0,10 V,2.0,True,1
46.2455,0.17700000000000007,0.001,7.7839946,43977.37062146891,40655.8,0.0406558,4.0868507,23089.551977401123,19801.920000000002,0.01980192,0.5,1.0,20.0,10 V,2.0,True,1
46.2621,0.17700000000000007,0.001,7.7839946,43977.37062146891,40644.8,0.0406448,4.0868507,23089.551977401123,19800.203,0.019800203,0.5,1.0,20.0,10 V,2.0,True,1
46.2788,0.17700000000000007,0.001,7.7839946,43977.37062146891,40661.3,0.0406613,4.0868507,23089.551977401123,19805.354000000003,0.019805354,0.5,1.0,20.0,10 V,2.0,True,1
46.2957,0.17700000000000007,0.001,7.7839946,43977.37062146891,40655.8,0.0406558,4.0868507,23089.551977401123,19801.864999999998,0.019801865,0.5,1.0,20.0,10 V,2.0,True,1
46.3125,0.17700000000000007,0.001,7.7839946,43977.37062146891,40655.8,0.0406558,4.0868507,23089.551977401123,19801.089000000004,0.019801089,0.5,1.0,20.0,10 V,2.0,True,1
46.3292,0.17700000000000007,0.001,7.7839946,43977.37062146891,40650.3,0.0406503,4.0868507,23089.551977401123,19795.218,0.019795218,0.5,1.0,20.0,10 V,2.0,True,1
46.3460,0.17700000000000007,0.001,7.7839946,43977.37062146891,40639.3,0.0406393,4.0868507,23089.551977401123,19795.495,0.019795495,0.5,1.0,20.0,10 V,2.0,True,1
46.3626,0.17700000000000007,0.001,7.7839946,43977.37062146891,40644.8,0.0406448,4.0868507,23089.551977401123,19795.329,0.019795329,0.5,1.0,20.0,10 V,2.0,True,1
46.3794,0.17700000000000007,0.001,7.7839946,43977.37062146891,40650.3,0.0406503,4.0868507,23089.551977401123,19807.68,0.01980768,0.5,1.0,20.0,10 V,2.0,True,1
46.3962,0.17700000000000007,0.001,7.7839946,43977.37062146891,40655.8,0.0406558,4.0868507,23089.551977401123,19806.738,0.019806738,0.5,1.0,20.0,10 V,2.0,True,1
46.4129,0.17700000000000007,0.001,7.7839946,43977.37062146891,40655.8,0.0406558,4.0868507,23089.551977401123,19802.031000000003,0.019802031,0.5,1.0,20.0,10 V,2.0,True,1
46.4299,0.17700000000000007,0.001,7.7839946,43977.37062146891,40639.3,0.0406393,4.0868507,23089.551977401123,19795.994000000002,0.019795994,0.5,1.0,20.0,10 V,2.0,True,1
46.4467,0.17700000000000007,0.001,7.7839946,43977.37062146891,40661.3,0.0406613,4.0868507,23089.551977401123,19794.332000000002,0.019794332,0.5,1.0,20.0,10 V,2.0,True,1
46.4634,0.17700000000000007,0.001,7.7839946,43977.37062146891,40650.3,0.0406503,4.0868507,23089.551977401123,19806.738,0.019806738,0.5,1.0,20.0,10 V,2.0,True,1
46.4800,0.17700000000000007,0.001,7.7839946,43977.37062146891,40666.8,0.0406668,4.0868507,23089.551977401123,19811.058,0.019811058,0.5,1.0,20.0,10 V,2.0,True,1
46.4967,0.17700000000000007,0.001,7.7839946,43977.37062146891,40655.8,0.0406558,4.0868507,23089.551977401123,19805.077,0.019805077,0.5,1.0,20.0,10 V,2.0,True,1
46.5137,0.17700000000000007,0.001,7.7839946,43977.37062146891,40655.8,0.0406558,4.0868507,23089.551977401123,19810.505,0.019810505,0.5,1.0,20.0,10 V,2.0,True,1
46.5303,0.17700000000000007,0.001,7.7839946,43977.37062146891,40655.8,0.0406558,4.0868507,23089.551977401123,19801.255,0.019801255,0.5,1.0,20.0,10 V,2.0,True,1
46.5472,0.17700000000000007,0.001,7.7839946,43977.37062146891,40666.8,0.0406668,4.0868507,23089.551977401123,19812.665,0.019812665,0.5,1.0,20.0,10 V,2.0,True,1
46.5639,0.17700000000000007,0.001,7.7839946,43977.37062146891,40661.3,0.0406613,4.0868507,23089.551977401123,19806.905,0.019806905,0.5,1.0,20.0,10 V,2.0,True,1
46.5808,0.17700000000000007,0.001,7.7839946,43977.37062146891,40655.8,0.0406558,4.0868507,23089.551977401123,19804.689000000002,0.019804689,0.5,1.0,20.0,10 V,2.0,True,1
46.5973,0.17700000000000007,0.001,7.7839946,43977.37062146891,40650.3,0.0406503,4.0868507,23089.551977401123,19804.08,0.01980408,0.5,1.0,20.0,10 V,2.0,True,1
46.6143,0.17700000000000007,0.001,7.7839946,43977.37062146891,40650.3,0.0406503,4.0868507,23089.551977401123,19804.191,0.019804191,0.5,1.0,20.0,10 V,2.0,True,1
46.6309,0.17700000000000007,0.001,7.7839946,43977.37062146891,40655.8,0.0406558,4.0868507,23089.551977401123,19805.354000000003,0.019805354,0.5,1.0,20.0,10 V,2.0,True,1
46.6477,0.17700000000000007,0.001,7.7839946,43977.37062146891,40661.3,0.0406613,4.0868507,23089.551977401123,19808.123,0.019808123,0.5,1.0,20.0,10 V,2.0,True,1
46.6645,0.17700000000000007,0.001,7.7839946,43977.37062146891,40644.8,0.0406448,4.0868507,23089.551977401123,19813.551,0.019813551,0.5,1.0,20.0,10 V,2.0,True,1
46.7008,0.18700000000000008,0.001,8.0337974,42961.48342245987,43740.9,0.0437409,4.2548306,22753.10481283421,21457.38,0.02145738,0.5,1.0,20.0,10 V,2.0,True,1
46.7341,0.1970000000000001,0.001,8.8019306,44679.8507614213,45775.6,0.0457756,4.6978713,23847.06243654821,22670.204,0.022670204,0.5,1.0,20.0,10 V,2.0,True,1
46.7676,0.2070000000000001,0.001,9.5050303,45918.02077294684,47381.3,0.0473813,5.1244691,24755.889371980662,23694.882,0.023694882,0.5,1.0,20.0,10 V,2.0,True,1
46.8010,0.2170000000000001,0.001,10.220755,47100.25345622117,48822.100000000006,0.0488221,5.5648869,25644.640092165886,24680.016,0.024680016,0.5,1.0,20.0,10 V,2.0,True,1
46.8345,0.22700000000000012,0.001,10.938658,48187.92070484579,50136.5,0.0501365,6.004859,26453.123348017605,25611.925000000003,0.025611925,0.5,1.0,20.0,10 V,2.0,True,1
46.8489,0.22700000000000012,0.001,10.938658,48187.92070484579,48272.200000000004,0.0482722,6.004859,26453.123348017605,24763.869000000002,0.024763869,0.5,1.0,20.0,10 V,2.0,True,1
46.8657,0.22700000000000012,0.001,10.938658,48187.92070484579,47287.9,0.0472879,6.004859,26453.123348017605,24177.785,0.024177785,0.5,1.0,20.0,10 V,2.0,True,1
46.8823,0.22700000000000012,0.001,10.938658,48187.92070484579,46627.9,0.0466279,6.004859,26453.123348017605,23772.366,0.023772366,0.5,1.0,20.0,10 V,2.0,True,1
46.8991,0.22700000000000012,0.001,10.938658,48187.92070484579,46122.00000000001,0.046122,6.004859,26453.123348017605,23453.847,0.023453847,0.5,1.0,20.0,10 V,2.0,True,1
46.9159,0.22700000000000012,0.001,10.938658,48187.92070484579,45731.6,0.0457316,6.004859,26453.123348017605,23208.713,0.023208713,0.5,1.0,20.0,10 V,2.0,True,1
46.9326,0.22700000000000012,0.001,10.938658,48187.92070484579,45390.600000000006,0.0453906,6.004859,26453.123348017605,22992.323,0.022992323,0.5,1.0,20.0,10 V,2.0,True,1
46.9494,0.22700000000000012,0.001,10.938658,48187.92070484579,45088.200000000004,0.0450882,6.004859,26453.123348017605,22811.048000000003,0.022811048,0.5,1.0,20.0,10 V,2.0,True,1
46.9662,0.22700000000000012,0.001,10.938658,48187.92070484579,44862.7,0.0448627,6.004859,26453.123348017605,22634.647,0.022634647,0.5,1.0,20.0,10 V,2.0,True,1
46.9829,0.22700000000000012,0.001,10.938658,48187.92070484579,44659.200000000004,0.0446592,6.004859,26453.123348017605,22517.453,0.022517453,0.5,1.0,20.0,10 V,2.0,True,1
46.9998,0.22700000000000012,0.001,10.938658,48187.92070484579,44483.3,0.0444833,6.004859,26453.123348017605,22386.246,0.022386246,0.5,1.0,20.0,10 V,2.0,True,1
47.0164,0.22700000000000012,0.001,10.938658,48187.92070484579,44329.3,0.0443293,6.004859,26453.123348017605,22280.793,0.022280793,0.5,1.0,20.0,10 V,2.0,True,1
47.0330,0.22700000000000012,0.001,10.938658,48187.92070484579,44191.8,0.0441918,6.004859,26453.123348017605,22184.700000000004,0.0221847,0.5,1.0,20.0,10 V,2.0,True,1
47.0499,0.22700000000000012,0.001,10.938658,48187.92070484579,44076.3,0.0440763,6.004859,26453.123348017605,22106.773,0.022106773,0.5,1.0,20.0,10 V,2.0,True,1
47.0665,0.22700000000000012,0.001,10.938658,48187.92070484579,43955.3,0.0439553,6.004859,26453.123348017605,22035.271,0.022035271,0.5,1.0,20.0,10 V,2.0,True,1
47.0833,0.22700000000000012,0.001,10.938658,48187.92070484579,43872.8,0.0438728,6.004859,26453.123348017605,21957.95,0.02195795,0.5,1.0,20.0,10 V,2.0,True,1
47.1000,0.22700000000000012,0.001,10.938658,48187.92070484579,43784.8,0.0437848,6.004859,26453.123348017605,21902.952,0.021902952,0.5,1.0,20.0,10 V,2.0,True,1
47.1168,0.22700000000000012,0.001,10.938658,48187.92070484579,43696.9,0.0436969,6.004859,26453.123348017605,21845.851,0.021845851,0.5,1.0,20.0,10 V,2.0,True,1
47.1335,0.22700000000000012,0.001,10.938658,48187.92070484579,43647.4,0.0436474,6.004859,26453.123348017605,21788.139000000003,0.021788139,0.5,1.0,20.0,10 V,2.0,True,1
47.1504,0.22700000000000012,0.001,10.938658,48187.92070484579,43581.4,0.0435814,6.004859,26453.123348017605,21754.964000000004,0.021754964,0.5,1.0,20.0,10 V,2.0,True,1
47.1672,0.22700000000000012,0.001,10.938658,48187.92070484579,43509.9,0.0435099,6.004859,26453.123348017605,21719.794,0.021719794,0.5,1.0,20.0,10 V,2.0,True,1
47.1838,0.22700000000000012,0.001,10.938658,48187.92070484579,43454.9,0.0434549,6.004859,26453.123348017605,21672.773,0.021672773,0.5,1.0,20.0,10 V,2.0,True,1
47.2006,0.22700000000000012,0.001,10.938658,48187.92070484579,43410.9,0.0434109,6.004859,26453.123348017605,21631.455,0.021631455,0.5,1.0,20.0,10 V,2.0,True,1
47.2173,0.22700000000000012,0.001,10.938658,48187.92070484579,43350.4,0.0433504,6.004859,26453.123348017605,21598.058,0.021598058,0.5,1.0,20.0,10 V,2.0,True,1
47.2339,0.22700000000000012,0.001,10.938658,48187.92070484579,43300.90000000001,0.0433009,6.004859,26453.123348017605,21565.658000000003,0.021565658,0.5,1.0,20.0,10 V,2.0,True,1
47.2508,0.22700000000000012,0.001,10.938658,48187.92070484579,43262.4,0.0432624,6.004859,26453.123348017605,21536.359000000004,0.021536359,0.5,1.0,20.0,10 V,2.0,True,1
47.2676,0.22700000000000012,0.001,10.938658,48187.92070484579,43212.9,0.0432129,6.004859,26453.123348017605,21511.935,0.021511935,0.5,1.0,20.0,10 V,2.0,True,1
47.2842,0.22700000000000012,0.001,10.938658,48187.92070484579,43196.4,0.0431964,6.004859,26453.123348017605,21476.71,0.02147671,0.5,1.0,20.0,10 V,2.0,True,1
47.3012,0.22700000000000012,0.001,10.938658,48187.92070484579,43141.40000000001,0.0431414,6.004859,26453.123348017605,21452.673,0.021452673,0.5,1.0,20.0,10 V,2.0,True,1
47.3180,0.22700000000000012,0.001,10.938658,48187.92070484579,43119.4,0.0431194,6.004859,26453.123348017605,21433.565000000002,0.021433565,0.5,1.0,20.0,10 V,2.0,True,1
47.3348,0.22700000000000012,0.001,10.938658,48187.92070484579,43075.4,0.0430754,6.004859,26453.123348017605,21404.875,0.021404875,0.5,1.0,20.0,10 V,2.0,True,1
47.3514,0.22700000000000012,0.001,10.938658,48187.92070484579,43042.5,0.0430425,6.004859,26453.123348017605,21385.269,0.021385269,0.5,1.0,20.0,10 V,2.0,True,1
47.3681,0.22700000000000012,0.001,10.938658,48187.92070484579,43015.0,0.043015,6.004859,26453.123348017605,21368.986,0.021368986,0.5,1.0,20.0,10 V,2.0,True,1
47.3848,0.22700000000000012,0.001,10.938658,48187.92070484579,42971.00000000001,0.042971,6.004859,26453.123348017605,21337.915,0.021337915,0.5,1.0,20.0,10 V,2.0,True,1
47.4019,0.22700000000000012,0.001,10.938658,48187.92070484579,42954.5,0.0429545,6.004859,26453.123348017605,21321.355,0.021321355,0.5,1.0,20.0,10 V,2.0,True,1
47.4183,0.22700000000000012,0.001,10.938658,48187.92070484579,42927.0,0.042927,6.004859,26453.123348017605,21295.656,0.021295656,0.5,1.0,20.0,10 V,2.0,True,1
47.4352,0.22700000000000012,0.001,10.938658,48187.92070484579,42888.50000000001,0.0428885,6.004859,26453.123348017605,21276.77,0.02127677,0.5,1.0,20.0,10 V,2.0,True,1
47.4520,0.22700000000000012,0.001,10.938658,48187.92070484579,42872.0,0.042872,6.004859,26453.123348017605,21263.755,0.021263755,0.5,1.0,20.0,10 V,2.0,True,1
47.4687,0.22700000000000012,0.001,10.938658,48187.92070484579,42844.5,0.0428445,6.004859,26453.123348017605,21248.025,0.021248025,0.5,1.0,20.0,10 V,2.0,True,1
47.4854,0.22700000000000012,0.001,10.938658,48187.92070484579,42833.5,0.0428335,6.004859,26453.123348017605,21226.647,0.021226647,0.5,1.0,20.0,10 V,2.0,True,1
47.5021,0.22700000000000012,0.001,10.938658,48187.92070484579,42800.5,0.0428005,6.004859,26453.123348017605,21208.868,0.021208868,0.5,1.0,20.0,10 V,2.0,True,1
47.5190,0.22700000000000012,0.001,10.938658,48187.92070484579,42795.0,0.042795,6.004859,26453.123348017605,21202.942,0.021202942,0.5,1.0,20.0,10 V,2.0,True,1
47.5358,0.22700000000000012,0.001,10.938658,48187.92070484579,42778.5,0.0427785,6.004859,26453.123348017605,21183.834,0.021183834,0.5,1.0,20.0,10 V,2.0,True,1
47.5524,0.22700000000000012,0.001,10.938658,48187.92070484579,42745.5,0.0427455,6.004859,26453.123348017605,21166.111,0.021166111,0.5,1.0,20.0,10 V,2.0,True,1
47.5694,0.22700000000000012,0.001,10.938658,48187.92070484579,42729.00000000001,0.042729,6.004859,26453.123348017605,21162.012000000002,0.021162012,0.5,1.0,20.0,10 V,2.0,True,1
47.5862,0.22700000000000012,0.001,10.938658,48187.92070484579,42701.50000000001,0.0427015,6.004859,26453.123348017605,21142.96,0.02114296,0.5,1.0,20.0,10 V,2.0,True,1
47.6027,0.22700000000000012,0.001,10.938658,48187.92070484579,42685.0,0.042685,6.004859,26453.123348017605,21131.883,0.021131883,0.5,1.0,20.0,10 V,2.0,True,1
47.6197,0.22700000000000012,0.001,10.938658,48187.92070484579,42668.5,0.0426685,6.004859,26453.123348017605,21117.649,0.021117649,0.5,1.0,20.0,10 V,2.0,True,1
47.6364,0.22700000000000012,0.001,10.938658,48187.92070484579,42652.00000000001,0.042652,6.004859,26453.123348017605,21109.286000000004,0.021109286,0.5,1.0,20.0,10 V,2.0,True,1
47.6531,0.22700000000000012,0.001,10.938658,48187.92070484579,42624.50000000001,0.0426245,6.004859,26453.123348017605,21096.16,0.02109616,0.5,1.0,20.0,10 V,2.0,True,1
47.6698,0.22700000000000012,0.001,10.938658,48187.92070484579,42608.0,0.042608,6.004859,26453.123348017605,21086.135,0.021086135,0.5,1.0,20.0,10 V,2.0,True,1
47.6865,0.22700000000000012,0.001,10.938658,48187.92070484579,42608.0,0.042608,6.004859,26453.123348017605,21072.233,0.021072233,0.5,1.0,20.0,10 V,2.0,True,1
47.7032,0.22700000000000012,0.001,10.938658,48187.92070484579,42591.5,0.0425915,6.004859,26453.123348017605,21072.566000000003,0.021072566,0.5,1.0,20.0,10 V,2.0,True,1
47.7200,0.22700000000000012,0.001,10.938658,48187.92070484579,42575.00000000001,0.042575,6.004859,26453.123348017605,21058.055,0.021058055,0.5,1.0,20.0,10 V,2.0,True,1
47.7368,0.22700000000000012,0.001,10.938658,48187.92070484579,42553.0,0.042553,6.004859,26453.123348017605,21038.172000000002,0.021038172,0.5,1.0,20.0,10 V,2.0,True,1
47.7535,0.22700000000000012,0.001,10.938658,48187.92070484579,42542.00000000001,0.042542,6.004859,26453.123348017605,21035.569000000003,0.021035569,0.5,1.0,20.0,10 V,2.0,True,1
47.7703,0.22700000000000012,0.001,10.938658,48187.92070484579,42531.0,0.042531,6.004859,26453.123348017605,21022.498000000003,0.021022498,0.5,1.0,20.0,10 V,2.0,True,1
47.7872,0.22700000000000012,0.001,10.938658,48187.92070484579,42509.0,0.042509,6.004859,26453.123348017605,21006.159,0.021006159,0.5,1.0,20.0,10 V,2.0,True,1
47.8038,0.22700000000000012,0.001,10.938658,48187.92070484579,42509.0,0.042509,6.004859,26453.123348017605,20999.679,0.020999679,0.5,1.0,20.0,10 V,2.0,True,1
47.8207,0.22700000000000012,0.001,10.938658,48187.92070484579,42487.0,0.042487,6.004859,26453.123348017605,20991.925000000003,0.020991925,0.5,1.0,20.0,10 V,2.0,True,1
47.8375,0.22700000000000012,0.001,10.938658,48187.92070484579,42487.0,0.042487,6.004859,26453.123348017605,20989.931,0.020989931,0.5,1.0,20.0,10 V,2.0,True,1
47.8541,0.22700000000000012,0.001,10.938658,48187.92070484579,42465.00000000001,0.042465,6.004859,26453.123348017605,20979.74,0.02097974,0.5,1.0,20.0,10 V,2.0,True,1
47.8711,0.22700000000000012,0.001,10.938658,48187.92070484579,42470.5,0.0424705,6.004859,26453.123348017605,20975.365,0.020975365,0.5,1.0,20.0,10 V,2.0,True,1
47.8877,0.22700000000000012,0.001,10.938658,48187.92070484579,42448.5,0.0424485,6.004859,26453.123348017605,20969.881,0.020969881,0.5,1.0,20.0,10 V,2.0,True,1
47.9044,0.22700000000000012,0.001,10.938658,48187.92070484579,42426.5,0.0424265,6.004859,26453.123348017605,20962.847,0.020962847,0.5,1.0,20.0,10 V,2.0,True,1
47.9211,0.22700000000000012,0.001,10.938658,48187.92070484579,42437.50000000001,0.0424375,6.004859,26453.123348017605,20951.715,0.020951715,0.5,1.0,20.0,10 V,2.0,True,1
47.9381,0.22700000000000012,0.001,10.938658,48187.92070484579,42421.0,0.042421,6.004859,26453.123348017605,20944.681,0.020944681,0.5,1.0,20.0,10 V,2.0,True,1
47.9546,0.22700000000000012,0.001,10.938658,48187.92070484579,42388.00000000001,0.042388,6.004859,26453.123348017605,20926.57,0.02092657,0.5,1.0,20.0,10 V,2.0,True,1
47.9713,0.22700000000000012,0.001,10.938658,48187.92070484579,42388.00000000001,0.042388,6.004859,26453.123348017605,20931.001000000004,0.020931001,0.5,1.0,20.0,10 V,2.0,True,1
47.9881,0.22700000000000012,0.001,10.938658,48187.92070484579,42377.0,0.042377,6.004859,26453.123348017605,20921.253,0.020921253,0.5,1.0,20.0,10 V,2.0,True,1
48.0051,0.22700000000000012,0.001,10.938658,48187.92070484579,42371.5,0.0423715,6.004859,26453.123348017605,20920.311,0.020920311,0.5,1.0,20.0,10 V,2.0,True,1
48.0216,0.22700000000000012,0.001,10.938658,48187.92070484579,42349.600000000006,0.0423496,6.004859,26453.123348017605,20917.708000000002,0.020917708,0.5,1.0,20.0,10 V,2.0,True,1
48.0384,0.22700000000000012,0.001,10.938658,48187.92070484579,42349.600000000006,0.0423496,6.004859,26453.123348017605,20905.524,0.020905524,0.5,1.0,20.0,10 V,2.0,True,1
48.0552,0.22700000000000012,0.001,10.938658,48187.92070484579,42344.100000000006,0.0423441,6.004859,26453.123348017605,20900.041,0.020900041,0.5,1.0,20.0,10 V,2.0,True,1
48.0720,0.22700000000000012,0.001,10.938658,48187.92070484579,42316.600000000006,0.0423166,6.004859,26453.123348017605,20889.24,0.02088924,0.5,1.0,20.0,10 V,2.0,True,1
48.0887,0.22700000000000012,0.001,10.938658,48187.92070484579,42322.100000000006,0.0423221,6.004859,26453.123348017605,20885.917,0.020885917,0.5,1.0,20.0,10 V,2.0,True,1
48.1053,0.22700000000000012,0.001,10.938658,48187.92070484579,42294.600000000006,0.0422946,6.004859,26453.123348017605,20875.45,0.02087545,0.5,1.0,20.0,10 V,2.0,True,1
48.1223,0.22700000000000012,0.001,10.938658,48187.92070484579,42305.6,0.0423056,6.004859,26453.123348017605,20873.013,0.020873013,0.5,1.0,20.0,10 V,2.0,True,1
48.1390,0.22700000000000012,0.001,10.938658,48187.92070484579,42283.6,0.0422836,6.004859,26453.123348017605,20862.988,0.020862988,0.5,1.0,20.0,10 V,2.0,True,1
48.1559,0.22700000000000012,0.001,10.938658,48187.92070484579,42283.6,0.0422836,6.004859,26453.123348017605,20855.843,0.020855843,0.5,1.0,20.0,10 V,2.0,True,1
48.1727,0.22700000000000012,0.001,10.938658,48187.92070484579,42267.100000000006,0.0422671,6.004859,26453.123348017605,20850.305,0.020850305,0.5,1.0,20.0,10 V,2.0,True,1
48.1892,0.22700000000000012,0.001,10.938658,48187.92070484579,42261.600000000006,0.0422616,6.004859,26453.123348017605,20851.523,0.020851523,0.5,1.0,20.0,10 V,2.0,True,1
48.2062,0.22700000000000012,0.001,10.938658,48187.92070484579,42245.100000000006,0.0422451,6.004859,26453.123348017605,20834.188000000002,0.020834188,0.5,1.0,20.0,10 V,2.0,True,1
48.2229,0.22700000000000012,0.001,10.938658,48187.92070484579,42245.100000000006,0.0422451,6.004859,26453.123348017605,20840.114,0.020840114,0.5,1.0,20.0,10 V,2.0,True,1
48.2397,0.22700000000000012,0.001,10.938658,48187.92070484579,42245.100000000006,0.0422451,6.004859,26453.123348017605,20831.916999999998,0.020831917,0.5,1.0,20.0,10 V,2.0,True,1
48.2563,0.22700000000000012,0.001,10.938658,48187.92070484579,42234.1,0.0422341,6.004859,26453.123348017605,20817.572,0.020817572,0.5,1.0,20.0,10 V,2.0,True,1
48.2733,0.22700000000000012,0.001,10.938658,48187.92070484579,42217.600000000006,0.0422176,6.004859,26453.123348017605,20809.486,0.020809486,0.5,1.0,20.0,10 V,2.0,True,1
48.2901,0.22700000000000012,0.001,10.938658,48187.92070484579,42217.600000000006,0.0422176,6.004859,26453.123348017605,20807.769,0.020807769,0.5,1.0,20.0,10 V,2.0,True,1
48.3069,0.22700000000000012,0.001,10.938658,48187.92070484579,42206.6,0.0422066,6.004859,26453.123348017605,20808.932,0.020808932,0.5,1.0,20.0,10 V,2.0,True,1
48.3236,0.22700000000000012,0.001,10.938658,48187.92070484579,42190.100000000006,0.0421901,6.004859,26453.123348017605,20794.2,0.0207942,0.5,1.0,20.0,10 V,2.0,True,1
48.3403,0.22700000000000012,0.001,10.938658,48187.92070484579,42190.100000000006,0.0421901,6.004859,26453.123348017605,20803.061,0.020803061,0.5,1.0,20.0,10 V,2.0,True,1
48.3571,0.22700000000000012,0.001,10.938658,48187.92070484579,42184.600000000006,0.0421846,6.004859,26453.123348017605,20788.218,0.020788218,0.5,1.0,20.0,10 V,2.0,True,1
48.3737,0.22700000000000012,0.001,10.938658,48187.92070484579,42184.600000000006,0.0421846,6.004859,26453.123348017605,20784.286,0.020784286,0.5,1.0,20.0,10 V,2.0,True,1
48.3906,0.22700000000000012,0.001,10.938658,48187.92070484579,42162.600000000006,0.0421626,6.004859,26453.123348017605,20772.046,0.020772046,0.5,1.0,20.0,10 V,2.0,True,1
48.4074,0.22700000000000012,0.001,10.938658,48187.92070484579,42162.600000000006,0.0421626,6.004859,26453.123348017605,20782.347,0.020782347,0.5,1.0,20.0,10 V,2.0,True,1
48.4240,0.22700000000000012,0.001,10.938658,48187.92070484579,42168.1,0.0421681,6.004859,26453.123348017605,20788.274,0.020788274,0.5,1.0,20.0,10 V,2.0,True,1
48.4406,0.22700000000000012,0.001,10.938658,48187.92070484579,42140.600000000006,0.0421406,6.004859,26453.123348017605,20765.178,0.020765178,0.5,1.0,20.0,10 V,2.0,True,1
48.4575,0.22700000000000012,0.001,10.938658,48187.92070484579,42168.1,0.0421681,6.004859,26453.123348017605,20786.280000000002,0.02078628,0.5,1.0,20.0,10 V,2.0,True,1
48.4741,0.22700000000000012,0.001,10.938658,48187.92070484579,42146.1,0.0421461,6.004859,26453.123348017605,20760.581000000002,0.020760581,0.5,1.0,20.0,10 V,2.0,True,1
48.4908,0.22700000000000012,0.001,10.938658,48187.92070484579,42146.1,0.0421461,6.004859,26453.123348017605,20754.600000000002,0.0207546,0.5,1.0,20.0,10 V,2.0,True,1
48.5076,0.22700000000000012,0.001,10.938658,48187.92070484579,42113.100000000006,0.0421131,6.004859,26453.123348017605,20750.168999999998,0.020750169,0.5,1.0,20.0,10 V,2.0,True,1
48.5245,0.22700000000000012,0.001,10.938658,48187.92070484579,42118.6,0.0421186,6.004859,26453.123348017605,20745.406000000003,0.020745406,0.5,1.0,20.0,10 V,2.0,True,1
48.5412,0.22700000000000012,0.001,10.938658,48187.92070484579,42118.6,0.0421186,6.004859,26453.123348017605,20739.701,0.020739701,0.5,1.0,20.0,10 V,2.0,True,1
48.5581,0.22700000000000012,0.001,10.938658,48187.92070484579,42102.100000000006,0.0421021,6.004859,26453.123348017605,20732.224000000002,0.020732224,0.5,1.0,20.0,10 V,2.0,True,1
48.5748,0.22700000000000012,0.001,10.938658,48187.92070484579,42102.100000000006,0.0421021,6.004859,26453.123348017605,20729.178000000004,0.020729178,0.5,1.0,20.0,10 V,2.0,True,1
48.5915,0.22700000000000012,0.001,10.938658,48187.92070484579,42091.1,0.0420911,6.004859,26453.123348017605,20722.476000000002,0.020722476,0.5,1.0,20.0,10 V,2.0,True,1
48.6083,0.22700000000000012,0.001,10.938658,48187.92070484579,42085.600000000006,0.0420856,6.004859,26453.123348017605,20711.398999999998,0.020711399,0.5,1.0,20.0,10 V,2.0,True,1
48.6249,0.22700000000000012,0.001,10.938658,48187.92070484579,42074.6,0.0420746,6.004859,26453.123348017605,20721.424,0.020721424,0.5,1.0,20.0,10 V,2.0,True,1
48.6418,0.22700000000000012,0.001,10.938658,48187.92070484579,42080.100000000006,0.0420801,6.004859,26453.123348017605,20709.184,0.020709184,0.5,1.0,20.0,10 V,2.0,True,1
48.6587,0.22700000000000012,0.001,10.938658,48187.92070484579,42091.1,0.0420911,6.004859,26453.123348017605,20717.326,0.020717326,0.5,1.0,20.0,10 V,2.0,True,1
48.6751,0.22700000000000012,0.001,10.938658,48187.92070484579,42080.100000000006,0.0420801,6.004859,26453.123348017605,20725.246,0.020725246,0.5,1.0,20.0,10 V,2.0,True,1
48.6921,0.22700000000000012,0.001,10.938658,48187.92070484579,42063.6,0.0420636,6.004859,26453.123348017605,20710.846,0.020710846,0.5,1.0,20.0,10 V,2.0,True,1
48.7089,0.22700000000000012,0.001,10.938658,48187.92070484579,42069.1,0.0420691,6.004859,26453.123348017605,20713.947,0.020713947,0.5,1.0,20.0,10 V,2.0,True,1
48.7255,0.22700000000000012,0.001,10.938658,48187.92070484579,42058.100000000006,0.0420581,6.004859,26453.123348017605,20707.799,0.020707799,0.5,1.0,20.0,10 V,2.0,True,1
48.7421,0.22700000000000012,0.001,10.938658,48187.92070484579,42063.6,0.0420636,6.004859,26453.123348017605,20708.298000000003,0.020708298,0.5,1.0,20.0,10 V,2.0,True,1
48.7590,0.22700000000000012,0.001,10.938658,48187.92070484579,42058.100000000006,0.0420581,6.004859,26453.123348017605,20699.27,0.02069927,0.5,1.0,20.0,10 V,2.0,True,1
48.7759,0.22700000000000012,0.001,10.938658,48187.92070484579,42030.600000000006,0.0420306,6.004859,26453.123348017605,20688.359,0.020688359,0.5,1.0,20.0,10 V,2.0,True,1
48.7924,0.22700000000000012,0.001,10.938658,48187.92070484579,42036.1,0.0420361,6.004859,26453.123348017605,20688.525,0.020688525,0.5,1.0,20.0,10 V,2.0,True,1
48.8094,0.22700000000000012,0.001,10.938658,48187.92070484579,42019.6,0.0420196,6.004859,26453.123348017605,20688.858,0.020688858,0.5,1.0,20.0,10 V,2.0,True,1
48.8260,0.22700000000000012,0.001,10.938658,48187.92070484579,42019.6,0.0420196,6.004859,26453.123348017605,20685.645,0.020685645,0.5,1.0,20.0,10 V,2.0,True,1
48.8428,0.22700000000000012,0.001,10.938658,48187.92070484579,41997.600000000006,0.0419976,6.004859,26453.123348017605,20669.196,0.020669196,0.5,1.0,20.0,10 V,2.0,True,1
48.8594,0.22700000000000012,0.001,10.938658,48187.92070484579,41997.600000000006,0.0419976,6.004859,26453.123348017605,20672.685,0.020672685,0.5,1.0,20.0,10 V,2.0,True,1
48.8763,0.22700000000000012,0.001,10.938658,48187.92070484579,42008.6,0.0420086,6.004859,26453.123348017605,20664.599,0.020664599,0.5,1.0,20.0,10 V,2.0,True,1
48.8929,0.22700000000000012,0.001,10.938658,48187.92070484579,42003.100000000006,0.0420031,6.004859,26453.123348017605,20671.688000000002,0.020671688,0.5,1.0,20.0,10 V,2.0,True,1
48.9097,0.22700000000000012,0.001,10.938658,48187.92070484579,42008.6,0.0420086,6.004859,26453.123348017605,20671.910000000003,0.02067191,0.5,1.0,20.0,10 V,2.0,True,1
48.9265,0.22700000000000012,0.001,10.938658,48187.92070484579,41997.600000000006,0.0419976,6.004859,26453.123348017605,20661.996,0.020661996,0.5,1.0,20.0,10 V,2.0,True,1
48.9433,0.22700000000000012,0.001,10.938658,48187.92070484579,41986.6,0.0419866,6.004859,26453.123348017605,20660.722,0.020660722,0.5,1.0,20.0,10 V,2.0,True,1
48.9598,0.22700000000000012,0.001,10.938658,48187.92070484579,41981.100000000006,0.0419811,6.004859,26453.123348017605,20657.344,0.020657344,0.5,1.0,20.0,10 V,2.0,True,1
48.9769,0.22700000000000012,0.001,10.938658,48187.92070484579,42036.1,0.0420361,6.004859,26453.123348017605,20660.445,0.020660445,0.5,1.0,20.0,10 V,2.0,True,1
48.9935,0.22700000000000012,0.001,10.938658,48187.92070484579,41981.100000000006,0.0419811,6.004859,26453.123348017605,20660.113,0.020660113,0.5,1.0,20.0,10 V,2.0,True,1
49.0104,0.22700000000000012,0.001,10.938658,48187.92070484579,41970.100000000006,0.0419701,6.004859,26453.123348017605,20636.353,0.020636353,0.5,1.0,20.0,10 V,2.0,True,1
49.0270,0.22700000000000012,0.001,10.938658,48187.92070484579,41959.1,0.0419591,6.004859,26453.123348017605,20632.199,0.020632199,0.5,1.0,20.0,10 V,2.0,True,1
49.0437,0.22700000000000012,0.001,10.938658,48187.92070484579,41953.600000000006,0.0419536,6.004859,26453.123348017605,20632.642,0.020632642,0.5,1.0,20.0,10 V,2.0,True,1
49.0606,0.22700000000000012,0.001,10.938658,48187.92070484579,41942.6,0.0419426,6.004859,26453.123348017605,20625.996000000003,0.020625996,0.5,1.0,20.0,10 V,2.0,True,1
49.0773,0.22700000000000012,0.001,10.938658,48187.92070484579,41942.6,0.0419426,6.004859,26453.123348017605,20616.193000000003,0.020616193,0.5,1.0,20.0,10 V,2.0,True,1
49.0942,0.22700000000000012,0.001,10.938658,48187.92070484579,41942.6,0.0419426,6.004859,26453.123348017605,20625.497,0.020625497,0.5,1.0,20.0,10 V,2.0,True,1
49.1108,0.22700000000000012,0.001,10.938658,48187.92070484579,41959.1,0.0419591,6.004859,26453.123348017605,20636.74,0.02063674,0.5,1.0,20.0,10 V,2.0,True,1
49.1278,0.22700000000000012,0.001,10.938658,48187.92070484579,41920.600000000006,0.0419206,6.004859,26453.123348017605,20617.356,0.020617356,0.5,1.0,20.0,10 V,2.0,True,1
49.1444,0.22700000000000012,0.001,10.938658,48187.92070484579,41948.100000000006,0.0419481,6.004859,26453.123348017605,20610.654,0.020610654,0.5,1.0,20.0,10 V,2.0,True,1
49.1614,0.22700000000000012,0.001,10.938658,48187.92070484579,41931.6,0.0419316,6.004859,26453.123348017605,20607.553,0.020607553,0.5,1.0,20.0,10 V,2.0,True,1
49.1781,0.22700000000000012,0.001,10.938658,48187.92070484579,41915.1,0.0419151,6.004859,26453.123348017605,20604.229000000003,0.020604229,0.5,1.0,20.0,10 V,2.0,True,1
49.1947,0.22700000000000012,0.001,10.938658,48187.92070484579,41915.1,0.0419151,6.004859,26453.123348017605,20605.946,0.020605946,0.5,1.0,20.0,10 V,2.0,True,1
49.2116,0.22700000000000012,0.001,10.938658,48187.92070484579,41915.1,0.0419151,6.004859,26453.123348017605,20600.574,0.020600574,0.5,1.0,20.0,10 V,2.0,True,1
49.2284,0.22700000000000012,0.001,10.938658,48187.92070484579,41920.600000000006,0.0419206,6.004859,26453.123348017605,20601.073,0.020601073,0.5,1.0,20.0,10 V,2.0,True,1
49.2453,0.22700000000000012,0.001,10.938658,48187.92070484579,41904.1,0.0419041,6.004859,26453.123348017605,20595.257,0.020595257,0.5,1.0,20.0,10 V,2.0,True,1
49.2621,0.22700000000000012,0.001,10.938658,48187.92070484579,41904.1,0.0419041,6.004859,26453.123348017605,20589.497,0.020589497,0.5,1.0,20.0,10 V,2.0,True,1
49.2787,0.22700000000000012,0.001,10.938658,48187.92070484579,41882.1,0.0418821,6.004859,26453.123348017605,20586.783000000003,0.020586783,0.5,1.0,20.0,10 V,2.0,True,1
49.2956,0.22700000000000012,0.001,10.938658,48187.92070484579,41882.1,0.0418821,6.004859,26453.123348017605,20579.14,0.02057914,0.5,1.0,20.0,10 V,2.0,True,1
49.3124,0.22700000000000012,0.001,10.938658,48187.92070484579,41882.1,0.0418821,6.004859,26453.123348017605,20578.088000000003,0.020578088,0.5,1.0,20.0,10 V,2.0,True,1
49.3290,0.22700000000000012,0.001,10.938658,48187.92070484579,41865.600000000006,0.0418656,6.004859,26453.123348017605,20572.494000000002,0.020572494,0.5,1.0,20.0,10 V,2.0,True,1
49.3460,0.22700000000000012,0.001,10.938658,48187.92070484579,41876.6,0.0418766,6.004859,26453.123348017605,20571.331000000002,0.020571331,0.5,1.0,20.0,10 V,2.0,True,1
49.3626,0.22700000000000012,0.001,10.938658,48187.92070484579,41876.6,0.0418766,6.004859,26453.123348017605,20559.645000000004,0.020559645,0.5,1.0,20.0,10 V,2.0,True,1
49.3794,0.22700000000000012,0.001,10.938658,48187.92070484579,41887.6,0.0418876,6.004859,26453.123348017605,20572.162000000004,0.020572162,0.5,1.0,20.0,10 V,2.0,True,1
49.3961,0.22700000000000012,0.001,10.938658,48187.92070484579,41865.600000000006,0.0418656,6.004859,26453.123348017605,20571.054,0.020571054,0.5,1.0,20.0,10 V,2.0,True,1
49.4131,0.22700000000000012,0.001,10.938658,48187.92070484579,41860.1,0.0418601,6.004859,26453.123348017605,20563.798000000003,0.020563798,0.5,1.0,20.0,10 V,2.0,True,1
49.4295,0.22700000000000012,0.001,10.938658,48187.92070484579,41849.1,0.0418491,6.004859,26453.123348017605,20554.161000000004,0.020554161,0.5,1.0,20.0,10 V,2.0,True,1
49.4463,0.22700000000000012,0.001,10.938658,48187.92070484579,41838.100000000006,0.0418381,6.004859,26453.123348017605,20540.094,0.020540094,0.5,1.0,20.0,10 V,2.0,True,1
49.4632,0.22700000000000012,0.001,10.938658,48187.92070484579,41843.600000000006,0.0418436,6.004859,26453.123348017605,20544.358,0.020544358,0.5,1.0,20.0,10 V,2.0,True,1
49.4800,0.22700000000000012,0.001,10.938658,48187.92070484579,41865.600000000006,0.0418656,6.004859,26453.123348017605,20550.560999999998,0.020550561,0.5,1.0,20.0,10 V,2.0,True,1
49.4969,0.22700000000000012,0.001,10.938658,48187.92070484579,41854.6,0.0418546,6.004859,26453.123348017605,20549.343,0.020549343,0.5,1.0,20.0,10 V,2.0,True,1
49.5135,0.22700000000000012,0.001,10.938658,48187.92070484579,41849.1,0.0418491,6.004859,26453.123348017605,20548.899999999998,0.0205489,0.5,1.0,20.0,10 V,2.0,True,1
49.5301,0.22700000000000012,0.001,10.938658,48187.92070484579,41832.6,0.0418326,6.004859,26453.123348017605,20539.484,0.020539484,0.5,1.0,20.0,10 V,2.0,True,1
49.5470,0.22700000000000012,0.001,10.938658,48187.92070484579,41854.6,0.0418546,6.004859,26453.123348017605,20548.844,0.020548844,0.5,1.0,20.0,10 V,2.0,True,1
49.5637,0.22700000000000012,0.001,10.938658,48187.92070484579,41832.6,0.0418326,6.004859,26453.123348017605,20536.217,0.020536217,0.5,1.0,20.0,10 V,2.0,True,1
49.5804,0.22700000000000012,0.001,10.938658,48187.92070484579,41849.1,0.0418491,6.004859,26453.123348017605,20530.014,0.020530014,0.5,1.0,20.0,10 V,2.0,True,1
49.5971,0.22700000000000012,0.001,10.938658,48187.92070484579,41821.600000000006,0.0418216,6.004859,26453.123348017605,20526.967,0.020526967,0.5,1.0,20.0,10 V,2.0,True,1
49.6137,0.22700000000000012,0.001,10.938658,48187.92070484579,41816.100000000006,0.0418161,6.004859,26453.123348017605,20557.651,0.020557651,0.5,1.0,20.0,10 V,2.0,True,1
49.6306,0.22700000000000012,0.001,10.938658,48187.92070484579,41810.600000000006,0.0418106,6.004859,26453.123348017605,20524.475000000002,0.020524475,0.5,1.0,20.0,10 V,2.0,True,1
49.6473,0.22700000000000012,0.001,10.938658,48187.92070484579,41805.1,0.0418051,6.004859,26453.123348017605,20528.851000000002,0.020528851,0.5,1.0,20.0,10 V,2.0,True,1
49.6640,0.22700000000000012,0.001,10.938658,48187.92070484579,41794.100000000006,0.0417941,6.004859,26453.123348017605,20514.617,0.020514617,0.5,1.0,20.0,10 V,2.0,True,1
49.6809,0.22700000000000012,0.001,10.938658,48187.92070484579,41794.100000000006,0.0417941,6.004859,26453.123348017605,20524.641,0.020524641,0.5,1.0,20.0,10 V,2.0,True,1
49.6977,0.22700000000000012,0.001,10.938658,48187.92070484579,41783.1,0.0417831,6.004859,26453.123348017605,20511.404000000002,0.020511404,0.5,1.0,20.0,10 V,2.0,True,1
49.7144,0.22700000000000012,0.001,10.938658,48187.92070484579,41805.1,0.0418051,6.004859,26453.123348017605,20512.013,0.020512013,0.5,1.0,20.0,10 V,2.0,True,1
49.7310,0.22700000000000012,0.001,10.938658,48187.92070484579,41794.100000000006,0.0417941,6.004859,26453.123348017605,20511.238,0.020511238,0.5,1.0,20.0,10 V,2.0,True,1
49.7477,0.22700000000000012,0.001,10.938658,48187.92070484579,41788.600000000006,0.0417886,6.004859,26453.123348017605,20508.247000000003,0.020508247,0.5,1.0,20.0,10 V,2.0,True,1
49.7645,0.22700000000000012,0.001,10.938658,48187.92070484579,41777.6,0.0417776,6.004859,26453.123348017605,20505.201,0.020505201,0.5,1.0,20.0,10 V,2.0,True,1
49.7813,0.22700000000000012,0.001,10.938658,48187.92070484579,41799.6,0.0417996,6.004859,26453.123348017605,20511.792,0.020511792,0.5,1.0,20.0,10 V,2.0,True,1
49.7981,0.22700000000000012,0.001,10.938658,48187.92070484579,41772.1,0.0417721,6.004859,26453.123348017605,20505.755,0.020505755,0.5,1.0,20.0,10 V,2.0,True,1
49.8149,0.22700000000000012,0.001,10.938658,48187.92070484579,41777.6,0.0417776,6.004859,26453.123348017605,20505.921000000002,0.020505921,0.5,1.0,20.0,10 V,2.0,True,1
49.8316,0.22700000000000012,0.001,10.938658,48187.92070484579,41783.1,0.0417831,6.004859,26453.123348017605,20502.044,0.020502044,0.5,1.0,20.0,10 V,2.0,True,1
49.8482,0.22700000000000012,0.001,10.938658,48187.92070484579,41788.600000000006,0.0417886,6.004859,26453.123348017605,20499.773,0.020499773,0.5,1.0,20.0,10 V,2.0,True,1
49.8649,0.22700000000000012,0.001,10.938658,48187.92070484579,41783.1,0.0417831,6.004859,26453.123348017605,20514.838,0.020514838,0.5,1.0,20.0,10 V,2.0,True,1
49.8817,0.22700000000000012,0.001,10.938658,48187.92070484579,41788.600000000006,0.0417886,6.004859,26453.123348017605,20504.813000000002,0.020504813,0.5,1.0,20.0,10 V,2.0,True,1
49.8985,0.22700000000000012,0.001,10.938658,48187.92070484579,41766.600000000006,0.0417666,6.004859,26453.123348017605,20501.878,0.020501878,0.5,1.0,20.0,10 V,2.0,True,1
49.9152,0.22700000000000012,0.001,10.938658,48187.92070484579,41799.6,0.0417996,6.004859,26453.123348017605,20507.361000000004,0.020507361,0.5,1.0,20.0,10 V,2.0,True,1
49.9319,0.22700000000000012,0.001,10.938658,48187.92070484579,41766.600000000006,0.0417666,6.004859,26453.123348017605,20505.423,0.020505423,0.5,1.0,20.0,10 V,2.0,True,1
49.9487,0.22700000000000012,0.001,10.938658,48187.92070484579,41772.1,0.0417721,6.004859,26453.123348017605,20495.287,0.020495287,0.5,1.0,20.0,10 V,2.0,True,1
49.9655,0.22700000000000012,0.001,10.938658,48187.92070484579,41766.600000000006,0.0417666,6.004859,26453.123348017605,20487.699000000004,0.020487699,0.5,1.0,20.0,10 V,2.0,True,1
49.9825,0.22700000000000012,0.001,10.938658,48187.92070484579,41766.600000000006,0.0417666,6.004859,26453.123348017605,20492.850000000002,0.02049285,0.5,1.0,20.0,10 V,2.0,True,1
49.9993,0.22700000000000012,0.001,10.938658,48187.92070484579,41761.100000000006,0.0417611,6.004859,26453.123348017605,20487.644,0.020487644,0.5,1.0,20.0,10 V,2.0,True,1
50.0159,0.22700000000000012,0.001,10.938658,48187.92070484579,41777.6,0.0417776,6.004859,26453.123348017605,20503.54,0.02050354,0.5,1.0,20.0,10 V,2.0,True,1
50.0327,0.22700000000000012,0.001,10.938658,48187.92070484579,41750.1,0.0417501,6.004859,26453.123348017605,20494.567000000003,0.020494567,0.5,1.0,20.0,10 V,2.0,True,1
50.0495,0.22700000000000012,0.001,10.938658,48187.92070484579,41777.6,0.0417776,6.004859,26453.123348017605,20499.607,0.020499607,0.5,1.0,20.0,10 V,2.0,True,1
50.0663,0.22700000000000012,0.001,10.938658,48187.92070484579,41761.100000000006,0.0417611,6.004859,26453.123348017605,20500.272,0.020500272,0.5,1.0,20.0,10 V,2.0,True,1
50.0829,0.22700000000000012,0.001,10.938658,48187.92070484579,41755.6,0.0417556,6.004859,26453.123348017605,20501.823,0.020501823,0.5,1.0,20.0,10 V,2.0,True,1
50.0996,0.22700000000000012,0.001,10.938658,48187.92070484579,41761.100000000006,0.0417611,6.004859,26453.123348017605,20508.912,0.020508912,0.5,1.0,20.0,10 V,2.0,True,1
50.1166,0.22700000000000012,0.001,10.938658,48187.92070484579,41772.1,0.0417721,6.004859,26453.123348017605,20503.761,0.020503761,0.5,1.0,20.0,10 V,2.0,True,1
50.1334,0.22700000000000012,0.001,10.938658,48187.92070484579,41761.100000000006,0.0417611,6.004859,26453.123348017605,20487.201,0.020487201,0.5,1.0,20.0,10 V,2.0,True,1
50.1502,0.22700000000000012,0.001,10.938658,48187.92070484579,41755.6,0.0417556,6.004859,26453.123348017605,20492.961000000003,0.020492961,0.5,1.0,20.0,10 V,2.0,True,1
50.1669,0.22700000000000012,0.001,10.938658,48187.92070484579,41772.1,0.0417721,6.004859,26453.123348017605,20503.54,0.02050354,0.5,1.0,20.0,10 V,2.0,True,1
50.1836,0.22700000000000012,0.001,10.938658,48187.92070484579,41755.6,0.0417556,6.004859,26453.123348017605,20495.896,0.020495896,0.5,1.0,20.0,10 V,2.0,True,1
50.2004,0.22700000000000012,0.001,10.938658,48187.92070484579,41750.1,0.0417501,6.004859,26453.123348017605,20496.173,0.020496173,0.5,1.0,20.0,10 V,2.0,True,1
50.2172,0.22700000000000012,0.001,10.938658,48187.92070484579,41755.6,0.0417556,6.004859,26453.123348017605,20487.312,0.020487312,0.5,1.0,20.0,10 V,2.0,True,1
50.2338,0.22700000000000012,0.001,10.938658,48187.92070484579,41761.100000000006,0.0417611,6.004859,26453.123348017605,20497.946,0.020497946,0.5,1.0,20.0,10 V,2.0,True,1
50.2505,0.22700000000000012,0.001,10.938658,48187.92070484579,41733.600000000006,0.0417336,6.004859,26453.123348017605,20476.733,0.020476733,0.5,1.0,20.0,10 V,2.0,True,1
50.2674,0.22700000000000012,0.001,10.938658,48187.92070484579,41733.600000000006,0.0417336,6.004859,26453.123348017605,20482.992,0.020482992,0.5,1.0,20.0,10 V,2.0,True,1
50.2842,0.22700000000000012,0.001,10.938658,48187.92070484579,41750.1,0.0417501,6.004859,26453.123348017605,20494.567000000003,0.020494567,0.5,1.0,20.0,10 V,2.0,True,1
50.3008,0.22700000000000012,0.001,10.938658,48187.92070484579,41739.100000000006,0.0417391,6.004859,26453.123348017605,20486.093,0.020486093,0.5,1.0,20.0,10 V,2.0,True,1
50.3178,0.22700000000000012,0.001,10.938658,48187.92070484579,41728.1,0.0417281,6.004859,26453.123348017605,20484.709000000003,0.020484709,0.5,1.0,20.0,10 V,2.0,True,1
50.3346,0.22700000000000012,0.001,10.938658,48187.92070484579,41739.100000000006,0.0417391,6.004859,26453.123348017605,20486.592,0.020486592,0.5,1.0,20.0,10 V,2.0,True,1
50.3513,0.22700000000000012,0.001,10.938658,48187.92070484579,41733.600000000006,0.0417336,6.004859,26453.123348017605,20473.853000000003,0.020473853,0.5,1.0,20.0,10 V,2.0,True,1
50.3679,0.22700000000000012,0.001,10.938658,48187.92070484579,41722.6,0.0417226,6.004859,26453.123348017605,20472.413,0.020472413,0.5,1.0,20.0,10 V,2.0,True,1
50.3849,0.22700000000000012,0.001,10.938658,48187.92070484579,41722.6,0.0417226,6.004859,26453.123348017605,20475.902000000002,0.020475902,0.5,1.0,20.0,10 V,2.0,True,1
50.4016,0.22700000000000012,0.001,10.938658,48187.92070484579,41728.1,0.0417281,6.004859,26453.123348017605,20471.25,0.02047125,0.5,1.0,20.0,10 V,2.0,True,1
50.4184,0.22700000000000012,0.001,10.938658,48187.92070484579,41706.100000000006,0.0417061,6.004859,26453.123348017605,20483.712000000003,0.020483712,0.5,1.0,20.0,10 V,2.0,True,1
50.4350,0.22700000000000012,0.001,10.938658,48187.92070484579,41722.6,0.0417226,6.004859,26453.123348017605,20486.149,0.020486149,0.5,1.0,20.0,10 V,2.0,True,1
50.4518,0.22700000000000012,0.001,10.938658,48187.92070484579,41739.100000000006,0.0417391,6.004859,26453.123348017605,20462.001,0.020462001,0.5,1.0,20.0,10 V,2.0,True,1
50.4685,0.22700000000000012,0.001,10.938658,48187.92070484579,41739.100000000006,0.0417391,6.004859,26453.123348017605,20473.521,0.020473521,0.5,1.0,20.0,10 V,2.0,True,1
50.4852,0.22700000000000012,0.001,10.938658,48187.92070484579,41722.6,0.0417226,6.004859,26453.123348017605,20469.478,0.020469478,0.5,1.0,20.0,10 V,2.0,True,1
50.5021,0.22700000000000012,0.001,10.938658,48187.92070484579,41711.600000000006,0.0417116,6.004859,26453.123348017605,20463.164,0.020463164,0.5,1.0,20.0,10 V,2.0,True,1
50.5187,0.22700000000000012,0.001,10.938658,48187.92070484579,41695.1,0.0416951,6.004859,26453.123348017605,20456.85,0.02045685,0.5,1.0,20.0,10 V,2.0,True,1
50.5355,0.22700000000000012,0.001,10.938658,48187.92070484579,41711.600000000006,0.0417116,6.004859,26453.123348017605,20472.302000000003,0.020472302,0.5,1.0,20.0,10 V,2.0,True,1
50.5524,0.22700000000000012,0.001,10.938658,48187.92070484579,41711.600000000006,0.0417116,6.004859,26453.123348017605,20463.441,0.020463441,0.5,1.0,20.0,10 V,2.0,True,1
50.5690,0.22700000000000012,0.001,10.938658,48187.92070484579,41695.1,0.0416951,6.004859,26453.123348017605,20449.927,0.020449927,0.5,1.0,20.0,10 V,2.0,True,1
50.5856,0.22700000000000012,0.001,10.938658,48187.92070484579,41700.6,0.0417006,6.004859,26453.123348017605,20455.41,0.02045541,0.5,1.0,20.0,10 V,2.0,True,1
50.6024,0.22700000000000012,0.001,10.938658,48187.92070484579,41706.100000000006,0.0417061,6.004859,26453.123348017605,20457.349000000002,0.020457349,0.5,1.0,20.0,10 V,2.0,True,1
50.6193,0.22700000000000012,0.001,10.938658,48187.92070484579,41695.1,0.0416951,6.004859,26453.123348017605,20453.527000000002,0.020453527,0.5,1.0,20.0,10 V,2.0,True,1
50.6359,0.22700000000000012,0.001,10.938658,48187.92070484579,41695.1,0.0416951,6.004859,26453.123348017605,20452.364,0.020452364,0.5,1.0,20.0,10 V,2.0,True,1
50.6528,0.22700000000000012,0.001,10.938658,48187.92070484579,41695.1,0.0416951,6.004859,26453.123348017605,20450.979000000003,0.020450979,0.5,1.0,20.0,10 V,2.0,True,1
50.6696,0.22700000000000012,0.001,10.938658,48187.92070484579,41700.6,0.0417006,6.004859,26453.123348017605,20446.548,0.020446548,0.5,1.0,20.0,10 V,2.0,True,1
50.6863,0.22700000000000012,0.001,10.938658,48187.92070484579,41695.1,0.0416951,6.004859,26453.123348017605,20446.272,0.020446272,0.5,1.0,20.0,10 V,2.0,True,1
50.7032,0.22700000000000012,0.001,10.938658,48187.92070484579,41684.100000000006,0.0416841,6.004859,26453.123348017605,20439.958000000002,0.020439958,0.5,1.0,20.0,10 V,2.0,True,1
50.7199,0.22700000000000012,0.001,10.938658,48187.92070484579,41689.6,0.0416896,6.004859,26453.123348017605,20450.425000000003,0.020450425,0.5,1.0,20.0,10 V,2.0,True,1
50.7366,0.22700000000000012,0.001,10.938658,48187.92070484579,41678.600000000006,0.0416786,6.004859,26453.123348017605,20447.047,0.020447047,0.5,1.0,20.0,10 V,2.0,True,1
50.7537,0.22700000000000012,0.001,10.938658,48187.92070484579,41689.6,0.0416896,6.004859,26453.123348017605,20439.071,0.020439071,0.5,1.0,20.0,10 V,2.0,True,1
50.7703,0.22700000000000012,0.001,10.938658,48187.92070484579,41678.600000000006,0.0416786,6.004859,26453.123348017605,20429.158,0.020429158,0.5,1.0,20.0,10 V,2.0,True,1
50.7869,0.22700000000000012,0.001,10.938658,48187.92070484579,41662.100000000006,0.0416621,6.004859,26453.123348017605,20432.924000000003,0.020432924,0.5,1.0,20.0,10 V,2.0,True,1
50.8036,0.22700000000000012,0.001,10.938658,48187.92070484579,41678.600000000006,0.0416786,6.004859,26453.123348017605,20435.748,0.020435748,0.5,1.0,20.0,10 V,2.0,True,1
50.8204,0.22700000000000012,0.001,10.938658,48187.92070484579,41667.6,0.0416676,6.004859,26453.123348017605,20427.385,0.020427385,0.5,1.0,20.0,10 V,2.0,True,1
50.8372,0.22700000000000012,0.001,10.938658,48187.92070484579,41662.100000000006,0.0416621,6.004859,26453.123348017605,20431.595,0.020431595,0.5,1.0,20.0,10 V,2.0,True,1
50.8539,0.22700000000000012,0.001,10.938658,48187.92070484579,41662.100000000006,0.0416621,6.004859,26453.123348017605,20426.056000000004,0.020426056,0.5,1.0,20.0,10 V,2.0,True,1
50.8708,0.22700000000000012,0.001,10.938658,48187.92070484579,41656.600000000006,0.0416566,6.004859,26453.123348017605,20423.896,0.020423896,0.5,1.0,20.0,10 V,2.0,True,1
50.8876,0.22700000000000012,0.001,10.938658,48187.92070484579,41667.6,0.0416676,6.004859,26453.123348017605,20423.564000000002,0.020423564,0.5,1.0,20.0,10 V,2.0,True,1
50.9044,0.22700000000000012,0.001,10.938658,48187.92070484579,41706.100000000006,0.0417061,6.004859,26453.123348017605,20427.053,0.020427053,0.5,1.0,20.0,10 V,2.0,True,1
50.9210,0.22700000000000012,0.001,10.938658,48187.92070484579,41651.100000000006,0.0416511,6.004859,26453.123348017605,20427.607,0.020427607,0.5,1.0,20.0,10 V,2.0,True,1
50.9377,0.22700000000000012,0.001,10.938658,48187.92070484579,41645.6,0.0416456,6.004859,26453.123348017605,20412.708000000002,0.020412708,0.5,1.0,20.0,10 V,2.0,True,1
50.9546,0.22700000000000012,0.001,10.938658,48187.92070484579,41656.600000000006,0.0416566,6.004859,26453.123348017605,20419.964,0.020419964,0.5,1.0,20.0,10 V,2.0,True,1
50.9713,0.22700000000000012,0.001,10.938658,48187.92070484579,41640.1,0.0416401,6.004859,26453.123348017605,20410.659000000003,0.020410659,0.5,1.0,20.0,10 V,2.0,True,1
50.9881,0.22700000000000012,0.001,10.938658,48187.92070484579,41640.1,0.0416401,6.004859,26453.123348017605,20403.625000000004,0.020403625,0.5,1.0,20.0,10 V,2.0,True,1
51.0050,0.22700000000000012,0.001,10.938658,48187.92070484579,41645.6,0.0416456,6.004859,26453.123348017605,20415.699,0.020415699,0.5,1.0,20.0,10 V,2.0,True,1
51.0215,0.22700000000000012,0.001,10.938658,48187.92070484579,41656.600000000006,0.0416566,6.004859,26453.123348017605,20413.594,0.020413594,0.5,1.0,20.0,10 V,2.0,True,1
51.0385,0.22700000000000012,0.001,10.938658,48187.92070484579,41640.1,0.0416401,6.004859,26453.123348017605,20415.533,0.020415533,0.5,1.0,20.0,10 V,2.0,True,1
51.0552,0.22700000000000012,0.001,10.938658,48187.92070484579,41623.700000000004,0.0416237,6.004859,26453.123348017605,20411.933,0.020411933,0.5,1.0,20.0,10 V,2.0,True,1
51.0720,0.22700000000000012,0.001,10.938658,48187.92070484579,41640.1,0.0416401,6.004859,26453.123348017605,20408.001,0.020408001,0.5,1.0,20.0,10 V,2.0,True,1
51.0889,0.22700000000000012,0.001,10.938658,48187.92070484579,41645.6,0.0416456,6.004859,26453.123348017605,20403.736,0.020403736,0.5,1.0,20.0,10 V,2.0,True,1
51.1056,0.22700000000000012,0.001,10.938658,48187.92070484579,41623.700000000004,0.0416237,6.004859,26453.123348017605,20398.253000000004,0.020398253,0.5,1.0,20.0,10 V,2.0,True,1
51.1222,0.22700000000000012,0.001,10.938658,48187.92070484579,41629.2,0.0416292,6.004859,26453.123348017605,20399.693,0.020399693,0.5,1.0,20.0,10 V,2.0,True,1
51.1390,0.22700000000000012,0.001,10.938658,48187.92070484579,41645.6,0.0416456,6.004859,26453.123348017605,20415.034,0.020415034,0.5,1.0,20.0,10 V,2.0,True,1
51.1559,0.22700000000000012,0.001,10.938658,48187.92070484579,41662.100000000006,0.0416621,6.004859,26453.123348017605,20413.871000000003,0.020413871,0.5,1.0,20.0,10 V,2.0,True,1
51.1726,0.22700000000000012,0.001,10.938658,48187.92070484579,41645.6,0.0416456,6.004859,26453.123348017605,20418.358,0.020418358,0.5,1.0,20.0,10 V,2.0,True,1
51.1896,0.22700000000000012,0.001,10.938658,48187.92070484579,41629.2,0.0416292,6.004859,26453.123348017605,20404.954,0.020404954,0.5,1.0,20.0,10 V,2.0,True,1
51.2061,0.22700000000000012,0.001,10.938658,48187.92070484579,41634.7,0.0416347,6.004859,26453.123348017605,20406.394000000004,0.020406394,0.5,1.0,20.0,10 V,2.0,True,1
51.2229,0.22700000000000012,0.001,10.938658,48187.92070484579,41629.2,0.0416292,6.004859,26453.123348017605,20412.099000000002,0.020412099,0.5,1.0,20.0,10 V,2.0,True,1
51.2395,0.22700000000000012,0.001,10.938658,48187.92070484579,41640.1,0.0416401,6.004859,26453.123348017605,20415.422,0.020415422,0.5,1.0,20.0,10 V,2.0,True,1
51.2562,0.22700000000000012,0.001,10.938658,48187.92070484579,41645.6,0.0416456,6.004859,26453.123348017605,20418.690000000002,0.02041869,0.5,1.0,20.0,10 V,2.0,True,1
51.2729,0.22700000000000012,0.001,10.938658,48187.92070484579,41629.2,0.0416292,6.004859,26453.123348017605,20412.099000000002,0.020412099,0.5,1.0,20.0,10 V,2.0,True,1
51.2897,0.22700000000000012,0.001,10.938658,48187.92070484579,41629.2,0.0416292,6.004859,26453.123348017605,20404.013,0.020404013,0.5,1.0,20.0,10 V,2.0,True,1
51.3062,0.22700000000000012,0.001,10.938658,48187.92070484579,41623.700000000004,0.0416237,6.004859,26453.123348017605,20401.687,0.020401687,0.5,1.0,20.0,10 V,2.0,True,1
51.3231,0.22700000000000012,0.001,10.938658,48187.92070484579,41623.700000000004,0.0416237,6.004859,26453.123348017605,20402.517,0.020402517,0.5,1.0,20.0,10 V,2.0,True,1
51.3400,0.22700000000000012,0.001,10.938658,48187.92070484579,41618.200000000004,0.0416182,6.004859,26453.123348017605,20412.764,0.020412764,0.5,1.0,20.0,10 V,2.0,True,1
51.3568,0.22700000000000012,0.001,10.938658,48187.92070484579,41607.2,0.0416072,6.004859,26453.123348017605,20399.859,0.020399859,0.5,1.0,20.0,10 V,2.0,True,1
51.3734,0.22700000000000012,0.001,10.938658,48187.92070484579,41629.2,0.0416292,6.004859,26453.123348017605,20406.505,0.020406505,0.5,1.0,20.0,10 V,2.0,True,1
51.3902,0.22700000000000012,0.001,10.938658,48187.92070484579,41612.700000000004,0.0416127,6.004859,26453.123348017605,20403.016,0.020403016,0.5,1.0,20.0,10 V,2.0,True,1
51.4069,0.22700000000000012,0.001,10.938658,48187.92070484579,41623.700000000004,0.0416237,6.004859,26453.123348017605,20408.499,0.020408499,0.5,1.0,20.0,10 V,2.0,True,1
51.4236,0.22700000000000012,0.001,10.938658,48187.92070484579,41634.7,0.0416347,6.004859,26453.123348017605,20410.216,0.020410216,0.5,1.0,20.0,10 V,2.0,True,1
51.4403,0.22700000000000012,0.001,10.938658,48187.92070484579,41612.700000000004,0.0416127,6.004859,26453.123348017605,20410.548000000003,0.020410548,0.5,1.0,20.0,10 V,2.0,True,1
51.4572,0.22700000000000012,0.001,10.938658,48187.92070484579,41623.700000000004,0.0416237,6.004859,26453.123348017605,20401.631,0.020401631,0.5,1.0,20.0,10 V,2.0,True,1
51.4741,0.22700000000000012,0.001,10.938658,48187.92070484579,41612.700000000004,0.0416127,6.004859,26453.123348017605,20397.976000000002,0.020397976,0.5,1.0,20.0,10 V,2.0,True,1
51.4906,0.22700000000000012,0.001,10.938658,48187.92070484579,41612.700000000004,0.0416127,6.004859,26453.123348017605,20401.908,0.020401908,0.5,1.0,20.0,10 V,2.0,True,1
51.5075,0.22700000000000012,0.001,10.938658,48187.92070484579,41618.200000000004,0.0416182,6.004859,26453.123348017605,20408.388,0.020408388,0.5,1.0,20.0,10 V,2.0,True,1
51.5242,0.22700000000000012,0.001,10.938658,48187.92070484579,41629.2,0.0416292,6.004859,26453.123348017605,20397.588000000003,0.020397588,0.5,1.0,20.0,10 V,2.0,True,1
51.5409,0.22700000000000012,0.001,10.938658,48187.92070484579,41601.7,0.0416017,6.004859,26453.123348017605,20394.764,0.020394764,0.5,1.0,20.0,10 V,2.0,True,1
51.5576,0.22700000000000012,0.001,10.938658,48187.92070484579,41601.7,0.0416017,6.004859,26453.123348017605,20385.68,0.02038568,0.5,1.0,20.0,10 V,2.0,True,1
51.5744,0.22700000000000012,0.001,10.938658,48187.92070484579,41590.700000000004,0.0415907,6.004859,26453.123348017605,20384.573,0.020384573,0.5,1.0,20.0,10 V,2.0,True,1
51.5913,0.22700000000000012,0.001,10.938658,48187.92070484579,41607.2,0.0416072,6.004859,26453.123348017605,20381.748000000003,0.020381748,0.5,1.0,20.0,10 V,2.0,True,1
51.6081,0.22700000000000012,0.001,10.938658,48187.92070484579,41607.2,0.0416072,6.004859,26453.123348017605,20391.607,0.020391607,0.5,1.0,20.0,10 V,2.0,True,1
51.6248,0.22700000000000012,0.001,10.938658,48187.92070484579,41623.700000000004,0.0416237,6.004859,26453.123348017605,20395.594,0.020395594,0.5,1.0,20.0,10 V,2.0,True,1
51.6414,0.22700000000000012,0.001,10.938658,48187.92070484579,41607.2,0.0416072,6.004859,26453.123348017605,20384.794,0.020384794,0.5,1.0,20.0,10 V,2.0,True,1
51.6581,0.22700000000000012,0.001,10.938658,48187.92070484579,41590.700000000004,0.0415907,6.004859,26453.123348017605,20383.853000000003,0.020383853,0.5,1.0,20.0,10 V,2.0,True,1
51.6748,0.22700000000000012,0.001,10.938658,48187.92070484579,41590.700000000004,0.0415907,6.004859,26453.123348017605,20382.468,0.020382468,0.5,1.0,20.0,10 V,2.0,True,1
51.6915,0.22700000000000012,0.001,10.938658,48187.92070484579,41607.2,0.0416072,6.004859,26453.123348017605,20387.176,0.020387176,0.5,1.0,20.0,10 V,2.0,True,1
51.7083,0.22700000000000012,0.001,10.938658,48187.92070484579,41601.7,0.0416017,6.004859,26453.123348017605,20381.748000000003,0.020381748,0.5,1.0,20.0,10 V,2.0,True,1
51.7253,0.22700000000000012,0.001,10.938658,48187.92070484579,41607.2,0.0416072,6.004859,26453.123348017605,20397.976000000002,0.020397976,0.5,1.0,20.0,10 V,2.0,True,1
51.7420,0.22700000000000012,0.001,10.938658,48187.92070484579,41601.7,0.0416017,6.004859,26453.123348017605,20387.785,0.020387785,0.5,1.0,20.0,10 V,2.0,True,1
51.7587,0.22700000000000012,0.001,10.938658,48187.92070484579,41612.700000000004,0.0416127,6.004859,26453.123348017605,20374.936,0.020374936,0.5,1.0,20.0,10 V,2.0,True,1
51.7755,0.22700000000000012,0.001,10.938658,48187.92070484579,41585.200000000004,0.0415852,6.004859,26453.123348017605,20384.296000000002,0.020384296,0.5,1.0,20.0,10 V,2.0,True,1
51.7921,0.22700000000000012,0.001,10.938658,48187.92070484579,41590.700000000004,0.0415907,6.004859,26453.123348017605,20371.003,0.020371003,0.5,1.0,20.0,10 V,2.0,True,1
51.8089,0.22700000000000012,0.001,10.938658,48187.92070484579,41590.700000000004,0.0415907,6.004859,26453.123348017605,20384.407000000003,0.020384407,0.5,1.0,20.0,10 V,2.0,True,1
51.8256,0.22700000000000012,0.001,10.938658,48187.92070484579,41596.200000000004,0.0415962,6.004859,26453.123348017605,20370.948,0.020370948,0.5,1.0,20.0,10 V,2.0,True,1
51.8424,0.22700000000000012,0.001,10.938658,48187.92070484579,41579.7,0.0415797,6.004859,26453.123348017605,20385.403000000002,0.020385403,0.5,1.0,20.0,10 V,2.0,True,1
51.8590,0.22700000000000012,0.001,10.938658,48187.92070484579,41579.7,0.0415797,6.004859,26453.123348017605,20380.751,0.020380751,0.5,1.0,20.0,10 V,2.0,True,1
51.8758,0.22700000000000012,0.001,10.938658,48187.92070484579,41585.200000000004,0.0415852,6.004859,26453.123348017605,20380.142,0.020380142,0.5,1.0,20.0,10 V,2.0,True,1
51.8928,0.22700000000000012,0.001,10.938658,48187.92070484579,41596.200000000004,0.0415962,6.004859,26453.123348017605,20380.862,0.020380862,0.5,1.0,20.0,10 V,2.0,True,1
51.9094,0.22700000000000012,0.001,10.938658,48187.92070484579,41601.7,0.0416017,6.004859,26453.123348017605,20379.255999999998,0.020379256,0.5,1.0,20.0,10 V,2.0,True,1
51.9261,0.22700000000000012,0.001,10.938658,48187.92070484579,41601.7,0.0416017,6.004859,26453.123348017605,20379.920000000002,0.02037992,0.5,1.0,20.0,10 V,2.0,True,1
51.9429,0.22700000000000012,0.001,10.938658,48187.92070484579,41590.700000000004,0.0415907,6.004859,26453.123348017605,20372.831000000002,0.020372831,0.5,1.0,20.0,10 V,2.0,True,1
51.9598,0.22700000000000012,0.001,10.938658,48187.92070484579,41585.200000000004,0.0415852,6.004859,26453.123348017605,20367.570000000003,0.02036757,0.5,1.0,20.0,10 V,2.0,True,1
51.9764,0.22700000000000012,0.001,10.938658,48187.92070484579,41563.200000000004,0.0415632,6.004859,26453.123348017605,20374.382,0.020374382,0.5,1.0,20.0,10 V,2.0,True,1
51.9931,0.22700000000000012,0.001,10.938658,48187.92070484579,41579.7,0.0415797,6.004859,26453.123348017605,20366.905000000002,0.020366905,0.5,1.0,20.0,10 V,2.0,True,1
52.0099,0.22700000000000012,0.001,10.938658,48187.92070484579,41590.700000000004,0.0415907,6.004859,26453.123348017605,20364.8,0.0203648,0.5,1.0,20.0,10 V,2.0,True,1
52.0267,0.22700000000000012,0.001,10.938658,48187.92070484579,41568.700000000004,0.0415687,6.004859,26453.123348017605,20361.754,0.020361754,0.5,1.0,20.0,10 V,2.0,True,1
52.0433,0.22700000000000012,0.001,10.938658,48187.92070484579,41568.700000000004,0.0415687,6.004859,26453.123348017605,20357.489,0.020357489,0.5,1.0,20.0,10 V,2.0,True,1
52.0601,0.22700000000000012,0.001,10.938658,48187.92070484579,41557.700000000004,0.0415577,6.004859,26453.123348017605,20364.025,0.020364025,0.5,1.0,20.0,10 V,2.0,True,1
52.0769,0.22700000000000012,0.001,10.938658,48187.92070484579,41563.200000000004,0.0415632,6.004859,26453.123348017605,20367.403,0.020367403,0.5,1.0,20.0,10 V,2.0,True,1
52.0934,0.22700000000000012,0.001,10.938658,48187.92070484579,41557.700000000004,0.0415577,6.004859,26453.123348017605,20356.825,0.020356825,0.5,1.0,20.0,10 V,2.0,True,1
52.1102,0.22700000000000012,0.001,10.938658,48187.92070484579,41563.200000000004,0.0415632,6.004859,26453.123348017605,20353.945,0.020353945,0.5,1.0,20.0,10 V,2.0,True,1
52.1269,0.22700000000000012,0.001,10.938658,48187.92070484579,41568.700000000004,0.0415687,6.004859,26453.123348017605,20360.923,0.020360923,0.5,1.0,20.0,10 V,2.0,True,1
52.1437,0.22700000000000012,0.001,10.938658,48187.92070484579,41568.700000000004,0.0415687,6.004859,26453.123348017605,20362.363,0.020362363,0.5,1.0,20.0,10 V,2.0,True,1
52.1605,0.22700000000000012,0.001,10.938658,48187.92070484579,41557.700000000004,0.0415577,6.004859,26453.123348017605,20362.917,0.020362917,0.5,1.0,20.0,10 V,2.0,True,1
52.1772,0.22700000000000012,0.001,10.938658,48187.92070484579,41563.200000000004,0.0415632,6.004859,26453.123348017605,20353.613,0.020353613,0.5,1.0,20.0,10 V,2.0,True,1
52.1940,0.22700000000000012,0.001,10.938658,48187.92070484579,41563.200000000004,0.0415632,6.004859,26453.123348017605,20360.259,0.020360259,0.5,1.0,20.0,10 V,2.0,True,1
52.2109,0.22700000000000012,0.001,10.938658,48187.92070484579,41552.2,0.0415522,6.004859,26453.123348017605,20349.182,0.020349182,0.5,1.0,20.0,10 V,2.0,True,1
52.2276,0.22700000000000012,0.001,10.938658,48187.92070484579,41546.700000000004,0.0415467,6.004859,26453.123348017605,20353.834000000003,0.020353834,0.5,1.0,20.0,10 V,2.0,True,1
52.2442,0.22700000000000012,0.001,10.938658,48187.92070484579,41546.700000000004,0.0415467,6.004859,26453.123348017605,20349.182,0.020349182,0.5,1.0,20.0,10 V,2.0,True,1
52.2610,0.22700000000000012,0.001,10.938658,48187.92070484579,41563.200000000004,0.0415632,6.004859,26453.123348017605,20352.616,0.020352616,0.5,1.0,20.0,10 V,2.0,True,1
52.2776,0.22700000000000012,0.001,10.938658,48187.92070484579,41557.700000000004,0.0415577,6.004859,26453.123348017605,20344.252,0.020344252,0.5,1.0,20.0,10 V,2.0,True,1
52.2945,0.22700000000000012,0.001,10.938658,48187.92070484579,41530.200000000004,0.0415302,6.004859,26453.123348017605,20346.191,0.020346191,0.5,1.0,20.0,10 V,2.0,True,1
52.3114,0.22700000000000012,0.001,10.938658,48187.92070484579,41541.200000000004,0.0415412,6.004859,26453.123348017605,20345.748,0.020345748,0.5,1.0,20.0,10 V,2.0,True,1
52.3281,0.22700000000000012,0.001,10.938658,48187.92070484579,41552.2,0.0415522,6.004859,26453.123348017605,20353.779,0.020353779,0.5,1.0,20.0,10 V,2.0,True,1
52.3449,0.22700000000000012,0.001,10.938658,48187.92070484579,41552.2,0.0415522,6.004859,26453.123348017605,20354.831000000002,0.020354831,0.5,1.0,20.0,10 V,2.0,True,1
52.3617,0.22700000000000012,0.001,10.938658,48187.92070484579,41552.2,0.0415522,6.004859,26453.123348017605,20349.182,0.020349182,0.5,1.0,20.0,10 V,2.0,True,1
52.3783,0.22700000000000012,0.001,10.938658,48187.92070484579,41546.700000000004,0.0415467,6.004859,26453.123348017605,20355.828,0.020355828,0.5,1.0,20.0,10 V,2.0,True,1
52.3950,0.22700000000000012,0.001,10.938658,48187.92070484579,41546.700000000004,0.0415467,6.004859,26453.123348017605,20342.868000000002,0.020342868,0.5,1.0,20.0,10 V,2.0,True,1
52.4118,0.22700000000000012,0.001,10.938658,48187.92070484579,41535.700000000004,0.0415357,6.004859,26453.123348017605,20348.905000000002,0.020348905,0.5,1.0,20.0,10 V,2.0,True,1
52.4285,0.22700000000000012,0.001,10.938658,48187.92070484579,41546.700000000004,0.0415467,6.004859,26453.123348017605,20338.215,0.020338215,0.5,1.0,20.0,10 V,2.0,True,1
52.4453,0.22700000000000012,0.001,10.938658,48187.92070484579,41530.200000000004,0.0415302,6.004859,26453.123348017605,20343.976000000002,0.020343976,0.5,1.0,20.0,10 V,2.0,True,1
52.4621,0.22700000000000012,0.001,10.938658,48187.92070484579,41541.200000000004,0.0415412,6.004859,26453.123348017605,20342.536000000004,0.020342536,0.5,1.0,20.0,10 V,2.0,True,1
52.4789,0.22700000000000012,0.001,10.938658,48187.92070484579,41530.200000000004,0.0415302,6.004859,26453.123348017605,20343.588,0.020343588,0.5,1.0,20.0,10 V,2.0,True,1
52.4957,0.22700000000000012,0.001,10.938658,48187.92070484579,41535.700000000004,0.0415357,6.004859,26453.123348017605,20339.157,0.020339157,0.5,1.0,20.0,10 V,2.0,True,1
52.5123,0.22700000000000012,0.001,10.938658,48187.92070484579,41530.200000000004,0.0415302,6.004859,26453.123348017605,20335.114,0.020335114,0.5,1.0,20.0,10 V,2.0,True,1
52.5292,0.22700000000000012,0.001,10.938658,48187.92070484579,41552.2,0.0415522,6.004859,26453.123348017605,20336.886,0.020336886,0.5,1.0,20.0,10 V,2.0,True,1
52.5460,0.22700000000000012,0.001,10.938658,48187.92070484579,41535.700000000004,0.0415357,6.004859,26453.123348017605,20340.32,0.02034032,0.5,1.0,20.0,10 V,2.0,True,1
52.5627,0.22700000000000012,0.001,10.938658,48187.92070484579,41530.200000000004,0.0415302,6.004859,26453.123348017605,20335.723,0.020335723,0.5,1.0,20.0,10 V,2.0,True,1
52.5794,0.22700000000000012,0.001,10.938658,48187.92070484579,41530.200000000004,0.0415302,6.004859,26453.123348017605,20333.785,0.020333785,0.5,1.0,20.0,10 V,2.0,True,1
52.5961,0.22700000000000012,0.001,10.938658,48187.92070484579,41524.7,0.0415247,6.004859,26453.123348017605,20342.536000000004,0.020342536,0.5,1.0,20.0,10 V,2.0,True,1
52.6131,0.22700000000000012,0.001,10.938658,48187.92070484579,41530.200000000004,0.0415302,6.004859,26453.123348017605,20333.451999999997,0.020333452,0.5,1.0,20.0,10 V,2.0,True,1
52.6297,0.22700000000000012,0.001,10.938658,48187.92070484579,41535.700000000004,0.0415357,6.004859,26453.123348017605,20333.231,0.020333231,0.5,1.0,20.0,10 V,2.0,True,1
52.6464,0.22700000000000012,0.001,10.938658,48187.92070484579,41524.7,0.0415247,6.004859,26453.123348017605,20339.268,0.020339268,0.5,1.0,20.0,10 V,2.0,True,1
52.6632,0.22700000000000012,0.001,10.938658,48187.92070484579,41524.7,0.0415247,6.004859,26453.123348017605,20336.665,0.020336665,0.5,1.0,20.0,10 V,2.0,True,1
52.6799,0.22700000000000012,0.001,10.938658,48187.92070484579,41519.200000000004,0.0415192,6.004859,26453.123348017605,20325.864999999998,0.020325865,0.5,1.0,20.0,10 V,2.0,True,1
52.6966,0.22700000000000012,0.001,10.938658,48187.92070484579,41524.7,0.0415247,6.004859,26453.123348017605,20322.265,0.020322265,0.5,1.0,20.0,10 V,2.0,True,1
52.7133,0.22700000000000012,0.001,10.938658,48187.92070484579,41524.7,0.0415247,6.004859,26453.123348017605,20332.732,0.020332732,0.5,1.0,20.0,10 V,2.0,True,1
52.7300,0.22700000000000012,0.001,10.938658,48187.92070484579,41519.200000000004,0.0415192,6.004859,26453.123348017605,20326.862,0.020326862,0.5,1.0,20.0,10 V,2.0,True,1
52.7467,0.22700000000000012,0.001,10.938658,48187.92070484579,41530.200000000004,0.0415302,6.004859,26453.123348017605,20325.2,0.0203252,0.5,1.0,20.0,10 V,2.0,True,1
52.7635,0.22700000000000012,0.001,10.938658,48187.92070484579,41508.200000000004,0.0415082,6.004859,26453.123348017605,20320.215,0.020320215,0.5,1.0,20.0,10 V,2.0,True,1
52.7802,0.22700000000000012,0.001,10.938658,48187.92070484579,41513.700000000004,0.0415137,6.004859,26453.123348017605,20324.757,0.020324757,0.5,1.0,20.0,10 V,2.0,True,1
52.7971,0.22700000000000012,0.001,10.938658,48187.92070484579,41513.700000000004,0.0415137,6.004859,26453.123348017605,20330.074,0.020330074,0.5,1.0,20.0,10 V,2.0,True,1
52.8138,0.22700000000000012,0.001,10.938658,48187.92070484579,41508.200000000004,0.0415082,6.004859,26453.123348017605,20317.446,0.020317446,0.5,1.0,20.0,10 V,2.0,True,1
52.8306,0.22700000000000012,0.001,10.938658,48187.92070484579,41513.700000000004,0.0415137,6.004859,26453.123348017605,20313.68,0.02031368,0.5,1.0,20.0,10 V,2.0,True,1
52.8472,0.22700000000000012,0.001,10.938658,48187.92070484579,41497.2,0.0414972,6.004859,26453.123348017605,20311.409,0.020311409,0.5,1.0,20.0,10 V,2.0,True,1
52.8641,0.22700000000000012,0.001,10.938658,48187.92070484579,41519.200000000004,0.0415192,6.004859,26453.123348017605,20323.262000000002,0.020323262,0.5,1.0,20.0,10 V,2.0,True,1
52.8808,0.22700000000000012,0.001,10.938658,48187.92070484579,41508.200000000004,0.0415082,6.004859,26453.123348017605,20319.994000000002,0.020319994,0.5,1.0,20.0,10 V,2.0,True,1
52.8976,0.22700000000000012,0.001,10.938658,48187.92070484579,41513.700000000004,0.0415137,6.004859,26453.123348017605,20317.225000000002,0.020317225,0.5,1.0,20.0,10 V,2.0,True,1
52.9141,0.22700000000000012,0.001,10.938658,48187.92070484579,41508.200000000004,0.0415082,6.004859,26453.123348017605,20316.726000000002,0.020316726,0.5,1.0,20.0,10 V,2.0,True,1
52.9309,0.22700000000000012,0.001,10.938658,48187.92070484579,41508.200000000004,0.0415082,6.004859,26453.123348017605,20316.948000000004,0.020316948,0.5,1.0,20.0,10 V,2.0,True,1
52.9475,0.22700000000000012,0.001,10.938658,48187.92070484579,41508.200000000004,0.0415082,6.004859,26453.123348017605,20313.458,0.020313458,0.5,1.0,20.0,10 V,2.0,True,1
52.9644,0.22700000000000012,0.001,10.938658,48187.92070484579,41497.2,0.0414972,6.004859,26453.123348017605,20313.403000000002,0.020313403,0.5,1.0,20.0,10 V,2.0,True,1
52.9811,0.22700000000000012,0.001,10.938658,48187.92070484579,41508.200000000004,0.0415082,6.004859,26453.123348017605,20306.092,0.020306092,0.5,1.0,20.0,10 V,2.0,True,1
52.9979,0.22700000000000012,0.001,10.938658,48187.92070484579,41508.200000000004,0.0415082,6.004859,26453.123348017605,20309.526,0.020309526,0.5,1.0,20.0,10 V,2.0,True,1
53.0146,0.22700000000000012,0.001,10.938658,48187.92070484579,41508.200000000004,0.0415082,6.004859,26453.123348017605,20309.692000000003,0.020309692,0.5,1.0,20.0,10 V,2.0,True,1
53.0314,0.22700000000000012,0.001,10.938658,48187.92070484579,41491.700000000004,0.0414917,6.004859,26453.123348017605,20307.255,0.020307255,0.5,1.0,20.0,10 V,2.0,True,1
53.0481,0.22700000000000012,0.001,10.938658,48187.92070484579,41497.2,0.0414972,6.004859,26453.123348017605,20307.698,0.020307698,0.5,1.0,20.0,10 V,2.0,True,1
53.0648,0.22700000000000012,0.001,10.938658,48187.92070484579,41502.7,0.0415027,6.004859,26453.123348017605,20306.48,0.02030648,0.5,1.0,20.0,10 V,2.0,True,1
53.0815,0.22700000000000012,0.001,10.938658,48187.92070484579,41491.700000000004,0.0414917,6.004859,26453.123348017605,20309.415,0.020309415,0.5,1.0,20.0,10 V,2.0,True,1
53.0985,0.22700000000000012,0.001,10.938658,48187.92070484579,41502.7,0.0415027,6.004859,26453.123348017605,20304.375,0.020304375,0.5,1.0,20.0,10 V,2.0,True,1
53.1151,0.22700000000000012,0.001,10.938658,48187.92070484579,41502.7,0.0415027,6.004859,26453.123348017605,20304.818,0.020304818,0.5,1.0,20.0,10 V,2.0,True,1
53.1317,0.22700000000000012,0.001,10.938658,48187.92070484579,41502.7,0.0415027,6.004859,26453.123348017605,20312.683,0.020312683,0.5,1.0,20.0,10 V,2.0,True,1
53.1485,0.22700000000000012,0.001,10.938658,48187.92070484579,41491.700000000004,0.0414917,6.004859,26453.123348017605,20303.988,0.020303988,0.5,1.0,20.0,10 V,2.0,True,1
53.1652,0.22700000000000012,0.001,10.938658,48187.92070484579,41480.700000000004,0.0414807,6.004859,26453.123348017605,20299.778000000002,0.020299778,0.5,1.0,20.0,10 V,2.0,True,1
53.1820,0.22700000000000012,0.001,10.938658,48187.92070484579,41491.700000000004,0.0414917,6.004859,26453.123348017605,20296.068000000003,0.020296068,0.5,1.0,20.0,10 V,2.0,True,1
53.1986,0.22700000000000012,0.001,10.938658,48187.92070484579,41486.200000000004,0.0414862,6.004859,26453.123348017605,20298.615,0.020298615,0.5,1.0,20.0,10 V,2.0,True,1
53.2154,0.22700000000000012,0.001,10.938658,48187.92070484579,41491.700000000004,0.0414917,6.004859,26453.123348017605,20289.754,0.020289754,0.5,1.0,20.0,10 V,2.0,True,1
53.2321,0.22700000000000012,0.001,10.938658,48187.92070484579,41486.200000000004,0.0414862,6.004859,26453.123348017605,20285.323,0.020285323,0.5,1.0,20.0,10 V,2.0,True,1
53.2491,0.22700000000000012,0.001,10.938658,48187.92070484579,41491.700000000004,0.0414917,6.004859,26453.123348017605,20288.923000000003,0.020288923,0.5,1.0,20.0,10 V,2.0,True,1
53.2658,0.22700000000000012,0.001,10.938658,48187.92070484579,41475.2,0.0414752,6.004859,26453.123348017605,20300.443000000003,0.020300443,0.5,1.0,20.0,10 V,2.0,True,1
53.2826,0.22700000000000012,0.001,10.938658,48187.92070484579,41491.700000000004,0.0414917,6.004859,26453.123348017605,20293.298000000003,0.020293298,0.5,1.0,20.0,10 V,2.0,True,1
53.2993,0.22700000000000012,0.001,10.938658,48187.92070484579,41480.700000000004,0.0414807,6.004859,26453.123348017605,20295.735,0.020295735,0.5,1.0,20.0,10 V,2.0,True,1
53.3160,0.22700000000000012,0.001,10.938658,48187.92070484579,41475.2,0.0414752,6.004859,26453.123348017605,20297.895,0.020297895,0.5,1.0,20.0,10 V,2.0,True,1
53.3327,0.22700000000000012,0.001,10.938658,48187.92070484579,41475.2,0.0414752,6.004859,26453.123348017605,20292.634000000002,0.020292634,0.5,1.0,20.0,10 V,2.0,True,1
53.3496,0.22700000000000012,0.001,10.938658,48187.92070484579,41491.700000000004,0.0414917,6.004859,26453.123348017605,20299.335000000003,0.020299335,0.5,1.0,20.0,10 V,2.0,True,1
53.3664,0.22700000000000012,0.001,10.938658,48187.92070484579,41475.2,0.0414752,6.004859,26453.123348017605,20296.621000000003,0.020296621,0.5,1.0,20.0,10 V,2.0,True,1
53.3830,0.22700000000000012,0.001,10.938658,48187.92070484579,41469.7,0.0414697,6.004859,26453.123348017605,20300.221,0.020300221,0.5,1.0,20.0,10 V,2.0,True,1
53.4001,0.22700000000000012,0.001,10.938658,48187.92070484579,41486.200000000004,0.0414862,6.004859,26453.123348017605,20301.440000000002,0.02030144,0.5,1.0,20.0,10 V,2.0,True,1
53.4166,0.22700000000000012,0.001,10.938658,48187.92070484579,41469.7,0.0414697,6.004859,26453.123348017605,20298.948,0.020298948,0.5,1.0,20.0,10 V,2.0,True,1
53.4333,0.22700000000000012,0.001,10.938658,48187.92070484579,41486.200000000004,0.0414862,6.004859,26453.123348017605,20305.649,0.020305649,0.5,1.0,20.0,10 V,2.0,True,1
53.4504,0.22700000000000012,0.001,10.938658,48187.92070484579,41475.2,0.0414752,6.004859,26453.123348017605,20305.483,0.020305483,0.5,1.0,20.0,10 V,2.0,True,1
53.4669,0.22700000000000012,0.001,10.938658,48187.92070484579,41480.700000000004,0.0414807,6.004859,26453.123348017605,20293.575,0.020293575,0.5,1.0,20.0,10 V,2.0,True,1
53.4837,0.22700000000000012,0.001,10.938658,48187.92070484579,41480.700000000004,0.0414807,6.004859,26453.123348017605,20300.055,0.020300055,0.5,1.0,20.0,10 V,2.0,True,1
53.5006,0.22700000000000012,0.001,10.938658,48187.92070484579,41502.7,0.0415027,6.004859,26453.123348017605,20304.708000000002,0.020304708,0.5,1.0,20.0,10 V,2.0,True,1
53.5172,0.22700000000000012,0.001,10.938658,48187.92070484579,41475.2,0.0414752,6.004859,26453.123348017605,20300.332000000002,0.020300332,0.5,1.0,20.0,10 V,2.0,True,1
53.5340,0.22700000000000012,0.001,10.938658,48187.92070484579,41497.2,0.0414972,6.004859,26453.123348017605,20306.701,0.020306701,0.5,1.0,20.0,10 V,2.0,True,1
53.5507,0.22700000000000012,0.001,10.938658,48187.92070484579,41480.700000000004,0.0414807,6.004859,26453.123348017605,20294.849000000002,0.020294849,0.5,1.0,20.0,10 V,2.0,True,1
53.5675,0.22700000000000012,0.001,10.938658,48187.92070484579,41486.200000000004,0.0414862,6.004859,26453.123348017605,20296.511000000002,0.020296511,0.5,1.0,20.0,10 V,2.0,True,1
53.5845,0.22700000000000012,0.001,10.938658,48187.92070484579,41475.2,0.0414752,6.004859,26453.123348017605,20295.68,0.02029568,0.5,1.0,20.0,10 V,2.0,True,1
53.6010,0.22700000000000012,0.001,10.938658,48187.92070484579,41469.7,0.0414697,6.004859,26453.123348017605,20295.237,0.020295237,0.5,1.0,20.0,10 V,2.0,True,1
53.6178,0.22700000000000012,0.001,10.938658,48187.92070484579,41480.700000000004,0.0414807,6.004859,26453.123348017605,20286.375,0.020286375,0.5,1.0,20.0,10 V,2.0,True,1
53.6345,0.22700000000000012,0.001,10.938658,48187.92070484579,41469.7,0.0414697,6.004859,26453.123348017605,20284.935,0.020284935,0.5,1.0,20.0,10 V,2.0,True,1
53.6513,0.22700000000000012,0.001,10.938658,48187.92070484579,41469.7,0.0414697,6.004859,26453.123348017605,20291.581000000002,0.020291581,0.5,1.0,20.0,10 V,2.0,True,1
53.6682,0.22700000000000012,0.001,10.938658,48187.92070484579,41469.7,0.0414697,6.004859,26453.123348017605,20292.412,0.020292412,0.5,1.0,20.0,10 V,2.0,True,1
53.6847,0.22700000000000012,0.001,10.938658,48187.92070484579,41458.700000000004,0.0414587,6.004859,26453.123348017605,20288.757,0.020288757,0.5,1.0,20.0,10 V,2.0,True,1
53.7013,0.22700000000000012,0.001,10.938658,48187.92070484579,41464.200000000004,0.0414642,6.004859,26453.123348017605,20296.511000000002,0.020296511,0.5,1.0,20.0,10 V,2.0,True,1
53.7182,0.22700000000000012,0.001,10.938658,48187.92070484579,41453.200000000004,0.0414532,6.004859,26453.123348017605,20288.314,0.020288314,0.5,1.0,20.0,10 V,2.0,True,1
53.7348,0.22700000000000012,0.001,10.938658,48187.92070484579,41475.2,0.0414752,6.004859,26453.123348017605,20288.037,0.020288037,0.5,1.0,20.0,10 V,2.0,True,1
53.7515,0.22700000000000012,0.001,10.938658,48187.92070484579,41475.2,0.0414752,6.004859,26453.123348017605,20292.412,0.020292412,0.5,1.0,20.0,10 V,2.0,True,1
53.7682,0.22700000000000012,0.001,10.938658,48187.92070484579,41469.7,0.0414697,6.004859,26453.123348017605,20283.329,0.020283329,0.5,1.0,20.0,10 V,2.0,True,1
53.7851,0.22700000000000012,0.001,10.938658,48187.92070484579,41458.700000000004,0.0414587,6.004859,26453.123348017605,20283.661000000004,0.020283661,0.5,1.0,20.0,10 V,2.0,True,1
53.8018,0.22700000000000012,0.001,10.938658,48187.92070484579,41458.700000000004,0.0414587,6.004859,26453.123348017605,20275.52,0.02027552,0.5,1.0,20.0,10 V,2.0,True,1
53.8185,0.22700000000000012,0.001,10.938658,48187.92070484579,41458.700000000004,0.0414587,6.004859,26453.123348017605,20274.523,0.020274523,0.5,1.0,20.0,10 V,2.0,True,1
53.8352,0.22700000000000012,0.001,10.938658,48187.92070484579,41458.700000000004,0.0414587,6.004859,26453.123348017605,20275.963000000003,0.020275963,0.5,1.0,20.0,10 V,2.0,True,1
53.8519,0.22700000000000012,0.001,10.938658,48187.92070484579,41453.200000000004,0.0414532,6.004859,26453.123348017605,20274.467,0.020274467,0.5,1.0,20.0,10 V,2.0,True,1
53.8687,0.22700000000000012,0.001,10.938658,48187.92070484579,41458.700000000004,0.0414587,6.004859,26453.123348017605,20278.787,0.020278787,0.5,1.0,20.0,10 V,2.0,True,1
53.8856,0.22700000000000012,0.001,10.938658,48187.92070484579,41453.200000000004,0.0414532,6.004859,26453.123348017605,20271.92,0.02027192,0.5,1.0,20.0,10 V,2.0,True,1
53.9023,0.22700000000000012,0.001,10.938658,48187.92070484579,41453.200000000004,0.0414532,6.004859,26453.123348017605,20285.821,0.020285821,0.5,1.0,20.0,10 V,2.0,True,1
53.9189,0.22700000000000012,0.001,10.938658,48187.92070484579,41475.2,0.0414752,6.004859,26453.123348017605,20284.547000000002,0.020284547,0.5,1.0,20.0,10 V,2.0,True,1
53.9356,0.22700000000000012,0.001,10.938658,48187.92070484579,41458.700000000004,0.0414587,6.004859,26453.123348017605,20279.064000000002,0.020279064,0.5,1.0,20.0,10 V,2.0,True,1
53.9523,0.22700000000000012,0.001,10.938658,48187.92070484579,41464.200000000004,0.0414642,6.004859,26453.123348017605,20280.283,0.020280283,0.5,1.0,20.0,10 V,2.0,True,1
53.9691,0.22700000000000012,0.001,10.938658,48187.92070484579,41453.200000000004,0.0414532,6.004859,26453.123348017605,20276.018,0.020276018,0.5,1.0,20.0,10 V,2.0,True,1
53.9859,0.22700000000000012,0.001,10.938658,48187.92070484579,41453.200000000004,0.0414532,6.004859,26453.123348017605,20285.711000000003,0.020285711,0.5,1.0,20.0,10 V,2.0,True,1
54.0025,0.22700000000000012,0.001,10.938658,48187.92070484579,41458.700000000004,0.0414587,6.004859,26453.123348017605,20281.612,0.020281612,0.5,1.0,20.0,10 V,2.0,True,1
54.0196,0.22700000000000012,0.001,10.938658,48187.92070484579,41453.200000000004,0.0414532,6.004859,26453.123348017605,20285.877,0.020285877,0.5,1.0,20.0,10 V,2.0,True,1
54.0361,0.22700000000000012,0.001,10.938658,48187.92070484579,41469.7,0.0414697,6.004859,26453.123348017605,20279.563000000002,0.020279563,0.5,1.0,20.0,10 V,2.0,True,1
54.0528,0.22700000000000012,0.001,10.938658,48187.92070484579,41458.700000000004,0.0414587,6.004859,26453.123348017605,20287.206,0.020287206,0.5,1.0,20.0,10 V,2.0,True,1
54.0695,0.22700000000000012,0.001,10.938658,48187.92070484579,41464.200000000004,0.0414642,6.004859,26453.123348017605,20294.628,0.020294628,0.5,1.0,20.0,10 V,2.0,True,1
54.0863,0.22700000000000012,0.001,10.938658,48187.92070484579,41458.700000000004,0.0414587,6.004859,26453.123348017605,20287.704,0.020287704,0.5,1.0,20.0,10 V,2.0,True,1
54.1031,0.22700000000000012,0.001,10.938658,48187.92070484579,41453.200000000004,0.0414532,6.004859,26453.123348017605,20285.655,0.020285655,0.5,1.0,20.0,10 V,2.0,True,1
54.1199,0.22700000000000012,0.001,10.938658,48187.92070484579,41458.700000000004,0.0414587,6.004859,26453.123348017605,20277.237,0.020277237,0.5,1.0,20.0,10 V,2.0,True,1
54.1367,0.22700000000000012,0.001,10.938658,48187.92070484579,41447.7,0.0414477,6.004859,26453.123348017605,20278.953999999998,0.020278954,0.5,1.0,20.0,10 V,2.0,True,1
54.1533,0.22700000000000012,0.001,10.938658,48187.92070484579,41453.200000000004,0.0414532,6.004859,26453.123348017605,20273.914,0.020273914,0.5,1.0,20.0,10 V,2.0,True,1
54.1700,0.22700000000000012,0.001,10.938658,48187.92070484579,41469.7,0.0414697,6.004859,26453.123348017605,20284.492000000002,0.020284492,0.5,1.0,20.0,10 V,2.0,True,1
54.1867,0.22700000000000012,0.001,10.938658,48187.92070484579,41480.700000000004,0.0414807,6.004859,26453.123348017605,20294.184,0.020294184,0.5,1.0,20.0,10 V,2.0,True,1
54.2034,0.22700000000000012,0.001,10.938658,48187.92070484579,41458.700000000004,0.0414587,6.004859,26453.123348017605,20292.523,0.020292523,0.5,1.0,20.0,10 V,2.0,True,1
54.2202,0.22700000000000012,0.001,10.938658,48187.92070484579,41464.200000000004,0.0414642,6.004859,26453.123348017605,20285.378,0.020285378,0.5,1.0,20.0,10 V,2.0,True,1
54.2371,0.22700000000000012,0.001,10.938658,48187.92070484579,41464.200000000004,0.0414642,6.004859,26453.123348017605,20286.818000000003,0.020286818,0.5,1.0,20.0,10 V,2.0,True,1
54.2539,0.22700000000000012,0.001,10.938658,48187.92070484579,41453.200000000004,0.0414532,6.004859,26453.123348017605,20289.366,0.020289366,0.5,1.0,20.0,10 V,2.0,True,1
54.2704,0.22700000000000012,0.001,10.938658,48187.92070484579,41458.700000000004,0.0414587,6.004859,26453.123348017605,20281.778000000002,0.020281778,0.5,1.0,20.0,10 V,2.0,True,1
54.2871,0.22700000000000012,0.001,10.938658,48187.92070484579,41447.7,0.0414477,6.004859,26453.123348017605,20293.021,0.020293021,0.5,1.0,20.0,10 V,2.0,True,1
54.3039,0.22700000000000012,0.001,10.938658,48187.92070484579,41453.200000000004,0.0414532,6.004859,26453.123348017605,20280.117000000002,0.020280117,0.5,1.0,20.0,10 V,2.0,True,1
54.3209,0.22700000000000012,0.001,10.938658,48187.92070484579,41464.200000000004,0.0414642,6.004859,26453.123348017605,20288.369000000002,0.020288369,0.5,1.0,20.0,10 V,2.0,True,1
54.3375,0.22700000000000012,0.001,10.938658,48187.92070484579,41458.700000000004,0.0414587,6.004859,26453.123348017605,20280.837,0.020280837,0.5,1.0,20.0,10 V,2.0,True,1
54.3543,0.22700000000000012,0.001,10.938658,48187.92070484579,41458.700000000004,0.0414587,6.004859,26453.123348017605,20280.671000000002,0.020280671,0.5,1.0,20.0,10 V,2.0,True,1
54.3711,0.22700000000000012,0.001,10.938658,48187.92070484579,41442.2,0.0414422,6.004859,26453.123348017605,20278.399999999998,0.0202784,0.5,1.0,20.0,10 V,2.0,True,1
54.3879,0.22700000000000012,0.001,10.938658,48187.92070484579,41447.7,0.0414477,6.004859,26453.123348017605,20273.027,0.020273027,0.5,1.0,20.0,10 V,2.0,True,1
54.4046,0.22700000000000012,0.001,10.938658,48187.92070484579,41458.700000000004,0.0414587,6.004859,26453.123348017605,20287.04,0.02028704,0.5,1.0,20.0,10 V,2.0,True,1
54.4214,0.22700000000000012,0.001,10.938658,48187.92070484579,41442.2,0.0414422,6.004859,26453.123348017605,20287.538,0.020287538,0.5,1.0,20.0,10 V,2.0,True,1
54.4382,0.22700000000000012,0.001,10.938658,48187.92070484579,41453.200000000004,0.0414532,6.004859,26453.123348017605,20286.763,0.020286763,0.5,1.0,20.0,10 V,2.0,True,1
54.4548,0.22700000000000012,0.001,10.938658,48187.92070484579,41469.7,0.0414697,6.004859,26453.123348017605,20284.714,0.020284714,0.5,1.0,20.0,10 V,2.0,True,1
54.4717,0.22700000000000012,0.001,10.938658,48187.92070484579,41458.700000000004,0.0414587,6.004859,26453.123348017605,20288.424,0.020288424,0.5,1.0,20.0,10 V,2.0,True,1
54.4885,0.22700000000000012,0.001,10.938658,48187.92070484579,41447.7,0.0414477,6.004859,26453.123348017605,20284.547000000002,0.020284547,0.5,1.0,20.0,10 V,2.0,True,1
54.5051,0.22700000000000012,0.001,10.938658,48187.92070484579,41453.200000000004,0.0414532,6.004859,26453.123348017605,20279.064000000002,0.020279064,0.5,1.0,20.0,10 V,2.0,True,1
54.5220,0.22700000000000012,0.001,10.938658,48187.92070484579,41464.200000000004,0.0414642,6.004859,26453.123348017605,20288.480000000003,0.02028848,0.5,1.0,20.0,10 V,2.0,True,1
54.5387,0.22700000000000012,0.001,10.938658,48187.92070484579,41453.200000000004,0.0414532,6.004859,26453.123348017605,20288.535,0.020288535,0.5,1.0,20.0,10 V,2.0,True,1
54.5556,0.22700000000000012,0.001,10.938658,48187.92070484579,41453.200000000004,0.0414532,6.004859,26453.123348017605,20279.951,0.020279951,0.5,1.0,20.0,10 V,2.0,True,1
54.5722,0.22700000000000012,0.001,10.938658,48187.92070484579,41431.200000000004,0.0414312,6.004859,26453.123348017605,20280.338,0.020280338,0.5,1.0,20.0,10 V,2.0,True,1
54.5892,0.22700000000000012,0.001,10.938658,48187.92070484579,41453.200000000004,0.0414532,6.004859,26453.123348017605,20274.135,0.020274135,0.5,1.0,20.0,10 V,2.0,True,1
54.6059,0.22700000000000012,0.001,10.938658,48187.92070484579,41453.200000000004,0.0414532,6.004859,26453.123348017605,20280.338,0.020280338,0.5,1.0,20.0,10 V,2.0,True,1
54.6226,0.22700000000000012,0.001,10.938658,48187.92070484579,41447.7,0.0414477,6.004859,26453.123348017605,20275.409000000003,0.020275409,0.5,1.0,20.0,10 V,2.0,True,1
54.6395,0.22700000000000012,0.001,10.938658,48187.92070484579,41425.700000000004,0.0414257,6.004859,26453.123348017605,20268.32,0.02026832,0.5,1.0,20.0,10 V,2.0,True,1
54.6564,0.22700000000000012,0.001,10.938658,48187.92070484579,41458.700000000004,0.0414587,6.004859,26453.123348017605,20289.532,0.020289532,0.5,1.0,20.0,10 V,2.0,True,1
54.6729,0.22700000000000012,0.001,10.938658,48187.92070484579,41431.200000000004,0.0414312,6.004859,26453.123348017605,20271.477,0.020271477,0.5,1.0,20.0,10 V,2.0,True,1
54.6898,0.22700000000000012,0.001,10.938658,48187.92070484579,41442.2,0.0414422,6.004859,26453.123348017605,20279.064000000002,0.020279064,0.5,1.0,20.0,10 V,2.0,True,1
54.7064,0.22700000000000012,0.001,10.938658,48187.92070484579,41436.700000000004,0.0414367,6.004859,26453.123348017605,20274.357,0.020274357,0.5,1.0,20.0,10 V,2.0,True,1
54.7233,0.22700000000000012,0.001,10.938658,48187.92070484579,41436.700000000004,0.0414367,6.004859,26453.123348017605,20276.683,0.020276683,0.5,1.0,20.0,10 V,2.0,True,1
54.7398,0.22700000000000012,0.001,10.938658,48187.92070484579,41436.700000000004,0.0414367,6.004859,26453.123348017605,20280.614999999998,0.020280615,0.5,1.0,20.0,10 V,2.0,True,1
54.7566,0.22700000000000012,0.001,10.938658,48187.92070484579,41442.2,0.0414422,6.004859,26453.123348017605,20268.652000000002,0.020268652,0.5,1.0,20.0,10 V,2.0,True,1
54.7736,0.22700000000000012,0.001,10.938658,48187.92070484579,41442.2,0.0414422,6.004859,26453.123348017605,20263.667,0.020263667,0.5,1.0,20.0,10 V,2.0,True,1
54.7903,0.22700000000000012,0.001,10.938658,48187.92070484579,41447.7,0.0414477,6.004859,26453.123348017605,20272.640000000003,0.02027264,0.5,1.0,20.0,10 V,2.0,True,1
54.8071,0.22700000000000012,0.001,10.938658,48187.92070484579,41447.7,0.0414477,6.004859,26453.123348017605,20269.981,0.020269981,0.5,1.0,20.0,10 V,2.0,True,1
54.8238,0.22700000000000012,0.001,10.938658,48187.92070484579,41442.2,0.0414422,6.004859,26453.123348017605,20268.707000000002,0.020268707,0.5,1.0,20.0,10 V,2.0,True,1
54.8405,0.22700000000000012,0.001,10.938658,48187.92070484579,41436.700000000004,0.0414367,6.004859,26453.123348017605,20268.929000000004,0.020268929,0.5,1.0,20.0,10 V,2.0,True,1
54.8572,0.22700000000000012,0.001,10.938658,48187.92070484579,41436.700000000004,0.0414367,6.004859,26453.123348017605,20266.492000000002,0.020266492,0.5,1.0,20.0,10 V,2.0,True,1
54.8739,0.22700000000000012,0.001,10.938658,48187.92070484579,41442.2,0.0414422,6.004859,26453.123348017605,20274.8,0.0202748,0.5,1.0,20.0,10 V,2.0,True,1
54.8909,0.22700000000000012,0.001,10.938658,48187.92070484579,41436.700000000004,0.0414367,6.004859,26453.123348017605,20269.15,0.02026915,0.5,1.0,20.0,10 V,2.0,True,1
54.9077,0.22700000000000012,0.001,10.938658,48187.92070484579,41431.200000000004,0.0414312,6.004859,26453.123348017605,20268.707000000002,0.020268707,0.5,1.0,20.0,10 V,2.0,True,1
54.9245,0.22700000000000012,0.001,10.938658,48187.92070484579,41431.200000000004,0.0414312,6.004859,26453.123348017605,20265.772,0.020265772,0.5,1.0,20.0,10 V,2.0,True,1
54.9411,0.22700000000000012,0.001,10.938658,48187.92070484579,41442.2,0.0414422,6.004859,26453.123348017605,20272.806,0.020272806,0.5,1.0,20.0,10 V,2.0,True,1
54.9579,0.22700000000000012,0.001,10.938658,48187.92070484579,41431.200000000004,0.0414312,6.004859,26453.123348017605,20267.932,0.020267932,0.5,1.0,20.0,10 V,2.0,True,1
54.9745,0.22700000000000012,0.001,10.938658,48187.92070484579,41436.700000000004,0.0414367,6.004859,26453.123348017605,20266.547,0.020266547,0.5,1.0,20.0,10 V,2.0,True,1
54.9912,0.22700000000000012,0.001,10.938658,48187.92070484579,41436.700000000004,0.0414367,6.004859,26453.123348017605,20267.046000000002,0.020267046,0.5,1.0,20.0,10 V,2.0,True,1
55.0080,0.22700000000000012,0.001,10.938658,48187.92070484579,41431.200000000004,0.0414312,6.004859,26453.123348017605,20269.206000000002,0.020269206,0.5,1.0,20.0,10 V,2.0,True,1
55.0246,0.22700000000000012,0.001,10.938658,48187.92070484579,41431.200000000004,0.0414312,6.004859,26453.123348017605,20265.827,0.020265827,0.5,1.0,20.0,10 V,2.0,True,1
55.0415,0.22700000000000012,0.001,10.938658,48187.92070484579,41420.2,0.0414202,6.004859,26453.123348017605,20262.061,0.020262061,0.5,1.0,20.0,10 V,2.0,True,1
55.0583,0.22700000000000012,0.001,10.938658,48187.92070484579,41425.700000000004,0.0414257,6.004859,26453.123348017605,20267.101,0.020267101,0.5,1.0,20.0,10 V,2.0,True,1
55.0750,0.22700000000000012,0.001,10.938658,48187.92070484579,41425.700000000004,0.0414257,6.004859,26453.123348017605,20266.547,0.020266547,0.5,1.0,20.0,10 V,2.0,True,1
55.0919,0.22700000000000012,0.001,10.938658,48187.92070484579,41431.200000000004,0.0414312,6.004859,26453.123348017605,20277.458000000002,0.020277458,0.5,1.0,20.0,10 V,2.0,True,1
55.1087,0.22700000000000012,0.001,10.938658,48187.92070484579,41436.700000000004,0.0414367,6.004859,26453.123348017605,20274.246,0.020274246,0.5,1.0,20.0,10 V,2.0,True,1
55.1255,0.22700000000000012,0.001,10.938658,48187.92070484579,41425.700000000004,0.0414257,6.004859,26453.123348017605,20272.030000000002,0.02027203,0.5,1.0,20.0,10 V,2.0,True,1
55.1421,0.22700000000000012,0.001,10.938658,48187.92070484579,41442.2,0.0414422,6.004859,26453.123348017605,20261.009000000002,0.020261009,0.5,1.0,20.0,10 V,2.0,True,1
55.1589,0.22700000000000012,0.001,10.938658,48187.92070484579,41442.2,0.0414422,6.004859,26453.123348017605,20268.541,0.020268541,0.5,1.0,20.0,10 V,2.0,True,1
55.1758,0.22700000000000012,0.001,10.938658,48187.92070484579,41453.200000000004,0.0414532,6.004859,26453.123348017605,20279.286,0.020279286,0.5,1.0,20.0,10 V,2.0,True,1
55.1925,0.22700000000000012,0.001,10.938658,48187.92070484579,41431.200000000004,0.0414312,6.004859,26453.123348017605,20263.169,0.020263169,0.5,1.0,20.0,10 V,2.0,True,1
55.2092,0.22700000000000012,0.001,10.938658,48187.92070484579,41414.7,0.0414147,6.004859,26453.123348017605,20260.843,0.020260843,0.5,1.0,20.0,10 V,2.0,True,1
55.2258,0.22700000000000012,0.001,10.938658,48187.92070484579,41425.700000000004,0.0414257,6.004859,26453.123348017605,20275.021,0.020275021,0.5,1.0,20.0,10 V,2.0,True,1
55.2427,0.22700000000000012,0.001,10.938658,48187.92070484579,41431.200000000004,0.0414312,6.004859,26453.123348017605,20261.507,0.020261507,0.5,1.0,20.0,10 V,2.0,True,1
55.2594,0.22700000000000012,0.001,10.938658,48187.92070484579,41431.200000000004,0.0414312,6.004859,26453.123348017605,20261.064,0.020261064,0.5,1.0,20.0,10 V,2.0,True,1
55.2760,0.22700000000000012,0.001,10.938658,48187.92070484579,41420.2,0.0414202,6.004859,26453.123348017605,20267.157000000003,0.020267157,0.5,1.0,20.0,10 V,2.0,True,1
55.2929,0.22700000000000012,0.001,10.938658,48187.92070484579,41431.200000000004,0.0414312,6.004859,26453.123348017605,20275.298000000003,0.020275298,0.5,1.0,20.0,10 V,2.0,True,1
55.3097,0.22700000000000012,0.001,10.938658,48187.92070484579,41414.7,0.0414147,6.004859,26453.123348017605,20256.523,0.020256523,0.5,1.0,20.0,10 V,2.0,True,1
55.3265,0.22700000000000012,0.001,10.938658,48187.92070484579,41425.700000000004,0.0414257,6.004859,26453.123348017605,20265.993000000002,0.020265993,0.5,1.0,20.0,10 V,2.0,True,1
55.3431,0.22700000000000012,0.001,10.938658,48187.92070484579,41414.7,0.0414147,6.004859,26453.123348017605,20248.492000000002,0.020248492,0.5,1.0,20.0,10 V,2.0,True,1
55.3598,0.22700000000000012,0.001,10.938658,48187.92070484579,41431.200000000004,0.0414312,6.004859,26453.123348017605,20264.609,0.020264609,0.5,1.0,20.0,10 V,2.0,True,1
55.3767,0.22700000000000012,0.001,10.938658,48187.92070484579,41436.700000000004,0.0414367,6.004859,26453.123348017605,20272.307,0.020272307,0.5,1.0,20.0,10 V,2.0,True,1
55.3935,0.22700000000000012,0.001,10.938658,48187.92070484579,41409.200000000004,0.0414092,6.004859,26453.123348017605,20256.855000000003,0.020256855,0.5,1.0,20.0,10 V,2.0,True,1
55.4102,0.22700000000000012,0.001,10.938658,48187.92070484579,41420.2,0.0414202,6.004859,26453.123348017605,20260.289,0.020260289,0.5,1.0,20.0,10 V,2.0,True,1
55.4268,0.22700000000000012,0.001,10.938658,48187.92070484579,41431.200000000004,0.0414312,6.004859,26453.123348017605,20259.015,0.020259015,0.5,1.0,20.0,10 V,2.0,True,1
55.4435,0.22700000000000012,0.001,10.938658,48187.92070484579,41425.700000000004,0.0414257,6.004859,26453.123348017605,20256.467,0.020256467,0.5,1.0,20.0,10 V,2.0,True,1
55.4604,0.22700000000000012,0.001,10.938658,48187.92070484579,41420.2,0.0414202,6.004859,26453.123348017605,20251.206000000002,0.020251206,0.5,1.0,20.0,10 V,2.0,True,1
55.4770,0.22700000000000012,0.001,10.938658,48187.92070484579,41420.2,0.0414202,6.004859,26453.123348017605,20258.406,0.020258406,0.5,1.0,20.0,10 V,2.0,True,1
55.4938,0.22700000000000012,0.001,10.938658,48187.92070484579,41414.7,0.0414147,6.004859,26453.123348017605,20255.637000000002,0.020255637,0.5,1.0,20.0,10 V,2.0,True,1
55.5107,0.22700000000000012,0.001,10.938658,48187.92070484579,41414.7,0.0414147,6.004859,26453.123348017605,20253.698,0.020253698,0.5,1.0,20.0,10 V,2.0,True,1
55.5275,0.22700000000000012,0.001,10.938658,48187.92070484579,41414.7,0.0414147,6.004859,26453.123348017605,20252.756,0.020252756,0.5,1.0,20.0,10 V,2.0,True,1
55.5441,0.22700000000000012,0.001,10.938658,48187.92070484579,41420.2,0.0414202,6.004859,26453.123348017605,20256.578,0.020256578,0.5,1.0,20.0,10 V,2.0,True,1
55.5608,0.22700000000000012,0.001,10.938658,48187.92070484579,41420.2,0.0414202,6.004859,26453.123348017605,20267.821,0.020267821,0.5,1.0,20.0,10 V,2.0,True,1
55.5776,0.22700000000000012,0.001,10.938658,48187.92070484579,41420.2,0.0414202,6.004859,26453.123348017605,20257.797000000002,0.020257797,0.5,1.0,20.0,10 V,2.0,True,1
55.5943,0.22700000000000012,0.001,10.938658,48187.92070484579,41414.7,0.0414147,6.004859,26453.123348017605,20252.036000000004,0.020252036,0.5,1.0,20.0,10 V,2.0,True,1
55.6111,0.22700000000000012,0.001,10.938658,48187.92070484579,41409.200000000004,0.0414092,6.004859,26453.123348017605,20248.492000000002,0.020248492,0.5,1.0,20.0,10 V,2.0,True,1
55.6279,0.22700000000000012,0.001,10.938658,48187.92070484579,41420.2,0.0414202,6.004859,26453.123348017605,20250.652000000002,0.020250652,0.5,1.0,20.0,10 V,2.0,True,1
55.6446,0.22700000000000012,0.001,10.938658,48187.92070484579,41420.2,0.0414202,6.004859,26453.123348017605,20253.587,0.020253587,0.5,1.0,20.0,10 V,2.0,True,1
55.6613,0.22700000000000012,0.001,10.938658,48187.92070484579,41420.2,0.0414202,6.004859,26453.123348017605,20260.178,0.020260178,0.5,1.0,20.0,10 V,2.0,True,1
55.6779,0.22700000000000012,0.001,10.938658,48187.92070484579,41414.7,0.0414147,6.004859,26453.123348017605,20257.187,0.020257187,0.5,1.0,20.0,10 V,2.0,True,1
55.6948,0.22700000000000012,0.001,10.938658,48187.92070484579,41414.7,0.0414147,6.004859,26453.123348017605,20245.556,0.020245556,0.5,1.0,20.0,10 V,2.0,True,1
55.7116,0.22700000000000012,0.001,10.938658,48187.92070484579,41425.700000000004,0.0414257,6.004859,26453.123348017605,20260.566000000003,0.020260566,0.5,1.0,20.0,10 V,2.0,True,1
55.7282,0.22700000000000012,0.001,10.938658,48187.92070484579,41414.7,0.0414147,6.004859,26453.123348017605,20258.018,0.020258018,0.5,1.0,20.0,10 V,2.0,True,1
55.7451,0.22700000000000012,0.001,10.938658,48187.92070484579,41414.7,0.0414147,6.004859,26453.123348017605,20248.935,0.020248935,0.5,1.0,20.0,10 V,2.0,True,1
55.7618,0.22700000000000012,0.001,10.938658,48187.92070484579,41409.200000000004,0.0414092,6.004859,26453.123348017605,20256.744000000002,0.020256744,0.5,1.0,20.0,10 V,2.0,True,1
55.7785,0.22700000000000012,0.001,10.938658,48187.92070484579,41414.7,0.0414147,6.004859,26453.123348017605,20246.72,0.02024672,0.5,1.0,20.0,10 V,2.0,True,1
55.7952,0.22700000000000012,0.001,10.938658,48187.92070484579,41392.7,0.0413927,6.004859,26453.123348017605,20248.492000000002,0.020248492,0.5,1.0,20.0,10 V,2.0,True,1
55.8121,0.22700000000000012,0.001,10.938658,48187.92070484579,41403.700000000004,0.0414037,6.004859,26453.123348017605,20256.412000000004,0.020256412,0.5,1.0,20.0,10 V,2.0,True,1
55.8289,0.22700000000000012,0.001,10.938658,48187.92070484579,41398.200000000004,0.0413982,6.004859,26453.123348017605,20239.464,0.020239464,0.5,1.0,20.0,10 V,2.0,True,1
55.8455,0.22700000000000012,0.001,10.938658,48187.92070484579,41409.200000000004,0.0414092,6.004859,26453.123348017605,20249.655,0.020249655,0.5,1.0,20.0,10 V,2.0,True,1
55.8623,0.22700000000000012,0.001,10.938658,48187.92070484579,41403.700000000004,0.0414037,6.004859,26453.123348017605,20235.643000000004,0.020235643,0.5,1.0,20.0,10 V,2.0,True,1
55.8790,0.22700000000000012,0.001,10.938658,48187.92070484579,41392.7,0.0413927,6.004859,26453.123348017605,20233.149999999998,0.02023315,0.5,1.0,20.0,10 V,2.0,True,1
55.8959,0.22700000000000012,0.001,10.938658,48187.92070484579,41403.700000000004,0.0414037,6.004859,26453.123348017605,20238.467,0.020238467,0.5,1.0,20.0,10 V,2.0,True,1
55.9125,0.22700000000000012,0.001,10.938658,48187.92070484579,41403.700000000004,0.0414037,6.004859,26453.123348017605,20234.812,0.020234812,0.5,1.0,20.0,10 V,2.0,True,1
55.9292,0.22700000000000012,0.001,10.938658,48187.92070484579,41387.200000000004,0.0413872,6.004859,26453.123348017605,20241.126000000004,0.020241126,0.5,1.0,20.0,10 V,2.0,True,1
55.9461,0.22700000000000012,0.001,10.938658,48187.92070484579,41403.700000000004,0.0414037,6.004859,26453.123348017605,20244.449,0.020244449,0.5,1.0,20.0,10 V,2.0,True,1
55.9629,0.22700000000000012,0.001,10.938658,48187.92070484579,41403.700000000004,0.0414037,6.004859,26453.123348017605,20244.393,0.020244393,0.5,1.0,20.0,10 V,2.0,True,1
55.9796,0.22700000000000012,0.001,10.938658,48187.92070484579,41403.700000000004,0.0414037,6.004859,26453.123348017605,20232.209000000003,0.020232209,0.5,1.0,20.0,10 V,2.0,True,1
55.9964,0.22700000000000012,0.001,10.938658,48187.92070484579,41409.200000000004,0.0414092,6.004859,26453.123348017605,20229.716,0.020229716,0.5,1.0,20.0,10 V,2.0,True,1
56.0131,0.22700000000000012,0.001,10.938658,48187.92070484579,41392.7,0.0413927,6.004859,26453.123348017605,20242.4,0.0202424,0.5,1.0,20.0,10 V,2.0,True,1
56.0298,0.22700000000000012,0.001,10.938658,48187.92070484579,41392.7,0.0413927,6.004859,26453.123348017605,20237.083,0.020237083,0.5,1.0,20.0,10 V,2.0,True,1
56.0467,0.22700000000000012,0.001,10.938658,48187.92070484579,41409.200000000004,0.0414092,6.004859,26453.123348017605,20237.692000000003,0.020237692,0.5,1.0,20.0,10 V,2.0,True,1
56.0634,0.22700000000000012,0.001,10.938658,48187.92070484579,41403.700000000004,0.0414037,6.004859,26453.123348017605,20243.563,0.020243563,0.5,1.0,20.0,10 V,2.0,True,1
56.0801,0.22700000000000012,0.001,10.938658,48187.92070484579,41398.200000000004,0.0413982,6.004859,26453.123348017605,20236.473,0.020236473,0.5,1.0,20.0,10 V,2.0,True,1
56.0968,0.22700000000000012,0.001,10.938658,48187.92070484579,41392.7,0.0413927,6.004859,26453.123348017605,20238.744,0.020238744,0.5,1.0,20.0,10 V,2.0,True,1
56.1135,0.22700000000000012,0.001,10.938658,48187.92070484579,41387.200000000004,0.0413872,6.004859,26453.123348017605,20240.461000000003,0.020240461,0.5,1.0,20.0,10 V,2.0,True,1
56.1301,0.22700000000000012,0.001,10.938658,48187.92070484579,41392.7,0.0413927,6.004859,26453.123348017605,20238.855,0.020238855,0.5,1.0,20.0,10 V,2.0,True,1
56.1470,0.22700000000000012,0.001,10.938658,48187.92070484579,41387.200000000004,0.0413872,6.004859,26453.123348017605,20230.769,0.020230769,0.5,1.0,20.0,10 V,2.0,True,1
56.1637,0.22700000000000012,0.001,10.938658,48187.92070484579,41387.200000000004,0.0413872,6.004859,26453.123348017605,20233.372,0.020233372,0.5,1.0,20.0,10 V,2.0,True,1
56.1803,0.22700000000000012,0.001,10.938658,48187.92070484579,41387.200000000004,0.0413872,6.004859,26453.123348017605,20235.919,0.020235919,0.5,1.0,20.0,10 V,2.0,True,1
56.1971,0.22700000000000012,0.001,10.938658,48187.92070484579,41398.200000000004,0.0413982,6.004859,26453.123348017605,20246.055,0.020246055,0.5,1.0,20.0,10 V,2.0,True,1
56.2139,0.22700000000000012,0.001,10.938658,48187.92070484579,41392.7,0.0413927,6.004859,26453.123348017605,20238.024,0.020238024,0.5,1.0,20.0,10 V,2.0,True,1
56.2307,0.22700000000000012,0.001,10.938658,48187.92070484579,41387.200000000004,0.0413872,6.004859,26453.123348017605,20224.012,0.020224012,0.5,1.0,20.0,10 V,2.0,True,1
56.2475,0.22700000000000012,0.001,10.938658,48187.92070484579,41398.200000000004,0.0413982,6.004859,26453.123348017605,20240.572,0.020240572,0.5,1.0,20.0,10 V,2.0,True,1
56.2643,0.22700000000000012,0.001,10.938658,48187.92070484579,41398.200000000004,0.0413982,6.004859,26453.123348017605,20237.027000000002,0.020237027,0.5,1.0,20.0,10 V,2.0,True,1
56.2811,0.22700000000000012,0.001,10.938658,48187.92070484579,41398.200000000004,0.0413982,6.004859,26453.123348017605,20239.298,0.020239298,0.5,1.0,20.0,10 V,2.0,True,1
56.2978,0.22700000000000012,0.001,10.938658,48187.92070484579,41392.7,0.0413927,6.004859,26453.123348017605,20239.464,0.020239464,0.5,1.0,20.0,10 V,2.0,True,1
56.3146,0.22700000000000012,0.001,10.938658,48187.92070484579,41392.7,0.0413927,6.004859,26453.123348017605,20235.698,0.020235698,0.5,1.0,20.0,10 V,2.0,True,1
56.3313,0.22700000000000012,0.001,10.938658,48187.92070484579,41387.200000000004,0.0413872,6.004859,26453.123348017605,20232.929,0.020232929,0.5,1.0,20.0,10 V,2.0,True,1
56.3480,0.22700000000000012,0.001,10.938658,48187.92070484579,41398.200000000004,0.0413982,6.004859,26453.123348017605,20228.664,0.020228664,0.5,1.0,20.0,10 V,2.0,True,1
56.3650,0.22700000000000012,0.001,10.938658,48187.92070484579,41392.7,0.0413927,6.004859,26453.123348017605,20228.387000000002,0.020228387,0.5,1.0,20.0,10 V,2.0,True,1
56.3816,0.22700000000000012,0.001,10.938658,48187.92070484579,41403.700000000004,0.0414037,6.004859,26453.123348017605,20235.532000000003,0.020235532,0.5,1.0,20.0,10 V,2.0,True,1
56.3984,0.22700000000000012,0.001,10.938658,48187.92070484579,41381.700000000004,0.0413817,6.004859,26453.123348017605,20235.366,0.020235366,0.5,1.0,20.0,10 V,2.0,True,1
56.4151,0.22700000000000012,0.001,10.938658,48187.92070484579,41381.700000000004,0.0413817,6.004859,26453.123348017605,20223.901,0.020223901,0.5,1.0,20.0,10 V,2.0,True,1
56.4317,0.22700000000000012,0.001,10.938658,48187.92070484579,41381.700000000004,0.0413817,6.004859,26453.123348017605,20214.707,0.020214707,0.5,1.0,20.0,10 V,2.0,True,1
56.4486,0.22700000000000012,0.001,10.938658,48187.92070484579,41376.200000000004,0.0413762,6.004859,26453.123348017605,20221.464000000004,0.020221464,0.5,1.0,20.0,10 V,2.0,True,1
56.4653,0.22700000000000012,0.001,10.938658,48187.92070484579,41387.200000000004,0.0413872,6.004859,26453.123348017605,20222.406,0.020222406,0.5,1.0,20.0,10 V,2.0,True,1
56.4822,0.22700000000000012,0.001,10.938658,48187.92070484579,41381.700000000004,0.0413817,6.004859,26453.123348017605,20230.824,0.020230824,0.5,1.0,20.0,10 V,2.0,True,1
56.4989,0.22700000000000012,0.001,10.938658,48187.92070484579,41403.700000000004,0.0414037,6.004859,26453.123348017605,20230.769,0.020230769,0.5,1.0,20.0,10 V,2.0,True,1
56.5156,0.22700000000000012,0.001,10.938658,48187.92070484579,41376.200000000004,0.0413762,6.004859,26453.123348017605,20229.329,0.020229329,0.5,1.0,20.0,10 V,2.0,True,1
56.5324,0.22700000000000012,0.001,10.938658,48187.92070484579,41392.7,0.0413927,6.004859,26453.123348017605,20231.544,0.020231544,0.5,1.0,20.0,10 V,2.0,True,1
56.5493,0.22700000000000012,0.001,10.938658,48187.92070484579,41398.200000000004,0.0413982,6.004859,26453.123348017605,20231.212,0.020231212,0.5,1.0,20.0,10 V,2.0,True,1
56.5661,0.22700000000000012,0.001,10.938658,48187.92070484579,41398.200000000004,0.0413982,6.004859,26453.123348017605,20226.227,0.020226227,0.5,1.0,20.0,10 V,2.0,True,1
56.5826,0.22700000000000012,0.001,10.938658,48187.92070484579,41381.700000000004,0.0413817,6.004859,26453.123348017605,20233.759000000002,0.020233759,0.5,1.0,20.0,10 V,2.0,True,1
56.5995,0.22700000000000012,0.001,10.938658,48187.92070484579,41376.200000000004,0.0413762,6.004859,26453.123348017605,20225.618000000002,0.020225618,0.5,1.0,20.0,10 V,2.0,True,1
56.6162,0.22700000000000012,0.001,10.938658,48187.92070484579,41398.200000000004,0.0413982,6.004859,26453.123348017605,20234.59,0.02023459,0.5,1.0,20.0,10 V,2.0,True,1
56.6331,0.22700000000000012,0.001,10.938658,48187.92070484579,41387.200000000004,0.0413872,6.004859,26453.123348017605,20230.879,0.020230879,0.5,1.0,20.0,10 V,2.0,True,1
56.6500,0.22700000000000012,0.001,10.938658,48187.92070484579,41392.7,0.0413927,6.004859,26453.123348017605,20233.316000000003,0.020233316,0.5,1.0,20.0,10 V,2.0,True,1
56.6665,0.22700000000000012,0.001,10.938658,48187.92070484579,41392.7,0.0413927,6.004859,26453.123348017605,20235.864,0.020235864,0.5,1.0,20.0,10 V,2.0,True,1
56.6833,0.22700000000000012,0.001,10.938658,48187.92070484579,41387.200000000004,0.0413872,6.004859,26453.123348017605,20230.270000000004,0.02023027,0.5,1.0,20.0,10 V,2.0,True,1
56.7001,0.22700000000000012,0.001,10.938658,48187.92070484579,41392.7,0.0413927,6.004859,26453.123348017605,20245.003,0.020245003,0.5,1.0,20.0,10 V,2.0,True,1
56.7167,0.22700000000000012,0.001,10.938658,48187.92070484579,41392.7,0.0413927,6.004859,26453.123348017605,20238.356,0.020238356,0.5,1.0,20.0,10 V,2.0,True,1
56.7334,0.22700000000000012,0.001,10.938658,48187.92070484579,41387.200000000004,0.0413872,6.004859,26453.123348017605,20233.759000000002,0.020233759,0.5,1.0,20.0,10 V,2.0,True,1
56.7501,0.22700000000000012,0.001,10.938658,48187.92070484579,41381.700000000004,0.0413817,6.004859,26453.123348017605,20233.483,0.020233483,0.5,1.0,20.0,10 V,2.0,True,1
56.7670,0.22700000000000012,0.001,10.938658,48187.92070484579,41387.200000000004,0.0413872,6.004859,26453.123348017605,20225.95,0.02022595,0.5,1.0,20.0,10 V,2.0,True,1
56.7835,0.22700000000000012,0.001,10.938658,48187.92070484579,41365.2,0.0413652,6.004859,26453.123348017605,20227.169,0.020227169,0.5,1.0,20.0,10 V,2.0,True,1
56.8005,0.22700000000000012,0.001,10.938658,48187.92070484579,41370.700000000004,0.0413707,6.004859,26453.123348017605,20224.953,0.020224953,0.5,1.0,20.0,10 V,2.0,True,1
56.8173,0.22700000000000012,0.001,10.938658,48187.92070484579,41376.200000000004,0.0413762,6.004859,26453.123348017605,20230.104,0.020230104,0.5,1.0,20.0,10 V,2.0,True,1
56.8341,0.22700000000000012,0.001,10.938658,48187.92070484579,41370.700000000004,0.0413707,6.004859,26453.123348017605,20228.719,0.020228719,0.5,1.0,20.0,10 V,2.0,True,1
56.8507,0.22700000000000012,0.001,10.938658,48187.92070484579,41387.200000000004,0.0413872,6.004859,26453.123348017605,20228.055000000004,0.020228055,0.5,1.0,20.0,10 V,2.0,True,1
56.8676,0.22700000000000012,0.001,10.938658,48187.92070484579,41365.2,0.0413652,6.004859,26453.123348017605,20211.882,0.020211882,0.5,1.0,20.0,10 V,2.0,True,1
56.8843,0.22700000000000012,0.001,10.938658,48187.92070484579,41365.2,0.0413652,6.004859,26453.123348017605,20211.384,0.020211384,0.5,1.0,20.0,10 V,2.0,True,1
56.9009,0.22700000000000012,0.001,10.938658,48187.92070484579,41381.700000000004,0.0413817,6.004859,26453.123348017605,20214.153,0.020214153,0.5,1.0,20.0,10 V,2.0,True,1
56.9177,0.22700000000000012,0.001,10.938658,48187.92070484579,41370.700000000004,0.0413707,6.004859,26453.123348017605,20217.255,0.020217255,0.5,1.0,20.0,10 V,2.0,True,1
56.9346,0.22700000000000012,0.001,10.938658,48187.92070484579,41370.700000000004,0.0413707,6.004859,26453.123348017605,20222.959,0.020222959,0.5,1.0,20.0,10 V,2.0,True,1
56.9516,0.22700000000000012,0.001,10.938658,48187.92070484579,41376.200000000004,0.0413762,6.004859,26453.123348017605,20225.895,0.020225895,0.5,1.0,20.0,10 V,2.0,True,1
56.9683,0.22700000000000012,0.001,10.938658,48187.92070484579,41387.200000000004,0.0413872,6.004859,26453.123348017605,20219.027000000002,0.020219027,0.5,1.0,20.0,10 V,2.0,True,1
56.9849,0.22700000000000012,0.001,10.938658,48187.92070484579,41387.200000000004,0.0413872,6.004859,26453.123348017605,20225.507,0.020225507,0.5,1.0,20.0,10 V,2.0,True,1
57.0018,0.22700000000000012,0.001,10.938658,48187.92070484579,41387.200000000004,0.0413872,6.004859,26453.123348017605,20222.572000000004,0.020222572,0.5,1.0,20.0,10 V,2.0,True,1
57.0187,0.22700000000000012,0.001,10.938658,48187.92070484579,41387.200000000004,0.0413872,6.004859,26453.123348017605,20228.553,0.020228553,0.5,1.0,20.0,10 V,2.0,True,1
57.0355,0.22700000000000012,0.001,10.938658,48187.92070484579,41370.700000000004,0.0413707,6.004859,26453.123348017605,20211.052,0.020211052,0.5,1.0,20.0,10 V,2.0,True,1
57.0521,0.22700000000000012,0.001,10.938658,48187.92070484579,41381.700000000004,0.0413817,6.004859,26453.123348017605,20205.181,0.020205181,0.5,1.0,20.0,10 V,2.0,True,1
57.0688,0.22700000000000012,0.001,10.938658,48187.92070484579,41376.200000000004,0.0413762,6.004859,26453.123348017605,20219.636,0.020219636,0.5,1.0,20.0,10 V,2.0,True,1
57.0857,0.22700000000000012,0.001,10.938658,48187.92070484579,41381.700000000004,0.0413817,6.004859,26453.123348017605,20215.039,0.020215039,0.5,1.0,20.0,10 V,2.0,True,1
57.1024,0.22700000000000012,0.001,10.938658,48187.92070484579,41365.2,0.0413652,6.004859,26453.123348017605,20205.458,0.020205458,0.5,1.0,20.0,10 V,2.0,True,1
57.1190,0.22700000000000012,0.001,10.938658,48187.92070484579,41365.2,0.0413652,6.004859,26453.123348017605,20216.479,0.020216479,0.5,1.0,20.0,10 V,2.0,True,1
57.1359,0.22700000000000012,0.001,10.938658,48187.92070484579,41370.700000000004,0.0413707,6.004859,26453.123348017605,20213.876,0.020213876,0.5,1.0,20.0,10 V,2.0,True,1
57.1526,0.22700000000000012,0.001,10.938658,48187.92070484579,41365.2,0.0413652,6.004859,26453.123348017605,20204.35,0.02020435,0.5,1.0,20.0,10 V,2.0,True,1
57.1695,0.22700000000000012,0.001,10.938658,48187.92070484579,41365.2,0.0413652,6.004859,26453.123348017605,20216.867000000002,0.020216867,0.5,1.0,20.0,10 V,2.0,True,1
57.1861,0.22700000000000012,0.001,10.938658,48187.92070484579,41359.700000000004,0.0413597,6.004859,26453.123348017605,20207.618000000002,0.020207618,0.5,1.0,20.0,10 V,2.0,True,1
57.2031,0.22700000000000012,0.001,10.938658,48187.92070484579,41359.700000000004,0.0413597,6.004859,26453.123348017605,20213.267,0.020213267,0.5,1.0,20.0,10 V,2.0,True,1
57.2197,0.22700000000000012,0.001,10.938658,48187.92070484579,41381.700000000004,0.0413817,6.004859,26453.123348017605,20213.267,0.020213267,0.5,1.0,20.0,10 V,2.0,True,1
57.2365,0.22700000000000012,0.001,10.938658,48187.92070484579,41365.2,0.0413652,6.004859,26453.123348017605,20216.59,0.02021659,0.5,1.0,20.0,10 V,2.0,True,1
57.2534,0.22700000000000012,0.001,10.938658,48187.92070484579,41365.2,0.0413652,6.004859,26453.123348017605,20209.889000000003,0.020209889,0.5,1.0,20.0,10 V,2.0,True,1
57.2702,0.22700000000000012,0.001,10.938658,48187.92070484579,41376.200000000004,0.0413762,6.004859,26453.123348017605,20221.852,0.020221852,0.5,1.0,20.0,10 V,2.0,True,1
57.2870,0.22700000000000012,0.001,10.938658,48187.92070484579,41376.200000000004,0.0413762,6.004859,26453.123348017605,20215.925,0.020215925,0.5,1.0,20.0,10 V,2.0,True,1
57.3037,0.22700000000000012,0.001,10.938658,48187.92070484579,41376.200000000004,0.0413762,6.004859,26453.123348017605,20219.802,0.020219802,0.5,1.0,20.0,10 V,2.0,True,1
57.3204,0.22700000000000012,0.001,10.938658,48187.92070484579,41376.200000000004,0.0413762,6.004859,26453.123348017605,20217.199000000004,0.020217199,0.5,1.0,20.0,10 V,2.0,True,1
57.3373,0.22700000000000012,0.001,10.938658,48187.92070484579,41365.2,0.0413652,6.004859,26453.123348017605,20213.821,0.020213821,0.5,1.0,20.0,10 V,2.0,True,1
57.3541,0.22700000000000012,0.001,10.938658,48187.92070484579,41365.2,0.0413652,6.004859,26453.123348017605,20206.732000000004,0.020206732,0.5,1.0,20.0,10 V,2.0,True,1
57.3708,0.22700000000000012,0.001,10.938658,48187.92070484579,41359.700000000004,0.0413597,6.004859,26453.123348017605,20203.741,0.020203741,0.5,1.0,20.0,10 V,2.0,True,1
57.3874,0.22700000000000012,0.001,10.938658,48187.92070484579,41359.700000000004,0.0413597,6.004859,26453.123348017605,20207.895,0.020207895,0.5,1.0,20.0,10 V,2.0,True,1
57.4041,0.22700000000000012,0.001,10.938658,48187.92070484579,41348.700000000004,0.0413487,6.004859,26453.123348017605,20216.258,0.020216258,0.5,1.0,20.0,10 V,2.0,True,1
57.4210,0.22700000000000012,0.001,10.938658,48187.92070484579,41365.2,0.0413652,6.004859,26453.123348017605,20219.082,0.020219082,0.5,1.0,20.0,10 V,2.0,True,1
57.4377,0.22700000000000012,0.001,10.938658,48187.92070484579,41365.2,0.0413652,6.004859,26453.123348017605,20223.901,0.020223901,0.5,1.0,20.0,10 V,2.0,True,1
57.4545,0.22700000000000012,0.001,10.938658,48187.92070484579,41365.2,0.0413652,6.004859,26453.123348017605,20209.999,0.020209999,0.5,1.0,20.0,10 V,2.0,True,1
57.4712,0.22700000000000012,0.001,10.938658,48187.92070484579,41354.200000000004,0.0413542,6.004859,26453.123348017605,20220.578,0.020220578,0.5,1.0,20.0,10 V,2.0,True,1
57.4878,0.22700000000000012,0.001,10.938658,48187.92070484579,41354.200000000004,0.0413542,6.004859,26453.123348017605,20201.747,0.020201747,0.5,1.0,20.0,10 V,2.0,True,1
57.5047,0.22700000000000012,0.001,10.938658,48187.92070484579,41354.200000000004,0.0413542,6.004859,26453.123348017605,20203.131999999998,0.020203132,0.5,1.0,20.0,10 V,2.0,True,1
57.5214,0.22700000000000012,0.001,10.938658,48187.92070484579,41365.2,0.0413652,6.004859,26453.123348017605,20215.372,0.020215372,0.5,1.0,20.0,10 V,2.0,True,1
57.5385,0.22700000000000012,0.001,10.938658,48187.92070484579,41365.2,0.0413652,6.004859,26453.123348017605,20210.885000000002,0.020210885,0.5,1.0,20.0,10 V,2.0,True,1
57.5552,0.22700000000000012,0.001,10.938658,48187.92070484579,41365.2,0.0413652,6.004859,26453.123348017605,20217.698,0.020217698,0.5,1.0,20.0,10 V,2.0,True,1
57.5719,0.22700000000000012,0.001,10.938658,48187.92070484579,41370.700000000004,0.0413707,6.004859,26453.123348017605,20220.024,0.020220024,0.5,1.0,20.0,10 V,2.0,True,1
57.5886,0.22700000000000012,0.001,10.938658,48187.92070484579,41376.200000000004,0.0413762,6.004859,26453.123348017605,20220.467,0.020220467,0.5,1.0,20.0,10 V,2.0,True,1
57.6054,0.22700000000000012,0.001,10.938658,48187.92070484579,41370.700000000004,0.0413707,6.004859,26453.123348017605,20223.236,0.020223236,0.5,1.0,20.0,10 V,2.0,True,1
57.6222,0.22700000000000012,0.001,10.938658,48187.92070484579,41370.700000000004,0.0413707,6.004859,26453.123348017605,20212.658000000003,0.020212658,0.5,1.0,20.0,10 V,2.0,True,1
57.6390,0.22700000000000012,0.001,10.938658,48187.92070484579,41365.2,0.0413652,6.004859,26453.123348017605,20222.904000000002,0.020222904,0.5,1.0,20.0,10 V,2.0,True,1
57.6556,0.22700000000000012,0.001,10.938658,48187.92070484579,41359.700000000004,0.0413597,6.004859,26453.123348017605,20214.098,0.020214098,0.5,1.0,20.0,10 V,2.0,True,1
57.6723,0.22700000000000012,0.001,10.938658,48187.92070484579,41359.700000000004,0.0413597,6.004859,26453.123348017605,20221.519,0.020221519,0.5,1.0,20.0,10 V,2.0,True,1
57.6891,0.22700000000000012,0.001,10.938658,48187.92070484579,41365.2,0.0413652,6.004859,26453.123348017605,20224.732,0.020224732,0.5,1.0,20.0,10 V,2.0,True,1
57.7057,0.22700000000000012,0.001,10.938658,48187.92070484579,41365.2,0.0413652,6.004859,26453.123348017605,20212.769,0.020212769,0.5,1.0,20.0,10 V,2.0,True,1
57.7225,0.22700000000000012,0.001,10.938658,48187.92070484579,41354.200000000004,0.0413542,6.004859,26453.123348017605,20213.987,0.020213987,0.5,1.0,20.0,10 V,2.0,True,1
57.7393,0.22700000000000012,0.001,10.938658,48187.92070484579,41354.200000000004,0.0413542,6.004859,26453.123348017605,20206.732000000004,0.020206732,0.5,1.0,20.0,10 V,2.0,True,1
57.7561,0.22700000000000012,0.001,10.938658,48187.92070484579,41365.2,0.0413652,6.004859,26453.123348017605,20214.375,0.020214375,0.5,1.0,20.0,10 V,2.0,True,1
57.7730,0.22700000000000012,0.001,10.938658,48187.92070484579,41354.200000000004,0.0413542,6.004859,26453.123348017605,20211.162000000004,0.020211162,0.5,1.0,20.0,10 V,2.0,True,1
57.7895,0.22700000000000012,0.001,10.938658,48187.92070484579,41348.700000000004,0.0413487,6.004859,26453.123348017605,20195.544,0.020195544,0.5,1.0,20.0,10 V,2.0,True,1
57.8064,0.22700000000000012,0.001,10.938658,48187.92070484579,41359.700000000004,0.0413597,6.004859,26453.123348017605,20218.030000000002,0.02021803,0.5,1.0,20.0,10 V,2.0,True,1
57.8230,0.22700000000000012,0.001,10.938658,48187.92070484579,41354.200000000004,0.0413542,6.004859,26453.123348017605,20208.504,0.020208504,0.5,1.0,20.0,10 V,2.0,True,1
57.8398,0.22700000000000012,0.001,10.938658,48187.92070484579,41354.200000000004,0.0413542,6.004859,26453.123348017605,20216.59,0.02021659,0.5,1.0,20.0,10 V,2.0,True,1
57.8565,0.22700000000000012,0.001,10.938658,48187.92070484579,41354.200000000004,0.0413542,6.004859,26453.123348017605,20203.962,0.020203962,0.5,1.0,20.0,10 V,2.0,True,1
57.8732,0.22700000000000012,0.001,10.938658,48187.92070484579,41354.200000000004,0.0413542,6.004859,26453.123348017605,20210.719,0.020210719,0.5,1.0,20.0,10 V,2.0,True,1
57.8901,0.22700000000000012,0.001,10.938658,48187.92070484579,41348.700000000004,0.0413487,6.004859,26453.123348017605,20213.045,0.020213045,0.5,1.0,20.0,10 V,2.0,True,1
57.9070,0.22700000000000012,0.001,10.938658,48187.92070484579,41370.700000000004,0.0413707,6.004859,26453.123348017605,20202.356000000003,0.020202356,0.5,1.0,20.0,10 V,2.0,True,1
57.9236,0.22700000000000012,0.001,10.938658,48187.92070484579,41348.700000000004,0.0413487,6.004859,26453.123348017605,20219.802,0.020219802,0.5,1.0,20.0,10 V,2.0,True,1
57.9402,0.22700000000000012,0.001,10.938658,48187.92070484579,41354.200000000004,0.0413542,6.004859,26453.123348017605,20212.547000000002,0.020212547,0.5,1.0,20.0,10 V,2.0,True,1
57.9569,0.22700000000000012,0.001,10.938658,48187.92070484579,41359.700000000004,0.0413597,6.004859,26453.123348017605,20212.879,0.020212879,0.5,1.0,20.0,10 V,2.0,True,1
57.9738,0.22700000000000012,0.001,10.938658,48187.92070484579,41348.700000000004,0.0413487,6.004859,26453.123348017605,20201.968,0.020201968,0.5,1.0,20.0,10 V,2.0,True,1
57.9905,0.22700000000000012,0.001,10.938658,48187.92070484579,41343.2,0.0413432,6.004859,26453.123348017605,20195.876000000004,0.020195876,0.5,1.0,20.0,10 V,2.0,True,1
58.0072,0.22700000000000012,0.001,10.938658,48187.92070484579,41359.700000000004,0.0413597,6.004859,26453.123348017605,20221.741,0.020221741,0.5,1.0,20.0,10 V,2.0,True,1
58.0239,0.22700000000000012,0.001,10.938658,48187.92070484579,41359.700000000004,0.0413597,6.004859,26453.123348017605,20214.873000000003,0.020214873,0.5,1.0,20.0,10 V,2.0,True,1
58.0406,0.22700000000000012,0.001,10.938658,48187.92070484579,41348.700000000004,0.0413487,6.004859,26453.123348017605,20207.23,0.02020723,0.5,1.0,20.0,10 V,2.0,True,1
58.0574,0.22700000000000012,0.001,10.938658,48187.92070484579,41365.2,0.0413652,6.004859,26453.123348017605,20208.781,0.020208781,0.5,1.0,20.0,10 V,2.0,True,1
58.0741,0.22700000000000012,0.001,10.938658,48187.92070484579,41376.200000000004,0.0413762,6.004859,26453.123348017605,20207.452,0.020207452,0.5,1.0,20.0,10 V,2.0,True,1
58.0909,0.22700000000000012,0.001,10.938658,48187.92070484579,41370.700000000004,0.0413707,6.004859,26453.123348017605,20214.485,0.020214485,0.5,1.0,20.0,10 V,2.0,True,1
58.1078,0.22700000000000012,0.001,10.938658,48187.92070484579,41348.700000000004,0.0413487,6.004859,26453.123348017605,20205.458,0.020205458,0.5,1.0,20.0,10 V,2.0,True,1
58.1244,0.22700000000000012,0.001,10.938658,48187.92070484579,41343.2,0.0413432,6.004859,26453.123348017605,20201.692000000003,0.020201692,0.5,1.0,20.0,10 V,2.0,True,1
58.1412,0.22700000000000012,0.001,10.938658,48187.92070484579,41359.700000000004,0.0413597,6.004859,26453.123348017605,20205.458,0.020205458,0.5,1.0,20.0,10 V,2.0,True,1
58.1579,0.22700000000000012,0.001,10.938658,48187.92070484579,41354.200000000004,0.0413542,6.004859,26453.123348017605,20209.390000000003,0.02020939,0.5,1.0,20.0,10 V,2.0,True,1
58.1747,0.22700000000000012,0.001,10.938658,48187.92070484579,41354.200000000004,0.0413542,6.004859,26453.123348017605,20212.159,0.020212159,0.5,1.0,20.0,10 V,2.0,True,1
58.1912,0.22700000000000012,0.001,10.938658,48187.92070484579,41354.200000000004,0.0413542,6.004859,26453.123348017605,20205.292,0.020205292,0.5,1.0,20.0,10 V,2.0,True,1
58.2081,0.22700000000000012,0.001,10.938658,48187.92070484579,41348.700000000004,0.0413487,6.004859,26453.123348017605,20205.900999999998,0.020205901,0.5,1.0,20.0,10 V,2.0,True,1
58.2250,0.22700000000000012,0.001,10.938658,48187.92070484579,41343.2,0.0413432,6.004859,26453.123348017605,20202.356000000003,0.020202356,0.5,1.0,20.0,10 V,2.0,True,1
58.2417,0.22700000000000012,0.001,10.938658,48187.92070484579,41348.700000000004,0.0413487,6.004859,26453.123348017605,20207.507,0.020207507,0.5,1.0,20.0,10 V,2.0,True,1
58.2584,0.22700000000000012,0.001,10.938658,48187.92070484579,41354.200000000004,0.0413542,6.004859,26453.123348017605,20206.178000000004,0.020206178,0.5,1.0,20.0,10 V,2.0,True,1
58.2751,0.22700000000000012,0.001,10.938658,48187.92070484579,41343.2,0.0413432,6.004859,26453.123348017605,20217.033,0.020217033,0.5,1.0,20.0,10 V,2.0,True,1
58.2920,0.22700000000000012,0.001,10.938658,48187.92070484579,41359.700000000004,0.0413597,6.004859,26453.123348017605,20218.473,0.020218473,0.5,1.0,20.0,10 V,2.0,True,1
58.3087,0.22700000000000012,0.001,10.938658,48187.92070484579,41359.700000000004,0.0413597,6.004859,26453.123348017605,20230.547000000002,0.020230547,0.5,1.0,20.0,10 V,2.0,True,1
58.3254,0.22700000000000012,0.001,10.938658,48187.92070484579,41392.7,0.0413927,6.004859,26453.123348017605,20232.984,0.020232984,0.5,1.0,20.0,10 V,2.0,True,1
58.3423,0.22700000000000012,0.001,10.938658,48187.92070484579,41354.200000000004,0.0413542,6.004859,26453.123348017605,20226.892,0.020226892,0.5,1.0,20.0,10 V,2.0,True,1
58.3590,0.22700000000000012,0.001,10.938658,48187.92070484579,41359.700000000004,0.0413597,6.004859,26453.123348017605,20212.769,0.020212769,0.5,1.0,20.0,10 V,2.0,True,1
58.3756,0.22700000000000012,0.001,10.938658,48187.92070484579,41359.700000000004,0.0413597,6.004859,26453.123348017605,20210.996,0.020210996,0.5,1.0,20.0,10 V,2.0,True,1
58.3924,0.22700000000000012,0.001,10.938658,48187.92070484579,41370.700000000004,0.0413707,6.004859,26453.123348017605,20213.821,0.020213821,0.5,1.0,20.0,10 V,2.0,True,1
58.4091,0.22700000000000012,0.001,10.938658,48187.92070484579,41370.700000000004,0.0413707,6.004859,26453.123348017605,20203.741,0.020203741,0.5,1.0,20.0,10 V,2.0,True,1
58.4258,0.22700000000000012,0.001,10.938658,48187.92070484579,41348.700000000004,0.0413487,6.004859,26453.123348017605,20214.652000000002,0.020214652,0.5,1.0,20.0,10 V,2.0,True,1
58.4426,0.22700000000000012,0.001,10.938658,48187.92070484579,41354.200000000004,0.0413542,6.004859,26453.123348017605,20217.365,0.020217365,0.5,1.0,20.0,10 V,2.0,True,1
58.4592,0.22700000000000012,0.001,10.938658,48187.92070484579,41354.200000000004,0.0413542,6.004859,26453.123348017605,20213.101000000002,0.020213101,0.5,1.0,20.0,10 V,2.0,True,1
58.4760,0.22700000000000012,0.001,10.938658,48187.92070484579,41359.700000000004,0.0413597,6.004859,26453.123348017605,20211.439000000002,0.020211439,0.5,1.0,20.0,10 V,2.0,True,1
58.4927,0.22700000000000012,0.001,10.938658,48187.92070484579,41359.700000000004,0.0413597,6.004859,26453.123348017605,20219.249000000003,0.020219249,0.5,1.0,20.0,10 V,2.0,True,1
58.5095,0.22700000000000012,0.001,10.938658,48187.92070484579,41354.200000000004,0.0413542,6.004859,26453.123348017605,20215.482,0.020215482,0.5,1.0,20.0,10 V,2.0,True,1
58.5262,0.22700000000000012,0.001,10.938658,48187.92070484579,41376.200000000004,0.0413762,6.004859,26453.123348017605,20223.846,0.020223846,0.5,1.0,20.0,10 V,2.0,True,1
58.5430,0.22700000000000012,0.001,10.938658,48187.92070484579,41359.700000000004,0.0413597,6.004859,26453.123348017605,20209.612,0.020209612,0.5,1.0,20.0,10 V,2.0,True,1
58.5597,0.22700000000000012,0.001,10.938658,48187.92070484579,41359.700000000004,0.0413597,6.004859,26453.123348017605,20212.879,0.020212879,0.5,1.0,20.0,10 V,2.0,True,1
58.5765,0.22700000000000012,0.001,10.938658,48187.92070484579,41359.700000000004,0.0413597,6.004859,26453.123348017605,20208.338,0.020208338,0.5,1.0,20.0,10 V,2.0,True,1
58.5933,0.22700000000000012,0.001,10.938658,48187.92070484579,41354.200000000004,0.0413542,6.004859,26453.123348017605,20217.476000000002,0.020217476,0.5,1.0,20.0,10 V,2.0,True,1
58.6102,0.22700000000000012,0.001,10.938658,48187.92070484579,41370.700000000004,0.0413707,6.004859,26453.123348017605,20216.479,0.020216479,0.5,1.0,20.0,10 V,2.0,True,1
58.6267,0.22700000000000012,0.001,10.938658,48187.92070484579,41365.2,0.0413652,6.004859,26453.123348017605,20206.676,0.020206676,0.5,1.0,20.0,10 V,2.0,True,1
58.6436,0.22700000000000012,0.001,10.938658,48187.92070484579,41337.7,0.0413377,6.004859,26453.123348017605,20216.535,0.020216535,0.5,1.0,20.0,10 V,2.0,True,1
58.6601,0.22700000000000012,0.001,10.938658,48187.92070484579,41348.700000000004,0.0413487,6.004859,26453.123348017605,20230.879,0.020230879,0.5,1.0,20.0,10 V,2.0,True,1
58.6770,0.22700000000000012,0.001,10.938658,48187.92070484579,41365.2,0.0413652,6.004859,26453.123348017605,20225.895,0.020225895,0.5,1.0,20.0,10 V,2.0,True,1
58.6938,0.22700000000000012,0.001,10.938658,48187.92070484579,41365.2,0.0413652,6.004859,26453.123348017605,20238.135000000002,0.020238135,0.5,1.0,20.0,10 V,2.0,True,1
58.7105,0.22700000000000012,0.001,10.938658,48187.92070484579,41359.700000000004,0.0413597,6.004859,26453.123348017605,20225.895,0.020225895,0.5,1.0,20.0,10 V,2.0,True,1
58.7272,0.22700000000000012,0.001,10.938658,48187.92070484579,41370.700000000004,0.0413707,6.004859,26453.123348017605,20232.319,0.020232319,0.5,1.0,20.0,10 V,2.0,True,1
58.7440,0.22700000000000012,0.001,10.938658,48187.92070484579,41354.200000000004,0.0413542,6.004859,26453.123348017605,20231.544,0.020231544,0.5,1.0,20.0,10 V,2.0,True,1
58.7606,0.22700000000000012,0.001,10.938658,48187.92070484579,41359.700000000004,0.0413597,6.004859,26453.123348017605,20224.732,0.020224732,0.5,1.0,20.0,10 V,2.0,True,1
58.7774,0.22700000000000012,0.001,10.938658,48187.92070484579,41370.700000000004,0.0413707,6.004859,26453.123348017605,20226.061,0.020226061,0.5,1.0,20.0,10 V,2.0,True,1
58.7941,0.22700000000000012,0.001,10.938658,48187.92070484579,41359.700000000004,0.0413597,6.004859,26453.123348017605,20210.498,0.020210498,0.5,1.0,20.0,10 V,2.0,True,1
58.8109,0.22700000000000012,0.001,10.938658,48187.92070484579,41354.200000000004,0.0413542,6.004859,26453.123348017605,20204.627,0.020204627,0.5,1.0,20.0,10 V,2.0,True,1
58.8278,0.22700000000000012,0.001,10.938658,48187.92070484579,41354.200000000004,0.0413542,6.004859,26453.123348017605,20215.981000000003,0.020215981,0.5,1.0,20.0,10 V,2.0,True,1
58.8446,0.22700000000000012,0.001,10.938658,48187.92070484579,41343.2,0.0413432,6.004859,26453.123348017605,20214.929,0.020214929,0.5,1.0,20.0,10 V,2.0,True,1
58.8612,0.22700000000000012,0.001,10.938658,48187.92070484579,41348.700000000004,0.0413487,6.004859,26453.123348017605,20198.479,0.020198479,0.5,1.0,20.0,10 V,2.0,True,1
58.8781,0.22700000000000012,0.001,10.938658,48187.92070484579,41337.7,0.0413377,6.004859,26453.123348017605,20211.938,0.020211938,0.5,1.0,20.0,10 V,2.0,True,1
58.8947,0.22700000000000012,0.001,10.938658,48187.92070484579,41348.700000000004,0.0413487,6.004859,26453.123348017605,20226.449,0.020226449,0.5,1.0,20.0,10 V,2.0,True,1
58.9113,0.22700000000000012,0.001,10.938658,48187.92070484579,41359.700000000004,0.0413597,6.004859,26453.123348017605,20225.507,0.020225507,0.5,1.0,20.0,10 V,2.0,True,1
58.9283,0.22700000000000012,0.001,10.938658,48187.92070484579,41348.700000000004,0.0413487,6.004859,26453.123348017605,20215.981000000003,0.020215981,0.5,1.0,20.0,10 V,2.0,True,1
58.9451,0.22700000000000012,0.001,10.938658,48187.92070484579,41359.700000000004,0.0413597,6.004859,26453.123348017605,20223.402000000002,0.020223402,0.5,1.0,20.0,10 V,2.0,True,1
58.9618,0.22700000000000012,0.001,10.938658,48187.92070484579,41332.200000000004,0.0413322,6.004859,26453.123348017605,20201.913,0.020201913,0.5,1.0,20.0,10 V,2.0,True,1
58.9787,0.22700000000000012,0.001,10.938658,48187.92070484579,41354.200000000004,0.0413542,6.004859,26453.123348017605,20229.052000000003,0.020229052,0.5,1.0,20.0,10 V,2.0,True,1
58.9955,0.22700000000000012,0.001,10.938658,48187.92070484579,41348.700000000004,0.0413487,6.004859,26453.123348017605,20217.31,0.02021731,0.5,1.0,20.0,10 V,2.0,True,1
59.0121,0.22700000000000012,0.001,10.938658,48187.92070484579,41354.200000000004,0.0413542,6.004859,26453.123348017605,20230.492,0.020230492,0.5,1.0,20.0,10 V,2.0,True,1
59.0291,0.22700000000000012,0.001,10.938658,48187.92070484579,41337.7,0.0413377,6.004859,26453.123348017605,20204.018,0.020204018,0.5,1.0,20.0,10 V,2.0,True,1
59.0459,0.22700000000000012,0.001,10.938658,48187.92070484579,41337.7,0.0413377,6.004859,26453.123348017605,20197.15,0.02019715,0.5,1.0,20.0,10 V,2.0,True,1
59.0625,0.22700000000000012,0.001,10.938658,48187.92070484579,41354.200000000004,0.0413542,6.004859,26453.123348017605,20215.815000000002,0.020215815,0.5,1.0,20.0,10 V,2.0,True,1
59.0791,0.22700000000000012,0.001,10.938658,48187.92070484579,41337.7,0.0413377,6.004859,26453.123348017605,20190.338,0.020190338,0.5,1.0,20.0,10 V,2.0,True,1
59.0957,0.22700000000000012,0.001,10.938658,48187.92070484579,41332.200000000004,0.0413322,6.004859,26453.123348017605,20184.91,0.02018491,0.5,1.0,20.0,10 V,2.0,True,1
59.1126,0.22700000000000012,0.001,10.938658,48187.92070484579,41343.2,0.0413432,6.004859,26453.123348017605,20193.495,0.020193495,0.5,1.0,20.0,10 V,2.0,True,1
59.1293,0.22700000000000012,0.001,10.938658,48187.92070484579,41326.700000000004,0.0413267,6.004859,26453.123348017605,20201.138000000003,0.020201138,0.5,1.0,20.0,10 V,2.0,True,1
59.1459,0.22700000000000012,0.001,10.938658,48187.92070484579,41337.7,0.0413377,6.004859,26453.123348017605,20193.384000000002,0.020193384,0.5,1.0,20.0,10 V,2.0,True,1
59.1626,0.22700000000000012,0.001,10.938658,48187.92070484579,41337.7,0.0413377,6.004859,26453.123348017605,20183.691000000003,0.020183691,0.5,1.0,20.0,10 V,2.0,True,1
59.1795,0.22700000000000012,0.001,10.938658,48187.92070484579,41337.7,0.0413377,6.004859,26453.123348017605,20189.341,0.020189341,0.5,1.0,20.0,10 V,2.0,True,1
59.1961,0.22700000000000012,0.001,10.938658,48187.92070484579,41326.700000000004,0.0413267,6.004859,26453.123348017605,20196.984,0.020196984,0.5,1.0,20.0,10 V,2.0,True,1
59.2130,0.22700000000000012,0.001,10.938658,48187.92070484579,41332.200000000004,0.0413322,6.004859,26453.123348017605,20189.562,0.020189562,0.5,1.0,20.0,10 V,2.0,True,1
59.2296,0.22700000000000012,0.001,10.938658,48187.92070484579,41343.2,0.0413432,6.004859,26453.123348017605,20200.584000000003,0.020200584,0.5,1.0,20.0,10 V,2.0,True,1
59.2463,0.22700000000000012,0.001,10.938658,48187.92070484579,41332.200000000004,0.0413322,6.004859,26453.123348017605,20188.011,0.020188011,0.5,1.0,20.0,10 V,2.0,True,1
59.2631,0.22700000000000012,0.001,10.938658,48187.92070484579,41332.200000000004,0.0413322,6.004859,26453.123348017605,20190.504,0.020190504,0.5,1.0,20.0,10 V,2.0,True,1
59.2799,0.22700000000000012,0.001,10.938658,48187.92070484579,41343.2,0.0413432,6.004859,26453.123348017605,20189.507,0.020189507,0.5,1.0,20.0,10 V,2.0,True,1
59.2967,0.22700000000000012,0.001,10.938658,48187.92070484579,41321.200000000004,0.0413212,6.004859,26453.123348017605,20193.882,0.020193882,0.5,1.0,20.0,10 V,2.0,True,1
59.3134,0.22700000000000012,0.001,10.938658,48187.92070484579,41326.700000000004,0.0413267,6.004859,26453.123348017605,20189.175,0.020189175,0.5,1.0,20.0,10 V,2.0,True,1
59.3300,0.22700000000000012,0.001,10.938658,48187.92070484579,41321.200000000004,0.0413212,6.004859,26453.123348017605,20184.578,0.020184578,0.5,1.0,20.0,10 V,2.0,True,1
59.3468,0.22700000000000012,0.001,10.938658,48187.92070484579,41337.7,0.0413377,6.004859,26453.123348017605,20192.829999999998,0.02019283,0.5,1.0,20.0,10 V,2.0,True,1
59.3636,0.22700000000000012,0.001,10.938658,48187.92070484579,41337.7,0.0413377,6.004859,26453.123348017605,20202.965,0.020202965,0.5,1.0,20.0,10 V,2.0,True,1
59.3803,0.22700000000000012,0.001,10.938658,48187.92070484579,41354.200000000004,0.0413542,6.004859,26453.123348017605,20210.11,0.02021011,0.5,1.0,20.0,10 V,2.0,True,1
59.3970,0.22700000000000012,0.001,10.938658,48187.92070484579,41332.200000000004,0.0413322,6.004859,26453.123348017605,20183.913,0.020183913,0.5,1.0,20.0,10 V,2.0,True,1
59.4137,0.22700000000000012,0.001,10.938658,48187.92070484579,41343.2,0.0413432,6.004859,26453.123348017605,20214.984,0.020214984,0.5,1.0,20.0,10 V,2.0,True,1
59.4304,0.22700000000000012,0.001,10.938658,48187.92070484579,41337.7,0.0413377,6.004859,26453.123348017605,20203.796000000002,0.020203796,0.5,1.0,20.0,10 V,2.0,True,1
59.4473,0.22700000000000012,0.001,10.938658,48187.92070484579,41337.7,0.0413377,6.004859,26453.123348017605,20200.916,0.020200916,0.5,1.0,20.0,10 V,2.0,True,1
59.4640,0.22700000000000012,0.001,10.938658,48187.92070484579,41337.7,0.0413377,6.004859,26453.123348017605,20209.445,0.020209445,0.5,1.0,20.0,10 V,2.0,True,1
59.4809,0.22700000000000012,0.001,10.938658,48187.92070484579,41326.700000000004,0.0413267,6.004859,26453.123348017605,20201.636,0.020201636,0.5,1.0,20.0,10 V,2.0,True,1
59.4976,0.22700000000000012,0.001,10.938658,48187.92070484579,41310.2,0.0413102,6.004859,26453.123348017605,20183.802000000003,0.020183802,0.5,1.0,20.0,10 V,2.0,True,1
59.5143,0.22700000000000012,0.001,10.938658,48187.92070484579,41337.7,0.0413377,6.004859,26453.123348017605,20191.611,0.020191611,0.5,1.0,20.0,10 V,2.0,True,1
59.5311,0.22700000000000012,0.001,10.938658,48187.92070484579,41315.7,0.0413157,6.004859,26453.123348017605,20189.23,0.02018923,0.5,1.0,20.0,10 V,2.0,True,1
59.5479,0.22700000000000012,0.001,10.938658,48187.92070484579,41326.700000000004,0.0413267,6.004859,26453.123348017605,20197.039,0.020197039,0.5,1.0,20.0,10 V,2.0,True,1
59.5647,0.22700000000000012,0.001,10.938658,48187.92070484579,41326.700000000004,0.0413267,6.004859,26453.123348017605,20191.058,0.020191058,0.5,1.0,20.0,10 V,2.0,True,1
59.5815,0.22700000000000012,0.001,10.938658,48187.92070484579,41321.200000000004,0.0413212,6.004859,26453.123348017605,20190.171000000002,0.020190171,0.5,1.0,20.0,10 V,2.0,True,1
59.5983,0.22700000000000012,0.001,10.938658,48187.92070484579,41315.7,0.0413157,6.004859,26453.123348017605,20178.650999999998,0.020178651,0.5,1.0,20.0,10 V,2.0,True,1
59.6151,0.22700000000000012,0.001,10.938658,48187.92070484579,41315.7,0.0413157,6.004859,26453.123348017605,20196.208000000002,0.020196208,0.5,1.0,20.0,10 V,2.0,True,1
59.6318,0.22700000000000012,0.001,10.938658,48187.92070484579,41332.200000000004,0.0413322,6.004859,26453.123348017605,20191.335000000003,0.020191335,0.5,1.0,20.0,10 V,2.0,True,1
59.6486,0.22700000000000012,0.001,10.938658,48187.92070484579,41337.7,0.0413377,6.004859,26453.123348017605,20199.587000000003,0.020199587,0.5,1.0,20.0,10 V,2.0,True,1
59.6653,0.22700000000000012,0.001,10.938658,48187.92070484579,41321.200000000004,0.0413212,6.004859,26453.123348017605,20191.058,0.020191058,0.5,1.0,20.0,10 V,2.0,True,1
59.6822,0.22700000000000012,0.001,10.938658,48187.92070484579,41332.200000000004,0.0413322,6.004859,26453.123348017605,20196.264,0.020196264,0.5,1.0,20.0,10 V,2.0,True,1
59.6987,0.22700000000000012,0.001,10.938658,48187.92070484579,41332.200000000004,0.0413322,6.004859,26453.123348017605,20202.356000000003,0.020202356,0.5,1.0,20.0,10 V,2.0,True,1
59.7154,0.22700000000000012,0.001,10.938658,48187.92070484579,41310.2,0.0413102,6.004859,26453.123348017605,20196.818,0.020196818,0.5,1.0,20.0,10 V,2.0,True,1
59.7323,0.22700000000000012,0.001,10.938658,48187.92070484579,41326.700000000004,0.0413267,6.004859,26453.123348017605,20193.495,0.020193495,0.5,1.0,20.0,10 V,2.0,True,1
59.7491,0.22700000000000012,0.001,10.938658,48187.92070484579,41321.200000000004,0.0413212,6.004859,26453.123348017605,20192.221,0.020192221,0.5,1.0,20.0,10 V,2.0,True,1
59.7659,0.22700000000000012,0.001,10.938658,48187.92070484579,41310.2,0.0413102,6.004859,26453.123348017605,20191.335000000003,0.020191335,0.5,1.0,20.0,10 V,2.0,True,1
59.7825,0.22700000000000012,0.001,10.938658,48187.92070484579,41337.7,0.0413377,6.004859,26453.123348017605,20192.387,0.020192387,0.5,1.0,20.0,10 V,2.0,True,1
59.7993,0.22700000000000012,0.001,10.938658,48187.92070484579,41326.700000000004,0.0413267,6.004859,26453.123348017605,20189.175,0.020189175,0.5,1.0,20.0,10 V,2.0,True,1
59.8160,0.22700000000000012,0.001,10.938658,48187.92070484579,41326.700000000004,0.0413267,6.004859,26453.123348017605,20199.532,0.020199532,0.5,1.0,20.0,10 V,2.0,True,1
59.8328,0.22700000000000012,0.001,10.938658,48187.92070484579,41337.7,0.0413377,6.004859,26453.123348017605,20202.910000000003,0.02020291,0.5,1.0,20.0,10 V,2.0,True,1
59.8493,0.22700000000000012,0.001,10.938658,48187.92070484579,41337.7,0.0413377,6.004859,26453.123348017605,20194.325,0.020194325,0.5,1.0,20.0,10 V,2.0,True,1
59.8661,0.22700000000000012,0.001,10.938658,48187.92070484579,41337.7,0.0413377,6.004859,26453.123348017605,20211.384,0.020211384,0.5,1.0,20.0,10 V,2.0,True,1
59.8828,0.22700000000000012,0.001,10.938658,48187.92070484579,41343.2,0.0413432,6.004859,26453.123348017605,20208.338,0.020208338,0.5,1.0,20.0,10 V,2.0,True,1
59.8996,0.22700000000000012,0.001,10.938658,48187.92070484579,41354.200000000004,0.0413542,6.004859,26453.123348017605,20212.104000000003,0.020212104,0.5,1.0,20.0,10 V,2.0,True,1
59.9163,0.22700000000000012,0.001,10.938658,48187.92070484579,41326.700000000004,0.0413267,6.004859,26453.123348017605,20196.818,0.020196818,0.5,1.0,20.0,10 V,2.0,True,1
59.9332,0.22700000000000012,0.001,10.938658,48187.92070484579,41337.7,0.0413377,6.004859,26453.123348017605,20203.796000000002,0.020203796,0.5,1.0,20.0,10 V,2.0,True,1
59.9499,0.22700000000000012,0.001,10.938658,48187.92070484579,41326.700000000004,0.0413267,6.004859,26453.123348017605,20205.624,0.020205624,0.5,1.0,20.0,10 V,2.0,True,1
59.9667,0.22700000000000012,0.001,10.938658,48187.92070484579,41315.7,0.0413157,6.004859,26453.123348017605,20197.815000000002,0.020197815,0.5,1.0,20.0,10 V,2.0,True,1
59.9834,0.22700000000000012,0.001,10.938658,48187.92070484579,41337.7,0.0413377,6.004859,26453.123348017605,20202.079,0.020202079,0.5,1.0,20.0,10 V,2.0,True,1
60.0002,0.22700000000000012,0.001,10.938658,48187.92070484579,41337.7,0.0413377,6.004859,26453.123348017605,20198.479,0.020198479,0.5,1.0,20.0,10 V,2.0,True,1
60.0170,0.22700000000000012,0.001,10.938658,48187.92070484579,41337.7,0.0413377,6.004859,26453.123348017605,20200.473,0.020200473,0.5,1.0,20.0,10 V,2.0,True,1
60.0337,0.22700000000000012,0.001,10.938658,48187.92070484579,41343.2,0.0413432,6.004859,26453.123348017605,20200.085,0.020200085,0.5,1.0,20.0,10 V,2.0,True,1
60.0504,0.22700000000000012,0.001,10.938658,48187.92070484579,41321.200000000004,0.0413212,6.004859,26453.123348017605,20194.713,0.020194713,0.5,1.0,20.0,10 V,2.0,True,1
60.0673,0.22700000000000012,0.001,10.938658,48187.92070484579,41321.200000000004,0.0413212,6.004859,26453.123348017605,20193.605,0.020193605,0.5,1.0,20.0,10 V,2.0,True,1
60.0840,0.22700000000000012,0.001,10.938658,48187.92070484579,41326.700000000004,0.0413267,6.004859,26453.123348017605,20196.153000000002,0.020196153,0.5,1.0,20.0,10 V,2.0,True,1
60.1009,0.22700000000000012,0.001,10.938658,48187.92070484579,41315.7,0.0413157,6.004859,26453.123348017605,20191.113,0.020191113,0.5,1.0,20.0,10 V,2.0,True,1
60.1176,0.22700000000000012,0.001,10.938658,48187.92070484579,41315.7,0.0413157,6.004859,26453.123348017605,20186.904,0.020186904,0.5,1.0,20.0,10 V,2.0,True,1
60.1341,0.22700000000000012,0.001,10.938658,48187.92070484579,41321.200000000004,0.0413212,6.004859,26453.123348017605,20190.116,0.020190116,0.5,1.0,20.0,10 V,2.0,True,1
60.1510,0.22700000000000012,0.001,10.938658,48187.92070484579,41321.200000000004,0.0413212,6.004859,26453.123348017605,20193.328,0.020193328,0.5,1.0,20.0,10 V,2.0,True,1
60.1678,0.22700000000000012,0.001,10.938658,48187.92070484579,41326.700000000004,0.0413267,6.004859,26453.123348017605,20200.030000000002,0.02020003,0.5,1.0,20.0,10 V,2.0,True,1
60.1845,0.22700000000000012,0.001,10.938658,48187.92070484579,41321.200000000004,0.0413212,6.004859,26453.123348017605,20190.891,0.020190891,0.5,1.0,20.0,10 V,2.0,True,1
60.2013,0.22700000000000012,0.001,10.938658,48187.92070484579,41315.7,0.0413157,6.004859,26453.123348017605,20184.023999999998,0.020184024,0.5,1.0,20.0,10 V,2.0,True,1
60.2180,0.22700000000000012,0.001,10.938658,48187.92070484579,41321.200000000004,0.0413212,6.004859,26453.123348017605,20198.368000000002,0.020198368,0.5,1.0,20.0,10 V,2.0,True,1
60.2348,0.22700000000000012,0.001,10.938658,48187.92070484579,41326.700000000004,0.0413267,6.004859,26453.123348017605,20191.667,0.020191667,0.5,1.0,20.0,10 V,2.0,True,1
60.2517,0.22700000000000012,0.001,10.938658,48187.92070484579,41310.2,0.0413102,6.004859,26453.123348017605,20190.504,0.020190504,0.5,1.0,20.0,10 V,2.0,True,1
60.2681,0.22700000000000012,0.001,10.938658,48187.92070484579,41304.700000000004,0.0413047,6.004859,26453.123348017605,20177.821,0.020177821,0.5,1.0,20.0,10 V,2.0,True,1
60.2851,0.22700000000000012,0.001,10.938658,48187.92070484579,41315.7,0.0413157,6.004859,26453.123348017605,20177.654000000002,0.020177654,0.5,1.0,20.0,10 V,2.0,True,1
60.3019,0.22700000000000012,0.001,10.938658,48187.92070484579,41299.200000000004,0.0412992,6.004859,26453.123348017605,20170.178,0.020170178,0.5,1.0,20.0,10 V,2.0,True,1
60.3187,0.22700000000000012,0.001,10.938658,48187.92070484579,41310.2,0.0413102,6.004859,26453.123348017605,20182.085,0.020182085,0.5,1.0,20.0,10 V,2.0,True,1
60.3353,0.22700000000000012,0.001,10.938658,48187.92070484579,41310.2,0.0413102,6.004859,26453.123348017605,20182.971,0.020182971,0.5,1.0,20.0,10 V,2.0,True,1
60.3520,0.22700000000000012,0.001,10.938658,48187.92070484579,41315.7,0.0413157,6.004859,26453.123348017605,20181.476000000002,0.020181476,0.5,1.0,20.0,10 V,2.0,True,1
60.3687,0.22700000000000012,0.001,10.938658,48187.92070484579,41315.7,0.0413157,6.004859,26453.123348017605,20188.067000000003,0.020188067,0.5,1.0,20.0,10 V,2.0,True,1
60.3857,0.22700000000000012,0.001,10.938658,48187.92070484579,41326.700000000004,0.0413267,6.004859,26453.123348017605,20180.590000000004,0.02018059,0.5,1.0,20.0,10 V,2.0,True,1
60.4022,0.22700000000000012,0.001,10.938658,48187.92070484579,41310.2,0.0413102,6.004859,26453.123348017605,20182.805000000004,0.020182805,0.5,1.0,20.0,10 V,2.0,True,1
60.4191,0.22700000000000012,0.001,10.938658,48187.92070484579,41310.2,0.0413102,6.004859,26453.123348017605,20186.073,0.020186073,0.5,1.0,20.0,10 V,2.0,True,1
60.4358,0.22700000000000012,0.001,10.938658,48187.92070484579,41310.2,0.0413102,6.004859,26453.123348017605,20179.925000000003,0.020179925,0.5,1.0,20.0,10 V,2.0,True,1
60.4527,0.22700000000000012,0.001,10.938658,48187.92070484579,41304.700000000004,0.0413047,6.004859,26453.123348017605,20185.741,0.020185741,0.5,1.0,20.0,10 V,2.0,True,1
60.4695,0.22700000000000012,0.001,10.938658,48187.92070484579,41326.700000000004,0.0413267,6.004859,26453.123348017605,20177.045000000002,0.020177045,0.5,1.0,20.0,10 V,2.0,True,1
60.4862,0.22700000000000012,0.001,10.938658,48187.92070484579,41332.200000000004,0.0413322,6.004859,26453.123348017605,20181.698000000004,0.020181698,0.5,1.0,20.0,10 V,2.0,True,1
60.5029,0.22700000000000012,0.001,10.938658,48187.92070484579,41304.700000000004,0.0413047,6.004859,26453.123348017605,20190.947,0.020190947,0.5,1.0,20.0,10 V,2.0,True,1
60.5196,0.22700000000000012,0.001,10.938658,48187.92070484579,41321.200000000004,0.0413212,6.004859,26453.123348017605,20179.538,0.020179538,0.5,1.0,20.0,10 V,2.0,True,1
60.5363,0.22700000000000012,0.001,10.938658,48187.92070484579,41321.200000000004,0.0413212,6.004859,26453.123348017605,20179.704,0.020179704,0.5,1.0,20.0,10 V,2.0,True,1
60.5532,0.22700000000000012,0.001,10.938658,48187.92070484579,41315.7,0.0413157,6.004859,26453.123348017605,20178.984,0.020178984,0.5,1.0,20.0,10 V,2.0,True,1
60.5699,0.22700000000000012,0.001,10.938658,48187.92070484579,41326.700000000004,0.0413267,6.004859,26453.123348017605,20174.387,0.020174387,0.5,1.0,20.0,10 V,2.0,True,1
60.5868,0.22700000000000012,0.001,10.938658,48187.92070484579,41326.700000000004,0.0413267,6.004859,26453.123348017605,20186.184,0.020186184,0.5,1.0,20.0,10 V,2.0,True,1
60.6033,0.22700000000000012,0.001,10.938658,48187.92070484579,41315.7,0.0413157,6.004859,26453.123348017605,20186.128,0.020186128,0.5,1.0,20.0,10 V,2.0,True,1
60.6201,0.22700000000000012,0.001,10.938658,48187.92070484579,41315.7,0.0413157,6.004859,26453.123348017605,20183.858,0.020183858,0.5,1.0,20.0,10 V,2.0,True,1
60.6369,0.22700000000000012,0.001,10.938658,48187.92070484579,41315.7,0.0413157,6.004859,26453.123348017605,20180.811,0.020180811,0.5,1.0,20.0,10 V,2.0,True,1
60.6537,0.22700000000000012,0.001,10.938658,48187.92070484579,41310.2,0.0413102,6.004859,26453.123348017605,20181.199,0.020181199,0.5,1.0,20.0,10 V,2.0,True,1
60.6704,0.22700000000000012,0.001,10.938658,48187.92070484579,41310.2,0.0413102,6.004859,26453.123348017605,20188.344,0.020188344,0.5,1.0,20.0,10 V,2.0,True,1
60.6871,0.22700000000000012,0.001,10.938658,48187.92070484579,41304.700000000004,0.0413047,6.004859,26453.123348017605,20178.042,0.020178042,0.5,1.0,20.0,10 V,2.0,True,1
60.7041,0.22700000000000012,0.001,10.938658,48187.92070484579,41304.700000000004,0.0413047,6.004859,26453.123348017605,20184.135,0.020184135,0.5,1.0,20.0,10 V,2.0,True,1
60.7209,0.22700000000000012,0.001,10.938658,48187.92070484579,41310.2,0.0413102,6.004859,26453.123348017605,20176.824,0.020176824,0.5,1.0,20.0,10 V,2.0,True,1
60.7377,0.22700000000000012,0.001,10.938658,48187.92070484579,41310.2,0.0413102,6.004859,26453.123348017605,20177.654000000002,0.020177654,0.5,1.0,20.0,10 V,2.0,True,1
60.7545,0.22700000000000012,0.001,10.938658,48187.92070484579,41315.7,0.0413157,6.004859,26453.123348017605,20173.224000000002,0.020173224,0.5,1.0,20.0,10 V,2.0,True,1
60.7712,0.22700000000000012,0.001,10.938658,48187.92070484579,41304.700000000004,0.0413047,6.004859,26453.123348017605,20164.417,0.020164417,0.5,1.0,20.0,10 V,2.0,True,1
60.7878,0.22700000000000012,0.001,10.938658,48187.92070484579,41315.7,0.0413157,6.004859,26453.123348017605,20171.174000000003,0.020171174,0.5,1.0,20.0,10 V,2.0,True,1
60.8047,0.22700000000000012,0.001,10.938658,48187.92070484579,41299.200000000004,0.0412992,6.004859,26453.123348017605,20168.793,0.020168793,0.5,1.0,20.0,10 V,2.0,True,1
60.8216,0.22700000000000012,0.001,10.938658,48187.92070484579,41304.700000000004,0.0413047,6.004859,26453.123348017605,20180.978,0.020180978,0.5,1.0,20.0,10 V,2.0,True,1
60.8384,0.22700000000000012,0.001,10.938658,48187.92070484579,41310.2,0.0413102,6.004859,26453.123348017605,20174.774,0.020174774,0.5,1.0,20.0,10 V,2.0,True,1
60.8550,0.22700000000000012,0.001,10.938658,48187.92070484579,41293.700000000004,0.0412937,6.004859,26453.123348017605,20182.362,0.020182362,0.5,1.0,20.0,10 V,2.0,True,1
60.8719,0.22700000000000012,0.001,10.938658,48187.92070484579,41293.700000000004,0.0412937,6.004859,26453.123348017605,20170.51,0.02017051,0.5,1.0,20.0,10 V,2.0,True,1
60.8885,0.22700000000000012,0.001,10.938658,48187.92070484579,41293.700000000004,0.0412937,6.004859,26453.123348017605,20174.885000000002,0.020174885,0.5,1.0,20.0,10 V,2.0,True,1
60.9054,0.22700000000000012,0.001,10.938658,48187.92070484579,41304.700000000004,0.0413047,6.004859,26453.123348017605,20169.568,0.020169568,0.5,1.0,20.0,10 V,2.0,True,1
60.9221,0.22700000000000012,0.001,10.938658,48187.92070484579,41304.700000000004,0.0413047,6.004859,26453.123348017605,20168.294,0.020168294,0.5,1.0,20.0,10 V,2.0,True,1
60.9388,0.22700000000000012,0.001,10.938658,48187.92070484579,41293.700000000004,0.0412937,6.004859,26453.123348017605,20174.387,0.020174387,0.5,1.0,20.0,10 V,2.0,True,1
60.9556,0.22700000000000012,0.001,10.938658,48187.92070484579,41299.200000000004,0.0412992,6.004859,26453.123348017605,20166.134,0.020166134,0.5,1.0,20.0,10 V,2.0,True,1
60.9723,0.22700000000000012,0.001,10.938658,48187.92070484579,41304.700000000004,0.0413047,6.004859,26453.123348017605,20170.454,0.020170454,0.5,1.0,20.0,10 V,2.0,True,1
60.9888,0.22700000000000012,0.001,10.938658,48187.92070484579,41299.200000000004,0.0412992,6.004859,26453.123348017605,20178.319,0.020178319,0.5,1.0,20.0,10 V,2.0,True,1
61.0055,0.22700000000000012,0.001,10.938658,48187.92070484579,41304.700000000004,0.0413047,6.004859,26453.123348017605,20165.802,0.020165802,0.5,1.0,20.0,10 V,2.0,True,1
61.0222,0.22700000000000012,0.001,10.938658,48187.92070484579,41304.700000000004,0.0413047,6.004859,26453.123348017605,20170.344,0.020170344,0.5,1.0,20.0,10 V,2.0,True,1
61.0390,0.22700000000000012,0.001,10.938658,48187.92070484579,41293.700000000004,0.0412937,6.004859,26453.123348017605,20166.301000000003,0.020166301,0.5,1.0,20.0,10 V,2.0,True,1
61.0558,0.22700000000000012,0.001,10.938658,48187.92070484579,41321.200000000004,0.0413212,6.004859,26453.123348017605,20182.75,0.02018275,0.5,1.0,20.0,10 V,2.0,True,1
61.0727,0.22700000000000012,0.001,10.938658,48187.92070484579,41315.7,0.0413157,6.004859,26453.123348017605,20178.762,0.020178762,0.5,1.0,20.0,10 V,2.0,True,1
61.0892,0.22700000000000012,0.001,10.938658,48187.92070484579,41304.700000000004,0.0413047,6.004859,26453.123348017605,20179.094,0.020179094,0.5,1.0,20.0,10 V,2.0,True,1
61.1059,0.22700000000000012,0.001,10.938658,48187.92070484579,41315.7,0.0413157,6.004859,26453.123348017605,20165.359,0.020165359,0.5,1.0,20.0,10 V,2.0,True,1
61.1226,0.22700000000000012,0.001,10.938658,48187.92070484579,41310.2,0.0413102,6.004859,26453.123348017605,20173.445000000003,0.020173445,0.5,1.0,20.0,10 V,2.0,True,1
61.1395,0.22700000000000012,0.001,10.938658,48187.92070484579,41288.2,0.0412882,6.004859,26453.123348017605,20156.664,0.020156664,0.5,1.0,20.0,10 V,2.0,True,1
61.1563,0.22700000000000012,0.001,10.938658,48187.92070484579,41310.2,0.0413102,6.004859,26453.123348017605,20177.710000000003,0.02017771,0.5,1.0,20.0,10 V,2.0,True,1
61.1733,0.22700000000000012,0.001,10.938658,48187.92070484579,41288.2,0.0412882,6.004859,26453.123348017605,20171.008,0.020171008,0.5,1.0,20.0,10 V,2.0,True,1
61.1898,0.22700000000000012,0.001,10.938658,48187.92070484579,41304.700000000004,0.0413047,6.004859,26453.123348017605,20171.784000000003,0.020171784,0.5,1.0,20.0,10 V,2.0,True,1
61.2068,0.22700000000000012,0.001,10.938658,48187.92070484579,41315.7,0.0413157,6.004859,26453.123348017605,20179.538,0.020179538,0.5,1.0,20.0,10 V,2.0,True,1
61.2236,0.22700000000000012,0.001,10.938658,48187.92070484579,41304.700000000004,0.0413047,6.004859,26453.123348017605,20165.082000000002,0.020165082,0.5,1.0,20.0,10 V,2.0,True,1
61.2401,0.22700000000000012,0.001,10.938658,48187.92070484579,41299.200000000004,0.0412992,6.004859,26453.123348017605,20162.147,0.020162147,0.5,1.0,20.0,10 V,2.0,True,1
61.2569,0.22700000000000012,0.001,10.938658,48187.92070484579,41315.7,0.0413157,6.004859,26453.123348017605,20170.288000000004,0.020170288,0.5,1.0,20.0,10 V,2.0,True,1
61.2737,0.22700000000000012,0.001,10.938658,48187.92070484579,41315.7,0.0413157,6.004859,26453.123348017605,20168.073000000004,0.020168073,0.5,1.0,20.0,10 V,2.0,True,1
61.2904,0.22700000000000012,0.001,10.938658,48187.92070484579,41299.200000000004,0.0412992,6.004859,26453.123348017605,20164.694,0.020164694,0.5,1.0,20.0,10 V,2.0,True,1
61.3071,0.22700000000000012,0.001,10.938658,48187.92070484579,41304.700000000004,0.0413047,6.004859,26453.123348017605,20170.787,0.020170787,0.5,1.0,20.0,10 V,2.0,True,1
61.3240,0.22700000000000012,0.001,10.938658,48187.92070484579,41304.700000000004,0.0413047,6.004859,26453.123348017605,20172.725,0.020172725,0.5,1.0,20.0,10 V,2.0,True,1
61.3407,0.22700000000000012,0.001,10.938658,48187.92070484579,41315.7,0.0413157,6.004859,26453.123348017605,20168.959000000003,0.020168959,0.5,1.0,20.0,10 V,2.0,True,1
61.3575,0.22700000000000012,0.001,10.938658,48187.92070484579,41299.200000000004,0.0412992,6.004859,26453.123348017605,20172.061,0.020172061,0.5,1.0,20.0,10 V,2.0,True,1
61.3743,0.22700000000000012,0.001,10.938658,48187.92070484579,41304.700000000004,0.0413047,6.004859,26453.123348017605,20172.393,0.020172393,0.5,1.0,20.0,10 V,2.0,True,1
61.3910,0.22700000000000012,0.001,10.938658,48187.92070484579,41282.7,0.0412827,6.004859,26453.123348017605,20166.356,0.020166356,0.5,1.0,20.0,10 V,2.0,True,1
61.4078,0.22700000000000012,0.001,10.938658,48187.92070484579,41299.200000000004,0.0412992,6.004859,26453.123348017605,20166.301000000003,0.020166301,0.5,1.0,20.0,10 V,2.0,True,1
61.4247,0.22700000000000012,0.001,10.938658,48187.92070484579,41288.2,0.0412882,6.004859,26453.123348017605,20154.947,0.020154947,0.5,1.0,20.0,10 V,2.0,True,1
61.4415,0.22700000000000012,0.001,10.938658,48187.92070484579,41304.700000000004,0.0413047,6.004859,26453.123348017605,20152.233,0.020152233,0.5,1.0,20.0,10 V,2.0,True,1
61.4580,0.22700000000000012,0.001,10.938658,48187.92070484579,41282.7,0.0412827,6.004859,26453.123348017605,20158.824,0.020158824,0.5,1.0,20.0,10 V,2.0,True,1
61.4748,0.22700000000000012,0.001,10.938658,48187.92070484579,41288.2,0.0412882,6.004859,26453.123348017605,20156.664,0.020156664,0.5,1.0,20.0,10 V,2.0,True,1
61.4914,0.22700000000000012,0.001,10.938658,48187.92070484579,41299.200000000004,0.0412992,6.004859,26453.123348017605,20147.913,0.020147913,0.5,1.0,20.0,10 V,2.0,True,1
61.5085,0.22700000000000012,0.001,10.938658,48187.92070484579,41282.7,0.0412827,6.004859,26453.123348017605,20156.553,0.020156553,0.5,1.0,20.0,10 V,2.0,True,1
61.5250,0.22700000000000012,0.001,10.938658,48187.92070484579,41288.2,0.0412882,6.004859,26453.123348017605,20157.661,0.020157661,0.5,1.0,20.0,10 V,2.0,True,1
61.5421,0.22700000000000012,0.001,10.938658,48187.92070484579,41282.7,0.0412827,6.004859,26453.123348017605,20153.839,0.020153839,0.5,1.0,20.0,10 V,2.0,True,1
61.5586,0.22700000000000012,0.001,10.938658,48187.92070484579,41304.700000000004,0.0413047,6.004859,26453.123348017605,20157.273,0.020157273,0.5,1.0,20.0,10 V,2.0,True,1
61.5754,0.22700000000000012,0.001,10.938658,48187.92070484579,41310.2,0.0413102,6.004859,26453.123348017605,20158.547,0.020158547,0.5,1.0,20.0,10 V,2.0,True,1
61.5922,0.22700000000000012,0.001,10.938658,48187.92070484579,41299.200000000004,0.0412992,6.004859,26453.123348017605,20155.777000000002,0.020155777,0.5,1.0,20.0,10 V,2.0,True,1
61.6090,0.22700000000000012,0.001,10.938658,48187.92070484579,41310.2,0.0413102,6.004859,26453.123348017605,20159.377,0.020159377,0.5,1.0,20.0,10 V,2.0,True,1
61.6255,0.22700000000000012,0.001,10.938658,48187.92070484579,41299.200000000004,0.0412992,6.004859,26453.123348017605,20150.128,0.020150128,0.5,1.0,20.0,10 V,2.0,True,1
61.6422,0.22700000000000012,0.001,10.938658,48187.92070484579,41293.700000000004,0.0412937,6.004859,26453.123348017605,20159.322,0.020159322,0.5,1.0,20.0,10 V,2.0,True,1
61.6590,0.22700000000000012,0.001,10.938658,48187.92070484579,41288.2,0.0412882,6.004859,26453.123348017605,20163.531,0.020163531,0.5,1.0,20.0,10 V,2.0,True,1
61.6757,0.22700000000000012,0.001,10.938658,48187.92070484579,41299.200000000004,0.0412992,6.004859,26453.123348017605,20165.137,0.020165137,0.5,1.0,20.0,10 V,2.0,True,1
61.6927,0.22700000000000012,0.001,10.938658,48187.92070484579,41304.700000000004,0.0413047,6.004859,26453.123348017605,20159.211,0.020159211,0.5,1.0,20.0,10 V,2.0,True,1
61.7094,0.22700000000000012,0.001,10.938658,48187.92070484579,41299.200000000004,0.0412992,6.004859,26453.123348017605,20150.904000000002,0.020150904,0.5,1.0,20.0,10 V,2.0,True,1
61.7262,0.22700000000000012,0.001,10.938658,48187.92070484579,41288.2,0.0412882,6.004859,26453.123348017605,20160.596,0.020160596,0.5,1.0,20.0,10 V,2.0,True,1
61.7430,0.22700000000000012,0.001,10.938658,48187.92070484579,41293.700000000004,0.0412937,6.004859,26453.123348017605,20159.101,0.020159101,0.5,1.0,20.0,10 V,2.0,True,1
61.7596,0.22700000000000012,0.001,10.938658,48187.92070484579,41299.200000000004,0.0412992,6.004859,26453.123348017605,20160.541,0.020160541,0.5,1.0,20.0,10 V,2.0,True,1
61.7764,0.22700000000000012,0.001,10.938658,48187.92070484579,41299.200000000004,0.0412992,6.004859,26453.123348017605,20155.39,0.02015539,0.5,1.0,20.0,10 V,2.0,True,1
61.7930,0.22700000000000012,0.001,10.938658,48187.92070484579,41293.700000000004,0.0412937,6.004859,26453.123348017605,20161.039,0.020161039,0.5,1.0,20.0,10 V,2.0,True,1
61.8100,0.22700000000000012,0.001,10.938658,48187.92070484579,41299.200000000004,0.0412992,6.004859,26453.123348017605,20164.971,0.020164971,0.5,1.0,20.0,10 V,2.0,True,1
61.8267,0.22700000000000012,0.001,10.938658,48187.92070484579,41310.2,0.0413102,6.004859,26453.123348017605,20167.907,0.020167907,0.5,1.0,20.0,10 V,2.0,True,1
61.8435,0.22700000000000012,0.001,10.938658,48187.92070484579,41310.2,0.0413102,6.004859,26453.123348017605,20162.756,0.020162756,0.5,1.0,20.0,10 V,2.0,True,1
61.8602,0.22700000000000012,0.001,10.938658,48187.92070484579,41299.200000000004,0.0412992,6.004859,26453.123348017605,20159.599000000002,0.020159599,0.5,1.0,20.0,10 V,2.0,True,1
61.8771,0.22700000000000012,0.001,10.938658,48187.92070484579,41304.700000000004,0.0413047,6.004859,26453.123348017605,20162.147,0.020162147,0.5,1.0,20.0,10 V,2.0,True,1
61.8938,0.22700000000000012,0.001,10.938658,48187.92070484579,41282.7,0.0412827,6.004859,26453.123348017605,20153.95,0.02015395,0.5,1.0,20.0,10 V,2.0,True,1
61.9105,0.22700000000000012,0.001,10.938658,48187.92070484579,41299.200000000004,0.0412992,6.004859,26453.123348017605,20156.553,0.020156553,0.5,1.0,20.0,10 V,2.0,True,1
61.9274,0.22700000000000012,0.001,10.938658,48187.92070484579,41282.7,0.0412827,6.004859,26453.123348017605,20160.596,0.020160596,0.5,1.0,20.0,10 V,2.0,True,1
61.9440,0.22700000000000012,0.001,10.938658,48187.92070484579,41288.2,0.0412882,6.004859,26453.123348017605,20157.993,0.020157993,0.5,1.0,20.0,10 V,2.0,True,1
61.9609,0.22700000000000012,0.001,10.938658,48187.92070484579,41293.700000000004,0.0412937,6.004859,26453.123348017605,20144.534,0.020144534,0.5,1.0,20.0,10 V,2.0,True,1
61.9774,0.22700000000000012,0.001,10.938658,48187.92070484579,41304.700000000004,0.0413047,6.004859,26453.123348017605,20156.664,0.020156664,0.5,1.0,20.0,10 V,2.0,True,1
61.9942,0.22700000000000012,0.001,10.938658,48187.92070484579,41293.700000000004,0.0412937,6.004859,26453.123348017605,20160.43,0.02016043,0.5,1.0,20.0,10 V,2.0,True,1
62.0110,0.22700000000000012,0.001,10.938658,48187.92070484579,41288.2,0.0412882,6.004859,26453.123348017605,20158.547,0.020158547,0.5,1.0,20.0,10 V,2.0,True,1
62.0277,0.22700000000000012,0.001,10.938658,48187.92070484579,41293.700000000004,0.0412937,6.004859,26453.123348017605,20168.682,0.020168682,0.5,1.0,20.0,10 V,2.0,True,1
62.0446,0.22700000000000012,0.001,10.938658,48187.92070484579,41288.2,0.0412882,6.004859,26453.123348017605,20153.562,0.020153562,0.5,1.0,20.0,10 V,2.0,True,1
62.0613,0.22700000000000012,0.001,10.938658,48187.92070484579,41288.2,0.0412882,6.004859,26453.123348017605,20159.821000000004,0.020159821,0.5,1.0,20.0,10 V,2.0,True,1
62.0779,0.22700000000000012,0.001,10.938658,48187.92070484579,41293.700000000004,0.0412937,6.004859,26453.123348017605,20162.867000000002,0.020162867,0.5,1.0,20.0,10 V,2.0,True,1
62.0947,0.22700000000000012,0.001,10.938658,48187.92070484579,41277.200000000004,0.0412772,6.004859,26453.123348017605,20155.888000000003,0.020155888,0.5,1.0,20.0,10 V,2.0,True,1
62.1114,0.22700000000000012,0.001,10.938658,48187.92070484579,41282.7,0.0412827,6.004859,26453.123348017605,20147.137,0.020147137,0.5,1.0,20.0,10 V,2.0,True,1
62.1283,0.22700000000000012,0.001,10.938658,48187.92070484579,41277.200000000004,0.0412772,6.004859,26453.123348017605,20150.184,0.020150184,0.5,1.0,20.0,10 V,2.0,True,1
62.1451,0.22700000000000012,0.001,10.938658,48187.92070484579,41293.700000000004,0.0412937,6.004859,26453.123348017605,20161.87,0.02016187,0.5,1.0,20.0,10 V,2.0,True,1
62.1617,0.22700000000000012,0.001,10.938658,48187.92070484579,41288.2,0.0412882,6.004859,26453.123348017605,20152.177,0.020152177,0.5,1.0,20.0,10 V,2.0,True,1
62.1784,0.22700000000000012,0.001,10.938658,48187.92070484579,41288.2,0.0412882,6.004859,26453.123348017605,20158.27,0.02015827,0.5,1.0,20.0,10 V,2.0,True,1
62.1951,0.22700000000000012,0.001,10.938658,48187.92070484579,41293.700000000004,0.0412937,6.004859,26453.123348017605,20152.62,0.02015262,0.5,1.0,20.0,10 V,2.0,True,1
62.2120,0.22700000000000012,0.001,10.938658,48187.92070484579,41288.2,0.0412882,6.004859,26453.123348017605,20152.288,0.020152288,0.5,1.0,20.0,10 V,2.0,True,1
62.2287,0.22700000000000012,0.001,10.938658,48187.92070484579,41271.700000000004,0.0412717,6.004859,26453.123348017605,20157.217000000004,0.020157217,0.5,1.0,20.0,10 V,2.0,True,1
62.2454,0.22700000000000012,0.001,10.938658,48187.92070484579,41271.700000000004,0.0412717,6.004859,26453.123348017605,20156.11,0.02015611,0.5,1.0,20.0,10 V,2.0,True,1
62.2620,0.22700000000000012,0.001,10.938658,48187.92070484579,41266.200000000004,0.0412662,6.004859,26453.123348017605,20156.442000000003,0.020156442,0.5,1.0,20.0,10 V,2.0,True,1
62.2789,0.22700000000000012,0.001,10.938658,48187.92070484579,41277.200000000004,0.0412772,6.004859,26453.123348017605,20158.602000000003,0.020158602,0.5,1.0,20.0,10 V,2.0,True,1
62.2955,0.22700000000000012,0.001,10.938658,48187.92070484579,41293.700000000004,0.0412937,6.004859,26453.123348017605,20146.085000000003,0.020146085,0.5,1.0,20.0,10 V,2.0,True,1
62.3123,0.22700000000000012,0.001,10.938658,48187.92070484579,41282.7,0.0412827,6.004859,26453.123348017605,20143.814000000002,0.020143814,0.5,1.0,20.0,10 V,2.0,True,1
62.3292,0.22700000000000012,0.001,10.938658,48187.92070484579,41277.200000000004,0.0412772,6.004859,26453.123348017605,20154.116,0.020154116,0.5,1.0,20.0,10 V,2.0,True,1
62.3459,0.22700000000000012,0.001,10.938658,48187.92070484579,41282.7,0.0412827,6.004859,26453.123348017605,20159.045000000002,0.020159045,0.5,1.0,20.0,10 V,2.0,True,1
62.3627,0.22700000000000012,0.001,10.938658,48187.92070484579,41277.200000000004,0.0412772,6.004859,26453.123348017605,20152.399,0.020152399,0.5,1.0,20.0,10 V,2.0,True,1
62.3795,0.22700000000000012,0.001,10.938658,48187.92070484579,41277.200000000004,0.0412772,6.004859,26453.123348017605,20160.264000000003,0.020160264,0.5,1.0,20.0,10 V,2.0,True,1
62.3962,0.22700000000000012,0.001,10.938658,48187.92070484579,41277.200000000004,0.0412772,6.004859,26453.123348017605,20139.937,0.020139937,0.5,1.0,20.0,10 V,2.0,True,1
62.4130,0.22700000000000012,0.001,10.938658,48187.92070484579,41271.700000000004,0.0412717,6.004859,26453.123348017605,20145.31,0.02014531,0.5,1.0,20.0,10 V,2.0,True,1
62.4300,0.22700000000000012,0.001,10.938658,48187.92070484579,41277.200000000004,0.0412772,6.004859,26453.123348017605,20157.661,0.020157661,0.5,1.0,20.0,10 V,2.0,True,1
62.4466,0.22700000000000012,0.001,10.938658,48187.92070484579,41288.2,0.0412882,6.004859,26453.123348017605,20147.913,0.020147913,0.5,1.0,20.0,10 V,2.0,True,1
62.4633,0.22700000000000012,0.001,10.938658,48187.92070484579,41282.7,0.0412827,6.004859,26453.123348017605,20150.959,0.020150959,0.5,1.0,20.0,10 V,2.0,True,1
62.4800,0.22700000000000012,0.001,10.938658,48187.92070484579,41293.700000000004,0.0412937,6.004859,26453.123348017605,20157.217000000004,0.020157217,0.5,1.0,20.0,10 V,2.0,True,1
62.4966,0.22700000000000012,0.001,10.938658,48187.92070484579,41288.2,0.0412882,6.004859,26453.123348017605,20152.953,0.020152953,0.5,1.0,20.0,10 V,2.0,True,1
62.5136,0.22700000000000012,0.001,10.938658,48187.92070484579,41271.700000000004,0.0412717,6.004859,26453.123348017605,20156.220999999998,0.020156221,0.5,1.0,20.0,10 V,2.0,True,1
62.5303,0.22700000000000012,0.001,10.938658,48187.92070484579,41282.7,0.0412827,6.004859,26453.123348017605,20151.845,0.020151845,0.5,1.0,20.0,10 V,2.0,True,1
62.5471,0.22700000000000012,0.001,10.938658,48187.92070484579,41271.700000000004,0.0412717,6.004859,26453.123348017605,20155.556000000004,0.020155556,0.5,1.0,20.0,10 V,2.0,True,1
62.5636,0.22700000000000012,0.001,10.938658,48187.92070484579,41277.200000000004,0.0412772,6.004859,26453.123348017605,20165.47,0.02016547,0.5,1.0,20.0,10 V,2.0,True,1
62.5806,0.22700000000000012,0.001,10.938658,48187.92070484579,41271.700000000004,0.0412717,6.004859,26453.123348017605,20148.411000000004,0.020148411,0.5,1.0,20.0,10 V,2.0,True,1
62.5970,0.22700000000000012,0.001,10.938658,48187.92070484579,41271.700000000004,0.0412717,6.004859,26453.123348017605,20151.402,0.020151402,0.5,1.0,20.0,10 V,2.0,True,1
62.6137,0.22700000000000012,0.001,10.938658,48187.92070484579,41288.2,0.0412882,6.004859,26453.123348017605,20149.186999999998,0.020149187,0.5,1.0,20.0,10 V,2.0,True,1
62.6305,0.22700000000000012,0.001,10.938658,48187.92070484579,41282.7,0.0412827,6.004859,26453.123348017605,20151.9,0.0201519,0.5,1.0,20.0,10 V,2.0,True,1
62.6473,0.22700000000000012,0.001,10.938658,48187.92070484579,41288.2,0.0412882,6.004859,26453.123348017605,20160.984,0.020160984,0.5,1.0,20.0,10 V,2.0,True,1
62.6641,0.22700000000000012,0.001,10.938658,48187.92070484579,41271.700000000004,0.0412717,6.004859,26453.123348017605,20144.756,0.020144756,0.5,1.0,20.0,10 V,2.0,True,1
62.6806,0.22700000000000012,0.001,10.938658,48187.92070484579,41277.200000000004,0.0412772,6.004859,26453.123348017605,20146.417,0.020146417,0.5,1.0,20.0,10 V,2.0,True,1
62.6975,0.22700000000000012,0.001,10.938658,48187.92070484579,41288.2,0.0412882,6.004859,26453.123348017605,20158.27,0.02015827,0.5,1.0,20.0,10 V,2.0,True,1
62.7144,0.22700000000000012,0.001,10.938658,48187.92070484579,41266.200000000004,0.0412662,6.004859,26453.123348017605,20152.62,0.02015262,0.5,1.0,20.0,10 V,2.0,True,1
62.7311,0.22700000000000012,0.001,10.938658,48187.92070484579,41288.2,0.0412882,6.004859,26453.123348017605,20157.55,0.02015755,0.5,1.0,20.0,10 V,2.0,True,1
62.7477,0.22700000000000012,0.001,10.938658,48187.92070484579,41282.7,0.0412827,6.004859,26453.123348017605,20152.731,0.020152731,0.5,1.0,20.0,10 V,2.0,True,1
62.7644,0.22700000000000012,0.001,10.938658,48187.92070484579,41266.200000000004,0.0412662,6.004859,26453.123348017605,20142.651,0.020142651,0.5,1.0,20.0,10 V,2.0,True,1
62.7812,0.22700000000000012,0.001,10.938658,48187.92070484579,41271.700000000004,0.0412717,6.004859,26453.123348017605,20153.839,0.020153839,0.5,1.0,20.0,10 V,2.0,True,1
62.7980,0.22700000000000012,0.001,10.938658,48187.92070484579,41271.700000000004,0.0412717,6.004859,26453.123348017605,20139.882,0.020139882,0.5,1.0,20.0,10 V,2.0,True,1
62.8148,0.22700000000000012,0.001,10.938658,48187.92070484579,41288.2,0.0412882,6.004859,26453.123348017605,20154.227000000003,0.020154227,0.5,1.0,20.0,10 V,2.0,True,1
62.8314,0.22700000000000012,0.001,10.938658,48187.92070484579,41288.2,0.0412882,6.004859,26453.123348017605,20149.408000000003,0.020149408,0.5,1.0,20.0,10 V,2.0,True,1
62.8482,0.22700000000000012,0.001,10.938658,48187.92070484579,41271.700000000004,0.0412717,6.004859,26453.123348017605,20138.387000000002,0.020138387,0.5,1.0,20.0,10 V,2.0,True,1
62.8650,0.22700000000000012,0.001,10.938658,48187.92070484579,41266.200000000004,0.0412662,6.004859,26453.123348017605,20139.107,0.020139107,0.5,1.0,20.0,10 V,2.0,True,1
62.8818,0.22700000000000012,0.001,10.938658,48187.92070484579,41266.200000000004,0.0412662,6.004859,26453.123348017605,20138.387000000002,0.020138387,0.5,1.0,20.0,10 V,2.0,True,1
62.8985,0.22700000000000012,0.001,10.938658,48187.92070484579,41266.200000000004,0.0412662,6.004859,26453.123348017605,20137.667,0.020137667,0.5,1.0,20.0,10 V,2.0,True,1
62.9152,0.22700000000000012,0.001,10.938658,48187.92070484579,41271.700000000004,0.0412717,6.004859,26453.123348017605,20136.227,0.020136227,0.5,1.0,20.0,10 V,2.0,True,1
62.9319,0.22700000000000012,0.001,10.938658,48187.92070484579,41260.7,0.0412607,6.004859,26453.123348017605,20128.030000000002,0.02012803,0.5,1.0,20.0,10 V,2.0,True,1
62.9486,0.22700000000000012,0.001,10.938658,48187.92070484579,41282.7,0.0412827,6.004859,26453.123348017605,20135.617000000002,0.020135617,0.5,1.0,20.0,10 V,2.0,True,1
62.9654,0.22700000000000012,0.001,10.938658,48187.92070484579,41271.700000000004,0.0412717,6.004859,26453.123348017605,20141.820000000003,0.02014182,0.5,1.0,20.0,10 V,2.0,True,1
62.9822,0.22700000000000012,0.001,10.938658,48187.92070484579,41266.200000000004,0.0412662,6.004859,26453.123348017605,20143.205,0.020143205,0.5,1.0,20.0,10 V,2.0,True,1
62.9990,0.22700000000000012,0.001,10.938658,48187.92070484579,41255.2,0.0412552,6.004859,26453.123348017605,20143.870000000003,0.02014387,0.5,1.0,20.0,10 V,2.0,True,1
63.0156,0.22700000000000012,0.001,10.938658,48187.92070484579,41271.700000000004,0.0412717,6.004859,26453.123348017605,20147.691,0.020147691,0.5,1.0,20.0,10 V,2.0,True,1
63.0323,0.22700000000000012,0.001,10.938658,48187.92070484579,41271.700000000004,0.0412717,6.004859,26453.123348017605,20146.971,0.020146971,0.5,1.0,20.0,10 V,2.0,True,1
63.0491,0.22700000000000012,0.001,10.938658,48187.92070484579,41277.200000000004,0.0412772,6.004859,26453.123348017605,20143.482,0.020143482,0.5,1.0,20.0,10 V,2.0,True,1
63.0658,0.22700000000000012,0.001,10.938658,48187.92070484579,41277.200000000004,0.0412772,6.004859,26453.123348017605,20151.624,0.020151624,0.5,1.0,20.0,10 V,2.0,True,1
63.0827,0.22700000000000012,0.001,10.938658,48187.92070484579,41266.200000000004,0.0412662,6.004859,26453.123348017605,20150.682,0.020150682,0.5,1.0,20.0,10 V,2.0,True,1
63.0995,0.22700000000000012,0.001,10.938658,48187.92070484579,41282.7,0.0412827,6.004859,26453.123348017605,20149.186999999998,0.020149187,0.5,1.0,20.0,10 V,2.0,True,1
63.1164,0.22700000000000012,0.001,10.938658,48187.92070484579,41271.700000000004,0.0412717,6.004859,26453.123348017605,20141.599000000002,0.020141599,0.5,1.0,20.0,10 V,2.0,True,1
63.1328,0.22700000000000012,0.001,10.938658,48187.92070484579,41266.200000000004,0.0412662,6.004859,26453.123348017605,20137.5,0.0201375,0.5,1.0,20.0,10 V,2.0,True,1
63.1496,0.22700000000000012,0.001,10.938658,48187.92070484579,41277.200000000004,0.0412772,6.004859,26453.123348017605,20136.614,0.020136614,0.5,1.0,20.0,10 V,2.0,True,1
63.1664,0.22700000000000012,0.001,10.938658,48187.92070484579,41260.7,0.0412607,6.004859,26453.123348017605,20135.119000000002,0.020135119,0.5,1.0,20.0,10 V,2.0,True,1
63.1831,0.22700000000000012,0.001,10.938658,48187.92070484579,41260.7,0.0412607,6.004859,26453.123348017605,20139.328,0.020139328,0.5,1.0,20.0,10 V,2.0,True,1
63.1999,0.22700000000000012,0.001,10.938658,48187.92070484579,41266.200000000004,0.0412662,6.004859,26453.123348017605,20138.331,0.020138331,0.5,1.0,20.0,10 V,2.0,True,1
63.2164,0.22700000000000012,0.001,10.938658,48187.92070484579,41266.200000000004,0.0412662,6.004859,26453.123348017605,20131.851,0.020131851,0.5,1.0,20.0,10 V,2.0,True,1
63.2334,0.22700000000000012,0.001,10.938658,48187.92070484579,41260.7,0.0412607,6.004859,26453.123348017605,20133.956000000002,0.020133956,0.5,1.0,20.0,10 V,2.0,True,1
63.2500,0.22700000000000012,0.001,10.938658,48187.92070484579,41260.7,0.0412607,6.004859,26453.123348017605,20135.340000000004,0.02013534,0.5,1.0,20.0,10 V,2.0,True,1
63.2669,0.22700000000000012,0.001,10.938658,48187.92070484579,41271.700000000004,0.0412717,6.004859,26453.123348017605,20134.288,0.020134288,0.5,1.0,20.0,10 V,2.0,True,1
63.2837,0.22700000000000012,0.001,10.938658,48187.92070484579,41266.200000000004,0.0412662,6.004859,26453.123348017605,20145.808,0.020145808,0.5,1.0,20.0,10 V,2.0,True,1
63.3003,0.22700000000000012,0.001,10.938658,48187.92070484579,41260.7,0.0412607,6.004859,26453.123348017605,20126.368,0.020126368,0.5,1.0,20.0,10 V,2.0,True,1
63.3171,0.22700000000000012,0.001,10.938658,48187.92070484579,41255.2,0.0412552,6.004859,26453.123348017605,20129.58,0.02012958,0.5,1.0,20.0,10 V,2.0,True,1
63.3340,0.22700000000000012,0.001,10.938658,48187.92070484579,41266.200000000004,0.0412662,6.004859,26453.123348017605,20127.697,0.020127697,0.5,1.0,20.0,10 V,2.0,True,1
63.3504,0.22700000000000012,0.001,10.938658,48187.92070484579,41260.7,0.0412607,6.004859,26453.123348017605,20128.639000000003,0.020128639,0.5,1.0,20.0,10 V,2.0,True,1
63.3672,0.22700000000000012,0.001,10.938658,48187.92070484579,41255.2,0.0412552,6.004859,26453.123348017605,20127.365,0.020127365,0.5,1.0,20.0,10 V,2.0,True,1
63.3839,0.22700000000000012,0.001,10.938658,48187.92070484579,41260.7,0.0412607,6.004859,26453.123348017605,20141.765,0.020141765,0.5,1.0,20.0,10 V,2.0,True,1
63.4007,0.22700000000000012,0.001,10.938658,48187.92070484579,41277.200000000004,0.0412772,6.004859,26453.123348017605,20140.602000000003,0.020140602,0.5,1.0,20.0,10 V,2.0,True,1
63.4174,0.22700000000000012,0.001,10.938658,48187.92070484579,41266.200000000004,0.0412662,6.004859,26453.123348017605,20134.565000000002,0.020134565,0.5,1.0,20.0,10 V,2.0,True,1
63.4339,0.22700000000000012,0.001,10.938658,48187.92070484579,41266.200000000004,0.0412662,6.004859,26453.123348017605,20137.833000000002,0.020137833,0.5,1.0,20.0,10 V,2.0,True,1
63.4508,0.22700000000000012,0.001,10.938658,48187.92070484579,41255.2,0.0412552,6.004859,26453.123348017605,20130.688000000002,0.020130688,0.5,1.0,20.0,10 V,2.0,True,1
63.4675,0.22700000000000012,0.001,10.938658,48187.92070484579,41249.700000000004,0.0412497,6.004859,26453.123348017605,20128.86,0.02012886,0.5,1.0,20.0,10 V,2.0,True,1
63.4845,0.22700000000000012,0.001,10.938658,48187.92070484579,41249.700000000004,0.0412497,6.004859,26453.123348017605,20129.47,0.02012947,0.5,1.0,20.0,10 V,2.0,True,1
63.5012,0.22700000000000012,0.001,10.938658,48187.92070484579,41260.7,0.0412607,6.004859,26453.123348017605,20123.71,0.02012371,0.5,1.0,20.0,10 V,2.0,True,1
63.5179,0.22700000000000012,0.001,10.938658,48187.92070484579,41260.7,0.0412607,6.004859,26453.123348017605,20125.039,0.020125039,0.5,1.0,20.0,10 V,2.0,True,1
63.5347,0.22700000000000012,0.001,10.938658,48187.92070484579,41260.7,0.0412607,6.004859,26453.123348017605,20136.06,0.02013606,0.5,1.0,20.0,10 V,2.0,True,1
63.5513,0.22700000000000012,0.001,10.938658,48187.92070484579,41249.700000000004,0.0412497,6.004859,26453.123348017605,20116.676,0.020116676,0.5,1.0,20.0,10 V,2.0,True,1
63.5683,0.22700000000000012,0.001,10.938658,48187.92070484579,41260.7,0.0412607,6.004859,26453.123348017605,20123.876,0.020123876,0.5,1.0,20.0,10 V,2.0,True,1
63.5850,0.22700000000000012,0.001,10.938658,48187.92070484579,41238.700000000004,0.0412387,6.004859,26453.123348017605,20120.442,0.020120442,0.5,1.0,20.0,10 V,2.0,True,1
63.6017,0.22700000000000012,0.001,10.938658,48187.92070484579,41249.700000000004,0.0412497,6.004859,26453.123348017605,20126.091,0.020126091,0.5,1.0,20.0,10 V,2.0,True,1
63.6186,0.22700000000000012,0.001,10.938658,48187.92070484579,41255.2,0.0412552,6.004859,26453.123348017605,20121.162000000004,0.020121162,0.5,1.0,20.0,10 V,2.0,True,1
63.6353,0.22700000000000012,0.001,10.938658,48187.92070484579,41260.7,0.0412607,6.004859,26453.123348017605,20133.18,0.02013318,0.5,1.0,20.0,10 V,2.0,True,1
63.6520,0.22700000000000012,0.001,10.938658,48187.92070484579,41255.2,0.0412552,6.004859,26453.123348017605,20126.922,0.020126922,0.5,1.0,20.0,10 V,2.0,True,1
63.6689,0.22700000000000012,0.001,10.938658,48187.92070484579,41244.200000000004,0.0412442,6.004859,26453.123348017605,20124.651,0.020124651,0.5,1.0,20.0,10 V,2.0,True,1
63.6855,0.22700000000000012,0.001,10.938658,48187.92070484579,41249.700000000004,0.0412497,6.004859,26453.123348017605,20127.476,0.020127476,0.5,1.0,20.0,10 V,2.0,True,1
63.7022,0.22700000000000012,0.001,10.938658,48187.92070484579,41255.2,0.0412552,6.004859,26453.123348017605,20126.645,0.020126645,0.5,1.0,20.0,10 V,2.0,True,1
63.7191,0.22700000000000012,0.001,10.938658,48187.92070484579,41249.700000000004,0.0412497,6.004859,26453.123348017605,20125.039,0.020125039,0.5,1.0,20.0,10 V,2.0,True,1
63.7357,0.22700000000000012,0.001,10.938658,48187.92070484579,41266.200000000004,0.0412662,6.004859,26453.123348017605,20139.993,0.020139993,0.5,1.0,20.0,10 V,2.0,True,1
63.7525,0.22700000000000012,0.001,10.938658,48187.92070484579,41271.700000000004,0.0412717,6.004859,26453.123348017605,20132.128,0.020132128,0.5,1.0,20.0,10 V,2.0,True,1
63.7692,0.22700000000000012,0.001,10.938658,48187.92070484579,41255.2,0.0412552,6.004859,26453.123348017605,20129.857000000004,0.020129857,0.5,1.0,20.0,10 V,2.0,True,1
63.7860,0.22700000000000012,0.001,10.938658,48187.92070484579,41277.200000000004,0.0412772,6.004859,26453.123348017605,20132.460000000003,0.02013246,0.5,1.0,20.0,10 V,2.0,True,1
63.8026,0.22700000000000012,0.001,10.938658,48187.92070484579,41249.700000000004,0.0412497,6.004859,26453.123348017605,20137.002,0.020137002,0.5,1.0,20.0,10 V,2.0,True,1
63.8196,0.22700000000000012,0.001,10.938658,48187.92070484579,41271.700000000004,0.0412717,6.004859,26453.123348017605,20131.131,0.020131131,0.5,1.0,20.0,10 V,2.0,True,1
63.8361,0.22700000000000012,0.001,10.938658,48187.92070484579,41260.7,0.0412607,6.004859,26453.123348017605,20118.614,0.020118614,0.5,1.0,20.0,10 V,2.0,True,1
63.8530,0.22700000000000012,0.001,10.938658,48187.92070484579,41260.7,0.0412607,6.004859,26453.123348017605,20118.946,0.020118946,0.5,1.0,20.0,10 V,2.0,True,1
63.8700,0.22700000000000012,0.001,10.938658,48187.92070484579,41249.700000000004,0.0412497,6.004859,26453.123348017605,20134.787000000004,0.020134787,0.5,1.0,20.0,10 V,2.0,True,1
63.8867,0.22700000000000012,0.001,10.938658,48187.92070484579,41255.2,0.0412552,6.004859,26453.123348017605,20134.787000000004,0.020134787,0.5,1.0,20.0,10 V,2.0,True,1
63.9033,0.22700000000000012,0.001,10.938658,48187.92070484579,41233.2,0.0412332,6.004859,26453.123348017605,20115.291,0.020115291,0.5,1.0,20.0,10 V,2.0,True,1
63.9201,0.22700000000000012,0.001,10.938658,48187.92070484579,41244.200000000004,0.0412442,6.004859,26453.123348017605,20129.802,0.020129802,0.5,1.0,20.0,10 V,2.0,True,1
63.9368,0.22700000000000012,0.001,10.938658,48187.92070484579,41255.2,0.0412552,6.004859,26453.123348017605,20120.11,0.02012011,0.5,1.0,20.0,10 V,2.0,True,1
63.9538,0.22700000000000012,0.001,10.938658,48187.92070484579,41249.700000000004,0.0412497,6.004859,26453.123348017605,20126.368,0.020126368,0.5,1.0,20.0,10 V,2.0,True,1
63.9707,0.22700000000000012,0.001,10.938658,48187.92070484579,41249.700000000004,0.0412497,6.004859,26453.123348017605,20122.103,0.020122103,0.5,1.0,20.0,10 V,2.0,True,1
63.9871,0.22700000000000012,0.001,10.938658,48187.92070484579,41244.200000000004,0.0412442,6.004859,26453.123348017605,20136.282,0.020136282,0.5,1.0,20.0,10 V,2.0,True,1
64.0040,0.22700000000000012,0.001,10.938658,48187.92070484579,41260.7,0.0412607,6.004859,26453.123348017605,20130.799000000003,0.020130799,0.5,1.0,20.0,10 V,2.0,True,1
64.0208,0.22700000000000012,0.001,10.938658,48187.92070484579,41266.200000000004,0.0412662,6.004859,26453.123348017605,20133.79,0.02013379,0.5,1.0,20.0,10 V,2.0,True,1
64.0373,0.22700000000000012,0.001,10.938658,48187.92070484579,41266.200000000004,0.0412662,6.004859,26453.123348017605,20128.030000000002,0.02012803,0.5,1.0,20.0,10 V,2.0,True,1
64.0542,0.22700000000000012,0.001,10.938658,48187.92070484579,41244.200000000004,0.0412442,6.004859,26453.123348017605,20115.18,0.02011518,0.5,1.0,20.0,10 V,2.0,True,1
64.0710,0.22700000000000012,0.001,10.938658,48187.92070484579,41249.700000000004,0.0412497,6.004859,26453.123348017605,20118.891,0.020118891,0.5,1.0,20.0,10 V,2.0,True,1
64.0877,0.22700000000000012,0.001,10.938658,48187.92070484579,41244.200000000004,0.0412442,6.004859,26453.123348017605,20116.454,0.020116454,0.5,1.0,20.0,10 V,2.0,True,1
64.1044,0.22700000000000012,0.001,10.938658,48187.92070484579,41249.700000000004,0.0412497,6.004859,26453.123348017605,20117.451,0.020117451,0.5,1.0,20.0,10 V,2.0,True,1
64.1213,0.22700000000000012,0.001,10.938658,48187.92070484579,41249.700000000004,0.0412497,6.004859,26453.123348017605,20121.494000000002,0.020121494,0.5,1.0,20.0,10 V,2.0,True,1
64.1380,0.22700000000000012,0.001,10.938658,48187.92070484579,41249.700000000004,0.0412497,6.004859,26453.123348017605,20113.685,0.020113685,0.5,1.0,20.0,10 V,2.0,True,1
64.1547,0.22700000000000012,0.001,10.938658,48187.92070484579,41249.700000000004,0.0412497,6.004859,26453.123348017605,20122.38,0.02012238,0.5,1.0,20.0,10 V,2.0,True,1
64.1715,0.22700000000000012,0.001,10.938658,48187.92070484579,41255.2,0.0412552,6.004859,26453.123348017605,20123.487999999998,0.020123488,0.5,1.0,20.0,10 V,2.0,True,1
64.1883,0.22700000000000012,0.001,10.938658,48187.92070484579,41244.200000000004,0.0412442,6.004859,26453.123348017605,20141.211,0.020141211,0.5,1.0,20.0,10 V,2.0,True,1
64.2049,0.22700000000000012,0.001,10.938658,48187.92070484579,41249.700000000004,0.0412497,6.004859,26453.123348017605,20126.257,0.020126257,0.5,1.0,20.0,10 V,2.0,True,1
64.2218,0.22700000000000012,0.001,10.938658,48187.92070484579,41249.700000000004,0.0412497,6.004859,26453.123348017605,20126.922,0.020126922,0.5,1.0,20.0,10 V,2.0,True,1
64.2387,0.22700000000000012,0.001,10.938658,48187.92070484579,41249.700000000004,0.0412497,6.004859,26453.123348017605,20128.306,0.020128306,0.5,1.0,20.0,10 V,2.0,True,1
64.2554,0.22700000000000012,0.001,10.938658,48187.92070484579,41260.7,0.0412607,6.004859,26453.123348017605,20125.870000000003,0.02012587,0.5,1.0,20.0,10 V,2.0,True,1
64.2721,0.22700000000000012,0.001,10.938658,48187.92070484579,41260.7,0.0412607,6.004859,26453.123348017605,20118.282000000003,0.020118282,0.5,1.0,20.0,10 V,2.0,True,1
64.2887,0.22700000000000012,0.001,10.938658,48187.92070484579,41249.700000000004,0.0412497,6.004859,26453.123348017605,20119.5,0.0201195,0.5,1.0,20.0,10 V,2.0,True,1
64.3054,0.22700000000000012,0.001,10.938658,48187.92070484579,41249.700000000004,0.0412497,6.004859,26453.123348017605,20116.233,0.020116233,0.5,1.0,20.0,10 V,2.0,True,1
64.3223,0.22700000000000012,0.001,10.938658,48187.92070484579,41249.700000000004,0.0412497,6.004859,26453.123348017605,20127.31,0.02012731,0.5,1.0,20.0,10 V,2.0,True,1
64.3390,0.22700000000000012,0.001,10.938658,48187.92070484579,41255.2,0.0412552,6.004859,26453.123348017605,20121.937,0.020121937,0.5,1.0,20.0,10 V,2.0,True,1
64.3559,0.22700000000000012,0.001,10.938658,48187.92070484579,41249.700000000004,0.0412497,6.004859,26453.123348017605,20117.119,0.020117119,0.5,1.0,20.0,10 V,2.0,True,1
64.3725,0.22700000000000012,0.001,10.938658,48187.92070484579,41255.2,0.0412552,6.004859,26453.123348017605,20123.045,0.020123045,0.5,1.0,20.0,10 V,2.0,True,1
64.3893,0.22700000000000012,0.001,10.938658,48187.92070484579,41244.200000000004,0.0412442,6.004859,26453.123348017605,20126.756,0.020126756,0.5,1.0,20.0,10 V,2.0,True,1
64.4061,0.22700000000000012,0.001,10.938658,48187.92070484579,41255.2,0.0412552,6.004859,26453.123348017605,20121.383,0.020121383,0.5,1.0,20.0,10 V,2.0,True,1
64.4228,0.22700000000000012,0.001,10.938658,48187.92070484579,41260.7,0.0412607,6.004859,26453.123348017605,20125.482,0.020125482,0.5,1.0,20.0,10 V,2.0,True,1
64.4395,0.22700000000000012,0.001,10.938658,48187.92070484579,41255.2,0.0412552,6.004859,26453.123348017605,20118.891,0.020118891,0.5,1.0,20.0,10 V,2.0,True,1
64.4564,0.22700000000000012,0.001,10.938658,48187.92070484579,41255.2,0.0412552,6.004859,26453.123348017605,20129.303000000004,0.020129303,0.5,1.0,20.0,10 V,2.0,True,1
64.4731,0.22700000000000012,0.001,10.938658,48187.92070484579,41255.2,0.0412552,6.004859,26453.123348017605,20123.156,0.020123156,0.5,1.0,20.0,10 V,2.0,True,1
64.4897,0.22700000000000012,0.001,10.938658,48187.92070484579,41266.200000000004,0.0412662,6.004859,26453.123348017605,20127.199,0.020127199,0.5,1.0,20.0,10 V,2.0,True,1
64.5065,0.22700000000000012,0.001,10.938658,48187.92070484579,41255.2,0.0412552,6.004859,26453.123348017605,20131.186,0.020131186,0.5,1.0,20.0,10 V,2.0,True,1
64.5233,0.22700000000000012,0.001,10.938658,48187.92070484579,41266.200000000004,0.0412662,6.004859,26453.123348017605,20131.63,0.02013163,0.5,1.0,20.0,10 V,2.0,True,1
64.5400,0.22700000000000012,0.001,10.938658,48187.92070484579,41266.200000000004,0.0412662,6.004859,26453.123348017605,20136.448000000004,0.020136448,0.5,1.0,20.0,10 V,2.0,True,1
64.5568,0.22700000000000012,0.001,10.938658,48187.92070484579,41260.7,0.0412607,6.004859,26453.123348017605,20141.931,0.020141931,0.5,1.0,20.0,10 V,2.0,True,1
64.5735,0.22700000000000012,0.001,10.938658,48187.92070484579,41271.700000000004,0.0412717,6.004859,26453.123348017605,20140.159000000003,0.020140159,0.5,1.0,20.0,10 V,2.0,True,1
64.5901,0.22700000000000012,0.001,10.938658,48187.92070484579,41260.7,0.0412607,6.004859,26453.123348017605,20138.497000000003,0.020138497,0.5,1.0,20.0,10 V,2.0,True,1
64.6071,0.22700000000000012,0.001,10.938658,48187.92070484579,41260.7,0.0412607,6.004859,26453.123348017605,20142.762000000002,0.020142762,0.5,1.0,20.0,10 V,2.0,True,1
64.6238,0.22700000000000012,0.001,10.938658,48187.92070484579,41249.700000000004,0.0412497,6.004859,26453.123348017605,20128.362,0.020128362,0.5,1.0,20.0,10 V,2.0,True,1
64.6404,0.22700000000000012,0.001,10.938658,48187.92070484579,41260.7,0.0412607,6.004859,26453.123348017605,20128.805,0.020128805,0.5,1.0,20.0,10 V,2.0,True,1
64.6573,0.22700000000000012,0.001,10.938658,48187.92070484579,41260.7,0.0412607,6.004859,26453.123348017605,20129.968,0.020129968,0.5,1.0,20.0,10 V,2.0,True,1
64.6740,0.22700000000000012,0.001,10.938658,48187.92070484579,41249.700000000004,0.0412497,6.004859,26453.123348017605,20124.374,0.020124374,0.5,1.0,20.0,10 V,2.0,True,1
64.6907,0.22700000000000012,0.001,10.938658,48187.92070484579,41260.7,0.0412607,6.004859,26453.123348017605,20137.334,0.020137334,0.5,1.0,20.0,10 V,2.0,True,1
64.7074,0.22700000000000012,0.001,10.938658,48187.92070484579,41260.7,0.0412607,6.004859,26453.123348017605,20132.903000000002,0.020132903,0.5,1.0,20.0,10 V,2.0,True,1
64.7242,0.22700000000000012,0.001,10.938658,48187.92070484579,41260.7,0.0412607,6.004859,26453.123348017605,20132.183,0.020132183,0.5,1.0,20.0,10 V,2.0,True,1
64.7410,0.22700000000000012,0.001,10.938658,48187.92070484579,41266.200000000004,0.0412662,6.004859,26453.123348017605,20127.365,0.020127365,0.5,1.0,20.0,10 V,2.0,True,1
64.7577,0.22700000000000012,0.001,10.938658,48187.92070484579,41255.2,0.0412552,6.004859,26453.123348017605,20131.186,0.020131186,0.5,1.0,20.0,10 V,2.0,True,1
64.7743,0.22700000000000012,0.001,10.938658,48187.92070484579,41249.700000000004,0.0412497,6.004859,26453.123348017605,20119.556,0.020119556,0.5,1.0,20.0,10 V,2.0,True,1
64.7913,0.22700000000000012,0.001,10.938658,48187.92070484579,41260.7,0.0412607,6.004859,26453.123348017605,20123.322,0.020123322,0.5,1.0,20.0,10 V,2.0,True,1
64.8079,0.22700000000000012,0.001,10.938658,48187.92070484579,41260.7,0.0412607,6.004859,26453.123348017605,20123.045,0.020123045,0.5,1.0,20.0,10 V,2.0,True,1
64.8247,0.22700000000000012,0.001,10.938658,48187.92070484579,41255.2,0.0412552,6.004859,26453.123348017605,20119.279000000002,0.020119279,0.5,1.0,20.0,10 V,2.0,True,1
64.8415,0.22700000000000012,0.001,10.938658,48187.92070484579,41255.2,0.0412552,6.004859,26453.123348017605,20130.743000000002,0.020130743,0.5,1.0,20.0,10 V,2.0,True,1
64.8583,0.22700000000000012,0.001,10.938658,48187.92070484579,41260.7,0.0412607,6.004859,26453.123348017605,20131.739999999998,0.02013174,0.5,1.0,20.0,10 V,2.0,True,1
64.8748,0.22700000000000012,0.001,10.938658,48187.92070484579,41260.7,0.0412607,6.004859,26453.123348017605,20125.980000000003,0.02012598,0.5,1.0,20.0,10 V,2.0,True,1
64.8916,0.22700000000000012,0.001,10.938658,48187.92070484579,41266.200000000004,0.0412662,6.004859,26453.123348017605,20128.971,0.020128971,0.5,1.0,20.0,10 V,2.0,True,1
64.9085,0.22700000000000012,0.001,10.938658,48187.92070484579,41255.2,0.0412552,6.004859,26453.123348017605,20130.245000000003,0.020130245,0.5,1.0,20.0,10 V,2.0,True,1
64.9254,0.22700000000000012,0.001,10.938658,48187.92070484579,41249.700000000004,0.0412497,6.004859,26453.123348017605,20132.293999999998,0.020132294,0.5,1.0,20.0,10 V,2.0,True,1
64.9419,0.22700000000000012,0.001,10.938658,48187.92070484579,41255.2,0.0412552,6.004859,26453.123348017605,20133.236,0.020133236,0.5,1.0,20.0,10 V,2.0,True,1
64.9587,0.22700000000000012,0.001,10.938658,48187.92070484579,41266.200000000004,0.0412662,6.004859,26453.123348017605,20144.59,0.02014459,0.5,1.0,20.0,10 V,2.0,True,1
64.9756,0.22700000000000012,0.001,10.938658,48187.92070484579,41266.200000000004,0.0412662,6.004859,26453.123348017605,20128.417,0.020128417,0.5,1.0,20.0,10 V,2.0,True,1
64.9924,0.22700000000000012,0.001,10.938658,48187.92070484579,41271.700000000004,0.0412717,6.004859,26453.123348017605,20131.408,0.020131408,0.5,1.0,20.0,10 V,2.0,True,1
65.0091,0.22700000000000012,0.001,10.938658,48187.92070484579,41271.700000000004,0.0412717,6.004859,26453.123348017605,20124.928,0.020124928,0.5,1.0,20.0,10 V,2.0,True,1
65.0258,0.22700000000000012,0.001,10.938658,48187.92070484579,41260.7,0.0412607,6.004859,26453.123348017605,20120.663,0.020120663,0.5,1.0,20.0,10 V,2.0,True,1
65.0425,0.22700000000000012,0.001,10.938658,48187.92070484579,41266.200000000004,0.0412662,6.004859,26453.123348017605,20130.854,0.020130854,0.5,1.0,20.0,10 V,2.0,True,1
65.0592,0.22700000000000012,0.001,10.938658,48187.92070484579,41266.200000000004,0.0412662,6.004859,26453.123348017605,20125.26,0.02012526,0.5,1.0,20.0,10 V,2.0,True,1
65.0760,0.22700000000000012,0.001,10.938658,48187.92070484579,41255.2,0.0412552,6.004859,26453.123348017605,20131.463,0.020131463,0.5,1.0,20.0,10 V,2.0,True,1
65.0927,0.22700000000000012,0.001,10.938658,48187.92070484579,41249.700000000004,0.0412497,6.004859,26453.123348017605,20131.851,0.020131851,0.5,1.0,20.0,10 V,2.0,True,1
65.1094,0.22700000000000012,0.001,10.938658,48187.92070484579,41260.7,0.0412607,6.004859,26453.123348017605,20131.463,0.020131463,0.5,1.0,20.0,10 V,2.0,True,1
65.1262,0.22700000000000012,0.001,10.938658,48187.92070484579,41271.700000000004,0.0412717,6.004859,26453.123348017605,20133.956000000002,0.020133956,0.5,1.0,20.0,10 V,2.0,True,1
65.1430,0.22700000000000012,0.001,10.938658,48187.92070484579,41249.700000000004,0.0412497,6.004859,26453.123348017605,20122.325,0.020122325,0.5,1.0,20.0,10 V,2.0,True,1
65.1598,0.22700000000000012,0.001,10.938658,48187.92070484579,41260.7,0.0412607,6.004859,26453.123348017605,20128.694,0.020128694,0.5,1.0,20.0,10 V,2.0,True,1
65.1766,0.22700000000000012,0.001,10.938658,48187.92070484579,41271.700000000004,0.0412717,6.004859,26453.123348017605,20126.756,0.020126756,0.5,1.0,20.0,10 V,2.0,True,1
65.1933,0.22700000000000012,0.001,10.938658,48187.92070484579,41260.7,0.0412607,6.004859,26453.123348017605,20122.325,0.020122325,0.5,1.0,20.0,10 V,2.0,True,1
65.2101,0.22700000000000012,0.001,10.938658,48187.92070484579,41260.7,0.0412607,6.004859,26453.123348017605,20125.426,0.020125426,0.5,1.0,20.0,10 V,2.0,True,1
65.2268,0.22700000000000012,0.001,10.938658,48187.92070484579,41249.700000000004,0.0412497,6.004859,26453.123348017605,20128.417,0.020128417,0.5,1.0,20.0,10 V,2.0,True,1
65.2434,0.22700000000000012,0.001,10.938658,48187.92070484579,41249.700000000004,0.0412497,6.004859,26453.123348017605,20124.54,0.02012454,0.5,1.0,20.0,10 V,2.0,True,1
65.2602,0.22700000000000012,0.001,10.938658,48187.92070484579,41249.700000000004,0.0412497,6.004859,26453.123348017605,20117.839,0.020117839,0.5,1.0,20.0,10 V,2.0,True,1
65.2770,0.22700000000000012,0.001,10.938658,48187.92070484579,41244.200000000004,0.0412442,6.004859,26453.123348017605,20124.042,0.020124042,0.5,1.0,20.0,10 V,2.0,True,1
65.2937,0.22700000000000012,0.001,10.938658,48187.92070484579,41244.200000000004,0.0412442,6.004859,26453.123348017605,20116.288,0.020116288,0.5,1.0,20.0,10 V,2.0,True,1
65.3107,0.22700000000000012,0.001,10.938658,48187.92070484579,41244.200000000004,0.0412442,6.004859,26453.123348017605,20116.122,0.020116122,0.5,1.0,20.0,10 V,2.0,True,1
65.3273,0.22700000000000012,0.001,10.938658,48187.92070484579,41260.7,0.0412607,6.004859,26453.123348017605,20119.777,0.020119777,0.5,1.0,20.0,10 V,2.0,True,1
65.3443,0.22700000000000012,0.001,10.938658,48187.92070484579,41249.700000000004,0.0412497,6.004859,26453.123348017605,20122.546000000002,0.020122546,0.5,1.0,20.0,10 V,2.0,True,1
65.3608,0.22700000000000012,0.001,10.938658,48187.92070484579,41260.7,0.0412607,6.004859,26453.123348017605,20116.897,0.020116897,0.5,1.0,20.0,10 V,2.0,True,1
65.3776,0.22700000000000012,0.001,10.938658,48187.92070484579,41260.7,0.0412607,6.004859,26453.123348017605,20133.347,0.020133347,0.5,1.0,20.0,10 V,2.0,True,1
65.3944,0.22700000000000012,0.001,10.938658,48187.92070484579,41260.7,0.0412607,6.004859,26453.123348017605,20124.263,0.020124263,0.5,1.0,20.0,10 V,2.0,True,1
65.4110,0.22700000000000012,0.001,10.938658,48187.92070484579,41266.200000000004,0.0412662,6.004859,26453.123348017605,20121.439000000002,0.020121439,0.5,1.0,20.0,10 V,2.0,True,1
65.4279,0.22700000000000012,0.001,10.938658,48187.92070484579,41277.200000000004,0.0412772,6.004859,26453.123348017605,20124.319000000003,0.020124319,0.5,1.0,20.0,10 V,2.0,True,1
65.4446,0.22700000000000012,0.001,10.938658,48187.92070484579,41244.200000000004,0.0412442,6.004859,26453.123348017605,20123.045,0.020123045,0.5,1.0,20.0,10 V,2.0,True,1
65.4612,0.22700000000000012,0.001,10.938658,48187.92070484579,41255.2,0.0412552,6.004859,26453.123348017605,20107.648,0.020107648,0.5,1.0,20.0,10 V,2.0,True,1
65.4779,0.22700000000000012,0.001,10.938658,48187.92070484579,41249.700000000004,0.0412497,6.004859,26453.123348017605,20121.162000000004,0.020121162,0.5,1.0,20.0,10 V,2.0,True,1
65.4948,0.22700000000000012,0.001,10.938658,48187.92070484579,41255.2,0.0412552,6.004859,26453.123348017605,20123.266000000003,0.020123266,0.5,1.0,20.0,10 V,2.0,True,1
65.5116,0.22700000000000012,0.001,10.938658,48187.92070484579,41266.200000000004,0.0412662,6.004859,26453.123348017605,20125.814,0.020125814,0.5,1.0,20.0,10 V,2.0,True,1
65.5285,0.22700000000000012,0.001,10.938658,48187.92070484579,41271.700000000004,0.0412717,6.004859,26453.123348017605,20129.082000000002,0.020129082,0.5,1.0,20.0,10 V,2.0,True,1
65.5451,0.22700000000000012,0.001,10.938658,48187.92070484579,41266.200000000004,0.0412662,6.004859,26453.123348017605,20127.088000000003,0.020127088,0.5,1.0,20.0,10 V,2.0,True,1
65.5619,0.22700000000000012,0.001,10.938658,48187.92070484579,41271.700000000004,0.0412717,6.004859,26453.123348017605,20125.482,0.020125482,0.5,1.0,20.0,10 V,2.0,True,1
65.5785,0.22700000000000012,0.001,10.938658,48187.92070484579,41249.700000000004,0.0412497,6.004859,26453.123348017605,20119.222999999998,0.020119223,0.5,1.0,20.0,10 V,2.0,True,1
65.5955,0.22700000000000012,0.001,10.938658,48187.92070484579,41260.7,0.0412607,6.004859,26453.123348017605,20124.596,0.020124596,0.5,1.0,20.0,10 V,2.0,True,1
65.6123,0.22700000000000012,0.001,10.938658,48187.92070484579,41255.2,0.0412552,6.004859,26453.123348017605,20127.199,0.020127199,0.5,1.0,20.0,10 V,2.0,True,1
65.6290,0.22700000000000012,0.001,10.938658,48187.92070484579,41255.2,0.0412552,6.004859,26453.123348017605,20127.033,0.020127033,0.5,1.0,20.0,10 V,2.0,True,1
65.6459,0.22700000000000012,0.001,10.938658,48187.92070484579,41266.200000000004,0.0412662,6.004859,26453.123348017605,20136.005,0.020136005,0.5,1.0,20.0,10 V,2.0,True,1
65.6625,0.22700000000000012,0.001,10.938658,48187.92070484579,41266.200000000004,0.0412662,6.004859,26453.123348017605,20128.583,0.020128583,0.5,1.0,20.0,10 V,2.0,True,1
65.6792,0.22700000000000012,0.001,10.938658,48187.92070484579,41255.2,0.0412552,6.004859,26453.123348017605,20132.516,0.020132516,0.5,1.0,20.0,10 V,2.0,True,1
65.6960,0.22700000000000012,0.001,10.938658,48187.92070484579,41260.7,0.0412607,6.004859,26453.123348017605,20129.802,0.020129802,0.5,1.0,20.0,10 V,2.0,True,1
65.7127,0.22700000000000012,0.001,10.938658,48187.92070484579,41260.7,0.0412607,6.004859,26453.123348017605,20131.242000000002,0.020131242,0.5,1.0,20.0,10 V,2.0,True,1
65.7296,0.22700000000000012,0.001,10.938658,48187.92070484579,41266.200000000004,0.0412662,6.004859,26453.123348017605,20136.282,0.020136282,0.5,1.0,20.0,10 V,2.0,True,1
65.7463,0.22700000000000012,0.001,10.938658,48187.92070484579,41260.7,0.0412607,6.004859,26453.123348017605,20117.506,0.020117506,0.5,1.0,20.0,10 V,2.0,True,1
65.7631,0.22700000000000012,0.001,10.938658,48187.92070484579,41244.200000000004,0.0412442,6.004859,26453.123348017605,20130.19,0.02013019,0.5,1.0,20.0,10 V,2.0,True,1
65.7800,0.22700000000000012,0.001,10.938658,48187.92070484579,41266.200000000004,0.0412662,6.004859,26453.123348017605,20131.962,0.020131962,0.5,1.0,20.0,10 V,2.0,True,1
65.7967,0.22700000000000012,0.001,10.938658,48187.92070484579,41260.7,0.0412607,6.004859,26453.123348017605,20110.916,0.020110916,0.5,1.0,20.0,10 V,2.0,True,1
65.8135,0.22700000000000012,0.001,10.938658,48187.92070484579,41260.7,0.0412607,6.004859,26453.123348017605,20132.239,0.020132239,0.5,1.0,20.0,10 V,2.0,True,1
65.8301,0.22700000000000012,0.001,10.938658,48187.92070484579,41260.7,0.0412607,6.004859,26453.123348017605,20125.371,0.020125371,0.5,1.0,20.0,10 V,2.0,True,1
65.8470,0.22700000000000012,0.001,10.938658,48187.92070484579,41266.200000000004,0.0412662,6.004859,26453.123348017605,20135.396,0.020135396,0.5,1.0,20.0,10 V,2.0,True,1
65.8638,0.22700000000000012,0.001,10.938658,48187.92070484579,41244.200000000004,0.0412442,6.004859,26453.123348017605,20121.106,0.020121106,0.5,1.0,20.0,10 V,2.0,True,1
65.8807,0.22700000000000012,0.001,10.938658,48187.92070484579,41266.200000000004,0.0412662,6.004859,26453.123348017605,20126.922,0.020126922,0.5,1.0,20.0,10 V,2.0,True,1
65.8975,0.22700000000000012,0.001,10.938658,48187.92070484579,41255.2,0.0412552,6.004859,26453.123348017605,20123.82,0.02012382,0.5,1.0,20.0,10 V,2.0,True,1
65.9145,0.22700000000000012,0.001,10.938658,48187.92070484579,41255.2,0.0412552,6.004859,26453.123348017605,20119.057,0.020119057,0.5,1.0,20.0,10 V,2.0,True,1
65.9310,0.22700000000000012,0.001,10.938658,48187.92070484579,41249.700000000004,0.0412497,6.004859,26453.123348017605,20121.328,0.020121328,0.5,1.0,20.0,10 V,2.0,True,1
65.9478,0.22700000000000012,0.001,10.938658,48187.92070484579,41266.200000000004,0.0412662,6.004859,26453.123348017605,20123.71,0.02012371,0.5,1.0,20.0,10 V,2.0,True,1
65.9644,0.22700000000000012,0.001,10.938658,48187.92070484579,41260.7,0.0412607,6.004859,26453.123348017605,20131.408,0.020131408,0.5,1.0,20.0,10 V,2.0,True,1
65.9811,0.22700000000000012,0.001,10.938658,48187.92070484579,41255.2,0.0412552,6.004859,26453.123348017605,20124.319000000003,0.020124319,0.5,1.0,20.0,10 V,2.0,True,1
65.9981,0.22700000000000012,0.001,10.938658,48187.92070484579,41260.7,0.0412607,6.004859,26453.123348017605,20126.146,0.020126146,0.5,1.0,20.0,10 V,2.0,True,1
66.0149,0.22700000000000012,0.001,10.938658,48187.92070484579,41244.200000000004,0.0412442,6.004859,26453.123348017605,20127.365,0.020127365,0.5,1.0,20.0,10 V,2.0,True,1
66.0315,0.22700000000000012,0.001,10.938658,48187.92070484579,41271.700000000004,0.0412717,6.004859,26453.123348017605,20122.657,0.020122657,0.5,1.0,20.0,10 V,2.0,True,1
66.0484,0.22700000000000012,0.001,10.938658,48187.92070484579,41244.200000000004,0.0412442,6.004859,26453.123348017605,20124.706,0.020124706,0.5,1.0,20.0,10 V,2.0,True,1
66.0650,0.22700000000000012,0.001,10.938658,48187.92070484579,41249.700000000004,0.0412497,6.004859,26453.123348017605,20122.214,0.020122214,0.5,1.0,20.0,10 V,2.0,True,1
66.0817,0.22700000000000012,0.001,10.938658,48187.92070484579,41260.7,0.0412607,6.004859,26453.123348017605,20135.673,0.020135673,0.5,1.0,20.0,10 V,2.0,True,1
66.0983,0.22700000000000012,0.001,10.938658,48187.92070484579,41255.2,0.0412552,6.004859,26453.123348017605,20130.023,0.020130023,0.5,1.0,20.0,10 V,2.0,True,1
66.1151,0.22700000000000012,0.001,10.938658,48187.92070484579,41271.700000000004,0.0412717,6.004859,26453.123348017605,20140.768,0.020140768,0.5,1.0,20.0,10 V,2.0,True,1
66.1321,0.22700000000000012,0.001,10.938658,48187.92070484579,41260.7,0.0412607,6.004859,26453.123348017605,20130.134000000002,0.020130134,0.5,1.0,20.0,10 V,2.0,True,1
66.1486,0.22700000000000012,0.001,10.938658,48187.92070484579,41255.2,0.0412552,6.004859,26453.123348017605,20128.583,0.020128583,0.5,1.0,20.0,10 V,2.0,True,1
66.1653,0.22700000000000012,0.001,10.938658,48187.92070484579,41266.200000000004,0.0412662,6.004859,26453.123348017605,20125.426,0.020125426,0.5,1.0,20.0,10 V,2.0,True,1
66.1820,0.22700000000000012,0.001,10.938658,48187.92070484579,41255.2,0.0412552,6.004859,26453.123348017605,20128.251,0.020128251,0.5,1.0,20.0,10 V,2.0,True,1
66.1990,0.22700000000000012,0.001,10.938658,48187.92070484579,41255.2,0.0412552,6.004859,26453.123348017605,20126.257,0.020126257,0.5,1.0,20.0,10 V,2.0,True,1
66.2158,0.22700000000000012,0.001,10.938658,48187.92070484579,41266.200000000004,0.0412662,6.004859,26453.123348017605,20132.847999999998,0.020132848,0.5,1.0,20.0,10 V,2.0,True,1
66.2324,0.22700000000000012,0.001,10.938658,48187.92070484579,41255.2,0.0412552,6.004859,26453.123348017605,20122.491,0.020122491,0.5,1.0,20.0,10 V,2.0,True,1
66.2491,0.22700000000000012,0.001,10.938658,48187.92070484579,41244.200000000004,0.0412442,6.004859,26453.123348017605,20116.122,0.020116122,0.5,1.0,20.0,10 V,2.0,True,1
66.2659,0.22700000000000012,0.001,10.938658,48187.92070484579,41244.200000000004,0.0412442,6.004859,26453.123348017605,20115.513000000003,0.020115513,0.5,1.0,20.0,10 V,2.0,True,1
66.2826,0.22700000000000012,0.001,10.938658,48187.92070484579,41249.700000000004,0.0412497,6.004859,26453.123348017605,20117.673,0.020117673,0.5,1.0,20.0,10 V,2.0,True,1
66.2992,0.22700000000000012,0.001,10.938658,48187.92070484579,41238.700000000004,0.0412387,6.004859,26453.123348017605,20113.186,0.020113186,0.5,1.0,20.0,10 V,2.0,True,1
66.3161,0.22700000000000012,0.001,10.938658,48187.92070484579,41249.700000000004,0.0412497,6.004859,26453.123348017605,20115.734,0.020115734,0.5,1.0,20.0,10 V,2.0,True,1
66.3331,0.22700000000000012,0.001,10.938658,48187.92070484579,41227.700000000004,0.0412277,6.004859,26453.123348017605,20116.676,0.020116676,0.5,1.0,20.0,10 V,2.0,True,1
66.3498,0.22700000000000012,0.001,10.938658,48187.92070484579,41233.2,0.0412332,6.004859,26453.123348017605,20125.205,0.020125205,0.5,1.0,20.0,10 V,2.0,True,1
66.3667,0.22700000000000012,0.001,10.938658,48187.92070484579,41249.700000000004,0.0412497,6.004859,26453.123348017605,20119.002,0.020119002,0.5,1.0,20.0,10 V,2.0,True,1
66.3835,0.22700000000000012,0.001,10.938658,48187.92070484579,41249.700000000004,0.0412497,6.004859,26453.123348017605,20127.863,0.020127863,0.5,1.0,20.0,10 V,2.0,True,1
66.4003,0.22700000000000012,0.001,10.938658,48187.92070484579,41249.700000000004,0.0412497,6.004859,26453.123348017605,20120.719,0.020120719,0.5,1.0,20.0,10 V,2.0,True,1
66.4171,0.22700000000000012,0.001,10.938658,48187.92070484579,41255.2,0.0412552,6.004859,26453.123348017605,20125.039,0.020125039,0.5,1.0,20.0,10 V,2.0,True,1
66.4339,0.22700000000000012,0.001,10.938658,48187.92070484579,41260.7,0.0412607,6.004859,26453.123348017605,20123.986,0.020123986,0.5,1.0,20.0,10 V,2.0,True,1
66.4504,0.22700000000000012,0.001,10.938658,48187.92070484579,41238.700000000004,0.0412387,6.004859,26453.123348017605,20117.174000000003,0.020117174,0.5,1.0,20.0,10 V,2.0,True,1
66.4672,0.22700000000000012,0.001,10.938658,48187.92070484579,41255.2,0.0412552,6.004859,26453.123348017605,20123.156,0.020123156,0.5,1.0,20.0,10 V,2.0,True,1
66.4839,0.22700000000000012,0.001,10.938658,48187.92070484579,41255.2,0.0412552,6.004859,26453.123348017605,20119.666,0.020119666,0.5,1.0,20.0,10 V,2.0,True,1
66.5008,0.22700000000000012,0.001,10.938658,48187.92070484579,41249.700000000004,0.0412497,6.004859,26453.123348017605,20128.916,0.020128916,0.5,1.0,20.0,10 V,2.0,True,1
66.5174,0.22700000000000012,0.001,10.938658,48187.92070484579,41255.2,0.0412552,6.004859,26453.123348017605,20122.823000000004,0.020122823,0.5,1.0,20.0,10 V,2.0,True,1
66.5342,0.22700000000000012,0.001,10.938658,48187.92070484579,41249.700000000004,0.0412497,6.004859,26453.123348017605,20123.433,0.020123433,0.5,1.0,20.0,10 V,2.0,True,1
66.5510,0.22700000000000012,0.001,10.938658,48187.92070484579,41249.700000000004,0.0412497,6.004859,26453.123348017605,20119.999,0.020119999,0.5,1.0,20.0,10 V,2.0,True,1
66.5676,0.22700000000000012,0.001,10.938658,48187.92070484579,41255.2,0.0412552,6.004859,26453.123348017605,20116.953,0.020116953,0.5,1.0,20.0,10 V,2.0,True,1
66.5843,0.22700000000000012,0.001,10.938658,48187.92070484579,41255.2,0.0412552,6.004859,26453.123348017605,20119.833000000002,0.020119833,0.5,1.0,20.0,10 V,2.0,True,1
66.6011,0.22700000000000012,0.001,10.938658,48187.92070484579,41249.700000000004,0.0412497,6.004859,26453.123348017605,20118.115999999998,0.020118116,0.5,1.0,20.0,10 V,2.0,True,1
66.6180,0.22700000000000012,0.001,10.938658,48187.92070484579,41244.200000000004,0.0412442,6.004859,26453.123348017605,20113.519,0.020113519,0.5,1.0,20.0,10 V,2.0,True,1
66.6347,0.22700000000000012,0.001,10.938658,48187.92070484579,41244.200000000004,0.0412442,6.004859,26453.123348017605,20108.811,0.020108811,0.5,1.0,20.0,10 V,2.0,True,1
66.6515,0.22700000000000012,0.001,10.938658,48187.92070484579,41227.700000000004,0.0412277,6.004859,26453.123348017605,20106.208000000002,0.020106208,0.5,1.0,20.0,10 V,2.0,True,1
66.6681,0.22700000000000012,0.001,10.938658,48187.92070484579,41249.700000000004,0.0412497,6.004859,26453.123348017605,20120.22,0.02012022,0.5,1.0,20.0,10 V,2.0,True,1
66.6851,0.22700000000000012,0.001,10.938658,48187.92070484579,41238.700000000004,0.0412387,6.004859,26453.123348017605,20122.491,0.020122491,0.5,1.0,20.0,10 V,2.0,True,1
66.7018,0.22700000000000012,0.001,10.938658,48187.92070484579,41249.700000000004,0.0412497,6.004859,26453.123348017605,20113.186,0.020113186,0.5,1.0,20.0,10 V,2.0,True,1
66.7186,0.22700000000000012,0.001,10.938658,48187.92070484579,41244.200000000004,0.0412442,6.004859,26453.123348017605,20114.903000000002,0.020114903,0.5,1.0,20.0,10 V,2.0,True,1
66.7355,0.22700000000000012,0.001,10.938658,48187.92070484579,41238.700000000004,0.0412387,6.004859,26453.123348017605,20111.691000000003,0.020111691,0.5,1.0,20.0,10 V,2.0,True,1
66.7522,0.22700000000000012,0.001,10.938658,48187.92070484579,41238.700000000004,0.0412387,6.004859,26453.123348017605,20117.063000000002,0.020117063,0.5,1.0,20.0,10 V,2.0,True,1
66.7689,0.22700000000000012,0.001,10.938658,48187.92070484579,41227.700000000004,0.0412277,6.004859,26453.123348017605,20112.079,0.020112079,0.5,1.0,20.0,10 V,2.0,True,1
66.7857,0.22700000000000012,0.001,10.938658,48187.92070484579,41238.700000000004,0.0412387,6.004859,26453.123348017605,20110.86,0.02011086,0.5,1.0,20.0,10 V,2.0,True,1
66.8024,0.22700000000000012,0.001,10.938658,48187.92070484579,41238.700000000004,0.0412387,6.004859,26453.123348017605,20104.436,0.020104436,0.5,1.0,20.0,10 V,2.0,True,1
66.8192,0.22700000000000012,0.001,10.938658,48187.92070484579,41233.2,0.0412332,6.004859,26453.123348017605,20108.866,0.020108866,0.5,1.0,20.0,10 V,2.0,True,1
66.8359,0.22700000000000012,0.001,10.938658,48187.92070484579,41244.200000000004,0.0412442,6.004859,26453.123348017605,20103.826,0.020103826,0.5,1.0,20.0,10 V,2.0,True,1
66.8525,0.22700000000000012,0.001,10.938658,48187.92070484579,41233.2,0.0412332,6.004859,26453.123348017605,20109.642,0.020109642,0.5,1.0,20.0,10 V,2.0,True,1
66.8693,0.22700000000000012,0.001,10.938658,48187.92070484579,41233.2,0.0412332,6.004859,26453.123348017605,20104.38,0.02010438,0.5,1.0,20.0,10 V,2.0,True,1
66.8861,0.22700000000000012,0.001,10.938658,48187.92070484579,41227.700000000004,0.0412277,6.004859,26453.123348017605,20095.574000000004,0.020095574,0.5,1.0,20.0,10 V,2.0,True,1
66.9029,0.22700000000000012,0.001,10.938658,48187.92070484579,41238.700000000004,0.0412387,6.004859,26453.123348017605,20104.989,0.020104989,0.5,1.0,20.0,10 V,2.0,True,1
66.9196,0.22700000000000012,0.001,10.938658,48187.92070484579,41244.200000000004,0.0412442,6.004859,26453.123348017605,20106.54,0.02010654,0.5,1.0,20.0,10 V,2.0,True,1
66.9365,0.22700000000000012,0.001,10.938658,48187.92070484579,41238.700000000004,0.0412387,6.004859,26453.123348017605,20104.38,0.02010438,0.5,1.0,20.0,10 V,2.0,True,1
66.9532,0.22700000000000012,0.001,10.938658,48187.92070484579,41238.700000000004,0.0412387,6.004859,26453.123348017605,20105.765000000003,0.020105765,0.5,1.0,20.0,10 V,2.0,True,1
66.9699,0.22700000000000012,0.001,10.938658,48187.92070484579,41238.700000000004,0.0412387,6.004859,26453.123348017605,20111.414,0.020111414,0.5,1.0,20.0,10 V,2.0,True,1
66.9867,0.22700000000000012,0.001,10.938658,48187.92070484579,41227.700000000004,0.0412277,6.004859,26453.123348017605,20110.306,0.020110306,0.5,1.0,20.0,10 V,2.0,True,1
67.0034,0.22700000000000012,0.001,10.938658,48187.92070484579,41227.700000000004,0.0412277,6.004859,26453.123348017605,20107.426000000003,0.020107426,0.5,1.0,20.0,10 V,2.0,True,1
67.0200,0.22700000000000012,0.001,10.938658,48187.92070484579,41238.700000000004,0.0412387,6.004859,26453.123348017605,20104.159,0.020104159,0.5,1.0,20.0,10 V,2.0,True,1
67.0367,0.22700000000000012,0.001,10.938658,48187.92070484579,41222.200000000004,0.0412222,6.004859,26453.123348017605,20099.34,0.02009934,0.5,1.0,20.0,10 V,2.0,True,1
67.0534,0.22700000000000012,0.001,10.938658,48187.92070484579,41227.700000000004,0.0412277,6.004859,26453.123348017605,20100.337,0.020100337,0.5,1.0,20.0,10 V,2.0,True,1
67.0702,0.22700000000000012,0.001,10.938658,48187.92070484579,41227.700000000004,0.0412277,6.004859,26453.123348017605,20104.214,0.020104214,0.5,1.0,20.0,10 V,2.0,True,1
67.0870,0.22700000000000012,0.001,10.938658,48187.92070484579,41244.200000000004,0.0412442,6.004859,26453.123348017605,20114.349000000002,0.020114349,0.5,1.0,20.0,10 V,2.0,True,1
67.1036,0.22700000000000012,0.001,10.938658,48187.92070484579,41244.200000000004,0.0412442,6.004859,26453.123348017605,20110.473,0.020110473,0.5,1.0,20.0,10 V,2.0,True,1
67.1204,0.22700000000000012,0.001,10.938658,48187.92070484579,41244.200000000004,0.0412442,6.004859,26453.123348017605,20114.682,0.020114682,0.5,1.0,20.0,10 V,2.0,True,1
67.1374,0.22700000000000012,0.001,10.938658,48187.92070484579,41233.2,0.0412332,6.004859,26453.123348017605,20107.703,0.020107703,0.5,1.0,20.0,10 V,2.0,True,1
67.1541,0.22700000000000012,0.001,10.938658,48187.92070484579,41238.700000000004,0.0412387,6.004859,26453.123348017605,20108.7,0.0201087,0.5,1.0,20.0,10 V,2.0,True,1
67.1706,0.22700000000000012,0.001,10.938658,48187.92070484579,41244.200000000004,0.0412442,6.004859,26453.123348017605,20111.414,0.020111414,0.5,1.0,20.0,10 V,2.0,True,1
67.1873,0.22700000000000012,0.001,10.938658,48187.92070484579,41255.2,0.0412552,6.004859,26453.123348017605,20105.266,0.020105266,0.5,1.0,20.0,10 V,2.0,True,1
67.2042,0.22700000000000012,0.001,10.938658,48187.92070484579,41233.2,0.0412332,6.004859,26453.123348017605,20097.845,0.020097845,0.5,1.0,20.0,10 V,2.0,True,1
67.2210,0.22700000000000012,0.001,10.938658,48187.92070484579,41238.700000000004,0.0412387,6.004859,26453.123348017605,20112.577,0.020112577,0.5,1.0,20.0,10 V,2.0,True,1
67.2377,0.22700000000000012,0.001,10.938658,48187.92070484579,41238.700000000004,0.0412387,6.004859,26453.123348017605,20098.011,0.020098011,0.5,1.0,20.0,10 V,2.0,True,1
67.2545,0.22700000000000012,0.001,10.938658,48187.92070484579,41233.2,0.0412332,6.004859,26453.123348017605,20110.029000000002,0.020110029,0.5,1.0,20.0,10 V,2.0,True,1
67.2710,0.22700000000000012,0.001,10.938658,48187.92070484579,41233.2,0.0412332,6.004859,26453.123348017605,20105.045,0.020105045,0.5,1.0,20.0,10 V,2.0,True,1
67.2878,0.22700000000000012,0.001,10.938658,48187.92070484579,41233.2,0.0412332,6.004859,26453.123348017605,20104.38,0.02010438,0.5,1.0,20.0,10 V,2.0,True,1
67.3044,0.22700000000000012,0.001,10.938658,48187.92070484579,41227.700000000004,0.0412277,6.004859,26453.123348017605,20102.386000000002,0.020102386,0.5,1.0,20.0,10 V,2.0,True,1
67.3213,0.22700000000000012,0.001,10.938658,48187.92070484579,41205.7,0.0412057,6.004859,26453.123348017605,20103.328,0.020103328,0.5,1.0,20.0,10 V,2.0,True,1
67.3380,0.22700000000000012,0.001,10.938658,48187.92070484579,41238.700000000004,0.0412387,6.004859,26453.123348017605,20109.365,0.020109365,0.5,1.0,20.0,10 V,2.0,True,1
67.3549,0.22700000000000012,0.001,10.938658,48187.92070484579,41222.200000000004,0.0412222,6.004859,26453.123348017605,20103.217,0.020103217,0.5,1.0,20.0,10 V,2.0,True,1
67.3715,0.22700000000000012,0.001,10.938658,48187.92070484579,41227.700000000004,0.0412277,6.004859,26453.123348017605,20103.992000000002,0.020103992,0.5,1.0,20.0,10 V,2.0,True,1
67.3884,0.22700000000000012,0.001,10.938658,48187.92070484579,41233.2,0.0412332,6.004859,26453.123348017605,20095.297000000002,0.020095297,0.5,1.0,20.0,10 V,2.0,True,1
67.4051,0.22700000000000012,0.001,10.938658,48187.92070484579,41227.700000000004,0.0412277,6.004859,26453.123348017605,20105.599,0.020105599,0.5,1.0,20.0,10 V,2.0,True,1
67.4219,0.22700000000000012,0.001,10.938658,48187.92070484579,41233.2,0.0412332,6.004859,26453.123348017605,20103.217,0.020103217,0.5,1.0,20.0,10 V,2.0,True,1
67.4388,0.22700000000000012,0.001,10.938658,48187.92070484579,41222.200000000004,0.0412222,6.004859,26453.123348017605,20098.786,0.020098786,0.5,1.0,20.0,10 V,2.0,True,1
67.4554,0.22700000000000012,0.001,10.938658,48187.92070484579,41227.700000000004,0.0412277,6.004859,26453.123348017605,20096.072,0.020096072,0.5,1.0,20.0,10 V,2.0,True,1
67.4723,0.22700000000000012,0.001,10.938658,48187.92070484579,41216.700000000004,0.0412167,6.004859,26453.123348017605,20092.251,0.020092251,0.5,1.0,20.0,10 V,2.0,True,1
67.4892,0.22700000000000012,0.001,10.938658,48187.92070484579,41205.7,0.0412057,6.004859,26453.123348017605,20085.882,0.020085882,0.5,1.0,20.0,10 V,2.0,True,1
67.5058,0.22700000000000012,0.001,10.938658,48187.92070484579,41216.700000000004,0.0412167,6.004859,26453.123348017605,20087.599000000002,0.020087599,0.5,1.0,20.0,10 V,2.0,True,1
80.6050,0.22700000000000012,0.001,10.938658,48187.92070484579,41128.7,0.0411287,6.004859,26453.123348017605,20044.177,0.020044177,0.5,1.0,20.0,10 V,2.0,True,1
80.6203,0.22700000000000012,0.001,10.938658,48187.92070484579,41123.2,0.0411232,6.004859,26453.123348017605,20049.383,0.020049383,0.5,1.0,20.0,10 V,2.0,True,1
80.6369,0.22700000000000012,0.001,10.938658,48187.92070484579,41139.700000000004,0.0411397,6.004859,26453.123348017605,20054.423,0.020054423,0.5,1.0,20.0,10 V,2.0,True,1
80.6537,0.22700000000000012,0.001,10.938658,48187.92070484579,41128.7,0.0411287,6.004859,26453.123348017605,20046.337000000003,0.020046337,0.5,1.0,20.0,10 V,2.0,True,1
80.6704,0.22700000000000012,0.001,10.938658,48187.92070484579,41139.700000000004,0.0411397,6.004859,26453.123348017605,20049.992,0.020049992,0.5,1.0,20.0,10 V,2.0,True,1
80.6872,0.22700000000000012,0.001,10.938658,48187.92070484579,41134.200000000004,0.0411342,6.004859,26453.123348017605,20050.546,0.020050546,0.5,1.0,20.0,10 V,2.0,True,1
80.7038,0.22700000000000012,0.001,10.938658,48187.92070484579,41145.200000000004,0.0411452,6.004859,26453.123348017605,20052.263000000003,0.020052263,0.5,1.0,20.0,10 V,2.0,True,1
80.7205,0.22700000000000012,0.001,10.938658,48187.92070484579,41128.7,0.0411287,6.004859,26453.123348017605,20047.444000000003,0.020047444,0.5,1.0,20.0,10 V,2.0,True,1
80.7376,0.22700000000000012,0.001,10.938658,48187.92070484579,41117.700000000004,0.0411177,6.004859,26453.123348017605,20055.254,0.020055254,0.5,1.0,20.0,10 V,2.0,True,1
80.7542,0.22700000000000012,0.001,10.938658,48187.92070484579,41134.200000000004,0.0411342,6.004859,26453.123348017605,20055.586000000003,0.020055586,0.5,1.0,20.0,10 V,2.0,True,1
80.7710,0.22700000000000012,0.001,10.938658,48187.92070484579,41134.200000000004,0.0411342,6.004859,26453.123348017605,20055.088,0.020055088,0.5,1.0,20.0,10 V,2.0,True,1
80.7876,0.22700000000000012,0.001,10.938658,48187.92070484579,41139.700000000004,0.0411397,6.004859,26453.123348017605,20050.601000000002,0.020050601,0.5,1.0,20.0,10 V,2.0,True,1
80.8044,0.22700000000000012,0.001,10.938658,48187.92070484579,41139.700000000004,0.0411397,6.004859,26453.123348017605,20057.857,0.020057857,0.5,1.0,20.0,10 V,2.0,True,1
80.8404,0.18,0.001,7.8086861,43381.58944444445,44136.799999999996,0.0441368,4.1117183,22842.879444444447,21646.465,0.021646465,0.5,1.0,20.0,10 V,2.0,True,1
80.8741,0.16999999999999998,0.001,7.5469168,44393.62823529412,45286.100000000006,0.0452861,3.9439256,23199.56235294118,22321.39,0.02232139,0.5,1.0,20.0,10 V,2.0,True,1
80.9079,0.15999999999999998,0.001,7.1749099,44843.18687500001,45836.1,0.0458361,3.7361038,23350.64875,22648.493,0.022648493,0.5,1.0,20.0,10 V,2.0,True,1
80.9413,0.14999999999999997,0.001,6.7493954,44995.96933333335,46089.0,0.046089,3.4987952,23325.30133333334,22766.297000000002,0.022766297,0.5,1.0,20.0,10 V,2.0,True,1
80.9748,0.13999999999999996,0.001,6.2999315,44999.51071428572,46160.5,0.0461605,3.2477329,23198.09214285715,22769.953,0.022769953,0.5,1.0,20.0,10 V,2.0,True,1
81.0082,0.12999999999999995,0.001,5.8340085,44876.98846153848,46039.5,0.0460395,2.9896925,22997.63461538462,22680.506,0.022680506,0.5,1.0,20.0,10 V,2.0,True,1
81.0419,0.11999999999999995,0.001,5.3595176,44662.64666666668,45781.1,0.0457811,2.726433,22720.27500000001,22517.84,0.02251784,0.5,1.0,20.0,10 V,2.0,True,1
81.0752,0.10999999999999996,0.001,4.8812818,44375.28909090911,45462.1,0.0454621,2.465384,22412.581818181825,22311.919,0.022311919,0.5,1.0,20.0,10 V,2.0,True,1
81.1085,0.09999999999999996,0.001,4.403332,44033.320000000014,45088.200000000004,0.0450882,2.2083884,22083.88400000001,22078.804,0.022078804,0.5,1.0,20.0,10 V,2.0,True,1
81.1420,0.08999999999999997,0.001,3.9335376,43705.97333333335,44719.700000000004,0.0447197,1.9620497,21800.552222222228,21886.780000000002,0.02188678,0.5,1.0,20.0,10 V,2.0,True,1
81.1757,0.07999999999999997,0.001,3.4745162,43431.452500000014,44406.3,0.0444063,1.7236909,21546.136250000007,21697.917,0.021697917,0.5,1.0,20.0,10 V,2.0,True,1
81.2092,0.06999999999999998,0.001,3.0240571,43200.81571428572,44125.8,0.0441258,1.4939934,21342.76285714286,21568.261,0.021568261,0.5,1.0,20.0,10 V,2.0,True,1
81.2428,0.05999999999999998,0.001,2.5832327,43053.87833333335,43916.8,0.0439168,1.2735786,21226.310000000005,21469.177,0.021469177,0.5,1.0,20.0,10 V,2.0,True,1
81.2753,0.049999999999999975,0.001,2.1474126,42948.25200000002,43663.9,0.0436639,1.0564889,21129.77800000001,21358.629,0.021358629,0.5,1.0,20.0,10 V,2.0,True,1
81.3086,0.03999999999999997,0.001,1.715948,42898.700000000026,43542.9,0.0435429,0.84295134,21073.783500000012,21297.207,0.021297207,0.5,1.0,20.0,10 V,2.0,True,1
81.3424,0.02999999999999997,0.001,1.2871177,42903.923333333376,43405.4,0.0434054,0.63167602,21055.867333333354,21233.957000000002,0.021233957,0.5,1.0,20.0,10 V,2.0,True,1
81.3760,0.01999999999999997,0.001,0.8579134,42895.670000000064,43306.4,0.0433064,0.42097073,21048.53650000003,21187.656,0.021187656,0.5,1.0,20.0,10 V,2.0,True,1
81.4095,0.009999999999999969,0.001,0.4290996,42909.96000000014,43185.4,0.0431854,0.21049057,21049.057000000066,21153.317000000003,0.021153317,0.5,1.0,20.0,10 V,2.0,True,1
81.4431,-1e-05,0.001,-0.000121,12100.0,43097.4,0.0430974,-0.0001112842,11128.42,21122.357000000004,0.021122357,0.5,1.0,20.0,10 V,2.0,True,1
81.4764,-0.01001,0.001,-0.4285169,42808.881118881116,43009.5,0.0430095,-0.21067675,21046.62837162837,21074.504,0.021074504,0.5,1.0,20.0,10 V,2.0,True,1
81.5100,-0.02001,0.001,-0.8552737,42742.31384307846,42905.0,0.042905,-0.42063741,21021.359820089954,21044.707,0.021044707,0.5,1.0,20.0,10 V,2.0,True,1
81.5434,-0.030010000000000002,0.001,-1.2803477,42664.03532155948,42833.5,0.0428335,-0.63071367,21016.78340553149,21029.587,0.021029587,0.5,1.0,20.0,10 V,2.0,True,1
81.5768,-0.040010000000000004,0.001,-1.7045528,42603.16920769807,42723.5,0.0427235,-0.84107517,21021.623844038986,20982.288000000004,0.020982288,0.5,1.0,20.0,10 V,2.0,True,1
81.6103,-0.050010000000000006,0.001,-2.1259258,42510.013997200556,42619.0,0.042619,-1.0513603,21023.001399720055,20947.727,0.020947727,0.5,1.0,20.0,10 V,2.0,True,1
81.6450,-0.06001000000000001,0.001,-2.5469248,42441.673054490915,42525.5,0.0425255,-1.2631956,21049.751708048654,20941.192000000003,0.020941192,0.5,1.0,20.0,10 V,2.0,True,1
81.6786,-0.07001,0.001,-2.964283,42340.851306956145,42399.0,0.042399,-1.4752019,21071.302671046993,20867.751,0.020867751,0.5,1.0,20.0,10 V,2.0,True,1
81.7121,-0.08001,0.001,-3.3792655,42235.53930758655,42256.1,0.0422561,-1.6869498,21084.236970378704,20825.271,0.020825271,0.5,1.0,20.0,10 V,2.0,True,1
81.7458,-0.09000999999999999,0.001,-3.7914927,42123.016331518724,42107.600000000006,0.0421076,-1.8981752,21088.492389734474,20739.812,0.020739812,0.5,1.0,20.0,10 V,2.0,True,1
81.7792,-0.10000999999999999,0.001,-4.1994362,41990.16298370164,41981.100000000006,0.0419811,-2.1072175,21070.067993200682,20701.153000000002,0.020701153,0.5,1.0,20.0,10 V,2.0,True,1
81.8128,-0.11000999999999998,0.001,-4.6097771,41903.25515862195,41810.600000000006,0.0418106,-2.3183273,21073.786928461053,20648.759000000002,0.020648759,0.5,1.0,20.0,10 V,2.0,True,1
81.8464,-0.12000999999999998,0.001,-5.0172088,41806.589450879095,41673.1,0.0416731,-2.5285684,21069.647529372556,20562.635,0.020562635,0.5,1.0,20.0,10 V,2.0,True,1
81.8800,-0.13001,0.001,-5.4202959,41691.37681716792,41508.200000000004,0.0415082,-2.7381384,21060.983001307595,20504.260000000002,0.02050426,0.5,1.0,20.0,10 V,2.0,True,1
81.9134,-0.14001,0.001,-5.8284149,41628.56153131919,41326.700000000004,0.0413267,-2.946966,21048.25369616456,20399.028000000002,0.020399028,0.5,1.0,20.0,10 V,2.0,True,1
81.9469,-0.15001,0.001,-6.2348892,41563.15712285847,41183.7,0.0411837,-3.1542317,21026.809546030265,20337.274,0.020337274,0.5,1.0,20.0,10 V,2.0,True,1
81.9804,-0.16001,0.001,-6.6465769,41538.50946815824,41024.2,0.0410242,-3.3651215,21030.694956565214,20242.732,0.020242732,0.5,1.0,20.0,10 V,2.0,True,1
82.0138,-0.17001000000000002,0.001,-7.0692022,41581.096406093755,40908.8,0.0409088,-3.599383,21171.595788483028,20166.079,0.020166079,0.5,1.0,20.0,10 V,2.0,True,1
82.0473,-0.18,0.001,-7.535101,41861.67222222222,40765.8,0.0407658,-3.8907429,21615.238333333335,20054.977000000003,0.020054977,0.5,1.0,20.0,10 V,2.0,True,1
82.0807,-0.16999999999999998,0.001,-7.1101,41824.117647058825,40771.3,0.0407713,-3.6437398,21433.763529411768,20026.786000000004,0.020026786,0.5,1.0,20.0,10 V,2.0,True,1
82.1142,-0.15999999999999998,0.001,-6.6784944,41740.590000000004,40754.8,0.0407548,-3.3971105,21231.940625000003,20008.564000000002,0.020008564,0.5,1.0,20.0,10 V,2.0,True,1
82.1478,-0.14999999999999997,0.001,-6.2483678,41655.78533333334,40776.8,0.0407768,-3.1694205,21129.47000000001,20012.884000000002,0.020012884,0.5,1.0,20.0,10 V,2.0,True,1
82.1812,-0.13999999999999996,0.001,-5.8275351,41625.25071428573,40787.8,0.0407878,-2.9492921,21066.372142857148,19978.767000000003,0.019978767,0.5,1.0,20.0,10 V,2.0,True,1
82.2147,-0.12999999999999995,0.001,-5.4069053,41591.579230769246,40864.8,0.0408648,-2.7333651,21025.88538461539,20030.940000000002,0.02003094,0.5,1.0,20.0,10 V,2.0,True,1
82.2482,-0.11999999999999995,0.001,-4.9919289,41599.40750000001,40864.8,0.0408648,-2.5181583,20984.652500000007,20010.668999999998,0.020010669,0.5,1.0,20.0,10 V,2.0,True,1
82.2817,-0.10999999999999996,0.001,-4.5738121,41580.11000000001,40914.3,0.0409143,-2.2990581,20900.528181818187,20050.934,0.020050934,0.5,1.0,20.0,10 V,2.0,True,1
82.3152,-0.09999999999999996,0.001,-4.1608976,41608.97600000002,40952.700000000004,0.0409527,-2.08626,20862.600000000006,20076.854000000003,0.020076854,0.5,1.0,20.0,10 V,2.0,True,1
82.3488,-0.08999999999999997,0.001,-3.7460968,41623.29777777779,40985.700000000004,0.0409857,-1.8732912,20814.346666666675,20090.423,0.020090423,0.5,1.0,20.0,10 V,2.0,True,1
82.3826,-0.07999999999999997,0.001,-3.3299486,41624.357500000006,41024.2,0.0410242,-1.661428,20767.850000000006,20113.353000000003,0.020113353,0.5,1.0,20.0,10 V,2.0,True,1
82.4159,-0.06999999999999998,0.001,-2.9129532,41613.617142857154,41062.700000000004,0.0410627,-1.4479204,20684.57714285715,20137.5,0.0201375,0.5,1.0,20.0,10 V,2.0,True,1
82.4494,-0.05999999999999998,0.001,-2.4957818,41596.36333333335,41090.200000000004,0.0410902,-1.2355454,20592.42333333334,20156.165,0.020156165,0.5,1.0,20.0,10 V,2.0,True,1
82.4818,-0.049999999999999975,0.001,-2.0797654,41595.30800000002,41145.200000000004,0.0411452,-1.0261116,20522.232000000007,20182.528000000002,0.020182528,0.5,1.0,20.0,10 V,2.0,True,1
82.5151,-0.03999999999999997,0.001,-1.6636827,41592.06750000003,41161.700000000004,0.0411617,-0.81856732,20464.18300000001,20193.550000000003,0.02019355,0.5,1.0,20.0,10 V,2.0,True,1
82.5488,-0.02999999999999997,0.001,-1.2480232,41600.773333333374,41211.200000000004,0.0412112,-0.6127432,20424.773333333356,20184.135,0.020184135,0.5,1.0,20.0,10 V,2.0,True,1
82.5825,-0.01999999999999997,0.001,-0.832364,41618.20000000006,41244.200000000004,0.0412442,-0.40801496,20400.74800000003,20205.402000000002,0.020205402,0.5,1.0,20.0,10 V,2.0,True,1
82.6158,-0.009999999999999969,0.001,-0.4163306,41633.06000000013,41271.700000000004,0.0412717,-0.20387591,20387.591000000062,20208.172000000002,0.020208172,0.5,1.0,20.0,10 V,2.0,True,1
82.6493,1e-05,0.001,0.0001595,15950.0,41310.2,0.0413102,8.52112e-05,8521.119999999999,20208.338,0.020208338,0.5,1.0,20.0,10 V,2.0,True,1
82.6645,1e-05,0.001,0.0001595,15950.0,41299.200000000004,0.0412992,8.52112e-05,8521.119999999999,20207.507,0.020207507,0.5,1.0,20.0,10 V,2.0,True,1
82.6812,1e-05,0.001,0.0001595,15950.0,41310.2,0.0413102,8.52112e-05,8521.119999999999,20205.845,0.020205845,0.5,1.0,20.0,10 V,2.0,True,1
82.6979,1e-05,0.001,0.0001595,15950.0,41326.700000000004,0.0413267,8.52112e-05,8521.119999999999,20209.501000000004,0.020209501,0.5,1.0,20.0,10 V,2.0,True,1
82.7148,1e-05,0.001,0.0001595,15950.0,41332.200000000004,0.0413322,8.52112e-05,8521.119999999999,20209.667,0.020209667,0.5,1.0,20.0,10 V,2.0,True,1
82.7315,1e-05,0.001,0.0001595,15950.0,41348.700000000004,0.0413487,8.52112e-05,8521.119999999999,20219.692000000003,0.020219692,0.5,1.0,20.0,10 V,2.0,True,1
82.7483,1e-05,0.001,0.0001595,15950.0,41348.700000000004,0.0413487,8.52112e-05,8521.119999999999,20217.863999999998,0.020217864,0.5,1.0,20.0,10 V,2.0,True,1
82.7650,1e-05,0.001,0.0001595,15950.0,41343.2,0.0413432,8.52112e-05,8521.119999999999,20214.652000000002,0.020214652,0.5,1.0,20.0,10 V,2.0,True,1
82.7817,1e-05,0.001,0.0001595,15950.0,41354.200000000004,0.0413542,8.52112e-05,8521.119999999999,20216.147,0.020216147,0.5,1.0,20.0,10 V,2.0,True,1
82.7986,1e-05,0.001,0.0001595,15950.0,41343.2,0.0413432,8.52112e-05,8521.119999999999,20208.282000000003,0.020208282,0.5,1.0,20.0,10 V,2.0,True,1
82.8153,1e-05,0.001,0.0001595,15950.0,41337.7,0.0413377,8.52112e-05,8521.119999999999,20209.556,0.020209556,0.5,1.0,20.0,10 V,2.0,True,1
82.8320,1e-05,0.001,0.0001595,15950.0,41343.2,0.0413432,8.52112e-05,8521.119999999999,20215.15,0.02021515,0.5,1.0,20.0,10 V,2.0,True,1
82.8487,1e-05,0.001,0.0001595,15950.0,41354.200000000004,0.0413542,8.52112e-05,8521.119999999999,20208.781,0.020208781,0.5,1.0,20.0,10 V,2.0,True,1
82.8655,1e-05,0.001,0.0001595,15950.0,41348.700000000004,0.0413487,8.52112e-05,8521.119999999999,20216.036,0.020216036,0.5,1.0,20.0,10 V,2.0,True,1
82.8823,1e-05,0.001,0.0001595,15950.0,41354.200000000004,0.0413542,8.52112e-05,8521.119999999999,20213.378,0.020213378,0.5,1.0,20.0,10 V,2.0,True,1
82.8989,1e-05,0.001,0.0001595,15950.0,41359.700000000004,0.0413597,8.52112e-05,8521.119999999999,20219.581000000002,0.020219581,0.5,1.0,20.0,10 V,2.0,True,1
82.9157,1e-05,0.001,0.0001595,15950.0,41370.700000000004,0.0413707,8.52112e-05,8521.119999999999,20217.199000000004,0.020217199,0.5,1.0,20.0,10 V,2.0,True,1
82.9324,1e-05,0.001,0.0001595,15950.0,41359.700000000004,0.0413597,8.52112e-05,8521.119999999999,20222.239,0.020222239,0.5,1.0,20.0,10 V,2.0,True,1
82.9490,1e-05,0.001,0.0001595,15950.0,41365.2,0.0413652,8.52112e-05,8521.119999999999,20220.135000000002,0.020220135,0.5,1.0,20.0,10 V,2.0,True,1
82.9659,1e-05,0.001,0.0001595,15950.0,41365.2,0.0413652,8.52112e-05,8521.119999999999,20215.482,0.020215482,0.5,1.0,20.0,10 V,2.0,True,1
82.9826,1e-05,0.001,0.0001595,15950.0,41370.700000000004,0.0413707,8.52112e-05,8521.119999999999,20221.353000000003,0.020221353,0.5,1.0,20.0,10 V,2.0,True,1
82.9994,1e-05,0.001,0.0001595,15950.0,41359.700000000004,0.0413597,8.52112e-05,8521.119999999999,20219.858,0.020219858,0.5,1.0,20.0,10 V,2.0,True,1
83.0161,1e-05,0.001,0.0001595,15950.0,41376.200000000004,0.0413762,8.52112e-05,8521.119999999999,20228.387000000002,0.020228387,0.5,1.0,20.0,10 V,2.0,True,1
83.0329,1e-05,0.001,0.0001595,15950.0,41365.2,0.0413652,8.52112e-05,8521.119999999999,20222.793,0.020222793,0.5,1.0,20.0,10 V,2.0,True,1
83.0496,1e-05,0.001,0.0001595,15950.0,41376.200000000004,0.0413762,8.52112e-05,8521.119999999999,20216.812,0.020216812,0.5,1.0,20.0,10 V,2.0,True,1
83.0664,1e-05,0.001,0.0001595,15950.0,41381.700000000004,0.0413817,8.52112e-05,8521.119999999999,20216.978,0.020216978,0.5,1.0,20.0,10 V,2.0,True,1
83.0831,1e-05,0.001,0.0001595,15950.0,41387.200000000004,0.0413872,8.52112e-05,8521.119999999999,20219.802,0.020219802,0.5,1.0,20.0,10 V,2.0,True,1
83.0999,1e-05,0.001,0.0001595,15950.0,41392.7,0.0413927,8.52112e-05,8521.119999999999,20218.861,0.020218861,0.5,1.0,20.0,10 V,2.0,True,1
83.1166,1e-05,0.001,0.0001595,15950.0,41359.700000000004,0.0413597,8.52112e-05,8521.119999999999,20222.350000000002,0.02022235,0.5,1.0,20.0,10 V,2.0,True,1
83.1335,1e-05,0.001,0.0001595,15950.0,41376.200000000004,0.0413762,8.52112e-05,8521.119999999999,20215.482,0.020215482,0.5,1.0,20.0,10 V,2.0,True,1
83.1501,1e-05,0.001,0.0001595,15950.0,41387.200000000004,0.0413872,8.52112e-05,8521.119999999999,20217.698,0.020217698,0.5,1.0,20.0,10 V,2.0,True,1
83.1670,1e-05,0.001,0.0001595,15950.0,41398.200000000004,0.0413982,8.52112e-05,8521.119999999999,20223.569,0.020223569,0.5,1.0,20.0,10 V,2.0,True,1
83.1837,1e-05,0.001,0.0001595,15950.0,41392.7,0.0413927,8.52112e-05,8521.119999999999,20215.649,0.020215649,0.5,1.0,20.0,10 V,2.0,True,1
83.2004,1e-05,0.001,0.0001595,15950.0,41392.7,0.0413927,8.52112e-05,8521.119999999999,20222.849000000002,0.020222849,0.5,1.0,20.0,10 V,2.0,True,1
83.2172,1e-05,0.001,0.0001595,15950.0,41403.700000000004,0.0414037,8.52112e-05,8521.119999999999,20230.99,0.02023099,0.5,1.0,20.0,10 V,2.0,True,1
83.2522,-0.00999,0.001,-0.4148458,41526.106106106105,41387.200000000004,0.0413872,-0.20303419,20323.742742742743,20233.095,0.020233095,0.5,1.0,20.0,10 V,2.0,True,1
83.2858,-0.01999,0.001,-0.8295427,41497.883941970984,41354.200000000004,0.0413542,-0.40644297,20332.314657328665,20226.781,0.020226781,0.5,1.0,20.0,10 V,2.0,True,1
83.3193,-0.029990000000000003,0.001,-1.2425019,41430.540180060016,41315.7,0.0413157,-0.60961641,20327.322774258086,20216.479,0.020216479,0.5,1.0,20.0,10 V,2.0,True,1
83.3527,-0.039990000000000005,0.001,-1.6557968,41405.27131782945,41282.7,0.0412827,-0.81318933,20334.816954238555,20196.707000000002,0.020196707,0.5,1.0,20.0,10 V,2.0,True,1
83.3863,-0.04999000000000001,0.001,-2.0696798,41401.876375275046,41271.700000000004,0.0412717,-1.0195464,20395.007001400278,20220.301,0.020220301,0.5,1.0,20.0,10 V,2.0,True,1
83.4208,-0.05999000000000001,0.001,-2.4846623,41417.941323553925,41216.700000000004,0.0412167,-1.2282589,20474.39406567761,20216.756,0.020216756,0.5,1.0,20.0,10 V,2.0,True,1
83.4544,-0.06999000000000001,0.001,-2.8994141,41426.119445635086,41194.700000000004,0.0411947,-1.439688,20569.909987141018,20218.695,0.020218695,0.5,1.0,20.0,10 V,2.0,True,1
83.4878,-0.07999,0.001,-3.3152381,41445.65695711964,41161.700000000004,0.0411617,-1.6535311,20671.722715339412,20224.454999999998,0.020224455,0.5,1.0,20.0,10 V,2.0,True,1
83.5213,-0.08999,0.001,-3.7316558,41467.44971663518,41117.700000000004,0.0411177,-1.8683419,20761.661295699523,20223.402000000002,0.020223402,0.5,1.0,20.0,10 V,2.0,True,1
83.5548,-0.09999,0.001,-4.1504986,41509.13691369137,41128.7,0.0411287,-2.0995295,20997.394739473948,20270.757,0.020270757,0.5,1.0,20.0,10 V,2.0,True,1
83.5883,-0.10998999999999999,0.001,-4.5753904,41598.23983998545,41084.700000000004,0.0410847,-2.3179973,21074.618601691065,20271.365999999998,0.020271366,0.5,1.0,20.0,10 V,2.0,True,1
83.6219,-0.11998999999999999,0.001,-4.9898337,41585.41295107926,41007.700000000004,0.0410077,-2.5413706,21179.853321110095,20262.393,0.020262393,0.5,1.0,20.0,10 V,2.0,True,1
83.6554,-0.12999,0.001,-5.4076312,41600.36310485422,40941.7,0.0409417,-2.7558514,21200.487729825374,20223.846,0.020223846,0.5,1.0,20.0,10 V,2.0,True,1
83.6890,-0.13999,0.001,-5.824197,41604.37888420602,40842.8,0.0408428,-2.9671426,21195.389670690765,20208.449,0.020208449,0.5,1.0,20.0,10 V,2.0,True,1
83.7226,-0.14999,0.001,-6.243853,41628.46189745982,40776.8,0.0407768,-3.1853628,21237.16781118741,20184.965,0.020184965,0.5,1.0,20.0,10 V,2.0,True,1
83.7560,-0.15999000000000002,0.001,-6.6731162,41709.58309894368,40650.3,0.0406503,-3.4251566,21408.56678542409,20142.817000000003,0.020142817,0.5,1.0,20.0,10 V,2.0,True,1
83.7894,-0.16999000000000003,0.001,-7.1392182,41997.871639508194,40534.8,0.0405348,-3.7083281,21814.977939878812,20069.266,0.020069266,0.5,1.0,20.0,10 V,2.0,True,1
83.8228,-0.17999000000000004,0.001,-7.6489068,42496.28757153174,40386.3,0.0403863,-4.0168345,22316.987054836372,19998.872000000003,0.019998872,0.5,1.0,20.0,10 V,2.0,True,1
83.8562,-0.18,0.001,-7.6786411,42659.11722222222,40342.3,0.0403423,-4.0300271,22389.039444444446,20003.746,0.020003746,0.5,1.0,20.0,10 V,2.0,True,1
83.8897,-0.16999999999999998,0.001,-7.1992368,42348.45176470589,40342.3,0.0403423,-3.7574197,22102.468823529412,19989.456,0.019989456,0.5,1.0,20.0,10 V,2.0,True,1
83.9233,-0.15999999999999998,0.001,-6.739717,42123.231250000004,40386.3,0.0403863,-3.4819854,21762.408750000002,19978.324,0.019978324,0.5,1.0,20.0,10 V,2.0,True,1
83.9569,-0.14999999999999997,0.001,-6.2946271,41964.180666666674,40391.8,0.0403918,-3.2321117,21547.411333333337,19960.102000000003,0.019960102,0.5,1.0,20.0,10 V,2.0,True,1
83.9903,-0.13999999999999996,0.001,-5.8634725,41881.94642857144,40430.3,0.0404303,-3.000017,21428.692857142865,19933.905,0.019933905,0.5,1.0,20.0,10 V,2.0,True,1
84.0238,-0.12999999999999995,0.001,-5.4312778,41779.06000000001,40468.8,0.0404688,-2.7653431,21271.870000000006,19963.647,0.019963647,0.5,1.0,20.0,10 V,2.0,True,1
84.0572,-0.11999999999999995,0.001,-5.0104338,41753.61500000002,40507.3,0.0405073,-2.5507742,21256.451666666675,19988.791999999998,0.019988792,0.5,1.0,20.0,10 V,2.0,True,1
84.0909,-0.10999999999999996,0.001,-4.5881541,41710.49181818183,40622.8,0.0406228,-2.3288858,21171.689090909098,20012.386000000002,0.020012386,0.5,1.0,20.0,10 V,2.0,True,1
84.1243,-0.09999999999999996,0.001,-4.1662374,41662.37400000002,40672.3,0.0406723,-2.1059251,21059.251000000007,20006.792,0.020006792,0.5,1.0,20.0,10 V,2.0,True,1
84.1578,-0.08999999999999997,0.001,-3.7490389,41655.987777777795,40694.3,0.0406943,-1.8857745,20953.050000000007,20004.244000000002,0.020004244,0.5,1.0,20.0,10 V,2.0,True,1
84.1913,-0.07999999999999997,0.001,-3.3319613,41649.516250000015,40760.3,0.0407603,-1.6694679,20868.348750000005,20024.349000000002,0.020024349,0.5,1.0,20.0,10 V,2.0,True,1
84.2248,-0.06999999999999998,0.001,-2.9142895,41632.70714285716,40765.8,0.0407658,-1.454338,20776.257142857146,20028.724000000002,0.020028724,0.5,1.0,20.0,10 V,2.0,True,1
84.2584,-0.05999999999999998,0.001,-2.494429,41573.81666666667,40804.3,0.0408043,-1.2394279,20657.13166666667,20050.712,0.020050712,0.5,1.0,20.0,10 V,2.0,True,1
84.2908,-0.049999999999999975,0.001,-2.0765539,41531.07800000002,40853.8,0.0408538,-1.027749,20554.98000000001,20054.201,0.020054201,0.5,1.0,20.0,10 V,2.0,True,1
84.3243,-0.03999999999999997,0.001,-1.6604106,41510.26500000003,40853.8,0.0408538,-0.81824794,20456.198500000013,20043.346,0.020043346,0.5,1.0,20.0,10 V,2.0,True,1
84.3576,-0.02999999999999997,0.001,-1.2445696,41485.65333333337,40853.8,0.0408538,-0.61216042,20405.347333333353,20038.084000000003,0.020038084,0.5,1.0,20.0,10 V,2.0,True,1
84.3912,-0.01999999999999997,0.001,-0.8296911,41484.55500000006,40903.299999999996,0.0409033,-0.40693259,20346.62950000003,20035.26,0.02003526,0.5,1.0,20.0,10 V,2.0,True,1
84.4247,-0.009999999999999969,0.001,-0.4148898,41488.98000000013,40925.3,0.0409253,-0.20312568,20312.568000000065,20040.577,0.020040577,0.5,1.0,20.0,10 V,2.0,True,1
84.4583,1e-05,0.001,-1.65e-05,-1650.0,40952.700000000004,0.0409527,1.02267e-05,1022.67,20047.223,0.020047223,0.5,1.0,20.0,10 V,2.0,True,1
84.4735,1e-05,0.001,-1.65e-05,-1650.0,40963.7,0.0409637,1.02267e-05,1022.67,20040.577,0.020040577,0.5,1.0,20.0,10 V,2.0,True,1
84.4904,1e-05,0.001,-1.65e-05,-1650.0,40985.700000000004,0.0409857,1.02267e-05,1022.67,20042.460000000003,0.02004246,0.5,1.0,20.0,10 V,2.0,True,1
84.5071,1e-05,0.001,-1.65e-05,-1650.0,40974.700000000004,0.0409747,1.02267e-05,1022.67,20048.275,0.020048275,0.5,1.0,20.0,10 V,2.0,True,1
84.5237,1e-05,0.001,-1.65e-05,-1650.0,40985.700000000004,0.0409857,1.02267e-05,1022.67,20042.404000000002,0.020042404,0.5,1.0,20.0,10 V,2.0,True,1
84.5405,1e-05,0.001,-1.65e-05,-1650.0,41002.200000000004,0.0410022,1.02267e-05,1022.67,20054.035000000003,0.020054035,0.5,1.0,20.0,10 V,2.0,True,1
84.5572,1e-05,0.001,-1.65e-05,-1650.0,40991.2,0.0409912,1.02267e-05,1022.67,20048.331,0.020048331,0.5,1.0,20.0,10 V,2.0,True,1
84.5739,1e-05,0.001,-1.65e-05,-1650.0,41002.200000000004,0.0410022,1.02267e-05,1022.67,20055.088,0.020055088,0.5,1.0,20.0,10 V,2.0,True,1
84.5906,1e-05,0.001,-1.65e-05,-1650.0,41013.200000000004,0.0410132,1.02267e-05,1022.67,20060.349000000002,0.020060349,0.5,1.0,20.0,10 V,2.0,True,1
84.6074,1e-05,0.001,-1.65e-05,-1650.0,41029.700000000004,0.0410297,1.02267e-05,1022.67,20061.346,0.020061346,0.5,1.0,20.0,10 V,2.0,True,1
84.6241,1e-05,0.001,-1.65e-05,-1650.0,41002.200000000004,0.0410022,1.02267e-05,1022.67,20047.334000000003,0.020047334,0.5,1.0,20.0,10 V,2.0,True,1
84.6409,1e-05,0.001,-1.65e-05,-1650.0,41007.700000000004,0.0410077,1.02267e-05,1022.67,20057.801,0.020057801,0.5,1.0,20.0,10 V,2.0,True,1
84.6575,1e-05,0.001,-1.65e-05,-1650.0,41013.200000000004,0.0410132,1.02267e-05,1022.67,20056.86,0.02005686,0.5,1.0,20.0,10 V,2.0,True,1
84.6743,1e-05,0.001,-1.65e-05,-1650.0,41007.700000000004,0.0410077,1.02267e-05,1022.67,20057.525,0.020057525,0.5,1.0,20.0,10 V,2.0,True,1
84.6910,1e-05,0.001,-1.65e-05,-1650.0,41007.700000000004,0.0410077,1.02267e-05,1022.67,20066.94,0.02006694,0.5,1.0,20.0,10 V,2.0,True,1
84.7077,1e-05,0.001,-1.65e-05,-1650.0,41018.7,0.0410187,1.02267e-05,1022.67,20066.331000000002,0.020066331,0.5,1.0,20.0,10 V,2.0,True,1
84.7244,1e-05,0.001,-1.65e-05,-1650.0,41018.7,0.0410187,1.02267e-05,1022.67,20066.386,0.020066386,0.5,1.0,20.0,10 V,2.0,True,1
84.7413,1e-05,0.001,-1.65e-05,-1650.0,41013.200000000004,0.0410132,1.02267e-05,1022.67,20070.872,0.020070872,0.5,1.0,20.0,10 V,2.0,True,1
84.7581,1e-05,0.001,-1.65e-05,-1650.0,41024.2,0.0410242,1.02267e-05,1022.67,20074.085,0.020074085,0.5,1.0,20.0,10 V,2.0,True,1
84.7749,1e-05,0.001,-1.65e-05,-1650.0,41018.7,0.0410187,1.02267e-05,1022.67,20078.128,0.020078128,0.5,1.0,20.0,10 V,2.0,True,1
84.7915,1e-05,0.001,-1.65e-05,-1650.0,41035.200000000004,0.0410352,1.02267e-05,1022.67,20078.017,0.020078017,0.5,1.0,20.0,10 V,2.0,True,1
84.8083,1e-05,0.001,-1.65e-05,-1650.0,41035.200000000004,0.0410352,1.02267e-05,1022.67,20079.125,0.020079125,0.5,1.0,20.0,10 V,2.0,True,1
84.8251,1e-05,0.001,-1.65e-05,-1650.0,41046.2,0.0410462,1.02267e-05,1022.67,20086.159,0.020086159,0.5,1.0,20.0,10 V,2.0,True,1
84.8419,1e-05,0.001,-1.65e-05,-1650.0,41051.700000000004,0.0410517,1.02267e-05,1022.67,20089.426000000003,0.020089426,0.5,1.0,20.0,10 V,2.0,True,1
84.8585,1e-05,0.001,-1.65e-05,-1650.0,41062.700000000004,0.0410627,1.02267e-05,1022.67,20100.836000000003,0.020100836,0.5,1.0,20.0,10 V,2.0,True,1
84.8752,1e-05,0.001,-1.65e-05,-1650.0,41046.2,0.0410462,1.02267e-05,1022.67,20097.956000000002,0.020097956,0.5,1.0,20.0,10 V,2.0,True,1
84.8919,1e-05,0.001,-1.65e-05,-1650.0,41062.700000000004,0.0410627,1.02267e-05,1022.67,20106.762000000002,0.020106762,0.5,1.0,20.0,10 V,2.0,True,1
84.9086,1e-05,0.001,-1.65e-05,-1650.0,41062.700000000004,0.0410627,1.02267e-05,1022.67,20084.165,0.020084165,0.5,1.0,20.0,10 V,2.0,True,1
84.9254,1e-05,0.001,-1.65e-05,-1650.0,41046.2,0.0410462,1.02267e-05,1022.67,20092.417,0.020092417,0.5,1.0,20.0,10 V,2.0,True,1
84.9420,1e-05,0.001,-1.65e-05,-1650.0,41046.2,0.0410462,1.02267e-05,1022.67,20090.202,0.020090202,0.5,1.0,20.0,10 V,2.0,True,1
84.9588,1e-05,0.001,-1.65e-05,-1650.0,41051.700000000004,0.0410517,1.02267e-05,1022.67,20087.709,0.020087709,0.5,1.0,20.0,10 V,2.0,True,1
84.9756,1e-05,0.001,-1.65e-05,-1650.0,41051.700000000004,0.0410517,1.02267e-05,1022.67,20087.543,0.020087543,0.5,1.0,20.0,10 V,2.0,True,1
84.9923,1e-05,0.001,-1.65e-05,-1650.0,41062.700000000004,0.0410627,1.02267e-05,1022.67,20106.319000000003,0.020106319,0.5,1.0,20.0,10 V,2.0,True,1
85.0090,1e-05,0.001,-1.65e-05,-1650.0,41051.700000000004,0.0410517,1.02267e-05,1022.67,20100.282000000003,0.020100282,0.5,1.0,20.0,10 V,2.0,True,1
85.0258,1e-05,0.001,-1.65e-05,-1650.0,41057.200000000004,0.0410572,1.02267e-05,1022.67,20096.516,0.020096516,0.5,1.0,20.0,10 V,2.0,True,1
85.0425,1e-05,0.001,-1.65e-05,-1650.0,41062.700000000004,0.0410627,1.02267e-05,1022.67,20098.011,0.020098011,0.5,1.0,20.0,10 V,2.0,True,1
85.0593,1e-05,0.001,-1.65e-05,-1650.0,41068.200000000004,0.0410682,1.02267e-05,1022.67,20101.666,0.020101666,0.5,1.0,20.0,10 V,2.0,True,1
85.0761,1e-05,0.001,-1.65e-05,-1650.0,41068.200000000004,0.0410682,1.02267e-05,1022.67,20116.177,0.020116177,0.5,1.0,20.0,10 V,2.0,True,1
85.0929,1e-05,0.001,-1.65e-05,-1650.0,41068.200000000004,0.0410682,1.02267e-05,1022.67,20101.556,0.020101556,0.5,1.0,20.0,10 V,2.0,True,1
85.1096,1e-05,0.001,-1.65e-05,-1650.0,41062.700000000004,0.0410627,1.02267e-05,1022.67,20103.494,0.020103494,0.5,1.0,20.0,10 V,2.0,True,1
85.1265,1e-05,0.001,-1.65e-05,-1650.0,41051.700000000004,0.0410517,1.02267e-05,1022.67,20106.374,0.020106374,0.5,1.0,20.0,10 V,2.0,True,1
85.1431,1e-05,0.001,-1.65e-05,-1650.0,41073.7,0.0410737,1.02267e-05,1022.67,20103.439000000002,0.020103439,0.5,1.0,20.0,10 V,2.0,True,1
85.1599,1e-05,0.001,-1.65e-05,-1650.0,41062.700000000004,0.0410627,1.02267e-05,1022.67,20099.229,0.020099229,0.5,1.0,20.0,10 V,2.0,True,1
85.1767,1e-05,0.001,-1.65e-05,-1650.0,41079.200000000004,0.0410792,1.02267e-05,1022.67,20100.226,0.020100226,0.5,1.0,20.0,10 V,2.0,True,1
85.1935,1e-05,0.001,-1.65e-05,-1650.0,41062.700000000004,0.0410627,1.02267e-05,1022.67,20106.152,0.020106152,0.5,1.0,20.0,10 V,2.0,True,1
85.2101,1e-05,0.001,-1.65e-05,-1650.0,41062.700000000004,0.0410627,1.02267e-05,1022.67,20111.857,0.020111857,0.5,1.0,20.0,10 V,2.0,True,1
85.2271,1e-05,0.001,-1.65e-05,-1650.0,41073.7,0.0410737,1.02267e-05,1022.67,20101.611,0.020101611,0.5,1.0,20.0,10 V,2.0,True,1
85.2438,1e-05,0.001,-1.65e-05,-1650.0,41073.7,0.0410737,1.02267e-05,1022.67,20113.02,0.02011302,0.5,1.0,20.0,10 V,2.0,True,1
85.2605,1e-05,0.001,-1.65e-05,-1650.0,41073.7,0.0410737,1.02267e-05,1022.67,20109.088000000003,0.020109088,0.5,1.0,20.0,10 V,2.0,True,1
85.2774,1e-05,0.001,-1.65e-05,-1650.0,41090.200000000004,0.0410902,1.02267e-05,1022.67,20113.574,0.020113574,0.5,1.0,20.0,10 V,2.0,True,1
85.2942,1e-05,0.001,-1.65e-05,-1650.0,41101.2,0.0411012,1.02267e-05,1022.67,20113.962,0.020113962,0.5,1.0,20.0,10 V,2.0,True,1
85.3111,1e-05,0.001,-1.65e-05,-1650.0,41084.700000000004,0.0410847,1.02267e-05,1022.67,20113.685,0.020113685,0.5,1.0,20.0,10 V,2.0,True,1
85.3278,1e-05,0.001,-1.65e-05,-1650.0,41101.2,0.0411012,1.02267e-05,1022.67,20127.088000000003,0.020127088,0.5,1.0,20.0,10 V,2.0,True,1
85.3445,1e-05,0.001,-1.65e-05,-1650.0,41101.2,0.0411012,1.02267e-05,1022.67,20122.491,0.020122491,0.5,1.0,20.0,10 V,2.0,True,1
85.3612,1e-05,0.001,-1.65e-05,-1650.0,41095.700000000004,0.0410957,1.02267e-05,1022.67,20114.294,0.020114294,0.5,1.0,20.0,10 V,2.0,True,1
85.3780,1e-05,0.001,-1.65e-05,-1650.0,41101.2,0.0411012,1.02267e-05,1022.67,20133.623,0.020133623,0.5,1.0,20.0,10 V,2.0,True,1
85.3948,1e-05,0.001,-1.65e-05,-1650.0,41117.700000000004,0.0411177,1.02267e-05,1022.67,20134.177,0.020134177,0.5,1.0,20.0,10 V,2.0,True,1
85.4115,1e-05,0.001,-1.65e-05,-1650.0,41117.700000000004,0.0411177,1.02267e-05,1022.67,20126.922,0.020126922,0.5,1.0,20.0,10 V,2.0,True,1
85.4281,1e-05,0.001,-1.65e-05,-1650.0,41112.200000000004,0.0411122,1.02267e-05,1022.67,20135.230000000003,0.02013523,0.5,1.0,20.0,10 V,2.0,True,1
85.4449,1e-05,0.001,-1.65e-05,-1650.0,41123.2,0.0411232,1.02267e-05,1022.67,20151.18,0.02015118,0.5,1.0,20.0,10 V,2.0,True,1
85.4617,1e-05,0.001,-1.65e-05,-1650.0,41134.200000000004,0.0411342,1.02267e-05,1022.67,20144.368,0.020144368,0.5,1.0,20.0,10 V,2.0,True,1
85.4784,1e-05,0.001,-1.65e-05,-1650.0,41117.700000000004,0.0411177,1.02267e-05,1022.67,20140.048000000003,0.020140048,0.5,1.0,20.0,10 V,2.0,True,1
85.4952,1e-05,0.001,-1.65e-05,-1650.0,41117.700000000004,0.0411177,1.02267e-05,1022.67,20145.144,0.020145144,0.5,1.0,20.0,10 V,2.0,True,1
85.5119,1e-05,0.001,-1.65e-05,-1650.0,41123.2,0.0411232,1.02267e-05,1022.67,20142.208000000002,0.020142208,0.5,1.0,20.0,10 V,2.0,True,1
85.5287,1e-05,0.001,-1.65e-05,-1650.0,41123.2,0.0411232,1.02267e-05,1022.67,20150.294,0.020150294,0.5,1.0,20.0,10 V,2.0,True,1
85.5455,1e-05,0.001,-1.65e-05,-1650.0,41128.7,0.0411287,1.02267e-05,1022.67,20144.424000000003,0.020144424,0.5,1.0,20.0,10 V,2.0,True,1
85.5623,1e-05,0.001,-1.65e-05,-1650.0,41123.2,0.0411232,1.02267e-05,1022.67,20154.947,0.020154947,0.5,1.0,20.0,10 V,2.0,True,1
85.5791,1e-05,0.001,-1.65e-05,-1650.0,41139.700000000004,0.0411397,1.02267e-05,1022.67,20151.734,0.020151734,0.5,1.0,20.0,10 V,2.0,True,1
85.5959,1e-05,0.001,-1.65e-05,-1650.0,41128.7,0.0411287,1.02267e-05,1022.67,20162.257,0.020162257,0.5,1.0,20.0,10 V,2.0,True,1
85.6128,1e-05,0.001,-1.65e-05,-1650.0,41128.7,0.0411287,1.02267e-05,1022.67,20153.562,0.020153562,0.5,1.0,20.0,10 V,2.0,True,1
85.6294,1e-05,0.001,-1.65e-05,-1650.0,41134.200000000004,0.0411342,1.02267e-05,1022.67,20152.62,0.02015262,0.5,1.0,20.0,10 V,2.0,True,1
85.6463,1e-05,0.001,-1.65e-05,-1650.0,41150.7,0.0411507,1.02267e-05,1022.67,20160.928000000004,0.020160928,0.5,1.0,20.0,10 V,2.0,True,1
85.6629,1e-05,0.001,-1.65e-05,-1650.0,41150.7,0.0411507,1.02267e-05,1022.67,20163.31,0.02016331,0.5,1.0,20.0,10 V,2.0,True,1
85.6798,1e-05,0.001,-1.65e-05,-1650.0,41156.2,0.0411562,1.02267e-05,1022.67,20159.765,0.020159765,0.5,1.0,20.0,10 V,2.0,True,1
85.6965,1e-05,0.001,-1.65e-05,-1650.0,41167.200000000004,0.0411672,1.02267e-05,1022.67,20160.762,0.020160762,0.5,1.0,20.0,10 V,2.0,True,1
85.7133,1e-05,0.001,-1.65e-05,-1650.0,41150.7,0.0411507,1.02267e-05,1022.67,20157.494000000002,0.020157494,0.5,1.0,20.0,10 V,2.0,True,1
85.7302,1e-05,0.001,-1.65e-05,-1650.0,41150.7,0.0411507,1.02267e-05,1022.67,20160.485,0.020160485,0.5,1.0,20.0,10 V,2.0,True,1
85.7468,1e-05,0.001,-1.65e-05,-1650.0,41156.2,0.0411562,1.02267e-05,1022.67,20161.704,0.020161704,0.5,1.0,20.0,10 V,2.0,True,1
85.7635,1e-05,0.001,-1.65e-05,-1650.0,41161.700000000004,0.0411617,1.02267e-05,1022.67,20153.396,0.020153396,0.5,1.0,20.0,10 V,2.0,True,1
85.7801,1e-05,0.001,-1.65e-05,-1650.0,41145.200000000004,0.0411452,1.02267e-05,1022.67,20152.787,0.020152787,0.5,1.0,20.0,10 V,2.0,True,1
85.7968,1e-05,0.001,-1.65e-05,-1650.0,41139.700000000004,0.0411397,1.02267e-05,1022.67,20155.168,0.020155168,0.5,1.0,20.0,10 V,2.0,True,1
85.8134,1e-05,0.001,-1.65e-05,-1650.0,41156.2,0.0411562,1.02267e-05,1022.67,20160.208,0.020160208,0.5,1.0,20.0,10 V,2.0,True,1
85.8304,1e-05,0.001,-1.65e-05,-1650.0,41172.700000000004,0.0411727,1.02267e-05,1022.67,20165.525,0.020165525,0.5,1.0,20.0,10 V,2.0,True,1
85.8470,1e-05,0.001,-1.65e-05,-1650.0,41172.700000000004,0.0411727,1.02267e-05,1022.67,20172.559,0.020172559,0.5,1.0,20.0,10 V,2.0,True,1
85.8638,1e-05,0.001,-1.65e-05,-1650.0,41167.200000000004,0.0411672,1.02267e-05,1022.67,20168.184,0.020168184,0.5,1.0,20.0,10 V,2.0,True,1
85.8806,1e-05,0.001,-1.65e-05,-1650.0,41161.700000000004,0.0411617,1.02267e-05,1022.67,20168.959000000003,0.020168959,0.5,1.0,20.0,10 V,2.0,True,1
85.8974,1e-05,0.001,-1.65e-05,-1650.0,41161.700000000004,0.0411617,1.02267e-05,1022.67,20165.913,0.020165913,0.5,1.0,20.0,10 V,2.0,True,1
85.9142,1e-05,0.001,-1.65e-05,-1650.0,41167.200000000004,0.0411672,1.02267e-05,1022.67,20169.845,0.020169845,0.5,1.0,20.0,10 V,2.0,True,1
85.9311,1e-05,0.001,-1.65e-05,-1650.0,41167.200000000004,0.0411672,1.02267e-05,1022.67,20176.547,0.020176547,0.5,1.0,20.0,10 V,2.0,True,1
85.9478,1e-05,0.001,-1.65e-05,-1650.0,41178.2,0.0411782,1.02267e-05,1022.67,20174.387,0.020174387,0.5,1.0,20.0,10 V,2.0,True,1
85.9645,1e-05,0.001,-1.65e-05,-1650.0,41189.200000000004,0.0411892,1.02267e-05,1022.67,20177.599000000002,0.020177599,0.5,1.0,20.0,10 V,2.0,True,1
85.9813,1e-05,0.001,-1.65e-05,-1650.0,41194.700000000004,0.0411947,1.02267e-05,1022.67,20187.513000000003,0.020187513,0.5,1.0,20.0,10 V,2.0,True,1
85.9980,1e-05,0.001,-1.65e-05,-1650.0,41183.7,0.0411837,1.02267e-05,1022.67,20187.845,0.020187845,0.5,1.0,20.0,10 V,2.0,True,1
86.0147,1e-05,0.001,-1.65e-05,-1650.0,41189.200000000004,0.0411892,1.02267e-05,1022.67,20186.35,0.02018635,0.5,1.0,20.0,10 V,2.0,True,1
86.0315,1e-05,0.001,-1.65e-05,-1650.0,41200.200000000004,0.0412002,1.02267e-05,1022.67,20181.753,0.020181753,0.5,1.0,20.0,10 V,2.0,True,1
86.0482,1e-05,0.001,-1.65e-05,-1650.0,41183.7,0.0411837,1.02267e-05,1022.67,20183.636000000002,0.020183636,0.5,1.0,20.0,10 V,2.0,True,1
86.0649,1e-05,0.001,-1.65e-05,-1650.0,41183.7,0.0411837,1.02267e-05,1022.67,20190.670000000002,0.02019067,0.5,1.0,20.0,10 V,2.0,True,1
86.0817,1e-05,0.001,-1.65e-05,-1650.0,41200.200000000004,0.0412002,1.02267e-05,1022.67,20186.516000000003,0.020186516,0.5,1.0,20.0,10 V,2.0,True,1
86.0985,1e-05,0.001,-1.65e-05,-1650.0,41205.7,0.0412057,1.02267e-05,1022.67,20192.275999999998,0.020192276,0.5,1.0,20.0,10 V,2.0,True,1
86.1153,1e-05,0.001,-1.65e-05,-1650.0,41189.200000000004,0.0411892,1.02267e-05,1022.67,20181.864,0.020181864,0.5,1.0,20.0,10 V,2.0,True,1
86.1321,1e-05,0.001,-1.65e-05,-1650.0,41189.200000000004,0.0411892,1.02267e-05,1022.67,20185.962,0.020185962,0.5,1.0,20.0,10 V,2.0,True,1
86.1487,1e-05,0.001,-1.65e-05,-1650.0,41200.200000000004,0.0412002,1.02267e-05,1022.67,20197.316000000003,0.020197316,0.5,1.0,20.0,10 V,2.0,True,1
86.1653,1e-05,0.001,-1.65e-05,-1650.0,41216.700000000004,0.0412167,1.02267e-05,1022.67,20191.556,0.020191556,0.5,1.0,20.0,10 V,2.0,True,1
86.1822,1e-05,0.001,-1.65e-05,-1650.0,41216.700000000004,0.0412167,1.02267e-05,1022.67,20189.618,0.020189618,0.5,1.0,20.0,10 V,2.0,True,1
86.1988,1e-05,0.001,-1.65e-05,-1650.0,41205.7,0.0412057,1.02267e-05,1022.67,20185.575,0.020185575,0.5,1.0,20.0,10 V,2.0,True,1
86.2156,1e-05,0.001,-1.65e-05,-1650.0,41200.200000000004,0.0412002,1.02267e-05,1022.67,20186.904,0.020186904,0.5,1.0,20.0,10 V,2.0,True,1
86.2324,1e-05,0.001,-1.65e-05,-1650.0,41216.700000000004,0.0412167,1.02267e-05,1022.67,20194.325,0.020194325,0.5,1.0,20.0,10 V,2.0,True,1
86.2492,1e-05,0.001,-1.65e-05,-1650.0,41211.200000000004,0.0412112,1.02267e-05,1022.67,20194.824,0.020194824,0.5,1.0,20.0,10 V,2.0,True,1
86.2659,1e-05,0.001,-1.65e-05,-1650.0,41194.700000000004,0.0411947,1.02267e-05,1022.67,20189.839000000004,0.020189839,0.5,1.0,20.0,10 V,2.0,True,1
86.2827,1e-05,0.001,-1.65e-05,-1650.0,41222.200000000004,0.0412222,1.02267e-05,1022.67,20192.165,0.020192165,0.5,1.0,20.0,10 V,2.0,True,1
86.2993,1e-05,0.001,-1.65e-05,-1650.0,41222.200000000004,0.0412222,1.02267e-05,1022.67,20188.842,0.020188842,0.5,1.0,20.0,10 V,2.0,True,1
86.3161,1e-05,0.001,-1.65e-05,-1650.0,41205.7,0.0412057,1.02267e-05,1022.67,20184.411,0.020184411,0.5,1.0,20.0,10 V,2.0,True,1
86.3330,1e-05,0.001,-1.65e-05,-1650.0,41216.700000000004,0.0412167,1.02267e-05,1022.67,20191.556,0.020191556,0.5,1.0,20.0,10 V,2.0,True,1
86.3498,1e-05,0.001,-1.65e-05,-1650.0,41205.7,0.0412057,1.02267e-05,1022.67,20184.245000000003,0.020184245,0.5,1.0,20.0,10 V,2.0,True,1
86.3664,1e-05,0.001,-1.65e-05,-1650.0,41211.200000000004,0.0412112,1.02267e-05,1022.67,20195.599000000002,0.020195599,0.5,1.0,20.0,10 V,2.0,True,1
86.3832,1e-05,0.001,-1.65e-05,-1650.0,41222.200000000004,0.0412222,1.02267e-05,1022.67,20193.107,0.020193107,0.5,1.0,20.0,10 V,2.0,True,1
86.4000,1e-05,0.001,-1.65e-05,-1650.0,41211.200000000004,0.0412112,1.02267e-05,1022.67,20187.735,0.020187735,0.5,1.0,20.0,10 V,2.0,True,1
86.4167,1e-05,0.001,-1.65e-05,-1650.0,41227.700000000004,0.0412277,1.02267e-05,1022.67,20195.378,0.020195378,0.5,1.0,20.0,10 V,2.0,True,1
86.4336,1e-05,0.001,-1.65e-05,-1650.0,41227.700000000004,0.0412277,1.02267e-05,1022.67,20200.030000000002,0.02020003,0.5,1.0,20.0,10 V,2.0,True,1
86.4504,1e-05,0.001,-1.65e-05,-1650.0,41233.2,0.0412332,1.02267e-05,1022.67,20198.036,0.020198036,0.5,1.0,20.0,10 V,2.0,True,1
86.4672,1e-05,0.001,-1.65e-05,-1650.0,41233.2,0.0412332,1.02267e-05,1022.67,20187.015,0.020187015,0.5,1.0,20.0,10 V,2.0,True,1
86.4840,1e-05,0.001,-1.65e-05,-1650.0,41227.700000000004,0.0412277,1.02267e-05,1022.67,20194.215000000004,0.020194215,0.5,1.0,20.0,10 V,2.0,True,1
86.5007,1e-05,0.001,-1.65e-05,-1650.0,41233.2,0.0412332,1.02267e-05,1022.67,20193.938000000002,0.020193938,0.5,1.0,20.0,10 V,2.0,True,1
86.5175,1e-05,0.001,-1.65e-05,-1650.0,41238.700000000004,0.0412387,1.02267e-05,1022.67,20200.916,0.020200916,0.5,1.0,20.0,10 V,2.0,True,1
86.5343,1e-05,0.001,-1.65e-05,-1650.0,41227.700000000004,0.0412277,1.02267e-05,1022.67,20188.510000000002,0.02018851,0.5,1.0,20.0,10 V,2.0,True,1
86.5511,1e-05,0.001,-1.65e-05,-1650.0,41238.700000000004,0.0412387,1.02267e-05,1022.67,20192.996000000003,0.020192996,0.5,1.0,20.0,10 V,2.0,True,1
86.5678,1e-05,0.001,-1.65e-05,-1650.0,41249.700000000004,0.0412497,1.02267e-05,1022.67,20201.193,0.020201193,0.5,1.0,20.0,10 V,2.0,True,1
86.5845,1e-05,0.001,-1.65e-05,-1650.0,41238.700000000004,0.0412387,1.02267e-05,1022.67,20194.935,0.020194935,0.5,1.0,20.0,10 V,2.0,True,1
86.6195,0.01001,0.001,0.4132946,41288.17182817183,41255.2,0.0412552,0.20248535,20228.30669330669,20192.996000000003,0.020192996,0.5,1.0,20.0,10 V,2.0,True,1
86.6531,0.02001,0.001,0.8244559,41202.19390304848,41282.7,0.0412827,0.40387623,20183.719640179912,20194.325,0.020194325,0.5,1.0,20.0,10 V,2.0,True,1
86.6865,0.01001,0.001,0.4131077,41269.5004995005,41260.7,0.0412607,0.20237667,20217.44955044955,20192.275999999998,0.020192276,0.5,1.0,20.0,10 V,2.0,True,1
86.7201,1e-05,0.001,0.0003629,36290.0,41244.200000000004,0.0412442,0.0001618154,16181.539999999999,20189.950000000004,0.02018995,0.5,1.0,20.0,10 V,2.0,True,1
86.7535,-0.00999,0.001,-0.4129761,41338.94894894895,41227.700000000004,0.0412277,-0.20255622,20275.897897897896,20190.171000000002,0.020190171,0.5,1.0,20.0,10 V,2.0,True,1
86.7869,-0.01999,0.001,-0.8258967,41315.49274637319,41200.200000000004,0.0412002,-0.40547317,20283.8004002001,20192.11,0.02019211,0.5,1.0,20.0,10 V,2.0,True,1
86.8205,-0.029990000000000003,0.001,-1.2366783,41236.35545181727,41167.200000000004,0.0411672,-0.60804443,20274.905968656218,20190.393,0.020190393,0.5,1.0,20.0,10 V,2.0,True,1
86.8540,-0.039990000000000005,0.001,-1.6481308,41213.57339334833,41139.700000000004,0.0411397,-0.81181364,20300.416104026,20195.267,0.020195267,0.5,1.0,20.0,10 V,2.0,True,1
86.8874,-0.05299,0.001,-2.1832883,41201.89280996414,41101.2,0.0411012,-1.078294,20349.00924702774,20175.328,0.020175328,0.5,1.0,20.0,10 V,2.0,True,1
86.9220,-0.06599000000000001,0.001,-2.7181211,41189.89392332171,41057.200000000004,0.0410572,-1.3481972,20430.325806940444,20178.042,0.020178042,0.5,1.0,20.0,10 V,2.0,True,1
86.9558,-0.07899,0.001,-3.256017,41220.622863653625,41029.700000000004,0.0410297,-1.6241707,20561.725534877834,20187.513000000003,0.020187513,0.5,1.0,20.0,10 V,2.0,True,1
86.9893,-0.09199,0.001,-3.7954247,41259.10098923796,41002.200000000004,0.0410022,-1.9052032,20710.981628437872,20190.338,0.020190338,0.5,1.0,20.0,10 V,2.0,True,1
87.0229,-0.10499,0.001,-4.3363558,41302.56024383275,40941.7,0.0409417,-2.1865548,20826.31488713211,20178.374,0.020178374,0.5,1.0,20.0,10 V,2.0,True,1
87.0564,-0.11799,0.001,-4.8762693,41327.818459191454,40859.3,0.0408593,-2.4723386,20953.797779472836,20166.633,0.020166633,0.5,1.0,20.0,10 V,2.0,True,1
87.0899,-0.13099,0.001,-5.4132459,41325.64241545156,40771.3,0.0407713,-2.7645017,21104.677456294376,20139.55,0.02013955,0.5,1.0,20.0,10 V,2.0,True,1
87.1233,-0.14399,0.001,-5.9641136,41420.33196749774,40661.3,0.0406613,-3.0545308,21213.49260365303,20110.306,0.020110306,0.5,1.0,20.0,10 V,2.0,True,1
87.1569,-0.15699000000000002,0.001,-6.5178732,41517.760366902345,40578.8,0.0405788,-3.3493552,21334.831517931078,20059.186,0.020059186,0.5,1.0,20.0,10 V,2.0,True,1
87.1904,-0.16999000000000003,0.001,-7.1046777,41794.680275310304,40446.8,0.0404468,-3.6930348,21725.012059532906,20016.706,0.020016706,0.5,1.0,20.0,10 V,2.0,True,1
87.2237,-0.18299000000000004,0.001,-7.7578462,42394.91884802448,40270.8,0.0402708,-4.0828032,22311.619214164704,19962.429,0.019962429,0.5,1.0,20.0,10 V,2.0,True,1
87.2571,-0.19599000000000005,0.001,-8.4427887,43077.65039032602,39918.9,0.0399189,-4.4721646,22818.3305270677,19839.416,0.019839416,0.5,1.0,20.0,10 V,2.0,True,1
87.2909,-0.20899000000000006,0.001,-9.0029268,43078.26594573901,39830.9,0.0398309,-4.8034103,22983.924111201486,19750.357,0.019750357,0.5,1.0,20.0,10 V,2.0,True,1
87.3242,-0.22199000000000008,0.001,-9.7026173,43707.452137483655,39968.4,0.0399684,-5.1376635,23143.670886075943,20026.62,0.02002662,0.5,1.0,20.0,10 V,2.0,True,1
87.3578,-0.2349900000000001,0.001,-10.432487,44395.450870249784,40298.3,0.0402983,-5.574703,23723.149921273238,20367.071,0.020367071,0.5,1.0,20.0,10 V,2.0,True,1
87.3913,-0.2479900000000001,0.001,-11.210358,45204.87922900114,40804.3,0.0408043,-6.0607348,24439.43223517076,20887.025,0.020887025,0.5,1.0,20.0,10 V,2.0,True,1
87.4248,-0.2609900000000001,0.001,-11.976895,45890.244836966915,41365.2,0.0413652,-6.4912022,24871.459442890522,21323.57,0.02132357,0.5,1.0,20.0,10 V,2.0,True,1
87.4582,-0.2739900000000001,0.001,nan,nan,41981.100000000006,0.0419811,-6.9358408,25314.2114675718,21777.561,0.021777561,0.5,1.0,20.0,10 V,2.0,True,1
87.4917,-0.28,0.001,nan,nan,42366.0,0.042366,-7.1627384,25581.20857142857,21993.784,0.021993784,0.5,1.0,20.0,10 V,2.0,True,1
87.5253,-0.267,0.001,nan,nan,42212.100000000006,0.0422121,-6.6809636,25022.33558052434,21855.543,0.021855543,0.5,1.0,20.0,10 V,2.0,True,1
87.5589,-0.254,0.001,-11.770362,46340.00787401575,41964.6,0.0419646,-6.2301379,24528.101968503935,21597.726000000002,0.021597726,0.5,1.0,20.0,10 V,2.0,True,1
87.5922,-0.241,0.001,-11.089123,46012.958506224066,41640.1,0.0416401,-5.8271446,24179.02323651452,21344.007,0.021344007,0.5,1.0,20.0,10 V,2.0,True,1
87.6256,-0.22799999999999998,0.001,-10.416357,45685.77631578947,41420.2,0.0414202,-5.4390538,23855.499122807018,21136.203,0.021136203,0.5,1.0,20.0,10 V,2.0,True,1
87.6592,-0.21499999999999997,0.001,-9.756982,45381.31162790699,41271.700000000004,0.0412717,-5.056869,23520.32093023256,20971.376,0.020971376,0.5,1.0,20.0,10 V,2.0,True,1
87.6927,-0.20199999999999996,0.001,-9.1015438,45057.14752475249,41139.700000000004,0.0411397,-4.699079,23262.76732673268,20898.324,0.020898324,0.5,1.0,20.0,10 V,2.0,True,1
87.7263,-0.18899999999999995,0.001,-8.4775989,44855.02063492065,40958.200000000004,0.0409582,-4.3678828,23110.491005291013,20707.744000000002,0.020707744,0.5,1.0,20.0,10 V,2.0,True,1
87.7599,-0.17599999999999993,0.001,-7.848391,44593.1306818182,40831.8,0.0408318,-4.0304011,22900.006250000006,20599.189000000002,0.020599189,0.5,1.0,20.0,10 V,2.0,True,1
87.7934,-0.16299999999999992,0.001,-7.2274808,44340.37300613499,40754.8,0.0407548,-3.7033898,22720.182822085902,20523.257,0.020523257,0.5,1.0,20.0,10 V,2.0,True,1
87.8267,-0.1499999999999999,0.001,-6.6115028,44076.685333333364,40688.799999999996,0.0406888,-3.3813662,22542.441333333347,20391.828,0.020391828,0.5,1.0,20.0,10 V,2.0,True,1
87.8602,-0.1369999999999999,0.001,-6.0081402,43855.0379562044,40716.299999999996,0.0407163,-3.0593756,22331.208759124103,20418.247000000003,0.020418247,0.5,1.0,20.0,10 V,2.0,True,1
87.8938,-0.1239999999999999,0.001,-5.4081591,43614.186290322614,40666.8,0.0406668,-2.7397002,22094.356451612923,20315.508,0.020315508,0.5,1.0,20.0,10 V,2.0,True,1
87.9272,-0.1109999999999999,0.001,-4.8144252,43373.20000000003,40650.3,0.0406503,-2.4268434,21863.454054054073,20241.236,0.020241236,0.5,1.0,20.0,10 V,2.0,True,1
87.9607,-0.0979999999999999,0.001,-4.2278782,43141.61428571433,40694.3,0.0406943,-2.1236986,21670.393877551043,20173.445000000003,0.020173445,0.5,1.0,20.0,10 V,2.0,True,1
87.9943,-0.08499999999999991,0.001,-3.6501409,42942.8341176471,40699.8,0.0406998,-1.821164,21425.458823529436,20133.125000000004,0.020133125,0.5,1.0,20.0,10 V,2.0,True,1
88.0277,-0.07199999999999991,0.001,-3.0799207,42776.67638888895,40721.8,0.0407218,-1.5248215,21178.076388888916,20049.328,0.020049328,0.5,1.0,20.0,10 V,2.0,True,1
88.0612,-0.058999999999999914,0.001,-2.5143309,42615.777966101756,40732.8,0.0407328,-1.2372887,20970.994915254265,19984.195,0.019984195,0.5,1.0,20.0,10 V,2.0,True,1
88.0937,-0.045999999999999916,0.001,-1.9517597,42429.558695652246,40754.8,0.0407548,-0.95521632,20765.57217391308,19907.982000000004,0.019907982,0.5,1.0,20.0,10 V,2.0,True,1
88.1273,-0.03299999999999992,0.001,-1.3944074,42254.76969696979,40754.8,0.0407548,-0.67906696,20577.786666666714,19845.452,0.019845452,0.5,1.0,20.0,10 V,2.0,True,1
88.1608,-0.01999999999999992,0.001,-0.8431479,42157.395000000164,40765.8,0.0407658,-0.40855946,20427.97300000008,19768.024,0.019768024,0.5,1.0,20.0,10 V,2.0,True,1
88.1942,-0.006999999999999921,0.001,-0.2946105,42087.21428571476,40760.3,0.0407603,-0.14215589,20307.984285714516,19706.547000000002,0.019706547,0.5,1.0,20.0,10 V,2.0,True,1
88.2279,0.006000000000000078,0.001,0.2492142,41535.69999999946,40749.3,0.0407493,0.119959,19993.166666666406,19630.559,0.019630559,0.65,1.0,20.0,10 V,2.0,True,1
88.2892,0.01900000000000008,0.001,0.785947,41365.63157894719,40750.4,0.0407504,0.37646982,19814.2010526315,19526.801,0.019526801,0.65,1.0,20.0,10 V,10.0,True,1
88.3467,0.03200000000000008,0.001,1.3146985,41084.3281249999,40695.4,0.0406954,0.63022858,19694.64312499995,19453.272,0.019453272,0.65,1.0,20.0,10 V,10.0,True,1
88.4041,0.045000000000000075,0.001,1.8377166,40838.146666666595,40595.3,0.0405953,0.88449665,19655.481111111076,19402.428,0.019402428,0.65,1.0,20.0,10 V,10.0,True,1
88.4617,0.05800000000000007,0.001,2.3591576,40675.13103448271,40555.700000000004,0.0405557,1.142576,19699.586206896525,19342.601000000002,0.019342601,0.65,1.0,20.0,10 V,10.0,True,1
88.5267,0.07100000000000008,0.001,2.8810868,40578.68732394362,40611.8,0.0406118,1.3989458,19703.461971830966,19295.059,0.019295059,0.65,1.0,20.0,10 V,10.0,True,1
88.5917,0.08400000000000007,0.001,3.4020834,40500.99285714282,40814.200000000004,0.0408142,1.6520865,19667.69642857141,19285.765,0.019285765,0.65,1.0,20.0,10 V,10.0,True,1
88.6567,0.09700000000000007,0.001,3.9431601,40651.13505154636,41338.8,0.0413388,1.9052526,19641.779381443284,19369.939,0.019369939,0.65,1.0,20.0,10 V,10.0,True,1
88.7216,0.11000000000000007,0.001,4.546894,41335.39999999997,42334.200000000004,0.0423342,2.1726145,19751.040909090894,19612.714,0.019612714,0.65,1.0,20.0,10 V,10.0,True,1
88.7863,0.12300000000000007,0.001,5.21324,42384.065040650385,43668.3,0.0436683,2.4822766,20181.11056910568,20046.093,0.020046093,0.65,1.0,20.0,10 V,10.0,True,1
88.8512,0.13600000000000007,0.001,5.9427362,43696.589705882325,45360.9,0.0453609,2.8381302,20868.604411764696,20772.323,0.020772323,0.65,1.0,20.0,10 V,10.0,True,1
88.9161,0.14900000000000008,0.001,6.7133017,45055.71610738253,47329.700000000004,0.0473297,3.2641352,21906.947651006703,21686.707000000002,0.021686707,0.65,1.0,20.0,10 V,10.0,True,1
88.9810,0.1620000000000001,0.001,7.582873,46807.85802469133,49291.799999999996,0.0492918,3.7611726,23217.114814814802,22767.793,0.022767793,0.65,1.0,20.0,10 V,10.0,True,1
89.0460,0.1750000000000001,0.001,8.5354643,48774.08171428568,51598.2,0.0515982,4.3598309,24913.319428571416,24307.452,0.024307452,0.65,1.0,20.0,10 V,10.0,True,1
89.1109,0.18,0.001,9.0727253,50404.02944444445,53480.0,0.05348,4.7229996,26238.886666666665,25671.564000000002,0.025671564,0.65,1.0,20.0,10 V,10.0,True,1
89.1757,0.16699999999999998,0.001,8.538501,51128.748502994014,54099.200000000004,0.0540992,4.4390693,26581.253293413174,26196.68,0.02619668,0.65,1.0,20.0,10 V,10.0,True,1
89.2406,0.15399999999999997,0.001,7.9232219,51449.49285714286,54139.9,0.0541399,4.1065447,26665.874675324678,26403.686999999998,0.026403687,0.65,1.0,20.0,10 V,10.0,True,1
89.3055,0.14099999999999996,0.001,7.2373383,51328.64042553193,53791.2,0.0537912,3.7138033,26339.030496453906,26191.894,0.026191894,0.65,1.0,20.0,10 V,10.0,True,1
89.3705,0.12799999999999995,0.001,6.5305751,51020.117968750026,53231.4,0.0532314,3.3056808,25825.631250000013,25782.588,0.025782588,0.65,1.0,20.0,10 V,10.0,True,1
89.3952,0.12799999999999995,0.001,6.5305751,51020.117968750026,51698.200000000004,0.0516982,3.3056808,25825.631250000013,25405.55,0.02540555,0.65,1.0,20.0,10 V,10.0,True,1
89.4196,0.12799999999999995,0.001,6.5305751,51020.117968750026,51081.200000000004,0.0510812,3.3056808,25825.631250000013,25092.523,0.025092523,0.65,1.0,20.0,10 V,10.0,True,1
89.4443,0.12799999999999995,0.001,6.5305751,51020.117968750026,50569.8,0.0505698,3.3056808,25825.631250000013,24825.423,0.024825423,0.65,1.0,20.0,10 V,10.0,True,1
89.4687,0.12799999999999995,0.001,6.5305751,51020.117968750026,50159.6,0.0501596,3.3056808,25825.631250000013,24610.762000000002,0.024610762,0.65,1.0,20.0,10 V,10.0,True,1
89.4931,0.12799999999999995,0.001,6.5305751,51020.117968750026,49786.700000000004,0.0497867,3.3056808,25825.631250000013,24409.15,0.02440915,0.65,1.0,20.0,10 V,10.0,True,1
89.5176,0.12799999999999995,0.001,6.5305751,51020.117968750026,49473.200000000004,0.0494732,3.3056808,25825.631250000013,24221.827,0.024221827,0.65,1.0,20.0,10 V,10.0,True,1
89.5422,0.12799999999999995,0.001,6.5305751,51020.117968750026,49166.4,0.0491664,3.3056808,25825.631250000013,24070.049,0.024070049,0.65,1.0,20.0,10 V,10.0,True,1
89.5668,0.12799999999999995,0.001,6.5305751,51020.117968750026,48901.3,0.0489013,3.3056808,25825.631250000013,23917.951,0.023917951,0.65,1.0,20.0,10 V,10.0,True,1
89.5785,0.12799999999999995,0.001,6.5305751,51020.117968750026,48686.5,0.0486865,3.3056808,25825.631250000013,23012.853,0.023012853,0.65,1.0,20.0,10 V,0.2,True,1
89.5952,0.12799999999999995,0.001,6.5305751,51020.117968750026,49199.8,0.0491998,3.3056808,25825.631250000013,24577.664,0.024577664,0.65,1.0,20.0,10 V,0.2,True,1
89.6120,0.12799999999999995,0.001,6.5305751,51020.117968750026,48759.8,0.0487598,3.3056808,25825.631250000013,26710.358,0.026710358,0.65,1.0,20.0,10 V,0.2,True,1
89.6289,0.12799999999999995,0.001,6.5305751,51020.117968750026,47293.4,0.0472934,3.3056808,25825.631250000013,22089.770000000004,0.02208977,0.65,1.0,20.0,10 V,0.2,True,1
89.6455,0.12799999999999995,0.001,6.5305751,51020.117968750026,44360.4,0.0443604,3.3056808,25825.631250000013,21630.440000000002,0.02163044,0.65,1.0,20.0,10 V,0.2,True,1
89.6624,0.12799999999999995,0.001,6.5305751,51020.117968750026,51472.8,0.0514728,3.3056808,25825.631250000013,23536.426,0.023536426,0.65,1.0,20.0,10 V,0.2,True,1
89.6792,0.12799999999999995,0.001,6.5305751,51020.117968750026,44360.4,0.0443604,3.3056808,25825.631250000013,20012.46,0.02001246,0.65,1.0,20.0,10 V,0.2,True,1
89.6958,0.12799999999999995,0.001,6.5305751,51020.117968750026,44067.1,0.0440671,3.3056808,25825.631250000013,20823.295,0.020823295,0.65,1.0,20.0,10 V,0.2,True,1
89.7126,0.12799999999999995,0.001,6.5305751,51020.117968750026,49859.700000000004,0.0498597,3.3056808,25825.631250000013,23351.81,0.02335181,0.65,1.0,20.0,10 V,0.2,True,1
89.7294,0.12799999999999995,0.001,6.5305751,51020.117968750026,47586.6,0.0475866,3.3056808,25825.631250000013,23719.566000000003,0.023719566,0.65,1.0,20.0,10 V,0.2,True,1
89.7459,0.12799999999999995,0.001,6.5305751,51020.117968750026,47440.00000000001,0.04744,3.3056808,25825.631250000013,26133.615,0.026133615,0.65,1.0,20.0,10 V,0.2,True,1
89.7629,0.12799999999999995,0.001,6.5305751,51020.117968750026,44580.4,0.0445804,3.3056808,25825.631250000013,23786.766000000003,0.023786766,0.65,1.0,20.0,10 V,0.2,True,1
89.7795,0.12799999999999995,0.001,6.5305751,51020.117968750026,43113.9,0.0431139,3.3056808,25825.631250000013,22548.357000000004,0.022548357,0.65,1.0,20.0,10 V,0.2,True,1
89.7963,0.12799999999999995,0.001,6.5305751,51020.117968750026,47073.4,0.0470734,3.3056808,25825.631250000013,25623.334000000003,0.025623334,0.35,0.7,20.0,10 V,0.2,True,1
89.8030,0.12799999999999995,0.001,6.5305751,51020.117968750026,47293.4,0.0472934,3.3056808,25825.631250000013,22216.786,0.022216786,0.35,0.7,20.0,10 V,0.2,True,1
89.8148,0.12799999999999995,0.001,6.5305751,51020.117968750026,48319.9,0.0483199,3.3056808,25825.631250000013,22986.268,0.022986268,0.35,0.7,20.0,10 V,0.2,True,1
89.8266,0.12799999999999995,0.001,6.5305751,51020.117968750026,49199.8,0.0491998,3.3056808,25825.631250000013,25937.183,0.025937183,0.35,0.7,20.0,10 V,0.2,True,1
89.8382,0.12799999999999995,0.001,6.5305751,51020.117968750026,49199.8,0.0491998,3.3056808,25825.631250000013,25529.549,0.025529549,0.35,0.7,20.0,10 V,0.2,True,1
89.8501,0.12799999999999995,0.001,6.5305751,51020.117968750026,42600.7,0.0426007,3.3056808,25825.631250000013,24597.603,0.024597603,0.35,0.7,20.0,10 V,0.2,True,1
89.8618,0.12799999999999995,0.001,6.5305751,51020.117968750026,45313.600000000006,0.0453136,3.3056808,25825.631250000013,23141.347,0.023141347,0.35,0.7,20.0,10 V,0.2,True,1
89.8736,0.12799999999999995,0.001,6.5305751,51020.117968750026,49126.4,0.0491264,3.3056808,25825.631250000013,25003.759000000002,0.025003759,0.35,0.7,20.0,10 V,0.2,True,1
89.8854,0.12799999999999995,0.001,6.5305751,51020.117968750026,46706.8,0.0467068,3.3056808,25825.631250000013,21309.207000000002,0.021309207,0.35,0.7,20.0,10 V,0.2,True,1
89.8972,0.12799999999999995,0.001,6.5305751,51020.117968750026,46780.1,0.0467801,3.3056808,25825.631250000013,25673.55,0.02567355,0.35,0.7,20.0,10 V,0.2,True,1
89.9088,0.12799999999999995,0.001,6.5305751,51020.117968750026,45900.200000000004,0.0459002,3.3056808,25825.631250000013,23220.363,0.023220363,0.35,0.7,20.0,10 V,0.2,True,1
89.9205,0.12799999999999995,0.001,6.5305751,51020.117968750026,50006.299999999996,0.0500063,3.3056808,25825.631250000013,23569.657000000003,0.023569657,0.35,0.7,20.0,10 V,0.2,True,1
89.9325,0.12799999999999995,0.001,6.5305751,51020.117968750026,46706.8,0.0467068,3.3056808,25825.631250000013,25635.15,0.02563515,0.35,0.7,20.0,10 V,0.2,True,1
89.9442,0.12799999999999995,0.001,6.5305751,51020.117968750026,48686.5,0.0486865,3.3056808,25825.631250000013,25396.625,0.025396625,0.35,0.7,20.0,10 V,0.2,True,1
89.9558,0.12799999999999995,0.001,6.5305751,51020.117968750026,49639.700000000004,0.0496397,3.3056808,25825.631250000013,25653.612,0.025653612,0.35,0.7,20.0,10 V,0.2,True,1
89.9676,0.12799999999999995,0.001,6.5305751,51020.117968750026,46266.799999999996,0.0462668,3.3056808,25825.631250000013,22398.449,0.022398449,0.35,0.7,20.0,10 V,0.2,True,1
89.9917,0.11499999999999995,0.001,5.2822001,45932.174782608716,47513.3,0.0475133,2.5952723,22567.585217391315,22718.205,0.022718205,0.35,0.7,20.0,10 V,0.2,True,1
90.0155,0.10199999999999995,0.001,4.7249441,46322.98137254904,47000.100000000006,0.0470001,2.302713,22575.61764705883,19358.914,0.019358914,0.35,0.7,20.0,10 V,0.2,True,1
90.0389,0.08899999999999995,0.001,4.1187079,46277.61685393261,46120.200000000004,0.0461202,1.9962956,22430.28764044945,22219.001,0.022219001,0.35,0.7,20.0,10 V,0.2,True,1
90.0625,0.07599999999999996,0.001,3.5121052,46211.91052631581,50519.6,0.0505196,1.6966971,22324.961842105273,22224.171000000002,0.022224171,0.35,0.7,20.0,10 V,0.2,True,1
90.0859,0.06299999999999996,0.001,2.9013233,46052.75079365083,46046.9,0.0460469,1.400325,22227.38095238097,20722.126,0.020722126,0.35,0.7,20.0,10 V,0.2,True,1
90.1092,0.04999999999999996,0.001,2.2959673,45919.346000000034,47953.3,0.0479533,1.1117738,22235.476000000017,22039.554,0.022039554,0.35,0.7,20.0,10 V,0.2,True,1
90.1327,0.036999999999999963,0.001,1.7054225,46092.500000000044,46560.100000000006,0.0465601,0.82155955,22204.312162162183,22940.483000000004,0.022940483,0.35,0.7,20.0,10 V,0.2,True,1
90.1562,0.023999999999999966,0.001,1.104906,46037.75000000006,47000.100000000006,0.0470001,0.53439105,22266.29375000003,22298.017,0.022298017,0.35,0.7,20.0,10 V,0.2,True,1
90.1799,0.010999999999999966,0.001,0.5076891,46153.55454545469,47953.3,0.0479533,0.24698602,22453.274545454617,20242.123000000003,0.020242123,0.35,0.7,20.0,10 V,0.2,True,1
90.2029,-0.002000000000000033,0.001,-0.0892341,44617.04999999926,46046.9,0.0460469,-0.042047531,21023.765499999652,19091.589,0.019091589,0.35,0.7,20.0,10 V,0.2,True,1
90.2269,-0.015000000000000032,0.001,-0.6920235,46134.8999999999,49493.00000000001,0.049493,-0.33589681,22393.12066666662,23292.732,0.023292732,0.35,0.7,20.0,10 V,0.2,True,1
90.2504,-0.028000000000000032,0.001,-1.2955458,46269.4928571428,48026.600000000006,0.0480266,-0.62998433,22499.44035714283,21967.919,0.021967919,0.35,0.7,20.0,10 V,0.2,True,1
90.2739,-0.04100000000000003,0.001,-1.8882161,46054.05121951216,45093.700000000004,0.0450937,-0.93300216,22756.150243902423,24074.768,0.024074768,0.35,0.7,20.0,10 V,0.2,True,1
90.2978,-0.05400000000000003,0.001,-2.4921779,46151.442592592575,47879.90000000001,0.0478799,-1.2354208,22878.162962962953,22398.449,0.022398449,0.35,0.7,20.0,10 V,0.2,True,1
90.3214,-0.06700000000000003,0.001,-3.0870477,46075.338805970125,45826.9,0.0458269,-1.5387584,22966.54328358208,23285.348,0.023285348,0.35,0.7,20.0,10 V,0.2,True,1
90.3447,-0.08000000000000003,0.001,-3.6773711,45967.13874999998,46633.4,0.0466334,-1.8393097,22991.37124999999,24755.635000000002,0.024755635,0.35,0.7,20.0,10 V,0.2,True,1
90.3682,-0.09300000000000003,0.001,-4.2511968,45711.79354838708,42160.700000000004,0.0421607,-2.133995,22946.18279569892,24004.614,0.024004614,0.35,0.7,20.0,10 V,0.2,True,1
90.3918,-0.10600000000000002,0.001,-4.8234822,45504.54905660376,43480.600000000006,0.0434806,-2.4280203,22905.851886792447,22927.191,0.022927191,0.35,0.7,20.0,10 V,0.2,True,1
90.4152,-0.11900000000000002,0.001,-5.3904149,45297.60420168066,45093.700000000004,0.0450937,-2.7142002,22808.405042016802,22418.387000000002,0.022418387,0.35,0.7,20.0,10 V,0.2,True,1
90.4417,-0.13200000000000003,0.001,-5.9523287,45093.39924242423,44356.8,0.0443568,-3.006968,22780.0606060606,22205.857,0.022205857,0.35,0.7,20.0,10 V,1.0,True,1
90.4653,-0.14500000000000005,0.001,-6.5200014,44965.52689655171,44037.8,0.0440378,-3.2899802,22689.518620689647,21966.7,0.0219667,0.35,0.7,20.0,10 V,1.0,True,1
90.4888,-0.15800000000000006,0.001,-7.0915896,44883.47848101264,43520.9,0.0435209,-3.5609929,22537.929746835434,21809.74,0.02180974,0.35,0.7,20.0,10 V,1.0,True,1
90.5124,-0.17100000000000007,0.001,-7.6539496,44759.93918128653,42850.0,0.04285,-3.821249,22346.48538011695,21480.199,0.021480199,0.35,0.7,20.0,10 V,1.0,True,1
90.5359,-0.18400000000000008,0.001,-8.2039034,44586.43152173911,42377.0,0.042377,-4.0749393,22146.409239130422,21362.118,0.021362118,0.35,0.7,20.0,10 V,1.0,True,1
90.5592,-0.1970000000000001,0.001,-8.7409006,44370.053807106575,41937.1,0.0419371,-4.3253738,21956.212182741107,21052.184,0.021052184,0.35,0.7,20.0,10 V,1.0,True,1
90.5828,-0.2100000000000001,0.001,-9.2856954,44217.597142857114,41596.200000000004,0.0415962,-4.5819565,21818.840476190468,20765.732,0.020765732,0.35,0.7,20.0,10 V,1.0,True,1
90.6064,-0.22300000000000011,0.001,-9.8698642,44259.48071748877,41090.200000000004,0.0410902,-4.8645395,21814.078475336315,20411.601000000002,0.020411601,0.35,0.7,20.0,10 V,1.0,True,1
90.6298,-0.23600000000000013,0.001,-10.497014,44478.87288135591,40683.3,0.0406833,-5.2013775,22039.735169491516,20182.971,0.020182971,0.35,0.7,20.0,10 V,1.0,True,1
90.6531,-0.24900000000000014,0.001,-11.160535,44821.42570281122,40265.299999999996,0.0402653,-5.50819,22121.244979919666,19958.662,0.019958662,0.35,0.7,20.0,10 V,1.0,True,1
90.6767,-0.2620000000000001,0.001,-11.786321,44985.95801526715,40089.4,0.0400894,-5.8689715,22400.65458015266,19782.646,0.019782646,0.35,0.7,20.0,10 V,1.0,True,1
90.7003,-0.27500000000000013,0.001,nan,nan,39924.4,0.0399244,-6.2737028,22813.464727272716,19822.302,0.019822302,0.35,0.7,20.0,10 V,1.0,True,1
90.7237,-0.28,0.001,nan,nan,39781.4,0.0397814,-6.3830161,22796.486071428568,19679.187,0.019679187,0.35,0.7,20.0,10 V,1.0,True,1
90.7472,-0.267,0.001,-11.835308,44326.99625468164,39396.5,0.0393965,-5.9337633,22223.832584269658,19566.202,0.019566202,0.35,0.7,20.0,10 V,1.0,True,1
90.7708,-0.254,0.001,-11.049914,43503.59842519685,39055.5,0.0390555,-5.5212452,21737.185826771656,19406.25,0.01940625,0.35,0.7,20.0,10 V,1.0,True,1
90.7943,-0.241,0.001,-10.376515,43056.07883817427,38593.6,0.0385936,-5.1465502,21354.980082987553,19128.771,0.019128771,0.35,0.7,20.0,10 V,1.0,True,1
90.8176,-0.22799999999999998,0.001,-9.7460111,42745.66271929825,38428.6,0.0384286,-4.812462,21107.289473684214,19090.445000000003,0.019090445,0.35,0.7,20.0,10 V,1.0,True,1
90.8415,-0.21499999999999997,0.001,-9.1382176,42503.33767441862,38362.6,0.0383626,-4.5096526,20975.128372093026,19059.761000000002,0.019059761,0.35,0.7,20.0,10 V,1.0,True,1
90.8649,-0.20199999999999996,0.001,-8.5563805,42358.3193069307,38340.600000000006,0.0383406,-4.2221535,20901.750000000007,19017.447,0.019017447,0.35,0.7,20.0,10 V,1.0,True,1
90.8885,-0.18899999999999995,0.001,-7.9985851,42320.55608465609,38351.6,0.0383516,-3.9346102,20818.04338624339,19059.097,0.019059097,0.35,0.7,20.0,10 V,1.0,True,1
90.9120,-0.17599999999999993,0.001,-7.4419551,42283.835795454565,38417.600000000006,0.0384176,-3.6583182,20785.898863636372,19102.519,0.019102519,0.35,0.7,20.0,10 V,1.0,True,1
90.9356,-0.16299999999999992,0.001,-6.8989634,42324.92883435585,38560.6,0.0385606,-3.3859746,20772.850306748474,19149.153,0.019149153,0.35,0.7,20.0,10 V,1.0,True,1
90.9450,-0.16299999999999992,0.001,-6.8989634,42324.92883435585,39385.5,0.0393855,-3.3859746,20772.850306748474,19220.267,0.019220267,0.35,0.7,20.0,10 V,1.0,True,1
90.9566,-0.16299999999999992,0.001,-6.8989634,42324.92883435585,39671.4,0.0396714,-3.3859746,20772.850306748474,19243.639,0.019243639,0.35,0.7,20.0,10 V,1.0,True,1
90.9684,-0.16299999999999992,0.001,-6.8989634,42324.92883435585,39858.4,0.0398584,-3.3859746,20772.850306748474,19271.11,0.01927111,0.35,0.7,20.0,10 V,1.0,True,1
90.9802,-0.16299999999999992,0.001,-6.8989634,42324.92883435585,39990.4,0.0399904,-3.3859746,20772.850306748474,19283.183999999997,0.019283184,0.35,0.7,20.0,10 V,1.0,True,1
90.9920,-0.16299999999999992,0.001,-6.8989634,42324.92883435585,40056.4,0.0400564,-3.3859746,20772.850306748474,19290.384000000002,0.019290384,0.35,0.7,20.0,10 V,1.0,True,1
91.0038,-0.16299999999999992,0.001,-6.8989634,42324.92883435585,40155.4,0.0401554,-3.3859746,20772.850306748474,19304.452,0.019304452,0.35,0.7,20.0,10 V,1.0,True,1
91.0155,-0.16299999999999992,0.001,-6.8989634,42324.92883435585,40265.299999999996,0.0402653,-3.3859746,20772.850306748474,19329.375,0.019329375,0.35,0.7,20.0,10 V,1.0,True,1
91.0275,-0.16299999999999992,0.001,-6.8989634,42324.92883435585,40320.3,0.0403203,-3.3859746,20772.850306748474,19324.945,0.019324945,0.35,0.7,20.0,10 V,1.0,True,1
91.0392,-0.16299999999999992,0.001,-6.8989634,42324.92883435585,40386.3,0.0403863,-3.3859746,20772.850306748474,19358.065000000002,0.019358065,0.35,0.7,20.0,10 V,1.0,True,1
91.0509,-0.16299999999999992,0.001,-6.8989634,42324.92883435585,40463.3,0.0404633,-3.3859746,20772.850306748474,19366.816,0.019366816,0.35,0.7,20.0,10 V,1.0,True,1
91.0627,-0.16299999999999992,0.001,-6.8989634,42324.92883435585,40452.299999999996,0.0404523,-3.3859746,20772.850306748474,19378.89,0.01937889,0.35,0.7,20.0,10 V,1.0,True,1
91.0746,-0.16299999999999992,0.001,-6.8989634,42324.92883435585,40518.3,0.0405183,-3.3859746,20772.850306748474,19360.613,0.019360613,0.35,0.7,20.0,10 V,1.0,True,1
91.0863,-0.16299999999999992,0.001,-6.8989634,42324.92883435585,40529.299999999996,0.0405293,-3.3859746,20772.850306748474,19377.893,0.019377893,0.35,0.7,20.0,10 V,1.0,True,1
91.0981,-0.16299999999999992,0.001,-6.8989634,42324.92883435585,40551.3,0.0405513,-3.3859746,20772.850306748474,19377.117,0.019377117,0.35,0.7,20.0,10 V,1.0,True,1
91.1099,-0.16299999999999992,0.001,-6.8989634,42324.92883435585,40562.3,0.0405623,-3.3859746,20772.850306748474,19387.087000000003,0.019387087,0.35,0.7,20.0,10 V,1.0,True,1
91.1217,-0.16299999999999992,0.001,-6.8989634,42324.92883435585,40628.3,0.0406283,-3.3859746,20772.850306748474,19408.133,0.019408133,0.35,0.7,20.0,10 V,1.0,True,1
91.1334,-0.16299999999999992,0.001,-6.8989634,42324.92883435585,40661.3,0.0406613,-3.3859746,20772.850306748474,19410.348,0.019410348,0.35,0.7,20.0,10 V,1.0,True,1
91.1451,-0.16299999999999992,0.001,-6.8989634,42324.92883435585,40650.3,0.0406503,-3.3859746,20772.850306748474,19405.807,0.019405807,0.35,0.7,20.0,10 V,1.0,True,1
91.1569,-0.16299999999999992,0.001,-6.8989634,42324.92883435585,40672.3,0.0406723,-3.3859746,20772.850306748474,19408.354,0.019408354,0.35,0.7,20.0,10 V,1.0,True,1
91.1685,-0.16299999999999992,0.001,-6.8989634,42324.92883435585,40694.3,0.0406943,-3.3859746,20772.850306748474,19424.305,0.019424305,0.35,0.7,20.0,10 V,1.0,True,1
91.1803,-0.16299999999999992,0.001,-6.8989634,42324.92883435585,40705.3,0.0407053,-3.3859746,20772.850306748474,19408.797,0.019408797,0.35,0.7,20.0,10 V,1.0,True,1
91.1921,-0.16299999999999992,0.001,-6.8989634,42324.92883435585,40683.3,0.0406833,-3.3859746,20772.850306748474,19420.982,0.019420982,0.35,0.7,20.0,10 V,1.0,True,1
91.2039,-0.16299999999999992,0.001,-6.8989634,42324.92883435585,40683.3,0.0406833,-3.3859746,20772.850306748474,19407.801,0.019407801,0.35,0.7,20.0,10 V,1.0,True,1
91.2160,-0.16299999999999992,0.001,-6.8989634,42324.92883435585,40716.299999999996,0.0407163,-3.3859746,20772.850306748474,19405.253,0.019405253,0.35,0.7,20.0,10 V,1.0,True,1
91.2276,-0.16299999999999992,0.001,-6.8989634,42324.92883435585,40749.3,0.0407493,-3.3859746,20772.850306748474,19449.45,0.01944945,0.35,0.7,20.0,10 V,1.0,True,1
91.2394,-0.16299999999999992,0.001,-6.8989634,42324.92883435585,40771.3,0.0407713,-3.3859746,20772.850306748474,19454.989,0.019454989,0.35,0.7,20.0,10 V,1.0,True,1
91.2510,-0.16299999999999992,0.001,-6.8989634,42324.92883435585,40782.3,0.0407823,-3.3859746,20772.850306748474,19464.515000000003,0.019464515,0.35,0.7,20.0,10 V,1.0,True,1
91.2629,-0.16299999999999992,0.001,-6.8989634,42324.92883435585,40760.3,0.0407603,-3.3859746,20772.850306748474,19473.043999999998,0.019473044,0.35,0.7,20.0,10 V,1.0,True,1
91.2746,-0.16299999999999992,0.001,-6.8989634,42324.92883435585,40793.3,0.0407933,-3.3859746,20772.850306748474,19488.33,0.01948833,0.35,0.7,20.0,10 V,1.0,True,1
91.2864,-0.16299999999999992,0.001,-6.8989634,42324.92883435585,40771.3,0.0407713,-3.3859746,20772.850306748474,19461.745,0.019461745,0.35,0.7,20.0,10 V,1.0,True,1
91.2980,-0.16299999999999992,0.001,-6.8989634,42324.92883435585,40771.3,0.0407713,-3.3859746,20772.850306748474,19478.25,0.01947825,0.35,0.7,20.0,10 V,1.0,True,1
91.3097,-0.16299999999999992,0.001,-6.8989634,42324.92883435585,40782.3,0.0407823,-3.3859746,20772.850306748474,19477.696,0.019477696,0.35,0.7,20.0,10 V,1.0,True,1
91.3217,-0.16299999999999992,0.001,-6.8989634,42324.92883435585,40760.3,0.0407603,-3.3859746,20772.850306748474,19473.819,0.019473819,0.35,0.7,20.0,10 V,1.0,True,1
91.3333,-0.16299999999999992,0.001,-6.8989634,42324.92883435585,40782.3,0.0407823,-3.3859746,20772.850306748474,19478.25,0.01947825,0.35,0.7,20.0,10 V,1.0,True,1
91.3450,-0.16299999999999992,0.001,-6.8989634,42324.92883435585,40749.3,0.0407493,-3.3859746,20772.850306748474,19465.512000000002,0.019465512,0.35,0.7,20.0,10 V,1.0,True,1
91.3568,-0.16299999999999992,0.001,-6.8989634,42324.92883435585,40749.3,0.0407493,-3.3859746,20772.850306748474,19457.979,0.019457979,0.35,0.7,20.0,10 V,1.0,True,1
91.3686,-0.16299999999999992,0.001,-6.8989634,42324.92883435585,40749.3,0.0407493,-3.3859746,20772.850306748474,19448.896,0.019448896,0.35,0.7,20.0,10 V,1.0,True,1
91.3804,-0.16299999999999992,0.001,-6.8989634,42324.92883435585,40760.3,0.0407603,-3.3859746,20772.850306748474,19453.881,0.019453881,0.35,0.7,20.0,10 V,1.0,True,1
91.3921,-0.16299999999999992,0.001,-6.8989634,42324.92883435585,40771.3,0.0407713,-3.3859746,20772.850306748474,19467.616,0.019467616,0.35,0.7,20.0,10 V,1.0,True,1
91.4037,-0.16299999999999992,0.001,-6.8989634,42324.92883435585,40771.3,0.0407713,-3.3859746,20772.850306748474,19462.078,0.019462078,0.35,0.7,20.0,10 V,1.0,True,1
91.4155,-0.16299999999999992,0.001,-6.8989634,42324.92883435585,40727.3,0.0407273,-3.3859746,20772.850306748474,19467.284000000003,0.019467284,0.35,0.7,20.0,10 V,1.0,True,1
91.4272,-0.16299999999999992,0.001,-6.8989634,42324.92883435585,40738.3,0.0407383,-3.3859746,20772.850306748474,19471.161,0.019471161,0.35,0.7,20.0,10 V,1.0,True,1
91.4391,-0.16299999999999992,0.001,-6.8989634,42324.92883435585,40771.3,0.0407713,-3.3859746,20772.850306748474,19459.198,0.019459198,0.35,0.7,20.0,10 V,1.0,True,1
91.4507,-0.16299999999999992,0.001,-6.8989634,42324.92883435585,40760.3,0.0407603,-3.3859746,20772.850306748474,19472.712,0.019472712,0.35,0.7,20.0,10 V,1.0,True,1
91.4627,-0.16299999999999992,0.001,-6.8989634,42324.92883435585,40760.3,0.0407603,-3.3859746,20772.850306748474,19468.613,0.019468613,0.35,0.7,20.0,10 V,1.0,True,1
91.4743,-0.16299999999999992,0.001,-6.8989634,42324.92883435585,40749.3,0.0407493,-3.3859746,20772.850306748474,19462.41,0.01946241,0.35,0.7,20.0,10 V,1.0,True,1
91.4861,-0.16299999999999992,0.001,-6.8989634,42324.92883435585,40749.3,0.0407493,-3.3859746,20772.850306748474,19469.056,0.019469056,0.35,0.7,20.0,10 V,1.0,True,1
91.4980,-0.16299999999999992,0.001,-6.8989634,42324.92883435585,40771.3,0.0407713,-3.3859746,20772.850306748474,19464.404000000002,0.019464404,0.35,0.7,20.0,10 V,1.0,True,1
91.5096,-0.16299999999999992,0.001,-6.8989634,42324.92883435585,40749.3,0.0407493,-3.3859746,20772.850306748474,19456.318,0.019456318,0.35,0.7,20.0,10 V,1.0,True,1
91.5214,-0.16299999999999992,0.001,-6.8989634,42324.92883435585,40738.3,0.0407383,-3.3859746,20772.850306748474,19466.066000000003,0.019466066,0.35,0.7,20.0,10 V,1.0,True,1
91.5333,-0.16299999999999992,0.001,-6.8989634,42324.92883435585,40749.3,0.0407493,-3.3859746,20772.850306748474,19474.927,0.019474927,0.35,0.7,20.0,10 V,1.0,True,1
91.5451,-0.16299999999999992,0.001,-6.8989634,42324.92883435585,40738.3,0.0407383,-3.3859746,20772.850306748474,19463.185,0.019463185,0.35,0.7,20.0,10 V,1.0,True,1
91.5568,-0.16299999999999992,0.001,-6.8989634,42324.92883435585,40738.3,0.0407383,-3.3859746,20772.850306748474,19464.515000000003,0.019464515,0.35,0.7,20.0,10 V,1.0,True,1
91.5684,-0.16299999999999992,0.001,-6.8989634,42324.92883435585,40738.3,0.0407383,-3.3859746,20772.850306748474,19453.105,0.019453105,0.35,0.7,20.0,10 V,1.0,True,1
