# Created by FreeCAD <https://www.freecad.org>
v 0.000000 0.000000 0.000000
v 75.000000 0.000000 1.000000
v 0.000000 0.000000 1.000000
v 75.000000 0.000000 0.000000
v 0.000000 45.000000 0.000000
v 0.000000 45.000000 1.000000
v 75.000000 45.000000 0.000000
v 75.000000 45.000000 1.000000
v 5.684072 8.834190 0.000000
v 6.001307 8.553144 0.000000
v 5.443314 9.182988 0.000000
v 6.376583 8.356184 0.000000
v 5.293025 9.579268 0.000000
v 6.788089 8.254757 0.000000
v 5.241939 10.000000 0.000000
v 7.211911 8.254757 0.000000
v 5.293025 10.420732 0.000000
v 7.623417 8.356184 0.000000
v 5.443314 10.817012 0.000000
v 5.684072 21.334190 0.000000
v 5.684072 11.165810 0.000000
v 6.001307 21.053144 0.000000
v 6.001307 11.446856 0.000000
v 5.443314 21.682989 0.000000
v 6.376583 20.856184 0.000000
v 6.376583 11.643816 0.000000
v 5.293025 22.079269 0.000000
v 6.788089 20.754757 0.000000
v 6.788089 11.745243 0.000000
v 5.241939 22.500000 0.000000
v 7.211911 20.754757 0.000000
v 7.211911 11.745243 0.000000
v 7.623417 20.856184 0.000000
v 7.623417 11.643816 0.000000
v 7.998693 11.446856 0.000000
v 7.998693 21.053144 0.000000
v 8.315928 11.165810 0.000000
v 8.556685 9.182988 0.000000
v 20.684072 8.834190 0.000000
v 8.315928 8.834190 0.000000
v 21.001308 8.553144 0.000000
v 7.998693 8.553144 0.000000
v 20.443314 9.182988 0.000000
v 8.315928 21.334190 0.000000
v 21.376583 8.356184 0.000000
v 8.706975 9.579268 0.000000
v 20.293026 9.579268 0.000000
v 21.788090 8.254757 0.000000
v 8.758061 10.000000 0.000000
v 20.241940 10.000000 0.000000
v 22.211910 8.254757 0.000000
v 8.706975 10.420732 0.000000
v 20.293026 10.420732 0.000000
v 8.556685 10.817012 0.000000
v 20.443314 10.817012 0.000000
v 20.684072 11.165810 0.000000
v 5.684072 23.665810 0.000000
v 5.684072 33.834190 0.000000
v 6.001307 23.946856 0.000000
v 6.001307 33.553143 0.000000
v 5.443314 23.317011 0.000000
v 5.443314 34.182987 0.000000
v 6.376583 33.356186 0.000000
v 6.376583 24.143816 0.000000
v 5.293025 22.920731 0.000000
v 5.293025 34.579269 0.000000
v 6.788089 33.254757 0.000000
v 6.788089 24.245243 0.000000
v 7.211911 33.254757 0.000000
v 7.211911 24.245243 0.000000
v 7.623417 33.356186 0.000000
v 7.623417 24.143816 0.000000
v 7.998693 23.946856 0.000000
v 7.998693 33.553143 0.000000
v 8.315928 23.665810 0.000000
v 20.684072 21.334190 0.000000
v 21.001308 11.446856 0.000000
v 21.001308 21.053144 0.000000
v 8.556685 21.682989 0.000000
v 20.443314 21.682989 0.000000
v 8.315928 33.834190 0.000000
v 21.376583 20.856184 0.000000
v 21.376583 11.643816 0.000000
v 20.293026 22.079269 0.000000
v 8.706975 22.079269 0.000000
v 8.758061 22.500000 0.000000
v 21.788090 20.754757 0.000000
v 21.788090 11.745243 0.000000
v 20.241940 22.500000 0.000000
v 8.706975 22.920731 0.000000
v 22.211910 20.754757 0.000000
v 22.211910 11.745243 0.000000
v 20.293026 22.920731 0.000000
v 22.623417 20.856184 0.000000
v 22.623417 11.643816 0.000000
v 20.443314 23.317011 0.000000
v 8.556685 23.317011 0.000000
v 22.998692 21.053144 0.000000
v 22.998692 11.446856 0.000000
v 20.684072 23.665810 0.000000
v 23.315928 8.834190 0.000000
v 35.684071 8.834190 0.000000
v 22.998692 8.553144 0.000000
v 36.001308 8.553144 0.000000
v 35.443314 9.182988 0.000000
v 23.556686 9.182988 0.000000
v 23.706974 9.579268 0.000000
v 23.315928 21.334190 0.000000
v 23.315928 11.165810 0.000000
v 36.376583 8.356184 0.000000
v 22.623417 8.356184 0.000000
v 35.293026 9.579268 0.000000
v 7.211911 36.745243 0.000000
v 7.623417 36.643814 0.000000
v 6.788089 36.745243 0.000000
v 6.376583 36.643814 0.000000
v 6.001307 36.446857 0.000000
v 5.684072 36.165810 0.000000
v 5.443314 35.817013 0.000000
v 5.293025 35.420731 0.000000
v 5.241939 35.000000 0.000000
v 36.788090 8.254757 0.000000
v 23.758060 10.000000 0.000000
v 35.241940 10.000000 0.000000
v 37.211910 8.254757 0.000000
v 35.293026 10.420732 0.000000
v 23.706974 10.420732 0.000000
v 35.443314 10.817012 0.000000
v 23.556686 10.817012 0.000000
v 35.684071 11.165810 0.000000
v 20.684072 33.834190 0.000000
v 21.001308 33.553143 0.000000
v 21.001308 23.946856 0.000000
v 21.376583 24.143816 0.000000
v 20.443314 34.182987 0.000000
v 8.556685 34.182987 0.000000
v 21.376583 33.356186 0.000000
v 8.706975 34.579269 0.000000
v 20.293026 34.579269 0.000000
v 21.788090 33.254757 0.000000
v 21.788090 24.245243 0.000000
v 8.758061 35.000000 0.000000
v 20.241940 35.000000 0.000000
v 22.211910 33.254757 0.000000
v 22.211910 24.245243 0.000000
v 22.623417 24.143816 0.000000
v 20.293026 35.420731 0.000000
v 8.706975 35.420731 0.000000
v 22.623417 33.356186 0.000000
v 20.443314 35.817013 0.000000
v 8.556685 35.817013 0.000000
v 22.998692 33.553143 0.000000
v 22.998692 23.946856 0.000000
v 23.315928 23.665810 0.000000
v 20.684072 36.165810 0.000000
v 8.315928 36.165810 0.000000
v 35.684071 21.334190 0.000000
v 36.001308 21.053144 0.000000
v 36.001308 11.446856 0.000000
v 35.443314 21.682989 0.000000
v 23.556686 21.682989 0.000000
v 23.706974 22.079269 0.000000
v 23.315928 33.834190 0.000000
v 36.376583 20.856184 0.000000
v 36.376583 11.643816 0.000000
v 35.293026 22.079269 0.000000
v 21.001308 36.446857 0.000000
v 7.998693 36.446857 0.000000
v 36.788090 20.754757 0.000000
v 36.788090 11.745243 0.000000
v 37.211910 11.745243 0.000000
v 35.241940 22.500000 0.000000
v 23.758060 22.500000 0.000000
v 37.211910 20.754757 0.000000
v 21.376583 36.643814 0.000000
v 35.293026 22.920731 0.000000
v 23.706974 22.920731 0.000000
v 37.623417 20.856184 0.000000
v 37.623417 11.643816 0.000000
v 21.788090 36.745243 0.000000
v 35.443314 23.317011 0.000000
v 23.556686 23.317011 0.000000
v 22.211910 36.745243 0.000000
v 37.998692 11.446856 0.000000
v 37.998692 21.053144 0.000000
v 38.315929 11.165810 0.000000
v 35.684071 23.665810 0.000000
v 50.684071 8.834190 0.000000
v 51.001308 8.553144 0.000000
v 38.315929 8.834190 0.000000
v 37.998692 8.553144 0.000000
v 50.443314 9.182988 0.000000
v 38.556686 9.182988 0.000000
v 38.706974 9.579268 0.000000
v 38.315929 21.334190 0.000000
v 51.376583 8.356184 0.000000
v 37.623417 8.356184 0.000000
v 50.293026 9.579268 0.000000
v 51.788090 8.254757 0.000000
v 38.706974 10.420732 0.000000
v 50.241940 10.000000 0.000000
v 38.758060 10.000000 0.000000
v 50.293026 10.420732 0.000000
v 50.443314 10.817012 0.000000
v 38.556686 10.817012 0.000000
v 50.684071 11.165810 0.000000
v 35.684071 33.834190 0.000000
v 36.001308 33.553143 0.000000
v 36.001308 23.946856 0.000000
v 35.443314 34.182987 0.000000
v 23.556686 34.182987 0.000000
v 23.706974 34.579269 0.000000
v 36.376583 33.356186 0.000000
v 36.376583 24.143816 0.000000
v 35.293026 34.579269 0.000000
v 36.788090 24.245243 0.000000
v 36.788090 33.254757 0.000000
v 37.211910 24.245243 0.000000
v 23.706974 35.420731 0.000000
v 35.241940 35.000000 0.000000
v 23.758060 35.000000 0.000000
v 37.211910 33.254757 0.000000
v 37.623417 24.143816 0.000000
v 35.293026 35.420731 0.000000
v 37.623417 33.356186 0.000000
v 23.556686 35.817013 0.000000
v 35.443314 35.817013 0.000000
v 37.998692 23.946856 0.000000
v 37.998692 33.553143 0.000000
v 38.315929 23.665810 0.000000
v 23.315928 36.165810 0.000000
v 35.684071 36.165810 0.000000
v 22.998692 36.446857 0.000000
v 50.684071 21.334190 0.000000
v 51.001308 11.446856 0.000000
v 51.001308 21.053144 0.000000
v 51.376583 11.643816 0.000000
v 50.443314 21.682989 0.000000
v 38.556686 21.682989 0.000000
v 38.706974 22.079269 0.000000
v 38.315929 33.834190 0.000000
v 51.376583 20.856184 0.000000
v 50.293026 22.079269 0.000000
v 36.001308 36.446857 0.000000
v 51.788090 20.754757 0.000000
v 51.788090 11.745243 0.000000
v 38.706974 22.920731 0.000000
v 50.241940 22.500000 0.000000
v 38.758060 22.500000 0.000000
v 52.211910 20.754757 0.000000
v 52.211910 11.745243 0.000000
v 22.623417 36.643814 0.000000
v 36.376583 36.643814 0.000000
v 50.293026 22.920731 0.000000
v 52.623417 20.856184 0.000000
v 52.623417 11.643816 0.000000
v 36.788090 36.745243 0.000000
v 38.556686 23.317011 0.000000
v 50.443314 23.317011 0.000000
v 52.998692 21.053144 0.000000
v 52.998692 11.446856 0.000000
v 50.684071 23.665810 0.000000
v 53.315929 8.834190 0.000000
v 66.001305 8.553144 0.000000
v 52.998692 8.553144 0.000000
v 65.684074 8.834190 0.000000
v 53.556686 9.182988 0.000000
v 65.443314 9.182988 0.000000
v 53.706974 9.579268 0.000000
v 53.315929 21.334190 0.000000
v 53.315929 11.165810 0.000000
v 66.376579 8.356184 0.000000
v 52.623417 8.356184 0.000000
v 65.293022 9.579268 0.000000
v 52.211910 8.254757 0.000000
v 66.788086 8.254757 0.000000
v 53.758060 10.000000 0.000000
v 65.241936 10.000000 0.000000
v 67.211914 8.254757 0.000000
v 65.293022 10.420732 0.000000
v 53.706974 10.420732 0.000000
v 67.623421 8.356184 0.000000
v 65.443314 10.817012 0.000000
v 53.556686 10.817012 0.000000
v 67.998695 8.553144 0.000000
v 65.684074 11.165810 0.000000
v 68.315926 8.834190 0.000000
v 68.556686 9.182988 0.000000
v 68.706978 9.579268 0.000000
v 68.758064 10.000000 0.000000
v 68.706978 10.420732 0.000000
v 50.684071 33.834190 0.000000
v 51.001308 23.946856 0.000000
v 51.001308 33.553143 0.000000
v 50.443314 34.182987 0.000000
v 38.556686 34.182987 0.000000
v 51.376583 33.356186 0.000000
v 51.376583 24.143816 0.000000
v 51.788090 24.245243 0.000000
v 50.293026 34.579269 0.000000
v 38.706974 34.579269 0.000000
v 51.788090 33.254757 0.000000
v 52.211910 24.245243 0.000000
v 38.706974 35.420731 0.000000
v 50.241940 35.000000 0.000000
v 38.758060 35.000000 0.000000
v 52.211910 33.254757 0.000000
v 50.293026 35.420731 0.000000
v 52.623417 33.356186 0.000000
v 52.623417 24.143816 0.000000
v 38.556686 35.817013 0.000000
v 50.443314 35.817013 0.000000
v 38.315929 36.165810 0.000000
v 52.998692 33.553143 0.000000
v 52.998692 23.946856 0.000000
v 53.315929 23.665810 0.000000
v 37.998692 36.446857 0.000000
v 50.684071 36.165810 0.000000
v 65.684074 21.334190 0.000000
v 66.001305 21.053144 0.000000
v 66.001305 11.446856 0.000000
v 65.443314 21.682989 0.000000
v 53.556686 21.682989 0.000000
v 53.315929 33.834190 0.000000
v 66.376579 20.856184 0.000000
v 66.376579 11.643816 0.000000
v 66.788086 11.745243 0.000000
v 65.293022 22.079269 0.000000
v 53.706974 22.079269 0.000000
v 51.001308 36.446857 0.000000
v 66.788086 20.754757 0.000000
v 67.211914 11.745243 0.000000
v 65.241936 22.500000 0.000000
v 53.758060 22.500000 0.000000
v 67.211914 20.754757 0.000000
v 67.623421 11.643816 0.000000
v 37.623417 36.643814 0.000000
v 51.376583 36.643814 0.000000
v 37.211910 36.745243 0.000000
v 65.293022 22.920731 0.000000
v 53.706974 22.920731 0.000000
v 67.623421 20.856184 0.000000
v 67.998695 11.446856 0.000000
v 51.788090 36.745243 0.000000
v 53.556686 23.317011 0.000000
v 65.443314 23.317011 0.000000
v 67.998695 21.053144 0.000000
v 65.684074 23.665810 0.000000
v 68.315926 21.334190 0.000000
v 68.315926 11.165810 0.000000
v 68.556686 10.817012 0.000000
v 68.556686 21.682989 0.000000
v 68.706978 22.079269 0.000000
v 68.758064 22.500000 0.000000
v 65.684074 33.834190 0.000000
v 53.556686 34.182987 0.000000
v 66.001305 33.553143 0.000000
v 66.001305 23.946856 0.000000
v 53.706974 34.579269 0.000000
v 65.443314 34.182987 0.000000
v 66.376579 33.356186 0.000000
v 66.376579 24.143816 0.000000
v 66.788086 24.245243 0.000000
v 65.293022 34.579269 0.000000
v 66.788086 33.254757 0.000000
v 67.211914 24.245243 0.000000
v 65.241936 35.000000 0.000000
v 53.758060 35.000000 0.000000
v 67.211914 33.254757 0.000000
v 67.623421 24.143816 0.000000
v 53.706974 35.420731 0.000000
v 65.293022 35.420731 0.000000
v 67.623421 33.356186 0.000000
v 67.998695 23.946856 0.000000
v 65.443314 35.817013 0.000000
v 53.556686 35.817013 0.000000
v 67.998695 33.553143 0.000000
v 53.315929 36.165810 0.000000
v 65.684074 36.165810 0.000000
v 68.315926 33.834190 0.000000
v 68.315926 23.665810 0.000000
v 66.001305 36.446857 0.000000
v 52.998692 36.446857 0.000000
v 52.623417 36.643814 0.000000
v 68.556686 34.182987 0.000000
v 68.556686 23.317011 0.000000
v 68.706978 22.920731 0.000000
v 66.376579 36.643814 0.000000
v 68.706978 34.579269 0.000000
v 52.211910 36.745243 0.000000
v 68.706978 35.420731 0.000000
v 68.758064 35.000000 0.000000
v 68.556686 35.817013 0.000000
v 68.315926 36.165810 0.000000
v 67.998695 36.446857 0.000000
v 67.623421 36.643814 0.000000
v 67.211914 36.745243 0.000000
v 66.788086 36.745243 0.000000
v 6.001307 8.553144 1.000000
v 5.684072 8.834190 1.000000
v 5.443314 9.182988 1.000000
v 6.376583 8.356184 1.000000
v 5.293025 9.579268 1.000000
v 6.788089 8.254757 1.000000
v 5.241939 10.000000 1.000000
v 7.211911 8.254757 1.000000
v 5.293025 10.420732 1.000000
v 7.623417 8.356184 1.000000
v 5.684072 21.334190 1.000000
v 5.443314 10.817012 1.000000
v 5.684072 11.165810 1.000000
v 6.001307 21.053144 1.000000
v 6.001307 11.446856 1.000000
v 5.443314 21.682989 1.000000
v 6.376583 20.856184 1.000000
v 6.376583 11.643816 1.000000
v 5.293025 22.079269 1.000000
v 6.788089 20.754757 1.000000
v 6.788089 11.745243 1.000000
v 5.241939 22.500000 1.000000
v 7.211911 20.754757 1.000000
v 7.211911 11.745243 1.000000
v 7.623417 20.856184 1.000000
v 7.623417 11.643816 1.000000
v 7.998693 21.053144 1.000000
v 7.998693 11.446856 1.000000
v 8.315928 11.165810 1.000000
v 20.684072 8.834190 1.000000
v 8.556685 9.182988 1.000000
v 8.315928 8.834190 1.000000
v 21.001308 8.553144 1.000000
v 7.998693 8.553144 1.000000
v 20.443314 9.182988 1.000000
v 8.315928 21.334190 1.000000
v 21.376583 8.356184 1.000000
v 20.293026 9.579268 1.000000
v 8.706975 9.579268 1.000000
v 21.788090 8.254757 1.000000
v 20.241940 10.000000 1.000000
v 8.758061 10.000000 1.000000
v 22.211910 8.254757 1.000000
v 20.293026 10.420732 1.000000
v 8.706975 10.420732 1.000000
v 20.443314 10.817012 1.000000
v 8.556685 10.817012 1.000000
v 20.684072 11.165810 1.000000
v 5.684072 33.834190 1.000000
v 5.684072 23.665810 1.000000
v 6.001307 23.946856 1.000000
v 6.001307 33.553143 1.000000
v 5.443314 34.182987 1.000000
v 5.443314 23.317011 1.000000
v 6.376583 33.356186 1.000000
v 6.376583 24.143816 1.000000
v 5.293025 34.579269 1.000000
v 5.293025 22.920731 1.000000
v 6.788089 33.254757 1.000000
v 6.788089 24.245243 1.000000
v 7.211911 33.254757 1.000000
v 7.211911 24.245243 1.000000
v 7.623417 33.356186 1.000000
v 7.623417 24.143816 1.000000
v 7.998693 33.553143 1.000000
v 7.998693 23.946856 1.000000
v 8.315928 23.665810 1.000000
v 20.684072 21.334190 1.000000
v 21.001308 11.446856 1.000000
v 21.001308 21.053144 1.000000
v 20.443314 21.682989 1.000000
v 8.556685 21.682989 1.000000
v 8.315928 33.834190 1.000000
v 21.376583 20.856184 1.000000
v 21.376583 11.643816 1.000000
v 20.293026 22.079269 1.000000
v 8.706975 22.079269 1.000000
v 8.758061 22.500000 1.000000
v 21.788090 20.754757 1.000000
v 21.788090 11.745243 1.000000
v 20.241940 22.500000 1.000000
v 8.706975 22.920731 1.000000
v 22.211910 20.754757 1.000000
v 22.211910 11.745243 1.000000
v 20.293026 22.920731 1.000000
v 22.623417 20.856184 1.000000
v 22.623417 11.643816 1.000000
v 20.443314 23.317011 1.000000
v 8.556685 23.317011 1.000000
v 22.998692 21.053144 1.000000
v 22.998692 11.446856 1.000000
v 20.684072 23.665810 1.000000
v 35.684071 8.834190 1.000000
v 23.315928 8.834190 1.000000
v 22.998692 8.553144 1.000000
v 36.001308 8.553144 1.000000
v 35.443314 9.182988 1.000000
v 23.556686 9.182988 1.000000
v 23.706974 9.579268 1.000000
v 23.315928 21.334190 1.000000
v 23.315928 11.165810 1.000000
v 36.376583 8.356184 1.000000
v 22.623417 8.356184 1.000000
v 35.293026 9.579268 1.000000
v 7.211911 36.745243 1.000000
v 7.623417 36.643814 1.000000
v 6.788089 36.745243 1.000000
v 6.376583 36.643814 1.000000
v 6.001307 36.446857 1.000000
v 5.684072 36.165810 1.000000
v 5.443314 35.817013 1.000000
v 5.293025 35.420731 1.000000
v 5.241939 35.000000 1.000000
v 36.788090 8.254757 1.000000
v 35.241940 10.000000 1.000000
v 23.758060 10.000000 1.000000
v 37.211910 8.254757 1.000000
v 35.293026 10.420732 1.000000
v 23.706974 10.420732 1.000000
v 35.443314 10.817012 1.000000
v 23.556686 10.817012 1.000000
v 35.684071 11.165810 1.000000
v 20.684072 33.834190 1.000000
v 21.001308 33.553143 1.000000
v 21.001308 23.946856 1.000000
v 21.376583 24.143816 1.000000
v 20.443314 34.182987 1.000000
v 8.556685 34.182987 1.000000
v 21.376583 33.356186 1.000000
v 20.293026 34.579269 1.000000
v 8.706975 34.579269 1.000000
v 21.788090 33.254757 1.000000
v 21.788090 24.245243 1.000000
v 20.241940 35.000000 1.000000
v 8.758061 35.000000 1.000000
v 22.211910 33.254757 1.000000
v 22.211910 24.245243 1.000000
v 22.623417 24.143816 1.000000
v 20.293026 35.420731 1.000000
v 8.706975 35.420731 1.000000
v 22.623417 33.356186 1.000000
v 20.443314 35.817013 1.000000
v 8.556685 35.817013 1.000000
v 22.998692 33.553143 1.000000
v 22.998692 23.946856 1.000000
v 23.315928 23.665810 1.000000
v 20.684072 36.165810 1.000000
v 8.315928 36.165810 1.000000
v 35.684071 21.334190 1.000000
v 36.001308 21.053144 1.000000
v 36.001308 11.446856 1.000000
v 35.443314 21.682989 1.000000
v 23.556686 21.682989 1.000000
v 23.706974 22.079269 1.000000
v 23.315928 33.834190 1.000000
v 36.376583 20.856184 1.000000
v 36.376583 11.643816 1.000000
v 35.293026 22.079269 1.000000
v 21.001308 36.446857 1.000000
v 7.998693 36.446857 1.000000
v 36.788090 20.754757 1.000000
v 36.788090 11.745243 1.000000
v 37.211910 11.745243 1.000000
v 35.241940 22.500000 1.000000
v 23.758060 22.500000 1.000000
v 37.211910 20.754757 1.000000
v 21.376583 36.643814 1.000000
v 35.293026 22.920731 1.000000
v 23.706974 22.920731 1.000000
v 37.623417 20.856184 1.000000
v 37.623417 11.643816 1.000000
v 21.788090 36.745243 1.000000
v 35.443314 23.317011 1.000000
v 23.556686 23.317011 1.000000
v 22.211910 36.745243 1.000000
v 37.998692 21.053144 1.000000
v 37.998692 11.446856 1.000000
v 38.315929 11.165810 1.000000
v 35.684071 23.665810 1.000000
v 51.001308 8.553144 1.000000
v 38.315929 8.834190 1.000000
v 37.998692 8.553144 1.000000
v 50.684071 8.834190 1.000000
v 50.443314 9.182988 1.000000
v 38.556686 9.182988 1.000000
v 38.706974 9.579268 1.000000
v 38.315929 21.334190 1.000000
v 51.376583 8.356184 1.000000
v 37.623417 8.356184 1.000000
v 50.293026 9.579268 1.000000
v 51.788090 8.254757 1.000000
v 50.241940 10.000000 1.000000
v 38.706974 10.420732 1.000000
v 38.758060 10.000000 1.000000
v 50.293026 10.420732 1.000000
v 50.443314 10.817012 1.000000
v 38.556686 10.817012 1.000000
v 50.684071 11.165810 1.000000
v 35.684071 33.834190 1.000000
v 36.001308 33.553143 1.000000
v 36.001308 23.946856 1.000000
v 35.443314 34.182987 1.000000
v 23.556686 34.182987 1.000000
v 23.706974 34.579269 1.000000
v 36.376583 33.356186 1.000000
v 36.376583 24.143816 1.000000
v 35.293026 34.579269 1.000000
v 36.788090 33.254757 1.000000
v 36.788090 24.245243 1.000000
v 37.211910 24.245243 1.000000
v 35.241940 35.000000 1.000000
v 23.758060 35.000000 1.000000
v 23.706974 35.420731 1.000000
v 37.211910 33.254757 1.000000
v 37.623417 24.143816 1.000000
v 35.293026 35.420731 1.000000
v 37.623417 33.356186 1.000000
v 35.443314 35.817013 1.000000
v 23.556686 35.817013 1.000000
v 37.998692 33.553143 1.000000
v 37.998692 23.946856 1.000000
v 38.315929 23.665810 1.000000
v 35.684071 36.165810 1.000000
v 23.315928 36.165810 1.000000
v 22.998692 36.446857 1.000000
v 50.684071 21.334190 1.000000
v 51.001308 21.053144 1.000000
v 51.001308 11.446856 1.000000
v 51.376583 11.643816 1.000000
v 50.443314 21.682989 1.000000
v 38.556686 21.682989 1.000000
v 38.706974 22.079269 1.000000
v 38.315929 33.834190 1.000000
v 51.376583 20.856184 1.000000
v 50.293026 22.079269 1.000000
v 36.001308 36.446857 1.000000
v 51.788090 20.754757 1.000000
v 51.788090 11.745243 1.000000
v 50.241940 22.500000 1.000000
v 38.758060 22.500000 1.000000
v 38.706974 22.920731 1.000000
v 52.211910 20.754757 1.000000
v 52.211910 11.745243 1.000000
v 36.376583 36.643814 1.000000
v 22.623417 36.643814 1.000000
v 50.293026 22.920731 1.000000
v 52.623417 20.856184 1.000000
v 52.623417 11.643816 1.000000
v 36.788090 36.745243 1.000000
v 50.443314 23.317011 1.000000
v 38.556686 23.317011 1.000000
v 52.998692 21.053144 1.000000
v 52.998692 11.446856 1.000000
v 50.684071 23.665810 1.000000
v 66.001305 8.553144 1.000000
v 65.684074 8.834190 1.000000
v 53.315929 8.834190 1.000000
v 52.998692 8.553144 1.000000
v 65.443314 9.182988 1.000000
v 53.556686 9.182988 1.000000
v 53.706974 9.579268 1.000000
v 53.315929 21.334190 1.000000
v 53.315929 11.165810 1.000000
v 66.376579 8.356184 1.000000
v 52.623417 8.356184 1.000000
v 65.293022 9.579268 1.000000
v 52.211910 8.254757 1.000000
v 66.788086 8.254757 1.000000
v 65.241936 10.000000 1.000000
v 53.758060 10.000000 1.000000
v 67.211914 8.254757 1.000000
v 65.293022 10.420732 1.000000
v 53.706974 10.420732 1.000000
v 67.623421 8.356184 1.000000
v 65.443314 10.817012 1.000000
v 53.556686 10.817012 1.000000
v 67.998695 8.553144 1.000000
v 65.684074 11.165810 1.000000
v 68.315926 8.834190 1.000000
v 68.556686 9.182988 1.000000
v 68.706978 9.579268 1.000000
v 68.758064 10.000000 1.000000
v 68.706978 10.420732 1.000000
v 50.684071 33.834190 1.000000
v 51.001308 23.946856 1.000000
v 51.001308 33.553143 1.000000
v 50.443314 34.182987 1.000000
v 38.556686 34.182987 1.000000
v 51.376583 33.356186 1.000000
v 51.376583 24.143816 1.000000
v 51.788090 24.245243 1.000000
v 50.293026 34.579269 1.000000
v 38.706974 34.579269 1.000000
v 51.788090 33.254757 1.000000
v 52.211910 24.245243 1.000000
v 50.241940 35.000000 1.000000
v 38.706974 35.420731 1.000000
v 38.758060 35.000000 1.000000
v 52.211910 33.254757 1.000000
v 50.293026 35.420731 1.000000
v 52.623417 33.356186 1.000000
v 52.623417 24.143816 1.000000
v 50.443314 35.817013 1.000000
v 38.556686 35.817013 1.000000
v 38.315929 36.165810 1.000000
v 52.998692 33.553143 1.000000
v 52.998692 23.946856 1.000000
v 53.315929 23.665810 1.000000
v 50.684071 36.165810 1.000000
v 37.998692 36.446857 1.000000
v 65.684074 21.334190 1.000000
v 66.001305 21.053144 1.000000
v 66.001305 11.446856 1.000000
v 65.443314 21.682989 1.000000
v 53.556686 21.682989 1.000000
v 53.315929 33.834190 1.000000
v 66.376579 20.856184 1.000000
v 66.376579 11.643816 1.000000
v 66.788086 11.745243 1.000000
v 65.293022 22.079269 1.000000
v 53.706974 22.079269 1.000000
v 51.001308 36.446857 1.000000
v 66.788086 20.754757 1.000000
v 67.211914 11.745243 1.000000
v 65.241936 22.500000 1.000000
v 53.758060 22.500000 1.000000
v 67.211914 20.754757 1.000000
v 67.623421 11.643816 1.000000
v 51.376583 36.643814 1.000000
v 37.623417 36.643814 1.000000
v 37.211910 36.745243 1.000000
v 65.293022 22.920731 1.000000
v 53.706974 22.920731 1.000000
v 67.623421 20.856184 1.000000
v 67.998695 11.446856 1.000000
v 51.788090 36.745243 1.000000
v 65.443314 23.317011 1.000000
v 53.556686 23.317011 1.000000
v 67.998695 21.053144 1.000000
v 65.684074 23.665810 1.000000
v 68.315926 21.334190 1.000000
v 68.315926 11.165810 1.000000
v 68.556686 21.682989 1.000000
v 68.556686 10.817012 1.000000
v 68.706978 22.079269 1.000000
v 68.758064 22.500000 1.000000
v 65.684074 33.834190 1.000000
v 53.556686 34.182987 1.000000
v 66.001305 33.553143 1.000000
v 66.001305 23.946856 1.000000
v 65.443314 34.182987 1.000000
v 53.706974 34.579269 1.000000
v 66.376579 33.356186 1.000000
v 66.376579 24.143816 1.000000
v 66.788086 24.245243 1.000000
v 65.293022 34.579269 1.000000
v 66.788086 33.254757 1.000000
v 67.211914 24.245243 1.000000
v 65.241936 35.000000 1.000000
v 53.758060 35.000000 1.000000
v 67.211914 33.254757 1.000000
v 67.623421 24.143816 1.000000
v 65.293022 35.420731 1.000000
v 53.706974 35.420731 1.000000
v 67.623421 33.356186 1.000000
v 67.998695 23.946856 1.000000
v 65.443314 35.817013 1.000000
v 53.556686 35.817013 1.000000
v 67.998695 33.553143 1.000000
v 65.684074 36.165810 1.000000
v 53.315929 36.165810 1.000000
v 68.315926 33.834190 1.000000
v 68.315926 23.665810 1.000000
v 66.001305 36.446857 1.000000
v 52.998692 36.446857 1.000000
v 52.623417 36.643814 1.000000
v 68.556686 34.182987 1.000000
v 68.556686 23.317011 1.000000
v 68.706978 22.920731 1.000000
v 66.376579 36.643814 1.000000
v 68.706978 34.579269 1.000000
v 52.211910 36.745243 1.000000
v 68.706978 35.420731 1.000000
v 68.758064 35.000000 1.000000
v 68.556686 35.817013 1.000000
v 68.315926 36.165810 1.000000
v 67.998695 36.446857 1.000000
v 67.623421 36.643814 1.000000
v 67.211914 36.745243 1.000000
v 66.788086 36.745243 1.000000
v 0.000000 45.000000 2.000000
v 75.000000 45.000000 1.000000
v 75.000000 45.000000 2.000000
v 0.000000 45.000000 1.000000
v 0.000000 40.000000 1.000000
v 0.000000 40.000000 2.000000
v 75.000000 40.000000 2.000000
v 75.000000 40.000000 1.000000
v 75.000000 0.000000 2.000000
v 0.000000 0.000000 1.000000
v 0.000000 0.000000 2.000000
v 75.000000 0.000000 1.000000
v 75.000000 5.000000 1.000000
v 75.000000 5.000000 2.000000
v 0.000000 5.000000 2.000000
v 0.000000 5.000000 1.000000
v 0.000000 0.000000 0.000000
v 75.000000 0.000000 1.000000
v 0.000000 0.000000 1.000000
v 75.000000 0.000000 0.000000
v 75.000000 45.000000 0.000000
v 75.000000 45.000000 1.000000
v 0.000000 45.000000 1.000000
v 0.000000 45.000000 0.000000
v 0.000000 0.000000 0.000000
v 75.000000 0.000000 1.000000
v 0.000000 0.000000 1.000000
v 75.000000 0.000000 0.000000
v 0.000000 45.000000 0.000000
v 0.000000 45.000000 1.000000
v 75.000000 45.000000 0.000000
v 75.000000 45.000000 1.000000
v 5.684072 8.834190 0.000000
v 6.001307 8.553144 0.000000
v 5.443314 9.182988 0.000000
v 6.376583 8.356184 0.000000
v 5.293025 9.579268 0.000000
v 6.788089 8.254757 0.000000
v 5.241939 10.000000 0.000000
v 7.211911 8.254757 0.000000
v 5.293025 10.420732 0.000000
v 7.623417 8.356184 0.000000
v 7.998693 8.553144 0.000000
v 7.998693 11.446856 0.000000
v 8.315928 11.165810 0.000000
v 7.623417 11.643816 0.000000
v 7.211911 11.745243 0.000000
v 6.788089 11.745243 0.000000
v 6.376583 11.643816 0.000000
v 6.001307 11.446856 0.000000
v 5.684072 11.165810 0.000000
v 5.443314 10.817012 0.000000
v 8.706975 10.420732 0.000000
v 8.758061 10.000000 0.000000
v 8.315928 8.834190 0.000000
v 8.556685 9.182988 0.000000
v 8.706975 9.579268 0.000000
v 8.556685 10.817012 0.000000
v 6.001307 8.553144 1.000000
v 5.684072 8.834190 1.000000
v 5.443314 9.182988 1.000000
v 6.376583 8.356184 1.000000
v 5.293025 9.579268 1.000000
v 6.788089 8.254757 1.000000
v 5.241939 10.000000 1.000000
v 7.211911 8.254757 1.000000
v 5.293025 10.420732 1.000000
v 7.623417 8.356184 1.000000
v 7.998693 8.553144 1.000000
v 7.998693 11.446856 1.000000
v 8.315928 11.165810 1.000000
v 7.623417 11.643816 1.000000
v 7.211911 11.745243 1.000000
v 6.788089 11.745243 1.000000
v 6.376583 11.643816 1.000000
v 6.001307 11.446856 1.000000
v 5.684072 11.165810 1.000000
v 5.443314 10.817012 1.000000
v 8.706975 10.420732 1.000000
v 8.758061 10.000000 1.000000
v 8.315928 8.834190 1.000000
v 8.556685 9.182988 1.000000
v 8.706975 9.579268 1.000000
v 8.556685 10.817012 1.000000
v 0.000000 0.000000 0.000000
v 75.000000 0.000000 1.000000
v 0.000000 0.000000 1.000000
v 75.000000 0.000000 0.000000
v 0.000000 45.000000 0.000000
v 0.000000 45.000000 1.000000
v 75.000000 45.000000 0.000000
v 75.000000 45.000000 1.000000
v 5.684072 8.834190 0.000000
v 6.001307 8.553144 0.000000
v 5.443314 9.182988 0.000000
v 6.376583 8.356184 0.000000
v 5.293025 9.579268 0.000000
v 6.788089 8.254757 0.000000
v 5.241939 10.000000 0.000000
v 7.211911 8.254757 0.000000
v 5.293025 10.420732 0.000000
v 7.623417 8.356184 0.000000
v 5.443314 10.817012 0.000000
v 5.684072 21.334190 0.000000
v 5.684072 11.165810 0.000000
v 6.001307 21.053144 0.000000
v 6.001307 11.446856 0.000000
v 5.443314 21.682989 0.000000
v 6.376583 20.856184 0.000000
v 6.376583 11.643816 0.000000
v 5.293025 22.079269 0.000000
v 6.788089 20.754757 0.000000
v 6.788089 11.745243 0.000000
v 5.241939 22.500000 0.000000
v 7.211911 20.754757 0.000000
v 7.211911 11.745243 0.000000
v 7.623417 20.856184 0.000000
v 7.623417 11.643816 0.000000
v 7.998693 11.446856 0.000000
v 7.998693 21.053144 0.000000
v 8.315928 11.165810 0.000000
v 8.315928 8.834190 0.000000
v 21.001308 8.553144 0.000000
v 7.998693 8.553144 0.000000
v 20.684072 8.834190 0.000000
v 20.443314 9.182988 0.000000
v 8.556685 9.182988 0.000000
v 8.315928 21.334190 0.000000
v 21.376583 8.356184 0.000000
v 8.706975 9.579268 0.000000
v 20.293026 9.579268 0.000000
v 21.788090 8.254757 0.000000
v 8.706975 10.420732 0.000000
v 20.241940 10.000000 0.000000
v 8.758061 10.000000 0.000000
v 22.211910 8.254757 0.000000
v 20.293026 10.420732 0.000000
v 8.556685 10.817012 0.000000
v 20.443314 10.817012 0.000000
v 20.684072 11.165810 0.000000
v 5.684072 23.665810 0.000000
v 5.684072 33.834190 0.000000
v 6.001307 23.946856 0.000000
v 6.001307 33.553143 0.000000
v 5.443314 23.317011 0.000000
v 5.443314 34.182987 0.000000
v 6.376583 33.356186 0.000000
v 6.376583 24.143816 0.000000
v 5.293025 22.920731 0.000000
v 5.293025 34.579269 0.000000
v 6.788089 33.254757 0.000000
v 6.788089 24.245243 0.000000
v 7.211911 33.254757 0.000000
v 7.211911 24.245243 0.000000
v 7.623417 33.356186 0.000000
v 7.623417 24.143816 0.000000
v 7.998693 33.553143 0.000000
v 7.998693 23.946856 0.000000
v 20.684072 21.334190 0.000000
v 21.001308 21.053144 0.000000
v 21.001308 11.446856 0.000000
v 8.556685 21.682989 0.000000
v 20.443314 21.682989 0.000000
v 8.315928 33.834190 0.000000
v 8.315928 23.665810 0.000000
v 21.376583 20.856184 0.000000
v 21.376583 11.643816 0.000000
v 8.706975 22.079269 0.000000
v 20.293026 22.079269 0.000000
v 8.758061 22.500000 0.000000
v 21.788090 20.754757 0.000000
v 21.788090 11.745243 0.000000
v 8.706975 22.920731 0.000000
v 20.241940 22.500000 0.000000
v 22.211910 20.754757 0.000000
v 22.211910 11.745243 0.000000
v 22.623417 11.643816 0.000000
v 20.293026 22.920731 0.000000
v 22.623417 20.856184 0.000000
v 20.443314 23.317011 0.000000
v 8.556685 23.317011 0.000000
v 22.998692 21.053144 0.000000
v 22.998692 11.446856 0.000000
v 23.315928 11.165810 0.000000
v 20.684072 23.665810 0.000000
v 35.684071 8.834190 0.000000
v 36.001308 8.553144 0.000000
v 23.315928 8.834190 0.000000
v 22.998692 8.553144 0.000000
v 35.443314 9.182988 0.000000
v 23.556686 9.182988 0.000000
v 23.315928 21.334190 0.000000
v 36.376583 8.356184 0.000000
v 22.623417 8.356184 0.000000
v 35.293026 9.579268 0.000000
v 23.706974 9.579268 0.000000
v 7.211911 36.745243 0.000000
v 7.623417 36.643814 0.000000
v 6.788089 36.745243 0.000000
v 6.376583 36.643814 0.000000
v 6.001307 36.446857 0.000000
v 5.684072 36.165810 0.000000
v 5.443314 35.817013 0.000000
v 5.293025 35.420731 0.000000
v 5.241939 35.000000 0.000000
v 36.788090 8.254757 0.000000
v 35.241940 10.000000 0.000000
v 23.758060 10.000000 0.000000
v 37.211910 8.254757 0.000000
v 23.706974 10.420732 0.000000
v 35.293026 10.420732 0.000000
v 23.556686 10.817012 0.000000
v 35.443314 10.817012 0.000000
v 35.684071 11.165810 0.000000
v 20.684072 33.834190 0.000000
v 21.001308 23.946856 0.000000
v 21.001308 33.553143 0.000000
v 21.376583 24.143816 0.000000
v 8.556685 34.182987 0.000000
v 20.443314 34.182987 0.000000
v 21.376583 33.356186 0.000000
v 8.706975 34.579269 0.000000
v 20.293026 34.579269 0.000000
v 21.788090 33.254757 0.000000
v 21.788090 24.245243 0.000000
v 20.241940 35.000000 0.000000
v 8.758061 35.000000 0.000000
v 22.211910 33.254757 0.000000
v 22.211910 24.245243 0.000000
v 22.623417 24.143816 0.000000
v 20.293026 35.420731 0.000000
v 8.706975 35.420731 0.000000
v 22.623417 33.356186 0.000000
v 20.443314 35.817013 0.000000
v 8.556685 35.817013 0.000000
v 22.998692 33.553143 0.000000
v 22.998692 23.946856 0.000000
v 20.684072 36.165810 0.000000
v 8.315928 36.165810 0.000000
v 7.998693 36.446857 0.000000
v 35.684071 21.334190 0.000000
v 36.001308 21.053144 0.000000
v 36.001308 11.446856 0.000000
v 36.376583 11.643816 0.000000
v 35.443314 21.682989 0.000000
v 23.556686 21.682989 0.000000
v 23.315928 33.834190 0.000000
v 23.315928 23.665810 0.000000
v 36.376583 20.856184 0.000000
v 36.788090 11.745243 0.000000
v 35.293026 22.079269 0.000000
v 23.706974 22.079269 0.000000
v 21.001308 36.446857 0.000000
v 36.788090 20.754757 0.000000
v 35.241940 22.500000 0.000000
v 23.758060 22.500000 0.000000
v 37.211910 11.745243 0.000000
v 37.211910 20.754757 0.000000
v 37.623417 11.643816 0.000000
v 21.376583 36.643814 0.000000
v 35.293026 22.920731 0.000000
v 23.706974 22.920731 0.000000
v 23.556686 23.317011 0.000000
v 37.623417 20.856184 0.000000
v 21.788090 36.745243 0.000000
v 35.443314 23.317011 0.000000
v 22.211910 36.745243 0.000000
v 37.998692 21.053144 0.000000
v 37.998692 11.446856 0.000000
v 35.684071 23.665810 0.000000
v 50.684071 8.834190 0.000000
v 51.001308 8.553144 0.000000
v 38.315929 8.834190 0.000000
v 37.998692 8.553144 0.000000
v 37.623417 8.356184 0.000000
v 50.443314 9.182988 0.000000
v 38.556686 9.182988 0.000000
v 38.706974 9.579268 0.000000
v 38.315929 21.334190 0.000000
v 38.315929 11.165810 0.000000
v 51.376583 8.356184 0.000000
v 38.758060 10.000000 0.000000
v 50.293026 9.579268 0.000000
v 51.788090 8.254757 0.000000
v 50.241940 10.000000 0.000000
v 38.706974 10.420732 0.000000
v 38.556686 10.817012 0.000000
v 50.293026 10.420732 0.000000
v 50.443314 10.817012 0.000000
v 50.684071 11.165810 0.000000
v 35.684071 33.834190 0.000000
v 36.001308 23.946856 0.000000
v 36.001308 33.553143 0.000000
v 36.376583 24.143816 0.000000
v 35.443314 34.182987 0.000000
v 23.556686 34.182987 0.000000
v 23.706974 34.579269 0.000000
v 36.376583 33.356186 0.000000
v 36.788090 24.245243 0.000000
v 35.293026 34.579269 0.000000
v 36.788090 33.254757 0.000000
v 23.758060 35.000000 0.000000
v 35.241940 35.000000 0.000000
v 37.211910 24.245243 0.000000
v 37.211910 33.254757 0.000000
v 37.623417 24.143816 0.000000
v 23.706974 35.420731 0.000000
v 35.293026 35.420731 0.000000
v 37.623417 33.356186 0.000000
v 23.556686 35.817013 0.000000
v 35.443314 35.817013 0.000000
v 37.998692 23.946856 0.000000
v 37.998692 33.553143 0.000000
v 38.315929 23.665810 0.000000
v 23.315928 36.165810 0.000000
v 35.684071 36.165810 0.000000
v 50.684071 21.334190 0.000000
v 51.001308 21.053144 0.000000
v 51.001308 11.446856 0.000000
v 51.376583 11.643816 0.000000
v 50.443314 21.682989 0.000000
v 38.556686 21.682989 0.000000
v 38.706974 22.079269 0.000000
v 38.315929 33.834190 0.000000
v 51.376583 20.856184 0.000000
v 38.758060 22.500000 0.000000
v 50.293026 22.079269 0.000000
v 22.998692 36.446857 0.000000
v 36.001308 36.446857 0.000000
v 51.788090 20.754757 0.000000
v 51.788090 11.745243 0.000000
v 38.706974 22.920731 0.000000
v 50.241940 22.500000 0.000000
v 52.211910 20.754757 0.000000
v 52.211910 11.745243 0.000000
v 52.623417 11.643816 0.000000
v 22.623417 36.643814 0.000000
v 36.376583 36.643814 0.000000
v 50.293026 22.920731 0.000000
v 52.623417 20.856184 0.000000
v 36.788090 36.745243 0.000000
v 38.556686 23.317011 0.000000
v 50.443314 23.317011 0.000000
v 52.998692 21.053144 0.000000
v 52.998692 11.446856 0.000000
v 50.684071 23.665810 0.000000
v 53.315929 8.834190 0.000000
v 66.001305 8.553144 0.000000
v 52.998692 8.553144 0.000000
v 65.684074 8.834190 0.000000
v 53.556686 9.182988 0.000000
v 65.443314 9.182988 0.000000
v 53.706974 9.579268 0.000000
v 53.315929 21.334190 0.000000
v 53.315929 11.165810 0.000000
v 66.376579 8.356184 0.000000
v 52.623417 8.356184 0.000000
v 65.293022 9.579268 0.000000
v 52.211910 8.254757 0.000000
v 66.788086 8.254757 0.000000
v 53.758060 10.000000 0.000000
v 65.241936 10.000000 0.000000
v 67.211914 8.254757 0.000000
v 65.293022 10.420732 0.000000
v 53.706974 10.420732 0.000000
v 67.623421 8.356184 0.000000
v 65.443314 10.817012 0.000000
v 53.556686 10.817012 0.000000
v 67.998695 8.553144 0.000000
v 65.684074 11.165810 0.000000
v 68.315926 8.834190 0.000000
v 68.556686 9.182988 0.000000
v 68.706978 9.579268 0.000000
v 68.758064 10.000000 0.000000
v 68.706978 10.420732 0.000000
v 50.684071 33.834190 0.000000
v 51.001308 23.946856 0.000000
v 51.001308 33.553143 0.000000
v 38.556686 34.182987 0.000000
v 50.443314 34.182987 0.000000
v 38.706974 34.579269 0.000000
v 51.376583 33.356186 0.000000
v 51.376583 24.143816 0.000000
v 51.788090 24.245243 0.000000
v 50.293026 34.579269 0.000000
v 51.788090 33.254757 0.000000
v 52.211910 24.245243 0.000000
v 50.241940 35.000000 0.000000
v 38.758060 35.000000 0.000000
v 52.211910 33.254757 0.000000
v 38.706974 35.420731 0.000000
v 50.293026 35.420731 0.000000
v 52.623417 33.356186 0.000000
v 52.623417 24.143816 0.000000
v 38.556686 35.817013 0.000000
v 50.443314 35.817013 0.000000
v 52.998692 33.553143 0.000000
v 52.998692 23.946856 0.000000
v 53.315929 23.665810 0.000000
v 50.684071 36.165810 0.000000
v 38.315929 36.165810 0.000000
v 37.998692 36.446857 0.000000
v 65.684074 21.334190 0.000000
v 66.001305 21.053144 0.000000
v 66.001305 11.446856 0.000000
v 53.556686 21.682989 0.000000
v 65.443314 21.682989 0.000000
v 53.315929 33.834190 0.000000
v 66.376579 20.856184 0.000000
v 66.376579 11.643816 0.000000
v 66.788086 11.745243 0.000000
v 65.293022 22.079269 0.000000
v 53.706974 22.079269 0.000000
v 51.001308 36.446857 0.000000
v 66.788086 20.754757 0.000000
v 67.211914 11.745243 0.000000
v 65.241936 22.500000 0.000000
v 53.706974 22.920731 0.000000
v 53.758060 22.500000 0.000000
v 67.211914 20.754757 0.000000
v 67.623421 11.643816 0.000000
v 37.623417 36.643814 0.000000
v 51.376583 36.643814 0.000000
v 37.211910 36.745243 0.000000
v 65.293022 22.920731 0.000000
v 67.623421 20.856184 0.000000
v 67.998695 11.446856 0.000000
v 51.788090 36.745243 0.000000
v 53.556686 23.317011 0.000000
v 65.443314 23.317011 0.000000
v 67.998695 21.053144 0.000000
v 65.684074 23.665810 0.000000
v 68.315926 21.334190 0.000000
v 68.315926 11.165810 0.000000
v 68.556686 21.682989 0.000000
v 68.556686 10.817012 0.000000
v 68.706978 22.079269 0.000000
v 68.758064 22.500000 0.000000
v 53.556686 34.182987 0.000000
v 65.684074 33.834190 0.000000
v 66.001305 33.553143 0.000000
v 66.001305 23.946856 0.000000
v 65.443314 34.182987 0.000000
v 53.706974 34.579269 0.000000
v 66.376579 33.356186 0.000000
v 66.376579 24.143816 0.000000
v 66.788086 24.245243 0.000000
v 65.293022 34.579269 0.000000
v 66.788086 33.254757 0.000000
v 67.211914 24.245243 0.000000
v 53.706974 35.420731 0.000000
v 65.241936 35.000000 0.000000
v 53.758060 35.000000 0.000000
v 67.211914 33.254757 0.000000
v 67.623421 24.143816 0.000000
v 65.293022 35.420731 0.000000
v 67.623421 33.356186 0.000000
v 67.998695 23.946856 0.000000
v 65.443314 35.817013 0.000000
v 53.556686 35.817013 0.000000
v 67.998695 33.553143 0.000000
v 53.315929 36.165810 0.000000
v 65.684074 36.165810 0.000000
v 68.315926 33.834190 0.000000
v 68.315926 23.665810 0.000000
v 66.001305 36.446857 0.000000
v 52.998692 36.446857 0.000000
v 52.623417 36.643814 0.000000
v 68.556686 34.182987 0.000000
v 68.556686 23.317011 0.000000
v 68.706978 22.920731 0.000000
v 66.376579 36.643814 0.000000
v 68.706978 34.579269 0.000000
v 52.211910 36.745243 0.000000
v 68.706978 35.420731 0.000000
v 68.758064 35.000000 0.000000
v 68.556686 35.817013 0.000000
v 68.315926 36.165810 0.000000
v 67.998695 36.446857 0.000000
v 67.623421 36.643814 0.000000
v 67.211914 36.745243 0.000000
v 66.788086 36.745243 0.000000
v 6.001307 8.553144 1.000000
v 5.684072 8.834190 1.000000
v 5.443314 9.182988 1.000000
v 6.376583 8.356184 1.000000
v 5.293025 9.579268 1.000000
v 6.788089 8.254757 1.000000
v 5.241939 10.000000 1.000000
v 7.211911 8.254757 1.000000
v 5.293025 10.420732 1.000000
v 7.623417 8.356184 1.000000
v 5.684072 21.334190 1.000000
v 5.443314 10.817012 1.000000
v 5.684072 11.165810 1.000000
v 6.001307 21.053144 1.000000
v 6.001307 11.446856 1.000000
v 5.443314 21.682989 1.000000
v 6.376583 20.856184 1.000000
v 6.376583 11.643816 1.000000
v 5.293025 22.079269 1.000000
v 6.788089 20.754757 1.000000
v 6.788089 11.745243 1.000000
v 5.241939 22.500000 1.000000
v 7.211911 20.754757 1.000000
v 7.211911 11.745243 1.000000
v 7.623417 20.856184 1.000000
v 7.623417 11.643816 1.000000
v 7.998693 21.053144 1.000000
v 7.998693 11.446856 1.000000
v 8.315928 11.165810 1.000000
v 20.684072 8.834190 1.000000
v 8.556685 9.182988 1.000000
v 8.315928 8.834190 1.000000
v 21.001308 8.553144 1.000000
v 7.998693 8.553144 1.000000
v 20.443314 9.182988 1.000000
v 8.315928 21.334190 1.000000
v 21.376583 8.356184 1.000000
v 20.293026 9.579268 1.000000
v 8.706975 9.579268 1.000000
v 21.788090 8.254757 1.000000
v 20.241940 10.000000 1.000000
v 8.758061 10.000000 1.000000
v 22.211910 8.254757 1.000000
v 20.293026 10.420732 1.000000
v 8.706975 10.420732 1.000000
v 20.443314 10.817012 1.000000
v 8.556685 10.817012 1.000000
v 20.684072 11.165810 1.000000
v 5.684072 33.834190 1.000000
v 5.684072 23.665810 1.000000
v 6.001307 23.946856 1.000000
v 6.001307 33.553143 1.000000
v 5.443314 34.182987 1.000000
v 5.443314 23.317011 1.000000
v 6.376583 33.356186 1.000000
v 6.376583 24.143816 1.000000
v 5.293025 34.579269 1.000000
v 5.293025 22.920731 1.000000
v 6.788089 33.254757 1.000000
v 6.788089 24.245243 1.000000
v 7.211911 33.254757 1.000000
v 7.211911 24.245243 1.000000
v 7.623417 33.356186 1.000000
v 7.623417 24.143816 1.000000
v 7.998693 33.553143 1.000000
v 7.998693 23.946856 1.000000
v 8.315928 23.665810 1.000000
v 20.684072 21.334190 1.000000
v 21.001308 11.446856 1.000000
v 21.001308 21.053144 1.000000
v 20.443314 21.682989 1.000000
v 8.556685 21.682989 1.000000
v 8.315928 33.834190 1.000000
v 21.376583 20.856184 1.000000
v 21.376583 11.643816 1.000000
v 20.293026 22.079269 1.000000
v 8.706975 22.079269 1.000000
v 8.758061 22.500000 1.000000
v 21.788090 20.754757 1.000000
v 21.788090 11.745243 1.000000
v 20.241940 22.500000 1.000000
v 8.706975 22.920731 1.000000
v 22.211910 20.754757 1.000000
v 22.211910 11.745243 1.000000
v 20.293026 22.920731 1.000000
v 22.623417 20.856184 1.000000
v 22.623417 11.643816 1.000000
v 20.443314 23.317011 1.000000
v 8.556685 23.317011 1.000000
v 22.998692 21.053144 1.000000
v 22.998692 11.446856 1.000000
v 20.684072 23.665810 1.000000
v 35.684071 8.834190 1.000000
v 23.315928 8.834190 1.000000
v 22.998692 8.553144 1.000000
v 36.001308 8.553144 1.000000
v 35.443314 9.182988 1.000000
v 23.556686 9.182988 1.000000
v 23.706974 9.579268 1.000000
v 23.315928 21.334190 1.000000
v 23.315928 11.165810 1.000000
v 36.376583 8.356184 1.000000
v 22.623417 8.356184 1.000000
v 35.293026 9.579268 1.000000
v 7.211911 36.745243 1.000000
v 7.623417 36.643814 1.000000
v 6.788089 36.745243 1.000000
v 6.376583 36.643814 1.000000
v 6.001307 36.446857 1.000000
v 5.684072 36.165810 1.000000
v 5.443314 35.817013 1.000000
v 5.293025 35.420731 1.000000
v 5.241939 35.000000 1.000000
v 36.788090 8.254757 1.000000
v 35.241940 10.000000 1.000000
v 23.758060 10.000000 1.000000
v 37.211910 8.254757 1.000000
v 35.293026 10.420732 1.000000
v 23.706974 10.420732 1.000000
v 35.443314 10.817012 1.000000
v 23.556686 10.817012 1.000000
v 35.684071 11.165810 1.000000
v 20.684072 33.834190 1.000000
v 21.001308 33.553143 1.000000
v 21.001308 23.946856 1.000000
v 21.376583 24.143816 1.000000
v 20.443314 34.182987 1.000000
v 8.556685 34.182987 1.000000
v 21.376583 33.356186 1.000000
v 20.293026 34.579269 1.000000
v 8.706975 34.579269 1.000000
v 21.788090 33.254757 1.000000
v 21.788090 24.245243 1.000000
v 20.241940 35.000000 1.000000
v 8.758061 35.000000 1.000000
v 22.211910 33.254757 1.000000
v 22.211910 24.245243 1.000000
v 22.623417 24.143816 1.000000
v 20.293026 35.420731 1.000000
v 8.706975 35.420731 1.000000
v 22.623417 33.356186 1.000000
v 20.443314 35.817013 1.000000
v 8.556685 35.817013 1.000000
v 22.998692 33.553143 1.000000
v 22.998692 23.946856 1.000000
v 23.315928 23.665810 1.000000
v 20.684072 36.165810 1.000000
v 8.315928 36.165810 1.000000
v 35.684071 21.334190 1.000000
v 36.001308 21.053144 1.000000
v 36.001308 11.446856 1.000000
v 35.443314 21.682989 1.000000
v 23.556686 21.682989 1.000000
v 23.706974 22.079269 1.000000
v 23.315928 33.834190 1.000000
v 36.376583 20.856184 1.000000
v 36.376583 11.643816 1.000000
v 35.293026 22.079269 1.000000
v 21.001308 36.446857 1.000000
v 7.998693 36.446857 1.000000
v 36.788090 20.754757 1.000000
v 36.788090 11.745243 1.000000
v 37.211910 11.745243 1.000000
v 35.241940 22.500000 1.000000
v 23.758060 22.500000 1.000000
v 37.211910 20.754757 1.000000
v 21.376583 36.643814 1.000000
v 35.293026 22.920731 1.000000
v 23.706974 22.920731 1.000000
v 37.623417 20.856184 1.000000
v 37.623417 11.643816 1.000000
v 21.788090 36.745243 1.000000
v 35.443314 23.317011 1.000000
v 23.556686 23.317011 1.000000
v 22.211910 36.745243 1.000000
v 37.998692 21.053144 1.000000
v 37.998692 11.446856 1.000000
v 38.315929 11.165810 1.000000
v 35.684071 23.665810 1.000000
v 51.001308 8.553144 1.000000
v 38.315929 8.834190 1.000000
v 37.998692 8.553144 1.000000
v 50.684071 8.834190 1.000000
v 50.443314 9.182988 1.000000
v 38.556686 9.182988 1.000000
v 38.706974 9.579268 1.000000
v 38.315929 21.334190 1.000000
v 51.376583 8.356184 1.000000
v 37.623417 8.356184 1.000000
v 50.293026 9.579268 1.000000
v 51.788090 8.254757 1.000000
v 50.241940 10.000000 1.000000
v 38.706974 10.420732 1.000000
v 38.758060 10.000000 1.000000
v 50.293026 10.420732 1.000000
v 50.443314 10.817012 1.000000
v 38.556686 10.817012 1.000000
v 50.684071 11.165810 1.000000
v 35.684071 33.834190 1.000000
v 36.001308 33.553143 1.000000
v 36.001308 23.946856 1.000000
v 35.443314 34.182987 1.000000
v 23.556686 34.182987 1.000000
v 23.706974 34.579269 1.000000
v 36.376583 33.356186 1.000000
v 36.376583 24.143816 1.000000
v 35.293026 34.579269 1.000000
v 36.788090 33.254757 1.000000
v 36.788090 24.245243 1.000000
v 37.211910 24.245243 1.000000
v 35.241940 35.000000 1.000000
v 23.758060 35.000000 1.000000
v 23.706974 35.420731 1.000000
v 37.211910 33.254757 1.000000
v 37.623417 24.143816 1.000000
v 35.293026 35.420731 1.000000
v 37.623417 33.356186 1.000000
v 35.443314 35.817013 1.000000
v 23.556686 35.817013 1.000000
v 37.998692 33.553143 1.000000
v 37.998692 23.946856 1.000000
v 38.315929 23.665810 1.000000
v 35.684071 36.165810 1.000000
v 23.315928 36.165810 1.000000
v 22.998692 36.446857 1.000000
v 50.684071 21.334190 1.000000
v 51.001308 21.053144 1.000000
v 51.001308 11.446856 1.000000
v 51.376583 11.643816 1.000000
v 50.443314 21.682989 1.000000
v 38.556686 21.682989 1.000000
v 38.706974 22.079269 1.000000
v 38.315929 33.834190 1.000000
v 51.376583 20.856184 1.000000
v 50.293026 22.079269 1.000000
v 36.001308 36.446857 1.000000
v 51.788090 20.754757 1.000000
v 51.788090 11.745243 1.000000
v 50.241940 22.500000 1.000000
v 38.758060 22.500000 1.000000
v 38.706974 22.920731 1.000000
v 52.211910 20.754757 1.000000
v 52.211910 11.745243 1.000000
v 36.376583 36.643814 1.000000
v 22.623417 36.643814 1.000000
v 50.293026 22.920731 1.000000
v 52.623417 20.856184 1.000000
v 52.623417 11.643816 1.000000
v 36.788090 36.745243 1.000000
v 50.443314 23.317011 1.000000
v 38.556686 23.317011 1.000000
v 52.998692 21.053144 1.000000
v 52.998692 11.446856 1.000000
v 50.684071 23.665810 1.000000
v 66.001305 8.553144 1.000000
v 65.684074 8.834190 1.000000
v 53.315929 8.834190 1.000000
v 52.998692 8.553144 1.000000
v 65.443314 9.182988 1.000000
v 53.556686 9.182988 1.000000
v 53.706974 9.579268 1.000000
v 53.315929 21.334190 1.000000
v 53.315929 11.165810 1.000000
v 66.376579 8.356184 1.000000
v 52.623417 8.356184 1.000000
v 65.293022 9.579268 1.000000
v 52.211910 8.254757 1.000000
v 66.788086 8.254757 1.000000
v 65.241936 10.000000 1.000000
v 53.758060 10.000000 1.000000
v 67.211914 8.254757 1.000000
v 65.293022 10.420732 1.000000
v 53.706974 10.420732 1.000000
v 67.623421 8.356184 1.000000
v 65.443314 10.817012 1.000000
v 53.556686 10.817012 1.000000
v 67.998695 8.553144 1.000000
v 65.684074 11.165810 1.000000
v 68.315926 8.834190 1.000000
v 68.556686 9.182988 1.000000
v 68.706978 9.579268 1.000000
v 68.758064 10.000000 1.000000
v 68.706978 10.420732 1.000000
v 50.684071 33.834190 1.000000
v 51.001308 23.946856 1.000000
v 51.001308 33.553143 1.000000
v 50.443314 34.182987 1.000000
v 38.556686 34.182987 1.000000
v 51.376583 33.356186 1.000000
v 51.376583 24.143816 1.000000
v 51.788090 24.245243 1.000000
v 50.293026 34.579269 1.000000
v 38.706974 34.579269 1.000000
v 51.788090 33.254757 1.000000
v 52.211910 24.245243 1.000000
v 50.241940 35.000000 1.000000
v 38.706974 35.420731 1.000000
v 38.758060 35.000000 1.000000
v 52.211910 33.254757 1.000000
v 50.293026 35.420731 1.000000
v 52.623417 33.356186 1.000000
v 52.623417 24.143816 1.000000
v 50.443314 35.817013 1.000000
v 38.556686 35.817013 1.000000
v 38.315929 36.165810 1.000000
v 52.998692 33.553143 1.000000
v 52.998692 23.946856 1.000000
v 53.315929 23.665810 1.000000
v 50.684071 36.165810 1.000000
v 37.998692 36.446857 1.000000
v 65.684074 21.334190 1.000000
v 66.001305 21.053144 1.000000
v 66.001305 11.446856 1.000000
v 65.443314 21.682989 1.000000
v 53.556686 21.682989 1.000000
v 53.315929 33.834190 1.000000
v 66.376579 20.856184 1.000000
v 66.376579 11.643816 1.000000
v 66.788086 11.745243 1.000000
v 65.293022 22.079269 1.000000
v 53.706974 22.079269 1.000000
v 51.001308 36.446857 1.000000
v 66.788086 20.754757 1.000000
v 67.211914 11.745243 1.000000
v 65.241936 22.500000 1.000000
v 53.758060 22.500000 1.000000
v 67.211914 20.754757 1.000000
v 67.623421 11.643816 1.000000
v 51.376583 36.643814 1.000000
v 37.623417 36.643814 1.000000
v 37.211910 36.745243 1.000000
v 65.293022 22.920731 1.000000
v 53.706974 22.920731 1.000000
v 67.623421 20.856184 1.000000
v 67.998695 11.446856 1.000000
v 51.788090 36.745243 1.000000
v 65.443314 23.317011 1.000000
v 53.556686 23.317011 1.000000
v 67.998695 21.053144 1.000000
v 65.684074 23.665810 1.000000
v 68.315926 21.334190 1.000000
v 68.315926 11.165810 1.000000
v 68.556686 21.682989 1.000000
v 68.556686 10.817012 1.000000
v 68.706978 22.079269 1.000000
v 68.758064 22.500000 1.000000
v 65.684074 33.834190 1.000000
v 53.556686 34.182987 1.000000
v 66.001305 33.553143 1.000000
v 66.001305 23.946856 1.000000
v 65.443314 34.182987 1.000000
v 53.706974 34.579269 1.000000
v 66.376579 33.356186 1.000000
v 66.376579 24.143816 1.000000
v 66.788086 24.245243 1.000000
v 65.293022 34.579269 1.000000
v 66.788086 33.254757 1.000000
v 67.211914 24.245243 1.000000
v 65.241936 35.000000 1.000000
v 53.758060 35.000000 1.000000
v 67.211914 33.254757 1.000000
v 67.623421 24.143816 1.000000
v 65.293022 35.420731 1.000000
v 53.706974 35.420731 1.000000
v 67.623421 33.356186 1.000000
v 67.998695 23.946856 1.000000
v 65.443314 35.817013 1.000000
v 53.556686 35.817013 1.000000
v 67.998695 33.553143 1.000000
v 65.684074 36.165810 1.000000
v 53.315929 36.165810 1.000000
v 68.315926 33.834190 1.000000
v 68.315926 23.665810 1.000000
v 66.001305 36.446857 1.000000
v 52.998692 36.446857 1.000000
v 52.623417 36.643814 1.000000
v 68.556686 34.182987 1.000000
v 68.556686 23.317011 1.000000
v 68.706978 22.920731 1.000000
v 66.376579 36.643814 1.000000
v 68.706978 34.579269 1.000000
v 52.211910 36.745243 1.000000
v 68.706978 35.420731 1.000000
v 68.758064 35.000000 1.000000
v 68.556686 35.817013 1.000000
v 68.315926 36.165810 1.000000
v 67.998695 36.446857 1.000000
v 67.623421 36.643814 1.000000
v 67.211914 36.745243 1.000000
v 66.788086 36.745243 1.000000
vn 0.000000 -1.000000 0.000000
vn 0.000000 -1.000000 0.000000
vn -1.000000 0.000000 0.000000
vn -1.000000 -0.000000 0.000000
vn 1.000000 0.000000 0.000000
vn 1.000000 -0.000000 0.000000
vn 0.000000 -0.000000 -1.000000
vn 0.000000 0.000000 -1.000000
vn 0.000000 -0.000000 -1.000000
vn 0.000000 0.000000 -1.000000
vn 0.000000 -0.000000 -1.000000
vn 0.000000 0.000000 -1.000000
vn 0.000000 -0.000000 -1.000000
vn 0.000000 0.000000 -1.000000
vn 0.000000 -0.000000 -1.000000
vn 0.000000 0.000000 -1.000000
vn 0.000000 0.000000 -1.000000
vn 0.000000 0.000000 -1.000000
vn 0.000000 0.000000 -1.000000
vn 0.000000 0.000000 -1.000000
vn 0.000000 0.000000 -1.000000
vn 0.000000 0.000000 -1.000000
vn 0.000000 0.000000 -1.000000
vn 0.000000 0.000000 -1.000000
vn 0.000000 0.000000 -1.000000
vn 0.000000 0.000000 -1.000000
vn 0.000000 0.000000 -1.000000
vn 0.000000 0.000000 -1.000000
vn 0.000000 0.000000 -1.000000
vn 0.000000 0.000000 -1.000000
vn 0.000000 0.000000 -1.000000
vn 0.000000 0.000000 -1.000000
vn 0.000000 0.000000 -1.000000
vn 0.000000 0.000000 -1.000000
vn 0.000000 -0.000000 -1.000000
vn 0.000000 -0.000000 -1.000000
vn -0.000000 -0.000000 -1.000000
vn 0.000000 0.000000 -1.000000
vn 0.000000 0.000000 -1.000000
vn 0.000000 -0.000000 -1.000000
vn -0.000000 -0.000000 -1.000000
vn 0.000000 -0.000000 -1.000000
vn 0.000000 -0.000000 -1.000000
vn 0.000000 0.000000 -1.000000
vn 0.000000 -0.000000 -1.000000
vn 0.000000 -0.000000 -1.000000
vn 0.000000 0.000000 -1.000000
vn 0.000000 -0.000000 -1.000000
vn 0.000000 0.000000 -1.000000
vn 0.000000 0.000000 -1.000000
vn 0.000000 0.000000 -1.000000
vn 0.000000 0.000000 -1.000000
vn 0.000000 0.000000 -1.000000
vn 0.000000 0.000000 -1.000000
vn 0.000000 0.000000 -1.000000
vn 0.000000 0.000000 -1.000000
vn 0.000000 0.000000 -1.000000
vn 0.000000 0.000000 -1.000000
vn 0.000000 0.000000 -1.000000
vn 0.000000 0.000000 -1.000000
vn 0.000000 0.000000 -1.000000
vn 0.000000 0.000000 -1.000000
vn 0.000000 0.000000 -1.000000
vn 0.000000 0.000000 -1.000000
vn 0.000000 0.000000 -1.000000
vn 0.000000 0.000000 -1.000000
vn 0.000000 0.000000 -1.000000
vn 0.000000 0.000000 -1.000000
vn 0.000000 0.000000 -1.000000
vn 0.000000 0.000000 -1.000000
vn 0.000000 0.000000 -1.000000
vn 0.000000 0.000000 -1.000000
vn 0.000000 0.000000 -1.000000
vn 0.000000 0.000000 -1.000000
vn 0.000000 0.000000 -1.000000
vn 0.000000 -0.000000 -1.000000
vn 0.000000 0.000000 -1.000000
vn 0.000000 0.000000 -1.000000
vn 0.000000 0.000000 -1.000000
vn 0.000000 0.000000 -1.000000
vn 0.000000 0.000000 -1.000000
vn 0.000000 -0.000000 -1.000000
vn 0.000000 -0.000000 -1.000000
vn 0.000000 0.000000 -1.000000
vn 0.000000 0.000000 -1.000000
vn 0.000000 0.000000 -1.000000
vn 0.000000 0.000000 -1.000000
vn 0.000000 0.000000 -1.000000
vn 0.000000 0.000000 -1.000000
vn 0.000000 0.000000 -1.000000
vn 0.000000 0.000000 -1.000000
vn 0.000000 0.000000 -1.000000
vn 0.000000 0.000000 -1.000000
vn 0.000000 0.000000 -1.000000
vn 0.000000 0.000000 -1.000000
vn 0.000000 0.000000 -1.000000
vn 0.000000 0.000000 -1.000000
vn 0.000000 0.000000 -1.000000
vn 0.000000 -0.000000 -1.000000
vn 0.000000 -0.000000 -1.000000
vn 0.000000 0.000000 -1.000000
vn 0.000000 -0.000000 -1.000000
vn 0.000000 -0.000000 -1.000000
vn 0.000000 0.000000 -1.000000
vn 0.000000 0.000000 -1.000000
vn -0.000000 -0.000000 -1.000000
vn 0.000000 -0.000000 -1.000000
vn 0.000000 0.000000 -1.000000
vn 0.000000 0.000000 -1.000000
vn 0.000000 0.000000 -1.000000
vn 0.000000 0.000000 -1.000000
vn 0.000000 0.000000 -1.000000
vn 0.000000 0.000000 -1.000000
vn 0.000000 0.000000 -1.000000
vn 0.000000 0.000000 -1.000000
vn 0.000000 0.000000 -1.000000
vn 0.000000 0.000000 -1.000000
vn 0.000000 0.000000 -1.000000
vn 0.000000 0.000000 -1.000000
vn 0.000000 0.000000 -1.000000
vn -0.000000 -0.000000 -1.000000
vn 0.000000 -0.000000 -1.000000
vn 0.000000 -0.000000 -1.000000
vn 0.000000 -0.000000 -1.000000
vn 0.000000 0.000000 -1.000000
vn 0.000000 -0.000000 -1.000000
vn 0.000000 0.000000 -1.000000
vn 0.000000 0.000000 -1.000000
vn 0.000000 0.000000 -1.000000
vn 0.000000 0.000000 -1.000000
vn 0.000000 0.000000 -1.000000
vn 0.000000 0.000000 -1.000000
vn 0.000000 0.000000 -1.000000
vn 0.000000 0.000000 -1.000000
vn 0.000000 0.000000 -1.000000
vn 0.000000 0.000000 -1.000000
vn 0.000000 0.000000 -1.000000
vn 0.000000 0.000000 -1.000000
vn 0.000000 -0.000000 -1.000000
vn 0.000000 0.000000 -1.000000
vn 0.000000 -0.000000 -1.000000
vn 0.000000 0.000000 -1.000000
vn 0.000000 0.000000 -1.000000
vn 0.000000 0.000000 -1.000000
vn 0.000000 -0.000000 -1.000000
vn 0.000000 0.000000 -1.000000
vn 0.000000 0.000000 -1.000000
vn 0.000000 0.000000 -1.000000
vn 0.000000 0.000000 -1.000000
vn 0.000000 0.000000 -1.000000
vn 0.000000 0.000000 -1.000000
vn 0.000000 0.000000 -1.000000
vn 0.000000 0.000000 -1.000000
vn 0.000000 0.000000 -1.000000
vn 0.000000 0.000000 -1.000000
vn 0.000000 0.000000 -1.000000
vn 0.000000 0.000000 -1.000000
vn 0.000000 0.000000 -1.000000
vn 0.000000 0.000000 -1.000000
vn 0.000000 0.000000 -1.000000
vn 0.000000 0.000000 -1.000000
vn 0.000000 0.000000 -1.000000
vn 0.000000 0.000000 -1.000000
vn 0.000000 0.000000 -1.000000
vn 0.000000 -0.000000 -1.000000
vn 0.000000 -0.000000 -1.000000
vn 0.000000 0.000000 -1.000000
vn 0.000000 0.000000 -1.000000
vn 0.000000 0.000000 -1.000000
vn 0.000000 0.000000 -1.000000
vn 0.000000 0.000000 -1.000000
vn 0.000000 0.000000 -1.000000
vn 0.000000 0.000000 -1.000000
vn 0.000000 0.000000 -1.000000
vn 0.000000 0.000000 -1.000000
vn 0.000000 0.000000 -1.000000
vn 0.000000 -0.000000 -1.000000
vn 0.000000 0.000000 -1.000000
vn 0.000000 0.000000 -1.000000
vn 0.000000 0.000000 -1.000000
vn 0.000000 0.000000 -1.000000
vn 0.000000 0.000000 -1.000000
vn 0.000000 0.000000 -1.000000
vn 0.000000 0.000000 -1.000000
vn 0.000000 0.000000 -1.000000
vn 0.000000 0.000000 -1.000000
vn 0.000000 0.000000 -1.000000
vn 0.000000 0.000000 -1.000000
vn 0.000000 0.000000 -1.000000
vn 0.000000 0.000000 -1.000000
vn 0.000000 0.000000 -1.000000
vn 0.000000 0.000000 -1.000000
vn 0.000000 0.000000 -1.000000
vn 0.000000 0.000000 -1.000000
vn -0.000000 -0.000000 -1.000000
vn 0.000000 -0.000000 -1.000000
vn 0.000000 0.000000 -1.000000
vn 0.000000 -0.000000 -1.000000
vn 0.000000 -0.000000 -1.000000
vn 0.000000 0.000000 -1.000000
vn -0.000000 -0.000000 -1.000000
vn 0.000000 -0.000000 -1.000000
vn 0.000000 0.000000 -1.000000
vn 0.000000 -0.000000 -1.000000
vn -0.000000 -0.000000 -1.000000
vn 0.000000 0.000000 -1.000000
vn 0.000000 -0.000000 -1.000000
vn 0.000000 0.000000 -1.000000
vn 0.000000 0.000000 -1.000000
vn 0.000000 0.000000 -1.000000
vn 0.000000 0.000000 -1.000000
vn 0.000000 0.000000 -1.000000
vn 0.000000 0.000000 -1.000000
vn 0.000000 0.000000 -1.000000
vn 0.000000 0.000000 -1.000000
vn 0.000000 0.000000 -1.000000
vn 0.000000 0.000000 -1.000000
vn 0.000000 0.000000 -1.000000
vn 0.000000 0.000000 -1.000000
vn 0.000000 -0.000000 -1.000000
vn 0.000000 -0.000000 -1.000000
vn 0.000000 0.000000 -1.000000
vn 0.000000 0.000000 -1.000000
vn 0.000000 0.000000 -1.000000
vn 0.000000 0.000000 -1.000000
vn 0.000000 0.000000 -1.000000
vn 0.000000 0.000000 -1.000000
vn 0.000000 0.000000 -1.000000
vn 0.000000 -0.000000 -1.000000
vn 0.000000 0.000000 -1.000000
vn 0.000000 0.000000 -1.000000
vn 0.000000 0.000000 -1.000000
vn 0.000000 0.000000 -1.000000
vn 0.000000 0.000000 -1.000000
vn 0.000000 0.000000 -1.000000
vn 0.000000 0.000000 -1.000000
vn 0.000000 0.000000 -1.000000
vn 0.000000 0.000000 -1.000000
vn 0.000000 0.000000 -1.000000
vn 0.000000 0.000000 -1.000000
vn 0.000000 0.000000 -1.000000
vn 0.000000 0.000000 -1.000000
vn 0.000000 0.000000 -1.000000
vn 0.000000 0.000000 -1.000000
vn 0.000000 0.000000 -1.000000
vn 0.000000 0.000000 -1.000000
vn 0.000000 0.000000 -1.000000
vn 0.000000 -0.000000 -1.000000
vn 0.000000 -0.000000 -1.000000
vn 0.000000 0.000000 -1.000000
vn 0.000000 0.000000 -1.000000
vn 0.000000 0.000000 -1.000000
vn 0.000000 0.000000 -1.000000
vn 0.000000 0.000000 -1.000000
vn 0.000000 0.000000 -1.000000
vn 0.000000 0.000000 -1.000000
vn 0.000000 -0.000000 -1.000000
vn 0.000000 0.000000 -1.000000
vn 0.000000 0.000000 -1.000000
vn 0.000000 0.000000 -1.000000
vn 0.000000 0.000000 -1.000000
vn 0.000000 0.000000 -1.000000
vn 0.000000 0.000000 -1.000000
vn 0.000000 0.000000 -1.000000
vn 0.000000 0.000000 -1.000000
vn 0.000000 0.000000 -1.000000
vn 0.000000 0.000000 -1.000000
vn 0.000000 0.000000 -1.000000
vn 0.000000 0.000000 -1.000000
vn 0.000000 0.000000 -1.000000
vn 0.000000 0.000000 -1.000000
vn 0.000000 0.000000 -1.000000
vn 0.000000 0.000000 -1.000000
vn 0.000000 -0.000000 -1.000000
vn -0.000000 -0.000000 -1.000000
vn 0.000000 -0.000000 -1.000000
vn 0.000000 -0.000000 -1.000000
vn 0.000000 0.000000 -1.000000
vn 0.000000 0.000000 -1.000000
vn 0.000000 0.000000 -1.000000
vn 0.000000 -0.000000 -1.000000
vn -0.000000 -0.000000 -1.000000
vn 0.000000 0.000000 -1.000000
vn -0.000000 -0.000000 -1.000000
vn 0.000000 -0.000000 -1.000000
vn 0.000000 -0.000000 -1.000000
vn -0.000000 -0.000000 -1.000000
vn -0.000000 -0.000000 -1.000000
vn 0.000000 0.000000 -1.000000
vn 0.000000 -0.000000 -1.000000
vn 0.000000 0.000000 -1.000000
vn 0.000000 0.000000 -1.000000
vn 0.000000 0.000000 -1.000000
vn 0.000000 0.000000 -1.000000
vn 0.000000 0.000000 -1.000000
vn 0.000000 0.000000 -1.000000
vn 0.000000 0.000000 -1.000000
vn 0.000000 0.000000 -1.000000
vn 0.000000 0.000000 -1.000000
vn 0.000000 0.000000 -1.000000
vn 0.000000 0.000000 -1.000000
vn 0.000000 0.000000 -1.000000
vn 0.000000 0.000000 -1.000000
vn 0.000000 0.000000 -1.000000
vn 0.000000 0.000000 -1.000000
vn 0.000000 0.000000 -1.000000
vn 0.000000 0.000000 -1.000000
vn 0.000000 0.000000 -1.000000
vn 0.000000 0.000000 -1.000000
vn 0.000000 0.000000 -1.000000
vn 0.000000 -0.000000 -1.000000
vn 0.000000 0.000000 -1.000000
vn 0.000000 0.000000 -1.000000
vn 0.000000 0.000000 -1.000000
vn 0.000000 0.000000 -1.000000
vn 0.000000 -0.000000 -1.000000
vn 0.000000 0.000000 -1.000000
vn 0.000000 0.000000 -1.000000
vn 0.000000 0.000000 -1.000000
vn 0.000000 0.000000 -1.000000
vn 0.000000 -0.000000 -1.000000
vn 0.000000 0.000000 -1.000000
vn 0.000000 0.000000 -1.000000
vn 0.000000 0.000000 -1.000000
vn 0.000000 0.000000 -1.000000
vn 0.000000 0.000000 -1.000000
vn 0.000000 0.000000 -1.000000
vn 0.000000 0.000000 -1.000000
vn 0.000000 0.000000 -1.000000
vn 0.000000 0.000000 -1.000000
vn 0.000000 0.000000 -1.000000
vn 0.000000 0.000000 -1.000000
vn 0.000000 0.000000 -1.000000
vn 0.000000 0.000000 -1.000000
vn 0.000000 0.000000 -1.000000
vn 0.000000 0.000000 -1.000000
vn 0.000000 0.000000 -1.000000
vn 0.000000 0.000000 -1.000000
vn 0.000000 -0.000000 -1.000000
vn 0.000000 0.000000 -1.000000
vn 0.000000 0.000000 -1.000000
vn 0.000000 0.000000 -1.000000
vn 0.000000 0.000000 -1.000000
vn 0.000000 0.000000 -1.000000
vn 0.000000 -0.000000 -1.000000
vn 0.000000 0.000000 -1.000000
vn 0.000000 0.000000 -1.000000
vn 0.000000 0.000000 -1.000000
vn 0.000000 0.000000 -1.000000
vn 0.000000 -0.000000 -1.000000
vn 0.000000 0.000000 -1.000000
vn 0.000000 0.000000 -1.000000
vn 0.000000 0.000000 -1.000000
vn 0.000000 0.000000 -1.000000
vn 0.000000 0.000000 -1.000000
vn 0.000000 0.000000 -1.000000
vn 0.000000 0.000000 -1.000000
vn 0.000000 0.000000 -1.000000
vn 0.000000 0.000000 -1.000000
vn 0.000000 0.000000 -1.000000
vn 0.000000 0.000000 -1.000000
vn 0.000000 0.000000 -1.000000
vn 0.000000 0.000000 -1.000000
vn 0.000000 0.000000 -1.000000
vn 0.000000 0.000000 -1.000000
vn 0.000000 0.000000 -1.000000
vn 0.000000 0.000000 -1.000000
vn 0.000000 0.000000 -1.000000
vn 0.000000 0.000000 -1.000000
vn 0.000000 0.000000 -1.000000
vn 0.000000 0.000000 -1.000000
vn 0.000000 0.000000 -1.000000
vn 0.000000 0.000000 -1.000000
vn 0.000000 0.000000 -1.000000
vn 0.000000 -0.000000 -1.000000
vn 0.000000 0.000000 -1.000000
vn 0.000000 0.000000 -1.000000
vn 0.000000 0.000000 -1.000000
vn 0.000000 -0.000000 -1.000000
vn 0.000000 0.000000 -1.000000
vn 0.000000 0.000000 -1.000000
vn 0.000000 0.000000 -1.000000
vn 0.000000 0.000000 -1.000000
vn 0.000000 0.000000 -1.000000
vn 0.000000 0.000000 -1.000000
vn 0.000000 0.000000 -1.000000
vn 0.000000 0.000000 -1.000000
vn 0.000000 -0.000000 -1.000000
vn 0.000000 0.000000 -1.000000
vn 0.000000 0.000000 -1.000000
vn 0.000000 0.000000 -1.000000
vn 0.000000 0.000000 -1.000000
vn 0.000000 0.000000 -1.000000
vn 0.000000 0.000000 -1.000000
vn 0.000000 0.000000 -1.000000
vn 0.000000 0.000000 -1.000000
vn 0.000000 0.000000 -1.000000
vn 0.000000 0.000000 -1.000000
vn 0.000000 0.000000 -1.000000
vn 0.000000 0.000000 -1.000000
vn 0.000000 0.000000 -1.000000
vn 0.000000 0.000000 -1.000000
vn 0.000000 0.000000 -1.000000
vn 0.000000 0.000000 -1.000000
vn 0.000000 0.000000 -1.000000
vn 0.000000 0.000000 -1.000000
vn 0.000000 0.000000 -1.000000
vn 0.000000 0.000000 -1.000000
vn 0.000000 0.000000 -1.000000
vn 0.000000 0.000000 -1.000000
vn 0.000000 0.000000 -1.000000
vn 0.000000 0.000000 -1.000000
vn 0.000000 0.000000 -1.000000
vn 0.000000 0.000000 -1.000000
vn 0.000000 0.000000 -1.000000
vn 0.000000 0.000000 -1.000000
vn 0.000000 0.000000 -1.000000
vn 0.000000 0.000000 -1.000000
vn 0.000000 0.000000 -1.000000
vn 0.000000 0.000000 -1.000000
vn 0.000000 0.000000 -1.000000
vn 0.000000 0.000000 -1.000000
vn 0.000000 0.000000 -1.000000
vn 0.000000 -0.000000 -1.000000
vn 0.000000 0.000000 -1.000000
vn 0.000000 0.000000 -1.000000
vn 0.000000 0.000000 -1.000000
vn 0.000000 0.000000 -1.000000
vn 0.000000 0.000000 1.000000
vn 0.000000 0.000000 1.000000
vn 0.000000 0.000000 1.000000
vn 0.000000 0.000000 1.000000
vn 0.000000 0.000000 1.000000
vn 0.000000 0.000000 1.000000
vn 0.000000 0.000000 1.000000
vn 0.000000 0.000000 1.000000
vn 0.000000 0.000000 1.000000
vn 0.000000 0.000000 1.000000
vn 0.000000 0.000000 1.000000
vn 0.000000 0.000000 1.000000
vn 0.000000 0.000000 1.000000
vn 0.000000 0.000000 1.000000
vn 0.000000 0.000000 1.000000
vn 0.000000 0.000000 1.000000
vn 0.000000 0.000000 1.000000
vn 0.000000 0.000000 1.000000
vn 0.000000 0.000000 1.000000
vn 0.000000 0.000000 1.000000
vn 0.000000 0.000000 1.000000
vn 0.000000 0.000000 1.000000
vn 0.000000 0.000000 1.000000
vn 0.000000 0.000000 1.000000
vn 0.000000 0.000000 1.000000
vn 0.000000 0.000000 1.000000
vn 0.000000 0.000000 1.000000
vn 0.000000 0.000000 1.000000
vn 0.000000 0.000000 1.000000
vn 0.000000 0.000000 1.000000
vn 0.000000 0.000000 1.000000
vn 0.000000 0.000000 1.000000
vn 0.000000 0.000000 1.000000
vn 0.000000 0.000000 1.000000
vn 0.000000 0.000000 1.000000
vn 0.000000 0.000000 1.000000
vn 0.000000 0.000000 1.000000
vn 0.000000 0.000000 1.000000
vn 0.000000 0.000000 1.000000
vn 0.000000 0.000000 1.000000
vn 0.000000 0.000000 1.000000
vn 0.000000 0.000000 1.000000
vn 0.000000 0.000000 1.000000
vn 0.000000 0.000000 1.000000
vn 0.000000 0.000000 1.000000
vn 0.000000 0.000000 1.000000
vn 0.000000 0.000000 1.000000
vn 0.000000 0.000000 1.000000
vn 0.000000 0.000000 1.000000
vn 0.000000 0.000000 1.000000
vn 0.000000 0.000000 1.000000
vn 0.000000 0.000000 1.000000
vn 0.000000 0.000000 1.000000
vn 0.000000 0.000000 1.000000
vn 0.000000 0.000000 1.000000
vn 0.000000 0.000000 1.000000
vn 0.000000 0.000000 1.000000
vn 0.000000 0.000000 1.000000
vn 0.000000 0.000000 1.000000
vn 0.000000 0.000000 1.000000
vn 0.000000 0.000000 1.000000
vn 0.000000 0.000000 1.000000
vn 0.000000 0.000000 1.000000
vn 0.000000 0.000000 1.000000
vn 0.000000 0.000000 1.000000
vn 0.000000 0.000000 1.000000
vn 0.000000 0.000000 1.000000
vn 0.000000 0.000000 1.000000
vn 0.000000 0.000000 1.000000
vn 0.000000 0.000000 1.000000
vn 0.000000 0.000000 1.000000
vn 0.000000 0.000000 1.000000
vn 0.000000 0.000000 1.000000
vn 0.000000 0.000000 1.000000
vn 0.000000 0.000000 1.000000
vn 0.000000 0.000000 1.000000
vn 0.000000 0.000000 1.000000
vn 0.000000 0.000000 1.000000
vn 0.000000 0.000000 1.000000
vn 0.000000 0.000000 1.000000
vn 0.000000 0.000000 1.000000
vn 0.000000 0.000000 1.000000
vn 0.000000 0.000000 1.000000
vn 0.000000 0.000000 1.000000
vn 0.000000 0.000000 1.000000
vn 0.000000 0.000000 1.000000
vn 0.000000 0.000000 1.000000
vn 0.000000 0.000000 1.000000
vn 0.000000 0.000000 1.000000
vn 0.000000 0.000000 1.000000
vn 0.000000 0.000000 1.000000
vn 0.000000 0.000000 1.000000
vn 0.000000 0.000000 1.000000
vn 0.000000 0.000000 1.000000
vn 0.000000 0.000000 1.000000
vn 0.000000 0.000000 1.000000
vn 0.000000 0.000000 1.000000
vn 0.000000 0.000000 1.000000
vn 0.000000 0.000000 1.000000
vn 0.000000 0.000000 1.000000
vn 0.000000 0.000000 1.000000
vn 0.000000 0.000000 1.000000
vn 0.000000 0.000000 1.000000
vn 0.000000 0.000000 1.000000
vn 0.000000 0.000000 1.000000
vn 0.000000 0.000000 1.000000
vn 0.000000 0.000000 1.000000
vn 0.000000 0.000000 1.000000
vn 0.000000 0.000000 1.000000
vn 0.000000 0.000000 1.000000
vn 0.000000 0.000000 1.000000
vn 0.000000 0.000000 1.000000
vn 0.000000 0.000000 1.000000
vn 0.000000 0.000000 1.000000
vn 0.000000 0.000000 1.000000
vn 0.000000 0.000000 1.000000
vn 0.000000 0.000000 1.000000
vn 0.000000 0.000000 1.000000
vn 0.000000 0.000000 1.000000
vn 0.000000 0.000000 1.000000
vn 0.000000 0.000000 1.000000
vn 0.000000 0.000000 1.000000
vn 0.000000 0.000000 1.000000
vn 0.000000 0.000000 1.000000
vn 0.000000 0.000000 1.000000
vn 0.000000 0.000000 1.000000
vn 0.000000 0.000000 1.000000
vn 0.000000 0.000000 1.000000
vn 0.000000 0.000000 1.000000
vn 0.000000 0.000000 1.000000
vn 0.000000 0.000000 1.000000
vn 0.000000 0.000000 1.000000
vn 0.000000 0.000000 1.000000
vn 0.000000 0.000000 1.000000
vn 0.000000 0.000000 1.000000
vn 0.000000 0.000000 1.000000
vn 0.000000 0.000000 1.000000
vn 0.000000 0.000000 1.000000
vn 0.000000 0.000000 1.000000
vn 0.000000 0.000000 1.000000
vn 0.000000 0.000000 1.000000
vn 0.000000 0.000000 1.000000
vn 0.000000 0.000000 1.000000
vn 0.000000 0.000000 1.000000
vn 0.000000 0.000000 1.000000
vn 0.000000 0.000000 1.000000
vn 0.000000 0.000000 1.000000
vn 0.000000 0.000000 1.000000
vn 0.000000 0.000000 1.000000
vn 0.000000 0.000000 1.000000
vn 0.000000 0.000000 1.000000
vn 0.000000 0.000000 1.000000
vn 0.000000 0.000000 1.000000
vn 0.000000 0.000000 1.000000
vn 0.000000 0.000000 1.000000
vn 0.000000 0.000000 1.000000
vn 0.000000 0.000000 1.000000
vn 0.000000 0.000000 1.000000
vn 0.000000 0.000000 1.000000
vn 0.000000 0.000000 1.000000
vn 0.000000 0.000000 1.000000
vn 0.000000 0.000000 1.000000
vn 0.000000 0.000000 1.000000
vn 0.000000 0.000000 1.000000
vn 0.000000 0.000000 1.000000
vn 0.000000 0.000000 1.000000
vn 0.000000 0.000000 1.000000
vn 0.000000 0.000000 1.000000
vn 0.000000 0.000000 1.000000
vn 0.000000 0.000000 1.000000
vn 0.000000 0.000000 1.000000
vn 0.000000 0.000000 1.000000
vn 0.000000 0.000000 1.000000
vn 0.000000 0.000000 1.000000
vn 0.000000 0.000000 1.000000
vn 0.000000 0.000000 1.000000
vn 0.000000 0.000000 1.000000
vn 0.000000 0.000000 1.000000
vn 0.000000 0.000000 1.000000
vn 0.000000 0.000000 1.000000
vn 0.000000 0.000000 1.000000
vn 0.000000 0.000000 1.000000
vn 0.000000 0.000000 1.000000
vn 0.000000 0.000000 1.000000
vn 0.000000 0.000000 1.000000
vn 0.000000 0.000000 1.000000
vn 0.000000 0.000000 1.000000
vn 0.000000 0.000000 1.000000
vn 0.000000 0.000000 1.000000
vn 0.000000 0.000000 1.000000
vn 0.000000 0.000000 1.000000
vn 0.000000 0.000000 1.000000
vn 0.000000 0.000000 1.000000
vn 0.000000 0.000000 1.000000
vn 0.000000 0.000000 1.000000
vn 0.000000 0.000000 1.000000
vn 0.000000 0.000000 1.000000
vn 0.000000 0.000000 1.000000
vn 0.000000 0.000000 1.000000
vn 0.000000 0.000000 1.000000
vn 0.000000 0.000000 1.000000
vn 0.000000 0.000000 1.000000
vn 0.000000 0.000000 1.000000
vn 0.000000 0.000000 1.000000
vn 0.000000 0.000000 1.000000
vn 0.000000 0.000000 1.000000
vn 0.000000 0.000000 1.000000
vn 0.000000 0.000000 1.000000
vn 0.000000 0.000000 1.000000
vn 0.000000 0.000000 1.000000
vn 0.000000 0.000000 1.000000
vn 0.000000 0.000000 1.000000
vn 0.000000 0.000000 1.000000
vn 0.000000 0.000000 1.000000
vn 0.000000 0.000000 1.000000
vn 0.000000 0.000000 1.000000
vn 0.000000 0.000000 1.000000
vn 0.000000 0.000000 1.000000
vn 0.000000 0.000000 1.000000
vn 0.000000 0.000000 1.000000
vn 0.000000 0.000000 1.000000
vn 0.000000 0.000000 1.000000
vn 0.000000 0.000000 1.000000
vn 0.000000 0.000000 1.000000
vn 0.000000 0.000000 1.000000
vn 0.000000 0.000000 1.000000
vn 0.000000 0.000000 1.000000
vn 0.000000 0.000000 1.000000
vn 0.000000 0.000000 1.000000
vn 0.000000 0.000000 1.000000
vn 0.000000 0.000000 1.000000
vn 0.000000 0.000000 1.000000
vn 0.000000 0.000000 1.000000
vn 0.000000 0.000000 1.000000
vn 0.000000 0.000000 1.000000
vn 0.000000 0.000000 1.000000
vn 0.000000 0.000000 1.000000
vn 0.000000 0.000000 1.000000
vn 0.000000 0.000000 1.000000
vn 0.000000 0.000000 1.000000
vn 0.000000 0.000000 1.000000
vn 0.000000 0.000000 1.000000
vn 0.000000 0.000000 1.000000
vn 0.000000 0.000000 1.000000
vn 0.000000 0.000000 1.000000
vn 0.000000 0.000000 1.000000
vn 0.000000 0.000000 1.000000
vn 0.000000 0.000000 1.000000
vn 0.000000 0.000000 1.000000
vn 0.000000 0.000000 1.000000
vn 0.000000 0.000000 1.000000
vn 0.000000 0.000000 1.000000
vn 0.000000 0.000000 1.000000
vn 0.000000 0.000000 1.000000
vn 0.000000 0.000000 1.000000
vn 0.000000 0.000000 1.000000
vn 0.000000 0.000000 1.000000
vn 0.000000 0.000000 1.000000
vn 0.000000 0.000000 1.000000
vn 0.000000 0.000000 1.000000
vn 0.000000 0.000000 1.000000
vn 0.000000 0.000000 1.000000
vn 0.000000 0.000000 1.000000
vn 0.000000 0.000000 1.000000
vn 0.000000 0.000000 1.000000
vn 0.000000 0.000000 1.000000
vn 0.000000 0.000000 1.000000
vn 0.000000 0.000000 1.000000
vn 0.000000 0.000000 1.000000
vn 0.000000 0.000000 1.000000
vn 0.000000 0.000000 1.000000
vn 0.000000 0.000000 1.000000
vn 0.000000 0.000000 1.000000
vn 0.000000 0.000000 1.000000
vn 0.000000 0.000000 1.000000
vn 0.000000 0.000000 1.000000
vn 0.000000 0.000000 1.000000
vn 0.000000 0.000000 1.000000
vn 0.000000 0.000000 1.000000
vn 0.000000 0.000000 1.000000
vn 0.000000 0.000000 1.000000
vn 0.000000 0.000000 1.000000
vn 0.000000 0.000000 1.000000
vn 0.000000 0.000000 1.000000
vn 0.000000 0.000000 1.000000
vn 0.000000 0.000000 1.000000
vn 0.000000 0.000000 1.000000
vn 0.000000 0.000000 1.000000
vn 0.000000 0.000000 1.000000
vn 0.000000 0.000000 1.000000
vn 0.000000 0.000000 1.000000
vn 0.000000 0.000000 1.000000
vn 0.000000 0.000000 1.000000
vn 0.000000 0.000000 1.000000
vn 0.000000 0.000000 1.000000
vn 0.000000 0.000000 1.000000
vn 0.000000 0.000000 1.000000
vn 0.000000 0.000000 1.000000
vn 0.000000 0.000000 1.000000
vn 0.000000 0.000000 1.000000
vn 0.000000 0.000000 1.000000
vn 0.000000 0.000000 1.000000
vn 0.000000 0.000000 1.000000
vn 0.000000 0.000000 1.000000
vn 0.000000 0.000000 1.000000
vn 0.000000 0.000000 1.000000
vn 0.000000 0.000000 1.000000
vn 0.000000 0.000000 1.000000
vn 0.000000 0.000000 1.000000
vn 0.000000 0.000000 1.000000
vn 0.000000 0.000000 1.000000
vn 0.000000 0.000000 1.000000
vn 0.000000 0.000000 1.000000
vn 0.000000 0.000000 1.000000
vn 0.000000 0.000000 1.000000
vn 0.000000 0.000000 1.000000
vn 0.000000 0.000000 1.000000
vn 0.000000 0.000000 1.000000
vn 0.000000 0.000000 1.000000
vn 0.000000 0.000000 1.000000
vn 0.000000 0.000000 1.000000
vn 0.000000 0.000000 1.000000
vn 0.000000 0.000000 1.000000
vn 0.000000 0.000000 1.000000
vn 0.000000 0.000000 1.000000
vn 0.000000 0.000000 1.000000
vn 0.000000 0.000000 1.000000
vn 0.000000 0.000000 1.000000
vn 0.000000 0.000000 1.000000
vn 0.000000 0.000000 1.000000
vn 0.000000 0.000000 1.000000
vn 0.000000 0.000000 1.000000
vn 0.000000 0.000000 1.000000
vn 0.000000 0.000000 1.000000
vn 0.000000 0.000000 1.000000
vn 0.000000 0.000000 1.000000
vn 0.000000 0.000000 1.000000
vn 0.000000 0.000000 1.000000
vn 0.000000 0.000000 1.000000
vn 0.000000 0.000000 1.000000
vn 0.000000 0.000000 1.000000
vn 0.000000 0.000000 1.000000
vn 0.000000 0.000000 1.000000
vn 0.000000 0.000000 1.000000
vn 0.000000 0.000000 1.000000
vn 0.000000 0.000000 1.000000
vn 0.000000 0.000000 1.000000
vn 0.000000 0.000000 1.000000
vn 0.000000 0.000000 1.000000
vn 0.000000 0.000000 1.000000
vn 0.000000 0.000000 1.000000
vn 0.000000 0.000000 1.000000
vn 0.000000 0.000000 1.000000
vn 0.000000 0.000000 1.000000
vn 0.000000 0.000000 1.000000
vn 0.000000 0.000000 1.000000
vn 0.000000 0.000000 1.000000
vn 0.000000 0.000000 1.000000
vn 0.000000 0.000000 1.000000
vn 0.000000 0.000000 1.000000
vn 0.000000 0.000000 1.000000
vn 0.000000 0.000000 1.000000
vn 0.000000 0.000000 1.000000
vn 0.000000 0.000000 1.000000
vn 0.000000 0.000000 1.000000
vn 0.000000 0.000000 1.000000
vn 0.000000 0.000000 1.000000
vn 0.000000 0.000000 1.000000
vn 0.000000 0.000000 1.000000
vn 0.000000 0.000000 1.000000
vn 0.000000 0.000000 1.000000
vn 0.000000 0.000000 1.000000
vn 0.000000 0.000000 1.000000
vn 0.000000 0.000000 1.000000
vn 0.000000 0.000000 1.000000
vn 0.000000 0.000000 1.000000
vn 0.000000 0.000000 1.000000
vn 0.000000 0.000000 1.000000
vn 0.000000 0.000000 1.000000
vn 0.000000 0.000000 1.000000
vn 0.000000 0.000000 1.000000
vn 0.000000 0.000000 1.000000
vn 0.000000 0.000000 1.000000
vn 0.000000 0.000000 1.000000
vn 0.000000 0.000000 1.000000
vn 0.000000 0.000000 1.000000
vn 0.000000 0.000000 1.000000
vn 0.000000 0.000000 1.000000
vn 0.000000 0.000000 1.000000
vn 0.000000 0.000000 1.000000
vn 0.000000 0.000000 1.000000
vn 0.000000 0.000000 1.000000
vn 0.000000 0.000000 1.000000
vn 0.000000 0.000000 1.000000
vn 0.000000 0.000000 1.000000
vn 0.000000 0.000000 1.000000
vn 0.000000 0.000000 1.000000
vn 0.000000 0.000000 1.000000
vn 0.000000 0.000000 1.000000
vn 0.000000 0.000000 1.000000
vn 0.000000 0.000000 1.000000
vn 0.000000 0.000000 1.000000
vn 0.000000 0.000000 1.000000
vn 0.000000 0.000000 1.000000
vn 0.000000 0.000000 1.000000
vn 0.000000 0.000000 1.000000
vn 0.000000 0.000000 1.000000
vn 0.000000 0.000000 1.000000
vn 0.000000 0.000000 1.000000
vn 0.000000 0.000000 1.000000
vn 0.000000 0.000000 1.000000
vn 0.000000 0.000000 1.000000
vn 0.000000 0.000000 1.000000
vn 0.000000 0.000000 1.000000
vn 0.000000 0.000000 1.000000
vn 0.000000 0.000000 1.000000
vn 0.000000 0.000000 1.000000
vn 0.000000 0.000000 1.000000
vn 0.000000 0.000000 1.000000
vn 0.000000 0.000000 1.000000
vn 0.000000 0.000000 1.000000
vn 0.000000 0.000000 1.000000
vn 0.000000 1.000000 -0.000000
vn 0.000000 1.000000 0.000000
vn -0.992709 -0.120538 -0.000000
vn -0.992709 -0.120538 0.000000
vn -0.935016 -0.354605 0.000000
vn -0.935016 -0.354605 -0.000000
vn -0.822984 -0.568065 0.000000
vn -0.822984 -0.568065 -0.000000
vn -0.663123 -0.748510 0.000000
vn -0.663123 -0.748510 -0.000000
vn -0.464724 -0.885455 0.000000
vn -0.464724 -0.885455 -0.000000
vn -0.239315 -0.970942 0.000000
vn -0.239315 -0.970942 -0.000000
vn 0.000000 -1.000000 0.000000
vn 0.239315 -0.970942 0.000000
vn -0.000000 -1.000000 -0.000000
vn 0.239315 -0.970942 0.000000
vn 0.464724 -0.885455 0.000000
vn 0.464724 -0.885455 0.000000
vn 0.663123 -0.748510 0.000000
vn 0.663123 -0.748510 0.000000
vn 0.822983 -0.568066 0.000000
vn 0.822983 -0.568066 0.000000
vn 0.935016 -0.354604 0.000000
vn 0.935016 -0.354604 0.000000
vn 0.992709 -0.120536 0.000000
vn 0.992709 -0.120536 0.000000
vn 0.992709 0.120536 0.000000
vn 0.992709 0.120536 0.000000
vn 0.935016 0.354604 0.000000
vn 0.935016 0.354604 0.000000
vn 0.822983 0.568066 0.000000
vn 0.822983 0.568066 0.000000
vn 0.663123 0.748510 0.000000
vn 0.663123 0.748510 0.000000
vn 0.464724 0.885455 0.000000
vn 0.464724 0.885455 0.000000
vn 0.239315 0.970942 0.000000
vn 0.239315 0.970942 0.000000
vn -0.000000 1.000000 0.000000
vn 0.000000 1.000000 0.000000
vn -0.239315 0.970942 0.000000
vn -0.239315 0.970942 0.000000
vn -0.464724 0.885455 0.000000
vn -0.464724 0.885455 0.000000
vn -0.663123 0.748510 0.000000
vn -0.663123 0.748510 0.000000
vn -0.822984 0.568065 0.000000
vn -0.822984 0.568065 0.000000
vn -0.935016 0.354605 0.000000
vn -0.935016 0.354605 0.000000
vn -0.992709 0.120538 0.000000
vn -0.992709 0.120538 0.000000
vn -0.992709 -0.120538 -0.000000
vn -0.992709 -0.120538 0.000000
vn -0.935018 -0.354601 0.000000
vn -0.935018 -0.354601 -0.000000
vn -0.822983 -0.568067 0.000000
vn -0.822983 -0.568067 -0.000000
vn -0.663122 -0.748511 0.000000
vn -0.663122 -0.748511 -0.000000
vn -0.464725 -0.885455 0.000000
vn -0.464725 -0.885455 -0.000000
vn -0.239315 -0.970942 0.000000
vn -0.239315 -0.970942 -0.000000
vn 0.000000 -1.000000 0.000000
vn 0.239315 -0.970942 0.000000
vn -0.000000 -1.000000 -0.000000
vn 0.239315 -0.970942 0.000000
vn 0.464725 -0.885455 0.000000
vn 0.464725 -0.885455 0.000000
vn 0.663122 -0.748511 0.000000
vn 0.663122 -0.748511 0.000000
vn 0.822983 -0.568067 0.000000
vn 0.822983 -0.568067 0.000000
vn 0.935018 -0.354601 0.000000
vn 0.935018 -0.354601 0.000000
vn 0.992709 -0.120538 0.000000
vn 0.992709 -0.120538 0.000000
vn 0.992709 0.120538 0.000000
vn 0.992709 0.120538 0.000000
vn 0.935018 0.354601 0.000000
vn 0.935018 0.354601 0.000000
vn 0.822983 0.568067 0.000000
vn 0.822983 0.568067 0.000000
vn 0.663122 0.748511 0.000000
vn 0.663122 0.748511 0.000000
vn 0.464725 0.885455 0.000000
vn 0.464725 0.885455 0.000000
vn 0.239315 0.970942 0.000000
vn 0.239315 0.970942 0.000000
vn -0.000000 1.000000 0.000000
vn 0.000000 1.000000 0.000000
vn -0.239315 0.970942 0.000000
vn -0.239315 0.970942 0.000000
vn -0.464725 0.885455 0.000000
vn -0.464725 0.885455 0.000000
vn -0.663122 0.748511 0.000000
vn -0.663122 0.748511 0.000000
vn -0.822983 0.568067 0.000000
vn -0.822983 0.568067 0.000000
vn -0.935018 0.354601 0.000000
vn -0.935018 0.354601 0.000000
vn -0.992709 0.120538 0.000000
vn -0.992709 0.120538 0.000000
vn -0.992709 -0.120538 -0.000000
vn -0.992709 -0.120538 0.000000
vn -0.935018 -0.354601 0.000000
vn -0.935018 -0.354601 -0.000000
vn -0.822985 -0.568064 0.000000
vn -0.822985 -0.568064 -0.000000
vn -0.663120 -0.748513 0.000000
vn -0.663120 -0.748513 -0.000000
vn -0.464725 -0.885455 0.000000
vn -0.464725 -0.885455 -0.000000
vn -0.239315 -0.970942 0.000000
vn -0.239315 -0.970942 -0.000000
vn 0.000000 -1.000000 0.000000
vn 0.239315 -0.970942 0.000000
vn -0.000000 -1.000000 -0.000000
vn 0.239315 -0.970942 0.000000
vn 0.464725 -0.885455 0.000000
vn 0.464725 -0.885455 0.000000
vn 0.663120 -0.748513 0.000000
vn 0.663120 -0.748513 0.000000
vn 0.822985 -0.568064 0.000000
vn 0.822985 -0.568064 0.000000
vn 0.935018 -0.354601 0.000000
vn 0.935018 -0.354601 0.000000
vn 0.992709 -0.120538 0.000000
vn 0.992709 -0.120538 0.000000
vn 0.992709 0.120538 0.000000
vn 0.992709 0.120538 0.000000
vn 0.935018 0.354601 0.000000
vn 0.935018 0.354601 0.000000
vn 0.822985 0.568064 0.000000
vn 0.822985 0.568064 0.000000
vn 0.663120 0.748513 0.000000
vn 0.663120 0.748513 0.000000
vn 0.464725 0.885455 0.000000
vn 0.464725 0.885455 0.000000
vn 0.239315 0.970942 0.000000
vn 0.239315 0.970942 0.000000
vn -0.000000 1.000000 0.000000
vn 0.000000 1.000000 0.000000
vn -0.239315 0.970942 0.000000
vn -0.239315 0.970942 0.000000
vn -0.464725 0.885455 0.000000
vn -0.464725 0.885455 0.000000
vn -0.663120 0.748513 0.000000
vn -0.663120 0.748513 0.000000
vn -0.822985 0.568064 0.000000
vn -0.822985 0.568064 0.000000
vn -0.935018 0.354601 0.000000
vn -0.935018 0.354601 0.000000
vn -0.992709 0.120538 0.000000
vn -0.992709 0.120538 0.000000
vn -0.992709 -0.120538 -0.000000
vn -0.992709 -0.120538 0.000000
vn -0.935018 -0.354601 0.000000
vn -0.935018 -0.354601 -0.000000
vn -0.822985 -0.568064 0.000000
vn -0.822985 -0.568064 -0.000000
vn -0.663120 -0.748513 0.000000
vn -0.663120 -0.748513 -0.000000
vn -0.464725 -0.885455 0.000000
vn -0.464725 -0.885455 -0.000000
vn -0.239315 -0.970942 0.000000
vn -0.239315 -0.970942 -0.000000
vn 0.000000 -1.000000 0.000000
vn 0.239315 -0.970942 0.000000
vn -0.000000 -1.000000 -0.000000
vn 0.239315 -0.970942 0.000000
vn 0.464725 -0.885455 0.000000
vn 0.464725 -0.885455 0.000000
vn 0.663120 -0.748513 0.000000
vn 0.663120 -0.748513 0.000000
vn 0.822985 -0.568064 0.000000
vn 0.822985 -0.568064 0.000000
vn 0.935018 -0.354601 0.000000
vn 0.935018 -0.354601 0.000000
vn 0.992709 -0.120538 0.000000
vn 0.992709 -0.120538 0.000000
vn 0.992709 0.120538 0.000000
vn 0.992709 0.120538 0.000000
vn 0.935018 0.354601 0.000000
vn 0.935018 0.354601 0.000000
vn 0.822985 0.568064 0.000000
vn 0.822985 0.568064 0.000000
vn 0.663120 0.748513 0.000000
vn 0.663120 0.748513 0.000000
vn 0.464725 0.885455 0.000000
vn 0.464725 0.885455 0.000000
vn 0.239315 0.970942 0.000000
vn 0.239315 0.970942 0.000000
vn -0.000000 1.000000 0.000000
vn 0.000000 1.000000 0.000000
vn -0.239315 0.970942 0.000000
vn -0.239315 0.970942 0.000000
vn -0.464725 0.885455 0.000000
vn -0.464725 0.885455 0.000000
vn -0.663120 0.748513 0.000000
vn -0.663120 0.748513 0.000000
vn -0.822985 0.568064 0.000000
vn -0.822985 0.568064 0.000000
vn -0.935018 0.354601 0.000000
vn -0.935018 0.354601 0.000000
vn -0.992709 0.120538 0.000000
vn -0.992709 0.120538 0.000000
vn -0.992709 -0.120538 -0.000000
vn -0.992709 -0.120538 0.000000
vn -0.935015 -0.354609 0.000000
vn -0.935015 -0.354609 -0.000000
vn -0.822981 -0.568070 0.000000
vn -0.822981 -0.568070 -0.000000
vn -0.663129 -0.748506 0.000000
vn -0.663129 -0.748506 -0.000000
vn -0.464725 -0.885455 0.000000
vn -0.464725 -0.885455 -0.000000
vn -0.239315 -0.970942 0.000000
vn -0.239315 -0.970942 -0.000000
vn 0.000000 -1.000000 0.000000
vn 0.239315 -0.970942 0.000000
vn -0.000000 -1.000000 -0.000000
vn 0.239315 -0.970942 0.000000
vn 0.464725 -0.885455 0.000000
vn 0.464725 -0.885455 0.000000
vn 0.663129 -0.748506 0.000000
vn 0.663129 -0.748506 0.000000
vn 0.822981 -0.568070 0.000000
vn 0.822981 -0.568070 0.000000
vn 0.935015 -0.354609 0.000000
vn 0.935015 -0.354609 0.000000
vn 0.992709 -0.120538 0.000000
vn 0.992709 -0.120538 0.000000
vn 0.992709 0.120538 0.000000
vn 0.992709 0.120538 0.000000
vn 0.935015 0.354609 0.000000
vn 0.935015 0.354609 0.000000
vn 0.822981 0.568070 0.000000
vn 0.822981 0.568070 0.000000
vn 0.663129 0.748506 0.000000
vn 0.663129 0.748506 0.000000
vn 0.464725 0.885455 0.000000
vn 0.464725 0.885455 0.000000
vn 0.239315 0.970942 0.000000
vn 0.239315 0.970942 0.000000
vn -0.000000 1.000000 0.000000
vn 0.000000 1.000000 0.000000
vn -0.239315 0.970942 0.000000
vn -0.239315 0.970942 0.000000
vn -0.464725 0.885455 0.000000
vn -0.464725 0.885455 0.000000
vn -0.663129 0.748506 0.000000
vn -0.663129 0.748506 0.000000
vn -0.822981 0.568070 0.000000
vn -0.822981 0.568070 0.000000
vn -0.935015 0.354609 0.000000
vn -0.935015 0.354609 0.000000
vn -0.992709 0.120538 0.000000
vn -0.992709 0.120538 0.000000
vn -0.992709 -0.120538 -0.000000
vn -0.992709 -0.120538 0.000000
vn -0.935016 -0.354605 0.000000
vn -0.935016 -0.354605 -0.000000
vn -0.822984 -0.568064 0.000000
vn -0.822984 -0.568064 -0.000000
vn -0.663123 -0.748510 0.000000
vn -0.663123 -0.748510 -0.000000
vn -0.464724 -0.885455 0.000000
vn -0.464724 -0.885455 -0.000000
vn -0.239315 -0.970942 0.000000
vn -0.239315 -0.970942 -0.000000
vn 0.000000 -1.000000 0.000000
vn 0.239315 -0.970942 0.000000
vn -0.000000 -1.000000 -0.000000
vn 0.239315 -0.970942 0.000000
vn 0.464724 -0.885455 0.000000
vn 0.464724 -0.885455 0.000000
vn 0.663123 -0.748510 0.000000
vn 0.663123 -0.748510 0.000000
vn 0.822984 -0.568065 0.000000
vn 0.822984 -0.568065 0.000000
vn 0.935016 -0.354604 0.000000
vn 0.935016 -0.354604 0.000000
vn 0.992709 -0.120537 0.000000
vn 0.992709 -0.120537 0.000000
vn 0.992709 0.120537 0.000000
vn 0.992709 0.120537 0.000000
vn 0.935016 0.354604 0.000000
vn 0.935016 0.354604 0.000000
vn 0.822984 0.568065 0.000000
vn 0.822984 0.568065 0.000000
vn 0.663123 0.748510 0.000000
vn 0.663123 0.748510 0.000000
vn 0.464724 0.885455 0.000000
vn 0.464724 0.885455 0.000000
vn 0.239315 0.970942 0.000000
vn 0.239315 0.970942 0.000000
vn -0.000000 1.000000 0.000000
vn 0.000000 1.000000 0.000000
vn -0.239315 0.970942 0.000000
vn -0.239315 0.970942 0.000000
vn -0.464724 0.885455 0.000000
vn -0.464724 0.885455 0.000000
vn -0.663123 0.748510 0.000000
vn -0.663123 0.748510 0.000000
vn -0.822984 0.568064 0.000000
vn -0.822984 0.568064 0.000000
vn -0.935016 0.354605 0.000000
vn -0.935016 0.354605 0.000000
vn -0.992709 0.120538 0.000000
vn -0.992709 0.120538 0.000000
vn -0.992709 -0.120538 -0.000000
vn -0.992709 -0.120538 0.000000
vn -0.935018 -0.354601 0.000000
vn -0.935018 -0.354601 -0.000000
vn -0.822983 -0.568066 0.000000
vn -0.822983 -0.568066 -0.000000
vn -0.663122 -0.748511 0.000000
vn -0.663122 -0.748511 -0.000000
vn -0.464725 -0.885455 0.000000
vn -0.464725 -0.885455 -0.000000
vn -0.239315 -0.970942 0.000000
vn -0.239315 -0.970942 -0.000000
vn 0.000000 -1.000000 0.000000
vn 0.239315 -0.970942 0.000000
vn -0.000000 -1.000000 -0.000000
vn 0.239315 -0.970942 0.000000
vn 0.464725 -0.885455 0.000000
vn 0.464725 -0.885455 0.000000
vn 0.663122 -0.748511 0.000000
vn 0.663122 -0.748511 0.000000
vn 0.822983 -0.568066 0.000000
vn 0.822983 -0.568066 0.000000
vn 0.935018 -0.354601 0.000000
vn 0.935018 -0.354601 0.000000
vn 0.992709 -0.120538 0.000000
vn 0.992709 -0.120538 0.000000
vn 0.992709 0.120538 0.000000
vn 0.992709 0.120538 0.000000
vn 0.935018 0.354601 0.000000
vn 0.935018 0.354601 0.000000
vn 0.822983 0.568066 0.000000
vn 0.822983 0.568066 0.000000
vn 0.663122 0.748511 0.000000
vn 0.663122 0.748511 0.000000
vn 0.464725 0.885455 0.000000
vn 0.464725 0.885455 0.000000
vn 0.239315 0.970942 0.000000
vn 0.239315 0.970942 0.000000
vn -0.000000 1.000000 0.000000
vn 0.000000 1.000000 0.000000
vn -0.239315 0.970942 0.000000
vn -0.239315 0.970942 0.000000
vn -0.464725 0.885455 0.000000
vn -0.464725 0.885455 0.000000
vn -0.663122 0.748511 0.000000
vn -0.663122 0.748511 0.000000
vn -0.822983 0.568066 0.000000
vn -0.822983 0.568066 0.000000
vn -0.935018 0.354601 0.000000
vn -0.935018 0.354601 0.000000
vn -0.992709 0.120538 0.000000
vn -0.992709 0.120538 0.000000
vn -0.992709 -0.120538 -0.000000
vn -0.992709 -0.120538 0.000000
vn -0.935017 -0.354604 0.000000
vn -0.935017 -0.354604 -0.000000
vn -0.822983 -0.568066 0.000000
vn -0.822983 -0.568066 -0.000000
vn -0.663126 -0.748508 0.000000
vn -0.663126 -0.748508 -0.000000
vn -0.464717 -0.885459 0.000000
vn -0.464717 -0.885459 -0.000000
vn -0.239320 -0.970941 0.000000
vn -0.239320 -0.970941 -0.000000
vn 0.000000 -1.000000 0.000000
vn 0.239320 -0.970941 0.000000
vn -0.000000 -1.000000 -0.000000
vn 0.239320 -0.970941 0.000000
vn 0.464717 -0.885459 0.000000
vn 0.464717 -0.885459 0.000000
vn 0.663126 -0.748508 0.000000
vn 0.663126 -0.748508 0.000000
vn 0.822982 -0.568067 0.000000
vn 0.822982 -0.568067 0.000000
vn 0.935017 -0.354603 0.000000
vn 0.935017 -0.354603 0.000000
vn 0.992709 -0.120537 0.000000
vn 0.992709 -0.120537 0.000000
vn 0.992709 0.120537 0.000000
vn 0.992709 0.120537 0.000000
vn 0.935017 0.354603 0.000000
vn 0.935017 0.354603 0.000000
vn 0.822982 0.568067 0.000000
vn 0.822982 0.568067 0.000000
vn 0.663126 0.748508 0.000000
vn 0.663126 0.748508 0.000000
vn 0.464717 0.885459 0.000000
vn 0.464717 0.885459 0.000000
vn 0.239320 0.970941 0.000000
vn 0.239320 0.970941 0.000000
vn -0.000000 1.000000 0.000000
vn 0.000000 1.000000 0.000000
vn -0.239320 0.970941 0.000000
vn -0.239320 0.970941 0.000000
vn -0.464717 0.885459 0.000000
vn -0.464717 0.885459 0.000000
vn -0.663126 0.748508 0.000000
vn -0.663126 0.748508 0.000000
vn -0.822983 0.568066 0.000000
vn -0.822983 0.568066 0.000000
vn -0.935017 0.354604 0.000000
vn -0.935017 0.354604 0.000000
vn -0.992709 0.120538 0.000000
vn -0.992709 0.120538 0.000000
vn -0.992709 -0.120538 -0.000000
vn -0.992709 -0.120538 0.000000
vn -0.935018 -0.354600 0.000000
vn -0.935018 -0.354600 -0.000000
vn -0.822982 -0.568068 0.000000
vn -0.822982 -0.568068 -0.000000
vn -0.663124 -0.748509 0.000000
vn -0.663124 -0.748509 -0.000000
vn -0.464718 -0.885459 0.000000
vn -0.464718 -0.885459 -0.000000
vn -0.239319 -0.970941 0.000000
vn -0.239319 -0.970941 -0.000000
vn 0.000000 -1.000000 0.000000
vn 0.239319 -0.970941 0.000000
vn -0.000000 -1.000000 -0.000000
vn 0.239319 -0.970941 0.000000
vn 0.464718 -0.885459 0.000000
vn 0.464718 -0.885459 0.000000
vn 0.663124 -0.748509 0.000000
vn 0.663124 -0.748509 0.000000
vn 0.822982 -0.568068 0.000000
vn 0.822982 -0.568068 0.000000
vn 0.935018 -0.354600 0.000000
vn 0.935018 -0.354600 0.000000
vn 0.992709 -0.120538 0.000000
vn 0.992709 -0.120538 0.000000
vn 0.992709 0.120538 0.000000
vn 0.992709 0.120538 0.000000
vn 0.935018 0.354600 0.000000
vn 0.935018 0.354600 0.000000
vn 0.822982 0.568068 0.000000
vn 0.822982 0.568068 0.000000
vn 0.663124 0.748509 0.000000
vn 0.663124 0.748509 0.000000
vn 0.464718 0.885459 0.000000
vn 0.464718 0.885459 0.000000
vn 0.239319 0.970941 0.000000
vn 0.239319 0.970941 0.000000
vn -0.000000 1.000000 0.000000
vn 0.000000 1.000000 0.000000
vn -0.239319 0.970941 0.000000
vn -0.239319 0.970941 0.000000
vn -0.464718 0.885459 0.000000
vn -0.464718 0.885459 0.000000
vn -0.663124 0.748509 0.000000
vn -0.663124 0.748509 0.000000
vn -0.822982 0.568068 0.000000
vn -0.822982 0.568068 0.000000
vn -0.935018 0.354600 0.000000
vn -0.935018 0.354600 0.000000
vn -0.992709 0.120538 0.000000
vn -0.992709 0.120538 0.000000
vn -0.992709 -0.120538 -0.000000
vn -0.992709 -0.120538 0.000000
vn -0.935018 -0.354601 0.000000
vn -0.935018 -0.354601 -0.000000
vn -0.822985 -0.568062 0.000000
vn -0.822985 -0.568062 -0.000000
vn -0.663120 -0.748513 0.000000
vn -0.663120 -0.748513 -0.000000
vn -0.464725 -0.885455 0.000000
vn -0.464725 -0.885455 -0.000000
vn -0.239315 -0.970942 0.000000
vn -0.239315 -0.970942 -0.000000
vn 0.000000 -1.000000 0.000000
vn 0.239315 -0.970942 0.000000
vn -0.000000 -1.000000 -0.000000
vn 0.239315 -0.970942 0.000000
vn 0.464725 -0.885455 0.000000
vn 0.464725 -0.885455 0.000000
vn 0.663120 -0.748513 0.000000
vn 0.663120 -0.748513 0.000000
vn 0.822985 -0.568062 0.000000
vn 0.822985 -0.568062 0.000000
vn 0.935018 -0.354601 0.000000
vn 0.935018 -0.354601 0.000000
vn 0.992709 -0.120538 0.000000
vn 0.992709 -0.120538 0.000000
vn 0.992709 0.120538 0.000000
vn 0.992709 0.120538 0.000000
vn 0.935018 0.354601 0.000000
vn 0.935018 0.354601 0.000000
vn 0.822985 0.568062 0.000000
vn 0.822985 0.568062 0.000000
vn 0.663120 0.748513 0.000000
vn 0.663120 0.748513 0.000000
vn 0.464725 0.885455 0.000000
vn 0.464725 0.885455 0.000000
vn 0.239315 0.970942 0.000000
vn 0.239315 0.970942 0.000000
vn -0.000000 1.000000 0.000000
vn 0.000000 1.000000 0.000000
vn -0.239315 0.970942 0.000000
vn -0.239315 0.970942 0.000000
vn -0.464725 0.885455 0.000000
vn -0.464725 0.885455 0.000000
vn -0.663120 0.748513 0.000000
vn -0.663120 0.748513 0.000000
vn -0.822985 0.568062 0.000000
vn -0.822985 0.568062 0.000000
vn -0.935018 0.354601 0.000000
vn -0.935018 0.354601 0.000000
vn -0.992709 0.120538 0.000000
vn -0.992709 0.120538 0.000000
vn -0.992709 -0.120538 -0.000000
vn -0.992709 -0.120538 0.000000
vn -0.935018 -0.354601 0.000000
vn -0.935018 -0.354601 -0.000000
vn -0.822985 -0.568062 0.000000
vn -0.822985 -0.568062 -0.000000
vn -0.663120 -0.748513 0.000000
vn -0.663120 -0.748513 -0.000000
vn -0.464725 -0.885455 0.000000
vn -0.464725 -0.885455 -0.000000
vn -0.239315 -0.970942 0.000000
vn -0.239315 -0.970942 -0.000000
vn 0.000000 -1.000000 0.000000
vn 0.239315 -0.970942 0.000000
vn -0.000000 -1.000000 -0.000000
vn 0.239315 -0.970942 0.000000
vn 0.464725 -0.885455 0.000000
vn 0.464725 -0.885455 0.000000
vn 0.663120 -0.748513 0.000000
vn 0.663120 -0.748513 0.000000
vn 0.822985 -0.568062 0.000000
vn 0.822985 -0.568062 0.000000
vn 0.935018 -0.354601 0.000000
vn 0.935018 -0.354601 0.000000
vn 0.992709 -0.120538 0.000000
vn 0.992709 -0.120538 0.000000
vn 0.992709 0.120538 0.000000
vn 0.992709 0.120538 0.000000
vn 0.935018 0.354601 0.000000
vn 0.935018 0.354601 0.000000
vn 0.822985 0.568062 0.000000
vn 0.822985 0.568062 0.000000
vn 0.663120 0.748513 0.000000
vn 0.663120 0.748513 0.000000
vn 0.464725 0.885455 0.000000
vn 0.464725 0.885455 0.000000
vn 0.239315 0.970942 0.000000
vn 0.239315 0.970942 0.000000
vn -0.000000 1.000000 0.000000
vn 0.000000 1.000000 0.000000
vn -0.239315 0.970942 0.000000
vn -0.239315 0.970942 0.000000
vn -0.464725 0.885455 0.000000
vn -0.464725 0.885455 0.000000
vn -0.663120 0.748513 0.000000
vn -0.663120 0.748513 0.000000
vn -0.822985 0.568062 0.000000
vn -0.822985 0.568062 0.000000
vn -0.935018 0.354601 0.000000
vn -0.935018 0.354601 0.000000
vn -0.992709 0.120538 0.000000
vn -0.992709 0.120538 0.000000
vn -0.992709 -0.120538 -0.000000
vn -0.992709 -0.120538 0.000000
vn -0.935015 -0.354609 0.000000
vn -0.935015 -0.354609 -0.000000
vn -0.822981 -0.568069 0.000000
vn -0.822981 -0.568069 -0.000000
vn -0.663129 -0.748506 0.000000
vn -0.663129 -0.748506 -0.000000
vn -0.464725 -0.885455 0.000000
vn -0.464725 -0.885455 -0.000000
vn -0.239315 -0.970942 0.000000
vn -0.239315 -0.970942 -0.000000
vn 0.000000 -1.000000 0.000000
vn 0.239315 -0.970942 0.000000
vn -0.000000 -1.000000 -0.000000
vn 0.239315 -0.970942 0.000000
vn 0.464725 -0.885455 0.000000
vn 0.464725 -0.885455 0.000000
vn 0.663129 -0.748506 0.000000
vn 0.663129 -0.748506 0.000000
vn 0.822981 -0.568069 0.000000
vn 0.822981 -0.568069 0.000000
vn 0.935015 -0.354609 0.000000
vn 0.935015 -0.354609 0.000000
vn 0.992709 -0.120538 0.000000
vn 0.992709 -0.120538 0.000000
vn 0.992709 0.120538 0.000000
vn 0.992709 0.120538 0.000000
vn 0.935015 0.354609 0.000000
vn 0.935015 0.354609 0.000000
vn 0.822981 0.568069 0.000000
vn 0.822981 0.568069 0.000000
vn 0.663129 0.748506 0.000000
vn 0.663129 0.748506 0.000000
vn 0.464725 0.885455 0.000000
vn 0.464725 0.885455 0.000000
vn 0.239315 0.970942 0.000000
vn 0.239315 0.970942 0.000000
vn -0.000000 1.000000 0.000000
vn 0.000000 1.000000 0.000000
vn -0.239315 0.970942 0.000000
vn -0.239315 0.970942 0.000000
vn -0.464725 0.885455 0.000000
vn -0.464725 0.885455 0.000000
vn -0.663129 0.748506 0.000000
vn -0.663129 0.748506 0.000000
vn -0.822981 0.568069 0.000000
vn -0.822981 0.568069 0.000000
vn -0.935015 0.354609 0.000000
vn -0.935015 0.354609 0.000000
vn -0.992709 0.120538 0.000000
vn -0.992709 0.120538 0.000000
vn -0.992709 -0.120538 -0.000000
vn -0.992709 -0.120538 0.000000
vn -0.935018 -0.354600 0.000000
vn -0.935018 -0.354600 -0.000000
vn -0.822984 -0.568065 0.000000
vn -0.822984 -0.568065 -0.000000
vn -0.663122 -0.748511 0.000000
vn -0.663122 -0.748511 -0.000000
vn -0.464718 -0.885459 0.000000
vn -0.464718 -0.885459 -0.000000
vn -0.239319 -0.970941 0.000000
vn -0.239319 -0.970941 -0.000000
vn 0.000000 -1.000000 0.000000
vn 0.239319 -0.970941 0.000000
vn -0.000000 -1.000000 -0.000000
vn 0.239319 -0.970941 0.000000
vn 0.464718 -0.885459 0.000000
vn 0.464718 -0.885459 0.000000
vn 0.663122 -0.748511 0.000000
vn 0.663122 -0.748511 0.000000
vn 0.822984 -0.568065 0.000000
vn 0.822984 -0.568065 0.000000
vn 0.935018 -0.354600 0.000000
vn 0.935018 -0.354600 0.000000
vn 0.992709 -0.120538 0.000000
vn 0.992709 -0.120538 0.000000
vn 0.992709 0.120538 0.000000
vn 0.992709 0.120538 0.000000
vn 0.935018 0.354600 0.000000
vn 0.935018 0.354600 0.000000
vn 0.822984 0.568065 0.000000
vn 0.822984 0.568065 0.000000
vn 0.663122 0.748511 0.000000
vn 0.663122 0.748511 0.000000
vn 0.464718 0.885459 0.000000
vn 0.464718 0.885459 0.000000
vn 0.239319 0.970941 0.000000
vn 0.239319 0.970941 0.000000
vn -0.000000 1.000000 0.000000
vn 0.000000 1.000000 0.000000
vn -0.239319 0.970941 0.000000
vn -0.239319 0.970941 0.000000
vn -0.464718 0.885459 0.000000
vn -0.464718 0.885459 0.000000
vn -0.663122 0.748511 0.000000
vn -0.663122 0.748511 0.000000
vn -0.822984 0.568065 0.000000
vn -0.822984 0.568065 0.000000
vn -0.935018 0.354600 0.000000
vn -0.935018 0.354600 0.000000
vn -0.992709 0.120538 0.000000
vn -0.992709 0.120538 0.000000
vn -0.992709 -0.120538 -0.000000
vn -0.992709 -0.120538 0.000000
vn -0.935018 -0.354600 0.000000
vn -0.935018 -0.354600 -0.000000
vn -0.822984 -0.568065 0.000000
vn -0.822984 -0.568065 -0.000000
vn -0.663122 -0.748511 0.000000
vn -0.663122 -0.748511 -0.000000
vn -0.464718 -0.885459 0.000000
vn -0.464718 -0.885459 -0.000000
vn -0.239319 -0.970941 0.000000
vn -0.239319 -0.970941 -0.000000
vn 0.000000 -1.000000 0.000000
vn 0.239319 -0.970941 0.000000
vn -0.000000 -1.000000 -0.000000
vn 0.239319 -0.970941 0.000000
vn 0.464718 -0.885459 0.000000
vn 0.464718 -0.885459 0.000000
vn 0.663122 -0.748511 0.000000
vn 0.663122 -0.748511 0.000000
vn 0.822984 -0.568065 0.000000
vn 0.822984 -0.568065 0.000000
vn 0.935018 -0.354600 0.000000
vn 0.935018 -0.354600 0.000000
vn 0.992709 -0.120538 0.000000
vn 0.992709 -0.120538 0.000000
vn 0.992709 0.120538 0.000000
vn 0.992709 0.120538 0.000000
vn 0.935018 0.354600 0.000000
vn 0.935018 0.354600 0.000000
vn 0.822984 0.568065 0.000000
vn 0.822984 0.568065 0.000000
vn 0.663122 0.748511 0.000000
vn 0.663122 0.748511 0.000000
vn 0.464718 0.885459 0.000000
vn 0.464718 0.885459 0.000000
vn 0.239319 0.970941 0.000000
vn 0.239319 0.970941 0.000000
vn -0.000000 1.000000 0.000000
vn 0.000000 1.000000 0.000000
vn -0.239319 0.970941 0.000000
vn -0.239319 0.970941 0.000000
vn -0.464718 0.885459 0.000000
vn -0.464718 0.885459 0.000000
vn -0.663122 0.748511 0.000000
vn -0.663122 0.748511 0.000000
vn -0.822984 0.568065 0.000000
vn -0.822984 0.568065 0.000000
vn -0.935018 0.354600 0.000000
vn -0.935018 0.354600 0.000000
vn -0.992709 0.120538 0.000000
vn -0.992709 0.120538 0.000000
vn -0.992709 -0.120538 -0.000000
vn -0.992709 -0.120538 0.000000
vn -0.935015 -0.354608 0.000000
vn -0.935015 -0.354608 -0.000000
vn -0.822980 -0.568071 0.000000
vn -0.822980 -0.568071 -0.000000
vn -0.663131 -0.748503 0.000000
vn -0.663131 -0.748503 -0.000000
vn -0.464718 -0.885459 0.000000
vn -0.464718 -0.885459 -0.000000
vn -0.239319 -0.970941 0.000000
vn -0.239319 -0.970941 -0.000000
vn 0.000000 -1.000000 0.000000
vn 0.239319 -0.970941 0.000000
vn -0.000000 -1.000000 -0.000000
vn 0.239319 -0.970941 0.000000
vn 0.464718 -0.885459 0.000000
vn 0.464718 -0.885459 0.000000
vn 0.663131 -0.748503 0.000000
vn 0.663131 -0.748503 0.000000
vn 0.822980 -0.568071 0.000000
vn 0.822980 -0.568071 0.000000
vn 0.935015 -0.354608 0.000000
vn 0.935015 -0.354608 0.000000
vn 0.992709 -0.120538 0.000000
vn 0.992709 -0.120538 0.000000
vn 0.992709 0.120538 0.000000
vn 0.992709 0.120538 0.000000
vn 0.935015 0.354608 0.000000
vn 0.935015 0.354608 0.000000
vn 0.822980 0.568071 0.000000
vn 0.822980 0.568071 0.000000
vn 0.663131 0.748503 0.000000
vn 0.663131 0.748503 0.000000
vn 0.464718 0.885459 0.000000
vn 0.464718 0.885459 0.000000
vn 0.239319 0.970941 0.000000
vn 0.239319 0.970941 0.000000
vn -0.000000 1.000000 0.000000
vn 0.000000 1.000000 0.000000
vn -0.239319 0.970941 0.000000
vn -0.239319 0.970941 0.000000
vn -0.464718 0.885459 0.000000
vn -0.464718 0.885459 0.000000
vn -0.663131 0.748503 0.000000
vn -0.663131 0.748503 0.000000
vn -0.822980 0.568071 0.000000
vn -0.822980 0.568071 0.000000
vn -0.935015 0.354608 0.000000
vn -0.935015 0.354608 0.000000
vn -0.992709 0.120538 0.000000
vn -0.992709 0.120538 0.000000
vn 0.000000 -1.000000 0.000000
vn 0.000000 -1.000000 0.000000
vn 1.000000 0.000000 0.000000
vn 1.000000 0.000000 0.000000
vn 0.000000 1.000000 0.000000
vn 0.000000 1.000000 -0.000000
vn -1.000000 0.000000 0.000000
vn -1.000000 0.000000 0.000000
vn 0.000000 -1.000000 0.000000
vn 0.000000 -1.000000 0.000000
vn 0.000000 1.000000 0.000000
vn 0.000000 1.000000 -0.000000
vn -1.000000 0.000000 0.000000
vn -1.000000 0.000000 0.000000
vn 0.000000 -1.000000 0.000000
vn 0.000000 -1.000000 0.000000
vn 1.000000 0.000000 0.000000
vn 1.000000 0.000000 0.000000
vn 0.000000 1.000000 0.000000
vn 0.000000 1.000000 -0.000000
vn 0.000000 -1.000000 0.000000
vn 0.000000 -1.000000 0.000000
vn 1.000000 0.000000 0.000000
vn 1.000000 -0.000000 0.000000
vn 0.000000 1.000000 -0.000000
vn 0.000000 1.000000 0.000000
vn -1.000000 0.000000 0.000000
vn -1.000000 -0.000000 0.000000
vn 0.000000 0.000000 -1.000000
vn 0.000000 0.000000 -1.000000
vn 0.000000 0.000000 1.000000
vn 0.000000 0.000000 1.000000
vn 0.000000 -1.000000 0.000000
vn 0.000000 -1.000000 0.000000
vn -1.000000 0.000000 0.000000
vn -1.000000 -0.000000 0.000000
vn 1.000000 0.000000 0.000000
vn 1.000000 -0.000000 0.000000
vn 0.000000 -0.000000 -1.000000
vn 0.000000 0.000000 -1.000000
vn 0.000000 -0.000000 -1.000000
vn 0.000000 0.000000 -1.000000
vn 0.000000 -0.000000 -1.000000
vn 0.000000 0.000000 -1.000000
vn 0.000000 -0.000000 -1.000000
vn 0.000000 0.000000 -1.000000
vn 0.000000 -0.000000 -1.000000
vn 0.000000 -0.000000 -1.000000
vn 0.000000 0.000000 -1.000000
vn 0.000000 0.000000 -1.000000
vn 0.000000 0.000000 -1.000000
vn 0.000000 0.000000 -1.000000
vn 0.000000 0.000000 -1.000000
vn 0.000000 0.000000 -1.000000
vn 0.000000 0.000000 -1.000000
vn 0.000000 0.000000 -1.000000
vn 0.000000 0.000000 -1.000000
vn 0.000000 0.000000 -1.000000
vn 0.000000 0.000000 -1.000000
vn 0.000000 -0.000000 -1.000000
vn 0.000000 -0.000000 -1.000000
vn 0.000000 -0.000000 -1.000000
vn 0.000000 -0.000000 -1.000000
vn 0.000000 -0.000000 -1.000000
vn 0.000000 0.000000 -1.000000
vn 0.000000 0.000000 -1.000000
vn 0.000000 0.000000 -1.000000
vn 0.000000 0.000000 -1.000000
vn 0.000000 0.000000 1.000000
vn 0.000000 0.000000 1.000000
vn 0.000000 0.000000 1.000000
vn 0.000000 0.000000 1.000000
vn 0.000000 0.000000 1.000000
vn 0.000000 0.000000 1.000000
vn 0.000000 0.000000 1.000000
vn 0.000000 0.000000 1.000000
vn 0.000000 0.000000 1.000000
vn 0.000000 0.000000 1.000000
vn 0.000000 0.000000 1.000000
vn 0.000000 0.000000 1.000000
vn 0.000000 0.000000 1.000000
vn 0.000000 0.000000 1.000000
vn 0.000000 0.000000 1.000000
vn 0.000000 0.000000 1.000000
vn 0.000000 0.000000 1.000000
vn 0.000000 0.000000 1.000000
vn 0.000000 0.000000 1.000000
vn 0.000000 0.000000 1.000000
vn 0.000000 0.000000 1.000000
vn 0.000000 0.000000 1.000000
vn 0.000000 0.000000 1.000000
vn 0.000000 0.000000 1.000000
vn 0.000000 0.000000 1.000000
vn 0.000000 0.000000 1.000000
vn 0.000000 0.000000 1.000000
vn 0.000000 0.000000 1.000000
vn 0.000000 0.000000 1.000000
vn 0.000000 0.000000 1.000000
vn 0.000000 1.000000 -0.000000
vn 0.000000 1.000000 0.000000
vn -0.992709 -0.120538 -0.000000
vn -0.992709 -0.120538 0.000000
vn -0.935016 -0.354605 0.000000
vn -0.935016 -0.354605 -0.000000
vn -0.822984 -0.568065 0.000000
vn -0.822984 -0.568065 -0.000000
vn -0.663123 -0.748510 0.000000
vn -0.663123 -0.748510 -0.000000
vn -0.464724 -0.885455 0.000000
vn -0.464724 -0.885455 -0.000000
vn -0.239315 -0.970942 0.000000
vn -0.239315 -0.970942 -0.000000
vn 0.000000 -1.000000 0.000000
vn 0.239315 -0.970942 0.000000
vn -0.000000 -1.000000 -0.000000
vn 0.239315 -0.970942 0.000000
vn 0.464724 -0.885455 0.000000
vn 0.464724 -0.885455 0.000000
vn 0.663123 -0.748510 0.000000
vn 0.663123 -0.748510 0.000000
vn 0.822983 -0.568066 0.000000
vn 0.822983 -0.568066 0.000000
vn 0.935016 -0.354604 0.000000
vn 0.935016 -0.354604 0.000000
vn 0.992709 -0.120536 0.000000
vn 0.992709 -0.120536 0.000000
vn 0.992709 0.120536 0.000000
vn 0.992709 0.120536 0.000000
vn 0.935016 0.354604 0.000000
vn 0.935016 0.354604 0.000000
vn 0.822983 0.568066 0.000000
vn 0.822983 0.568066 0.000000
vn 0.663123 0.748510 0.000000
vn 0.663123 0.748510 0.000000
vn 0.464724 0.885455 0.000000
vn 0.464724 0.885455 0.000000
vn 0.239315 0.970942 0.000000
vn 0.239315 0.970942 0.000000
vn -0.000000 1.000000 0.000000
vn 0.000000 1.000000 0.000000
vn -0.239315 0.970942 0.000000
vn -0.239315 0.970942 0.000000
vn -0.464724 0.885455 0.000000
vn -0.464724 0.885455 0.000000
vn -0.663123 0.748510 0.000000
vn -0.663123 0.748510 0.000000
vn -0.822984 0.568065 0.000000
vn -0.822984 0.568065 0.000000
vn -0.935016 0.354605 0.000000
vn -0.935016 0.354605 0.000000
vn -0.992709 0.120538 0.000000
vn -0.992709 0.120538 0.000000
vn 0.000000 -1.000000 0.000000
vn 0.000000 -1.000000 0.000000
vn -1.000000 0.000000 0.000000
vn -1.000000 -0.000000 0.000000
vn 1.000000 0.000000 0.000000
vn 1.000000 -0.000000 0.000000
vn 0.000000 -0.000000 -1.000000
vn 0.000000 0.000000 -1.000000
vn 0.000000 -0.000000 -1.000000
vn 0.000000 0.000000 -1.000000
vn 0.000000 -0.000000 -1.000000
vn 0.000000 0.000000 -1.000000
vn 0.000000 -0.000000 -1.000000
vn 0.000000 0.000000 -1.000000
vn 0.000000 -0.000000 -1.000000
vn 0.000000 0.000000 -1.000000
vn 0.000000 0.000000 -1.000000
vn 0.000000 0.000000 -1.000000
vn 0.000000 0.000000 -1.000000
vn 0.000000 0.000000 -1.000000
vn 0.000000 0.000000 -1.000000
vn 0.000000 0.000000 -1.000000
vn 0.000000 0.000000 -1.000000
vn 0.000000 0.000000 -1.000000
vn 0.000000 0.000000 -1.000000
vn 0.000000 0.000000 -1.000000
vn 0.000000 0.000000 -1.000000
vn 0.000000 0.000000 -1.000000
vn 0.000000 0.000000 -1.000000
vn 0.000000 0.000000 -1.000000
vn 0.000000 0.000000 -1.000000
vn 0.000000 0.000000 -1.000000
vn 0.000000 0.000000 -1.000000
vn 0.000000 0.000000 -1.000000
vn 0.000000 -0.000000 -1.000000
vn -0.000000 -0.000000 -1.000000
vn 0.000000 0.000000 -1.000000
vn 0.000000 -0.000000 -1.000000
vn 0.000000 0.000000 -1.000000
vn 0.000000 -0.000000 -1.000000
vn -0.000000 -0.000000 -1.000000
vn 0.000000 -0.000000 -1.000000
vn 0.000000 -0.000000 -1.000000
vn 0.000000 0.000000 -1.000000
vn 0.000000 -0.000000 -1.000000
vn 0.000000 0.000000 -1.000000
vn 0.000000 -0.000000 -1.000000
vn 0.000000 0.000000 -1.000000
vn 0.000000 -0.000000 -1.000000
vn 0.000000 0.000000 -1.000000
vn 0.000000 0.000000 -1.000000
vn 0.000000 0.000000 -1.000000
vn 0.000000 0.000000 -1.000000
vn 0.000000 0.000000 -1.000000
vn 0.000000 0.000000 -1.000000
vn 0.000000 0.000000 -1.000000
vn 0.000000 0.000000 -1.000000
vn 0.000000 0.000000 -1.000000
vn 0.000000 0.000000 -1.000000
vn 0.000000 0.000000 -1.000000
vn 0.000000 0.000000 -1.000000
vn 0.000000 0.000000 -1.000000
vn 0.000000 0.000000 -1.000000
vn 0.000000 0.000000 -1.000000
vn 0.000000 0.000000 -1.000000
vn 0.000000 0.000000 -1.000000
vn 0.000000 0.000000 -1.000000
vn 0.000000 0.000000 -1.000000
vn 0.000000 0.000000 -1.000000
vn 0.000000 0.000000 -1.000000
vn 0.000000 0.000000 -1.000000
vn 0.000000 0.000000 -1.000000
vn 0.000000 0.000000 -1.000000
vn 0.000000 0.000000 -1.000000
vn 0.000000 -0.000000 -1.000000
vn 0.000000 0.000000 -1.000000
vn 0.000000 0.000000 -1.000000
vn 0.000000 0.000000 -1.000000
vn 0.000000 0.000000 -1.000000
vn 0.000000 0.000000 -1.000000
vn 0.000000 -0.000000 -1.000000
vn 0.000000 -0.000000 -1.000000
vn 0.000000 0.000000 -1.000000
vn 0.000000 0.000000 -1.000000
vn 0.000000 0.000000 -1.000000
vn 0.000000 0.000000 -1.000000
vn 0.000000 0.000000 -1.000000
vn 0.000000 0.000000 -1.000000
vn 0.000000 0.000000 -1.000000
vn 0.000000 0.000000 -1.000000
vn 0.000000 0.000000 -1.000000
vn 0.000000 0.000000 -1.000000
vn 0.000000 0.000000 -1.000000
vn 0.000000 0.000000 -1.000000
vn 0.000000 0.000000 -1.000000
vn 0.000000 0.000000 -1.000000
vn 0.000000 0.000000 -1.000000
vn 0.000000 0.000000 -1.000000
vn 0.000000 0.000000 -1.000000
vn 0.000000 0.000000 -1.000000
vn -0.000000 -0.000000 -1.000000
vn 0.000000 -0.000000 -1.000000
vn 0.000000 0.000000 -1.000000
vn 0.000000 -0.000000 -1.000000
vn 0.000000 0.000000 -1.000000
vn 0.000000 -0.000000 -1.000000
vn -0.000000 -0.000000 -1.000000
vn 0.000000 0.000000 -1.000000
vn 0.000000 -0.000000 -1.000000
vn 0.000000 0.000000 -1.000000
vn 0.000000 0.000000 -1.000000
vn 0.000000 0.000000 -1.000000
vn 0.000000 0.000000 -1.000000
vn 0.000000 0.000000 -1.000000
vn 0.000000 0.000000 -1.000000
vn 0.000000 0.000000 -1.000000
vn 0.000000 0.000000 -1.000000
vn 0.000000 0.000000 -1.000000
vn 0.000000 0.000000 -1.000000
vn 0.000000 0.000000 -1.000000
vn 0.000000 0.000000 -1.000000
vn -0.000000 -0.000000 -1.000000
vn 0.000000 -0.000000 -1.000000
vn 0.000000 -0.000000 -1.000000
vn 0.000000 0.000000 -1.000000
vn 0.000000 -0.000000 -1.000000
vn 0.000000 -0.000000 -1.000000
vn 0.000000 0.000000 -1.000000
vn 0.000000 0.000000 -1.000000
vn 0.000000 0.000000 -1.000000
vn 0.000000 0.000000 -1.000000
vn 0.000000 0.000000 -1.000000
vn 0.000000 0.000000 -1.000000
vn 0.000000 0.000000 -1.000000
vn 0.000000 0.000000 -1.000000
vn 0.000000 0.000000 -1.000000
vn 0.000000 0.000000 -1.000000
vn 0.000000 -0.000000 -1.000000
vn 0.000000 0.000000 -1.000000
vn 0.000000 0.000000 -1.000000
vn 0.000000 -0.000000 -1.000000
vn 0.000000 0.000000 -1.000000
vn 0.000000 0.000000 -1.000000
vn 0.000000 0.000000 -1.000000
vn 0.000000 0.000000 -1.000000
vn 0.000000 -0.000000 -1.000000
vn 0.000000 0.000000 -1.000000
vn 0.000000 0.000000 -1.000000
vn 0.000000 0.000000 -1.000000
vn 0.000000 0.000000 -1.000000
vn 0.000000 0.000000 -1.000000
vn 0.000000 0.000000 -1.000000
vn 0.000000 0.000000 -1.000000
vn 0.000000 0.000000 -1.000000
vn 0.000000 0.000000 -1.000000
vn 0.000000 0.000000 -1.000000
vn 0.000000 0.000000 -1.000000
vn 0.000000 0.000000 -1.000000
vn 0.000000 0.000000 -1.000000
vn 0.000000 0.000000 -1.000000
vn 0.000000 0.000000 -1.000000
vn 0.000000 0.000000 -1.000000
vn 0.000000 0.000000 -1.000000
vn 0.000000 0.000000 -1.000000
vn 0.000000 0.000000 -1.000000
vn 0.000000 -0.000000 -1.000000
vn 0.000000 0.000000 -1.000000
vn 0.000000 0.000000 -1.000000
vn 0.000000 0.000000 -1.000000
vn 0.000000 0.000000 -1.000000
vn 0.000000 0.000000 -1.000000
vn 0.000000 -0.000000 -1.000000
vn 0.000000 0.000000 -1.000000
vn 0.000000 0.000000 -1.000000
vn 0.000000 0.000000 -1.000000
vn 0.000000 -0.000000 -1.000000
vn 0.000000 0.000000 -1.000000
vn 0.000000 0.000000 -1.000000
vn 0.000000 0.000000 -1.000000
vn 0.000000 0.000000 -1.000000
vn 0.000000 0.000000 -1.000000
vn 0.000000 0.000000 -1.000000
vn 0.000000 0.000000 -1.000000
vn 0.000000 0.000000 -1.000000
vn 0.000000 0.000000 -1.000000
vn 0.000000 0.000000 -1.000000
vn 0.000000 0.000000 -1.000000
vn 0.000000 0.000000 -1.000000
vn 0.000000 0.000000 -1.000000
vn 0.000000 0.000000 -1.000000
vn 0.000000 0.000000 -1.000000
vn 0.000000 0.000000 -1.000000
vn 0.000000 0.000000 -1.000000
vn 0.000000 0.000000 -1.000000
vn -0.000000 -0.000000 -1.000000
vn 0.000000 -0.000000 -1.000000
vn 0.000000 -0.000000 -1.000000
vn 0.000000 0.000000 -1.000000
vn 0.000000 -0.000000 -1.000000
vn 0.000000 -0.000000 -1.000000
vn 0.000000 0.000000 -1.000000
vn 0.000000 0.000000 -1.000000
vn 0.000000 -0.000000 -1.000000
vn 0.000000 -0.000000 -1.000000
vn 0.000000 0.000000 -1.000000
vn 0.000000 -0.000000 -1.000000
vn -0.000000 -0.000000 -1.000000
vn 0.000000 0.000000 -1.000000
vn 0.000000 0.000000 -1.000000
vn 0.000000 0.000000 -1.000000
vn 0.000000 0.000000 -1.000000
vn 0.000000 0.000000 -1.000000
vn 0.000000 0.000000 -1.000000
vn 0.000000 0.000000 -1.000000
vn 0.000000 0.000000 -1.000000
vn 0.000000 0.000000 -1.000000
vn 0.000000 0.000000 -1.000000
vn 0.000000 0.000000 -1.000000
vn 0.000000 0.000000 -1.000000
vn 0.000000 -0.000000 -1.000000
vn 0.000000 -0.000000 -1.000000
vn 0.000000 0.000000 -1.000000
vn 0.000000 0.000000 -1.000000
vn 0.000000 0.000000 -1.000000
vn 0.000000 0.000000 -1.000000
vn 0.000000 -0.000000 -1.000000
vn 0.000000 0.000000 -1.000000
vn 0.000000 0.000000 -1.000000
vn 0.000000 0.000000 -1.000000
vn 0.000000 0.000000 -1.000000
vn 0.000000 0.000000 -1.000000
vn 0.000000 0.000000 -1.000000
vn 0.000000 0.000000 -1.000000
vn 0.000000 0.000000 -1.000000
vn 0.000000 0.000000 -1.000000
vn 0.000000 0.000000 -1.000000
vn 0.000000 0.000000 -1.000000
vn 0.000000 0.000000 -1.000000
vn 0.000000 0.000000 -1.000000
vn 0.000000 0.000000 -1.000000
vn 0.000000 0.000000 -1.000000
vn 0.000000 0.000000 -1.000000
vn 0.000000 0.000000 -1.000000
vn 0.000000 0.000000 -1.000000
vn 0.000000 0.000000 -1.000000
vn 0.000000 0.000000 -1.000000
vn 0.000000 -0.000000 -1.000000
vn 0.000000 -0.000000 -1.000000
vn 0.000000 0.000000 -1.000000
vn 0.000000 0.000000 -1.000000
vn 0.000000 -0.000000 -1.000000
vn 0.000000 0.000000 -1.000000
vn 0.000000 0.000000 -1.000000
vn 0.000000 0.000000 -1.000000
vn 0.000000 0.000000 -1.000000
vn 0.000000 0.000000 -1.000000
vn 0.000000 0.000000 -1.000000
vn 0.000000 0.000000 -1.000000
vn 0.000000 0.000000 -1.000000
vn 0.000000 0.000000 -1.000000
vn 0.000000 0.000000 -1.000000
vn 0.000000 0.000000 -1.000000
vn 0.000000 0.000000 -1.000000
vn 0.000000 0.000000 -1.000000
vn 0.000000 0.000000 -1.000000
vn 0.000000 0.000000 -1.000000
vn 0.000000 0.000000 -1.000000
vn 0.000000 0.000000 -1.000000
vn 0.000000 0.000000 -1.000000
vn 0.000000 0.000000 -1.000000
vn 0.000000 0.000000 -1.000000
vn 0.000000 0.000000 -1.000000
vn 0.000000 0.000000 -1.000000
vn 0.000000 -0.000000 -1.000000
vn -0.000000 -0.000000 -1.000000
vn 0.000000 -0.000000 -1.000000
vn 0.000000 -0.000000 -1.000000
vn 0.000000 0.000000 -1.000000
vn 0.000000 0.000000 -1.000000
vn 0.000000 0.000000 -1.000000
vn 0.000000 -0.000000 -1.000000
vn -0.000000 -0.000000 -1.000000
vn 0.000000 0.000000 -1.000000
vn -0.000000 -0.000000 -1.000000
vn 0.000000 -0.000000 -1.000000
vn -0.000000 -0.000000 -1.000000
vn 0.000000 -0.000000 -1.000000
vn -0.000000 -0.000000 -1.000000
vn 0.000000 0.000000 -1.000000
vn 0.000000 -0.000000 -1.000000
vn 0.000000 0.000000 -1.000000
vn 0.000000 0.000000 -1.000000
vn 0.000000 0.000000 -1.000000
vn 0.000000 0.000000 -1.000000
vn 0.000000 0.000000 -1.000000
vn 0.000000 0.000000 -1.000000
vn 0.000000 0.000000 -1.000000
vn 0.000000 0.000000 -1.000000
vn 0.000000 0.000000 -1.000000
vn 0.000000 0.000000 -1.000000
vn 0.000000 0.000000 -1.000000
vn 0.000000 0.000000 -1.000000
vn 0.000000 0.000000 -1.000000
vn 0.000000 0.000000 -1.000000
vn 0.000000 0.000000 -1.000000
vn 0.000000 0.000000 -1.000000
vn 0.000000 0.000000 -1.000000
vn 0.000000 0.000000 -1.000000
vn 0.000000 0.000000 -1.000000
vn 0.000000 -0.000000 -1.000000
vn 0.000000 -0.000000 -1.000000
vn 0.000000 0.000000 -1.000000
vn 0.000000 0.000000 -1.000000
vn 0.000000 0.000000 -1.000000
vn 0.000000 0.000000 -1.000000
vn 0.000000 0.000000 -1.000000
vn 0.000000 0.000000 -1.000000
vn 0.000000 0.000000 -1.000000
vn 0.000000 0.000000 -1.000000
vn 0.000000 -0.000000 -1.000000
vn 0.000000 0.000000 -1.000000
vn 0.000000 0.000000 -1.000000
vn 0.000000 0.000000 -1.000000
vn 0.000000 0.000000 -1.000000
vn 0.000000 0.000000 -1.000000
vn 0.000000 0.000000 -1.000000
vn 0.000000 0.000000 -1.000000
vn 0.000000 0.000000 -1.000000
vn 0.000000 0.000000 -1.000000
vn 0.000000 0.000000 -1.000000
vn 0.000000 0.000000 -1.000000
vn 0.000000 0.000000 -1.000000
vn 0.000000 0.000000 -1.000000
vn 0.000000 0.000000 -1.000000
vn 0.000000 0.000000 -1.000000
vn 0.000000 0.000000 -1.000000
vn 0.000000 0.000000 -1.000000
vn 0.000000 -0.000000 -1.000000
vn 0.000000 0.000000 -1.000000
vn 0.000000 0.000000 -1.000000
vn 0.000000 0.000000 -1.000000
vn 0.000000 0.000000 -1.000000
vn 0.000000 0.000000 -1.000000
vn 0.000000 0.000000 -1.000000
vn 0.000000 -0.000000 -1.000000
vn 0.000000 0.000000 -1.000000
vn 0.000000 0.000000 -1.000000
vn 0.000000 0.000000 -1.000000
vn 0.000000 0.000000 -1.000000
vn 0.000000 0.000000 -1.000000
vn 0.000000 -0.000000 -1.000000
vn 0.000000 0.000000 -1.000000
vn 0.000000 0.000000 -1.000000
vn 0.000000 0.000000 -1.000000
vn 0.000000 0.000000 -1.000000
vn 0.000000 0.000000 -1.000000
vn 0.000000 0.000000 -1.000000
vn 0.000000 0.000000 -1.000000
vn 0.000000 0.000000 -1.000000
vn 0.000000 0.000000 -1.000000
vn 0.000000 0.000000 -1.000000
vn 0.000000 0.000000 -1.000000
vn 0.000000 0.000000 -1.000000
vn 0.000000 0.000000 -1.000000
vn 0.000000 0.000000 -1.000000
vn 0.000000 0.000000 -1.000000
vn 0.000000 0.000000 -1.000000
vn 0.000000 0.000000 -1.000000
vn 0.000000 0.000000 -1.000000
vn 0.000000 0.000000 -1.000000
vn 0.000000 0.000000 -1.000000
vn 0.000000 0.000000 -1.000000
vn 0.000000 0.000000 -1.000000
vn 0.000000 0.000000 -1.000000
vn 0.000000 -0.000000 -1.000000
vn 0.000000 0.000000 -1.000000
vn 0.000000 0.000000 -1.000000
vn 0.000000 0.000000 -1.000000
vn 0.000000 0.000000 -1.000000
vn 0.000000 -0.000000 -1.000000
vn 0.000000 0.000000 -1.000000
vn 0.000000 0.000000 -1.000000
vn 0.000000 0.000000 -1.000000
vn 0.000000 0.000000 -1.000000
vn 0.000000 0.000000 -1.000000
vn 0.000000 0.000000 -1.000000
vn 0.000000 0.000000 -1.000000
vn 0.000000 -0.000000 -1.000000
vn 0.000000 0.000000 -1.000000
vn 0.000000 0.000000 -1.000000
vn 0.000000 0.000000 -1.000000
vn 0.000000 0.000000 -1.000000
vn 0.000000 0.000000 -1.000000
vn 0.000000 0.000000 -1.000000
vn 0.000000 0.000000 -1.000000
vn 0.000000 0.000000 -1.000000
vn 0.000000 0.000000 -1.000000
vn 0.000000 0.000000 -1.000000
vn 0.000000 0.000000 -1.000000
vn 0.000000 0.000000 -1.000000
vn 0.000000 0.000000 -1.000000
vn 0.000000 0.000000 -1.000000
vn 0.000000 0.000000 -1.000000
vn 0.000000 0.000000 -1.000000
vn 0.000000 0.000000 -1.000000
vn 0.000000 0.000000 -1.000000
vn 0.000000 0.000000 -1.000000
vn 0.000000 0.000000 -1.000000
vn 0.000000 0.000000 -1.000000
vn 0.000000 0.000000 -1.000000
vn 0.000000 0.000000 -1.000000
vn 0.000000 0.000000 -1.000000
vn 0.000000 0.000000 -1.000000
vn 0.000000 0.000000 -1.000000
vn 0.000000 0.000000 -1.000000
vn 0.000000 0.000000 -1.000000
vn 0.000000 0.000000 -1.000000
vn 0.000000 0.000000 -1.000000
vn 0.000000 0.000000 -1.000000
vn 0.000000 0.000000 -1.000000
vn 0.000000 0.000000 -1.000000
vn 0.000000 0.000000 -1.000000
vn 0.000000 0.000000 -1.000000
vn 0.000000 -0.000000 -1.000000
vn 0.000000 0.000000 -1.000000
vn 0.000000 0.000000 -1.000000
vn 0.000000 0.000000 -1.000000
vn 0.000000 0.000000 -1.000000
vn 0.000000 0.000000 1.000000
vn 0.000000 0.000000 1.000000
vn 0.000000 0.000000 1.000000
vn 0.000000 0.000000 1.000000
vn 0.000000 0.000000 1.000000
vn 0.000000 0.000000 1.000000
vn 0.000000 0.000000 1.000000
vn 0.000000 0.000000 1.000000
vn 0.000000 0.000000 1.000000
vn 0.000000 0.000000 1.000000
vn 0.000000 0.000000 1.000000
vn 0.000000 0.000000 1.000000
vn 0.000000 0.000000 1.000000
vn 0.000000 0.000000 1.000000
vn 0.000000 0.000000 1.000000
vn 0.000000 0.000000 1.000000
vn 0.000000 0.000000 1.000000
vn 0.000000 0.000000 1.000000
vn 0.000000 0.000000 1.000000
vn 0.000000 0.000000 1.000000
vn 0.000000 0.000000 1.000000
vn 0.000000 0.000000 1.000000
vn 0.000000 0.000000 1.000000
vn 0.000000 0.000000 1.000000
vn 0.000000 0.000000 1.000000
vn 0.000000 0.000000 1.000000
vn 0.000000 0.000000 1.000000
vn 0.000000 0.000000 1.000000
vn 0.000000 0.000000 1.000000
vn 0.000000 0.000000 1.000000
vn 0.000000 0.000000 1.000000
vn 0.000000 0.000000 1.000000
vn 0.000000 0.000000 1.000000
vn 0.000000 0.000000 1.000000
vn 0.000000 0.000000 1.000000
vn 0.000000 0.000000 1.000000
vn 0.000000 0.000000 1.000000
vn 0.000000 0.000000 1.000000
vn 0.000000 0.000000 1.000000
vn 0.000000 0.000000 1.000000
vn 0.000000 0.000000 1.000000
vn 0.000000 0.000000 1.000000
vn 0.000000 0.000000 1.000000
vn 0.000000 0.000000 1.000000
vn 0.000000 0.000000 1.000000
vn 0.000000 0.000000 1.000000
vn 0.000000 0.000000 1.000000
vn 0.000000 0.000000 1.000000
vn 0.000000 0.000000 1.000000
vn 0.000000 0.000000 1.000000
vn 0.000000 0.000000 1.000000
vn 0.000000 0.000000 1.000000
vn 0.000000 0.000000 1.000000
vn 0.000000 0.000000 1.000000
vn 0.000000 0.000000 1.000000
vn 0.000000 0.000000 1.000000
vn 0.000000 0.000000 1.000000
vn 0.000000 0.000000 1.000000
vn 0.000000 0.000000 1.000000
vn 0.000000 0.000000 1.000000
vn 0.000000 0.000000 1.000000
vn 0.000000 0.000000 1.000000
vn 0.000000 0.000000 1.000000
vn 0.000000 0.000000 1.000000
vn 0.000000 0.000000 1.000000
vn 0.000000 0.000000 1.000000
vn 0.000000 0.000000 1.000000
vn 0.000000 0.000000 1.000000
vn 0.000000 0.000000 1.000000
vn 0.000000 0.000000 1.000000
vn 0.000000 0.000000 1.000000
vn 0.000000 0.000000 1.000000
vn 0.000000 0.000000 1.000000
vn 0.000000 0.000000 1.000000
vn 0.000000 0.000000 1.000000
vn 0.000000 0.000000 1.000000
vn 0.000000 0.000000 1.000000
vn 0.000000 0.000000 1.000000
vn 0.000000 0.000000 1.000000
vn 0.000000 0.000000 1.000000
vn 0.000000 0.000000 1.000000
vn 0.000000 0.000000 1.000000
vn 0.000000 0.000000 1.000000
vn 0.000000 0.000000 1.000000
vn 0.000000 0.000000 1.000000
vn 0.000000 0.000000 1.000000
vn 0.000000 0.000000 1.000000
vn 0.000000 0.000000 1.000000
vn 0.000000 0.000000 1.000000
vn 0.000000 0.000000 1.000000
vn 0.000000 0.000000 1.000000
vn 0.000000 0.000000 1.000000
vn 0.000000 0.000000 1.000000
vn 0.000000 0.000000 1.000000
vn 0.000000 0.000000 1.000000
vn 0.000000 0.000000 1.000000
vn 0.000000 0.000000 1.000000
vn 0.000000 0.000000 1.000000
vn 0.000000 0.000000 1.000000
vn 0.000000 0.000000 1.000000
vn 0.000000 0.000000 1.000000
vn 0.000000 0.000000 1.000000
vn 0.000000 0.000000 1.000000
vn 0.000000 0.000000 1.000000
vn 0.000000 0.000000 1.000000
vn 0.000000 0.000000 1.000000
vn 0.000000 0.000000 1.000000
vn 0.000000 0.000000 1.000000
vn 0.000000 0.000000 1.000000
vn 0.000000 0.000000 1.000000
vn 0.000000 0.000000 1.000000
vn 0.000000 0.000000 1.000000
vn 0.000000 0.000000 1.000000
vn 0.000000 0.000000 1.000000
vn 0.000000 0.000000 1.000000
vn 0.000000 0.000000 1.000000
vn 0.000000 0.000000 1.000000
vn 0.000000 0.000000 1.000000
vn 0.000000 0.000000 1.000000
vn 0.000000 0.000000 1.000000
vn 0.000000 0.000000 1.000000
vn 0.000000 0.000000 1.000000
vn 0.000000 0.000000 1.000000
vn 0.000000 0.000000 1.000000
vn 0.000000 0.000000 1.000000
vn 0.000000 0.000000 1.000000
vn 0.000000 0.000000 1.000000
vn 0.000000 0.000000 1.000000
vn 0.000000 0.000000 1.000000
vn 0.000000 0.000000 1.000000
vn 0.000000 0.000000 1.000000
vn 0.000000 0.000000 1.000000
vn 0.000000 0.000000 1.000000
vn 0.000000 0.000000 1.000000
vn 0.000000 0.000000 1.000000
vn 0.000000 0.000000 1.000000
vn 0.000000 0.000000 1.000000
vn 0.000000 0.000000 1.000000
vn 0.000000 0.000000 1.000000
vn 0.000000 0.000000 1.000000
vn 0.000000 0.000000 1.000000
vn 0.000000 0.000000 1.000000
vn 0.000000 0.000000 1.000000
vn 0.000000 0.000000 1.000000
vn 0.000000 0.000000 1.000000
vn 0.000000 0.000000 1.000000
vn 0.000000 0.000000 1.000000
vn 0.000000 0.000000 1.000000
vn 0.000000 0.000000 1.000000
vn 0.000000 0.000000 1.000000
vn 0.000000 0.000000 1.000000
vn 0.000000 0.000000 1.000000
vn 0.000000 0.000000 1.000000
vn 0.000000 0.000000 1.000000
vn 0.000000 0.000000 1.000000
vn 0.000000 0.000000 1.000000
vn 0.000000 0.000000 1.000000
vn 0.000000 0.000000 1.000000
vn 0.000000 0.000000 1.000000
vn 0.000000 0.000000 1.000000
vn 0.000000 0.000000 1.000000
vn 0.000000 0.000000 1.000000
vn 0.000000 0.000000 1.000000
vn 0.000000 0.000000 1.000000
vn 0.000000 0.000000 1.000000
vn 0.000000 0.000000 1.000000
vn 0.000000 0.000000 1.000000
vn 0.000000 0.000000 1.000000
vn 0.000000 0.000000 1.000000
vn 0.000000 0.000000 1.000000
vn 0.000000 0.000000 1.000000
vn 0.000000 0.000000 1.000000
vn 0.000000 0.000000 1.000000
vn 0.000000 0.000000 1.000000
vn 0.000000 0.000000 1.000000
vn 0.000000 0.000000 1.000000
vn 0.000000 0.000000 1.000000
vn 0.000000 0.000000 1.000000
vn 0.000000 0.000000 1.000000
vn 0.000000 0.000000 1.000000
vn 0.000000 0.000000 1.000000
vn 0.000000 0.000000 1.000000
vn 0.000000 0.000000 1.000000
vn 0.000000 0.000000 1.000000
vn 0.000000 0.000000 1.000000
vn 0.000000 0.000000 1.000000
vn 0.000000 0.000000 1.000000
vn 0.000000 0.000000 1.000000
vn 0.000000 0.000000 1.000000
vn 0.000000 0.000000 1.000000
vn 0.000000 0.000000 1.000000
vn 0.000000 0.000000 1.000000
vn 0.000000 0.000000 1.000000
vn 0.000000 0.000000 1.000000
vn 0.000000 0.000000 1.000000
vn 0.000000 0.000000 1.000000
vn 0.000000 0.000000 1.000000
vn 0.000000 0.000000 1.000000
vn 0.000000 0.000000 1.000000
vn 0.000000 0.000000 1.000000
vn 0.000000 0.000000 1.000000
vn 0.000000 0.000000 1.000000
vn 0.000000 0.000000 1.000000
vn 0.000000 0.000000 1.000000
vn 0.000000 0.000000 1.000000
vn 0.000000 0.000000 1.000000
vn 0.000000 0.000000 1.000000
vn 0.000000 0.000000 1.000000
vn 0.000000 0.000000 1.000000
vn 0.000000 0.000000 1.000000
vn 0.000000 0.000000 1.000000
vn 0.000000 0.000000 1.000000
vn 0.000000 0.000000 1.000000
vn 0.000000 0.000000 1.000000
vn 0.000000 0.000000 1.000000
vn 0.000000 0.000000 1.000000
vn 0.000000 0.000000 1.000000
vn 0.000000 0.000000 1.000000
vn 0.000000 0.000000 1.000000
vn 0.000000 0.000000 1.000000
vn 0.000000 0.000000 1.000000
vn 0.000000 0.000000 1.000000
vn 0.000000 0.000000 1.000000
vn 0.000000 0.000000 1.000000
vn 0.000000 0.000000 1.000000
vn 0.000000 0.000000 1.000000
vn 0.000000 0.000000 1.000000
vn 0.000000 0.000000 1.000000
vn 0.000000 0.000000 1.000000
vn 0.000000 0.000000 1.000000
vn 0.000000 0.000000 1.000000
vn 0.000000 0.000000 1.000000
vn 0.000000 0.000000 1.000000
vn 0.000000 0.000000 1.000000
vn 0.000000 0.000000 1.000000
vn 0.000000 0.000000 1.000000
vn 0.000000 0.000000 1.000000
vn 0.000000 0.000000 1.000000
vn 0.000000 0.000000 1.000000
vn 0.000000 0.000000 1.000000
vn 0.000000 0.000000 1.000000
vn 0.000000 0.000000 1.000000
vn 0.000000 0.000000 1.000000
vn 0.000000 0.000000 1.000000
vn 0.000000 0.000000 1.000000
vn 0.000000 0.000000 1.000000
vn 0.000000 0.000000 1.000000
vn 0.000000 0.000000 1.000000
vn 0.000000 0.000000 1.000000
vn 0.000000 0.000000 1.000000
vn 0.000000 0.000000 1.000000
vn 0.000000 0.000000 1.000000
vn 0.000000 0.000000 1.000000
vn 0.000000 0.000000 1.000000
vn 0.000000 0.000000 1.000000
vn 0.000000 0.000000 1.000000
vn 0.000000 0.000000 1.000000
vn 0.000000 0.000000 1.000000
vn 0.000000 0.000000 1.000000
vn 0.000000 0.000000 1.000000
vn 0.000000 0.000000 1.000000
vn 0.000000 0.000000 1.000000
vn 0.000000 0.000000 1.000000
vn 0.000000 0.000000 1.000000
vn 0.000000 0.000000 1.000000
vn 0.000000 0.000000 1.000000
vn 0.000000 0.000000 1.000000
vn 0.000000 0.000000 1.000000
vn 0.000000 0.000000 1.000000
vn 0.000000 0.000000 1.000000
vn 0.000000 0.000000 1.000000
vn 0.000000 0.000000 1.000000
vn 0.000000 0.000000 1.000000
vn 0.000000 0.000000 1.000000
vn 0.000000 0.000000 1.000000
vn 0.000000 0.000000 1.000000
vn 0.000000 0.000000 1.000000
vn 0.000000 0.000000 1.000000
vn 0.000000 0.000000 1.000000
vn 0.000000 0.000000 1.000000
vn 0.000000 0.000000 1.000000
vn 0.000000 0.000000 1.000000
vn 0.000000 0.000000 1.000000
vn 0.000000 0.000000 1.000000
vn 0.000000 0.000000 1.000000
vn 0.000000 0.000000 1.000000
vn 0.000000 0.000000 1.000000
vn 0.000000 0.000000 1.000000
vn 0.000000 0.000000 1.000000
vn 0.000000 0.000000 1.000000
vn 0.000000 0.000000 1.000000
vn 0.000000 0.000000 1.000000
vn 0.000000 0.000000 1.000000
vn 0.000000 0.000000 1.000000
vn 0.000000 0.000000 1.000000
vn 0.000000 0.000000 1.000000
vn 0.000000 0.000000 1.000000
vn 0.000000 0.000000 1.000000
vn 0.000000 0.000000 1.000000
vn 0.000000 0.000000 1.000000
vn 0.000000 0.000000 1.000000
vn 0.000000 0.000000 1.000000
vn 0.000000 0.000000 1.000000
vn 0.000000 0.000000 1.000000
vn 0.000000 0.000000 1.000000
vn 0.000000 0.000000 1.000000
vn 0.000000 0.000000 1.000000
vn 0.000000 0.000000 1.000000
vn 0.000000 0.000000 1.000000
vn 0.000000 0.000000 1.000000
vn 0.000000 0.000000 1.000000
vn 0.000000 0.000000 1.000000
vn 0.000000 0.000000 1.000000
vn 0.000000 0.000000 1.000000
vn 0.000000 0.000000 1.000000
vn 0.000000 0.000000 1.000000
vn 0.000000 0.000000 1.000000
vn 0.000000 0.000000 1.000000
vn 0.000000 0.000000 1.000000
vn 0.000000 0.000000 1.000000
vn 0.000000 0.000000 1.000000
vn 0.000000 0.000000 1.000000
vn 0.000000 0.000000 1.000000
vn 0.000000 0.000000 1.000000
vn 0.000000 0.000000 1.000000
vn 0.000000 0.000000 1.000000
vn 0.000000 0.000000 1.000000
vn 0.000000 0.000000 1.000000
vn 0.000000 0.000000 1.000000
vn 0.000000 0.000000 1.000000
vn 0.000000 0.000000 1.000000
vn 0.000000 0.000000 1.000000
vn 0.000000 0.000000 1.000000
vn 0.000000 0.000000 1.000000
vn 0.000000 0.000000 1.000000
vn 0.000000 0.000000 1.000000
vn 0.000000 0.000000 1.000000
vn 0.000000 0.000000 1.000000
vn 0.000000 0.000000 1.000000
vn 0.000000 0.000000 1.000000
vn 0.000000 0.000000 1.000000
vn 0.000000 0.000000 1.000000
vn 0.000000 0.000000 1.000000
vn 0.000000 0.000000 1.000000
vn 0.000000 0.000000 1.000000
vn 0.000000 0.000000 1.000000
vn 0.000000 0.000000 1.000000
vn 0.000000 0.000000 1.000000
vn 0.000000 0.000000 1.000000
vn 0.000000 0.000000 1.000000
vn 0.000000 0.000000 1.000000
vn 0.000000 0.000000 1.000000
vn 0.000000 0.000000 1.000000
vn 0.000000 0.000000 1.000000
vn 0.000000 0.000000 1.000000
vn 0.000000 0.000000 1.000000
vn 0.000000 0.000000 1.000000
vn 0.000000 0.000000 1.000000
vn 0.000000 0.000000 1.000000
vn 0.000000 0.000000 1.000000
vn 0.000000 0.000000 1.000000
vn 0.000000 0.000000 1.000000
vn 0.000000 0.000000 1.000000
vn 0.000000 0.000000 1.000000
vn 0.000000 0.000000 1.000000
vn 0.000000 0.000000 1.000000
vn 0.000000 0.000000 1.000000
vn 0.000000 0.000000 1.000000
vn 0.000000 0.000000 1.000000
vn 0.000000 0.000000 1.000000
vn 0.000000 0.000000 1.000000
vn 0.000000 0.000000 1.000000
vn 0.000000 0.000000 1.000000
vn 0.000000 0.000000 1.000000
vn 0.000000 0.000000 1.000000
vn 0.000000 0.000000 1.000000
vn 0.000000 0.000000 1.000000
vn 0.000000 0.000000 1.000000
vn 0.000000 0.000000 1.000000
vn 0.000000 0.000000 1.000000
vn 0.000000 0.000000 1.000000
vn 0.000000 0.000000 1.000000
vn 0.000000 0.000000 1.000000
vn 0.000000 0.000000 1.000000
vn 0.000000 0.000000 1.000000
vn 0.000000 0.000000 1.000000
vn 0.000000 0.000000 1.000000
vn 0.000000 0.000000 1.000000
vn 0.000000 0.000000 1.000000
vn 0.000000 0.000000 1.000000
vn 0.000000 0.000000 1.000000
vn 0.000000 0.000000 1.000000
vn 0.000000 0.000000 1.000000
vn 0.000000 0.000000 1.000000
vn 0.000000 0.000000 1.000000
vn 0.000000 0.000000 1.000000
vn 0.000000 0.000000 1.000000
vn 0.000000 0.000000 1.000000
vn 0.000000 0.000000 1.000000
vn 0.000000 0.000000 1.000000
vn 0.000000 0.000000 1.000000
vn 0.000000 0.000000 1.000000
vn 0.000000 0.000000 1.000000
vn 0.000000 0.000000 1.000000
vn 0.000000 0.000000 1.000000
vn 0.000000 0.000000 1.000000
vn 0.000000 0.000000 1.000000
vn 0.000000 0.000000 1.000000
vn 0.000000 0.000000 1.000000
vn 0.000000 0.000000 1.000000
vn 0.000000 0.000000 1.000000
vn 0.000000 0.000000 1.000000
vn 0.000000 0.000000 1.000000
vn 0.000000 0.000000 1.000000
vn 0.000000 0.000000 1.000000
vn 0.000000 0.000000 1.000000
vn 0.000000 0.000000 1.000000
vn 0.000000 0.000000 1.000000
vn 0.000000 0.000000 1.000000
vn 0.000000 0.000000 1.000000
vn 0.000000 0.000000 1.000000
vn 0.000000 0.000000 1.000000
vn 0.000000 1.000000 -0.000000
vn 0.000000 1.000000 0.000000
vn -0.992709 -0.120538 -0.000000
vn -0.992709 -0.120538 0.000000
vn -0.935016 -0.354605 0.000000
vn -0.935016 -0.354605 -0.000000
vn -0.822984 -0.568065 0.000000
vn -0.822984 -0.568065 -0.000000
vn -0.663123 -0.748510 0.000000
vn -0.663123 -0.748510 -0.000000
vn -0.464724 -0.885455 0.000000
vn -0.464724 -0.885455 -0.000000
vn -0.239315 -0.970942 0.000000
vn -0.239315 -0.970942 -0.000000
vn 0.000000 -1.000000 0.000000
vn 0.239315 -0.970942 0.000000
vn -0.000000 -1.000000 -0.000000
vn 0.239315 -0.970942 0.000000
vn 0.464724 -0.885455 0.000000
vn 0.464724 -0.885455 0.000000
vn 0.663123 -0.748510 0.000000
vn 0.663123 -0.748510 0.000000
vn 0.822983 -0.568066 0.000000
vn 0.822983 -0.568066 0.000000
vn 0.935016 -0.354604 0.000000
vn 0.935016 -0.354604 0.000000
vn 0.992709 -0.120536 0.000000
vn 0.992709 -0.120536 0.000000
vn 0.992709 0.120536 0.000000
vn 0.992709 0.120536 0.000000
vn 0.935016 0.354604 0.000000
vn 0.935016 0.354604 0.000000
vn 0.822983 0.568066 0.000000
vn 0.822983 0.568066 0.000000
vn 0.663123 0.748510 0.000000
vn 0.663123 0.748510 0.000000
vn 0.464724 0.885455 0.000000
vn 0.464724 0.885455 0.000000
vn 0.239315 0.970942 0.000000
vn 0.239315 0.970942 0.000000
vn -0.000000 1.000000 0.000000
vn 0.000000 1.000000 0.000000
vn -0.239315 0.970942 0.000000
vn -0.239315 0.970942 0.000000
vn -0.464724 0.885455 0.000000
vn -0.464724 0.885455 0.000000
vn -0.663123 0.748510 0.000000
vn -0.663123 0.748510 0.000000
vn -0.822984 0.568065 0.000000
vn -0.822984 0.568065 0.000000
vn -0.935016 0.354605 0.000000
vn -0.935016 0.354605 0.000000
vn -0.992709 0.120538 0.000000
vn -0.992709 0.120538 0.000000
vn -0.992709 -0.120538 -0.000000
vn -0.992709 -0.120538 0.000000
vn -0.935018 -0.354601 0.000000
vn -0.935018 -0.354601 -0.000000
vn -0.822983 -0.568067 0.000000
vn -0.822983 -0.568067 -0.000000
vn -0.663122 -0.748511 0.000000
vn -0.663122 -0.748511 -0.000000
vn -0.464725 -0.885455 0.000000
vn -0.464725 -0.885455 -0.000000
vn -0.239315 -0.970942 0.000000
vn -0.239315 -0.970942 -0.000000
vn 0.000000 -1.000000 0.000000
vn 0.239315 -0.970942 0.000000
vn -0.000000 -1.000000 -0.000000
vn 0.239315 -0.970942 0.000000
vn 0.464725 -0.885455 0.000000
vn 0.464725 -0.885455 0.000000
vn 0.663122 -0.748511 0.000000
vn 0.663122 -0.748511 0.000000
vn 0.822983 -0.568067 0.000000
vn 0.822983 -0.568067 0.000000
vn 0.935018 -0.354601 0.000000
vn 0.935018 -0.354601 0.000000
vn 0.992709 -0.120538 0.000000
vn 0.992709 -0.120538 0.000000
vn 0.992709 0.120538 0.000000
vn 0.992709 0.120538 0.000000
vn 0.935018 0.354601 0.000000
vn 0.935018 0.354601 0.000000
vn 0.822983 0.568067 0.000000
vn 0.822983 0.568067 0.000000
vn 0.663122 0.748511 0.000000
vn 0.663122 0.748511 0.000000
vn 0.464725 0.885455 0.000000
vn 0.464725 0.885455 0.000000
vn 0.239315 0.970942 0.000000
vn 0.239315 0.970942 0.000000
vn -0.000000 1.000000 0.000000
vn 0.000000 1.000000 0.000000
vn -0.239315 0.970942 0.000000
vn -0.239315 0.970942 0.000000
vn -0.464725 0.885455 0.000000
vn -0.464725 0.885455 0.000000
vn -0.663122 0.748511 0.000000
vn -0.663122 0.748511 0.000000
vn -0.822983 0.568067 0.000000
vn -0.822983 0.568067 0.000000
vn -0.935018 0.354601 0.000000
vn -0.935018 0.354601 0.000000
vn -0.992709 0.120538 0.000000
vn -0.992709 0.120538 0.000000
vn -0.992709 -0.120538 -0.000000
vn -0.992709 -0.120538 0.000000
vn -0.935018 -0.354601 0.000000
vn -0.935018 -0.354601 -0.000000
vn -0.822985 -0.568064 0.000000
vn -0.822985 -0.568064 -0.000000
vn -0.663120 -0.748513 0.000000
vn -0.663120 -0.748513 -0.000000
vn -0.464725 -0.885455 0.000000
vn -0.464725 -0.885455 -0.000000
vn -0.239315 -0.970942 0.000000
vn -0.239315 -0.970942 -0.000000
vn 0.000000 -1.000000 0.000000
vn 0.239315 -0.970942 0.000000
vn -0.000000 -1.000000 -0.000000
vn 0.239315 -0.970942 0.000000
vn 0.464725 -0.885455 0.000000
vn 0.464725 -0.885455 0.000000
vn 0.663120 -0.748513 0.000000
vn 0.663120 -0.748513 0.000000
vn 0.822985 -0.568064 0.000000
vn 0.822985 -0.568064 0.000000
vn 0.935018 -0.354601 0.000000
vn 0.935018 -0.354601 0.000000
vn 0.992709 -0.120538 0.000000
vn 0.992709 -0.120538 0.000000
vn 0.992709 0.120538 0.000000
vn 0.992709 0.120538 0.000000
vn 0.935018 0.354601 0.000000
vn 0.935018 0.354601 0.000000
vn 0.822985 0.568064 0.000000
vn 0.822985 0.568064 0.000000
vn 0.663120 0.748513 0.000000
vn 0.663120 0.748513 0.000000
vn 0.464725 0.885455 0.000000
vn 0.464725 0.885455 0.000000
vn 0.239315 0.970942 0.000000
vn 0.239315 0.970942 0.000000
vn -0.000000 1.000000 0.000000
vn 0.000000 1.000000 0.000000
vn -0.239315 0.970942 0.000000
vn -0.239315 0.970942 0.000000
vn -0.464725 0.885455 0.000000
vn -0.464725 0.885455 0.000000
vn -0.663120 0.748513 0.000000
vn -0.663120 0.748513 0.000000
vn -0.822985 0.568064 0.000000
vn -0.822985 0.568064 0.000000
vn -0.935018 0.354601 0.000000
vn -0.935018 0.354601 0.000000
vn -0.992709 0.120538 0.000000
vn -0.992709 0.120538 0.000000
vn -0.992709 -0.120538 -0.000000
vn -0.992709 -0.120538 0.000000
vn -0.935018 -0.354601 0.000000
vn -0.935018 -0.354601 -0.000000
vn -0.822985 -0.568064 0.000000
vn -0.822985 -0.568064 -0.000000
vn -0.663120 -0.748513 0.000000
vn -0.663120 -0.748513 -0.000000
vn -0.464725 -0.885455 0.000000
vn -0.464725 -0.885455 -0.000000
vn -0.239315 -0.970942 0.000000
vn -0.239315 -0.970942 -0.000000
vn 0.000000 -1.000000 0.000000
vn 0.239315 -0.970942 0.000000
vn -0.000000 -1.000000 -0.000000
vn 0.239315 -0.970942 0.000000
vn 0.464725 -0.885455 0.000000
vn 0.464725 -0.885455 0.000000
vn 0.663120 -0.748513 0.000000
vn 0.663120 -0.748513 0.000000
vn 0.822985 -0.568064 0.000000
vn 0.822985 -0.568064 0.000000
vn 0.935018 -0.354601 0.000000
vn 0.935018 -0.354601 0.000000
vn 0.992709 -0.120538 0.000000
vn 0.992709 -0.120538 0.000000
vn 0.992709 0.120538 0.000000
vn 0.992709 0.120538 0.000000
vn 0.935018 0.354601 0.000000
vn 0.935018 0.354601 0.000000
vn 0.822985 0.568064 0.000000
vn 0.822985 0.568064 0.000000
vn 0.663120 0.748513 0.000000
vn 0.663120 0.748513 0.000000
vn 0.464725 0.885455 0.000000
vn 0.464725 0.885455 0.000000
vn 0.239315 0.970942 0.000000
vn 0.239315 0.970942 0.000000
vn -0.000000 1.000000 0.000000
vn 0.000000 1.000000 0.000000
vn -0.239315 0.970942 0.000000
vn -0.239315 0.970942 0.000000
vn -0.464725 0.885455 0.000000
vn -0.464725 0.885455 0.000000
vn -0.663120 0.748513 0.000000
vn -0.663120 0.748513 0.000000
vn -0.822985 0.568064 0.000000
vn -0.822985 0.568064 0.000000
vn -0.935018 0.354601 0.000000
vn -0.935018 0.354601 0.000000
vn -0.992709 0.120538 0.000000
vn -0.992709 0.120538 0.000000
vn -0.992709 -0.120538 -0.000000
vn -0.992709 -0.120538 0.000000
vn -0.935015 -0.354609 0.000000
vn -0.935015 -0.354609 -0.000000
vn -0.822981 -0.568070 0.000000
vn -0.822981 -0.568070 -0.000000
vn -0.663129 -0.748506 0.000000
vn -0.663129 -0.748506 -0.000000
vn -0.464725 -0.885455 0.000000
vn -0.464725 -0.885455 -0.000000
vn -0.239315 -0.970942 0.000000
vn -0.239315 -0.970942 -0.000000
vn 0.000000 -1.000000 0.000000
vn 0.239315 -0.970942 0.000000
vn -0.000000 -1.000000 -0.000000
vn 0.239315 -0.970942 0.000000
vn 0.464725 -0.885455 0.000000
vn 0.464725 -0.885455 0.000000
vn 0.663129 -0.748506 0.000000
vn 0.663129 -0.748506 0.000000
vn 0.822981 -0.568070 0.000000
vn 0.822981 -0.568070 0.000000
vn 0.935015 -0.354609 0.000000
vn 0.935015 -0.354609 0.000000
vn 0.992709 -0.120538 0.000000
vn 0.992709 -0.120538 0.000000
vn 0.992709 0.120538 0.000000
vn 0.992709 0.120538 0.000000
vn 0.935015 0.354609 0.000000
vn 0.935015 0.354609 0.000000
vn 0.822981 0.568070 0.000000
vn 0.822981 0.568070 0.000000
vn 0.663129 0.748506 0.000000
vn 0.663129 0.748506 0.000000
vn 0.464725 0.885455 0.000000
vn 0.464725 0.885455 0.000000
vn 0.239315 0.970942 0.000000
vn 0.239315 0.970942 0.000000
vn -0.000000 1.000000 0.000000
vn 0.000000 1.000000 0.000000
vn -0.239315 0.970942 0.000000
vn -0.239315 0.970942 0.000000
vn -0.464725 0.885455 0.000000
vn -0.464725 0.885455 0.000000
vn -0.663129 0.748506 0.000000
vn -0.663129 0.748506 0.000000
vn -0.822981 0.568070 0.000000
vn -0.822981 0.568070 0.000000
vn -0.935015 0.354609 0.000000
vn -0.935015 0.354609 0.000000
vn -0.992709 0.120538 0.000000
vn -0.992709 0.120538 0.000000
vn -0.992709 -0.120538 -0.000000
vn -0.992709 -0.120538 0.000000
vn -0.935016 -0.354605 0.000000
vn -0.935016 -0.354605 -0.000000
vn -0.822984 -0.568064 0.000000
vn -0.822984 -0.568064 -0.000000
vn -0.663123 -0.748510 0.000000
vn -0.663123 -0.748510 -0.000000
vn -0.464724 -0.885455 0.000000
vn -0.464724 -0.885455 -0.000000
vn -0.239315 -0.970942 0.000000
vn -0.239315 -0.970942 -0.000000
vn 0.000000 -1.000000 0.000000
vn 0.239315 -0.970942 0.000000
vn -0.000000 -1.000000 -0.000000
vn 0.239315 -0.970942 0.000000
vn 0.464724 -0.885455 0.000000
vn 0.464724 -0.885455 0.000000
vn 0.663123 -0.748510 0.000000
vn 0.663123 -0.748510 0.000000
vn 0.822984 -0.568065 0.000000
vn 0.822984 -0.568065 0.000000
vn 0.935016 -0.354604 0.000000
vn 0.935016 -0.354604 0.000000
vn 0.992709 -0.120537 0.000000
vn 0.992709 -0.120537 0.000000
vn 0.992709 0.120537 0.000000
vn 0.992709 0.120537 0.000000
vn 0.935016 0.354604 0.000000
vn 0.935016 0.354604 0.000000
vn 0.822984 0.568065 0.000000
vn 0.822984 0.568065 0.000000
vn 0.663123 0.748510 0.000000
vn 0.663123 0.748510 0.000000
vn 0.464724 0.885455 0.000000
vn 0.464724 0.885455 0.000000
vn 0.239315 0.970942 0.000000
vn 0.239315 0.970942 0.000000
vn -0.000000 1.000000 0.000000
vn 0.000000 1.000000 0.000000
vn -0.239315 0.970942 0.000000
vn -0.239315 0.970942 0.000000
vn -0.464724 0.885455 0.000000
vn -0.464724 0.885455 0.000000
vn -0.663123 0.748510 0.000000
vn -0.663123 0.748510 0.000000
vn -0.822984 0.568064 0.000000
vn -0.822984 0.568064 0.000000
vn -0.935016 0.354605 0.000000
vn -0.935016 0.354605 0.000000
vn -0.992709 0.120538 0.000000
vn -0.992709 0.120538 0.000000
vn -0.992709 -0.120538 -0.000000
vn -0.992709 -0.120538 0.000000
vn -0.935018 -0.354601 0.000000
vn -0.935018 -0.354601 -0.000000
vn -0.822983 -0.568066 0.000000
vn -0.822983 -0.568066 -0.000000
vn -0.663122 -0.748511 0.000000
vn -0.663122 -0.748511 -0.000000
vn -0.464725 -0.885455 0.000000
vn -0.464725 -0.885455 -0.000000
vn -0.239315 -0.970942 0.000000
vn -0.239315 -0.970942 -0.000000
vn 0.000000 -1.000000 0.000000
vn 0.239315 -0.970942 0.000000
vn -0.000000 -1.000000 -0.000000
vn 0.239315 -0.970942 0.000000
vn 0.464725 -0.885455 0.000000
vn 0.464725 -0.885455 0.000000
vn 0.663122 -0.748511 0.000000
vn 0.663122 -0.748511 0.000000
vn 0.822983 -0.568066 0.000000
vn 0.822983 -0.568066 0.000000
vn 0.935018 -0.354601 0.000000
vn 0.935018 -0.354601 0.000000
vn 0.992709 -0.120538 0.000000
vn 0.992709 -0.120538 0.000000
vn 0.992709 0.120538 0.000000
vn 0.992709 0.120538 0.000000
vn 0.935018 0.354601 0.000000
vn 0.935018 0.354601 0.000000
vn 0.822983 0.568066 0.000000
vn 0.822983 0.568066 0.000000
vn 0.663122 0.748511 0.000000
vn 0.663122 0.748511 0.000000
vn 0.464725 0.885455 0.000000
vn 0.464725 0.885455 0.000000
vn 0.239315 0.970942 0.000000
vn 0.239315 0.970942 0.000000
vn -0.000000 1.000000 0.000000
vn 0.000000 1.000000 0.000000
vn -0.239315 0.970942 0.000000
vn -0.239315 0.970942 0.000000
vn -0.464725 0.885455 0.000000
vn -0.464725 0.885455 0.000000
vn -0.663122 0.748511 0.000000
vn -0.663122 0.748511 0.000000
vn -0.822983 0.568066 0.000000
vn -0.822983 0.568066 0.000000
vn -0.935018 0.354601 0.000000
vn -0.935018 0.354601 0.000000
vn -0.992709 0.120538 0.000000
vn -0.992709 0.120538 0.000000
vn -0.992709 -0.120538 -0.000000
vn -0.992709 -0.120538 0.000000
vn -0.935017 -0.354604 0.000000
vn -0.935017 -0.354604 -0.000000
vn -0.822983 -0.568066 0.000000
vn -0.822983 -0.568066 -0.000000
vn -0.663126 -0.748508 0.000000
vn -0.663126 -0.748508 -0.000000
vn -0.464717 -0.885459 0.000000
vn -0.464717 -0.885459 -0.000000
vn -0.239320 -0.970941 0.000000
vn -0.239320 -0.970941 -0.000000
vn 0.000000 -1.000000 0.000000
vn 0.239320 -0.970941 0.000000
vn -0.000000 -1.000000 -0.000000
vn 0.239320 -0.970941 0.000000
vn 0.464717 -0.885459 0.000000
vn 0.464717 -0.885459 0.000000
vn 0.663126 -0.748508 0.000000
vn 0.663126 -0.748508 0.000000
vn 0.822982 -0.568067 0.000000
vn 0.822982 -0.568067 0.000000
vn 0.935017 -0.354603 0.000000
vn 0.935017 -0.354603 0.000000
vn 0.992709 -0.120537 0.000000
vn 0.992709 -0.120537 0.000000
vn 0.992709 0.120537 0.000000
vn 0.992709 0.120537 0.000000
vn 0.935017 0.354603 0.000000
vn 0.935017 0.354603 0.000000
vn 0.822982 0.568067 0.000000
vn 0.822982 0.568067 0.000000
vn 0.663126 0.748508 0.000000
vn 0.663126 0.748508 0.000000
vn 0.464717 0.885459 0.000000
vn 0.464717 0.885459 0.000000
vn 0.239320 0.970941 0.000000
vn 0.239320 0.970941 0.000000
vn -0.000000 1.000000 0.000000
vn 0.000000 1.000000 0.000000
vn -0.239320 0.970941 0.000000
vn -0.239320 0.970941 0.000000
vn -0.464717 0.885459 0.000000
vn -0.464717 0.885459 0.000000
vn -0.663126 0.748508 0.000000
vn -0.663126 0.748508 0.000000
vn -0.822983 0.568066 0.000000
vn -0.822983 0.568066 0.000000
vn -0.935017 0.354604 0.000000
vn -0.935017 0.354604 0.000000
vn -0.992709 0.120538 0.000000
vn -0.992709 0.120538 0.000000
vn -0.992709 -0.120538 -0.000000
vn -0.992709 -0.120538 0.000000
vn -0.935018 -0.354600 0.000000
vn -0.935018 -0.354600 -0.000000
vn -0.822982 -0.568068 0.000000
vn -0.822982 -0.568068 -0.000000
vn -0.663124 -0.748509 0.000000
vn -0.663124 -0.748509 -0.000000
vn -0.464718 -0.885459 0.000000
vn -0.464718 -0.885459 -0.000000
vn -0.239319 -0.970941 0.000000
vn -0.239319 -0.970941 -0.000000
vn 0.000000 -1.000000 0.000000
vn 0.239319 -0.970941 0.000000
vn -0.000000 -1.000000 -0.000000
vn 0.239319 -0.970941 0.000000
vn 0.464718 -0.885459 0.000000
vn 0.464718 -0.885459 0.000000
vn 0.663124 -0.748509 0.000000
vn 0.663124 -0.748509 0.000000
vn 0.822982 -0.568068 0.000000
vn 0.822982 -0.568068 0.000000
vn 0.935018 -0.354600 0.000000
vn 0.935018 -0.354600 0.000000
vn 0.992709 -0.120538 0.000000
vn 0.992709 -0.120538 0.000000
vn 0.992709 0.120538 0.000000
vn 0.992709 0.120538 0.000000
vn 0.935018 0.354600 0.000000
vn 0.935018 0.354600 0.000000
vn 0.822982 0.568068 0.000000
vn 0.822982 0.568068 0.000000
vn 0.663124 0.748509 0.000000
vn 0.663124 0.748509 0.000000
vn 0.464718 0.885459 0.000000
vn 0.464718 0.885459 0.000000
vn 0.239319 0.970941 0.000000
vn 0.239319 0.970941 0.000000
vn -0.000000 1.000000 0.000000
vn 0.000000 1.000000 0.000000
vn -0.239319 0.970941 0.000000
vn -0.239319 0.970941 0.000000
vn -0.464718 0.885459 0.000000
vn -0.464718 0.885459 0.000000
vn -0.663124 0.748509 0.000000
vn -0.663124 0.748509 0.000000
vn -0.822982 0.568068 0.000000
vn -0.822982 0.568068 0.000000
vn -0.935018 0.354600 0.000000
vn -0.935018 0.354600 0.000000
vn -0.992709 0.120538 0.000000
vn -0.992709 0.120538 0.000000
vn -0.992709 -0.120538 -0.000000
vn -0.992709 -0.120538 0.000000
vn -0.935018 -0.354601 0.000000
vn -0.935018 -0.354601 -0.000000
vn -0.822985 -0.568062 0.000000
vn -0.822985 -0.568062 -0.000000
vn -0.663120 -0.748513 0.000000
vn -0.663120 -0.748513 -0.000000
vn -0.464725 -0.885455 0.000000
vn -0.464725 -0.885455 -0.000000
vn -0.239315 -0.970942 0.000000
vn -0.239315 -0.970942 -0.000000
vn 0.000000 -1.000000 0.000000
vn 0.239315 -0.970942 0.000000
vn -0.000000 -1.000000 -0.000000
vn 0.239315 -0.970942 0.000000
vn 0.464725 -0.885455 0.000000
vn 0.464725 -0.885455 0.000000
vn 0.663120 -0.748513 0.000000
vn 0.663120 -0.748513 0.000000
vn 0.822985 -0.568062 0.000000
vn 0.822985 -0.568062 0.000000
vn 0.935018 -0.354601 0.000000
vn 0.935018 -0.354601 0.000000
vn 0.992709 -0.120538 0.000000
vn 0.992709 -0.120538 0.000000
vn 0.992709 0.120538 0.000000
vn 0.992709 0.120538 0.000000
vn 0.935018 0.354601 0.000000
vn 0.935018 0.354601 0.000000
vn 0.822985 0.568062 0.000000
vn 0.822985 0.568062 0.000000
vn 0.663120 0.748513 0.000000
vn 0.663120 0.748513 0.000000
vn 0.464725 0.885455 0.000000
vn 0.464725 0.885455 0.000000
vn 0.239315 0.970942 0.000000
vn 0.239315 0.970942 0.000000
vn -0.000000 1.000000 0.000000
vn 0.000000 1.000000 0.000000
vn -0.239315 0.970942 0.000000
vn -0.239315 0.970942 0.000000
vn -0.464725 0.885455 0.000000
vn -0.464725 0.885455 0.000000
vn -0.663120 0.748513 0.000000
vn -0.663120 0.748513 0.000000
vn -0.822985 0.568062 0.000000
vn -0.822985 0.568062 0.000000
vn -0.935018 0.354601 0.000000
vn -0.935018 0.354601 0.000000
vn -0.992709 0.120538 0.000000
vn -0.992709 0.120538 0.000000
vn -0.992709 -0.120538 -0.000000
vn -0.992709 -0.120538 0.000000
vn -0.935018 -0.354601 0.000000
vn -0.935018 -0.354601 -0.000000
vn -0.822985 -0.568062 0.000000
vn -0.822985 -0.568062 -0.000000
vn -0.663120 -0.748513 0.000000
vn -0.663120 -0.748513 -0.000000
vn -0.464725 -0.885455 0.000000
vn -0.464725 -0.885455 -0.000000
vn -0.239315 -0.970942 0.000000
vn -0.239315 -0.970942 -0.000000
vn 0.000000 -1.000000 0.000000
vn 0.239315 -0.970942 0.000000
vn -0.000000 -1.000000 -0.000000
vn 0.239315 -0.970942 0.000000
vn 0.464725 -0.885455 0.000000
vn 0.464725 -0.885455 0.000000
vn 0.663120 -0.748513 0.000000
vn 0.663120 -0.748513 0.000000
vn 0.822985 -0.568062 0.000000
vn 0.822985 -0.568062 0.000000
vn 0.935018 -0.354601 0.000000
vn 0.935018 -0.354601 0.000000
vn 0.992709 -0.120538 0.000000
vn 0.992709 -0.120538 0.000000
vn 0.992709 0.120538 0.000000
vn 0.992709 0.120538 0.000000
vn 0.935018 0.354601 0.000000
vn 0.935018 0.354601 0.000000
vn 0.822985 0.568062 0.000000
vn 0.822985 0.568062 0.000000
vn 0.663120 0.748513 0.000000
vn 0.663120 0.748513 0.000000
vn 0.464725 0.885455 0.000000
vn 0.464725 0.885455 0.000000
vn 0.239315 0.970942 0.000000
vn 0.239315 0.970942 0.000000
vn -0.000000 1.000000 0.000000
vn 0.000000 1.000000 0.000000
vn -0.239315 0.970942 0.000000
vn -0.239315 0.970942 0.000000
vn -0.464725 0.885455 0.000000
vn -0.464725 0.885455 0.000000
vn -0.663120 0.748513 0.000000
vn -0.663120 0.748513 0.000000
vn -0.822985 0.568062 0.000000
vn -0.822985 0.568062 0.000000
vn -0.935018 0.354601 0.000000
vn -0.935018 0.354601 0.000000
vn -0.992709 0.120538 0.000000
vn -0.992709 0.120538 0.000000
vn -0.992709 -0.120538 -0.000000
vn -0.992709 -0.120538 0.000000
vn -0.935015 -0.354609 0.000000
vn -0.935015 -0.354609 -0.000000
vn -0.822981 -0.568069 0.000000
vn -0.822981 -0.568069 -0.000000
vn -0.663129 -0.748506 0.000000
vn -0.663129 -0.748506 -0.000000
vn -0.464725 -0.885455 0.000000
vn -0.464725 -0.885455 -0.000000
vn -0.239315 -0.970942 0.000000
vn -0.239315 -0.970942 -0.000000
vn 0.000000 -1.000000 0.000000
vn 0.239315 -0.970942 0.000000
vn -0.000000 -1.000000 -0.000000
vn 0.239315 -0.970942 0.000000
vn 0.464725 -0.885455 0.000000
vn 0.464725 -0.885455 0.000000
vn 0.663129 -0.748506 0.000000
vn 0.663129 -0.748506 0.000000
vn 0.822981 -0.568069 0.000000
vn 0.822981 -0.568069 0.000000
vn 0.935015 -0.354609 0.000000
vn 0.935015 -0.354609 0.000000
vn 0.992709 -0.120538 0.000000
vn 0.992709 -0.120538 0.000000
vn 0.992709 0.120538 0.000000
vn 0.992709 0.120538 0.000000
vn 0.935015 0.354609 0.000000
vn 0.935015 0.354609 0.000000
vn 0.822981 0.568069 0.000000
vn 0.822981 0.568069 0.000000
vn 0.663129 0.748506 0.000000
vn 0.663129 0.748506 0.000000
vn 0.464725 0.885455 0.000000
vn 0.464725 0.885455 0.000000
vn 0.239315 0.970942 0.000000
vn 0.239315 0.970942 0.000000
vn -0.000000 1.000000 0.000000
vn 0.000000 1.000000 0.000000
vn -0.239315 0.970942 0.000000
vn -0.239315 0.970942 0.000000
vn -0.464725 0.885455 0.000000
vn -0.464725 0.885455 0.000000
vn -0.663129 0.748506 0.000000
vn -0.663129 0.748506 0.000000
vn -0.822981 0.568069 0.000000
vn -0.822981 0.568069 0.000000
vn -0.935015 0.354609 0.000000
vn -0.935015 0.354609 0.000000
vn -0.992709 0.120538 0.000000
vn -0.992709 0.120538 0.000000
vn -0.992709 -0.120538 -0.000000
vn -0.992709 -0.120538 0.000000
vn -0.935018 -0.354600 0.000000
vn -0.935018 -0.354600 -0.000000
vn -0.822984 -0.568065 0.000000
vn -0.822984 -0.568065 -0.000000
vn -0.663122 -0.748511 0.000000
vn -0.663122 -0.748511 -0.000000
vn -0.464718 -0.885459 0.000000
vn -0.464718 -0.885459 -0.000000
vn -0.239319 -0.970941 0.000000
vn -0.239319 -0.970941 -0.000000
vn 0.000000 -1.000000 0.000000
vn 0.239319 -0.970941 0.000000
vn -0.000000 -1.000000 -0.000000
vn 0.239319 -0.970941 0.000000
vn 0.464718 -0.885459 0.000000
vn 0.464718 -0.885459 0.000000
vn 0.663122 -0.748511 0.000000
vn 0.663122 -0.748511 0.000000
vn 0.822984 -0.568065 0.000000
vn 0.822984 -0.568065 0.000000
vn 0.935018 -0.354600 0.000000
vn 0.935018 -0.354600 0.000000
vn 0.992709 -0.120538 0.000000
vn 0.992709 -0.120538 0.000000
vn 0.992709 0.120538 0.000000
vn 0.992709 0.120538 0.000000
vn 0.935018 0.354600 0.000000
vn 0.935018 0.354600 0.000000
vn 0.822984 0.568065 0.000000
vn 0.822984 0.568065 0.000000
vn 0.663122 0.748511 0.000000
vn 0.663122 0.748511 0.000000
vn 0.464718 0.885459 0.000000
vn 0.464718 0.885459 0.000000
vn 0.239319 0.970941 0.000000
vn 0.239319 0.970941 0.000000
vn -0.000000 1.000000 0.000000
vn 0.000000 1.000000 0.000000
vn -0.239319 0.970941 0.000000
vn -0.239319 0.970941 0.000000
vn -0.464718 0.885459 0.000000
vn -0.464718 0.885459 0.000000
vn -0.663122 0.748511 0.000000
vn -0.663122 0.748511 0.000000
vn -0.822984 0.568065 0.000000
vn -0.822984 0.568065 0.000000
vn -0.935018 0.354600 0.000000
vn -0.935018 0.354600 0.000000
vn -0.992709 0.120538 0.000000
vn -0.992709 0.120538 0.000000
vn -0.992709 -0.120538 -0.000000
vn -0.992709 -0.120538 0.000000
vn -0.935018 -0.354600 0.000000
vn -0.935018 -0.354600 -0.000000
vn -0.822984 -0.568065 0.000000
vn -0.822984 -0.568065 -0.000000
vn -0.663122 -0.748511 0.000000
vn -0.663122 -0.748511 -0.000000
vn -0.464718 -0.885459 0.000000
vn -0.464718 -0.885459 -0.000000
vn -0.239319 -0.970941 0.000000
vn -0.239319 -0.970941 -0.000000
vn 0.000000 -1.000000 0.000000
vn 0.239319 -0.970941 0.000000
vn -0.000000 -1.000000 -0.000000
vn 0.239319 -0.970941 0.000000
vn 0.464718 -0.885459 0.000000
vn 0.464718 -0.885459 0.000000
vn 0.663122 -0.748511 0.000000
vn 0.663122 -0.748511 0.000000
vn 0.822984 -0.568065 0.000000
vn 0.822984 -0.568065 0.000000
vn 0.935018 -0.354600 0.000000
vn 0.935018 -0.354600 0.000000
vn 0.992709 -0.120538 0.000000
vn 0.992709 -0.120538 0.000000
vn 0.992709 0.120538 0.000000
vn 0.992709 0.120538 0.000000
vn 0.935018 0.354600 0.000000
vn 0.935018 0.354600 0.000000
vn 0.822984 0.568065 0.000000
vn 0.822984 0.568065 0.000000
vn 0.663122 0.748511 0.000000
vn 0.663122 0.748511 0.000000
vn 0.464718 0.885459 0.000000
vn 0.464718 0.885459 0.000000
vn 0.239319 0.970941 0.000000
vn 0.239319 0.970941 0.000000
vn -0.000000 1.000000 0.000000
vn 0.000000 1.000000 0.000000
vn -0.239319 0.970941 0.000000
vn -0.239319 0.970941 0.000000
vn -0.464718 0.885459 0.000000
vn -0.464718 0.885459 0.000000
vn -0.663122 0.748511 0.000000
vn -0.663122 0.748511 0.000000
vn -0.822984 0.568065 0.000000
vn -0.822984 0.568065 0.000000
vn -0.935018 0.354600 0.000000
vn -0.935018 0.354600 0.000000
vn -0.992709 0.120538 0.000000
vn -0.992709 0.120538 0.000000
vn -0.992709 -0.120538 -0.000000
vn -0.992709 -0.120538 0.000000
vn -0.935015 -0.354608 0.000000
vn -0.935015 -0.354608 -0.000000
vn -0.822980 -0.568071 0.000000
vn -0.822980 -0.568071 -0.000000
vn -0.663131 -0.748503 0.000000
vn -0.663131 -0.748503 -0.000000
vn -0.464718 -0.885459 0.000000
vn -0.464718 -0.885459 -0.000000
vn -0.239319 -0.970941 0.000000
vn -0.239319 -0.970941 -0.000000
vn 0.000000 -1.000000 0.000000
vn 0.239319 -0.970941 0.000000
vn -0.000000 -1.000000 -0.000000
vn 0.239319 -0.970941 0.000000
vn 0.464718 -0.885459 0.000000
vn 0.464718 -0.885459 0.000000
vn 0.663131 -0.748503 0.000000
vn 0.663131 -0.748503 0.000000
vn 0.822980 -0.568071 0.000000
vn 0.822980 -0.568071 0.000000
vn 0.935015 -0.354608 0.000000
vn 0.935015 -0.354608 0.000000
vn 0.992709 -0.120538 0.000000
vn 0.992709 -0.120538 0.000000
vn 0.992709 0.120538 0.000000
vn 0.992709 0.120538 0.000000
vn 0.935015 0.354608 0.000000
vn 0.935015 0.354608 0.000000
vn 0.822980 0.568071 0.000000
vn 0.822980 0.568071 0.000000
vn 0.663131 0.748503 0.000000
vn 0.663131 0.748503 0.000000
vn 0.464718 0.885459 0.000000
vn 0.464718 0.885459 0.000000
vn 0.239319 0.970941 0.000000
vn 0.239319 0.970941 0.000000
vn -0.000000 1.000000 0.000000
vn 0.000000 1.000000 0.000000
vn -0.239319 0.970941 0.000000
vn -0.239319 0.970941 0.000000
vn -0.464718 0.885459 0.000000
vn -0.464718 0.885459 0.000000
vn -0.663131 0.748503 0.000000
vn -0.663131 0.748503 0.000000
vn -0.822980 0.568071 0.000000
vn -0.822980 0.568071 0.000000
vn -0.935015 0.354608 0.000000
vn -0.935015 0.354608 0.000000
vn -0.992709 0.120538 0.000000
vn -0.992709 0.120538 0.000000
g Body
f 1//1 2//1 3//1
f 1//2 4//2 2//2
f 5//3 1//3 6//3
f 6//4 1//4 3//4
f 4//5 7//5 2//5
f 2//6 7//6 8//6
f 9//7 10//7 1//7
f 1//8 11//8 9//8
f 10//9 12//9 1//9
f 1//10 13//10 11//10
f 12//11 14//11 1//11
f 1//12 15//12 13//12
f 14//13 16//13 1//13
f 1//14 17//14 15//14
f 16//15 18//15 1//15
f 19//16 20//16 21//16
f 21//17 22//17 23//17
f 20//18 22//18 21//18
f 17//19 24//19 19//19
f 19//20 24//20 20//20
f 23//21 25//21 26//21
f 22//22 25//22 23//22
f 1//23 27//23 17//23
f 17//24 27//24 24//24
f 26//25 28//25 29//25
f 25//26 28//26 26//26
f 1//27 30//27 27//27
f 28//28 31//28 29//28
f 29//29 31//29 32//29
f 32//30 33//30 34//30
f 31//31 33//31 32//31
f 35//32 36//32 37//32
f 34//33 36//33 35//33
f 33//34 36//34 34//34
f 38//35 39//35 40//35
f 40//36 41//36 42//36
f 39//37 41//37 40//37
f 38//38 43//38 39//38
f 36//39 44//39 37//39
f 42//40 45//40 18//40
f 41//41 45//41 42//41
f 18//42 45//42 1//42
f 46//43 47//43 38//43
f 38//44 47//44 43//44
f 45//45 48//45 1//45
f 49//46 50//46 46//46
f 46//47 50//47 47//47
f 48//48 51//48 1//48
f 52//49 53//49 49//49
f 49//50 53//50 50//50
f 54//51 55//51 52//51
f 52//52 55//52 53//52
f 54//53 56//53 55//53
f 37//54 56//54 54//54
f 57//55 58//55 59//55
f 58//56 60//56 59//56
f 61//57 62//57 57//57
f 57//58 62//58 58//58
f 59//59 63//59 64//59
f 60//60 63//60 59//60
f 65//61 66//61 61//61
f 61//62 66//62 62//62
f 64//63 67//63 68//63
f 63//64 67//64 64//64
f 68//65 69//65 70//65
f 67//66 69//66 68//66
f 69//67 71//67 70//67
f 70//68 71//68 72//68
f 73//69 74//69 75//69
f 72//70 74//70 73//70
f 71//71 74//71 72//71
f 37//72 76//72 56//72
f 56//73 76//73 77//73
f 44//74 76//74 37//74
f 76//75 78//75 77//75
f 79//76 80//76 44//76
f 44//77 80//77 76//77
f 74//78 81//78 75//78
f 77//79 82//79 83//79
f 78//80 82//80 77//80
f 79//81 84//81 80//81
f 85//82 84//82 79//82
f 86//83 84//83 85//83
f 82//84 87//84 83//84
f 83//85 87//85 88//85
f 86//86 89//86 84//86
f 90//87 89//87 86//87
f 88//88 91//88 92//88
f 87//89 91//89 88//89
f 90//90 93//90 89//90
f 92//91 94//91 95//91
f 91//92 94//92 92//92
f 90//93 96//93 93//93
f 97//94 96//94 90//94
f 95//95 98//95 99//95
f 94//96 98//96 95//96
f 75//97 100//97 97//97
f 97//98 100//98 96//98
f 101//99 102//99 103//99
f 102//100 104//100 103//100
f 101//101 105//101 102//101
f 106//102 105//102 101//102
f 107//103 105//103 106//103
f 99//104 108//104 109//104
f 98//105 108//105 99//105
f 104//106 110//106 103//106
f 103//107 110//107 111//107
f 107//108 112//108 105//108
f 30//109 5//109 65//109
f 1//110 5//110 30//110
f 65//111 5//111 66//111
f 113//112 5//112 114//112
f 115//113 5//113 113//113
f 116//114 5//114 115//114
f 117//115 5//115 116//115
f 118//116 5//116 117//116
f 119//117 5//117 118//117
f 120//118 5//118 119//118
f 121//119 5//119 120//119
f 66//120 5//120 121//120
f 110//121 122//121 111//121
f 111//122 122//122 51//122
f 51//123 122//123 1//123
f 123//124 124//124 107//124
f 107//125 124//125 112//125
f 122//126 125//126 1//126
f 123//127 126//127 124//127
f 127//128 126//128 123//128
f 127//129 128//129 126//129
f 129//130 128//130 127//130
f 129//131 130//131 128//131
f 109//132 130//132 129//132
f 75//133 131//133 100//133
f 81//134 131//134 75//134
f 131//135 132//135 100//135
f 133//136 132//136 134//136
f 100//137 132//137 133//137
f 81//138 135//138 131//138
f 136//139 135//139 81//139
f 132//140 137//140 134//140
f 138//141 139//141 136//141
f 136//142 139//142 135//142
f 137//143 140//143 134//143
f 134//144 140//144 141//144
f 142//145 143//145 138//145
f 138//146 143//146 139//146
f 140//147 144//147 141//147
f 145//148 144//148 146//148
f 141//149 144//149 145//149
f 142//150 147//150 143//150
f 148//151 147//151 142//151
f 144//152 149//152 146//152
f 148//153 150//153 147//153
f 151//154 150//154 148//154
f 149//155 152//155 146//155
f 153//156 152//156 154//156
f 146//157 152//157 153//157
f 151//158 155//158 150//158
f 156//159 155//159 151//159
f 108//160 157//160 109//160
f 109//161 157//161 130//161
f 157//162 158//162 130//162
f 130//163 158//163 159//163
f 108//164 160//164 157//164
f 161//165 160//165 108//165
f 162//166 160//166 161//166
f 152//167 163//167 154//167
f 158//168 164//168 159//168
f 159//169 164//169 165//169
f 162//170 166//170 160//170
f 156//171 167//171 155//171
f 168//172 167//172 156//172
f 164//173 169//173 165//173
f 170//174 169//174 171//174
f 165//175 169//175 170//175
f 162//176 172//176 166//176
f 173//177 172//177 162//177
f 169//178 174//178 171//178
f 5//179 175//179 114//179
f 168//180 175//180 167//180
f 114//181 175//181 168//181
f 173//182 176//182 172//182
f 177//183 176//183 173//183
f 174//184 178//184 171//184
f 171//185 178//185 179//185
f 5//186 180//186 175//186
f 177//187 181//187 176//187
f 182//188 181//188 177//188
f 5//189 183//189 180//189
f 184//190 185//190 186//190
f 179//191 185//191 184//191
f 178//192 185//192 179//192
f 154//193 187//193 182//193
f 182//194 187//194 181//194
f 188//195 189//195 190//195
f 190//196 189//196 191//196
f 190//197 192//197 188//197
f 193//198 192//198 190//198
f 194//199 192//199 193//199
f 185//200 195//200 186//200
f 189//201 196//201 191//201
f 191//202 196//202 197//202
f 194//203 198//203 192//203
f 197//204 199//204 125//204
f 196//205 199//205 197//205
f 200//206 201//206 202//206
f 202//207 201//207 194//207
f 194//208 201//208 198//208
f 200//209 203//209 201//209
f 200//210 204//210 203//210
f 205//211 204//211 200//211
f 186//212 204//212 205//212
f 186//213 206//213 204//213
f 195//214 206//214 186//214
f 163//215 207//215 154//215
f 154//216 207//216 187//216
f 207//217 208//217 187//217
f 187//218 208//218 209//218
f 163//219 210//219 207//219
f 211//220 210//220 163//220
f 212//221 210//221 211//221
f 209//222 213//222 214//222
f 208//223 213//223 209//223
f 212//224 215//224 210//224
f 216//225 217//225 218//225
f 214//226 217//226 216//226
f 213//227 217//227 214//227
f 219//228 220//228 221//228
f 221//229 220//229 212//229
f 212//230 220//230 215//230
f 218//231 222//231 223//231
f 217//232 222//232 218//232
f 219//233 224//233 220//233
f 222//234 225//234 223//234
f 226//235 227//235 219//235
f 219//236 227//236 224//236
f 228//237 229//237 230//237
f 223//238 229//238 228//238
f 225//239 229//239 223//239
f 231//240 232//240 226//240
f 233//241 232//241 231//241
f 226//242 232//242 227//242
f 195//243 234//243 206//243
f 235//244 236//244 237//244
f 206//245 236//245 235//245
f 234//246 236//246 206//246
f 195//247 238//247 234//247
f 239//248 238//248 195//248
f 240//249 238//249 239//249
f 229//250 241//250 230//250
f 236//251 242//251 237//251
f 240//252 243//252 238//252
f 233//253 244//253 232//253
f 237//254 245//254 246//254
f 242//255 245//255 237//255
f 247//256 248//256 249//256
f 249//257 248//257 240//257
f 240//258 248//258 243//258
f 245//259 250//259 246//259
f 246//260 250//260 251//260
f 252//261 253//261 233//261
f 183//262 253//262 252//262
f 233//263 253//263 244//263
f 247//264 254//264 248//264
f 250//265 255//265 251//265
f 251//266 255//266 256//266
f 183//267 257//267 253//267
f 258//268 259//268 247//268
f 230//269 259//269 258//269
f 247//270 259//270 254//270
f 255//271 260//271 256//271
f 256//272 260//272 261//272
f 230//273 262//273 259//273
f 263//274 264//274 265//274
f 266//275 264//275 263//275
f 267//276 268//276 263//276
f 269//277 268//277 267//277
f 263//278 268//278 266//278
f 260//279 270//279 261//279
f 261//280 270//280 271//280
f 265//281 272//281 273//281
f 264//282 272//282 265//282
f 269//283 274//283 268//283
f 275//284 4//284 199//284
f 273//285 4//285 275//285
f 125//286 4//286 1//286
f 272//287 4//287 273//287
f 199//288 4//288 125//288
f 272//289 276//289 4//289
f 277//290 278//290 269//290
f 269//291 278//291 274//291
f 276//292 279//292 4//292
f 277//293 280//293 278//293
f 281//294 280//294 277//294
f 279//295 282//295 4//295
f 281//296 283//296 280//296
f 284//297 283//297 281//297
f 282//298 285//298 4//298
f 284//299 286//299 283//299
f 271//300 286//300 284//300
f 285//301 287//301 4//301
f 287//302 288//302 4//302
f 288//303 289//303 4//303
f 289//304 290//304 4//304
f 290//305 291//305 4//305
f 230//306 292//306 262//306
f 262//307 292//307 293//307
f 241//308 292//308 230//308
f 292//309 294//309 293//309
f 241//310 295//310 292//310
f 296//311 295//311 241//311
f 294//312 297//312 293//312
f 298//313 297//313 299//313
f 293//314 297//314 298//314
f 296//315 300//315 295//315
f 301//316 300//316 296//316
f 297//317 302//317 299//317
f 299//318 302//318 303//318
f 304//319 305//319 306//319
f 301//320 305//320 300//320
f 306//321 305//321 301//321
f 302//322 307//322 303//322
f 304//323 308//323 305//323
f 307//324 309//324 303//324
f 303//325 309//325 310//325
f 311//326 312//326 304//326
f 313//327 312//327 311//327
f 304//328 312//328 308//328
f 309//329 314//329 310//329
f 315//330 314//330 316//330
f 310//331 314//331 315//331
f 317//332 318//332 313//332
f 313//333 318//333 312//333
f 271//334 319//334 286//334
f 270//335 319//335 271//335
f 286//336 320//336 321//336
f 319//337 320//337 286//337
f 270//338 322//338 319//338
f 323//339 322//339 270//339
f 314//340 324//340 316//340
f 320//341 325//341 321//341
f 326//342 325//342 327//342
f 321//343 325//343 326//343
f 323//344 328//344 322//344
f 329//345 328//345 323//345
f 317//346 330//346 318//346
f 327//347 331//347 332//347
f 325//348 331//348 327//348
f 329//349 333//349 328//349
f 334//350 333//350 329//350
f 332//351 335//351 336//351
f 331//352 335//352 332//352
f 337//353 338//353 317//353
f 339//354 338//354 337//354
f 317//355 338//355 330//355
f 334//356 340//356 333//356
f 341//357 340//357 334//357
f 336//358 342//358 343//358
f 335//359 342//359 336//359
f 339//360 344//360 338//360
f 345//361 346//361 341//361
f 341//362 346//362 340//362
f 342//363 347//363 343//363
f 345//364 348//364 346//364
f 316//365 348//365 345//365
f 343//366 349//366 350//366
f 347//367 349//367 343//367
f 351//368 352//368 291//368
f 350//369 352//369 351//369
f 349//370 352//370 350//370
f 291//371 353//371 4//371
f 352//372 353//372 291//372
f 353//373 354//373 4//373
f 324//374 355//374 316//374
f 356//375 355//375 324//375
f 316//376 355//376 348//376
f 355//377 357//377 348//377
f 348//378 357//378 358//378
f 359//379 360//379 356//379
f 356//380 360//380 355//380
f 357//381 361//381 358//381
f 362//382 361//382 363//382
f 358//383 361//383 362//383
f 359//384 364//384 360//384
f 361//385 365//385 363//385
f 363//386 365//386 366//386
f 359//387 367//387 364//387
f 368//388 367//388 359//388
f 365//389 369//389 366//389
f 366//390 369//390 370//390
f 371//391 372//391 368//391
f 368//392 372//392 367//392
f 369//393 373//393 370//393
f 370//394 373//394 374//394
f 371//395 375//395 372//395
f 376//396 375//396 371//396
f 373//397 377//397 374//397
f 378//398 379//398 376//398
f 376//399 379//399 375//399
f 377//400 380//400 374//400
f 374//401 380//401 381//401
f 378//402 382//402 379//402
f 383//403 382//403 378//403
f 384//404 382//404 383//404
f 380//405 385//405 381//405
f 386//406 385//406 387//406
f 381//407 385//407 386//407
f 384//408 388//408 382//408
f 385//409 389//409 387//409
f 354//410 7//410 4//410
f 390//411 7//411 384//411
f 344//412 7//412 390//412
f 384//413 7//413 388//413
f 389//414 7//414 387//414
f 391//415 7//415 392//415
f 393//416 7//416 391//416
f 394//417 7//417 393//417
f 395//418 7//418 394//418
f 396//419 7//419 395//419
f 397//420 7//420 396//420
f 398//421 7//421 397//421
f 388//422 7//422 398//422
f 387//423 7//423 354//423
f 392//424 7//424 389//424
f 5//425 7//425 183//425
f 183//426 7//426 257//426
f 257//427 7//427 339//427
f 339//428 7//428 344//428
f 399//429 400//429 3//429
f 401//430 3//430 400//430
f 402//431 399//431 3//431
f 403//432 3//432 401//432
f 404//433 402//433 3//433
f 405//434 3//434 403//434
f 406//435 404//435 3//435
f 407//436 3//436 405//436
f 408//437 406//437 3//437
f 409//438 410//438 411//438
f 412//439 411//439 413//439
f 412//440 409//440 411//440
f 414//441 407//441 410//441
f 414//442 410//442 409//442
f 415//443 413//443 416//443
f 415//444 412//444 413//444
f 417//445 3//445 407//445
f 417//446 407//446 414//446
f 418//447 416//447 419//447
f 418//448 415//448 416//448
f 420//449 3//449 417//449
f 421//450 418//450 419//450
f 421//451 419//451 422//451
f 423//452 422//452 424//452
f 423//453 421//453 422//453
f 425//454 426//454 427//454
f 425//455 424//455 426//455
f 425//456 423//456 424//456
f 428//457 429//457 430//457
f 431//458 428//458 430//458
f 431//459 430//459 432//459
f 433//460 429//460 428//460
f 434//461 425//461 427//461
f 435//462 432//462 408//462
f 435//463 431//463 432//463
f 435//464 408//464 3//464
f 436//465 437//465 429//465
f 436//466 429//466 433//466
f 438//467 435//467 3//467
f 439//468 437//468 436//468
f 439//469 440//469 437//469
f 441//470 438//470 3//470
f 442//471 443//471 440//471
f 442//472 440//472 439//472
f 444//473 445//473 443//473
f 444//474 443//474 442//474
f 446//475 427//475 445//475
f 446//476 445//476 444//476
f 447//477 448//477 449//477
f 450//478 447//478 449//478
f 451//479 448//479 447//479
f 451//480 452//480 448//480
f 453//481 450//481 449//481
f 453//482 449//482 454//482
f 455//483 452//483 451//483
f 455//484 456//484 452//484
f 457//485 453//485 454//485
f 457//486 454//486 458//486
f 459//487 458//487 460//487
f 459//488 457//488 458//488
f 461//489 459//489 460//489
f 461//490 460//490 462//490
f 463//491 464//491 465//491
f 463//492 462//492 464//492
f 463//493 461//493 462//493
f 466//494 446//494 467//494
f 466//495 434//495 427//495
f 466//496 427//496 446//496
f 468//497 466//497 467//497
f 469//498 434//498 466//498
f 469//499 470//499 434//499
f 471//500 463//500 465//500
f 472//501 468//501 467//501
f 472//502 467//502 473//502
f 474//503 470//503 469//503
f 474//504 475//504 470//504
f 474//505 476//505 475//505
f 477//506 473//506 478//506
f 477//507 472//507 473//507
f 479//508 480//508 476//508
f 479//509 476//509 474//509
f 481//510 478//510 482//510
f 481//511 477//511 478//511
f 483//512 480//512 479//512
f 484//513 482//513 485//513
f 484//514 481//514 482//514
f 486//515 480//515 483//515
f 486//516 487//516 480//516
f 488//517 485//517 489//517
f 488//518 484//518 485//518
f 490//519 487//519 486//519
f 490//520 465//520 487//520
f 491//521 492//521 493//521
f 494//522 491//522 493//522
f 495//523 492//523 491//523
f 495//524 496//524 492//524
f 495//525 497//525 496//525
f 498//526 489//526 499//526
f 498//527 488//527 489//527
f 500//528 494//528 493//528
f 500//529 493//529 501//529
f 502//530 497//530 495//530
f 6//531 3//531 420//531
f 6//532 456//532 455//532
f 6//533 503//533 504//533
f 6//534 420//534 456//534
f 6//535 505//535 503//535
f 6//536 506//536 505//536
f 6//537 507//537 506//537
f 6//538 508//538 507//538
f 6//539 509//539 508//539
f 6//540 510//540 509//540
f 6//541 511//541 510//541
f 6//542 455//542 511//542
f 512//543 500//543 501//543
f 512//544 501//544 441//544
f 512//545 441//545 3//545
f 513//546 497//546 502//546
f 513//547 514//547 497//547
f 515//548 512//548 3//548
f 516//549 514//549 513//549
f 516//550 517//550 514//550
f 518//551 519//551 517//551
f 518//552 517//552 516//552
f 520//553 519//553 518//553
f 520//554 499//554 519//554
f 521//555 465//555 490//555
f 521//556 471//556 465//556
f 522//557 521//557 490//557
f 522//558 523//558 524//558
f 522//559 490//559 523//559
f 525//560 471//560 521//560
f 525//561 526//561 471//561
f 527//562 522//562 524//562
f 528//563 526//563 525//563
f 528//564 529//564 526//564
f 530//565 527//565 524//565
f 530//566 524//566 531//566
f 532//567 529//567 528//567
f 532//568 533//568 529//568
f 534//569 530//569 531//569
f 534//570 535//570 536//570
f 534//571 531//571 535//571
f 537//572 533//572 532//572
f 537//573 538//573 533//573
f 539//574 534//574 536//574
f 540//575 538//575 537//575
f 540//576 541//576 538//576
f 542//577 539//577 536//577
f 542//578 543//578 544//578
f 542//579 536//579 543//579
f 545//580 546//580 541//580
f 545//581 541//581 540//581
f 547//582 499//582 520//582
f 547//583 498//583 499//583
f 548//584 520//584 549//584
f 548//585 547//585 520//585
f 550//586 551//586 498//586
f 550//587 552//587 551//587
f 550//588 498//588 547//588
f 553//589 542//589 544//589
f 554//590 549//590 555//590
f 554//591 548//591 549//591
f 556//592 552//592 550//592
f 557//593 546//593 545//593
f 557//594 558//594 546//594
f 559//595 560//595 561//595
f 559//596 555//596 560//596
f 559//597 554//597 555//597
f 562//598 563//598 552//598
f 562//599 552//599 556//599
f 564//600 559//600 561//600
f 565//601 6//601 504//601
f 565//602 558//602 557//602
f 565//603 504//603 558//603
f 566//604 563//604 562//604
f 566//605 567//605 563//605
f 568//606 564//606 561//606
f 568//607 561//607 569//607
f 570//608 6//608 565//608
f 571//609 567//609 566//609
f 571//610 572//610 567//610
f 573//611 6//611 570//611
f 574//612 568//612 569//612
f 574//613 575//613 576//613
f 574//614 569//614 575//614
f 577//615 572//615 571//615
f 577//616 544//616 572//616
f 578//617 579//617 580//617
f 578//618 581//618 579//618
f 582//619 583//619 579//619
f 582//620 584//620 583//620
f 582//621 579//621 581//621
f 585//622 574//622 576//622
f 586//623 580//623 587//623
f 586//624 578//624 580//624
f 588//625 584//625 582//625
f 589//626 587//626 515//626
f 589//627 586//627 587//627
f 590//628 591//628 592//628
f 590//629 592//629 584//629
f 590//630 584//630 588//630
f 593//631 591//631 590//631
f 594//632 595//632 591//632
f 594//633 576//633 595//633
f 594//634 591//634 593//634
f 596//635 585//635 576//635
f 596//636 576//636 594//636
f 597//637 553//637 544//637
f 597//638 544//638 577//638
f 598//639 597//639 577//639
f 598//640 577//640 599//640
f 600//641 601//641 553//641
f 600//642 602//642 601//642
f 600//643 553//643 597//643
f 603//644 598//644 599//644
f 603//645 599//645 604//645
f 605//646 602//646 600//646
f 606//647 603//647 604//647
f 606//648 607//648 608//648
f 606//649 604//649 607//649
f 609//650 610//650 602//650
f 609//651 602//651 605//651
f 609//652 611//652 610//652
f 612//653 606//653 608//653
f 612//654 608//654 613//654
f 614//655 611//655 609//655
f 615//656 612//656 613//656
f 616//657 611//657 614//657
f 616//658 617//658 611//658
f 618//659 615//659 613//659
f 618//660 619//660 620//660
f 618//661 613//661 619//661
f 621//662 617//662 616//662
f 621//663 622//663 617//663
f 621//664 623//664 622//664
f 624//665 585//665 596//665
f 625//666 626//666 627//666
f 625//667 596//667 626//667
f 625//668 624//668 596//668
f 628//669 629//669 585//669
f 628//670 630//670 629//670
f 628//671 585//671 624//671
f 631//672 618//672 620//672
f 632//673 625//673 627//673
f 633//674 630//674 628//674
f 634//675 623//675 621//675
f 635//676 627//676 636//676
f 635//677 632//677 627//677
f 637//678 638//678 630//678
f 637//679 630//679 633//679
f 637//680 639//680 638//680
f 640//681 636//681 641//681
f 640//682 635//682 636//682
f 642//683 623//683 634//683
f 642//684 643//684 623//684
f 642//685 573//685 643//685
f 644//686 639//686 637//686
f 645//687 641//687 646//687
f 645//688 640//688 641//688
f 647//689 573//689 642//689
f 648//690 639//690 644//690
f 648//691 649//691 639//691
f 648//692 620//692 649//692
f 650//693 646//693 651//693
f 650//694 645//694 646//694
f 652//695 620//695 648//695
f 653//696 654//696 655//696
f 653//697 655//697 656//697
f 657//698 655//698 654//698
f 657//699 658//699 655//699
f 657//700 659//700 658//700
f 660//701 650//701 651//701
f 660//702 651//702 661//702
f 662//703 653//703 656//703
f 662//704 656//704 663//704
f 664//705 659//705 657//705
f 2//706 662//706 663//706
f 2//707 515//707 3//707
f 2//708 665//708 589//708
f 2//709 663//709 665//709
f 2//710 589//710 515//710
f 666//711 662//711 2//711
f 667//712 659//712 664//712
f 667//713 668//713 659//713
f 669//714 666//714 2//714
f 670//715 671//715 668//715
f 670//716 668//716 667//716
f 672//717 669//717 2//717
f 673//718 674//718 671//718
f 673//719 671//719 670//719
f 675//720 672//720 2//720
f 676//721 661//721 674//721
f 676//722 674//722 673//722
f 677//723 675//723 2//723
f 678//724 677//724 2//724
f 679//725 678//725 2//725
f 680//726 679//726 2//726
f 681//727 680//727 2//727
f 682//728 652//728 683//728
f 682//729 620//729 652//729
f 682//730 631//730 620//730
f 684//731 682//731 683//731
f 685//732 631//732 682//732
f 685//733 686//733 631//733
f 687//734 688//734 689//734
f 687//735 683//735 688//735
f 687//736 684//736 683//736
f 690//737 691//737 686//737
f 690//738 686//738 685//738
f 692//739 687//739 689//739
f 692//740 689//740 693//740
f 694//741 695//741 696//741
f 694//742 691//742 690//742
f 694//743 696//743 691//743
f 697//744 692//744 693//744
f 698//745 695//745 694//745
f 699//746 697//746 693//746
f 699//747 693//747 700//747
f 701//748 702//748 695//748
f 701//749 703//749 702//749
f 701//750 695//750 698//750
f 704//751 705//751 706//751
f 704//752 700//752 705//752
f 704//753 699//753 700//753
f 707//754 708//754 703//754
f 707//755 703//755 701//755
f 709//756 660//756 661//756
f 709//757 661//757 676//757
f 710//758 709//758 676//758
f 710//759 676//759 711//759
f 712//760 660//760 709//760
f 712//761 713//761 660//761
f 714//762 704//762 706//762
f 715//763 710//763 711//763
f 715//764 716//764 717//764
f 715//765 711//765 716//765
f 718//766 713//766 712//766
f 718//767 719//767 713//767
f 720//768 708//768 707//768
f 721//769 715//769 717//769
f 721//770 717//770 722//770
f 723//771 719//771 718//771
f 723//772 724//772 719//772
f 725//773 721//773 722//773
f 725//774 722//774 726//774
f 727//775 728//775 708//775
f 727//776 729//776 728//776
f 727//777 708//777 720//777
f 730//778 731//778 724//778
f 730//779 724//779 723//779
f 732//780 726//780 733//780
f 732//781 725//781 726//781
f 734//782 729//782 727//782
f 735//783 736//783 731//783
f 735//784 731//784 730//784
f 737//785 732//785 733//785
f 738//786 706//786 736//786
f 738//787 736//787 735//787
f 739//788 737//788 733//788
f 739//789 733//789 740//789
f 741//790 742//790 681//790
f 741//791 740//791 742//791
f 741//792 739//792 740//792
f 743//793 681//793 2//793
f 743//794 741//794 681//794
f 744//795 743//795 2//795
f 745//796 714//796 706//796
f 745//797 746//797 714//797
f 745//798 706//798 738//798
f 747//799 738//799 748//799
f 747//800 745//800 738//800
f 749//801 746//801 745//801
f 749//802 750//802 746//802
f 751//803 747//803 748//803
f 751//804 752//804 753//804
f 751//805 748//805 752//805
f 754//806 750//806 749//806
f 755//807 753//807 756//807
f 755//808 751//808 753//808
f 757//809 758//809 750//809
f 757//810 750//810 754//810
f 759//811 755//811 756//811
f 759//812 756//812 760//812
f 761//813 758//813 757//813
f 761//814 762//814 758//814
f 763//815 759//815 760//815
f 763//816 760//816 764//816
f 765//817 762//817 761//817
f 765//818 766//818 762//818
f 767//819 763//819 764//819
f 768//820 766//820 765//820
f 768//821 769//821 766//821
f 770//822 767//822 764//822
f 770//823 764//823 771//823
f 772//824 773//824 769//824
f 772//825 769//825 768//825
f 772//826 774//826 773//826
f 775//827 770//827 771//827
f 775//828 776//828 777//828
f 775//829 771//829 776//829
f 778//830 774//830 772//830
f 779//831 775//831 777//831
f 8//832 744//832 2//832
f 8//833 774//833 778//833
f 8//834 777//834 744//834
f 8//835 780//835 774//835
f 8//836 734//836 780//836
f 8//837 779//837 777//837
f 8//838 781//838 782//838
f 8//839 783//839 781//839
f 8//840 784//840 783//840
f 8//841 785//841 784//841
f 8//842 786//842 785//842
f 8//843 787//843 786//843
f 8//844 788//844 787//844
f 8//845 778//845 788//845
f 8//846 782//846 779//846
f 8//847 6//847 573//847
f 8//848 573//848 647//848
f 8//849 647//849 729//849
f 8//850 729//850 734//850
f 7//851 6//851 8//851
f 7//852 5//852 6//852
f 440//853 443//853 49//853
f 49//854 443//854 52//854
f 52//855 445//855 54//855
f 443//856 445//856 52//856
f 54//857 427//857 37//857
f 445//858 427//858 54//858
f 37//859 426//859 35//859
f 427//860 426//860 37//860
f 35//861 424//861 34//861
f 426//862 424//862 35//862
f 34//863 422//863 32//863
f 424//864 422//864 34//864
f 32//865 419//865 29//865
f 29//866 419//866 26//866
f 422//867 419//867 32//867
f 419//868 416//868 26//868
f 26//869 413//869 23//869
f 416//870 413//870 26//870
f 23//871 411//871 21//871
f 413//872 411//872 23//872
f 21//873 410//873 19//873
f 411//874 410//874 21//874
f 410//875 407//875 19//875
f 19//876 407//876 17//876
f 407//877 405//877 17//877
f 17//878 405//878 15//878
f 405//879 403//879 15//879
f 15//880 403//880 13//880
f 403//881 401//881 13//881
f 13//882 401//882 11//882
f 401//883 400//883 11//883
f 11//884 400//884 9//884
f 400//885 399//885 9//885
f 9//886 399//886 10//886
f 399//887 402//887 10//887
f 10//888 402//888 12//888
f 402//889 404//889 12//889
f 12//890 404//890 14//890
f 404//891 406//891 14//891
f 14//892 406//892 16//892
f 16//893 406//893 18//893
f 406//894 408//894 18//894
f 408//895 432//895 18//895
f 18//896 432//896 42//896
f 432//897 430//897 42//897
f 42//898 430//898 40//898
f 40//899 429//899 38//899
f 430//900 429//900 40//900
f 38//901 429//901 46//901
f 429//902 437//902 46//902
f 46//903 440//903 49//903
f 437//904 440//904 46//904
f 514//905 517//905 123//905
f 123//906 517//906 127//906
f 127//907 519//907 129//907
f 517//908 519//908 127//908
f 129//909 499//909 109//909
f 519//910 499//910 129//910
f 109//911 489//911 99//911
f 499//912 489//912 109//912
f 99//913 485//913 95//913
f 489//914 485//914 99//914
f 95//915 482//915 92//915
f 485//916 482//916 95//916
f 92//917 478//917 88//917
f 88//918 478//918 83//918
f 482//919 478//919 92//919
f 478//920 473//920 83//920
f 83//921 467//921 77//921
f 473//922 467//922 83//922
f 77//923 446//923 56//923
f 467//924 446//924 77//924
f 56//925 444//925 55//925
f 446//926 444//926 56//926
f 444//927 442//927 55//927
f 55//928 442//928 53//928
f 442//929 439//929 53//929
f 53//930 439//930 50//930
f 439//931 436//931 50//931
f 50//932 436//932 47//932
f 436//933 433//933 47//933
f 47//934 433//934 43//934
f 433//935 428//935 43//935
f 43//936 428//936 39//936
f 428//937 431//937 39//937
f 39//938 431//938 41//938
f 431//939 435//939 41//939
f 41//940 435//940 45//940
f 435//941 438//941 45//941
f 45//942 438//942 48//942
f 438//943 441//943 48//943
f 48//944 441//944 51//944
f 51//945 441//945 111//945
f 441//946 501//946 111//946
f 501//947 493//947 111//947
f 111//948 493//948 103//948
f 493//949 492//949 103//949
f 103//950 492//950 101//950
f 101//951 496//951 106//951
f 492//952 496//952 101//952
f 106//953 496//953 107//953
f 496//954 497//954 107//954
f 107//955 514//955 123//955
f 497//956 514//956 107//956
f 592//957 591//957 202//957
f 202//958 591//958 200//958
f 200//959 595//959 205//959
f 591//960 595//960 200//960
f 205//961 576//961 186//961
f 595//962 576//962 205//962
f 186//963 575//963 184//963
f 576//964 575//964 186//964
f 184//965 569//965 179//965
f 575//966 569//966 184//966
f 179//967 561//967 171//967
f 569//968 561//968 179//968
f 171//969 560//969 170//969
f 170//970 560//970 165//970
f 561//971 560//971 171//971
f 560//972 555//972 165//972
f 165//973 549//973 159//973
f 555//974 549//974 165//974
f 159//975 520//975 130//975
f 549//976 520//976 159//976
f 130//977 518//977 128//977
f 520//978 518//978 130//978
f 518//979 516//979 128//979
f 128//980 516//980 126//980
f 516//981 513//981 126//981
f 126//982 513//982 124//982
f 513//983 502//983 124//983
f 124//984 502//984 112//984
f 502//985 495//985 112//985
f 112//986 495//986 105//986
f 495//987 491//987 105//987
f 105//988 491//988 102//988
f 491//989 494//989 102//989
f 102//990 494//990 104//990
f 494//991 500//991 104//991
f 104//992 500//992 110//992
f 500//993 512//993 110//993
f 110//994 512//994 122//994
f 512//995 515//995 122//995
f 122//996 515//996 125//996
f 125//997 515//997 197//997
f 515//998 587//998 197//998
f 587//999 580//999 197//999
f 197//1000 580//1000 191//1000
f 580//1001 579//1001 191//1001
f 191//1002 579//1002 190//1002
f 190//1003 583//1003 193//1003
f 579//1004 583//1004 190//1004
f 193//1005 583//1005 194//1005
f 583//1006 584//1006 194//1006
f 194//1007 592//1007 202//1007
f 584//1008 592//1008 194//1008
f 668//1009 671//1009 277//1009
f 277//1010 671//1010 281//1010
f 281//1011 674//1011 284//1011
f 671//1012 674//1012 281//1012
f 284//1013 661//1013 271//1013
f 674//1014 661//1014 284//1014
f 271//1015 651//1015 261//1015
f 661//1016 651//1016 271//1016
f 261//1017 646//1017 256//1017
f 651//1018 646//1018 261//1018
f 256//1019 641//1019 251//1019
f 646//1020 641//1020 256//1020
f 251//1021 636//1021 246//1021
f 246//1022 636//1022 237//1022
f 641//1023 636//1023 251//1023
f 636//1024 627//1024 237//1024
f 237//1025 626//1025 235//1025
f 627//1026 626//1026 237//1026
f 235//1027 596//1027 206//1027
f 626//1028 596//1028 235//1028
f 206//1029 594//1029 204//1029
f 596//1030 594//1030 206//1030
f 594//1031 593//1031 204//1031
f 204//1032 593//1032 203//1032
f 593//1033 590//1033 203//1033
f 203//1034 590//1034 201//1034
f 590//1035 588//1035 201//1035
f 201//1036 588//1036 198//1036
f 588//1037 582//1037 198//1037
f 198//1038 582//1038 192//1038
f 582//1039 581//1039 192//1039
f 192//1040 581//1040 188//1040
f 581//1041 578//1041 188//1041
f 188//1042 578//1042 189//1042
f 578//1043 586//1043 189//1043
f 189//1044 586//1044 196//1044
f 586//1045 589//1045 196//1045
f 196//1046 589//1046 199//1046
f 589//1047 665//1047 199//1047
f 199//1048 665//1048 275//1048
f 275//1049 665//1049 273//1049
f 665//1050 663//1050 273//1050
f 663//1051 656//1051 273//1051
f 273//1052 656//1052 265//1052
f 656//1053 655//1053 265//1053
f 265//1054 655//1054 263//1054
f 263//1055 658//1055 267//1055
f 655//1056 658//1056 263//1056
f 267//1057 658//1057 269//1057
f 658//1058 659//1058 269//1058
f 269//1059 668//1059 277//1059
f 659//1060 668//1060 269//1060
f 680//1061 681//1061 290//1061
f 290//1062 681//1062 291//1062
f 291//1063 742//1063 351//1063
f 681//1064 742//1064 291//1064
f 351//1065 740//1065 350//1065
f 742//1066 740//1066 351//1066
f 350//1067 733//1067 343//1067
f 740//1068 733//1068 350//1068
f 343//1069 726//1069 336//1069
f 733//1070 726//1070 343//1070
f 336//1071 722//1071 332//1071
f 726//1072 722//1072 336//1072
f 332//1073 717//1073 327//1073
f 327//1074 717//1074 326//1074
f 722//1075 717//1075 332//1075
f 717//1076 716//1076 326//1076
f 326//1077 711//1077 321//1077
f 716//1078 711//1078 326//1078
f 321//1079 676//1079 286//1079
f 711//1080 676//1080 321//1080
f 286//1081 673//1081 283//1081
f 676//1082 673//1082 286//1082
f 673//1083 670//1083 283//1083
f 283//1084 670//1084 280//1084
f 670//1085 667//1085 280//1085
f 280//1086 667//1086 278//1086
f 667//1087 664//1087 278//1087
f 278//1088 664//1088 274//1088
f 664//1089 657//1089 274//1089
f 274//1090 657//1090 268//1090
f 657//1091 654//1091 268//1091
f 268//1092 654//1092 266//1092
f 654//1093 653//1093 266//1093
f 266//1094 653//1094 264//1094
f 653//1095 662//1095 264//1095
f 264//1096 662//1096 272//1096
f 662//1097 666//1097 272//1097
f 272//1098 666//1098 276//1098
f 666//1099 669//1099 276//1099
f 276//1100 669//1100 279//1100
f 279//1101 669//1101 282//1101
f 669//1102 672//1102 282//1102
f 672//1103 675//1103 282//1103
f 282//1104 675//1104 285//1104
f 675//1105 677//1105 285//1105
f 285//1106 677//1106 287//1106
f 287//1107 678//1107 288//1107
f 677//1108 678//1108 287//1108
f 288//1109 678//1109 289//1109
f 678//1110 679//1110 289//1110
f 289//1111 680//1111 290//1111
f 679//1112 680//1112 289//1112
f 476//1113 480//1113 86//1113
f 86//1114 480//1114 90//1114
f 90//1115 487//1115 97//1115
f 480//1116 487//1116 90//1116
f 97//1117 465//1117 75//1117
f 487//1118 465//1118 97//1118
f 75//1119 464//1119 73//1119
f 465//1120 464//1120 75//1120
f 73//1121 462//1121 72//1121
f 464//1122 462//1122 73//1122
f 72//1123 460//1123 70//1123
f 462//1124 460//1124 72//1124
f 70//1125 458//1125 68//1125
f 68//1126 458//1126 64//1126
f 460//1127 458//1127 70//1127
f 458//1128 454//1128 64//1128
f 64//1129 449//1129 59//1129
f 454//1130 449//1130 64//1130
f 59//1131 448//1131 57//1131
f 449//1132 448//1132 59//1132
f 57//1133 452//1133 61//1133
f 448//1134 452//1134 57//1134
f 452//1135 456//1135 61//1135
f 61//1136 456//1136 65//1136
f 456//1137 420//1137 65//1137
f 65//1138 420//1138 30//1138
f 420//1139 417//1139 30//1139
f 30//1140 417//1140 27//1140
f 417//1141 414//1141 27//1141
f 27//1142 414//1142 24//1142
f 414//1143 409//1143 24//1143
f 24//1144 409//1144 20//1144
f 409//1145 412//1145 20//1145
f 20//1146 412//1146 22//1146
f 412//1147 415//1147 22//1147
f 22//1148 415//1148 25//1148
f 415//1149 418//1149 25//1149
f 25//1150 418//1150 28//1150
f 418//1151 421//1151 28//1151
f 28//1152 421//1152 31//1152
f 31//1153 421//1153 33//1153
f 421//1154 423//1154 33//1154
f 423//1155 425//1155 33//1155
f 33//1156 425//1156 36//1156
f 425//1157 434//1157 36//1157
f 36//1158 434//1158 44//1158
f 44//1159 470//1159 79//1159
f 434//1160 470//1160 44//1160
f 79//1161 470//1161 85//1161
f 470//1162 475//1162 85//1162
f 85//1163 476//1163 86//1163
f 475//1164 476//1164 85//1164
f 563//1165 567//1165 173//1165
f 173//1166 567//1166 177//1166
f 177//1167 572//1167 182//1167
f 567//1168 572//1168 177//1168
f 182//1169 544//1169 154//1169
f 572//1170 544//1170 182//1170
f 154//1171 543//1171 153//1171
f 544//1172 543//1172 154//1172
f 153//1173 536//1173 146//1173
f 543//1174 536//1174 153//1174
f 146//1175 535//1175 145//1175
f 536//1176 535//1176 146//1176
f 145//1177 531//1177 141//1177
f 141//1178 531//1178 134//1178
f 535//1179 531//1179 145//1179
f 531//1180 524//1180 134//1180
f 134//1181 523//1181 133//1181
f 524//1182 523//1182 134//1182
f 133//1183 490//1183 100//1183
f 523//1184 490//1184 133//1184
f 100//1185 486//1185 96//1185
f 490//1186 486//1186 100//1186
f 486//1187 483//1187 96//1187
f 96//1188 483//1188 93//1188
f 483//1189 479//1189 93//1189
f 93//1190 479//1190 89//1190
f 479//1191 474//1191 89//1191
f 89//1192 474//1192 84//1192
f 474//1193 469//1193 84//1193
f 84//1194 469//1194 80//1194
f 469//1195 466//1195 80//1195
f 80//1196 466//1196 76//1196
f 466//1197 468//1197 76//1197
f 76//1198 468//1198 78//1198
f 468//1199 472//1199 78//1199
f 78//1200 472//1200 82//1200
f 472//1201 477//1201 82//1201
f 82//1202 477//1202 87//1202
f 477//1203 481//1203 87//1203
f 87//1204 481//1204 91//1204
f 91//1205 481//1205 94//1205
f 481//1206 484//1206 94//1206
f 484//1207 488//1207 94//1207
f 94//1208 488//1208 98//1208
f 488//1209 498//1209 98//1209
f 98//1210 498//1210 108//1210
f 108//1211 551//1211 161//1211
f 498//1212 551//1212 108//1212
f 161//1213 551//1213 162//1213
f 551//1214 552//1214 162//1214
f 162//1215 563//1215 173//1215
f 552//1216 563//1216 162//1216
f 533//1217 538//1217 142//1217
f 142//1218 538//1218 148//1218
f 148//1219 541//1219 151//1219
f 538//1220 541//1220 148//1220
f 151//1221 546//1221 156//1221
f 541//1222 546//1222 151//1222
f 156//1223 558//1223 168//1223
f 546//1224 558//1224 156//1224
f 168//1225 504//1225 114//1225
f 558//1226 504//1226 168//1226
f 114//1227 503//1227 113//1227
f 504//1228 503//1228 114//1228
f 113//1229 505//1229 115//1229
f 115//1230 505//1230 116//1230
f 503//1231 505//1231 113//1231
f 505//1232 506//1232 116//1232
f 116//1233 507//1233 117//1233
f 506//1234 507//1234 116//1234
f 117//1235 508//1235 118//1235
f 507//1236 508//1236 117//1236
f 118//1237 509//1237 119//1237
f 508//1238 509//1238 118//1238
f 509//1239 510//1239 119//1239
f 119//1240 510//1240 120//1240
f 510//1241 511//1241 120//1241
f 120//1242 511//1242 121//1242
f 511//1243 455//1243 121//1243
f 121//1244 455//1244 66//1244
f 455//1245 451//1245 66//1245
f 66//1246 451//1246 62//1246
f 451//1247 447//1247 62//1247
f 62//1248 447//1248 58//1248
f 447//1249 450//1249 58//1249
f 58//1250 450//1250 60//1250
f 450//1251 453//1251 60//1251
f 60//1252 453//1252 63//1252
f 453//1253 457//1253 63//1253
f 63//1254 457//1254 67//1254
f 457//1255 459//1255 67//1255
f 67//1256 459//1256 69//1256
f 69//1257 459//1257 71//1257
f 459//1258 461//1258 71//1258
f 461//1259 463//1259 71//1259
f 71//1260 463//1260 74//1260
f 463//1261 471//1261 74//1261
f 74//1262 471//1262 81//1262
f 81//1263 526//1263 136//1263
f 471//1264 526//1264 81//1264
f 136//1265 526//1265 138//1265
f 526//1266 529//1266 138//1266
f 138//1267 533//1267 142//1267
f 529//1268 533//1268 138//1268
f 610//1269 611//1269 221//1269
f 221//1270 611//1270 219//1270
f 219//1271 617//1271 226//1271
f 611//1272 617//1272 219//1272
f 226//1273 622//1273 231//1273
f 617//1274 622//1274 226//1274
f 231//1275 623//1275 233//1275
f 622//1276 623//1276 231//1276
f 233//1277 643//1277 252//1277
f 623//1278 643//1278 233//1278
f 252//1279 573//1279 183//1279
f 643//1280 573//1280 252//1280
f 183//1281 570//1281 180//1281
f 180//1282 570//1282 175//1282
f 573//1283 570//1283 183//1283
f 570//1284 565//1284 175//1284
f 175//1285 557//1285 167//1285
f 565//1286 557//1286 175//1286
f 167//1287 545//1287 155//1287
f 557//1288 545//1288 167//1288
f 155//1289 540//1289 150//1289
f 545//1290 540//1290 155//1290
f 540//1291 537//1291 150//1291
f 150//1292 537//1292 147//1292
f 537//1293 532//1293 147//1293
f 147//1294 532//1294 143//1294
f 532//1295 528//1295 143//1295
f 143//1296 528//1296 139//1296
f 528//1297 525//1297 139//1297
f 139//1298 525//1298 135//1298
f 525//1299 521//1299 135//1299
f 135//1300 521//1300 131//1300
f 521//1301 522//1301 131//1301
f 131//1302 522//1302 132//1302
f 522//1303 527//1303 132//1303
f 132//1304 527//1304 137//1304
f 527//1305 530//1305 137//1305
f 137//1306 530//1306 140//1306
f 530//1307 534//1307 140//1307
f 140//1308 534//1308 144//1308
f 144//1309 534//1309 149//1309
f 534//1310 539//1310 149//1310
f 539//1311 542//1311 149//1311
f 149//1312 542//1312 152//1312
f 542//1313 553//1313 152//1313
f 152//1314 553//1314 163//1314
f 163//1315 601//1315 211//1315
f 553//1316 601//1316 163//1316
f 211//1317 601//1317 212//1317
f 601//1318 602//1318 212//1318
f 212//1319 610//1319 221//1319
f 602//1320 610//1320 212//1320
f 638//1321 639//1321 249//1321
f 249//1322 639//1322 247//1322
f 247//1323 649//1323 258//1323
f 639//1324 649//1324 247//1324
f 258//1325 620//1325 230//1325
f 649//1326 620//1326 258//1326
f 230//1327 619//1327 228//1327
f 620//1328 619//1328 230//1328
f 228//1329 613//1329 223//1329
f 619//1330 613//1330 228//1330
f 223//1331 608//1331 218//1331
f 613//1332 608//1332 223//1332
f 218//1333 607//1333 216//1333
f 216//1334 607//1334 214//1334
f 608//1335 607//1335 218//1335
f 607//1336 604//1336 214//1336
f 214//1337 599//1337 209//1337
f 604//1338 599//1338 214//1338
f 209//1339 577//1339 187//1339
f 599//1340 577//1340 209//1340
f 187//1341 571//1341 181//1341
f 577//1342 571//1342 187//1342
f 571//1343 566//1343 181//1343
f 181//1344 566//1344 176//1344
f 566//1345 562//1345 176//1345
f 176//1346 562//1346 172//1346
f 562//1347 556//1347 172//1347
f 172//1348 556//1348 166//1348
f 556//1349 550//1349 166//1349
f 166//1350 550//1350 160//1350
f 550//1351 547//1351 160//1351
f 160//1352 547//1352 157//1352
f 547//1353 548//1353 157//1353
f 157//1354 548//1354 158//1354
f 548//1355 554//1355 158//1355
f 158//1356 554//1356 164//1356
f 554//1357 559//1357 164//1357
f 164//1358 559//1358 169//1358
f 559//1359 564//1359 169//1359
f 169//1360 564//1360 174//1360
f 174//1361 564//1361 178//1361
f 564//1362 568//1362 178//1362
f 568//1363 574//1363 178//1363
f 178//1364 574//1364 185//1364
f 574//1365 585//1365 185//1365
f 185//1366 585//1366 195//1366
f 195//1367 629//1367 239//1367
f 585//1368 629//1368 195//1368
f 239//1369 629//1369 240//1369
f 629//1370 630//1370 240//1370
f 240//1371 638//1371 249//1371
f 630//1372 638//1372 240//1372
f 724//1373 731//1373 334//1373
f 334//1374 731//1374 341//1374
f 341//1375 736//1375 345//1375
f 731//1376 736//1376 341//1376
f 345//1377 706//1377 316//1377
f 736//1378 706//1378 345//1378
f 316//1379 705//1379 315//1379
f 706//1380 705//1380 316//1380
f 315//1381 700//1381 310//1381
f 705//1382 700//1382 315//1382
f 310//1383 693//1383 303//1383
f 700//1384 693//1384 310//1384
f 303//1385 689//1385 299//1385
f 299//1386 689//1386 298//1386
f 693//1387 689//1387 303//1387
f 689//1388 688//1388 298//1388
f 298//1389 683//1389 293//1389
f 688//1390 683//1390 298//1390
f 293//1391 652//1391 262//1391
f 683//1392 652//1392 293//1392
f 262//1393 648//1393 259//1393
f 652//1394 648//1394 262//1394
f 648//1395 644//1395 259//1395
f 259//1396 644//1396 254//1396
f 644//1397 637//1397 254//1397
f 254//1398 637//1398 248//1398
f 637//1399 633//1399 248//1399
f 248//1400 633//1400 243//1400
f 633//1401 628//1401 243//1401
f 243//1402 628//1402 238//1402
f 628//1403 624//1403 238//1403
f 238//1404 624//1404 234//1404
f 624//1405 625//1405 234//1405
f 234//1406 625//1406 236//1406
f 625//1407 632//1407 236//1407
f 236//1408 632//1408 242//1408
f 632//1409 635//1409 242//1409
f 242//1410 635//1410 245//1410
f 635//1411 640//1411 245//1411
f 245//1412 640//1412 250//1412
f 250//1413 640//1413 255//1413
f 640//1414 645//1414 255//1414
f 645//1415 650//1415 255//1415
f 255//1416 650//1416 260//1416
f 650//1417 660//1417 260//1417
f 260//1418 660//1418 270//1418
f 270//1419 713//1419 323//1419
f 660//1420 713//1420 270//1420
f 323//1421 713//1421 329//1421
f 713//1422 719//1422 329//1422
f 329//1423 724//1423 334//1423
f 719//1424 724//1424 329//1424
f 744//1425 777//1425 354//1425
f 354//1426 777//1426 387//1426
f 387//1427 776//1427 386//1427
f 777//1428 776//1428 387//1428
f 386//1429 771//1429 381//1429
f 776//1430 771//1430 386//1430
f 381//1431 764//1431 374//1431
f 771//1432 764//1432 381//1432
f 374//1433 760//1433 370//1433
f 764//1434 760//1434 374//1434
f 370//1435 756//1435 366//1435
f 760//1436 756//1436 370//1436
f 366//1437 753//1437 363//1437
f 363//1438 753//1438 362//1438
f 756//1439 753//1439 366//1439
f 753//1440 752//1440 362//1440
f 362//1441 748//1441 358//1441
f 752//1442 748//1442 362//1442
f 358//1443 738//1443 348//1443
f 748//1444 738//1444 358//1444
f 348//1445 735//1445 346//1445
f 738//1446 735//1446 348//1446
f 735//1447 730//1447 346//1447
f 346//1448 730//1448 340//1448
f 730//1449 723//1449 340//1449
f 340//1450 723//1450 333//1450
f 723//1451 718//1451 333//1451
f 333//1452 718//1452 328//1452
f 718//1453 712//1453 328//1453
f 328//1454 712//1454 322//1454
f 712//1455 709//1455 322//1455
f 322//1456 709//1456 319//1456
f 709//1457 710//1457 319//1457
f 319//1458 710//1458 320//1458
f 710//1459 715//1459 320//1459
f 320//1460 715//1460 325//1460
f 715//1461 721//1461 325//1461
f 325//1462 721//1462 331//1462
f 721//1463 725//1463 331//1463
f 331//1464 725//1464 335//1464
f 335//1465 725//1465 342//1465
f 725//1466 732//1466 342//1466
f 732//1467 737//1467 342//1467
f 342//1468 737//1468 347//1468
f 737//1469 739//1469 347//1469
f 347//1470 739//1470 349//1470
f 349//1471 741//1471 352//1471
f 739//1472 741//1472 349//1472
f 352//1473 741//1473 353//1473
f 741//1474 743//1474 353//1474
f 353//1475 744//1475 354//1475
f 743//1476 744//1476 353//1476
f 696//1477 695//1477 306//1477
f 306//1478 695//1478 304//1478
f 304//1479 702//1479 311//1479
f 695//1480 702//1480 304//1480
f 311//1481 703//1481 313//1481
f 702//1482 703//1482 311//1482
f 313//1483 708//1483 317//1483
f 703//1484 708//1484 313//1484
f 317//1485 728//1485 337//1485
f 708//1486 728//1486 317//1486
f 337//1487 729//1487 339//1487
f 728//1488 729//1488 337//1488
f 339//1489 647//1489 257//1489
f 257//1490 647//1490 253//1490
f 729//1491 647//1491 339//1491
f 647//1492 642//1492 253//1492
f 253//1493 634//1493 244//1493
f 642//1494 634//1494 253//1494
f 244//1495 621//1495 232//1495
f 634//1496 621//1496 244//1496
f 232//1497 616//1497 227//1497
f 621//1498 616//1498 232//1498
f 616//1499 614//1499 227//1499
f 227//1500 614//1500 224//1500
f 614//1501 609//1501 224//1501
f 224//1502 609//1502 220//1502
f 609//1503 605//1503 220//1503
f 220//1504 605//1504 215//1504
f 605//1505 600//1505 215//1505
f 215//1506 600//1506 210//1506
f 600//1507 597//1507 210//1507
f 210//1508 597//1508 207//1508
f 597//1509 598//1509 207//1509
f 207//1510 598//1510 208//1510
f 598//1511 603//1511 208//1511
f 208//1512 603//1512 213//1512
f 603//1513 606//1513 213//1513
f 213//1514 606//1514 217//1514
f 606//1515 612//1515 217//1515
f 217//1516 612//1516 222//1516
f 222//1517 612//1517 225//1517
f 612//1518 615//1518 225//1518
f 615//1519 618//1519 225//1519
f 225//1520 618//1520 229//1520
f 618//1521 631//1521 229//1521
f 229//1522 631//1522 241//1522
f 241//1523 686//1523 296//1523
f 631//1524 686//1524 241//1524
f 296//1525 686//1525 301//1525
f 686//1526 691//1526 301//1526
f 301//1527 696//1527 306//1527
f 691//1528 696//1528 301//1528
f 758//1529 762//1529 368//1529
f 368//1530 762//1530 371//1530
f 371//1531 766//1531 376//1531
f 762//1532 766//1532 371//1532
f 376//1533 769//1533 378//1533
f 766//1534 769//1534 376//1534
f 378//1535 773//1535 383//1535
f 769//1536 773//1536 378//1536
f 383//1537 774//1537 384//1537
f 773//1538 774//1538 383//1538
f 384//1539 780//1539 390//1539
f 774//1540 780//1540 384//1540
f 390//1541 734//1541 344//1541
f 344//1542 734//1542 338//1542
f 780//1543 734//1543 390//1543
f 734//1544 727//1544 338//1544
f 338//1545 720//1545 330//1545
f 727//1546 720//1546 338//1546
f 330//1547 707//1547 318//1547
f 720//1548 707//1548 330//1548
f 318//1549 701//1549 312//1549
f 707//1550 701//1550 318//1550
f 701//1551 698//1551 312//1551
f 312//1552 698//1552 308//1552
f 698//1553 694//1553 308//1553
f 308//1554 694//1554 305//1554
f 694//1555 690//1555 305//1555
f 305//1556 690//1556 300//1556
f 690//1557 685//1557 300//1557
f 300//1558 685//1558 295//1558
f 685//1559 682//1559 295//1559
f 295//1560 682//1560 292//1560
f 682//1561 684//1561 292//1561
f 292//1562 684//1562 294//1562
f 684//1563 687//1563 294//1563
f 294//1564 687//1564 297//1564
f 687//1565 692//1565 297//1565
f 297//1566 692//1566 302//1566
f 692//1567 697//1567 302//1567
f 302//1568 697//1568 307//1568
f 307//1569 697//1569 309//1569
f 697//1570 699//1570 309//1570
f 699//1571 704//1571 309//1571
f 309//1572 704//1572 314//1572
f 704//1573 714//1573 314//1573
f 314//1574 714//1574 324//1574
f 324//1575 746//1575 356//1575
f 714//1576 746//1576 324//1576
f 356//1577 746//1577 359//1577
f 746//1578 750//1578 359//1578
f 359//1579 758//1579 368//1579
f 750//1580 758//1580 359//1580
f 782//1581 781//1581 392//1581
f 392//1582 781//1582 391//1582
f 391//1583 783//1583 393//1583
f 781//1584 783//1584 391//1584
f 393//1585 784//1585 394//1585
f 783//1586 784//1586 393//1586
f 394//1587 785//1587 395//1587
f 784//1588 785//1588 394//1588
f 395//1589 786//1589 396//1589
f 785//1590 786//1590 395//1590
f 396//1591 787//1591 397//1591
f 786//1592 787//1592 396//1592
f 397//1593 788//1593 398//1593
f 398//1594 788//1594 388//1594
f 787//1595 788//1595 397//1595
f 788//1596 778//1596 388//1596
f 388//1597 772//1597 382//1597
f 778//1598 772//1598 388//1598
f 382//1599 768//1599 379//1599
f 772//1600 768//1600 382//1600
f 379//1601 765//1601 375//1601
f 768//1602 765//1602 379//1602
f 765//1603 761//1603 375//1603
f 375//1604 761//1604 372//1604
f 761//1605 757//1605 372//1605
f 372//1606 757//1606 367//1606
f 757//1607 754//1607 367//1607
f 367//1608 754//1608 364//1608
f 754//1609 749//1609 364//1609
f 364//1610 749//1610 360//1610
f 749//1611 745//1611 360//1611
f 360//1612 745//1612 355//1612
f 745//1613 747//1613 355//1613
f 355//1614 747//1614 357//1614
f 747//1615 751//1615 357//1615
f 357//1616 751//1616 361//1616
f 751//1617 755//1617 361//1617
f 361//1618 755//1618 365//1618
f 755//1619 759//1619 365//1619
f 365//1620 759//1620 369//1620
f 369//1621 759//1621 373//1621
f 759//1622 763//1622 373//1622
f 763//1623 767//1623 373//1623
f 373//1624 767//1624 377//1624
f 767//1625 770//1625 377//1625
f 377//1626 770//1626 380//1626
f 380//1627 775//1627 385//1627
f 770//1628 775//1628 380//1628
f 385//1629 775//1629 389//1629
f 775//1630 779//1630 389//1630
f 389//1631 782//1631 392//1631
f 779//1632 782//1632 389//1632
g Extrude
f 789//1633 790//1633 791//1633
f 792//1634 790//1634 789//1634
f 793//1635 792//1635 789//1635
f 793//1636 789//1636 794//1636
f 795//1637 793//1637 794//1637
f 796//1638 793//1638 795//1638
f 790//1639 796//1639 795//1639
f 790//1640 795//1640 791//1640
f 789//1641 790//1641 791//1641
f 792//1642 790//1642 789//1642
f 797//1643 798//1643 799//1643
f 800//1644 798//1644 797//1644
f 801//1645 800//1645 797//1645
f 801//1646 797//1646 802//1646
f 803//1647 801//1647 802//1647
f 804//1648 801//1648 803//1648
f 798//1649 804//1649 803//1649
f 798//1650 803//1650 799//1650
f 797//1651 798//1651 799//1651
f 800//1652 798//1652 797//1652
g Pad
f 805//1653 806//1653 807//1653
f 805//1654 808//1654 806//1654
f 808//1655 809//1655 806//1655
f 806//1656 809//1656 810//1656
f 809//1657 811//1657 810//1657
f 809//1658 812//1658 811//1658
f 812//1659 805//1659 811//1659
f 811//1660 805//1660 807//1660
f 805//1661 809//1661 808//1661
f 812//1662 809//1662 805//1662
f 810//1663 807//1663 806//1663
f 810//1664 811//1664 807//1664
g Pocket
f 813//1665 814//1665 815//1665
f 813//1666 816//1666 814//1666
f 817//1667 813//1667 818//1667
f 818//1668 813//1668 815//1668
f 816//1669 819//1669 814//1669
f 814//1670 819//1670 820//1670
f 821//1671 822//1671 813//1671
f 813//1672 823//1672 821//1672
f 822//1673 824//1673 813//1673
f 813//1674 825//1674 823//1674
f 824//1675 826//1675 813//1675
f 813//1676 827//1676 825//1676
f 826//1677 828//1677 813//1677
f 813//1678 829//1678 827//1678
f 828//1679 830//1679 813//1679
f 830//1680 831//1680 813//1680
f 832//1681 817//1681 833//1681
f 834//1682 817//1682 832//1682
f 835//1683 817//1683 834//1683
f 836//1684 817//1684 835//1684
f 837//1685 817//1685 836//1685
f 838//1686 817//1686 837//1686
f 839//1687 817//1687 838//1687
f 840//1688 817//1688 839//1688
f 829//1689 817//1689 840//1689
f 813//1690 817//1690 829//1690
f 841//1691 816//1691 842//1691
f 843//1692 816//1692 831//1692
f 844//1693 816//1693 843//1693
f 845//1694 816//1694 844//1694
f 842//1695 816//1695 845//1695
f 831//1696 816//1696 813//1696
f 846//1697 819//1697 841//1697
f 833//1698 819//1698 846//1698
f 817//1699 819//1699 833//1699
f 841//1700 819//1700 816//1700
f 847//1701 848//1701 815//1701
f 849//1702 815//1702 848//1702
f 850//1703 847//1703 815//1703
f 851//1704 815//1704 849//1704
f 852//1705 850//1705 815//1705
f 853//1706 815//1706 851//1706
f 854//1707 852//1707 815//1707
f 855//1708 815//1708 853//1708
f 856//1709 854//1709 815//1709
f 857//1710 856//1710 815//1710
f 818//1711 858//1711 859//1711
f 818//1712 860//1712 858//1712
f 818//1713 861//1713 860//1713
f 818//1714 862//1714 861//1714
f 818//1715 863//1715 862//1715
f 818//1716 864//1716 863//1716
f 818//1717 865//1717 864//1717
f 818//1718 866//1718 865//1718
f 818//1719 855//1719 866//1719
f 818//1720 815//1720 855//1720
f 814//1721 867//1721 868//1721
f 814//1722 869//1722 857//1722
f 814//1723 870//1723 869//1723
f 814//1724 871//1724 870//1724
f 814//1725 868//1725 871//1725
f 814//1726 857//1726 815//1726
f 820//1727 872//1727 867//1727
f 820//1728 859//1728 872//1728
f 820//1729 818//1729 859//1729
f 820//1730 867//1730 814//1730
f 819//1731 818//1731 820//1731
f 819//1732 817//1732 818//1732
f 868//1733 867//1733 842//1733
f 842//1734 867//1734 841//1734
f 841//1735 872//1735 846//1735
f 867//1736 872//1736 841//1736
f 846//1737 859//1737 833//1737
f 872//1738 859//1738 846//1738
f 833//1739 858//1739 832//1739
f 859//1740 858//1740 833//1740
f 832//1741 860//1741 834//1741
f 858//1742 860//1742 832//1742
f 834//1743 861//1743 835//1743
f 860//1744 861//1744 834//1744
f 835//1745 862//1745 836//1745
f 836//1746 862//1746 837//1746
f 861//1747 862//1747 835//1747
f 862//1748 863//1748 837//1748
f 837//1749 864//1749 838//1749
f 863//1750 864//1750 837//1750
f 838//1751 865//1751 839//1751
f 864//1752 865//1752 838//1752
f 839//1753 866//1753 840//1753
f 865//1754 866//1754 839//1754
f 866//1755 855//1755 840//1755
f 840//1756 855//1756 829//1756
f 855//1757 853//1757 829//1757
f 829//1758 853//1758 827//1758
f 853//1759 851//1759 827//1759
f 827//1760 851//1760 825//1760
f 851//1761 849//1761 825//1761
f 825//1762 849//1762 823//1762
f 849//1763 848//1763 823//1763
f 823//1764 848//1764 821//1764
f 848//1765 847//1765 821//1765
f 821//1766 847//1766 822//1766
f 847//1767 850//1767 822//1767
f 822//1768 850//1768 824//1768
f 850//1769 852//1769 824//1769
f 824//1770 852//1770 826//1770
f 852//1771 854//1771 826//1771
f 826//1772 854//1772 828//1772
f 828//1773 854//1773 830//1773
f 854//1774 856//1774 830//1774
f 856//1775 857//1775 830//1775
f 830//1776 857//1776 831//1776
f 857//1777 869//1777 831//1777
f 831//1778 869//1778 843//1778
f 843//1779 870//1779 844//1779
f 869//1780 870//1780 843//1780
f 844//1781 870//1781 845//1781
f 870//1782 871//1782 845//1782
f 845//1783 868//1783 842//1783
f 871//1784 868//1784 845//1784
g LinearPattern
f 873//1785 874//1785 875//1785
f 873//1786 876//1786 874//1786
f 877//1787 873//1787 878//1787
f 878//1788 873//1788 875//1788
f 876//1789 879//1789 874//1789
f 874//1790 879//1790 880//1790
f 881//1791 882//1791 873//1791
f 873//1792 883//1792 881//1792
f 882//1793 884//1793 873//1793
f 873//1794 885//1794 883//1794
f 884//1795 886//1795 873//1795
f 873//1796 887//1796 885//1796
f 886//1797 888//1797 873//1797
f 873//1798 889//1798 887//1798
f 888//1799 890//1799 873//1799
f 891//1800 892//1800 893//1800
f 893//1801 894//1801 895//1801
f 892//1802 894//1802 893//1802
f 889//1803 896//1803 891//1803
f 891//1804 896//1804 892//1804
f 895//1805 897//1805 898//1805
f 894//1806 897//1806 895//1806
f 873//1807 899//1807 889//1807
f 889//1808 899//1808 896//1808
f 898//1809 900//1809 901//1809
f 897//1810 900//1810 898//1810
f 873//1811 902//1811 899//1811
f 900//1812 903//1812 901//1812
f 901//1813 903//1813 904//1813
f 904//1814 905//1814 906//1814
f 903//1815 905//1815 904//1815
f 907//1816 908//1816 909//1816
f 906//1817 908//1817 907//1817
f 905//1818 908//1818 906//1818
f 910//1819 911//1819 912//1819
f 913//1820 911//1820 910//1820
f 910//1821 914//1821 913//1821
f 915//1822 914//1822 910//1822
f 908//1823 916//1823 909//1823
f 912//1824 917//1824 890//1824
f 911//1825 917//1825 912//1825
f 890//1826 917//1826 873//1826
f 918//1827 919//1827 915//1827
f 915//1828 919//1828 914//1828
f 917//1829 920//1829 873//1829
f 921//1830 922//1830 923//1830
f 923//1831 922//1831 918//1831
f 918//1832 922//1832 919//1832
f 920//1833 924//1833 873//1833
f 921//1834 925//1834 922//1834
f 926//1835 927//1835 921//1835
f 921//1836 927//1836 925//1836
f 926//1837 928//1837 927//1837
f 909//1838 928//1838 926//1838
f 929//1839 930//1839 931//1839
f 930//1840 932//1840 931//1840
f 933//1841 934//1841 929//1841
f 929//1842 934//1842 930//1842
f 931//1843 935//1843 936//1843
f 932//1844 935//1844 931//1844
f 937//1845 938//1845 933//1845
f 933//1846 938//1846 934//1846
f 936//1847 939//1847 940//1847
f 935//1848 939//1848 936//1848
f 940//1849 941//1849 942//1849
f 939//1850 941//1850 940//1850
f 942//1851 943//1851 944//1851
f 941//1852 943//1852 942//1852
f 943//1853 945//1853 944//1853
f 944//1854 945//1854 946//1854
f 909//1855 947//1855 928//1855
f 916//1856 947//1856 909//1856
f 947//1857 948//1857 928//1857
f 928//1858 948//1858 949//1858
f 950//1859 951//1859 916//1859
f 916//1860 951//1860 947//1860
f 946//1861 952//1861 953//1861
f 945//1862 952//1862 946//1862
f 948//1863 954//1863 949//1863
f 949//1864 954//1864 955//1864
f 956//1865 957//1865 950//1865
f 958//1866 957//1866 956//1866
f 950//1867 957//1867 951//1867
f 955//1868 959//1868 960//1868
f 954//1869 959//1869 955//1869
f 961//1870 962//1870 958//1870
f 958//1871 962//1871 957//1871
f 959//1872 963//1872 960//1872
f 964//1873 963//1873 965//1873
f 960//1874 963//1874 964//1874
f 961//1875 966//1875 962//1875
f 963//1876 967//1876 965//1876
f 961//1877 968//1877 966//1877
f 969//1878 968//1878 961//1878
f 967//1879 970//1879 965//1879
f 971//1880 970//1880 972//1880
f 965//1881 970//1881 971//1881
f 969//1882 973//1882 968//1882
f 952//1883 973//1883 953//1883
f 953//1884 973//1884 969//1884
f 974//1885 975//1885 976//1885
f 976//1886 975//1886 977//1886
f 976//1887 978//1887 974//1887
f 979//1888 978//1888 976//1888
f 970//1889 980//1889 972//1889
f 977//1890 981//1890 982//1890
f 975//1891 981//1891 977//1891
f 979//1892 983//1892 978//1892
f 984//1893 983//1893 979//1893
f 902//1894 877//1894 937//1894
f 873//1895 877//1895 902//1895
f 937//1896 877//1896 938//1896
f 985//1897 877//1897 986//1897
f 987//1898 877//1898 985//1898
f 988//1899 877//1899 987//1899
f 989//1900 877//1900 988//1900
f 990//1901 877//1901 989//1901
f 991//1902 877//1902 990//1902
f 992//1903 877//1903 991//1903
f 993//1904 877//1904 992//1904
f 938//1905 877//1905 993//1905
f 981//1906 994//1906 982//1906
f 982//1907 994//1907 924//1907
f 924//1908 994//1908 873//1908
f 984//1909 995//1909 983//1909
f 996//1910 995//1910 984//1910
f 994//1911 997//1911 873//1911
f 998//1912 999//1912 996//1912
f 996//1913 999//1913 995//1913
f 1000//1914 1001//1914 998//1914
f 998//1915 1001//1915 999//1915
f 972//1916 1002//1916 1000//1916
f 1000//1917 1002//1917 1001//1917
f 952//1918 1003//1918 973//1918
f 1004//1919 1005//1919 1006//1919
f 973//1920 1005//1920 1004//1920
f 1003//1921 1005//1921 973//1921
f 1007//1922 1008//1922 952//1922
f 952//1923 1008//1923 1003//1923
f 1005//1924 1009//1924 1006//1924
f 1010//1925 1011//1925 1007//1925
f 1007//1926 1011//1926 1008//1926
f 1009//1927 1012//1927 1006//1927
f 1006//1928 1012//1928 1013//1928
f 1010//1929 1014//1929 1011//1929
f 1015//1930 1014//1930 1010//1930
f 1012//1931 1016//1931 1013//1931
f 1017//1932 1016//1932 1018//1932
f 1013//1933 1016//1933 1017//1933
f 1015//1934 1019//1934 1014//1934
f 1020//1935 1019//1935 1015//1935
f 1016//1936 1021//1936 1018//1936
f 1020//1937 1022//1937 1019//1937
f 1023//1938 1022//1938 1020//1938
f 1018//1939 1024//1939 1025//1939
f 1021//1940 1024//1940 1018//1940
f 1023//1941 1026//1941 1022//1941
f 1027//1942 1026//1942 1023//1942
f 1028//1943 1026//1943 1027//1943
f 980//1944 1029//1944 972//1944
f 972//1945 1029//1945 1002//1945
f 1029//1946 1030//1946 1002//1946
f 1031//1947 1030//1947 1032//1947
f 1002//1948 1030//1948 1031//1948
f 980//1949 1033//1949 1029//1949
f 1034//1950 1033//1950 980//1950
f 1024//1951 1035//1951 1025//1951
f 1025//1952 1035//1952 1036//1952
f 1030//1953 1037//1953 1032//1953
f 1032//1954 1037//1954 1038//1954
f 1034//1955 1039//1955 1033//1955
f 1040//1956 1039//1956 1034//1956
f 1028//1957 1041//1957 1026//1957
f 1037//1958 1042//1958 1038//1958
f 1040//1959 1043//1959 1039//1959
f 1044//1960 1043//1960 1040//1960
f 1045//1961 1046//1961 1047//1961
f 1038//1962 1046//1962 1045//1962
f 1042//1963 1046//1963 1038//1963
f 877//1964 1048//1964 986//1964
f 1028//1965 1048//1965 1041//1965
f 986//1966 1048//1966 1028//1966
f 1044//1967 1049//1967 1043//1967
f 1050//1968 1049//1968 1044//1968
f 1051//1969 1049//1969 1050//1969
f 1046//1970 1052//1970 1047//1970
f 877//1971 1053//1971 1048//1971
f 1051//1972 1054//1972 1049//1972
f 877//1973 1055//1973 1053//1973
f 1047//1974 1056//1974 1057//1974
f 1052//1975 1056//1975 1047//1975
f 1035//1976 1058//1976 1036//1976
f 1036//1977 1058//1977 1051//1977
f 1051//1978 1058//1978 1054//1978
f 1059//1979 1060//1979 1061//1979
f 1062//1980 1060//1980 1063//1980
f 1061//1981 1060//1981 1062//1981
f 1061//1982 1064//1982 1059//1982
f 1065//1983 1064//1983 1061//1983
f 1066//1984 1064//1984 1065//1984
f 1056//1985 1067//1985 1057//1985
f 1057//1986 1067//1986 1068//1986
f 1060//1987 1069//1987 1063//1987
f 1070//1988 1071//1988 1066//1988
f 1066//1989 1071//1989 1064//1989
f 1063//1990 1072//1990 997//1990
f 1069//1991 1072//1991 1063//1991
f 1070//1992 1073//1992 1071//1992
f 1074//1993 1073//1993 1070//1993
f 1075//1994 1076//1994 1074//1994
f 1074//1995 1076//1995 1073//1995
f 1075//1996 1077//1996 1076//1996
f 1068//1997 1078//1997 1075//1997
f 1075//1998 1078//1998 1077//1998
f 1035//1999 1079//1999 1058//1999
f 1080//2000 1081//2000 1082//2000
f 1058//2001 1081//2001 1080//2001
f 1079//2002 1081//2002 1058//2002
f 1035//2003 1083//2003 1079//2003
f 1084//2004 1083//2004 1035//2004
f 1085//2005 1083//2005 1084//2005
f 1081//2006 1086//2006 1082//2006
f 1082//2007 1086//2007 1087//2007
f 1085//2008 1088//2008 1083//2008
f 1086//2009 1089//2009 1087//2009
f 1090//2010 1091//2010 1085//2010
f 1085//2011 1091//2011 1088//2011
f 1092//2012 1093//2012 1094//2012
f 1087//2013 1093//2013 1092//2013
f 1089//2014 1093//2014 1087//2014
f 1095//2015 1096//2015 1090//2015
f 1090//2016 1096//2016 1091//2016
f 1093//2017 1097//2017 1094//2017
f 1098//2018 1099//2018 1095//2018
f 1095//2019 1099//2019 1096//2019
f 1100//2020 1101//2020 1102//2020
f 1094//2021 1101//2021 1100//2021
f 1097//2022 1101//2022 1094//2022
f 1103//2023 1104//2023 1098//2023
f 1098//2024 1104//2024 1099//2024
f 1068//2025 1105//2025 1078//2025
f 1067//2026 1105//2026 1068//2026
f 1105//2027 1106//2027 1078//2027
f 1107//2028 1106//2028 1108//2028
f 1078//2029 1106//2029 1107//2029
f 1067//2030 1109//2030 1105//2030
f 1110//2031 1109//2031 1067//2031
f 1111//2032 1109//2032 1110//2032
f 1101//2033 1112//2033 1102//2033
f 1106//2034 1113//2034 1108//2034
f 1114//2035 1115//2035 1111//2035
f 1111//2036 1115//2036 1109//2036
f 1116//2037 1117//2037 1103//2037
f 1103//2038 1117//2038 1104//2038
f 1108//2039 1118//2039 1119//2039
f 1113//2040 1118//2040 1108//2040
f 1120//2041 1121//2041 1114//2041
f 1114//2042 1121//2042 1115//2042
f 1118//2043 1122//2043 1119//2043
f 1123//2044 1122//2044 1124//2044
f 1119//2045 1122//2045 1123//2045
f 1125//2046 1126//2046 1116//2046
f 1116//2047 1126//2047 1117//2047
f 1120//2048 1127//2048 1121//2048
f 1122//2049 1128//2049 1124//2049
f 1125//2050 1129//2050 1126//2050
f 1055//2051 1129//2051 1125//2051
f 1130//2052 1131//2052 1120//2052
f 1102//2053 1131//2053 1130//2053
f 1120//2054 1131//2054 1127//2054
f 1128//2055 1132//2055 1124//2055
f 1124//2056 1132//2056 1133//2056
f 1102//2057 1134//2057 1131//2057
f 1135//2058 1136//2058 1137//2058
f 1138//2059 1136//2059 1135//2059
f 1139//2060 1140//2060 1135//2060
f 1141//2061 1140//2061 1139//2061
f 1135//2062 1140//2062 1138//2062
f 1132//2063 1142//2063 1133//2063
f 1133//2064 1142//2064 1143//2064
f 1137//2065 1144//2065 1145//2065
f 1136//2066 1144//2066 1137//2066
f 1141//2067 1146//2067 1140//2067
f 1147//2068 876//2068 1072//2068
f 1145//2069 876//2069 1147//2069
f 1144//2070 876//2070 1145//2070
f 997//2071 876//2071 873//2071
f 1072//2072 876//2072 997//2072
f 1144//2073 1148//2073 876//2073
f 1149//2074 1150//2074 1141//2074
f 1141//2075 1150//2075 1146//2075
f 1148//2076 1151//2076 876//2076
f 1149//2077 1152//2077 1150//2077
f 1153//2078 1152//2078 1149//2078
f 1151//2079 1154//2079 876//2079
f 1153//2080 1155//2080 1152//2080
f 1156//2081 1155//2081 1153//2081
f 1143//2082 1155//2082 1156//2082
f 1154//2083 1157//2083 876//2083
f 1143//2084 1158//2084 1155//2084
f 1157//2085 1159//2085 876//2085
f 1159//2086 1160//2086 876//2086
f 1160//2087 1161//2087 876//2087
f 1161//2088 1162//2088 876//2088
f 1162//2089 1163//2089 876//2089
f 1102//2090 1164//2090 1134//2090
f 1134//2091 1164//2091 1165//2091
f 1112//2092 1164//2092 1102//2092
f 1164//2093 1166//2093 1165//2093
f 1167//2094 1168//2094 1112//2094
f 1169//2095 1168//2095 1167//2095
f 1112//2096 1168//2096 1164//2096
f 1166//2097 1170//2097 1165//2097
f 1171//2098 1170//2098 1172//2098
f 1165//2099 1170//2099 1171//2099
f 1169//2100 1173//2100 1168//2100
f 1170//2101 1174//2101 1172//2101
f 1172//2102 1174//2102 1175//2102
f 1169//2103 1176//2103 1173//2103
f 1177//2104 1176//2104 1169//2104
f 1174//2105 1178//2105 1175//2105
f 1179//2106 1180//2106 1177//2106
f 1177//2107 1180//2107 1176//2107
f 1178//2108 1181//2108 1175//2108
f 1175//2109 1181//2109 1182//2109
f 1183//2110 1184//2110 1179//2110
f 1179//2111 1184//2111 1180//2111
f 1181//2112 1185//2112 1182//2112
f 1186//2113 1185//2113 1187//2113
f 1182//2114 1185//2114 1186//2114
f 1183//2115 1188//2115 1184//2115
f 1189//2116 1188//2116 1183//2116
f 1190//2117 1188//2117 1189//2117
f 1142//2118 1191//2118 1143//2118
f 1143//2119 1191//2119 1158//2119
f 1191//2120 1192//2120 1158//2120
f 1158//2121 1192//2121 1193//2121
f 1194//2122 1195//2122 1142//2122
f 1142//2123 1195//2123 1191//2123
f 1185//2124 1196//2124 1187//2124
f 1192//2125 1197//2125 1193//2125
f 1198//2126 1197//2126 1199//2126
f 1193//2127 1197//2127 1198//2127
f 1194//2128 1200//2128 1195//2128
f 1201//2129 1200//2129 1194//2129
f 1190//2130 1202//2130 1188//2130
f 1199//2131 1203//2131 1204//2131
f 1197//2132 1203//2132 1199//2132
f 1201//2133 1205//2133 1200//2133
f 1206//2134 1205//2134 1207//2134
f 1207//2135 1205//2135 1201//2135
f 1204//2136 1208//2136 1209//2136
f 1203//2137 1208//2137 1204//2137
f 1210//2138 1211//2138 1190//2138
f 1212//2139 1211//2139 1210//2139
f 1190//2140 1211//2140 1202//2140
f 1206//2141 1213//2141 1205//2141
f 1209//2142 1214//2142 1215//2142
f 1208//2143 1214//2143 1209//2143
f 1212//2144 1216//2144 1211//2144
f 1217//2145 1218//2145 1206//2145
f 1206//2146 1218//2146 1213//2146
f 1214//2147 1219//2147 1215//2147
f 1196//2148 1220//2148 1187//2148
f 1217//2149 1220//2149 1218//2149
f 1187//2150 1220//2150 1217//2150
f 1215//2151 1221//2151 1222//2151
f 1219//2152 1221//2152 1215//2152
f 1222//2153 1223//2153 1224//2153
f 1221//2154 1223//2154 1222//2154
f 1224//2155 1225//2155 1163//2155
f 1163//2156 1225//2156 876//2156
f 1223//2157 1225//2157 1224//2157
f 1225//2158 1226//2158 876//2158
f 1227//2159 1228//2159 1196//2159
f 1196//2160 1228//2160 1220//2160
f 1228//2161 1229//2161 1220//2161
f 1220//2162 1229//2162 1230//2162
f 1227//2163 1231//2163 1228//2163
f 1232//2164 1231//2164 1227//2164
f 1229//2165 1233//2165 1230//2165
f 1234//2166 1233//2166 1235//2166
f 1230//2167 1233//2167 1234//2167
f 1232//2168 1236//2168 1231//2168
f 1233//2169 1237//2169 1235//2169
f 1235//2170 1237//2170 1238//2170
f 1239//2171 1240//2171 1241//2171
f 1241//2172 1240//2172 1232//2172
f 1232//2173 1240//2173 1236//2173
f 1237//2174 1242//2174 1238//2174
f 1238//2175 1242//2175 1243//2175
f 1239//2176 1244//2176 1240//2176
f 1242//2177 1245//2177 1243//2177
f 1243//2178 1245//2178 1246//2178
f 1239//2179 1247//2179 1244//2179
f 1248//2180 1247//2180 1239//2180
f 1245//2181 1249//2181 1246//2181
f 1250//2182 1251//2182 1248//2182
f 1248//2183 1251//2183 1247//2183
f 1249//2184 1252//2184 1246//2184
f 1246//2185 1252//2185 1253//2185
f 1250//2186 1254//2186 1251//2186
f 1255//2187 1254//2187 1250//2187
f 1256//2188 1254//2188 1255//2188
f 1252//2189 1257//2189 1253//2189
f 1258//2190 1257//2190 1259//2190
f 1253//2191 1257//2191 1258//2191
f 1256//2192 1260//2192 1254//2192
f 1257//2193 1261//2193 1259//2193
f 1226//2194 879//2194 876//2194
f 1262//2195 879//2195 1256//2195
f 1216//2196 879//2196 1262//2196
f 1256//2197 879//2197 1260//2197
f 1261//2198 879//2198 1259//2198
f 1263//2199 879//2199 1264//2199
f 1265//2200 879//2200 1263//2200
f 1266//2201 879//2201 1265//2201
f 1267//2202 879//2202 1266//2202
f 1268//2203 879//2203 1267//2203
f 1269//2204 879//2204 1268//2204
f 1270//2205 879//2205 1269//2205
f 1260//2206 879//2206 1270//2206
f 1259//2207 879//2207 1226//2207
f 1264//2208 879//2208 1261//2208
f 877//2209 879//2209 1055//2209
f 1055//2210 879//2210 1129//2210
f 1129//2211 879//2211 1212//2211
f 1212//2212 879//2212 1216//2212
f 1271//2213 1272//2213 875//2213
f 1273//2214 875//2214 1272//2214
f 1274//2215 1271//2215 875//2215
f 1275//2216 875//2216 1273//2216
f 1276//2217 1274//2217 875//2217
f 1277//2218 875//2218 1275//2218
f 1278//2219 1276//2219 875//2219
f 1279//2220 875//2220 1277//2220
f 1280//2221 1278//2221 875//2221
f 1281//2222 1282//2222 1283//2222
f 1284//2223 1283//2223 1285//2223
f 1284//2224 1281//2224 1283//2224
f 1286//2225 1279//2225 1282//2225
f 1286//2226 1282//2226 1281//2226
f 1287//2227 1285//2227 1288//2227
f 1287//2228 1284//2228 1285//2228
f 1289//2229 875//2229 1279//2229
f 1289//2230 1279//2230 1286//2230
f 1290//2231 1288//2231 1291//2231
f 1290//2232 1287//2232 1288//2232
f 1292//2233 875//2233 1289//2233
f 1293//2234 1290//2234 1291//2234
f 1293//2235 1291//2235 1294//2235
f 1295//2236 1294//2236 1296//2236
f 1295//2237 1293//2237 1294//2237
f 1297//2238 1298//2238 1299//2238
f 1297//2239 1296//2239 1298//2239
f 1297//2240 1295//2240 1296//2240
f 1300//2241 1301//2241 1302//2241
f 1303//2242 1300//2242 1302//2242
f 1303//2243 1302//2243 1304//2243
f 1305//2244 1301//2244 1300//2244
f 1306//2245 1297//2245 1299//2245
f 1307//2246 1304//2246 1280//2246
f 1307//2247 1303//2247 1304//2247
f 1307//2248 1280//2248 875//2248
f 1308//2249 1309//2249 1301//2249
f 1308//2250 1301//2250 1305//2250
f 1310//2251 1307//2251 875//2251
f 1311//2252 1309//2252 1308//2252
f 1311//2253 1312//2253 1309//2253
f 1313//2254 1310//2254 875//2254
f 1314//2255 1315//2255 1312//2255
f 1314//2256 1312//2256 1311//2256
f 1316//2257 1317//2257 1315//2257
f 1316//2258 1315//2258 1314//2258
f 1318//2259 1299//2259 1317//2259
f 1318//2260 1317//2260 1316//2260
f 1319//2261 1320//2261 1321//2261
f 1322//2262 1319//2262 1321//2262
f 1323//2263 1320//2263 1319//2263
f 1323//2264 1324//2264 1320//2264
f 1325//2265 1322//2265 1321//2265
f 1325//2266 1321//2266 1326//2266
f 1327//2267 1324//2267 1323//2267
f 1327//2268 1328//2268 1324//2268
f 1329//2269 1325//2269 1326//2269
f 1329//2270 1326//2270 1330//2270
f 1331//2271 1330//2271 1332//2271
f 1331//2272 1329//2272 1330//2272
f 1333//2273 1331//2273 1332//2273
f 1333//2274 1332//2274 1334//2274
f 1335//2275 1336//2275 1337//2275
f 1335//2276 1334//2276 1336//2276
f 1335//2277 1333//2277 1334//2277
f 1338//2278 1318//2278 1339//2278
f 1338//2279 1306//2279 1299//2279
f 1338//2280 1299//2280 1318//2280
f 1340//2281 1338//2281 1339//2281
f 1341//2282 1306//2282 1338//2282
f 1341//2283 1342//2283 1306//2283
f 1343//2284 1335//2284 1337//2284
f 1344//2285 1340//2285 1339//2285
f 1344//2286 1339//2286 1345//2286
f 1346//2287 1342//2287 1341//2287
f 1346//2288 1347//2288 1342//2288
f 1346//2289 1348//2289 1347//2289
f 1349//2290 1345//2290 1350//2290
f 1349//2291 1344//2291 1345//2291
f 1351//2292 1352//2292 1348//2292
f 1351//2293 1348//2293 1346//2293
f 1353//2294 1350//2294 1354//2294
f 1353//2295 1349//2295 1350//2295
f 1355//2296 1352//2296 1351//2296
f 1356//2297 1354//2297 1357//2297
f 1356//2298 1353//2298 1354//2298
f 1358//2299 1352//2299 1355//2299
f 1358//2300 1359//2300 1352//2300
f 1360//2301 1357//2301 1361//2301
f 1360//2302 1356//2302 1357//2302
f 1362//2303 1359//2303 1358//2303
f 1362//2304 1337//2304 1359//2304
f 1363//2305 1364//2305 1365//2305
f 1366//2306 1363//2306 1365//2306
f 1367//2307 1364//2307 1363//2307
f 1367//2308 1368//2308 1364//2308
f 1367//2309 1369//2309 1368//2309
f 1370//2310 1361//2310 1371//2310
f 1370//2311 1360//2311 1361//2311
f 1372//2312 1366//2312 1365//2312
f 1372//2313 1365//2313 1373//2313
f 1374//2314 1369//2314 1367//2314
f 878//2315 875//2315 1292//2315
f 878//2316 1328//2316 1327//2316
f 878//2317 1375//2317 1376//2317
f 878//2318 1292//2318 1328//2318
f 878//2319 1377//2319 1375//2319
f 878//2320 1378//2320 1377//2320
f 878//2321 1379//2321 1378//2321
f 878//2322 1380//2322 1379//2322
f 878//2323 1381//2323 1380//2323
f 878//2324 1382//2324 1381//2324
f 878//2325 1383//2325 1382//2325
f 878//2326 1327//2326 1383//2326
f 1384//2327 1372//2327 1373//2327
f 1384//2328 1373//2328 1313//2328
f 1384//2329 1313//2329 875//2329
f 1385//2330 1369//2330 1374//2330
f 1385//2331 1386//2331 1369//2331
f 1387//2332 1384//2332 875//2332
f 1388//2333 1386//2333 1385//2333
f 1388//2334 1389//2334 1386//2334
f 1390//2335 1391//2335 1389//2335
f 1390//2336 1389//2336 1388//2336
f 1392//2337 1391//2337 1390//2337
f 1392//2338 1371//2338 1391//2338
f 1393//2339 1337//2339 1362//2339
f 1393//2340 1343//2340 1337//2340
f 1394//2341 1393//2341 1362//2341
f 1394//2342 1395//2342 1396//2342
f 1394//2343 1362//2343 1395//2343
f 1397//2344 1343//2344 1393//2344
f 1397//2345 1398//2345 1343//2345
f 1399//2346 1394//2346 1396//2346
f 1400//2347 1398//2347 1397//2347
f 1400//2348 1401//2348 1398//2348
f 1402//2349 1399//2349 1396//2349
f 1402//2350 1396//2350 1403//2350
f 1404//2351 1401//2351 1400//2351
f 1404//2352 1405//2352 1401//2352
f 1406//2353 1402//2353 1403//2353
f 1406//2354 1407//2354 1408//2354
f 1406//2355 1403//2355 1407//2355
f 1409//2356 1405//2356 1404//2356
f 1409//2357 1410//2357 1405//2357
f 1411//2358 1406//2358 1408//2358
f 1412//2359 1410//2359 1409//2359
f 1412//2360 1413//2360 1410//2360
f 1414//2361 1411//2361 1408//2361
f 1414//2362 1415//2362 1416//2362
f 1414//2363 1408//2363 1415//2363
f 1417//2364 1418//2364 1413//2364
f 1417//2365 1413//2365 1412//2365
f 1419//2366 1371//2366 1392//2366
f 1419//2367 1370//2367 1371//2367
f 1420//2368 1392//2368 1421//2368
f 1420//2369 1419//2369 1392//2369
f 1422//2370 1423//2370 1370//2370
f 1422//2371 1424//2371 1423//2371
f 1422//2372 1370//2372 1419//2372
f 1425//2373 1414//2373 1416//2373
f 1426//2374 1421//2374 1427//2374
f 1426//2375 1420//2375 1421//2375
f 1428//2376 1424//2376 1422//2376
f 1429//2377 1418//2377 1417//2377
f 1429//2378 1430//2378 1418//2378
f 1431//2379 1432//2379 1433//2379
f 1431//2380 1427//2380 1432//2380
f 1431//2381 1426//2381 1427//2381
f 1434//2382 1435//2382 1424//2382
f 1434//2383 1424//2383 1428//2383
f 1436//2384 1431//2384 1433//2384
f 1437//2385 878//2385 1376//2385
f 1437//2386 1430//2386 1429//2386
f 1437//2387 1376//2387 1430//2387
f 1438//2388 1435//2388 1434//2388
f 1438//2389 1439//2389 1435//2389
f 1440//2390 1436//2390 1433//2390
f 1440//2391 1433//2391 1441//2391
f 1442//2392 878//2392 1437//2392
f 1443//2393 1439//2393 1438//2393
f 1443//2394 1444//2394 1439//2394
f 1445//2395 878//2395 1442//2395
f 1446//2396 1440//2396 1441//2396
f 1446//2397 1447//2397 1448//2397
f 1446//2398 1441//2398 1447//2398
f 1449//2399 1444//2399 1443//2399
f 1449//2400 1416//2400 1444//2400
f 1450//2401 1451//2401 1452//2401
f 1450//2402 1453//2402 1451//2402
f 1454//2403 1455//2403 1451//2403
f 1454//2404 1456//2404 1455//2404
f 1454//2405 1451//2405 1453//2405
f 1457//2406 1446//2406 1448//2406
f 1458//2407 1452//2407 1459//2407
f 1458//2408 1450//2408 1452//2408
f 1460//2409 1456//2409 1454//2409
f 1461//2410 1459//2410 1387//2410
f 1461//2411 1458//2411 1459//2411
f 1462//2412 1463//2412 1464//2412
f 1462//2413 1464//2413 1456//2413
f 1462//2414 1456//2414 1460//2414
f 1465//2415 1463//2415 1462//2415
f 1466//2416 1467//2416 1463//2416
f 1466//2417 1448//2417 1467//2417
f 1466//2418 1463//2418 1465//2418
f 1468//2419 1457//2419 1448//2419
f 1468//2420 1448//2420 1466//2420
f 1469//2421 1425//2421 1416//2421
f 1469//2422 1416//2422 1449//2422
f 1470//2423 1469//2423 1449//2423
f 1470//2424 1449//2424 1471//2424
f 1472//2425 1473//2425 1425//2425
f 1472//2426 1474//2426 1473//2426
f 1472//2427 1425//2427 1469//2427
f 1475//2428 1470//2428 1471//2428
f 1475//2429 1471//2429 1476//2429
f 1477//2430 1474//2430 1472//2430
f 1478//2431 1475//2431 1476//2431
f 1478//2432 1479//2432 1480//2432
f 1478//2433 1476//2433 1479//2433
f 1481//2434 1482//2434 1474//2434
f 1481//2435 1474//2435 1477//2435
f 1481//2436 1483//2436 1482//2436
f 1484//2437 1478//2437 1480//2437
f 1484//2438 1480//2438 1485//2438
f 1486//2439 1483//2439 1481//2439
f 1487//2440 1484//2440 1485//2440
f 1488//2441 1483//2441 1486//2441
f 1488//2442 1489//2442 1483//2442
f 1490//2443 1487//2443 1485//2443
f 1490//2444 1491//2444 1492//2444
f 1490//2445 1485//2445 1491//2445
f 1493//2446 1489//2446 1488//2446
f 1493//2447 1494//2447 1489//2447
f 1493//2448 1495//2448 1494//2448
f 1496//2449 1457//2449 1468//2449
f 1497//2450 1498//2450 1499//2450
f 1497//2451 1468//2451 1498//2451
f 1497//2452 1496//2452 1468//2452
f 1500//2453 1501//2453 1457//2453
f 1500//2454 1502//2454 1501//2454
f 1500//2455 1457//2455 1496//2455
f 1503//2456 1490//2456 1492//2456
f 1504//2457 1497//2457 1499//2457
f 1505//2458 1502//2458 1500//2458
f 1506//2459 1495//2459 1493//2459
f 1507//2460 1499//2460 1508//2460
f 1507//2461 1504//2461 1499//2461
f 1509//2462 1510//2462 1502//2462
f 1509//2463 1502//2463 1505//2463
f 1509//2464 1511//2464 1510//2464
f 1512//2465 1508//2465 1513//2465
f 1512//2466 1507//2466 1508//2466
f 1514//2467 1495//2467 1506//2467
f 1514//2468 1515//2468 1495//2468
f 1514//2469 1445//2469 1515//2469
f 1516//2470 1511//2470 1509//2470
f 1517//2471 1513//2471 1518//2471
f 1517//2472 1512//2472 1513//2472
f 1519//2473 1445//2473 1514//2473
f 1520//2474 1511//2474 1516//2474
f 1520//2475 1521//2475 1511//2475
f 1520//2476 1492//2476 1521//2476
f 1522//2477 1518//2477 1523//2477
f 1522//2478 1517//2478 1518//2478
f 1524//2479 1492//2479 1520//2479
f 1525//2480 1526//2480 1527//2480
f 1525//2481 1527//2481 1528//2481
f 1529//2482 1527//2482 1526//2482
f 1529//2483 1530//2483 1527//2483
f 1529//2484 1531//2484 1530//2484
f 1532//2485 1522//2485 1523//2485
f 1532//2486 1523//2486 1533//2486
f 1534//2487 1525//2487 1528//2487
f 1534//2488 1528//2488 1535//2488
f 1536//2489 1531//2489 1529//2489
f 874//2490 1534//2490 1535//2490
f 874//2491 1387//2491 875//2491
f 874//2492 1537//2492 1461//2492
f 874//2493 1535//2493 1537//2493
f 874//2494 1461//2494 1387//2494
f 1538//2495 1534//2495 874//2495
f 1539//2496 1531//2496 1536//2496
f 1539//2497 1540//2497 1531//2497
f 1541//2498 1538//2498 874//2498
f 1542//2499 1543//2499 1540//2499
f 1542//2500 1540//2500 1539//2500
f 1544//2501 1541//2501 874//2501
f 1545//2502 1546//2502 1543//2502
f 1545//2503 1543//2503 1542//2503
f 1547//2504 1544//2504 874//2504
f 1548//2505 1533//2505 1546//2505
f 1548//2506 1546//2506 1545//2506
f 1549//2507 1547//2507 874//2507
f 1550//2508 1549//2508 874//2508
f 1551//2509 1550//2509 874//2509
f 1552//2510 1551//2510 874//2510
f 1553//2511 1552//2511 874//2511
f 1554//2512 1524//2512 1555//2512
f 1554//2513 1492//2513 1524//2513
f 1554//2514 1503//2514 1492//2514
f 1556//2515 1554//2515 1555//2515
f 1557//2516 1503//2516 1554//2516
f 1557//2517 1558//2517 1503//2517
f 1559//2518 1560//2518 1561//2518
f 1559//2519 1555//2519 1560//2519
f 1559//2520 1556//2520 1555//2520
f 1562//2521 1563//2521 1558//2521
f 1562//2522 1558//2522 1557//2522
f 1564//2523 1559//2523 1561//2523
f 1564//2524 1561//2524 1565//2524
f 1566//2525 1567//2525 1568//2525
f 1566//2526 1563//2526 1562//2526
f 1566//2527 1568//2527 1563//2527
f 1569//2528 1564//2528 1565//2528
f 1570//2529 1567//2529 1566//2529
f 1571//2530 1569//2530 1565//2530
f 1571//2531 1565//2531 1572//2531
f 1573//2532 1574//2532 1567//2532
f 1573//2533 1575//2533 1574//2533
f 1573//2534 1567//2534 1570//2534
f 1576//2535 1577//2535 1578//2535
f 1576//2536 1572//2536 1577//2536
f 1576//2537 1571//2537 1572//2537
f 1579//2538 1580//2538 1575//2538
f 1579//2539 1575//2539 1573//2539
f 1581//2540 1532//2540 1533//2540
f 1581//2541 1533//2541 1548//2541
f 1582//2542 1581//2542 1548//2542
f 1582//2543 1548//2543 1583//2543
f 1584//2544 1532//2544 1581//2544
f 1584//2545 1585//2545 1532//2545
f 1586//2546 1576//2546 1578//2546
f 1587//2547 1582//2547 1583//2547
f 1587//2548 1588//2548 1589//2548
f 1587//2549 1583//2549 1588//2549
f 1590//2550 1585//2550 1584//2550
f 1590//2551 1591//2551 1585//2551
f 1592//2552 1580//2552 1579//2552
f 1593//2553 1587//2553 1589//2553
f 1593//2554 1589//2554 1594//2554
f 1595//2555 1591//2555 1590//2555
f 1595//2556 1596//2556 1591//2556
f 1597//2557 1593//2557 1594//2557
f 1597//2558 1594//2558 1598//2558
f 1599//2559 1600//2559 1580//2559
f 1599//2560 1601//2560 1600//2560
f 1599//2561 1580//2561 1592//2561
f 1602//2562 1603//2562 1596//2562
f 1602//2563 1596//2563 1595//2563
f 1604//2564 1598//2564 1605//2564
f 1604//2565 1597//2565 1598//2565
f 1606//2566 1601//2566 1599//2566
f 1607//2567 1608//2567 1603//2567
f 1607//2568 1603//2568 1602//2568
f 1609//2569 1604//2569 1605//2569
f 1610//2570 1578//2570 1608//2570
f 1610//2571 1608//2571 1607//2571
f 1611//2572 1609//2572 1605//2572
f 1611//2573 1605//2573 1612//2573
f 1613//2574 1614//2574 1553//2574
f 1613//2575 1612//2575 1614//2575
f 1613//2576 1611//2576 1612//2576
f 1615//2577 1553//2577 874//2577
f 1615//2578 1613//2578 1553//2578
f 1616//2579 1615//2579 874//2579
f 1617//2580 1586//2580 1578//2580
f 1617//2581 1618//2581 1586//2581
f 1617//2582 1578//2582 1610//2582
f 1619//2583 1610//2583 1620//2583
f 1619//2584 1617//2584 1610//2584
f 1621//2585 1618//2585 1617//2585
f 1621//2586 1622//2586 1618//2586
f 1623//2587 1619//2587 1620//2587
f 1623//2588 1624//2588 1625//2588
f 1623//2589 1620//2589 1624//2589
f 1626//2590 1622//2590 1621//2590
f 1627//2591 1625//2591 1628//2591
f 1627//2592 1623//2592 1625//2592
f 1629//2593 1630//2593 1622//2593
f 1629//2594 1622//2594 1626//2594
f 1631//2595 1627//2595 1628//2595
f 1631//2596 1628//2596 1632//2596
f 1633//2597 1630//2597 1629//2597
f 1633//2598 1634//2598 1630//2598
f 1635//2599 1631//2599 1632//2599
f 1635//2600 1632//2600 1636//2600
f 1637//2601 1634//2601 1633//2601
f 1637//2602 1638//2602 1634//2602
f 1639//2603 1635//2603 1636//2603
f 1640//2604 1638//2604 1637//2604
f 1640//2605 1641//2605 1638//2605
f 1642//2606 1639//2606 1636//2606
f 1642//2607 1636//2607 1643//2607
f 1644//2608 1645//2608 1641//2608
f 1644//2609 1641//2609 1640//2609
f 1644//2610 1646//2610 1645//2610
f 1647//2611 1642//2611 1643//2611
f 1647//2612 1648//2612 1649//2612
f 1647//2613 1643//2613 1648//2613
f 1650//2614 1646//2614 1644//2614
f 1651//2615 1647//2615 1649//2615
f 880//2616 1616//2616 874//2616
f 880//2617 1646//2617 1650//2617
f 880//2618 1649//2618 1616//2618
f 880//2619 1652//2619 1646//2619
f 880//2620 1606//2620 1652//2620
f 880//2621 1651//2621 1649//2621
f 880//2622 1653//2622 1654//2622
f 880//2623 1655//2623 1653//2623
f 880//2624 1656//2624 1655//2624
f 880//2625 1657//2625 1656//2625
f 880//2626 1658//2626 1657//2626
f 880//2627 1659//2627 1658//2627
f 880//2628 1660//2628 1659//2628
f 880//2629 1650//2629 1660//2629
f 880//2630 1654//2630 1651//2630
f 880//2631 878//2631 1445//2631
f 880//2632 1445//2632 1519//2632
f 880//2633 1519//2633 1601//2633
f 880//2634 1601//2634 1606//2634
f 879//2635 878//2635 880//2635
f 879//2636 877//2636 878//2636
f 1312//2637 1315//2637 923//2637
f 923//2638 1315//2638 921//2638
f 921//2639 1317//2639 926//2639
f 1315//2640 1317//2640 921//2640
f 926//2641 1299//2641 909//2641
f 1317//2642 1299//2642 926//2642
f 909//2643 1298//2643 907//2643
f 1299//2644 1298//2644 909//2644
f 907//2645 1296//2645 906//2645
f 1298//2646 1296//2646 907//2646
f 906//2647 1294//2647 904//2647
f 1296//2648 1294//2648 906//2648
f 904//2649 1291//2649 901//2649
f 901//2650 1291//2650 898//2650
f 1294//2651 1291//2651 904//2651
f 1291//2652 1288//2652 898//2652
f 898//2653 1285//2653 895//2653
f 1288//2654 1285//2654 898//2654
f 895//2655 1283//2655 893//2655
f 1285//2656 1283//2656 895//2656
f 893//2657 1282//2657 891//2657
f 1283//2658 1282//2658 893//2658
f 1282//2659 1279//2659 891//2659
f 891//2660 1279//2660 889//2660
f 1279//2661 1277//2661 889//2661
f 889//2662 1277//2662 887//2662
f 1277//2663 1275//2663 887//2663
f 887//2664 1275//2664 885//2664
f 1275//2665 1273//2665 885//2665
f 885//2666 1273//2666 883//2666
f 1273//2667 1272//2667 883//2667
f 883//2668 1272//2668 881//2668
f 1272//2669 1271//2669 881//2669
f 881//2670 1271//2670 882//2670
f 1271//2671 1274//2671 882//2671
f 882//2672 1274//2672 884//2672
f 1274//2673 1276//2673 884//2673
f 884//2674 1276//2674 886//2674
f 1276//2675 1278//2675 886//2675
f 886//2676 1278//2676 888//2676
f 888//2677 1278//2677 890//2677
f 1278//2678 1280//2678 890//2678
f 1280//2679 1304//2679 890//2679
f 890//2680 1304//2680 912//2680
f 1304//2681 1302//2681 912//2681
f 912//2682 1302//2682 910//2682
f 910//2683 1301//2683 915//2683
f 1302//2684 1301//2684 910//2684
f 915//2685 1301//2685 918//2685
f 1301//2686 1309//2686 918//2686
f 918//2687 1312//2687 923//2687
f 1309//2688 1312//2688 918//2688
f 1386//2689 1389//2689 996//2689
f 996//2690 1389//2690 998//2690
f 998//2691 1391//2691 1000//2691
f 1389//2692 1391//2692 998//2692
f 1000//2693 1371//2693 972//2693
f 1391//2694 1371//2694 1000//2694
f 972//2695 1361//2695 971//2695
f 1371//2696 1361//2696 972//2696
f 971//2697 1357//2697 965//2697
f 1361//2698 1357//2698 971//2698
f 965//2699 1354//2699 964//2699
f 1357//2700 1354//2700 965//2700
f 964//2701 1350//2701 960//2701
f 960//2702 1350//2702 955//2702
f 1354//2703 1350//2703 964//2703
f 1350//2704 1345//2704 955//2704
f 955//2705 1339//2705 949//2705
f 1345//2706 1339//2706 955//2706
f 949//2707 1318//2707 928//2707
f 1339//2708 1318//2708 949//2708
f 928//2709 1316//2709 927//2709
f 1318//2710 1316//2710 928//2710
f 1316//2711 1314//2711 927//2711
f 927//2712 1314//2712 925//2712
f 1314//2713 1311//2713 925//2713
f 925//2714 1311//2714 922//2714
f 1311//2715 1308//2715 922//2715
f 922//2716 1308//2716 919//2716
f 1308//2717 1305//2717 919//2717
f 919//2718 1305//2718 914//2718
f 1305//2719 1300//2719 914//2719
f 914//2720 1300//2720 913//2720
f 1300//2721 1303//2721 913//2721
f 913//2722 1303//2722 911//2722
f 1303//2723 1307//2723 911//2723
f 911//2724 1307//2724 917//2724
f 1307//2725 1310//2725 917//2725
f 917//2726 1310//2726 920//2726
f 1310//2727 1313//2727 920//2727
f 920//2728 1313//2728 924//2728
f 924//2729 1313//2729 982//2729
f 1313//2730 1373//2730 982//2730
f 1373//2731 1365//2731 982//2731
f 982//2732 1365//2732 977//2732
f 1365//2733 1364//2733 977//2733
f 977//2734 1364//2734 976//2734
f 976//2735 1368//2735 979//2735
f 1364//2736 1368//2736 976//2736
f 979//2737 1368//2737 984//2737
f 1368//2738 1369//2738 984//2738
f 984//2739 1386//2739 996//2739
f 1369//2740 1386//2740 984//2740
f 1464//2741 1463//2741 1070//2741
f 1070//2742 1463//2742 1074//2742
f 1074//2743 1467//2743 1075//2743
f 1463//2744 1467//2744 1074//2744
f 1075//2745 1448//2745 1068//2745
f 1467//2746 1448//2746 1075//2746
f 1068//2747 1447//2747 1057//2747
f 1448//2748 1447//2748 1068//2748
f 1057//2749 1441//2749 1047//2749
f 1447//2750 1441//2750 1057//2750
f 1047//2751 1433//2751 1045//2751
f 1441//2752 1433//2752 1047//2752
f 1045//2753 1432//2753 1038//2753
f 1038//2754 1432//2754 1032//2754
f 1433//2755 1432//2755 1045//2755
f 1432//2756 1427//2756 1032//2756
f 1032//2757 1421//2757 1031//2757
f 1427//2758 1421//2758 1032//2758
f 1031//2759 1392//2759 1002//2759
f 1421//2760 1392//2760 1031//2760
f 1002//2761 1390//2761 1001//2761
f 1392//2762 1390//2762 1002//2762
f 1390//2763 1388//2763 1001//2763
f 1001//2764 1388//2764 999//2764
f 1388//2765 1385//2765 999//2765
f 999//2766 1385//2766 995//2766
f 1385//2767 1374//2767 995//2767
f 995//2768 1374//2768 983//2768
f 1374//2769 1367//2769 983//2769
f 983//2770 1367//2770 978//2770
f 1367//2771 1363//2771 978//2771
f 978//2772 1363//2772 974//2772
f 1363//2773 1366//2773 974//2773
f 974//2774 1366//2774 975//2774
f 1366//2775 1372//2775 975//2775
f 975//2776 1372//2776 981//2776
f 1372//2777 1384//2777 981//2777
f 981//2778 1384//2778 994//2778
f 1384//2779 1387//2779 994//2779
f 994//2780 1387//2780 997//2780
f 997//2781 1387//2781 1063//2781
f 1387//2782 1459//2782 1063//2782
f 1459//2783 1452//2783 1063//2783
f 1063//2784 1452//2784 1062//2784
f 1452//2785 1451//2785 1062//2785
f 1062//2786 1451//2786 1061//2786
f 1061//2787 1455//2787 1065//2787
f 1451//2788 1455//2788 1061//2788
f 1065//2789 1455//2789 1066//2789
f 1455//2790 1456//2790 1066//2790
f 1066//2791 1464//2791 1070//2791
f 1456//2792 1464//2792 1066//2792
f 1540//2793 1543//2793 1149//2793
f 1149//2794 1543//2794 1153//2794
f 1153//2795 1546//2795 1156//2795
f 1543//2796 1546//2796 1153//2796
f 1156//2797 1533//2797 1143//2797
f 1546//2798 1533//2798 1156//2798
f 1143//2799 1523//2799 1133//2799
f 1533//2800 1523//2800 1143//2800
f 1133//2801 1518//2801 1124//2801
f 1523//2802 1518//2802 1133//2802
f 1124//2803 1513//2803 1123//2803
f 1518//2804 1513//2804 1124//2804
f 1123//2805 1508//2805 1119//2805
f 1119//2806 1508//2806 1108//2806
f 1513//2807 1508//2807 1123//2807
f 1508//2808 1499//2808 1108//2808
f 1108//2809 1498//2809 1107//2809
f 1499//2810 1498//2810 1108//2810
f 1107//2811 1468//2811 1078//2811
f 1498//2812 1468//2812 1107//2812
f 1078//2813 1466//2813 1077//2813
f 1468//2814 1466//2814 1078//2814
f 1466//2815 1465//2815 1077//2815
f 1077//2816 1465//2816 1076//2816
f 1465//2817 1462//2817 1076//2817
f 1076//2818 1462//2818 1073//2818
f 1462//2819 1460//2819 1073//2819
f 1073//2820 1460//2820 1071//2820
f 1460//2821 1454//2821 1071//2821
f 1071//2822 1454//2822 1064//2822
f 1454//2823 1453//2823 1064//2823
f 1064//2824 1453//2824 1059//2824
f 1453//2825 1450//2825 1059//2825
f 1059//2826 1450//2826 1060//2826
f 1450//2827 1458//2827 1060//2827
f 1060//2828 1458//2828 1069//2828
f 1458//2829 1461//2829 1069//2829
f 1069//2830 1461//2830 1072//2830
f 1461//2831 1537//2831 1072//2831
f 1072//2832 1537//2832 1147//2832
f 1147//2833 1537//2833 1145//2833
f 1537//2834 1535//2834 1145//2834
f 1535//2835 1528//2835 1145//2835
f 1145//2836 1528//2836 1137//2836
f 1528//2837 1527//2837 1137//2837
f 1137//2838 1527//2838 1135//2838
f 1135//2839 1530//2839 1139//2839
f 1527//2840 1530//2840 1135//2840
f 1139//2841 1530//2841 1141//2841
f 1530//2842 1531//2842 1141//2842
f 1141//2843 1540//2843 1149//2843
f 1531//2844 1540//2844 1141//2844
f 1552//2845 1553//2845 1162//2845
f 1162//2846 1553//2846 1163//2846
f 1163//2847 1614//2847 1224//2847
f 1553//2848 1614//2848 1163//2848
f 1224//2849 1612//2849 1222//2849
f 1614//2850 1612//2850 1224//2850
f 1222//2851 1605//2851 1215//2851
f 1612//2852 1605//2852 1222//2852
f 1215//2853 1598//2853 1209//2853
f 1605//2854 1598//2854 1215//2854
f 1209//2855 1594//2855 1204//2855
f 1598//2856 1594//2856 1209//2856
f 1204//2857 1589//2857 1199//2857
f 1199//2858 1589//2858 1198//2858
f 1594//2859 1589//2859 1204//2859
f 1589//2860 1588//2860 1198//2860
f 1198//2861 1583//2861 1193//2861
f 1588//2862 1583//2862 1198//2862
f 1193//2863 1548//2863 1158//2863
f 1583//2864 1548//2864 1193//2864
f 1158//2865 1545//2865 1155//2865
f 1548//2866 1545//2866 1158//2866
f 1545//2867 1542//2867 1155//2867
f 1155//2868 1542//2868 1152//2868
f 1542//2869 1539//2869 1152//2869
f 1152//2870 1539//2870 1150//2870
f 1539//2871 1536//2871 1150//2871
f 1150//2872 1536//2872 1146//2872
f 1536//2873 1529//2873 1146//2873
f 1146//2874 1529//2874 1140//2874
f 1529//2875 1526//2875 1140//2875
f 1140//2876 1526//2876 1138//2876
f 1526//2877 1525//2877 1138//2877
f 1138//2878 1525//2878 1136//2878
f 1525//2879 1534//2879 1136//2879
f 1136//2880 1534//2880 1144//2880
f 1534//2881 1538//2881 1144//2881
f 1144//2882 1538//2882 1148//2882
f 1538//2883 1541//2883 1148//2883
f 1148//2884 1541//2884 1151//2884
f 1151//2885 1541//2885 1154//2885
f 1541//2886 1544//2886 1154//2886
f 1544//2887 1547//2887 1154//2887
f 1154//2888 1547//2888 1157//2888
f 1547//2889 1549//2889 1157//2889
f 1157//2890 1549//2890 1159//2890
f 1159//2891 1550//2891 1160//2891
f 1549//2892 1550//2892 1159//2892
f 1160//2893 1550//2893 1161//2893
f 1550//2894 1551//2894 1161//2894
f 1161//2895 1552//2895 1162//2895
f 1551//2896 1552//2896 1161//2896
f 1348//2897 1352//2897 958//2897
f 958//2898 1352//2898 961//2898
f 961//2899 1359//2899 969//2899
f 1352//2900 1359//2900 961//2900
f 969//2901 1337//2901 953//2901
f 1359//2902 1337//2902 969//2902
f 953//2903 1336//2903 946//2903
f 1337//2904 1336//2904 953//2904
f 946//2905 1334//2905 944//2905
f 1336//2906 1334//2906 946//2906
f 944//2907 1332//2907 942//2907
f 1334//2908 1332//2908 944//2908
f 942//2909 1330//2909 940//2909
f 940//2910 1330//2910 936//2910
f 1332//2911 1330//2911 942//2911
f 1330//2912 1326//2912 936//2912
f 936//2913 1321//2913 931//2913
f 1326//2914 1321//2914 936//2914
f 931//2915 1320//2915 929//2915
f 1321//2916 1320//2916 931//2916
f 929//2917 1324//2917 933//2917
f 1320//2918 1324//2918 929//2918
f 1324//2919 1328//2919 933//2919
f 933//2920 1328//2920 937//2920
f 1328//2921 1292//2921 937//2921
f 937//2922 1292//2922 902//2922
f 1292//2923 1289//2923 902//2923
f 902//2924 1289//2924 899//2924
f 1289//2925 1286//2925 899//2925
f 899//2926 1286//2926 896//2926
f 1286//2927 1281//2927 896//2927
f 896//2928 1281//2928 892//2928
f 1281//2929 1284//2929 892//2929
f 892//2930 1284//2930 894//2930
f 1284//2931 1287//2931 894//2931
f 894//2932 1287//2932 897//2932
f 1287//2933 1290//2933 897//2933
f 897//2934 1290//2934 900//2934
f 1290//2935 1293//2935 900//2935
f 900//2936 1293//2936 903//2936
f 903//2937 1293//2937 905//2937
f 1293//2938 1295//2938 905//2938
f 1295//2939 1297//2939 905//2939
f 905//2940 1297//2940 908//2940
f 1297//2941 1306//2941 908//2941
f 908//2942 1306//2942 916//2942
f 916//2943 1342//2943 950//2943
f 1306//2944 1342//2944 916//2944
f 950//2945 1342//2945 956//2945
f 1342//2946 1347//2946 956//2946
f 956//2947 1348//2947 958//2947
f 1347//2948 1348//2948 956//2948
f 1435//2949 1439//2949 1044//2949
f 1044//2950 1439//2950 1050//2950
f 1050//2951 1444//2951 1051//2951
f 1439//2952 1444//2952 1050//2952
f 1051//2953 1416//2953 1036//2953
f 1444//2954 1416//2954 1051//2954
f 1036//2955 1415//2955 1025//2955
f 1416//2956 1415//2956 1036//2956
f 1025//2957 1408//2957 1018//2957
f 1415//2958 1408//2958 1025//2958
f 1018//2959 1407//2959 1017//2959
f 1408//2960 1407//2960 1018//2960
f 1017//2961 1403//2961 1013//2961
f 1013//2962 1403//2962 1006//2962
f 1407//2963 1403//2963 1017//2963
f 1403//2964 1396//2964 1006//2964
f 1006//2965 1395//2965 1004//2965
f 1396//2966 1395//2966 1006//2966
f 1004//2967 1362//2967 973//2967
f 1395//2968 1362//2968 1004//2968
f 973//2969 1358//2969 968//2969
f 1362//2970 1358//2970 973//2970
f 1358//2971 1355//2971 968//2971
f 968//2972 1355//2972 966//2972
f 1355//2973 1351//2973 966//2973
f 966//2974 1351//2974 962//2974
f 1351//2975 1346//2975 962//2975
f 962//2976 1346//2976 957//2976
f 1346//2977 1341//2977 957//2977
f 957//2978 1341//2978 951//2978
f 1341//2979 1338//2979 951//2979
f 951//2980 1338//2980 947//2980
f 1338//2981 1340//2981 947//2981
f 947//2982 1340//2982 948//2982
f 1340//2983 1344//2983 948//2983
f 948//2984 1344//2984 954//2984
f 1344//2985 1349//2985 954//2985
f 954//2986 1349//2986 959//2986
f 1349//2987 1353//2987 959//2987
f 959//2988 1353//2988 963//2988
f 963//2989 1353//2989 967//2989
f 1353//2990 1356//2990 967//2990
f 1356//2991 1360//2991 967//2991
f 967//2992 1360//2992 970//2992
f 1360//2993 1370//2993 970//2993
f 970//2994 1370//2994 980//2994
f 980//2995 1423//2995 1034//2995
f 1370//2996 1423//2996 980//2996
f 1034//2997 1423//2997 1040//2997
f 1423//2998 1424//2998 1040//2998
f 1040//2999 1435//2999 1044//2999
f 1424//3000 1435//3000 1040//3000
f 1405//3001 1410//3001 1015//3001
f 1015//3002 1410//3002 1020//3002
f 1020//3003 1413//3003 1023//3003
f 1410//3004 1413//3004 1020//3004
f 1023//3005 1418//3005 1027//3005
f 1413//3006 1418//3006 1023//3006
f 1027//3007 1430//3007 1028//3007
f 1418//3008 1430//3008 1027//3008
f 1028//3009 1376//3009 986//3009
f 1430//3010 1376//3010 1028//3010
f 986//3011 1375//3011 985//3011
f 1376//3012 1375//3012 986//3012
f 985//3013 1377//3013 987//3013
f 987//3014 1377//3014 988//3014
f 1375//3015 1377//3015 985//3015
f 1377//3016 1378//3016 988//3016
f 988//3017 1379//3017 989//3017
f 1378//3018 1379//3018 988//3018
f 989//3019 1380//3019 990//3019
f 1379//3020 1380//3020 989//3020
f 990//3021 1381//3021 991//3021
f 1380//3022 1381//3022 990//3022
f 1381//3023 1382//3023 991//3023
f 991//3024 1382//3024 992//3024
f 1382//3025 1383//3025 992//3025
f 992//3026 1383//3026 993//3026
f 1383//3027 1327//3027 993//3027
f 993//3028 1327//3028 938//3028
f 1327//3029 1323//3029 938//3029
f 938//3030 1323//3030 934//3030
f 1323//3031 1319//3031 934//3031
f 934//3032 1319//3032 930//3032
f 1319//3033 1322//3033 930//3033
f 930//3034 1322//3034 932//3034
f 1322//3035 1325//3035 932//3035
f 932//3036 1325//3036 935//3036
f 1325//3037 1329//3037 935//3037
f 935//3038 1329//3038 939//3038
f 1329//3039 1331//3039 939//3039
f 939//3040 1331//3040 941//3040
f 941//3041 1331//3041 943//3041
f 1331//3042 1333//3042 943//3042
f 1333//3043 1335//3043 943//3043
f 943//3044 1335//3044 945//3044
f 1335//3045 1343//3045 945//3045
f 945//3046 1343//3046 952//3046
f 952//3047 1398//3047 1007//3047
f 1343//3048 1398//3048 952//3048
f 1007//3049 1398//3049 1010//3049
f 1398//3050 1401//3050 1010//3050
f 1010//3051 1405//3051 1015//3051
f 1401//3052 1405//3052 1010//3052
f 1482//3053 1483//3053 1090//3053
f 1090//3054 1483//3054 1095//3054
f 1095//3055 1489//3055 1098//3055
f 1483//3056 1489//3056 1095//3056
f 1098//3057 1494//3057 1103//3057
f 1489//3058 1494//3058 1098//3058
f 1103//3059 1495//3059 1116//3059
f 1494//3060 1495//3060 1103//3060
f 1116//3061 1515//3061 1125//3061
f 1495//3062 1515//3062 1116//3062
f 1125//3063 1445//3063 1055//3063
f 1515//3064 1445//3064 1125//3064
f 1055//3065 1442//3065 1053//3065
f 1053//3066 1442//3066 1048//3066
f 1445//3067 1442//3067 1055//3067
f 1442//3068 1437//3068 1048//3068
f 1048//3069 1429//3069 1041//3069
f 1437//3070 1429//3070 1048//3070
f 1041//3071 1417//3071 1026//3071
f 1429//3072 1417//3072 1041//3072
f 1026//3073 1412//3073 1022//3073
f 1417//3074 1412//3074 1026//3074
f 1412//3075 1409//3075 1022//3075
f 1022//3076 1409//3076 1019//3076
f 1409//3077 1404//3077 1019//3077
f 1019//3078 1404//3078 1014//3078
f 1404//3079 1400//3079 1014//3079
f 1014//3080 1400//3080 1011//3080
f 1400//3081 1397//3081 1011//3081
f 1011//3082 1397//3082 1008//3082
f 1397//3083 1393//3083 1008//3083
f 1008//3084 1393//3084 1003//3084
f 1393//3085 1394//3085 1003//3085
f 1003//3086 1394//3086 1005//3086
f 1394//3087 1399//3087 1005//3087
f 1005//3088 1399//3088 1009//3088
f 1399//3089 1402//3089 1009//3089
f 1009//3090 1402//3090 1012//3090
f 1402//3091 1406//3091 1012//3091
f 1012//3092 1406//3092 1016//3092
f 1016//3093 1406//3093 1021//3093
f 1406//3094 1411//3094 1021//3094
f 1411//3095 1414//3095 1021//3095
f 1021//3096 1414//3096 1024//3096
f 1414//3097 1425//3097 1024//3097
f 1024//3098 1425//3098 1035//3098
f 1035//3099 1473//3099 1084//3099
f 1425//3100 1473//3100 1035//3100
f 1084//3101 1473//3101 1085//3101
f 1473//3102 1474//3102 1085//3102
f 1085//3103 1482//3103 1090//3103
f 1474//3104 1482//3104 1085//3104
f 1510//3105 1511//3105 1114//3105
f 1114//3106 1511//3106 1120//3106
f 1120//3107 1521//3107 1130//3107
f 1511//3108 1521//3108 1120//3108
f 1130//3109 1492//3109 1102//3109
f 1521//3110 1492//3110 1130//3110
f 1102//3111 1491//3111 1100//3111
f 1492//3112 1491//3112 1102//3112
f 1100//3113 1485//3113 1094//3113
f 1491//3114 1485//3114 1100//3114
f 1094//3115 1480//3115 1092//3115
f 1485//3116 1480//3116 1094//3116
f 1092//3117 1479//3117 1087//3117
f 1087//3118 1479//3118 1082//3118
f 1480//3119 1479//3119 1092//3119
f 1479//3120 1476//3120 1082//3120
f 1082//3121 1471//3121 1080//3121
f 1476//3122 1471//3122 1082//3122
f 1080//3123 1449//3123 1058//3123
f 1471//3124 1449//3124 1080//3124
f 1058//3125 1443//3125 1054//3125
f 1449//3126 1443//3126 1058//3126
f 1443//3127 1438//3127 1054//3127
f 1054//3128 1438//3128 1049//3128
f 1438//3129 1434//3129 1049//3129
f 1049//3130 1434//3130 1043//3130
f 1434//3131 1428//3131 1043//3131
f 1043//3132 1428//3132 1039//3132
f 1428//3133 1422//3133 1039//3133
f 1039//3134 1422//3134 1033//3134
f 1422//3135 1419//3135 1033//3135
f 1033//3136 1419//3136 1029//3136
f 1419//3137 1420//3137 1029//3137
f 1029//3138 1420//3138 1030//3138
f 1420//3139 1426//3139 1030//3139
f 1030//3140 1426//3140 1037//3140
f 1426//3141 1431//3141 1037//3141
f 1037//3142 1431//3142 1042//3142
f 1431//3143 1436//3143 1042//3143
f 1042//3144 1436//3144 1046//3144
f 1046//3145 1436//3145 1052//3145
f 1436//3146 1440//3146 1052//3146
f 1440//3147 1446//3147 1052//3147
f 1052//3148 1446//3148 1056//3148
f 1446//3149 1457//3149 1056//3149
f 1056//3150 1457//3150 1067//3150
f 1067//3151 1501//3151 1110//3151
f 1457//3152 1501//3152 1067//3152
f 1110//3153 1501//3153 1111//3153
f 1501//3154 1502//3154 1111//3154
f 1111//3155 1510//3155 1114//3155
f 1502//3156 1510//3156 1111//3156
f 1596//3157 1603//3157 1207//3157
f 1207//3158 1603//3158 1206//3158
f 1206//3159 1608//3159 1217//3159
f 1603//3160 1608//3160 1206//3160
f 1217//3161 1578//3161 1187//3161
f 1608//3162 1578//3162 1217//3162
f 1187//3163 1577//3163 1186//3163
f 1578//3164 1577//3164 1187//3164
f 1186//3165 1572//3165 1182//3165
f 1577//3166 1572//3166 1186//3166
f 1182//3167 1565//3167 1175//3167
f 1572//3168 1565//3168 1182//3168
f 1175//3169 1561//3169 1172//3169
f 1172//3170 1561//3170 1171//3170
f 1565//3171 1561//3171 1175//3171
f 1561//3172 1560//3172 1171//3172
f 1171//3173 1555//3173 1165//3173
f 1560//3174 1555//3174 1171//3174
f 1165//3175 1524//3175 1134//3175
f 1555//3176 1524//3176 1165//3176
f 1134//3177 1520//3177 1131//3177
f 1524//3178 1520//3178 1134//3178
f 1520//3179 1516//3179 1131//3179
f 1131//3180 1516//3180 1127//3180
f 1516//3181 1509//3181 1127//3181
f 1127//3182 1509//3182 1121//3182
f 1509//3183 1505//3183 1121//3183
f 1121//3184 1505//3184 1115//3184
f 1505//3185 1500//3185 1115//3185
f 1115//3186 1500//3186 1109//3186
f 1500//3187 1496//3187 1109//3187
f 1109//3188 1496//3188 1105//3188
f 1496//3189 1497//3189 1105//3189
f 1105//3190 1497//3190 1106//3190
f 1497//3191 1504//3191 1106//3191
f 1106//3192 1504//3192 1113//3192
f 1504//3193 1507//3193 1113//3193
f 1113//3194 1507//3194 1118//3194
f 1507//3195 1512//3195 1118//3195
f 1118//3196 1512//3196 1122//3196
f 1122//3197 1512//3197 1128//3197
f 1512//3198 1517//3198 1128//3198
f 1517//3199 1522//3199 1128//3199
f 1128//3200 1522//3200 1132//3200
f 1522//3201 1532//3201 1132//3201
f 1132//3202 1532//3202 1142//3202
f 1142//3203 1585//3203 1194//3203
f 1532//3204 1585//3204 1142//3204
f 1194//3205 1585//3205 1201//3205
f 1585//3206 1591//3206 1201//3206
f 1201//3207 1596//3207 1207//3207
f 1591//3208 1596//3208 1201//3208
f 1616//3209 1649//3209 1226//3209
f 1226//3210 1649//3210 1259//3210
f 1259//3211 1648//3211 1258//3211
f 1649//3212 1648//3212 1259//3212
f 1258//3213 1643//3213 1253//3213
f 1648//3214 1643//3214 1258//3214
f 1253//3215 1636//3215 1246//3215
f 1643//3216 1636//3216 1253//3216
f 1246//3217 1632//3217 1243//3217
f 1636//3218 1632//3218 1246//3218
f 1243//3219 1628//3219 1238//3219
f 1632//3220 1628//3220 1243//3220
f 1238//3221 1625//3221 1235//3221
f 1235//3222 1625//3222 1234//3222
f 1628//3223 1625//3223 1238//3223
f 1625//3224 1624//3224 1234//3224
f 1234//3225 1620//3225 1230//3225
f 1624//3226 1620//3226 1234//3226
f 1230//3227 1610//3227 1220//3227
f 1620//3228 1610//3228 1230//3228
f 1220//3229 1607//3229 1218//3229
f 1610//3230 1607//3230 1220//3230
f 1607//3231 1602//3231 1218//3231
f 1218//3232 1602//3232 1213//3232
f 1602//3233 1595//3233 1213//3233
f 1213//3234 1595//3234 1205//3234
f 1595//3235 1590//3235 1205//3235
f 1205//3236 1590//3236 1200//3236
f 1590//3237 1584//3237 1200//3237
f 1200//3238 1584//3238 1195//3238
f 1584//3239 1581//3239 1195//3239
f 1195//3240 1581//3240 1191//3240
f 1581//3241 1582//3241 1191//3241
f 1191//3242 1582//3242 1192//3242
f 1582//3243 1587//3243 1192//3243
f 1192//3244 1587//3244 1197//3244
f 1587//3245 1593//3245 1197//3245
f 1197//3246 1593//3246 1203//3246
f 1593//3247 1597//3247 1203//3247
f 1203//3248 1597//3248 1208//3248
f 1208//3249 1597//3249 1214//3249
f 1597//3250 1604//3250 1214//3250
f 1604//3251 1609//3251 1214//3251
f 1214//3252 1609//3252 1219//3252
f 1609//3253 1611//3253 1219//3253
f 1219//3254 1611//3254 1221//3254
f 1221//3255 1613//3255 1223//3255
f 1611//3256 1613//3256 1221//3256
f 1223//3257 1613//3257 1225//3257
f 1613//3258 1615//3258 1225//3258
f 1225//3259 1616//3259 1226//3259
f 1615//3260 1616//3260 1225//3260
f 1568//3261 1567//3261 1177//3261
f 1177//3262 1567//3262 1179//3262
f 1179//3263 1574//3263 1183//3263
f 1567//3264 1574//3264 1179//3264
f 1183//3265 1575//3265 1189//3265
f 1574//3266 1575//3266 1183//3266
f 1189//3267 1580//3267 1190//3267
f 1575//3268 1580//3268 1189//3268
f 1190//3269 1600//3269 1210//3269
f 1580//3270 1600//3270 1190//3270
f 1210//3271 1601//3271 1212//3271
f 1600//3272 1601//3272 1210//3272
f 1212//3273 1519//3273 1129//3273
f 1129//3274 1519//3274 1126//3274
f 1601//3275 1519//3275 1212//3275
f 1519//3276 1514//3276 1126//3276
f 1126//3277 1506//3277 1117//3277
f 1514//3278 1506//3278 1126//3278
f 1117//3279 1493//3279 1104//3279
f 1506//3280 1493//3280 1117//3280
f 1104//3281 1488//3281 1099//3281
f 1493//3282 1488//3282 1104//3282
f 1488//3283 1486//3283 1099//3283
f 1099//3284 1486//3284 1096//3284
f 1486//3285 1481//3285 1096//3285
f 1096//3286 1481//3286 1091//3286
f 1481//3287 1477//3287 1091//3287
f 1091//3288 1477//3288 1088//3288
f 1477//3289 1472//3289 1088//3289
f 1088//3290 1472//3290 1083//3290
f 1472//3291 1469//3291 1083//3291
f 1083//3292 1469//3292 1079//3292
f 1469//3293 1470//3293 1079//3293
f 1079//3294 1470//3294 1081//3294
f 1470//3295 1475//3295 1081//3295
f 1081//3296 1475//3296 1086//3296
f 1475//3297 1478//3297 1086//3297
f 1086//3298 1478//3298 1089//3298
f 1478//3299 1484//3299 1089//3299
f 1089//3300 1484//3300 1093//3300
f 1093//3301 1484//3301 1097//3301
f 1484//3302 1487//3302 1097//3302
f 1487//3303 1490//3303 1097//3303
f 1097//3304 1490//3304 1101//3304
f 1490//3305 1503//3305 1101//3305
f 1101//3306 1503//3306 1112//3306
f 1112//3307 1558//3307 1167//3307
f 1503//3308 1558//3308 1112//3308
f 1167//3309 1558//3309 1169//3309
f 1558//3310 1563//3310 1169//3310
f 1169//3311 1568//3311 1177//3311
f 1563//3312 1568//3312 1169//3312
f 1630//3313 1634//3313 1241//3313
f 1241//3314 1634//3314 1239//3314
f 1239//3315 1638//3315 1248//3315
f 1634//3316 1638//3316 1239//3316
f 1248//3317 1641//3317 1250//3317
f 1638//3318 1641//3318 1248//3318
f 1250//3319 1645//3319 1255//3319
f 1641//3320 1645//3320 1250//3320
f 1255//3321 1646//3321 1256//3321
f 1645//3322 1646//3322 1255//3322
f 1256//3323 1652//3323 1262//3323
f 1646//3324 1652//3324 1256//3324
f 1262//3325 1606//3325 1216//3325
f 1216//3326 1606//3326 1211//3326
f 1652//3327 1606//3327 1262//3327
f 1606//3328 1599//3328 1211//3328
f 1211//3329 1592//3329 1202//3329
f 1599//3330 1592//3330 1211//3330
f 1202//3331 1579//3331 1188//3331
f 1592//3332 1579//3332 1202//3332
f 1188//3333 1573//3333 1184//3333
f 1579//3334 1573//3334 1188//3334
f 1573//3335 1570//3335 1184//3335
f 1184//3336 1570//3336 1180//3336
f 1570//3337 1566//3337 1180//3337
f 1180//3338 1566//3338 1176//3338
f 1566//3339 1562//3339 1176//3339
f 1176//3340 1562//3340 1173//3340
f 1562//3341 1557//3341 1173//3341
f 1173//3342 1557//3342 1168//3342
f 1557//3343 1554//3343 1168//3343
f 1168//3344 1554//3344 1164//3344
f 1554//3345 1556//3345 1164//3345
f 1164//3346 1556//3346 1166//3346
f 1556//3347 1559//3347 1166//3347
f 1166//3348 1559//3348 1170//3348
f 1559//3349 1564//3349 1170//3349
f 1170//3350 1564//3350 1174//3350
f 1564//3351 1569//3351 1174//3351
f 1174//3352 1569//3352 1178//3352
f 1178//3353 1569//3353 1181//3353
f 1569//3354 1571//3354 1181//3354
f 1571//3355 1576//3355 1181//3355
f 1181//3356 1576//3356 1185//3356
f 1576//3357 1586//3357 1185//3357
f 1185//3358 1586//3358 1196//3358
f 1196//3359 1618//3359 1227//3359
f 1586//3360 1618//3360 1196//3360
f 1227//3361 1618//3361 1232//3361
f 1618//3362 1622//3362 1232//3362
f 1232//3363 1630//3363 1241//3363
f 1622//3364 1630//3364 1232//3364
f 1654//3365 1653//3365 1264//3365
f 1264//3366 1653//3366 1263//3366
f 1263//3367 1655//3367 1265//3367
f 1653//3368 1655//3368 1263//3368
f 1265//3369 1656//3369 1266//3369
f 1655//3370 1656//3370 1265//3370
f 1266//3371 1657//3371 1267//3371
f 1656//3372 1657//3372 1266//3372
f 1267//3373 1658//3373 1268//3373
f 1657//3374 1658//3374 1267//3374
f 1268//3375 1659//3375 1269//3375
f 1658//3376 1659//3376 1268//3376
f 1269//3377 1660//3377 1270//3377
f 1270//3378 1660//3378 1260//3378
f 1659//3379 1660//3379 1269//3379
f 1660//3380 1650//3380 1260//3380
f 1260//3381 1644//3381 1254//3381
f 1650//3382 1644//3382 1260//3382
f 1254//3383 1640//3383 1251//3383
f 1644//3384 1640//3384 1254//3384
f 1251//3385 1637//3385 1247//3385
f 1640//3386 1637//3386 1251//3386
f 1637//3387 1633//3387 1247//3387
f 1247//3388 1633//3388 1244//3388
f 1633//3389 1629//3389 1244//3389
f 1244//3390 1629//3390 1240//3390
f 1629//3391 1626//3391 1240//3391
f 1240//3392 1626//3392 1236//3392
f 1626//3393 1621//3393 1236//3393
f 1236//3394 1621//3394 1231//3394
f 1621//3395 1617//3395 1231//3395
f 1231//3396 1617//3396 1228//3396
f 1617//3397 1619//3397 1228//3397
f 1228//3398 1619//3398 1229//3398
f 1619//3399 1623//3399 1229//3399
f 1229//3400 1623//3400 1233//3400
f 1623//3401 1627//3401 1233//3401
f 1233//3402 1627//3402 1237//3402
f 1627//3403 1631//3403 1237//3403
f 1237//3404 1631//3404 1242//3404
f 1242//3405 1631//3405 1245//3405
f 1631//3406 1635//3406 1245//3406
f 1635//3407 1639//3407 1245//3407
f 1245//3408 1639//3408 1249//3408
f 1639//3409 1642//3409 1249//3409
f 1249//3410 1642//3410 1252//3410
f 1252//3411 1647//3411 1257//3411
f 1642//3412 1647//3412 1252//3412
f 1257//3413 1647//3413 1261//3413
f 1647//3414 1651//3414 1261//3414
f 1261//3415 1654//3415 1264//3415
f 1651//3416 1654//3416 1261//3416
g Sketch
g Sketch001
