# Created by FreeCAD <https://www.freecad.org>
v 0.000000 0.000000 0.000000
v 75.000000 0.000000 1.000000
v 0.000000 0.000000 1.000000
v 75.000000 0.000000 0.000000
v 0.000000 45.000000 0.000000
v 0.000000 45.000000 1.000000
v 75.000000 45.000000 0.000000
v 75.000000 45.000000 1.000000
v 5.684072 8.834190 0.000000
v 6.001307 8.553144 0.000000
v 5.443314 9.182988 0.000000
v 6.376583 8.356184 0.000000
v 5.293025 9.579268 0.000000
v 6.788089 8.254757 0.000000
v 5.241939 10.000000 0.000000
v 7.211911 8.254757 0.000000
v 5.293025 10.420732 0.000000
v 7.623417 8.356184 0.000000
v 5.443314 10.817012 0.000000
v 5.684072 21.334190 0.000000
v 5.684072 11.165810 0.000000
v 6.001307 21.053144 0.000000
v 6.001307 11.446856 0.000000
v 5.443314 21.682989 0.000000
v 6.376583 20.856184 0.000000
v 6.376583 11.643816 0.000000
v 5.293025 22.079269 0.000000
v 6.788089 20.754757 0.000000
v 6.788089 11.745243 0.000000
v 5.241939 22.500000 0.000000
v 7.211911 20.754757 0.000000
v 7.211911 11.745243 0.000000
v 7.623417 20.856184 0.000000
v 7.623417 11.643816 0.000000
v 7.998693 11.446856 0.000000
v 7.998693 21.053144 0.000000
v 8.315928 11.165810 0.000000
v 8.556685 9.182988 0.000000
v 20.684072 8.834190 0.000000
v 8.315928 8.834190 0.000000
v 21.001308 8.553144 0.000000
v 7.998693 8.553144 0.000000
v 20.443314 9.182988 0.000000
v 8.315928 21.334190 0.000000
v 21.376583 8.356184 0.000000
v 8.706975 9.579268 0.000000
v 20.293026 9.579268 0.000000
v 21.788090 8.254757 0.000000
v 8.758061 10.000000 0.000000
v 20.241940 10.000000 0.000000
v 22.211910 8.254757 0.000000
v 8.706975 10.420732 0.000000
v 20.293026 10.420732 0.000000
v 8.556685 10.817012 0.000000
v 20.443314 10.817012 0.000000
v 20.684072 11.165810 0.000000
v 5.684072 23.665810 0.000000
v 5.684072 33.834190 0.000000
v 6.001307 23.946856 0.000000
v 6.001307 33.553143 0.000000
v 5.443314 23.317011 0.000000
v 5.443314 34.182987 0.000000
v 6.376583 33.356186 0.000000
v 6.376583 24.143816 0.000000
v 5.293025 22.920731 0.000000
v 5.293025 34.579269 0.000000
v 6.788089 33.254757 0.000000
v 6.788089 24.245243 0.000000
v 7.211911 33.254757 0.000000
v 7.211911 24.245243 0.000000
v 7.623417 33.356186 0.000000
v 7.623417 24.143816 0.000000
v 7.998693 23.946856 0.000000
v 7.998693 33.553143 0.000000
v 8.315928 23.665810 0.000000
v 20.684072 21.334190 0.000000
v 21.001308 11.446856 0.000000
v 21.001308 21.053144 0.000000
v 8.556685 21.682989 0.000000
v 20.443314 21.682989 0.000000
v 8.315928 33.834190 0.000000
v 21.376583 20.856184 0.000000
v 21.376583 11.643816 0.000000
v 20.293026 22.079269 0.000000
v 8.706975 22.079269 0.000000
v 8.758061 22.500000 0.000000
v 21.788090 20.754757 0.000000
v 21.788090 11.745243 0.000000
v 20.241940 22.500000 0.000000
v 8.706975 22.920731 0.000000
v 22.211910 20.754757 0.000000
v 22.211910 11.745243 0.000000
v 20.293026 22.920731 0.000000
v 22.623417 20.856184 0.000000
v 22.623417 11.643816 0.000000
v 20.443314 23.317011 0.000000
v 8.556685 23.317011 0.000000
v 22.998692 21.053144 0.000000
v 22.998692 11.446856 0.000000
v 20.684072 23.665810 0.000000
v 23.315928 8.834190 0.000000
v 35.684071 8.834190 0.000000
v 22.998692 8.553144 0.000000
v 36.001308 8.553144 0.000000
v 35.443314 9.182988 0.000000
v 23.556686 9.182988 0.000000
v 23.706974 9.579268 0.000000
v 23.315928 21.334190 0.000000
v 23.315928 11.165810 0.000000
v 36.376583 8.356184 0.000000
v 22.623417 8.356184 0.000000
v 35.293026 9.579268 0.000000
v 7.211911 36.745243 0.000000
v 7.623417 36.643814 0.000000
v 6.788089 36.745243 0.000000
v 6.376583 36.643814 0.000000
v 6.001307 36.446857 0.000000
v 5.684072 36.165810 0.000000
v 5.443314 35.817013 0.000000
v 5.293025 35.420731 0.000000
v 5.241939 35.000000 0.000000
v 36.788090 8.254757 0.000000
v 23.758060 10.000000 0.000000
v 35.241940 10.000000 0.000000
v 37.211910 8.254757 0.000000
v 35.293026 10.420732 0.000000
v 23.706974 10.420732 0.000000
v 35.443314 10.817012 0.000000
v 23.556686 10.817012 0.000000
v 35.684071 11.165810 0.000000
v 20.684072 33.834190 0.000000
v 21.001308 33.553143 0.000000
v 21.001308 23.946856 0.000000
v 21.376583 24.143816 0.000000
v 20.443314 34.182987 0.000000
v 8.556685 34.182987 0.000000
v 21.376583 33.356186 0.000000
v 8.706975 34.579269 0.000000
v 20.293026 34.579269 0.000000
v 21.788090 33.254757 0.000000
v 21.788090 24.245243 0.000000
v 8.758061 35.000000 0.000000
v 20.241940 35.000000 0.000000
v 22.211910 33.254757 0.000000
v 22.211910 24.245243 0.000000
v 22.623417 24.143816 0.000000
v 20.293026 35.420731 0.000000
v 8.706975 35.420731 0.000000
v 22.623417 33.356186 0.000000
v 20.443314 35.817013 0.000000
v 8.556685 35.817013 0.000000
v 22.998692 33.553143 0.000000
v 22.998692 23.946856 0.000000
v 23.315928 23.665810 0.000000
v 20.684072 36.165810 0.000000
v 8.315928 36.165810 0.000000
v 35.684071 21.334190 0.000000
v 36.001308 21.053144 0.000000
v 36.001308 11.446856 0.000000
v 35.443314 21.682989 0.000000
v 23.556686 21.682989 0.000000
v 23.706974 22.079269 0.000000
v 23.315928 33.834190 0.000000
v 36.376583 20.856184 0.000000
v 36.376583 11.643816 0.000000
v 35.293026 22.079269 0.000000
v 21.001308 36.446857 0.000000
v 7.998693 36.446857 0.000000
v 36.788090 20.754757 0.000000
v 36.788090 11.745243 0.000000
v 37.211910 11.745243 0.000000
v 35.241940 22.500000 0.000000
v 23.758060 22.500000 0.000000
v 37.211910 20.754757 0.000000
v 21.376583 36.643814 0.000000
v 35.293026 22.920731 0.000000
v 23.706974 22.920731 0.000000
v 37.623417 20.856184 0.000000
v 37.623417 11.643816 0.000000
v 21.788090 36.745243 0.000000
v 35.443314 23.317011 0.000000
v 23.556686 23.317011 0.000000
v 22.211910 36.745243 0.000000
v 37.998692 11.446856 0.000000
v 37.998692 21.053144 0.000000
v 38.315929 11.165810 0.000000
v 35.684071 23.665810 0.000000
v 50.684071 8.834190 0.000000
v 51.001308 8.553144 0.000000
v 38.315929 8.834190 0.000000
v 37.998692 8.553144 0.000000
v 50.443314 9.182988 0.000000
v 38.556686 9.182988 0.000000
v 38.706974 9.579268 0.000000
v 38.315929 21.334190 0.000000
v 51.376583 8.356184 0.000000
v 37.623417 8.356184 0.000000
v 50.293026 9.579268 0.000000
v 51.788090 8.254757 0.000000
v 38.706974 10.420732 0.000000
v 50.241940 10.000000 0.000000
v 38.758060 10.000000 0.000000
v 50.293026 10.420732 0.000000
v 50.443314 10.817012 0.000000
v 38.556686 10.817012 0.000000
v 50.684071 11.165810 0.000000
v 35.684071 33.834190 0.000000
v 36.001308 33.553143 0.000000
v 36.001308 23.946856 0.000000
v 35.443314 34.182987 0.000000
v 23.556686 34.182987 0.000000
v 23.706974 34.579269 0.000000
v 36.376583 33.356186 0.000000
v 36.376583 24.143816 0.000000
v 35.293026 34.579269 0.000000
v 36.788090 24.245243 0.000000
v 36.788090 33.254757 0.000000
v 37.211910 24.245243 0.000000
v 23.706974 35.420731 0.000000
v 35.241940 35.000000 0.000000
v 23.758060 35.000000 0.000000
v 37.211910 33.254757 0.000000
v 37.623417 24.143816 0.000000
v 35.293026 35.420731 0.000000
v 37.623417 33.356186 0.000000
v 23.556686 35.817013 0.000000
v 35.443314 35.817013 0.000000
v 37.998692 23.946856 0.000000
v 37.998692 33.553143 0.000000
v 38.315929 23.665810 0.000000
v 23.315928 36.165810 0.000000
v 35.684071 36.165810 0.000000
v 22.998692 36.446857 0.000000
v 50.684071 21.334190 0.000000
v 51.001308 11.446856 0.000000
v 51.001308 21.053144 0.000000
v 51.376583 11.643816 0.000000
v 50.443314 21.682989 0.000000
v 38.556686 21.682989 0.000000
v 38.706974 22.079269 0.000000
v 38.315929 33.834190 0.000000
v 51.376583 20.856184 0.000000
v 50.293026 22.079269 0.000000
v 36.001308 36.446857 0.000000
v 51.788090 20.754757 0.000000
v 51.788090 11.745243 0.000000
v 38.706974 22.920731 0.000000
v 50.241940 22.500000 0.000000
v 38.758060 22.500000 0.000000
v 52.211910 20.754757 0.000000
v 52.211910 11.745243 0.000000
v 22.623417 36.643814 0.000000
v 36.376583 36.643814 0.000000
v 50.293026 22.920731 0.000000
v 52.623417 20.856184 0.000000
v 52.623417 11.643816 0.000000
v 36.788090 36.745243 0.000000
v 38.556686 23.317011 0.000000
v 50.443314 23.317011 0.000000
v 52.998692 21.053144 0.000000
v 52.998692 11.446856 0.000000
v 50.684071 23.665810 0.000000
v 53.315929 8.834190 0.000000
v 66.001305 8.553144 0.000000
v 52.998692 8.553144 0.000000
v 65.684074 8.834190 0.000000
v 53.556686 9.182988 0.000000
v 65.443314 9.182988 0.000000
v 53.706974 9.579268 0.000000
v 53.315929 21.334190 0.000000
v 53.315929 11.165810 0.000000
v 66.376579 8.356184 0.000000
v 52.623417 8.356184 0.000000
v 65.293022 9.579268 0.000000
v 52.211910 8.254757 0.000000
v 66.788086 8.254757 0.000000
v 53.758060 10.000000 0.000000
v 65.241936 10.000000 0.000000
v 67.211914 8.254757 0.000000
v 65.293022 10.420732 0.000000
v 53.706974 10.420732 0.000000
v 67.623421 8.356184 0.000000
v 65.443314 10.817012 0.000000
v 53.556686 10.817012 0.000000
v 67.998695 8.553144 0.000000
v 65.684074 11.165810 0.000000
v 68.315926 8.834190 0.000000
v 68.556686 9.182988 0.000000
v 68.706978 9.579268 0.000000
v 68.758064 10.000000 0.000000
v 68.706978 10.420732 0.000000
v 50.684071 33.834190 0.000000
v 51.001308 23.946856 0.000000
v 51.001308 33.553143 0.000000
v 50.443314 34.182987 0.000000
v 38.556686 34.182987 0.000000
v 51.376583 33.356186 0.000000
v 51.376583 24.143816 0.000000
v 51.788090 24.245243 0.000000
v 50.293026 34.579269 0.000000
v 38.706974 34.579269 0.000000
v 51.788090 33.254757 0.000000
v 52.211910 24.245243 0.000000
v 38.706974 35.420731 0.000000
v 50.241940 35.000000 0.000000
v 38.758060 35.000000 0.000000
v 52.211910 33.254757 0.000000
v 50.293026 35.420731 0.000000
v 52.623417 33.356186 0.000000
v 52.623417 24.143816 0.000000
v 38.556686 35.817013 0.000000
v 50.443314 35.817013 0.000000
v 38.315929 36.165810 0.000000
v 52.998692 33.553143 0.000000
v 52.998692 23.946856 0.000000
v 53.315929 23.665810 0.000000
v 37.998692 36.446857 0.000000
v 50.684071 36.165810 0.000000
v 65.684074 21.334190 0.000000
v 66.001305 21.053144 0.000000
v 66.001305 11.446856 0.000000
v 65.443314 21.682989 0.000000
v 53.556686 21.682989 0.000000
v 53.315929 33.834190 0.000000
v 66.376579 20.856184 0.000000
v 66.376579 11.643816 0.000000
v 66.788086 11.745243 0.000000
v 65.293022 22.079269 0.000000
v 53.706974 22.079269 0.000000
v 51.001308 36.446857 0.000000
v 66.788086 20.754757 0.000000
v 67.211914 11.745243 0.000000
v 65.241936 22.500000 0.000000
v 53.758060 22.500000 0.000000
v 67.211914 20.754757 0.000000
v 67.623421 11.643816 0.000000
v 37.623417 36.643814 0.000000
v 51.376583 36.643814 0.000000
v 37.211910 36.745243 0.000000
v 65.293022 22.920731 0.000000
v 53.706974 22.920731 0.000000
v 67.623421 20.856184 0.000000
v 67.998695 11.446856 0.000000
v 51.788090 36.745243 0.000000
v 53.556686 23.317011 0.000000
v 65.443314 23.317011 0.000000
v 67.998695 21.053144 0.000000
v 65.684074 23.665810 0.000000
v 68.315926 21.334190 0.000000
v 68.315926 11.165810 0.000000
v 68.556686 10.817012 0.000000
v 68.556686 21.682989 0.000000
v 68.706978 22.079269 0.000000
v 68.758064 22.500000 0.000000
v 65.684074 33.834190 0.000000
v 53.556686 34.182987 0.000000
v 66.001305 33.553143 0.000000
v 66.001305 23.946856 0.000000
v 53.706974 34.579269 0.000000
v 65.443314 34.182987 0.000000
v 66.376579 33.356186 0.000000
v 66.376579 24.143816 0.000000
v 66.788086 24.245243 0.000000
v 65.293022 34.579269 0.000000
v 66.788086 33.254757 0.000000
v 67.211914 24.245243 0.000000
v 65.241936 35.000000 0.000000
v 53.758060 35.000000 0.000000
v 67.211914 33.254757 0.000000
v 67.623421 24.143816 0.000000
v 53.706974 35.420731 0.000000
v 65.293022 35.420731 0.000000
v 67.623421 33.356186 0.000000
v 67.998695 23.946856 0.000000
v 65.443314 35.817013 0.000000
v 53.556686 35.817013 0.000000
v 67.998695 33.553143 0.000000
v 53.315929 36.165810 0.000000
v 65.684074 36.165810 0.000000
v 68.315926 33.834190 0.000000
v 68.315926 23.665810 0.000000
v 66.001305 36.446857 0.000000
v 52.998692 36.446857 0.000000
v 52.623417 36.643814 0.000000
v 68.556686 34.182987 0.000000
v 68.556686 23.317011 0.000000
v 68.706978 22.920731 0.000000
v 66.376579 36.643814 0.000000
v 68.706978 34.579269 0.000000
v 52.211910 36.745243 0.000000
v 68.706978 35.420731 0.000000
v 68.758064 35.000000 0.000000
v 68.556686 35.817013 0.000000
v 68.315926 36.165810 0.000000
v 67.998695 36.446857 0.000000
v 67.623421 36.643814 0.000000
v 67.211914 36.745243 0.000000
v 66.788086 36.745243 0.000000
v 6.001307 8.553144 1.000000
v 5.684072 8.834190 1.000000
v 5.443314 9.182988 1.000000
v 6.376583 8.356184 1.000000
v 5.293025 9.579268 1.000000
v 6.788089 8.254757 1.000000
v 5.241939 10.000000 1.000000
v 7.211911 8.254757 1.000000
v 5.293025 10.420732 1.000000
v 7.623417 8.356184 1.000000
v 5.684072 21.334190 1.000000
v 5.443314 10.817012 1.000000
v 5.684072 11.165810 1.000000
v 6.001307 21.053144 1.000000
v 6.001307 11.446856 1.000000
v 5.443314 21.682989 1.000000
v 6.376583 20.856184 1.000000
v 6.376583 11.643816 1.000000
v 5.293025 22.079269 1.000000
v 6.788089 20.754757 1.000000
v 6.788089 11.745243 1.000000
v 5.241939 22.500000 1.000000
v 7.211911 20.754757 1.000000
v 7.211911 11.745243 1.000000
v 7.623417 20.856184 1.000000
v 7.623417 11.643816 1.000000
v 7.998693 21.053144 1.000000
v 7.998693 11.446856 1.000000
v 8.315928 11.165810 1.000000
v 20.684072 8.834190 1.000000
v 8.556685 9.182988 1.000000
v 8.315928 8.834190 1.000000
v 21.001308 8.553144 1.000000
v 7.998693 8.553144 1.000000
v 20.443314 9.182988 1.000000
v 8.315928 21.334190 1.000000
v 21.376583 8.356184 1.000000
v 20.293026 9.579268 1.000000
v 8.706975 9.579268 1.000000
v 21.788090 8.254757 1.000000
v 20.241940 10.000000 1.000000
v 8.758061 10.000000 1.000000
v 22.211910 8.254757 1.000000
v 20.293026 10.420732 1.000000
v 8.706975 10.420732 1.000000
v 20.443314 10.817012 1.000000
v 8.556685 10.817012 1.000000
v 20.684072 11.165810 1.000000
v 5.684072 33.834190 1.000000
v 5.684072 23.665810 1.000000
v 6.001307 23.946856 1.000000
v 6.001307 33.553143 1.000000
v 5.443314 34.182987 1.000000
v 5.443314 23.317011 1.000000
v 6.376583 33.356186 1.000000
v 6.376583 24.143816 1.000000
v 5.293025 34.579269 1.000000
v 5.293025 22.920731 1.000000
v 6.788089 33.254757 1.000000
v 6.788089 24.245243 1.000000
v 7.211911 33.254757 1.000000
v 7.211911 24.245243 1.000000
v 7.623417 33.356186 1.000000
v 7.623417 24.143816 1.000000
v 7.998693 33.553143 1.000000
v 7.998693 23.946856 1.000000
v 8.315928 23.665810 1.000000
v 20.684072 21.334190 1.000000
v 21.001308 11.446856 1.000000
v 21.001308 21.053144 1.000000
v 20.443314 21.682989 1.000000
v 8.556685 21.682989 1.000000
v 8.315928 33.834190 1.000000
v 21.376583 20.856184 1.000000
v 21.376583 11.643816 1.000000
v 20.293026 22.079269 1.000000
v 8.706975 22.079269 1.000000
v 8.758061 22.500000 1.000000
v 21.788090 20.754757 1.000000
v 21.788090 11.745243 1.000000
v 20.241940 22.500000 1.000000
v 8.706975 22.920731 1.000000
v 22.211910 20.754757 1.000000
v 22.211910 11.745243 1.000000
v 20.293026 22.920731 1.000000
v 22.623417 20.856184 1.000000
v 22.623417 11.643816 1.000000
v 20.443314 23.317011 1.000000
v 8.556685 23.317011 1.000000
v 22.998692 21.053144 1.000000
v 22.998692 11.446856 1.000000
v 20.684072 23.665810 1.000000
v 35.684071 8.834190 1.000000
v 23.315928 8.834190 1.000000
v 22.998692 8.553144 1.000000
v 36.001308 8.553144 1.000000
v 35.443314 9.182988 1.000000
v 23.556686 9.182988 1.000000
v 23.706974 9.579268 1.000000
v 23.315928 21.334190 1.000000
v 23.315928 11.165810 1.000000
v 36.376583 8.356184 1.000000
v 22.623417 8.356184 1.000000
v 35.293026 9.579268 1.000000
v 7.211911 36.745243 1.000000
v 7.623417 36.643814 1.000000
v 6.788089 36.745243 1.000000
v 6.376583 36.643814 1.000000
v 6.001307 36.446857 1.000000
v 5.684072 36.165810 1.000000
v 5.443314 35.817013 1.000000
v 5.293025 35.420731 1.000000
v 5.241939 35.000000 1.000000
v 36.788090 8.254757 1.000000
v 35.241940 10.000000 1.000000
v 23.758060 10.000000 1.000000
v 37.211910 8.254757 1.000000
v 35.293026 10.420732 1.000000
v 23.706974 10.420732 1.000000
v 35.443314 10.817012 1.000000
v 23.556686 10.817012 1.000000
v 35.684071 11.165810 1.000000
v 20.684072 33.834190 1.000000
v 21.001308 33.553143 1.000000
v 21.001308 23.946856 1.000000
v 21.376583 24.143816 1.000000
v 20.443314 34.182987 1.000000
v 8.556685 34.182987 1.000000
v 21.376583 33.356186 1.000000
v 20.293026 34.579269 1.000000
v 8.706975 34.579269 1.000000
v 21.788090 33.254757 1.000000
v 21.788090 24.245243 1.000000
v 20.241940 35.000000 1.000000
v 8.758061 35.000000 1.000000
v 22.211910 33.254757 1.000000
v 22.211910 24.245243 1.000000
v 22.623417 24.143816 1.000000
v 20.293026 35.420731 1.000000
v 8.706975 35.420731 1.000000
v 22.623417 33.356186 1.000000
v 20.443314 35.817013 1.000000
v 8.556685 35.817013 1.000000
v 22.998692 33.553143 1.000000
v 22.998692 23.946856 1.000000
v 23.315928 23.665810 1.000000
v 20.684072 36.165810 1.000000
v 8.315928 36.165810 1.000000
v 35.684071 21.334190 1.000000
v 36.001308 21.053144 1.000000
v 36.001308 11.446856 1.000000
v 35.443314 21.682989 1.000000
v 23.556686 21.682989 1.000000
v 23.706974 22.079269 1.000000
v 23.315928 33.834190 1.000000
v 36.376583 20.856184 1.000000
v 36.376583 11.643816 1.000000
v 35.293026 22.079269 1.000000
v 21.001308 36.446857 1.000000
v 7.998693 36.446857 1.000000
v 36.788090 20.754757 1.000000
v 36.788090 11.745243 1.000000
v 37.211910 11.745243 1.000000
v 35.241940 22.500000 1.000000
v 23.758060 22.500000 1.000000
v 37.211910 20.754757 1.000000
v 21.376583 36.643814 1.000000
v 35.293026 22.920731 1.000000
v 23.706974 22.920731 1.000000
v 37.623417 20.856184 1.000000
v 37.623417 11.643816 1.000000
v 21.788090 36.745243 1.000000
v 35.443314 23.317011 1.000000
v 23.556686 23.317011 1.000000
v 22.211910 36.745243 1.000000
v 37.998692 21.053144 1.000000
v 37.998692 11.446856 1.000000
v 38.315929 11.165810 1.000000
v 35.684071 23.665810 1.000000
v 51.001308 8.553144 1.000000
v 38.315929 8.834190 1.000000
v 37.998692 8.553144 1.000000
v 50.684071 8.834190 1.000000
v 50.443314 9.182988 1.000000
v 38.556686 9.182988 1.000000
v 38.706974 9.579268 1.000000
v 38.315929 21.334190 1.000000
v 51.376583 8.356184 1.000000
v 37.623417 8.356184 1.000000
v 50.293026 9.579268 1.000000
v 51.788090 8.254757 1.000000
v 50.241940 10.000000 1.000000
v 38.706974 10.420732 1.000000
v 38.758060 10.000000 1.000000
v 50.293026 10.420732 1.000000
v 50.443314 10.817012 1.000000
v 38.556686 10.817012 1.000000
v 50.684071 11.165810 1.000000
v 35.684071 33.834190 1.000000
v 36.001308 33.553143 1.000000
v 36.001308 23.946856 1.000000
v 35.443314 34.182987 1.000000
v 23.556686 34.182987 1.000000
v 23.706974 34.579269 1.000000
v 36.376583 33.356186 1.000000
v 36.376583 24.143816 1.000000
v 35.293026 34.579269 1.000000
v 36.788090 33.254757 1.000000
v 36.788090 24.245243 1.000000
v 37.211910 24.245243 1.000000
v 35.241940 35.000000 1.000000
v 23.758060 35.000000 1.000000
v 23.706974 35.420731 1.000000
v 37.211910 33.254757 1.000000
v 37.623417 24.143816 1.000000
v 35.293026 35.420731 1.000000
v 37.623417 33.356186 1.000000
v 35.443314 35.817013 1.000000
v 23.556686 35.817013 1.000000
v 37.998692 33.553143 1.000000
v 37.998692 23.946856 1.000000
v 38.315929 23.665810 1.000000
v 35.684071 36.165810 1.000000
v 23.315928 36.165810 1.000000
v 22.998692 36.446857 1.000000
v 50.684071 21.334190 1.000000
v 51.001308 21.053144 1.000000
v 51.001308 11.446856 1.000000
v 51.376583 11.643816 1.000000
v 50.443314 21.682989 1.000000
v 38.556686 21.682989 1.000000
v 38.706974 22.079269 1.000000
v 38.315929 33.834190 1.000000
v 51.376583 20.856184 1.000000
v 50.293026 22.079269 1.000000
v 36.001308 36.446857 1.000000
v 51.788090 20.754757 1.000000
v 51.788090 11.745243 1.000000
v 50.241940 22.500000 1.000000
v 38.758060 22.500000 1.000000
v 38.706974 22.920731 1.000000
v 52.211910 20.754757 1.000000
v 52.211910 11.745243 1.000000
v 36.376583 36.643814 1.000000
v 22.623417 36.643814 1.000000
v 50.293026 22.920731 1.000000
v 52.623417 20.856184 1.000000
v 52.623417 11.643816 1.000000
v 36.788090 36.745243 1.000000
v 50.443314 23.317011 1.000000
v 38.556686 23.317011 1.000000
v 52.998692 21.053144 1.000000
v 52.998692 11.446856 1.000000
v 50.684071 23.665810 1.000000
v 66.001305 8.553144 1.000000
v 65.684074 8.834190 1.000000
v 53.315929 8.834190 1.000000
v 52.998692 8.553144 1.000000
v 65.443314 9.182988 1.000000
v 53.556686 9.182988 1.000000
v 53.706974 9.579268 1.000000
v 53.315929 21.334190 1.000000
v 53.315929 11.165810 1.000000
v 66.376579 8.356184 1.000000
v 52.623417 8.356184 1.000000
v 65.293022 9.579268 1.000000
v 52.211910 8.254757 1.000000
v 66.788086 8.254757 1.000000
v 65.241936 10.000000 1.000000
v 53.758060 10.000000 1.000000
v 67.211914 8.254757 1.000000
v 65.293022 10.420732 1.000000
v 53.706974 10.420732 1.000000
v 67.623421 8.356184 1.000000
v 65.443314 10.817012 1.000000
v 53.556686 10.817012 1.000000
v 67.998695 8.553144 1.000000
v 65.684074 11.165810 1.000000
v 68.315926 8.834190 1.000000
v 68.556686 9.182988 1.000000
v 68.706978 9.579268 1.000000
v 68.758064 10.000000 1.000000
v 68.706978 10.420732 1.000000
v 50.684071 33.834190 1.000000
v 51.001308 23.946856 1.000000
v 51.001308 33.553143 1.000000
v 50.443314 34.182987 1.000000
v 38.556686 34.182987 1.000000
v 51.376583 33.356186 1.000000
v 51.376583 24.143816 1.000000
v 51.788090 24.245243 1.000000
v 50.293026 34.579269 1.000000
v 38.706974 34.579269 1.000000
v 51.788090 33.254757 1.000000
v 52.211910 24.245243 1.000000
v 50.241940 35.000000 1.000000
v 38.706974 35.420731 1.000000
v 38.758060 35.000000 1.000000
v 52.211910 33.254757 1.000000
v 50.293026 35.420731 1.000000
v 52.623417 33.356186 1.000000
v 52.623417 24.143816 1.000000
v 50.443314 35.817013 1.000000
v 38.556686 35.817013 1.000000
v 38.315929 36.165810 1.000000
v 52.998692 33.553143 1.000000
v 52.998692 23.946856 1.000000
v 53.315929 23.665810 1.000000
v 50.684071 36.165810 1.000000
v 37.998692 36.446857 1.000000
v 65.684074 21.334190 1.000000
v 66.001305 21.053144 1.000000
v 66.001305 11.446856 1.000000
v 65.443314 21.682989 1.000000
v 53.556686 21.682989 1.000000
v 53.315929 33.834190 1.000000
v 66.376579 20.856184 1.000000
v 66.376579 11.643816 1.000000
v 66.788086 11.745243 1.000000
v 65.293022 22.079269 1.000000
v 53.706974 22.079269 1.000000
v 51.001308 36.446857 1.000000
v 66.788086 20.754757 1.000000
v 67.211914 11.745243 1.000000
v 65.241936 22.500000 1.000000
v 53.758060 22.500000 1.000000
v 67.211914 20.754757 1.000000
v 67.623421 11.643816 1.000000
v 51.376583 36.643814 1.000000
v 37.623417 36.643814 1.000000
v 37.211910 36.745243 1.000000
v 65.293022 22.920731 1.000000
v 53.706974 22.920731 1.000000
v 67.623421 20.856184 1.000000
v 67.998695 11.446856 1.000000
v 51.788090 36.745243 1.000000
v 65.443314 23.317011 1.000000
v 53.556686 23.317011 1.000000
v 67.998695 21.053144 1.000000
v 65.684074 23.665810 1.000000
v 68.315926 21.334190 1.000000
v 68.315926 11.165810 1.000000
v 68.556686 21.682989 1.000000
v 68.556686 10.817012 1.000000
v 68.706978 22.079269 1.000000
v 68.758064 22.500000 1.000000
v 65.684074 33.834190 1.000000
v 53.556686 34.182987 1.000000
v 66.001305 33.553143 1.000000
v 66.001305 23.946856 1.000000
v 65.443314 34.182987 1.000000
v 53.706974 34.579269 1.000000
v 66.376579 33.356186 1.000000
v 66.376579 24.143816 1.000000
v 66.788086 24.245243 1.000000
v 65.293022 34.579269 1.000000
v 66.788086 33.254757 1.000000
v 67.211914 24.245243 1.000000
v 65.241936 35.000000 1.000000
v 53.758060 35.000000 1.000000
v 67.211914 33.254757 1.000000
v 67.623421 24.143816 1.000000
v 65.293022 35.420731 1.000000
v 53.706974 35.420731 1.000000
v 67.623421 33.356186 1.000000
v 67.998695 23.946856 1.000000
v 65.443314 35.817013 1.000000
v 53.556686 35.817013 1.000000
v 67.998695 33.553143 1.000000
v 65.684074 36.165810 1.000000
v 53.315929 36.165810 1.000000
v 68.315926 33.834190 1.000000
v 68.315926 23.665810 1.000000
v 66.001305 36.446857 1.000000
v 52.998692 36.446857 1.000000
v 52.623417 36.643814 1.000000
v 68.556686 34.182987 1.000000
v 68.556686 23.317011 1.000000
v 68.706978 22.920731 1.000000
v 66.376579 36.643814 1.000000
v 68.706978 34.579269 1.000000
v 52.211910 36.745243 1.000000
v 68.706978 35.420731 1.000000
v 68.758064 35.000000 1.000000
v 68.556686 35.817013 1.000000
v 68.315926 36.165810 1.000000
v 67.998695 36.446857 1.000000
v 67.623421 36.643814 1.000000
v 67.211914 36.745243 1.000000
v 66.788086 36.745243 1.000000
vn 0.000000 -1.000000 0.000000
vn 0.000000 -1.000000 0.000000
vn -1.000000 0.000000 0.000000
vn -1.000000 -0.000000 0.000000
vn 1.000000 0.000000 0.000000
vn 1.000000 -0.000000 0.000000
vn 0.000000 -0.000000 -1.000000
vn 0.000000 0.000000 -1.000000
vn 0.000000 -0.000000 -1.000000
vn 0.000000 0.000000 -1.000000
vn 0.000000 -0.000000 -1.000000
vn 0.000000 0.000000 -1.000000
vn 0.000000 -0.000000 -1.000000
vn 0.000000 0.000000 -1.000000
vn 0.000000 -0.000000 -1.000000
vn 0.000000 0.000000 -1.000000
vn 0.000000 0.000000 -1.000000
vn 0.000000 0.000000 -1.000000
vn 0.000000 0.000000 -1.000000
vn 0.000000 0.000000 -1.000000
vn 0.000000 0.000000 -1.000000
vn 0.000000 0.000000 -1.000000
vn 0.000000 0.000000 -1.000000
vn 0.000000 0.000000 -1.000000
vn 0.000000 0.000000 -1.000000
vn 0.000000 0.000000 -1.000000
vn 0.000000 0.000000 -1.000000
vn 0.000000 0.000000 -1.000000
vn 0.000000 0.000000 -1.000000
vn 0.000000 0.000000 -1.000000
vn 0.000000 0.000000 -1.000000
vn 0.000000 0.000000 -1.000000
vn 0.000000 0.000000 -1.000000
vn 0.000000 0.000000 -1.000000
vn 0.000000 -0.000000 -1.000000
vn 0.000000 -0.000000 -1.000000
vn -0.000000 -0.000000 -1.000000
vn 0.000000 0.000000 -1.000000
vn 0.000000 0.000000 -1.000000
vn 0.000000 -0.000000 -1.000000
vn -0.000000 -0.000000 -1.000000
vn 0.000000 -0.000000 -1.000000
vn 0.000000 -0.000000 -1.000000
vn 0.000000 0.000000 -1.000000
vn 0.000000 -0.000000 -1.000000
vn 0.000000 -0.000000 -1.000000
vn 0.000000 0.000000 -1.000000
vn 0.000000 -0.000000 -1.000000
vn 0.000000 0.000000 -1.000000
vn 0.000000 0.000000 -1.000000
vn 0.000000 0.000000 -1.000000
vn 0.000000 0.000000 -1.000000
vn 0.000000 0.000000 -1.000000
vn 0.000000 0.000000 -1.000000
vn 0.000000 0.000000 -1.000000
vn 0.000000 0.000000 -1.000000
vn 0.000000 0.000000 -1.000000
vn 0.000000 0.000000 -1.000000
vn 0.000000 0.000000 -1.000000
vn 0.000000 0.000000 -1.000000
vn 0.000000 0.000000 -1.000000
vn 0.000000 0.000000 -1.000000
vn 0.000000 0.000000 -1.000000
vn 0.000000 0.000000 -1.000000
vn 0.000000 0.000000 -1.000000
vn 0.000000 0.000000 -1.000000
vn 0.000000 0.000000 -1.000000
vn 0.000000 0.000000 -1.000000
vn 0.000000 0.000000 -1.000000
vn 0.000000 0.000000 -1.000000
vn 0.000000 0.000000 -1.000000
vn 0.000000 0.000000 -1.000000
vn 0.000000 0.000000 -1.000000
vn 0.000000 0.000000 -1.000000
vn 0.000000 0.000000 -1.000000
vn 0.000000 -0.000000 -1.000000
vn 0.000000 0.000000 -1.000000
vn 0.000000 0.000000 -1.000000
vn 0.000000 0.000000 -1.000000
vn 0.000000 0.000000 -1.000000
vn 0.000000 0.000000 -1.000000
vn 0.000000 -0.000000 -1.000000
vn 0.000000 -0.000000 -1.000000
vn 0.000000 0.000000 -1.000000
vn 0.000000 0.000000 -1.000000
vn 0.000000 0.000000 -1.000000
vn 0.000000 0.000000 -1.000000
vn 0.000000 0.000000 -1.000000
vn 0.000000 0.000000 -1.000000
vn 0.000000 0.000000 -1.000000
vn 0.000000 0.000000 -1.000000
vn 0.000000 0.000000 -1.000000
vn 0.000000 0.000000 -1.000000
vn 0.000000 0.000000 -1.000000
vn 0.000000 0.000000 -1.000000
vn 0.000000 0.000000 -1.000000
vn 0.000000 0.000000 -1.000000
vn 0.000000 0.000000 -1.000000
vn 0.000000 -0.000000 -1.000000
vn 0.000000 -0.000000 -1.000000
vn 0.000000 0.000000 -1.000000
vn 0.000000 -0.000000 -1.000000
vn 0.000000 -0.000000 -1.000000
vn 0.000000 0.000000 -1.000000
vn 0.000000 0.000000 -1.000000
vn -0.000000 -0.000000 -1.000000
vn 0.000000 -0.000000 -1.000000
vn 0.000000 0.000000 -1.000000
vn 0.000000 0.000000 -1.000000
vn 0.000000 0.000000 -1.000000
vn 0.000000 0.000000 -1.000000
vn 0.000000 0.000000 -1.000000
vn 0.000000 0.000000 -1.000000
vn 0.000000 0.000000 -1.000000
vn 0.000000 0.000000 -1.000000
vn 0.000000 0.000000 -1.000000
vn 0.000000 0.000000 -1.000000
vn 0.000000 0.000000 -1.000000
vn 0.000000 0.000000 -1.000000
vn 0.000000 0.000000 -1.000000
vn -0.000000 -0.000000 -1.000000
vn 0.000000 -0.000000 -1.000000
vn 0.000000 -0.000000 -1.000000
vn 0.000000 -0.000000 -1.000000
vn 0.000000 0.000000 -1.000000
vn 0.000000 -0.000000 -1.000000
vn 0.000000 0.000000 -1.000000
vn 0.000000 0.000000 -1.000000
vn 0.000000 0.000000 -1.000000
vn 0.000000 0.000000 -1.000000
vn 0.000000 0.000000 -1.000000
vn 0.000000 0.000000 -1.000000
vn 0.000000 0.000000 -1.000000
vn 0.000000 0.000000 -1.000000
vn 0.000000 0.000000 -1.000000
vn 0.000000 0.000000 -1.000000
vn 0.000000 0.000000 -1.000000
vn 0.000000 0.000000 -1.000000
vn 0.000000 -0.000000 -1.000000
vn 0.000000 0.000000 -1.000000
vn 0.000000 -0.000000 -1.000000
vn 0.000000 0.000000 -1.000000
vn 0.000000 0.000000 -1.000000
vn 0.000000 0.000000 -1.000000
vn 0.000000 -0.000000 -1.000000
vn 0.000000 0.000000 -1.000000
vn 0.000000 0.000000 -1.000000
vn 0.000000 0.000000 -1.000000
vn 0.000000 0.000000 -1.000000
vn 0.000000 0.000000 -1.000000
vn 0.000000 0.000000 -1.000000
vn 0.000000 0.000000 -1.000000
vn 0.000000 0.000000 -1.000000
vn 0.000000 0.000000 -1.000000
vn 0.000000 0.000000 -1.000000
vn 0.000000 0.000000 -1.000000
vn 0.000000 0.000000 -1.000000
vn 0.000000 0.000000 -1.000000
vn 0.000000 0.000000 -1.000000
vn 0.000000 0.000000 -1.000000
vn 0.000000 0.000000 -1.000000
vn 0.000000 0.000000 -1.000000
vn 0.000000 0.000000 -1.000000
vn 0.000000 0.000000 -1.000000
vn 0.000000 -0.000000 -1.000000
vn 0.000000 -0.000000 -1.000000
vn 0.000000 0.000000 -1.000000
vn 0.000000 0.000000 -1.000000
vn 0.000000 0.000000 -1.000000
vn 0.000000 0.000000 -1.000000
vn 0.000000 0.000000 -1.000000
vn 0.000000 0.000000 -1.000000
vn 0.000000 0.000000 -1.000000
vn 0.000000 0.000000 -1.000000
vn 0.000000 0.000000 -1.000000
vn 0.000000 0.000000 -1.000000
vn 0.000000 -0.000000 -1.000000
vn 0.000000 0.000000 -1.000000
vn 0.000000 0.000000 -1.000000
vn 0.000000 0.000000 -1.000000
vn 0.000000 0.000000 -1.000000
vn 0.000000 0.000000 -1.000000
vn 0.000000 0.000000 -1.000000
vn 0.000000 0.000000 -1.000000
vn 0.000000 0.000000 -1.000000
vn 0.000000 0.000000 -1.000000
vn 0.000000 0.000000 -1.000000
vn 0.000000 0.000000 -1.000000
vn 0.000000 0.000000 -1.000000
vn 0.000000 0.000000 -1.000000
vn 0.000000 0.000000 -1.000000
vn 0.000000 0.000000 -1.000000
vn 0.000000 0.000000 -1.000000
vn 0.000000 0.000000 -1.000000
vn -0.000000 -0.000000 -1.000000
vn 0.000000 -0.000000 -1.000000
vn 0.000000 0.000000 -1.000000
vn 0.000000 -0.000000 -1.000000
vn 0.000000 -0.000000 -1.000000
vn 0.000000 0.000000 -1.000000
vn -0.000000 -0.000000 -1.000000
vn 0.000000 -0.000000 -1.000000
vn 0.000000 0.000000 -1.000000
vn 0.000000 -0.000000 -1.000000
vn -0.000000 -0.000000 -1.000000
vn 0.000000 0.000000 -1.000000
vn 0.000000 -0.000000 -1.000000
vn 0.000000 0.000000 -1.000000
vn 0.000000 0.000000 -1.000000
vn 0.000000 0.000000 -1.000000
vn 0.000000 0.000000 -1.000000
vn 0.000000 0.000000 -1.000000
vn 0.000000 0.000000 -1.000000
vn 0.000000 0.000000 -1.000000
vn 0.000000 0.000000 -1.000000
vn 0.000000 0.000000 -1.000000
vn 0.000000 0.000000 -1.000000
vn 0.000000 0.000000 -1.000000
vn 0.000000 0.000000 -1.000000
vn 0.000000 -0.000000 -1.000000
vn 0.000000 -0.000000 -1.000000
vn 0.000000 0.000000 -1.000000
vn 0.000000 0.000000 -1.000000
vn 0.000000 0.000000 -1.000000
vn 0.000000 0.000000 -1.000000
vn 0.000000 0.000000 -1.000000
vn 0.000000 0.000000 -1.000000
vn 0.000000 0.000000 -1.000000
vn 0.000000 -0.000000 -1.000000
vn 0.000000 0.000000 -1.000000
vn 0.000000 0.000000 -1.000000
vn 0.000000 0.000000 -1.000000
vn 0.000000 0.000000 -1.000000
vn 0.000000 0.000000 -1.000000
vn 0.000000 0.000000 -1.000000
vn 0.000000 0.000000 -1.000000
vn 0.000000 0.000000 -1.000000
vn 0.000000 0.000000 -1.000000
vn 0.000000 0.000000 -1.000000
vn 0.000000 0.000000 -1.000000
vn 0.000000 0.000000 -1.000000
vn 0.000000 0.000000 -1.000000
vn 0.000000 0.000000 -1.000000
vn 0.000000 0.000000 -1.000000
vn 0.000000 0.000000 -1.000000
vn 0.000000 0.000000 -1.000000
vn 0.000000 0.000000 -1.000000
vn 0.000000 -0.000000 -1.000000
vn 0.000000 -0.000000 -1.000000
vn 0.000000 0.000000 -1.000000
vn 0.000000 0.000000 -1.000000
vn 0.000000 0.000000 -1.000000
vn 0.000000 0.000000 -1.000000
vn 0.000000 0.000000 -1.000000
vn 0.000000 0.000000 -1.000000
vn 0.000000 0.000000 -1.000000
vn 0.000000 -0.000000 -1.000000
vn 0.000000 0.000000 -1.000000
vn 0.000000 0.000000 -1.000000
vn 0.000000 0.000000 -1.000000
vn 0.000000 0.000000 -1.000000
vn 0.000000 0.000000 -1.000000
vn 0.000000 0.000000 -1.000000
vn 0.000000 0.000000 -1.000000
vn 0.000000 0.000000 -1.000000
vn 0.000000 0.000000 -1.000000
vn 0.000000 0.000000 -1.000000
vn 0.000000 0.000000 -1.000000
vn 0.000000 0.000000 -1.000000
vn 0.000000 0.000000 -1.000000
vn 0.000000 0.000000 -1.000000
vn 0.000000 0.000000 -1.000000
vn 0.000000 0.000000 -1.000000
vn 0.000000 -0.000000 -1.000000
vn -0.000000 -0.000000 -1.000000
vn 0.000000 -0.000000 -1.000000
vn 0.000000 -0.000000 -1.000000
vn 0.000000 0.000000 -1.000000
vn 0.000000 0.000000 -1.000000
vn 0.000000 0.000000 -1.000000
vn 0.000000 -0.000000 -1.000000
vn -0.000000 -0.000000 -1.000000
vn 0.000000 0.000000 -1.000000
vn -0.000000 -0.000000 -1.000000
vn 0.000000 -0.000000 -1.000000
vn 0.000000 -0.000000 -1.000000
vn -0.000000 -0.000000 -1.000000
vn -0.000000 -0.000000 -1.000000
vn 0.000000 0.000000 -1.000000
vn 0.000000 -0.000000 -1.000000
vn 0.000000 0.000000 -1.000000
vn 0.000000 0.000000 -1.000000
vn 0.000000 0.000000 -1.000000
vn 0.000000 0.000000 -1.000000
vn 0.000000 0.000000 -1.000000
vn 0.000000 0.000000 -1.000000
vn 0.000000 0.000000 -1.000000
vn 0.000000 0.000000 -1.000000
vn 0.000000 0.000000 -1.000000
vn 0.000000 0.000000 -1.000000
vn 0.000000 0.000000 -1.000000
vn 0.000000 0.000000 -1.000000
vn 0.000000 0.000000 -1.000000
vn 0.000000 0.000000 -1.000000
vn 0.000000 0.000000 -1.000000
vn 0.000000 0.000000 -1.000000
vn 0.000000 0.000000 -1.000000
vn 0.000000 0.000000 -1.000000
vn 0.000000 0.000000 -1.000000
vn 0.000000 0.000000 -1.000000
vn 0.000000 -0.000000 -1.000000
vn 0.000000 0.000000 -1.000000
vn 0.000000 0.000000 -1.000000
vn 0.000000 0.000000 -1.000000
vn 0.000000 0.000000 -1.000000
vn 0.000000 -0.000000 -1.000000
vn 0.000000 0.000000 -1.000000
vn 0.000000 0.000000 -1.000000
vn 0.000000 0.000000 -1.000000
vn 0.000000 0.000000 -1.000000
vn 0.000000 -0.000000 -1.000000
vn 0.000000 0.000000 -1.000000
vn 0.000000 0.000000 -1.000000
vn 0.000000 0.000000 -1.000000
vn 0.000000 0.000000 -1.000000
vn 0.000000 0.000000 -1.000000
vn 0.000000 0.000000 -1.000000
vn 0.000000 0.000000 -1.000000
vn 0.000000 0.000000 -1.000000
vn 0.000000 0.000000 -1.000000
vn 0.000000 0.000000 -1.000000
vn 0.000000 0.000000 -1.000000
vn 0.000000 0.000000 -1.000000
vn 0.000000 0.000000 -1.000000
vn 0.000000 0.000000 -1.000000
vn 0.000000 0.000000 -1.000000
vn 0.000000 0.000000 -1.000000
vn 0.000000 0.000000 -1.000000
vn 0.000000 -0.000000 -1.000000
vn 0.000000 0.000000 -1.000000
vn 0.000000 0.000000 -1.000000
vn 0.000000 0.000000 -1.000000
vn 0.000000 0.000000 -1.000000
vn 0.000000 0.000000 -1.000000
vn 0.000000 -0.000000 -1.000000
vn 0.000000 0.000000 -1.000000
vn 0.000000 0.000000 -1.000000
vn 0.000000 0.000000 -1.000000
vn 0.000000 0.000000 -1.000000
vn 0.000000 -0.000000 -1.000000
vn 0.000000 0.000000 -1.000000
vn 0.000000 0.000000 -1.000000
vn 0.000000 0.000000 -1.000000
vn 0.000000 0.000000 -1.000000
vn 0.000000 0.000000 -1.000000
vn 0.000000 0.000000 -1.000000
vn 0.000000 0.000000 -1.000000
vn 0.000000 0.000000 -1.000000
vn 0.000000 0.000000 -1.000000
vn 0.000000 0.000000 -1.000000
vn 0.000000 0.000000 -1.000000
vn 0.000000 0.000000 -1.000000
vn 0.000000 0.000000 -1.000000
vn 0.000000 0.000000 -1.000000
vn 0.000000 0.000000 -1.000000
vn 0.000000 0.000000 -1.000000
vn 0.000000 0.000000 -1.000000
vn 0.000000 0.000000 -1.000000
vn 0.000000 0.000000 -1.000000
vn 0.000000 0.000000 -1.000000
vn 0.000000 0.000000 -1.000000
vn 0.000000 0.000000 -1.000000
vn 0.000000 0.000000 -1.000000
vn 0.000000 0.000000 -1.000000
vn 0.000000 -0.000000 -1.000000
vn 0.000000 0.000000 -1.000000
vn 0.000000 0.000000 -1.000000
vn 0.000000 0.000000 -1.000000
vn 0.000000 -0.000000 -1.000000
vn 0.000000 0.000000 -1.000000
vn 0.000000 0.000000 -1.000000
vn 0.000000 0.000000 -1.000000
vn 0.000000 0.000000 -1.000000
vn 0.000000 0.000000 -1.000000
vn 0.000000 0.000000 -1.000000
vn 0.000000 0.000000 -1.000000
vn 0.000000 0.000000 -1.000000
vn 0.000000 -0.000000 -1.000000
vn 0.000000 0.000000 -1.000000
vn 0.000000 0.000000 -1.000000
vn 0.000000 0.000000 -1.000000
vn 0.000000 0.000000 -1.000000
vn 0.000000 0.000000 -1.000000
vn 0.000000 0.000000 -1.000000
vn 0.000000 0.000000 -1.000000
vn 0.000000 0.000000 -1.000000
vn 0.000000 0.000000 -1.000000
vn 0.000000 0.000000 -1.000000
vn 0.000000 0.000000 -1.000000
vn 0.000000 0.000000 -1.000000
vn 0.000000 0.000000 -1.000000
vn 0.000000 0.000000 -1.000000
vn 0.000000 0.000000 -1.000000
vn 0.000000 0.000000 -1.000000
vn 0.000000 0.000000 -1.000000
vn 0.000000 0.000000 -1.000000
vn 0.000000 0.000000 -1.000000
vn 0.000000 0.000000 -1.000000
vn 0.000000 0.000000 -1.000000
vn 0.000000 0.000000 -1.000000
vn 0.000000 0.000000 -1.000000
vn 0.000000 0.000000 -1.000000
vn 0.000000 0.000000 -1.000000
vn 0.000000 0.000000 -1.000000
vn 0.000000 0.000000 -1.000000
vn 0.000000 0.000000 -1.000000
vn 0.000000 0.000000 -1.000000
vn 0.000000 0.000000 -1.000000
vn 0.000000 0.000000 -1.000000
vn 0.000000 0.000000 -1.000000
vn 0.000000 0.000000 -1.000000
vn 0.000000 0.000000 -1.000000
vn 0.000000 0.000000 -1.000000
vn 0.000000 -0.000000 -1.000000
vn 0.000000 0.000000 -1.000000
vn 0.000000 0.000000 -1.000000
vn 0.000000 0.000000 -1.000000
vn 0.000000 0.000000 -1.000000
vn 0.000000 0.000000 1.000000
vn 0.000000 0.000000 1.000000
vn 0.000000 0.000000 1.000000
vn 0.000000 0.000000 1.000000
vn 0.000000 0.000000 1.000000
vn 0.000000 0.000000 1.000000
vn 0.000000 0.000000 1.000000
vn 0.000000 0.000000 1.000000
vn 0.000000 0.000000 1.000000
vn 0.000000 0.000000 1.000000
vn 0.000000 0.000000 1.000000
vn 0.000000 0.000000 1.000000
vn 0.000000 0.000000 1.000000
vn 0.000000 0.000000 1.000000
vn 0.000000 0.000000 1.000000
vn 0.000000 0.000000 1.000000
vn 0.000000 0.000000 1.000000
vn 0.000000 0.000000 1.000000
vn 0.000000 0.000000 1.000000
vn 0.000000 0.000000 1.000000
vn 0.000000 0.000000 1.000000
vn 0.000000 0.000000 1.000000
vn 0.000000 0.000000 1.000000
vn 0.000000 0.000000 1.000000
vn 0.000000 0.000000 1.000000
vn 0.000000 0.000000 1.000000
vn 0.000000 0.000000 1.000000
vn 0.000000 0.000000 1.000000
vn 0.000000 0.000000 1.000000
vn 0.000000 0.000000 1.000000
vn 0.000000 0.000000 1.000000
vn 0.000000 0.000000 1.000000
vn 0.000000 0.000000 1.000000
vn 0.000000 0.000000 1.000000
vn 0.000000 0.000000 1.000000
vn 0.000000 0.000000 1.000000
vn 0.000000 0.000000 1.000000
vn 0.000000 0.000000 1.000000
vn 0.000000 0.000000 1.000000
vn 0.000000 0.000000 1.000000
vn 0.000000 0.000000 1.000000
vn 0.000000 0.000000 1.000000
vn 0.000000 0.000000 1.000000
vn 0.000000 0.000000 1.000000
vn 0.000000 0.000000 1.000000
vn 0.000000 0.000000 1.000000
vn 0.000000 0.000000 1.000000
vn 0.000000 0.000000 1.000000
vn 0.000000 0.000000 1.000000
vn 0.000000 0.000000 1.000000
vn 0.000000 0.000000 1.000000
vn 0.000000 0.000000 1.000000
vn 0.000000 0.000000 1.000000
vn 0.000000 0.000000 1.000000
vn 0.000000 0.000000 1.000000
vn 0.000000 0.000000 1.000000
vn 0.000000 0.000000 1.000000
vn 0.000000 0.000000 1.000000
vn 0.000000 0.000000 1.000000
vn 0.000000 0.000000 1.000000
vn 0.000000 0.000000 1.000000
vn 0.000000 0.000000 1.000000
vn 0.000000 0.000000 1.000000
vn 0.000000 0.000000 1.000000
vn 0.000000 0.000000 1.000000
vn 0.000000 0.000000 1.000000
vn 0.000000 0.000000 1.000000
vn 0.000000 0.000000 1.000000
vn 0.000000 0.000000 1.000000
vn 0.000000 0.000000 1.000000
vn 0.000000 0.000000 1.000000
vn 0.000000 0.000000 1.000000
vn 0.000000 0.000000 1.000000
vn 0.000000 0.000000 1.000000
vn 0.000000 0.000000 1.000000
vn 0.000000 0.000000 1.000000
vn 0.000000 0.000000 1.000000
vn 0.000000 0.000000 1.000000
vn 0.000000 0.000000 1.000000
vn 0.000000 0.000000 1.000000
vn 0.000000 0.000000 1.000000
vn 0.000000 0.000000 1.000000
vn 0.000000 0.000000 1.000000
vn 0.000000 0.000000 1.000000
vn 0.000000 0.000000 1.000000
vn 0.000000 0.000000 1.000000
vn 0.000000 0.000000 1.000000
vn 0.000000 0.000000 1.000000
vn 0.000000 0.000000 1.000000
vn 0.000000 0.000000 1.000000
vn 0.000000 0.000000 1.000000
vn 0.000000 0.000000 1.000000
vn 0.000000 0.000000 1.000000
vn 0.000000 0.000000 1.000000
vn 0.000000 0.000000 1.000000
vn 0.000000 0.000000 1.000000
vn 0.000000 0.000000 1.000000
vn 0.000000 0.000000 1.000000
vn 0.000000 0.000000 1.000000
vn 0.000000 0.000000 1.000000
vn 0.000000 0.000000 1.000000
vn 0.000000 0.000000 1.000000
vn 0.000000 0.000000 1.000000
vn 0.000000 0.000000 1.000000
vn 0.000000 0.000000 1.000000
vn 0.000000 0.000000 1.000000
vn 0.000000 0.000000 1.000000
vn 0.000000 0.000000 1.000000
vn 0.000000 0.000000 1.000000
vn 0.000000 0.000000 1.000000
vn 0.000000 0.000000 1.000000
vn 0.000000 0.000000 1.000000
vn 0.000000 0.000000 1.000000
vn 0.000000 0.000000 1.000000
vn 0.000000 0.000000 1.000000
vn 0.000000 0.000000 1.000000
vn 0.000000 0.000000 1.000000
vn 0.000000 0.000000 1.000000
vn 0.000000 0.000000 1.000000
vn 0.000000 0.000000 1.000000
vn 0.000000 0.000000 1.000000
vn 0.000000 0.000000 1.000000
vn 0.000000 0.000000 1.000000
vn 0.000000 0.000000 1.000000
vn 0.000000 0.000000 1.000000
vn 0.000000 0.000000 1.000000
vn 0.000000 0.000000 1.000000
vn 0.000000 0.000000 1.000000
vn 0.000000 0.000000 1.000000
vn 0.000000 0.000000 1.000000
vn 0.000000 0.000000 1.000000
vn 0.000000 0.000000 1.000000
vn 0.000000 0.000000 1.000000
vn 0.000000 0.000000 1.000000
vn 0.000000 0.000000 1.000000
vn 0.000000 0.000000 1.000000
vn 0.000000 0.000000 1.000000
vn 0.000000 0.000000 1.000000
vn 0.000000 0.000000 1.000000
vn 0.000000 0.000000 1.000000
vn 0.000000 0.000000 1.000000
vn 0.000000 0.000000 1.000000
vn 0.000000 0.000000 1.000000
vn 0.000000 0.000000 1.000000
vn 0.000000 0.000000 1.000000
vn 0.000000 0.000000 1.000000
vn 0.000000 0.000000 1.000000
vn 0.000000 0.000000 1.000000
vn 0.000000 0.000000 1.000000
vn 0.000000 0.000000 1.000000
vn 0.000000 0.000000 1.000000
vn 0.000000 0.000000 1.000000
vn 0.000000 0.000000 1.000000
vn 0.000000 0.000000 1.000000
vn 0.000000 0.000000 1.000000
vn 0.000000 0.000000 1.000000
vn 0.000000 0.000000 1.000000
vn 0.000000 0.000000 1.000000
vn 0.000000 0.000000 1.000000
vn 0.000000 0.000000 1.000000
vn 0.000000 0.000000 1.000000
vn 0.000000 0.000000 1.000000
vn 0.000000 0.000000 1.000000
vn 0.000000 0.000000 1.000000
vn 0.000000 0.000000 1.000000
vn 0.000000 0.000000 1.000000
vn 0.000000 0.000000 1.000000
vn 0.000000 0.000000 1.000000
vn 0.000000 0.000000 1.000000
vn 0.000000 0.000000 1.000000
vn 0.000000 0.000000 1.000000
vn 0.000000 0.000000 1.000000
vn 0.000000 0.000000 1.000000
vn 0.000000 0.000000 1.000000
vn 0.000000 0.000000 1.000000
vn 0.000000 0.000000 1.000000
vn 0.000000 0.000000 1.000000
vn 0.000000 0.000000 1.000000
vn 0.000000 0.000000 1.000000
vn 0.000000 0.000000 1.000000
vn 0.000000 0.000000 1.000000
vn 0.000000 0.000000 1.000000
vn 0.000000 0.000000 1.000000
vn 0.000000 0.000000 1.000000
vn 0.000000 0.000000 1.000000
vn 0.000000 0.000000 1.000000
vn 0.000000 0.000000 1.000000
vn 0.000000 0.000000 1.000000
vn 0.000000 0.000000 1.000000
vn 0.000000 0.000000 1.000000
vn 0.000000 0.000000 1.000000
vn 0.000000 0.000000 1.000000
vn 0.000000 0.000000 1.000000
vn 0.000000 0.000000 1.000000
vn 0.000000 0.000000 1.000000
vn 0.000000 0.000000 1.000000
vn 0.000000 0.000000 1.000000
vn 0.000000 0.000000 1.000000
vn 0.000000 0.000000 1.000000
vn 0.000000 0.000000 1.000000
vn 0.000000 0.000000 1.000000
vn 0.000000 0.000000 1.000000
vn 0.000000 0.000000 1.000000
vn 0.000000 0.000000 1.000000
vn 0.000000 0.000000 1.000000
vn 0.000000 0.000000 1.000000
vn 0.000000 0.000000 1.000000
vn 0.000000 0.000000 1.000000
vn 0.000000 0.000000 1.000000
vn 0.000000 0.000000 1.000000
vn 0.000000 0.000000 1.000000
vn 0.000000 0.000000 1.000000
vn 0.000000 0.000000 1.000000
vn 0.000000 0.000000 1.000000
vn 0.000000 0.000000 1.000000
vn 0.000000 0.000000 1.000000
vn 0.000000 0.000000 1.000000
vn 0.000000 0.000000 1.000000
vn 0.000000 0.000000 1.000000
vn 0.000000 0.000000 1.000000
vn 0.000000 0.000000 1.000000
vn 0.000000 0.000000 1.000000
vn 0.000000 0.000000 1.000000
vn 0.000000 0.000000 1.000000
vn 0.000000 0.000000 1.000000
vn 0.000000 0.000000 1.000000
vn 0.000000 0.000000 1.000000
vn 0.000000 0.000000 1.000000
vn 0.000000 0.000000 1.000000
vn 0.000000 0.000000 1.000000
vn 0.000000 0.000000 1.000000
vn 0.000000 0.000000 1.000000
vn 0.000000 0.000000 1.000000
vn 0.000000 0.000000 1.000000
vn 0.000000 0.000000 1.000000
vn 0.000000 0.000000 1.000000
vn 0.000000 0.000000 1.000000
vn 0.000000 0.000000 1.000000
vn 0.000000 0.000000 1.000000
vn 0.000000 0.000000 1.000000
vn 0.000000 0.000000 1.000000
vn 0.000000 0.000000 1.000000
vn 0.000000 0.000000 1.000000
vn 0.000000 0.000000 1.000000
vn 0.000000 0.000000 1.000000
vn 0.000000 0.000000 1.000000
vn 0.000000 0.000000 1.000000
vn 0.000000 0.000000 1.000000
vn 0.000000 0.000000 1.000000
vn 0.000000 0.000000 1.000000
vn 0.000000 0.000000 1.000000
vn 0.000000 0.000000 1.000000
vn 0.000000 0.000000 1.000000
vn 0.000000 0.000000 1.000000
vn 0.000000 0.000000 1.000000
vn 0.000000 0.000000 1.000000
vn 0.000000 0.000000 1.000000
vn 0.000000 0.000000 1.000000
vn 0.000000 0.000000 1.000000
vn 0.000000 0.000000 1.000000
vn 0.000000 0.000000 1.000000
vn 0.000000 0.000000 1.000000
vn 0.000000 0.000000 1.000000
vn 0.000000 0.000000 1.000000
vn 0.000000 0.000000 1.000000
vn 0.000000 0.000000 1.000000
vn 0.000000 0.000000 1.000000
vn 0.000000 0.000000 1.000000
vn 0.000000 0.000000 1.000000
vn 0.000000 0.000000 1.000000
vn 0.000000 0.000000 1.000000
vn 0.000000 0.000000 1.000000
vn 0.000000 0.000000 1.000000
vn 0.000000 0.000000 1.000000
vn 0.000000 0.000000 1.000000
vn 0.000000 0.000000 1.000000
vn 0.000000 0.000000 1.000000
vn 0.000000 0.000000 1.000000
vn 0.000000 0.000000 1.000000
vn 0.000000 0.000000 1.000000
vn 0.000000 0.000000 1.000000
vn 0.000000 0.000000 1.000000
vn 0.000000 0.000000 1.000000
vn 0.000000 0.000000 1.000000
vn 0.000000 0.000000 1.000000
vn 0.000000 0.000000 1.000000
vn 0.000000 0.000000 1.000000
vn 0.000000 0.000000 1.000000
vn 0.000000 0.000000 1.000000
vn 0.000000 0.000000 1.000000
vn 0.000000 0.000000 1.000000
vn 0.000000 0.000000 1.000000
vn 0.000000 0.000000 1.000000
vn 0.000000 0.000000 1.000000
vn 0.000000 0.000000 1.000000
vn 0.000000 0.000000 1.000000
vn 0.000000 0.000000 1.000000
vn 0.000000 0.000000 1.000000
vn 0.000000 0.000000 1.000000
vn 0.000000 0.000000 1.000000
vn 0.000000 0.000000 1.000000
vn 0.000000 0.000000 1.000000
vn 0.000000 0.000000 1.000000
vn 0.000000 0.000000 1.000000
vn 0.000000 0.000000 1.000000
vn 0.000000 0.000000 1.000000
vn 0.000000 0.000000 1.000000
vn 0.000000 0.000000 1.000000
vn 0.000000 0.000000 1.000000
vn 0.000000 0.000000 1.000000
vn 0.000000 0.000000 1.000000
vn 0.000000 0.000000 1.000000
vn 0.000000 0.000000 1.000000
vn 0.000000 0.000000 1.000000
vn 0.000000 0.000000 1.000000
vn 0.000000 0.000000 1.000000
vn 0.000000 0.000000 1.000000
vn 0.000000 0.000000 1.000000
vn 0.000000 0.000000 1.000000
vn 0.000000 0.000000 1.000000
vn 0.000000 0.000000 1.000000
vn 0.000000 0.000000 1.000000
vn 0.000000 0.000000 1.000000
vn 0.000000 0.000000 1.000000
vn 0.000000 0.000000 1.000000
vn 0.000000 0.000000 1.000000
vn 0.000000 0.000000 1.000000
vn 0.000000 0.000000 1.000000
vn 0.000000 0.000000 1.000000
vn 0.000000 0.000000 1.000000
vn 0.000000 0.000000 1.000000
vn 0.000000 0.000000 1.000000
vn 0.000000 0.000000 1.000000
vn 0.000000 0.000000 1.000000
vn 0.000000 0.000000 1.000000
vn 0.000000 0.000000 1.000000
vn 0.000000 0.000000 1.000000
vn 0.000000 0.000000 1.000000
vn 0.000000 0.000000 1.000000
vn 0.000000 0.000000 1.000000
vn 0.000000 0.000000 1.000000
vn 0.000000 0.000000 1.000000
vn 0.000000 0.000000 1.000000
vn 0.000000 0.000000 1.000000
vn 0.000000 0.000000 1.000000
vn 0.000000 0.000000 1.000000
vn 0.000000 0.000000 1.000000
vn 0.000000 0.000000 1.000000
vn 0.000000 0.000000 1.000000
vn 0.000000 0.000000 1.000000
vn 0.000000 0.000000 1.000000
vn 0.000000 0.000000 1.000000
vn 0.000000 0.000000 1.000000
vn 0.000000 0.000000 1.000000
vn 0.000000 0.000000 1.000000
vn 0.000000 0.000000 1.000000
vn 0.000000 0.000000 1.000000
vn 0.000000 0.000000 1.000000
vn 0.000000 0.000000 1.000000
vn 0.000000 0.000000 1.000000
vn 0.000000 0.000000 1.000000
vn 0.000000 0.000000 1.000000
vn 0.000000 0.000000 1.000000
vn 0.000000 0.000000 1.000000
vn 0.000000 0.000000 1.000000
vn 0.000000 0.000000 1.000000
vn 0.000000 0.000000 1.000000
vn 0.000000 0.000000 1.000000
vn 0.000000 0.000000 1.000000
vn 0.000000 0.000000 1.000000
vn 0.000000 0.000000 1.000000
vn 0.000000 0.000000 1.000000
vn 0.000000 0.000000 1.000000
vn 0.000000 0.000000 1.000000
vn 0.000000 0.000000 1.000000
vn 0.000000 0.000000 1.000000
vn 0.000000 0.000000 1.000000
vn 0.000000 0.000000 1.000000
vn 0.000000 0.000000 1.000000
vn 0.000000 0.000000 1.000000
vn 0.000000 0.000000 1.000000
vn 0.000000 0.000000 1.000000
vn 0.000000 0.000000 1.000000
vn 0.000000 0.000000 1.000000
vn 0.000000 0.000000 1.000000
vn 0.000000 0.000000 1.000000
vn 0.000000 0.000000 1.000000
vn 0.000000 0.000000 1.000000
vn 0.000000 0.000000 1.000000
vn 0.000000 0.000000 1.000000
vn 0.000000 0.000000 1.000000
vn 0.000000 0.000000 1.000000
vn 0.000000 0.000000 1.000000
vn 0.000000 0.000000 1.000000
vn 0.000000 0.000000 1.000000
vn 0.000000 0.000000 1.000000
vn 0.000000 0.000000 1.000000
vn 0.000000 0.000000 1.000000
vn 0.000000 0.000000 1.000000
vn 0.000000 0.000000 1.000000
vn 0.000000 0.000000 1.000000
vn 0.000000 0.000000 1.000000
vn 0.000000 0.000000 1.000000
vn 0.000000 0.000000 1.000000
vn 0.000000 0.000000 1.000000
vn 0.000000 0.000000 1.000000
vn 0.000000 0.000000 1.000000
vn 0.000000 0.000000 1.000000
vn 0.000000 0.000000 1.000000
vn 0.000000 0.000000 1.000000
vn 0.000000 0.000000 1.000000
vn 0.000000 0.000000 1.000000
vn 0.000000 0.000000 1.000000
vn 0.000000 0.000000 1.000000
vn 0.000000 0.000000 1.000000
vn 0.000000 0.000000 1.000000
vn 0.000000 0.000000 1.000000
vn 0.000000 0.000000 1.000000
vn 0.000000 0.000000 1.000000
vn 0.000000 0.000000 1.000000
vn 0.000000 0.000000 1.000000
vn 0.000000 0.000000 1.000000
vn 0.000000 1.000000 -0.000000
vn 0.000000 1.000000 0.000000
vn -0.992709 -0.120538 -0.000000
vn -0.992709 -0.120538 0.000000
vn -0.935016 -0.354605 0.000000
vn -0.935016 -0.354605 -0.000000
vn -0.822984 -0.568065 0.000000
vn -0.822984 -0.568065 -0.000000
vn -0.663123 -0.748510 0.000000
vn -0.663123 -0.748510 -0.000000
vn -0.464724 -0.885455 0.000000
vn -0.464724 -0.885455 -0.000000
vn -0.239315 -0.970942 0.000000
vn -0.239315 -0.970942 -0.000000
vn 0.000000 -1.000000 0.000000
vn 0.239315 -0.970942 0.000000
vn -0.000000 -1.000000 -0.000000
vn 0.239315 -0.970942 0.000000
vn 0.464724 -0.885455 0.000000
vn 0.464724 -0.885455 0.000000
vn 0.663123 -0.748510 0.000000
vn 0.663123 -0.748510 0.000000
vn 0.822983 -0.568066 0.000000
vn 0.822983 -0.568066 0.000000
vn 0.935016 -0.354604 0.000000
vn 0.935016 -0.354604 0.000000
vn 0.992709 -0.120536 0.000000
vn 0.992709 -0.120536 0.000000
vn 0.992709 0.120536 0.000000
vn 0.992709 0.120536 0.000000
vn 0.935016 0.354604 0.000000
vn 0.935016 0.354604 0.000000
vn 0.822983 0.568066 0.000000
vn 0.822983 0.568066 0.000000
vn 0.663123 0.748510 0.000000
vn 0.663123 0.748510 0.000000
vn 0.464724 0.885455 0.000000
vn 0.464724 0.885455 0.000000
vn 0.239315 0.970942 0.000000
vn 0.239315 0.970942 0.000000
vn -0.000000 1.000000 0.000000
vn 0.000000 1.000000 0.000000
vn -0.239315 0.970942 0.000000
vn -0.239315 0.970942 0.000000
vn -0.464724 0.885455 0.000000
vn -0.464724 0.885455 0.000000
vn -0.663123 0.748510 0.000000
vn -0.663123 0.748510 0.000000
vn -0.822984 0.568065 0.000000
vn -0.822984 0.568065 0.000000
vn -0.935016 0.354605 0.000000
vn -0.935016 0.354605 0.000000
vn -0.992709 0.120538 0.000000
vn -0.992709 0.120538 0.000000
vn -0.992709 -0.120538 -0.000000
vn -0.992709 -0.120538 0.000000
vn -0.935018 -0.354601 0.000000
vn -0.935018 -0.354601 -0.000000
vn -0.822983 -0.568067 0.000000
vn -0.822983 -0.568067 -0.000000
vn -0.663122 -0.748511 0.000000
vn -0.663122 -0.748511 -0.000000
vn -0.464725 -0.885455 0.000000
vn -0.464725 -0.885455 -0.000000
vn -0.239315 -0.970942 0.000000
vn -0.239315 -0.970942 -0.000000
vn 0.000000 -1.000000 0.000000
vn 0.239315 -0.970942 0.000000
vn -0.000000 -1.000000 -0.000000
vn 0.239315 -0.970942 0.000000
vn 0.464725 -0.885455 0.000000
vn 0.464725 -0.885455 0.000000
vn 0.663122 -0.748511 0.000000
vn 0.663122 -0.748511 0.000000
vn 0.822983 -0.568067 0.000000
vn 0.822983 -0.568067 0.000000
vn 0.935018 -0.354601 0.000000
vn 0.935018 -0.354601 0.000000
vn 0.992709 -0.120538 0.000000
vn 0.992709 -0.120538 0.000000
vn 0.992709 0.120538 0.000000
vn 0.992709 0.120538 0.000000
vn 0.935018 0.354601 0.000000
vn 0.935018 0.354601 0.000000
vn 0.822983 0.568067 0.000000
vn 0.822983 0.568067 0.000000
vn 0.663122 0.748511 0.000000
vn 0.663122 0.748511 0.000000
vn 0.464725 0.885455 0.000000
vn 0.464725 0.885455 0.000000
vn 0.239315 0.970942 0.000000
vn 0.239315 0.970942 0.000000
vn -0.000000 1.000000 0.000000
vn 0.000000 1.000000 0.000000
vn -0.239315 0.970942 0.000000
vn -0.239315 0.970942 0.000000
vn -0.464725 0.885455 0.000000
vn -0.464725 0.885455 0.000000
vn -0.663122 0.748511 0.000000
vn -0.663122 0.748511 0.000000
vn -0.822983 0.568067 0.000000
vn -0.822983 0.568067 0.000000
vn -0.935018 0.354601 0.000000
vn -0.935018 0.354601 0.000000
vn -0.992709 0.120538 0.000000
vn -0.992709 0.120538 0.000000
vn -0.992709 -0.120538 -0.000000
vn -0.992709 -0.120538 0.000000
vn -0.935018 -0.354601 0.000000
vn -0.935018 -0.354601 -0.000000
vn -0.822985 -0.568064 0.000000
vn -0.822985 -0.568064 -0.000000
vn -0.663120 -0.748513 0.000000
vn -0.663120 -0.748513 -0.000000
vn -0.464725 -0.885455 0.000000
vn -0.464725 -0.885455 -0.000000
vn -0.239315 -0.970942 0.000000
vn -0.239315 -0.970942 -0.000000
vn 0.000000 -1.000000 0.000000
vn 0.239315 -0.970942 0.000000
vn -0.000000 -1.000000 -0.000000
vn 0.239315 -0.970942 0.000000
vn 0.464725 -0.885455 0.000000
vn 0.464725 -0.885455 0.000000
vn 0.663120 -0.748513 0.000000
vn 0.663120 -0.748513 0.000000
vn 0.822985 -0.568064 0.000000
vn 0.822985 -0.568064 0.000000
vn 0.935018 -0.354601 0.000000
vn 0.935018 -0.354601 0.000000
vn 0.992709 -0.120538 0.000000
vn 0.992709 -0.120538 0.000000
vn 0.992709 0.120538 0.000000
vn 0.992709 0.120538 0.000000
vn 0.935018 0.354601 0.000000
vn 0.935018 0.354601 0.000000
vn 0.822985 0.568064 0.000000
vn 0.822985 0.568064 0.000000
vn 0.663120 0.748513 0.000000
vn 0.663120 0.748513 0.000000
vn 0.464725 0.885455 0.000000
vn 0.464725 0.885455 0.000000
vn 0.239315 0.970942 0.000000
vn 0.239315 0.970942 0.000000
vn -0.000000 1.000000 0.000000
vn 0.000000 1.000000 0.000000
vn -0.239315 0.970942 0.000000
vn -0.239315 0.970942 0.000000
vn -0.464725 0.885455 0.000000
vn -0.464725 0.885455 0.000000
vn -0.663120 0.748513 0.000000
vn -0.663120 0.748513 0.000000
vn -0.822985 0.568064 0.000000
vn -0.822985 0.568064 0.000000
vn -0.935018 0.354601 0.000000
vn -0.935018 0.354601 0.000000
vn -0.992709 0.120538 0.000000
vn -0.992709 0.120538 0.000000
vn -0.992709 -0.120538 -0.000000
vn -0.992709 -0.120538 0.000000
vn -0.935018 -0.354601 0.000000
vn -0.935018 -0.354601 -0.000000
vn -0.822985 -0.568064 0.000000
vn -0.822985 -0.568064 -0.000000
vn -0.663120 -0.748513 0.000000
vn -0.663120 -0.748513 -0.000000
vn -0.464725 -0.885455 0.000000
vn -0.464725 -0.885455 -0.000000
vn -0.239315 -0.970942 0.000000
vn -0.239315 -0.970942 -0.000000
vn 0.000000 -1.000000 0.000000
vn 0.239315 -0.970942 0.000000
vn -0.000000 -1.000000 -0.000000
vn 0.239315 -0.970942 0.000000
vn 0.464725 -0.885455 0.000000
vn 0.464725 -0.885455 0.000000
vn 0.663120 -0.748513 0.000000
vn 0.663120 -0.748513 0.000000
vn 0.822985 -0.568064 0.000000
vn 0.822985 -0.568064 0.000000
vn 0.935018 -0.354601 0.000000
vn 0.935018 -0.354601 0.000000
vn 0.992709 -0.120538 0.000000
vn 0.992709 -0.120538 0.000000
vn 0.992709 0.120538 0.000000
vn 0.992709 0.120538 0.000000
vn 0.935018 0.354601 0.000000
vn 0.935018 0.354601 0.000000
vn 0.822985 0.568064 0.000000
vn 0.822985 0.568064 0.000000
vn 0.663120 0.748513 0.000000
vn 0.663120 0.748513 0.000000
vn 0.464725 0.885455 0.000000
vn 0.464725 0.885455 0.000000
vn 0.239315 0.970942 0.000000
vn 0.239315 0.970942 0.000000
vn -0.000000 1.000000 0.000000
vn 0.000000 1.000000 0.000000
vn -0.239315 0.970942 0.000000
vn -0.239315 0.970942 0.000000
vn -0.464725 0.885455 0.000000
vn -0.464725 0.885455 0.000000
vn -0.663120 0.748513 0.000000
vn -0.663120 0.748513 0.000000
vn -0.822985 0.568064 0.000000
vn -0.822985 0.568064 0.000000
vn -0.935018 0.354601 0.000000
vn -0.935018 0.354601 0.000000
vn -0.992709 0.120538 0.000000
vn -0.992709 0.120538 0.000000
vn -0.992709 -0.120538 -0.000000
vn -0.992709 -0.120538 0.000000
vn -0.935015 -0.354609 0.000000
vn -0.935015 -0.354609 -0.000000
vn -0.822981 -0.568070 0.000000
vn -0.822981 -0.568070 -0.000000
vn -0.663129 -0.748506 0.000000
vn -0.663129 -0.748506 -0.000000
vn -0.464725 -0.885455 0.000000
vn -0.464725 -0.885455 -0.000000
vn -0.239315 -0.970942 0.000000
vn -0.239315 -0.970942 -0.000000
vn 0.000000 -1.000000 0.000000
vn 0.239315 -0.970942 0.000000
vn -0.000000 -1.000000 -0.000000
vn 0.239315 -0.970942 0.000000
vn 0.464725 -0.885455 0.000000
vn 0.464725 -0.885455 0.000000
vn 0.663129 -0.748506 0.000000
vn 0.663129 -0.748506 0.000000
vn 0.822981 -0.568070 0.000000
vn 0.822981 -0.568070 0.000000
vn 0.935015 -0.354609 0.000000
vn 0.935015 -0.354609 0.000000
vn 0.992709 -0.120538 0.000000
vn 0.992709 -0.120538 0.000000
vn 0.992709 0.120538 0.000000
vn 0.992709 0.120538 0.000000
vn 0.935015 0.354609 0.000000
vn 0.935015 0.354609 0.000000
vn 0.822981 0.568070 0.000000
vn 0.822981 0.568070 0.000000
vn 0.663129 0.748506 0.000000
vn 0.663129 0.748506 0.000000
vn 0.464725 0.885455 0.000000
vn 0.464725 0.885455 0.000000
vn 0.239315 0.970942 0.000000
vn 0.239315 0.970942 0.000000
vn -0.000000 1.000000 0.000000
vn 0.000000 1.000000 0.000000
vn -0.239315 0.970942 0.000000
vn -0.239315 0.970942 0.000000
vn -0.464725 0.885455 0.000000
vn -0.464725 0.885455 0.000000
vn -0.663129 0.748506 0.000000
vn -0.663129 0.748506 0.000000
vn -0.822981 0.568070 0.000000
vn -0.822981 0.568070 0.000000
vn -0.935015 0.354609 0.000000
vn -0.935015 0.354609 0.000000
vn -0.992709 0.120538 0.000000
vn -0.992709 0.120538 0.000000
vn -0.992709 -0.120538 -0.000000
vn -0.992709 -0.120538 0.000000
vn -0.935016 -0.354605 0.000000
vn -0.935016 -0.354605 -0.000000
vn -0.822984 -0.568064 0.000000
vn -0.822984 -0.568064 -0.000000
vn -0.663123 -0.748510 0.000000
vn -0.663123 -0.748510 -0.000000
vn -0.464724 -0.885455 0.000000
vn -0.464724 -0.885455 -0.000000
vn -0.239315 -0.970942 0.000000
vn -0.239315 -0.970942 -0.000000
vn 0.000000 -1.000000 0.000000
vn 0.239315 -0.970942 0.000000
vn -0.000000 -1.000000 -0.000000
vn 0.239315 -0.970942 0.000000
vn 0.464724 -0.885455 0.000000
vn 0.464724 -0.885455 0.000000
vn 0.663123 -0.748510 0.000000
vn 0.663123 -0.748510 0.000000
vn 0.822984 -0.568065 0.000000
vn 0.822984 -0.568065 0.000000
vn 0.935016 -0.354604 0.000000
vn 0.935016 -0.354604 0.000000
vn 0.992709 -0.120537 0.000000
vn 0.992709 -0.120537 0.000000
vn 0.992709 0.120537 0.000000
vn 0.992709 0.120537 0.000000
vn 0.935016 0.354604 0.000000
vn 0.935016 0.354604 0.000000
vn 0.822984 0.568065 0.000000
vn 0.822984 0.568065 0.000000
vn 0.663123 0.748510 0.000000
vn 0.663123 0.748510 0.000000
vn 0.464724 0.885455 0.000000
vn 0.464724 0.885455 0.000000
vn 0.239315 0.970942 0.000000
vn 0.239315 0.970942 0.000000
vn -0.000000 1.000000 0.000000
vn 0.000000 1.000000 0.000000
vn -0.239315 0.970942 0.000000
vn -0.239315 0.970942 0.000000
vn -0.464724 0.885455 0.000000
vn -0.464724 0.885455 0.000000
vn -0.663123 0.748510 0.000000
vn -0.663123 0.748510 0.000000
vn -0.822984 0.568064 0.000000
vn -0.822984 0.568064 0.000000
vn -0.935016 0.354605 0.000000
vn -0.935016 0.354605 0.000000
vn -0.992709 0.120538 0.000000
vn -0.992709 0.120538 0.000000
vn -0.992709 -0.120538 -0.000000
vn -0.992709 -0.120538 0.000000
vn -0.935018 -0.354601 0.000000
vn -0.935018 -0.354601 -0.000000
vn -0.822983 -0.568066 0.000000
vn -0.822983 -0.568066 -0.000000
vn -0.663122 -0.748511 0.000000
vn -0.663122 -0.748511 -0.000000
vn -0.464725 -0.885455 0.000000
vn -0.464725 -0.885455 -0.000000
vn -0.239315 -0.970942 0.000000
vn -0.239315 -0.970942 -0.000000
vn 0.000000 -1.000000 0.000000
vn 0.239315 -0.970942 0.000000
vn -0.000000 -1.000000 -0.000000
vn 0.239315 -0.970942 0.000000
vn 0.464725 -0.885455 0.000000
vn 0.464725 -0.885455 0.000000
vn 0.663122 -0.748511 0.000000
vn 0.663122 -0.748511 0.000000
vn 0.822983 -0.568066 0.000000
vn 0.822983 -0.568066 0.000000
vn 0.935018 -0.354601 0.000000
vn 0.935018 -0.354601 0.000000
vn 0.992709 -0.120538 0.000000
vn 0.992709 -0.120538 0.000000
vn 0.992709 0.120538 0.000000
vn 0.992709 0.120538 0.000000
vn 0.935018 0.354601 0.000000
vn 0.935018 0.354601 0.000000
vn 0.822983 0.568066 0.000000
vn 0.822983 0.568066 0.000000
vn 0.663122 0.748511 0.000000
vn 0.663122 0.748511 0.000000
vn 0.464725 0.885455 0.000000
vn 0.464725 0.885455 0.000000
vn 0.239315 0.970942 0.000000
vn 0.239315 0.970942 0.000000
vn -0.000000 1.000000 0.000000
vn 0.000000 1.000000 0.000000
vn -0.239315 0.970942 0.000000
vn -0.239315 0.970942 0.000000
vn -0.464725 0.885455 0.000000
vn -0.464725 0.885455 0.000000
vn -0.663122 0.748511 0.000000
vn -0.663122 0.748511 0.000000
vn -0.822983 0.568066 0.000000
vn -0.822983 0.568066 0.000000
vn -0.935018 0.354601 0.000000
vn -0.935018 0.354601 0.000000
vn -0.992709 0.120538 0.000000
vn -0.992709 0.120538 0.000000
vn -0.992709 -0.120538 -0.000000
vn -0.992709 -0.120538 0.000000
vn -0.935017 -0.354604 0.000000
vn -0.935017 -0.354604 -0.000000
vn -0.822983 -0.568066 0.000000
vn -0.822983 -0.568066 -0.000000
vn -0.663126 -0.748508 0.000000
vn -0.663126 -0.748508 -0.000000
vn -0.464717 -0.885459 0.000000
vn -0.464717 -0.885459 -0.000000
vn -0.239320 -0.970941 0.000000
vn -0.239320 -0.970941 -0.000000
vn 0.000000 -1.000000 0.000000
vn 0.239320 -0.970941 0.000000
vn -0.000000 -1.000000 -0.000000
vn 0.239320 -0.970941 0.000000
vn 0.464717 -0.885459 0.000000
vn 0.464717 -0.885459 0.000000
vn 0.663126 -0.748508 0.000000
vn 0.663126 -0.748508 0.000000
vn 0.822982 -0.568067 0.000000
vn 0.822982 -0.568067 0.000000
vn 0.935017 -0.354603 0.000000
vn 0.935017 -0.354603 0.000000
vn 0.992709 -0.120537 0.000000
vn 0.992709 -0.120537 0.000000
vn 0.992709 0.120537 0.000000
vn 0.992709 0.120537 0.000000
vn 0.935017 0.354603 0.000000
vn 0.935017 0.354603 0.000000
vn 0.822982 0.568067 0.000000
vn 0.822982 0.568067 0.000000
vn 0.663126 0.748508 0.000000
vn 0.663126 0.748508 0.000000
vn 0.464717 0.885459 0.000000
vn 0.464717 0.885459 0.000000
vn 0.239320 0.970941 0.000000
vn 0.239320 0.970941 0.000000
vn -0.000000 1.000000 0.000000
vn 0.000000 1.000000 0.000000
vn -0.239320 0.970941 0.000000
vn -0.239320 0.970941 0.000000
vn -0.464717 0.885459 0.000000
vn -0.464717 0.885459 0.000000
vn -0.663126 0.748508 0.000000
vn -0.663126 0.748508 0.000000
vn -0.822983 0.568066 0.000000
vn -0.822983 0.568066 0.000000
vn -0.935017 0.354604 0.000000
vn -0.935017 0.354604 0.000000
vn -0.992709 0.120538 0.000000
vn -0.992709 0.120538 0.000000
vn -0.992709 -0.120538 -0.000000
vn -0.992709 -0.120538 0.000000
vn -0.935018 -0.354600 0.000000
vn -0.935018 -0.354600 -0.000000
vn -0.822982 -0.568068 0.000000
vn -0.822982 -0.568068 -0.000000
vn -0.663124 -0.748509 0.000000
vn -0.663124 -0.748509 -0.000000
vn -0.464718 -0.885459 0.000000
vn -0.464718 -0.885459 -0.000000
vn -0.239319 -0.970941 0.000000
vn -0.239319 -0.970941 -0.000000
vn 0.000000 -1.000000 0.000000
vn 0.239319 -0.970941 0.000000
vn -0.000000 -1.000000 -0.000000
vn 0.239319 -0.970941 0.000000
vn 0.464718 -0.885459 0.000000
vn 0.464718 -0.885459 0.000000
vn 0.663124 -0.748509 0.000000
vn 0.663124 -0.748509 0.000000
vn 0.822982 -0.568068 0.000000
vn 0.822982 -0.568068 0.000000
vn 0.935018 -0.354600 0.000000
vn 0.935018 -0.354600 0.000000
vn 0.992709 -0.120538 0.000000
vn 0.992709 -0.120538 0.000000
vn 0.992709 0.120538 0.000000
vn 0.992709 0.120538 0.000000
vn 0.935018 0.354600 0.000000
vn 0.935018 0.354600 0.000000
vn 0.822982 0.568068 0.000000
vn 0.822982 0.568068 0.000000
vn 0.663124 0.748509 0.000000
vn 0.663124 0.748509 0.000000
vn 0.464718 0.885459 0.000000
vn 0.464718 0.885459 0.000000
vn 0.239319 0.970941 0.000000
vn 0.239319 0.970941 0.000000
vn -0.000000 1.000000 0.000000
vn 0.000000 1.000000 0.000000
vn -0.239319 0.970941 0.000000
vn -0.239319 0.970941 0.000000
vn -0.464718 0.885459 0.000000
vn -0.464718 0.885459 0.000000
vn -0.663124 0.748509 0.000000
vn -0.663124 0.748509 0.000000
vn -0.822982 0.568068 0.000000
vn -0.822982 0.568068 0.000000
vn -0.935018 0.354600 0.000000
vn -0.935018 0.354600 0.000000
vn -0.992709 0.120538 0.000000
vn -0.992709 0.120538 0.000000
vn -0.992709 -0.120538 -0.000000
vn -0.992709 -0.120538 0.000000
vn -0.935018 -0.354601 0.000000
vn -0.935018 -0.354601 -0.000000
vn -0.822985 -0.568062 0.000000
vn -0.822985 -0.568062 -0.000000
vn -0.663120 -0.748513 0.000000
vn -0.663120 -0.748513 -0.000000
vn -0.464725 -0.885455 0.000000
vn -0.464725 -0.885455 -0.000000
vn -0.239315 -0.970942 0.000000
vn -0.239315 -0.970942 -0.000000
vn 0.000000 -1.000000 0.000000
vn 0.239315 -0.970942 0.000000
vn -0.000000 -1.000000 -0.000000
vn 0.239315 -0.970942 0.000000
vn 0.464725 -0.885455 0.000000
vn 0.464725 -0.885455 0.000000
vn 0.663120 -0.748513 0.000000
vn 0.663120 -0.748513 0.000000
vn 0.822985 -0.568062 0.000000
vn 0.822985 -0.568062 0.000000
vn 0.935018 -0.354601 0.000000
vn 0.935018 -0.354601 0.000000
vn 0.992709 -0.120538 0.000000
vn 0.992709 -0.120538 0.000000
vn 0.992709 0.120538 0.000000
vn 0.992709 0.120538 0.000000
vn 0.935018 0.354601 0.000000
vn 0.935018 0.354601 0.000000
vn 0.822985 0.568062 0.000000
vn 0.822985 0.568062 0.000000
vn 0.663120 0.748513 0.000000
vn 0.663120 0.748513 0.000000
vn 0.464725 0.885455 0.000000
vn 0.464725 0.885455 0.000000
vn 0.239315 0.970942 0.000000
vn 0.239315 0.970942 0.000000
vn -0.000000 1.000000 0.000000
vn 0.000000 1.000000 0.000000
vn -0.239315 0.970942 0.000000
vn -0.239315 0.970942 0.000000
vn -0.464725 0.885455 0.000000
vn -0.464725 0.885455 0.000000
vn -0.663120 0.748513 0.000000
vn -0.663120 0.748513 0.000000
vn -0.822985 0.568062 0.000000
vn -0.822985 0.568062 0.000000
vn -0.935018 0.354601 0.000000
vn -0.935018 0.354601 0.000000
vn -0.992709 0.120538 0.000000
vn -0.992709 0.120538 0.000000
vn -0.992709 -0.120538 -0.000000
vn -0.992709 -0.120538 0.000000
vn -0.935018 -0.354601 0.000000
vn -0.935018 -0.354601 -0.000000
vn -0.822985 -0.568062 0.000000
vn -0.822985 -0.568062 -0.000000
vn -0.663120 -0.748513 0.000000
vn -0.663120 -0.748513 -0.000000
vn -0.464725 -0.885455 0.000000
vn -0.464725 -0.885455 -0.000000
vn -0.239315 -0.970942 0.000000
vn -0.239315 -0.970942 -0.000000
vn 0.000000 -1.000000 0.000000
vn 0.239315 -0.970942 0.000000
vn -0.000000 -1.000000 -0.000000
vn 0.239315 -0.970942 0.000000
vn 0.464725 -0.885455 0.000000
vn 0.464725 -0.885455 0.000000
vn 0.663120 -0.748513 0.000000
vn 0.663120 -0.748513 0.000000
vn 0.822985 -0.568062 0.000000
vn 0.822985 -0.568062 0.000000
vn 0.935018 -0.354601 0.000000
vn 0.935018 -0.354601 0.000000
vn 0.992709 -0.120538 0.000000
vn 0.992709 -0.120538 0.000000
vn 0.992709 0.120538 0.000000
vn 0.992709 0.120538 0.000000
vn 0.935018 0.354601 0.000000
vn 0.935018 0.354601 0.000000
vn 0.822985 0.568062 0.000000
vn 0.822985 0.568062 0.000000
vn 0.663120 0.748513 0.000000
vn 0.663120 0.748513 0.000000
vn 0.464725 0.885455 0.000000
vn 0.464725 0.885455 0.000000
vn 0.239315 0.970942 0.000000
vn 0.239315 0.970942 0.000000
vn -0.000000 1.000000 0.000000
vn 0.000000 1.000000 0.000000
vn -0.239315 0.970942 0.000000
vn -0.239315 0.970942 0.000000
vn -0.464725 0.885455 0.000000
vn -0.464725 0.885455 0.000000
vn -0.663120 0.748513 0.000000
vn -0.663120 0.748513 0.000000
vn -0.822985 0.568062 0.000000
vn -0.822985 0.568062 0.000000
vn -0.935018 0.354601 0.000000
vn -0.935018 0.354601 0.000000
vn -0.992709 0.120538 0.000000
vn -0.992709 0.120538 0.000000
vn -0.992709 -0.120538 -0.000000
vn -0.992709 -0.120538 0.000000
vn -0.935015 -0.354609 0.000000
vn -0.935015 -0.354609 -0.000000
vn -0.822981 -0.568069 0.000000
vn -0.822981 -0.568069 -0.000000
vn -0.663129 -0.748506 0.000000
vn -0.663129 -0.748506 -0.000000
vn -0.464725 -0.885455 0.000000
vn -0.464725 -0.885455 -0.000000
vn -0.239315 -0.970942 0.000000
vn -0.239315 -0.970942 -0.000000
vn 0.000000 -1.000000 0.000000
vn 0.239315 -0.970942 0.000000
vn -0.000000 -1.000000 -0.000000
vn 0.239315 -0.970942 0.000000
vn 0.464725 -0.885455 0.000000
vn 0.464725 -0.885455 0.000000
vn 0.663129 -0.748506 0.000000
vn 0.663129 -0.748506 0.000000
vn 0.822981 -0.568069 0.000000
vn 0.822981 -0.568069 0.000000
vn 0.935015 -0.354609 0.000000
vn 0.935015 -0.354609 0.000000
vn 0.992709 -0.120538 0.000000
vn 0.992709 -0.120538 0.000000
vn 0.992709 0.120538 0.000000
vn 0.992709 0.120538 0.000000
vn 0.935015 0.354609 0.000000
vn 0.935015 0.354609 0.000000
vn 0.822981 0.568069 0.000000
vn 0.822981 0.568069 0.000000
vn 0.663129 0.748506 0.000000
vn 0.663129 0.748506 0.000000
vn 0.464725 0.885455 0.000000
vn 0.464725 0.885455 0.000000
vn 0.239315 0.970942 0.000000
vn 0.239315 0.970942 0.000000
vn -0.000000 1.000000 0.000000
vn 0.000000 1.000000 0.000000
vn -0.239315 0.970942 0.000000
vn -0.239315 0.970942 0.000000
vn -0.464725 0.885455 0.000000
vn -0.464725 0.885455 0.000000
vn -0.663129 0.748506 0.000000
vn -0.663129 0.748506 0.000000
vn -0.822981 0.568069 0.000000
vn -0.822981 0.568069 0.000000
vn -0.935015 0.354609 0.000000
vn -0.935015 0.354609 0.000000
vn -0.992709 0.120538 0.000000
vn -0.992709 0.120538 0.000000
vn -0.992709 -0.120538 -0.000000
vn -0.992709 -0.120538 0.000000
vn -0.935018 -0.354600 0.000000
vn -0.935018 -0.354600 -0.000000
vn -0.822984 -0.568065 0.000000
vn -0.822984 -0.568065 -0.000000
vn -0.663122 -0.748511 0.000000
vn -0.663122 -0.748511 -0.000000
vn -0.464718 -0.885459 0.000000
vn -0.464718 -0.885459 -0.000000
vn -0.239319 -0.970941 0.000000
vn -0.239319 -0.970941 -0.000000
vn 0.000000 -1.000000 0.000000
vn 0.239319 -0.970941 0.000000
vn -0.000000 -1.000000 -0.000000
vn 0.239319 -0.970941 0.000000
vn 0.464718 -0.885459 0.000000
vn 0.464718 -0.885459 0.000000
vn 0.663122 -0.748511 0.000000
vn 0.663122 -0.748511 0.000000
vn 0.822984 -0.568065 0.000000
vn 0.822984 -0.568065 0.000000
vn 0.935018 -0.354600 0.000000
vn 0.935018 -0.354600 0.000000
vn 0.992709 -0.120538 0.000000
vn 0.992709 -0.120538 0.000000
vn 0.992709 0.120538 0.000000
vn 0.992709 0.120538 0.000000
vn 0.935018 0.354600 0.000000
vn 0.935018 0.354600 0.000000
vn 0.822984 0.568065 0.000000
vn 0.822984 0.568065 0.000000
vn 0.663122 0.748511 0.000000
vn 0.663122 0.748511 0.000000
vn 0.464718 0.885459 0.000000
vn 0.464718 0.885459 0.000000
vn 0.239319 0.970941 0.000000
vn 0.239319 0.970941 0.000000
vn -0.000000 1.000000 0.000000
vn 0.000000 1.000000 0.000000
vn -0.239319 0.970941 0.000000
vn -0.239319 0.970941 0.000000
vn -0.464718 0.885459 0.000000
vn -0.464718 0.885459 0.000000
vn -0.663122 0.748511 0.000000
vn -0.663122 0.748511 0.000000
vn -0.822984 0.568065 0.000000
vn -0.822984 0.568065 0.000000
vn -0.935018 0.354600 0.000000
vn -0.935018 0.354600 0.000000
vn -0.992709 0.120538 0.000000
vn -0.992709 0.120538 0.000000
vn -0.992709 -0.120538 -0.000000
vn -0.992709 -0.120538 0.000000
vn -0.935018 -0.354600 0.000000
vn -0.935018 -0.354600 -0.000000
vn -0.822984 -0.568065 0.000000
vn -0.822984 -0.568065 -0.000000
vn -0.663122 -0.748511 0.000000
vn -0.663122 -0.748511 -0.000000
vn -0.464718 -0.885459 0.000000
vn -0.464718 -0.885459 -0.000000
vn -0.239319 -0.970941 0.000000
vn -0.239319 -0.970941 -0.000000
vn 0.000000 -1.000000 0.000000
vn 0.239319 -0.970941 0.000000
vn -0.000000 -1.000000 -0.000000
vn 0.239319 -0.970941 0.000000
vn 0.464718 -0.885459 0.000000
vn 0.464718 -0.885459 0.000000
vn 0.663122 -0.748511 0.000000
vn 0.663122 -0.748511 0.000000
vn 0.822984 -0.568065 0.000000
vn 0.822984 -0.568065 0.000000
vn 0.935018 -0.354600 0.000000
vn 0.935018 -0.354600 0.000000
vn 0.992709 -0.120538 0.000000
vn 0.992709 -0.120538 0.000000
vn 0.992709 0.120538 0.000000
vn 0.992709 0.120538 0.000000
vn 0.935018 0.354600 0.000000
vn 0.935018 0.354600 0.000000
vn 0.822984 0.568065 0.000000
vn 0.822984 0.568065 0.000000
vn 0.663122 0.748511 0.000000
vn 0.663122 0.748511 0.000000
vn 0.464718 0.885459 0.000000
vn 0.464718 0.885459 0.000000
vn 0.239319 0.970941 0.000000
vn 0.239319 0.970941 0.000000
vn -0.000000 1.000000 0.000000
vn 0.000000 1.000000 0.000000
vn -0.239319 0.970941 0.000000
vn -0.239319 0.970941 0.000000
vn -0.464718 0.885459 0.000000
vn -0.464718 0.885459 0.000000
vn -0.663122 0.748511 0.000000
vn -0.663122 0.748511 0.000000
vn -0.822984 0.568065 0.000000
vn -0.822984 0.568065 0.000000
vn -0.935018 0.354600 0.000000
vn -0.935018 0.354600 0.000000
vn -0.992709 0.120538 0.000000
vn -0.992709 0.120538 0.000000
vn -0.992709 -0.120538 -0.000000
vn -0.992709 -0.120538 0.000000
vn -0.935015 -0.354608 0.000000
vn -0.935015 -0.354608 -0.000000
vn -0.822980 -0.568071 0.000000
vn -0.822980 -0.568071 -0.000000
vn -0.663131 -0.748503 0.000000
vn -0.663131 -0.748503 -0.000000
vn -0.464718 -0.885459 0.000000
vn -0.464718 -0.885459 -0.000000
vn -0.239319 -0.970941 0.000000
vn -0.239319 -0.970941 -0.000000
vn 0.000000 -1.000000 0.000000
vn 0.239319 -0.970941 0.000000
vn -0.000000 -1.000000 -0.000000
vn 0.239319 -0.970941 0.000000
vn 0.464718 -0.885459 0.000000
vn 0.464718 -0.885459 0.000000
vn 0.663131 -0.748503 0.000000
vn 0.663131 -0.748503 0.000000
vn 0.822980 -0.568071 0.000000
vn 0.822980 -0.568071 0.000000
vn 0.935015 -0.354608 0.000000
vn 0.935015 -0.354608 0.000000
vn 0.992709 -0.120538 0.000000
vn 0.992709 -0.120538 0.000000
vn 0.992709 0.120538 0.000000
vn 0.992709 0.120538 0.000000
vn 0.935015 0.354608 0.000000
vn 0.935015 0.354608 0.000000
vn 0.822980 0.568071 0.000000
vn 0.822980 0.568071 0.000000
vn 0.663131 0.748503 0.000000
vn 0.663131 0.748503 0.000000
vn 0.464718 0.885459 0.000000
vn 0.464718 0.885459 0.000000
vn 0.239319 0.970941 0.000000
vn 0.239319 0.970941 0.000000
vn -0.000000 1.000000 0.000000
vn 0.000000 1.000000 0.000000
vn -0.239319 0.970941 0.000000
vn -0.239319 0.970941 0.000000
vn -0.464718 0.885459 0.000000
vn -0.464718 0.885459 0.000000
vn -0.663131 0.748503 0.000000
vn -0.663131 0.748503 0.000000
vn -0.822980 0.568071 0.000000
vn -0.822980 0.568071 0.000000
vn -0.935015 0.354608 0.000000
vn -0.935015 0.354608 0.000000
vn -0.992709 0.120538 0.000000
vn -0.992709 0.120538 0.000000
f 1//1 2//1 3//1
f 1//2 4//2 2//2
f 5//3 1//3 6//3
f 6//4 1//4 3//4
f 4//5 7//5 2//5
f 2//6 7//6 8//6
f 9//7 10//7 1//7
f 1//8 11//8 9//8
f 10//9 12//9 1//9
f 1//10 13//10 11//10
f 12//11 14//11 1//11
f 1//12 15//12 13//12
f 14//13 16//13 1//13
f 1//14 17//14 15//14
f 16//15 18//15 1//15
f 19//16 20//16 21//16
f 21//17 22//17 23//17
f 20//18 22//18 21//18
f 17//19 24//19 19//19
f 19//20 24//20 20//20
f 23//21 25//21 26//21
f 22//22 25//22 23//22
f 1//23 27//23 17//23
f 17//24 27//24 24//24
f 26//25 28//25 29//25
f 25//26 28//26 26//26
f 1//27 30//27 27//27
f 28//28 31//28 29//28
f 29//29 31//29 32//29
f 32//30 33//30 34//30
f 31//31 33//31 32//31
f 35//32 36//32 37//32
f 34//33 36//33 35//33
f 33//34 36//34 34//34
f 38//35 39//35 40//35
f 40//36 41//36 42//36
f 39//37 41//37 40//37
f 38//38 43//38 39//38
f 36//39 44//39 37//39
f 42//40 45//40 18//40
f 41//41 45//41 42//41
f 18//42 45//42 1//42
f 46//43 47//43 38//43
f 38//44 47//44 43//44
f 45//45 48//45 1//45
f 49//46 50//46 46//46
f 46//47 50//47 47//47
f 48//48 51//48 1//48
f 52//49 53//49 49//49
f 49//50 53//50 50//50
f 54//51 55//51 52//51
f 52//52 55//52 53//52
f 54//53 56//53 55//53
f 37//54 56//54 54//54
f 57//55 58//55 59//55
f 58//56 60//56 59//56
f 61//57 62//57 57//57
f 57//58 62//58 58//58
f 59//59 63//59 64//59
f 60//60 63//60 59//60
f 65//61 66//61 61//61
f 61//62 66//62 62//62
f 64//63 67//63 68//63
f 63//64 67//64 64//64
f 68//65 69//65 70//65
f 67//66 69//66 68//66
f 69//67 71//67 70//67
f 70//68 71//68 72//68
f 73//69 74//69 75//69
f 72//70 74//70 73//70
f 71//71 74//71 72//71
f 37//72 76//72 56//72
f 56//73 76//73 77//73
f 44//74 76//74 37//74
f 76//75 78//75 77//75
f 79//76 80//76 44//76
f 44//77 80//77 76//77
f 74//78 81//78 75//78
f 77//79 82//79 83//79
f 78//80 82//80 77//80
f 79//81 84//81 80//81
f 85//82 84//82 79//82
f 86//83 84//83 85//83
f 82//84 87//84 83//84
f 83//85 87//85 88//85
f 86//86 89//86 84//86
f 90//87 89//87 86//87
f 88//88 91//88 92//88
f 87//89 91//89 88//89
f 90//90 93//90 89//90
f 92//91 94//91 95//91
f 91//92 94//92 92//92
f 90//93 96//93 93//93
f 97//94 96//94 90//94
f 95//95 98//95 99//95
f 94//96 98//96 95//96
f 75//97 100//97 97//97
f 97//98 100//98 96//98
f 101//99 102//99 103//99
f 102//100 104//100 103//100
f 101//101 105//101 102//101
f 106//102 105//102 101//102
f 107//103 105//103 106//103
f 99//104 108//104 109//104
f 98//105 108//105 99//105
f 104//106 110//106 103//106
f 103//107 110//107 111//107
f 107//108 112//108 105//108
f 30//109 5//109 65//109
f 1//110 5//110 30//110
f 65//111 5//111 66//111
f 113//112 5//112 114//112
f 115//113 5//113 113//113
f 116//114 5//114 115//114
f 117//115 5//115 116//115
f 118//116 5//116 117//116
f 119//117 5//117 118//117
f 120//118 5//118 119//118
f 121//119 5//119 120//119
f 66//120 5//120 121//120
f 110//121 122//121 111//121
f 111//122 122//122 51//122
f 51//123 122//123 1//123
f 123//124 124//124 107//124
f 107//125 124//125 112//125
f 122//126 125//126 1//126
f 123//127 126//127 124//127
f 127//128 126//128 123//128
f 127//129 128//129 126//129
f 129//130 128//130 127//130
f 129//131 130//131 128//131
f 109//132 130//132 129//132
f 75//133 131//133 100//133
f 81//134 131//134 75//134
f 131//135 132//135 100//135
f 133//136 132//136 134//136
f 100//137 132//137 133//137
f 81//138 135//138 131//138
f 136//139 135//139 81//139
f 132//140 137//140 134//140
f 138//141 139//141 136//141
f 136//142 139//142 135//142
f 137//143 140//143 134//143
f 134//144 140//144 141//144
f 142//145 143//145 138//145
f 138//146 143//146 139//146
f 140//147 144//147 141//147
f 145//148 144//148 146//148
f 141//149 144//149 145//149
f 142//150 147//150 143//150
f 148//151 147//151 142//151
f 144//152 149//152 146//152
f 148//153 150//153 147//153
f 151//154 150//154 148//154
f 149//155 152//155 146//155
f 153//156 152//156 154//156
f 146//157 152//157 153//157
f 151//158 155//158 150//158
f 156//159 155//159 151//159
f 108//160 157//160 109//160
f 109//161 157//161 130//161
f 157//162 158//162 130//162
f 130//163 158//163 159//163
f 108//164 160//164 157//164
f 161//165 160//165 108//165
f 162//166 160//166 161//166
f 152//167 163//167 154//167
f 158//168 164//168 159//168
f 159//169 164//169 165//169
f 162//170 166//170 160//170
f 156//171 167//171 155//171
f 168//172 167//172 156//172
f 164//173 169//173 165//173
f 170//174 169//174 171//174
f 165//175 169//175 170//175
f 162//176 172//176 166//176
f 173//177 172//177 162//177
f 169//178 174//178 171//178
f 5//179 175//179 114//179
f 168//180 175//180 167//180
f 114//181 175//181 168//181
f 173//182 176//182 172//182
f 177//183 176//183 173//183
f 174//184 178//184 171//184
f 171//185 178//185 179//185
f 5//186 180//186 175//186
f 177//187 181//187 176//187
f 182//188 181//188 177//188
f 5//189 183//189 180//189
f 184//190 185//190 186//190
f 179//191 185//191 184//191
f 178//192 185//192 179//192
f 154//193 187//193 182//193
f 182//194 187//194 181//194
f 188//195 189//195 190//195
f 190//196 189//196 191//196
f 190//197 192//197 188//197
f 193//198 192//198 190//198
f 194//199 192//199 193//199
f 185//200 195//200 186//200
f 189//201 196//201 191//201
f 191//202 196//202 197//202
f 194//203 198//203 192//203
f 197//204 199//204 125//204
f 196//205 199//205 197//205
f 200//206 201//206 202//206
f 202//207 201//207 194//207
f 194//208 201//208 198//208
f 200//209 203//209 201//209
f 200//210 204//210 203//210
f 205//211 204//211 200//211
f 186//212 204//212 205//212
f 186//213 206//213 204//213
f 195//214 206//214 186//214
f 163//215 207//215 154//215
f 154//216 207//216 187//216
f 207//217 208//217 187//217
f 187//218 208//218 209//218
f 163//219 210//219 207//219
f 211//220 210//220 163//220
f 212//221 210//221 211//221
f 209//222 213//222 214//222
f 208//223 213//223 209//223
f 212//224 215//224 210//224
f 216//225 217//225 218//225
f 214//226 217//226 216//226
f 213//227 217//227 214//227
f 219//228 220//228 221//228
f 221//229 220//229 212//229
f 212//230 220//230 215//230
f 218//231 222//231 223//231
f 217//232 222//232 218//232
f 219//233 224//233 220//233
f 222//234 225//234 223//234
f 226//235 227//235 219//235
f 219//236 227//236 224//236
f 228//237 229//237 230//237
f 223//238 229//238 228//238
f 225//239 229//239 223//239
f 231//240 232//240 226//240
f 233//241 232//241 231//241
f 226//242 232//242 227//242
f 195//243 234//243 206//243
f 235//244 236//244 237//244
f 206//245 236//245 235//245
f 234//246 236//246 206//246
f 195//247 238//247 234//247
f 239//248 238//248 195//248
f 240//249 238//249 239//249
f 229//250 241//250 230//250
f 236//251 242//251 237//251
f 240//252 243//252 238//252
f 233//253 244//253 232//253
f 237//254 245//254 246//254
f 242//255 245//255 237//255
f 247//256 248//256 249//256
f 249//257 248//257 240//257
f 240//258 248//258 243//258
f 245//259 250//259 246//259
f 246//260 250//260 251//260
f 252//261 253//261 233//261
f 183//262 253//262 252//262
f 233//263 253//263 244//263
f 247//264 254//264 248//264
f 250//265 255//265 251//265
f 251//266 255//266 256//266
f 183//267 257//267 253//267
f 258//268 259//268 247//268
f 230//269 259//269 258//269
f 247//270 259//270 254//270
f 255//271 260//271 256//271
f 256//272 260//272 261//272
f 230//273 262//273 259//273
f 263//274 264//274 265//274
f 266//275 264//275 263//275
f 267//276 268//276 263//276
f 269//277 268//277 267//277
f 263//278 268//278 266//278
f 260//279 270//279 261//279
f 261//280 270//280 271//280
f 265//281 272//281 273//281
f 264//282 272//282 265//282
f 269//283 274//283 268//283
f 275//284 4//284 199//284
f 273//285 4//285 275//285
f 125//286 4//286 1//286
f 272//287 4//287 273//287
f 199//288 4//288 125//288
f 272//289 276//289 4//289
f 277//290 278//290 269//290
f 269//291 278//291 274//291
f 276//292 279//292 4//292
f 277//293 280//293 278//293
f 281//294 280//294 277//294
f 279//295 282//295 4//295
f 281//296 283//296 280//296
f 284//297 283//297 281//297
f 282//298 285//298 4//298
f 284//299 286//299 283//299
f 271//300 286//300 284//300
f 285//301 287//301 4//301
f 287//302 288//302 4//302
f 288//303 289//303 4//303
f 289//304 290//304 4//304
f 290//305 291//305 4//305
f 230//306 292//306 262//306
f 262//307 292//307 293//307
f 241//308 292//308 230//308
f 292//309 294//309 293//309
f 241//310 295//310 292//310
f 296//311 295//311 241//311
f 294//312 297//312 293//312
f 298//313 297//313 299//313
f 293//314 297//314 298//314
f 296//315 300//315 295//315
f 301//316 300//316 296//316
f 297//317 302//317 299//317
f 299//318 302//318 303//318
f 304//319 305//319 306//319
f 301//320 305//320 300//320
f 306//321 305//321 301//321
f 302//322 307//322 303//322
f 304//323 308//323 305//323
f 307//324 309//324 303//324
f 303//325 309//325 310//325
f 311//326 312//326 304//326
f 313//327 312//327 311//327
f 304//328 312//328 308//328
f 309//329 314//329 310//329
f 315//330 314//330 316//330
f 310//331 314//331 315//331
f 317//332 318//332 313//332
f 313//333 318//333 312//333
f 271//334 319//334 286//334
f 270//335 319//335 271//335
f 286//336 320//336 321//336
f 319//337 320//337 286//337
f 270//338 322//338 319//338
f 323//339 322//339 270//339
f 314//340 324//340 316//340
f 320//341 325//341 321//341
f 326//342 325//342 327//342
f 321//343 325//343 326//343
f 323//344 328//344 322//344
f 329//345 328//345 323//345
f 317//346 330//346 318//346
f 327//347 331//347 332//347
f 325//348 331//348 327//348
f 329//349 333//349 328//349
f 334//350 333//350 329//350
f 332//351 335//351 336//351
f 331//352 335//352 332//352
f 337//353 338//353 317//353
f 339//354 338//354 337//354
f 317//355 338//355 330//355
f 334//356 340//356 333//356
f 341//357 340//357 334//357
f 336//358 342//358 343//358
f 335//359 342//359 336//359
f 339//360 344//360 338//360
f 345//361 346//361 341//361
f 341//362 346//362 340//362
f 342//363 347//363 343//363
f 345//364 348//364 346//364
f 316//365 348//365 345//365
f 343//366 349//366 350//366
f 347//367 349//367 343//367
f 351//368 352//368 291//368
f 350//369 352//369 351//369
f 349//370 352//370 350//370
f 291//371 353//371 4//371
f 352//372 353//372 291//372
f 353//373 354//373 4//373
f 324//374 355//374 316//374
f 356//375 355//375 324//375
f 316//376 355//376 348//376
f 355//377 357//377 348//377
f 348//378 357//378 358//378
f 359//379 360//379 356//379
f 356//380 360//380 355//380
f 357//381 361//381 358//381
f 362//382 361//382 363//382
f 358//383 361//383 362//383
f 359//384 364//384 360//384
f 361//385 365//385 363//385
f 363//386 365//386 366//386
f 359//387 367//387 364//387
f 368//388 367//388 359//388
f 365//389 369//389 366//389
f 366//390 369//390 370//390
f 371//391 372//391 368//391
f 368//392 372//392 367//392
f 369//393 373//393 370//393
f 370//394 373//394 374//394
f 371//395 375//395 372//395
f 376//396 375//396 371//396
f 373//397 377//397 374//397
f 378//398 379//398 376//398
f 376//399 379//399 375//399
f 377//400 380//400 374//400
f 374//401 380//401 381//401
f 378//402 382//402 379//402
f 383//403 382//403 378//403
f 384//404 382//404 383//404
f 380//405 385//405 381//405
f 386//406 385//406 387//406
f 381//407 385//407 386//407
f 384//408 388//408 382//408
f 385//409 389//409 387//409
f 354//410 7//410 4//410
f 390//411 7//411 384//411
f 344//412 7//412 390//412
f 384//413 7//413 388//413
f 389//414 7//414 387//414
f 391//415 7//415 392//415
f 393//416 7//416 391//416
f 394//417 7//417 393//417
f 395//418 7//418 394//418
f 396//419 7//419 395//419
f 397//420 7//420 396//420
f 398//421 7//421 397//421
f 388//422 7//422 398//422
f 387//423 7//423 354//423
f 392//424 7//424 389//424
f 5//425 7//425 183//425
f 183//426 7//426 257//426
f 257//427 7//427 339//427
f 339//428 7//428 344//428
f 399//429 400//429 3//429
f 401//430 3//430 400//430
f 402//431 399//431 3//431
f 403//432 3//432 401//432
f 404//433 402//433 3//433
f 405//434 3//434 403//434
f 406//435 404//435 3//435
f 407//436 3//436 405//436
f 408//437 406//437 3//437
f 409//438 410//438 411//438
f 412//439 411//439 413//439
f 412//440 409//440 411//440
f 414//441 407//441 410//441
f 414//442 410//442 409//442
f 415//443 413//443 416//443
f 415//444 412//444 413//444
f 417//445 3//445 407//445
f 417//446 407//446 414//446
f 418//447 416//447 419//447
f 418//448 415//448 416//448
f 420//449 3//449 417//449
f 421//450 418//450 419//450
f 421//451 419//451 422//451
f 423//452 422//452 424//452
f 423//453 421//453 422//453
f 425//454 426//454 427//454
f 425//455 424//455 426//455
f 425//456 423//456 424//456
f 428//457 429//457 430//457
f 431//458 428//458 430//458
f 431//459 430//459 432//459
f 433//460 429//460 428//460
f 434//461 425//461 427//461
f 435//462 432//462 408//462
f 435//463 431//463 432//463
f 435//464 408//464 3//464
f 436//465 437//465 429//465
f 436//466 429//466 433//466
f 438//467 435//467 3//467
f 439//468 437//468 436//468
f 439//469 440//469 437//469
f 441//470 438//470 3//470
f 442//471 443//471 440//471
f 442//472 440//472 439//472
f 444//473 445//473 443//473
f 444//474 443//474 442//474
f 446//475 427//475 445//475
f 446//476 445//476 444//476
f 447//477 448//477 449//477
f 450//478 447//478 449//478
f 451//479 448//479 447//479
f 451//480 452//480 448//480
f 453//481 450//481 449//481
f 453//482 449//482 454//482
f 455//483 452//483 451//483
f 455//484 456//484 452//484
f 457//485 453//485 454//485
f 457//486 454//486 458//486
f 459//487 458//487 460//487
f 459//488 457//488 458//488
f 461//489 459//489 460//489
f 461//490 460//490 462//490
f 463//491 464//491 465//491
f 463//492 462//492 464//492
f 463//493 461//493 462//493
f 466//494 446//494 467//494
f 466//495 434//495 427//495
f 466//496 427//496 446//496
f 468//497 466//497 467//497
f 469//498 434//498 466//498
f 469//499 470//499 434//499
f 471//500 463//500 465//500
f 472//501 468//501 467//501
f 472//502 467//502 473//502
f 474//503 470//503 469//503
f 474//504 475//504 470//504
f 474//505 476//505 475//505
f 477//506 473//506 478//506
f 477//507 472//507 473//507
f 479//508 480//508 476//508
f 479//509 476//509 474//509
f 481//510 478//510 482//510
f 481//511 477//511 478//511
f 483//512 480//512 479//512
f 484//513 482//513 485//513
f 484//514 481//514 482//514
f 486//515 480//515 483//515
f 486//516 487//516 480//516
f 488//517 485//517 489//517
f 488//518 484//518 485//518
f 490//519 487//519 486//519
f 490//520 465//520 487//520
f 491//521 492//521 493//521
f 494//522 491//522 493//522
f 495//523 492//523 491//523
f 495//524 496//524 492//524
f 495//525 497//525 496//525
f 498//526 489//526 499//526
f 498//527 488//527 489//527
f 500//528 494//528 493//528
f 500//529 493//529 501//529
f 502//530 497//530 495//530
f 6//531 3//531 420//531
f 6//532 456//532 455//532
f 6//533 503//533 504//533
f 6//534 420//534 456//534
f 6//535 505//535 503//535
f 6//536 506//536 505//536
f 6//537 507//537 506//537
f 6//538 508//538 507//538
f 6//539 509//539 508//539
f 6//540 510//540 509//540
f 6//541 511//541 510//541
f 6//542 455//542 511//542
f 512//543 500//543 501//543
f 512//544 501//544 441//544
f 512//545 441//545 3//545
f 513//546 497//546 502//546
f 513//547 514//547 497//547
f 515//548 512//548 3//548
f 516//549 514//549 513//549
f 516//550 517//550 514//550
f 518//551 519//551 517//551
f 518//552 517//552 516//552
f 520//553 519//553 518//553
f 520//554 499//554 519//554
f 521//555 465//555 490//555
f 521//556 471//556 465//556
f 522//557 521//557 490//557
f 522//558 523//558 524//558
f 522//559 490//559 523//559
f 525//560 471//560 521//560
f 525//561 526//561 471//561
f 527//562 522//562 524//562
f 528//563 526//563 525//563
f 528//564 529//564 526//564
f 530//565 527//565 524//565
f 530//566 524//566 531//566
f 532//567 529//567 528//567
f 532//568 533//568 529//568
f 534//569 530//569 531//569
f 534//570 535//570 536//570
f 534//571 531//571 535//571
f 537//572 533//572 532//572
f 537//573 538//573 533//573
f 539//574 534//574 536//574
f 540//575 538//575 537//575
f 540//576 541//576 538//576
f 542//577 539//577 536//577
f 542//578 543//578 544//578
f 542//579 536//579 543//579
f 545//580 546//580 541//580
f 545//581 541//581 540//581
f 547//582 499//582 520//582
f 547//583 498//583 499//583
f 548//584 520//584 549//584
f 548//585 547//585 520//585
f 550//586 551//586 498//586
f 550//587 552//587 551//587
f 550//588 498//588 547//588
f 553//589 542//589 544//589
f 554//590 549//590 555//590
f 554//591 548//591 549//591
f 556//592 552//592 550//592
f 557//593 546//593 545//593
f 557//594 558//594 546//594
f 559//595 560//595 561//595
f 559//596 555//596 560//596
f 559//597 554//597 555//597
f 562//598 563//598 552//598
f 562//599 552//599 556//599
f 564//600 559//600 561//600
f 565//601 6//601 504//601
f 565//602 558//602 557//602
f 565//603 504//603 558//603
f 566//604 563//604 562//604
f 566//605 567//605 563//605
f 568//606 564//606 561//606
f 568//607 561//607 569//607
f 570//608 6//608 565//608
f 571//609 567//609 566//609
f 571//610 572//610 567//610
f 573//611 6//611 570//611
f 574//612 568//612 569//612
f 574//613 575//613 576//613
f 574//614 569//614 575//614
f 577//615 572//615 571//615
f 577//616 544//616 572//616
f 578//617 579//617 580//617
f 578//618 581//618 579//618
f 582//619 583//619 579//619
f 582//620 584//620 583//620
f 582//621 579//621 581//621
f 585//622 574//622 576//622
f 586//623 580//623 587//623
f 586//624 578//624 580//624
f 588//625 584//625 582//625
f 589//626 587//626 515//626
f 589//627 586//627 587//627
f 590//628 591//628 592//628
f 590//629 592//629 584//629
f 590//630 584//630 588//630
f 593//631 591//631 590//631
f 594//632 595//632 591//632
f 594//633 576//633 595//633
f 594//634 591//634 593//634
f 596//635 585//635 576//635
f 596//636 576//636 594//636
f 597//637 553//637 544//637
f 597//638 544//638 577//638
f 598//639 597//639 577//639
f 598//640 577//640 599//640
f 600//641 601//641 553//641
f 600//642 602//642 601//642
f 600//643 553//643 597//643
f 603//644 598//644 599//644
f 603//645 599//645 604//645
f 605//646 602//646 600//646
f 606//647 603//647 604//647
f 606//648 607//648 608//648
f 606//649 604//649 607//649
f 609//650 610//650 602//650
f 609//651 602//651 605//651
f 609//652 611//652 610//652
f 612//653 606//653 608//653
f 612//654 608//654 613//654
f 614//655 611//655 609//655
f 615//656 612//656 613//656
f 616//657 611//657 614//657
f 616//658 617//658 611//658
f 618//659 615//659 613//659
f 618//660 619//660 620//660
f 618//661 613//661 619//661
f 621//662 617//662 616//662
f 621//663 622//663 617//663
f 621//664 623//664 622//664
f 624//665 585//665 596//665
f 625//666 626//666 627//666
f 625//667 596//667 626//667
f 625//668 624//668 596//668
f 628//669 629//669 585//669
f 628//670 630//670 629//670
f 628//671 585//671 624//671
f 631//672 618//672 620//672
f 632//673 625//673 627//673
f 633//674 630//674 628//674
f 634//675 623//675 621//675
f 635//676 627//676 636//676
f 635//677 632//677 627//677
f 637//678 638//678 630//678
f 637//679 630//679 633//679
f 637//680 639//680 638//680
f 640//681 636//681 641//681
f 640//682 635//682 636//682
f 642//683 623//683 634//683
f 642//684 643//684 623//684
f 642//685 573//685 643//685
f 644//686 639//686 637//686
f 645//687 641//687 646//687
f 645//688 640//688 641//688
f 647//689 573//689 642//689
f 648//690 639//690 644//690
f 648//691 649//691 639//691
f 648//692 620//692 649//692
f 650//693 646//693 651//693
f 650//694 645//694 646//694
f 652//695 620//695 648//695
f 653//696 654//696 655//696
f 653//697 655//697 656//697
f 657//698 655//698 654//698
f 657//699 658//699 655//699
f 657//700 659//700 658//700
f 660//701 650//701 651//701
f 660//702 651//702 661//702
f 662//703 653//703 656//703
f 662//704 656//704 663//704
f 664//705 659//705 657//705
f 2//706 662//706 663//706
f 2//707 515//707 3//707
f 2//708 665//708 589//708
f 2//709 663//709 665//709
f 2//710 589//710 515//710
f 666//711 662//711 2//711
f 667//712 659//712 664//712
f 667//713 668//713 659//713
f 669//714 666//714 2//714
f 670//715 671//715 668//715
f 670//716 668//716 667//716
f 672//717 669//717 2//717
f 673//718 674//718 671//718
f 673//719 671//719 670//719
f 675//720 672//720 2//720
f 676//721 661//721 674//721
f 676//722 674//722 673//722
f 677//723 675//723 2//723
f 678//724 677//724 2//724
f 679//725 678//725 2//725
f 680//726 679//726 2//726
f 681//727 680//727 2//727
f 682//728 652//728 683//728
f 682//729 620//729 652//729
f 682//730 631//730 620//730
f 684//731 682//731 683//731
f 685//732 631//732 682//732
f 685//733 686//733 631//733
f 687//734 688//734 689//734
f 687//735 683//735 688//735
f 687//736 684//736 683//736
f 690//737 691//737 686//737
f 690//738 686//738 685//738
f 692//739 687//739 689//739
f 692//740 689//740 693//740
f 694//741 695//741 696//741
f 694//742 691//742 690//742
f 694//743 696//743 691//743
f 697//744 692//744 693//744
f 698//745 695//745 694//745
f 699//746 697//746 693//746
f 699//747 693//747 700//747
f 701//748 702//748 695//748
f 701//749 703//749 702//749
f 701//750 695//750 698//750
f 704//751 705//751 706//751
f 704//752 700//752 705//752
f 704//753 699//753 700//753
f 707//754 708//754 703//754
f 707//755 703//755 701//755
f 709//756 660//756 661//756
f 709//757 661//757 676//757
f 710//758 709//758 676//758
f 710//759 676//759 711//759
f 712//760 660//760 709//760
f 712//761 713//761 660//761
f 714//762 704//762 706//762
f 715//763 710//763 711//763
f 715//764 716//764 717//764
f 715//765 711//765 716//765
f 718//766 713//766 712//766
f 718//767 719//767 713//767
f 720//768 708//768 707//768
f 721//769 715//769 717//769
f 721//770 717//770 722//770
f 723//771 719//771 718//771
f 723//772 724//772 719//772
f 725//773 721//773 722//773
f 725//774 722//774 726//774
f 727//775 728//775 708//775
f 727//776 729//776 728//776
f 727//777 708//777 720//777
f 730//778 731//778 724//778
f 730//779 724//779 723//779
f 732//780 726//780 733//780
f 732//781 725//781 726//781
f 734//782 729//782 727//782
f 735//783 736//783 731//783
f 735//784 731//784 730//784
f 737//785 732//785 733//785
f 738//786 706//786 736//786
f 738//787 736//787 735//787
f 739//788 737//788 733//788
f 739//789 733//789 740//789
f 741//790 742//790 681//790
f 741//791 740//791 742//791
f 741//792 739//792 740//792
f 743//793 681//793 2//793
f 743//794 741//794 681//794
f 744//795 743//795 2//795
f 745//796 714//796 706//796
f 745//797 746//797 714//797
f 745//798 706//798 738//798
f 747//799 738//799 748//799
f 747//800 745//800 738//800
f 749//801 746//801 745//801
f 749//802 750//802 746//802
f 751//803 747//803 748//803
f 751//804 752//804 753//804
f 751//805 748//805 752//805
f 754//806 750//806 749//806
f 755//807 753//807 756//807
f 755//808 751//808 753//808
f 757//809 758//809 750//809
f 757//810 750//810 754//810
f 759//811 755//811 756//811
f 759//812 756//812 760//812
f 761//813 758//813 757//813
f 761//814 762//814 758//814
f 763//815 759//815 760//815
f 763//816 760//816 764//816
f 765//817 762//817 761//817
f 765//818 766//818 762//818
f 767//819 763//819 764//819
f 768//820 766//820 765//820
f 768//821 769//821 766//821
f 770//822 767//822 764//822
f 770//823 764//823 771//823
f 772//824 773//824 769//824
f 772//825 769//825 768//825
f 772//826 774//826 773//826
f 775//827 770//827 771//827
f 775//828 776//828 777//828
f 775//829 771//829 776//829
f 778//830 774//830 772//830
f 779//831 775//831 777//831
f 8//832 744//832 2//832
f 8//833 774//833 778//833
f 8//834 777//834 744//834
f 8//835 780//835 774//835
f 8//836 734//836 780//836
f 8//837 779//837 777//837
f 8//838 781//838 782//838
f 8//839 783//839 781//839
f 8//840 784//840 783//840
f 8//841 785//841 784//841
f 8//842 786//842 785//842
f 8//843 787//843 786//843
f 8//844 788//844 787//844
f 8//845 778//845 788//845
f 8//846 782//846 779//846
f 8//847 6//847 573//847
f 8//848 573//848 647//848
f 8//849 647//849 729//849
f 8//850 729//850 734//850
f 7//851 6//851 8//851
f 7//852 5//852 6//852
f 440//853 443//853 49//853
f 49//854 443//854 52//854
f 52//855 445//855 54//855
f 443//856 445//856 52//856
f 54//857 427//857 37//857
f 445//858 427//858 54//858
f 37//859 426//859 35//859
f 427//860 426//860 37//860
f 35//861 424//861 34//861
f 426//862 424//862 35//862
f 34//863 422//863 32//863
f 424//864 422//864 34//864
f 32//865 419//865 29//865
f 29//866 419//866 26//866
f 422//867 419//867 32//867
f 419//868 416//868 26//868
f 26//869 413//869 23//869
f 416//870 413//870 26//870
f 23//871 411//871 21//871
f 413//872 411//872 23//872
f 21//873 410//873 19//873
f 411//874 410//874 21//874
f 410//875 407//875 19//875
f 19//876 407//876 17//876
f 407//877 405//877 17//877
f 17//878 405//878 15//878
f 405//879 403//879 15//879
f 15//880 403//880 13//880
f 403//881 401//881 13//881
f 13//882 401//882 11//882
f 401//883 400//883 11//883
f 11//884 400//884 9//884
f 400//885 399//885 9//885
f 9//886 399//886 10//886
f 399//887 402//887 10//887
f 10//888 402//888 12//888
f 402//889 404//889 12//889
f 12//890 404//890 14//890
f 404//891 406//891 14//891
f 14//892 406//892 16//892
f 16//893 406//893 18//893
f 406//894 408//894 18//894
f 408//895 432//895 18//895
f 18//896 432//896 42//896
f 432//897 430//897 42//897
f 42//898 430//898 40//898
f 40//899 429//899 38//899
f 430//900 429//900 40//900
f 38//901 429//901 46//901
f 429//902 437//902 46//902
f 46//903 440//903 49//903
f 437//904 440//904 46//904
f 514//905 517//905 123//905
f 123//906 517//906 127//906
f 127//907 519//907 129//907
f 517//908 519//908 127//908
f 129//909 499//909 109//909
f 519//910 499//910 129//910
f 109//911 489//911 99//911
f 499//912 489//912 109//912
f 99//913 485//913 95//913
f 489//914 485//914 99//914
f 95//915 482//915 92//915
f 485//916 482//916 95//916
f 92//917 478//917 88//917
f 88//918 478//918 83//918
f 482//919 478//919 92//919
f 478//920 473//920 83//920
f 83//921 467//921 77//921
f 473//922 467//922 83//922
f 77//923 446//923 56//923
f 467//924 446//924 77//924
f 56//925 444//925 55//925
f 446//926 444//926 56//926
f 444//927 442//927 55//927
f 55//928 442//928 53//928
f 442//929 439//929 53//929
f 53//930 439//930 50//930
f 439//931 436//931 50//931
f 50//932 436//932 47//932
f 436//933 433//933 47//933
f 47//934 433//934 43//934
f 433//935 428//935 43//935
f 43//936 428//936 39//936
f 428//937 431//937 39//937
f 39//938 431//938 41//938
f 431//939 435//939 41//939
f 41//940 435//940 45//940
f 435//941 438//941 45//941
f 45//942 438//942 48//942
f 438//943 441//943 48//943
f 48//944 441//944 51//944
f 51//945 441//945 111//945
f 441//946 501//946 111//946
f 501//947 493//947 111//947
f 111//948 493//948 103//948
f 493//949 492//949 103//949
f 103//950 492//950 101//950
f 101//951 496//951 106//951
f 492//952 496//952 101//952
f 106//953 496//953 107//953
f 496//954 497//954 107//954
f 107//955 514//955 123//955
f 497//956 514//956 107//956
f 592//957 591//957 202//957
f 202//958 591//958 200//958
f 200//959 595//959 205//959
f 591//960 595//960 200//960
f 205//961 576//961 186//961
f 595//962 576//962 205//962
f 186//963 575//963 184//963
f 576//964 575//964 186//964
f 184//965 569//965 179//965
f 575//966 569//966 184//966
f 179//967 561//967 171//967
f 569//968 561//968 179//968
f 171//969 560//969 170//969
f 170//970 560//970 165//970
f 561//971 560//971 171//971
f 560//972 555//972 165//972
f 165//973 549//973 159//973
f 555//974 549//974 165//974
f 159//975 520//975 130//975
f 549//976 520//976 159//976
f 130//977 518//977 128//977
f 520//978 518//978 130//978
f 518//979 516//979 128//979
f 128//980 516//980 126//980
f 516//981 513//981 126//981
f 126//982 513//982 124//982
f 513//983 502//983 124//983
f 124//984 502//984 112//984
f 502//985 495//985 112//985
f 112//986 495//986 105//986
f 495//987 491//987 105//987
f 105//988 491//988 102//988
f 491//989 494//989 102//989
f 102//990 494//990 104//990
f 494//991 500//991 104//991
f 104//992 500//992 110//992
f 500//993 512//993 110//993
f 110//994 512//994 122//994
f 512//995 515//995 122//995
f 122//996 515//996 125//996
f 125//997 515//997 197//997
f 515//998 587//998 197//998
f 587//999 580//999 197//999
f 197//1000 580//1000 191//1000
f 580//1001 579//1001 191//1001
f 191//1002 579//1002 190//1002
f 190//1003 583//1003 193//1003
f 579//1004 583//1004 190//1004
f 193//1005 583//1005 194//1005
f 583//1006 584//1006 194//1006
f 194//1007 592//1007 202//1007
f 584//1008 592//1008 194//1008
f 668//1009 671//1009 277//1009
f 277//1010 671//1010 281//1010
f 281//1011 674//1011 284//1011
f 671//1012 674//1012 281//1012
f 284//1013 661//1013 271//1013
f 674//1014 661//1014 284//1014
f 271//1015 651//1015 261//1015
f 661//1016 651//1016 271//1016
f 261//1017 646//1017 256//1017
f 651//1018 646//1018 261//1018
f 256//1019 641//1019 251//1019
f 646//1020 641//1020 256//1020
f 251//1021 636//1021 246//1021
f 246//1022 636//1022 237//1022
f 641//1023 636//1023 251//1023
f 636//1024 627//1024 237//1024
f 237//1025 626//1025 235//1025
f 627//1026 626//1026 237//1026
f 235//1027 596//1027 206//1027
f 626//1028 596//1028 235//1028
f 206//1029 594//1029 204//1029
f 596//1030 594//1030 206//1030
f 594//1031 593//1031 204//1031
f 204//1032 593//1032 203//1032
f 593//1033 590//1033 203//1033
f 203//1034 590//1034 201//1034
f 590//1035 588//1035 201//1035
f 201//1036 588//1036 198//1036
f 588//1037 582//1037 198//1037
f 198//1038 582//1038 192//1038
f 582//1039 581//1039 192//1039
f 192//1040 581//1040 188//1040
f 581//1041 578//1041 188//1041
f 188//1042 578//1042 189//1042
f 578//1043 586//1043 189//1043
f 189//1044 586//1044 196//1044
f 586//1045 589//1045 196//1045
f 196//1046 589//1046 199//1046
f 589//1047 665//1047 199//1047
f 199//1048 665//1048 275//1048
f 275//1049 665//1049 273//1049
f 665//1050 663//1050 273//1050
f 663//1051 656//1051 273//1051
f 273//1052 656//1052 265//1052
f 656//1053 655//1053 265//1053
f 265//1054 655//1054 263//1054
f 263//1055 658//1055 267//1055
f 655//1056 658//1056 263//1056
f 267//1057 658//1057 269//1057
f 658//1058 659//1058 269//1058
f 269//1059 668//1059 277//1059
f 659//1060 668//1060 269//1060
f 680//1061 681//1061 290//1061
f 290//1062 681//1062 291//1062
f 291//1063 742//1063 351//1063
f 681//1064 742//1064 291//1064
f 351//1065 740//1065 350//1065
f 742//1066 740//1066 351//1066
f 350//1067 733//1067 343//1067
f 740//1068 733//1068 350//1068
f 343//1069 726//1069 336//1069
f 733//1070 726//1070 343//1070
f 336//1071 722//1071 332//1071
f 726//1072 722//1072 336//1072
f 332//1073 717//1073 327//1073
f 327//1074 717//1074 326//1074
f 722//1075 717//1075 332//1075
f 717//1076 716//1076 326//1076
f 326//1077 711//1077 321//1077
f 716//1078 711//1078 326//1078
f 321//1079 676//1079 286//1079
f 711//1080 676//1080 321//1080
f 286//1081 673//1081 283//1081
f 676//1082 673//1082 286//1082
f 673//1083 670//1083 283//1083
f 283//1084 670//1084 280//1084
f 670//1085 667//1085 280//1085
f 280//1086 667//1086 278//1086
f 667//1087 664//1087 278//1087
f 278//1088 664//1088 274//1088
f 664//1089 657//1089 274//1089
f 274//1090 657//1090 268//1090
f 657//1091 654//1091 268//1091
f 268//1092 654//1092 266//1092
f 654//1093 653//1093 266//1093
f 266//1094 653//1094 264//1094
f 653//1095 662//1095 264//1095
f 264//1096 662//1096 272//1096
f 662//1097 666//1097 272//1097
f 272//1098 666//1098 276//1098
f 666//1099 669//1099 276//1099
f 276//1100 669//1100 279//1100
f 279//1101 669//1101 282//1101
f 669//1102 672//1102 282//1102
f 672//1103 675//1103 282//1103
f 282//1104 675//1104 285//1104
f 675//1105 677//1105 285//1105
f 285//1106 677//1106 287//1106
f 287//1107 678//1107 288//1107
f 677//1108 678//1108 287//1108
f 288//1109 678//1109 289//1109
f 678//1110 679//1110 289//1110
f 289//1111 680//1111 290//1111
f 679//1112 680//1112 289//1112
f 476//1113 480//1113 86//1113
f 86//1114 480//1114 90//1114
f 90//1115 487//1115 97//1115
f 480//1116 487//1116 90//1116
f 97//1117 465//1117 75//1117
f 487//1118 465//1118 97//1118
f 75//1119 464//1119 73//1119
f 465//1120 464//1120 75//1120
f 73//1121 462//1121 72//1121
f 464//1122 462//1122 73//1122
f 72//1123 460//1123 70//1123
f 462//1124 460//1124 72//1124
f 70//1125 458//1125 68//1125
f 68//1126 458//1126 64//1126
f 460//1127 458//1127 70//1127
f 458//1128 454//1128 64//1128
f 64//1129 449//1129 59//1129
f 454//1130 449//1130 64//1130
f 59//1131 448//1131 57//1131
f 449//1132 448//1132 59//1132
f 57//1133 452//1133 61//1133
f 448//1134 452//1134 57//1134
f 452//1135 456//1135 61//1135
f 61//1136 456//1136 65//1136
f 456//1137 420//1137 65//1137
f 65//1138 420//1138 30//1138
f 420//1139 417//1139 30//1139
f 30//1140 417//1140 27//1140
f 417//1141 414//1141 27//1141
f 27//1142 414//1142 24//1142
f 414//1143 409//1143 24//1143
f 24//1144 409//1144 20//1144
f 409//1145 412//1145 20//1145
f 20//1146 412//1146 22//1146
f 412//1147 415//1147 22//1147
f 22//1148 415//1148 25//1148
f 415//1149 418//1149 25//1149
f 25//1150 418//1150 28//1150
f 418//1151 421//1151 28//1151
f 28//1152 421//1152 31//1152
f 31//1153 421//1153 33//1153
f 421//1154 423//1154 33//1154
f 423//1155 425//1155 33//1155
f 33//1156 425//1156 36//1156
f 425//1157 434//1157 36//1157
f 36//1158 434//1158 44//1158
f 44//1159 470//1159 79//1159
f 434//1160 470//1160 44//1160
f 79//1161 470//1161 85//1161
f 470//1162 475//1162 85//1162
f 85//1163 476//1163 86//1163
f 475//1164 476//1164 85//1164
f 563//1165 567//1165 173//1165
f 173//1166 567//1166 177//1166
f 177//1167 572//1167 182//1167
f 567//1168 572//1168 177//1168
f 182//1169 544//1169 154//1169
f 572//1170 544//1170 182//1170
f 154//1171 543//1171 153//1171
f 544//1172 543//1172 154//1172
f 153//1173 536//1173 146//1173
f 543//1174 536//1174 153//1174
f 146//1175 535//1175 145//1175
f 536//1176 535//1176 146//1176
f 145//1177 531//1177 141//1177
f 141//1178 531//1178 134//1178
f 535//1179 531//1179 145//1179
f 531//1180 524//1180 134//1180
f 134//1181 523//1181 133//1181
f 524//1182 523//1182 134//1182
f 133//1183 490//1183 100//1183
f 523//1184 490//1184 133//1184
f 100//1185 486//1185 96//1185
f 490//1186 486//1186 100//1186
f 486//1187 483//1187 96//1187
f 96//1188 483//1188 93//1188
f 483//1189 479//1189 93//1189
f 93//1190 479//1190 89//1190
f 479//1191 474//1191 89//1191
f 89//1192 474//1192 84//1192
f 474//1193 469//1193 84//1193
f 84//1194 469//1194 80//1194
f 469//1195 466//1195 80//1195
f 80//1196 466//1196 76//1196
f 466//1197 468//1197 76//1197
f 76//1198 468//1198 78//1198
f 468//1199 472//1199 78//1199
f 78//1200 472//1200 82//1200
f 472//1201 477//1201 82//1201
f 82//1202 477//1202 87//1202
f 477//1203 481//1203 87//1203
f 87//1204 481//1204 91//1204
f 91//1205 481//1205 94//1205
f 481//1206 484//1206 94//1206
f 484//1207 488//1207 94//1207
f 94//1208 488//1208 98//1208
f 488//1209 498//1209 98//1209
f 98//1210 498//1210 108//1210
f 108//1211 551//1211 161//1211
f 498//1212 551//1212 108//1212
f 161//1213 551//1213 162//1213
f 551//1214 552//1214 162//1214
f 162//1215 563//1215 173//1215
f 552//1216 563//1216 162//1216
f 533//1217 538//1217 142//1217
f 142//1218 538//1218 148//1218
f 148//1219 541//1219 151//1219
f 538//1220 541//1220 148//1220
f 151//1221 546//1221 156//1221
f 541//1222 546//1222 151//1222
f 156//1223 558//1223 168//1223
f 546//1224 558//1224 156//1224
f 168//1225 504//1225 114//1225
f 558//1226 504//1226 168//1226
f 114//1227 503//1227 113//1227
f 504//1228 503//1228 114//1228
f 113//1229 505//1229 115//1229
f 115//1230 505//1230 116//1230
f 503//1231 505//1231 113//1231
f 505//1232 506//1232 116//1232
f 116//1233 507//1233 117//1233
f 506//1234 507//1234 116//1234
f 117//1235 508//1235 118//1235
f 507//1236 508//1236 117//1236
f 118//1237 509//1237 119//1237
f 508//1238 509//1238 118//1238
f 509//1239 510//1239 119//1239
f 119//1240 510//1240 120//1240
f 510//1241 511//1241 120//1241
f 120//1242 511//1242 121//1242
f 511//1243 455//1243 121//1243
f 121//1244 455//1244 66//1244
f 455//1245 451//1245 66//1245
f 66//1246 451//1246 62//1246
f 451//1247 447//1247 62//1247
f 62//1248 447//1248 58//1248
f 447//1249 450//1249 58//1249
f 58//1250 450//1250 60//1250
f 450//1251 453//1251 60//1251
f 60//1252 453//1252 63//1252
f 453//1253 457//1253 63//1253
f 63//1254 457//1254 67//1254
f 457//1255 459//1255 67//1255
f 67//1256 459//1256 69//1256
f 69//1257 459//1257 71//1257
f 459//1258 461//1258 71//1258
f 461//1259 463//1259 71//1259
f 71//1260 463//1260 74//1260
f 463//1261 471//1261 74//1261
f 74//1262 471//1262 81//1262
f 81//1263 526//1263 136//1263
f 471//1264 526//1264 81//1264
f 136//1265 526//1265 138//1265
f 526//1266 529//1266 138//1266
f 138//1267 533//1267 142//1267
f 529//1268 533//1268 138//1268
f 610//1269 611//1269 221//1269
f 221//1270 611//1270 219//1270
f 219//1271 617//1271 226//1271
f 611//1272 617//1272 219//1272
f 226//1273 622//1273 231//1273
f 617//1274 622//1274 226//1274
f 231//1275 623//1275 233//1275
f 622//1276 623//1276 231//1276
f 233//1277 643//1277 252//1277
f 623//1278 643//1278 233//1278
f 252//1279 573//1279 183//1279
f 643//1280 573//1280 252//1280
f 183//1281 570//1281 180//1281
f 180//1282 570//1282 175//1282
f 573//1283 570//1283 183//1283
f 570//1284 565//1284 175//1284
f 175//1285 557//1285 167//1285
f 565//1286 557//1286 175//1286
f 167//1287 545//1287 155//1287
f 557//1288 545//1288 167//1288
f 155//1289 540//1289 150//1289
f 545//1290 540//1290 155//1290
f 540//1291 537//1291 150//1291
f 150//1292 537//1292 147//1292
f 537//1293 532//1293 147//1293
f 147//1294 532//1294 143//1294
f 532//1295 528//1295 143//1295
f 143//1296 528//1296 139//1296
f 528//1297 525//1297 139//1297
f 139//1298 525//1298 135//1298
f 525//1299 521//1299 135//1299
f 135//1300 521//1300 131//1300
f 521//1301 522//1301 131//1301
f 131//1302 522//1302 132//1302
f 522//1303 527//1303 132//1303
f 132//1304 527//1304 137//1304
f 527//1305 530//1305 137//1305
f 137//1306 530//1306 140//1306
f 530//1307 534//1307 140//1307
f 140//1308 534//1308 144//1308
f 144//1309 534//1309 149//1309
f 534//1310 539//1310 149//1310
f 539//1311 542//1311 149//1311
f 149//1312 542//1312 152//1312
f 542//1313 553//1313 152//1313
f 152//1314 553//1314 163//1314
f 163//1315 601//1315 211//1315
f 553//1316 601//1316 163//1316
f 211//1317 601//1317 212//1317
f 601//1318 602//1318 212//1318
f 212//1319 610//1319 221//1319
f 602//1320 610//1320 212//1320
f 638//1321 639//1321 249//1321
f 249//1322 639//1322 247//1322
f 247//1323 649//1323 258//1323
f 639//1324 649//1324 247//1324
f 258//1325 620//1325 230//1325
f 649//1326 620//1326 258//1326
f 230//1327 619//1327 228//1327
f 620//1328 619//1328 230//1328
f 228//1329 613//1329 223//1329
f 619//1330 613//1330 228//1330
f 223//1331 608//1331 218//1331
f 613//1332 608//1332 223//1332
f 218//1333 607//1333 216//1333
f 216//1334 607//1334 214//1334
f 608//1335 607//1335 218//1335
f 607//1336 604//1336 214//1336
f 214//1337 599//1337 209//1337
f 604//1338 599//1338 214//1338
f 209//1339 577//1339 187//1339
f 599//1340 577//1340 209//1340
f 187//1341 571//1341 181//1341
f 577//1342 571//1342 187//1342
f 571//1343 566//1343 181//1343
f 181//1344 566//1344 176//1344
f 566//1345 562//1345 176//1345
f 176//1346 562//1346 172//1346
f 562//1347 556//1347 172//1347
f 172//1348 556//1348 166//1348
f 556//1349 550//1349 166//1349
f 166//1350 550//1350 160//1350
f 550//1351 547//1351 160//1351
f 160//1352 547//1352 157//1352
f 547//1353 548//1353 157//1353
f 157//1354 548//1354 158//1354
f 548//1355 554//1355 158//1355
f 158//1356 554//1356 164//1356
f 554//1357 559//1357 164//1357
f 164//1358 559//1358 169//1358
f 559//1359 564//1359 169//1359
f 169//1360 564//1360 174//1360
f 174//1361 564//1361 178//1361
f 564//1362 568//1362 178//1362
f 568//1363 574//1363 178//1363
f 178//1364 574//1364 185//1364
f 574//1365 585//1365 185//1365
f 185//1366 585//1366 195//1366
f 195//1367 629//1367 239//1367
f 585//1368 629//1368 195//1368
f 239//1369 629//1369 240//1369
f 629//1370 630//1370 240//1370
f 240//1371 638//1371 249//1371
f 630//1372 638//1372 240//1372
f 724//1373 731//1373 334//1373
f 334//1374 731//1374 341//1374
f 341//1375 736//1375 345//1375
f 731//1376 736//1376 341//1376
f 345//1377 706//1377 316//1377
f 736//1378 706//1378 345//1378
f 316//1379 705//1379 315//1379
f 706//1380 705//1380 316//1380
f 315//1381 700//1381 310//1381
f 705//1382 700//1382 315//1382
f 310//1383 693//1383 303//1383
f 700//1384 693//1384 310//1384
f 303//1385 689//1385 299//1385
f 299//1386 689//1386 298//1386
f 693//1387 689//1387 303//1387
f 689//1388 688//1388 298//1388
f 298//1389 683//1389 293//1389
f 688//1390 683//1390 298//1390
f 293//1391 652//1391 262//1391
f 683//1392 652//1392 293//1392
f 262//1393 648//1393 259//1393
f 652//1394 648//1394 262//1394
f 648//1395 644//1395 259//1395
f 259//1396 644//1396 254//1396
f 644//1397 637//1397 254//1397
f 254//1398 637//1398 248//1398
f 637//1399 633//1399 248//1399
f 248//1400 633//1400 243//1400
f 633//1401 628//1401 243//1401
f 243//1402 628//1402 238//1402
f 628//1403 624//1403 238//1403
f 238//1404 624//1404 234//1404
f 624//1405 625//1405 234//1405
f 234//1406 625//1406 236//1406
f 625//1407 632//1407 236//1407
f 236//1408 632//1408 242//1408
f 632//1409 635//1409 242//1409
f 242//1410 635//1410 245//1410
f 635//1411 640//1411 245//1411
f 245//1412 640//1412 250//1412
f 250//1413 640//1413 255//1413
f 640//1414 645//1414 255//1414
f 645//1415 650//1415 255//1415
f 255//1416 650//1416 260//1416
f 650//1417 660//1417 260//1417
f 260//1418 660//1418 270//1418
f 270//1419 713//1419 323//1419
f 660//1420 713//1420 270//1420
f 323//1421 713//1421 329//1421
f 713//1422 719//1422 329//1422
f 329//1423 724//1423 334//1423
f 719//1424 724//1424 329//1424
f 744//1425 777//1425 354//1425
f 354//1426 777//1426 387//1426
f 387//1427 776//1427 386//1427
f 777//1428 776//1428 387//1428
f 386//1429 771//1429 381//1429
f 776//1430 771//1430 386//1430
f 381//1431 764//1431 374//1431
f 771//1432 764//1432 381//1432
f 374//1433 760//1433 370//1433
f 764//1434 760//1434 374//1434
f 370//1435 756//1435 366//1435
f 760//1436 756//1436 370//1436
f 366//1437 753//1437 363//1437
f 363//1438 753//1438 362//1438
f 756//1439 753//1439 366//1439
f 753//1440 752//1440 362//1440
f 362//1441 748//1441 358//1441
f 752//1442 748//1442 362//1442
f 358//1443 738//1443 348//1443
f 748//1444 738//1444 358//1444
f 348//1445 735//1445 346//1445
f 738//1446 735//1446 348//1446
f 735//1447 730//1447 346//1447
f 346//1448 730//1448 340//1448
f 730//1449 723//1449 340//1449
f 340//1450 723//1450 333//1450
f 723//1451 718//1451 333//1451
f 333//1452 718//1452 328//1452
f 718//1453 712//1453 328//1453
f 328//1454 712//1454 322//1454
f 712//1455 709//1455 322//1455
f 322//1456 709//1456 319//1456
f 709//1457 710//1457 319//1457
f 319//1458 710//1458 320//1458
f 710//1459 715//1459 320//1459
f 320//1460 715//1460 325//1460
f 715//1461 721//1461 325//1461
f 325//1462 721//1462 331//1462
f 721//1463 725//1463 331//1463
f 331//1464 725//1464 335//1464
f 335//1465 725//1465 342//1465
f 725//1466 732//1466 342//1466
f 732//1467 737//1467 342//1467
f 342//1468 737//1468 347//1468
f 737//1469 739//1469 347//1469
f 347//1470 739//1470 349//1470
f 349//1471 741//1471 352//1471
f 739//1472 741//1472 349//1472
f 352//1473 741//1473 353//1473
f 741//1474 743//1474 353//1474
f 353//1475 744//1475 354//1475
f 743//1476 744//1476 353//1476
f 696//1477 695//1477 306//1477
f 306//1478 695//1478 304//1478
f 304//1479 702//1479 311//1479
f 695//1480 702//1480 304//1480
f 311//1481 703//1481 313//1481
f 702//1482 703//1482 311//1482
f 313//1483 708//1483 317//1483
f 703//1484 708//1484 313//1484
f 317//1485 728//1485 337//1485
f 708//1486 728//1486 317//1486
f 337//1487 729//1487 339//1487
f 728//1488 729//1488 337//1488
f 339//1489 647//1489 257//1489
f 257//1490 647//1490 253//1490
f 729//1491 647//1491 339//1491
f 647//1492 642//1492 253//1492
f 253//1493 634//1493 244//1493
f 642//1494 634//1494 253//1494
f 244//1495 621//1495 232//1495
f 634//1496 621//1496 244//1496
f 232//1497 616//1497 227//1497
f 621//1498 616//1498 232//1498
f 616//1499 614//1499 227//1499
f 227//1500 614//1500 224//1500
f 614//1501 609//1501 224//1501
f 224//1502 609//1502 220//1502
f 609//1503 605//1503 220//1503
f 220//1504 605//1504 215//1504
f 605//1505 600//1505 215//1505
f 215//1506 600//1506 210//1506
f 600//1507 597//1507 210//1507
f 210//1508 597//1508 207//1508
f 597//1509 598//1509 207//1509
f 207//1510 598//1510 208//1510
f 598//1511 603//1511 208//1511
f 208//1512 603//1512 213//1512
f 603//1513 606//1513 213//1513
f 213//1514 606//1514 217//1514
f 606//1515 612//1515 217//1515
f 217//1516 612//1516 222//1516
f 222//1517 612//1517 225//1517
f 612//1518 615//1518 225//1518
f 615//1519 618//1519 225//1519
f 225//1520 618//1520 229//1520
f 618//1521 631//1521 229//1521
f 229//1522 631//1522 241//1522
f 241//1523 686//1523 296//1523
f 631//1524 686//1524 241//1524
f 296//1525 686//1525 301//1525
f 686//1526 691//1526 301//1526
f 301//1527 696//1527 306//1527
f 691//1528 696//1528 301//1528
f 758//1529 762//1529 368//1529
f 368//1530 762//1530 371//1530
f 371//1531 766//1531 376//1531
f 762//1532 766//1532 371//1532
f 376//1533 769//1533 378//1533
f 766//1534 769//1534 376//1534
f 378//1535 773//1535 383//1535
f 769//1536 773//1536 378//1536
f 383//1537 774//1537 384//1537
f 773//1538 774//1538 383//1538
f 384//1539 780//1539 390//1539
f 774//1540 780//1540 384//1540
f 390//1541 734//1541 344//1541
f 344//1542 734//1542 338//1542
f 780//1543 734//1543 390//1543
f 734//1544 727//1544 338//1544
f 338//1545 720//1545 330//1545
f 727//1546 720//1546 338//1546
f 330//1547 707//1547 318//1547
f 720//1548 707//1548 330//1548
f 318//1549 701//1549 312//1549
f 707//1550 701//1550 318//1550
f 701//1551 698//1551 312//1551
f 312//1552 698//1552 308//1552
f 698//1553 694//1553 308//1553
f 308//1554 694//1554 305//1554
f 694//1555 690//1555 305//1555
f 305//1556 690//1556 300//1556
f 690//1557 685//1557 300//1557
f 300//1558 685//1558 295//1558
f 685//1559 682//1559 295//1559
f 295//1560 682//1560 292//1560
f 682//1561 684//1561 292//1561
f 292//1562 684//1562 294//1562
f 684//1563 687//1563 294//1563
f 294//1564 687//1564 297//1564
f 687//1565 692//1565 297//1565
f 297//1566 692//1566 302//1566
f 692//1567 697//1567 302//1567
f 302//1568 697//1568 307//1568
f 307//1569 697//1569 309//1569
f 697//1570 699//1570 309//1570
f 699//1571 704//1571 309//1571
f 309//1572 704//1572 314//1572
f 704//1573 714//1573 314//1573
f 314//1574 714//1574 324//1574
f 324//1575 746//1575 356//1575
f 714//1576 746//1576 324//1576
f 356//1577 746//1577 359//1577
f 746//1578 750//1578 359//1578
f 359//1579 758//1579 368//1579
f 750//1580 758//1580 359//1580
f 782//1581 781//1581 392//1581
f 392//1582 781//1582 391//1582
f 391//1583 783//1583 393//1583
f 781//1584 783//1584 391//1584
f 393//1585 784//1585 394//1585
f 783//1586 784//1586 393//1586
f 394//1587 785//1587 395//1587
f 784//1588 785//1588 394//1588
f 395//1589 786//1589 396//1589
f 785//1590 786//1590 395//1590
f 396//1591 787//1591 397//1591
f 786//1592 787//1592 396//1592
f 397//1593 788//1593 398//1593
f 398//1594 788//1594 388//1594
f 787//1595 788//1595 397//1595
f 788//1596 778//1596 388//1596
f 388//1597 772//1597 382//1597
f 778//1598 772//1598 388//1598
f 382//1599 768//1599 379//1599
f 772//1600 768//1600 382//1600
f 379//1601 765//1601 375//1601
f 768//1602 765//1602 379//1602
f 765//1603 761//1603 375//1603
f 375//1604 761//1604 372//1604
f 761//1605 757//1605 372//1605
f 372//1606 757//1606 367//1606
f 757//1607 754//1607 367//1607
f 367//1608 754//1608 364//1608
f 754//1609 749//1609 364//1609
f 364//1610 749//1610 360//1610
f 749//1611 745//1611 360//1611
f 360//1612 745//1612 355//1612
f 745//1613 747//1613 355//1613
f 355//1614 747//1614 357//1614
f 747//1615 751//1615 357//1615
f 357//1616 751//1616 361//1616
f 751//1617 755//1617 361//1617
f 361//1618 755//1618 365//1618
f 755//1619 759//1619 365//1619
f 365//1620 759//1620 369//1620
f 369//1621 759//1621 373//1621
f 759//1622 763//1622 373//1622
f 763//1623 767//1623 373//1623
f 373//1624 767//1624 377//1624
f 767//1625 770//1625 377//1625
f 377//1626 770//1626 380//1626
f 380//1627 775//1627 385//1627
f 770//1628 775//1628 380//1628
f 385//1629 775//1629 389//1629
f 775//1630 779//1630 389//1630
f 389//1631 782//1631 392//1631
f 779//1632 782//1632 389//1632
